data_uuid,id,archetype,source,narrative_text,detected_language_hints,fraud_vector_hint,record_timestamp,transaction_amount_usd,fee_amount_usd,sender_age,hour_of_day,day_of_week,day_of_week_name,days_since_last_txn,account_age_days,txn_count_30d,fraud_vector,language,instrument,is_fraud
e57e322c-035c-4729-905a-bc012963f137,synth_10658c9b5aa4,gig_worker,tabddpm_synthetic,,['en'],ATO,2024-12-10T23:00:00+00:00,5.0,0.0,18,23,6,Sunday,0,1,82,ATO,en,Bank debit card,0
44ae7a98-19f9-4fbf-a029-ca8fa3e997b0,synth_759d2eac995c,gig_worker,tabddpm_synthetic,,['en'],ATO,2024-05-27T23:09:00+00:00,6000.0,3000.0,45,23,0,Monday,0,1,100,ATO,en,Bank debit card,1
ba19e7a1-9c4d-4fd0-9829-1dfe65933063,synth_5dff1d028bd1,gig_worker,tabddpm_synthetic,,['en'],ATO,2024-04-07T10:10:00+00:00,244.86,17.13,29,10,1,Tuesday,90,1,0,ATO,en,Bank debit card,0
8b05b942-6764-4a54-97bc-3215f1ddc89d,synth_470161b87c3b,gig_worker,tabddpm_synthetic,,['en'],ATO,2024-04-12T15:41:00+00:00,189.04,0.0,45,15,3,Thursday,90,1,1,ATO,en,Bank debit card,0
f09de924-0903-4844-b2ea-9004335eeb8c,synth_eef64325571c,gig_worker,tabddpm_synthetic,,['en'],ATO,2024-10-15T23:29:00+00:00,5.0,0.0,39,23,6,Sunday,0,1,100,ATO,en,Bank debit card,1
cbe83c7a-874b-4fea-9850-53d395ea947a,synth_b8813f5ec4e7,gig_worker,tabddpm_synthetic,,['en'],ATO,2024-02-11T23:25:00+00:00,5.0,17.57,45,23,6,Sunday,4,1,59,ATO,en,Bank debit card,0
63cf6307-88b5-4b10-b8cc-0e269aad5f61,synth_918191e62d45,gig_worker,tabddpm_synthetic,,['en'],ATO,2024-08-08T08:52:00+00:00,250.41,0.0,45,8,5,Saturday,90,1,0,ATO,en,Bank debit card,0
1e17aebc-d7f0-4119-b304-5e3b84f1af6b,synth_2321df4ccbfc,gig_worker,tabddpm_synthetic,,['en'],ATO,2024-06-13T11:13:00+00:00,44.32,6.45,39,11,0,Monday,2,1769,4,ATO,en,Bank debit card,0
cdb1ce0e-e8df-450b-8621-0150cee678fb,synth_a9ae3800a592,gig_worker,tabddpm_synthetic,,['en'],ATO,2024-03-11T19:43:00+00:00,38.97,2.33,41,19,6,Sunday,0,1221,13,ATO,en,Bank debit card,0
f95065fa-a709-41bd-afb8-0323ade12cfa,synth_40d64e84d2ba,gig_worker,tabddpm_synthetic,,['en'],ATO,2024-12-07T05:55:00+00:00,190.11,11.87,45,5,0,Monday,1,1,27,ATO,en,Bank debit card,1
6ee59fab-1eb6-4b98-a401-87f9f23abc2d,synth_b8ec657ad086,gig_worker,tabddpm_synthetic,,['en'],ATO,2024-10-29T09:34:00+00:00,147.35,16.1,18,9,2,Wednesday,7,1,3,ATO,en,Bank debit card,0
33c75c63-8e59-4585-aa4b-4533ede49209,synth_a5d2c6ba4d07,gig_worker,tabddpm_synthetic,,['en'],ATO,2024-08-23T23:58:00+00:00,6000.0,3000.0,45,23,0,Monday,90,1,100,ATO,en,Bank debit card,0
ae180a84-3875-4b89-9702-70a4c8465c2c,synth_b49c72c82a71,gig_worker,tabddpm_synthetic,,['en'],ATO,2024-07-22T23:37:00+00:00,6000.0,3000.0,45,23,0,Monday,90,2000,100,ATO,en,Bank debit card,0
a7b9bccb-f300-4864-b543-a69c81c2b126,synth_b63842a82d0d,gig_worker,tabddpm_synthetic,,['en'],ATO,2024-05-11T23:23:00+00:00,6000.0,3000.0,45,23,0,Monday,90,2000,100,ATO,en,Bank debit card,0
301701a0-71e5-4f48-81c2-6ef7121f8079,synth_8ace37f3fb82,gig_worker,tabddpm_synthetic,,['en'],ATO,2024-05-27T17:49:00+00:00,411.81,7.13,40,17,2,Wednesday,89,1,5,ATO,en,Bank debit card,0
5847a6e4-b3ac-4c55-9cbe-36f87895a199,synth_5c635ed50f60,gig_worker,tabddpm_synthetic,,['en'],ATO,2024-06-27T23:09:00+00:00,5.0,0.0,21,23,6,Sunday,0,1,69,ATO,en,Bank debit card,0
e9a8ef24-dcdc-4d4e-bc20-62c9afabb59d,synth_0d3504403d5e,gig_worker,tabddpm_synthetic,,['en'],ATO,2024-04-16T08:39:00+00:00,431.99,0.0,43,8,0,Monday,90,1,0,ATO,en,Bank debit card,0
35f897c7-8b18-4178-a272-11410967ee66,synth_f03d46874c89,gig_worker,tabddpm_synthetic,,['en'],ATO,2024-05-07T23:53:00+00:00,6000.0,3000.0,45,23,0,Monday,90,2000,100,ATO,en,Bank debit card,0
f5ce7457-17e6-482c-9e1f-f62bcaeaa9f0,synth_541cb9f651b6,gig_worker,tabddpm_synthetic,,['en'],ATO,2024-05-25T00:03:00+00:00,1378.9,0.0,18,0,0,Monday,90,1,0,ATO,en,Bank debit card,0
c47a6c41-6ba7-407a-b998-ec2b2a2121e3,synth_39a89682aab8,gig_worker,tabddpm_synthetic,,['en'],ATO,2024-11-07T00:42:00+00:00,503.52,0.0,31,0,0,Monday,90,1,0,ATO,en,Bank debit card,0
4e5e32ab-67ef-4026-ba98-a281f0854ede,synth_3d5da49ac7c5,gig_worker,tabddpm_synthetic,,['en'],ATO,2024-07-20T23:01:00+00:00,5.0,0.0,45,23,6,Sunday,88,1297,0,ATO,en,Bank debit card,0
a7dcf7ba-43f2-45c2-909c-fd23f47900c6,synth_5d9a84c80a09,gig_worker,tabddpm_synthetic,,['en'],ATO,2024-03-05T02:31:00+00:00,46.93,0.0,45,2,0,Monday,90,1,0,ATO,en,Bank debit card,0
c460e7e8-246b-428b-9918-2d1a0af3c01e,synth_d0323aaa81a4,gig_worker,tabddpm_synthetic,,['en'],ATO,2024-02-14T09:49:00+00:00,464.24,3.41,40,9,3,Thursday,90,1,3,ATO,en,Bank debit card,0
ab7ad827-b9ad-4230-b509-5c0c9a8ab905,synth_2414265883dd,gig_worker,tabddpm_synthetic,,['en'],ATO,2024-02-07T09:19:00+00:00,54.58,9.48,29,9,0,Monday,5,1737,1,ATO,en,Bank debit card,0
92a91ecf-fe8e-4c29-94b5-4a9ad157081d,synth_f08f97cf2b7a,gig_worker,tabddpm_synthetic,,['en'],ATO,2024-01-17T23:21:00+00:00,6000.0,3000.0,45,23,0,Monday,90,2000,100,ATO,en,Bank debit card,0
050f9e01-9760-44e9-ad64-15b1bc5756c3,synth_8a2acfa294fe,gig_worker,tabddpm_synthetic,,['en'],ATO,2024-12-07T23:48:00+00:00,537.47,38.25,18,23,1,Tuesday,68,1,0,ATO,en,Bank debit card,0
243247f3-1154-44bf-b9b2-b74007ad5511,synth_7cc15ab62592,gig_worker,tabddpm_synthetic,,['en'],ATO,2024-05-17T11:57:00+00:00,450.52,14.0,38,11,3,Thursday,90,1,4,ATO,en,Bank debit card,0
dadf2f3e-09f6-4231-99c1-a97930a76a50,synth_01693166a3e1,gig_worker,tabddpm_synthetic,,['en'],ATO,2024-03-20T23:48:00+00:00,6000.0,3000.0,45,23,0,Monday,0,1,100,ATO,en,Bank debit card,1
b8df9859-7656-442c-b765-ed1b2b1e1bc0,synth_445ed9d0f30c,gig_worker,tabddpm_synthetic,,['en'],ATO,2024-09-02T23:24:00+00:00,5.0,0.3,45,23,5,Saturday,37,1,21,ATO,en,Bank debit card,0
dd0c2ec5-5047-4a17-bd24-c8808f92b9e2,synth_1a81cdb8954c,gig_worker,tabddpm_synthetic,,['en'],ATO,2024-03-26T23:53:00+00:00,535.1,39.38,33,23,6,Sunday,21,1,10,ATO,en,Bank debit card,0
9584fe52-95df-4d92-885c-667e0b9a8c44,synth_c17818b3861b,gig_worker,tabddpm_synthetic,,['en'],ATO,2024-12-20T07:58:00+00:00,163.44,3.47,45,7,0,Monday,90,1,0,ATO,en,Bank debit card,0
c9103c6d-11df-45b7-8c41-2033f8812b16,synth_ed9b05ffb042,gig_worker,tabddpm_synthetic,,['en'],ATO,2024-05-20T06:02:00+00:00,62.37,0.0,40,6,0,Monday,90,1,0,ATO,en,Bank debit card,0
80e3f382-c677-43dd-9727-8a983741d416,synth_80f348d3079e,gig_worker,tabddpm_synthetic,,['en'],ATO,2024-06-10T19:03:00+00:00,81.62,0.0,19,19,6,Sunday,7,479,4,ATO,en,Bank debit card,0
151f5c52-8af6-4911-a1bc-b9f2cd54ff63,synth_db5e80728c41,gig_worker,tabddpm_synthetic,,['en'],ATO,2024-08-11T18:08:00+00:00,498.51,36.2,22,18,4,Friday,42,1,0,ATO,en,Bank debit card,0
783236a1-5d27-413f-911d-c5dd108a3b01,synth_3bccdf711ab0,gig_worker,tabddpm_synthetic,,['en'],ATO,2024-05-26T12:22:00+00:00,46.63,7.52,45,12,3,Thursday,13,1961,3,ATO,en,Bank debit card,0
0bcc9f8b-0357-4b6f-883e-7b8d6283e273,synth_105a52d2f6de,gig_worker,tabddpm_synthetic,,['en'],ATO,2024-08-10T23:19:00+00:00,187.87,10.75,25,23,6,Sunday,0,350,1,ATO,en,Bank debit card,0
6c8a2d61-119b-4701-bf4d-d8b193035f66,synth_c3bcd894dd14,gig_worker,tabddpm_synthetic,,['en'],ATO,2024-08-04T00:45:00+00:00,659.03,0.0,24,0,0,Monday,90,1,0,ATO,en,Bank debit card,0
344dcb01-b35f-40d3-9fc9-d9141e9c85ff,synth_cafb0822ef5a,gig_worker,tabddpm_synthetic,,['en'],ATO,2024-06-09T10:14:00+00:00,5.0,0.95,40,10,6,Sunday,4,1968,0,ATO,en,Bank debit card,0
2a38e49e-0a10-44cc-a1a2-918861200378,synth_546bd6383209,gig_worker,tabddpm_synthetic,,['en'],ATO,2024-10-28T16:03:00+00:00,40.04,0.0,45,16,3,Thursday,90,1,3,ATO,en,Bank debit card,0
c8a3579c-c2c5-4364-bf6d-40bd452b7ae8,synth_c0573e40a7ef,gig_worker,tabddpm_synthetic,,['en'],ATO,2024-02-06T23:57:00+00:00,5.0,0.0,18,23,6,Sunday,0,1,96,ATO,en,Bank debit card,0
b80ebe68-c973-422f-9144-dca87ffccafc,synth_ab72cbe0b312,gig_worker,tabddpm_synthetic,,['en'],ATO,2024-05-09T00:20:00+00:00,5.0,5.94,38,0,0,Monday,0,584,7,ATO,en,Bank debit card,0
27e29380-d1a1-4e61-8f73-ecf319747d1c,synth_c1ce40525d23,gig_worker,tabddpm_synthetic,,['en'],ATO,2024-10-06T11:59:00+00:00,129.21,10.96,18,11,5,Saturday,13,1,0,ATO,en,Bank debit card,0
e7d22b4c-a62b-47ed-a983-097481f7798b,synth_d080b9e603c4,gig_worker,tabddpm_synthetic,,['en'],ATO,2024-12-13T23:02:00+00:00,6000.0,3000.0,45,23,0,Monday,90,2000,100,ATO,en,Bank debit card,0
017257eb-a018-4b5e-a46e-f1a463443950,synth_53f3321b9e3b,gig_worker,tabddpm_synthetic,,['en'],ATO,2024-07-19T12:11:00+00:00,180.87,12.29,45,12,0,Monday,90,1,3,ATO,en,Bank debit card,0
6006e409-f074-4d1a-a7ff-3a6767c07f41,synth_700e4a7544f5,gig_worker,tabddpm_synthetic,,['en'],ATO,2024-07-22T00:55:00+00:00,1027.58,0.0,45,0,0,Monday,90,1,0,ATO,en,Bank debit card,0
d825e628-7734-4ffc-9f54-6988fb8e8ad5,synth_d16e6de60f5f,gig_worker,tabddpm_synthetic,,['es'],ATO,2024-09-17T12:41:00+00:00,28.88,12.28,31,12,0,Monday,4,1903,3,ATO,es,Bank debit card,0
7bd7cf32-8aaa-47ac-b0a0-bb5102a9e447,synth_d3e7801b2381,gig_worker,tabddpm_synthetic,,['en'],ATO,2024-08-21T23:11:00+00:00,5.0,14.55,32,23,6,Sunday,0,1,11,ATO,en,Bank debit card,0
c9d3a9fb-83f6-40a8-bf0d-481173d2b666,synth_8a2e6b692ecb,gig_worker,tabddpm_synthetic,,['en'],ATO,2024-10-05T16:33:00+00:00,98.33,5.11,39,16,0,Monday,30,1459,6,ATO,en,Bank debit card,0
0a8c3ec3-47ef-44b4-a8f6-9df5b4f263f5,synth_5e2c8201a0af,gig_worker,tabddpm_synthetic,,['en'],ATO,2024-09-08T00:03:00+00:00,412.88,0.0,45,0,0,Monday,90,1,0,ATO,en,Bank debit card,0
70218642-a3c9-4dfb-979e-dd847df6a596,synth_9edee6921884,gig_worker,tabddpm_synthetic,,['en'],ATO,2024-06-03T23:25:00+00:00,5.0,0.0,45,23,6,Sunday,79,1866,3,ATO,en,Bank debit card,0
8d25867a-dca1-4512-9d94-89a3a80e6cac,synth_4955f3e00222,gig_worker,tabddpm_synthetic,,['en'],ATO,2024-05-23T09:08:00+00:00,5.0,0.0,31,9,2,Wednesday,52,1,0,ATO,en,Bank debit card,0
cc22bfbc-d59e-43e6-a9df-2a7bf555d2aa,synth_18efaa6e60c0,gig_worker,tabddpm_synthetic,,['en'],ATO,2024-05-25T23:48:00+00:00,6000.0,3000.0,45,23,0,Monday,14,2000,100,ATO,en,Bank debit card,0
a737638d-406f-4d81-9c27-6b0013598ad6,synth_bdbf15b587d7,gig_worker,tabddpm_synthetic,,['en'],ATO,2024-01-25T12:40:00+00:00,364.82,43.8,21,12,0,Monday,12,1,33,ATO,en,Bank debit card,1
f933a0f1-cc06-4b89-ae33-b22c371ac61d,synth_e45d5d1746c8,gig_worker,tabddpm_synthetic,,['en'],ATO,2024-01-16T11:46:00+00:00,29.03,2.49,42,11,2,Wednesday,13,607,5,ATO,en,CashApp,0
1d27b94f-69b0-467a-82e3-e991f0eef7e1,synth_1eef9cf3ba02,gig_worker,tabddpm_synthetic,,['en'],ATO,2024-08-25T23:23:00+00:00,6000.0,3000.0,45,23,0,Monday,0,1,100,ATO,en,Bank debit card,0
2c9a847d-1da5-4b92-a696-47cdcfa236da,synth_b3c393c6146e,gig_worker,tabddpm_synthetic,,['en'],ATO,2024-07-22T23:49:00+00:00,49.15,4.57,45,23,2,Wednesday,37,1101,7,ATO,en,Bank debit card,0
3ee1c2dc-52c8-4260-84b8-e2ae6283b101,synth_2bbc28cabadd,gig_worker,tabddpm_synthetic,,['en'],ATO,2024-11-29T10:57:00+00:00,229.33,15.67,42,10,2,Wednesday,29,967,0,ATO,en,Bank debit card,0
9006d0fa-be06-46e4-8872-6aa3781f9b80,synth_9292c38b6a47,gig_worker,tabddpm_synthetic,,['en'],ATO,2024-03-04T23:49:00+00:00,6000.0,3000.0,45,23,0,Monday,90,2000,100,ATO,en,Bank debit card,1
dbadc288-66fa-4163-9278-0c31aa2010da,synth_2c414039d4e6,gig_worker,tabddpm_synthetic,,['en'],ATO,2024-12-22T16:20:00+00:00,5.0,0.0,25,16,1,Tuesday,0,1536,13,ATO,en,Bank debit card,0
39dc899e-bd4e-4a96-9c76-6d1c26ed60c5,synth_9131e4553753,gig_worker,tabddpm_synthetic,,['en'],ATO,2024-09-08T12:18:00+00:00,97.89,2.23,27,12,0,Monday,7,1321,6,ATO,en,Bank debit card,0
c8f8b357-4dc1-4a21-b7f1-57de28f76c34,synth_3079ea207716,gig_worker,tabddpm_synthetic,,['en'],ATO,2024-11-18T23:53:00+00:00,5.0,0.0,18,23,6,Sunday,0,1,49,ATO,en,Bank debit card,1
01458152-d02a-4330-ae57-91a0175a162e,synth_e80f33d1fca3,gig_worker,tabddpm_synthetic,,['en'],ATO,2024-10-11T22:07:00+00:00,222.55,10.63,31,22,3,Thursday,32,1,3,ATO,en,Bank debit card,0
9c14064f-2ab2-4915-904c-fb603fdb7c17,synth_c100740c7d74,gig_worker,tabddpm_synthetic,,['en'],ATO,2024-05-31T14:10:00+00:00,227.03,34.65,32,14,3,Thursday,10,695,6,ATO,en,Bank debit card,0
b8633478-fd8d-4cbc-adf5-f5f1ff9a5d69,synth_daf108d56d46,gig_worker,tabddpm_synthetic,,['en'],ATO,2024-07-31T05:23:00+00:00,5.0,0.0,45,5,2,Wednesday,90,1,0,ATO,en,Bank debit card,0
39579ee8-77b2-45c5-8659-041dd1e2430b,synth_2da2272198fd,gig_worker,tabddpm_synthetic,,['en'],ATO,2024-03-12T22:01:00+00:00,293.94,8.88,38,22,4,Friday,90,1,0,ATO,en,Bank debit card,0
d39cd76c-661d-4266-99f5-8b7860c4ea40,synth_3a41f1221aa5,gig_worker,tabddpm_synthetic,,['en'],ATO,2024-03-13T12:42:00+00:00,546.53,19.05,26,12,0,Monday,89,257,9,ATO,en,Bank debit card,0
ef3c43c9-55f1-4aa8-8a49-0c8376350605,synth_f083536d299f,gig_worker,tabddpm_synthetic,,['en'],ATO,2024-07-31T20:45:00+00:00,5.0,0.0,23,20,3,Thursday,17,1118,8,ATO,en,Bank debit card,0
02bc7bda-a014-457b-be97-d1963d064d8f,synth_fb8482180f9e,gig_worker,tabddpm_synthetic,,['en'],ATO,2024-03-22T13:00:00+00:00,5.0,4.73,43,13,2,Wednesday,3,1341,4,ATO,en,Bank debit card,0
1304e275-9609-4226-8e56-5c386a8a0e13,synth_b5ff8a04c645,gig_worker,tabddpm_synthetic,,['en'],ATO,2024-04-24T23:53:00+00:00,5.0,0.0,45,23,6,Sunday,0,1,100,ATO,en,Bank debit card,1
39db7cd5-ce75-414a-8ca4-9728f10710f0,synth_a8978d498a7c,gig_worker,tabddpm_synthetic,,['en'],ATO,2024-11-30T05:44:00+00:00,392.39,0.0,45,5,0,Monday,90,1,0,ATO,en,Bank debit card,0
8076f9c1-e271-4759-b161-9204eaf4c051,synth_91a8c51351e2,gig_worker,tabddpm_synthetic,,['en'],ATO,2024-12-01T23:06:00+00:00,3002.11,267.0,31,23,1,Tuesday,22,1,22,ATO,en,Bank debit card,0
af4c4502-70d5-44c4-b713-0618a1ccf6f4,synth_6d32b15c27ed,gig_worker,tabddpm_synthetic,,['en'],ATO,2024-06-02T19:07:00+00:00,6000.0,1338.02,45,19,0,Monday,0,526,38,ATO,en,Bank debit card,0
8fca4342-4d89-45ac-a022-aca39e7de030,synth_b8633d2aa8ef,gig_worker,tabddpm_synthetic,,['en'],ATO,2024-03-23T16:47:00+00:00,5.0,1.12,18,16,6,Sunday,63,1187,0,ATO,en,Bank debit card,0
95a13276-8107-4435-8576-8595758608a2,synth_e662bc560355,gig_worker,tabddpm_synthetic,,['en'],ATO,2024-02-20T00:31:00+00:00,127.18,11.98,45,0,2,Wednesday,12,417,6,ATO,en,Bank debit card,0
bf77e998-47b2-4e53-be55-e0046e944b77,synth_6952b3d31816,gig_worker,tabddpm_synthetic,,['en'],ATO,2024-04-11T23:57:00+00:00,5.0,0.0,45,23,6,Sunday,0,1,100,ATO,en,Bank debit card,1
ba9a70d4-91d5-4ef3-a040-7017750d817a,synth_113eac3ec28f,gig_worker,tabddpm_synthetic,,['en'],ATO,2024-07-27T12:51:00+00:00,193.49,8.39,38,12,0,Monday,90,1,2,ATO,en,Bank debit card,0
7fd0c3b1-cf86-492b-bad3-43a9911e263a,synth_89ed674da06e,gig_worker,tabddpm_synthetic,,['en'],ATO,2024-01-10T23:51:00+00:00,6000.0,2836.0,45,23,6,Sunday,0,1,100,ATO,en,Bank debit card,0
9d599953-d916-4829-bc4b-de3e334b5f5b,synth_e730bb89a231,gig_worker,tabddpm_synthetic,,['en'],ATO,2024-01-19T00:49:00+00:00,689.62,0.0,27,0,0,Monday,90,1,0,ATO,en,Bank debit card,0
0eddb425-8267-4ae2-a337-734ddc2bf3a9,synth_69e6da95e702,gig_worker,tabddpm_synthetic,,['en'],ATO,2024-11-27T20:26:00+00:00,150.41,0.0,41,20,0,Monday,69,8,0,ATO,en,Bank debit card,0
0ab757fc-5b91-4ae0-9cce-8ac5d61e6a27,synth_acae3d6f0c43,gig_worker,tabddpm_synthetic,,['en'],ATO,2024-01-13T11:00:00+00:00,5.0,2.21,35,11,0,Monday,44,1,2,ATO,en,Bank debit card,0
ab3778d8-62e8-46d6-b592-7830fa6830d4,synth_7a8071baf2fa,gig_worker,tabddpm_synthetic,,['en'],ATO,2024-04-24T23:52:00+00:00,4653.66,188.15,45,23,5,Saturday,12,1,61,ATO,en,Bank debit card,1
6af8f9d7-bb53-4f49-a4b1-efca189cddee,synth_15469a6382a7,gig_worker,tabddpm_synthetic,,['en'],ATO,2024-05-02T23:37:00+00:00,3585.16,108.87,43,23,3,Thursday,7,1,29,ATO,en,Bank debit card,0
b1383f3c-a152-4997-b0e7-1ef64dcf4a4e,synth_505c97ff7aeb,gig_worker,tabddpm_synthetic,,['en'],ATO,2024-04-25T00:58:00+00:00,585.47,0.0,37,0,0,Monday,90,1,0,ATO,en,Bank debit card,0
bca33b71-7568-4e96-9a0a-d6f19c70aef8,synth_29d6d830c2ad,gig_worker,tabddpm_synthetic,,['en'],ATO,2024-11-01T04:53:00+00:00,168.58,0.0,40,4,0,Monday,90,1,0,ATO,en,Bank debit card,0
9c2908cc-2992-4003-822c-f8b7f09503fa,synth_d16991b9bc80,gig_worker,tabddpm_synthetic,,['en'],ATO,2024-06-19T05:31:00+00:00,90.01,7.46,33,5,0,Monday,21,1,7,ATO,en,Bank debit card,0
ca906bd5-54a7-4e19-9428-64f834f27e3a,synth_e3ed14d9d9d7,gig_worker,tabddpm_synthetic,,['en'],ATO,2024-06-09T23:23:00+00:00,6000.0,866.56,45,23,0,Monday,38,1,50,ATO,en,Bank debit card,0
66ead7b8-ba26-4ab6-8897-2a2732cdf608,synth_be95e4a818b9,gig_worker,tabddpm_synthetic,,['en'],ATO,2024-04-14T11:13:00+00:00,5.0,5.37,45,11,2,Wednesday,7,1150,4,ATO,en,Bank debit card,0
fc46499f-6509-4bcf-88ef-75d086994e5d,synth_020adcbedd01,gig_worker,tabddpm_synthetic,,['en'],ATO,2024-11-08T18:59:00+00:00,70.32,1.31,20,18,3,Thursday,1,1,0,ATO,en,Bank debit card,0
474de19a-a21b-497e-85b6-fa53427ad73a,synth_a822b4ce73b8,gig_worker,tabddpm_synthetic,,['en'],ATO,2024-12-17T23:46:00+00:00,6000.0,3000.0,45,23,6,Sunday,0,1,100,ATO,en,Bank debit card,1
a74aff2b-c730-4055-9fec-6d0c773be91f,synth_e54ef32b834b,gig_worker,tabddpm_synthetic,,['en'],ATO,2024-01-24T06:11:00+00:00,5.0,0.0,45,6,2,Wednesday,5,1487,0,ATO,en,Bank debit card,0
f5f1f437-fb3c-42a5-978c-e1c462183e9f,synth_609b8654e011,gig_worker,tabddpm_synthetic,,['en'],ATO,2024-03-30T00:10:00+00:00,937.52,0.0,45,0,0,Monday,90,1,0,ATO,en,Bank debit card,0
c044c45c-b163-40ac-878b-a1a7316244b3,synth_700b9b47aa97,gig_worker,tabddpm_synthetic,,['en'],ATO,2024-10-03T14:15:00+00:00,1191.53,108.78,38,14,1,Tuesday,4,1274,12,ATO,en,Bank debit card,0
5fc98a57-1c6b-484d-ad77-369f504d74f3,synth_aa805188441c,gig_worker,tabddpm_synthetic,,['en'],ATO,2024-06-06T15:19:00+00:00,5.0,0.98,45,15,6,Sunday,13,2000,2,ATO,en,Bank debit card,0
8db2b6e9-a520-4f58-b888-1267890f5fc3,synth_1badc980991a,gig_worker,tabddpm_synthetic,,['en'],ATO,2024-12-13T23:18:00+00:00,5.0,0.0,45,23,6,Sunday,0,1,100,ATO,en,Bank debit card,1
54afceac-2c2c-4234-910f-72cb9fe3e1ec,synth_025017790571,gig_worker,tabddpm_synthetic,,['en'],ATO,2024-03-06T23:24:00+00:00,5.0,0.0,45,23,6,Sunday,0,1,100,ATO,en,Bank debit card,1
ab0db854-e521-46e2-a2d5-2cc67e6560d3,synth_c2004142ebe5,gig_worker,tabddpm_synthetic,,['en'],ATO,2024-04-03T23:14:00+00:00,6000.0,3000.0,45,23,0,Monday,0,1,100,ATO,en,Bank debit card,0
587bb65b-46ab-4df7-a6d6-fa5dca06a9a6,synth_e9d3f8a66b10,gig_worker,tabddpm_synthetic,,['en'],ATO,2024-12-14T07:28:00+00:00,185.98,12.29,41,7,4,Friday,32,1,1,ATO,en,Bank debit card,0
3f3b603d-8864-4ae2-ab75-85f6c8329a3d,synth_25f8631d418a,gig_worker,tabddpm_synthetic,,['en'],ATO,2024-10-23T00:02:00+00:00,1311.7,0.55,18,0,0,Monday,90,1,0,ATO,en,Bank debit card,1
6532dee3-4e4a-4970-b4e2-1a79a5a4e3c1,synth_2c8af08fa3c6,gig_worker,tabddpm_synthetic,,['en'],ATO,2024-06-25T23:58:00+00:00,6000.0,2076.83,45,23,0,Monday,6,1,63,ATO,en,Bank debit card,0
04ec3513-0afa-4cde-9fda-17e438af19c7,synth_02bfd89c9c65,gig_worker,tabddpm_synthetic,,['en'],ATO,2024-11-28T23:36:00+00:00,6000.0,3000.0,45,23,0,Monday,90,2000,100,ATO,en,Bank debit card,0
2b4e587c-604e-40be-945f-d72964c0984c,synth_cb8db4f2d838,gig_worker,tabddpm_synthetic,,['en'],ATO,2024-04-02T23:11:00+00:00,6000.0,3000.0,45,23,0,Monday,90,2000,100,ATO,en,Bank debit card,0
3059bda1-04e8-41ff-a69f-0888b4400748,synth_de6b5fa85e95,gig_worker,tabddpm_synthetic,,['en'],ATO,2024-10-04T00:02:00+00:00,1000.5,0.0,45,0,0,Monday,90,1,0,ATO,en,Bank debit card,0
a7103be5-e70b-4e6c-971b-231eb185286a,synth_32968ba1f03b,gig_worker,tabddpm_synthetic,,['en'],ATO,2024-11-06T23:51:00+00:00,6000.0,3000.0,45,23,0,Monday,90,2000,100,ATO,en,Bank debit card,0
6b44a2e0-be92-4eb8-ab27-3a26e41d336b,synth_93c6f41e81ae,gig_worker,tabddpm_synthetic,,['en'],ATO,2024-05-16T12:42:00+00:00,208.3,0.0,32,12,1,Tuesday,78,1424,7,ATO,en,Bank debit card,0
d32b64d9-0411-483f-88f4-4e25218fdf2c,synth_cd554545d98a,gig_worker,tabddpm_synthetic,,['en'],ATO,2024-02-24T14:50:00+00:00,181.91,6.52,44,14,0,Monday,15,1094,11,ATO,en,Bank debit card,0
fb8ba2b9-9ed2-40ce-b031-79beca813b9f,synth_5c1e0e2e2386,gig_worker,tabddpm_synthetic,,['en'],ATO,2024-06-08T11:25:00+00:00,177.32,25.29,31,11,3,Thursday,7,939,12,ATO,en,Bank debit card,0
d07b794b-0146-47f8-9968-b9f6e1afcb6d,synth_38e967f4b729,gig_worker,tabddpm_synthetic,,['en'],ATO,2024-02-06T23:14:00+00:00,5.0,0.0,45,23,6,Sunday,0,1,100,ATO,en,Bank debit card,0
e7e7cd57-b9df-4681-9bde-d3f8403668a3,synth_3a19535b74ec,gig_worker,tabddpm_synthetic,,['en'],ATO,2024-12-07T07:36:00+00:00,753.44,43.41,45,7,6,Sunday,7,734,10,ATO,en,Bank debit card,0
1a345ba2-b41e-40f6-9f21-13c8aa551f34,synth_a8cfa7e5dba9,gig_worker,tabddpm_synthetic,,['en'],ATO,2024-09-16T00:45:00+00:00,43.65,0.0,42,0,0,Monday,0,1460,3,ATO,en,Bank debit card,0
c7d8bbc2-a071-4289-b0d4-d244a013fee1,synth_a4f62a2ca56f,gig_worker,tabddpm_synthetic,,['en'],ATO,2024-01-14T16:37:00+00:00,269.24,15.31,33,16,2,Wednesday,16,1,4,ATO,en,Bank debit card,0
9ef720e8-febd-4023-b982-f45929d88503,synth_85ef081af7dd,gig_worker,tabddpm_synthetic,,['en'],ATO,2024-11-30T23:44:00+00:00,285.05,45.52,33,23,6,Sunday,11,1,0,ATO,en,Bank debit card,0
382c008e-6b68-414d-b2af-f87864897fe1,synth_4dcc93f5090f,gig_worker,tabddpm_synthetic,,['en'],ATO,2024-04-06T23:41:00+00:00,6000.0,3000.0,45,23,0,Monday,90,2000,100,ATO,en,Bank debit card,0
c993ee92-19b6-4517-8a05-fd95a03eca96,synth_fb8267c8a0b7,gig_worker,tabddpm_synthetic,,['en'],ATO,2024-08-06T00:07:00+00:00,369.57,0.0,36,0,0,Monday,90,1,0,ATO,en,Bank debit card,0
e1545efc-669d-4b89-9ba3-0549ebd03ffc,synth_ee0bee7fe247,gig_worker,tabddpm_synthetic,,['en'],ATO,2024-08-12T18:56:00+00:00,730.07,18.41,22,18,0,Monday,90,1,0,ATO,en,Bank debit card,0
6072be14-67f5-4ce5-9729-7743b91458bd,synth_c10f5a778f6d,gig_worker,tabddpm_synthetic,,['en'],ATO,2024-04-13T06:12:00+00:00,340.39,30.16,44,6,0,Monday,47,176,6,ATO,en,Bank debit card,0
db093af1-08da-4132-9ed5-c0ed4ed2c4f8,synth_f310c23d0476,gig_worker,tabddpm_synthetic,,['en'],ATO,2024-11-04T23:52:00+00:00,6000.0,3000.0,45,23,0,Monday,90,2000,100,ATO,en,Bank debit card,0
a048b3af-8932-4062-a702-ee99d5aa0d54,synth_af069d0b0ac6,gig_worker,tabddpm_synthetic,,['en'],ATO,2024-12-10T06:10:00+00:00,301.39,16.11,40,6,1,Tuesday,4,1,10,ATO,en,Bank debit card,0
a8707b81-7898-4115-96f5-1dc3d7b94316,synth_0b84e8eee175,gig_worker,tabddpm_synthetic,,['en'],ATO,2024-08-10T00:10:00+00:00,258.23,0.0,45,0,0,Monday,90,1,0,ATO,en,Bank debit card,0
9ed7fbe0-c81b-4a38-b013-4c8996b97ba5,synth_d2215bfd91ed,gig_worker,tabddpm_synthetic,,['en'],ATO,2024-12-02T02:45:00+00:00,117.6,14.67,45,2,6,Sunday,5,1087,6,ATO,en,Bank debit card,0
36085cc2-facc-4798-bc59-b6bb0b9fd8f5,synth_0dd19e2a7d82,gig_worker,tabddpm_synthetic,,['en'],ATO,2024-05-09T12:54:00+00:00,159.36,3.95,45,12,0,Monday,90,1,2,ATO,en,Bank debit card,0
f48bae35-ce81-4205-a416-8c772993b307,synth_abf61f1af488,gig_worker,tabddpm_synthetic,,['en'],ATO,2024-08-26T23:02:00+00:00,6000.0,3000.0,45,23,0,Monday,90,2000,100,ATO,en,Bank debit card,0
67cfc840-ccd5-485b-8369-0a5002516860,synth_551476109beb,gig_worker,tabddpm_synthetic,,['en'],ATO,2024-10-25T08:50:00+00:00,189.12,0.0,45,8,0,Monday,90,1,0,ATO,en,Bank debit card,0
bbab345b-922f-42b9-81b1-2d4fbd6ec79c,synth_41682d333147,gig_worker,tabddpm_synthetic,,['en'],ATO,2024-09-19T23:22:00+00:00,6000.0,3000.0,45,23,0,Monday,31,2000,100,ATO,en,Bank debit card,0
fe14675a-5baf-4a5c-b2f1-28e0b3a59cca,synth_4dc0c8edd0de,gig_worker,tabddpm_synthetic,,['en'],ATO,2024-05-02T23:48:00+00:00,2044.45,104.96,45,23,0,Monday,8,1,73,ATO,en,Bank debit card,1
2e3a6da3-a69e-4328-a35c-bce140983f80,synth_c0f3819b65bd,gig_worker,tabddpm_synthetic,,['en'],ATO,2024-08-23T05:20:00+00:00,217.61,16.47,33,5,4,Friday,8,1471,6,ATO,en,Bank debit card,0
9101224f-5995-441c-ac43-3fd7aaaa5c76,synth_2a0f9f8208c6,gig_worker,tabddpm_synthetic,,['en'],ATO,2024-07-02T10:01:00+00:00,110.88,0.0,30,10,2,Wednesday,90,1,1,ATO,en,Bank debit card,0
51e8d6fe-36bb-4fa7-91df-4dc6e47a6233,synth_186dd6f16822,gig_worker,tabddpm_synthetic,,['en'],ATO,2024-10-24T00:41:00+00:00,89.71,17.59,45,0,3,Thursday,1,1,25,ATO,en,Bank debit card,1
3d453c33-9a0a-471d-8799-9742f52e5ba2,synth_60bc407f442d,gig_worker,tabddpm_synthetic,,['en'],ATO,2024-04-11T17:16:00+00:00,58.24,6.95,19,17,5,Saturday,11,702,1,ATO,en,Bank debit card,0
181bb42e-db18-4bee-8388-923ec324f519,synth_1e6e7595c0be,gig_worker,tabddpm_synthetic,,['en'],ATO,2024-11-01T23:00:00+00:00,6000.0,3000.0,45,23,0,Monday,88,2000,100,ATO,en,Bank debit card,1
69b0f031-9d80-4b27-9b0d-928811ebbcca,synth_d19001d89dc1,gig_worker,tabddpm_synthetic,,['en'],ATO,2024-04-19T23:49:00+00:00,6000.0,3000.0,45,23,0,Monday,0,2000,100,ATO,en,Bank debit card,0
953f3df2-1341-4ab5-b6b6-d137d38d8637,synth_ba6ffb220403,gig_worker,tabddpm_synthetic,,['en'],ATO,2024-12-11T00:05:00+00:00,464.11,0.0,36,0,0,Monday,90,1,0,ATO,en,Bank debit card,0
b6890e54-bce8-4bd4-9367-0c59b4945ff7,synth_e081530c4964,gig_worker,tabddpm_synthetic,,['en'],ATO,2024-03-02T00:52:00+00:00,5.0,0.0,45,0,0,Monday,90,1,0,ATO,en,Bank debit card,0
04ed33e8-5aeb-42a5-a099-22e31677e339,synth_3749f53b8564,gig_worker,tabddpm_synthetic,,['en'],ATO,2024-03-11T09:40:00+00:00,259.34,16.98,18,9,3,Thursday,1,1520,5,ATO,en,Bank debit card,0
c8f5fbb1-1c63-473f-adba-0ab8281124c8,synth_b5715116da38,gig_worker,tabddpm_synthetic,,['en'],ATO,2024-07-08T14:30:00+00:00,17.48,7.41,38,14,1,Tuesday,13,1688,5,ATO,en,Bank debit card,0
192ea02c-bc91-4c22-a1e1-9a05e9a47d2d,synth_c7129021e80e,gig_worker,tabddpm_synthetic,,['en'],ATO,2024-06-06T16:52:00+00:00,5.0,0.0,45,16,2,Wednesday,0,1572,17,ATO,en,Bank debit card,0
825c7384-e025-4e77-bd15-cbd5dc189268,synth_c7cc026567c8,gig_worker,tabddpm_synthetic,,['en'],ATO,2024-12-14T12:21:00+00:00,8.11,0.0,45,12,4,Friday,90,1,0,ATO,en,Bank debit card,0
3f0220c8-af64-4c48-9582-14d731bb15cb,synth_28b258403991,gig_worker,tabddpm_synthetic,,['en'],ATO,2024-10-15T23:43:00+00:00,6000.0,3000.0,45,23,0,Monday,90,1,79,ATO,en,Bank debit card,0
a5450fd3-647b-43d7-ad1e-dfcf74ea5e52,synth_60ab0f9d7c78,gig_worker,tabddpm_synthetic,,['en'],ATO,2024-08-06T23:53:00+00:00,6000.0,3000.0,45,23,0,Monday,0,2000,100,ATO,en,Bank debit card,0
02338b66-ae8e-45a5-8c6e-7e9eec56b187,synth_6bcd64c27be7,gig_worker,tabddpm_synthetic,,['en'],ATO,2024-01-10T07:56:00+00:00,3385.01,99.64,45,7,6,Sunday,0,354,1,ATO,en,Bank debit card,0
9e8d122c-76ed-47d2-889e-04b2fb68202b,synth_4488505f04e5,gig_worker,tabddpm_synthetic,,['en'],ATO,2024-04-09T17:57:00+00:00,5.0,4.02,45,17,3,Thursday,3,1539,11,ATO,en,Bank debit card,0
7a2f12fb-b1a8-4c12-99b8-09ca394ae918,synth_d6d5a4cc75cf,gig_worker,tabddpm_synthetic,,['en'],ATO,2024-11-26T23:55:00+00:00,6000.0,1131.67,45,23,0,Monday,0,1,100,ATO,en,Bank debit card,1
eb20d68c-f169-45e6-9ff2-4819e77bafb4,synth_eb6b6b078058,gig_worker,tabddpm_synthetic,,['en'],ATO,2024-04-30T13:18:00+00:00,209.89,13.95,28,13,1,Tuesday,10,1619,2,ATO,en,Bank debit card,0
9eb9d059-c04e-4c2c-bac3-dc8c5994b94d,synth_d8afa0d820ac,gig_worker,tabddpm_synthetic,,['en'],ATO,2024-09-27T12:36:00+00:00,130.63,12.06,45,12,1,Tuesday,20,1068,2,ATO,en,Bank debit card,0
32da4699-a316-4cff-8bb0-976be9fd2a43,synth_4ed7c9accb15,gig_worker,tabddpm_synthetic,,['en'],ATO,2024-05-22T18:50:00+00:00,490.02,16.21,39,18,5,Saturday,41,1,0,ATO,en,Bank debit card,0
e79cdd92-f5f7-4219-9334-6c5290ad3480,synth_b91d869fa4a8,gig_worker,tabddpm_synthetic,,['en'],ATO,2024-06-19T11:11:00+00:00,509.06,16.12,41,11,0,Monday,14,2000,9,ATO,en,Bank debit card,0
c22fe339-d6bd-4d33-afd9-6ee1e68d4438,synth_cfb914f5023f,gig_worker,tabddpm_synthetic,,['en'],ATO,2024-10-11T14:14:00+00:00,318.6,24.58,35,14,5,Saturday,29,1,7,ATO,en,Bank debit card,0
a22aeecc-df2b-4056-bbdc-7911d350d234,synth_2e36b0b937a5,gig_worker,tabddpm_synthetic,,['en'],ATO,2024-03-16T07:55:00+00:00,27.64,0.0,45,7,0,Monday,90,1,0,ATO,en,Bank debit card,0
753c5776-c0cb-49f3-808d-9d23c68be5e9,synth_836aab626d6f,gig_worker,tabddpm_synthetic,,['en'],ATO,2024-12-27T11:57:00+00:00,51.32,8.51,41,11,4,Friday,3,2000,6,ATO,en,Bank debit card,0
3eb8d290-be10-4d8d-be7f-ef0b3fd3b658,synth_429f2490a49f,gig_worker,tabddpm_synthetic,,['en'],ATO,2024-09-08T06:33:00+00:00,253.33,0.03,22,6,0,Monday,90,1,1,ATO,en,Bank debit card,0
ce565828-e192-4963-980c-71ebe7f30009,synth_4c1e71367e3a,gig_worker,tabddpm_synthetic,,['en'],ATO,2024-01-16T23:14:00+00:00,5.0,0.0,38,23,6,Sunday,0,1,32,ATO,en,Bank debit card,0
81da6c81-58eb-4a5e-8bd1-b3ea0d6b23d1,synth_4938d9e89eb8,gig_worker,tabddpm_synthetic,,['en'],ATO,2024-06-06T23:22:00+00:00,6000.0,3000.0,45,23,0,Monday,0,1,100,ATO,en,Bank debit card,0
83007452-c7fe-449d-a4db-0894f1b5bcfa,synth_ff2d60487c77,gig_worker,tabddpm_synthetic,,['en'],ATO,2024-10-20T23:18:00+00:00,6000.0,601.9,45,23,0,Monday,17,1168,42,ATO,en,Bank debit card,0
2230c107-672a-4df2-8b8f-a625fe068f4f,synth_2c8be0377afa,gig_worker,tabddpm_synthetic,,['en'],ATO,2024-10-23T14:38:00+00:00,597.98,69.13,39,14,0,Monday,10,879,11,ATO,en,Bank debit card,0
82cabebd-fca6-4175-9f54-28512400f5d6,synth_bb7015cc0dc9,gig_worker,tabddpm_synthetic,,['en'],CashApp,2024-02-14T23:43:00+00:00,447.79,46.78,38,23,1,Tuesday,3,1,16,CashApp,en,Bank debit card,0
c022094e-f5bb-45f8-8541-ccb24baca7cc,synth_ba3f7991d1d3,gig_worker,tabddpm_synthetic,,['en'],ATO,2024-01-27T09:23:00+00:00,120.04,18.79,44,9,0,Monday,30,47,9,ATO,en,Bank debit card,0
94039dba-ea3a-4cc9-b64f-285993049688,synth_846bd708b5f9,gig_worker,tabddpm_synthetic,,['en'],CashApp,2024-12-23T16:51:00+00:00,18.11,4.39,31,16,0,Monday,13,2000,2,CashApp,en,Bank debit card,0
e456a343-b98b-4c67-a78d-5133d732c77d,synth_b253b0554d06,gig_worker,tabddpm_synthetic,,['en'],ATO,2024-11-25T01:22:00+00:00,480.38,0.0,45,1,0,Monday,90,1,0,ATO,en,Bank debit card,0
85945013-e086-46f7-91f2-a136c52c4386,synth_2281705149da,gig_worker,tabddpm_synthetic,,['en'],ATO,2024-09-28T04:16:00+00:00,703.94,35.47,40,4,6,Sunday,4,58,4,ATO,en,Bank debit card,0
c77d45f9-819f-4343-9031-7bd6618b6bcf,synth_33e1c5e79b7d,gig_worker,tabddpm_synthetic,,['en'],ATO,2024-03-20T19:45:00+00:00,191.5,7.78,41,19,6,Sunday,19,2000,8,ATO,en,Bank debit card,0
05d032b4-d5f7-427e-a7b4-348ffc590073,synth_07e7f188a5a9,gig_worker,tabddpm_synthetic,,['en'],ATO,2024-12-10T06:58:00+00:00,5.0,7.74,22,6,2,Wednesday,33,1,9,ATO,en,Bank debit card,0
6d436dda-d4d1-4be1-8c29-08d890452d71,synth_eddbc68d2bc2,gig_worker,tabddpm_synthetic,,['en'],ATO,2024-10-14T23:16:00+00:00,5.0,0.0,45,23,2,Wednesday,4,1,56,ATO,en,Bank debit card,0
0cd16b63-efbc-4828-bdd4-8dd783f13814,synth_305012e3bbc6,gig_worker,tabddpm_synthetic,,['en'],ATO,2024-11-15T23:55:00+00:00,5.0,1.93,33,23,4,Friday,46,1767,8,ATO,en,Bank debit card,0
ad1ab63b-3102-4785-863b-35b02835ffee,synth_39ea5d6ad3d0,gig_worker,tabddpm_synthetic,,['en'],ATO,2024-05-25T00:30:00+00:00,424.86,0.0,31,0,0,Monday,90,1,0,ATO,en,Bank debit card,0
eb3f8acc-f926-4710-938d-eece7a73eff6,synth_2fa91bb3d990,gig_worker,tabddpm_synthetic,,['en'],ATO,2024-08-12T10:07:00+00:00,136.04,14.23,40,10,3,Thursday,15,851,0,ATO,en,Bank debit card,0
f195118a-28ac-425b-96d5-93c92bad41d6,synth_ac899c36299c,gig_worker,tabddpm_synthetic,,['en'],ATO,2024-01-12T12:06:00+00:00,119.64,14.24,37,12,5,Saturday,21,1,3,ATO,en,Bank debit card,0
66f613cb-e28e-4a5b-8f74-c996a9f9f58f,synth_690a913ab199,gig_worker,tabddpm_synthetic,,['en'],ATO,2024-03-04T16:33:00+00:00,5.0,0.0,35,16,6,Sunday,47,1489,4,ATO,en,Bank debit card,0
430f741a-3fb5-48be-b908-4b09fb955df4,synth_455918a1ee47,gig_worker,tabddpm_synthetic,,['en'],ATO,2024-11-27T14:12:00+00:00,5.0,0.0,45,14,2,Wednesday,90,1,0,ATO,en,Bank debit card,0
c3a8035a-8033-489e-81b5-73d6b65248e3,synth_bb06fc67d659,gig_worker,tabddpm_synthetic,,['en'],ATO,2024-09-26T17:13:00+00:00,154.85,0.0,34,17,0,Monday,83,788,4,ATO,en,Bank debit card,0
663cfdeb-bfc4-4727-8355-e1547e0beb85,synth_a2887ceb8ea2,gig_worker,tabddpm_synthetic,,['en'],ATO,2024-11-20T11:25:00+00:00,306.46,3.25,45,11,6,Sunday,14,779,6,ATO,en,Bank debit card,0
411e7870-a1bd-45b4-aff3-e4329e66ddbc,synth_ba3944c4b34d,gig_worker,tabddpm_synthetic,,['en'],ATO,2024-09-20T06:50:00+00:00,5.0,6.65,45,6,3,Thursday,13,1,2,ATO,en,Bank debit card,0
25e31f39-ac93-4124-be02-7ad9888aa1c4,synth_0fa153727318,gig_worker,tabddpm_synthetic,,['en'],ATO,2024-09-05T12:28:00+00:00,5.0,4.28,45,12,6,Sunday,25,1114,0,ATO,en,Bank debit card,0
ed880f86-b0cb-4b5a-a807-f17784c266cc,synth_fd98a7e606f7,gig_worker,tabddpm_synthetic,,['en'],ATO,2024-02-07T00:27:00+00:00,5.0,0.0,42,0,0,Monday,0,1,41,ATO,en,Bank debit card,1
f0b1a93c-4b2c-445e-a264-aa4244c2072e,synth_843baec69364,gig_worker,tabddpm_synthetic,,['en'],ATO,2024-06-19T15:13:00+00:00,57.94,0.0,27,15,3,Thursday,90,1,3,ATO,en,Bank debit card,0
588b1e40-ea46-43df-9371-28c86bce4e17,synth_1b45531e34ac,gig_worker,tabddpm_synthetic,,['en'],ATO,2024-01-11T17:24:00+00:00,254.87,5.25,25,17,3,Thursday,77,262,6,ATO,en,Bank debit card,0
a1de18e8-8432-4480-9d0e-e257a34fc947,synth_0d73b35358b5,gig_worker,tabddpm_synthetic,,['en'],ATO,2024-09-04T23:26:00+00:00,6000.0,3000.0,45,23,0,Monday,55,2000,100,ATO,en,Bank debit card,0
358acd51-c234-48d8-b299-3314e1f794e5,synth_b8f6cd65f30d,gig_worker,tabddpm_synthetic,,['en'],ATO,2024-11-19T23:48:00+00:00,6000.0,3000.0,45,23,0,Monday,0,1,100,ATO,en,Bank debit card,0
f5b2a1d7-1d9b-40d4-99c2-776d3cfb7f3d,synth_37d446d252e7,gig_worker,tabddpm_synthetic,,['en'],CashApp,2024-10-31T19:49:00+00:00,5.0,0.44,37,19,4,Friday,18,781,4,CashApp,en,Bank debit card,0
b76b5818-0924-4451-840c-976d31e54bc5,synth_2dbed964e723,gig_worker,tabddpm_synthetic,,['es'],ATO,2024-11-28T14:21:00+00:00,120.67,0.0,32,14,2,Wednesday,22,1526,4,ATO,es,Bank debit card,0
a9939685-3e52-477e-941c-f4b2d1a14d6c,synth_1693a7d9ff6d,gig_worker,tabddpm_synthetic,,['en'],ATO,2024-10-02T23:33:00+00:00,6000.0,3000.0,45,23,0,Monday,90,2000,100,ATO,en,Bank debit card,0
fa17aa10-8f75-495a-ba35-c9337e915146,synth_16511a861075,gig_worker,tabddpm_synthetic,,['en'],ATO,2024-05-12T15:23:00+00:00,253.2,33.31,31,15,1,Tuesday,20,988,2,ATO,en,Bank debit card,0
80e81b7d-b557-452b-a502-6d653500f8b1,synth_1cfc0e5d8592,gig_worker,tabddpm_synthetic,,['en'],ATO,2024-07-29T00:42:00+00:00,673.72,0.0,45,0,0,Monday,90,1,0,ATO,en,Bank debit card,0
49aa1925-1e60-4cd5-b74c-f1e99ca532fe,synth_89dfdb0b3641,gig_worker,tabddpm_synthetic,,['en'],ATO,2024-02-08T23:19:00+00:00,5.0,4.63,44,23,6,Sunday,1,1856,17,ATO,en,Bank debit card,0
500071c0-e9c7-45ee-b42e-6ee0bec45daf,synth_21fa42bcd125,gig_worker,tabddpm_synthetic,,['en'],ATO,2024-11-22T21:01:00+00:00,345.85,2.7,25,21,3,Thursday,0,977,7,ATO,en,Bank debit card,0
c3265e68-846e-4b1d-8fed-348501cf4195,synth_ff1c6b322bbd,gig_worker,tabddpm_synthetic,,['en'],ATO,2024-06-19T00:04:00+00:00,5.0,0.0,45,0,0,Monday,90,1,0,ATO,en,Bank debit card,0
5085cff5-a8c6-4c01-9fe1-49c0f0c45f58,synth_01695b839ad3,gig_worker,tabddpm_synthetic,,['en'],ATO,2024-02-05T23:49:00+00:00,6000.0,3000.0,45,23,0,Monday,0,1,100,ATO,en,Bank debit card,0
ceddb131-f9cd-4d24-bea8-dd1b3cff4489,synth_f7d3012dc3ad,gig_worker,tabddpm_synthetic,,['en'],ATO,2024-05-13T00:44:00+00:00,394.57,0.0,31,0,0,Monday,90,1,0,ATO,en,Bank debit card,1
fafe9c60-1c01-4964-8d19-ba5df9e72852,synth_9993547d5959,gig_worker,tabddpm_synthetic,,['en'],ATO,2024-10-29T07:25:00+00:00,250.72,22.81,40,7,3,Thursday,20,1,0,ATO,en,Bank debit card,0
53d374f2-09aa-4b11-ba35-6e3e97fb77ae,synth_35a5f4aa3ae7,gig_worker,tabddpm_synthetic,,['en'],ATO,2024-05-18T23:02:00+00:00,6000.0,3000.0,45,23,0,Monday,64,2000,100,ATO,en,Bank debit card,0
06409581-d47d-44a5-8348-4329cbf069a1,synth_710c298a982c,gig_worker,tabddpm_synthetic,,['en'],ATO,2024-12-16T05:45:00+00:00,256.02,12.59,20,5,0,Monday,32,1,8,ATO,en,Bank debit card,0
1135b73b-a446-4d74-8475-fb842a4c54ef,synth_ab204c0df0c3,gig_worker,tabddpm_synthetic,,['en'],ATO,2024-10-02T23:10:00+00:00,1060.75,37.35,38,23,5,Saturday,22,1,9,ATO,en,Bank debit card,0
12adce05-465b-485d-b360-8c9c0da73057,synth_0edfecd062f5,gig_worker,tabddpm_synthetic,,['en'],ATO,2024-01-20T16:37:00+00:00,5.0,4.69,23,16,4,Friday,6,276,5,ATO,en,Bank debit card,0
51a47e66-4aea-4332-98e9-a5165c3cf520,synth_dfaa308bca85,gig_worker,tabddpm_synthetic,,['en'],ATO,2024-04-12T23:22:00+00:00,981.03,60.35,18,23,0,Monday,90,1,0,ATO,en,Bank debit card,0
3193f06d-5c6a-4910-a436-0ee8c86d18d2,synth_b71c405073ca,gig_worker,tabddpm_synthetic,,['en'],ATO,2024-12-03T00:30:00+00:00,853.57,0.0,35,0,0,Monday,90,1,0,ATO,en,Bank debit card,0
df9499fb-9af7-4dc6-bb70-886a59b9b020,synth_6cc7c777c070,gig_worker,tabddpm_synthetic,,['en'],ATO,2024-11-20T00:49:00+00:00,394.31,0.0,32,0,0,Monday,90,1,2,ATO,en,Bank debit card,1
b59ecb90-cc03-498a-a51a-f2c1b6905a1b,synth_cfe16d07c366,gig_worker,tabddpm_synthetic,,['en'],ATO,2024-07-04T11:56:00+00:00,480.5,10.33,45,11,0,Monday,90,1,0,ATO,en,Bank debit card,0
6e2f136c-eabe-45e1-bba7-945611be2963,synth_b5aa7e5f3a58,gig_worker,tabddpm_synthetic,,['en'],ATO,2024-06-30T05:31:00+00:00,57.27,1.86,28,5,5,Saturday,0,970,8,ATO,en,Bank debit card,0
127fedbe-67c0-4ad3-b930-5017ad645c3b,synth_080271db11f6,gig_worker,tabddpm_synthetic,,['en'],ATO,2024-07-11T02:43:00+00:00,699.18,27.94,34,2,1,Tuesday,8,1053,7,ATO,en,Bank debit card,0
07f34aeb-6142-4fa4-afe7-48d79554da41,synth_bb597a5f9c40,gig_worker,tabddpm_synthetic,,['en'],ATO,2024-10-27T23:32:00+00:00,6000.0,483.03,45,23,6,Sunday,0,1,100,ATO,en,Bank debit card,1
d5553f53-f3d1-4bbf-9dd7-e395467e59ad,synth_48a9dab6e208,gig_worker,tabddpm_synthetic,,['en'],CashApp,2024-06-18T14:17:00+00:00,140.22,4.41,34,14,0,Monday,5,2000,10,CashApp,en,Bank debit card,0
d1f56cfb-116e-42c0-a742-f6adedf478a4,synth_801f4bc5c19c,gig_worker,tabddpm_synthetic,,['en'],ATO,2024-01-09T00:47:00+00:00,421.34,0.0,42,0,0,Monday,90,1,0,ATO,en,Bank debit card,0
3a4e61da-3696-47f2-ac72-ac7711b06d63,synth_b60a6207cf59,gig_worker,tabddpm_synthetic,,['en'],ATO,2024-04-07T09:13:00+00:00,14.64,10.13,44,9,2,Wednesday,5,103,4,ATO,en,Bank debit card,0
d3c6567e-0c41-402e-a253-2473bab74e4e,synth_01904abaf87c,gig_worker,tabddpm_synthetic,,['en'],ATO,2024-06-26T07:12:00+00:00,224.43,0.0,45,7,0,Monday,90,1,0,ATO,en,Bank debit card,0
8e8fd23d-0bf4-4c5b-8c5b-91dc1db56c67,synth_67229144b735,gig_worker,tabddpm_synthetic,,['en'],ATO,2024-10-15T09:44:00+00:00,88.3,5.55,31,9,0,Monday,6,902,2,ATO,en,Bank debit card,0
b7ac2e9e-be72-43f0-9a4b-ed79b6bfbafb,synth_db4d399b87a3,gig_worker,tabddpm_synthetic,,['en'],ATO,2024-09-04T23:38:00+00:00,6000.0,3000.0,45,23,0,Monday,90,2000,100,ATO,en,Bank debit card,0
d0633555-2402-4514-afc1-4453a908297f,synth_6344fa7359f3,gig_worker,tabddpm_synthetic,,['en'],ATO,2024-01-09T23:58:00+00:00,6000.0,3000.0,45,23,0,Monday,90,2000,100,ATO,en,Bank debit card,0
f4e5f7fc-fd3c-416d-b612-ab982f0435b6,synth_5d9579dc6c4d,gig_worker,tabddpm_synthetic,,['en'],ATO,2024-07-08T15:35:00+00:00,201.79,7.77,31,15,1,Tuesday,7,1433,8,ATO,en,Bank debit card,0
e49e9f67-f460-4c19-b617-b6ed5ec9db11,synth_043cc59713bd,gig_worker,tabddpm_synthetic,,['en'],ATO,2024-05-04T17:21:00+00:00,96.51,0.0,34,17,0,Monday,4,258,5,ATO,en,Bank debit card,0
d581b1e1-2bfa-45d0-a418-fa89b6e68ee0,synth_9f43e6c07ce1,gig_worker,tabddpm_synthetic,,['en'],ATO,2024-05-03T23:03:00+00:00,6000.0,3000.0,45,23,0,Monday,90,2000,100,ATO,en,Bank debit card,0
37df0693-acf2-4d12-ba99-bcb40e812461,synth_27ef4de51648,gig_worker,tabddpm_synthetic,,['en'],ATO,2024-12-22T23:09:00+00:00,6000.0,3000.0,45,23,0,Monday,58,2000,100,ATO,en,Bank debit card,0
3d05c3d3-5caa-449a-9ca2-aa625b9397dc,synth_be4511567deb,gig_worker,tabddpm_synthetic,,['en'],ATO,2024-11-24T23:40:00+00:00,878.28,18.53,35,23,3,Thursday,90,1,0,ATO,en,Bank debit card,0
74d74aa8-e81d-4e38-a547-6fd99e9b1014,synth_23f72b6cec2d,gig_worker,tabddpm_synthetic,,['en'],ATO,2024-03-03T11:46:00+00:00,305.22,0.0,29,11,0,Monday,90,1,0,ATO,en,Bank debit card,0
f7f8d63c-1a80-4067-bb2b-782d0e5e355a,synth_af526e935a90,gig_worker,tabddpm_synthetic,,['en'],ATO,2024-04-30T16:52:00+00:00,5.0,0.0,41,16,5,Saturday,3,2000,4,ATO,en,Bank debit card,0
6d83812f-4931-4598-86d0-70df41f69962,synth_a7dd5d02f0ca,gig_worker,tabddpm_synthetic,,['en'],ATO,2024-08-21T23:50:00+00:00,5.0,9.49,27,23,6,Sunday,0,1,25,ATO,en,Bank debit card,0
4041f0e7-e233-4c8a-8df6-b11da540f68d,synth_0d9841545445,gig_worker,tabddpm_synthetic,,['en'],ATO,2024-02-28T06:48:00+00:00,5.0,0.0,45,6,3,Thursday,90,1,0,ATO,en,Bank debit card,0
e8f4d24e-4dcf-4ae4-a866-c624b9d96fed,synth_c2fd6632162b,gig_worker,tabddpm_synthetic,,['en'],ATO,2024-02-28T07:06:00+00:00,5.0,2.97,42,7,0,Monday,13,591,6,ATO,en,Bank debit card,0
03094940-c8e5-4f8e-bc6b-b7c402ea3714,synth_8bf85be80cfd,gig_worker,tabddpm_synthetic,,['en'],ATO,2024-03-30T00:36:00+00:00,5.0,0.0,45,0,0,Monday,90,1,0,ATO,en,Bank debit card,0
b3890e47-b62a-4a63-85fe-823cdfd55b12,synth_cb586aab461e,gig_worker,tabddpm_synthetic,,['en'],ATO,2024-08-11T06:13:00+00:00,5.0,0.0,45,6,0,Monday,90,1,0,ATO,en,Bank debit card,0
4d8ce039-af13-4669-bbca-7ffc560b0593,synth_cf799b3ac1f3,gig_worker,tabddpm_synthetic,,['en'],CashApp,2024-02-15T16:17:00+00:00,5.0,0.35,38,16,2,Wednesday,1,790,6,CashApp,en,Bank debit card,0
2fbc4716-62e7-42f6-af98-512c505a2771,synth_bb10c196f95d,gig_worker,tabddpm_synthetic,,['en'],ATO,2024-05-10T23:38:00+00:00,6000.0,3000.0,45,23,0,Monday,54,2000,100,ATO,en,Bank debit card,0
7dc911e5-ebd7-4cd4-ba26-5f8d696920cc,synth_4f7be3dd1f45,gig_worker,tabddpm_synthetic,,['en'],ATO,2024-09-14T23:20:00+00:00,6000.0,3000.0,45,23,0,Monday,0,1,100,ATO,en,Bank debit card,0
a293b7c4-eabe-4f4a-ac1f-f280cbb783b6,synth_901f3ec6956f,gig_worker,tabddpm_synthetic,,['en'],ATO,2024-08-12T23:33:00+00:00,6000.0,3000.0,45,23,0,Monday,0,2000,100,ATO,en,Bank debit card,0
fea9647b-cc1c-4983-b0fe-c1865782651f,synth_19a70a6226fe,gig_worker,tabddpm_synthetic,,['en'],ATO,2024-05-30T23:54:00+00:00,6000.0,3000.0,45,23,0,Monday,18,1,100,ATO,en,Bank debit card,0
38b84b1f-b28c-437f-ab2b-f019c1fd0795,synth_227e2779fe71,gig_worker,tabddpm_synthetic,,['en'],ATO,2024-08-20T06:10:00+00:00,162.32,0.0,41,6,0,Monday,90,1,0,ATO,en,Bank debit card,0
9a7e58b0-1677-43b0-b667-4e58223b4c77,synth_7cadeb81f79d,gig_worker,tabddpm_synthetic,,['en'],ATO,2024-05-17T09:51:00+00:00,469.6,22.61,27,9,4,Friday,14,282,8,ATO,en,Bank debit card,0
5702425c-5590-436b-bd35-3874ac4da267,synth_df5a6391a01f,gig_worker,tabddpm_synthetic,,['en'],ATO,2024-12-05T16:46:00+00:00,5.0,8.87,45,16,3,Thursday,13,1892,3,ATO,en,Bank debit card,0
d062433a-c52c-45c2-9f07-c64ae09dd14d,synth_ff51a40f9af5,gig_worker,tabddpm_synthetic,,['en'],ATO,2024-09-27T07:16:00+00:00,17.53,0.0,45,7,3,Thursday,90,1,0,ATO,en,Bank debit card,0
4004fcc8-cbb0-4891-8d4f-75515efba6dc,synth_9c60e231afef,gig_worker,tabddpm_synthetic,,['en'],ATO,2024-01-10T15:20:00+00:00,511.88,35.47,27,15,0,Monday,28,1,2,ATO,en,Bank debit card,0
09a96bc1-eea0-4547-b502-59f468204f48,synth_6ae58488e466,gig_worker,tabddpm_synthetic,,['en'],ATO,2024-07-29T04:20:00+00:00,48.56,5.95,45,4,1,Tuesday,12,1,4,ATO,en,Bank debit card,0
97020f67-da8d-4891-a87b-63751bc2f7f1,synth_88b6a0a5b2ed,gig_worker,tabddpm_synthetic,,['en'],ATO,2024-11-03T12:48:00+00:00,26.15,0.0,42,12,3,Thursday,6,479,10,ATO,en,Bank debit card,0
33094eea-5400-450d-9d75-c965975de8a9,synth_ee8cbff9884d,gig_worker,tabddpm_synthetic,,['en'],ATO,2024-07-10T14:05:00+00:00,28.38,0.0,45,14,5,Saturday,51,1,0,ATO,en,Bank debit card,0
77af8772-87d5-44e3-925e-dc2e3ce2a9b2,synth_490272f7896c,gig_worker,tabddpm_synthetic,,['en'],ATO,2024-02-07T14:39:00+00:00,5.0,0.0,41,14,2,Wednesday,56,1211,5,ATO,en,Bank debit card,0
9f950595-af46-4e6c-adfa-5841f0e7a8cd,synth_d69665b80f22,gig_worker,tabddpm_synthetic,,['en'],ATO,2024-03-06T23:40:00+00:00,5.0,0.0,45,23,6,Sunday,2,1,70,ATO,en,Bank debit card,1
a2fabeb2-bdf4-4408-a742-4a3be05ea306,synth_d76337481562,gig_worker,tabddpm_synthetic,,['en'],ATO,2024-01-21T13:59:00+00:00,5.0,0.63,24,13,5,Saturday,0,1083,13,ATO,en,Bank debit card,0
ffbd8d45-383a-4a24-86f0-8773ce567e7e,synth_dbb7bbb82dd5,gig_worker,tabddpm_synthetic,,['en'],ATO,2024-06-23T13:35:00+00:00,155.1,13.46,33,13,4,Friday,6,1411,8,ATO,en,Bank debit card,0
9c9089dc-1b72-40f7-871d-2934e51aa780,synth_63a73032ea50,gig_worker,tabddpm_synthetic,,['en'],CashApp,2024-08-13T12:26:00+00:00,167.73,8.01,20,12,4,Friday,11,1181,8,CashApp,en,Bank debit card,0
8a8d9cf2-d8fd-4c9d-b54e-6c3e899a4589,synth_195196dbe3eb,gig_worker,tabddpm_synthetic,,['en'],ATO,2024-09-05T23:06:00+00:00,6000.0,3000.0,45,23,0,Monday,0,2000,100,ATO,en,Bank debit card,0
2d61aa57-64b7-4961-b4ba-edf1bcee5e2a,synth_e215f148c85f,gig_worker,tabddpm_synthetic,,['en'],ATO,2024-04-22T23:56:00+00:00,5.0,0.0,33,23,6,Sunday,0,1,100,ATO,en,Bank debit card,1
6170f49e-c912-4d04-973e-4cfc6b6eb37c,synth_62325526e3b1,gig_worker,tabddpm_synthetic,,['en'],ATO,2024-07-19T23:13:00+00:00,6000.0,3000.0,45,23,0,Monday,0,2000,100,ATO,en,Bank debit card,0
5eae0211-e3eb-4c0f-86fe-eba7a5d5df5c,synth_cf29409c72da,gig_worker,tabddpm_synthetic,,['en'],ATO,2024-12-26T23:11:00+00:00,6000.0,3000.0,45,23,0,Monday,0,1,100,ATO,en,Bank debit card,0
6141e69b-ee79-4f64-a70d-e25be7024359,synth_45a98bcec6f4,gig_worker,tabddpm_synthetic,,['en'],ATO,2024-07-24T10:07:00+00:00,189.16,22.04,44,10,2,Wednesday,3,842,6,ATO,en,Bank debit card,0
2c5b4bb9-5562-422f-ac42-be03c9a2d4e6,synth_9deee0e2fbbd,gig_worker,tabddpm_synthetic,,['en'],ATO,2024-12-22T08:46:00+00:00,5.0,3.66,44,8,4,Friday,90,1,4,ATO,en,Bank debit card,0
9be4159a-046a-4fe6-af27-1d8aa739e275,synth_ff79952eebfd,gig_worker,tabddpm_synthetic,,['en'],ATO,2024-05-02T23:00:00+00:00,6000.0,3000.0,45,23,0,Monday,0,2000,100,ATO,en,Bank debit card,0
2f113476-1134-4f47-8000-fa377a467775,synth_7c29b3895701,gig_worker,tabddpm_synthetic,,['en'],ATO,2024-01-15T00:05:00+00:00,806.65,0.0,29,0,0,Monday,90,1,0,ATO,en,Bank debit card,0
0088b1cf-6bef-4b46-8826-0620e208517e,synth_a7ab366ddf49,gig_worker,tabddpm_synthetic,,['en'],ATO,2024-11-06T17:17:00+00:00,1135.35,32.05,19,17,3,Thursday,20,2000,8,ATO,en,Bank debit card,0
895af890-6f18-4b18-80bc-7aec600fc4d7,synth_81053d0f7ec9,gig_worker,tabddpm_synthetic,,['en'],ATO,2024-01-14T23:16:00+00:00,1367.22,45.47,45,23,0,Monday,20,1,50,ATO,en,Bank debit card,1
d079f647-c8d0-4d74-8acb-1b5ed5b53daf,synth_ef857e620084,gig_worker,tabddpm_synthetic,,['en'],ATO,2024-08-29T13:50:00+00:00,24.45,0.09,34,13,5,Saturday,16,1541,5,ATO,en,Bank debit card,0
3faaabd1-4b12-44cc-9d76-b1da7e54b112,synth_6da0e680fddd,gig_worker,tabddpm_synthetic,,['en'],ATO,2024-10-06T23:36:00+00:00,5.0,0.0,43,23,4,Friday,60,1298,4,ATO,en,Bank debit card,0
39b05a4a-c939-4105-b41e-c632fa07cfb8,synth_3f9769c26feb,gig_worker,tabddpm_synthetic,,['en'],ATO,2024-04-13T23:02:00+00:00,5.0,0.0,45,23,3,Thursday,2,1,50,ATO,en,Bank debit card,1
5c8701c5-e2da-4e6b-bd46-a8a5e7c510b3,synth_4b0795806a6e,gig_worker,tabddpm_synthetic,,['en'],ATO,2024-06-09T23:26:00+00:00,41.31,0.0,42,23,6,Sunday,62,1144,2,ATO,en,Bank debit card,0
26965c04-7ab8-43ff-8464-bc55c5ee636d,synth_a9f2cfe6e90b,gig_worker,tabddpm_synthetic,,['en'],ATO,2024-09-01T23:33:00+00:00,299.06,29.79,32,23,6,Sunday,19,1,0,ATO,en,Bank debit card,0
f2b79c90-4283-465a-91fa-d537c5e2eebd,synth_13fdf11ca25b,gig_worker,tabddpm_synthetic,,['en'],ATO,2024-08-12T08:17:00+00:00,91.46,0.0,37,8,6,Sunday,67,1,1,ATO,en,Bank debit card,0
aaae8946-1171-4fb9-9df6-f9fcbabd1edd,synth_95bdda282cff,gig_worker,tabddpm_synthetic,,['en'],ATO,2024-11-29T23:03:00+00:00,6000.0,3000.0,45,23,0,Monday,0,1,100,ATO,en,Bank debit card,0
0767400d-f466-4ffb-81e0-0c2d0b33cbfb,synth_447334e4d0eb,gig_worker,tabddpm_synthetic,,['en'],ATO,2024-11-04T09:41:00+00:00,403.58,0.0,36,9,0,Monday,90,1,0,ATO,en,Bank debit card,0
1d662752-d6b2-47fa-85be-db97a6884fea,synth_f9d5b83160d8,gig_worker,tabddpm_synthetic,,['en'],ATO,2024-09-18T23:31:00+00:00,6000.0,3000.0,45,23,0,Monday,90,2000,100,ATO,en,Bank debit card,0
b424a69d-42c7-4373-a724-cf28dd50c12b,synth_12834322bd56,gig_worker,tabddpm_synthetic,,['en'],ATO,2024-04-29T23:30:00+00:00,1725.0,83.15,18,23,1,Tuesday,90,1,0,ATO,en,Bank debit card,0
2f6cd884-0741-4abb-897a-a1dc1b75d155,synth_c07135f03b7c,gig_worker,tabddpm_synthetic,,['en'],ATO,2024-10-10T06:54:00+00:00,40.35,2.65,33,6,0,Monday,0,723,6,ATO,en,Bank debit card,0
2bf1eb28-b63e-4b95-8684-70f8438b9415,synth_19b70d004f84,gig_worker,tabddpm_synthetic,,['en'],ATO,2024-02-26T05:50:00+00:00,204.98,17.62,45,5,3,Thursday,3,108,7,ATO,en,Bank debit card,0
1e2da6ee-ef60-48fd-8808-0ce6e04905bc,synth_c6d844c9ca03,gig_worker,tabddpm_synthetic,,['en'],ATO,2024-05-19T13:12:00+00:00,5.0,0.0,33,13,0,Monday,49,1,0,ATO,en,Bank debit card,0
a438e72f-e44d-41d9-b065-3e826c9d671e,synth_80f22dd74666,gig_worker,tabddpm_synthetic,,['en'],ATO,2024-10-01T23:46:00+00:00,5.0,0.0,18,23,6,Sunday,0,1,55,ATO,en,Bank debit card,0
092b64fc-696e-4632-bb7e-c36d6652fe6b,synth_0654b1f58483,gig_worker,tabddpm_synthetic,,['es'],ATO,2024-11-05T09:38:00+00:00,102.16,12.54,43,9,1,Tuesday,8,1499,5,ATO,es,Bank debit card,0
8f935c70-e229-4bc0-bd5d-7530722bf2c2,synth_3e86b6d438c2,gig_worker,tabddpm_synthetic,,['en'],ATO,2024-05-07T07:42:00+00:00,255.38,10.3,41,7,2,Wednesday,90,1,0,ATO,en,Bank debit card,0
e5a7a567-01a2-4852-b800-68391d0ce225,synth_37355876c557,gig_worker,tabddpm_synthetic,,['en'],ATO,2024-07-18T23:46:00+00:00,6000.0,3000.0,45,23,0,Monday,0,2000,100,ATO,en,Bank debit card,0
946e03c5-a98f-4b72-9691-68050261a1dd,synth_df7db24827c6,gig_worker,tabddpm_synthetic,,['en'],ATO,2024-09-27T23:19:00+00:00,27.49,19.72,34,23,6,Sunday,1,1,19,ATO,en,Bank debit card,0
46bc85fb-5b70-4483-981a-fd5bde4492ac,synth_100eab091000,gig_worker,tabddpm_synthetic,,['en'],ATO,2024-01-03T08:48:00+00:00,5.0,0.0,18,8,0,Monday,2,304,13,ATO,en,Bank debit card,0
e9465fa9-7825-4007-9c98-6002aad13eeb,synth_1755e0b6dc21,gig_worker,tabddpm_synthetic,,['en'],ATO,2024-03-14T08:49:00+00:00,40.86,3.85,45,8,0,Monday,14,1492,4,ATO,en,Bank debit card,0
b38d44e9-4b24-472f-b384-09da9355da69,synth_3bc96de023cb,gig_worker,tabddpm_synthetic,,['en'],ATO,2024-03-17T23:24:00+00:00,6000.0,3000.0,45,23,0,Monday,0,1,100,ATO,en,Bank debit card,0
3397acf2-e7f0-4d86-8a99-f5b2c465acfc,synth_56db99129970,gig_worker,tabddpm_synthetic,,['en'],ATO,2024-07-10T10:24:00+00:00,20.14,4.7,45,10,4,Friday,18,97,1,ATO,en,Bank debit card,0
4d09064d-890e-4a51-8931-fb99b4207725,synth_485bfb1462ae,gig_worker,tabddpm_synthetic,,['en'],CashApp,2024-04-02T13:00:00+00:00,15.48,2.31,38,13,6,Sunday,28,1,0,CashApp,en,Bank debit card,0
35b9af64-c93c-4b5c-b6b1-1b8903493b3b,synth_ab998523d0c1,gig_worker,tabddpm_synthetic,,['en'],ATO,2024-02-16T06:34:00+00:00,674.91,0.0,23,6,0,Monday,90,1,0,ATO,en,Bank debit card,0
a8f6f44c-ebd5-4bcb-bae5-de3dc8109e53,synth_03bf2b75fb0e,gig_worker,tabddpm_synthetic,,['en'],ATO,2024-12-04T16:36:00+00:00,5.0,0.0,45,16,0,Monday,85,116,0,ATO,en,Bank debit card,0
ba917eab-46ec-464a-b119-ca860262864c,synth_66361a9832c8,gig_worker,tabddpm_synthetic,,['en'],ATO,2024-09-11T23:57:00+00:00,210.01,0.42,18,23,6,Sunday,90,1,7,ATO,en,Bank debit card,0
24c07235-3f77-49f3-a9e1-7e2136045a9b,synth_ab373d5a8c4c,gig_worker,tabddpm_synthetic,,['en'],ATO,2024-06-11T09:44:00+00:00,7.27,3.3,24,9,0,Monday,0,922,9,ATO,en,Bank debit card,0
22707a14-4821-4c11-832a-059508f706db,synth_373e329e73c2,gig_worker,tabddpm_synthetic,,['en'],ATO,2024-08-27T23:48:00+00:00,6000.0,3000.0,45,23,0,Monday,90,2000,100,ATO,en,Bank debit card,0
4f01919b-ef6c-47d0-a43e-622c29efed02,synth_c9c231a1b0bb,gig_worker,tabddpm_synthetic,,['en'],ATO,2024-05-20T23:32:00+00:00,6000.0,3000.0,45,23,0,Monday,48,1,100,ATO,en,Bank debit card,0
f5c34bc4-5bdf-4668-b459-b007df078d4a,synth_d155b6f446b3,gig_worker,tabddpm_synthetic,,['en'],ATO,2024-03-14T23:49:00+00:00,6000.0,3000.0,45,23,0,Monday,0,2000,100,ATO,en,Bank debit card,0
256d13f1-ad50-40dd-8c61-966dd734aca9,synth_72f540e9f634,gig_worker,tabddpm_synthetic,,['en'],ATO,2024-07-04T18:14:00+00:00,31.37,0.0,29,18,5,Saturday,82,1254,0,ATO,en,Bank debit card,0
b7840747-9716-4060-a9aa-827307606b0d,synth_3463085ccbfe,gig_worker,tabddpm_synthetic,,['en'],ATO,2024-07-28T20:32:00+00:00,88.46,9.54,37,20,4,Friday,1,1207,13,ATO,en,Bank debit card,0
7f4a0a61-811f-45bd-8245-f0ed5d4487b4,synth_9b599307aafc,gig_worker,tabddpm_synthetic,,['en'],ATO,2024-01-12T20:39:00+00:00,5.0,0.0,37,20,5,Saturday,61,358,5,ATO,en,Bank debit card,0
54a25325-7e06-441d-9955-027ac888ab73,synth_ef044950d766,gig_worker,tabddpm_synthetic,,['en'],ATO,2024-12-27T08:00:00+00:00,10.66,2.77,30,8,1,Tuesday,5,1785,7,ATO,en,Bank debit card,0
c7b33bdf-1fdb-4f76-b34e-e92ed0ca8a49,synth_0c81daac07c8,gig_worker,tabddpm_synthetic,,['en'],ATO,2024-10-02T23:26:00+00:00,5.0,0.0,40,23,6,Sunday,6,1,42,ATO,en,Bank debit card,0
711d7d0f-6984-45e8-b62e-fe78bbc466c1,synth_4391c1b73345,gig_worker,tabddpm_synthetic,,['en'],ATO,2024-02-24T00:47:00+00:00,544.16,0.0,45,0,0,Monday,90,1,0,ATO,en,Bank debit card,0
584659af-3047-4b3c-ad7a-a97453b9e5c7,synth_87fa84cc519e,gig_worker,tabddpm_synthetic,,['en'],ATO,2024-11-27T10:56:00+00:00,96.78,5.61,38,10,1,Tuesday,15,1056,1,ATO,en,Bank debit card,0
ac3f43a8-331a-4ac9-bbbc-6ee74371ee43,synth_05240222fa1b,gig_worker,tabddpm_synthetic,,['en'],ATO,2024-07-24T23:14:00+00:00,6000.0,3000.0,45,23,0,Monday,0,1,100,ATO,en,Bank debit card,1
3b441842-6667-4259-9a21-305b3665a890,synth_de5e3cdea5eb,gig_worker,tabddpm_synthetic,,['en'],CashApp,2024-01-18T09:00:00+00:00,183.69,10.78,39,9,5,Saturday,4,537,7,CashApp,en,Bank debit card,0
dca426f2-fcad-4cdc-a504-8d535125501c,synth_bf9561f70882,gig_worker,tabddpm_synthetic,,['en'],ATO,2024-12-13T00:10:00+00:00,413.31,0.0,41,0,0,Monday,90,1,0,ATO,en,Bank debit card,0
875a4adb-3db6-4741-a446-a751904bae74,synth_27e325e2d8ab,gig_worker,tabddpm_synthetic,,['en'],ATO,2024-12-20T08:43:00+00:00,218.36,0.0,26,8,0,Monday,90,1,1,ATO,en,Bank debit card,0
99dc6b2d-056a-405f-9e68-48cfdce48df8,synth_2357cbf94373,gig_worker,tabddpm_synthetic,,['en'],ATO,2024-06-18T06:21:00+00:00,117.33,1.22,35,6,1,Tuesday,14,934,4,ATO,en,Bank debit card,0
2446baa9-8a8b-4ac7-b8b9-9c5dac4c9e70,synth_0eed5553ae68,gig_worker,tabddpm_synthetic,,['en'],ATO,2024-01-25T23:26:00+00:00,6000.0,3000.0,45,23,0,Monday,85,2000,100,ATO,en,Bank debit card,0
c9405f38-807e-4495-ba20-b2c5e3cd3f03,synth_ec6006a55265,gig_worker,tabddpm_synthetic,,['en'],ATO,2024-02-22T17:45:00+00:00,193.63,7.79,34,17,1,Tuesday,21,72,0,ATO,en,Bank debit card,0
7dbc8f33-9dbe-4ef4-a4fb-0c4007c7432a,synth_322408f5dfcb,gig_worker,tabddpm_synthetic,,['en'],ATO,2024-01-01T23:09:00+00:00,6000.0,3000.0,45,23,6,Sunday,0,1,100,ATO,en,Bank debit card,0
2c50219f-7803-493b-92fb-933a0f847c2e,synth_a8b27b69f2ea,gig_worker,tabddpm_synthetic,,['en'],ATO,2024-06-24T00:10:00+00:00,1507.76,0.0,18,0,0,Monday,90,1,0,ATO,en,Bank debit card,0
a23561ec-bc46-43b2-9a15-248dbefbf0e3,synth_4d67e0994f50,gig_worker,tabddpm_synthetic,,['en'],CashApp,2024-10-12T12:50:00+00:00,91.28,7.8,35,12,3,Thursday,3,642,4,CashApp,en,Bank debit card,0
af194ded-1f50-4cee-a6ce-b64cc8e6d37b,synth_d90cd743372c,gig_worker,tabddpm_synthetic,,['en'],ATO,2024-08-08T11:28:00+00:00,46.41,19.69,37,11,0,Monday,4,370,0,ATO,en,Bank debit card,0
e7a1efbb-662b-48bc-8ecc-5ba2d56ec7a9,synth_52784396cb2a,gig_worker,tabddpm_synthetic,,['en'],ATO,2024-09-25T02:40:00+00:00,276.94,10.73,45,2,0,Monday,90,1,0,ATO,en,Bank debit card,0
c2f8091e-e759-424e-9a79-b79db0835706,synth_6b2bc072d9bc,gig_worker,tabddpm_synthetic,,['en'],ATO,2024-01-22T10:21:00+00:00,98.82,8.09,41,10,5,Saturday,0,1335,2,ATO,en,Bank debit card,0
4cc96891-225f-40e9-aad6-b44a3c043bfe,synth_6abace261f92,gig_worker,tabddpm_synthetic,,['en'],ATO,2024-06-14T11:05:00+00:00,355.47,0.97,38,11,2,Wednesday,90,1,0,ATO,en,Bank debit card,0
c3f9a3d5-a539-4c21-a544-d93a168af58d,synth_2ef2db2a8e88,gig_worker,tabddpm_synthetic,,['en'],ATO,2024-05-08T00:15:00+00:00,576.52,0.0,30,0,0,Monday,90,1,0,ATO,en,Bank debit card,0
e10cc8bd-67be-45ae-a1d9-06fb3eb1a7b2,synth_d9f4eace76b0,gig_worker,tabddpm_synthetic,,['en'],ATO,2024-01-21T23:26:00+00:00,6000.0,502.43,41,23,4,Friday,3,1,18,ATO,en,Bank debit card,0
a5daa9b5-fb6e-4f72-84c2-28b86deaabcd,synth_92cd33bef458,gig_worker,tabddpm_synthetic,,['en'],ATO,2024-01-04T04:05:00+00:00,26.76,0.0,24,4,0,Monday,90,1,0,ATO,en,Bank debit card,0
93acec1d-dda8-43fa-a161-32ae74bc6eff,synth_2dc053130ced,gig_worker,tabddpm_synthetic,,['en'],ATO,2024-09-26T05:24:00+00:00,5.0,6.51,45,5,3,Thursday,0,832,0,ATO,en,Bank debit card,0
2ccb0fad-d0a5-4c4f-85d8-b13f78bb7c23,synth_2e40d1d028cf,gig_worker,tabddpm_synthetic,,['en'],ATO,2024-07-19T15:09:00+00:00,526.2,20.72,43,15,5,Saturday,1,779,2,ATO,en,Bank debit card,0
60d099bf-39ec-4a43-a57c-6b885cee8abc,synth_3d99eafe949a,gig_worker,tabddpm_synthetic,,['en'],ATO,2024-10-04T23:17:00+00:00,3102.07,136.73,45,23,0,Monday,4,1,91,ATO,en,Bank debit card,1
9ef02cf8-8824-4de5-a1c2-3c81c630bc88,synth_cca01b665f01,gig_worker,tabddpm_synthetic,,['en'],ATO,2024-08-05T10:00:00+00:00,376.31,0.0,43,10,0,Monday,90,1,0,ATO,en,Bank debit card,0
f9dc38e1-9514-4aa6-8301-c00f217ef383,synth_2ee649a69a38,gig_worker,tabddpm_synthetic,,['en'],ATO,2024-03-08T14:27:00+00:00,5.0,1.27,41,14,4,Friday,8,1809,5,ATO,en,Bank debit card,0
1e0f4746-080a-4685-a613-c8955b936320,synth_5ca16276a5b6,gig_worker,tabddpm_synthetic,,['en'],ATO,2024-09-24T00:14:00+00:00,447.83,14.81,45,0,0,Monday,90,1,0,ATO,en,Bank debit card,1
40827ccc-bdd9-4166-9efc-b8aa3e8ad4ab,synth_49a60ef5f137,gig_worker,tabddpm_synthetic,,['en'],ATO,2024-04-28T12:46:00+00:00,255.3,0.0,43,12,0,Monday,90,1,5,ATO,en,Bank debit card,0
98f882f0-9c79-4c44-a35c-73c656900de9,synth_f15f6bc03cb1,gig_worker,tabddpm_synthetic,,['en'],CashApp,2024-08-28T14:40:00+00:00,122.93,23.43,42,14,5,Saturday,9,2000,10,CashApp,en,Bank debit card,0
bfe6b309-6c41-4893-a482-bfbeaa91212a,synth_5c72e8120c3f,gig_worker,tabddpm_synthetic,,['en'],ATO,2024-07-06T23:11:00+00:00,6000.0,3000.0,45,23,0,Monday,90,2000,100,ATO,en,Bank debit card,0
95e73f4c-d150-4cf9-99f4-05dda1d6ed7e,synth_d10e2fc65283,gig_worker,tabddpm_synthetic,,['en'],ATO,2024-08-19T23:27:00+00:00,5.0,0.0,31,23,6,Sunday,3,1,17,ATO,en,Bank debit card,0
ee7d0092-9a66-4ee7-ab12-f4221aef34fe,synth_87902a6e2a51,gig_worker,tabddpm_synthetic,,['en'],ATO,2024-11-12T13:26:00+00:00,160.57,14.54,26,13,4,Friday,9,1,6,ATO,en,Bank debit card,0
ebe4bd0b-a2c7-440d-a8bb-5c4c90f0f7a3,synth_92e7daf9f642,gig_worker,tabddpm_synthetic,,['en'],ATO,2024-07-07T12:08:00+00:00,5.0,2.5,45,12,3,Thursday,8,225,8,ATO,en,Bank debit card,0
8d9b5109-cad2-4591-b55e-98a77c348e25,synth_bd2e1762f45a,gig_worker,tabddpm_synthetic,,['en'],ATO,2024-11-07T23:24:00+00:00,215.76,7.12,21,23,6,Sunday,15,1,0,ATO,en,Bank debit card,0
051b241d-fa14-474f-accf-c7868a87247a,synth_ad598081293e,gig_worker,tabddpm_synthetic,,['en'],ATO,2024-09-24T23:38:00+00:00,6000.0,3000.0,45,23,0,Monday,0,1,100,ATO,en,Bank debit card,0
017e34c5-4c8d-4c3e-957b-2926fd835e96,synth_e80f1397eb79,gig_worker,tabddpm_synthetic,,['en'],ATO,2024-12-09T05:31:00+00:00,148.4,0.0,45,5,0,Monday,90,1,0,ATO,en,Bank debit card,0
6f0b0fde-5aee-4243-baa9-8200d015de5e,synth_9b7c273165ea,gig_worker,tabddpm_synthetic,,['en'],ATO,2024-05-10T23:08:00+00:00,5.0,0.0,36,23,6,Sunday,1,1,20,ATO,en,Bank debit card,0
e28d6edc-a911-4e5b-9167-0d4fa22bcb3c,synth_957859ad06d2,gig_worker,tabddpm_synthetic,,['en'],ATO,2024-11-23T09:30:00+00:00,62.02,5.18,44,9,2,Wednesday,90,1,2,ATO,en,Bank debit card,0
ebd06a5e-4cf5-4348-8a4c-aa135e37abb8,synth_a1ebeb96a92f,gig_worker,tabddpm_synthetic,,['en'],ATO,2024-11-05T00:13:00+00:00,99.13,10.51,19,0,0,Monday,4,1401,14,ATO,en,Bank debit card,0
6d82250a-aa9f-413a-bec4-ebb04edc7ab2,synth_ab9d54a68123,gig_worker,tabddpm_synthetic,,['en'],ATO,2024-05-03T23:13:00+00:00,6000.0,3000.0,45,23,0,Monday,0,1,100,ATO,en,Bank debit card,1
78da9bc5-b69b-4054-8c4b-ec003bb7ffce,synth_5c8bac3f2960,gig_worker,tabddpm_synthetic,,['en'],ATO,2024-03-25T09:50:00+00:00,216.94,1.71,45,9,4,Friday,90,1,0,ATO,en,Bank debit card,0
a96c904b-18c1-415f-b39e-24fbcc56afba,synth_1a0ddb177715,gig_worker,tabddpm_synthetic,,['en'],ATO,2024-11-04T23:19:00+00:00,6000.0,3000.0,45,23,0,Monday,90,1,100,ATO,en,Bank debit card,0
d6c1a845-af81-40c5-937f-d2997d072f22,synth_4c8d24495185,gig_worker,tabddpm_synthetic,,['en'],ATO,2024-08-10T00:40:00+00:00,175.69,0.0,45,0,0,Monday,90,1,0,ATO,en,Bank debit card,0
d95c6447-86d9-4594-a3d0-82de699b3af1,synth_e4e2d23561bd,gig_worker,tabddpm_synthetic,,['en'],ATO,2024-06-26T23:00:00+00:00,6000.0,3000.0,45,23,0,Monday,90,1,100,ATO,en,Bank debit card,0
61a3b871-f605-4fc8-a1d3-d317e2772cfb,synth_f486a821b62c,gig_worker,tabddpm_synthetic,,['en'],ATO,2024-11-17T23:57:00+00:00,6000.0,1812.89,45,23,0,Monday,90,1321,21,ATO,en,Bank debit card,0
0ec790a6-b938-406b-805f-5a5045c5be5c,synth_3021e8ead07e,gig_worker,tabddpm_synthetic,,['en'],ATO,2024-06-09T23:45:00+00:00,6000.0,3000.0,45,23,0,Monday,90,2000,100,ATO,en,Bank debit card,1
a35cfc94-1ff4-4032-8b23-e36f152a4f4b,synth_46596a621e23,gig_worker,tabddpm_synthetic,,['en'],ATO,2024-06-15T23:09:00+00:00,6000.0,3000.0,45,23,0,Monday,90,2000,100,ATO,en,Bank debit card,0
08107712-4086-4865-8285-1c167c5579e3,synth_288f9cbd882b,gig_worker,tabddpm_synthetic,,['en'],ATO,2024-12-21T23:36:00+00:00,5.0,0.0,20,23,6,Sunday,0,536,11,ATO,en,Bank debit card,0
8b7720ee-6fea-4fe8-8390-574e38fe99d8,synth_2f440c76deec,gig_worker,tabddpm_synthetic,,['en'],ATO,2024-08-13T00:03:00+00:00,310.88,0.0,31,0,0,Monday,90,1,0,ATO,en,Bank debit card,0
cb104b4e-94a6-4219-98d5-146c35175ee8,synth_bd6c142fafd3,gig_worker,tabddpm_synthetic,,['en'],ATO,2024-10-28T12:32:00+00:00,5.0,1.28,40,12,1,Tuesday,56,1,0,ATO,en,Bank debit card,0
bec41182-45d7-497e-93e8-5e86134b14d1,synth_73b47dd56b08,gig_worker,tabddpm_synthetic,,['en'],ATO,2024-04-10T00:35:00+00:00,576.2,0.0,45,0,0,Monday,90,1,0,ATO,en,Bank debit card,0
163b1b9d-6042-4d1d-b13f-236707c656c4,synth_0d4c2464a568,gig_worker,tabddpm_synthetic,,['en'],ATO,2024-12-22T23:57:00+00:00,5.0,11.67,42,23,6,Sunday,0,1,100,ATO,en,Bank debit card,1
78a6fa66-be05-4e08-bbb8-ae4f979241f6,synth_0e182ae5edce,gig_worker,tabddpm_synthetic,,['en'],ATO,2024-10-12T13:07:00+00:00,240.75,11.24,36,13,0,Monday,28,296,5,ATO,en,Bank debit card,0
7d58bf0d-5ad1-4aa7-b131-dbf94e2b29c6,synth_4e6ba915c45a,gig_worker,tabddpm_synthetic,,['en'],ATO,2024-05-09T23:35:00+00:00,570.14,31.13,45,23,0,Monday,5,1,50,ATO,en,Bank debit card,1
3e9d86ab-a25e-4c8b-8dbc-d2555c2affae,synth_5a149bd31a2a,gig_worker,tabddpm_synthetic,,['en'],ATO,2024-09-01T15:17:00+00:00,154.34,12.82,34,15,6,Sunday,7,184,9,ATO,en,Bank debit card,0
a6d3577f-39c3-468e-b7a9-898767bfdfeb,synth_6e26ab5bd307,gig_worker,tabddpm_synthetic,,['en'],ATO,2024-08-25T00:27:00+00:00,541.0,0.0,45,0,0,Monday,90,1,0,ATO,en,Bank debit card,0
4037a89e-c2ea-4ca8-9e2e-42f94b8c8140,synth_b4caea1945e1,gig_worker,tabddpm_synthetic,,['en'],ATO,2024-12-11T11:16:00+00:00,88.61,0.0,37,11,0,Monday,90,1,0,ATO,en,Bank debit card,0
b33b6122-61cf-48c5-8785-888bec6f0f04,synth_0c573b62b4a5,gig_worker,tabddpm_synthetic,,['en'],ATO,2024-05-27T00:48:00+00:00,212.83,0.0,45,0,0,Monday,90,1,0,ATO,en,Bank debit card,0
a61d1f27-1998-4182-b4e5-00e6dea3b495,synth_34b9340d26bb,gig_worker,tabddpm_synthetic,,['en'],ATO,2024-08-10T00:20:00+00:00,378.67,0.0,45,0,0,Monday,90,1,0,ATO,en,Bank debit card,0
d354622c-4a74-4d87-9d0b-ec176fa44dba,synth_8cdd6df1f4a1,gig_worker,tabddpm_synthetic,,['en'],ATO,2024-12-14T16:59:00+00:00,316.03,3.89,45,16,0,Monday,90,1,0,ATO,en,Bank debit card,0
77122167-5520-4489-9612-c1b181862195,synth_1fbd1f627f2f,gig_worker,tabddpm_synthetic,,['en'],ATO,2024-04-12T07:43:00+00:00,97.51,24.26,22,7,6,Sunday,51,1048,2,ATO,en,Bank debit card,0
34fdd22d-2a3f-4020-8648-9a32d7606398,synth_87e8e5f3aba5,gig_worker,tabddpm_synthetic,,['en'],ATO,2024-04-18T12:50:00+00:00,467.54,30.78,37,12,0,Monday,7,1534,13,ATO,en,Bank debit card,0
0ca516cc-2536-4a3a-91dd-4e21434ae41d,synth_13e462ee9243,gig_worker,tabddpm_synthetic,,['en'],ATO,2024-07-07T02:48:00+00:00,235.71,0.0,39,2,0,Monday,90,1,0,ATO,en,Bank debit card,0
8624eec4-b6b1-42e7-afc2-f5b9afcaf8b9,synth_02dbd212d804,gig_worker,tabddpm_synthetic,,['en'],ATO,2024-10-13T23:19:00+00:00,5.0,0.0,20,23,6,Sunday,2,1,21,ATO,en,Bank debit card,0
7908d797-cde2-4779-9e76-d97d0d808ede,synth_cc47dd3b5eab,gig_worker,tabddpm_synthetic,,['en'],ATO,2024-04-16T16:11:00+00:00,5.0,0.0,45,16,6,Sunday,0,1578,3,ATO,en,Bank debit card,0
3a944f25-d08e-44d6-865d-9b6380de89e8,synth_896913edbaaf,gig_worker,tabddpm_synthetic,,['en'],ATO,2024-03-09T23:41:00+00:00,5.0,0.0,40,23,6,Sunday,5,172,13,ATO,en,Bank debit card,0
0c1e7ad3-2ae5-44b2-84df-69180e8ff2f8,synth_b01a4e2f1178,gig_worker,tabddpm_synthetic,,['en'],ATO,2024-12-27T23:43:00+00:00,5.0,0.0,45,23,6,Sunday,0,1,100,ATO,en,Bank debit card,1
966be9dd-99a0-4a78-bf68-ad958340d0a0,synth_3702255b8439,gig_worker,tabddpm_synthetic,,['en'],ATO,2024-06-01T12:49:00+00:00,264.16,29.9,32,12,4,Friday,10,644,4,ATO,en,Bank debit card,0
6b785e58-4959-443f-92b6-10ef771523c1,synth_18c5dbbc92e6,gig_worker,tabddpm_synthetic,,['en'],ATO,2024-12-25T23:33:00+00:00,6000.0,3000.0,45,23,6,Sunday,0,1,100,ATO,en,Bank debit card,1
d5f5410c-2e6a-4e5f-8c5b-172fa1d69a93,synth_2fc61830e658,gig_worker,tabddpm_synthetic,,['en'],ATO,2024-02-10T14:30:00+00:00,11.9,0.0,45,14,2,Wednesday,90,1,0,ATO,en,Bank debit card,0
110f0f05-b086-4a4f-8d78-302db0ed29c7,synth_259b72d0bca0,gig_worker,tabddpm_synthetic,,['en'],ATO,2024-07-23T19:24:00+00:00,616.46,27.43,20,19,3,Thursday,75,1,3,ATO,en,Bank debit card,0
234c1982-54d7-4318-acaf-d2b9164a71e2,synth_7a6d170afdcc,gig_worker,tabddpm_synthetic,,['en'],ATO,2024-07-16T07:33:00+00:00,853.0,18.67,44,7,0,Monday,90,1,0,ATO,en,Bank debit card,0
6ed45076-9c89-47a7-88ea-283e4c2992fa,synth_3da8760f882f,gig_worker,tabddpm_synthetic,,['en'],ATO,2024-06-03T13:30:00+00:00,163.68,4.29,29,13,4,Friday,14,1302,5,ATO,en,Bank debit card,0
253a4d29-108e-4d41-8928-af1a3edfff49,synth_73bcd3a06157,gig_worker,tabddpm_synthetic,,['en'],ATO,2024-02-23T11:33:00+00:00,242.23,12.62,33,11,0,Monday,12,585,4,ATO,en,Bank debit card,0
e33a92eb-45d0-4387-a5d8-195d86d2958c,synth_9e35fcb99f34,gig_worker,tabddpm_synthetic,,['en'],ATO,2024-10-02T21:29:00+00:00,5.0,0.0,45,21,0,Monday,90,2,0,ATO,en,Bank debit card,0
ba89ae7b-5f83-42a3-a7f7-f10162884adf,synth_df6289b5ffce,gig_worker,tabddpm_synthetic,,['en'],ATO,2024-02-26T23:18:00+00:00,6000.0,3000.0,45,23,0,Monday,12,2000,100,ATO,en,Bank debit card,0
951ec33e-9479-44c0-aa9e-59aedac3f609,synth_42b66fd9a484,gig_worker,tabddpm_synthetic,,['en'],ATO,2024-06-20T04:22:00+00:00,46.11,7.2,23,4,2,Wednesday,1,121,7,ATO,en,Bank debit card,0
1d0ac2d4-c24c-43e1-91d6-a281e03d7037,synth_98879aab5a26,gig_worker,tabddpm_synthetic,,['en'],ATO,2024-10-25T23:02:00+00:00,28.24,36.82,22,23,6,Sunday,0,1,100,ATO,en,Bank debit card,0
b0daed5a-5ae3-4e23-9aff-6a3b1eb2e37d,synth_15bcce17a3ea,gig_worker,tabddpm_synthetic,,['en'],ATO,2024-12-24T21:24:00+00:00,6000.0,941.81,45,21,0,Monday,9,1,21,ATO,en,Bank debit card,0
3a93fa8b-828e-4a80-b660-bb77e40791d7,synth_e24b6600b782,gig_worker,tabddpm_synthetic,,['en'],ATO,2024-12-21T03:39:00+00:00,140.83,0.58,45,3,2,Wednesday,9,1670,0,ATO,en,Bank debit card,0
ecf10f1c-6429-4ea6-85bf-aabc5b5be41f,synth_e3670e6ee78a,gig_worker,tabddpm_synthetic,,['en'],ATO,2024-08-21T23:59:00+00:00,6000.0,3000.0,45,23,0,Monday,58,2000,100,ATO,en,Bank debit card,0
5919bcb1-6451-48f8-a73b-bc206bc3f352,synth_eecd20705493,gig_worker,tabddpm_synthetic,,['en'],ATO,2024-12-13T10:12:00+00:00,286.04,6.76,37,10,0,Monday,90,1,3,ATO,en,Bank debit card,0
965c3250-114c-4f1b-9caf-71579a9b81f0,synth_ab260bec1dfe,gig_worker,tabddpm_synthetic,,['en'],ATO,2024-01-29T09:04:00+00:00,72.9,8.46,25,9,5,Saturday,12,1379,2,ATO,en,Bank debit card,0
cfa219af-e3fb-40b4-be12-2f290952542c,synth_0c591bacb611,gig_worker,tabddpm_synthetic,,['en'],ATO,2024-10-23T03:12:00+00:00,5.0,1.34,45,3,0,Monday,0,2000,12,ATO,en,Bank debit card,0
4068b69f-54f2-462e-8a73-91fc2cb51173,synth_020ae6a99212,gig_worker,tabddpm_synthetic,,['en'],ATO,2024-11-11T23:06:00+00:00,6000.0,3000.0,45,23,0,Monday,0,2000,100,ATO,en,Bank debit card,0
c46bf893-23f4-4405-b3d5-afcc5b4ea94e,synth_9858ee1d871a,gig_worker,tabddpm_synthetic,,['en'],ATO,2024-05-23T00:30:00+00:00,516.75,0.0,37,0,0,Monday,90,1,0,ATO,en,Bank debit card,0
47e74e78-f544-4232-8b6c-837e64d96b81,synth_ddb9afc39785,gig_worker,tabddpm_synthetic,,['en'],ATO,2024-07-24T13:58:00+00:00,5.0,0.0,21,13,0,Monday,13,1399,5,ATO,en,Bank debit card,0
c337f69d-556f-4ed3-91b9-ade277a050eb,synth_16385fb8a39d,gig_worker,tabddpm_synthetic,,['en'],ATO,2024-07-21T03:44:00+00:00,214.17,0.0,45,3,0,Monday,90,1,0,ATO,en,Bank debit card,0
dc7298d5-3a55-4ca8-8f9c-90482cc6d64b,synth_b4ce8d2ef697,gig_worker,tabddpm_synthetic,,['en'],ATO,2024-06-28T13:23:00+00:00,206.96,10.39,20,13,4,Friday,6,1839,7,ATO,en,Bank debit card,0
c03b8a82-16f2-4339-b5eb-2c6590081167,synth_6d1b57e73113,gig_worker,tabddpm_synthetic,,['en'],ATO,2024-02-18T00:32:00+00:00,293.69,0.0,37,0,0,Monday,90,1,0,ATO,en,Bank debit card,0
b10dfdd2-57da-400e-82e8-c998c42a9c68,synth_7198453e0870,gig_worker,tabddpm_synthetic,,['en'],ATO,2024-05-26T16:36:00+00:00,5.0,7.98,45,16,3,Thursday,7,2000,5,ATO,en,Bank debit card,0
1b11f5e6-2499-4d55-b78d-aedcd8376391,synth_c77497b8ba5e,gig_worker,tabddpm_synthetic,,['en'],ATO,2024-06-11T23:36:00+00:00,353.52,18.43,34,23,3,Thursday,25,1,4,ATO,en,Bank debit card,0
55221fbb-c4f1-4735-b6cf-f28918973dd2,synth_2a9f5a65b663,gig_worker,tabddpm_synthetic,,['en'],ATO,2024-09-17T23:24:00+00:00,6000.0,3000.0,45,23,0,Monday,90,2000,100,ATO,en,Bank debit card,0
e3fb93fe-d638-492c-8aca-91b9e541ec74,synth_ca4155c06ced,gig_worker,tabddpm_synthetic,,['en'],CashApp,2024-06-11T09:18:00+00:00,178.77,10.38,37,9,1,Tuesday,6,56,10,CashApp,en,Bank debit card,0
f91a6ecc-6dd9-4a4a-837b-9ebee8e341f6,synth_687ca86b7c96,gig_worker,tabddpm_synthetic,,['en'],CashApp,2024-05-06T14:47:00+00:00,357.87,23.1,45,14,2,Wednesday,3,164,12,CashApp,en,Bank debit card,0
88f35c8a-3a33-475f-bf91-b3da1decd1a4,synth_e8ded570ebde,gig_worker,tabddpm_synthetic,,['en'],ATO,2024-09-20T14:43:00+00:00,95.93,2.82,32,14,5,Saturday,0,1231,9,ATO,en,Bank debit card,0
109d2f43-96f3-441e-ac3a-f55a144dc369,synth_95fecf4a9ce6,gig_worker,tabddpm_synthetic,,['en'],ATO,2024-10-14T10:35:00+00:00,92.45,20.75,19,10,2,Wednesday,10,1092,10,ATO,en,Bank debit card,0
41450428-cb8e-4b97-ba5d-364d8d4a48e9,synth_bf0408290fc2,gig_worker,tabddpm_synthetic,,['en'],ATO,2024-01-27T00:18:00+00:00,264.13,0.0,44,0,0,Monday,90,1,0,ATO,en,Bank debit card,0
6c52c019-b644-41b8-91bb-68c98a0cca56,synth_386a57be060a,gig_worker,tabddpm_synthetic,,['en'],ATO,2024-09-02T00:28:00+00:00,381.61,0.0,36,0,0,Monday,90,1,0,ATO,en,Bank debit card,1
f6cf0921-b1a8-4d9a-b170-7b8b1718f905,synth_fa23ae380147,gig_worker,tabddpm_synthetic,,['en'],ATO,2024-12-26T11:03:00+00:00,363.93,16.22,35,11,1,Tuesday,74,1,0,ATO,en,Bank debit card,0
3363c85f-b0aa-4d47-a4f6-4291c27687e2,synth_9985b8b6d29b,gig_worker,tabddpm_synthetic,,['en'],ATO,2024-05-12T14:41:00+00:00,8.49,7.35,23,14,0,Monday,6,1574,6,ATO,en,Bank debit card,0
9199c3b3-abef-448d-bcfa-411e5e21362c,synth_df48984f2875,gig_worker,tabddpm_synthetic,,['en'],ATO,2024-03-10T00:31:00+00:00,708.6,0.0,45,0,0,Monday,90,1,0,ATO,en,Bank debit card,0
839ecba1-7f6a-441d-9892-69c389b91807,synth_c43ad138d6d0,gig_worker,tabddpm_synthetic,,['en'],ATO,2024-01-15T14:19:00+00:00,108.36,0.0,41,14,0,Monday,14,1198,0,ATO,en,Bank debit card,0
34ec6cf2-443f-4001-879c-b093e270bf3c,synth_3dcb8c328df9,gig_worker,tabddpm_synthetic,,['en'],ATO,2024-06-26T14:18:00+00:00,5.0,5.11,45,14,0,Monday,3,1070,12,ATO,en,Bank debit card,0
02257854-68b0-476c-b026-6940a4f1c411,synth_7f288be7c057,gig_worker,tabddpm_synthetic,,['en'],ATO,2024-12-17T11:18:00+00:00,307.47,28.82,29,11,1,Tuesday,90,1,9,ATO,en,Bank debit card,0
8b6b98db-3d1f-465b-a4bb-584bd0287608,synth_dda14219036c,gig_worker,tabddpm_synthetic,,['en'],ATO,2024-05-05T11:54:00+00:00,5.0,17.28,38,11,2,Wednesday,45,1,1,ATO,en,Bank debit card,0
a476b3a4-a574-4df2-b1f2-f7709598cdf0,synth_763798d1eead,gig_worker,tabddpm_synthetic,,['en'],ATO,2024-02-08T04:39:00+00:00,2018.95,67.4,45,4,0,Monday,12,1,45,ATO,en,Bank debit card,1
9a570e02-7ed5-4a11-be07-6cb956af3a5b,synth_972ba11d2fdb,gig_worker,tabddpm_synthetic,,['en'],ATO,2024-06-30T23:27:00+00:00,6000.0,3000.0,45,23,0,Monday,90,2000,100,ATO,en,Bank debit card,0
d68c35de-c189-48d3-a57b-263ed84a177a,synth_37187637c04e,gig_worker,tabddpm_synthetic,,['en'],ATO,2024-02-07T23:39:00+00:00,6000.0,3000.0,45,23,0,Monday,90,2000,100,ATO,en,Bank debit card,0
813c8944-4a97-4311-b8c3-752261a7d29c,synth_5ad98a40f3e3,gig_worker,tabddpm_synthetic,,['en'],CashApp,2024-08-10T05:21:00+00:00,240.82,16.05,41,5,1,Tuesday,10,178,6,CashApp,en,Bank debit card,0
1be427de-198d-43fa-beda-e95dda002801,synth_f72b7d3199a5,gig_worker,tabddpm_synthetic,,['en'],ATO,2024-04-04T23:43:00+00:00,6000.0,2126.15,45,23,0,Monday,16,1332,86,ATO,en,Bank debit card,0
2c8f4e96-8a90-40ad-ad18-b7e51c591f8c,synth_4087706e0a36,gig_worker,tabddpm_synthetic,,['en'],ATO,2024-10-27T11:38:00+00:00,120.9,2.7,45,11,4,Friday,67,1,6,ATO,en,Bank debit card,0
01c170cc-193e-4702-907a-81bfe6492138,synth_48db1b8ddf6a,gig_worker,tabddpm_synthetic,,['en'],ATO,2024-01-12T13:29:00+00:00,37.99,7.36,43,13,5,Saturday,1,1672,6,ATO,en,Bank debit card,0
62b25b15-1ca6-4ceb-93d0-159f980260ab,synth_cf7124dd4ceb,gig_worker,tabddpm_synthetic,,['en'],ATO,2024-06-02T10:31:00+00:00,5.0,8.49,18,10,0,Monday,5,1513,1,ATO,en,Bank debit card,0
87007799-7d16-4b87-a317-e4f1a92f6bd7,synth_75fe2542bfeb,gig_worker,tabddpm_synthetic,,['en'],ATO,2024-11-30T11:20:00+00:00,341.3,26.65,38,11,4,Friday,28,600,0,ATO,en,Bank debit card,0
61d8c1cb-5082-40d8-a38a-d50e3af69b89,synth_d700db664079,gig_worker,tabddpm_synthetic,,['en'],ATO,2024-08-10T08:02:00+00:00,5.0,16.02,42,8,5,Saturday,7,367,4,ATO,en,Bank debit card,0
fc2c5392-0f84-470e-8a2a-f7f3477ea2be,synth_17d4c294be42,gig_worker,tabddpm_synthetic,,['en'],ATO,2024-10-20T23:33:00+00:00,6000.0,3000.0,45,23,0,Monday,50,2000,100,ATO,en,Bank debit card,0
0110f1ff-9b30-44ac-93d2-d2f7a55d425a,synth_d74788f049a9,gig_worker,tabddpm_synthetic,,['en'],ATO,2024-10-03T01:57:00+00:00,382.45,0.0,45,1,0,Monday,90,1,0,ATO,en,Bank debit card,0
5f632397-e5e2-43d3-bdae-5e668445d124,synth_88f84eb428e1,gig_worker,tabddpm_synthetic,,['en'],ATO,2024-02-14T23:09:00+00:00,343.07,30.58,34,23,6,Sunday,6,1,0,ATO,en,Bank debit card,0
32bb75f2-d425-4410-940a-bb81922919aa,synth_3f8d80a5e267,gig_worker,tabddpm_synthetic,,['en'],ATO,2024-10-26T00:44:00+00:00,170.14,0.0,45,0,0,Monday,90,1,0,ATO,en,Bank debit card,0
79560f48-3164-486a-a7cb-f8d7001df47d,synth_ff35b9ffe82f,gig_worker,tabddpm_synthetic,,['en'],CashApp,2024-09-21T12:51:00+00:00,166.28,0.0,18,12,4,Friday,15,2000,3,CashApp,en,Bank debit card,0
7317bb07-5944-4ed7-b417-7be26738ba5c,synth_88474b7534d6,gig_worker,tabddpm_synthetic,,['en'],ATO,2024-05-15T00:20:00+00:00,519.44,0.0,34,0,0,Monday,90,1,0,ATO,en,Bank debit card,0
8a32b263-fc28-4445-ac45-d4580fb563f6,synth_fc37a79e1398,gig_worker,tabddpm_synthetic,,['en'],ATO,2024-02-28T16:21:00+00:00,102.76,5.08,45,16,5,Saturday,17,1024,4,ATO,en,Bank debit card,0
12deb47e-3f7c-4637-95bf-505cad689a95,synth_3d280a485b83,gig_worker,tabddpm_synthetic,,['en'],ATO,2024-10-11T00:01:00+00:00,193.83,0.0,45,0,0,Monday,90,1,0,ATO,en,Bank debit card,0
8f1eb093-49db-4792-ab22-b7239e0bff00,synth_4ccf0f8e81a3,gig_worker,tabddpm_synthetic,,['en'],ATO,2024-04-04T09:31:00+00:00,202.62,11.68,25,9,6,Sunday,12,577,4,ATO,en,Bank debit card,0
be1e8d1c-0c67-4606-8443-de7750acbb82,synth_8573ffd8de7f,gig_worker,tabddpm_synthetic,,['en'],ATO,2024-04-02T09:26:00+00:00,5.0,2.87,45,9,4,Friday,26,1,0,ATO,en,Bank debit card,0
41b1b185-a4e7-40d6-a90e-491b2e4c61ae,synth_392f5f6ad9f0,gig_worker,tabddpm_synthetic,,['en'],CashApp,2024-02-20T16:20:00+00:00,5.0,0.84,35,16,0,Monday,8,1709,7,CashApp,en,Bank debit card,0
c09a96d2-0101-493f-8128-7808a889452a,synth_954b8f072643,gig_worker,tabddpm_synthetic,,['en'],ATO,2024-01-20T20:05:00+00:00,5.0,0.0,45,20,4,Friday,26,1613,1,ATO,en,Bank debit card,0
d604c26b-b87d-4fe1-9c39-fe8abc2ee232,synth_eddad214e429,gig_worker,tabddpm_synthetic,,['en'],ATO,2024-02-22T08:08:00+00:00,162.4,13.42,24,8,3,Thursday,4,612,9,ATO,en,Bank debit card,0
cd307fc3-e688-4bf6-9721-1c74f41469c5,synth_6254ee76688d,gig_worker,tabddpm_synthetic,,['en'],ATO,2024-11-05T17:34:00+00:00,1570.52,116.15,33,17,1,Tuesday,0,476,5,ATO,en,Bank debit card,0
f522d599-192f-4e42-8ddd-bf7b00ed8dcf,synth_da1400f24002,gig_worker,tabddpm_synthetic,,['en'],ATO,2024-02-18T09:49:00+00:00,79.18,8.22,30,9,1,Tuesday,41,493,2,ATO,en,Bank debit card,0
8c751f3f-cfa8-4ca6-af5e-71756c0fb3e5,synth_48da6a5d26d7,gig_worker,tabddpm_synthetic,,['en'],ATO,2024-04-15T21:45:00+00:00,100.83,6.27,27,21,5,Saturday,5,1,5,ATO,en,Bank debit card,0
a9fe4048-0ff0-472d-8357-83dfe2cbdb11,synth_ab6eaf1b7dde,gig_worker,tabddpm_synthetic,,['en'],ATO,2024-03-09T13:04:00+00:00,530.24,28.47,43,13,4,Friday,12,102,2,ATO,en,Bank debit card,0
76a7a276-4873-4f48-a0c5-0e4b5f46edea,synth_a2840b2dd96f,gig_worker,tabddpm_synthetic,,['en'],ATO,2024-08-31T23:47:00+00:00,728.18,33.2,18,23,1,Tuesday,68,1,0,ATO,en,Bank debit card,0
4624f7e1-f805-4c3b-a003-73c0a59ec909,synth_a55207e19957,gig_worker,tabddpm_synthetic,,['en'],ATO,2024-03-02T23:53:00+00:00,6000.0,3000.0,45,23,0,Monday,64,2000,100,ATO,en,Bank debit card,0
d3f84657-13f4-49e3-8858-2cd714f86dfd,synth_5b162f02c76b,gig_worker,tabddpm_synthetic,,['en'],ATO,2024-02-20T10:08:00+00:00,5.0,0.16,42,10,5,Saturday,1,1533,2,ATO,en,Bank debit card,0
26ebc469-a0be-4506-9d4e-c637ba6b45db,synth_48977a806d9d,gig_worker,tabddpm_synthetic,,['en'],ATO,2024-09-05T00:32:00+00:00,857.3,79.44,45,0,0,Monday,0,1,57,ATO,en,Bank debit card,1
143e8f48-a7cc-4af2-9e27-fdad2a5bf97e,synth_703a2b44f1b0,gig_worker,tabddpm_synthetic,,['en'],ATO,2024-04-07T06:54:00+00:00,466.45,0.0,45,6,0,Monday,90,1,0,ATO,en,Bank debit card,0
ee0dc13b-1fa1-4f29-89aa-5f64333ce830,synth_c1773aa3267f,gig_worker,tabddpm_synthetic,,['en'],ATO,2024-10-05T23:12:00+00:00,6000.0,3000.0,45,23,0,Monday,90,2000,100,ATO,en,Bank debit card,0
08daeef9-c644-4ab0-b588-e1f4682673cf,synth_b15611a21225,gig_worker,tabddpm_synthetic,,['en'],ATO,2024-01-22T13:46:00+00:00,5.0,0.68,45,13,3,Thursday,50,1,0,ATO,en,Bank debit card,0
da4c79c0-d125-44ad-96e4-8ac0bbf25dd1,synth_d76bb48b480c,gig_worker,tabddpm_synthetic,,['en'],ATO,2024-01-02T23:04:00+00:00,6000.0,3000.0,45,23,0,Monday,14,2000,100,ATO,en,Bank debit card,0
019fffc6-c1d3-4e5f-8d59-076778ff43b9,synth_ecd120ffd93a,gig_worker,tabddpm_synthetic,,['en'],ATO,2024-08-15T23:31:00+00:00,6000.0,3000.0,45,23,0,Monday,0,2000,100,ATO,en,Bank debit card,0
8aa97256-f73d-4e13-9f33-228b55f1c8b5,synth_fa7bf012653f,gig_worker,tabddpm_synthetic,,['en'],ATO,2024-02-28T07:26:00+00:00,301.63,20.67,26,7,3,Thursday,3,1181,5,ATO,en,Bank debit card,0
90ef24e6-9fd1-41fb-a843-e62cb55cfe7c,synth_3809e0fca879,gig_worker,tabddpm_synthetic,,['en'],ATO,2024-01-12T12:34:00+00:00,5.0,0.0,42,12,3,Thursday,4,615,2,ATO,en,Bank debit card,0
4f389ee3-1fe2-499b-a460-2965066e105e,synth_a7cc9286a005,gig_worker,tabddpm_synthetic,,['en'],ATO,2024-02-18T06:32:00+00:00,213.53,7.79,18,6,2,Wednesday,10,676,8,ATO,en,Bank debit card,0
92caec25-c7dd-4be2-82c5-33bb55fdbc86,synth_12b972d55cac,gig_worker,tabddpm_synthetic,,['en'],ATO,2024-10-22T15:59:00+00:00,762.54,5.01,35,15,0,Monday,37,217,9,ATO,en,Bank debit card,0
00d3823c-de42-488f-bd8c-de107edf540d,synth_5a6b8f8408f2,gig_worker,tabddpm_synthetic,,['en'],CashApp,2024-03-16T08:04:00+00:00,5.0,8.73,29,8,2,Wednesday,5,1683,11,CashApp,en,Bank debit card,0
026cbfd5-7405-467e-8d78-f1aa7777ac29,synth_f820f5603488,gig_worker,tabddpm_synthetic,,['en'],ATO,2024-02-28T23:04:00+00:00,6000.0,3000.0,45,23,0,Monday,90,2000,100,ATO,en,Bank debit card,0
3d5264fc-f217-453b-8ab7-3fdc02bccba2,synth_07bea08c5e7d,gig_worker,tabddpm_synthetic,,['en'],CashApp,2024-02-04T18:10:00+00:00,5.0,0.0,29,18,5,Saturday,2,1636,9,CashApp,en,Bank debit card,0
9ba9365c-c92c-4d60-935b-45781611eef6,synth_8c1e4766e272,gig_worker,tabddpm_synthetic,,['en'],ATO,2024-02-04T06:05:00+00:00,84.69,2.61,45,6,5,Saturday,1,1430,2,ATO,en,Bank debit card,0
70741c9a-4e01-4bbf-87d9-a450f5d4b26f,synth_39060d63421a,gig_worker,tabddpm_synthetic,,['en'],ATO,2024-10-20T23:45:00+00:00,6000.0,3000.0,45,23,0,Monday,90,2000,100,ATO,en,Bank debit card,0
2a62f4b6-7ef8-4fdf-9fef-95ba65cbce0f,synth_93724970df86,gig_worker,tabddpm_synthetic,,['en'],ATO,2024-06-01T16:41:00+00:00,5.0,0.0,45,16,2,Wednesday,90,1,0,ATO,en,Bank debit card,0
df1dfe17-a832-456a-8581-4a3a8562bf60,synth_dbae65fbc9c4,gig_worker,tabddpm_synthetic,,['en'],ATO,2024-01-05T09:07:00+00:00,327.9,6.85,39,9,0,Monday,90,1,0,ATO,en,Bank debit card,0
b2ae03ac-4072-44c7-b178-04a3e9631f57,synth_15e786d0a2f5,gig_worker,tabddpm_synthetic,,['en'],ATO,2024-03-30T15:27:00+00:00,5.0,4.66,28,15,5,Saturday,4,1506,11,ATO,en,Bank debit card,0
0046c36e-adb8-48a4-a214-90ec61417498,synth_137cf848be78,gig_worker,tabddpm_synthetic,,['en'],ATO,2024-11-09T01:48:00+00:00,263.12,0.0,45,1,0,Monday,90,1,0,ATO,en,Bank debit card,0
b3f6ffbc-a6b0-4b07-8f00-b50cf19f8681,synth_08a0086dcad1,gig_worker,tabddpm_synthetic,,['en'],ATO,2024-12-03T06:37:00+00:00,333.43,0.0,42,6,0,Monday,90,1,0,ATO,en,Bank debit card,0
00d9a4d5-3563-482e-8ab5-4347d3f4d79c,synth_834224e14e98,gig_worker,tabddpm_synthetic,,['en'],ATO,2024-11-26T00:43:00+00:00,243.16,0.0,45,0,0,Monday,90,1,0,ATO,en,Bank debit card,0
2794bd0d-b624-4f5e-a70a-f1a2b2b1547b,synth_52126ef06b3e,gig_worker,tabddpm_synthetic,,['en'],ATO,2024-11-17T14:58:00+00:00,30.87,3.07,25,14,1,Tuesday,12,1816,0,ATO,en,Bank debit card,0
96f18d74-009a-447a-8b2a-ee318edd1743,synth_ebd26ca2c473,gig_worker,tabddpm_synthetic,,['en'],ATO,2024-11-03T10:46:00+00:00,6000.0,1358.89,45,10,0,Monday,12,2000,8,ATO,en,Bank debit card,0
015ea246-9f7e-4f04-af17-f64631c0dd80,synth_c4139e7a7370,gig_worker,tabddpm_synthetic,,['en'],ATO,2024-09-14T15:36:00+00:00,166.41,25.3,18,15,6,Sunday,7,896,15,ATO,en,Bank debit card,0
01e05601-b6f5-466e-bc31-b0e7a25b4f33,synth_1589feb97e6c,gig_worker,tabddpm_synthetic,,['en'],ATO,2024-08-05T23:37:00+00:00,5.0,0.0,45,23,6,Sunday,0,1,68,ATO,en,Bank debit card,0
b4593f61-6aa0-400e-899c-8564cde1f52d,synth_f60709fabbd2,gig_worker,tabddpm_synthetic,,['en'],ATO,2024-01-12T02:45:00+00:00,1469.92,66.94,35,2,0,Monday,0,1,28,ATO,en,Bank debit card,1
29c0ac14-5611-4cb4-8933-1bbb2bd94cc8,synth_77a32b15d718,gig_worker,tabddpm_synthetic,,['en'],ATO,2024-01-02T23:39:00+00:00,83.46,2.33,45,23,5,Saturday,4,1,89,ATO,en,Bank debit card,1
364939ab-4c86-4b94-85b8-36095f5b6bff,synth_bbddcf2b009f,gig_worker,tabddpm_synthetic,,['en'],ATO,2024-03-08T07:16:00+00:00,5.0,2.46,44,7,4,Friday,42,193,1,ATO,en,Bank debit card,0
6124ee54-afde-4b69-8346-cb2382f8c53a,synth_afa410bfe0f1,gig_worker,tabddpm_synthetic,,['en'],ATO,2024-03-02T09:39:00+00:00,114.61,4.83,29,9,1,Tuesday,8,235,8,ATO,en,Bank debit card,0
a322fde0-9268-40ea-b06f-9131d30f204e,synth_b54d52d20806,gig_worker,tabddpm_synthetic,,['en'],ATO,2024-12-27T11:12:00+00:00,398.22,41.89,29,11,0,Monday,5,1375,5,ATO,en,Bank debit card,0
de13a2cc-3768-4e80-91ac-b2b17d3067ce,synth_b0eaf0062add,gig_worker,tabddpm_synthetic,,['en'],ATO,2024-06-22T15:06:00+00:00,402.59,6.57,25,15,6,Sunday,0,1270,7,ATO,en,Bank debit card,0
5d9775e3-aa0d-4af8-8e54-27f5b61807b4,synth_c9f05c559294,gig_worker,tabddpm_synthetic,,['en'],ATO,2024-03-10T08:24:00+00:00,5.0,8.61,45,8,0,Monday,0,2000,9,ATO,en,Bank debit card,0
8b5b3aa9-f29a-46d5-9a8e-bad6056b95ec,synth_7eb87b938047,gig_worker,tabddpm_synthetic,,['en'],ATO,2024-05-19T03:49:00+00:00,43.36,7.49,43,3,0,Monday,3,1578,5,ATO,en,Bank debit card,0
e7f70e20-ca26-46ac-8f08-a8e034534ae2,synth_0df01eb8913e,gig_worker,tabddpm_synthetic,,['en'],ATO,2024-10-05T23:44:00+00:00,255.16,22.27,27,23,6,Sunday,39,1,1,ATO,en,Bank debit card,0
3372fd3f-c400-4d5e-8911-0c9a338e746f,synth_6792008906d4,gig_worker,tabddpm_synthetic,,['en'],ATO,2024-06-23T02:34:00+00:00,164.07,10.75,31,2,3,Thursday,25,637,6,ATO,en,Bank debit card,0
38707bc1-581b-4f3f-8f9a-dffea22daa2a,synth_103c58a66f18,gig_worker,tabddpm_synthetic,,['es'],ATO,2024-09-06T23:46:00+00:00,5.0,11.59,30,23,2,Wednesday,0,1063,24,ATO,es,Bank debit card,0
f281cf9c-f3e3-4b74-9f60-a358155095a3,synth_aeea9900d995,gig_worker,tabddpm_synthetic,,['en'],ATO,2024-02-10T10:16:00+00:00,596.02,18.42,35,10,0,Monday,16,1,3,ATO,en,Bank debit card,0
7c5c84b5-fc88-4448-8bee-5be3513cbf82,synth_63232676c83f,gig_worker,tabddpm_synthetic,,['en'],ATO,2024-05-06T15:10:00+00:00,5.0,0.0,32,15,2,Wednesday,8,2000,8,ATO,en,Bank debit card,0
092011a8-fdcf-4e1c-833d-1f17b0018ed6,synth_6fb075ec4cf9,gig_worker,tabddpm_synthetic,,['en'],ATO,2024-09-11T10:17:00+00:00,68.67,2.57,35,10,6,Sunday,64,1,2,ATO,en,Bank debit card,0
42e3ce4c-6a5a-4173-b3ba-83e916d77f93,synth_07fed23292e7,gig_worker,tabddpm_synthetic,,['en'],ATO,2024-03-02T07:15:00+00:00,323.54,22.29,40,7,0,Monday,29,1,5,ATO,en,Bank debit card,0
cae839ac-acf7-4cdd-a698-dee5ec67764c,synth_2826675d5fd8,gig_worker,tabddpm_synthetic,,['en'],ATO,2024-04-10T00:53:00+00:00,357.58,0.0,45,0,0,Monday,90,1,0,ATO,en,Bank debit card,0
afa46e13-92f6-4365-8453-dbec70bc916c,synth_0563987a852c,gig_worker,tabddpm_synthetic,,['en'],ATO,2024-09-13T15:30:00+00:00,5.0,0.0,45,15,4,Friday,14,1424,5,ATO,en,Bank debit card,0
9cd9f6f5-0f60-419f-8d0e-9c7d30fec150,synth_dc3705fc5e92,gig_worker,tabddpm_synthetic,,['en'],ATO,2024-12-13T23:12:00+00:00,6000.0,3000.0,45,23,0,Monday,90,2000,100,ATO,en,Bank debit card,0
c9216d50-e421-4d71-8ba2-3800b93ddc57,synth_9b085cd7fd52,gig_worker,tabddpm_synthetic,,['en'],ATO,2024-03-25T23:28:00+00:00,1786.53,65.42,32,23,0,Monday,41,1,0,ATO,en,Bank debit card,0
151f4ecf-f76e-4962-85e3-f5591521e621,synth_724cc4831821,gig_worker,tabddpm_synthetic,,['en'],ATO,2024-05-21T21:47:00+00:00,121.0,13.5,38,21,2,Wednesday,0,1,4,ATO,en,Bank debit card,0
0ad6a4ad-9cef-4863-9bd4-dbedf056b351,synth_2f2bb93fa7c7,gig_worker,tabddpm_synthetic,,['en'],ATO,2024-02-02T23:36:00+00:00,6000.0,3000.0,45,23,0,Monday,0,1,100,ATO,en,Bank debit card,0
7d97c9d4-da1e-4979-abfc-d1f3ab887281,synth_b83dd60d8fc2,gig_worker,tabddpm_synthetic,,['en'],ATO,2024-11-22T09:26:00+00:00,88.4,0.8,36,9,4,Friday,9,431,4,ATO,en,Bank debit card,0
aa9036bc-46ae-48c1-831e-96ed7f7cc5a3,synth_edd04f16bd05,gig_worker,tabddpm_synthetic,,['en'],ATO,2024-07-04T04:12:00+00:00,5.26,6.14,35,4,1,Tuesday,12,1872,6,ATO,en,Bank debit card,0
914ab39a-e636-456d-9af5-eaf37de81b7e,synth_fbbf312211c0,gig_worker,tabddpm_synthetic,,['en'],ATO,2024-02-05T12:03:00+00:00,461.75,31.45,24,12,2,Wednesday,2,1017,6,ATO,en,Bank debit card,0
811cef75-1ba4-417d-b781-d0ea87eb69ca,synth_6824a79bc006,gig_worker,tabddpm_synthetic,,['en'],CashApp,2024-05-17T13:59:00+00:00,220.44,25.04,25,13,0,Monday,8,1825,8,CashApp,en,Bank debit card,0
018d4492-6522-4ea4-b370-33389fc6fd16,synth_584a2f947581,gig_worker,tabddpm_synthetic,,['en'],ATO,2024-02-06T04:02:00+00:00,433.44,0.0,45,4,0,Monday,90,1,0,ATO,en,Bank debit card,0
109b56f3-ae69-48af-984c-8dd7ed1554a7,synth_800c1e467d02,gig_worker,tabddpm_synthetic,,['en'],ATO,2024-01-31T20:07:00+00:00,391.56,26.9,28,20,3,Thursday,12,931,7,ATO,en,Bank debit card,0
d2c891a8-9210-4ac2-b698-de69fc78ff2c,synth_91e975a407ec,gig_worker,tabddpm_synthetic,,['en'],ATO,2024-07-12T23:51:00+00:00,6000.0,490.91,45,23,6,Sunday,2,1,100,ATO,en,Bank debit card,1
a540435e-fe84-4261-ad4b-225201d997f4,synth_7c2208ce5f2e,gig_worker,tabddpm_synthetic,,['en'],ATO,2024-05-25T23:16:00+00:00,225.38,31.64,45,23,1,Tuesday,0,1,63,ATO,en,Bank debit card,1
2042e158-ebfb-43bd-acbe-9fe539a788a4,synth_678b1d3b3ceb,gig_worker,tabddpm_synthetic,,['en'],ATO,2024-12-23T23:21:00+00:00,5.0,0.0,45,23,6,Sunday,0,1,72,ATO,en,Bank debit card,0
ba3c9ec0-d3f9-4600-8fbf-e28f8f128c19,synth_694ee230da58,gig_worker,tabddpm_synthetic,,['en'],ATO,2024-01-10T00:47:00+00:00,725.03,0.0,27,0,0,Monday,90,1,0,ATO,en,Bank debit card,0
4cd626e1-ce3c-435b-bcba-ce2ea4361fa0,synth_4560e4bb36bd,gig_worker,tabddpm_synthetic,,['en'],ATO,2024-08-20T23:38:00+00:00,6000.0,596.2,45,23,6,Sunday,5,1,100,ATO,en,Bank debit card,0
8aab0098-adf3-4ca9-af78-a93f8d7586eb,synth_7a135faa38cd,gig_worker,tabddpm_synthetic,,['en'],ATO,2024-10-06T23:40:00+00:00,6000.0,3000.0,45,23,0,Monday,0,2000,100,ATO,en,Bank debit card,0
5e0ed941-d4b6-4b97-a4bf-a524c88c6f92,synth_636fbe8dd8fb,gig_worker,tabddpm_synthetic,,['en'],ATO,2024-07-09T11:06:00+00:00,5.0,5.42,45,11,4,Friday,1,1905,10,ATO,en,Bank debit card,0
b49e98f3-46dc-474b-ba7a-b9c1e52314df,synth_b7deeb8e8386,gig_worker,tabddpm_synthetic,,['en'],ATO,2024-11-19T19:29:00+00:00,254.5,8.03,36,19,5,Saturday,22,1008,4,ATO,en,Bank debit card,0
bf71a785-ba49-41bd-817e-6a706002ade0,synth_5f999bbaeb62,gig_worker,tabddpm_synthetic,,['en'],ATO,2024-02-08T23:15:00+00:00,6000.0,3000.0,45,23,0,Monday,0,1,100,ATO,en,Bank debit card,0
398883c1-e8e5-4202-86e7-c974d3d02ee5,synth_1ef80f9bdd48,gig_worker,tabddpm_synthetic,,['en'],ATO,2024-07-22T00:44:00+00:00,864.84,0.0,45,0,0,Monday,90,1,0,ATO,en,Bank debit card,0
4d5b9242-bc01-429a-a9b2-ec5158c5a364,synth_f3fb70a5add2,gig_worker,tabddpm_synthetic,,['en'],ATO,2024-10-15T12:30:00+00:00,117.24,5.18,21,12,1,Tuesday,2,1406,4,ATO,en,Bank debit card,0
7a7b791a-d3ad-49c9-9d9b-a5771d38b5fc,synth_cf596641951d,gig_worker,tabddpm_synthetic,,['en'],ATO,2024-04-19T09:54:00+00:00,5.0,11.76,18,9,0,Monday,16,1133,3,ATO,en,Bank debit card,0
7e7be0d0-7774-4d19-b8c6-6fafd4241c1f,synth_e80b48eaa1ff,gig_worker,tabddpm_synthetic,,['en'],ATO,2024-12-15T23:41:00+00:00,6000.0,3000.0,45,23,0,Monday,44,1,100,ATO,en,Bank debit card,0
eb9bba4c-d6d3-42aa-b205-c4c0054dd59e,synth_ffdc189f9573,gig_worker,tabddpm_synthetic,,['en'],ATO,2024-02-12T23:38:00+00:00,451.72,51.25,18,23,6,Sunday,34,1,12,ATO,en,Bank debit card,0
98ad1895-f5e7-4242-882d-d4ef7de6f961,synth_8f9ddfd08fc8,gig_worker,tabddpm_synthetic,,['en'],ATO,2024-07-19T07:09:00+00:00,122.46,3.08,45,7,0,Monday,90,1,0,ATO,en,Bank debit card,0
dcd39ef5-3623-4c9c-a2c3-7766501257d8,synth_ed8ba02c9f50,gig_worker,tabddpm_synthetic,,['en'],ATO,2024-05-31T23:10:00+00:00,6000.0,3000.0,45,23,0,Monday,90,2000,100,ATO,en,Bank debit card,0
fba69205-a3c6-4e88-a927-7b0d8e5aac9f,synth_28577c11ba67,gig_worker,tabddpm_synthetic,,['en'],ATO,2024-10-13T23:48:00+00:00,6000.0,3000.0,45,23,0,Monday,0,191,100,ATO,en,Bank debit card,0
61675f1a-88ec-4d7a-b421-d0ee47fe6637,synth_12b810406bf0,gig_worker,tabddpm_synthetic,,['en'],ATO,2024-07-12T23:38:00+00:00,913.55,40.84,22,23,0,Monday,90,1,0,ATO,en,Bank debit card,0
901abd37-6557-40ed-8c93-dc857f552475,synth_5092c6f3a11a,gig_worker,tabddpm_synthetic,,['en'],ATO,2024-11-25T23:26:00+00:00,6000.0,3000.0,45,23,0,Monday,90,2000,100,ATO,en,Bank debit card,1
47fed51c-dd3b-44cc-a7be-517a9e6ae684,synth_f86a152b1da0,gig_worker,tabddpm_synthetic,,['en'],ATO,2024-01-19T23:54:00+00:00,5.0,0.0,45,23,6,Sunday,0,1,100,ATO,en,Bank debit card,1
a2c49ecb-1921-4846-891c-eddc9a9cbd78,synth_af0e7476df06,gig_worker,tabddpm_synthetic,,['en'],ATO,2024-12-07T15:25:00+00:00,176.5,15.66,30,15,2,Wednesday,7,403,10,ATO,en,Bank debit card,0
e64714a6-8b97-44a5-86ed-12758d2df068,synth_612f7dbdeae6,gig_worker,tabddpm_synthetic,,['en'],ATO,2024-03-09T05:32:00+00:00,307.85,24.73,42,5,0,Monday,24,619,4,ATO,en,Bank debit card,0
4a51fa79-06fd-414b-b44f-ef98274974ce,synth_de817e14235b,gig_worker,tabddpm_synthetic,,['en'],ATO,2024-04-16T12:17:00+00:00,5.0,0.0,45,12,6,Sunday,3,1381,0,ATO,en,Bank debit card,0
65c3a1af-564c-4136-ab79-547648c4f6a7,synth_276b753e43fd,gig_worker,tabddpm_synthetic,,['en'],ATO,2024-12-22T00:04:00+00:00,88.15,0.0,45,0,0,Monday,90,1,0,ATO,en,Bank debit card,0
5cfb0667-977b-4a84-bd9d-5fb38514f748,synth_c457b1045b06,gig_worker,tabddpm_synthetic,,['en'],ATO,2024-12-19T13:18:00+00:00,64.61,2.27,30,13,5,Saturday,2,1384,6,ATO,en,Bank debit card,0
da708a9a-697e-4ee7-8b15-559a69f6f897,synth_46136fd9b989,gig_worker,tabddpm_synthetic,,['en'],ATO,2024-07-18T15:26:00+00:00,58.2,7.65,45,15,1,Tuesday,22,1,0,ATO,en,Bank debit card,0
56baf0e3-6947-4eb6-8341-1dd025458fdb,synth_f7e6f166d99e,gig_worker,tabddpm_synthetic,,['en'],ATO,2024-04-13T23:02:00+00:00,6000.0,3000.0,45,23,0,Monday,0,1,100,ATO,en,Bank debit card,0
a6352bab-42bb-40c5-a5fb-c7e01248bf27,synth_e27c4d743355,gig_worker,tabddpm_synthetic,,['en'],ATO,2024-11-14T23:08:00+00:00,6000.0,3000.0,45,23,0,Monday,0,1,100,ATO,en,Bank debit card,0
60227409-91a4-4dc5-a61e-2b3461493eba,synth_782bd1bb9acb,gig_worker,tabddpm_synthetic,,['en'],ATO,2024-04-14T23:27:00+00:00,6000.0,3000.0,45,23,0,Monday,90,2000,100,ATO,en,Bank debit card,0
72ae3a93-22c2-4c7b-972d-7cee373bb7af,synth_0b9bab2fd4ab,gig_worker,tabddpm_synthetic,,['en'],ATO,2024-01-02T23:11:00+00:00,6000.0,3000.0,45,23,0,Monday,0,1,100,ATO,en,Bank debit card,0
488a8530-f79e-41ad-9a8e-2762dbff94a7,synth_0d7560e97889,gig_worker,tabddpm_synthetic,,['en'],ATO,2024-03-20T04:45:00+00:00,30.16,4.8,44,4,0,Monday,5,1,5,ATO,en,Bank debit card,0
67bcad55-e3d8-45f9-a3fe-6ca5f025de79,synth_cdeca5c1e221,gig_worker,tabddpm_synthetic,,['en'],ATO,2024-10-27T16:33:00+00:00,5.0,0.0,43,16,1,Tuesday,35,1106,0,ATO,en,Bank debit card,0
d2f9fa26-b928-43c4-9482-80f065d7a398,synth_84c0ba2078d7,gig_worker,tabddpm_synthetic,,['en'],ATO,2024-08-07T15:23:00+00:00,301.65,16.9,25,15,6,Sunday,62,1,4,ATO,en,Bank debit card,0
05f1f888-0d20-4a93-9a77-22e0355f79b1,synth_240287bbe0a8,gig_worker,tabddpm_synthetic,,['en'],ATO,2024-05-13T23:21:00+00:00,6000.0,3000.0,45,23,0,Monday,0,1,100,ATO,en,Bank debit card,0
a4eecf4f-09b2-492f-bfc5-b8b1c0e492a1,synth_c21df4adb32c,gig_worker,tabddpm_synthetic,,['en'],ATO,2024-03-15T08:40:00+00:00,5.0,0.0,42,8,5,Saturday,74,1,0,ATO,en,Bank debit card,0
d263af85-3a31-4a0d-9e4a-e9aad028e4a8,synth_7531393868a0,gig_worker,tabddpm_synthetic,,['en'],ATO,2024-03-04T00:46:00+00:00,271.83,0.0,34,0,0,Monday,90,1,0,ATO,en,Bank debit card,0
c2a78a32-a586-43e1-8c51-a07632591d0b,synth_b9251d30fbe9,gig_worker,tabddpm_synthetic,,['en'],ATO,2024-11-02T23:31:00+00:00,6000.0,3000.0,45,23,0,Monday,0,1,100,ATO,en,Bank debit card,0
fd2e2961-3562-4d92-9410-db92ac560a7c,synth_fe9366a7cc04,gig_worker,tabddpm_synthetic,,['en'],ATO,2024-07-13T23:35:00+00:00,6000.0,3000.0,45,23,0,Monday,75,1,100,ATO,en,Bank debit card,0
43db3ebe-0484-4db8-bbbd-5ab32951ec6a,synth_cf67ef29143e,gig_worker,tabddpm_synthetic,,['en'],ATO,2024-11-25T05:23:00+00:00,62.79,7.66,45,5,1,Tuesday,10,278,7,ATO,en,Bank debit card,0
ebbac035-1c3a-4940-9974-7fb93bd62955,synth_dd3f68863c4e,gig_worker,tabddpm_synthetic,,['en'],ATO,2024-06-18T23:10:00+00:00,6000.0,258.34,45,23,5,Saturday,13,1,100,ATO,en,Bank debit card,1
a9a29324-8b3a-4560-8f2b-4c79b3727feb,synth_b6f525156c8f,gig_worker,tabddpm_synthetic,,['en'],ATO,2024-06-07T09:22:00+00:00,390.86,0.0,18,9,0,Monday,90,1,0,ATO,en,Bank debit card,0
6a8d72c7-9641-4dd3-a7de-765aba7208c4,synth_aa8d3cb6b6f7,gig_worker,tabddpm_synthetic,,['en'],ATO,2024-10-11T13:49:00+00:00,5.0,7.38,45,13,4,Friday,19,1464,3,ATO,en,Bank debit card,0
36ef71c4-a3d2-4773-8ae7-e3a6164b6751,synth_1a6ba3a087c8,gig_worker,tabddpm_synthetic,,['en'],ATO,2024-11-12T19:34:00+00:00,215.82,26.01,31,19,6,Sunday,21,1,5,ATO,en,Bank debit card,0
81ba62de-9cdf-4e6d-9d39-c5e0c125e261,synth_19bdca1e8141,gig_worker,tabddpm_synthetic,,['en'],ATO,2024-07-17T11:39:00+00:00,19.28,3.37,32,11,2,Wednesday,7,717,9,ATO,en,Bank debit card,0
bb3335f5-769e-4773-b43b-11c5f9c45012,synth_ed1585cd388c,gig_worker,tabddpm_synthetic,,['en'],ATO,2024-04-20T08:31:00+00:00,157.57,3.85,31,8,6,Sunday,45,1,4,ATO,en,Bank debit card,0
0a565220-0eb4-4b24-adb6-ba7fc676e1c6,synth_c7f17d7db4c8,gig_worker,tabddpm_synthetic,,['en'],ATO,2024-10-14T23:59:00+00:00,6000.0,3000.0,45,23,0,Monday,90,2000,75,ATO,en,Bank debit card,0
db6a783a-e0fc-4fe5-8a37-113b925fb512,synth_e1fd555fae4e,gig_worker,tabddpm_synthetic,,['en'],ATO,2024-04-27T18:12:00+00:00,67.14,5.65,42,18,4,Friday,66,217,0,ATO,en,Bank debit card,0
fc3da9e0-2796-4635-b782-4ed45231d0bb,synth_a475c3e646db,gig_worker,tabddpm_synthetic,,['en'],CashApp,2024-08-07T14:38:00+00:00,93.0,0.0,45,14,6,Sunday,1,1557,1,CashApp,en,Bank debit card,0
9e29e7a2-af18-4e1d-8ebd-767b79536278,synth_206b51a3b58d,gig_worker,tabddpm_synthetic,,['en'],ATO,2024-02-27T23:32:00+00:00,5.0,0.0,39,23,6,Sunday,0,1,40,ATO,en,Bank debit card,0
b675d6a6-ab2c-49b7-b49b-d9c411a2c812,synth_a70cffa71af9,gig_worker,tabddpm_synthetic,,['en'],ATO,2024-12-10T23:42:00+00:00,6000.0,3000.0,45,23,0,Monday,11,2000,100,ATO,en,Bank debit card,0
5dfef9bf-fe89-4e89-9c3d-4c1862527d8c,synth_1c34b74d76fd,gig_worker,tabddpm_synthetic,,['en'],ATO,2024-01-04T23:13:00+00:00,6000.0,3000.0,45,23,0,Monday,0,2000,100,ATO,en,Bank debit card,0
742baadb-de95-4b47-bfde-ce9b0008982a,synth_1fffed843123,gig_worker,tabddpm_synthetic,,['en'],ATO,2024-02-04T23:52:00+00:00,6000.0,3000.0,45,23,0,Monday,0,1,100,ATO,en,Bank debit card,0
1ea73df0-6cd3-4761-91b5-38189fab3bee,synth_a18d3ca1ac62,gig_worker,tabddpm_synthetic,,['en'],ATO,2024-05-16T10:06:00+00:00,402.19,17.61,33,10,0,Monday,0,2000,7,ATO,en,Bank debit card,0
e7667a88-c862-40ca-8a60-5d5aec1d1de0,synth_1f9a5da0931b,gig_worker,tabddpm_synthetic,,['en'],ATO,2024-03-09T23:46:00+00:00,3144.67,98.56,45,23,0,Monday,12,1,71,ATO,en,Bank debit card,1
18b31581-90a4-483c-bb07-599f59cdbf47,synth_881161d52790,gig_worker,tabddpm_synthetic,,['en'],ATO,2024-07-07T23:03:00+00:00,60.26,3.13,45,23,6,Sunday,1,1,56,ATO,en,Bank debit card,1
5322512a-2298-491e-829f-21f130976845,synth_00781d8ae974,gig_worker,tabddpm_synthetic,,['en'],ATO,2024-11-05T23:57:00+00:00,2184.82,43.15,45,23,5,Saturday,4,1,60,ATO,en,Bank debit card,1
5814e3d2-3020-4edc-86d9-940f688e7f54,synth_c7ec515628cb,gig_worker,tabddpm_synthetic,,['en'],ATO,2024-07-06T19:47:00+00:00,5.0,0.0,45,19,6,Sunday,39,980,2,ATO,en,Bank debit card,0
a3ff15f7-9cca-40d9-bb3b-9c97f771e419,synth_b082a3d97089,gig_worker,tabddpm_synthetic,,['en'],ATO,2024-03-27T08:39:00+00:00,102.94,3.21,39,8,6,Sunday,5,441,10,ATO,en,Bank debit card,0
e6b43d29-2c09-4587-a6cc-f9179faff975,synth_16a0a21abac4,gig_worker,tabddpm_synthetic,,['en'],ATO,2024-06-09T23:38:00+00:00,5.0,0.0,39,23,2,Wednesday,90,777,0,ATO,en,Bank debit card,0
bd56c3f3-cf51-4af0-a3dd-f0b4e6d97f13,synth_80a7f93ac2f9,gig_worker,tabddpm_synthetic,,['en'],ATO,2024-05-08T23:28:00+00:00,27.71,12.65,45,23,0,Monday,29,635,6,ATO,en,Bank debit card,0
1920d8c7-c0d6-47b8-9284-ef25b02e7188,synth_8f2021ec7298,gig_worker,tabddpm_synthetic,,['en'],ATO,2024-11-29T23:28:00+00:00,5.0,0.0,45,23,6,Sunday,0,1,100,ATO,en,Bank debit card,0
81f046ef-b830-4d76-a2a1-1743d7137816,synth_94ed4a36ec0a,gig_worker,tabddpm_synthetic,,['en'],ATO,2024-08-19T14:15:00+00:00,139.58,17.15,38,14,2,Wednesday,21,1292,9,ATO,en,Bank debit card,0
f750a072-8d47-4d86-abd6-0dd9174e5195,synth_3ec1cf5e58ee,gig_worker,tabddpm_synthetic,,['en'],ATO,2024-11-07T10:34:00+00:00,124.64,0.0,45,10,0,Monday,90,1,0,ATO,en,Bank debit card,0
8bd138d2-a05e-4324-87f3-fdadc15c6a6c,synth_3d3daaac8fd6,gig_worker,tabddpm_synthetic,,['en'],ATO,2024-05-27T21:24:00+00:00,242.27,13.21,39,21,0,Monday,46,1,0,ATO,en,Bank debit card,0
0f31c72e-7c4f-4625-a923-a3c87b552b45,synth_64f086d87746,gig_worker,tabddpm_synthetic,,['en'],ATO,2024-01-01T10:34:00+00:00,68.4,0.0,41,10,0,Monday,1,1148,5,ATO,en,Bank debit card,0
3b16253e-4957-4ad7-978b-b07a4bb87f50,synth_d73018bf7210,gig_worker,tabddpm_synthetic,,['en'],ATO,2024-08-27T14:13:00+00:00,370.71,24.85,45,14,1,Tuesday,39,1,0,ATO,en,Bank debit card,0
bd6e5510-68fe-4aad-90e2-e0dc8acf5c64,synth_7098a9100990,gig_worker,tabddpm_synthetic,,['en'],ATO,2024-10-07T17:13:00+00:00,5.0,0.0,45,17,3,Thursday,90,1,0,ATO,en,Bank debit card,0
3fdc5841-2d72-4f6f-8116-a758c7414f7a,synth_ca9899db26fd,gig_worker,tabddpm_synthetic,,['en'],ATO,2024-02-08T18:19:00+00:00,5.0,0.0,36,18,6,Sunday,90,1,1,ATO,en,Bank debit card,0
1495c81f-d42b-4715-8fd2-926a062a4afc,synth_186b39c248fc,gig_worker,tabddpm_synthetic,,['en'],ATO,2024-03-18T23:18:00+00:00,6000.0,3000.0,45,23,0,Monday,90,1,100,ATO,en,Bank debit card,0
34b74e27-50d5-497d-8b76-ecc1bd9b5e6c,synth_808535d8b569,gig_worker,tabddpm_synthetic,,['en'],ATO,2024-02-01T23:45:00+00:00,6000.0,566.99,45,23,0,Monday,3,1,100,ATO,en,Bank debit card,1
30dd7bf7-6e5a-4ed5-844a-13323517307e,synth_a9729a02eeb6,gig_worker,tabddpm_synthetic,,['en'],ATO,2024-09-23T05:24:00+00:00,691.21,18.63,43,5,0,Monday,13,1658,4,ATO,en,CashApp,0
87e3a83b-5f1e-4f32-92b0-b061fc899918,synth_80cd0cfcc801,gig_worker,tabddpm_synthetic,,['en'],ATO,2024-01-06T13:15:00+00:00,5.0,2.34,45,13,4,Friday,66,1,0,ATO,en,Bank debit card,0
37d535ce-0e0e-4ba8-aee6-c8c798a711c1,synth_4fca850bf316,gig_worker,tabddpm_synthetic,,['en'],ATO,2024-03-19T23:24:00+00:00,5.0,0.0,26,23,6,Sunday,0,1,44,ATO,en,Bank debit card,0
a831a1bc-36ee-451b-91da-e8f88b66b351,synth_8d2ee901fcce,gig_worker,tabddpm_synthetic,,['en'],ATO,2024-06-18T00:27:00+00:00,1141.59,0.0,39,0,0,Monday,90,1,0,ATO,en,Bank debit card,0
34901590-a1db-4af5-b26f-5916c9646b93,synth_68d6c31ef32c,gig_worker,tabddpm_synthetic,,['en'],ATO,2024-04-11T00:59:00+00:00,398.16,0.0,39,0,0,Monday,90,1,0,ATO,en,Bank debit card,0
7b356217-e68a-41aa-9733-cc74195206fd,synth_40910b1c15fe,gig_worker,tabddpm_synthetic,,['en'],ATO,2024-09-26T17:27:00+00:00,599.82,56.16,22,17,1,Tuesday,6,1722,7,ATO,en,Bank debit card,0
7686bd68-7073-497e-8e63-922ff75e1b10,synth_a13db4571616,gig_worker,tabddpm_synthetic,,['en'],ATO,2024-09-03T23:01:00+00:00,6000.0,3000.0,45,23,0,Monday,90,2000,100,ATO,en,Bank debit card,0
22704ade-910f-4d1a-9880-d63b9cf43b45,synth_f8409e58399d,gig_worker,tabddpm_synthetic,,['en'],ATO,2024-04-22T08:49:00+00:00,296.72,6.62,27,8,6,Sunday,90,1,10,ATO,en,Bank debit card,0
83cfc060-1b43-4afe-bb87-522a1ca24a6d,synth_5256f13b1dc4,gig_worker,tabddpm_synthetic,,['en'],ATO,2024-12-04T06:24:00+00:00,148.77,0.0,45,6,0,Monday,90,1,0,ATO,en,Bank debit card,0
862fe3f5-86d0-45e2-9741-74c553d5a07f,synth_3ad5586d11f5,gig_worker,tabddpm_synthetic,,['en'],ATO,2024-09-08T23:57:00+00:00,6000.0,3000.0,45,23,0,Monday,65,2000,100,ATO,en,Bank debit card,0
5e208a11-8c5d-4e9a-b029-8a944973df2f,synth_976d9422bb46,gig_worker,tabddpm_synthetic,,['en'],ATO,2024-11-17T14:15:00+00:00,5.0,4.52,43,14,2,Wednesday,7,1564,7,ATO,en,Bank debit card,0
7b3bed83-2b64-4a87-b9f5-239298f76f67,synth_3c754e2c5c21,gig_worker,tabddpm_synthetic,,['en'],ATO,2024-01-08T23:57:00+00:00,6000.0,1408.15,45,23,0,Monday,0,528,100,ATO,en,Bank debit card,1
3ff958ac-eb67-4b0d-bcde-caf37f59e2a8,synth_47f3d3bbe2f6,gig_worker,tabddpm_synthetic,,['en'],ATO,2024-01-20T16:11:00+00:00,647.18,13.91,19,16,0,Monday,90,1,7,ATO,en,Bank debit card,0
f9f3563d-a280-4c5d-8391-3281d3412501,synth_0fe4b2d7fe43,gig_worker,tabddpm_synthetic,,['en'],ATO,2024-10-06T00:04:00+00:00,106.68,0.0,45,0,0,Monday,90,1,0,ATO,en,Bank debit card,0
a9ba35a4-22c5-4c2f-9d68-0eb379277f0e,synth_a9978a2e7400,gig_worker,tabddpm_synthetic,,['en'],ATO,2024-03-10T04:41:00+00:00,323.16,0.0,33,4,0,Monday,90,1,0,ATO,en,Bank debit card,0
54a7bb2d-9de2-486d-94e0-f48621cc5c64,synth_31340a70eb48,gig_worker,tabddpm_synthetic,,['en'],ATO,2024-07-23T23:08:00+00:00,6000.0,836.66,32,23,0,Monday,33,1,50,ATO,en,Bank debit card,0
ac5eeb60-e322-44b0-9b9f-22e9c291859d,synth_9aadf0282eab,gig_worker,tabddpm_synthetic,,['en'],ATO,2024-10-13T07:54:00+00:00,5.0,1.47,45,7,4,Friday,15,221,0,ATO,en,Bank debit card,0
63245f79-d4f7-4571-b766-58687da1526b,synth_2d781d26fe45,gig_worker,tabddpm_synthetic,,['en'],ATO,2024-11-30T23:41:00+00:00,6000.0,3000.0,45,23,0,Monday,0,1,100,ATO,en,Bank debit card,0
b1ef6c9c-168d-4492-8541-a536fd17edf1,synth_d7013aaf0357,gig_worker,tabddpm_synthetic,,['en'],ATO,2024-09-29T12:47:00+00:00,46.22,2.56,25,12,2,Wednesday,5,1624,8,ATO,en,Bank debit card,0
4a6d87fb-d0c7-432e-969a-8bb191f79b84,synth_39995d1fd5f6,gig_worker,tabddpm_synthetic,,['en'],ATO,2024-12-20T11:56:00+00:00,201.52,17.13,30,11,0,Monday,12,67,7,ATO,en,Bank debit card,0
8a963602-d6de-4cbd-92c3-609daeb92150,synth_97ab360b2474,gig_worker,tabddpm_synthetic,,['en'],ATO,2024-12-05T09:07:00+00:00,5.0,0.0,45,9,0,Monday,90,1,0,ATO,en,Bank debit card,0
cb56c301-6918-47a9-a06e-c1c1376dec51,synth_34d013e5b341,gig_worker,tabddpm_synthetic,,['en'],ATO,2024-03-10T23:35:00+00:00,6000.0,3000.0,45,23,0,Monday,54,1,100,ATO,en,Bank debit card,0
e85ed6d5-6e34-40cc-82d6-accd60d78907,synth_41176faaab95,gig_worker,tabddpm_synthetic,,['en'],ATO,2024-11-16T05:30:00+00:00,457.2,20.58,35,5,3,Thursday,90,1,1,ATO,en,Bank debit card,0
ed3119fd-34c1-48d4-8a73-e755bc7dd1b4,synth_69a41f7df741,gig_worker,tabddpm_synthetic,,['en'],ATO,2024-04-10T23:20:00+00:00,6000.0,3000.0,45,23,0,Monday,0,2000,100,ATO,en,Bank debit card,0
5fb5e2f8-11f7-4e99-8787-886a1ea46b65,synth_f60dd79fcaa1,gig_worker,tabddpm_synthetic,,['en'],ATO,2024-01-02T00:29:00+00:00,519.25,0.0,45,0,0,Monday,90,1,0,ATO,en,Bank debit card,0
07676d8c-176b-4204-a4ba-37d10bb0e252,synth_6a3064a1a1a6,gig_worker,tabddpm_synthetic,,['es'],ATO,2024-01-01T10:22:00+00:00,201.1,9.65,20,10,3,Thursday,16,1,7,ATO,es,Bank debit card,0
d316f97d-2b7c-4a64-ab16-0b5821e3d921,synth_c130998246cf,gig_worker,tabddpm_synthetic,,['en'],ATO,2024-07-06T23:42:00+00:00,6000.0,3000.0,45,23,0,Monday,0,2000,100,ATO,en,Bank debit card,0
c90c5bc1-34b9-4b2d-ab6a-0ce143a2576f,synth_1e6697561e1a,gig_worker,tabddpm_synthetic,,['en'],ATO,2024-11-06T23:51:00+00:00,2684.17,86.09,45,23,0,Monday,3,1,58,ATO,en,Bank debit card,1
b46388bf-1bcb-4251-bd53-d04cae0753a6,synth_f9dcf9a8f39d,gig_worker,tabddpm_synthetic,,['en'],ATO,2024-04-18T23:09:00+00:00,6000.0,3000.0,45,23,0,Monday,90,2000,100,ATO,en,Bank debit card,0
6164beec-8a72-43fe-bb87-4ea4551dce13,synth_530f52b5897e,gig_worker,tabddpm_synthetic,,['en'],ATO,2024-02-18T23:24:00+00:00,6000.0,3000.0,45,23,0,Monday,0,1,100,ATO,en,Bank debit card,0
82297d8d-6d7b-42da-bbfc-3390d83a0179,synth_34981ef45a69,gig_worker,tabddpm_synthetic,,['en'],ATO,2024-11-27T23:30:00+00:00,6000.0,3000.0,45,23,0,Monday,90,2000,100,ATO,en,Bank debit card,0
9bfffbf0-d568-4829-aba5-fee256168585,synth_cb35b059ccb1,gig_worker,tabddpm_synthetic,,['en'],ATO,2024-08-13T23:15:00+00:00,5.0,0.0,45,23,6,Sunday,0,1,72,ATO,en,Bank debit card,0
49bcca36-984a-4bf7-b92f-b7dbe79f3d6c,synth_3789224ef98b,gig_worker,tabddpm_synthetic,,['en'],ATO,2024-04-15T08:43:00+00:00,156.8,1.71,45,8,0,Monday,90,1,0,ATO,en,Bank debit card,0
b292b655-ddc0-464e-917f-798d75d8aecc,synth_f57b83496299,gig_worker,tabddpm_synthetic,,['en'],ATO,2024-04-15T23:18:00+00:00,6000.0,3000.0,45,23,0,Monday,90,2000,100,ATO,en,Bank debit card,0
60583b16-9582-487b-bff5-8c3b70e5c3e6,synth_afa7e485ae61,gig_worker,tabddpm_synthetic,,['en'],ATO,2024-12-13T03:39:00+00:00,5296.88,225.86,45,3,0,Monday,0,942,11,ATO,en,Bank debit card,0
c41988eb-d797-4c05-9d02-d79096498d10,synth_90a891572559,gig_worker,tabddpm_synthetic,,['en'],ATO,2024-02-17T23:54:00+00:00,6000.0,3000.0,45,23,0,Monday,47,1,100,ATO,en,Bank debit card,0
d27f4742-2865-418e-99dd-f3e637c7a0b4,synth_c93a8fa6e8a5,gig_worker,tabddpm_synthetic,,['en'],ATO,2024-07-02T14:08:00+00:00,529.78,48.17,31,14,0,Monday,32,699,3,ATO,en,Bank debit card,0
a3870f24-3c1e-4048-bc98-b3466a803d0d,synth_cc927edb351f,gig_worker,tabddpm_synthetic,,['en'],ATO,2024-02-15T12:49:00+00:00,5.0,0.99,18,12,4,Friday,9,1818,10,ATO,en,Bank debit card,0
c20b82d1-b857-4e7b-ac0e-0b5fe448b8f3,synth_0172109b69ea,gig_worker,tabddpm_synthetic,,['en'],ATO,2024-07-31T23:06:00+00:00,452.64,28.45,22,23,5,Saturday,28,1,0,ATO,en,Bank debit card,0
0f257490-db92-4d58-9d8a-0af78ffcbeb3,synth_1d2c9adc27e9,gig_worker,tabddpm_synthetic,,['en'],ATO,2024-04-16T20:38:00+00:00,5.0,0.0,31,20,1,Tuesday,50,2000,6,ATO,en,Bank debit card,0
063cea51-0d10-484c-aeca-0cac354fdc62,synth_0e28647adb03,gig_worker,tabddpm_synthetic,,['en'],ATO,2024-03-16T13:38:00+00:00,163.68,0.0,39,13,1,Tuesday,90,1,1,ATO,en,Bank debit card,0
dacde45c-e968-41f9-b863-3985759081ff,synth_b7434005364f,gig_worker,tabddpm_synthetic,,['en'],ATO,2024-03-20T10:17:00+00:00,5.0,0.9,34,10,0,Monday,12,1228,8,ATO,en,Bank debit card,0
33c9c5e6-da9b-47dc-8550-97b5cf727fa0,synth_19d942f99352,gig_worker,tabddpm_synthetic,,['en'],ATO,2024-05-06T02:22:00+00:00,546.62,0.0,43,2,0,Monday,90,1,0,ATO,en,Bank debit card,0
ee0359f4-a2b1-4af4-a1cd-a5324a21f38d,synth_7900b2e092f2,gig_worker,tabddpm_synthetic,,['en'],ATO,2024-11-13T07:27:00+00:00,17.06,3.07,42,7,1,Tuesday,34,491,8,ATO,en,Bank debit card,0
8ade4122-47b7-4568-9bb6-cba0a72d5ac6,synth_be5deeeeffd4,gig_worker,tabddpm_synthetic,,['en'],ATO,2024-11-27T00:51:00+00:00,1137.66,0.0,39,0,0,Monday,90,1,0,ATO,en,Bank debit card,0
725adb0e-86d2-462c-83df-d102d10b7908,synth_30614418a7a4,gig_worker,tabddpm_synthetic,,['en'],ATO,2024-01-15T11:03:00+00:00,163.8,4.94,38,11,2,Wednesday,87,1,6,ATO,en,Bank debit card,0
7a66b161-e230-4c8e-be98-67bac054663c,synth_3223eb284070,gig_worker,tabddpm_synthetic,,['en'],ATO,2024-05-13T18:44:00+00:00,136.11,2.85,33,18,2,Wednesday,35,21,4,ATO,en,Bank debit card,0
78741f31-22c1-4901-8234-d8830978f5b6,synth_4372f2496933,gig_worker,tabddpm_synthetic,,['en'],ATO,2024-07-06T23:05:00+00:00,6000.0,3000.0,45,23,0,Monday,90,2000,100,ATO,en,Bank debit card,0
e3a0d3e1-eeeb-4ec5-8e05-fd9bdd660bd1,synth_df921b8afe6b,gig_worker,tabddpm_synthetic,,['en'],ATO,2024-02-28T00:17:00+00:00,6000.0,2548.62,45,0,0,Monday,0,951,50,ATO,en,Bank debit card,0
c3695960-85d8-4cbe-bf47-d0b9f0a9e33a,synth_4ead38f36820,gig_worker,tabddpm_synthetic,,['en'],ATO,2024-08-19T07:46:00+00:00,430.27,5.01,41,7,4,Friday,60,1,8,ATO,en,Bank debit card,0
53ed5a2d-79ee-425d-9f51-2fb80a2693d7,synth_617acd93a06c,gig_worker,tabddpm_synthetic,,['en'],ATO,2024-02-04T00:00:00+00:00,274.74,0.0,45,0,0,Monday,90,1,0,ATO,en,Bank debit card,0
b871e4f7-31c9-4d13-9c8b-fbdd29be0f3c,synth_47c7433637d2,gig_worker,tabddpm_synthetic,,['en'],ATO,2024-01-17T10:10:00+00:00,34.46,0.0,45,10,6,Sunday,1,1067,0,ATO,en,Bank debit card,0
9ad80623-aa75-4683-82c7-c42433d4f198,synth_463e9b11d611,gig_worker,tabddpm_synthetic,,['en'],ATO,2024-02-22T23:15:00+00:00,6000.0,3000.0,45,23,0,Monday,90,2000,100,ATO,en,Bank debit card,0
bb5d22b9-a2aa-4657-89f2-617e491998ae,synth_7afec4359541,gig_worker,tabddpm_synthetic,,['en'],ATO,2024-01-23T06:24:00+00:00,257.33,0.0,45,6,0,Monday,90,1,0,ATO,en,Bank debit card,0
f7fe69d9-17b3-4f51-86a0-1616d5417729,synth_cb064049627d,gig_worker,tabddpm_synthetic,,['en'],ATO,2024-10-02T04:05:00+00:00,34.7,10.21,45,4,3,Thursday,0,946,8,ATO,en,Bank debit card,0
fd321244-dde8-48cc-b28d-1ce395d75533,synth_d770b6688e65,gig_worker,tabddpm_synthetic,,['en'],ATO,2024-02-11T00:48:00+00:00,1054.31,0.0,45,0,0,Monday,90,1,0,ATO,en,Bank debit card,0
aadb0af9-8421-4016-a9b8-6c04c3d8b053,synth_17132c86ba77,gig_worker,tabddpm_synthetic,,['en'],ATO,2024-10-22T14:08:00+00:00,253.12,26.25,45,14,3,Thursday,4,375,10,ATO,en,Bank debit card,0
35d7de68-aa8e-4c34-b5b9-31fed4afb616,synth_65375a7b06a5,gig_worker,tabddpm_synthetic,,['en'],ATO,2024-05-22T10:31:00+00:00,494.16,17.48,23,10,0,Monday,90,1,5,ATO,en,Bank debit card,0
5aaa67a2-c1f8-4745-8334-56074d482d00,synth_4facc3ee96d8,gig_worker,tabddpm_synthetic,,['en'],ATO,2024-06-17T00:18:00+00:00,5.0,0.0,45,0,0,Monday,90,1,0,ATO,en,Bank debit card,0
d65140d0-4de0-4ef0-b940-5b12674f6951,synth_27696facf908,gig_worker,tabddpm_synthetic,,['en'],ATO,2024-12-23T17:05:00+00:00,228.38,13.74,26,17,0,Monday,9,1436,7,ATO,en,Bank debit card,0
e8df8b10-247c-4fd8-b48e-daa6c69c8130,synth_c0416ab7295f,gig_worker,tabddpm_synthetic,,['en'],ATO,2024-04-25T23:01:00+00:00,547.28,43.4,21,23,6,Sunday,40,1,0,ATO,en,Bank debit card,0
92b11107-2869-4918-964a-351e6818b6ef,synth_15903b604612,gig_worker,tabddpm_synthetic,,['en'],ATO,2024-10-12T23:37:00+00:00,6000.0,3000.0,45,23,0,Monday,64,2000,100,ATO,en,Bank debit card,0
ec52a958-d471-4eab-9dca-158182e44305,synth_3a71ab487262,gig_worker,tabddpm_synthetic,,['en'],ATO,2024-08-16T00:02:00+00:00,1071.03,0.0,44,0,0,Monday,90,1,0,ATO,en,Bank debit card,0
8e2df2dd-fb40-4f72-8b15-ed4fbb1f78f6,synth_a333875c76c5,gig_worker,tabddpm_synthetic,,['en'],ATO,2024-05-18T08:16:00+00:00,66.8,8.42,25,8,0,Monday,15,1192,1,ATO,en,Bank debit card,0
3c35323c-1c92-4962-ad09-3f3ee76d4f9c,synth_9c8d54d5f925,gig_worker,tabddpm_synthetic,,['en'],ATO,2024-06-25T16:53:00+00:00,363.96,22.41,43,16,5,Saturday,7,1279,3,ATO,en,Bank debit card,0
353ba6de-9c23-4289-8a01-b76343ee73b0,synth_e4be59833146,gig_worker,tabddpm_synthetic,,['en'],ATO,2024-01-28T16:07:00+00:00,115.96,12.67,31,16,5,Saturday,0,1084,11,ATO,en,Bank debit card,0
0295c60a-b342-4f35-b4b8-4184cf0e110a,synth_5a127312685b,gig_worker,tabddpm_synthetic,,['en'],ATO,2024-12-03T10:03:00+00:00,5.0,0.0,45,10,0,Monday,90,1,0,ATO,en,Bank debit card,0
44630940-007a-4cdb-a376-65d713c43276,synth_330e24cccab9,gig_worker,tabddpm_synthetic,,['en'],ATO,2024-08-30T23:07:00+00:00,6000.0,3000.0,45,23,0,Monday,90,2000,100,ATO,en,Bank debit card,0
7832bd56-ff2a-463a-a228-a5a387b3c566,synth_16ae36cf80c9,gig_worker,tabddpm_synthetic,,['en'],CashApp,2024-01-09T11:12:00+00:00,155.17,24.52,27,11,0,Monday,0,1425,3,CashApp,en,Bank debit card,0
4e16baac-93f8-4bb4-a4d4-62d40c008b59,synth_1e756bf7d9df,gig_worker,tabddpm_synthetic,,['en'],ATO,2024-03-10T23:47:00+00:00,61.88,4.56,20,23,5,Saturday,12,1147,11,ATO,en,Bank debit card,0
97449de9-4c61-4e55-8204-10df4a3639c0,synth_d53375b3ae45,gig_worker,tabddpm_synthetic,,['en'],ATO,2024-12-04T11:55:00+00:00,316.93,0.0,45,11,0,Monday,90,1,0,ATO,en,Bank debit card,0
72f10512-0c33-4907-8b40-7b8ececcbcae,synth_056c62a1bbfe,gig_worker,tabddpm_synthetic,,['en'],ATO,2024-04-21T18:26:00+00:00,5.0,0.0,36,18,6,Sunday,39,1730,0,ATO,en,Bank debit card,0
12f80a8f-499d-4462-a5dc-2d42a52d0fc2,synth_17fabf9cae71,gig_worker,tabddpm_synthetic,,['en'],ATO,2024-12-27T23:40:00+00:00,5.0,0.0,45,23,6,Sunday,0,1,100,ATO,en,Bank debit card,1
51d6577a-7886-4894-991e-f462195dc170,synth_57f2e22c7f71,gig_worker,tabddpm_synthetic,,['en'],ATO,2024-06-24T09:34:00+00:00,5.0,0.0,38,9,3,Thursday,44,1,5,ATO,en,Bank debit card,0
e9fa60d2-3c3b-445b-bce6-bb041bc68a76,synth_50067bfdefd3,gig_worker,tabddpm_synthetic,,['en'],ATO,2024-12-04T23:10:00+00:00,6000.0,3000.0,45,23,0,Monday,0,1,100,ATO,en,Bank debit card,0
61521eb5-5be0-43fb-b16d-4e63df9d09b3,synth_c4615a3292cb,gig_worker,tabddpm_synthetic,,['en'],ATO,2024-09-07T05:54:00+00:00,43.6,0.0,45,5,0,Monday,90,1,0,ATO,en,Bank debit card,0
f02eb452-cb14-4d2f-b09e-a446b5a85569,synth_83a6e9f2ccac,gig_worker,tabddpm_synthetic,,['en'],ATO,2024-08-18T23:42:00+00:00,423.54,30.17,25,23,6,Sunday,60,1,0,ATO,en,Bank debit card,0
372289bd-e1a8-431b-9fbb-cdfad62049bb,synth_991fbd48d938,gig_worker,tabddpm_synthetic,,['en'],ATO,2024-11-10T14:35:00+00:00,400.3,1.57,45,14,5,Saturday,85,1,0,ATO,en,Bank debit card,0
77af8440-f413-499d-bf02-73a486a88879,synth_dedf3aacac6d,gig_worker,tabddpm_synthetic,,['en'],ATO,2024-08-23T05:14:00+00:00,5.0,8.17,36,5,3,Thursday,15,894,10,ATO,en,Bank debit card,0
13bc2093-2b1a-491d-ad7d-647c7809e228,synth_a062f29bdaf4,gig_worker,tabddpm_synthetic,,['en'],ATO,2024-03-07T11:15:00+00:00,5.0,1.66,44,11,5,Saturday,3,1779,7,ATO,en,Bank debit card,0
ec03fe16-3d60-4fa9-9744-e76152e7221e,synth_1268c9eab241,gig_worker,tabddpm_synthetic,,['en'],ATO,2024-05-11T12:56:00+00:00,109.51,2.45,45,12,5,Saturday,90,1,0,ATO,en,Bank debit card,0
4e6cd348-09b5-454d-9e0e-62e602ff522b,synth_fc3efa3cfcbf,gig_worker,tabddpm_synthetic,,['en'],ATO,2024-05-27T12:01:00+00:00,164.38,6.27,34,12,2,Wednesday,80,1,0,ATO,en,Bank debit card,0
0983440a-8232-42ca-82d6-e2e1fe2e003a,synth_347783edb824,gig_worker,tabddpm_synthetic,,['en'],ATO,2024-10-21T23:16:00+00:00,409.39,24.07,41,23,4,Friday,52,1,3,ATO,en,Bank debit card,0
1d70b5e6-ebd0-482d-b9a5-adff96fa53ea,synth_25ec7160892a,gig_worker,tabddpm_synthetic,,['en'],ATO,2024-12-03T00:32:00+00:00,477.16,0.0,25,0,0,Monday,90,1,0,ATO,en,Bank debit card,0
2f36c964-9eea-4acc-bf73-2f0db499ddcf,synth_59e37e20f2ad,gig_worker,tabddpm_synthetic,,['en'],ATO,2024-01-30T23:32:00+00:00,6000.0,3000.0,45,23,0,Monday,9,2000,100,ATO,en,Bank debit card,0
f4b7e256-f0e5-4285-b6fb-20ab4cc8c1cd,synth_d051ba2718eb,gig_worker,tabddpm_synthetic,,['en'],ATO,2024-06-03T00:19:00+00:00,956.97,0.0,39,0,0,Monday,90,1,0,ATO,en,Bank debit card,0
74712b50-c449-458d-8d9a-e83a30a8cf26,synth_6d2597514c80,gig_worker,tabddpm_synthetic,,['en'],ATO,2024-05-08T23:42:00+00:00,6000.0,3000.0,45,23,6,Sunday,0,1,100,ATO,en,Bank debit card,1
13c9f3b1-5402-411f-a7c5-2889422cb641,synth_83d9b828e409,gig_worker,tabddpm_synthetic,,['en'],ATO,2024-05-10T23:35:00+00:00,5.0,0.0,36,23,6,Sunday,0,1,100,ATO,en,Bank debit card,1
7c422a76-33c7-4bdf-96f4-8bb5cff4a7b7,synth_57a04e33b35f,gig_worker,tabddpm_synthetic,,['en'],ATO,2024-07-26T19:54:00+00:00,758.68,58.73,34,19,0,Monday,5,780,12,ATO,en,Bank debit card,0
c793b01c-b1d5-417d-bb4f-dbc182859111,synth_90cc12135e96,gig_worker,tabddpm_synthetic,,['en'],ATO,2024-11-22T03:43:00+00:00,5.0,0.0,45,3,4,Friday,90,1,0,ATO,en,Bank debit card,0
c69919bc-5596-447c-a74d-f5f48867c55a,synth_18200735fe3d,gig_worker,tabddpm_synthetic,,['en'],CashApp,2024-12-07T11:43:00+00:00,124.81,5.51,40,11,4,Friday,0,324,5,CashApp,en,Bank debit card,0
f0ab6e27-c846-4168-b5fc-e0c929a7c717,synth_67e8d39abaaf,gig_worker,tabddpm_synthetic,,['en'],ATO,2024-06-29T07:34:00+00:00,5.0,2.62,44,7,3,Thursday,5,1447,3,ATO,en,Bank debit card,0
b67efcd2-698c-49f8-8924-a1271f0a42c6,synth_248f0086b97d,gig_worker,tabddpm_synthetic,,['en'],CashApp,2024-06-03T12:22:00+00:00,15.44,1.33,33,12,3,Thursday,29,1736,2,CashApp,en,Bank debit card,0
78d6cc2e-e10d-4cf5-9bea-f57f0d4b2b70,synth_26b5213721db,gig_worker,tabddpm_synthetic,,['en'],ATO,2024-06-28T14:01:00+00:00,5.0,0.6,45,14,5,Saturday,26,1810,1,ATO,en,Bank debit card,0
cd4d3d23-743a-4a4a-b39a-27ee8e4194ae,synth_902ff951dd0f,gig_worker,tabddpm_synthetic,,['en'],ATO,2024-05-09T04:42:00+00:00,693.62,0.0,18,4,0,Monday,90,1,0,ATO,en,Bank debit card,0
713c98c1-9f5a-4f89-99c8-dc037265dec8,synth_8ed2c9faebac,gig_worker,tabddpm_synthetic,,['en'],ATO,2024-12-10T00:28:00+00:00,5.0,0.0,18,0,0,Monday,20,1,27,ATO,en,Bank debit card,1
f763c027-993d-404a-bd24-eca57fd5d0a2,synth_b45e5f664d95,gig_worker,tabddpm_synthetic,,['en'],CashApp,2024-02-19T09:11:00+00:00,199.6,10.4,34,9,6,Sunday,9,977,5,CashApp,en,Bank debit card,0
a4a64b78-8cda-4dc1-b41d-9b174e33700f,synth_a41de1b336d9,gig_worker,tabddpm_synthetic,,['en'],ATO,2024-02-25T23:00:00+00:00,329.53,14.55,20,23,6,Sunday,5,1,23,ATO,en,Bank debit card,0
e9fdc972-ee25-4e65-be9e-47a4ea9276f1,synth_a2ca603c3c73,gig_worker,tabddpm_synthetic,,['en'],ATO,2024-04-06T23:56:00+00:00,6000.0,3000.0,45,23,0,Monday,90,2000,100,ATO,en,Bank debit card,0
449ad7d4-77bb-416b-ac0a-3989b830a8c9,synth_d4945ab068fe,gig_worker,tabddpm_synthetic,,['en'],ATO,2024-01-02T07:50:00+00:00,1266.98,103.26,33,7,0,Monday,6,1745,8,ATO,en,Bank debit card,0
96522d50-4d55-4592-bbab-02752be5ad34,synth_688afe6d370f,gig_worker,tabddpm_synthetic,,['en'],ATO,2024-03-16T14:50:00+00:00,5.0,0.0,45,14,4,Friday,11,2000,0,ATO,en,Bank debit card,0
3a366c18-924e-4e24-9198-04614611fa33,synth_dde4c4a72c71,gig_worker,tabddpm_synthetic,,['en'],ATO,2024-06-01T23:53:00+00:00,6000.0,3000.0,45,23,0,Monday,0,2000,100,ATO,en,Bank debit card,0
aaf57f65-fc3f-41a4-8282-5803a2cf8722,synth_1d357d096b79,gig_worker,tabddpm_synthetic,,['en'],ATO,2024-05-04T14:50:00+00:00,99.39,10.83,38,14,6,Sunday,3,1349,6,ATO,en,Bank debit card,0
47e0ce56-8e00-4459-b5fb-51634b00198c,synth_6f8bf635d98b,gig_worker,tabddpm_synthetic,,['en'],ATO,2024-07-02T23:20:00+00:00,6000.0,3000.0,45,23,0,Monday,0,1,100,ATO,en,Bank debit card,0
c86350f8-addd-435f-84d5-dabeb6626c67,synth_8bd1ad3420b3,gig_worker,tabddpm_synthetic,,['en'],ATO,2024-08-30T23:57:00+00:00,2716.83,50.44,45,23,6,Sunday,2,1,100,ATO,en,Bank debit card,1
6f049971-779b-4b49-84fd-a8ec9aa5c65d,synth_1f37fb258fc3,gig_worker,tabddpm_synthetic,,['en'],ATO,2024-09-17T07:21:00+00:00,70.49,0.0,28,7,0,Monday,90,1,0,ATO,en,Bank debit card,0
b0d8967e-5a9f-48d6-b0b9-5e702c640862,synth_f2a0630e990b,gig_worker,tabddpm_synthetic,,['en'],ATO,2024-12-11T00:17:00+00:00,268.7,0.0,45,0,0,Monday,90,1,0,ATO,en,Bank debit card,0
a8396bc0-b4ea-45fc-a3b4-3c4283924094,synth_7afe2ae7d961,gig_worker,tabddpm_synthetic,,['en'],ATO,2024-08-14T10:49:00+00:00,85.68,2.38,34,10,1,Tuesday,29,1,1,ATO,en,Bank debit card,0
d86b17bb-a054-42e3-8757-f3a620b2cc2c,synth_13927266892e,gig_worker,tabddpm_synthetic,,['en'],ATO,2024-05-09T23:30:00+00:00,6000.0,3000.0,45,23,0,Monday,10,1,100,ATO,en,Bank debit card,0
53e6d583-c633-4aa5-be0b-94b57420030e,synth_72b18f9874a8,gig_worker,tabddpm_synthetic,,['en'],ATO,2024-10-10T23:22:00+00:00,6000.0,3000.0,45,23,0,Monday,90,2000,100,ATO,en,Bank debit card,0
d9e9c943-c2f4-456a-897a-21946672b4ff,synth_72858f303e15,gig_worker,tabddpm_synthetic,,['en'],ATO,2024-01-20T10:09:00+00:00,5.0,2.12,45,10,6,Sunday,5,997,0,ATO,en,Bank debit card,0
29883ce3-da8e-46a9-ae4c-1cc4529e2839,synth_d8f7031f97bd,gig_worker,tabddpm_synthetic,,['en'],ATO,2024-06-20T14:01:00+00:00,11.58,0.0,35,14,5,Saturday,43,1193,6,ATO,en,Bank debit card,0
7a09f899-0107-4059-ad18-cbc1ff6f193e,synth_46b55ab5aebd,gig_worker,tabddpm_synthetic,,['en'],ATO,2024-10-30T23:03:00+00:00,6000.0,3000.0,45,23,0,Monday,0,2000,100,ATO,en,Bank debit card,0
f33d400b-9b2f-4d35-8ff6-31ca799f2e1e,synth_fa06e2032686,gig_worker,tabddpm_synthetic,,['en'],ATO,2024-05-23T09:38:00+00:00,165.53,17.77,45,9,2,Wednesday,17,203,7,ATO,en,Bank debit card,0
8006ba96-1283-457e-bae7-df9eb48b7383,synth_a50205ce2722,gig_worker,tabddpm_synthetic,,['en'],ATO,2024-08-02T23:41:00+00:00,5.0,16.17,45,23,6,Sunday,0,1,75,ATO,en,Bank debit card,1
dd6361e4-1047-4a0f-8b0f-6c2e2af3db4b,synth_a38b745bb87d,gig_worker,tabddpm_synthetic,,['en'],ATO,2024-04-20T23:57:00+00:00,5.0,0.0,43,23,6,Sunday,0,1,100,ATO,en,Bank debit card,1
e80a5fc3-d0fe-4dd4-b4b8-387c8db7fc4c,synth_46720bfd511e,gig_worker,tabddpm_synthetic,,['en'],ATO,2024-02-19T04:46:00+00:00,49.92,10.14,45,4,2,Wednesday,5,1,9,ATO,en,Bank debit card,0
42e4f2d6-ce4d-48d1-b7c5-18e6457df685,synth_b119e9088255,gig_worker,tabddpm_synthetic,,['en'],CashApp,2024-04-25T17:32:00+00:00,5.0,5.71,38,17,2,Wednesday,8,995,4,CashApp,en,Bank debit card,0
118dcbc6-4c25-4237-a1e3-118311ad1a7f,synth_7ab86f2e3aa2,gig_worker,tabddpm_synthetic,,['en'],ATO,2024-08-08T11:49:00+00:00,171.2,15.58,45,11,3,Thursday,54,1,4,ATO,en,Bank debit card,0
aa1077db-9ccc-4bff-854b-a6ef525c2aa4,synth_958abf4dd467,gig_worker,tabddpm_synthetic,,['en'],ATO,2024-01-28T23:11:00+00:00,6000.0,3000.0,45,23,0,Monday,39,2000,100,ATO,en,Bank debit card,0
d5d4ab6d-28a3-4137-93d5-ac7e6098342e,synth_0316334f8778,gig_worker,tabddpm_synthetic,,['en'],ATO,2024-02-24T23:54:00+00:00,9.69,18.76,30,23,6,Sunday,0,1,22,ATO,en,Bank debit card,0
79971a0f-908e-41f6-9c8f-53bfc3af0770,synth_5f33dd873dc5,gig_worker,tabddpm_synthetic,,['en'],ATO,2024-05-30T00:59:00+00:00,5.0,0.0,45,0,0,Monday,90,1,0,ATO,en,Bank debit card,0
ea57c74d-d603-4eb3-bbb8-cbb4cf0733f8,synth_182f86060731,gig_worker,tabddpm_synthetic,,['en'],ATO,2024-08-05T11:05:00+00:00,78.99,8.54,22,11,0,Monday,7,1442,5,ATO,en,Bank debit card,0
65fd554d-db6a-4cea-9366-3fec595c100c,synth_99d529170aa5,gig_worker,tabddpm_synthetic,,['en'],ATO,2024-10-27T23:12:00+00:00,6000.0,3000.0,45,23,0,Monday,0,2000,100,ATO,en,Bank debit card,0
a0f62a1a-e770-480c-baa6-24cf5a66dd59,synth_061e7229f4b5,gig_worker,tabddpm_synthetic,,['en'],ATO,2024-04-28T11:03:00+00:00,105.26,9.79,18,11,6,Sunday,48,418,2,ATO,en,Bank debit card,0
34a17458-487c-4355-8ce0-be5d230b0557,synth_ce557d3344a7,gig_worker,tabddpm_synthetic,,['en'],ATO,2024-04-17T08:54:00+00:00,168.39,14.71,33,8,2,Wednesday,13,509,4,ATO,en,Bank debit card,0
07d52fb4-6cc2-4c51-8216-d0236cebd391,synth_66dfbfb9faf5,gig_worker,tabddpm_synthetic,,['en'],ATO,2024-11-03T16:36:00+00:00,162.55,0.0,27,16,1,Tuesday,14,2000,4,ATO,en,Bank debit card,0
ac983e05-e937-40b0-b673-c67b5373e39a,synth_55a3478e6705,gig_worker,tabddpm_synthetic,,['en'],ATO,2024-02-01T23:45:00+00:00,6000.0,3000.0,45,23,0,Monday,90,1,100,ATO,en,Bank debit card,0
0dc349c9-ac03-4a35-a1a4-866bf80a23c4,synth_2f8f504e324f,gig_worker,tabddpm_synthetic,,['en'],ATO,2024-03-24T23:23:00+00:00,6000.0,3000.0,45,23,0,Monday,0,1,100,ATO,en,Bank debit card,1
00cb882c-59c5-47e3-98a5-64e5446a5469,synth_78bb55794ae5,gig_worker,tabddpm_synthetic,,['en'],ATO,2024-08-21T00:33:00+00:00,878.36,0.0,36,0,0,Monday,90,1,0,ATO,en,Bank debit card,0
4de99ec1-6f4a-48c9-ae85-0cc5031f71a0,synth_7529d61012b7,gig_worker,tabddpm_synthetic,,['en'],ATO,2024-02-04T23:31:00+00:00,6000.0,3000.0,45,23,0,Monday,0,2000,100,ATO,en,Bank debit card,0
185b9506-e9fc-4e6c-9b12-c86d06a74a6b,synth_c5ea7464bc83,gig_worker,tabddpm_synthetic,,['en'],ATO,2024-05-06T23:19:00+00:00,5.0,0.0,45,23,3,Thursday,30,1699,17,ATO,en,Bank debit card,0
a0b1d58f-066c-414e-880b-f1cbf9b4f433,synth_8bba33e64876,gig_worker,tabddpm_synthetic,,['en'],ATO,2024-10-05T17:03:00+00:00,152.35,21.33,27,17,0,Monday,13,833,8,ATO,en,Bank debit card,0
7974414e-227e-4206-814c-52697d2a5626,synth_adb4ad4d2e9d,gig_worker,tabddpm_synthetic,,['es'],ATO,2024-03-20T07:06:00+00:00,99.21,6.27,36,7,2,Wednesday,7,352,10,ATO,es,Bank debit card,0
359bc480-e332-4443-b695-57c5c1b92fdf,synth_aeba72047bf8,gig_worker,tabddpm_synthetic,,['en'],ATO,2024-01-20T00:13:00+00:00,406.54,0.0,43,0,0,Monday,90,1,0,ATO,en,Bank debit card,0
34acffc5-c4c7-44f0-a1d6-8a8d9084859b,synth_70ed2ba503a3,gig_worker,tabddpm_synthetic,,['en'],ATO,2024-04-16T16:26:00+00:00,5.0,0.0,45,16,6,Sunday,23,888,0,ATO,en,Bank debit card,0
28d6b9b1-ba9a-408f-aaa4-484b8fa72cf3,synth_0d3d2efa19e6,gig_worker,tabddpm_synthetic,,['en'],ATO,2024-09-17T23:05:00+00:00,6000.0,3000.0,45,23,0,Monday,0,1,100,ATO,en,Bank debit card,0
7e33b578-74c6-4fc6-be0e-211c88545ca9,synth_c69381cafd00,gig_worker,tabddpm_synthetic,,['en'],ATO,2024-05-23T14:28:00+00:00,14.67,0.0,45,14,2,Wednesday,90,1,0,ATO,en,Bank debit card,0
7a46d9da-929d-4431-911f-e63ae734137d,synth_459ada1d92a8,gig_worker,tabddpm_synthetic,,['en'],ATO,2024-01-22T20:32:00+00:00,5.0,0.0,39,20,0,Monday,19,1,1,ATO,en,Bank debit card,0
6a6317e7-6d38-4bf3-88fe-5cf440a96caa,synth_1ff790ac9859,gig_worker,tabddpm_synthetic,,['en'],ATO,2024-10-15T23:53:00+00:00,5.0,0.0,45,23,6,Sunday,0,1,100,ATO,en,Bank debit card,1
7612f6ac-d4f0-4008-af80-72eb423a2a77,synth_99c18183c80c,gig_worker,tabddpm_synthetic,,['en'],ATO,2024-02-02T13:07:00+00:00,5.0,0.0,45,13,1,Tuesday,90,1,0,ATO,en,Bank debit card,0
0db6b237-0e1e-4c13-945f-d9ee4bdf6f03,synth_1457ede95180,gig_worker,tabddpm_synthetic,,['en'],ATO,2024-03-29T00:05:00+00:00,1456.87,0.0,19,0,0,Monday,90,1,0,ATO,en,Bank debit card,1
96758cac-7285-4e51-99b4-42787649186b,synth_f21ee827eddc,gig_worker,tabddpm_synthetic,,['en'],ATO,2024-08-20T11:38:00+00:00,221.94,0.01,27,11,2,Wednesday,34,1,10,ATO,en,Bank debit card,0
30461c76-5ca6-4ef9-a28e-cdf442cd2f6c,synth_58ecfbc644c7,gig_worker,tabddpm_synthetic,,['en'],ATO,2024-03-07T23:54:00+00:00,6000.0,3000.0,45,23,0,Monday,90,1,100,ATO,en,Bank debit card,1
93ae35f6-693e-486a-9afb-b2652e533dd9,synth_213aac54ae35,gig_worker,tabddpm_synthetic,,['en'],ATO,2024-08-16T07:13:00+00:00,5.0,2.57,32,7,4,Friday,34,417,7,ATO,en,Bank debit card,0
29c56716-84f2-4a71-96e7-306a4e8c2e0c,synth_999cd9a2e7dc,gig_worker,tabddpm_synthetic,,['en'],ATO,2024-06-07T07:38:00+00:00,179.02,14.73,45,7,6,Sunday,7,1114,1,ATO,en,Bank debit card,0
500f9aef-aa30-4428-a4fb-6f4e0486e17a,synth_c22f91eb8a26,gig_worker,tabddpm_synthetic,,['en'],ATO,2024-05-07T23:25:00+00:00,6000.0,681.58,45,23,4,Friday,0,1968,49,ATO,en,Bank debit card,0
7716fbd8-0907-485a-a6e2-3c20f74bf235,synth_69a223d23a22,gig_worker,tabddpm_synthetic,,['en'],ATO,2024-11-03T00:23:00+00:00,749.12,0.0,38,0,0,Monday,90,1,0,ATO,en,Bank debit card,0
9411c7b9-e44b-4479-88a5-e1906e4d5b16,synth_0ca9ff499410,gig_worker,tabddpm_synthetic,,['en'],ATO,2024-10-02T23:52:00+00:00,6000.0,3000.0,45,23,0,Monday,0,2000,100,ATO,en,Bank debit card,0
9916626c-6a02-4e0e-9060-7ba8a32ac561,synth_f6212a1844c5,gig_worker,tabddpm_synthetic,,['en'],ATO,2024-11-01T01:37:00+00:00,246.21,29.45,35,1,4,Friday,2,1,13,ATO,en,Bank debit card,0
324d2180-1ff0-4645-a79c-f8b4e28a348c,synth_2bdf274f16ed,gig_worker,tabddpm_synthetic,,['en'],ATO,2024-06-23T05:58:00+00:00,279.73,0.0,40,5,0,Monday,90,1,0,ATO,en,Bank debit card,0
50127d87-114d-4006-99e1-9bf18c4a59af,synth_ef26ba3948cb,gig_worker,tabddpm_synthetic,,['en'],ATO,2024-05-15T23:02:00+00:00,6000.0,3000.0,45,23,0,Monday,0,2000,100,ATO,en,Bank debit card,0
abfb5cac-914e-4710-b48e-cd809ad7dfae,synth_4dd10df79a4f,gig_worker,tabddpm_synthetic,,['en'],ATO,2024-11-22T06:08:00+00:00,83.49,0.98,35,6,3,Thursday,0,2000,2,ATO,en,Bank debit card,0
be24bac7-7d65-4a48-826b-871b7bca267e,synth_d0d2d71d5690,gig_worker,tabddpm_synthetic,,['en'],ATO,2024-12-29T23:18:00+00:00,5.0,0.0,45,23,6,Sunday,39,2000,5,ATO,en,Bank debit card,0
f1130486-f3d0-46e7-90a2-7be1195626bb,synth_7e8affbd4c66,gig_worker,tabddpm_synthetic,,['en'],ATO,2024-05-31T00:36:00+00:00,273.33,0.0,32,0,0,Monday,90,1,0,ATO,en,Bank debit card,0
2905d397-76c3-42ac-919e-0cb5c69896b2,synth_4ba76b55ccb3,gig_worker,tabddpm_synthetic,,['en'],ATO,2024-03-20T02:35:00+00:00,5.0,0.0,43,2,2,Wednesday,90,1,0,ATO,en,Bank debit card,0
60249386-b7c0-48ab-a467-af7734656f4b,synth_b239672e4a29,gig_worker,tabddpm_synthetic,,['en'],ATO,2024-05-05T17:31:00+00:00,5.0,5.5,32,17,4,Friday,23,1918,6,ATO,en,Bank debit card,0
060a4ae2-6d3a-4619-9741-dfca35d8ff6e,synth_96960c40897d,gig_worker,tabddpm_synthetic,,['en'],ATO,2024-05-04T23:51:00+00:00,6000.0,3000.0,45,23,0,Monday,90,2000,100,ATO,en,Bank debit card,0
6f50a401-6a93-4d6d-a7cf-72a803a8bdca,synth_bc2b308f0548,gig_worker,tabddpm_synthetic,,['en'],ATO,2024-01-11T03:25:00+00:00,5.0,6.53,43,3,5,Saturday,27,17,2,ATO,en,Bank debit card,0
c7ad3a99-5275-40f3-b13c-f1a850fa27ef,synth_760ad2db0c64,gig_worker,tabddpm_synthetic,,['en'],ATO,2024-08-11T10:51:00+00:00,282.29,0.0,45,10,0,Monday,90,1,0,ATO,en,Bank debit card,0
e83469c3-e960-4599-80b4-df7aae910d96,synth_d99d2c5b6afd,gig_worker,tabddpm_synthetic,,['en'],ATO,2024-05-14T23:48:00+00:00,36.99,0.0,35,23,6,Sunday,12,1,0,ATO,en,Bank debit card,0
5181bb7d-a9c3-4063-93d0-c3dc4f5ac564,synth_4fed0bde005c,gig_worker,tabddpm_synthetic,,['en'],ATO,2024-07-27T08:47:00+00:00,5.0,0.0,44,8,4,Friday,2,1426,2,ATO,en,CashApp,0
cfe26773-eea4-441b-b6c3-eefe0de6d448,synth_fa42110249d0,gig_worker,tabddpm_synthetic,,['en'],ATO,2024-07-18T13:25:00+00:00,129.6,5.95,45,13,2,Wednesday,26,30,0,ATO,en,Bank debit card,0
13af65c4-6956-45fc-a13e-4443e61c03b4,synth_78a43fc4795a,gig_worker,tabddpm_synthetic,,['en'],ATO,2024-08-01T08:57:00+00:00,433.05,0.85,41,8,0,Monday,90,1,3,ATO,en,Bank debit card,0
87a5a3bb-3d36-400a-bc6b-6dfef6a48136,synth_f5ba66ddcc54,gig_worker,tabddpm_synthetic,,['en'],ATO,2024-12-28T21:57:00+00:00,5.0,2.84,45,21,3,Thursday,29,1,2,ATO,en,Bank debit card,0
54c80f8c-4e10-46cb-ab6b-b7f1853666c9,synth_38159f0e4def,gig_worker,tabddpm_synthetic,,['en'],ATO,2024-09-17T23:02:00+00:00,6000.0,3000.0,45,23,0,Monday,90,2000,100,ATO,en,Bank debit card,0
ade6b251-2215-43cf-ad05-2f627fa542c0,synth_3d34fc518f5a,gig_worker,tabddpm_synthetic,,['en'],ATO,2024-03-09T08:55:00+00:00,5.0,2.14,34,8,3,Thursday,6,1979,1,ATO,en,Bank debit card,0
092f7e72-a7da-499b-a349-f5731f82e784,synth_cdd573db413b,gig_worker,tabddpm_synthetic,,['en'],ATO,2024-10-26T23:53:00+00:00,6000.0,3000.0,45,23,0,Monday,0,1,100,ATO,en,Bank debit card,1
cc06d85e-df63-4351-b618-204edc12ee70,synth_038afa2b2d5e,gig_worker,tabddpm_synthetic,,['en'],ATO,2024-01-06T15:22:00+00:00,378.33,28.73,18,15,2,Wednesday,19,1262,15,ATO,en,Bank debit card,0
79d8911d-d2e3-430c-8c3f-0d15b6fc12f1,synth_de1cc270cff2,gig_worker,tabddpm_synthetic,,['en'],ATO,2024-06-30T00:09:00+00:00,190.88,0.0,45,0,0,Monday,90,1,0,ATO,en,Bank debit card,0
63067b67-9a42-438e-95d5-994f87c7add7,synth_f8ef509c1554,gig_worker,tabddpm_synthetic,,['en'],ATO,2024-01-29T11:54:00+00:00,5.0,0.0,45,11,3,Thursday,54,1,0,ATO,en,Bank debit card,0
c504f3cd-b7da-4952-b494-d2fadaa1022c,synth_ee653651ff6f,gig_worker,tabddpm_synthetic,,['en'],ATO,2024-11-10T23:16:00+00:00,372.71,0.0,45,23,4,Friday,90,1,0,ATO,en,Bank debit card,0
0803ba01-fd50-442d-97c6-31830ba83f7b,synth_39d5840e8030,gig_worker,tabddpm_synthetic,,['en'],ATO,2024-02-18T23:49:00+00:00,6000.0,3000.0,45,23,0,Monday,78,2000,100,ATO,en,Bank debit card,0
26c8c924-7563-4a29-bd9e-c7c965b6b0cc,synth_b3ee9545e888,gig_worker,tabddpm_synthetic,,['en'],ATO,2024-02-16T23:18:00+00:00,6000.0,3000.0,45,23,0,Monday,0,2000,100,ATO,en,Bank debit card,0
63cb006a-4ba6-4c3f-9192-9b3ac5d4082f,synth_8001fc126b37,gig_worker,tabddpm_synthetic,,['en'],ATO,2024-04-01T09:48:00+00:00,5.0,0.0,45,9,6,Sunday,8,211,10,ATO,en,Bank debit card,0
a5359380-12a3-4fe9-abf3-bfdb4121e717,synth_61702de2295f,gig_worker,tabddpm_synthetic,,['en'],ATO,2024-01-27T02:47:00+00:00,109.2,13.23,40,2,0,Monday,42,591,5,ATO,en,Bank debit card,0
06ce3005-91bc-4f5c-855c-cd4e6f5df38c,synth_fa712c847f22,gig_worker,tabddpm_synthetic,,['en'],ATO,2024-11-20T23:35:00+00:00,6000.0,3000.0,45,23,0,Monday,90,1,100,ATO,en,Bank debit card,0
7b8bc913-ede5-4bf8-9ced-39b984b40d72,synth_1e9ef57ecfd1,gig_worker,tabddpm_synthetic,,['en'],ATO,2024-12-18T21:28:00+00:00,1821.95,95.52,40,21,3,Thursday,0,1,11,ATO,en,Bank debit card,0
3103d00d-6565-43c3-8e0d-95011a0d4b98,synth_71bea3c019e3,gig_worker,tabddpm_synthetic,,['en'],ATO,2024-01-08T11:55:00+00:00,302.9,8.49,35,11,3,Thursday,5,973,9,ATO,en,Bank debit card,0
d4433307-5ce2-4ccc-844e-0b55a578f9a8,synth_d03e182868d5,gig_worker,tabddpm_synthetic,,['en'],ATO,2024-12-04T23:11:00+00:00,6000.0,3000.0,45,23,0,Monday,90,2000,100,ATO,en,Bank debit card,0
288fb820-003d-490f-a000-77de758949b5,synth_0c7f468dd97a,gig_worker,tabddpm_synthetic,,['en'],ATO,2024-03-11T12:51:00+00:00,5.0,5.41,25,12,1,Tuesday,57,1,1,ATO,en,Bank debit card,0
d34c9406-50d2-481c-8d02-f12b064fd905,synth_ca98d4473953,gig_worker,tabddpm_synthetic,,['en'],ATO,2024-11-03T08:11:00+00:00,494.93,21.9,34,8,1,Tuesday,79,1,7,ATO,en,Bank debit card,0
57a9a5cd-fac2-42a2-9a81-35451952fcaa,synth_cda1eb8644d6,gig_worker,tabddpm_synthetic,,['en'],ATO,2024-04-01T07:37:00+00:00,403.51,0.0,45,7,1,Tuesday,90,1,0,ATO,en,Bank debit card,0
e55bcc92-fdd0-4472-a7ba-604ecc103938,synth_018e548e8ba9,gig_worker,tabddpm_synthetic,,['en'],ATO,2024-02-09T10:22:00+00:00,499.32,15.64,27,10,2,Wednesday,84,1,4,ATO,en,Bank debit card,0
c492e169-edf3-475e-bec4-9dd28a2c546d,synth_29f31588efeb,gig_worker,tabddpm_synthetic,,['en'],ATO,2024-06-27T23:50:00+00:00,6000.0,3000.0,45,23,0,Monday,90,1579,100,ATO,en,Bank debit card,0
f5069d04-f26e-4595-b4a2-ca882057436b,synth_cedff3a2ce05,gig_worker,tabddpm_synthetic,,['en'],ATO,2024-11-14T00:41:00+00:00,322.49,0.0,40,0,0,Monday,90,1,0,ATO,en,Bank debit card,0
e40ef453-22e4-44de-8320-6a076b6ced76,synth_0d83aa5b0d3a,gig_worker,tabddpm_synthetic,,['en'],ATO,2024-01-09T12:05:00+00:00,5.0,0.79,37,12,0,Monday,32,1,11,ATO,en,Bank debit card,0
68f06be9-3364-4786-af59-7a7685e58579,synth_d16d42c720a3,gig_worker,tabddpm_synthetic,,['en'],ATO,2024-05-18T14:51:00+00:00,5.0,0.0,33,14,5,Saturday,12,1834,5,ATO,en,Bank debit card,0
331b468f-f848-4fb7-99fa-9880d5478046,synth_3d9319f92f41,gig_worker,tabddpm_synthetic,,['en'],ATO,2024-09-09T23:41:00+00:00,6000.0,3000.0,45,23,0,Monday,60,2000,100,ATO,en,Bank debit card,0
f972104e-744a-4563-9615-4fa2fbd19c6b,synth_82c04b5c8e15,gig_worker,tabddpm_synthetic,,['en'],ATO,2024-10-08T23:19:00+00:00,983.57,80.28,23,23,6,Sunday,61,1,0,ATO,en,Bank debit card,0
c63553a9-f68b-4675-ad2f-8cfe55a033d7,synth_8b5a9b1dac99,gig_worker,tabddpm_synthetic,,['en'],ATO,2024-01-09T08:28:00+00:00,5.0,8.52,35,8,1,Tuesday,9,459,2,ATO,en,Bank debit card,0
ef7a0877-deb9-40bf-9922-7fac7ba29c18,synth_90eda214ba3c,gig_worker,tabddpm_synthetic,,['en'],ATO,2024-07-16T23:22:00+00:00,6000.0,3000.0,45,23,6,Sunday,0,1,100,ATO,en,Bank debit card,0
6724a1f6-8d18-4a19-949b-cca5ee766494,synth_baa741628c68,gig_worker,tabddpm_synthetic,,['en'],ATO,2024-12-18T05:54:00+00:00,161.63,10.14,35,5,0,Monday,10,529,8,ATO,en,Bank debit card,0
5096d519-8a03-4828-87bb-02800ef8e9d8,synth_72beef48883b,gig_worker,tabddpm_synthetic,,['en'],ATO,2024-03-08T09:27:00+00:00,5.0,0.0,36,9,5,Saturday,0,872,6,ATO,en,Bank debit card,0
bea55dab-c62b-4ac2-8af2-5c9902a11eae,synth_9dcda9560523,gig_worker,tabddpm_synthetic,,['en'],ATO,2024-04-04T03:26:00+00:00,314.84,28.39,36,3,6,Sunday,9,52,12,ATO,en,Bank debit card,0
575120be-54f6-4a04-b762-372cb76e3cf0,synth_81a292762d00,gig_worker,tabddpm_synthetic,,['en'],ATO,2024-02-20T23:40:00+00:00,3950.34,116.93,20,23,0,Monday,90,1,8,ATO,en,Bank debit card,1
57db37b9-d26d-4da6-844f-07045b18124c,synth_37741d6702e3,gig_worker,tabddpm_synthetic,,['en'],ATO,2024-08-24T09:40:00+00:00,126.75,8.68,21,9,0,Monday,71,1,0,ATO,en,Bank debit card,0
4177ea1a-1600-450f-98b7-56b30b3f00e8,synth_ed97ffb64596,gig_worker,tabddpm_synthetic,,['en'],ATO,2024-05-05T23:18:00+00:00,6000.0,3000.0,45,23,0,Monday,90,2000,100,ATO,en,Bank debit card,0
3c4b86df-02cf-46bb-866e-ecc7a78ee191,synth_3294d7a67b12,gig_worker,tabddpm_synthetic,,['en'],ATO,2024-03-29T03:21:00+00:00,790.2,52.6,45,3,0,Monday,2,230,30,ATO,en,Bank debit card,0
10d6d285-eec2-41fb-af5d-c2493aa6405f,synth_4a6fecb38e50,gig_worker,tabddpm_synthetic,,['en'],ATO,2024-05-28T08:48:00+00:00,290.28,26.98,28,8,5,Saturday,11,1352,6,ATO,en,Bank debit card,0
4a4b7757-c275-4372-89f6-924a6f27693c,synth_22aaeda8108e,gig_worker,tabddpm_synthetic,,['en'],ATO,2024-05-15T23:43:00+00:00,6000.0,3000.0,45,23,0,Monday,90,2000,100,ATO,en,Bank debit card,0
852b9e5c-fff7-419a-9233-753ebde993b9,synth_2ce8d979c0b2,gig_worker,tabddpm_synthetic,,['en'],ATO,2024-05-25T23:32:00+00:00,196.82,7.26,35,23,6,Sunday,0,1,67,ATO,en,Bank debit card,1
7b16be75-57bb-4d1b-ab14-97c7b419154e,synth_e1419899696b,gig_worker,tabddpm_synthetic,,['en'],CashApp,2024-11-07T13:19:00+00:00,345.06,5.55,25,13,3,Thursday,37,1,0,CashApp,en,Bank debit card,0
efa1728e-02b5-4531-9b1a-1fa35b85b0cf,synth_8fef867a3200,gig_worker,tabddpm_synthetic,,['en'],ATO,2024-09-16T00:55:00+00:00,5.0,0.0,45,0,0,Monday,90,1,0,ATO,en,Bank debit card,0
9d9a0de5-a7df-489d-9362-3e7766cfd8cd,synth_caeb1aac7e86,gig_worker,tabddpm_synthetic,,['en'],ATO,2024-08-12T20:51:00+00:00,41.94,0.0,34,20,6,Sunday,60,1,2,ATO,en,Bank debit card,0
0076c945-3d89-4a8e-bf85-c3ea63778ac8,synth_92f56a3d727b,gig_worker,tabddpm_synthetic,,['en'],ATO,2024-09-17T04:28:00+00:00,580.46,37.6,42,4,0,Monday,0,1,45,ATO,en,Bank debit card,1
e7b1eb70-d41b-4a5a-ac3c-9608ea27885d,synth_8aa747119fad,gig_worker,tabddpm_synthetic,,['en'],ATO,2024-06-03T00:37:00+00:00,350.82,0.0,45,0,0,Monday,90,1,0,ATO,en,Bank debit card,0
1e87d2c8-b9ed-4225-8bda-5b917bdfdc06,synth_7fdb4cf7b7df,gig_worker,tabddpm_synthetic,,['en'],ATO,2024-08-02T00:33:00+00:00,256.59,0.0,45,0,0,Monday,90,1,0,ATO,en,Bank debit card,1
f98ded1c-2318-404c-bc2a-764a60ba9061,synth_ef4fcd6aebbf,gig_worker,tabddpm_synthetic,,['en'],ATO,2024-05-14T23:27:00+00:00,5.0,0.0,32,23,6,Sunday,1,1,30,ATO,en,Bank debit card,0
5deb4251-bc69-49c6-8d66-2d915b5ca356,synth_520d375aa0a1,gig_worker,tabddpm_synthetic,,['en'],ATO,2024-03-08T23:23:00+00:00,6000.0,3000.0,45,23,0,Monday,0,2000,100,ATO,en,Bank debit card,0
f67d66bb-1691-45fb-a095-b6a1119d4396,synth_af8d5aa2febe,gig_worker,tabddpm_synthetic,,['en'],ATO,2024-03-12T06:09:00+00:00,94.65,4.81,33,6,5,Saturday,0,933,9,ATO,en,Bank debit card,0
94a69865-6155-46b6-b447-94d56b1e9926,synth_87f4c4c09f7b,gig_worker,tabddpm_synthetic,,['en'],ATO,2024-10-28T23:39:00+00:00,6000.0,3000.0,45,23,0,Monday,90,2000,100,ATO,en,Bank debit card,0
2cdf79e7-2c3a-4099-877a-afe748d8cee8,synth_38145a0da119,gig_worker,tabddpm_synthetic,,['en'],ATO,2024-07-11T12:01:00+00:00,214.57,18.89,45,12,2,Wednesday,0,2000,8,ATO,en,Bank debit card,0
7794ec29-c2fd-41fc-8b40-fda3a7776cf7,synth_61d23ec4d9ff,gig_worker,tabddpm_synthetic,,['en'],ATO,2024-03-06T01:57:00+00:00,16.0,4.24,44,1,4,Friday,7,1530,8,ATO,en,Bank debit card,0
fab84d88-f72f-47bd-b1e2-b1bb54bdd91b,synth_67d989e6cf2a,gig_worker,tabddpm_synthetic,,['en'],ATO,2024-06-27T23:58:00+00:00,45.87,13.92,21,23,6,Sunday,2,1,15,ATO,en,Bank debit card,0
a56f962b-c8b8-468d-baf2-4d7b4ec621dc,synth_7aae01bb3202,gig_worker,tabddpm_synthetic,,['en'],ATO,2024-05-08T23:20:00+00:00,6000.0,3000.0,45,23,0,Monday,90,2000,100,ATO,en,Bank debit card,0
81d1f2f4-d463-4c08-883c-32c9fc86ca0c,synth_67818dc40f20,gig_worker,tabddpm_synthetic,,['en'],ATO,2024-06-30T23:07:00+00:00,6000.0,3000.0,45,23,0,Monday,75,1,100,ATO,en,Bank debit card,0
900c8f6a-d08e-4393-a675-2b4c1fcb2694,synth_bdaa14b5705d,gig_worker,tabddpm_synthetic,,['en'],ATO,2024-06-15T23:04:00+00:00,5.0,0.0,45,23,6,Sunday,28,1335,34,ATO,en,Bank debit card,0
1a587239-f6bd-43ff-ab15-e7f9deeffecb,synth_6f445bb176d8,gig_worker,tabddpm_synthetic,,['en'],ATO,2024-11-07T23:35:00+00:00,6000.0,3000.0,45,23,0,Monday,90,1,100,ATO,en,Bank debit card,0
34cd5c00-721a-4d86-a55e-2fe9d8def652,synth_40bdf07c2490,gig_worker,tabddpm_synthetic,,['es'],ATO,2024-04-22T09:02:00+00:00,53.67,3.19,28,9,0,Monday,7,1266,8,ATO,es,Bank debit card,0
81d9cbe1-0dc8-438e-a022-b9aa205cbfad,synth_76f017132591,gig_worker,tabddpm_synthetic,,['en'],ATO,2024-06-15T12:45:00+00:00,6000.0,1087.23,45,12,0,Monday,12,2000,21,ATO,en,Bank debit card,0
2240503b-537a-4dd0-a202-068f590e00ad,synth_fcf654cda376,gig_worker,tabddpm_synthetic,,['en'],ATO,2024-06-16T12:49:00+00:00,149.61,2.4,30,12,4,Friday,9,524,4,ATO,en,Bank debit card,0
a3be7f1a-f038-4d2f-be3c-1bdc56d65e04,synth_aae1722b66ca,gig_worker,tabddpm_synthetic,,['en'],ATO,2024-11-12T07:59:00+00:00,39.39,0.0,29,7,6,Sunday,8,1372,1,ATO,en,Bank debit card,0
1230e746-dc06-429e-a90d-a51b304bdc1c,synth_3065fb4805fc,gig_worker,tabddpm_synthetic,,['en'],ATO,2024-04-15T00:52:00+00:00,784.36,3.08,45,0,0,Monday,90,1,0,ATO,en,Bank debit card,0
97bfdb2d-f7f1-4246-8252-49549d6b47bf,synth_f6bd09cc800a,gig_worker,tabddpm_synthetic,,['en'],ATO,2024-01-04T00:05:00+00:00,1025.57,0.0,45,0,0,Monday,90,1,0,ATO,en,Bank debit card,1
a1985610-1217-4e83-90f4-c924c5168a01,synth_8c7f0af640e1,gig_worker,tabddpm_synthetic,,['en'],ATO,2024-09-16T20:01:00+00:00,199.19,6.27,40,20,4,Friday,72,1,0,ATO,en,Bank debit card,0
98fe1aec-88d5-4ad3-a637-98fd6c8ed52d,synth_72755ce00563,gig_worker,tabddpm_synthetic,,['en'],ATO,2024-09-18T11:13:00+00:00,12.89,16.25,18,11,0,Monday,16,173,4,ATO,en,Bank debit card,0
461d1c36-da7a-4976-88c2-10afbdf25685,synth_8be3cb3616b3,gig_worker,tabddpm_synthetic,,['en'],ATO,2024-12-14T05:02:00+00:00,220.48,0.0,45,5,0,Monday,90,1,0,ATO,en,Bank debit card,0
27569cc3-c4fc-4f10-878d-ff2ca034a168,synth_af37f07d2478,gig_worker,tabddpm_synthetic,,['en'],ATO,2024-01-13T12:24:00+00:00,22.93,0.67,25,12,3,Thursday,7,1816,10,ATO,en,Bank debit card,0
3fd6c6d4-e6f4-4c99-92c1-56de2a1645b1,synth_173627a3bdde,gig_worker,tabddpm_synthetic,,['en'],ATO,2024-11-30T07:15:00+00:00,295.41,0.0,45,7,0,Monday,90,1,0,ATO,en,Bank debit card,0
ac433db0-052f-46f0-bc6d-a4ef5e95fc40,synth_1ef38953bd08,gig_worker,tabddpm_synthetic,,['en'],CashApp,2024-01-26T15:05:00+00:00,354.74,13.94,39,15,4,Friday,3,2000,17,CashApp,en,Bank debit card,0
f0717943-e7b1-4317-b917-76204592b2a6,synth_4615ec843239,gig_worker,tabddpm_synthetic,,['en'],ATO,2024-09-05T18:41:00+00:00,310.47,18.88,34,18,4,Friday,14,1840,19,ATO,en,Bank debit card,0
575fcaf0-94c2-493f-a4d2-fe258fd7dbc1,synth_5363385ec95b,gig_worker,tabddpm_synthetic,,['en'],ATO,2024-03-03T23:50:00+00:00,6000.0,3000.0,45,23,0,Monday,0,1,100,ATO,en,Bank debit card,0
844dc018-6d05-4f83-ae6f-b0062e4b31a7,synth_dc9fa1eb1096,gig_worker,tabddpm_synthetic,,['en'],ATO,2024-04-09T23:42:00+00:00,5.0,0.0,45,23,6,Sunday,0,1,100,ATO,en,Bank debit card,1
a27947aa-1c23-474c-9c9d-adcd8e4beeba,synth_846ff3757c1c,gig_worker,tabddpm_synthetic,,['en'],ATO,2024-02-02T23:03:00+00:00,289.27,25.68,45,23,0,Monday,29,1,57,ATO,en,Bank debit card,1
4f128bba-c772-4edb-af39-d94c90d8f923,synth_6a8f753e30d0,gig_worker,tabddpm_synthetic,,['en'],ATO,2024-06-27T18:45:00+00:00,5.0,0.0,45,18,3,Thursday,90,1,1,ATO,en,Bank debit card,0
1420d764-8ebe-4272-94d3-547d556a38fd,synth_51fb9b4097bc,gig_worker,tabddpm_synthetic,,['en'],ATO,2024-11-12T07:20:00+00:00,15.44,4.75,42,7,0,Monday,3,1,5,ATO,en,Bank debit card,0
edb7ae81-b1e4-46f8-9a54-e3b471177ec8,synth_96082be2b979,gig_worker,tabddpm_synthetic,,['en'],ATO,2024-10-15T13:27:00+00:00,5.0,3.73,45,13,5,Saturday,3,2000,10,ATO,en,Bank debit card,0
881e0253-92d3-4d2a-8291-16aa7fcf4399,synth_db1be928091b,gig_worker,tabddpm_synthetic,,['en'],ATO,2024-02-13T04:12:00+00:00,170.21,0.0,34,4,0,Monday,5,26,4,ATO,en,Bank debit card,0
49e22d0c-fdea-466a-8b54-c352ed51cf45,synth_01899d1214f8,gig_worker,tabddpm_synthetic,,['en'],ATO,2024-07-15T08:38:00+00:00,351.29,0.0,45,8,0,Monday,90,1,0,ATO,en,Bank debit card,0
96e1456c-db19-4326-b319-6321eb56b891,synth_acd5c3874f37,gig_worker,tabddpm_synthetic,,['en'],ATO,2024-08-15T23:44:00+00:00,6000.0,1498.68,45,23,0,Monday,0,1,100,ATO,en,Bank debit card,1
55d4a90f-38eb-4c66-8dd5-ac55f1e3a435,synth_1394af612955,gig_worker,tabddpm_synthetic,,['en'],ATO,2024-01-13T00:37:00+00:00,797.29,0.0,31,0,0,Monday,90,1,0,ATO,en,Bank debit card,0
d265bce0-2c66-441e-8bf8-cdc8171cd8fb,synth_8f085afd7586,gig_worker,tabddpm_synthetic,,['en'],ATO,2024-02-25T13:31:00+00:00,86.07,3.73,33,13,0,Monday,7,1385,5,ATO,en,Bank debit card,0
4963a654-8043-41e9-9625-c5742e0dd97c,synth_ff7f0772c32e,gig_worker,tabddpm_synthetic,,['en'],ATO,2024-12-21T07:17:00+00:00,278.77,0.0,45,7,0,Monday,90,1,0,ATO,en,Bank debit card,0
7b8022b9-5288-4d3e-960e-18ae8dac23c5,synth_052ada188d59,gig_worker,tabddpm_synthetic,,['en'],ATO,2024-01-03T04:04:00+00:00,570.69,8.37,38,4,1,Tuesday,0,837,11,ATO,en,Bank debit card,0
b32c0221-e5d4-4a16-8725-803c8fa9bbb7,synth_d40c9f1ea370,gig_worker,tabddpm_synthetic,,['en'],CashApp,2024-05-05T12:41:00+00:00,17.32,7.99,40,12,0,Monday,13,1,0,CashApp,en,Bank debit card,0
3cb9b1a3-a9c7-443b-a2f4-ef83abd83fa5,synth_06154b26de68,gig_worker,tabddpm_synthetic,,['en'],ATO,2024-02-29T23:40:00+00:00,6000.0,3000.0,45,23,0,Monday,0,1,100,ATO,en,Bank debit card,1
e4c40f03-26a7-4c0d-8496-ab01af5f0e8d,synth_9de69b4b5f03,gig_worker,tabddpm_synthetic,,['en'],ATO,2024-04-06T23:41:00+00:00,5.0,0.0,45,23,6,Sunday,3,1,100,ATO,en,Bank debit card,1
99b4906a-44de-4e48-914b-94eb3d906f59,synth_07ac37cecd57,gig_worker,tabddpm_synthetic,,['en'],ATO,2024-09-22T06:31:00+00:00,127.21,0.0,29,6,1,Tuesday,0,390,5,ATO,en,Bank debit card,0
360fa0a2-06fe-47cd-a500-d7784bc8b6a9,synth_fd3c0e5bad43,gig_worker,tabddpm_synthetic,,['en'],ATO,2024-05-15T12:42:00+00:00,254.46,13.2,32,12,3,Thursday,24,1881,6,ATO,en,Bank debit card,0
55fbe1d8-1dff-4e80-a862-ca15eec4b541,synth_7808494a91f1,gig_worker,tabddpm_synthetic,,['en'],ATO,2024-05-10T23:44:00+00:00,6000.0,1745.02,45,23,0,Monday,0,2000,96,ATO,en,Bank debit card,0
4fd8aa3b-81ab-46ae-866b-9eb3787692b3,synth_293268e6abec,gig_worker,tabddpm_synthetic,,['en'],ATO,2024-04-16T23:21:00+00:00,6000.0,3000.0,45,23,0,Monday,0,1,100,ATO,en,Bank debit card,0
8212ebbd-7ede-4d6f-a2c4-e581f2f7546e,synth_630aefea9ec8,gig_worker,tabddpm_synthetic,,['en'],CashApp,2024-06-12T15:54:00+00:00,5.0,0.0,37,15,0,Monday,2,2000,7,CashApp,en,Bank debit card,0
47a8761c-7561-4c4a-841f-752d2b7bd275,synth_7d0b3f0fa185,gig_worker,tabddpm_synthetic,,['en'],ATO,2024-12-14T00:10:00+00:00,358.96,0.0,44,0,0,Monday,90,1,0,ATO,en,Bank debit card,0
b2933048-6bec-4f98-8613-790a70a59660,synth_a95dd1edebdf,gig_worker,tabddpm_synthetic,,['en'],ATO,2024-10-25T23:30:00+00:00,2416.42,47.06,45,23,0,Monday,11,1,46,ATO,en,Bank debit card,1
22812f33-4001-46cc-8040-d7b4d3837d20,synth_ec0ef0f408ad,gig_worker,tabddpm_synthetic,,['en'],ATO,2024-09-08T15:18:00+00:00,233.51,7.68,36,15,2,Wednesday,3,1381,1,ATO,en,Bank debit card,0
808fbd02-5c6e-49b2-9330-b765f9e309e3,synth_2366dc3cf23f,gig_worker,tabddpm_synthetic,,['en'],ATO,2024-12-08T10:39:00+00:00,5.0,0.0,45,10,6,Sunday,4,1481,0,ATO,en,Bank debit card,0
1917b7e3-1b17-4d7a-b513-3343bb3f4db1,synth_865c9eeba515,gig_worker,tabddpm_synthetic,,['en'],ATO,2024-07-20T13:31:00+00:00,30.02,9.01,39,13,0,Monday,38,1,0,ATO,en,Bank debit card,0
0b2d3866-eb99-4fe0-a102-603f8453a03f,synth_6868fddf01ab,gig_worker,tabddpm_synthetic,,['en'],ATO,2024-07-12T10:30:00+00:00,371.84,30.11,30,10,0,Monday,9,1790,9,ATO,en,Bank debit card,0
8c7c86d5-8828-4cd7-939b-4e3af92b0420,synth_d21bff4da953,gig_worker,tabddpm_synthetic,,['en'],CashApp,2024-05-31T09:48:00+00:00,5.0,8.67,36,9,0,Monday,2,1497,6,CashApp,en,Bank debit card,0
52d028e2-596d-4886-b731-00ab3b619296,synth_f02491cdbb2b,gig_worker,tabddpm_synthetic,,['en'],ATO,2024-02-08T06:45:00+00:00,254.97,0.0,42,6,0,Monday,90,1,0,ATO,en,Bank debit card,0
0b10d748-165b-4934-805d-e3be35411ddd,synth_1070b279f4ca,gig_worker,tabddpm_synthetic,,['en'],ATO,2024-09-20T23:42:00+00:00,593.93,44.41,23,23,5,Saturday,55,1,0,ATO,en,Bank debit card,0
108a161c-b6de-4506-b1f8-cbe08137d8ba,synth_5c34463d1d1b,gig_worker,tabddpm_synthetic,,['en'],ATO,2024-01-06T23:22:00+00:00,6000.0,1369.31,45,23,0,Monday,0,1,100,ATO,en,Bank debit card,0
795764c4-b524-41c8-94cb-5d2acac7524a,synth_116471e534b7,gig_worker,tabddpm_synthetic,,['en'],ATO,2024-05-17T16:41:00+00:00,2739.07,172.13,45,16,0,Monday,10,1,26,ATO,en,Bank debit card,1
bd59fdf0-4c0b-4b42-8b7c-0c52cf17b5e2,synth_d66506dfd152,gig_worker,tabddpm_synthetic,,['en'],ATO,2024-08-15T04:02:00+00:00,21.0,0.0,45,4,0,Monday,90,1,0,ATO,en,Bank debit card,0
7822b328-7f0c-409c-8ddd-fb92b4f01664,synth_970ecab64585,gig_worker,tabddpm_synthetic,,['en'],ATO,2024-03-15T23:46:00+00:00,86.8,15.31,45,23,6,Sunday,0,1,100,ATO,en,Bank debit card,1
fa65f2c3-972e-4ad1-80fa-87976e7fd440,synth_53d165f89d30,gig_worker,tabddpm_synthetic,,['en'],ATO,2024-04-21T23:27:00+00:00,5.0,0.0,45,23,6,Sunday,0,1,100,ATO,en,Bank debit card,1
97afcab8-9b6f-40d7-a231-f2530acc241e,synth_0e2b22b7290c,gig_worker,tabddpm_synthetic,,['en'],ATO,2024-04-27T13:22:00+00:00,5.0,0.0,28,13,4,Friday,31,283,0,ATO,en,Bank debit card,0
d9d4a0e5-0ba2-4f03-92fb-403135b34bb9,synth_cd8c50370f5f,gig_worker,tabddpm_synthetic,,['en'],ATO,2024-03-01T23:09:00+00:00,5.0,0.0,45,23,6,Sunday,0,1,100,ATO,en,Bank debit card,1
32f78eab-da38-4d51-95f9-24ba866a7cc5,synth_7e4f53a0945c,gig_worker,tabddpm_synthetic,,['en'],ATO,2024-01-25T23:07:00+00:00,6000.0,3000.0,45,23,0,Monday,90,2000,100,ATO,en,Bank debit card,0
2a57f928-0024-4365-896d-9d947113256e,synth_5b8016e4ead1,gig_worker,tabddpm_synthetic,,['en'],ATO,2024-08-17T08:13:00+00:00,632.91,0.0,38,8,0,Monday,90,1,0,ATO,en,Bank debit card,0
8323d249-7beb-4ab2-a2e7-a3c06e7f0654,synth_0d55437e01f8,gig_worker,tabddpm_synthetic,,['en'],ATO,2024-08-06T09:39:00+00:00,31.68,0.0,42,9,5,Saturday,62,1,1,ATO,en,Bank debit card,0
44d4c84a-f974-4424-9dd9-b9036128db6d,synth_14e25ed5ca5b,gig_worker,tabddpm_synthetic,,['en'],ATO,2024-07-21T23:30:00+00:00,6000.0,3000.0,45,23,0,Monday,0,1,100,ATO,en,Bank debit card,1
36a78a44-c577-49bd-a0ef-3aa9b11bbb48,synth_5c68e591229d,gig_worker,tabddpm_synthetic,,['en'],ATO,2024-08-08T23:05:00+00:00,6000.0,483.1,45,23,1,Tuesday,4,1,100,ATO,en,Bank debit card,1
94d553f0-b9c0-46cc-a65f-8df03711703a,synth_01ed2e532bd8,gig_worker,tabddpm_synthetic,,['en'],ATO,2024-12-16T23:57:00+00:00,292.55,37.41,21,23,3,Thursday,18,424,3,ATO,en,CashApp,0
6e34b80c-ef40-4dee-9b57-9582323aa7f3,synth_b999dfa142ea,gig_worker,tabddpm_synthetic,,['en'],ATO,2024-12-06T00:02:00+00:00,424.74,0.0,45,0,0,Monday,90,1,0,ATO,en,Bank debit card,0
cb69fed3-e801-4298-a6ce-78fce5383808,synth_bddeb2034a45,gig_worker,tabddpm_synthetic,,['en'],ATO,2024-04-02T03:55:00+00:00,5.0,0.0,41,3,0,Monday,90,1,0,ATO,en,Bank debit card,0
5195b807-542d-4516-9b6f-e2fc99c4e5f6,synth_ecbb7bfa85cd,gig_worker,tabddpm_synthetic,,['en'],ATO,2024-05-05T23:10:00+00:00,1271.36,71.05,45,23,0,Monday,9,1,53,ATO,en,Bank debit card,0
1e1b46aa-5f5c-4a81-a904-7063feca8b4c,synth_0c7d8611d0b7,gig_worker,tabddpm_synthetic,,['en'],ATO,2024-02-24T10:13:00+00:00,323.81,6.18,29,10,6,Sunday,16,1650,4,ATO,en,Bank debit card,0
b3c24737-4e0a-4d4d-86d2-2f53892d4bd2,synth_b4af551f0d7f,gig_worker,tabddpm_synthetic,,['en'],ATO,2024-04-28T23:09:00+00:00,5.0,2.0,23,23,6,Sunday,2,1,18,ATO,en,Bank debit card,0
1f3143d0-1a02-402a-a82e-58ccbf7fe68e,synth_80b559b6c5f8,gig_worker,tabddpm_synthetic,,['en'],ATO,2024-05-12T23:39:00+00:00,5.0,0.0,45,23,6,Sunday,3,1,100,ATO,en,Bank debit card,1
f7f2a487-dd05-417e-880d-7e2ad68ceb75,synth_356baf491f92,gig_worker,tabddpm_synthetic,,['en'],ATO,2024-12-25T07:07:00+00:00,94.39,0.0,34,7,0,Monday,90,1,0,ATO,en,Bank debit card,0
378f70ed-04f5-4a9b-b9e8-07ebd617935b,synth_7b780ab1b94d,gig_worker,tabddpm_synthetic,,['en'],ATO,2024-12-26T11:30:00+00:00,426.35,1.75,27,11,0,Monday,90,1,0,ATO,en,Bank debit card,0
7f940250-6e23-4b53-b4ec-74a1f6a00460,synth_c1e62aa94bf3,gig_worker,tabddpm_synthetic,,['en'],ATO,2024-11-10T03:42:00+00:00,231.79,0.0,45,3,0,Monday,90,1,0,ATO,en,Bank debit card,0
d342dc83-4b09-4457-9329-70543c9ebc3c,synth_f981744791f9,gig_worker,tabddpm_synthetic,,['en'],ATO,2024-08-16T11:12:00+00:00,388.21,0.0,21,11,0,Monday,90,1,0,ATO,en,Bank debit card,0
11b3b9a8-f968-47d2-b0c3-5e1219d414fc,synth_24ab158fc29a,gig_worker,tabddpm_synthetic,,['en'],ATO,2024-11-24T13:24:00+00:00,209.91,0.0,45,13,1,Tuesday,90,1,0,ATO,en,Bank debit card,0
092549ea-f0b3-43a8-b747-6d79aa82a3f2,synth_48ed12c24a69,gig_worker,tabddpm_synthetic,,['en'],ATO,2024-10-07T09:50:00+00:00,285.47,12.99,34,9,5,Saturday,14,91,4,ATO,en,Bank debit card,0
b7294a4a-8915-461e-ba98-e6ee2deeb082,synth_a015c1e8370a,gig_worker,tabddpm_synthetic,,['en'],ATO,2024-03-16T23:34:00+00:00,6000.0,3000.0,45,23,0,Monday,90,2000,100,ATO,en,Bank debit card,0
3db3b0d8-be92-4a85-aa74-d9ee2540a184,synth_5864a1c55fb7,gig_worker,tabddpm_synthetic,,['en'],ATO,2024-03-10T10:44:00+00:00,5.0,10.31,43,10,4,Friday,12,974,6,ATO,en,Bank debit card,0
0808cab3-8a07-44fa-a1f1-e8512a2ef277,synth_de96bb6e4b37,gig_worker,tabddpm_synthetic,,['en'],ATO,2024-08-07T09:20:00+00:00,42.75,9.08,31,9,2,Wednesday,43,1,3,ATO,en,Bank debit card,0
b19a3212-032b-412a-8da4-07e3f99140bf,synth_37d6c67109dd,gig_worker,tabddpm_synthetic,,['en'],ATO,2024-05-22T23:47:00+00:00,50.21,1.17,42,23,2,Wednesday,43,276,3,ATO,en,Bank debit card,0
40428089-fc77-4530-9011-eff477fd1882,synth_ae2f702aebe0,gig_worker,tabddpm_synthetic,,['en'],ATO,2024-01-22T23:02:00+00:00,362.19,24.26,24,23,0,Monday,18,781,8,ATO,en,Bank debit card,0
af44f7b3-0b10-4681-a410-df5c99aa0e4f,synth_b12a3d244d0f,gig_worker,tabddpm_synthetic,,['en'],ATO,2024-10-30T23:46:00+00:00,5.0,0.0,45,23,6,Sunday,0,1,100,ATO,en,Bank debit card,1
c611cd88-e14e-4f64-8c9b-4a470b8c24ff,synth_674e4973e4b0,gig_worker,tabddpm_synthetic,,['en'],ATO,2024-06-08T23:25:00+00:00,6000.0,3000.0,45,23,6,Sunday,0,1,100,ATO,en,Bank debit card,1
55015351-de69-40f0-9d6a-a656d440bfc2,synth_c444067e9264,gig_worker,tabddpm_synthetic,,['en'],ATO,2024-07-12T22:39:00+00:00,5.0,3.11,18,22,6,Sunday,4,1,6,ATO,en,Bank debit card,0
086617f0-bcc5-4f06-acac-24556fb3d3f4,synth_48a8a08fd535,gig_worker,tabddpm_synthetic,,['en'],ATO,2024-03-15T12:35:00+00:00,169.37,22.21,29,12,0,Monday,17,2000,11,ATO,en,CashApp,0
112c6546-b27d-40f2-a9a0-93247059491e,synth_023a072460c5,gig_worker,tabddpm_synthetic,,['en'],ATO,2024-10-19T11:56:00+00:00,5.0,4.39,38,11,2,Wednesday,10,409,2,ATO,en,Bank debit card,0
f66c8378-1225-4dc2-9ad3-9fc17fb63e22,synth_2252825bce50,gig_worker,tabddpm_synthetic,,['en'],ATO,2024-08-12T23:28:00+00:00,6000.0,3000.0,45,23,0,Monday,0,1,100,ATO,en,Bank debit card,0
e6f05dd6-3b7c-471c-84b3-a88ff81ba267,synth_b55d8ab1fcf7,gig_worker,tabddpm_synthetic,,['en'],ATO,2024-09-18T11:42:00+00:00,49.64,0.0,45,11,5,Saturday,90,1,0,ATO,en,Bank debit card,0
565cd7cb-98b4-4545-a5a9-932428562888,synth_3318a30cea75,gig_worker,tabddpm_synthetic,,['en'],ATO,2024-02-24T23:50:00+00:00,6000.0,3000.0,45,23,0,Monday,34,1,100,ATO,en,Bank debit card,0
9709ce79-6314-4ddd-a00d-bca22df6c31b,synth_cd051a266743,gig_worker,tabddpm_synthetic,,['en'],ATO,2024-06-21T05:01:00+00:00,279.6,18.14,43,5,2,Wednesday,5,858,6,ATO,en,Bank debit card,0
39982388-ae81-4381-8117-921ba5cca36c,synth_5a059ccff1f0,gig_worker,tabddpm_synthetic,,['en'],ATO,2024-10-26T11:33:00+00:00,68.46,7.0,18,11,0,Monday,14,39,7,ATO,en,Bank debit card,0
7f01a62d-6881-4ff5-b294-515bd41291b1,synth_f20ccb35f1bd,gig_worker,tabddpm_synthetic,,['en'],ATO,2024-01-16T00:49:00+00:00,87.44,9.25,40,0,0,Monday,15,188,3,ATO,en,Bank debit card,0
dc87d9d9-e711-41df-8e49-cb144d348ab2,synth_80ddd3e3e026,gig_worker,tabddpm_synthetic,,['en'],ATO,2024-03-18T06:22:00+00:00,5.0,0.0,45,6,0,Monday,90,1,0,ATO,en,Bank debit card,0
c1b0c8dd-c098-4f56-8f3d-66d26eef5a47,synth_5b60844adbd9,gig_worker,tabddpm_synthetic,,['en'],ATO,2024-10-07T23:26:00+00:00,6000.0,3000.0,45,23,0,Monday,90,2000,100,ATO,en,Bank debit card,0
7f81c7ca-36d6-4e8c-a3e4-0332fd985a2c,synth_eff9325403df,gig_worker,tabddpm_synthetic,,['en'],ATO,2024-10-17T00:39:00+00:00,684.79,0.0,29,0,0,Monday,90,1,0,ATO,en,Bank debit card,0
5a9427cc-478c-4586-bd40-a0faecb062fd,synth_b913fadf561e,gig_worker,tabddpm_synthetic,,['en'],ATO,2024-01-16T23:08:00+00:00,6000.0,3000.0,45,23,0,Monday,90,2000,100,ATO,en,Bank debit card,0
49ba46b1-d1d0-47d2-99d0-e0935dd314c0,synth_52d7b8dc0a19,gig_worker,tabddpm_synthetic,,['en'],ATO,2024-07-09T23:04:00+00:00,6000.0,3000.0,45,23,0,Monday,90,1170,100,ATO,en,Bank debit card,0
ac608303-d323-49c1-9757-6ca8fccef23a,synth_225eb23cb671,gig_worker,tabddpm_synthetic,,['en'],ATO,2024-10-07T23:20:00+00:00,6000.0,3000.0,45,23,0,Monday,26,1763,100,ATO,en,Bank debit card,0
17f909aa-a646-4db1-9d8a-c5bd4e53e28d,synth_c26d68ad00a9,gig_worker,tabddpm_synthetic,,['en'],ATO,2024-01-13T00:49:00+00:00,669.76,0.0,31,0,0,Monday,90,1,0,ATO,en,Bank debit card,0
776e1729-3607-44eb-9ed7-6dcff51b48e9,synth_d02c6765adfb,gig_worker,tabddpm_synthetic,,['en'],ATO,2024-10-08T23:08:00+00:00,5.0,0.0,42,23,6,Sunday,0,1,100,ATO,en,Bank debit card,1
4f39ecc4-df81-45c5-9bff-6277dcdf747e,synth_b255976ec0fd,gig_worker,tabddpm_synthetic,,['en'],ATO,2024-02-15T23:58:00+00:00,6000.0,3000.0,45,23,0,Monday,90,2000,100,ATO,en,Bank debit card,0
1d5dc6d4-ab4e-4875-a6d2-0986f362e10c,synth_6da17f0188af,gig_worker,tabddpm_synthetic,,['en'],ATO,2024-02-01T23:16:00+00:00,83.31,2.52,36,23,3,Thursday,36,1,0,ATO,en,Bank debit card,0
9e8d2665-c288-4e6d-aa8b-3e8ac2e69de9,synth_cbdbc7ced9ee,gig_worker,tabddpm_synthetic,,['en'],CashApp,2024-07-17T07:10:00+00:00,276.78,13.34,23,7,3,Thursday,0,1501,9,CashApp,en,Bank debit card,0
fc053d97-9795-4283-921f-701a17a5997a,synth_57d678d9bf2d,gig_worker,tabddpm_synthetic,,['en'],ATO,2024-03-31T23:55:00+00:00,5.0,0.0,18,23,6,Sunday,0,1,65,ATO,en,Bank debit card,0
7eaa6847-ee6c-4e75-a63f-d74b113d6874,synth_d85bab802ecd,gig_worker,tabddpm_synthetic,,['en'],ATO,2024-09-30T04:06:00+00:00,151.52,10.28,21,4,2,Wednesday,3,1422,9,ATO,en,Bank debit card,0
225a3b27-edc0-4e46-b4d7-94757394e11c,synth_7dc1dce0a6b4,gig_worker,tabddpm_synthetic,,['en'],ATO,2024-06-02T00:05:00+00:00,214.04,10.61,23,0,0,Monday,14,1,11,ATO,en,Bank debit card,0
9d48e910-ad5d-4f15-9530-811563eb7434,synth_d4eeae19034d,gig_worker,tabddpm_synthetic,,['en'],ATO,2024-11-18T01:20:00+00:00,227.54,22.0,40,1,2,Wednesday,16,226,7,ATO,en,Bank debit card,0
e9ef5d04-f0b7-4057-b92b-cca824cca668,synth_87fae6d4a280,gig_worker,tabddpm_synthetic,,['en'],ATO,2024-12-14T23:53:00+00:00,6000.0,3000.0,45,23,0,Monday,0,1,100,ATO,en,Bank debit card,0
b55063ed-028e-4216-85fd-bd0805039ae6,synth_a2faf940cd0b,gig_worker,tabddpm_synthetic,,['en'],ATO,2024-10-02T21:18:00+00:00,5.0,0.0,45,21,1,Tuesday,25,675,5,ATO,en,Bank debit card,0
8b76d8aa-b8fd-4aeb-9e8f-4c70b5144ccc,synth_411b96d860c0,gig_worker,tabddpm_synthetic,,['en'],ATO,2024-11-21T23:48:00+00:00,5.0,0.0,45,23,6,Sunday,0,1,95,ATO,en,Bank debit card,1
55eb4665-b8ce-4cbf-97b8-f674a6540f04,synth_6e84cc30556e,gig_worker,tabddpm_synthetic,,['en'],CashApp,2024-12-04T12:51:00+00:00,606.68,34.79,33,12,0,Monday,31,435,10,CashApp,en,Bank debit card,0
983016ba-fb70-4e31-a74e-ac849ba11c30,synth_ff4d23c815c9,gig_worker,tabddpm_synthetic,,['en'],ATO,2024-07-14T22:35:00+00:00,103.28,7.79,34,22,3,Thursday,22,1,0,ATO,en,Bank debit card,0
1e435f6c-52f6-4209-994e-165d71f659a9,synth_115a167570e9,gig_worker,tabddpm_synthetic,,['en'],ATO,2024-09-14T23:49:00+00:00,6000.0,572.01,45,23,0,Monday,9,1030,24,ATO,en,Bank debit card,0
f0b6a0a8-7689-4f04-9e54-cac659f82b98,synth_e9bc2a55e7ac,gig_worker,tabddpm_synthetic,,['en'],ATO,2024-01-26T00:16:00+00:00,5.0,0.0,45,0,0,Monday,90,1,0,ATO,en,Bank debit card,0
3cab3daf-aad3-4a79-9364-cf234f5f723a,synth_2c5085f960a4,gig_worker,tabddpm_synthetic,,['en'],ATO,2024-04-17T08:33:00+00:00,81.25,11.37,29,8,1,Tuesday,13,1875,3,ATO,en,Bank debit card,0
daeab46d-03c3-4566-a3d8-a7fcd58c7dd0,synth_d8dca9eb8129,gig_worker,tabddpm_synthetic,,['en'],ATO,2024-10-01T09:40:00+00:00,254.81,21.55,36,9,2,Wednesday,3,530,0,ATO,en,Bank debit card,0
f7c4efd3-405f-4d5e-82f2-6e0ed6db09db,synth_ef0c3dedfe45,gig_worker,tabddpm_synthetic,,['en'],ATO,2024-11-03T18:02:00+00:00,144.78,22.16,32,18,6,Sunday,44,1,1,ATO,en,Bank debit card,0
5e47726c-83f7-423e-af35-f78cd84a4b75,synth_edd24496b7f4,gig_worker,tabddpm_synthetic,,['en'],ATO,2024-01-20T07:59:00+00:00,60.91,2.07,33,7,1,Tuesday,88,1,2,ATO,en,Bank debit card,0
4fc0b706-071f-44a9-99b9-47bdf193b79f,synth_c9db18e23bd6,gig_worker,tabddpm_synthetic,,['en'],ATO,2024-12-18T23:15:00+00:00,6000.0,3000.0,45,23,0,Monday,90,2000,100,ATO,en,Bank debit card,0
c83c5122-85fe-462e-801f-7910d98ab669,synth_1e9f59524e44,gig_worker,tabddpm_synthetic,,['en'],ATO,2024-09-04T06:23:00+00:00,5.0,0.0,45,6,1,Tuesday,90,1,0,ATO,en,Bank debit card,0
aae7eb0d-febd-4b74-be7e-066cf74d38af,synth_256c09997ffe,gig_worker,tabddpm_synthetic,,['en'],ATO,2024-10-11T00:53:00+00:00,479.86,0.0,45,0,0,Monday,90,1,0,ATO,en,Bank debit card,0
cd9c7dd1-8043-41e1-adf7-8fe52a5e72c6,synth_ce0318ab3bd2,gig_worker,tabddpm_synthetic,,['en'],ATO,2024-07-31T23:21:00+00:00,6000.0,3000.0,45,23,0,Monday,90,2000,100,ATO,en,Bank debit card,0
04486f9c-45dc-4161-b905-8f198d55cba3,synth_fffb0b985694,gig_worker,tabddpm_synthetic,,['en'],ATO,2024-02-16T08:05:00+00:00,535.56,15.44,24,8,0,Monday,90,1,0,ATO,en,Bank debit card,0
7cd1d2dc-4599-403e-aeab-333c156691a3,synth_4249cdb30d1e,gig_worker,tabddpm_synthetic,,['en'],ATO,2024-04-29T14:54:00+00:00,625.46,40.12,28,14,1,Tuesday,42,1,7,ATO,en,Bank debit card,0
b1f55e11-d3a8-4039-ab5f-e4acc09877be,synth_125120b6d9a0,gig_worker,tabddpm_synthetic,,['en'],ATO,2024-06-25T00:49:00+00:00,257.43,0.0,45,0,0,Monday,90,1,0,ATO,en,Bank debit card,0
57396ae2-f1af-4543-99a2-88fb20dc48d0,synth_69efddade1c5,gig_worker,tabddpm_synthetic,,['en'],ATO,2024-02-02T18:09:00+00:00,5.0,0.0,45,18,2,Wednesday,12,1348,7,ATO,en,Bank debit card,0
ac8899d1-47d0-4ed8-9c33-258da30e6976,synth_4509ebe3b218,gig_worker,tabddpm_synthetic,,['en'],ATO,2024-05-13T23:38:00+00:00,6000.0,3000.0,45,23,0,Monday,90,2000,100,ATO,en,Bank debit card,0
f1a6805b-4eef-4487-9999-386e05dacd0b,synth_796396ea78c9,gig_worker,tabddpm_synthetic,,['en'],ATO,2024-05-23T00:04:00+00:00,410.84,2.59,28,0,0,Monday,8,1,37,ATO,en,Bank debit card,1
c5b0c714-71e0-4322-b9eb-f7b3b2cfded3,synth_7ce46c89b8e2,gig_worker,tabddpm_synthetic,,['en'],ATO,2024-11-19T23:27:00+00:00,6000.0,3000.0,45,23,0,Monday,90,2000,100,ATO,en,Bank debit card,0
d2a5d972-e47f-4a4e-a383-46da3663aaf9,synth_089a11a4f1ef,gig_worker,tabddpm_synthetic,,['en'],ATO,2024-06-28T00:17:00+00:00,11.2,4.15,24,0,2,Wednesday,10,769,4,ATO,en,Bank debit card,0
96a2897a-785f-4a6b-a7e2-c2ce6605e43f,synth_0df281b6285e,gig_worker,tabddpm_synthetic,,['en'],ATO,2024-04-23T09:32:00+00:00,5.0,0.0,37,9,4,Friday,16,1349,2,ATO,en,Bank debit card,0
2caa7cf2-50ff-49fe-967e-4673324c13aa,synth_78184cc7510b,gig_worker,tabddpm_synthetic,,['en'],ATO,2024-04-12T12:17:00+00:00,18.89,8.68,34,12,4,Friday,16,758,4,ATO,en,Bank debit card,0
32f8e4ce-a698-40b5-9b58-71d2b5707968,synth_83b9d2e5fec0,gig_worker,tabddpm_synthetic,,['en'],ATO,2024-05-14T05:46:00+00:00,5.0,0.0,25,5,0,Monday,4,159,10,ATO,en,Bank debit card,0
70bb7b19-a4cf-4b2c-bce2-944322aacc7b,synth_8750798259d4,gig_worker,tabddpm_synthetic,,['en'],ATO,2024-08-28T00:01:00+00:00,177.46,0.0,45,0,0,Monday,90,1,0,ATO,en,Bank debit card,0
ace23d55-f5e0-4183-924f-df4f2b8122ff,synth_890b2a5cd335,gig_worker,tabddpm_synthetic,,['en'],ATO,2024-09-23T10:04:00+00:00,5.0,0.0,18,10,0,Monday,0,1172,1,ATO,en,Bank debit card,0
aabacebe-bf35-4f9b-b398-81e8ebc3d1b5,synth_642fcd7aa2f2,gig_worker,tabddpm_synthetic,,['en'],ATO,2024-06-22T16:08:00+00:00,239.1,18.38,34,16,4,Friday,9,1,2,ATO,en,Bank debit card,0
bd997129-4a3d-47fe-975f-34c9b6a8add7,synth_be2d21361097,gig_worker,tabddpm_synthetic,,['en'],ATO,2024-04-02T08:45:00+00:00,294.57,19.34,43,8,4,Friday,67,342,2,ATO,en,Bank debit card,0
74a1eefc-9ca9-4100-b434-58e6778439f9,synth_f2e46edcfba9,gig_worker,tabddpm_synthetic,,['en'],ATO,2024-10-18T23:11:00+00:00,5.0,0.0,40,23,6,Sunday,0,1,34,ATO,en,Bank debit card,0
1b7f54a1-460a-4a70-838d-56a6c8646ccf,synth_352d95dcc863,gig_worker,tabddpm_synthetic,,['en'],ATO,2024-04-22T13:29:00+00:00,52.4,17.05,41,13,4,Friday,4,1603,6,ATO,en,Bank debit card,0
daaa83b6-f30b-4550-9bcb-a709f82b0397,synth_8b6ef7053347,gig_worker,tabddpm_synthetic,,['en'],ATO,2024-06-14T23:05:00+00:00,6000.0,1299.33,45,23,0,Monday,0,1,100,ATO,en,Bank debit card,0
78484e21-f80e-4692-83a1-ac709e3ee27a,synth_061497420bf2,gig_worker,tabddpm_synthetic,,['en'],ATO,2024-11-16T23:33:00+00:00,6000.0,3000.0,45,23,0,Monday,90,2000,100,ATO,en,Bank debit card,0
45704d6d-e915-4e05-8871-292db1e67a78,synth_04382f8fd6d4,gig_worker,tabddpm_synthetic,,['en'],ATO,2024-09-28T00:44:00+00:00,189.11,0.0,45,0,0,Monday,90,1,0,ATO,en,Bank debit card,0
b7c1dde4-8ebd-4da2-a393-a618d155b876,synth_b4ef278ad5e0,gig_worker,tabddpm_synthetic,,['en'],ATO,2024-02-03T15:53:00+00:00,5.0,1.79,45,15,3,Thursday,14,1913,3,ATO,en,Bank debit card,0
635d6586-e9b9-4a6a-adc8-18742efb97f3,synth_da4af181ddd4,gig_worker,tabddpm_synthetic,,['en'],ATO,2024-02-21T23:45:00+00:00,6000.0,3000.0,45,23,0,Monday,90,2000,100,ATO,en,Bank debit card,0
8d89da03-3535-4498-b566-c011488af4fe,synth_761c58e3ce05,gig_worker,tabddpm_synthetic,,['en'],ATO,2024-10-04T00:35:00+00:00,143.22,0.0,45,0,0,Monday,90,1,0,ATO,en,Bank debit card,0
2677b535-e4d3-4f82-8acd-7b088dfa3f2e,synth_c29ec96218d5,gig_worker,tabddpm_synthetic,,['en'],ATO,2024-05-21T15:15:00+00:00,105.03,12.34,22,15,1,Tuesday,66,1,1,ATO,en,Bank debit card,0
88bee0bb-a667-4dfb-b9d8-66a26e124de7,synth_3cb7a7ea4522,gig_worker,tabddpm_synthetic,,['en'],ATO,2024-04-14T14:41:00+00:00,337.87,4.14,43,14,6,Sunday,7,160,5,ATO,en,Bank debit card,0
f90b9417-631c-4319-aff9-bc0c3739b05d,synth_d9b2e4de5699,gig_worker,tabddpm_synthetic,,['en'],ATO,2024-10-29T23:18:00+00:00,6000.0,3000.0,45,23,0,Monday,37,1,100,ATO,en,Bank debit card,0
f915d555-915b-4f0b-bff4-5b61354cb887,synth_f1aa50abb2aa,gig_worker,tabddpm_synthetic,,['en'],ATO,2024-05-15T23:56:00+00:00,6000.0,3000.0,45,23,0,Monday,90,2000,100,ATO,en,Bank debit card,0
9b2ef62f-40f4-4c31-bd0e-754bb6c0cb9d,synth_11e6a80b49a3,gig_worker,tabddpm_synthetic,,['en'],ATO,2024-03-16T13:42:00+00:00,5.0,0.0,27,13,4,Friday,11,2000,7,ATO,en,Bank debit card,0
034b5c20-f05d-40d6-b30e-67af189c4fc3,synth_97820d659cd5,gig_worker,tabddpm_synthetic,,['en'],ATO,2024-06-11T23:13:00+00:00,113.68,7.34,28,23,3,Thursday,18,1,4,ATO,en,Bank debit card,0
27c32aa9-b6e6-4cbc-9507-24ab082ab7a2,synth_1d6e17b1d26a,gig_worker,tabddpm_synthetic,,['en'],ATO,2024-01-14T16:15:00+00:00,5.0,0.22,32,16,5,Saturday,1,693,6,ATO,en,Bank debit card,0
08393c6e-a8f2-4370-9c8d-6af297c14d03,synth_f4c940166286,gig_worker,tabddpm_synthetic,,['en'],ATO,2024-09-23T23:05:00+00:00,5.0,4.69,20,23,5,Saturday,2,460,10,ATO,en,Bank debit card,0
fbc5dde4-ce29-4ee2-8c05-706088759a41,synth_59db889dc68c,gig_worker,tabddpm_synthetic,,['en'],ATO,2024-11-05T06:33:00+00:00,106.23,2.68,29,6,3,Thursday,0,454,7,ATO,en,Bank debit card,0
6f4ddf9a-079d-48df-ae48-5e4f305dc160,synth_b30046d75aa3,gig_worker,tabddpm_synthetic,,['en'],ATO,2024-08-15T08:13:00+00:00,113.69,5.99,44,8,0,Monday,13,567,10,ATO,en,Bank debit card,0
7067c65d-7045-4068-a102-a4a6a7ea728e,synth_8f0df951804c,gig_worker,tabddpm_synthetic,,['en'],ATO,2024-04-23T23:17:00+00:00,6000.0,3000.0,45,23,0,Monday,90,1,100,ATO,en,Bank debit card,0
f7321a85-bbc0-4326-bbaa-970d4e349922,synth_43c5b1d41663,gig_worker,tabddpm_synthetic,,['en'],ATO,2024-03-08T23:01:00+00:00,5.0,0.0,18,23,6,Sunday,2,1,11,ATO,en,Bank debit card,0
ef2dccd4-6778-4d0d-a57c-7406225b9b66,synth_9522e9b5574e,gig_worker,tabddpm_synthetic,,['en'],ATO,2024-05-08T09:12:00+00:00,198.31,3.09,24,9,4,Friday,7,1512,7,ATO,en,Bank debit card,0
3e779473-7ecd-4d09-8c5d-f4dc72a172fc,synth_2ac418714878,gig_worker,tabddpm_synthetic,,['en'],ATO,2024-03-30T12:04:00+00:00,180.27,1.45,38,12,1,Tuesday,90,1,0,ATO,en,Bank debit card,0
df84bca5-028d-4cc7-88eb-01b18499fc4e,synth_1e6bc6f59cb3,gig_worker,tabddpm_synthetic,,['en'],CashApp,2024-08-15T23:45:00+00:00,5.0,1.89,40,23,3,Thursday,3,808,23,CashApp,en,Bank debit card,0
0cc20242-991a-44a1-b20d-ea48ba887512,synth_d7643f07fee6,gig_worker,tabddpm_synthetic,,['en'],ATO,2024-06-07T23:09:00+00:00,6000.0,1433.28,45,23,0,Monday,1,2000,86,ATO,en,Bank debit card,0
20ddbeca-7d9c-45b5-89c1-fc8042e69a74,synth_9d6f207acdda,gig_worker,tabddpm_synthetic,,['en'],ATO,2024-10-17T15:07:00+00:00,5.0,0.0,45,15,6,Sunday,65,1,0,ATO,en,Bank debit card,0
4880ceba-418b-45b9-aa3f-609046e9c70f,synth_8cf8bf3a19e8,gig_worker,tabddpm_synthetic,,['en'],ATO,2024-06-03T23:48:00+00:00,5.0,0.0,45,23,6,Sunday,0,1,100,ATO,en,Bank debit card,1
853afdf7-6718-4e01-9d41-9f9a2d2b1b4e,synth_8d7889f0a362,gig_worker,tabddpm_synthetic,,['en'],ATO,2024-04-28T23:02:00+00:00,6000.0,3000.0,45,23,0,Monday,90,2000,100,ATO,en,Bank debit card,0
4ac65afa-df46-4032-9921-3ba5755153bf,synth_efa5005da40d,gig_worker,tabddpm_synthetic,,['en'],ATO,2024-03-11T23:19:00+00:00,6000.0,1711.43,36,23,0,Monday,32,1,81,ATO,en,Bank debit card,0
b089c9ae-f48f-4984-8c1a-ccf730ff34ed,synth_4465061c19c1,gig_worker,tabddpm_synthetic,,['en'],ATO,2024-11-14T10:58:00+00:00,5.0,10.39,40,10,4,Friday,1,1983,1,ATO,en,Bank debit card,0
618a8454-645c-499d-8b86-5d21de52ae85,synth_d4f42fc1b0d6,gig_worker,tabddpm_synthetic,,['en'],ATO,2024-07-09T23:13:00+00:00,810.11,67.0,22,23,6,Sunday,60,1,0,ATO,en,Bank debit card,0
2adb6a9c-19cc-4911-ab3a-60ac8534576d,synth_92f4b7b2055a,gig_worker,tabddpm_synthetic,,['en'],ATO,2024-08-01T23:03:00+00:00,6000.0,452.24,45,23,0,Monday,15,1,16,ATO,en,Bank debit card,0
fa2dfe9a-c30e-478b-97ae-6aa1fd8eeb6d,synth_d65627ab2d4e,gig_worker,tabddpm_synthetic,,['en'],ATO,2024-06-03T00:23:00+00:00,222.85,0.0,45,0,0,Monday,90,1,0,ATO,en,Bank debit card,0
8dd16e9a-5d49-4354-8507-9df901db7dc0,synth_1632a86a8987,gig_worker,tabddpm_synthetic,,['en'],ATO,2024-11-17T00:44:00+00:00,328.7,0.0,42,0,0,Monday,90,1,0,ATO,en,Bank debit card,0
0115dc74-441a-4d91-9ab8-9d1bb95e4b66,synth_697afcaa1c34,gig_worker,tabddpm_synthetic,,['en'],ATO,2024-02-04T14:06:00+00:00,5.0,0.31,33,14,1,Tuesday,3,1180,2,ATO,en,Bank debit card,0
ab8569a5-0bba-43cd-ab6f-ef023582ca0a,synth_e3cc026d5edc,gig_worker,tabddpm_synthetic,,['en'],ATO,2024-09-07T08:57:00+00:00,5.0,0.0,45,8,6,Sunday,90,1,0,ATO,en,Bank debit card,0
9f5f53f7-6a04-422c-af21-282a6cf2c361,synth_b9ed2f363862,gig_worker,tabddpm_synthetic,,['en'],ATO,2024-06-17T13:14:00+00:00,5.0,1.67,41,13,6,Sunday,1,1511,9,ATO,en,Bank debit card,0
4feaddd7-da89-498f-9978-078bc3c26e74,synth_3efb95f7e842,gig_worker,tabddpm_synthetic,,['en'],ATO,2024-01-10T23:22:00+00:00,5.0,0.0,34,23,6,Sunday,0,1,96,ATO,en,Bank debit card,1
95b1d560-dbcd-4f63-98e2-0a4184298d59,synth_00962a198802,gig_worker,tabddpm_synthetic,,['en'],ATO,2024-01-30T23:24:00+00:00,246.68,10.3,45,23,0,Monday,21,1,91,ATO,en,Bank debit card,1
4930d2ce-3455-4d98-bf18-7c0545087c52,synth_0efa967954db,gig_worker,tabddpm_synthetic,,['en'],ATO,2024-02-14T11:18:00+00:00,6000.0,2525.04,45,11,0,Monday,0,2000,59,ATO,en,Bank debit card,0
aadf43c0-1d73-4a44-af31-b88fef5cee7b,synth_1bcadd6fbff1,gig_worker,tabddpm_synthetic,,['en'],ATO,2024-12-16T23:12:00+00:00,6000.0,1049.31,45,23,0,Monday,57,1429,44,ATO,en,Bank debit card,0
5d3b21c2-2736-4977-95fb-06dde1c1a8dc,synth_095e999b803f,gig_worker,tabddpm_synthetic,,['en'],ATO,2024-11-19T10:27:00+00:00,15.04,0.0,45,10,2,Wednesday,90,1,0,ATO,en,Bank debit card,0
f2abdeb5-4bc1-4891-b5b2-de7c77b7403c,synth_b5c606166b49,gig_worker,tabddpm_synthetic,,['en'],ATO,2024-06-14T16:02:00+00:00,96.61,8.72,45,16,2,Wednesday,52,1,1,ATO,en,Bank debit card,0
511e5778-5675-4cb1-9e53-1b810328ae75,synth_9f22a82a8888,gig_worker,tabddpm_synthetic,,['en'],ATO,2024-09-14T14:21:00+00:00,5.0,10.26,26,14,4,Friday,26,1073,2,ATO,en,Bank debit card,0
b5eec058-0206-4f60-a620-c750960a84eb,synth_fa5ed73244e5,gig_worker,tabddpm_synthetic,,['en'],ATO,2024-09-29T12:31:00+00:00,159.19,12.7,34,12,3,Thursday,60,1,11,ATO,en,Bank debit card,0
ebf2c53f-3d07-4f82-a84b-052acc2ae879,synth_7b10869138e2,gig_worker,tabddpm_synthetic,,['en'],ATO,2024-11-02T23:14:00+00:00,6000.0,3000.0,45,23,0,Monday,48,2000,100,ATO,en,Bank debit card,0
9ff06523-e632-4451-9db9-66779aee17d3,synth_6c5ae7bceebe,gig_worker,tabddpm_synthetic,,['en'],ATO,2024-09-23T13:46:00+00:00,193.56,16.72,45,13,4,Friday,61,1,0,ATO,en,Bank debit card,0
e613585c-0abb-4d0f-b4be-7b3b462d4d2a,synth_7fe529d6f002,gig_worker,tabddpm_synthetic,,['en'],ATO,2024-10-24T06:08:00+00:00,5.0,1.58,45,6,6,Sunday,8,369,9,ATO,en,Bank debit card,0
841f3917-3510-49da-8497-e87051257789,synth_5a749f454d2d,gig_worker,tabddpm_synthetic,,['en'],ATO,2024-03-11T10:24:00+00:00,5.0,0.0,38,10,4,Friday,21,959,1,ATO,en,Bank debit card,0
0a342b08-ac97-4e41-818e-eeb48b5f96bf,synth_8bf43eaa6409,gig_worker,tabddpm_synthetic,,['en'],ATO,2024-12-26T23:30:00+00:00,6000.0,3000.0,45,23,0,Monday,90,2000,100,ATO,en,Bank debit card,0
2f8bd08e-c711-4fd5-ac8b-405e1d29b120,synth_3a34bc12e767,gig_worker,tabddpm_synthetic,,['en'],ATO,2024-09-15T00:46:00+00:00,842.27,0.0,39,0,0,Monday,90,1,0,ATO,en,Bank debit card,0
19bd662e-40cb-4f97-9727-7568998cba50,synth_c1d7772138fd,gig_worker,tabddpm_synthetic,,['es'],ATO,2024-09-09T13:34:00+00:00,5.0,0.0,19,13,0,Monday,12,1557,9,ATO,es,Bank debit card,0
95464ddb-bc92-41ff-a12f-38e1a6ba56f1,synth_2dec52674721,gig_worker,tabddpm_synthetic,,['en'],ATO,2024-01-27T23:26:00+00:00,5.0,0.0,45,23,6,Sunday,1,1,63,ATO,en,Bank debit card,1
4b284481-4d83-45c5-a262-5becde79d38c,synth_f10b852a2f53,gig_worker,tabddpm_synthetic,,['en'],ATO,2024-08-02T02:05:00+00:00,6000.0,234.02,45,2,6,Sunday,9,1,2,ATO,en,Bank debit card,0
47964533-89c1-49de-ad1f-2ce9d509d0cf,synth_540e5e333366,gig_worker,tabddpm_synthetic,,['en'],ATO,2024-02-03T17:50:00+00:00,153.04,0.0,45,17,1,Tuesday,2,930,0,ATO,en,Bank debit card,0
ca1459ca-b6cc-49a1-b6cf-4ef9670e61df,synth_59a3a8a9939b,gig_worker,tabddpm_synthetic,,['en'],ATO,2024-03-22T15:16:00+00:00,5.0,1.17,28,15,4,Friday,16,952,1,ATO,en,Bank debit card,0
25a539d1-40fc-4bfd-aef1-b29709e32477,synth_d9a8e37c290e,gig_worker,tabddpm_synthetic,,['en'],ATO,2024-03-25T01:32:00+00:00,480.98,39.62,28,1,0,Monday,1,679,7,ATO,en,Bank debit card,0
2e1e9e22-19b6-4f82-a6a0-216a755e1009,synth_e52f75353d9d,gig_worker,tabddpm_synthetic,,['en'],ATO,2024-08-01T00:23:00+00:00,83.32,0.0,45,0,0,Monday,90,1,0,ATO,en,Bank debit card,0
7dd69e86-06f8-4144-a8af-c3a3909cd910,synth_76e455bc51f5,gig_worker,tabddpm_synthetic,,['en'],ATO,2024-06-28T23:03:00+00:00,5.0,4.07,32,23,6,Sunday,10,1,9,ATO,en,Bank debit card,0
18ea923d-f13f-49fc-912e-9fa6f182bc4e,synth_fd2d6d3e8b23,gig_worker,tabddpm_synthetic,,['en'],ATO,2024-02-01T09:10:00+00:00,40.07,19.66,44,9,3,Thursday,15,1522,11,ATO,en,Bank debit card,0
074b345b-8eb0-484c-aef8-e279bf013a11,synth_b6a3e498f2d0,gig_worker,tabddpm_synthetic,,['en'],ATO,2024-06-01T08:58:00+00:00,40.98,18.43,36,8,0,Monday,16,1,5,ATO,en,Bank debit card,0
a7376545-c340-48a5-8310-2fd50814a628,synth_fc545bc9bcc2,gig_worker,tabddpm_synthetic,,['en'],ATO,2024-04-11T14:28:00+00:00,839.17,72.81,37,14,0,Monday,9,1019,11,ATO,en,Bank debit card,0
fa108528-26ee-4bed-afe8-93561f928cef,synth_cd2fbd76daed,gig_worker,tabddpm_synthetic,,['en'],CashApp,2024-12-17T15:59:00+00:00,5.0,0.0,26,15,4,Friday,3,2000,9,CashApp,en,Bank debit card,0
33eb6563-1f16-4fe6-97ae-594a60a41769,synth_fc9e0e1a41ad,gig_worker,tabddpm_synthetic,,['en'],ATO,2024-08-08T13:36:00+00:00,10.39,0.0,45,13,0,Monday,90,1,0,ATO,en,Bank debit card,0
f7283e6d-91d3-48b8-b8f3-22815045ddcb,synth_a0e7aaa9ed64,gig_worker,tabddpm_synthetic,,['en'],ATO,2024-01-23T23:53:00+00:00,6000.0,3000.0,45,23,0,Monday,0,2000,100,ATO,en,Bank debit card,0
7203193b-f867-4571-97bb-4aa2a1cd5b38,synth_e9f02a97216e,gig_worker,tabddpm_synthetic,,['en'],ATO,2024-11-30T23:24:00+00:00,6000.0,3000.0,45,23,0,Monday,0,2000,100,ATO,en,Bank debit card,0
fb4aa1b1-d2ec-4f12-bc7b-92db9978afbb,synth_ac81eadb46fe,gig_worker,tabddpm_synthetic,,['en'],ATO,2024-08-30T23:32:00+00:00,274.42,0.0,45,23,3,Thursday,90,1,0,ATO,en,Bank debit card,0
6d1ad0e2-942b-4fd5-acea-52ddcdda0114,synth_363a71633dfa,gig_worker,tabddpm_synthetic,,['en'],ATO,2024-10-20T23:48:00+00:00,388.73,13.35,32,23,1,Tuesday,70,1,4,ATO,en,Bank debit card,0
fb346b18-6e54-4f99-9cb2-601bcb01d017,synth_d6e4a31d2f65,gig_worker,tabddpm_synthetic,,['en'],ATO,2024-04-21T17:38:00+00:00,63.57,13.23,19,17,2,Wednesday,0,1145,12,ATO,en,Bank debit card,0
c3bbdff4-4089-48b4-bded-1f2beabe1b8b,synth_f8ca17eae176,gig_worker,tabddpm_synthetic,,['en'],ATO,2024-09-10T12:20:00+00:00,5.0,5.68,45,12,1,Tuesday,9,1240,1,ATO,en,Bank debit card,0
f154e493-e98a-4113-9529-2305c4e945b7,synth_060aef46f37b,gig_worker,tabddpm_synthetic,,['en'],ATO,2024-04-24T23:02:00+00:00,5.0,0.0,45,23,6,Sunday,0,1,100,ATO,en,Bank debit card,0
ea5bf288-bb40-409e-b6a0-7935a2ec9970,synth_a198bb6d3402,gig_worker,tabddpm_synthetic,,['en'],ATO,2024-10-17T11:04:00+00:00,375.55,16.64,21,11,0,Monday,14,905,2,ATO,en,Bank debit card,0
cfc0b87e-2e37-4a7e-86ec-d60aff2f7513,synth_c3634f8d3dc2,gig_worker,tabddpm_synthetic,,['en'],ATO,2024-07-20T00:19:00+00:00,582.77,0.0,45,0,0,Monday,90,1,0,ATO,en,Bank debit card,0
2b134df7-5c2a-4dbc-b1c4-7d7406ff3b2d,synth_2dc502543fe2,gig_worker,tabddpm_synthetic,,['en'],ATO,2024-03-31T08:46:00+00:00,346.85,8.16,31,8,3,Thursday,0,760,4,ATO,en,Bank debit card,0
612ee089-02ff-46b6-ab14-655b41e324e5,synth_90ab1b5fff0e,gig_worker,tabddpm_synthetic,,['en'],ATO,2024-01-24T14:19:00+00:00,168.83,15.93,29,14,6,Sunday,8,83,4,ATO,en,Bank debit card,0
533c8568-6e32-48eb-af11-4a1833794b8d,synth_90ea7ed33623,gig_worker,tabddpm_synthetic,,['en'],ATO,2024-05-01T00:13:00+00:00,6000.0,1405.83,45,0,6,Sunday,0,2000,50,ATO,en,Bank debit card,0
7fc36b02-fe10-49c3-85f3-a2de444cc7ea,synth_07c4c2dff666,gig_worker,tabddpm_synthetic,,['en'],ATO,2024-11-30T23:18:00+00:00,6000.0,3000.0,45,23,0,Monday,0,2000,100,ATO,en,Bank debit card,0
ffe3f6de-d9fa-40e0-a87b-c76abd2e3036,synth_3def98450efe,gig_worker,tabddpm_synthetic,,['en'],ATO,2024-08-26T23:27:00+00:00,6000.0,3000.0,45,23,0,Monday,0,1,100,ATO,en,Bank debit card,0
a10d8105-7890-4c09-b780-fc51435478a9,synth_2988b34716ed,gig_worker,tabddpm_synthetic,,['en'],ATO,2024-12-07T00:20:00+00:00,226.55,0.0,36,0,0,Monday,90,1,0,ATO,en,Bank debit card,0
07c4cd47-46f3-4dc8-8d39-15f025b2d5b8,synth_9a7ad058d872,gig_worker,tabddpm_synthetic,,['en'],ATO,2024-08-22T09:50:00+00:00,129.9,24.3,27,9,3,Thursday,20,1659,7,ATO,en,Bank debit card,0
6f20d404-54f0-451a-96e5-9ba88fd1bddf,synth_08d0efcafd91,gig_worker,tabddpm_synthetic,,['en'],ATO,2024-12-16T09:13:00+00:00,30.16,4.34,45,9,3,Thursday,3,1005,7,ATO,en,Bank debit card,0
a6c119d4-6671-4cb8-9f95-bafde9f724c8,synth_e0b4dd7dd390,gig_worker,tabddpm_synthetic,,['en'],ATO,2024-11-06T23:27:00+00:00,6000.0,3000.0,45,23,0,Monday,90,2000,100,ATO,en,Bank debit card,1
817dac74-0909-4bfb-a618-1413da3e3c3a,synth_84bc07495efd,gig_worker,tabddpm_synthetic,,['en'],ATO,2024-02-25T00:11:00+00:00,356.35,0.0,45,0,0,Monday,90,1,0,ATO,en,Bank debit card,0
beec21cd-b898-474d-8ce6-16e20c860a63,synth_53886a8bc401,gig_worker,tabddpm_synthetic,,['en'],ATO,2024-10-17T23:56:00+00:00,5.0,0.0,34,23,6,Sunday,2,1,40,ATO,en,Bank debit card,0
5e3ae649-f08e-4d25-b691-c458c035f33c,synth_f2798e4fff42,gig_worker,tabddpm_synthetic,,['en'],ATO,2024-09-29T23:15:00+00:00,3065.24,104.88,45,23,0,Monday,9,1,55,ATO,en,Bank debit card,1
b90956e7-3e9b-4882-8dad-b1f377ba0495,synth_a54ed0f33810,gig_worker,tabddpm_synthetic,,['en'],ATO,2024-02-14T23:39:00+00:00,5.0,0.0,45,23,6,Sunday,0,1,91,ATO,en,Bank debit card,1
ff25fdb2-44fd-416b-a186-1c1870852666,synth_be5e98b1d1b2,gig_worker,tabddpm_synthetic,,['en'],CashApp,2024-09-11T19:44:00+00:00,76.33,3.62,45,19,3,Thursday,18,1,9,CashApp,en,Bank debit card,0
eb6b9bf6-44ea-4cbb-9bf2-32240aa0d755,synth_b757cd03ee53,gig_worker,tabddpm_synthetic,,['en'],ATO,2024-11-24T23:55:00+00:00,6000.0,3000.0,45,23,6,Sunday,0,1,100,ATO,en,Bank debit card,0
cc136e31-f22f-447d-a779-451a878de1f5,synth_d822ca9d3189,gig_worker,tabddpm_synthetic,,['en'],ATO,2024-11-14T23:37:00+00:00,6000.0,2460.1,45,23,0,Monday,90,1,55,ATO,en,Bank debit card,0
212d2af9-efe8-4ea6-a3c0-4b37b698dcb3,synth_53e383805211,gig_worker,tabddpm_synthetic,,['en'],ATO,2024-06-10T23:14:00+00:00,5.0,0.0,45,23,6,Sunday,0,1,100,ATO,en,Bank debit card,0
9e6cc358-260f-49b5-8751-12db1fc932dc,synth_e9feeb533239,gig_worker,tabddpm_synthetic,,['en'],ATO,2024-02-19T23:30:00+00:00,5.0,0.0,45,23,6,Sunday,0,1,100,ATO,en,Bank debit card,1
bb8097b8-3b48-4697-827c-504f892ca683,synth_16e43444a375,gig_worker,tabddpm_synthetic,,['en'],ATO,2024-11-03T23:26:00+00:00,6000.0,3000.0,45,23,0,Monday,0,1,100,ATO,en,Bank debit card,0
55105e9f-1604-4e48-801b-9013e91c7ec8,synth_52bfd28b7d58,gig_worker,tabddpm_synthetic,,['en'],ATO,2024-10-16T15:41:00+00:00,68.64,3.17,45,15,6,Sunday,5,1549,0,ATO,en,Bank debit card,0
945b12b4-11d2-4002-b686-93a488c713b7,synth_487988014722,gig_worker,tabddpm_synthetic,,['en'],ATO,2024-08-21T02:38:00+00:00,330.68,11.31,43,2,0,Monday,0,1,11,ATO,en,Bank debit card,0
f86555de-85eb-4ed3-aa50-079f41319573,synth_c269920c9a3d,gig_worker,tabddpm_synthetic,,['en'],ATO,2024-08-04T09:51:00+00:00,5.0,9.76,44,9,3,Thursday,15,1443,5,ATO,en,Bank debit card,0
0ef152f1-d741-440f-8ddb-fe3fba87e448,synth_40a7c2418efe,gig_worker,tabddpm_synthetic,,['en'],ATO,2024-09-26T13:34:00+00:00,5.0,5.94,45,13,6,Sunday,6,1724,0,ATO,en,Bank debit card,0
a9c372f7-b85e-4f0b-a617-e967887fc570,synth_aa87f7efa6a0,gig_worker,tabddpm_synthetic,,['en'],ATO,2024-10-30T11:03:00+00:00,444.16,17.45,30,11,4,Friday,8,552,15,ATO,en,Bank debit card,0
4fc6a9ce-3612-44f8-98b4-344cc68f57f7,synth_e6e6f4e2db51,gig_worker,tabddpm_synthetic,,['en'],ATO,2024-04-04T23:05:00+00:00,5.0,0.0,38,23,6,Sunday,0,1,100,ATO,en,Bank debit card,1
1cb6baa2-3a06-4a43-8ec7-1897fafaa68f,synth_ed99be8d01dd,gig_worker,tabddpm_synthetic,,['en'],ATO,2024-04-30T23:46:00+00:00,6000.0,3000.0,45,23,0,Monday,74,1,100,ATO,en,Bank debit card,0
d4558c10-9339-4efa-82b7-8625864f64c2,synth_5ccff8d6143b,gig_worker,tabddpm_synthetic,,['en'],ATO,2024-03-15T23:01:00+00:00,6000.0,3000.0,45,23,0,Monday,90,2000,100,ATO,en,Bank debit card,0
89a9bd8c-c9e7-4814-bbf2-43fc5ea3dba3,synth_e8507fb62dc3,gig_worker,tabddpm_synthetic,,['en'],ATO,2024-04-11T16:37:00+00:00,3040.26,174.12,45,16,0,Monday,65,1,13,ATO,en,Bank debit card,0
b5f1fd28-4aa3-4a8a-bb9d-4c4d61e57e6d,synth_0085d05d0d7e,gig_worker,tabddpm_synthetic,,['en'],ATO,2024-04-14T00:40:00+00:00,2041.13,0.0,18,0,0,Monday,90,1,0,ATO,en,Bank debit card,1
30f00992-bb95-4276-bf88-0daac8749cd7,synth_419ab5af3041,gig_worker,tabddpm_synthetic,,['en'],ATO,2024-10-03T09:27:00+00:00,57.16,4.69,25,9,2,Wednesday,16,1351,0,ATO,en,Bank debit card,0
5ee73465-b8dd-43a8-9926-1b9aac9b1ff7,synth_25353e82bb65,gig_worker,tabddpm_synthetic,,['en'],ATO,2024-05-31T07:26:00+00:00,316.64,14.86,45,7,0,Monday,3,445,4,ATO,en,Bank debit card,0
619d0bf8-1edb-4f97-aaa8-59b440df4632,synth_5b9688e27123,gig_worker,tabddpm_synthetic,,['en'],ATO,2024-04-24T11:59:00+00:00,46.16,0.0,20,11,0,Monday,7,293,2,ATO,en,Bank debit card,0
593501cc-f705-4a03-9d34-da3d998bcb64,synth_59d325825c08,gig_worker,tabddpm_synthetic,,['en'],CashApp,2024-07-18T09:21:00+00:00,45.7,2.69,19,9,3,Thursday,0,2000,9,CashApp,en,Bank debit card,0
dacf6290-9069-4313-ad54-736d765c4b10,synth_830cc35a5f33,gig_worker,tabddpm_synthetic,,['en'],ATO,2024-04-15T23:33:00+00:00,5.0,0.0,45,23,6,Sunday,0,1,100,ATO,en,Bank debit card,1
df8cc3af-7790-4d0d-b110-715154225491,synth_d188287daa14,gig_worker,tabddpm_synthetic,,['en'],ATO,2024-05-07T19:00:00+00:00,39.32,0.01,43,19,4,Friday,48,707,0,ATO,en,Bank debit card,0
2a786ed4-6dba-4491-81c3-80a6971252a7,synth_74d9d0d8bce9,gig_worker,tabddpm_synthetic,,['en'],ATO,2024-12-08T23:32:00+00:00,6000.0,3000.0,45,23,0,Monday,90,2000,100,ATO,en,Bank debit card,0
e8db96a0-da4e-4bfe-a5e2-d9d4805d2354,synth_98559dd1c894,gig_worker,tabddpm_synthetic,,['en'],ATO,2024-12-27T11:30:00+00:00,62.85,2.3,39,11,4,Friday,3,469,3,ATO,en,Bank debit card,0
c492c269-f06b-4f61-82b9-ce03d0501367,synth_2945e4ca4ce2,gig_worker,tabddpm_synthetic,,['en'],ATO,2024-12-01T17:14:00+00:00,5.0,0.0,45,17,6,Sunday,0,1817,0,ATO,en,Bank debit card,0
37793bb1-9048-4952-bda4-a8aeef2e13c4,synth_882cdcec29b6,gig_worker,tabddpm_synthetic,,['en'],ATO,2024-02-10T09:38:00+00:00,162.15,7.53,45,9,3,Thursday,18,308,0,ATO,en,Bank debit card,0
84d98ddf-ca87-4bc1-9eb8-c7732817da43,synth_674847ddfcaf,gig_worker,tabddpm_synthetic,,['en'],CashApp,2024-08-27T09:18:00+00:00,275.59,19.84,28,9,6,Sunday,10,1443,2,CashApp,en,Bank debit card,0
f7261eba-3a82-4198-9dd9-c9074adea85d,synth_00cc32e11048,gig_worker,tabddpm_synthetic,,['en'],ATO,2024-10-01T23:44:00+00:00,6000.0,3000.0,45,23,0,Monday,90,2000,100,ATO,en,Bank debit card,0
b6727c42-aca6-4ee8-822d-cda04745baaf,synth_5b8efa43bd09,gig_worker,tabddpm_synthetic,,['en'],ATO,2024-06-11T23:45:00+00:00,4257.54,214.03,45,23,0,Monday,8,1,59,ATO,en,Bank debit card,1
d3192e1a-48d6-447f-a688-c4a28bbb027a,synth_47000afa8a30,gig_worker,tabddpm_synthetic,,['en'],ATO,2024-04-24T22:09:00+00:00,482.12,33.31,24,22,6,Sunday,48,447,4,ATO,en,Bank debit card,0
cb79d444-a978-4e17-84b8-a79961e78ebc,synth_13facaaceed7,gig_worker,tabddpm_synthetic,,['en'],ATO,2024-12-12T11:37:00+00:00,5.0,4.95,39,11,0,Monday,10,759,7,ATO,en,Bank debit card,0
9b85d227-27a1-4c31-aac0-ead2ce3953e0,synth_f5b3edbc0033,gig_worker,tabddpm_synthetic,,['en'],ATO,2024-11-23T15:45:00+00:00,5.0,1.52,24,15,2,Wednesday,9,844,5,ATO,en,Bank debit card,0
7e0a53a4-358f-45ac-96d6-01b8d29d70f2,synth_8cf7dfad7da5,gig_worker,tabddpm_synthetic,,['es'],ATO,2024-02-19T13:29:00+00:00,624.89,24.8,22,13,0,Monday,9,1853,8,ATO,es,Bank debit card,0
b63210af-21d0-4ad7-90ae-42acf2926df3,synth_b920484acea2,gig_worker,tabddpm_synthetic,,['en'],ATO,2024-12-03T08:21:00+00:00,154.59,2.53,44,8,5,Saturday,5,1641,7,ATO,en,Bank debit card,0
cd384076-4f93-4501-a16e-0467d2624ad1,synth_1ba0bb405fdd,gig_worker,tabddpm_synthetic,,['en'],ATO,2024-12-10T12:35:00+00:00,28.42,0.0,33,12,4,Friday,25,1,1,ATO,en,Bank debit card,0
3b2df2bd-d51b-4b2a-897d-5edf552fb115,synth_cf801c5f89e9,gig_worker,tabddpm_synthetic,,['en'],ATO,2024-04-09T23:46:00+00:00,6000.0,2509.86,45,23,0,Monday,0,1,100,ATO,en,Bank debit card,1
9a982b9d-40b3-4133-a078-c4c628fe99dc,synth_2644fca62d87,gig_worker,tabddpm_synthetic,,['en'],ATO,2024-12-03T11:13:00+00:00,5.0,0.0,38,11,4,Friday,66,432,0,ATO,en,Bank debit card,0
9a134367-fed8-44b7-9624-7043491db724,synth_9f9b22b5a34c,gig_worker,tabddpm_synthetic,,['en'],ATO,2024-01-14T23:03:00+00:00,305.99,9.56,25,23,5,Saturday,51,1848,4,ATO,en,Bank debit card,0
89f9fe9c-c376-4788-b4b2-ce4b40557ce6,synth_b425de01a65c,gig_worker,tabddpm_synthetic,,['en'],ATO,2024-01-15T23:45:00+00:00,6000.0,3000.0,45,23,0,Monday,36,1,100,ATO,en,Bank debit card,0
81fed970-330d-4770-9182-3dec1c84ae26,synth_f3d9d4fb747c,gig_worker,tabddpm_synthetic,,['en'],ATO,2024-11-17T12:42:00+00:00,450.17,29.15,28,12,4,Friday,29,1,0,ATO,en,Bank debit card,0
42954d8b-bc81-4d6d-b9f9-bf7045f400b7,synth_40eaef5ad026,gig_worker,tabddpm_synthetic,,['en'],ATO,2024-11-27T10:18:00+00:00,6.93,10.26,45,10,0,Monday,12,796,5,ATO,en,Bank debit card,0
08877a5b-8710-406f-978e-6f518aed7dae,synth_2e0effb0c3cc,gig_worker,tabddpm_synthetic,,['en'],ATO,2024-01-11T07:27:00+00:00,15.02,1.73,26,7,2,Wednesday,3,1022,6,ATO,en,Bank debit card,0
fb52e829-cabd-4440-b405-8dabb9f95014,synth_62b86aeec3f1,gig_worker,tabddpm_synthetic,,['en'],CashApp,2024-12-03T22:46:00+00:00,13.98,0.0,33,22,6,Sunday,0,1697,6,CashApp,en,Bank debit card,0
5d977b9b-7910-4f45-97e2-35218df0f46b,synth_843682ad526b,gig_worker,tabddpm_synthetic,,['en'],ATO,2024-11-18T23:10:00+00:00,6000.0,3000.0,45,23,0,Monday,90,2000,100,ATO,en,Bank debit card,0
66e2bc7f-3d8e-4b52-9b3c-f7a3fdb2f87f,synth_8d2cc82f7b9e,gig_worker,tabddpm_synthetic,,['en'],ATO,2024-11-27T23:49:00+00:00,6000.0,3000.0,45,23,0,Monday,90,2000,100,ATO,en,Bank debit card,0
c5530c03-f061-401c-a509-d17fd90feaca,synth_dd5bb2149b26,gig_worker,tabddpm_synthetic,,['en'],ATO,2024-01-10T09:04:00+00:00,35.34,0.0,22,9,0,Monday,5,1366,7,ATO,en,Bank debit card,0
523f1dbc-50b0-4ae5-ab56-7a54c867259e,synth_1f7e1cd3637d,gig_worker,tabddpm_synthetic,,['en'],ATO,2024-02-10T10:57:00+00:00,271.68,10.41,37,10,6,Sunday,30,1,1,ATO,en,Bank debit card,0
177dde18-851d-466d-bedf-6162ab5bc637,synth_79dabc7bb229,gig_worker,tabddpm_synthetic,,['en'],ATO,2024-11-07T23:44:00+00:00,1132.66,71.16,24,23,0,Monday,90,1,0,ATO,en,Bank debit card,0
73eb1701-b76a-4c2f-874e-4fecc4a8befa,synth_b059197d8b62,gig_worker,tabddpm_synthetic,,['en'],ATO,2024-01-02T23:19:00+00:00,6000.0,3000.0,45,23,0,Monday,90,2000,100,ATO,en,Bank debit card,0
30f68980-16b9-4b3a-9397-ee7d0d9a7168,synth_e5a2a2c35e30,gig_worker,tabddpm_synthetic,,['en'],ATO,2024-01-11T23:43:00+00:00,6000.0,3000.0,45,23,0,Monday,90,1,100,ATO,en,Bank debit card,0
2f23ce67-25f6-4d88-a6e8-4fb5c3d6c1bd,synth_e4b401b16818,gig_worker,tabddpm_synthetic,,['en'],ATO,2024-10-15T03:37:00+00:00,198.88,0.0,45,3,0,Monday,90,1,0,ATO,en,Bank debit card,0
809cd767-7f94-476a-8b36-9794a0babe4f,synth_43e89c730dce,gig_worker,tabddpm_synthetic,,['en'],ATO,2024-01-21T22:37:00+00:00,56.42,12.06,34,22,6,Sunday,0,1,8,ATO,en,Bank debit card,0
54ad858a-1059-49dd-99ac-a8c65866957b,synth_c17219cb9cf9,gig_worker,tabddpm_synthetic,,['en'],ATO,2024-10-30T23:22:00+00:00,59.97,25.69,37,23,6,Sunday,0,1,6,ATO,en,Bank debit card,0
2db118cc-ebd5-4e25-b796-5b885f0d83b3,synth_9ceaa2574964,gig_worker,tabddpm_synthetic,,['en'],ATO,2024-11-13T23:44:00+00:00,2329.23,252.89,24,23,6,Sunday,1,1146,22,ATO,en,Bank debit card,0
fbcc3312-8a16-45d3-abe2-39c70c51bdf9,synth_74c08e026539,gig_worker,tabddpm_synthetic,,['en'],ATO,2024-09-15T05:55:00+00:00,330.01,13.07,45,5,2,Wednesday,90,1,4,ATO,en,Bank debit card,0
ce247ad2-d087-46b3-881f-f48bd844cdc3,synth_2a0216fbe5fd,gig_worker,tabddpm_synthetic,,['en'],ATO,2024-01-03T09:44:00+00:00,5.0,1.01,38,9,1,Tuesday,8,2000,8,ATO,en,Bank debit card,0
2ca33a0b-c2f5-4e30-a3a9-f3fbfe5ca027,synth_37ed77a1917c,gig_worker,tabddpm_synthetic,,['en'],ATO,2024-01-12T23:08:00+00:00,123.33,4.97,42,23,5,Saturday,42,1572,0,ATO,en,Bank debit card,0
8de83b9b-0a94-4a74-a062-42bbea5a6bd7,synth_f705f0a5ec45,gig_worker,tabddpm_synthetic,,['en'],ATO,2024-02-21T08:16:00+00:00,5.0,0.0,18,8,5,Saturday,90,1,0,ATO,en,Bank debit card,0
fddca20c-6831-4b9e-88b9-55c9b3f33b85,synth_ea2d75877a85,gig_worker,tabddpm_synthetic,,['en'],ATO,2024-09-04T00:45:00+00:00,193.4,0.0,23,0,0,Monday,16,1,30,ATO,en,Bank debit card,1
2c6bbdd9-9d86-4c5b-9b4b-8a22a2555d6a,synth_b65679e2c940,gig_worker,tabddpm_synthetic,,['en'],ATO,2024-12-07T02:51:00+00:00,376.72,0.0,34,2,0,Monday,90,1,0,ATO,en,Bank debit card,0
a6d97984-0f37-4437-8dd9-3186e0e4f53f,synth_c3b4a80b7324,gig_worker,tabddpm_synthetic,,['en'],ATO,2024-02-10T23:02:00+00:00,6000.0,3000.0,45,23,0,Monday,90,2000,100,ATO,en,Bank debit card,0
51a31484-c9e9-45df-b1e6-2a7a7a8a045b,synth_1793427cc726,gig_worker,tabddpm_synthetic,,['en'],ATO,2024-11-04T16:27:00+00:00,5.0,0.0,39,16,2,Wednesday,50,1,1,ATO,en,Bank debit card,0
105bb9b4-ef37-4bc5-ade0-cde35c360b8a,synth_c4791a16888d,gig_worker,tabddpm_synthetic,,['en'],ATO,2024-10-28T08:39:00+00:00,5.0,0.0,45,8,0,Monday,19,735,3,ATO,en,Bank debit card,0
06fd583f-afb3-4e31-920b-1013868ab84d,synth_c44168d6d1b4,gig_worker,tabddpm_synthetic,,['en'],ATO,2024-08-09T14:36:00+00:00,194.58,16.31,21,14,3,Thursday,7,212,4,ATO,en,Bank debit card,0
d5f648d7-b20b-4976-a551-214af48718d0,synth_3b1a29de7005,gig_worker,tabddpm_synthetic,,['en'],ATO,2024-03-07T22:08:00+00:00,154.22,0.0,40,22,0,Monday,90,1,0,ATO,en,Bank debit card,0
ca3837a7-d275-4f32-ad6a-98e7ff571b85,synth_941cee2d0a91,gig_worker,tabddpm_synthetic,,['en'],ATO,2024-06-14T23:20:00+00:00,6000.0,3000.0,45,23,0,Monday,90,2000,100,ATO,en,Bank debit card,0
8d849ee5-ec69-4187-9572-86da76161346,synth_bb28fa893148,gig_worker,tabddpm_synthetic,,['en'],ATO,2024-08-03T23:16:00+00:00,6000.0,3000.0,45,23,0,Monday,0,1,100,ATO,en,Bank debit card,0
e9e2a717-b8e8-4ffd-99cd-9349a8c99843,synth_bc1997900ca9,gig_worker,tabddpm_synthetic,,['en'],ATO,2024-03-17T23:40:00+00:00,6000.0,2141.92,45,23,6,Sunday,0,1,100,ATO,en,Bank debit card,0
ff875eb9-4b6d-4b03-8dd5-a71c62fbdccd,synth_f98f11adba1f,gig_worker,tabddpm_synthetic,,['en'],ATO,2024-04-29T09:07:00+00:00,6000.0,346.27,45,9,0,Monday,33,1,4,ATO,en,Bank debit card,0
0888a7e4-2559-45a7-86d1-df7d060216ee,synth_61163578c015,gig_worker,tabddpm_synthetic,,['en'],ATO,2024-05-10T23:19:00+00:00,6000.0,3000.0,45,23,0,Monday,0,2000,100,ATO,en,Bank debit card,0
5de08422-354d-4534-b254-661c8b15253f,synth_1f16a451aea5,gig_worker,tabddpm_synthetic,,['en'],ATO,2024-12-24T23:04:00+00:00,6000.0,3000.0,45,23,0,Monday,90,1,100,ATO,en,Bank debit card,0
23dab7ba-a194-49ab-aae6-ae862586bd2d,synth_8bb99c9b14aa,gig_worker,tabddpm_synthetic,,['en'],ATO,2024-03-30T00:27:00+00:00,1225.66,0.0,31,0,0,Monday,90,1,0,ATO,en,Bank debit card,0
5e9450e2-e09a-43f6-bd6c-4c5df7f08b9d,synth_cdcebbe0747e,gig_worker,tabddpm_synthetic,,['en'],ATO,2024-02-14T23:46:00+00:00,5.0,0.0,45,23,6,Sunday,0,1,100,ATO,en,Bank debit card,1
b70c977c-2831-4349-9e16-89411abad4df,synth_9305c51af89c,gig_worker,tabddpm_synthetic,,['en'],ATO,2024-08-22T00:12:00+00:00,738.86,0.0,30,0,0,Monday,90,1,0,ATO,en,Bank debit card,0
0cc83e87-be4b-41d4-a2be-2dde93188875,synth_eeeb9605825d,gig_worker,tabddpm_synthetic,,['en'],ATO,2024-11-22T09:51:00+00:00,104.87,0.0,45,9,0,Monday,90,1,0,ATO,en,Bank debit card,0
a301d485-8b6f-4983-b31f-daab898a8972,synth_b4542599ad90,gig_worker,tabddpm_synthetic,,['en'],ATO,2024-10-28T23:22:00+00:00,6000.0,3000.0,45,23,0,Monday,0,1,100,ATO,en,Bank debit card,0
2c90c385-c078-4441-9211-9427a06a49c5,synth_1f65f25d0c0e,gig_worker,tabddpm_synthetic,,['en'],CashApp,2024-11-07T13:10:00+00:00,940.18,85.73,34,13,3,Thursday,0,1089,10,CashApp,en,Bank debit card,0
6e25b3a1-46fa-4f92-808f-97dc17c13719,synth_43e9a5b96691,gig_worker,tabddpm_synthetic,,['en'],ATO,2024-07-11T14:26:00+00:00,5.0,4.45,45,14,1,Tuesday,41,1167,0,ATO,en,Bank debit card,0
14239398-c10b-4af8-8eeb-6b9d4b6bf325,synth_8ec1df9d36b0,gig_worker,tabddpm_synthetic,,['en'],ATO,2024-12-06T13:54:00+00:00,453.82,16.98,33,13,0,Monday,90,1,2,ATO,en,Bank debit card,0
101b6e39-907c-46a1-b2c8-84a5c1122970,synth_2bfadf7cd340,gig_worker,tabddpm_synthetic,,['en'],ATO,2024-06-11T23:39:00+00:00,6000.0,3000.0,45,23,0,Monday,90,2000,100,ATO,en,Bank debit card,0
2c1dba4c-0667-4c4e-9704-71d270853832,synth_1e519bdacc85,gig_worker,tabddpm_synthetic,,['en'],ATO,2024-02-19T04:03:00+00:00,382.3,0.33,33,4,0,Monday,90,1,0,ATO,en,Bank debit card,0
521deca7-dc73-463e-9325-82da95a2b6c5,synth_53e48c82cfc7,gig_worker,tabddpm_synthetic,,['en'],ATO,2024-07-28T05:25:00+00:00,103.29,16.97,29,5,1,Tuesday,4,376,6,ATO,en,Bank debit card,0
3cbfbc0c-747a-4af1-8fa4-474570c4b996,synth_f2ce0a61927d,gig_worker,tabddpm_synthetic,,['en'],ATO,2024-07-31T00:11:00+00:00,304.09,36.68,45,0,0,Monday,2,1,39,ATO,en,Bank debit card,1
d8b9a275-ab3e-4e78-902d-888c3f9b8f25,synth_25e08bbc0e8c,gig_worker,tabddpm_synthetic,,['en'],ATO,2024-02-15T12:08:00+00:00,251.39,1.83,25,12,3,Thursday,90,547,10,ATO,en,Bank debit card,0
807adcae-0166-4963-8b84-5c4b1902292c,synth_d8b803064048,gig_worker,tabddpm_synthetic,,['en'],ATO,2024-10-28T09:19:00+00:00,390.29,0.0,33,9,0,Monday,90,1,0,ATO,en,Bank debit card,0
9fb49fca-435b-4e26-9784-cbe2cea6e38a,synth_d8ac270b4e88,gig_worker,tabddpm_synthetic,,['en'],ATO,2024-07-30T05:35:00+00:00,1745.71,74.59,20,5,1,Tuesday,8,1157,9,ATO,en,Bank debit card,0
6cc44572-863d-44d8-a079-407a7fb97ae4,synth_e998845a68c0,gig_worker,tabddpm_synthetic,,['en'],ATO,2024-12-07T17:20:00+00:00,6.63,6.52,45,17,5,Saturday,40,1955,3,ATO,en,Bank debit card,0
5521f6ce-edfc-4be2-ab9b-fffce252b049,synth_b423f3892140,gig_worker,tabddpm_synthetic,,['en'],ATO,2024-10-07T09:34:00+00:00,101.36,16.16,18,9,0,Monday,25,1035,5,ATO,en,Bank debit card,0
7e93a2ad-0cb4-46f1-8891-0935f6af4490,synth_d815a46ee802,gig_worker,tabddpm_synthetic,,['en'],ATO,2024-10-21T09:31:00+00:00,5.0,0.0,41,9,1,Tuesday,3,1126,10,ATO,en,Bank debit card,0
e709ef65-8a8f-46d3-97f4-e3186727d4ad,synth_7812e004b622,gig_worker,tabddpm_synthetic,,['en'],ATO,2024-08-16T14:14:00+00:00,229.02,17.37,41,14,0,Monday,27,1908,2,ATO,en,Bank debit card,0
7cb0e49f-0bf0-4a50-af08-90556ab4db5d,synth_a4628de607bd,gig_worker,tabddpm_synthetic,,['en'],ATO,2024-06-22T13:22:00+00:00,5.0,0.0,29,13,4,Friday,13,769,0,ATO,en,Bank debit card,0
4b064a49-2ba8-48d8-9828-2a281388e10c,synth_550d5b95e357,gig_worker,tabddpm_synthetic,,['en'],ATO,2024-02-24T10:24:00+00:00,277.69,16.96,45,10,3,Thursday,90,1,0,ATO,en,Bank debit card,0
0a3f50d1-84ac-48a5-bd17-50467236cd94,synth_d0dd6e64f13d,gig_worker,tabddpm_synthetic,,['en'],ATO,2024-01-31T04:48:00+00:00,451.67,17.7,43,4,0,Monday,90,1,0,ATO,en,Bank debit card,0
289e155a-d5d7-48e0-8837-1a71fe19db80,synth_e90c017a2a60,gig_worker,tabddpm_synthetic,,['en'],ATO,2024-05-01T23:21:00+00:00,392.59,19.2,29,23,0,Monday,52,1,2,ATO,en,Bank debit card,0
d1643299-b9cf-4c7a-8720-d7cc841843fe,synth_a26fe93f00a1,gig_worker,tabddpm_synthetic,,['en'],ATO,2024-04-29T10:52:00+00:00,133.94,16.56,40,10,0,Monday,28,496,9,ATO,en,Bank debit card,0
25576cfb-99de-4a0d-b1b7-e1e335631848,synth_1f806dee380f,gig_worker,tabddpm_synthetic,,['en'],ATO,2024-01-10T09:53:00+00:00,315.01,16.81,36,9,2,Wednesday,6,1610,8,ATO,en,Bank debit card,0
c74b5a1d-705d-44e8-a70b-cf4f40e26386,synth_2e630379fb09,gig_worker,tabddpm_synthetic,,['en'],ATO,2024-05-15T05:11:00+00:00,131.51,12.01,45,5,4,Friday,16,1287,3,ATO,en,Bank debit card,0
72279fa9-0c98-4047-b692-4cc429a17384,synth_5b9d7abea061,gig_worker,tabddpm_synthetic,,['en'],ATO,2024-05-16T23:35:00+00:00,95.66,18.85,44,23,6,Sunday,0,1,13,ATO,en,Bank debit card,0
8a14de03-bc98-4c87-875b-79d72d7cb0a5,synth_1dc5a3a96b31,gig_worker,tabddpm_synthetic,,['en'],ATO,2024-11-20T10:13:00+00:00,523.61,8.77,38,10,0,Monday,90,1,0,ATO,en,Bank debit card,0
026d5f7b-999a-4ef5-8dbe-3d7401ba6a8b,synth_f6979d7a76cc,gig_worker,tabddpm_synthetic,,['en'],ATO,2024-08-28T23:05:00+00:00,5.0,23.83,45,23,6,Sunday,0,1,100,ATO,en,Bank debit card,1
4a447d2d-163c-4a69-8787-2662336b9b3a,synth_691d0da86349,gig_worker,tabddpm_synthetic,,['en'],ATO,2024-05-21T10:15:00+00:00,344.52,4.42,18,10,6,Sunday,5,427,11,ATO,en,Bank debit card,0
e2653368-0c25-4293-8b30-fca8d872e97f,synth_4dae076894c9,gig_worker,tabddpm_synthetic,,['en'],ATO,2024-06-03T11:37:00+00:00,11.59,0.0,24,11,5,Saturday,30,2000,10,ATO,en,Bank debit card,0
52ede273-ef1a-4ab1-931c-ee31fdcf0f03,synth_788faaf237cf,gig_worker,tabddpm_synthetic,,['en'],ATO,2024-01-12T23:35:00+00:00,6000.0,3000.0,45,23,0,Monday,90,2000,100,ATO,en,Bank debit card,0
663332c9-70e4-4154-8780-0da4fd4fa37d,synth_f002e8b36e64,gig_worker,tabddpm_synthetic,,['en'],ATO,2024-05-08T15:03:00+00:00,5.0,1.06,31,15,2,Wednesday,34,663,5,ATO,en,Bank debit card,0
4eb4e16e-59de-4059-ac9a-f8d79a1b9e04,synth_06f82c6854e2,gig_worker,tabddpm_synthetic,,['en'],ATO,2024-07-19T15:46:00+00:00,5.0,1.39,43,15,2,Wednesday,11,834,5,ATO,en,Bank debit card,0
4fea675f-90c0-4696-849c-ee5edbff1ace,synth_83531b1fdacd,gig_worker,tabddpm_synthetic,,['en'],ATO,2024-09-08T12:38:00+00:00,40.53,6.35,30,12,5,Saturday,2,735,12,ATO,en,Bank debit card,0
c4bdee1e-7eea-47fa-bfd5-fde905639dee,synth_bb4e4c6177a7,gig_worker,tabddpm_synthetic,,['en'],ATO,2024-05-14T07:42:00+00:00,133.03,11.79,36,7,3,Thursday,8,810,8,ATO,en,Bank debit card,0
0ec70c78-43b0-48f8-aa5f-f57cd7a7910b,synth_4f324d722127,gig_worker,tabddpm_synthetic,,['en'],ATO,2024-02-25T04:36:00+00:00,145.06,14.41,24,4,0,Monday,0,1555,9,ATO,en,Bank debit card,0
a583a79e-d377-4712-a865-3987a0459593,synth_97654406a847,gig_worker,tabddpm_synthetic,,['en'],ATO,2024-02-21T09:36:00+00:00,145.15,6.2,39,9,3,Thursday,7,418,4,ATO,en,Bank debit card,0
22ae4df9-fa20-46fd-8675-c65d85b2928c,synth_eccb64f3da90,gig_worker,tabddpm_synthetic,,['en'],ATO,2024-04-01T09:55:00+00:00,604.84,18.58,31,9,0,Monday,90,1,0,ATO,en,Bank debit card,0
e07b0384-59fe-4112-8dac-c423cf66c2ad,synth_dc08402629d3,gig_worker,tabddpm_synthetic,,['en'],ATO,2024-01-19T00:00:00+00:00,1788.72,0.0,18,0,0,Monday,90,1,0,ATO,en,Bank debit card,0
4ec8a904-dae7-4a86-8ab3-c90fa7a9b2c0,synth_4dff6e7c21ea,gig_worker,tabddpm_synthetic,,['en'],ATO,2024-08-18T23:45:00+00:00,6000.0,274.37,45,23,0,Monday,11,1,96,ATO,en,Bank debit card,1
04b95489-f248-4038-9b93-9e5eab4e791e,synth_8577d7589c7f,gig_worker,tabddpm_synthetic,,['en'],ATO,2024-03-16T23:29:00+00:00,825.66,25.6,25,23,0,Monday,90,1,0,ATO,en,Bank debit card,0
6f95b7cf-2123-4438-a8f1-2acb983ce324,synth_31d7e8eace36,gig_worker,tabddpm_synthetic,,['en'],ATO,2024-09-03T14:48:00+00:00,5.0,0.0,45,14,5,Saturday,19,870,0,ATO,en,Bank debit card,0
259b6b95-0f2f-469d-9b10-32af55928521,synth_599416f60df2,gig_worker,tabddpm_synthetic,,['en'],ATO,2024-07-22T23:52:00+00:00,704.88,34.19,35,23,2,Wednesday,90,1,0,ATO,en,Bank debit card,0
91bab679-e6ff-423c-8f0b-50f5136e5da6,synth_1ed5012a6bc3,gig_worker,tabddpm_synthetic,,['en'],ATO,2024-02-01T23:22:00+00:00,6000.0,3000.0,45,23,0,Monday,90,2000,100,ATO,en,Bank debit card,0
a407157b-3819-4233-a193-bab38f492836,synth_7e63b7a30e49,gig_worker,tabddpm_synthetic,,['en'],CashApp,2024-11-14T19:12:00+00:00,483.28,30.5,45,19,0,Monday,6,131,11,CashApp,en,Bank debit card,0
6bd0dfb3-ce03-4478-97b3-81f920334907,synth_c91b504f5a6d,gig_worker,tabddpm_synthetic,,['en'],ATO,2024-10-22T13:59:00+00:00,5.0,0.0,45,13,6,Sunday,5,2000,9,ATO,en,Bank debit card,0
53bdc828-9322-499e-8a93-ea40fdc1f8e2,synth_a7a0e60b2ea3,gig_worker,tabddpm_synthetic,,['en'],ATO,2024-02-12T00:30:00+00:00,580.92,0.0,39,0,0,Monday,90,1,0,ATO,en,Bank debit card,0
f71d6d61-7fb9-4eeb-b366-0585a3c0939f,synth_95403b8a8b8c,gig_worker,tabddpm_synthetic,,['en'],ATO,2024-02-06T01:21:00+00:00,6000.0,3000.0,45,1,0,Monday,0,2000,100,ATO,en,Bank debit card,0
520a0d3e-891f-444a-b7a5-e4a5f312349a,synth_94104f41db83,gig_worker,tabddpm_synthetic,,['en'],ATO,2024-01-25T23:33:00+00:00,5.0,20.54,25,23,6,Sunday,2,1,12,ATO,en,Bank debit card,0
b84068e3-59d9-4a8a-b340-5e7ca481d245,synth_5eec006cf331,gig_worker,tabddpm_synthetic,,['en'],ATO,2024-03-29T12:57:00+00:00,5.0,0.0,43,12,0,Monday,2,2000,4,ATO,en,Bank debit card,0
0b667b95-0807-4450-a8fa-b8c5cb838908,synth_3dc93d9f250f,gig_worker,tabddpm_synthetic,,['en'],ATO,2024-06-17T13:01:00+00:00,318.06,16.59,28,13,2,Wednesday,43,229,5,ATO,en,Bank debit card,0
bcddb793-61d3-4b42-84d1-6250e877d643,synth_ad88f670f4d0,gig_worker,tabddpm_synthetic,,['en'],ATO,2024-05-23T23:03:00+00:00,6000.0,3000.0,45,23,6,Sunday,0,1,100,ATO,en,Bank debit card,1
8c1c0a26-ea27-430d-9cbf-a7020e0d5f98,synth_8eabd1b24488,gig_worker,tabddpm_synthetic,,['en'],ATO,2024-02-28T12:02:00+00:00,370.43,16.03,35,12,3,Thursday,80,1,0,ATO,en,Bank debit card,0
c6cc28dd-f945-4b7a-a0ce-262649867565,synth_6cf391ee9af6,gig_worker,tabddpm_synthetic,,['en'],ATO,2024-02-20T15:47:00+00:00,88.57,2.81,45,15,4,Friday,1,1699,8,ATO,en,Bank debit card,0
0dc473e9-485c-4f1c-a544-2d673d60edb8,synth_4236cd3e7e52,gig_worker,tabddpm_synthetic,,['en'],ATO,2024-10-31T23:29:00+00:00,5.0,0.0,39,23,6,Sunday,3,255,16,ATO,en,Bank debit card,0
c1833eb5-0d03-4372-a36e-2675595b03dc,synth_ee6bc29416b5,gig_worker,tabddpm_synthetic,,['en'],ATO,2024-07-20T23:10:00+00:00,6000.0,3000.0,45,23,0,Monday,0,1,100,ATO,en,Bank debit card,1
ab569df2-2059-4828-bfb2-af3f9db5ab6f,synth_8e31be6cd40f,gig_worker,tabddpm_synthetic,,['en'],ATO,2024-01-19T14:08:00+00:00,1189.75,74.53,37,14,1,Tuesday,27,1,3,ATO,en,Bank debit card,0
a8036982-20fa-4ccf-adce-cd8dd0c95033,synth_31350c63524a,gig_worker,tabddpm_synthetic,,['en'],ATO,2024-01-12T20:01:00+00:00,5621.77,200.67,45,20,5,Saturday,12,1339,17,ATO,en,Bank debit card,0
bd79ed3f-60b2-4051-aada-1f7b8ecbf55a,synth_5d2a108ea155,gig_worker,tabddpm_synthetic,,['en'],ATO,2024-03-24T23:41:00+00:00,6000.0,3000.0,45,23,6,Sunday,6,1,100,ATO,en,Bank debit card,1
a492efed-bc25-4de6-aca9-96927bf1d5b2,synth_ea9d9e184fb7,gig_worker,tabddpm_synthetic,,['en'],ATO,2024-01-12T21:56:00+00:00,5.0,0.0,39,21,6,Sunday,0,395,12,ATO,en,Bank debit card,0
6cd49cf8-5a00-46ef-9703-9b87c27aa4f9,synth_f80a9684d2d0,gig_worker,tabddpm_synthetic,,['en'],ATO,2024-08-03T16:07:00+00:00,321.92,11.7,29,16,4,Friday,23,217,5,ATO,en,Bank debit card,0
c79b3934-9b01-4507-9692-a9d84a355c30,synth_40eb8ceff296,gig_worker,tabddpm_synthetic,,['en'],ATO,2024-04-01T03:59:00+00:00,322.97,0.0,43,3,0,Monday,90,1,0,ATO,en,Bank debit card,0
4f8bdc85-4b7c-44ce-bb18-d5ba2c94d0e8,synth_a7efd76c1a07,gig_worker,tabddpm_synthetic,,['en'],ATO,2024-12-26T08:25:00+00:00,5.0,10.15,27,8,0,Monday,24,309,5,ATO,en,Bank debit card,0
68f9d2fe-3ad4-422c-9ce4-ee00cc5ec3ab,synth_e606b0610eb8,gig_worker,tabddpm_synthetic,,['en'],ATO,2024-05-02T15:49:00+00:00,5.0,0.0,45,15,6,Sunday,80,1,2,ATO,en,Bank debit card,0
28ab06b7-b226-4b6c-8cf7-6f1afd8f7ce9,synth_a43410dbeb71,gig_worker,tabddpm_synthetic,,['en'],ATO,2024-11-08T00:17:00+00:00,344.75,0.0,38,0,0,Monday,90,1,0,ATO,en,Bank debit card,0
af67fd19-6c01-4495-a249-1d43a0144e18,synth_3ef8d75678b9,gig_worker,tabddpm_synthetic,,['en'],ATO,2024-06-04T00:09:00+00:00,5.0,0.0,45,0,0,Monday,90,1,0,ATO,en,Bank debit card,0
49025cbb-6ff9-4be4-b76e-1a2aaa62694a,synth_4fa5da0a5b65,gig_worker,tabddpm_synthetic,,['en'],ATO,2024-07-01T23:04:00+00:00,6000.0,3000.0,45,23,0,Monday,0,2000,100,ATO,en,Bank debit card,0
48f369df-3934-4fbf-a76b-c9ecb525c76a,synth_80c143e66bf1,gig_worker,tabddpm_synthetic,,['en'],ATO,2024-02-08T00:02:00+00:00,421.34,0.0,45,0,0,Monday,90,1,0,ATO,en,Bank debit card,0
23582a5a-ae84-4750-a263-b7e189dd7afb,synth_fb30f12db172,gig_worker,tabddpm_synthetic,,['en'],ATO,2024-10-29T13:59:00+00:00,5.0,0.73,31,13,3,Thursday,53,1,0,ATO,en,Bank debit card,0
e4ec750b-efca-4024-9d0a-acbe3508554a,synth_33c3742b7ba9,gig_worker,tabddpm_synthetic,,['en'],ATO,2024-10-18T23:51:00+00:00,6000.0,3000.0,45,23,0,Monday,0,1,100,ATO,en,Bank debit card,0
bf7c66ca-a408-445f-abe3-049a96526295,synth_de362a9861d2,gig_worker,tabddpm_synthetic,,['en'],ATO,2024-06-16T23:35:00+00:00,6000.0,3000.0,45,23,0,Monday,90,2000,100,ATO,en,Bank debit card,0
15c05620-4ee3-493e-a9f7-5f3f33abdb46,synth_0d1a9e4db953,gig_worker,tabddpm_synthetic,,['en'],ATO,2024-04-17T09:01:00+00:00,63.47,0.0,24,9,0,Monday,19,846,0,ATO,en,Bank debit card,0
71294b23-05a0-44c4-a364-a524a41a26c4,synth_d463739f2f97,gig_worker,tabddpm_synthetic,,['en'],ATO,2024-10-05T14:06:00+00:00,10.06,0.0,34,14,0,Monday,1,916,7,ATO,en,Bank debit card,0
85026ce0-fa11-4506-a04e-6bc795ee17d4,synth_e9d223bf7184,gig_worker,tabddpm_synthetic,,['en'],ATO,2024-03-25T15:20:00+00:00,202.95,30.52,22,15,0,Monday,35,1,2,ATO,en,Bank debit card,0
beea4064-b8bc-490f-be9c-3a38e8b518a4,synth_2105c2cb8daf,gig_worker,tabddpm_synthetic,,['en'],ATO,2024-02-18T11:48:00+00:00,5.0,0.0,36,11,0,Monday,36,1,6,ATO,en,Bank debit card,0
248b6b2b-a747-44ee-867a-21b900700657,synth_8fdd2c38b7fc,gig_worker,tabddpm_synthetic,,['en'],ATO,2024-04-24T13:34:00+00:00,8.01,3.42,44,13,4,Friday,4,390,0,ATO,en,Bank debit card,0
e26379d0-3f6a-4c89-8723-2e2f4be10b84,synth_80007014b891,gig_worker,tabddpm_synthetic,,['en'],ATO,2024-05-19T02:29:00+00:00,5.0,0.0,45,2,3,Thursday,90,1,0,ATO,en,Bank debit card,0
f5d504c2-757d-4ed7-9626-47c20a2aad6c,synth_62eaff545a34,gig_worker,tabddpm_synthetic,,['en'],ATO,2024-05-12T17:23:00+00:00,493.67,22.88,22,17,0,Monday,30,1,6,ATO,en,Bank debit card,0
12059fe8-3fea-4e1e-8d0a-c8a9faec3ef2,synth_541b58b9e1af,gig_worker,tabddpm_synthetic,,['en'],ATO,2024-11-14T23:09:00+00:00,188.58,15.36,28,23,6,Sunday,5,569,8,ATO,en,Bank debit card,0
d6fe0a2b-202d-4ff6-ac5e-5c9ede41262e,synth_575fd20fdd48,gig_worker,tabddpm_synthetic,,['en'],ATO,2024-05-22T23:00:00+00:00,6000.0,3000.0,45,23,0,Monday,90,2000,100,ATO,en,Bank debit card,0
36f72564-b95a-4f8b-b693-4d57874a13cd,synth_4e58bf066a83,gig_worker,tabddpm_synthetic,,['en'],ATO,2024-11-06T06:00:00+00:00,229.36,0.0,45,6,0,Monday,90,1,0,ATO,en,Bank debit card,0
bd125a09-e8c7-4844-a1b6-9b50e236c7b3,synth_d32304aae74c,gig_worker,tabddpm_synthetic,,['en'],ATO,2024-12-30T08:24:00+00:00,5.0,5.47,45,8,3,Thursday,23,1,5,ATO,en,Bank debit card,0
3f3f83b5-ed6d-4f7f-9121-4e8ec09d453f,synth_5541e769ac84,gig_worker,tabddpm_synthetic,,['en'],ATO,2024-02-20T09:50:00+00:00,5.0,0.0,45,9,3,Thursday,3,1007,7,ATO,en,Bank debit card,0
72a83265-6fee-4e08-8889-19719ee5e15b,synth_ef1d96a609c4,gig_worker,tabddpm_synthetic,,['en'],CashApp,2024-05-05T11:48:00+00:00,576.32,27.68,31,11,0,Monday,0,1,14,CashApp,en,Bank debit card,0
b9bc9a79-b936-467d-b013-6bada24f97b1,synth_ab6b9fdd82d4,gig_worker,tabddpm_synthetic,,['en'],ATO,2024-04-12T11:07:00+00:00,160.17,22.49,34,11,2,Wednesday,14,655,8,ATO,en,Bank debit card,0
dd933eb3-b87d-442f-b1e2-31b28fa13c38,synth_f6254b33c2eb,gig_worker,tabddpm_synthetic,,['en'],ATO,2024-01-21T23:15:00+00:00,5.0,0.0,41,23,6,Sunday,0,1,19,ATO,en,Bank debit card,0
060e6abb-30d8-48cd-a53a-0e791c27822b,synth_debfad00b2e6,gig_worker,tabddpm_synthetic,,['en'],CashApp,2024-02-28T13:13:00+00:00,201.41,1.17,19,13,0,Monday,11,1383,4,CashApp,en,Bank debit card,0
78653d97-876b-46c8-a9c3-15933f8521c4,synth_135b195e87bc,gig_worker,tabddpm_synthetic,,['en'],ATO,2024-09-30T14:38:00+00:00,481.36,24.18,33,14,6,Sunday,55,1,7,ATO,en,Bank debit card,0
8b99304e-009a-4ad5-9b0f-134679e9d160,synth_4b5acf76a908,gig_worker,tabddpm_synthetic,,['en'],ATO,2024-11-20T23:41:00+00:00,3407.86,97.74,45,23,6,Sunday,5,1,100,ATO,en,Bank debit card,1
265694c9-5666-479d-9f41-9c7e5a55bc45,synth_7657df796ae3,gig_worker,tabddpm_synthetic,,['en'],ATO,2024-07-02T10:28:00+00:00,398.43,18.97,45,10,2,Wednesday,11,2000,3,ATO,en,Bank debit card,0
384c6c5e-f862-4f73-96fa-920f15365020,synth_17d03eeccc74,gig_worker,tabddpm_synthetic,,['en'],ATO,2024-08-11T23:40:00+00:00,6000.0,331.74,45,23,1,Tuesday,17,983,10,ATO,en,Bank debit card,0
d395ad83-55bc-44e0-abff-e7b12ee603b4,synth_9cdb09d416cf,gig_worker,tabddpm_synthetic,,['en'],ATO,2024-05-09T06:50:00+00:00,433.44,37.8,37,6,0,Monday,50,1,5,ATO,en,Bank debit card,0
9f68801c-6a26-4fa8-8e72-323b2a210f31,synth_88cbc48c237f,gig_worker,tabddpm_synthetic,,['en'],ATO,2024-01-06T23:14:00+00:00,158.91,0.0,45,23,4,Friday,90,1,0,ATO,en,Bank debit card,0
970bc195-e338-4bad-8f3e-080d4492e337,synth_b2aef82e3e34,gig_worker,tabddpm_synthetic,,['en'],ATO,2024-11-01T00:48:00+00:00,794.24,0.0,36,0,0,Monday,90,1,0,ATO,en,Bank debit card,0
843f7451-2f5e-4253-bf7a-1272c23dc731,synth_241dc982f970,gig_worker,tabddpm_synthetic,,['en'],ATO,2024-08-14T14:33:00+00:00,61.1,0.0,42,14,0,Monday,90,1,0,ATO,en,Bank debit card,0
039aa34d-e3fa-47bf-bb88-ccf9b6d58c2c,synth_e1c2919d5816,gig_worker,tabddpm_synthetic,,['en'],ATO,2024-11-07T14:12:00+00:00,5.0,2.56,23,14,1,Tuesday,19,2000,4,ATO,en,Bank debit card,0
56b1f67c-661e-45ea-9584-0d17650245aa,synth_9cb2f1515898,gig_worker,tabddpm_synthetic,,['en'],ATO,2024-12-30T23:50:00+00:00,6000.0,3000.0,45,23,0,Monday,0,1,100,ATO,en,Bank debit card,0
cbae7a85-0375-4818-8b4c-7fcbda768ee0,synth_b4349e1f0ce1,gig_worker,tabddpm_synthetic,,['en'],ATO,2024-05-01T23:32:00+00:00,5.0,0.0,18,23,6,Sunday,0,1,67,ATO,en,Bank debit card,0
165f4b44-849a-4390-944c-542164b76e53,synth_79da6e719bfc,gig_worker,tabddpm_synthetic,,['en'],ATO,2024-01-16T11:18:00+00:00,195.42,3.1,37,11,0,Monday,90,1,2,ATO,en,Bank debit card,0
ba8d241d-37d0-4ea5-8954-521c85d4d8d6,synth_f49def1dedd3,gig_worker,tabddpm_synthetic,,['en'],ATO,2024-09-21T23:24:00+00:00,360.42,17.02,33,23,4,Friday,51,1,0,ATO,en,Bank debit card,0
965c75c0-8152-455e-93ad-5dab474a7824,synth_901b3d65e2d8,gig_worker,tabddpm_synthetic,,['en'],ATO,2024-04-20T15:47:00+00:00,78.04,5.22,34,15,1,Tuesday,18,440,9,ATO,en,Bank debit card,0
5405f083-9426-4c32-9154-95ef39d59d32,synth_d08b5743ca15,gig_worker,tabddpm_synthetic,,['en'],ATO,2024-09-28T15:26:00+00:00,5.0,0.62,45,15,0,Monday,0,2000,11,ATO,en,Bank debit card,0
f7c61730-c94b-42cb-9389-76a8fd7b864f,synth_cb1507d80fe9,gig_worker,tabddpm_synthetic,,['en'],ATO,2024-06-20T09:07:00+00:00,300.56,17.86,29,9,0,Monday,50,1,3,ATO,en,Bank debit card,0
11551394-cac4-4df1-abc0-c79efd74c6c4,synth_323a1159b314,gig_worker,tabddpm_synthetic,,['en'],CashApp,2024-12-01T06:44:00+00:00,675.51,17.11,25,6,0,Monday,0,1,6,CashApp,en,Bank debit card,0
dda771f6-667f-4674-a7d5-fd6d9e0b5841,synth_9bcb29a7e0d3,gig_worker,tabddpm_synthetic,,['en'],ATO,2024-04-26T13:02:00+00:00,99.83,13.72,22,13,0,Monday,8,1619,3,ATO,en,Bank debit card,0
4d25ec8e-a8cd-43c8-a5e1-1b451c0d416e,synth_b1bebd7a7a89,gig_worker,tabddpm_synthetic,,['en'],CashApp,2024-07-14T10:58:00+00:00,38.31,7.34,45,10,3,Thursday,8,1504,6,CashApp,en,Bank debit card,0
3f0d18d2-3650-457a-8809-d6d1f818a189,synth_b5b55a43e059,gig_worker,tabddpm_synthetic,,['en'],ATO,2024-04-29T23:10:00+00:00,6000.0,3000.0,45,23,0,Monday,90,2000,100,ATO,en,Bank debit card,0
98a0ea5f-43a0-4ff3-84c1-c6bc2dc74a0d,synth_8d2dc6281104,gig_worker,tabddpm_synthetic,,['en'],ATO,2024-06-29T23:16:00+00:00,6000.0,3000.0,45,23,0,Monday,0,1,100,ATO,en,Bank debit card,0
ab2b5191-ab78-4f8e-9707-53a2f1663b45,synth_257c36746550,gig_worker,tabddpm_synthetic,,['en'],ATO,2024-12-26T23:15:00+00:00,6000.0,1866.62,45,23,0,Monday,15,1923,100,ATO,en,Bank debit card,0
846ecb0c-b2fa-4922-9570-c7bf4fad2046,synth_20ad7d5aebec,gig_worker,tabddpm_synthetic,,['en'],ATO,2024-08-25T16:46:00+00:00,332.56,13.07,28,16,0,Monday,90,1,0,ATO,en,Bank debit card,0
f8195bb6-12c6-4eb7-9517-0f6141037ab8,synth_e8ec6cfffb2f,gig_worker,tabddpm_synthetic,,['en'],ATO,2024-10-30T23:28:00+00:00,6000.0,3000.0,45,23,0,Monday,0,1,100,ATO,en,Bank debit card,0
d80c2470-a7c0-4542-8ff6-da6f30be095b,synth_8c1329524453,gig_worker,tabddpm_synthetic,,['en'],CashApp,2024-04-20T12:45:00+00:00,11.26,3.32,31,12,0,Monday,17,1,6,CashApp,en,Bank debit card,0
8fe4a128-ced9-4837-8484-269a1b502bd0,synth_2fd454f23f1f,gig_worker,tabddpm_synthetic,,['en'],ATO,2024-07-15T11:55:00+00:00,5.0,1.47,41,11,6,Sunday,40,317,0,ATO,en,Bank debit card,0
d97b39ae-414c-40c5-bf7b-9e92b9071b96,synth_9917c755bf2d,gig_worker,tabddpm_synthetic,,['en'],ATO,2024-01-13T23:04:00+00:00,6000.0,3000.0,45,23,6,Sunday,0,1,100,ATO,en,Bank debit card,0
376b01d3-bf14-42e2-932d-3143f2038b93,synth_1a32fa10bdc9,gig_worker,tabddpm_synthetic,,['en'],ATO,2024-02-08T14:31:00+00:00,187.73,6.13,42,14,4,Friday,55,1,5,ATO,en,Bank debit card,0
591201af-96e7-4aac-9f0c-f5a8e425aa1c,synth_26c39712fa8e,gig_worker,tabddpm_synthetic,,['en'],ATO,2024-07-01T23:52:00+00:00,5.0,0.0,38,23,6,Sunday,3,1,48,ATO,en,Bank debit card,0
4a87c1c1-ac40-4ba5-8161-5e429b1855f6,synth_75947fa0e44b,gig_worker,tabddpm_synthetic,,['en'],ATO,2024-05-19T07:51:00+00:00,451.43,0.0,45,7,0,Monday,90,1,2,ATO,en,Bank debit card,0
5954cba8-a5ab-4ccb-820c-3cd89d519fa8,synth_4b0b0b7f5243,gig_worker,tabddpm_synthetic,,['en'],ATO,2024-06-17T08:54:00+00:00,248.49,0.0,45,8,0,Monday,90,1,0,ATO,en,Bank debit card,0
3b994133-4835-423a-830d-9c9950e32ba0,synth_2c17e89b795d,gig_worker,tabddpm_synthetic,,['en'],CashApp,2024-02-23T06:57:00+00:00,122.17,16.31,42,6,6,Sunday,0,1108,3,CashApp,en,Bank debit card,0
2074feba-9ec3-4428-9204-7a4006565e71,synth_2ce435cfb0f7,gig_worker,tabddpm_synthetic,,['en'],ATO,2024-03-02T00:58:00+00:00,391.02,0.0,45,0,0,Monday,90,1,0,ATO,en,Bank debit card,0
3aaf4baf-369d-4a35-b7ac-e19d8ae36f1d,synth_01e9ec27a76d,gig_worker,tabddpm_synthetic,,['en'],ATO,2024-10-31T23:57:00+00:00,286.21,15.53,29,23,4,Friday,85,1,0,ATO,en,Bank debit card,0
5c268f6b-f357-430f-8b3f-5b06a5a7719f,synth_71fd28f5a33c,gig_worker,tabddpm_synthetic,,['en'],ATO,2024-06-10T10:12:00+00:00,456.29,16.73,26,10,3,Thursday,10,1642,8,ATO,en,Bank debit card,0
302f1df7-f20e-481a-81f7-d1199a980bf6,synth_ced64ab351f5,gig_worker,tabddpm_synthetic,,['en'],ATO,2024-01-05T00:03:00+00:00,2653.12,0.0,18,0,0,Monday,90,1,0,ATO,en,Bank debit card,0
d73357bf-ccb6-428e-8872-78960a3c892d,synth_298ba60a4b27,gig_worker,tabddpm_synthetic,,['en'],ATO,2024-08-07T11:39:00+00:00,5.0,6.08,41,11,4,Friday,14,1392,7,ATO,en,Bank debit card,0
fb5d4bed-e20b-430c-9d04-a60053a73a22,synth_326356382865,gig_worker,tabddpm_synthetic,,['en'],ATO,2024-08-30T18:12:00+00:00,73.41,2.67,26,18,6,Sunday,0,78,15,ATO,en,Bank debit card,0
0a2e47e4-918c-4ad0-a01a-338631d9d199,synth_3282c96c3cbb,gig_worker,tabddpm_synthetic,,['en'],ATO,2024-04-10T07:11:00+00:00,98.2,7.96,38,7,6,Sunday,7,400,2,ATO,en,Bank debit card,0
237d9a4c-1934-4cba-a8bd-2870e1f044bb,synth_7605e36172d2,gig_worker,tabddpm_synthetic,,['en'],ATO,2024-12-19T12:06:00+00:00,79.17,3.98,38,12,4,Friday,23,1,3,ATO,en,Bank debit card,0
66ebadfd-c3af-49aa-86cb-854f9b8a6b19,synth_27c0229a7145,gig_worker,tabddpm_synthetic,,['en'],ATO,2024-12-29T11:54:00+00:00,91.26,9.5,41,11,6,Sunday,8,1,4,ATO,en,Bank debit card,0
ce2ea908-f981-4254-bb54-b975cd92a88e,synth_b01a137a0f61,gig_worker,tabddpm_synthetic,,['en'],ATO,2024-04-15T11:23:00+00:00,660.44,17.58,18,11,0,Monday,90,309,8,ATO,en,Bank debit card,0
2033478a-32ea-4987-84ac-9a10ae7fbeb0,synth_68e081c23883,gig_worker,tabddpm_synthetic,,['en'],ATO,2024-03-06T09:08:00+00:00,192.82,0.0,45,9,2,Wednesday,90,1,0,ATO,en,Bank debit card,0
337591de-76ec-4824-b95b-f5363195b4d3,synth_daf18955922f,gig_worker,tabddpm_synthetic,,['en'],ATO,2024-08-05T05:18:00+00:00,5.0,4.89,45,5,0,Monday,0,2000,11,ATO,en,Bank debit card,0
0091d79f-a214-49f1-b27b-dd72e0d7dbdf,synth_538969c935bc,gig_worker,tabddpm_synthetic,,['en'],ATO,2024-03-15T23:58:00+00:00,6000.0,3000.0,45,23,0,Monday,0,1,100,ATO,en,Bank debit card,1
d1730ec6-ec1e-4c59-948a-0cb0bc70dc7c,synth_c1ab1a882212,gig_worker,tabddpm_synthetic,,['en'],ATO,2024-08-29T23:17:00+00:00,6000.0,3000.0,45,23,0,Monday,69,2000,100,ATO,en,Bank debit card,0
48276b4a-58f0-4615-8763-96f93d5cecfd,synth_83564217cc89,gig_worker,tabddpm_synthetic,,['en'],ATO,2024-04-28T23:25:00+00:00,6000.0,3000.0,45,23,0,Monday,66,1,100,ATO,en,Bank debit card,0
14045af9-298c-4d49-897f-de1a5e3c6b1f,synth_d6e3606f4179,gig_worker,tabddpm_synthetic,,['en'],ATO,2024-11-17T14:49:00+00:00,115.96,6.99,35,14,3,Thursday,1,957,12,ATO,en,Bank debit card,0
16611af0-19eb-45dd-8bb1-afe9959cf04c,synth_f39e813f3041,gig_worker,tabddpm_synthetic,,['en'],ATO,2024-08-29T13:16:00+00:00,5.0,0.03,45,13,6,Sunday,6,1410,3,ATO,en,Bank debit card,0
00ff776a-32a6-470b-bc88-c6d93b3a7f17,synth_0d7792067ff2,gig_worker,tabddpm_synthetic,,['en'],ATO,2024-03-01T08:22:00+00:00,151.26,16.82,23,8,6,Sunday,10,1601,13,ATO,en,Bank debit card,0
49e4c642-508e-462f-8c26-63e2cd063eaf,synth_2abbacfd643b,gig_worker,tabddpm_synthetic,,['en'],ATO,2024-10-24T10:59:00+00:00,55.89,6.04,43,10,1,Tuesday,9,1413,1,ATO,en,Bank debit card,0
9910703e-f124-46cc-82ba-68ee5ed0eee6,synth_322349c101d7,gig_worker,tabddpm_synthetic,,['en'],ATO,2024-10-20T09:41:00+00:00,5.0,0.0,45,9,0,Monday,90,1,0,ATO,en,Bank debit card,0
b36fa013-aa73-4dd5-9774-f60af9b73506,synth_37445a542224,gig_worker,tabddpm_synthetic,,['en'],ATO,2024-07-06T23:16:00+00:00,6000.0,3000.0,45,23,0,Monday,8,2000,100,ATO,en,Bank debit card,0
2c9a33ef-6c86-425e-946d-23dac04b2b6f,synth_a77f10c56964,gig_worker,tabddpm_synthetic,,['en'],ATO,2024-09-26T19:39:00+00:00,384.8,36.78,20,19,0,Monday,28,570,7,ATO,en,Bank debit card,0
e4790672-f086-4baa-8c6f-c857a8eb08be,synth_d6aa912d5430,gig_worker,tabddpm_synthetic,,['en'],ATO,2024-02-11T23:05:00+00:00,92.59,9.33,35,23,3,Thursday,0,1031,9,ATO,en,Bank debit card,0
274f28c1-e77a-44cf-a155-31c661c68f42,synth_97cc490df0d8,gig_worker,tabddpm_synthetic,,['en'],ATO,2024-05-05T00:13:00+00:00,531.51,0.0,32,0,0,Monday,90,1,0,ATO,en,Bank debit card,0
75b33304-6a69-4cd0-8a31-dff38f0e0d04,synth_538021d883c1,gig_worker,tabddpm_synthetic,,['en'],ATO,2024-07-12T16:27:00+00:00,1078.85,29.92,28,16,0,Monday,90,1,0,ATO,en,Bank debit card,0
e19af126-6653-41a2-8459-95931aa0a5ed,synth_5a193f1a6d85,gig_worker,tabddpm_synthetic,,['en'],ATO,2024-02-05T13:57:00+00:00,75.46,0.86,32,13,3,Thursday,9,28,12,ATO,en,Bank debit card,0
3e62a6a9-1376-4a37-951b-2aa5a21453e4,synth_fca9eb495e8c,gig_worker,tabddpm_synthetic,,['en'],ATO,2024-05-22T11:14:00+00:00,5.0,10.55,44,11,0,Monday,5,1970,3,ATO,en,Bank debit card,0
f749a64e-bb51-4560-b25a-5723726861f7,synth_4852af2ffaf5,gig_worker,tabddpm_synthetic,,['en'],ATO,2024-08-28T23:46:00+00:00,405.86,21.22,21,23,4,Friday,38,1,0,ATO,en,Bank debit card,0
d2ab71de-9316-4af7-b3e1-3cc338876692,synth_836c365a65ae,gig_worker,tabddpm_synthetic,,['en'],ATO,2024-09-03T23:50:00+00:00,6000.0,3000.0,45,23,0,Monday,90,2000,100,ATO,en,Bank debit card,0
d6dca3da-b6f0-4da2-a204-eee917c31bdd,synth_abf548f5405a,gig_worker,tabddpm_synthetic,,['en'],CashApp,2024-04-27T14:00:00+00:00,86.0,1.35,20,14,0,Monday,6,1520,3,CashApp,en,Bank debit card,0
4eb2cd40-245e-4903-bd04-a802d1542e37,synth_de2ff006c19e,gig_worker,tabddpm_synthetic,,['en'],ATO,2024-09-04T23:19:00+00:00,6000.0,3000.0,45,23,0,Monday,0,2000,100,ATO,en,Bank debit card,0
81933e4e-72d9-4113-99f1-a4f9a81a73cb,synth_8881f183ae5e,gig_worker,tabddpm_synthetic,,['en'],ATO,2024-05-28T11:32:00+00:00,223.85,8.52,25,11,5,Saturday,5,590,4,ATO,en,Bank debit card,0
8adcddf5-e117-4fbe-a714-557c0f30010d,synth_74816b72764b,gig_worker,tabddpm_synthetic,,['es'],ATO,2024-05-23T11:59:00+00:00,5.0,0.0,33,11,2,Wednesday,67,1,2,ATO,es,Bank debit card,0
592bd023-9723-457a-9033-6425ea739fd4,synth_46959b5bd8fa,gig_worker,tabddpm_synthetic,,['en'],ATO,2024-05-10T06:57:00+00:00,110.77,9.99,34,6,0,Monday,63,1,2,ATO,en,Bank debit card,0
adc542ce-fcb2-4d78-ba80-1f3b0b51c484,synth_be491733614b,gig_worker,tabddpm_synthetic,,['en'],ATO,2024-05-20T00:26:00+00:00,5.0,0.0,45,0,0,Monday,90,1,0,ATO,en,Bank debit card,0
d3214b32-6c70-400d-8398-d95e3ee1dfb1,synth_bf675c724e42,gig_worker,tabddpm_synthetic,,['en'],ATO,2024-08-09T23:01:00+00:00,6000.0,3000.0,45,23,6,Sunday,0,1,100,ATO,en,Bank debit card,0
03ed0a5b-9420-417a-97af-8fe791b2782f,synth_f5ee52bb5e36,gig_worker,tabddpm_synthetic,,['en'],ATO,2024-08-27T23:54:00+00:00,6000.0,945.05,45,23,0,Monday,0,264,15,ATO,en,Bank debit card,0
606ff678-23c6-450e-92e0-0d817efbe5eb,synth_0bc67f1ffff8,gig_worker,tabddpm_synthetic,,['en'],ATO,2024-11-29T23:38:00+00:00,5.0,0.0,31,23,1,Tuesday,23,731,11,ATO,en,CashApp,0
6e6033e0-6324-4bc1-b633-2c62afee7a68,synth_2802dbcd365b,gig_worker,tabddpm_synthetic,,['en'],ATO,2024-01-30T09:11:00+00:00,5.24,4.8,45,9,4,Friday,71,1,0,ATO,en,Bank debit card,0
a95181d2-8751-426d-9ab4-3fc31fe856f6,synth_da7193232a8b,gig_worker,tabddpm_synthetic,,['en'],ATO,2024-01-08T13:19:00+00:00,5.0,0.0,25,13,3,Thursday,4,1136,8,ATO,en,Bank debit card,0
b612a0d2-2c23-46a3-9da3-671140ffa633,synth_5ef096ade333,gig_worker,tabddpm_synthetic,,['en'],ATO,2024-10-04T23:49:00+00:00,241.38,10.21,45,23,5,Saturday,84,1,1,ATO,en,Bank debit card,0
6a8309cd-db99-496b-8c0f-3ee5451fcc0a,synth_6945a171e4b4,gig_worker,tabddpm_synthetic,,['en'],ATO,2024-08-19T07:18:00+00:00,5.0,0.0,44,7,2,Wednesday,15,1784,0,ATO,en,Bank debit card,0
2f3c24af-709b-472c-aeeb-df80d6b0c9f1,synth_78f2c38f0694,gig_worker,tabddpm_synthetic,,['en'],ATO,2024-04-05T07:16:00+00:00,71.64,5.69,45,7,2,Wednesday,8,1193,9,ATO,en,Bank debit card,0
f17913af-a9cf-44b2-848e-a63f6262941b,synth_29237a47d94e,gig_worker,tabddpm_synthetic,,['en'],ATO,2024-02-10T11:50:00+00:00,470.39,26.54,27,11,2,Wednesday,9,1465,9,ATO,en,Bank debit card,0
d0014ea5-f503-4929-8bb4-8898b3c69ae1,synth_8f0cd7f9a7fe,gig_worker,tabddpm_synthetic,,['en'],ATO,2024-09-07T23:14:00+00:00,16.3,10.91,45,23,6,Sunday,18,1,32,ATO,en,Bank debit card,0
be39bf61-93e7-4b2a-b267-74d7cddbec11,synth_4c3605c15224,gig_worker,tabddpm_synthetic,,['en'],ATO,2024-06-17T23:13:00+00:00,1720.79,176.84,19,23,6,Sunday,3,1,63,ATO,en,Bank debit card,0
2bdb7be2-ff2b-428c-9f3b-0249f2f10a91,synth_7a034ae454f8,gig_worker,tabddpm_synthetic,,['en'],ATO,2024-12-14T00:16:00+00:00,522.31,0.0,42,0,0,Monday,90,1,0,ATO,en,Bank debit card,0
7285face-4ef2-4ad9-bba4-ad33f2ca513d,synth_57f24d37ede1,gig_worker,tabddpm_synthetic,,['en'],ATO,2024-09-21T11:12:00+00:00,5.0,0.0,26,11,0,Monday,8,1283,5,ATO,en,Bank debit card,0
c2b7335d-2776-4b57-a955-79c4db9bbd56,synth_0bbbbc35b37c,gig_worker,tabddpm_synthetic,,['en'],ATO,2024-01-09T04:16:00+00:00,1744.22,48.62,36,4,0,Monday,7,1,5,ATO,en,Bank debit card,0
94d5db77-6257-4266-9663-b437e303a69e,synth_78a06d998988,gig_worker,tabddpm_synthetic,,['en'],ATO,2024-05-14T23:32:00+00:00,347.21,47.85,28,23,6,Sunday,3,374,12,ATO,en,Bank debit card,0
b3cd1254-49eb-4208-847e-5d021372ca61,synth_8b4de1d0d948,gig_worker,tabddpm_synthetic,,['en'],ATO,2024-10-10T23:54:00+00:00,6000.0,3000.0,45,23,0,Monday,90,2000,100,ATO,en,Bank debit card,0
70b7777a-9879-4e97-98b4-4d8c2fa08284,synth_cdb476578fba,gig_worker,tabddpm_synthetic,,['en'],ATO,2024-04-28T14:31:00+00:00,361.59,19.45,31,14,0,Monday,6,1172,8,ATO,en,Bank debit card,0
318a73a4-44cc-44fa-ac81-76b1f511b66b,synth_b9aee30666e5,gig_worker,tabddpm_synthetic,,['en'],ATO,2024-03-30T17:10:00+00:00,5.0,2.48,45,17,4,Friday,3,2000,9,ATO,en,Bank debit card,0
a52828c0-b1fc-4e4e-8fb2-1e3cbfe3c689,synth_77d836c0906b,gig_worker,tabddpm_synthetic,,['en'],ATO,2024-05-25T23:50:00+00:00,6000.0,3000.0,45,23,0,Monday,55,2000,100,ATO,en,Bank debit card,0
75cee3de-7c7c-4882-870d-cf255e87426d,synth_4fbbddab6963,gig_worker,tabddpm_synthetic,,['en'],ATO,2024-03-21T15:09:00+00:00,5.0,0.0,36,15,2,Wednesday,90,481,1,ATO,en,Bank debit card,0
e579134c-21e2-4a36-a1ab-abbdc05e2744,synth_cf9396450b43,gig_worker,tabddpm_synthetic,,['en'],ATO,2024-12-29T22:05:00+00:00,236.9,29.54,26,22,4,Friday,14,823,5,ATO,en,Bank debit card,0
8420097c-d719-440c-bb74-45fa984a722f,synth_73b774136d02,gig_worker,tabddpm_synthetic,,['en'],ATO,2024-05-17T13:06:00+00:00,61.44,2.28,39,13,1,Tuesday,32,1,0,ATO,en,Bank debit card,0
c8a63bc2-2af0-49e0-bac8-bc0ec1221e45,synth_73aba5f8bc52,gig_worker,tabddpm_synthetic,,['en'],ATO,2024-09-30T14:28:00+00:00,5.0,0.0,38,14,6,Sunday,28,1035,0,ATO,en,Bank debit card,0
c72b1ec2-e295-40a1-a3e1-5c9eab073529,synth_2daecbe425db,gig_worker,tabddpm_synthetic,,['en'],ATO,2024-06-12T23:46:00+00:00,6000.0,3000.0,45,23,0,Monday,90,2000,100,ATO,en,Bank debit card,0
26d9be84-30b4-46ae-8860-bd43dabe22f1,synth_1c59f57efd7d,gig_worker,tabddpm_synthetic,,['en'],ATO,2024-04-05T13:43:00+00:00,367.37,5.72,37,13,0,Monday,90,1,3,ATO,en,Bank debit card,0
d0e53293-da53-460f-8bda-f05a7428a4bc,synth_976292f019ba,gig_worker,tabddpm_synthetic,,['en'],ATO,2024-10-22T13:21:00+00:00,5.0,6.08,26,13,5,Saturday,8,2000,6,ATO,en,Bank debit card,0
3ba9fbcc-869a-48ed-8ba5-3244cdb6a772,synth_6e8db6f887a6,gig_worker,tabddpm_synthetic,,['en'],ATO,2024-02-06T23:44:00+00:00,6000.0,3000.0,45,23,0,Monday,90,1,100,ATO,en,Bank debit card,0
654bbd95-33df-42ad-8c41-9e68ed38bbb5,synth_c59aaa944e75,gig_worker,tabddpm_synthetic,,['en'],ATO,2024-09-27T06:56:00+00:00,5.0,0.0,45,6,0,Monday,90,1,0,ATO,en,Bank debit card,0
697f676b-e747-445c-ab2c-8135bd3f45cb,synth_d5f07477e4f9,gig_worker,tabddpm_synthetic,,['en'],ATO,2024-01-02T23:57:00+00:00,5.0,0.0,45,23,6,Sunday,0,1,63,ATO,en,Bank debit card,1
83a03b74-bc18-4f29-88d2-3fee8effd2e3,synth_fe205542f836,gig_worker,tabddpm_synthetic,,['en'],CashApp,2024-02-01T18:05:00+00:00,5.0,5.37,27,18,1,Tuesday,4,453,6,CashApp,en,Bank debit card,0
226cc706-53fe-45e8-8a3b-510f7dc36747,synth_c34129c01141,gig_worker,tabddpm_synthetic,,['en'],ATO,2024-08-29T23:02:00+00:00,6000.0,3000.0,45,23,0,Monday,90,2000,100,ATO,en,Bank debit card,0
d2dcd8df-e403-4e1b-a243-867272b377bd,synth_fb0d15c38b77,gig_worker,tabddpm_synthetic,,['en'],ATO,2024-03-06T18:37:00+00:00,221.6,5.48,31,18,1,Tuesday,70,1,0,ATO,en,Bank debit card,0
93df6932-81c2-4a07-ab14-a8f36186d874,synth_4bd1191c8ca7,gig_worker,tabddpm_synthetic,,['en'],ATO,2024-09-05T00:05:00+00:00,2129.76,18.51,39,0,0,Monday,90,1,0,ATO,en,Bank debit card,1
a99691d5-54e0-48b1-9d2b-7db751953cb0,synth_90e3d33fa610,gig_worker,tabddpm_synthetic,,['en'],ATO,2024-07-27T23:02:00+00:00,6000.0,3000.0,45,23,0,Monday,90,2000,100,ATO,en,Bank debit card,0
0b798a88-bee6-4752-b321-697f8dc7807f,synth_5970c6812b99,gig_worker,tabddpm_synthetic,,['en'],ATO,2024-12-24T23:23:00+00:00,5.0,0.0,45,23,6,Sunday,0,1,100,ATO,en,Bank debit card,1
21af88c0-4939-479d-bf3c-460072ee95df,synth_dc18f245cd90,gig_worker,tabddpm_synthetic,,['en'],CashApp,2024-06-02T15:28:00+00:00,100.68,7.2,45,15,1,Tuesday,12,531,6,CashApp,en,Bank debit card,0
e75deb7c-9d21-4e5b-8df8-e0c9743c7a1e,synth_2cc436070ddb,gig_worker,tabddpm_synthetic,,['en'],ATO,2024-04-07T23:41:00+00:00,6000.0,3000.0,45,23,0,Monday,0,1059,100,ATO,en,Bank debit card,1
012f59a4-d454-42dc-97f8-403f2f1a2a3e,synth_9b40f2b01073,gig_worker,tabddpm_synthetic,,['en'],ATO,2024-05-14T02:26:00+00:00,250.04,0.0,45,2,0,Monday,90,1,0,ATO,en,Bank debit card,0
d878fdd3-6ead-4f9d-9c47-33f06e79de55,synth_ee76c52919ca,gig_worker,tabddpm_synthetic,,['en'],ATO,2024-09-03T23:03:00+00:00,6000.0,3000.0,45,23,0,Monday,61,2000,100,ATO,en,Bank debit card,0
030cc50a-7cd5-429f-badc-f3b705c530ef,synth_55b563764565,gig_worker,tabddpm_synthetic,,['en'],ATO,2024-02-12T00:36:00+00:00,5.0,0.0,45,0,0,Monday,90,1,0,ATO,en,Bank debit card,0
159bb997-307e-42c2-9a4b-25b59a5c1018,synth_a395c6d45846,gig_worker,tabddpm_synthetic,,['en'],ATO,2024-10-13T23:47:00+00:00,5.0,0.0,45,23,6,Sunday,0,1,60,ATO,en,Bank debit card,0
552312ae-2983-4aed-938e-128eb062b625,synth_5543045e175b,gig_worker,tabddpm_synthetic,,['en'],ATO,2024-01-24T23:38:00+00:00,5.0,0.0,45,23,1,Tuesday,90,552,0,ATO,en,Bank debit card,0
3a6ecf4a-b512-4487-8e72-9592f1526790,synth_d5d6c1ad68f8,gig_worker,tabddpm_synthetic,,['en'],ATO,2024-03-26T10:28:00+00:00,5.0,0.0,37,10,0,Monday,90,1,2,ATO,en,Bank debit card,0
c64cbbed-2b35-4711-9711-1af37430e4a4,synth_1b651f38c115,gig_worker,tabddpm_synthetic,,['en'],ATO,2024-10-16T19:39:00+00:00,319.81,0.0,39,19,0,Monday,90,1,0,ATO,en,Bank debit card,0
2f773a7b-26d7-42c0-a918-cb837c450ef7,synth_91f2718bb4a7,gig_worker,tabddpm_synthetic,,['en'],ATO,2024-04-03T13:45:00+00:00,5.0,0.0,45,13,3,Thursday,6,2000,6,ATO,en,Bank debit card,0
23244259-8bfc-49ae-811a-114ec9b6ecb5,synth_0ba0c958f5ea,gig_worker,tabddpm_synthetic,,['en'],ATO,2024-07-01T13:03:00+00:00,5.0,0.0,45,13,2,Wednesday,90,1,0,ATO,en,Bank debit card,0
68d09c81-1ca0-4d5e-a536-e45a5554eed0,synth_8e7a0ad664d5,gig_worker,tabddpm_synthetic,,['en'],ATO,2024-09-10T06:11:00+00:00,228.97,16.21,35,6,0,Monday,7,796,11,ATO,en,Bank debit card,0
97bb289a-4fcc-4155-9a05-231e604c5658,synth_78e14d61a14b,gig_worker,tabddpm_synthetic,,['en'],ATO,2024-09-17T14:20:00+00:00,103.06,0.57,18,14,2,Wednesday,3,188,9,ATO,en,Bank debit card,0
9561cbf4-4014-4212-a025-9ca8cdb34486,synth_1b92e6c006d7,gig_worker,tabddpm_synthetic,,['en'],ATO,2024-07-18T03:59:00+00:00,138.1,0.0,45,3,0,Monday,90,1,0,ATO,en,Bank debit card,0
2ebfc987-303a-485d-b8f4-a42c35b17a8e,synth_4604e7e6a33e,gig_worker,tabddpm_synthetic,,['en'],ATO,2024-08-22T23:34:00+00:00,6000.0,3000.0,45,23,0,Monday,90,2000,100,ATO,en,Bank debit card,0
ba6bb669-d5e2-4cbc-83d3-6cdeede4f0d1,synth_e4ffa9b8376b,gig_worker,tabddpm_synthetic,,['en'],ATO,2024-04-24T13:45:00+00:00,45.94,0.0,45,13,0,Monday,90,698,1,ATO,en,Bank debit card,0
22fdb108-6cd9-4ad7-b2b2-ebe5b379dfe3,synth_dbdf81e107dd,gig_worker,tabddpm_synthetic,,['en'],ATO,2024-03-27T10:07:00+00:00,40.87,3.96,45,10,1,Tuesday,11,903,5,ATO,en,Bank debit card,0
409bea38-a596-4eca-b6db-08a3ded7ffc2,synth_9ef3513f5456,gig_worker,tabddpm_synthetic,,['en'],ATO,2024-06-05T00:38:00+00:00,1481.52,0.0,32,0,0,Monday,90,1,0,ATO,en,Bank debit card,0
cfc58e6e-08b2-4df3-ad2b-360f77c097a3,synth_a5b343177d20,gig_worker,tabddpm_synthetic,,['en'],ATO,2024-07-30T08:10:00+00:00,119.92,7.88,24,8,0,Monday,3,1176,2,ATO,en,Bank debit card,0
7e8e38b1-209e-4b5b-a6aa-ca1f4b11d5b9,synth_73261519e009,gig_worker,tabddpm_synthetic,,['en'],ATO,2024-10-23T23:53:00+00:00,6000.0,3000.0,45,23,0,Monday,0,2000,100,ATO,en,Bank debit card,1
310ec545-fe8c-4cff-be7d-565339d577d2,synth_7895d7ef460c,gig_worker,tabddpm_synthetic,,['en'],ATO,2024-09-16T00:04:00+00:00,5.0,4.48,22,0,0,Monday,7,1,25,ATO,en,Bank debit card,1
77574777-c683-49ce-b4d4-3af53591d62a,synth_7785bb0c3f63,gig_worker,tabddpm_synthetic,,['en'],ATO,2024-11-18T02:21:00+00:00,412.8,5.25,39,2,0,Monday,90,1,0,ATO,en,Bank debit card,0
6ae4bcdb-ff2e-41f0-b24f-65e99bbfb462,synth_937dc72dd31f,gig_worker,tabddpm_synthetic,,['en'],ATO,2024-02-13T04:54:00+00:00,99.84,0.0,45,4,0,Monday,90,1,0,ATO,en,Bank debit card,0
d7bf797a-000a-4f98-b6fc-619f14dd24b8,synth_1b33fe57aed2,gig_worker,tabddpm_synthetic,,['en'],ATO,2024-01-04T23:39:00+00:00,5.0,0.0,45,23,6,Sunday,0,1,100,ATO,en,Bank debit card,1
91dc21a5-2c80-4e17-83a4-4c0f13033282,synth_0ce20e9496c4,gig_worker,tabddpm_synthetic,,['en'],ATO,2024-07-23T00:12:00+00:00,274.88,0.0,45,0,0,Monday,90,1,0,ATO,en,Bank debit card,0
f1ce1746-87e0-43c2-bcf8-5d84adb2bb4e,synth_de6d17a14fa7,gig_worker,tabddpm_synthetic,,['en'],CashApp,2024-08-05T13:55:00+00:00,215.05,8.92,45,13,2,Wednesday,3,580,3,CashApp,en,Bank debit card,0
b7f92dfb-b85a-40dd-9a96-257bc6f1f92b,synth_0547a17f69a5,gig_worker,tabddpm_synthetic,,['en'],ATO,2024-11-09T08:32:00+00:00,99.5,8.17,33,8,0,Monday,17,481,5,ATO,en,Bank debit card,0
455ba493-b676-4cad-a4f5-3d23830965a3,synth_73010739e61a,gig_worker,tabddpm_synthetic,,['en'],ATO,2024-11-23T23:31:00+00:00,6000.0,3000.0,45,23,6,Sunday,0,1,100,ATO,en,Bank debit card,1
5320bfaa-3303-477a-b29c-3257f912c417,synth_6cb5028930c8,gig_worker,tabddpm_synthetic,,['en'],ATO,2024-10-30T15:19:00+00:00,140.03,11.67,43,15,1,Tuesday,6,2000,4,ATO,en,Bank debit card,0
8918275f-c6b2-4506-8718-cfc356424d32,synth_9b14d89b483d,gig_worker,tabddpm_synthetic,,['en'],ATO,2024-12-19T23:46:00+00:00,6000.0,3000.0,45,23,0,Monday,0,1,100,ATO,en,Bank debit card,0
015cc087-dafc-4406-a2b3-9e322c4528f0,synth_6653ca114e34,gig_worker,tabddpm_synthetic,,['en'],ATO,2024-09-21T15:48:00+00:00,109.01,1.55,40,15,0,Monday,90,1,4,ATO,en,Bank debit card,0
d8245398-8426-4959-afb6-fe064f644ca3,synth_2f7425a8457c,gig_worker,tabddpm_synthetic,,['en'],ATO,2024-11-16T12:48:00+00:00,5.0,6.11,45,12,6,Sunday,2,2000,0,ATO,en,Bank debit card,0
03ae8804-c6c7-4e42-9f6d-a56a1045f955,synth_71242c63f22f,gig_worker,tabddpm_synthetic,,['en'],ATO,2024-06-05T06:00:00+00:00,191.33,0.0,45,6,0,Monday,1,1023,3,ATO,en,Bank debit card,0
8579844d-f90a-4fcc-b7d6-23c656228079,synth_5c5486e0dcf6,gig_worker,tabddpm_synthetic,,['en'],ATO,2024-04-17T00:17:00+00:00,359.96,0.0,45,0,0,Monday,90,1,0,ATO,en,Bank debit card,0
ccb9957b-486d-4f52-be8c-d097e94616b7,synth_838d60d28380,gig_worker,tabddpm_synthetic,,['en'],ATO,2024-07-04T23:34:00+00:00,6000.0,3000.0,45,23,0,Monday,0,2000,100,ATO,en,Bank debit card,1
50a482ab-2c3d-4a0d-b985-528fb17a6616,synth_b0c9502e413e,gig_worker,tabddpm_synthetic,,['en'],ATO,2024-01-11T08:05:00+00:00,5.0,0.0,45,8,4,Friday,81,130,0,ATO,en,Bank debit card,0
b8d7b0f3-10cb-44e2-a6c6-65f6a0b3122a,synth_fa5bd8315a53,gig_worker,tabddpm_synthetic,,['en'],ATO,2024-11-19T05:27:00+00:00,273.97,4.48,45,5,0,Monday,90,1,0,ATO,en,Bank debit card,0
ecbc03be-541b-4eae-b4b9-364c42092991,synth_7a9bc9785311,gig_worker,tabddpm_synthetic,,['en'],ATO,2024-02-07T09:16:00+00:00,227.98,15.2,20,9,0,Monday,27,1492,9,ATO,en,Bank debit card,0
84781a0c-e889-467e-959d-de06498f12c9,synth_3ea8ebec9dee,gig_worker,tabddpm_synthetic,,['en'],ATO,2024-01-11T09:17:00+00:00,200.72,6.02,44,9,3,Thursday,6,4,7,ATO,en,Bank debit card,0
f1134910-3562-44de-9c1c-01f1a579a185,synth_afc421d1c582,gig_worker,tabddpm_synthetic,,['en'],ATO,2024-08-26T00:26:00+00:00,265.76,0.0,45,0,0,Monday,90,1,0,ATO,en,Bank debit card,1
93481e56-792b-4eb9-bcd7-07c2f2790f8a,synth_b89cf41cfe77,gig_worker,tabddpm_synthetic,,['en'],ATO,2024-03-02T18:59:00+00:00,125.47,0.0,45,18,3,Thursday,0,615,7,ATO,en,Bank debit card,0
5ee17e37-8f17-46d7-a2ac-21befafc3550,synth_909bceef6103,gig_worker,tabddpm_synthetic,,['en'],ATO,2024-08-04T13:59:00+00:00,28.7,0.0,45,13,0,Monday,19,1650,0,ATO,en,Bank debit card,0
2d61d9b5-db4d-495c-830e-0e0694715c0f,synth_d7b103bd55c7,gig_worker,tabddpm_synthetic,,['en'],ATO,2024-12-14T01:55:00+00:00,368.84,0.0,44,1,0,Monday,90,1,0,ATO,en,Bank debit card,0
3616ce60-7ce0-4151-9002-da876d0d8050,synth_e176088dfa93,gig_worker,tabddpm_synthetic,,['en'],ATO,2024-02-25T07:08:00+00:00,445.64,0.0,45,7,0,Monday,90,1,0,ATO,en,Bank debit card,0
92516050-dc8e-4429-b78f-95db554b6f36,synth_e5dd62a513a8,gig_worker,tabddpm_synthetic,,['en'],ATO,2024-11-26T00:33:00+00:00,137.59,0.0,45,0,0,Monday,90,1,0,ATO,en,Bank debit card,0
193b82a2-943a-4062-a16b-d2992552968a,synth_12bb7b605f44,gig_worker,tabddpm_synthetic,,['en'],ATO,2024-08-21T23:04:00+00:00,5.0,0.0,45,23,6,Sunday,0,1,100,ATO,en,Bank debit card,0
f512e1ff-bd41-420a-b8c8-cfae4b4e6cd8,synth_c1981ecd4267,gig_worker,tabddpm_synthetic,,['en'],ATO,2024-12-22T04:59:00+00:00,350.48,7.68,31,4,0,Monday,90,1,0,ATO,en,Bank debit card,0
2f3f1c72-101e-420f-af53-c066c85e56f6,synth_e9a6bd7fd757,gig_worker,tabddpm_synthetic,,['en'],ATO,2024-02-04T18:23:00+00:00,577.0,49.29,45,18,0,Monday,0,1,58,ATO,en,Bank debit card,1
36d712a8-7f02-4eb5-ac6a-964e8fdd6e63,synth_e40690a05774,gig_worker,tabddpm_synthetic,,['en'],CashApp,2024-06-01T16:26:00+00:00,1467.19,37.56,34,16,1,Tuesday,10,924,9,CashApp,en,Bank debit card,0
8dbf5e7b-3685-4f45-a289-e188aea5ad4e,synth_8e154fb10be3,gig_worker,tabddpm_synthetic,,['en'],ATO,2024-08-18T12:28:00+00:00,89.36,13.75,26,12,1,Tuesday,14,1,3,ATO,en,Bank debit card,0
dd435a42-5055-46b2-9518-085b29fa8ec5,synth_38520f636d4e,gig_worker,tabddpm_synthetic,,['en'],ATO,2024-06-16T23:50:00+00:00,6000.0,3000.0,45,23,6,Sunday,0,1,100,ATO,en,Bank debit card,1
657f15c4-965f-4261-be60-b88a2535b821,synth_b1ba94fd386d,gig_worker,tabddpm_synthetic,,['en'],ATO,2024-11-26T07:55:00+00:00,5.0,0.0,45,7,6,Sunday,1,502,0,ATO,en,Bank debit card,0
1305ae31-522d-4904-b882-09536df87312,synth_314bcd3f1c8b,gig_worker,tabddpm_synthetic,,['en'],ATO,2024-11-13T11:33:00+00:00,5.0,0.0,41,11,3,Thursday,22,696,0,ATO,en,Bank debit card,0
177b7864-9fd3-4228-880e-957a41ee1033,synth_fdffe446b272,gig_worker,tabddpm_synthetic,,['en'],ATO,2024-08-21T13:31:00+00:00,338.27,21.63,28,13,3,Thursday,15,770,6,ATO,en,Bank debit card,0
8f1dbd54-4129-4de0-84da-8077e928f867,synth_a77dd2911bea,gig_worker,tabddpm_synthetic,,['en'],ATO,2024-12-20T10:55:00+00:00,5.0,3.21,40,10,1,Tuesday,21,1,1,ATO,en,Bank debit card,0
5f2a23f0-3248-4f2c-8eae-4afbdbab05d4,synth_8339daa5d43d,gig_worker,tabddpm_synthetic,,['en'],ATO,2024-05-17T05:26:00+00:00,5.0,0.0,38,5,0,Monday,63,1,4,ATO,en,Bank debit card,0
67f628d3-54ec-4076-9b22-7b462cf9aed1,synth_9c4f18d15ca9,gig_worker,tabddpm_synthetic,,['en'],ATO,2024-11-29T23:01:00+00:00,6000.0,3000.0,45,23,0,Monday,0,1,100,ATO,en,Bank debit card,0
dd68ed5e-e5d8-4f1b-ab97-ff6dab800fe8,synth_31a102655d85,gig_worker,tabddpm_synthetic,,['en'],ATO,2024-01-22T07:02:00+00:00,125.2,10.22,45,7,5,Saturday,3,955,11,ATO,en,Bank debit card,0
57fb263e-84f7-40a8-b030-1af91b2a438e,synth_83477d97bf8e,gig_worker,tabddpm_synthetic,,['en'],ATO,2024-04-01T10:20:00+00:00,395.22,35.01,30,10,5,Saturday,23,1184,6,ATO,en,Bank debit card,0
3dcb017d-7d9f-482f-bb79-14902c6fbf4f,synth_01941f40b6fa,gig_worker,tabddpm_synthetic,,['en'],ATO,2024-04-14T23:44:00+00:00,6000.0,3000.0,45,23,0,Monday,90,2000,100,ATO,en,Bank debit card,0
d8f5ec94-3316-4fa1-ac3f-f6e1c1adb519,synth_f17cb97ce340,gig_worker,tabddpm_synthetic,,['en'],ATO,2024-02-24T07:38:00+00:00,5.0,5.21,33,7,0,Monday,3,105,4,ATO,en,Bank debit card,0
afeb4d4d-2c3f-4cde-b2c4-b4db16252fa4,synth_9c5883b545c9,gig_worker,tabddpm_synthetic,,['en'],ATO,2024-01-15T14:13:00+00:00,5.0,4.72,30,14,2,Wednesday,7,838,11,ATO,en,Bank debit card,0
f758a718-e6fd-4298-a910-2baf7f3ddb73,synth_170e7da620dc,gig_worker,tabddpm_synthetic,,['en'],ATO,2024-12-19T16:09:00+00:00,114.9,6.42,34,16,4,Friday,12,1,8,ATO,en,Bank debit card,0
c270cdae-0ecc-472b-a67c-7b03651ca963,synth_50cef335ab3d,gig_worker,tabddpm_synthetic,,['en'],ATO,2024-03-30T19:53:00+00:00,5.0,0.0,44,19,0,Monday,41,1441,6,ATO,en,Bank debit card,0
f49078d7-be76-4f87-8f40-f25c236b9cf0,synth_242c4923e604,gig_worker,tabddpm_synthetic,,['en'],ATO,2024-06-09T11:10:00+00:00,128.49,3.31,25,11,0,Monday,11,129,5,ATO,en,Bank debit card,0
9f9688d4-02dd-49d3-a4e1-3d42938ff719,synth_b046f9e293ea,gig_worker,tabddpm_synthetic,,['en'],ATO,2024-12-02T23:59:00+00:00,60.52,0.0,45,23,4,Friday,90,1,0,ATO,en,Bank debit card,0
69e19165-ffb1-4ab6-86ba-836487589858,synth_18292a7a85dc,gig_worker,tabddpm_synthetic,,['en'],CashApp,2024-05-02T14:43:00+00:00,9.34,6.97,18,14,3,Thursday,1,556,8,CashApp,en,Bank debit card,0
c476753a-7200-4196-bda5-ba4fbc1482ef,synth_711db21f3480,gig_worker,tabddpm_synthetic,,['en'],ATO,2024-02-17T13:45:00+00:00,5.0,0.0,36,13,3,Thursday,9,2000,5,ATO,en,Bank debit card,0
b0418e5a-de93-4018-8dab-863fe7282db9,synth_52668148c9d3,gig_worker,tabddpm_synthetic,,['en'],ATO,2024-03-23T12:14:00+00:00,280.07,21.02,18,12,0,Monday,8,1772,8,ATO,en,Bank debit card,0
605db2bb-6d06-4bb7-bcc0-3822481f8cb3,synth_1a1b0ee46b5c,gig_worker,tabddpm_synthetic,,['en'],ATO,2024-12-11T06:36:00+00:00,223.0,0.0,45,6,0,Monday,90,1,0,ATO,en,Bank debit card,0
5bea6cc6-e71a-4185-8635-57237ad12ee9,synth_a0cfe94ee86e,gig_worker,tabddpm_synthetic,,['en'],ATO,2024-01-15T23:57:00+00:00,6000.0,3000.0,45,23,0,Monday,16,2000,100,ATO,en,Bank debit card,0
4c6c0389-014f-4a44-a8be-85e6e84142a6,synth_c4ea6ccf5258,gig_worker,tabddpm_synthetic,,['en'],ATO,2024-07-19T04:51:00+00:00,1160.81,36.77,41,4,2,Wednesday,7,1,7,ATO,en,Bank debit card,0
637f035c-8fae-4ea3-98a7-bf13c1d80e4b,synth_819167b5e105,gig_worker,tabddpm_synthetic,,['en'],ATO,2024-02-19T09:55:00+00:00,220.8,10.41,37,9,4,Friday,4,683,8,ATO,en,Bank debit card,0
5da4a8f4-9b84-4169-a3a9-84877036d694,synth_d7a1bdfda57f,gig_worker,tabddpm_synthetic,,['en'],ATO,2024-10-06T23:31:00+00:00,5.0,11.02,18,23,6,Sunday,0,1,100,ATO,en,Bank debit card,0
0dc9df3b-9b5d-4e7e-a54e-cbef5e621182,synth_d8f382f850f4,gig_worker,tabddpm_synthetic,,['en'],ATO,2024-07-14T23:45:00+00:00,6000.0,3000.0,45,23,0,Monday,0,1,100,ATO,en,Bank debit card,0
25d78e91-ef8d-4703-9207-9a2ac19af0eb,synth_aca8222fcf1d,gig_worker,tabddpm_synthetic,,['en'],ATO,2024-04-03T23:06:00+00:00,6000.0,3000.0,45,23,0,Monday,0,2000,100,ATO,en,Bank debit card,0
fad81d60-8737-44a8-9546-8a5014245325,synth_a272334d9045,gig_worker,tabddpm_synthetic,,['en'],CashApp,2024-10-29T15:47:00+00:00,5.23,5.5,41,15,2,Wednesday,4,800,6,CashApp,en,Bank debit card,0
ecf9ea3b-9c65-4267-9855-07c6e7557fde,synth_96135d11ef07,gig_worker,tabddpm_synthetic,,['en'],ATO,2024-05-23T16:41:00+00:00,96.18,10.35,38,16,1,Tuesday,25,154,4,ATO,en,Bank debit card,0
f518acba-351d-4938-bde4-1b2fc08243a6,synth_e459b1c27572,gig_worker,tabddpm_synthetic,,['en'],ATO,2024-07-28T10:57:00+00:00,159.12,23.72,30,10,6,Sunday,5,1217,6,ATO,en,Bank debit card,0
daf31b63-ef7d-4831-95cb-951fb4331ae5,synth_894d84badc3b,gig_worker,tabddpm_synthetic,,['en'],ATO,2024-03-30T07:53:00+00:00,127.74,9.0,35,7,4,Friday,15,509,2,ATO,en,Bank debit card,0
8a391c53-484a-4d9a-b1a2-00a2e17dd607,synth_5227c0ef2f22,gig_worker,tabddpm_synthetic,,['en'],ATO,2024-01-06T13:51:00+00:00,5.0,5.6,45,13,1,Tuesday,6,2000,10,ATO,en,Bank debit card,0
45eed00d-6fd1-47df-9a60-2436b3e0fa2d,synth_ed3602a12ed1,gig_worker,tabddpm_synthetic,,['en'],ATO,2024-04-07T08:42:00+00:00,5.0,2.83,30,8,1,Tuesday,74,1,0,ATO,en,Bank debit card,0
98ae349c-3e02-4329-84a6-d37d1040197a,synth_1c026cbc8b8f,gig_worker,tabddpm_synthetic,,['en'],ATO,2024-08-25T10:10:00+00:00,2945.51,117.1,45,10,0,Monday,10,863,9,ATO,en,Bank debit card,0
e1919e13-00de-4896-aa33-9a10dcba8457,synth_1f5f0d3089c0,gig_worker,tabddpm_synthetic,,['en'],ATO,2024-01-03T23:05:00+00:00,6000.0,3000.0,45,23,0,Monday,0,1,100,ATO,en,Bank debit card,0
d914085f-27b8-4711-88de-a837d946096d,synth_fe37956a1221,gig_worker,tabddpm_synthetic,,['en'],ATO,2024-08-05T06:07:00+00:00,28.82,0.0,31,6,1,Tuesday,3,444,2,ATO,en,CashApp,0
0726a531-da20-43cc-9036-043efc75cb40,synth_e2e497583fed,gig_worker,tabddpm_synthetic,,['en'],ATO,2024-06-15T07:10:00+00:00,76.91,0.0,43,7,0,Monday,90,1,2,ATO,en,Bank debit card,0
12415e45-52c0-4c3f-947a-a5cd1374c1b4,synth_b01c5fa16ca6,gig_worker,tabddpm_synthetic,,['en'],ATO,2024-05-28T11:56:00+00:00,33.4,4.61,39,11,3,Thursday,25,1072,4,ATO,en,Bank debit card,0
1489f261-3441-410d-866d-8910c06e1581,synth_21f676476a3e,gig_worker,tabddpm_synthetic,,['en'],ATO,2024-05-11T01:55:00+00:00,369.74,0.0,45,1,0,Monday,90,1,0,ATO,en,Bank debit card,0
058042e4-ff4e-4ec3-b0d0-159850b7cccc,synth_dce7492b9003,gig_worker,tabddpm_synthetic,,['en'],ATO,2024-04-04T00:32:00+00:00,6000.0,3000.0,45,0,0,Monday,3,2000,100,ATO,en,Bank debit card,1
1a9a3899-8509-4264-95a4-65f0f5bff608,synth_029a990a4939,gig_worker,tabddpm_synthetic,,['en'],ATO,2024-09-20T23:10:00+00:00,6000.0,3000.0,45,23,6,Sunday,0,1,100,ATO,en,Bank debit card,0
94bc5178-4bce-4908-9ff1-81eb3aa23b83,synth_df5256e2b30d,gig_worker,tabddpm_synthetic,,['en'],ATO,2024-05-01T23:59:00+00:00,6000.0,3000.0,45,23,0,Monday,0,2000,100,ATO,en,Bank debit card,0
c7ab9eea-3f4a-4578-b514-22b12a303b83,synth_1b7bb7937e6c,gig_worker,tabddpm_synthetic,,['en'],ATO,2024-06-14T23:20:00+00:00,241.05,0.0,45,23,0,Monday,0,1,43,ATO,en,Bank debit card,1
7d5d9246-10aa-4d2d-be5b-80bf9971a262,synth_c6dade1f9133,gig_worker,tabddpm_synthetic,,['en'],ATO,2024-01-26T05:06:00+00:00,5.0,0.0,45,5,0,Monday,90,1,0,ATO,en,Bank debit card,0
da47c0d1-874c-4243-b982-e7f3270d0c9f,synth_217237af4bd7,gig_worker,tabddpm_synthetic,,['en'],ATO,2024-04-27T23:34:00+00:00,373.77,14.57,40,23,4,Friday,79,1,1,ATO,en,Bank debit card,0
a44bdf99-c29a-4a57-94e3-29606c8bca37,synth_92226a3da5c4,gig_worker,tabddpm_synthetic,,['en'],ATO,2024-01-15T14:59:00+00:00,71.78,0.0,33,14,4,Friday,23,972,4,ATO,en,Bank debit card,0
a1d36746-e9b5-4ae7-a865-c4e8311ba216,synth_831f603d1d73,gig_worker,tabddpm_synthetic,,['en'],ATO,2024-11-20T11:01:00+00:00,5.0,4.19,45,11,6,Sunday,6,1633,0,ATO,en,Bank debit card,0
730fd645-0998-4824-bda3-4728b0f71a8a,synth_c7b4125aff65,gig_worker,tabddpm_synthetic,,['en'],ATO,2024-06-25T00:02:00+00:00,395.72,0.0,45,0,0,Monday,90,1,0,ATO,en,Bank debit card,0
6d64e9f1-78cf-43a4-9119-5d1ed35e2233,synth_dc7e289dec70,gig_worker,tabddpm_synthetic,,['en'],ATO,2024-08-30T00:26:00+00:00,1318.52,0.0,18,0,0,Monday,90,1,0,ATO,en,Bank debit card,0
89c6f77e-b20c-4688-ac75-b59473b1bf0d,synth_c5c4996562b3,gig_worker,tabddpm_synthetic,,['en'],ATO,2024-02-17T23:06:00+00:00,5.0,0.0,45,23,6,Sunday,24,1691,23,ATO,en,Bank debit card,0
12a2833b-318c-4450-a5ca-74ee290ffa52,synth_4ab29afddb83,gig_worker,tabddpm_synthetic,,['en'],ATO,2024-08-10T00:21:00+00:00,5.0,0.0,45,0,0,Monday,90,1,0,ATO,en,Bank debit card,0
6597984a-9331-4e89-9459-85fb28d77884,synth_0c907277b337,gig_worker,tabddpm_synthetic,,['en'],ATO,2024-10-09T14:28:00+00:00,50.21,17.47,29,14,6,Sunday,38,812,0,ATO,en,Bank debit card,0
0ec654b5-bf06-4e71-8629-18fd8069d7f6,synth_2bab526ca85d,gig_worker,tabddpm_synthetic,,['en'],ATO,2024-04-01T08:35:00+00:00,123.32,0.0,41,8,4,Friday,16,628,5,ATO,en,Bank debit card,0
e1e38a31-d5d5-4ccc-9a8b-22f3cb995bc3,synth_946aead1c476,gig_worker,tabddpm_synthetic,,['en'],ATO,2024-08-24T16:38:00+00:00,84.58,1.83,43,16,1,Tuesday,3,1096,6,ATO,en,Bank debit card,0
0716b06c-21f3-4d2a-89ad-d5f6af4ba7f2,synth_aad654c812e0,gig_worker,tabddpm_synthetic,,['en'],ATO,2024-06-21T18:53:00+00:00,27.08,7.27,25,18,6,Sunday,26,679,4,ATO,en,Bank debit card,0
29681261-2eed-44ad-bd14-a95e5890f73b,synth_85dceb4feb73,gig_worker,tabddpm_synthetic,,['en'],CashApp,2024-07-25T17:44:00+00:00,78.23,3.83,30,17,1,Tuesday,0,550,10,CashApp,en,Bank debit card,0
181210b8-6466-490a-9eca-12a9ac42611d,synth_c242d33d64bf,gig_worker,tabddpm_synthetic,,['en'],ATO,2024-07-14T14:35:00+00:00,50.42,5.94,43,14,6,Sunday,0,1147,11,ATO,en,Bank debit card,0
179571fb-d95a-45d1-b63c-1e8d6175c277,synth_b416d7717412,gig_worker,tabddpm_synthetic,,['en'],ATO,2024-12-01T11:17:00+00:00,230.82,6.6,30,11,0,Monday,90,1,0,ATO,en,Bank debit card,0
9c2579ec-5e9a-40ba-912b-eff180572dee,synth_5f809d7ac799,gig_worker,tabddpm_synthetic,,['en'],ATO,2024-12-17T05:39:00+00:00,5.0,4.52,45,5,2,Wednesday,0,1216,11,ATO,en,Bank debit card,0
23d1ac06-4788-4bf9-b3d1-6aa3ba58db98,synth_f58f113731ad,gig_worker,tabddpm_synthetic,,['en'],ATO,2024-05-26T23:14:00+00:00,6000.0,3000.0,45,23,0,Monday,0,2000,100,ATO,en,Bank debit card,0
47127dce-c532-4ee0-8ae3-b4c3c1a46396,synth_88e69570e8e3,gig_worker,tabddpm_synthetic,,['en'],ATO,2024-04-21T23:56:00+00:00,5.0,0.0,45,23,6,Sunday,0,1,100,ATO,en,Bank debit card,1
831267cf-2c4a-452c-8096-7ec7cb7d9e86,synth_f93607df16f7,gig_worker,tabddpm_synthetic,,['en'],ATO,2024-10-05T19:50:00+00:00,223.41,15.9,45,19,6,Sunday,70,1,0,ATO,en,Bank debit card,0
7518644c-d89e-43d5-a021-fb7d9535c7e4,synth_393805d50147,gig_worker,tabddpm_synthetic,,['en'],ATO,2024-10-09T15:14:00+00:00,472.04,31.47,34,15,1,Tuesday,65,1,2,ATO,en,Bank debit card,0
978997d7-5ede-4522-b059-48b9159c9273,synth_238107307773,gig_worker,tabddpm_synthetic,,['en'],ATO,2024-04-22T10:50:00+00:00,269.91,0.0,45,10,0,Monday,90,1,0,ATO,en,Bank debit card,0
e5ce4134-64cc-4e30-81e1-cd73e2bbba9a,synth_8d47e6dd8597,gig_worker,tabddpm_synthetic,,['en'],ATO,2024-03-08T11:40:00+00:00,5.0,1.9,20,11,2,Wednesday,9,1,5,ATO,en,Bank debit card,0
414ce645-727a-4520-a521-dd50bb34fb4a,synth_d68d20893e02,gig_worker,tabddpm_synthetic,,['en'],ATO,2024-07-16T11:35:00+00:00,189.98,15.99,22,11,0,Monday,51,23,1,ATO,en,Bank debit card,0
aed0f33e-4388-49d9-995e-ebba79974957,synth_20064cee26fd,gig_worker,tabddpm_synthetic,,['en'],ATO,2024-11-03T23:14:00+00:00,6000.0,3000.0,45,23,0,Monday,13,2000,100,ATO,en,Bank debit card,0
44e0821b-6257-451d-907c-3e75c6cbdfa9,synth_45ef94fd8633,gig_worker,tabddpm_synthetic,,['en'],ATO,2024-05-24T06:58:00+00:00,241.8,20.78,29,6,0,Monday,16,1317,10,ATO,en,Bank debit card,0
2bbea5c1-4d64-43c7-b68a-4e4d12acbbcc,synth_12a6f6129fb0,gig_worker,tabddpm_synthetic,,['en'],ATO,2024-11-10T13:01:00+00:00,102.82,0.0,44,13,4,Friday,11,1364,1,ATO,en,Bank debit card,0
1cdffa8a-d71c-4a6c-8e10-9e4f8000431c,synth_0eb61b6070dd,gig_worker,tabddpm_synthetic,,['en'],ATO,2024-03-03T12:50:00+00:00,92.06,10.42,27,12,0,Monday,8,659,2,ATO,en,Bank debit card,0
a3550ff1-8852-4b7d-ae4c-ed5ba00df972,synth_f8296c11733f,gig_worker,tabddpm_synthetic,,['en'],ATO,2024-06-18T08:08:00+00:00,680.8,20.3,31,8,0,Monday,90,1,0,ATO,en,Bank debit card,0
25588f21-afe2-4871-a603-318fdaa53d39,synth_671f606c02ec,gig_worker,tabddpm_synthetic,,['en'],ATO,2024-08-22T23:20:00+00:00,6000.0,3000.0,45,23,0,Monday,90,2000,100,ATO,en,Bank debit card,0
d8009b6f-9b0f-451b-88c8-2b928eb2cb63,synth_bb64fc8a37d8,gig_worker,tabddpm_synthetic,,['es'],ATO,2024-11-28T17:07:00+00:00,109.66,14.97,38,17,4,Friday,18,1543,9,ATO,es,Bank debit card,0
dc94eb89-0678-4ff1-902f-28f4d362af6d,synth_decc5194da36,gig_worker,tabddpm_synthetic,,['en'],ATO,2024-01-23T11:32:00+00:00,50.34,11.65,27,11,6,Sunday,20,1,0,ATO,en,Bank debit card,0
e90ec232-7932-458f-831b-47e5ffe893b4,synth_88e02807550a,gig_worker,tabddpm_synthetic,,['en'],ATO,2024-08-14T00:19:00+00:00,6000.0,3000.0,45,0,0,Monday,72,2000,100,ATO,en,Bank debit card,0
e857f00c-c446-4d79-8067-be8400cfe135,synth_7588ff7c61f0,gig_worker,tabddpm_synthetic,,['en'],ATO,2024-04-26T23:59:00+00:00,5.0,0.0,41,23,6,Sunday,5,1,45,ATO,en,Bank debit card,0
e1a45fdb-9daf-4f43-afe2-5053ffd67a2b,synth_3f1c4d8de93e,gig_worker,tabddpm_synthetic,,['en'],ATO,2024-01-17T23:31:00+00:00,6000.0,413.91,45,23,4,Friday,7,1,100,ATO,en,Bank debit card,1
6a81286a-b4d6-4053-9ad0-2bb664717e45,synth_b6749ca02646,gig_worker,tabddpm_synthetic,,['en'],ATO,2024-09-01T23:50:00+00:00,6000.0,3000.0,45,23,0,Monday,90,289,100,ATO,en,Bank debit card,0
437b088f-8f3d-4ea2-8994-9f41c95f90df,synth_aae11fdfd4f9,gig_worker,tabddpm_synthetic,,['en'],ATO,2024-05-27T00:54:00+00:00,282.81,0.0,27,0,0,Monday,90,1,0,ATO,en,Bank debit card,0
ed2460da-5f45-4f4a-9322-f5b357b4c7af,synth_420743a17ed6,gig_worker,tabddpm_synthetic,,['en'],ATO,2024-12-23T19:59:00+00:00,132.2,0.38,32,19,1,Tuesday,4,1416,8,ATO,en,Bank debit card,0
958689c2-30fe-4fb9-a27d-ab0a6c072dcc,synth_de3d52698ee0,gig_worker,tabddpm_synthetic,,['en'],ATO,2024-10-12T17:52:00+00:00,87.9,6.81,35,17,0,Monday,0,681,7,ATO,en,Bank debit card,0
119eded0-5a7b-41ec-bbe7-801388557878,synth_452b02200573,gig_worker,tabddpm_synthetic,,['en'],ATO,2024-08-01T07:33:00+00:00,185.22,21.08,30,7,5,Saturday,36,1,1,ATO,en,Bank debit card,0
a7b0fbbe-a616-4ed2-9281-4ad383241849,synth_a451f3f8204d,gig_worker,tabddpm_synthetic,,['en'],ATO,2024-03-12T15:44:00+00:00,54.17,17.58,42,15,5,Saturday,9,2000,0,ATO,en,Bank debit card,0
ed948751-191c-42d0-8d54-df1ec39abae9,synth_ca02179e565e,gig_worker,tabddpm_synthetic,,['en'],CashApp,2024-08-03T08:24:00+00:00,5.0,3.37,34,8,0,Monday,16,900,6,CashApp,en,Bank debit card,0
e6920196-d45f-4c6d-949a-2e9e0f3f5d84,synth_53b3583a84dc,gig_worker,tabddpm_synthetic,,['en'],ATO,2024-02-24T11:57:00+00:00,128.36,15.59,23,11,4,Friday,19,1183,5,ATO,en,Bank debit card,0
c3ba1c4a-f8fb-40d5-a695-706117001019,synth_369ac52e147c,gig_worker,tabddpm_synthetic,,['en'],ATO,2024-12-19T11:24:00+00:00,418.12,19.45,36,11,1,Tuesday,5,1234,4,ATO,en,Bank debit card,0
84c96db5-4602-42ca-9a66-3f0a29be5ac6,synth_b47eeff63b11,gig_worker,tabddpm_synthetic,,['en'],ATO,2024-10-29T23:24:00+00:00,6000.0,3000.0,45,23,0,Monday,0,2000,100,ATO,en,Bank debit card,0
987422e4-1356-4f78-985e-d2b004bd9169,synth_9d9ae148712e,gig_worker,tabddpm_synthetic,,['en'],ATO,2024-04-19T03:39:00+00:00,23.79,6.78,42,3,0,Monday,3,1773,9,ATO,en,Bank debit card,0
b924e96e-46c3-4281-bf78-25d3c76237ed,synth_82552d6b6c67,gig_worker,tabddpm_synthetic,,['en'],ATO,2024-10-24T23:51:00+00:00,6000.0,712.51,45,23,6,Sunday,0,1,13,ATO,en,Bank debit card,0
6f6ab4bd-19fa-42f5-9c6e-e9b732d7b0a3,synth_c254da6e9b50,gig_worker,tabddpm_synthetic,,['en'],ATO,2024-01-03T07:25:00+00:00,207.02,7.57,18,7,6,Sunday,3,2000,4,ATO,en,Bank debit card,0
62dea7c5-ec3f-47f9-99a4-0c37e7d60342,synth_ceb42edb23f5,gig_worker,tabddpm_synthetic,,['en'],ATO,2024-10-22T13:15:00+00:00,138.3,0.88,45,13,0,Monday,90,1,3,ATO,en,Bank debit card,0
c0a54edb-b5c5-4eaf-ab9d-46a2b0c02cae,synth_95a04e866ea6,gig_worker,tabddpm_synthetic,,['en'],ATO,2024-06-16T13:35:00+00:00,33.24,6.42,34,13,1,Tuesday,2,1073,12,ATO,en,Bank debit card,0
764ed025-089b-4f0e-8bfc-b3a6a3c40435,synth_fe3c41e18735,gig_worker,tabddpm_synthetic,,['en'],ATO,2024-04-10T11:53:00+00:00,5.0,0.0,39,11,6,Sunday,7,2000,3,ATO,en,CashApp,0
0c8103ba-b47d-4a58-99de-58c4d2e988a1,synth_7fbf653982b8,gig_worker,tabddpm_synthetic,,['en'],ATO,2024-12-13T23:29:00+00:00,6000.0,3000.0,45,23,0,Monday,90,2000,100,ATO,en,Bank debit card,0
670d6161-45d3-4c80-9308-7bf0e70d1931,synth_356861afbf54,gig_worker,tabddpm_synthetic,,['en'],ATO,2024-11-27T08:20:00+00:00,54.89,0.0,42,8,0,Monday,90,1,0,ATO,en,Bank debit card,0
1916a0ff-facf-4c3a-bd9f-079d456e2c51,synth_7f4e1a541544,gig_worker,tabddpm_synthetic,,['en'],ATO,2024-02-14T23:51:00+00:00,637.11,29.11,26,23,0,Monday,90,1,0,ATO,en,Bank debit card,0
88b2c325-3211-4fee-8a19-ad0b78f6abd7,synth_6de3d3c9a389,gig_worker,tabddpm_synthetic,,['en'],ATO,2024-06-08T23:47:00+00:00,5.0,0.0,45,23,6,Sunday,0,1,100,ATO,en,Bank debit card,1
e6fb52e7-2476-4535-8bb4-8ac01ce7bbb3,synth_7d1e0b6ddfa8,gig_worker,tabddpm_synthetic,,['en'],ATO,2024-05-18T23:10:00+00:00,6000.0,3000.0,45,23,0,Monday,90,2000,100,ATO,en,Bank debit card,0
4d95db7d-c167-4739-b164-1cacf19fcb07,synth_eebd1283e3f9,gig_worker,tabddpm_synthetic,,['en'],ATO,2024-02-26T16:14:00+00:00,92.47,0.0,36,16,2,Wednesday,29,1544,3,ATO,en,Bank debit card,0
6afa3575-3b21-4b86-b348-97d0da2532ad,synth_41e55c64a176,gig_worker,tabddpm_synthetic,,['en'],ATO,2024-02-07T23:17:00+00:00,6000.0,3000.0,45,23,0,Monday,0,1405,100,ATO,en,Bank debit card,0
6d7f0cdf-b437-4f2c-b8a0-92c50b4e493b,synth_d0e54995b3e7,gig_worker,tabddpm_synthetic,,['en'],ATO,2024-09-13T19:10:00+00:00,5.0,0.0,26,19,0,Monday,10,1254,8,ATO,en,Bank debit card,0
b937596d-9ab7-42c5-a61d-b6ca1e6d7fc8,synth_fa8f260c4662,gig_worker,tabddpm_synthetic,,['en'],ATO,2024-10-13T23:36:00+00:00,6000.0,3000.0,45,23,0,Monday,0,2000,100,ATO,en,Bank debit card,1
adc0f385-6e9d-4d00-a534-35335f50b958,synth_e0964e1496d6,gig_worker,tabddpm_synthetic,,['en'],ATO,2024-03-20T23:36:00+00:00,2637.99,83.66,21,23,0,Monday,47,1,6,ATO,en,Bank debit card,0
22151aea-7bc3-4906-b079-6f214a233b35,synth_4d9daf1f7ee1,gig_worker,tabddpm_synthetic,,['en'],ATO,2024-02-13T13:51:00+00:00,33.36,3.9,44,13,5,Saturday,9,1046,4,ATO,en,Bank debit card,0
8f130dbd-06f2-4082-8637-5613925f632c,synth_5b045be4b9dc,gig_worker,tabddpm_synthetic,,['en'],ATO,2024-04-11T00:00:00+00:00,483.04,0.0,34,0,0,Monday,90,1,0,ATO,en,Bank debit card,0
1370f164-b3bb-4a34-b419-6db685e188bb,synth_476d15605aa6,gig_worker,tabddpm_synthetic,,['en'],ATO,2024-07-29T08:43:00+00:00,5.0,0.0,45,8,2,Wednesday,90,1,0,ATO,en,Bank debit card,0
fc106322-c22e-48a8-8223-da7ea352472b,synth_2271c975b677,gig_worker,tabddpm_synthetic,,['en'],ATO,2024-02-13T00:51:00+00:00,5.0,0.0,45,0,0,Monday,90,1,0,ATO,en,Bank debit card,0
9c141db1-8912-4396-9ffa-2c483d0305ec,synth_984ccea61045,gig_worker,tabddpm_synthetic,,['en'],ATO,2024-02-25T13:52:00+00:00,5.0,0.0,45,13,2,Wednesday,76,1,0,ATO,en,Bank debit card,0
857c9969-2730-40ae-97d8-47a90c592eda,synth_88e7e12d5b35,gig_worker,tabddpm_synthetic,,['en'],ATO,2024-05-20T18:16:00+00:00,5.0,0.25,33,18,0,Monday,35,1511,6,ATO,en,CashApp,0
4f34809e-0e5a-4539-af3a-bbd52aa1e91d,synth_c36663b38249,gig_worker,tabddpm_synthetic,,['en'],ATO,2024-11-24T07:47:00+00:00,151.16,11.18,31,7,0,Monday,43,531,6,ATO,en,Bank debit card,0
0610006f-24b0-4831-a045-f7bc854e7010,synth_45bbe4d19128,gig_worker,tabddpm_synthetic,,['en'],ATO,2024-04-26T00:49:00+00:00,2179.34,0.0,18,0,0,Monday,90,1,0,ATO,en,Bank debit card,0
87b63e4c-179b-4065-8ed4-767618436d91,synth_36f965d7fe1b,gig_worker,tabddpm_synthetic,,['en'],ATO,2024-09-29T23:21:00+00:00,5.0,0.0,45,23,6,Sunday,0,1,89,ATO,en,Bank debit card,1
48fcdc43-62c4-4dd6-ab43-a9d4430cf77a,synth_62b6fa7b06d1,gig_worker,tabddpm_synthetic,,['en'],ATO,2024-06-19T23:29:00+00:00,501.42,29.09,34,23,5,Saturday,48,1,2,ATO,en,Bank debit card,0
aa593e05-094a-4365-881d-a1a046bb349a,synth_c39bb171fb54,gig_worker,tabddpm_synthetic,,['en'],ATO,2024-10-02T13:44:00+00:00,102.03,12.91,45,13,4,Friday,2,1588,5,ATO,en,Bank debit card,0
09b47c65-6b85-48ad-b8c6-98eee89ae12d,synth_ebfa049fc912,gig_worker,tabddpm_synthetic,,['en'],ATO,2024-06-06T11:02:00+00:00,526.51,22.72,39,11,0,Monday,6,1,8,ATO,en,Bank debit card,0
be40229b-e99c-43ac-bf66-cecf42c81633,synth_00d65eae17f3,gig_worker,tabddpm_synthetic,,['en'],ATO,2024-12-03T23:44:00+00:00,6000.0,3000.0,45,23,0,Monday,0,2000,100,ATO,en,Bank debit card,0
2e3432c8-ae5d-413a-9c41-6ec6c5d9b86d,synth_06d4d3341bf1,gig_worker,tabddpm_synthetic,,['en'],ATO,2024-02-05T23:49:00+00:00,5.0,9.97,41,23,1,Tuesday,2,1668,21,ATO,en,Bank debit card,0
be236161-8281-4461-a3b8-9905217f8034,synth_0f976ee78c38,gig_worker,tabddpm_synthetic,,['en'],ATO,2024-12-29T00:41:00+00:00,81.7,0.0,45,0,0,Monday,90,1,0,ATO,en,Bank debit card,0
5335f111-5b65-4e41-9224-71dbdb4b3095,synth_a88cb175e9dd,gig_worker,tabddpm_synthetic,,['en'],ATO,2024-12-25T04:12:00+00:00,922.61,38.41,45,4,0,Monday,0,1603,7,ATO,en,Bank debit card,0
d416a668-e0ee-466b-9852-fc6ef7c8b8c2,synth_d85aa082a587,gig_worker,tabddpm_synthetic,,['en'],ATO,2024-10-22T00:22:00+00:00,249.42,17.21,39,0,1,Tuesday,6,137,10,ATO,en,Bank debit card,0
0782b750-9074-49fc-9c3c-f194dccc4ed9,synth_dd97188e7adf,gig_worker,tabddpm_synthetic,,['en'],ATO,2024-08-12T14:04:00+00:00,403.91,14.2,30,14,3,Thursday,9,1004,6,ATO,en,Bank debit card,0
7dfb2f75-939e-4ab2-a71b-7bda5fc9076f,synth_15feb498b87f,gig_worker,tabddpm_synthetic,,['en'],ATO,2024-03-04T23:19:00+00:00,6000.0,3000.0,45,23,0,Monday,90,2000,100,ATO,en,Bank debit card,0
1051932e-41a4-4527-a741-77e60ddf75f7,synth_2c8382d90240,gig_worker,tabddpm_synthetic,,['en'],ATO,2024-06-03T00:30:00+00:00,506.37,0.0,45,0,0,Monday,90,1,0,ATO,en,Bank debit card,0
2d437fe2-4177-4f38-87e5-c4c7fdd3f5ed,synth_7008aa90d57b,gig_worker,tabddpm_synthetic,,['en'],ATO,2024-04-09T21:31:00+00:00,157.76,0.0,45,21,0,Monday,90,1,2,ATO,en,Bank debit card,0
4ac0551a-63f4-4652-94b8-a44591436d63,synth_f10d9bd0ce24,gig_worker,tabddpm_synthetic,,['en'],ATO,2024-05-22T23:07:00+00:00,330.41,31.65,22,23,4,Friday,26,345,9,ATO,en,Bank debit card,0
9622e251-293d-4eb4-b040-c390c07aff35,synth_7eff8d38a813,gig_worker,tabddpm_synthetic,,['en'],ATO,2024-04-06T23:21:00+00:00,1495.63,100.68,18,23,5,Saturday,90,1,0,ATO,en,Bank debit card,0
8d53142b-e5c2-4117-8d00-5e949068e8be,synth_22e78a7813c8,gig_worker,tabddpm_synthetic,,['en'],ATO,2024-08-05T19:22:00+00:00,196.94,0.0,24,19,4,Friday,42,1230,3,ATO,en,Bank debit card,0
c08a742d-7cab-4698-9587-5d294dfd3eaa,synth_e058cc0e8ff2,gig_worker,tabddpm_synthetic,,['en'],ATO,2024-12-02T11:22:00+00:00,30.32,2.28,41,11,5,Saturday,43,675,12,ATO,en,Bank debit card,0
ced4f24f-aa0c-4245-b4e0-d3e0cae77176,synth_98956c5769ba,gig_worker,tabddpm_synthetic,,['en'],ATO,2024-10-16T00:15:00+00:00,445.51,0.0,45,0,0,Monday,90,1,0,ATO,en,Bank debit card,0
8088ff56-eefa-45ba-9abd-4de2e01d33c3,synth_97d8f9761256,gig_worker,tabddpm_synthetic,,['en'],ATO,2024-08-14T19:49:00+00:00,5.0,8.77,45,19,3,Thursday,7,1225,10,ATO,en,Bank debit card,0
486db5a6-7ceb-42d0-be3e-30080aaa23e4,synth_9ab4429f784b,gig_worker,tabddpm_synthetic,,['en'],ATO,2024-05-19T23:52:00+00:00,5.0,0.0,44,23,6,Sunday,0,1,100,ATO,en,Bank debit card,1
15d9ee05-80be-4436-a90e-8febc44c4a83,synth_4895bfb1cbd1,gig_worker,tabddpm_synthetic,,['en'],ATO,2024-04-27T16:05:00+00:00,87.45,15.75,24,16,6,Sunday,0,1722,9,ATO,en,Bank debit card,0
5d5e5e3d-5d48-478e-9817-6332e0a02d8c,synth_ace283a796fc,gig_worker,tabddpm_synthetic,,['en'],ATO,2024-10-09T11:00:00+00:00,212.64,10.62,30,11,0,Monday,18,1314,5,ATO,en,Bank debit card,0
f4baa5b7-6158-4c2b-8baa-0e23190f0379,synth_51d6b8e1f0e0,gig_worker,tabddpm_synthetic,,['en'],ATO,2024-09-08T05:33:00+00:00,5.0,0.0,45,5,4,Friday,90,1,0,ATO,en,Bank debit card,0
8c33450a-1668-45e5-8cfb-6a82de5f94e5,synth_6628229d4cbf,gig_worker,tabddpm_synthetic,,['en'],ATO,2024-05-05T23:52:00+00:00,6000.0,3000.0,45,23,0,Monday,90,2000,100,ATO,en,Bank debit card,0
cc5f6480-956c-42db-9fc4-519f96d5326b,synth_e817e1d7f8c9,gig_worker,tabddpm_synthetic,,['en'],ATO,2024-05-14T06:12:00+00:00,343.12,15.16,37,6,4,Friday,5,610,3,ATO,en,Bank debit card,0
ac571a49-d20a-4e6a-9be4-1dd4380d6688,synth_9dd80e61b73f,gig_worker,tabddpm_synthetic,,['en'],ATO,2024-07-22T18:27:00+00:00,5504.49,236.59,45,18,0,Monday,39,283,5,ATO,en,Bank debit card,0
526f25d5-cdbc-4e4c-b34d-92a572be7c91,synth_2a59b29fa968,gig_worker,tabddpm_synthetic,,['en'],ATO,2024-01-14T00:15:00+00:00,255.29,0.0,45,0,0,Monday,90,1,0,ATO,en,Bank debit card,0
c0c973e1-239f-49b3-b10b-b3f913123a75,synth_9e350f9ba0b3,gig_worker,tabddpm_synthetic,,['en'],ATO,2024-01-13T16:46:00+00:00,787.54,32.2,35,16,3,Thursday,55,1,4,ATO,en,Bank debit card,0
1a885c1b-d676-48fe-a255-62ce57e4ba85,synth_51df4834bf35,gig_worker,tabddpm_synthetic,,['en'],ATO,2024-10-16T23:49:00+00:00,6000.0,3000.0,45,23,0,Monday,90,320,100,ATO,en,Bank debit card,0
af9616b2-80e6-4e99-accf-6abe3ec66eff,synth_1ef7874b6636,gig_worker,tabddpm_synthetic,,['en'],ATO,2024-12-01T08:16:00+00:00,110.71,0.0,41,8,0,Monday,90,1,0,ATO,en,Bank debit card,0
41879309-a8ea-4705-b133-2298077e9494,synth_22669321d3a7,gig_worker,tabddpm_synthetic,,['en'],ATO,2024-11-02T14:48:00+00:00,43.78,13.36,45,14,3,Thursday,3,370,6,ATO,en,Bank debit card,0
21067e9f-f618-48f8-aff4-88829ed942b6,synth_c7e3936c4017,gig_worker,tabddpm_synthetic,,['en'],ATO,2024-08-21T23:38:00+00:00,6000.0,3000.0,45,23,0,Monday,90,2000,100,ATO,en,Bank debit card,0
5f11fe49-2ccf-49cf-be8b-56f05467319e,synth_54c6b80538b0,gig_worker,tabddpm_synthetic,,['en'],ATO,2024-08-22T10:33:00+00:00,116.57,10.53,37,10,6,Sunday,61,1,4,ATO,en,Bank debit card,0
f00d7ff8-3613-4581-a02a-d0d87dcb2249,synth_b63afdcc67bb,gig_worker,tabddpm_synthetic,,['en'],ATO,2024-08-17T09:04:00+00:00,24.87,18.71,40,9,6,Sunday,6,1671,5,ATO,en,CashApp,0
0a5f5793-29cb-463d-ad6a-2f6ffad6ded4,synth_d45c95cd4b73,gig_worker,tabddpm_synthetic,,['en'],ATO,2024-12-10T15:08:00+00:00,80.38,8.24,45,15,5,Saturday,3,981,7,ATO,en,Bank debit card,0
8144b667-4af3-4ecf-b267-eef4b10ffa4a,synth_27ece7db4c40,gig_worker,tabddpm_synthetic,,['en'],ATO,2024-07-15T23:38:00+00:00,66.92,17.53,32,23,2,Wednesday,0,1,52,ATO,en,Bank debit card,1
3648f23c-2856-47fb-bfbf-60708fae2e24,synth_4475cd32f9e9,gig_worker,tabddpm_synthetic,,['en'],ATO,2024-10-01T13:38:00+00:00,5.0,3.54,45,13,6,Sunday,12,2000,5,ATO,en,Bank debit card,0
03882221-740d-4565-9b53-e659f64759c3,synth_38d7a69c7b53,gig_worker,tabddpm_synthetic,,['en'],ATO,2024-01-29T20:46:00+00:00,5.0,16.14,32,20,6,Sunday,7,1,0,ATO,en,Bank debit card,0
76c87596-42b9-421b-9cc8-945f4881bcd4,synth_75e67531c440,gig_worker,tabddpm_synthetic,,['en'],ATO,2024-01-10T05:23:00+00:00,5.0,12.76,45,5,2,Wednesday,45,1,0,ATO,en,Bank debit card,0
d451e63d-96d0-4119-a307-9fdd4468ed71,synth_97cc2ac7c72d,gig_worker,tabddpm_synthetic,,['en'],ATO,2024-02-16T11:57:00+00:00,134.54,0.0,41,11,6,Sunday,90,1,2,ATO,en,Bank debit card,0
5774c84e-173f-48cf-8150-f044a40e26af,synth_d8ae2575c9e2,gig_worker,tabddpm_synthetic,,['en'],ATO,2024-01-19T13:35:00+00:00,5.0,2.61,29,13,5,Saturday,10,1392,0,ATO,en,Bank debit card,0
ad5fdaa0-275b-44f2-82ff-d924a79ec61c,synth_8b828d1324bc,gig_worker,tabddpm_synthetic,,['en'],ATO,2024-04-18T01:42:00+00:00,124.97,0.0,45,1,0,Monday,90,1,0,ATO,en,Bank debit card,0
3ffaa989-2baf-4506-a0ec-9cd99e702dd0,synth_d5286884a30d,gig_worker,tabddpm_synthetic,,['en'],ATO,2024-09-03T05:29:00+00:00,457.76,0.0,45,5,0,Monday,90,1,0,ATO,en,Bank debit card,0
19f4ef83-0c70-448c-8819-b7c0d372b70e,synth_4f9282489c15,gig_worker,tabddpm_synthetic,,['en'],ATO,2024-01-07T02:42:00+00:00,357.07,10.29,40,2,0,Monday,90,1,0,ATO,en,Bank debit card,0
12ee9313-7fe3-4afe-acfc-8f57fd8808fb,synth_4b04b1823f4d,gig_worker,tabddpm_synthetic,,['en'],ATO,2024-01-19T17:20:00+00:00,5.0,0.0,18,17,0,Monday,0,1224,4,ATO,en,Bank debit card,0
94f1778e-cdc9-48ab-92e2-c5fc4225bb8f,synth_07827cb756bc,gig_worker,tabddpm_synthetic,,['en'],ATO,2024-06-14T08:35:00+00:00,49.7,1.4,36,8,3,Thursday,3,1255,4,ATO,en,Bank debit card,0
97a978eb-bb02-4766-afb4-0141853ff8ca,synth_bc705d072956,gig_worker,tabddpm_synthetic,,['en'],ATO,2024-06-04T23:13:00+00:00,26.55,19.44,26,23,6,Sunday,0,1,10,ATO,en,Bank debit card,0
81a1a5ef-e54a-414e-a241-9bf53e8bf3c5,synth_96aad5d68e75,gig_worker,tabddpm_synthetic,,['en'],ATO,2024-05-28T23:49:00+00:00,6000.0,3000.0,45,23,0,Monday,0,2000,100,ATO,en,Bank debit card,0
747c2f8f-7a49-4b14-931c-a6b154832424,synth_b1f944551fee,gig_worker,tabddpm_synthetic,,['en'],ATO,2024-10-15T12:04:00+00:00,228.77,7.06,33,12,5,Saturday,34,1,4,ATO,en,Bank debit card,0
4dfec470-3763-49fe-a48d-a7aca5b0398c,synth_e82eaf995007,gig_worker,tabddpm_synthetic,,['en'],ATO,2024-03-08T23:44:00+00:00,5.0,0.0,24,23,6,Sunday,0,1,80,ATO,en,Bank debit card,0
6924d110-cb26-4f7f-a42c-931fa6b7b55f,synth_a5ca89b91a41,gig_worker,tabddpm_synthetic,,['en'],ATO,2024-07-18T03:00:00+00:00,70.28,0.0,45,3,0,Monday,90,1,0,ATO,en,Bank debit card,0
d0bb42d9-5ea2-45f6-9371-86d65613125f,synth_580b47cc8a23,gig_worker,tabddpm_synthetic,,['en'],ATO,2024-02-06T09:56:00+00:00,14.72,5.16,39,9,4,Friday,7,363,9,ATO,en,Bank debit card,0
50e5acbc-19d8-4325-81ca-003f81b7aa61,synth_df219b3347ae,gig_worker,tabddpm_synthetic,,['en'],ATO,2024-06-09T00:37:00+00:00,449.53,0.0,32,0,0,Monday,90,1,0,ATO,en,Bank debit card,0
479cdec5-7985-49a6-92c8-c9ab08340ead,synth_0c39fffc57a5,gig_worker,tabddpm_synthetic,,['en'],ATO,2024-01-11T11:28:00+00:00,384.06,15.31,33,11,0,Monday,21,1,0,ATO,en,Bank debit card,0
60d785c2-548f-413c-9d6e-bb5b26cd7091,synth_89fcff129f05,gig_worker,tabddpm_synthetic,,['en'],CashApp,2024-10-30T13:49:00+00:00,48.46,20.68,27,13,6,Sunday,0,818,7,CashApp,en,Bank debit card,0
6394faf5-127c-4242-bcbc-8df7c2042575,synth_dd93f492f589,gig_worker,tabddpm_synthetic,,['en'],ATO,2024-09-26T23:10:00+00:00,6000.0,3000.0,45,23,0,Monday,0,1,100,ATO,en,Bank debit card,0
cb97ce34-e23e-49af-8be6-018bac736173,synth_3f9464102d21,gig_worker,tabddpm_synthetic,,['en'],ATO,2024-03-19T23:11:00+00:00,680.28,35.63,45,23,0,Monday,1,1,66,ATO,en,Bank debit card,1
2e1a37c5-9cde-42bd-bfc5-0b64e9a41fde,synth_8b7e56b024cb,gig_worker,tabddpm_synthetic,,['en'],ATO,2024-10-11T23:10:00+00:00,6000.0,3000.0,45,23,0,Monday,0,1,100,ATO,en,Bank debit card,1
a4e8d533-deac-4b43-9d44-b7afdfc334ea,synth_88293792e1e4,gig_worker,tabddpm_synthetic,,['en'],ATO,2024-04-06T11:00:00+00:00,233.06,11.68,40,11,4,Friday,62,1,3,ATO,en,Bank debit card,0
8a535d51-a063-459e-b147-557cbb3d81c2,synth_93d4e4126b8c,gig_worker,tabddpm_synthetic,,['en'],ATO,2024-11-14T00:45:00+00:00,754.04,0.0,41,0,0,Monday,90,1,0,ATO,en,Bank debit card,0
6f6d1a2d-e8e9-404e-a123-26d3a47b1b84,synth_942018a9ea3d,gig_worker,tabddpm_synthetic,,['en'],ATO,2024-07-08T20:28:00+00:00,1426.68,23.52,45,20,0,Monday,7,1,42,ATO,en,Bank debit card,1
05e4d1c9-3e34-4cdd-9059-d674fc5687ad,synth_501b90635da7,gig_worker,tabddpm_synthetic,,['en'],ATO,2024-12-17T23:00:00+00:00,5.0,0.0,18,23,6,Sunday,0,1,100,ATO,en,Bank debit card,1
afc731d3-cd73-48f1-9197-e6ca597364e1,synth_5d8b90ad2524,gig_worker,tabddpm_synthetic,,['en'],ATO,2024-06-28T12:54:00+00:00,5.0,3.62,35,12,5,Saturday,60,562,0,ATO,en,Bank debit card,0
d1c91235-cb57-4c25-946c-969e4b532e2e,synth_4e58406d6175,gig_worker,tabddpm_synthetic,,['en'],ATO,2024-01-23T23:39:00+00:00,6000.0,3000.0,45,23,0,Monday,0,1,100,ATO,en,Bank debit card,0
f3383fa0-dbce-464f-b3e8-5436a0a4ecf5,synth_a4de9f56d171,gig_worker,tabddpm_synthetic,,['en'],ATO,2024-01-30T23:52:00+00:00,6000.0,3000.0,45,23,0,Monday,90,2000,100,ATO,en,Bank debit card,1
b2508cd9-3e9b-4548-8144-5a1061dbba44,synth_8a4d26d7c1ee,gig_worker,tabddpm_synthetic,,['en'],ATO,2024-08-21T05:08:00+00:00,311.61,26.48,26,5,5,Saturday,11,1299,9,ATO,en,Bank debit card,0
e776fec2-5bc9-4822-86d5-fb50311a5718,synth_499b902c6cad,gig_worker,tabddpm_synthetic,,['en'],ATO,2024-10-24T23:47:00+00:00,6000.0,3000.0,45,23,0,Monday,90,2000,100,ATO,en,Bank debit card,0
d7d678ce-aa20-48c0-9d04-6ca85a5deb72,synth_ad62bcf2741a,gig_worker,tabddpm_synthetic,,['en'],ATO,2024-03-15T02:11:00+00:00,415.46,1.29,36,2,0,Monday,90,1,0,ATO,en,Bank debit card,0
7c8a9047-8bd4-4cd7-b9db-5f79c091cd87,synth_37997820a7d3,gig_worker,tabddpm_synthetic,,['en'],ATO,2024-09-23T00:19:00+00:00,423.91,0.0,45,0,0,Monday,90,1,0,ATO,en,Bank debit card,0
1fbdc01f-706d-4fd7-a90b-cb481aec4c28,synth_1509c60d1667,gig_worker,tabddpm_synthetic,,['en'],ATO,2024-05-08T11:04:00+00:00,5.0,7.33,44,11,4,Friday,5,1746,6,ATO,en,Bank debit card,0
1f2f21c2-eff1-496c-a132-d440ed262959,synth_78b145590a4e,gig_worker,tabddpm_synthetic,,['en'],ATO,2024-11-28T05:42:00+00:00,374.56,23.56,32,5,2,Wednesday,55,27,7,ATO,en,Bank debit card,0
e2fd793b-9693-4526-8ec3-80d0f32aa53e,synth_90c60b33c518,gig_worker,tabddpm_synthetic,,['en'],ATO,2024-07-21T18:48:00+00:00,5.0,2.11,40,18,6,Sunday,12,1227,4,ATO,en,Bank debit card,0
fee539b5-8b50-4c40-a86c-b2d39164cef3,synth_8cf1df9e1d62,gig_worker,tabddpm_synthetic,,['en'],ATO,2024-04-01T23:54:00+00:00,6000.0,3000.0,45,23,0,Monday,0,1,100,ATO,en,Bank debit card,0
50cfeb0d-bd6e-4139-a3ef-f069589e0aaa,synth_041d462b9f73,gig_worker,tabddpm_synthetic,,['en'],ATO,2024-10-11T09:40:00+00:00,326.7,26.89,39,9,0,Monday,13,1186,14,ATO,en,Bank debit card,0
bf080b34-c7be-438e-9dae-cc025ab2e314,synth_6483a1010c3a,gig_worker,tabddpm_synthetic,,['en'],ATO,2024-03-02T16:50:00+00:00,5.0,0.0,25,16,6,Sunday,90,457,0,ATO,en,Bank debit card,0
81df7a5f-2958-4778-8e43-e0c5d981d2c6,synth_97fbbf4585ef,gig_worker,tabddpm_synthetic,,['en'],ATO,2024-09-21T23:17:00+00:00,5.0,27.19,42,23,6,Sunday,0,1,96,ATO,en,Bank debit card,1
95bef112-57d6-4329-9b82-d44e4d1bb0f2,synth_6b0c7a345336,gig_worker,tabddpm_synthetic,,['en'],ATO,2024-02-03T15:20:00+00:00,103.31,0.0,42,15,2,Wednesday,1,604,4,ATO,en,Bank debit card,0
e886b5e7-a51e-449f-84df-9b0a6d5a7218,synth_848c2b78b42f,gig_worker,tabddpm_synthetic,,['en'],ATO,2024-03-22T08:51:00+00:00,5.0,0.0,27,8,0,Monday,3,1465,12,ATO,en,Bank debit card,0
6b1ee5bf-3f9f-433d-a840-fc7024726df6,synth_7968c558be36,gig_worker,tabddpm_synthetic,,['en'],ATO,2024-12-19T23:39:00+00:00,5.0,0.0,44,23,6,Sunday,0,1,100,ATO,en,Bank debit card,1
34c41970-1a37-445c-8cc7-2e82db563415,synth_8245e8171c37,gig_worker,tabddpm_synthetic,,['en'],ATO,2024-10-13T23:05:00+00:00,5.0,0.0,24,23,6,Sunday,0,1,100,ATO,en,Bank debit card,1
86144320-dee3-4107-b469-e5e275acce41,synth_5c7d5a3759e3,gig_worker,tabddpm_synthetic,,['en'],ATO,2024-03-24T07:08:00+00:00,5.0,12.58,40,7,6,Sunday,15,812,1,ATO,en,Bank debit card,0
77d5a6aa-67a5-43ca-a1a4-e967355762d8,synth_2e621753d0de,gig_worker,tabddpm_synthetic,,['en'],ATO,2024-01-02T15:37:00+00:00,5.0,1.62,32,15,6,Sunday,0,2000,4,ATO,en,Bank debit card,0
50cd4de5-c628-4cbf-87b7-c910c41f68f5,synth_9aa556b8e673,gig_worker,tabddpm_synthetic,,['en'],ATO,2024-02-15T23:28:00+00:00,6000.0,3000.0,45,23,0,Monday,0,1,100,ATO,en,Bank debit card,0
0e0ce71e-0538-4127-ba4c-b633fcc462c2,synth_016f20d4d0fb,gig_worker,tabddpm_synthetic,,['en'],ATO,2024-07-07T00:27:00+00:00,153.47,0.0,45,0,0,Monday,90,1,0,ATO,en,Bank debit card,0
20aeea8f-c5c4-4661-af38-29a8e466c18b,synth_7aaf6508b8c7,gig_worker,tabddpm_synthetic,,['en'],ATO,2024-03-27T12:22:00+00:00,562.03,26.9,38,12,1,Tuesday,37,1,6,ATO,en,Bank debit card,0
cac00c05-f17e-47b1-82d1-be15c5b757e3,synth_67f9c03bff4f,gig_worker,tabddpm_synthetic,,['en'],ATO,2024-08-19T00:21:00+00:00,424.24,0.0,44,0,0,Monday,90,1,0,ATO,en,Bank debit card,0
ce9635e9-a687-493d-b94d-4c24cfab0a56,synth_4eb840752b2a,gig_worker,tabddpm_synthetic,,['en'],ATO,2024-11-27T12:06:00+00:00,5.0,3.52,45,12,6,Sunday,5,721,0,ATO,en,Bank debit card,0
c43c5b53-d4db-40d4-927b-7f40cc55a19b,synth_d5171521be97,gig_worker,tabddpm_synthetic,,['en'],ATO,2024-08-23T23:04:00+00:00,6000.0,3000.0,45,23,0,Monday,90,1655,100,ATO,en,Bank debit card,0
750ae1ea-d865-4151-8097-b44515a3830e,synth_c4814c165a12,gig_worker,tabddpm_synthetic,,['en'],ATO,2024-07-20T18:43:00+00:00,5.0,0.0,26,18,2,Wednesday,43,180,3,ATO,en,Bank debit card,0
78a28446-a532-42cd-9018-689747b1790b,synth_7859c9387c1d,gig_worker,tabddpm_synthetic,,['en'],ATO,2024-12-25T23:05:00+00:00,5.0,3.17,18,23,6,Sunday,4,1,5,ATO,en,Bank debit card,0
a3d08bb0-a2ed-466b-91d7-5953841fe93b,synth_c597f1f960ce,gig_worker,tabddpm_synthetic,,['en'],ATO,2024-03-17T10:35:00+00:00,180.95,1.09,31,10,0,Monday,90,1,4,ATO,en,Bank debit card,0
609c25a6-b6a7-4e31-98db-e325861e2f22,synth_4f656b5bac54,gig_worker,tabddpm_synthetic,,['en'],ATO,2024-07-29T23:40:00+00:00,6000.0,3000.0,45,23,0,Monday,0,2000,100,ATO,en,Bank debit card,0
4eae224f-acfb-4ba2-8641-c6e81c8fdb11,synth_fecd08a0edf6,gig_worker,tabddpm_synthetic,,['en'],ATO,2024-10-27T00:36:00+00:00,415.39,0.0,45,0,0,Monday,90,1,0,ATO,en,Bank debit card,0
58a5f478-ae5c-4c6c-afe3-597269359ee1,synth_712dfcff2ab6,gig_worker,tabddpm_synthetic,,['en'],ATO,2024-02-09T13:50:00+00:00,67.68,18.16,27,13,3,Thursday,9,1555,8,ATO,en,Bank debit card,0
a818c173-c64a-47e8-9896-670f5b978511,synth_4f87f68f15a7,gig_worker,tabddpm_synthetic,,['en'],ATO,2024-08-28T07:13:00+00:00,379.46,21.79,42,7,0,Monday,90,1,4,ATO,en,Bank debit card,0
eb032366-1dc9-4605-958c-c945189f206d,synth_4ac0b17ac98c,gig_worker,tabddpm_synthetic,,['en'],ATO,2024-10-23T23:41:00+00:00,6000.0,3000.0,45,23,0,Monday,23,2000,100,ATO,en,Bank debit card,0
1d57ffd7-8484-4e9e-a9cc-fc4c04f99e08,synth_576d8797b8aa,gig_worker,tabddpm_synthetic,,['en'],ATO,2024-08-27T15:12:00+00:00,169.49,11.44,39,15,0,Monday,68,1,5,ATO,en,Bank debit card,0
2683e3a7-8c7e-4903-a36c-1bb9ce248441,synth_69400ed9d93d,gig_worker,tabddpm_synthetic,,['en'],ATO,2024-09-01T00:38:00+00:00,468.16,0.0,35,0,0,Monday,90,1,0,ATO,en,Bank debit card,0
e82203da-397a-4dc2-a4ea-e1ae51529e49,synth_70ea83151304,gig_worker,tabddpm_synthetic,,['en'],ATO,2024-11-04T16:00:00+00:00,187.62,10.6,45,16,3,Thursday,79,1,7,ATO,en,Bank debit card,0
28068d25-5147-4321-acbc-96fc0f9a7f94,synth_3a3483cb7d33,gig_worker,tabddpm_synthetic,,['en'],ATO,2024-04-04T19:06:00+00:00,818.37,58.92,27,19,2,Wednesday,10,1,9,ATO,en,Bank debit card,0
b15e3e09-4d53-4caa-ab08-ab157576227f,synth_edb1951174f0,gig_worker,tabddpm_synthetic,,['en'],ATO,2024-08-19T17:19:00+00:00,5.0,5.33,42,17,4,Friday,24,400,1,ATO,en,Bank debit card,0
6c0d8502-8b28-40ee-b627-3ad6d070a6ff,synth_ab6d60767cda,gig_worker,tabddpm_synthetic,,['en'],ATO,2024-10-05T03:50:00+00:00,5.0,0.0,45,3,4,Friday,90,1,0,ATO,en,Bank debit card,0
ba0d7963-8af4-4ed7-bcc4-c819171f01e0,synth_e0729cf85f63,gig_worker,tabddpm_synthetic,,['en'],ATO,2024-07-24T23:24:00+00:00,5.0,0.0,45,23,6,Sunday,0,1,100,ATO,en,Bank debit card,1
e4322b3a-46b4-4720-b50d-c5a913000ef5,synth_609571193bb0,gig_worker,tabddpm_synthetic,,['en'],ATO,2024-03-23T12:36:00+00:00,314.7,21.72,45,12,0,Monday,7,1,21,ATO,en,Bank debit card,1
11cbc0d6-b2d1-4d12-a279-a5e85d45f68e,synth_c522a815a27f,gig_worker,tabddpm_synthetic,,['es'],ATO,2024-12-22T09:29:00+00:00,375.67,11.72,41,9,0,Monday,3,936,0,ATO,es,Bank debit card,0
42ec4c28-a826-421a-8bcc-be096eab7037,synth_1982985caf28,gig_worker,tabddpm_synthetic,,['en'],ATO,2024-07-01T03:07:00+00:00,5.0,0.0,45,3,0,Monday,90,1,0,ATO,en,Bank debit card,0
9e80c010-d97d-4ca5-a6bb-846287b9f8a4,synth_7d62a17843d0,gig_worker,tabddpm_synthetic,,['en'],ATO,2024-07-31T09:13:00+00:00,5.0,0.0,45,9,5,Saturday,90,1,0,ATO,en,Bank debit card,0
b59a9565-db7d-4d31-b264-df55c13b1198,synth_8b42e550f697,gig_worker,tabddpm_synthetic,,['en'],ATO,2024-08-27T11:26:00+00:00,240.22,0.0,42,11,2,Wednesday,90,1,1,ATO,en,Bank debit card,0
2c33df41-f31f-4b33-8904-79bfaac6da57,synth_eb7ef4332130,gig_worker,tabddpm_synthetic,,['en'],ATO,2024-12-19T23:26:00+00:00,6000.0,3000.0,45,23,0,Monday,0,2000,100,ATO,en,Bank debit card,0
fbd5aa8a-aec6-4aa8-b123-6e32155f3848,synth_32d9f1368b3b,gig_worker,tabddpm_synthetic,,['en'],ATO,2024-06-02T00:16:00+00:00,894.97,0.0,43,0,0,Monday,90,1,0,ATO,en,Bank debit card,0
522d963d-cf29-4a47-810e-4af01b492f39,synth_4b1e002de208,gig_worker,tabddpm_synthetic,,['en'],ATO,2024-11-27T23:58:00+00:00,207.45,19.15,23,23,4,Friday,59,1,3,ATO,en,Bank debit card,0
5e66a8ca-bc09-42c2-aa82-65e8a3abdf26,synth_a6de734de651,gig_worker,tabddpm_synthetic,,['en'],ATO,2024-02-20T12:08:00+00:00,21.43,3.57,24,12,3,Thursday,4,328,4,ATO,en,Bank debit card,0
2a559c26-e229-4a48-9d9f-38cd5814f09c,synth_f095b0aa87fd,gig_worker,tabddpm_synthetic,,['en'],ATO,2024-12-22T23:16:00+00:00,5.0,12.68,45,23,6,Sunday,0,1,100,ATO,en,Bank debit card,0
98e46371-f440-4a17-804a-70f8f841c2b3,synth_2e6692f77da2,gig_worker,tabddpm_synthetic,,['en'],ATO,2024-01-18T10:09:00+00:00,90.99,10.82,43,10,3,Thursday,43,1,0,ATO,en,Bank debit card,0
f0d714a3-6e9e-49ff-bde2-2c2cf0a11846,synth_b6cc5694373f,gig_worker,tabddpm_synthetic,,['en'],ATO,2024-04-07T14:23:00+00:00,468.64,29.18,31,14,4,Friday,90,1,0,ATO,en,Bank debit card,0
52465152-6a10-4ba2-9d4f-1660f50086d4,synth_9cbaff27fdd1,gig_worker,tabddpm_synthetic,,['en'],ATO,2024-03-01T23:35:00+00:00,6000.0,3000.0,45,23,0,Monday,0,1,100,ATO,en,Bank debit card,0
123cd9c9-6ef8-4da1-93cf-3173533d3160,synth_9b0797c0ba00,gig_worker,tabddpm_synthetic,,['en'],ATO,2024-12-14T11:57:00+00:00,121.77,0.0,45,11,1,Tuesday,90,1,2,ATO,en,Bank debit card,0
ff242b23-53f6-411b-83dd-6df723d34645,synth_f8497b54b79a,gig_worker,tabddpm_synthetic,,['en'],ATO,2024-06-16T15:39:00+00:00,44.83,7.55,45,15,5,Saturday,32,1,0,ATO,en,Bank debit card,0
2ebdce90-d05a-453e-ad99-401207ba2bb1,synth_12a04621f4ca,gig_worker,tabddpm_synthetic,,['en'],ATO,2024-12-11T05:50:00+00:00,49.98,0.0,27,5,4,Friday,1,1509,13,ATO,en,Bank debit card,0
9228bb32-b2c0-46c0-b11d-a8a9ed222835,synth_a8d95c78d758,gig_worker,tabddpm_synthetic,,['en'],ATO,2024-06-12T09:23:00+00:00,342.43,16.73,39,9,6,Sunday,41,809,0,ATO,en,Bank debit card,0
ec3ff842-5aa8-4a39-9593-86d40ec6e1dd,synth_323cd8fd2f0a,gig_worker,tabddpm_synthetic,,['en'],ATO,2024-08-22T23:11:00+00:00,5.0,0.0,30,23,6,Sunday,1,1,28,ATO,en,Bank debit card,0
acd4f7d7-6f73-4426-9ba0-35cfc4b12249,synth_d66e9eb0519f,gig_worker,tabddpm_synthetic,,['en'],CashApp,2024-03-26T18:51:00+00:00,354.54,21.58,42,18,6,Sunday,16,1,17,CashApp,en,Bank debit card,1
5d8625d0-764d-4d3a-a3ce-b9338e6e5762,synth_62f5149a8c15,gig_worker,tabddpm_synthetic,,['en'],ATO,2024-10-26T23:07:00+00:00,6000.0,3000.0,45,23,0,Monday,27,2000,95,ATO,en,Bank debit card,0
11048db2-99e3-4931-8cbd-2e033c5763e9,synth_f04e86079bb1,gig_worker,tabddpm_synthetic,,['en'],ATO,2024-08-04T23:04:00+00:00,1410.54,93.6,18,23,1,Tuesday,90,1,0,ATO,en,Bank debit card,0
9716b600-e57d-4430-8f1b-102a184d3455,synth_fdbb854e976f,gig_worker,tabddpm_synthetic,,['en'],ATO,2024-12-09T23:06:00+00:00,5.0,0.0,39,23,6,Sunday,0,1,100,ATO,en,Bank debit card,0
c99d81bc-28e3-4350-9c81-954d0fa3850b,synth_73c8835b6d02,gig_worker,tabddpm_synthetic,,['en'],ATO,2024-12-21T23:26:00+00:00,6000.0,3000.0,45,23,0,Monday,6,1,100,ATO,en,Bank debit card,1
596f56a5-eabf-423e-bb23-aa84bf256792,synth_a311682f3c5e,gig_worker,tabddpm_synthetic,,['en'],ATO,2024-07-11T14:10:00+00:00,285.44,0.0,45,14,1,Tuesday,90,1,3,ATO,en,Bank debit card,0
98d8708b-72f3-43c8-8377-9313a10faf98,synth_c9c8376b1161,gig_worker,tabddpm_synthetic,,['en'],ATO,2024-02-09T23:28:00+00:00,5.0,0.0,41,23,6,Sunday,0,1,32,ATO,en,Bank debit card,0
fe514200-c714-498c-a6e5-3479deb7e93a,synth_1375e6fa0cc0,gig_worker,tabddpm_synthetic,,['en'],ATO,2024-03-06T23:35:00+00:00,6000.0,3000.0,45,23,0,Monday,0,2000,100,ATO,en,Bank debit card,0
d86be527-17e2-4ce2-ac4d-131bfe9a12df,synth_05b60f2b90b6,gig_worker,tabddpm_synthetic,,['en'],ATO,2024-09-18T23:43:00+00:00,414.21,24.87,45,23,0,Monday,46,1,62,ATO,en,Bank debit card,1
1399b355-5717-48f1-8c4e-9387f6558982,synth_cafc28506ea6,gig_worker,tabddpm_synthetic,,['en'],ATO,2024-07-25T08:54:00+00:00,313.37,13.05,31,8,6,Sunday,21,486,5,ATO,en,Bank debit card,0
94df9f40-7b96-4282-8487-7f5fed65578d,synth_950d2952da47,gig_worker,tabddpm_synthetic,,['en'],ATO,2024-10-29T07:49:00+00:00,217.26,10.15,35,7,1,Tuesday,71,1,8,ATO,en,Bank debit card,0
73ccd42d-eda1-4b93-a22b-ceb832b60f02,synth_c0e260391636,gig_worker,tabddpm_synthetic,,['en'],ATO,2024-11-16T23:52:00+00:00,5.0,0.0,28,23,6,Sunday,0,1,35,ATO,en,Bank debit card,0
f5811182-62c6-4665-9ccd-4d7430ccc967,synth_a2e69c1b6b24,gig_worker,tabddpm_synthetic,,['en'],ATO,2024-11-23T13:24:00+00:00,605.9,14.29,28,13,1,Tuesday,90,459,2,ATO,en,Bank debit card,0
9fbe6911-60eb-4853-84a0-14ed50e8bca9,synth_3250f3e717b2,gig_worker,tabddpm_synthetic,,['en'],ATO,2024-09-13T14:06:00+00:00,75.04,2.37,21,14,0,Monday,15,1096,2,ATO,en,Bank debit card,0
6a855907-e92b-4660-9ef7-f4809f21b890,synth_56e3e194f846,gig_worker,tabddpm_synthetic,,['en'],ATO,2024-01-01T10:18:00+00:00,199.14,13.51,42,10,5,Saturday,2,1187,3,ATO,en,Bank debit card,0
b2b96141-4c3a-4dff-8b3c-5b432d475628,synth_d07b22a999e9,gig_worker,tabddpm_synthetic,,['en'],ATO,2024-03-05T11:03:00+00:00,32.31,9.89,44,11,2,Wednesday,36,1,5,ATO,en,Bank debit card,0
4337cff7-8ee3-49e4-bc2c-a04423b9f2a9,synth_cb638e6e5612,gig_worker,tabddpm_synthetic,,['en'],ATO,2024-11-13T23:08:00+00:00,6000.0,3000.0,45,23,0,Monday,90,1,100,ATO,en,Bank debit card,0
d7982e5f-8f89-41d6-9706-613c577b0f8d,synth_9dfe041eaf40,gig_worker,tabddpm_synthetic,,['en'],ATO,2024-12-10T18:23:00+00:00,5.0,0.0,35,18,1,Tuesday,45,363,5,ATO,en,Bank debit card,0
1c50a3e1-55f6-42ad-8053-43e4cba42ff8,synth_397f173e2e4f,gig_worker,tabddpm_synthetic,,['en'],ATO,2024-12-15T23:28:00+00:00,5.0,0.0,43,23,6,Sunday,1,76,31,ATO,en,Bank debit card,0
84229f00-0ecd-4420-ace6-3c71a616a283,synth_85c99a612af2,gig_worker,tabddpm_synthetic,,['en'],ATO,2024-03-16T20:28:00+00:00,617.13,36.56,45,20,0,Monday,0,1,53,ATO,en,Bank debit card,1
17855d45-0a4a-468c-a306-b59923ea2aac,synth_8e0a5ce60c83,gig_worker,tabddpm_synthetic,,['en'],ATO,2024-12-04T09:01:00+00:00,33.56,2.12,45,9,0,Monday,4,622,9,ATO,en,Bank debit card,0
680d5c24-e4c7-4881-8e70-39cb424e4f68,synth_8aecb773eba9,gig_worker,tabddpm_synthetic,,['en'],ATO,2024-05-25T10:44:00+00:00,91.02,4.89,41,10,5,Saturday,5,2000,4,ATO,en,Bank debit card,0
da3e0bd4-68fc-43ad-a5bb-416d11a2f5de,synth_bdb55772e880,gig_worker,tabddpm_synthetic,,['en'],ATO,2024-06-07T23:14:00+00:00,497.37,28.54,25,23,6,Sunday,52,1,0,ATO,en,Bank debit card,0
dbfc78e1-6667-4834-8f74-c8a38d260daf,synth_56a0e3cd278f,gig_worker,tabddpm_synthetic,,['en'],ATO,2024-09-18T23:08:00+00:00,6000.0,3000.0,45,23,0,Monday,0,1,100,ATO,en,Bank debit card,0
79568c00-0413-49fc-a8f0-e3e50e027918,synth_d1492978eca8,gig_worker,tabddpm_synthetic,,['en'],ATO,2024-04-22T11:06:00+00:00,484.43,31.3,45,11,0,Monday,2,276,10,ATO,en,Bank debit card,0
24a32049-9ec1-4239-aebc-47fa8ebd5e7e,synth_cf54a6481ad1,gig_worker,tabddpm_synthetic,,['en'],ATO,2024-04-09T13:12:00+00:00,5.0,0.0,42,13,1,Tuesday,90,409,3,ATO,en,Bank debit card,0
37bbffcd-33cc-4bad-82db-03919f33d156,synth_69c861f09ba1,gig_worker,tabddpm_synthetic,,['en'],CashApp,2024-11-11T19:03:00+00:00,326.61,7.34,43,19,1,Tuesday,5,1067,11,CashApp,en,Bank debit card,0
fbf34aed-1c15-457f-9ba2-46d8137a4733,synth_c2d0e5bdcda7,gig_worker,tabddpm_synthetic,,['en'],ATO,2024-07-04T08:10:00+00:00,325.24,9.2,40,8,3,Thursday,80,1,4,ATO,en,Bank debit card,0
03e94fc5-3bcb-4733-8dde-3efa860fa29c,synth_1851fc70b43c,gig_worker,tabddpm_synthetic,,['en'],ATO,2024-03-26T09:58:00+00:00,208.33,20.04,21,9,0,Monday,0,1219,6,ATO,en,Bank debit card,0
9e0d3ce3-ae0e-4ed6-8f32-b3c02f2c4fca,synth_7cba10c53082,gig_worker,tabddpm_synthetic,,['en'],ATO,2024-09-02T23:03:00+00:00,5.0,0.0,45,23,6,Sunday,0,1,100,ATO,en,Bank debit card,1
a5778bd0-26d3-4a0a-9c00-d58a8401c2c7,synth_b490de0c5bf9,gig_worker,tabddpm_synthetic,,['en'],ATO,2024-05-23T18:47:00+00:00,507.81,51.56,45,18,0,Monday,5,1,53,ATO,en,Bank debit card,1
21a77def-4a10-42ad-b2dc-0919ba482d6c,synth_c375a1acea7f,gig_worker,tabddpm_synthetic,,['en'],ATO,2024-07-07T23:34:00+00:00,6000.0,3000.0,45,23,0,Monday,0,2000,100,ATO,en,Bank debit card,0
a7893c5c-0079-43c2-9533-4e2242c76a68,synth_b0065024e980,gig_worker,tabddpm_synthetic,,['en'],ATO,2024-10-25T23:47:00+00:00,6000.0,197.94,45,23,0,Monday,3,1,85,ATO,en,Bank debit card,1
7ecef5c2-9fe5-4cbb-9986-ec98c2cb69b7,synth_5d78fc5679cf,gig_worker,tabddpm_synthetic,,['en'],ATO,2024-04-05T04:50:00+00:00,5.0,8.58,45,4,0,Monday,0,2000,21,ATO,en,Bank debit card,1
2d2e106c-f676-4ad3-adce-a20fb0263a72,synth_aef0ae4256bf,gig_worker,tabddpm_synthetic,,['en'],ATO,2024-11-05T22:25:00+00:00,5.0,0.0,33,22,0,Monday,39,2000,6,ATO,en,Bank debit card,0
1b253541-f068-40ed-9af5-d74ba8f39437,synth_068361ac0ae0,gig_worker,tabddpm_synthetic,,['en'],ATO,2024-09-22T19:37:00+00:00,195.41,9.32,36,19,6,Sunday,45,1,2,ATO,en,Bank debit card,0
c8d156a3-299c-4407-9cee-993f92fe8fbe,synth_98993316ccdb,gig_worker,tabddpm_synthetic,,['en'],ATO,2024-03-27T23:32:00+00:00,6000.0,3000.0,45,23,0,Monday,88,2000,100,ATO,en,Bank debit card,0
5566ed64-11c3-46d2-b0a9-67d5569ee806,synth_e90c9e3b8eb3,gig_worker,tabddpm_synthetic,,['en'],ATO,2024-06-16T12:49:00+00:00,5.0,9.81,32,12,6,Sunday,28,353,3,ATO,en,Bank debit card,0
c5b0d2a0-d8f3-40e0-b424-c03aa641455a,synth_398c2828d9da,gig_worker,tabddpm_synthetic,,['en'],ATO,2024-12-26T00:04:00+00:00,291.63,0.0,45,0,0,Monday,90,1,0,ATO,en,Bank debit card,0
e88cd9f2-4134-4ec5-9d19-eb36ce48f071,synth_39d2e6355570,gig_worker,tabddpm_synthetic,,['en'],ATO,2024-02-22T00:59:00+00:00,697.4,0.0,45,0,0,Monday,90,1,0,ATO,en,Bank debit card,0
1bc98722-003f-4866-bfa8-fd4f1a30478c,synth_15e750a9698b,gig_worker,tabddpm_synthetic,,['en'],CashApp,2024-09-15T23:29:00+00:00,6000.0,384.13,45,23,1,Tuesday,0,1490,21,CashApp,en,Bank debit card,0
db001c7f-7ca7-4312-8caa-faa04da541f2,synth_38d673d98622,gig_worker,tabddpm_synthetic,,['en'],ATO,2024-01-05T23:16:00+00:00,6000.0,3000.0,45,23,0,Monday,90,1,100,ATO,en,Bank debit card,0
3e80ce4c-b092-42b0-bdb4-90b03fcab110,synth_fa6be2681733,gig_worker,tabddpm_synthetic,,['en'],ATO,2024-02-10T09:39:00+00:00,498.74,43.02,23,9,0,Monday,6,1383,15,ATO,en,Bank debit card,0
8bcc65c7-84eb-46f7-ac5d-609a35a55114,synth_c6485508f6b8,gig_worker,tabddpm_synthetic,,['en'],ATO,2024-05-29T03:23:00+00:00,192.94,0.0,39,3,0,Monday,90,1,0,ATO,en,Bank debit card,0
d1b53152-05b6-480b-805e-a5da32ccef3d,synth_dde326f265af,gig_worker,tabddpm_synthetic,,['en'],ATO,2024-11-02T08:16:00+00:00,260.39,0.0,31,8,0,Monday,90,1,0,ATO,en,Bank debit card,0
3988dcb8-08ac-4d13-a252-4bad49cdc14a,synth_0b6e8104a399,gig_worker,tabddpm_synthetic,,['en'],ATO,2024-02-16T23:02:00+00:00,6000.0,3000.0,45,23,0,Monday,9,2000,100,ATO,en,Bank debit card,0
1d644253-b7c7-4f15-ab68-2fb9868d5d01,synth_c8c047f19579,gig_worker,tabddpm_synthetic,,['en'],ATO,2024-03-27T00:39:00+00:00,455.35,0.0,44,0,0,Monday,90,1,0,ATO,en,Bank debit card,0
8e2d6e8e-09e8-4437-bd15-b05977940653,synth_a25f1993cba9,gig_worker,tabddpm_synthetic,,['en'],ATO,2024-11-01T15:34:00+00:00,180.52,9.22,29,15,1,Tuesday,54,248,5,ATO,en,Bank debit card,0
2ef54453-bf56-4ee6-8418-4c10bb8b0ef6,synth_b6e068f1cb08,gig_worker,tabddpm_synthetic,,['en'],ATO,2024-11-04T12:53:00+00:00,122.77,1.38,45,12,2,Wednesday,8,1368,0,ATO,en,Bank debit card,0
15a7bc60-a67c-4cd8-ac6b-64ba07c058a2,synth_ddf95649dca5,gig_worker,tabddpm_synthetic,,['en'],ATO,2024-07-12T23:15:00+00:00,6000.0,3000.0,45,23,0,Monday,0,2000,100,ATO,en,Bank debit card,0
45338935-ba28-4b28-90f5-aac2079383eb,synth_3f3a19ac973e,gig_worker,tabddpm_synthetic,,['en'],ATO,2024-09-23T23:09:00+00:00,2204.2,90.31,22,23,6,Sunday,77,1,33,ATO,en,Bank debit card,1
74a76a57-e9ee-4906-96c0-a14cb51e7215,synth_25d684f01f44,gig_worker,tabddpm_synthetic,,['en'],ATO,2024-10-08T04:32:00+00:00,14.47,11.73,26,4,3,Thursday,6,1503,6,ATO,en,Bank debit card,0
459ff4fe-18f7-4aa4-a5d9-b51ceb8d2e98,synth_2398b9a81570,gig_worker,tabddpm_synthetic,,['en'],ATO,2024-02-14T23:05:00+00:00,5.0,0.0,45,23,5,Saturday,30,649,16,ATO,en,Bank debit card,0
6274ae13-0844-403f-95d3-fcbaf9e1908d,synth_8b29b634049c,gig_worker,tabddpm_synthetic,,['en'],ATO,2024-08-31T23:30:00+00:00,6000.0,1032.2,45,23,0,Monday,47,1,24,ATO,en,Bank debit card,0
11be5c7b-df92-470b-8f9d-f48c7ae7006c,synth_c0c5d5c603a8,gig_worker,tabddpm_synthetic,,['en'],ATO,2024-04-18T00:04:00+00:00,987.06,0.0,31,0,0,Monday,90,1,0,ATO,en,Bank debit card,0
935f4837-3cf8-4614-bbda-1116461b26de,synth_437b8d6fc4aa,gig_worker,tabddpm_synthetic,,['en'],ATO,2024-11-16T23:03:00+00:00,6000.0,3000.0,45,23,0,Monday,90,1,100,ATO,en,Bank debit card,0
2970f8ec-6f87-42d1-9e5c-c8598bdec173,synth_cc007dbbed92,gig_worker,tabddpm_synthetic,,['en'],ATO,2024-11-20T23:17:00+00:00,243.31,0.0,30,23,2,Wednesday,90,1,2,ATO,en,Bank debit card,0
b7e86487-9e71-4e99-8bd3-69bffa38ef21,synth_3410751c63b5,gig_worker,tabddpm_synthetic,,['en'],ATO,2024-02-28T23:01:00+00:00,6000.0,3000.0,45,23,0,Monday,0,1,100,ATO,en,Bank debit card,0
d9870a4c-6224-46c3-bcbf-bebbc43385ca,synth_ab8094f907b3,gig_worker,tabddpm_synthetic,,['en'],ATO,2024-03-05T23:19:00+00:00,5.0,14.99,29,23,6,Sunday,1,2000,13,ATO,en,Bank debit card,0
0609b080-ab60-4759-9fd2-f1d0c258b014,synth_5db5f8448533,gig_worker,tabddpm_synthetic,,['en'],ATO,2024-01-26T23:58:00+00:00,5.0,0.46,35,23,6,Sunday,8,1321,10,ATO,en,Bank debit card,0
6d66c7b4-ade6-472c-8691-dc5b383e62a5,synth_c14c8593f984,gig_worker,tabddpm_synthetic,,['en'],ATO,2024-01-31T22:36:00+00:00,5.0,17.16,40,22,0,Monday,31,1689,6,ATO,en,Bank debit card,0
91f62c39-617f-4c86-80a0-98e9fd95213c,synth_21c2b9da2e82,gig_worker,tabddpm_synthetic,,['en'],ATO,2024-11-28T23:50:00+00:00,6000.0,1768.34,45,23,0,Monday,0,1,100,ATO,en,Bank debit card,1
0d430d27-47c1-4e7d-8332-67cc987b61d3,synth_1b68ccb9db93,gig_worker,tabddpm_synthetic,,['en'],ATO,2024-11-30T23:47:00+00:00,5.0,0.0,45,23,4,Friday,3,1,57,ATO,en,Bank debit card,1
862ca41f-a559-4793-b79d-30f2d8a039bd,synth_0ffd17943471,gig_worker,tabddpm_synthetic,,['en'],ATO,2024-04-28T23:19:00+00:00,6000.0,673.31,45,23,0,Monday,0,1,100,ATO,en,Bank debit card,1
210d859c-3c0d-40ab-9d7f-97b5c42ca33f,synth_9500ac9d40e0,gig_worker,tabddpm_synthetic,,['en'],ATO,2024-03-16T04:08:00+00:00,364.5,7.6,22,4,0,Monday,90,1,0,ATO,en,Bank debit card,0
46580e02-d10a-4007-8285-38c1ec638eec,synth_f58e22cb517c,gig_worker,tabddpm_synthetic,,['en'],ATO,2024-01-14T10:28:00+00:00,5.0,11.27,18,10,1,Tuesday,0,995,16,ATO,en,Bank debit card,0
caa808d9-708f-448a-88a7-eaecacb52e8e,synth_8ff9a77de075,gig_worker,tabddpm_synthetic,,['en'],ATO,2024-06-13T15:27:00+00:00,26.2,5.21,41,15,6,Sunday,6,1725,0,ATO,en,Bank debit card,0
739017bf-8f05-411a-9fd8-ebaba297368f,synth_311e6573fe2e,gig_worker,tabddpm_synthetic,,['en'],CashApp,2024-12-19T07:47:00+00:00,224.83,23.15,44,7,0,Monday,10,1357,9,CashApp,en,Bank debit card,0
3cdf9c33-eba7-4b18-9606-246d8acd0560,synth_a71de4152e55,gig_worker,tabddpm_synthetic,,['en'],ATO,2024-07-21T09:38:00+00:00,5.0,0.0,45,9,0,Monday,90,1,0,ATO,en,Bank debit card,0
02ca55b7-5857-4950-8af9-d9fe7702e424,synth_d13de572a898,gig_worker,tabddpm_synthetic,,['en'],ATO,2024-02-03T11:31:00+00:00,49.67,1.02,42,11,3,Thursday,4,1155,3,ATO,en,Bank debit card,0
072821e3-4b7d-4f15-b3d7-b421cb6dc055,synth_aa082f8c324e,gig_worker,tabddpm_synthetic,,['en'],ATO,2024-09-03T13:56:00+00:00,88.44,0.91,20,13,0,Monday,9,901,1,ATO,en,Bank debit card,0
39182d1b-e75b-432b-b17b-add1701bd65e,synth_d8a4bac90a93,gig_worker,tabddpm_synthetic,,['en'],ATO,2024-02-12T12:45:00+00:00,51.06,0.0,42,12,5,Saturday,5,1336,1,ATO,en,Bank debit card,0
0a5722d2-629c-46d8-8c89-f40ff7a0c7d0,synth_95316cf9e163,gig_worker,tabddpm_synthetic,,['en'],ATO,2024-05-27T00:00:00+00:00,451.5,0.0,33,0,0,Monday,90,1,0,ATO,en,Bank debit card,0
56041e56-241b-454b-b804-e6451cd13966,synth_22242ad12470,gig_worker,tabddpm_synthetic,,['en'],ATO,2024-05-15T17:57:00+00:00,231.11,27.07,34,17,5,Saturday,14,1573,10,ATO,en,Bank debit card,0
45ca82f7-383c-4ed2-9e1a-5d77eb435291,synth_00d5702d7f7a,gig_worker,tabddpm_synthetic,,['en'],ATO,2024-02-02T00:07:00+00:00,1368.94,17.11,34,0,0,Monday,90,1,0,ATO,en,Bank debit card,0
b3a97ef4-b609-41ea-b5e6-1f9d25d98759,synth_f76abb0a1210,gig_worker,tabddpm_synthetic,,['en'],ATO,2024-05-04T13:33:00+00:00,40.5,4.1,45,13,6,Sunday,14,119,0,ATO,en,Bank debit card,0
3c8657e0-f160-42f6-bc81-b8467e44317d,synth_a2ae816ed8b3,gig_worker,tabddpm_synthetic,,['en'],ATO,2024-06-29T23:26:00+00:00,3654.31,121.78,45,23,0,Monday,10,1,68,ATO,en,Bank debit card,1
37780865-514a-4005-aac7-90561dd711d4,synth_c6cc877b4968,gig_worker,tabddpm_synthetic,,['en'],ATO,2024-02-02T23:48:00+00:00,6000.0,3000.0,45,23,0,Monday,9,2000,100,ATO,en,Bank debit card,0
db66ec41-7da0-4c4c-aee4-5635fd2892b9,synth_6bab392ceaf4,gig_worker,tabddpm_synthetic,,['en'],ATO,2024-03-02T10:07:00+00:00,272.82,0.54,45,10,1,Tuesday,90,1,0,ATO,en,Bank debit card,0
b95362ff-832a-4385-837f-c11a1ddd000c,synth_720615e6ccdc,gig_worker,tabddpm_synthetic,,['en'],ATO,2024-01-26T16:58:00+00:00,5.0,0.0,40,16,4,Friday,77,1,0,ATO,en,Bank debit card,0
30ca6e94-fd4d-444a-9e25-5aac0c16a4be,synth_b7d6b65e0ffa,gig_worker,tabddpm_synthetic,,['en'],ATO,2024-11-19T10:25:00+00:00,5.0,0.0,45,10,5,Saturday,2,1860,6,ATO,en,Bank debit card,0
e3345e7d-ed12-4fe0-94ac-ed09c3963663,synth_3b57ff7bc1ae,gig_worker,tabddpm_synthetic,,['en'],ATO,2024-12-10T05:45:00+00:00,88.14,3.42,25,5,1,Tuesday,11,1074,4,ATO,en,Bank debit card,0
314193f3-a82a-4fd1-8d29-6a90a2be9bb9,synth_48bb29483f1f,gig_worker,tabddpm_synthetic,,['en'],ATO,2024-10-20T23:59:00+00:00,6000.0,3000.0,45,23,0,Monday,90,1,100,ATO,en,Bank debit card,0
8cceb493-4701-4295-be0f-a64f93c30fc5,synth_44c129bd1caa,gig_worker,tabddpm_synthetic,,['en'],ATO,2024-04-11T06:17:00+00:00,5.0,0.0,45,6,1,Tuesday,90,1,0,ATO,en,Bank debit card,0
eb33cf88-47a8-40c8-ab13-a63c268beba2,synth_aef5fa2705ea,gig_worker,tabddpm_synthetic,,['en'],ATO,2024-01-18T17:42:00+00:00,66.53,9.42,33,17,4,Friday,39,165,4,ATO,en,Bank debit card,0
4111cb07-94ca-40f5-924f-160a51821219,synth_cc62cb04dbe2,gig_worker,tabddpm_synthetic,,['en'],ATO,2024-10-09T11:15:00+00:00,255.73,12.49,30,11,0,Monday,10,1753,4,ATO,en,Bank debit card,0
4bea7f2c-d292-4eef-828c-4e585773fefd,synth_c91f7d2396bb,gig_worker,tabddpm_synthetic,,['en'],ATO,2024-04-01T23:57:00+00:00,5.0,0.0,45,23,4,Friday,90,1076,0,ATO,en,Bank debit card,0
de5e2a4f-cfd7-4651-867f-07e9cf962a37,synth_c80f9d09134e,gig_worker,tabddpm_synthetic,,['en'],CashApp,2024-11-16T12:45:00+00:00,6.21,0.0,33,12,3,Thursday,13,1942,6,CashApp,en,Bank debit card,0
da34d5c5-92c0-4804-a94f-3e82c380b75e,synth_7bcaab149bf1,gig_worker,tabddpm_synthetic,,['en'],ATO,2024-11-04T23:03:00+00:00,6000.0,3000.0,45,23,0,Monday,74,1,100,ATO,en,Bank debit card,0
817f4d6d-a5e9-49cd-be1b-0298d42793f9,synth_0568b05bb3ba,gig_worker,tabddpm_synthetic,,['en'],ATO,2024-12-07T10:36:00+00:00,320.61,0.0,34,10,0,Monday,90,1,0,ATO,en,Bank debit card,0
a2246a08-4303-41e9-a184-c943cc70c953,synth_f077e0c1d9f7,gig_worker,tabddpm_synthetic,,['en'],ATO,2024-04-25T03:59:00+00:00,824.13,22.01,45,3,0,Monday,90,1,0,ATO,en,Bank debit card,0
31fc8f68-3fd4-46d4-b72f-464962abd765,synth_ac1b4841e935,gig_worker,tabddpm_synthetic,,['en'],ATO,2024-09-06T10:54:00+00:00,5.0,0.85,24,10,3,Thursday,8,956,5,ATO,en,Bank debit card,0
30f76d8f-3930-4f10-826d-5ac22dcde13a,synth_40b1af51c9b7,gig_worker,tabddpm_synthetic,,['en'],ATO,2024-03-30T10:34:00+00:00,165.42,5.27,38,10,0,Monday,34,1,4,ATO,en,Bank debit card,0
a9277641-5f8a-4f27-bf08-2b89d6e05a9c,synth_2b7afd079c16,gig_worker,tabddpm_synthetic,,['en'],ATO,2024-04-25T14:26:00+00:00,5.0,0.0,45,14,6,Sunday,57,1,0,ATO,en,Bank debit card,0
9c2c5995-df1a-4080-978e-c26bad4486d4,synth_9df3445cad6c,gig_worker,tabddpm_synthetic,,['en'],ATO,2024-05-23T23:33:00+00:00,6000.0,3000.0,45,23,0,Monday,90,1,100,ATO,en,Bank debit card,0
3390cf48-1e71-42cb-8475-f6bae3c1b22d,synth_7da6a75b1ebe,gig_worker,tabddpm_synthetic,,['en'],ATO,2024-08-25T11:01:00+00:00,27.45,3.64,40,11,3,Thursday,4,1095,10,ATO,en,Bank debit card,0
259e68ae-e205-462b-aa02-03d31217c63a,synth_388bf5cce2f7,gig_worker,tabddpm_synthetic,,['en'],ATO,2024-08-26T20:39:00+00:00,945.14,30.33,18,20,0,Monday,36,1,1,ATO,en,Bank debit card,0
aa548d0f-d980-4441-8aae-0564b29e4344,synth_e667a68eee59,gig_worker,tabddpm_synthetic,,['en'],ATO,2024-06-30T23:34:00+00:00,35.24,1.38,45,23,2,Wednesday,63,1,9,ATO,en,Bank debit card,0
54f7d2e6-13a9-49a4-983f-37f19521695e,synth_12253131fc64,gig_worker,tabddpm_synthetic,,['en'],ATO,2024-07-12T23:29:00+00:00,6000.0,3000.0,45,23,0,Monday,0,2000,100,ATO,en,Bank debit card,0
a9bd5e98-9dde-4662-b162-61fd92675081,synth_248fe5ea8760,gig_worker,tabddpm_synthetic,,['en'],ATO,2024-08-02T11:52:00+00:00,5.0,0.0,45,11,3,Thursday,90,1,0,ATO,en,Bank debit card,0
92391d5f-ff29-463a-9315-3bec0bf0f8a0,synth_92b98369fe7b,gig_worker,tabddpm_synthetic,,['en'],ATO,2024-11-30T23:49:00+00:00,5491.81,183.83,45,23,0,Monday,9,1,94,ATO,en,Bank debit card,1
95f34d84-df34-4746-a0db-8f56748f9840,synth_bcf9a281c1d4,gig_worker,tabddpm_synthetic,,['en'],ATO,2024-08-05T22:03:00+00:00,295.01,1.2,45,22,1,Tuesday,90,1,0,ATO,en,Bank debit card,0
826938a7-5ee0-4926-99b1-53f7dc7d4b32,synth_9485d331516c,gig_worker,tabddpm_synthetic,,['en'],ATO,2024-02-01T00:31:00+00:00,522.47,0.0,45,0,0,Monday,90,1,0,ATO,en,Bank debit card,0
b32ad34b-79a9-4c04-a3f7-96fe61510d20,synth_c762b7cc0e0c,gig_worker,tabddpm_synthetic,,['en'],ATO,2024-08-30T05:22:00+00:00,2875.67,156.6,45,5,0,Monday,1,1,10,ATO,en,Bank debit card,0
bd57b89b-118b-4f4a-89f7-6027d36dfaf5,synth_50debe6c5d28,gig_worker,tabddpm_synthetic,,['en'],ATO,2024-03-09T23:23:00+00:00,5.0,0.0,45,23,6,Sunday,0,1,100,ATO,en,Bank debit card,1
73c92e59-7dfe-4862-9b0c-3160fad767b8,synth_ba5fc670eb77,gig_worker,tabddpm_synthetic,,['en'],ATO,2024-02-11T04:16:00+00:00,321.81,9.71,32,4,0,Monday,90,1,0,ATO,en,Bank debit card,0
67e9c1ae-f420-4967-964c-c6a212caa84a,synth_e0ee9082a19b,gig_worker,tabddpm_synthetic,,['en'],ATO,2024-03-08T07:51:00+00:00,306.94,6.46,36,7,0,Monday,90,1,0,ATO,en,Bank debit card,0
c26e9fde-46db-467f-b491-c74ad7aacfd9,synth_a672a0f0d65a,gig_worker,tabddpm_synthetic,,['en'],ATO,2024-05-18T01:27:00+00:00,68.62,0.0,45,1,0,Monday,90,1,0,ATO,en,Bank debit card,0
1de59823-2268-441f-bdf6-427fdf52aa1f,synth_d37a9f3a4a99,gig_worker,tabddpm_synthetic,,['en'],ATO,2024-07-28T23:41:00+00:00,6000.0,3000.0,45,23,0,Monday,0,1,100,ATO,en,Bank debit card,0
3efe106e-c24d-494d-b51e-744cac9f4384,synth_2612ff15402f,gig_worker,tabddpm_synthetic,,['en'],ATO,2024-06-18T23:02:00+00:00,6000.0,3000.0,45,23,0,Monday,90,2000,100,ATO,en,Bank debit card,0
14598ff6-f50e-4464-9cee-f2138b53a24d,synth_4b628b045335,gig_worker,tabddpm_synthetic,,['en'],ATO,2024-11-08T11:04:00+00:00,338.44,16.16,42,11,1,Tuesday,90,1,3,ATO,en,Bank debit card,0
e257a722-4771-4caa-b921-2f48c8965047,synth_0552721cfb85,gig_worker,tabddpm_synthetic,,['en'],ATO,2024-09-08T09:30:00+00:00,111.44,2.14,45,9,0,Monday,90,1,0,ATO,en,Bank debit card,0
a45a9cfd-b435-4e75-bbb4-f136fc03c053,synth_211a528dc836,gig_worker,tabddpm_synthetic,,['en'],ATO,2024-10-14T06:27:00+00:00,55.31,0.0,32,6,5,Saturday,2,712,9,ATO,en,Bank debit card,0
197e08da-2c35-45dd-9593-ded93fa75ad7,synth_eb5d7efc4e74,gig_worker,tabddpm_synthetic,,['en'],CashApp,2024-09-04T11:00:00+00:00,5.0,3.1,42,11,2,Wednesday,26,7,4,CashApp,en,Bank debit card,0
bea417ab-aa61-4662-9904-67c0fa2e5f83,synth_bae027314a15,gig_worker,tabddpm_synthetic,,['en'],ATO,2024-02-24T14:46:00+00:00,40.55,7.09,38,14,4,Friday,9,1,4,ATO,en,Bank debit card,0
4323ef33-9bc4-4e00-b582-249853b1641e,synth_7c059738ed5f,gig_worker,tabddpm_synthetic,,['en'],ATO,2024-10-28T16:05:00+00:00,65.1,6.86,38,16,5,Saturday,22,1,5,ATO,en,Bank debit card,0
e4cab702-e42f-4807-94b2-c8ed83f73cdc,synth_9a28b39e85c6,gig_worker,tabddpm_synthetic,,['en'],ATO,2024-11-03T06:41:00+00:00,173.08,9.12,26,6,0,Monday,25,1280,10,ATO,en,Bank debit card,0
941a2a19-5e33-4ba2-bd7d-a9d170025b3f,synth_3c8bfecf46eb,gig_worker,tabddpm_synthetic,,['en'],ATO,2024-10-20T02:08:00+00:00,5.0,0.0,45,2,0,Monday,90,1,12,ATO,en,Bank debit card,1
5dfd859f-7b74-4fe7-aab3-c7d473862d7d,synth_8e9c04377248,gig_worker,tabddpm_synthetic,,['en'],ATO,2024-02-10T23:34:00+00:00,307.24,9.48,28,23,6,Sunday,4,1,6,ATO,en,Bank debit card,0
542624bc-75db-4024-88b2-4c40599dbb89,synth_556b33e38e52,gig_worker,tabddpm_synthetic,,['en'],ATO,2024-09-07T10:02:00+00:00,5.0,4.55,18,10,0,Monday,1,765,5,ATO,en,Bank debit card,0
9d35fe0d-c990-43f3-9ffd-b324d47d5ce9,synth_1313cd7cdb8a,gig_worker,tabddpm_synthetic,,['en'],ATO,2024-02-29T14:53:00+00:00,5.0,0.0,41,14,0,Monday,90,1,1,ATO,en,Bank debit card,0
c5765fde-78fd-493c-a75c-c8588616b961,synth_2fef3913d4ad,gig_worker,tabddpm_synthetic,,['en'],ATO,2024-06-17T11:45:00+00:00,323.19,0.0,32,11,3,Thursday,90,1,0,ATO,en,Bank debit card,0
119e04d8-d2c0-4dba-a613-35be4aff51f8,synth_6bd1734412bd,gig_worker,tabddpm_synthetic,,['en'],ATO,2024-09-01T13:53:00+00:00,5.0,5.25,32,13,6,Sunday,9,2000,4,ATO,en,Bank debit card,0
fb2347ec-8f12-4747-a8b9-7f2b14832461,synth_66efc8983f7b,gig_worker,tabddpm_synthetic,,['en'],ATO,2024-06-29T00:58:00+00:00,401.5,0.0,45,0,0,Monday,90,1,0,ATO,en,Bank debit card,0
4ef28256-f63e-4ef0-bf25-c09463af3a14,synth_dca342d1e8b5,gig_worker,tabddpm_synthetic,,['en'],CashApp,2024-11-26T05:16:00+00:00,5.0,8.0,18,5,3,Thursday,6,433,6,CashApp,en,Bank debit card,0
027887d1-b17e-436f-915d-4098f9deb05c,synth_9d52e73515b0,gig_worker,tabddpm_synthetic,,['en'],ATO,2024-07-18T08:42:00+00:00,5.0,1.69,45,8,0,Monday,0,2000,9,ATO,en,Bank debit card,0
21f27416-26a0-4a24-bc31-00c7b34f34dd,synth_0ae960593991,gig_worker,tabddpm_synthetic,,['en'],ATO,2024-03-26T12:36:00+00:00,5.0,0.08,36,12,4,Friday,0,1224,7,ATO,en,Bank debit card,0
b22b076c-a06c-422a-a7e5-106d58ca81c6,synth_b3f834551a5d,gig_worker,tabddpm_synthetic,,['en'],ATO,2024-04-16T08:59:00+00:00,371.02,0.0,28,8,0,Monday,90,1,1,ATO,en,Bank debit card,0
83baca0b-0072-486f-9fda-620b8fbb1d6c,synth_a3857f0b2e23,gig_worker,tabddpm_synthetic,,['en'],ATO,2024-02-29T23:24:00+00:00,5.0,0.0,45,23,6,Sunday,0,1,100,ATO,en,Bank debit card,1
2031ef09-2bf4-46f0-829d-c9e5c0e5f80e,synth_7768e195e9f5,gig_worker,tabddpm_synthetic,,['en'],ATO,2024-08-18T23:52:00+00:00,5.0,0.0,45,23,3,Thursday,40,2000,2,ATO,en,Bank debit card,0
7c2012c2-c8d8-4bac-8a54-0f7232ad4e8a,synth_92704dfe2505,gig_worker,tabddpm_synthetic,,['en'],ATO,2024-12-14T03:45:00+00:00,228.13,14.9,27,3,0,Monday,4,1406,16,ATO,en,Bank debit card,0
8dfc638f-a4c7-4e34-b04b-321baf86d5db,synth_3a890287949e,gig_worker,tabddpm_synthetic,,['en'],ATO,2024-09-28T13:16:00+00:00,185.45,0.0,44,13,0,Monday,90,1,5,ATO,en,Bank debit card,0
c6a939a8-90c2-4d9d-b288-c456fc5bd880,synth_333434582dd1,gig_worker,tabddpm_synthetic,,['en'],ATO,2024-06-11T23:47:00+00:00,175.98,22.88,45,23,6,Sunday,0,1,65,ATO,en,Bank debit card,1
c86de4d6-8293-4f6f-b731-c57f1e8252e2,synth_dd3fbacc873a,gig_worker,tabddpm_synthetic,,['en'],ATO,2024-04-04T09:22:00+00:00,173.19,0.0,23,9,6,Sunday,2,744,8,ATO,en,Bank debit card,0
0bd0ec96-7f81-44be-928c-0e83087649aa,synth_349bc3214b43,gig_worker,tabddpm_synthetic,,['en'],ATO,2024-09-14T23:07:00+00:00,6000.0,3000.0,45,23,0,Monday,0,2000,100,ATO,en,Bank debit card,0
069aab97-7d5c-41b7-9120-91e6c8904888,synth_4154dc9d4903,gig_worker,tabddpm_synthetic,,['en'],ATO,2024-01-10T23:50:00+00:00,6000.0,3000.0,45,23,0,Monday,90,2000,100,ATO,en,Bank debit card,0
e61ad87a-6cdb-4abf-a919-008df42a7d11,synth_e5a612d7641b,gig_worker,tabddpm_synthetic,,['en'],ATO,2024-12-06T12:52:00+00:00,226.0,9.14,21,12,3,Thursday,90,1,5,ATO,en,Bank debit card,0
df64b971-b0e1-4d0a-90f8-38b588f8b6dd,synth_9b28f9dc230d,gig_worker,tabddpm_synthetic,,['en'],ATO,2024-07-24T23:58:00+00:00,5.0,0.0,45,23,6,Sunday,0,1,100,ATO,en,Bank debit card,1
33c3656f-3e76-40cd-9f7e-a2a35a5e1547,synth_6f805c52ac4b,gig_worker,tabddpm_synthetic,,['en'],ATO,2024-06-07T14:04:00+00:00,5.0,9.34,45,14,5,Saturday,2,2000,7,ATO,en,Bank debit card,0
d4d7601f-8cb1-4b66-9562-cea24d8d349f,synth_67d519ba3f0d,gig_worker,tabddpm_synthetic,,['en'],ATO,2024-06-24T23:13:00+00:00,6000.0,3000.0,45,23,0,Monday,0,1,100,ATO,en,Bank debit card,1
f23f5a56-90fb-4c45-be4c-023098b6ed2c,synth_85ffd882ae24,gig_worker,tabddpm_synthetic,,['en'],ATO,2024-12-30T23:21:00+00:00,6000.0,3000.0,45,23,0,Monday,38,2000,100,ATO,en,Bank debit card,0
f49b6856-62b8-4612-9dcf-55dc82d7a441,synth_f8be82a33f08,gig_worker,tabddpm_synthetic,,['en'],ATO,2024-02-23T03:53:00+00:00,87.59,13.73,45,3,1,Tuesday,8,1965,3,ATO,en,Bank debit card,0
a6b46490-0015-4811-9ac2-bbc949383f53,synth_a3fc133f4e18,gig_worker,tabddpm_synthetic,,['en'],CashApp,2024-06-26T12:48:00+00:00,114.25,7.99,41,12,5,Saturday,11,1174,7,CashApp,en,Bank debit card,0
88133ded-9c1f-4e31-934a-c2cc78503001,synth_326578fb461c,gig_worker,tabddpm_synthetic,,['en'],ATO,2024-02-07T09:51:00+00:00,103.66,11.04,21,9,0,Monday,7,146,9,ATO,en,Bank debit card,0
d7749cfc-c802-4883-8aff-83a8dce56623,synth_38292aeab4e4,gig_worker,tabddpm_synthetic,,['en'],ATO,2024-12-10T21:33:00+00:00,111.89,5.76,31,21,6,Sunday,8,679,2,ATO,en,Bank debit card,0
c860e592-ceb6-40f1-b51f-3fd1d3fbf9f6,synth_38f004e21d0e,gig_worker,tabddpm_synthetic,,['en'],ATO,2024-08-04T00:25:00+00:00,345.85,0.0,45,0,0,Monday,90,1,0,ATO,en,Bank debit card,0
26990a0a-1b75-4d48-b776-f0f45a84f9e0,synth_f726e5681200,gig_worker,tabddpm_synthetic,,['en'],ATO,2024-09-16T09:03:00+00:00,15.75,5.68,41,9,2,Wednesday,64,1,2,ATO,en,Bank debit card,0
792fd0dc-095c-4d93-88e4-22bfd371f967,synth_26b8d338f851,gig_worker,tabddpm_synthetic,,['en'],ATO,2024-01-02T23:24:00+00:00,53.54,9.14,37,23,6,Sunday,0,18,17,ATO,en,Bank debit card,0
01ca5b1e-2fdf-407e-81af-98cc19d350de,synth_006e6f48b164,gig_worker,tabddpm_synthetic,,['en'],ATO,2024-11-09T23:30:00+00:00,2963.81,331.26,29,23,4,Friday,20,1,31,ATO,en,Bank debit card,0
7501b1c8-faa4-4c51-ab31-50c3ba661d39,synth_e9b8f665c439,gig_worker,tabddpm_synthetic,,['en'],ATO,2024-09-23T23:35:00+00:00,6000.0,3000.0,45,23,0,Monday,0,1,100,ATO,en,Bank debit card,0
056fe749-5dec-4179-8792-85f2fb51fe64,synth_28ca80b6406e,gig_worker,tabddpm_synthetic,,['en'],ATO,2024-10-04T23:32:00+00:00,6000.0,1904.68,45,23,0,Monday,33,1,93,ATO,en,Bank debit card,0
9160f746-6322-4c17-9c0a-572151238828,synth_ae772e72a0c6,gig_worker,tabddpm_synthetic,,['en'],ATO,2024-10-10T10:42:00+00:00,5.0,0.96,45,10,5,Saturday,10,75,0,ATO,en,Bank debit card,0
89027962-d23e-4fb5-95af-3edcee23a2d7,synth_867d5464d0ec,gig_worker,tabddpm_synthetic,,['en'],ATO,2024-08-23T23:03:00+00:00,6000.0,840.86,45,23,0,Monday,32,1,20,ATO,en,Bank debit card,0
47d56edb-21ad-4185-9a20-6cb4f65fecb6,synth_47f6c9d06e16,gig_worker,tabddpm_synthetic,,['en'],ATO,2024-04-30T23:58:00+00:00,6000.0,3000.0,45,23,0,Monday,0,2000,100,ATO,en,Bank debit card,0
e880fa95-9a20-4b54-9027-cee29f6bf54b,synth_ee8945d5119a,gig_worker,tabddpm_synthetic,,['en'],ATO,2024-03-25T11:52:00+00:00,221.12,6.81,38,11,2,Wednesday,37,1,2,ATO,en,Bank debit card,0
f7804110-820f-4561-a948-7334845968af,synth_f0883805435b,gig_worker,tabddpm_synthetic,,['en'],ATO,2024-07-10T00:41:00+00:00,306.35,0.0,45,0,0,Monday,90,1,0,ATO,en,Bank debit card,0
a4881da6-1365-49de-9457-57c16e4e34b9,synth_fbe4dbb3b6bb,gig_worker,tabddpm_synthetic,,['en'],ATO,2024-09-02T10:00:00+00:00,5.0,0.0,43,10,0,Monday,90,1,2,ATO,en,Bank debit card,0
66b6d7f7-f3a3-4e74-9969-e9b8eabeb7ea,synth_6183a2e62e50,gig_worker,tabddpm_synthetic,,['en'],ATO,2024-08-04T05:57:00+00:00,5.0,0.0,45,5,0,Monday,9,539,2,ATO,en,Bank debit card,0
26b1cbe4-9051-4c41-a9fd-c56c21947e53,synth_fc805c2c59a2,gig_worker,tabddpm_synthetic,,['en'],ATO,2024-11-23T12:52:00+00:00,198.16,1.39,22,12,5,Saturday,7,1187,2,ATO,en,Bank debit card,0
6c0bd464-16d5-49d0-a8ff-271298cc7d1d,synth_0304cc887e0a,gig_worker,tabddpm_synthetic,,['en'],ATO,2024-08-18T00:37:00+00:00,998.42,0.0,31,0,0,Monday,90,1,0,ATO,en,Bank debit card,0
b5196f92-b06d-4c65-b1a2-256946cca941,synth_b983700eaef7,gig_worker,tabddpm_synthetic,,['en'],ATO,2024-08-05T09:30:00+00:00,185.02,9.23,27,9,1,Tuesday,2,1176,7,ATO,en,Bank debit card,0
1ebd829a-9b88-44de-9ad3-4431548d89bf,synth_b590a6a4439a,gig_worker,tabddpm_synthetic,,['en'],ATO,2024-11-20T23:43:00+00:00,6000.0,3000.0,45,23,0,Monday,90,2000,100,ATO,en,Bank debit card,1
fa31509d-770c-4cbb-8f35-4ff29d43a2ec,synth_be710b319264,gig_worker,tabddpm_synthetic,,['en'],ATO,2024-12-22T16:29:00+00:00,234.62,4.89,29,16,5,Saturday,6,1,11,ATO,en,Bank debit card,0
1284bb04-cde4-4421-bd8f-0e262e970ea9,synth_876b536050d2,gig_worker,tabddpm_synthetic,,['en'],ATO,2024-01-09T10:03:00+00:00,134.93,1.42,26,10,0,Monday,6,905,6,ATO,en,Bank debit card,0
7e168b2b-b792-4f3d-8b72-fa5a1d13bf76,synth_a96a6f7e3e53,gig_worker,tabddpm_synthetic,,['en'],ATO,2024-01-04T23:55:00+00:00,6000.0,3000.0,45,23,0,Monday,90,2000,100,ATO,en,Bank debit card,0
84854425-0ed4-497e-98f6-02f21c19612c,synth_2cc5e3e59130,gig_worker,tabddpm_synthetic,,['en'],ATO,2024-08-27T21:43:00+00:00,194.92,9.45,44,21,6,Sunday,16,716,3,ATO,en,Bank debit card,0
52a0a1c7-950d-4408-afce-decb308745b8,synth_8f52ba223468,gig_worker,tabddpm_synthetic,,['en'],ATO,2024-02-12T23:52:00+00:00,6000.0,3000.0,45,23,0,Monday,0,2000,100,ATO,en,Bank debit card,0
26b43e8c-f802-4116-8e5b-8ddf260fc612,synth_be239ec0938c,gig_worker,tabddpm_synthetic,,['en'],ATO,2024-07-30T00:06:00+00:00,140.84,0.0,45,0,0,Monday,90,1,0,ATO,en,Bank debit card,0
1dd91087-6d64-4a80-949c-6885894787de,synth_4f55c7204ad1,gig_worker,tabddpm_synthetic,,['en'],ATO,2024-07-14T23:34:00+00:00,6000.0,3000.0,45,23,0,Monday,0,2000,100,ATO,en,Bank debit card,1
0da242d5-4e70-437b-a9be-b0374c0823f9,synth_a2306f90c830,gig_worker,tabddpm_synthetic,,['en'],ATO,2024-10-15T20:37:00+00:00,284.22,16.37,41,20,4,Friday,32,962,7,ATO,en,Bank debit card,0
7106f2bf-1b99-4b98-9f23-89a1038fbf6e,synth_4d6fe6f00658,gig_worker,tabddpm_synthetic,,['en'],ATO,2024-10-21T14:51:00+00:00,62.34,1.66,28,14,4,Friday,27,1612,3,ATO,en,Bank debit card,0
9cc7830b-6e5d-40b3-9673-afabe5cecc23,synth_54d04efee947,gig_worker,tabddpm_synthetic,,['en'],ATO,2024-03-01T23:26:00+00:00,6000.0,3000.0,45,23,0,Monday,0,2000,100,ATO,en,Bank debit card,0
71ba827e-2eec-42a4-aed3-d9155d0ed88a,synth_d9be8f4242d3,gig_worker,tabddpm_synthetic,,['en'],ATO,2024-10-15T23:59:00+00:00,1559.63,88.59,45,23,0,Monday,3,1,69,ATO,en,Bank debit card,1
db98a7de-62de-40d8-bcbe-5e379a16b865,synth_0cde99ee0e7f,gig_worker,tabddpm_synthetic,,['en'],CashApp,2024-08-13T03:13:00+00:00,181.62,18.63,39,3,0,Monday,24,549,8,CashApp,en,Bank debit card,0
89cf3a7c-5767-45d3-aa26-8803766f1b56,synth_db89139c9f58,gig_worker,tabddpm_synthetic,,['en'],ATO,2024-11-01T23:25:00+00:00,6000.0,3000.0,45,23,0,Monday,0,1,100,ATO,en,Bank debit card,0
8e05d6cd-cb18-4ec8-ab1b-647d992be232,synth_dc0c47f3e9b3,gig_worker,tabddpm_synthetic,,['en'],ATO,2024-01-11T11:33:00+00:00,5.0,0.0,45,11,6,Sunday,5,1027,0,ATO,en,Bank debit card,0
97b64572-26ef-4cfe-beb0-338c2b7b2261,synth_8d388d2ac92b,gig_worker,tabddpm_synthetic,,['en'],ATO,2024-11-12T08:09:00+00:00,342.2,0.0,45,8,0,Monday,90,1,0,ATO,en,Bank debit card,0
07f28baa-aeff-480e-b48b-412093b4735e,synth_327ed27bf2e8,gig_worker,tabddpm_synthetic,,['en'],ATO,2024-04-14T23:36:00+00:00,6000.0,3000.0,45,23,0,Monday,37,2000,100,ATO,en,Bank debit card,1
9cf3ca02-6ebf-443f-b09d-efee674fb77a,synth_9e96d7601dab,gig_worker,tabddpm_synthetic,,['en'],ATO,2024-02-12T23:46:00+00:00,6000.0,3000.0,45,23,0,Monday,90,2000,100,ATO,en,Bank debit card,0
d09ae0be-7477-4c1a-afc5-2f1e5f394027,synth_5b2169da5a45,gig_worker,tabddpm_synthetic,,['en'],ATO,2024-07-30T03:41:00+00:00,61.26,0.0,34,3,4,Friday,0,661,9,ATO,en,CashApp,0
3eb0822c-22c5-4d5f-aea8-22b91e845a3f,synth_9ac9497e8702,gig_worker,tabddpm_synthetic,,['en'],ATO,2024-04-21T10:40:00+00:00,131.65,6.76,29,10,0,Monday,14,435,1,ATO,en,Bank debit card,0
6f57f4d6-966d-428f-8507-c0b5dc96d62f,synth_ee9c1f38c0c4,gig_worker,tabddpm_synthetic,,['en'],ATO,2024-01-13T17:53:00+00:00,22.58,7.63,18,17,6,Sunday,45,1567,1,ATO,en,Bank debit card,0
1d09bbc4-40e4-42d7-a704-9ecb7f6deef0,synth_9c9e1d39a7fd,gig_worker,tabddpm_synthetic,,['en'],ATO,2024-09-08T10:08:00+00:00,223.68,0.0,45,10,0,Monday,90,1,0,ATO,en,Bank debit card,0
a342b451-7d1b-4090-a826-907811f1b447,synth_e67beeeb80de,gig_worker,tabddpm_synthetic,,['en'],ATO,2024-02-12T20:44:00+00:00,282.2,0.75,30,20,0,Monday,90,1197,0,ATO,en,Bank debit card,0
61e3737a-ef0e-4b1a-8b23-ccc3ea583045,synth_c6ec6299ad18,gig_worker,tabddpm_synthetic,,['en'],ATO,2024-09-21T14:51:00+00:00,438.71,22.51,25,14,0,Monday,3,1,8,ATO,en,Bank debit card,0
27071244-d6d6-4ead-a7ea-dc453d474817,synth_8fee32ff1fd4,gig_worker,tabddpm_synthetic,,['en'],ATO,2024-03-01T17:55:00+00:00,743.33,25.89,30,17,6,Sunday,42,1,6,ATO,en,Bank debit card,0
ea538f26-2a0e-4447-a0f0-9a732a5e2096,synth_bee81370ec25,gig_worker,tabddpm_synthetic,,['en'],ATO,2024-12-23T07:03:00+00:00,5.0,0.44,45,7,4,Friday,13,554,5,ATO,en,Bank debit card,0
3ff13032-80d1-4fa5-bb7b-381fd332ff9d,synth_94ee9f16b469,gig_worker,tabddpm_synthetic,,['en'],ATO,2024-12-02T22:11:00+00:00,31.98,0.0,45,22,2,Wednesday,90,1,0,ATO,en,Bank debit card,0
f3fd16fb-8694-4f79-8fb6-50fee813d691,synth_c682d5de9995,gig_worker,tabddpm_synthetic,,['en'],ATO,2024-07-04T23:47:00+00:00,5.0,0.0,37,23,5,Saturday,3,1,15,ATO,en,Bank debit card,0
d33252a1-9fa2-4929-ae63-3f1862a5607a,synth_1e170c8d2fee,gig_worker,tabddpm_synthetic,,['en'],ATO,2024-11-26T03:29:00+00:00,5.0,7.19,45,3,2,Wednesday,4,1094,4,ATO,en,Bank debit card,0
0d25ba46-950c-4c28-97ca-ff10db3858a7,synth_82b1c6bb5b9f,gig_worker,tabddpm_synthetic,,['en'],ATO,2024-10-13T23:42:00+00:00,6000.0,3000.0,45,23,0,Monday,90,2000,100,ATO,en,Bank debit card,0
9e4a3de8-9d62-4b56-a5a0-be873d2e1035,synth_dbd869bebf41,gig_worker,tabddpm_synthetic,,['en'],ATO,2024-03-21T23:50:00+00:00,6000.0,3000.0,45,23,0,Monday,64,1,100,ATO,en,Bank debit card,0
09459741-9f07-448c-be54-5a136781ea4c,synth_f96bb36798bc,gig_worker,tabddpm_synthetic,,['en'],ATO,2024-07-04T23:19:00+00:00,6000.0,3000.0,45,23,0,Monday,18,2000,100,ATO,en,Bank debit card,0
a2cb880d-7b17-47d4-a2da-c60907df9eaf,synth_3b87aba2862b,gig_worker,tabddpm_synthetic,,['en'],ATO,2024-04-19T10:16:00+00:00,5.0,1.08,40,10,6,Sunday,18,657,3,ATO,en,Bank debit card,0
20b3f85c-7683-4f61-b849-aaa32b64b1dc,synth_9fd79b0fa17e,gig_worker,tabddpm_synthetic,,['en'],ATO,2024-09-14T11:58:00+00:00,201.54,0.0,45,11,3,Thursday,90,1,4,ATO,en,Bank debit card,0
f9e113ae-07f4-4384-9519-7f7e8045a4ad,synth_92bcddab8e8c,gig_worker,tabddpm_synthetic,,['en'],ATO,2024-01-28T06:58:00+00:00,155.22,13.64,45,6,5,Saturday,19,863,7,ATO,en,Bank debit card,0
c619fb03-7700-45a1-815a-bfc322ac3d55,synth_04c82b85e7b2,gig_worker,tabddpm_synthetic,,['en'],ATO,2024-08-14T23:19:00+00:00,5.0,0.0,39,23,6,Sunday,90,452,0,ATO,en,Bank debit card,0
96af0431-17a8-4a67-ae11-4613729abe69,synth_a9b4b75fb71c,gig_worker,tabddpm_synthetic,,['en'],ATO,2024-03-21T23:21:00+00:00,6000.0,3000.0,45,23,0,Monday,0,2000,100,ATO,en,Bank debit card,0
9555947b-db43-4183-b165-5fb45ac96616,synth_7f190f7cd4ff,gig_worker,tabddpm_synthetic,,['en'],ATO,2024-05-19T05:03:00+00:00,88.6,9.63,23,5,0,Monday,0,1776,6,ATO,en,Bank debit card,0
17b1217e-bfc4-4376-a217-07f7e4dec309,synth_5bd989d220ef,gig_worker,tabddpm_synthetic,,['en'],CashApp,2024-05-06T15:53:00+00:00,29.91,8.46,39,15,4,Friday,12,678,8,CashApp,en,Bank debit card,0
95b0c20e-9db4-41ad-b2dc-33a256792e6d,synth_5eed301f2486,gig_worker,tabddpm_synthetic,,['en'],ATO,2024-09-10T23:27:00+00:00,431.27,55.35,24,23,5,Saturday,5,1,15,ATO,en,Bank debit card,0
99119924-5026-45a4-94e2-2c6cfa1a44b5,synth_907d1a4c43a3,gig_worker,tabddpm_synthetic,,['en'],ATO,2024-03-10T00:11:00+00:00,5.0,0.0,45,0,0,Monday,90,1,0,ATO,en,Bank debit card,0
8ae35999-d9d8-4ca7-98b6-c5e97bd7a2f1,synth_53ae47724976,gig_worker,tabddpm_synthetic,,['en'],ATO,2024-01-22T23:14:00+00:00,5.0,0.0,34,23,5,Saturday,34,1121,4,ATO,en,Bank debit card,0
ce162a68-466b-4a62-a5e6-14899718d9ba,synth_8ce68e976d90,gig_worker,tabddpm_synthetic,,['en'],ATO,2024-02-12T11:42:00+00:00,79.09,0.71,45,11,6,Sunday,70,1,2,ATO,en,Bank debit card,0
f7f8d7e8-fffb-4ab9-a4ec-adb024cf806c,synth_286d72c259a2,gig_worker,tabddpm_synthetic,,['en'],ATO,2024-06-07T15:16:00+00:00,388.1,13.97,38,15,0,Monday,77,1070,2,ATO,en,Bank debit card,0
a6d3e0a8-4fcc-48a1-8884-fc74c5d203a2,synth_9fca6de32683,gig_worker,tabddpm_synthetic,,['en'],ATO,2024-02-06T05:39:00+00:00,5.0,3.87,31,5,0,Monday,10,984,4,ATO,en,Bank debit card,0
2c41e459-fb5d-42a1-bfed-2bcd0d746bfd,synth_a698fdcecfc3,gig_worker,tabddpm_synthetic,,['en'],ATO,2024-11-28T17:13:00+00:00,57.63,16.94,38,17,1,Tuesday,27,993,8,ATO,en,Bank debit card,0
c51998ed-4c27-48be-a293-8f712f61a1c6,synth_c12c3dea3484,gig_worker,tabddpm_synthetic,,['en'],ATO,2024-05-21T09:24:00+00:00,5.0,7.61,28,9,5,Saturday,3,1327,6,ATO,en,CashApp,0
895facde-af5e-49a2-87d6-dc849d4a91eb,synth_e059ba83b558,gig_worker,tabddpm_synthetic,,['en'],ATO,2024-12-28T23:19:00+00:00,6000.0,322.02,45,23,5,Saturday,7,1162,22,ATO,en,Bank debit card,0
85daca20-90b3-49fd-93ba-a8e9729ed2c3,synth_7dfcfe5152fd,gig_worker,tabddpm_synthetic,,['en'],ATO,2024-03-09T23:34:00+00:00,6000.0,3000.0,45,23,0,Monday,0,2000,100,ATO,en,Bank debit card,0
21d7b12f-994c-4fa2-815c-dd80f38d5366,synth_9700eb6da791,gig_worker,tabddpm_synthetic,,['en'],ATO,2024-06-16T14:38:00+00:00,5.0,7.4,27,14,1,Tuesday,8,705,4,ATO,en,Bank debit card,0
eedf3fe7-7dc6-438b-94f5-48d75a2c82ed,synth_6be6181ac9f5,gig_worker,tabddpm_synthetic,,['en'],ATO,2024-01-20T23:42:00+00:00,2432.14,280.51,45,23,3,Thursday,7,1,40,ATO,en,Bank debit card,1
6caf0d5a-bbed-4cc8-962f-a9e98d4187a0,synth_baceeab99cf3,gig_worker,tabddpm_synthetic,,['en'],ATO,2024-01-18T23:31:00+00:00,5.0,5.41,39,23,6,Sunday,3,1,45,ATO,en,Bank debit card,0
c1bdb0aa-a620-4bab-9ce9-512583830044,synth_09cfa9964cf0,gig_worker,tabddpm_synthetic,,['en'],ATO,2024-11-17T19:47:00+00:00,2224.7,154.25,45,19,0,Monday,8,1,7,ATO,en,Bank debit card,0
d2e4fa69-8f65-4a05-ac9e-25dcc708d659,synth_eed2da2c30f8,gig_worker,tabddpm_synthetic,,['en'],ATO,2024-01-25T23:48:00+00:00,5.0,6.1,41,23,0,Monday,21,1,17,ATO,en,Bank debit card,0
5c0c1ae7-f772-46e8-8474-fe2835d3f237,synth_4928315be853,gig_worker,tabddpm_synthetic,,['en'],ATO,2024-07-15T23:45:00+00:00,6000.0,3000.0,45,23,0,Monday,0,1,100,ATO,en,Bank debit card,1
028d3a54-e89e-494a-8774-1efa30b07d9a,synth_e4a78a8ae8fe,gig_worker,tabddpm_synthetic,,['en'],ATO,2024-07-26T23:03:00+00:00,40.69,1.66,31,23,3,Thursday,3,1154,8,ATO,en,Bank debit card,0
71cc197b-b8ab-433b-9bff-1e4c3c613619,synth_9d91f83cacb7,gig_worker,tabddpm_synthetic,,['en'],ATO,2024-05-30T13:26:00+00:00,5.0,0.0,45,13,2,Wednesday,90,1,0,ATO,en,Bank debit card,0
cbf24a04-a34c-483c-a1e7-aa7bc7fe4a77,synth_92f51465d72f,gig_worker,tabddpm_synthetic,,['en'],ATO,2024-06-10T12:56:00+00:00,61.35,1.8,45,12,4,Friday,12,1623,0,ATO,en,Bank debit card,0
af64e072-3de1-468a-b444-fbfad5fc5ef8,synth_a3feedec150a,gig_worker,tabddpm_synthetic,,['en'],ATO,2024-07-24T04:13:00+00:00,36.7,0.0,45,4,0,Monday,90,1,0,ATO,en,Bank debit card,0
a42c92d8-162e-48a2-83b9-dc818daf7cba,synth_d99e90e86679,gig_worker,tabddpm_synthetic,,['en'],ATO,2024-07-13T13:05:00+00:00,1464.65,65.28,32,13,2,Wednesday,40,1,4,ATO,en,Bank debit card,0
4f685ee7-c508-4039-82e1-c2a60f4c2d8b,synth_54907ae2e233,gig_worker,tabddpm_synthetic,,['en'],ATO,2024-01-16T13:31:00+00:00,66.32,4.36,27,13,0,Monday,9,523,5,ATO,en,Bank debit card,0
6714393b-cbed-4a57-b2a3-3397c9c7976e,synth_f2e7f75b6e02,gig_worker,tabddpm_synthetic,,['en'],CashApp,2024-08-23T12:24:00+00:00,5.0,0.0,38,12,1,Tuesday,82,1,3,CashApp,en,Bank debit card,0
bfeb20c3-1a33-47ec-9a0f-0c7bf51dc6de,synth_6f9aae9ac7e7,gig_worker,tabddpm_synthetic,,['en'],ATO,2024-09-02T08:40:00+00:00,174.88,3.55,28,8,1,Tuesday,11,1,4,ATO,en,Bank debit card,0
8086e15f-30fb-4afa-98e2-73e61d0225a8,synth_c4173a8129db,gig_worker,tabddpm_synthetic,,['en'],ATO,2024-03-10T23:55:00+00:00,6000.0,3000.0,45,23,0,Monday,0,1,100,ATO,en,Bank debit card,1
504c274a-325a-4464-bd5d-4933da9f812c,synth_1ebe637c5dab,gig_worker,tabddpm_synthetic,,['en'],ATO,2024-01-07T21:42:00+00:00,5.0,9.2,45,21,6,Sunday,21,2000,6,ATO,en,Bank debit card,0
038634e7-78df-470e-b162-6612a1b9a9ec,synth_e19db345cd77,gig_worker,tabddpm_synthetic,,['en'],ATO,2024-10-15T23:31:00+00:00,796.05,43.54,23,23,0,Monday,90,1,0,ATO,en,Bank debit card,0
d519eb14-6d1b-4756-945d-96a1f50bfb0d,synth_146d66bafb5c,gig_worker,tabddpm_synthetic,,['en'],ATO,2024-03-24T08:00:00+00:00,345.4,27.92,30,8,1,Tuesday,33,132,6,ATO,en,Bank debit card,0
2d6dc8a8-d2d3-4da5-826e-1d0cdf08876c,synth_8ae5a4ce8dee,gig_worker,tabddpm_synthetic,,['en'],ATO,2024-05-21T23:44:00+00:00,5.0,0.0,45,23,6,Sunday,0,1,88,ATO,en,Bank debit card,1
dfeb45cb-27b8-4d70-ac11-91c06bc9b957,synth_5edd218c5f89,gig_worker,tabddpm_synthetic,,['en'],ATO,2024-11-23T09:34:00+00:00,106.82,0.0,45,9,2,Wednesday,90,1,0,ATO,en,Bank debit card,0
b946fb99-466d-4f8a-909a-91c34c3e4df0,synth_ff79cdb377ba,gig_worker,tabddpm_synthetic,,['en'],ATO,2024-06-14T23:23:00+00:00,6000.0,3000.0,45,23,0,Monday,90,1,100,ATO,en,Bank debit card,0
9ab8d2e6-cd26-4a99-89bb-153a015c8820,synth_28af68aa82cc,gig_worker,tabddpm_synthetic,,['en'],ATO,2024-06-17T23:50:00+00:00,6000.0,3000.0,45,23,0,Monday,0,2000,100,ATO,en,Bank debit card,0
94d3a14d-2c93-49ca-a4d8-4e5dae47f83c,synth_b4135dc5034c,gig_worker,tabddpm_synthetic,,['en'],ATO,2024-01-02T23:45:00+00:00,6000.0,3000.0,45,23,0,Monday,90,2000,100,ATO,en,Bank debit card,1
274b060d-db22-4d4b-925c-b9536eda503e,synth_2caf69306fc2,gig_worker,tabddpm_synthetic,,['en'],ATO,2024-10-28T23:55:00+00:00,6000.0,3000.0,45,23,0,Monday,90,2000,100,ATO,en,Bank debit card,1
447f8139-ea74-46f2-8aa6-3f23eaef063f,synth_bb098c462ebd,gig_worker,tabddpm_synthetic,,['en'],ATO,2024-04-04T00:48:00+00:00,91.21,0.0,45,0,0,Monday,90,1,0,ATO,en,Bank debit card,0
3bf77bb4-93cb-4af9-a134-40db5589b4d5,synth_a56f278b05b4,gig_worker,tabddpm_synthetic,,['en'],ATO,2024-05-21T05:55:00+00:00,1121.21,64.73,34,5,5,Saturday,7,1048,10,ATO,en,Bank debit card,0
96f92d61-7092-4df5-abae-c3f883ae0f7a,synth_15d992fe5ddd,gig_worker,tabddpm_synthetic,,['en'],ATO,2024-01-15T23:52:00+00:00,6000.0,3000.0,45,23,0,Monday,0,2000,100,ATO,en,Bank debit card,0
5c96517a-977d-41b8-87d7-87aef8c21665,synth_d89c26844969,gig_worker,tabddpm_synthetic,,['en'],ATO,2024-04-20T00:53:00+00:00,24.97,5.25,45,0,5,Saturday,17,206,0,ATO,en,Bank debit card,0
14d77831-6083-4746-b49d-028023d7790f,synth_d5832671c382,gig_worker,tabddpm_synthetic,,['en'],ATO,2024-10-05T16:45:00+00:00,49.71,0.0,45,16,6,Sunday,90,1,0,ATO,en,Bank debit card,0
3c258cbf-7f3b-4a65-bb82-59121f9af0be,synth_e8aa29bf4daa,gig_worker,tabddpm_synthetic,,['en'],ATO,2024-03-10T00:02:00+00:00,1451.94,0.0,18,0,0,Monday,90,1,0,ATO,en,Bank debit card,1
2a5e727a-d680-4aee-81e4-cfaada72f8c2,synth_408c76b2f7f0,gig_worker,tabddpm_synthetic,,['en'],ATO,2024-07-02T09:06:00+00:00,5.0,2.28,35,9,5,Saturday,8,1619,7,ATO,en,Bank debit card,0
79d65d39-c6d2-44e6-9fc6-d65c344f3b53,synth_1cc219c42193,gig_worker,tabddpm_synthetic,,['en'],ATO,2024-03-15T08:53:00+00:00,5.0,0.0,35,8,4,Friday,0,342,14,ATO,en,Bank debit card,0
e1253e69-f725-453f-bd6e-fc568cd4e435,synth_21a848d35e69,gig_worker,tabddpm_synthetic,,['en'],ATO,2024-09-02T23:35:00+00:00,6000.0,3000.0,45,23,0,Monday,90,2000,100,ATO,en,Bank debit card,0
5dfb05fc-c2f8-4e85-87ed-4f89525e211a,synth_f5a7c87b2c5d,gig_worker,tabddpm_synthetic,,['en'],ATO,2024-01-28T23:52:00+00:00,6000.0,1306.69,45,23,6,Sunday,0,1,100,ATO,en,Bank debit card,1
a94251df-37f6-44f7-8909-3bdc56b1f155,synth_5c94b85e57a2,gig_worker,tabddpm_synthetic,,['en'],CashApp,2024-10-12T13:11:00+00:00,41.85,0.31,45,13,5,Saturday,6,188,1,CashApp,en,Bank debit card,0
b7341124-9f29-4666-9341-2bf843221a21,synth_7df6cda8a681,gig_worker,tabddpm_synthetic,,['en'],ATO,2024-03-22T23:07:00+00:00,5.0,1.34,25,23,6,Sunday,0,1,42,ATO,en,Bank debit card,0
8e216f1d-1da0-4342-8647-40f389278fbd,synth_232c002ab41f,gig_worker,tabddpm_synthetic,,['en'],ATO,2024-03-05T23:29:00+00:00,6000.0,3000.0,45,23,6,Sunday,0,1,100,ATO,en,Bank debit card,0
0055411b-5ca4-4792-ac03-70a62accca90,synth_2564e8c48d41,gig_worker,tabddpm_synthetic,,['en'],ATO,2024-03-18T05:00:00+00:00,102.07,11.46,41,5,3,Thursday,16,777,8,ATO,en,Bank debit card,0
c9a42e30-4031-4b33-926a-f7c93b753f56,synth_2fd09e85e4be,gig_worker,tabddpm_synthetic,,['en'],ATO,2024-05-20T23:25:00+00:00,5.0,0.0,40,23,6,Sunday,1,167,35,ATO,en,Bank debit card,0
76191401-e5b3-44aa-aa9a-9a0c6d822ffb,synth_40df496b9416,gig_worker,tabddpm_synthetic,,['en'],ATO,2024-03-12T12:24:00+00:00,17.9,5.83,28,12,0,Monday,45,751,9,ATO,en,Bank debit card,0
3a562da2-ff51-4b4b-9864-9438d865497a,synth_966fa9d2cb23,gig_worker,tabddpm_synthetic,,['en'],ATO,2024-05-27T16:16:00+00:00,5.0,6.14,33,16,0,Monday,7,1156,1,ATO,en,Bank debit card,0
555b8aaf-23d9-4496-9cb4-72d531f9d1a1,synth_d64169a24048,gig_worker,tabddpm_synthetic,,['en'],ATO,2024-07-30T09:12:00+00:00,80.63,6.88,29,9,2,Wednesday,18,1363,9,ATO,en,Bank debit card,0
b845bf1c-e261-499d-8e07-dd6419fe7a5e,synth_0ab2715212af,gig_worker,tabddpm_synthetic,,['en'],ATO,2024-05-15T23:34:00+00:00,6000.0,3000.0,45,23,0,Monday,0,1,100,ATO,en,Bank debit card,1
dd1af7ec-edc1-4e65-b1b8-f5c7749ef6df,synth_6f446109b889,gig_worker,tabddpm_synthetic,,['en'],ATO,2024-12-03T00:09:00+00:00,30.22,0.0,45,0,0,Monday,90,1,0,ATO,en,Bank debit card,0
cb7673af-7b09-43d8-aea8-8f0b13e1c7a3,synth_e89d95928eda,gig_worker,tabddpm_synthetic,,['en'],ATO,2024-03-20T12:08:00+00:00,5.0,0.0,37,12,0,Monday,90,490,8,ATO,en,Bank debit card,0
91ef95b6-9b17-44fa-b528-745743eb7e12,synth_e1972c8c9722,gig_worker,tabddpm_synthetic,,['en'],ATO,2024-06-04T15:51:00+00:00,5.0,0.0,40,15,1,Tuesday,47,1360,3,ATO,en,Bank debit card,0
c8be2eca-6061-40a7-8672-a5e1d999e5e6,synth_78f4bd7174e1,gig_worker,tabddpm_synthetic,,['en'],ATO,2024-03-06T17:02:00+00:00,97.64,26.79,19,17,3,Thursday,37,80,6,ATO,en,Bank debit card,0
9da25590-b962-405e-9c86-6deb8e3defea,synth_0e457cc7eda9,gig_worker,tabddpm_synthetic,,['en'],ATO,2024-03-29T16:42:00+00:00,68.06,23.99,45,16,2,Wednesday,9,1991,7,ATO,en,Bank debit card,0
eb1c5164-6d5c-4910-ae7d-b0074d7733f8,synth_7635dbaaaaaf,gig_worker,tabddpm_synthetic,,['en'],ATO,2024-07-16T13:27:00+00:00,42.04,0.0,19,13,1,Tuesday,87,428,5,ATO,en,Bank debit card,0
a7b710b7-318a-4e19-9397-8ee680b8272e,synth_e35e9c9ad637,gig_worker,tabddpm_synthetic,,['en'],ATO,2024-11-12T00:00:00+00:00,426.87,0.0,45,0,0,Monday,90,1,0,ATO,en,Bank debit card,0
5ac87ea9-0f89-49c7-93d5-54272c352104,synth_983303688738,gig_worker,tabddpm_synthetic,,['en'],ATO,2024-10-09T02:19:00+00:00,172.04,0.0,45,2,0,Monday,90,1,0,ATO,en,Bank debit card,0
87446aaa-24cd-4171-8a84-2bf951b50ec5,synth_db166bcb886b,gig_worker,tabddpm_synthetic,,['en'],CashApp,2024-03-21T19:44:00+00:00,108.63,0.0,38,19,6,Sunday,9,1755,5,CashApp,en,Bank debit card,0
09ea0296-e568-4045-8dc1-d1792c209aaf,synth_bf12ddea701e,gig_worker,tabddpm_synthetic,,['en'],ATO,2024-04-10T18:18:00+00:00,24.44,4.59,45,18,0,Monday,12,566,11,ATO,en,Bank debit card,0
175a045e-e5b8-4f25-9964-76ac47560f21,synth_e5bdbb384c33,gig_worker,tabddpm_synthetic,,['en'],ATO,2024-12-07T23:40:00+00:00,5.0,0.0,45,23,6,Sunday,0,1,100,ATO,en,Bank debit card,1
5a1830c1-29e8-4417-b43b-77657bc6e4f9,synth_83c67bd28394,gig_worker,tabddpm_synthetic,,['en'],ATO,2024-08-19T11:40:00+00:00,5.0,2.39,38,11,3,Thursday,8,1768,7,ATO,en,Bank debit card,0
e0e54bd7-0882-4c37-91ce-1b5ca9747eb3,synth_83370ff83242,gig_worker,tabddpm_synthetic,,['en'],ATO,2024-02-10T23:20:00+00:00,6000.0,3000.0,45,23,0,Monday,0,1,100,ATO,en,Bank debit card,0
fc3c9010-2fb1-4158-ac70-73367eb6e61c,synth_e9e8c36da936,gig_worker,tabddpm_synthetic,,['en'],ATO,2024-01-22T23:53:00+00:00,6000.0,3000.0,45,23,0,Monday,90,1,100,ATO,en,Bank debit card,0
0f087799-4e4f-4e55-be71-43dd4b135dfe,synth_d193577ee6fa,gig_worker,tabddpm_synthetic,,['en'],ATO,2024-12-08T23:59:00+00:00,182.27,6.01,22,23,6,Sunday,3,1,11,ATO,en,Bank debit card,0
a783b8d6-9ce4-4851-8866-6838b7743082,synth_3994663b445e,gig_worker,tabddpm_synthetic,,['en'],ATO,2024-09-02T23:19:00+00:00,6000.0,3000.0,45,23,0,Monday,0,1,100,ATO,en,Bank debit card,0
04cb9e59-1019-4e3c-83cf-7f3af8ef58c4,synth_840b3a00678a,gig_worker,tabddpm_synthetic,,['en'],CashApp,2024-11-15T06:53:00+00:00,264.59,5.72,33,6,0,Monday,0,666,11,CashApp,en,Bank debit card,0
a65b219d-a137-4fac-8a84-16d4c7498b00,synth_1c72d1c9e2fc,gig_worker,tabddpm_synthetic,,['en'],ATO,2024-04-15T08:11:00+00:00,29.44,0.17,45,8,0,Monday,90,1,0,ATO,en,Bank debit card,0
cf5721bf-1976-4626-ae4d-ad3f54ea879b,synth_39a6e6eeefa3,gig_worker,tabddpm_synthetic,,['en'],ATO,2024-06-08T00:26:00+00:00,18.12,0.0,45,0,0,Monday,90,1,0,ATO,en,Bank debit card,0
d4551463-5ed7-4cff-8566-5d56744cf633,synth_b007a4e8037b,gig_worker,tabddpm_synthetic,,['en'],ATO,2024-06-08T23:28:00+00:00,350.72,20.34,35,23,6,Sunday,47,1,1,ATO,en,Bank debit card,0
c6c3283e-e9d3-481e-b83b-5c978e531fb5,synth_f68e0b4bfd05,gig_worker,tabddpm_synthetic,,['en'],ATO,2024-02-16T23:17:00+00:00,6000.0,3000.0,45,23,0,Monday,90,980,78,ATO,en,Bank debit card,0
fd4fda01-a07d-4d2d-bf67-bf1ad2d0bf41,synth_30a28ee818d4,gig_worker,tabddpm_synthetic,,['en'],ATO,2024-06-30T04:39:00+00:00,124.15,8.11,45,4,2,Wednesday,9,1594,8,ATO,en,Bank debit card,0
d5107d21-a082-4e87-ae8d-924fdfd52978,synth_3944304a2f9a,gig_worker,tabddpm_synthetic,,['en'],ATO,2024-01-18T23:34:00+00:00,6000.0,3000.0,45,23,0,Monday,0,1,100,ATO,en,Bank debit card,1
b8e041fd-3806-4319-aab2-958b5d53348a,synth_f469142a5bfb,gig_worker,tabddpm_synthetic,,['en'],ATO,2024-08-03T09:58:00+00:00,6000.0,554.88,45,9,0,Monday,11,1496,0,ATO,en,Bank debit card,0
90cad0ca-fbe0-4a30-bf12-6154b9472a6c,synth_84eec11ae777,gig_worker,tabddpm_synthetic,,['en'],ATO,2024-02-20T15:08:00+00:00,185.59,8.62,28,15,1,Tuesday,3,440,8,ATO,en,Bank debit card,0
a031160c-e850-429e-9108-7299fc5d9f5b,synth_9f4d54c78311,gig_worker,tabddpm_synthetic,,['en'],ATO,2024-11-06T12:45:00+00:00,108.18,9.06,22,12,3,Thursday,43,1198,7,ATO,en,Bank debit card,0
eabaa96d-1c02-41b2-87e6-442d2c6614d8,synth_353dc43a3451,gig_worker,tabddpm_synthetic,,['en'],ATO,2024-07-28T03:20:00+00:00,266.48,0.0,45,3,0,Monday,90,1,2,ATO,en,Bank debit card,1
41051a65-2a3c-4b29-9c76-c1e5f593974e,synth_778d33d509a6,gig_worker,tabddpm_synthetic,,['en'],ATO,2024-03-28T12:01:00+00:00,5.0,0.0,25,12,0,Monday,1,1560,9,ATO,en,Bank debit card,0
e43fbacd-3c60-4a03-88e5-e66c5d90812e,synth_916e32b5f1e3,gig_worker,tabddpm_synthetic,,['en'],ATO,2024-08-24T23:15:00+00:00,6000.0,3000.0,45,23,0,Monday,90,2000,100,ATO,en,Bank debit card,0
d7dd1b93-df93-4cbc-b4da-a8bd6974df3c,synth_ed307a7d58f3,gig_worker,tabddpm_synthetic,,['en'],ATO,2024-03-19T00:09:00+00:00,983.52,0.0,18,0,0,Monday,90,1,0,ATO,en,Bank debit card,0
c5997c59-72d3-4597-a9b9-8d0d2df9fd37,synth_7fec1976222e,gig_worker,tabddpm_synthetic,,['en'],ATO,2024-02-21T23:51:00+00:00,6000.0,3000.0,45,23,0,Monday,90,2000,100,ATO,en,Bank debit card,0
fd166b9b-bbd2-4390-85fb-76e71ab2788a,synth_6d2ac62473b8,gig_worker,tabddpm_synthetic,,['en'],ATO,2024-11-18T06:22:00+00:00,405.97,0.0,40,6,0,Monday,90,1,0,ATO,en,Bank debit card,0
63672e7a-b4c3-4b24-9628-694575babdd6,synth_d84d5faba689,gig_worker,tabddpm_synthetic,,['en'],ATO,2024-10-06T23:40:00+00:00,594.27,21.67,18,23,2,Wednesday,2,764,8,ATO,en,Bank debit card,0
75231113-6b13-4ceb-bca2-f1c213cc33be,synth_bad465c87000,gig_worker,tabddpm_synthetic,,['en'],ATO,2024-05-22T23:06:00+00:00,5.0,0.0,45,23,6,Sunday,0,1,50,ATO,en,Bank debit card,0
50268f1b-1d1d-407e-ad1c-b0df6fd5fb72,synth_dffab62a9351,gig_worker,tabddpm_synthetic,,['en'],ATO,2024-02-16T10:51:00+00:00,5.0,0.95,37,10,2,Wednesday,45,1,0,ATO,en,Bank debit card,0
38457d7e-e349-454d-a96b-0b8c19af6d59,synth_f61b869d8c43,gig_worker,tabddpm_synthetic,,['en'],ATO,2024-03-31T00:24:00+00:00,565.46,0.0,45,0,0,Monday,90,1,0,ATO,en,Bank debit card,0
dbf33df1-6d3e-422e-83ec-ddcf027af6c7,synth_f1fca97ef80f,gig_worker,tabddpm_synthetic,,['en'],ATO,2024-05-09T23:59:00+00:00,824.81,78.68,45,23,6,Sunday,0,1,63,ATO,en,Bank debit card,1
c6ad4643-7471-497a-9433-75d35b32f290,synth_c5c101b1d52a,gig_worker,tabddpm_synthetic,,['en'],ATO,2024-06-13T10:14:00+00:00,75.59,5.58,38,10,2,Wednesday,11,1,3,ATO,en,Bank debit card,0
7cb8dbde-f5f6-4299-a38c-78330b0d71e7,synth_0f8d95dcc2cb,gig_worker,tabddpm_synthetic,,['en'],ATO,2024-12-12T12:32:00+00:00,186.71,22.9,18,12,5,Saturday,3,2000,6,ATO,en,Bank debit card,0
d4f16700-7e7a-4b32-bfa0-48ab0a228d1e,synth_fd1815d05049,gig_worker,tabddpm_synthetic,,['en'],ATO,2024-07-17T20:19:00+00:00,80.96,0.0,44,20,5,Saturday,35,2000,0,ATO,en,Bank debit card,0
372a09df-133e-4b8a-a5fc-0f639716bfed,synth_8842d7230195,gig_worker,tabddpm_synthetic,,['en'],ATO,2024-08-01T23:54:00+00:00,6000.0,3000.0,45,23,0,Monday,0,1,100,ATO,en,Bank debit card,0
6ffffc15-b580-4c9c-90a6-98fdbc52a762,synth_a0999b2de3e6,gig_worker,tabddpm_synthetic,,['en'],ATO,2024-02-12T00:59:00+00:00,619.63,0.0,25,0,0,Monday,90,1,0,ATO,en,Bank debit card,0
d003adee-9009-4686-a395-0b8b0c5e825d,synth_dc6c48bf7082,gig_worker,tabddpm_synthetic,,['en'],ATO,2024-11-07T11:59:00+00:00,73.88,18.23,26,11,3,Thursday,9,96,5,ATO,en,Bank debit card,0
55f15ab6-0907-47e4-b092-27bc4954f71b,synth_61454da5665e,gig_worker,tabddpm_synthetic,,['en'],ATO,2024-06-25T12:52:00+00:00,212.77,15.78,31,12,0,Monday,3,984,3,ATO,en,Bank debit card,0
1091ddf7-3a10-4b05-b627-767d38b91fcc,synth_c904619bac2d,gig_worker,tabddpm_synthetic,,['en'],ATO,2024-01-28T20:14:00+00:00,5.0,0.0,20,20,3,Thursday,13,2000,7,ATO,en,Bank debit card,0
fe58fd40-1cff-4a45-9435-b35c554b8e1e,synth_509aa96316a2,gig_worker,tabddpm_synthetic,,['en'],ATO,2024-07-02T10:29:00+00:00,10.1,0.0,39,10,0,Monday,90,1,0,ATO,en,Bank debit card,0
7845bb9b-adea-44d0-8777-2cdfa6b0e563,synth_d0c5f696c71a,gig_worker,tabddpm_synthetic,,['en'],ATO,2024-11-06T00:01:00+00:00,195.99,0.0,42,0,0,Monday,1,1,7,ATO,en,Bank debit card,0
e58bbf2f-60a7-4c7f-ba51-de6f3bba996c,synth_2893fee1c7b6,gig_worker,tabddpm_synthetic,,['en'],ATO,2024-03-16T22:39:00+00:00,6000.0,935.68,45,22,0,Monday,17,1,41,ATO,en,Bank debit card,0
0facd408-7820-47e6-be7a-f3a0e5d48e28,synth_618a98949d7f,gig_worker,tabddpm_synthetic,,['en'],ATO,2024-09-12T13:22:00+00:00,5.0,4.94,37,13,2,Wednesday,6,669,10,ATO,en,Bank debit card,0
6414d2be-17d9-4c6e-8ef6-6ba6c404bd5a,synth_8f9e647f6c38,gig_worker,tabddpm_synthetic,,['en'],ATO,2024-12-16T14:04:00+00:00,135.02,19.01,45,14,0,Monday,9,60,8,ATO,en,Bank debit card,0
330d4992-69e7-4cf9-ad80-58ed14774641,synth_f6a0c2d2d295,gig_worker,tabddpm_synthetic,,['en'],ATO,2024-07-29T00:40:00+00:00,614.5,0.0,27,0,0,Monday,90,1,0,ATO,en,Bank debit card,0
adb3dffa-f916-4b70-bc43-8b22d2061e7f,synth_96a2c930e2bf,gig_worker,tabddpm_synthetic,,['en'],ATO,2024-09-06T08:11:00+00:00,170.27,0.0,44,8,0,Monday,90,1,0,ATO,en,Bank debit card,0
f9a225ea-4f77-4f3c-ad56-e0c22250cff8,synth_8baf9297489c,gig_worker,tabddpm_synthetic,,['en'],ATO,2024-08-22T23:55:00+00:00,6000.0,3000.0,45,23,0,Monday,0,1,100,ATO,en,Bank debit card,0
6f5c2b01-a17c-4fe8-85f9-15eb22b00c34,synth_caab6799f36c,gig_worker,tabddpm_synthetic,,['en'],ATO,2024-07-10T23:12:00+00:00,5.0,6.64,45,23,6,Sunday,26,2000,10,ATO,en,Bank debit card,0
ed1be1c3-f0f5-429c-a73f-6220788258cc,synth_5047a70005c2,gig_worker,tabddpm_synthetic,,['en'],ATO,2024-06-30T23:41:00+00:00,6000.0,3000.0,45,23,0,Monday,90,2000,100,ATO,en,Bank debit card,0
32be6a2c-c0d9-47f4-a9b8-fd27c23200ee,synth_ddfc5df8ae09,gig_worker,tabddpm_synthetic,,['en'],ATO,2024-07-02T15:10:00+00:00,5.0,0.0,39,15,5,Saturday,35,2000,3,ATO,en,Bank debit card,0
18aaad89-b0b5-49d7-a9ba-eff20fb41220,synth_af5f05ec90e2,gig_worker,tabddpm_synthetic,,['en'],ATO,2024-10-25T11:48:00+00:00,18.12,8.52,45,11,6,Sunday,5,45,0,ATO,en,Bank debit card,0
a42e7407-eee1-4c7f-b109-7dd165095a39,synth_60472c4b4379,gig_worker,tabddpm_synthetic,,['en'],ATO,2024-09-28T06:43:00+00:00,335.63,16.73,21,6,0,Monday,10,978,9,ATO,en,Bank debit card,0
50de34f9-e8ea-4c43-8987-2300bd49eab5,synth_6ae0d6b854c7,gig_worker,tabddpm_synthetic,,['en'],ATO,2024-10-26T14:47:00+00:00,184.17,0.0,32,14,0,Monday,90,1,2,ATO,en,Bank debit card,0
2a0d66a6-55e3-481a-8da0-b33f76a2beb8,synth_b5acc5717155,gig_worker,tabddpm_synthetic,,['en'],ATO,2024-11-05T08:39:00+00:00,55.43,4.99,30,8,0,Monday,11,1,3,ATO,en,Bank debit card,0
333ce9b4-0f44-4e57-8c9c-58212dd65471,synth_c57dbe3c9d27,gig_worker,tabddpm_synthetic,,['en'],ATO,2024-07-21T02:58:00+00:00,713.45,17.36,42,2,0,Monday,90,1,0,ATO,en,Bank debit card,0
1a114536-0093-48bf-8cab-35eb66757c63,synth_d3343492ba82,gig_worker,tabddpm_synthetic,,['en'],ATO,2024-02-22T23:04:00+00:00,758.75,29.34,25,23,2,Wednesday,89,1,0,ATO,en,Bank debit card,0
537ae88c-f375-4a35-9afb-352457e8d3e4,synth_86a63f1f73be,gig_worker,tabddpm_synthetic,,['en'],ATO,2024-07-10T23:50:00+00:00,4406.33,160.9,26,23,4,Friday,17,1605,8,ATO,en,Bank debit card,0
83bf3f24-4374-46f7-9122-169636ecd1a5,synth_133227016e61,gig_worker,tabddpm_synthetic,,['en'],ATO,2024-03-06T23:05:00+00:00,5.0,1.23,30,23,6,Sunday,0,1,20,ATO,en,Bank debit card,0
06adf790-1518-464b-8e6f-6026edc6353f,synth_6aeeb360e93f,gig_worker,tabddpm_synthetic,,['en'],ATO,2024-07-06T18:26:00+00:00,877.3,40.41,37,18,0,Monday,0,1,11,ATO,en,Bank debit card,0
afebe5ce-6b0d-4ffa-b6e9-80f2596a5d66,synth_e7432a4d3dc6,gig_worker,tabddpm_synthetic,,['en'],ATO,2024-04-27T16:58:00+00:00,133.85,5.72,41,16,4,Friday,66,1,0,ATO,en,Bank debit card,0
3a1dfcf1-cfee-4fd3-a2cf-211bda1dfed4,synth_c47dcae44a5f,gig_worker,tabddpm_synthetic,,['en'],ATO,2024-08-18T09:22:00+00:00,179.19,0.0,40,9,1,Tuesday,90,1,0,ATO,en,Bank debit card,0
49b950aa-5b46-4ff8-8244-431090f3bc74,synth_de4bf0b44b4c,gig_worker,tabddpm_synthetic,,['en'],ATO,2024-07-09T11:44:00+00:00,39.65,3.3,35,11,1,Tuesday,17,410,0,ATO,en,Bank debit card,0
730980f6-a495-4b3f-97d7-1436d120b40e,synth_885a7a150ab4,gig_worker,tabddpm_synthetic,,['en'],ATO,2024-03-12T09:52:00+00:00,5.0,12.16,45,9,3,Thursday,90,1,0,ATO,en,Bank debit card,0
e1b4afba-96a8-4eba-8646-343449d43ded,synth_d5b74721f62f,gig_worker,tabddpm_synthetic,,['en'],ATO,2024-05-06T23:04:00+00:00,6000.0,3000.0,45,23,0,Monday,0,2000,100,ATO,en,Bank debit card,0
0c462cc6-0b39-4361-bbbd-b7a14b5cc101,synth_83f0910c8738,gig_worker,tabddpm_synthetic,,['en'],CashApp,2024-08-01T13:08:00+00:00,5.0,0.0,45,13,6,Sunday,1,1856,2,CashApp,en,Bank debit card,0
d708db8f-234f-44e0-80c4-56ef8e47d0bf,synth_e22588081000,gig_worker,tabddpm_synthetic,,['en'],ATO,2024-10-01T23:48:00+00:00,5.0,0.0,30,23,6,Sunday,6,1,39,ATO,en,Bank debit card,0
2d3e82a7-1a69-464a-896f-0f3f5ebd4dac,synth_8028e157c7dd,gig_worker,tabddpm_synthetic,,['en'],ATO,2024-06-14T23:22:00+00:00,6000.0,3000.0,45,23,0,Monday,0,2000,100,ATO,en,Bank debit card,0
bb6aab6b-4e7e-4438-802b-f5393e57aaba,synth_8d6c61455b6c,gig_worker,tabddpm_synthetic,,['en'],ATO,2024-08-26T14:19:00+00:00,5.0,0.0,40,14,0,Monday,36,243,11,ATO,en,Bank debit card,0
a3fea647-3fe5-481f-a196-8a5024eb2e06,synth_b9b4626157d4,gig_worker,tabddpm_synthetic,,['en'],ATO,2024-07-11T09:05:00+00:00,5.0,0.64,30,9,5,Saturday,5,1754,4,ATO,en,Bank debit card,0
bcd2ccbb-3293-4862-8b11-1db912a7bacd,synth_a7f05a11f436,gig_worker,tabddpm_synthetic,,['en'],ATO,2024-08-11T07:51:00+00:00,667.5,33.08,27,7,2,Wednesday,4,1676,14,ATO,en,Bank debit card,0
194a2f26-ad56-4142-be8c-11b8f806d1cd,synth_91e17c7bb82b,gig_worker,tabddpm_synthetic,,['en'],ATO,2024-01-29T23:15:00+00:00,6000.0,3000.0,45,23,0,Monday,90,2000,100,ATO,en,Bank debit card,1
8e921c37-1b6c-4283-93f5-1231064a3365,synth_6ce7b903c188,gig_worker,tabddpm_synthetic,,['en'],ATO,2024-08-24T11:20:00+00:00,5.0,3.42,20,11,2,Wednesday,5,1829,7,ATO,en,Bank debit card,0
277f9c0a-39fd-42fe-80cf-dfa80e133559,synth_995b80e79b0e,gig_worker,tabddpm_synthetic,,['en'],ATO,2024-05-27T04:35:00+00:00,5.0,6.93,27,4,0,Monday,2,871,5,ATO,en,Bank debit card,0
c81b2ba0-438a-4cb0-9bd5-20a5e2993617,synth_48e83c0db74a,gig_worker,tabddpm_synthetic,,['en'],ATO,2024-03-26T23:42:00+00:00,6000.0,3000.0,45,23,0,Monday,90,2000,100,ATO,en,Bank debit card,0
418e2814-92cf-474e-ad52-c648d27a508e,synth_498a6fd5ed8c,gig_worker,tabddpm_synthetic,,['en'],ATO,2024-03-07T12:42:00+00:00,5.0,7.75,32,12,2,Wednesday,9,1042,5,ATO,en,Bank debit card,0
d91fb17a-0635-40a3-a86f-4937c1633904,synth_cf390855fc30,gig_worker,tabddpm_synthetic,,['en'],ATO,2024-10-23T03:33:00+00:00,5.0,0.0,45,3,0,Monday,90,1,0,ATO,en,Bank debit card,0
75bb3e77-f4d7-4847-b78f-3516d4c075d1,synth_5ff66574548b,gig_worker,tabddpm_synthetic,,['en'],ATO,2024-12-28T23:22:00+00:00,6000.0,3000.0,45,23,0,Monday,90,2000,100,ATO,en,Bank debit card,0
d02da96b-706a-4b1d-8f76-998a2fe6a863,synth_550b9efadc81,gig_worker,tabddpm_synthetic,,['en'],ATO,2024-01-22T23:07:00+00:00,6000.0,875.91,45,23,0,Monday,27,1127,34,ATO,en,Bank debit card,0
de777c7c-6281-4fc3-bd56-a75cd3529b9a,synth_56c7b1ac2c55,gig_worker,tabddpm_synthetic,,['en'],CashApp,2024-11-11T08:26:00+00:00,216.81,15.98,45,8,2,Wednesday,3,1,11,CashApp,en,Bank debit card,0
f63735c4-408f-4683-b4ca-5c4db4060a97,synth_824d199ecfbb,gig_worker,tabddpm_synthetic,,['en'],ATO,2024-04-05T23:28:00+00:00,6000.0,3000.0,45,23,0,Monday,17,2000,100,ATO,en,Bank debit card,0
6aa502fa-d34b-4997-94b2-312bfe6499b7,synth_099242906c21,gig_worker,tabddpm_synthetic,,['en'],CashApp,2024-12-30T08:58:00+00:00,5.0,0.0,35,8,6,Sunday,0,969,6,CashApp,en,Bank debit card,0
8666cbdd-482c-4f9b-94a3-827cccd67b94,synth_e01f55cbc19b,gig_worker,tabddpm_synthetic,,['en'],ATO,2024-08-16T10:05:00+00:00,42.6,5.47,44,10,0,Monday,0,1228,6,ATO,en,Bank debit card,0
a8ae34eb-305c-4ee2-8c99-c021ac4e9a6b,synth_4eb912cc13db,gig_worker,tabddpm_synthetic,,['en'],ATO,2024-12-15T23:15:00+00:00,5.0,0.0,45,23,6,Sunday,0,1,100,ATO,en,Bank debit card,1
587896e1-ce69-4287-bb3b-f3d310c7f4a9,synth_5801677b66c6,gig_worker,tabddpm_synthetic,,['en'],ATO,2024-08-23T00:41:00+00:00,95.23,0.0,45,0,0,Monday,90,1,0,ATO,en,Bank debit card,0
d00f4106-5348-4c6a-93a6-402d68ecd258,synth_fca715cdf160,gig_worker,tabddpm_synthetic,,['en'],ATO,2024-10-23T23:23:00+00:00,5.0,2.66,31,23,6,Sunday,0,1,43,ATO,en,Bank debit card,0
a0c7147a-bb47-4886-809e-0cb8e77ff670,synth_8abb2feddece,gig_worker,tabddpm_synthetic,,['en'],ATO,2024-01-01T23:59:00+00:00,6000.0,3000.0,45,23,0,Monday,51,1,100,ATO,en,Bank debit card,0
89adfaed-1434-4311-9e8b-6fdd04972442,synth_20a97727d369,gig_worker,tabddpm_synthetic,,['en'],ATO,2024-11-23T23:19:00+00:00,5.0,4.77,45,23,6,Sunday,0,1,100,ATO,en,Bank debit card,1
2299b9e4-54f7-4bd2-b899-d4da3eee967d,synth_66255feb2ed2,gig_worker,tabddpm_synthetic,,['en'],ATO,2024-09-14T23:21:00+00:00,6000.0,3000.0,45,23,0,Monday,0,2000,100,ATO,en,Bank debit card,0
977beb29-8536-4777-97ac-e96eb66e9e3a,synth_117ac4c1e0e2,gig_worker,tabddpm_synthetic,,['en'],CashApp,2024-08-02T09:48:00+00:00,5.0,0.0,18,9,5,Saturday,3,1018,4,CashApp,en,Bank debit card,0
9381b90c-def9-4f94-af5d-4999a5aff3ec,synth_7b455a37fdd0,gig_worker,tabddpm_synthetic,,['en'],ATO,2024-02-03T23:41:00+00:00,5.0,0.0,32,23,6,Sunday,1,1,38,ATO,en,Bank debit card,0
9dddba36-e12d-4e98-97ed-4c171a039710,synth_6c0578226449,gig_worker,tabddpm_synthetic,,['en'],ATO,2024-06-01T00:18:00+00:00,933.96,0.0,25,0,0,Monday,90,1,0,ATO,en,Bank debit card,0
cd42c13b-38ba-4748-beb4-b74bc16a529e,synth_09f128e28337,gig_worker,tabddpm_synthetic,,['en'],ATO,2024-04-08T23:12:00+00:00,5.0,0.0,45,23,6,Sunday,0,1,100,ATO,en,Bank debit card,1
35e5fe41-8e16-4e8d-8d5c-ad30ece78846,synth_8a4de088cfb5,gig_worker,tabddpm_synthetic,,['en'],ATO,2024-10-10T23:38:00+00:00,6000.0,3000.0,45,23,0,Monday,90,2000,100,ATO,en,Bank debit card,0
eb3904de-17c6-47dc-a8b8-26f1c35b19c4,synth_a7904f7487c6,gig_worker,tabddpm_synthetic,,['en'],ATO,2024-01-12T23:00:00+00:00,6000.0,3000.0,45,23,0,Monday,4,302,100,ATO,en,Bank debit card,0
065410d0-d2c3-4399-af35-e8c192bf334a,synth_27f938594d46,gig_worker,tabddpm_synthetic,,['en'],ATO,2024-12-10T20:56:00+00:00,277.22,20.39,23,20,5,Saturday,17,1,3,ATO,en,Bank debit card,0
409fb334-a1be-4d04-b860-db288c6cd2ec,synth_3103288e08c9,gig_worker,tabddpm_synthetic,,['en'],ATO,2024-03-20T23:47:00+00:00,617.47,54.09,18,23,5,Saturday,50,1,0,ATO,en,Bank debit card,0
6879ffe1-175c-4948-a726-955a5784b6f4,synth_69a29bbbcec3,gig_worker,tabddpm_synthetic,,['en'],ATO,2024-05-08T04:51:00+00:00,309.54,15.87,42,4,4,Friday,65,1,10,ATO,en,Bank debit card,0
ab4530c1-803c-40bb-9077-e42213e4a8c4,synth_9b8286ecc926,gig_worker,tabddpm_synthetic,,['en'],CashApp,2024-02-05T01:14:00+00:00,868.55,27.62,29,1,0,Monday,0,1367,7,CashApp,en,Bank debit card,0
9b186c30-3835-4f54-a62b-af52c40fcd2e,synth_5dd511b94f35,gig_worker,tabddpm_synthetic,,['en'],ATO,2024-12-19T10:23:00+00:00,51.26,0.0,41,10,3,Thursday,90,1,0,ATO,en,Bank debit card,0
e3efbcbc-c9fb-4c27-9a48-9c153d68ccb9,synth_d2fb91d4cac4,gig_worker,tabddpm_synthetic,,['en'],ATO,2024-04-13T11:14:00+00:00,482.11,19.51,20,11,0,Monday,68,1212,3,ATO,en,Bank debit card,0
3ad3a074-fa39-4ab5-b4aa-5da4bcd11ad7,synth_2ffeaca494fd,gig_worker,tabddpm_synthetic,,['en'],ATO,2024-11-20T18:15:00+00:00,84.1,2.17,40,18,3,Thursday,39,1,0,ATO,en,Bank debit card,0
9093de13-95f4-496a-a5f3-51adf1f4e795,synth_5f8a976642ce,gig_worker,tabddpm_synthetic,,['en'],ATO,2024-04-13T00:26:00+00:00,609.48,0.0,26,0,0,Monday,90,1,0,ATO,en,Bank debit card,0
e49f053c-081e-4990-bb60-f743b3a2a7f9,synth_043c8f94aac4,gig_worker,tabddpm_synthetic,,['en'],ATO,2024-10-26T23:36:00+00:00,5.0,2.32,28,23,5,Saturday,4,2000,21,ATO,en,Bank debit card,0
4f3c64e3-91c6-4316-850e-ffc940ed933d,synth_b1eb2654d5d0,gig_worker,tabddpm_synthetic,,['en'],ATO,2024-12-28T23:09:00+00:00,6000.0,3000.0,45,23,0,Monday,0,2000,100,ATO,en,Bank debit card,0
e2e3354e-99f4-4475-9dbe-a9ce7d4d34f9,synth_49dfed55262d,gig_worker,tabddpm_synthetic,,['en'],ATO,2024-07-13T21:07:00+00:00,301.99,23.28,38,21,6,Sunday,11,971,3,ATO,en,Bank debit card,0
f8880de6-d917-44b3-b848-2048c8427d57,synth_a0eebeb4aebf,gig_worker,tabddpm_synthetic,,['en'],ATO,2024-04-26T00:43:00+00:00,6000.0,269.67,45,0,6,Sunday,7,1,65,ATO,en,Bank debit card,1
60148fd0-6c5e-4fa9-9370-631b10d0ed8d,synth_16d8a40e1ce5,gig_worker,tabddpm_synthetic,,['en'],ATO,2024-09-05T19:43:00+00:00,62.78,12.26,43,19,2,Wednesday,20,129,3,ATO,en,Bank debit card,0
fc54d7b0-f209-4a27-bef0-e9ff877dd8b9,synth_61534ca23cac,gig_worker,tabddpm_synthetic,,['en'],ATO,2024-07-05T11:05:00+00:00,210.64,19.52,45,11,3,Thursday,0,499,3,ATO,en,Bank debit card,0
180413df-cae6-4ad2-b45a-83b5287ef545,synth_2395fbb3368d,gig_worker,tabddpm_synthetic,,['en'],ATO,2024-07-31T23:22:00+00:00,14.3,47.18,43,23,6,Sunday,0,1,100,ATO,en,Bank debit card,1
2cbf752b-fbd3-4c02-8d60-367d22b9dc81,synth_c3572023fd0b,gig_worker,tabddpm_synthetic,,['en'],ATO,2024-08-20T23:05:00+00:00,5.0,0.0,36,23,0,Monday,45,601,12,ATO,en,Bank debit card,0
7ec29123-d8b9-4090-941c-547cd936ff88,synth_56ab0bdc14e7,gig_worker,tabddpm_synthetic,,['en'],ATO,2024-04-23T23:51:00+00:00,6000.0,3000.0,45,23,0,Monday,0,2000,100,ATO,en,Bank debit card,0
6459cd11-e147-421c-afa9-687833c2eb37,synth_f91548ee90ac,gig_worker,tabddpm_synthetic,,['en'],ATO,2024-11-07T23:38:00+00:00,5.0,0.0,45,23,6,Sunday,0,1,100,ATO,en,Bank debit card,0
45bc556f-4719-4082-9a2a-676326325ce1,synth_795c7b3eab05,gig_worker,tabddpm_synthetic,,['en'],ATO,2024-08-09T23:59:00+00:00,6000.0,3000.0,45,23,0,Monday,63,1,100,ATO,en,Bank debit card,0
2006fd51-952b-4bae-86cb-51b0d9a24785,synth_66c8b04d7e27,gig_worker,tabddpm_synthetic,,['en'],ATO,2024-06-12T23:58:00+00:00,6000.0,3000.0,45,23,0,Monday,90,1,100,ATO,en,Bank debit card,0
af1fea04-9004-4edc-b974-ec69f40a0d22,synth_ee5c54baf7f4,gig_worker,tabddpm_synthetic,,['en'],ATO,2024-09-29T23:16:00+00:00,6000.0,3000.0,45,23,0,Monday,0,1,100,ATO,en,Bank debit card,0
b629552f-68f5-4331-8e0c-3d3b5a32749a,synth_a8fb43c5d414,gig_worker,tabddpm_synthetic,,['en'],ATO,2024-03-01T23:18:00+00:00,5.0,0.0,37,23,6,Sunday,0,1,100,ATO,en,Bank debit card,1
793c5a83-0256-4fc9-8036-0175af25e59a,synth_f2c6a1000f59,gig_worker,tabddpm_synthetic,,['en'],ATO,2024-12-18T08:21:00+00:00,222.61,10.21,45,8,0,Monday,90,1,0,ATO,en,Bank debit card,0
825db642-e2d7-4541-9a9e-dd5c319b3ea3,synth_556ac9dced4a,gig_worker,tabddpm_synthetic,,['en'],ATO,2024-02-09T23:33:00+00:00,5.0,0.0,40,23,6,Sunday,0,1,89,ATO,en,Bank debit card,1
856d64eb-7dcc-4aa2-bad1-990cb2ca602f,synth_de3c26b9aec9,gig_worker,tabddpm_synthetic,,['en'],ATO,2024-06-28T23:27:00+00:00,6000.0,3000.0,45,23,0,Monday,73,1,100,ATO,en,Bank debit card,0
f3630119-f4a8-41ef-9d9e-5f75ee9d34f4,synth_2e62fbb2bf65,gig_worker,tabddpm_synthetic,,['en'],ATO,2024-01-19T12:10:00+00:00,63.31,7.7,45,12,4,Friday,3,1860,3,ATO,en,Bank debit card,0
d94dc399-0bcc-4c75-8aae-9ea0fa15e929,synth_40f664acc5b6,gig_worker,tabddpm_synthetic,,['en'],ATO,2024-03-30T17:56:00+00:00,109.13,5.82,41,17,5,Saturday,8,1228,6,ATO,en,Bank debit card,0
fd32ace4-3702-47aa-9b2c-cb7995ea0fbe,synth_0f5564557409,gig_worker,tabddpm_synthetic,,['en'],ATO,2024-05-31T06:58:00+00:00,5.0,4.62,45,6,4,Friday,26,1,0,ATO,en,Bank debit card,0
67ee82fd-fcc8-4f18-af44-8892d21209be,synth_38098e88b1d4,gig_worker,tabddpm_synthetic,,['en'],ATO,2024-01-11T14:02:00+00:00,51.27,6.87,35,14,1,Tuesday,22,1524,3,ATO,en,Bank debit card,0
44109d5c-3fe9-41d4-952d-e9334d1feff6,synth_3cae162f66d6,gig_worker,tabddpm_synthetic,,['en'],ATO,2024-04-11T19:24:00+00:00,27.61,12.2,30,19,5,Saturday,34,2000,3,ATO,en,Bank debit card,0
00599818-5860-4156-bb3d-a4831fa6523a,synth_3aea9c598861,gig_worker,tabddpm_synthetic,,['en'],ATO,2024-10-28T00:20:00+00:00,405.99,0.0,44,0,0,Monday,90,1,0,ATO,en,Bank debit card,0
c2866c88-31e8-4d65-b707-eb1be482ce48,synth_0dc579f856e2,gig_worker,tabddpm_synthetic,,['en'],ATO,2024-01-09T11:11:00+00:00,5.0,0.51,20,11,6,Sunday,11,870,4,ATO,en,Bank debit card,0
66661d26-0614-412d-b29d-72eb7dd18b1f,synth_a88c1a7e2c3a,gig_worker,tabddpm_synthetic,,['en'],ATO,2024-11-05T23:47:00+00:00,205.62,12.68,26,23,1,Tuesday,90,1,0,ATO,en,Bank debit card,0
c775c234-ab12-4174-881c-49c608868547,synth_ffe691f992db,gig_worker,tabddpm_synthetic,,['en'],ATO,2024-08-29T23:18:00+00:00,6000.0,1469.13,45,23,0,Monday,0,2000,74,ATO,en,Bank debit card,0
16bf1c4f-0a00-44d7-a104-81d38b93bc98,synth_60cc8c5b31ff,gig_worker,tabddpm_synthetic,,['en'],ATO,2024-03-22T23:52:00+00:00,6000.0,3000.0,45,23,0,Monday,0,2000,100,ATO,en,Bank debit card,0
f7fc9990-3a2e-431a-b3f6-0ed994a52d9a,synth_6e17e87b1361,gig_worker,tabddpm_synthetic,,['en'],ATO,2024-02-06T12:42:00+00:00,5.0,0.0,45,12,0,Monday,7,2000,6,ATO,en,Bank debit card,0
7c77b521-e0d1-4bbf-96cf-6d99f5e88929,synth_8ae31b724bca,gig_worker,tabddpm_synthetic,,['en'],CashApp,2024-10-11T17:20:00+00:00,15.83,4.59,34,17,2,Wednesday,26,159,6,CashApp,en,Bank debit card,0
c09126df-91d1-40cc-af9d-0f80f18862cf,synth_26a153ea87a7,gig_worker,tabddpm_synthetic,,['en'],ATO,2024-06-17T08:09:00+00:00,118.07,9.54,43,8,5,Saturday,72,1,0,ATO,en,Bank debit card,0
e23b427f-fda2-403b-9349-6834b068664f,synth_344fad0184c9,gig_worker,tabddpm_synthetic,,['en'],ATO,2024-01-12T23:31:00+00:00,6000.0,3000.0,45,23,0,Monday,0,1,100,ATO,en,Bank debit card,0
28f78948-5e6a-4df2-97ea-0c2e96bc805a,synth_9c78e3013c0a,gig_worker,tabddpm_synthetic,,['en'],ATO,2024-09-22T07:32:00+00:00,46.63,10.24,35,7,0,Monday,7,2000,5,ATO,en,Bank debit card,0
735d204f-1e5b-454a-9ff0-b6e5630ae9b7,synth_58dfd99e2c4e,gig_worker,tabddpm_synthetic,,['en'],ATO,2024-12-22T10:50:00+00:00,48.55,11.07,44,10,6,Sunday,23,616,5,ATO,en,Bank debit card,0
2dc65f0a-94a9-41a6-82f9-61e3859631ec,synth_39831be9dd89,gig_worker,tabddpm_synthetic,,['en'],ATO,2024-12-12T23:41:00+00:00,6000.0,3000.0,45,23,0,Monday,0,1,100,ATO,en,Bank debit card,0
8231de96-cbd5-4ead-ae47-cf633bc2c037,synth_e7117b96557e,gig_worker,tabddpm_synthetic,,['en'],ATO,2024-07-09T06:08:00+00:00,161.46,2.5,18,6,0,Monday,12,508,3,ATO,en,Bank debit card,0
c72b9bdb-bb7c-4e23-ab2a-ddd7370172aa,synth_67f66b6eb47f,gig_worker,tabddpm_synthetic,,['en'],ATO,2024-02-09T02:43:00+00:00,108.97,5.02,27,2,0,Monday,2,1393,10,ATO,en,Bank debit card,0
29774f4d-5bcf-4a7d-9d5c-802a0969b252,synth_9abe3eeca289,gig_worker,tabddpm_synthetic,,['en'],ATO,2024-04-01T23:05:00+00:00,107.86,9.63,45,23,3,Thursday,11,57,14,ATO,en,Bank debit card,0
a5bcde88-bead-40f6-a5f4-9cd97428449b,synth_88f03d4e3f0d,gig_worker,tabddpm_synthetic,,['en'],ATO,2024-02-11T10:31:00+00:00,176.8,13.26,32,10,4,Friday,3,975,8,ATO,en,Bank debit card,0
ef559ad0-f98c-4a68-a68f-0fedb062d413,synth_d6075924fb80,gig_worker,tabddpm_synthetic,,['en'],ATO,2024-02-19T01:02:00+00:00,6000.0,1062.06,45,1,0,Monday,13,2000,0,ATO,en,Bank debit card,0
07d4b0ad-479b-46dd-83f0-781f443f2e83,synth_1d65aa4345f4,gig_worker,tabddpm_synthetic,,['en'],CashApp,2024-08-06T12:28:00+00:00,373.5,11.55,45,12,6,Sunday,77,1,0,CashApp,en,Bank debit card,0
7a4f6857-e54f-4d3f-a0f1-220b96ca203c,synth_5b2645c8a656,gig_worker,tabddpm_synthetic,,['en'],ATO,2024-05-07T14:41:00+00:00,5.0,0.78,45,14,3,Thursday,49,245,1,ATO,en,Bank debit card,0
fba834e8-8493-4701-833f-91579e4708e8,synth_9254f02e2506,gig_worker,tabddpm_synthetic,,['en'],ATO,2024-12-10T23:41:00+00:00,5.0,0.0,42,23,5,Saturday,90,1369,0,ATO,en,Bank debit card,0
739a7f60-5d88-400f-aa70-fbb0973b33f4,synth_d366be81beda,gig_worker,tabddpm_synthetic,,['en'],ATO,2024-01-12T23:27:00+00:00,5.0,0.0,45,23,6,Sunday,0,1,93,ATO,en,Bank debit card,1
18a46cba-600c-4b26-9b2f-e199813e39c8,synth_ef9b99e29475,gig_worker,tabddpm_synthetic,,['en'],ATO,2024-04-01T06:40:00+00:00,163.9,4.99,31,6,0,Monday,0,1236,4,ATO,en,Bank debit card,0
5d777840-da2f-41ff-b85a-c0e3d246b174,synth_bc584d82fab9,gig_worker,tabddpm_synthetic,,['en'],ATO,2024-01-11T13:43:00+00:00,230.18,0.0,45,13,0,Monday,90,1,0,ATO,en,Bank debit card,0
2b1316ef-3ed3-49c4-98b9-97a13f39c311,synth_5ee09d180d8d,gig_worker,tabddpm_synthetic,,['en'],ATO,2024-07-22T23:15:00+00:00,242.36,23.35,37,23,4,Friday,52,1,0,ATO,en,Bank debit card,0
a86175f0-a0b7-473e-a7b5-894180ecec4a,synth_c1c2b4f128fb,gig_worker,tabddpm_synthetic,,['en'],ATO,2024-10-27T16:53:00+00:00,5.0,3.27,37,16,2,Wednesday,39,573,3,ATO,en,Bank debit card,0
eeb300af-bd5b-4380-a5ea-06465fb20ac2,synth_85480ab4aa70,gig_worker,tabddpm_synthetic,,['en'],ATO,2024-04-05T09:05:00+00:00,377.3,21.33,21,9,6,Sunday,6,2000,13,ATO,en,Bank debit card,0
c5c06203-85c5-4d88-a63d-4cfffd3101e3,synth_79070d3ec83b,gig_worker,tabddpm_synthetic,,['en'],ATO,2024-03-12T23:05:00+00:00,6000.0,3000.0,45,23,0,Monday,90,2000,100,ATO,en,Bank debit card,0
e20d4cb4-5841-479f-bfcd-411b8d79d10a,synth_166592512538,gig_worker,tabddpm_synthetic,,['en'],ATO,2024-01-06T13:31:00+00:00,5.0,0.0,45,13,5,Saturday,0,1363,5,ATO,en,Bank debit card,0
dd4f4d56-a21b-4e3b-a418-f2ee64e95976,synth_2c553e8196d2,gig_worker,tabddpm_synthetic,,['en'],ATO,2024-07-22T12:00:00+00:00,402.87,9.06,39,12,0,Monday,66,58,6,ATO,en,Bank debit card,0
bbfd62f3-95a1-41b1-83df-d6407f42e2b1,synth_fc9f5e1eaeec,gig_worker,tabddpm_synthetic,,['en'],ATO,2024-01-02T19:03:00+00:00,5.0,0.91,24,19,0,Monday,0,1649,8,ATO,en,Bank debit card,0
546ac906-7559-479a-87dc-c800e8e241fa,synth_ae46f0d9eec8,gig_worker,tabddpm_synthetic,,['en'],ATO,2024-02-26T02:49:00+00:00,293.06,0.0,45,2,1,Tuesday,90,1,0,ATO,en,Bank debit card,0
6f40e2e0-1d94-4053-95af-cc2dfb8c5614,synth_0d4ab421bae0,gig_worker,tabddpm_synthetic,,['en'],ATO,2024-06-14T13:00:00+00:00,100.59,14.54,32,13,0,Monday,16,1507,9,ATO,en,Bank debit card,0
0dd2a7de-50da-44b9-b7c1-cac057c5539f,synth_8a6bbd2d007d,gig_worker,tabddpm_synthetic,,['en'],ATO,2024-04-20T01:01:00+00:00,424.12,0.0,44,1,0,Monday,90,1,0,ATO,en,Bank debit card,0
b65e3943-5591-4ccf-899e-bd571a20966c,synth_7238037002d9,gig_worker,tabddpm_synthetic,,['en'],ATO,2024-05-15T12:54:00+00:00,195.12,19.59,36,12,3,Thursday,4,1244,7,ATO,en,Bank debit card,0
955f496a-661c-43ce-b5f0-5347b44fa26f,synth_1f744af9439c,gig_worker,tabddpm_synthetic,,['en'],ATO,2024-07-31T17:44:00+00:00,98.54,0.0,42,17,3,Thursday,90,1,3,ATO,en,Bank debit card,0
e8205c6f-efb2-4fb4-842a-59b825bfb52e,synth_9a0e586cfe07,gig_worker,tabddpm_synthetic,,['en'],ATO,2024-08-08T22:30:00+00:00,678.77,51.55,18,22,6,Sunday,32,1,0,ATO,en,Bank debit card,0
4ed98eb2-d731-4a4c-94e3-557165e8ade6,synth_c113aa28d69e,gig_worker,tabddpm_synthetic,,['en'],ATO,2024-01-17T23:37:00+00:00,6000.0,3000.0,45,23,0,Monday,90,2000,100,ATO,en,Bank debit card,1
cb74ce34-2f54-40f5-b574-d46f7bcd08a5,synth_c0fc9f233bc6,gig_worker,tabddpm_synthetic,,['en'],ATO,2024-08-07T23:25:00+00:00,6000.0,3000.0,45,23,0,Monday,0,2000,100,ATO,en,Bank debit card,0
84faf1c5-6686-4593-9626-f720de75e0a7,synth_1747641b820d,gig_worker,tabddpm_synthetic,,['en'],ATO,2024-06-01T23:47:00+00:00,6000.0,3000.0,45,23,0,Monday,63,2000,100,ATO,en,Bank debit card,0
cac43a22-244b-4d91-a625-8f83ce66881b,synth_9b26e439b89e,gig_worker,tabddpm_synthetic,,['en'],ATO,2024-07-18T00:49:00+00:00,724.53,0.0,45,0,0,Monday,90,1,0,ATO,en,Bank debit card,0
c9591dda-fe11-4b34-bd2d-631f520fbc56,synth_4719e67e07cf,gig_worker,tabddpm_synthetic,,['en'],ATO,2024-08-10T18:58:00+00:00,5.0,3.88,43,18,4,Friday,1,1539,12,ATO,en,Bank debit card,0
380b7f87-4018-4335-893b-fb279cb930f7,synth_44c826f29036,gig_worker,tabddpm_synthetic,,['en'],ATO,2024-08-14T23:41:00+00:00,6000.0,3000.0,45,23,0,Monday,70,2000,100,ATO,en,Bank debit card,0
9b4cdfaf-2fa0-459a-aa1c-b6600c72bf4e,synth_8c8a57772c56,gig_worker,tabddpm_synthetic,,['en'],ATO,2024-01-01T12:01:00+00:00,223.01,4.66,20,12,0,Monday,90,1,3,ATO,en,Bank debit card,0
fefea890-83a7-478c-b858-c39536a0ae04,synth_5329838f8657,gig_worker,tabddpm_synthetic,,['en'],ATO,2024-07-21T12:43:00+00:00,5.0,3.19,45,12,5,Saturday,0,1607,6,ATO,en,Bank debit card,0
905444f1-dc38-4ff2-aab5-700d5b4aef42,synth_c014edbaf079,gig_worker,tabddpm_synthetic,,['en'],ATO,2024-07-31T09:16:00+00:00,5.0,14.13,18,9,0,Monday,16,2000,6,ATO,en,Bank debit card,0
ea464e32-9b6d-46f9-a86c-0f502cfc6e0d,synth_cea7eee90622,gig_worker,tabddpm_synthetic,,['en'],CashApp,2024-04-22T06:29:00+00:00,38.69,8.15,45,6,0,Monday,5,186,0,CashApp,en,Bank debit card,0
b4041d98-da62-4aeb-b3c3-bcf8b1b7dac0,synth_406e596dff2d,gig_worker,tabddpm_synthetic,,['en'],ATO,2024-04-01T09:09:00+00:00,43.27,2.58,28,9,2,Wednesday,5,1726,10,ATO,en,Bank debit card,0
2ac0b33b-564d-4b1f-9c69-470c741baa73,synth_749aa6fdfa5a,gig_worker,tabddpm_synthetic,,['en'],ATO,2024-05-03T14:21:00+00:00,5.0,0.0,45,14,5,Saturday,38,1,0,ATO,en,Bank debit card,0
e4c1fb36-45e2-4a18-82cf-8490b806dba2,synth_0600464d6c1f,gig_worker,tabddpm_synthetic,,['en'],ATO,2024-01-28T00:45:00+00:00,69.74,0.0,45,0,0,Monday,90,1,0,ATO,en,Bank debit card,0
e684576b-d8eb-4b24-ae51-10efb46345ed,synth_19faa52aa40a,gig_worker,tabddpm_synthetic,,['en'],ATO,2024-08-19T00:43:00+00:00,319.05,0.0,45,0,0,Monday,90,1,0,ATO,en,Bank debit card,0
af0ff412-6c9d-44a1-96a7-3600624a526a,synth_2d95cb2bc570,gig_worker,tabddpm_synthetic,,['en'],ATO,2024-06-14T23:40:00+00:00,5.0,0.0,45,23,6,Sunday,0,1,100,ATO,en,Bank debit card,1
c29b1ab3-410e-4444-a0e9-fdc52b61f018,synth_830c79edc5aa,gig_worker,tabddpm_synthetic,,['en'],ATO,2024-02-29T18:57:00+00:00,3393.89,209.98,26,18,0,Monday,8,2000,0,ATO,en,Bank debit card,0
26bc4e57-6a85-4b4e-b8b2-19e05757922d,synth_448e11c79c10,gig_worker,tabddpm_synthetic,,['en'],ATO,2024-12-18T23:47:00+00:00,5.0,0.0,45,23,6,Sunday,0,1,100,ATO,en,Bank debit card,1
881e1e27-a0bd-4864-9864-48a4a47af267,synth_edec8d32f929,gig_worker,tabddpm_synthetic,,['en'],ATO,2024-03-15T23:03:00+00:00,418.14,33.9,45,23,6,Sunday,3,994,18,ATO,en,Bank debit card,0
ed47eeef-8652-4488-bf53-9f2c17dc8b7c,synth_73bc83663a3a,gig_worker,tabddpm_synthetic,,['en'],ATO,2024-02-10T08:39:00+00:00,610.21,52.91,39,8,0,Monday,9,1841,10,ATO,en,Bank debit card,0
f95c7b88-c6c0-4ae2-820d-3069c7160425,synth_ee327a7eb540,gig_worker,tabddpm_synthetic,,['en'],ATO,2024-07-07T23:58:00+00:00,33.45,9.07,44,23,3,Thursday,0,1,59,ATO,en,Bank debit card,1
01753049-b382-4157-9c40-3391a1df3207,synth_573761980022,gig_worker,tabddpm_synthetic,,['en'],ATO,2024-07-24T15:07:00+00:00,359.33,21.68,31,15,0,Monday,24,2000,4,ATO,en,Bank debit card,0
eb74633d-816a-421d-9701-2ecb66ffd9b1,synth_be22836aab0d,gig_worker,tabddpm_synthetic,,['en'],ATO,2024-02-28T23:33:00+00:00,6000.0,3000.0,45,23,0,Monday,90,1,100,ATO,en,Bank debit card,1
a39c6375-2704-4678-8ac9-2411a07e5655,synth_5c0a6206e759,gig_worker,tabddpm_synthetic,,['en'],ATO,2024-07-15T12:28:00+00:00,55.81,10.18,34,12,5,Saturday,22,1,6,ATO,en,Bank debit card,0
07e55ce4-fc5c-4020-88a6-52cf25d0ad7e,synth_45f01b96dea8,gig_worker,tabddpm_synthetic,,['en'],ATO,2024-04-25T07:02:00+00:00,97.68,0.0,36,7,0,Monday,90,1,0,ATO,en,Bank debit card,0
1b0fe381-89ef-4c5c-8d63-8b103c24c8b2,synth_a786ea32b2dd,gig_worker,tabddpm_synthetic,,['en'],ATO,2024-02-26T00:02:00+00:00,5.0,14.35,26,0,0,Monday,0,1,53,ATO,en,Bank debit card,1
6200b382-24ca-4fa5-bb92-9eff2299c8ea,synth_90917fa4a9e6,gig_worker,tabddpm_synthetic,,['en'],ATO,2024-11-02T23:47:00+00:00,6000.0,3000.0,45,23,0,Monday,90,2000,100,ATO,en,Bank debit card,0
7d242e3c-95cf-4685-95f5-10f363d910c5,synth_2beff0572950,gig_worker,tabddpm_synthetic,,['en'],ATO,2024-01-31T14:26:00+00:00,249.96,22.32,35,14,1,Tuesday,23,667,2,ATO,en,Bank debit card,0
5e0f9ee5-1ae1-4000-b264-655fec939b44,synth_0126bd8c26a0,gig_worker,tabddpm_synthetic,,['en'],ATO,2024-05-07T23:25:00+00:00,6000.0,3000.0,45,23,0,Monday,90,1,100,ATO,en,Bank debit card,0
f34c0ba5-3aaa-47ff-b4a9-96a05b2a1297,synth_9dca80f4dbde,gig_worker,tabddpm_synthetic,,['en'],ATO,2024-02-12T15:38:00+00:00,5.0,3.03,45,15,0,Monday,34,217,0,ATO,en,Bank debit card,0
fe33cff4-7a65-4cdd-a1af-a0386e4817a4,synth_54fb85c95cb1,gig_worker,tabddpm_synthetic,,['en'],ATO,2024-09-18T11:57:00+00:00,244.44,19.8,23,11,0,Monday,4,1,5,ATO,en,Bank debit card,0
7b4fb30e-99b4-49ed-afaa-70ffd7d4fccf,synth_d55075a5584c,gig_worker,tabddpm_synthetic,,['en'],ATO,2024-05-24T15:35:00+00:00,5.0,1.69,45,15,0,Monday,11,1186,0,ATO,en,Bank debit card,0
01065043-1710-4636-bbdd-08ea9f462681,synth_5571ebac198a,gig_worker,tabddpm_synthetic,,['en'],ATO,2024-10-17T23:54:00+00:00,6000.0,3000.0,45,23,0,Monday,22,2000,100,ATO,en,Bank debit card,0
5eda387d-a53a-4e81-9709-2a77d6de68f8,synth_27749eab4a25,gig_worker,tabddpm_synthetic,,['en'],ATO,2024-10-21T23:23:00+00:00,267.21,19.17,25,23,2,Wednesday,70,1,3,ATO,en,Bank debit card,0
83a9de19-8cc2-48e0-a77e-ec12dd73e594,synth_a66362eb0aa7,gig_worker,tabddpm_synthetic,,['en'],ATO,2024-05-06T00:05:00+00:00,260.63,0.0,45,0,0,Monday,90,1,0,ATO,en,Bank debit card,0
f9b215ce-86fa-4ec4-a210-00a74cb5e1bc,synth_5542fe0ecd3c,gig_worker,tabddpm_synthetic,,['en'],ATO,2024-09-22T00:24:00+00:00,362.91,0.0,45,0,0,Monday,90,1,0,ATO,en,Bank debit card,0
036f51eb-9115-4989-91b8-abff45a26d35,synth_a16eb263a163,gig_worker,tabddpm_synthetic,,['en'],ATO,2024-12-06T23:18:00+00:00,6000.0,989.49,45,23,0,Monday,63,1,31,ATO,en,Bank debit card,0
9f34413f-ec96-419f-9fbe-4b28b25bb17d,synth_78908576e6ef,gig_worker,tabddpm_synthetic,,['en'],ATO,2024-10-08T00:46:00+00:00,2692.92,0.0,18,0,0,Monday,90,1,0,ATO,en,Bank debit card,0
31adc1a7-91ce-4778-982a-b205dd684abc,synth_9c1f77c11c33,gig_worker,tabddpm_synthetic,,['en'],ATO,2024-06-09T09:17:00+00:00,466.27,13.03,33,9,0,Monday,4,1063,8,ATO,en,Bank debit card,0
51e26782-bab1-4104-899d-a739cdd3cf0b,synth_dde9f95ebabb,gig_worker,tabddpm_synthetic,,['en'],ATO,2024-08-10T23:31:00+00:00,6000.0,3000.0,45,23,0,Monday,0,1,100,ATO,en,Bank debit card,0
a29c029f-0dea-4272-8027-eaa7320ec64b,synth_e6b42a0bce02,gig_worker,tabddpm_synthetic,,['en'],ATO,2024-04-24T16:47:00+00:00,158.32,8.08,42,16,6,Sunday,25,1462,5,ATO,en,Bank debit card,0
47e59cc1-a1ca-46f2-9fcd-cbb2cd606ee1,synth_0d9ee89d55a5,gig_worker,tabddpm_synthetic,,['en'],ATO,2024-06-17T23:02:00+00:00,6000.0,2814.14,45,23,0,Monday,18,2000,100,ATO,en,Bank debit card,0
c2b2a135-9889-4ccb-90a0-8fc1789504ab,synth_5db87c1f1b79,gig_worker,tabddpm_synthetic,,['en'],ATO,2024-01-10T08:59:00+00:00,276.12,16.72,42,8,4,Friday,30,1,7,ATO,en,Bank debit card,0
47570a3c-29e3-4026-9c93-5c80aaad77ad,synth_d6f59d2ff297,gig_worker,tabddpm_synthetic,,['en'],ATO,2024-02-26T23:10:00+00:00,6000.0,3000.0,45,23,0,Monday,90,2000,100,ATO,en,Bank debit card,0
ac9f2cfe-a606-45d9-820a-d0cd0316b631,synth_ff4d377f40d2,gig_worker,tabddpm_synthetic,,['en'],ATO,2024-04-13T12:08:00+00:00,5.0,1.15,36,12,1,Tuesday,23,1128,15,ATO,en,Bank debit card,0
e85516c9-c596-4391-8ce6-06ad7d46055c,synth_58f6212ea159,gig_worker,tabddpm_synthetic,,['en'],ATO,2024-01-30T23:32:00+00:00,258.87,0.0,45,23,6,Sunday,90,1,0,ATO,en,Bank debit card,0
e33a0486-9c9b-446c-bae5-f367181cbcce,synth_8e8e58bdc206,gig_worker,tabddpm_synthetic,,['en'],ATO,2024-01-04T08:06:00+00:00,5.0,2.19,44,8,0,Monday,23,1,3,ATO,en,Bank debit card,0
1eee559d-f0a0-4d9a-8cf8-58d52e015421,synth_b46eadcf0a1d,gig_worker,tabddpm_synthetic,,['en'],ATO,2024-06-21T23:17:00+00:00,6000.0,3000.0,45,23,0,Monday,90,1,100,ATO,en,Bank debit card,0
38dc8132-5d01-48d1-a8e1-ed1340053695,synth_eb92a5d38dcc,gig_worker,tabddpm_synthetic,,['en'],ATO,2024-04-24T11:38:00+00:00,258.83,13.87,45,11,2,Wednesday,3,1733,7,ATO,en,Bank debit card,0
999a46e7-9e97-4d15-b506-f8abb6d64c2a,synth_8c72aeed6c4e,gig_worker,tabddpm_synthetic,,['en'],ATO,2024-03-17T12:18:00+00:00,114.23,14.55,22,12,0,Monday,4,1263,4,ATO,en,Bank debit card,0
3ebce8f0-9504-45b7-a80d-06681740bc6a,synth_2db3feb76260,gig_worker,tabddpm_synthetic,,['en'],CashApp,2024-03-31T15:48:00+00:00,5.0,0.0,25,15,0,Monday,5,1782,10,CashApp,en,Bank debit card,0
dda654fe-62db-4ea9-a3d3-c990d10c06c5,synth_12f622a11fef,gig_worker,tabddpm_synthetic,,['en'],ATO,2024-05-21T23:24:00+00:00,6000.0,2808.79,45,23,0,Monday,40,1,56,ATO,en,Bank debit card,0
65647e4b-883d-4335-a08b-db8f80058f08,synth_645542e8b4bb,gig_worker,tabddpm_synthetic,,['en'],ATO,2024-09-08T13:16:00+00:00,44.06,0.23,40,13,3,Thursday,84,1,0,ATO,en,Bank debit card,0
69dfac42-3e12-481d-a93f-9f9f0e8581b3,synth_b6999f3e56de,gig_worker,tabddpm_synthetic,,['en'],ATO,2024-06-20T18:11:00+00:00,249.5,12.44,38,18,1,Tuesday,30,1,0,ATO,en,Bank debit card,0
640fca9d-86b7-448d-b22e-fac02e461e8a,synth_d1317148e58e,gig_worker,tabddpm_synthetic,,['en'],ATO,2024-04-13T07:47:00+00:00,1981.62,74.77,44,7,0,Monday,12,31,7,ATO,en,Bank debit card,0
ba1885ec-ff7a-4209-b4bf-a6d588bf551a,synth_07b24526a543,gig_worker,tabddpm_synthetic,,['en'],ATO,2024-02-13T14:57:00+00:00,44.44,10.64,39,14,6,Sunday,5,1114,5,ATO,en,Bank debit card,0
43f26472-365d-4ea3-8122-811d9c9de5b4,synth_ae259a5d46ba,gig_worker,tabddpm_synthetic,,['en'],ATO,2024-08-19T09:20:00+00:00,261.43,16.15,32,9,4,Friday,7,613,5,ATO,en,Bank debit card,0
aa3874de-d4ca-45f8-ae9d-a2150d067dce,synth_fab9aa6afbcb,gig_worker,tabddpm_synthetic,,['en'],ATO,2024-09-17T23:52:00+00:00,6000.0,3000.0,45,23,0,Monday,0,2000,100,ATO,en,Bank debit card,0
347ade89-7860-4612-a7a1-a73d3ea414e4,synth_86efba292ec5,gig_worker,tabddpm_synthetic,,['en'],ATO,2024-06-01T23:43:00+00:00,115.91,0.0,39,23,3,Thursday,75,1,0,ATO,en,Bank debit card,0
a04b8e7a-b9d1-45bb-be31-4852f34648b9,synth_876b85c126c9,gig_worker,tabddpm_synthetic,,['en'],ATO,2024-10-26T00:51:00+00:00,442.34,0.0,29,0,0,Monday,90,1,0,ATO,en,Bank debit card,0
aa46a994-4149-43f2-a434-a635251e071e,synth_bcc203af69d1,gig_worker,tabddpm_synthetic,,['en'],CashApp,2024-02-15T12:14:00+00:00,5.0,0.0,30,12,0,Monday,10,830,5,CashApp,en,Bank debit card,0
7b99b1e5-a94e-4ab4-8bd5-4e97000e1d97,synth_bcf7ce473063,gig_worker,tabddpm_synthetic,,['en'],ATO,2024-12-29T23:27:00+00:00,6000.0,3000.0,45,23,0,Monday,90,2000,100,ATO,en,Bank debit card,0
3ad03700-133d-4382-ab53-f22ddbf83143,synth_5698c489f813,gig_worker,tabddpm_synthetic,,['en'],ATO,2024-04-08T06:06:00+00:00,5.0,0.67,36,6,1,Tuesday,35,711,0,ATO,en,Bank debit card,0
efe4b0de-6c6c-4601-baaa-8772a9e345fd,synth_de0e32e17f8d,gig_worker,tabddpm_synthetic,,['en'],ATO,2024-09-17T23:16:00+00:00,6000.0,3000.0,45,23,0,Monday,90,2000,100,ATO,en,Bank debit card,0
e16f47c6-4654-4418-838a-f280ac873008,synth_977dc12d400f,gig_worker,tabddpm_synthetic,,['en'],ATO,2024-04-28T23:46:00+00:00,6000.0,3000.0,45,23,0,Monday,1,2000,100,ATO,en,Bank debit card,0
7f769ec5-0881-407f-bff0-1b861a4ea283,synth_2a5dc4d4a4ff,gig_worker,tabddpm_synthetic,,['en'],ATO,2024-02-03T13:29:00+00:00,543.19,21.72,22,13,5,Saturday,21,281,4,ATO,en,Bank debit card,0
d8e89939-415a-46a8-9803-781e770d6cf3,synth_3b9808bb408d,gig_worker,tabddpm_synthetic,,['en'],ATO,2024-01-04T23:45:00+00:00,5.0,0.0,43,23,6,Sunday,0,1,100,ATO,en,Bank debit card,0
6acb57f2-e280-4f5e-98ff-f6bb9aa0e480,synth_86eadfa117cc,gig_worker,tabddpm_synthetic,,['en'],ATO,2024-08-20T00:36:00+00:00,5.0,0.0,45,0,0,Monday,90,1,0,ATO,en,Bank debit card,0
d3203866-4bdb-45fd-aff0-ac6c7c4a9b3f,synth_4c4e3d4376bc,gig_worker,tabddpm_synthetic,,['en'],ATO,2024-07-11T15:09:00+00:00,5.0,0.24,45,15,2,Wednesday,57,297,0,ATO,en,Bank debit card,0
974bfd7d-7c64-4cef-9ef1-27df9e1d9e7d,synth_9014b2783582,gig_worker,tabddpm_synthetic,,['en'],ATO,2024-10-08T14:33:00+00:00,177.5,18.77,34,14,2,Wednesday,1,1183,7,ATO,en,Bank debit card,0
21218902-3b61-43e9-9934-5aed4cbb8dbc,synth_a5c0362dac20,gig_worker,tabddpm_synthetic,,['en'],ATO,2024-12-21T22:53:00+00:00,115.66,6.9,45,22,6,Sunday,0,427,10,ATO,en,Bank debit card,0
03a58969-56fb-4cf8-84c2-af9c73c4c78d,synth_733fa38bf69a,gig_worker,tabddpm_synthetic,,['en'],ATO,2024-03-14T14:37:00+00:00,278.12,36.76,30,14,0,Monday,13,923,11,ATO,en,Bank debit card,0
1f873c1b-c72d-43da-9cf5-e3521b5730e7,synth_e64502c332ff,gig_worker,tabddpm_synthetic,,['en'],ATO,2024-05-17T08:24:00+00:00,73.35,12.23,35,8,4,Friday,8,1,2,ATO,en,Bank debit card,0
ca009110-685e-4af1-b600-0c6e8c75ef1f,synth_09a14df8090b,gig_worker,tabddpm_synthetic,,['en'],ATO,2024-04-08T23:36:00+00:00,6000.0,3000.0,45,23,0,Monday,39,2000,100,ATO,en,Bank debit card,0
f9e6357b-dda5-44c9-9522-8bbb062b464e,synth_66bc881abb88,gig_worker,tabddpm_synthetic,,['en'],ATO,2024-12-05T11:35:00+00:00,169.83,12.77,38,11,4,Friday,7,714,2,ATO,en,Bank debit card,0
11246433-a779-4fe2-b9e0-71b69f56c70a,synth_5889e9da1c06,gig_worker,tabddpm_synthetic,,['es'],ATO,2024-04-26T06:09:00+00:00,34.21,0.0,28,6,4,Friday,0,1245,8,ATO,es,Bank debit card,0
d34a6161-7c48-415d-b04d-a5e3ed598c35,synth_4a253fb8bf22,gig_worker,tabddpm_synthetic,,['en'],ATO,2024-04-17T16:47:00+00:00,16.25,2.87,39,16,5,Saturday,76,1,5,ATO,en,Bank debit card,0
ff35e556-7308-41ec-a1d9-f1e68ac3d1f1,synth_d1d8bf9148f0,gig_worker,tabddpm_synthetic,,['en'],ATO,2024-01-24T23:07:00+00:00,6000.0,3000.0,45,23,0,Monday,0,1,100,ATO,en,Bank debit card,1
d3bde890-c1e5-4c48-94e8-c732667219dc,synth_41ad4ef98277,gig_worker,tabddpm_synthetic,,['en'],ATO,2024-10-31T10:29:00+00:00,382.85,20.76,35,10,2,Wednesday,5,233,9,ATO,en,Bank debit card,0
185c433c-7329-4430-9be5-de0894ca8357,synth_7514bfe65814,gig_worker,tabddpm_synthetic,,['en'],ATO,2024-05-01T20:19:00+00:00,294.85,0.0,30,20,0,Monday,90,1,8,ATO,en,Bank debit card,0
4a193b52-feeb-4673-ba35-8a94a0d0db56,synth_b07db7a89bc9,gig_worker,tabddpm_synthetic,,['en'],ATO,2024-06-13T09:54:00+00:00,274.54,13.35,18,9,4,Friday,0,1041,3,ATO,en,Bank debit card,0
1351c378-5a96-49bb-b994-d10b4c1a1a3e,synth_7d7503a93f54,gig_worker,tabddpm_synthetic,,['en'],ATO,2024-10-06T15:09:00+00:00,5.0,0.0,39,15,0,Monday,3,1312,9,ATO,en,Bank debit card,0
b920ab49-515c-4542-b0dd-e91333a9865e,synth_782809088b55,gig_worker,tabddpm_synthetic,,['en'],ATO,2024-04-25T08:09:00+00:00,144.7,1.16,32,8,1,Tuesday,2,1339,5,ATO,en,Bank debit card,0
0acf51f7-dad9-43c0-ad1c-4307a1be29ac,synth_48318c42ab40,gig_worker,tabddpm_synthetic,,['en'],ATO,2024-07-19T12:51:00+00:00,289.71,9.21,38,12,2,Wednesday,78,1,4,ATO,en,Bank debit card,0
7820ac83-95f8-4a4e-8bc7-482c6b486d72,synth_d715e0f36f3e,gig_worker,tabddpm_synthetic,,['en'],ATO,2024-10-19T11:28:00+00:00,112.04,6.34,18,11,5,Saturday,10,1723,9,ATO,en,Bank debit card,0
3dcbb99f-72be-4cd6-b82a-3ebb632c229c,synth_823e961f2f16,gig_worker,tabddpm_synthetic,,['en'],ATO,2024-11-09T23:44:00+00:00,6000.0,3000.0,45,23,0,Monday,0,2000,100,ATO,en,Bank debit card,0
5f59f818-19be-4e21-bd9a-27f0db493745,synth_10020e316b40,gig_worker,tabddpm_synthetic,,['en'],ATO,2024-05-09T23:36:00+00:00,6000.0,3000.0,45,23,0,Monday,0,1,100,ATO,en,Bank debit card,1
c32e4701-3f80-4cc4-9faa-a1b6b2f65efd,synth_4179df1f0cb4,gig_worker,tabddpm_synthetic,,['en'],ATO,2024-11-03T23:56:00+00:00,6000.0,3000.0,45,23,0,Monday,0,2000,100,ATO,en,Bank debit card,1
66301375-1ebf-40ec-ae0a-16a7c396eedc,synth_f964beac956e,gig_worker,tabddpm_synthetic,,['en'],ATO,2024-05-18T11:35:00+00:00,249.38,11.04,23,11,4,Friday,70,207,4,ATO,en,Bank debit card,0
808fd416-c112-4699-a68c-ed674080a4b2,synth_bc01b71ee552,gig_worker,tabddpm_synthetic,,['en'],ATO,2024-04-30T11:29:00+00:00,221.29,0.0,42,11,6,Sunday,90,75,2,ATO,en,Bank debit card,0
c50e8a23-b075-4078-9faa-042fae436da4,synth_1f2d22aca4af,gig_worker,tabddpm_synthetic,,['en'],ATO,2024-02-15T12:46:00+00:00,129.58,6.63,45,12,1,Tuesday,12,247,3,ATO,en,Bank debit card,0
7af408af-9adc-4d50-8744-0cca7a1914f1,synth_0d38468db1b1,gig_worker,tabddpm_synthetic,,['en'],CashApp,2024-06-27T09:01:00+00:00,80.08,17.35,45,9,0,Monday,20,437,4,CashApp,en,Bank debit card,0
e47eb524-4ecb-4491-a264-cf85afd4a30b,synth_6ada44811070,gig_worker,tabddpm_synthetic,,['en'],ATO,2024-11-02T16:21:00+00:00,167.02,18.49,37,16,3,Thursday,21,1,3,ATO,en,Bank debit card,0
389dea80-5933-4d12-99a9-737d10c1bbdd,synth_abea9a5b0a5e,gig_worker,tabddpm_synthetic,,['en'],ATO,2024-12-30T23:07:00+00:00,37.42,0.0,33,23,6,Sunday,3,1,13,ATO,en,Bank debit card,0
e41c0990-376c-40c1-af76-35c41c957320,synth_d073ed0e227e,gig_worker,tabddpm_synthetic,,['en'],ATO,2024-06-20T12:01:00+00:00,5.0,0.0,45,12,5,Saturday,90,1,0,ATO,en,Bank debit card,0
694fc6f4-badb-4759-b698-efe29acbe0b1,synth_5e1bec2088e8,gig_worker,tabddpm_synthetic,,['en'],ATO,2024-04-09T23:09:00+00:00,6000.0,3000.0,45,23,0,Monday,75,1,100,ATO,en,Bank debit card,0
0f4baf51-b9fe-42ae-bec6-b9c041d6850b,synth_0c6e892761ac,gig_worker,tabddpm_synthetic,,['en'],ATO,2024-10-21T10:03:00+00:00,620.43,34.61,35,10,0,Monday,3,772,10,ATO,en,CashApp,0
10d29810-705c-49f3-a54c-a55dcfe93642,synth_2b3fe2dbc3a0,gig_worker,tabddpm_synthetic,,['en'],ATO,2024-03-23T20:11:00+00:00,205.2,18.68,34,20,2,Wednesday,47,1,0,ATO,en,Bank debit card,0
e477a619-d6ee-4dce-be71-cecd4cdc305c,synth_39194d004dff,gig_worker,tabddpm_synthetic,,['en'],ATO,2024-05-22T17:17:00+00:00,5560.35,246.63,45,17,0,Monday,28,77,3,ATO,en,Bank debit card,0
dbd38123-f189-4174-8042-14fa4598f270,synth_122049786357,gig_worker,tabddpm_synthetic,,['en'],ATO,2024-07-04T04:50:00+00:00,156.02,1.72,40,4,0,Monday,0,1268,11,ATO,en,Bank debit card,0
c30ec444-eb3d-4d0c-8326-3ab191ce3f68,synth_c59ebabd5977,gig_worker,tabddpm_synthetic,,['en'],ATO,2024-12-28T02:20:00+00:00,525.11,3.51,38,2,0,Monday,90,1,0,ATO,en,Bank debit card,0
364fe8fe-b0be-47ec-980b-b94e7c2b2fa9,synth_ff6f25e64c9e,gig_worker,tabddpm_synthetic,,['en'],ATO,2024-12-23T12:03:00+00:00,223.15,2.25,34,12,2,Wednesday,90,1,2,ATO,en,Bank debit card,0
2be5e1f1-c588-4f43-ae46-980f3064658c,synth_6b8969efc801,gig_worker,tabddpm_synthetic,,['en'],ATO,2024-02-20T23:42:00+00:00,6000.0,3000.0,45,23,0,Monday,0,1,100,ATO,en,Bank debit card,0
b5804862-8a18-4210-8495-7222b4c70f97,synth_e66f6407230e,gig_worker,tabddpm_synthetic,,['en'],ATO,2024-04-11T23:45:00+00:00,5.0,0.0,45,23,6,Sunday,0,1,82,ATO,en,Bank debit card,1
44ada6cf-1c94-4ed0-b080-f12a41658b7b,synth_71121cadc398,gig_worker,tabddpm_synthetic,,['en'],ATO,2024-05-09T17:40:00+00:00,5.0,8.54,45,17,0,Monday,13,1008,8,ATO,en,Bank debit card,0
925ddaec-eb96-410e-8d56-9546e495c5b3,synth_f81a62cb7c2c,gig_worker,tabddpm_synthetic,,['en'],ATO,2024-12-03T23:05:00+00:00,6000.0,3000.0,45,23,0,Monday,0,1,100,ATO,en,Bank debit card,0
cc7e2e93-a17f-423c-a4d4-f25a0f460234,synth_28adf59d2dfc,gig_worker,tabddpm_synthetic,,['en'],ATO,2024-05-10T07:01:00+00:00,5.0,2.84,43,7,5,Saturday,3,1137,2,ATO,en,Bank debit card,0
ceae2610-7cd8-46a6-b809-a0843937ec0d,synth_833064c580ae,gig_worker,tabddpm_synthetic,,['en'],ATO,2024-08-18T00:26:00+00:00,198.24,0.0,30,0,0,Monday,0,1,45,ATO,en,Bank debit card,1
ae95f329-deda-411e-81c2-13cc970f7f6c,synth_c7542245eebf,gig_worker,tabddpm_synthetic,,['en'],ATO,2024-08-24T23:04:00+00:00,5.0,0.0,40,23,6,Sunday,0,1,16,ATO,en,Bank debit card,0
e2dc5e0a-c071-4aca-a819-93aca6d33eaf,synth_aa9d5858b569,gig_worker,tabddpm_synthetic,,['en'],ATO,2024-01-22T16:34:00+00:00,220.55,2.63,45,16,5,Saturday,47,111,0,ATO,en,Bank debit card,0
66580158-6fd2-47d1-8a9f-4153f9500ec7,synth_236984ba206c,gig_worker,tabddpm_synthetic,,['en'],ATO,2024-03-15T19:26:00+00:00,84.68,0.89,45,19,3,Thursday,37,2000,3,ATO,en,Bank debit card,0
006a9fd8-3972-4996-8341-33c0fb7dd3ec,synth_74fadc348a2d,gig_worker,tabddpm_synthetic,,['en'],ATO,2024-04-27T10:21:00+00:00,877.94,0.43,20,10,0,Monday,90,1,0,ATO,en,Bank debit card,0
e97a4b6d-2240-464b-99d3-1d21d8b1042d,synth_e3bcb3ada8e3,gig_worker,tabddpm_synthetic,,['en'],ATO,2024-02-15T00:57:00+00:00,5.0,0.0,45,0,0,Monday,90,1,0,ATO,en,Bank debit card,0
9ae84c0b-5d19-432d-9b89-189ee907624c,synth_b3a832e44e3a,gig_worker,tabddpm_synthetic,,['en'],ATO,2024-10-11T08:25:00+00:00,51.58,0.91,34,8,1,Tuesday,13,1,8,ATO,en,Bank debit card,0
f13882af-2c7f-4cbf-a8e9-99364fcd65e4,synth_1298c9efd6d6,gig_worker,tabddpm_synthetic,,['en'],ATO,2024-07-19T23:47:00+00:00,6000.0,3000.0,45,23,0,Monday,90,2000,100,ATO,en,Bank debit card,0
e772cb7e-6010-4c39-87fe-23b416c25fb3,synth_b3a0ab150fda,gig_worker,tabddpm_synthetic,,['en'],ATO,2024-11-25T18:54:00+00:00,139.18,1.75,24,18,6,Sunday,14,551,1,ATO,en,Bank debit card,0
b36091fc-f240-4a9d-87d1-9f350dea63be,synth_e6da81d89273,gig_worker,tabddpm_synthetic,,['en'],ATO,2024-02-10T11:52:00+00:00,5.0,0.0,40,11,0,Monday,19,795,3,ATO,en,Bank debit card,0
616fda87-87e8-4c8d-aab8-92b9fef36cd8,synth_5a54c0cd4552,gig_worker,tabddpm_synthetic,,['en'],ATO,2024-01-20T13:45:00+00:00,199.59,0.0,28,13,0,Monday,90,1,0,ATO,en,Bank debit card,0
db379d40-f1aa-443f-8f9e-b15ee198438a,synth_39274f5c6b70,gig_worker,tabddpm_synthetic,,['en'],ATO,2024-07-30T17:32:00+00:00,244.29,3.08,27,17,0,Monday,68,911,5,ATO,en,Bank debit card,0
51ed21ba-b33a-4033-a844-b0e31cb52e2b,synth_912160fe3b40,gig_worker,tabddpm_synthetic,,['en'],ATO,2024-12-09T14:53:00+00:00,5.0,0.0,45,14,3,Thursday,90,1,0,ATO,en,Bank debit card,0
1afa78f2-0dfb-4965-a71f-1fec0d129a36,synth_1c3c30947759,gig_worker,tabddpm_synthetic,,['en'],ATO,2024-06-03T04:21:00+00:00,5.0,0.0,45,4,0,Monday,90,1,0,ATO,en,Bank debit card,0
d281627a-19c4-4879-9ec7-f6573926543e,synth_3112b202613d,gig_worker,tabddpm_synthetic,,['en'],ATO,2024-10-21T16:18:00+00:00,5.0,0.0,30,16,0,Monday,90,193,5,ATO,en,Bank debit card,0
f1449b17-321f-4dfa-acb9-cc40841fa90a,synth_9c96d37f0ce3,gig_worker,tabddpm_synthetic,,['en'],ATO,2024-03-18T23:50:00+00:00,6000.0,3000.0,45,23,0,Monday,90,2000,100,ATO,en,Bank debit card,0
a0512a1b-99bc-43e7-b56a-845cbf43af7b,synth_895c698b9ccc,gig_worker,tabddpm_synthetic,,['en'],ATO,2024-03-13T12:13:00+00:00,5.0,0.0,37,12,0,Monday,5,491,5,ATO,en,Bank debit card,0
f63233bd-2a2c-4386-9576-53edc43af3eb,synth_276daa03f0ab,gig_worker,tabddpm_synthetic,,['en'],ATO,2024-09-27T00:28:00+00:00,381.59,0.0,44,0,0,Monday,90,1,0,ATO,en,Bank debit card,0
b42631fb-dbd1-4999-8b2b-203ca5b1fd00,synth_69489dde1e95,gig_worker,tabddpm_synthetic,,['en'],ATO,2024-08-06T00:42:00+00:00,261.65,0.0,45,0,0,Monday,90,1,0,ATO,en,Bank debit card,0
07f8a527-4b89-4cbe-a6f2-d59ff5c9903b,synth_d4dbb4f5d9b9,gig_worker,tabddpm_synthetic,,['en'],ATO,2024-10-05T23:17:00+00:00,6000.0,3000.0,45,23,0,Monday,0,2000,100,ATO,en,Bank debit card,0
a2fdbb3e-3823-4242-87c5-cad077d551bd,synth_11795a6748d9,gig_worker,tabddpm_synthetic,,['en'],ATO,2024-10-12T23:20:00+00:00,6000.0,3000.0,45,23,0,Monday,90,2000,100,ATO,en,Bank debit card,0
7ae33fb0-4dfc-477d-ad82-59b25b99b87c,synth_1947ea16d878,gig_worker,tabddpm_synthetic,,['en'],ATO,2024-05-05T10:52:00+00:00,83.75,6.37,38,10,5,Saturday,34,507,5,ATO,en,Bank debit card,0
f0e9b93f-4c66-49be-ba5a-9fc1fdd1f3ea,synth_6f92bf2e69f1,gig_worker,tabddpm_synthetic,,['en'],ATO,2024-08-29T23:30:00+00:00,6000.0,3000.0,45,23,0,Monday,0,1,100,ATO,en,Bank debit card,0
cbc6d8bd-9489-4dcb-a90a-c3a22fd3aa9b,synth_ebc07553c4a8,gig_worker,tabddpm_synthetic,,['en'],ATO,2024-01-11T00:55:00+00:00,5.0,0.0,45,0,0,Monday,90,1,0,ATO,en,Bank debit card,0
041dd120-efe0-4439-a60f-76f44f061234,synth_9689057d0219,gig_worker,tabddpm_synthetic,,['en'],ATO,2024-07-15T23:45:00+00:00,536.2,35.93,45,23,0,Monday,47,1,56,ATO,en,Bank debit card,1
97722309-a58e-4ae7-930b-f76013c8df64,synth_1c269ee51d27,gig_worker,tabddpm_synthetic,,['en'],ATO,2024-05-23T03:44:00+00:00,225.51,2.69,45,3,0,Monday,90,1,0,ATO,en,Bank debit card,0
ee418125-0c1b-4bab-a829-a2acb2a257d2,synth_c271e47e22b2,gig_worker,tabddpm_synthetic,,['en'],ATO,2024-10-02T09:51:00+00:00,364.92,22.69,29,9,1,Tuesday,2,123,16,ATO,en,Bank debit card,0
cf794aa0-e02d-474f-a819-761979ab0995,synth_e84771909ddd,gig_worker,tabddpm_synthetic,,['en'],ATO,2024-09-05T07:08:00+00:00,132.24,0.0,45,7,0,Monday,90,1,0,ATO,en,Bank debit card,0
ac7405cd-241e-417c-a3cb-dc1d05dc2fe4,synth_4191a2ce55b4,gig_worker,tabddpm_synthetic,,['en'],ATO,2024-01-11T08:37:00+00:00,179.75,0.0,45,8,0,Monday,90,1,0,ATO,en,Bank debit card,0
048d170d-a465-43e2-9ea5-83b9d4b24080,synth_b42fc12e82f7,gig_worker,tabddpm_synthetic,,['en'],ATO,2024-05-01T13:46:00+00:00,524.73,26.34,45,13,2,Wednesday,4,1322,7,ATO,en,Bank debit card,0
a969f263-4e90-4bdb-a72f-d6482d3c8969,synth_1405a2b0b573,gig_worker,tabddpm_synthetic,,['en'],ATO,2024-07-28T10:13:00+00:00,5.0,0.0,40,10,4,Friday,55,1,0,ATO,en,Bank debit card,0
87f17f09-6ad2-41de-b16a-e75c128836cf,synth_db5cec512343,gig_worker,tabddpm_synthetic,,['en'],ATO,2024-08-17T23:55:00+00:00,6000.0,3000.0,45,23,0,Monday,90,1,100,ATO,en,Bank debit card,0
f579bfcc-efd3-4a2e-bd27-71f20868ba48,synth_17dd60ce737a,gig_worker,tabddpm_synthetic,,['en'],ATO,2024-03-15T23:05:00+00:00,5.0,3.15,45,23,6,Sunday,0,1,100,ATO,en,Bank debit card,1
3a7b99f6-b0ea-4155-9ee7-d3b900e0dad4,synth_c0bdd1027145,gig_worker,tabddpm_synthetic,,['en'],ATO,2024-11-03T11:31:00+00:00,157.37,7.24,24,11,0,Monday,1,693,7,ATO,en,Bank debit card,0
cf390a92-2a1b-4b74-b74a-500a4dc7d4ab,synth_5085013a849d,gig_worker,tabddpm_synthetic,,['en'],ATO,2024-07-24T23:07:00+00:00,6000.0,3000.0,45,23,0,Monday,0,1,100,ATO,en,Bank debit card,0
092e6f3b-c975-462b-a8b3-e17ea9268204,synth_51091687e2e8,gig_worker,tabddpm_synthetic,,['en'],ATO,2024-04-30T12:39:00+00:00,460.33,23.6,35,12,1,Tuesday,6,1,8,ATO,en,Bank debit card,0
e733ccbf-c475-4f7e-979e-41ba46d6a3bc,synth_80c7238c51c8,gig_worker,tabddpm_synthetic,,['en'],CashApp,2024-10-12T11:51:00+00:00,55.87,0.91,23,11,0,Monday,30,1225,3,CashApp,en,Bank debit card,0
4dfe1e3e-c5aa-4b5d-bec8-0ebae50d566f,synth_d92b22c87c91,gig_worker,tabddpm_synthetic,,['en'],ATO,2024-05-28T23:55:00+00:00,6000.0,3000.0,45,23,0,Monday,90,2000,100,ATO,en,Bank debit card,0
d4ffd707-af89-4495-9e4d-5b5c4284e0b6,synth_edeb6236d263,gig_worker,tabddpm_synthetic,,['en'],ATO,2024-03-18T23:51:00+00:00,6000.0,3000.0,45,23,0,Monday,0,1,100,ATO,en,Bank debit card,1
64d52c65-6802-405f-8cd5-ead47a52a7fa,synth_a7c526fe0c84,gig_worker,tabddpm_synthetic,,['en'],ATO,2024-10-07T13:05:00+00:00,55.01,5.72,45,13,0,Monday,68,1,0,ATO,en,Bank debit card,0
55009c90-da35-4364-a495-513e8d331788,synth_5d98a9c1d991,gig_worker,tabddpm_synthetic,,['en'],ATO,2024-11-13T23:40:00+00:00,5.0,0.0,45,23,6,Sunday,0,1,100,ATO,en,Bank debit card,0
7fc2a13a-cdb9-49aa-9e03-11b98fbcddc1,synth_8ef261be7c8f,gig_worker,tabddpm_synthetic,,['en'],ATO,2024-07-24T08:39:00+00:00,130.58,20.65,25,8,1,Tuesday,5,1887,5,ATO,en,CashApp,0
330d5f3b-5275-4965-81ba-39a47fbde84c,synth_67bb789bf90b,gig_worker,tabddpm_synthetic,,['en'],ATO,2024-03-19T23:02:00+00:00,292.47,24.36,28,23,5,Saturday,38,1,2,ATO,en,Bank debit card,0
e11f2878-ead8-4c40-b513-b32078908cd9,synth_52d66383b3c4,gig_worker,tabddpm_synthetic,,['en'],ATO,2024-05-19T09:47:00+00:00,382.44,0.0,27,9,3,Thursday,1,1446,2,ATO,en,Bank debit card,0
caafd54a-470b-479d-9a13-f78518be9b49,synth_2717bf2e2a6b,gig_worker,tabddpm_synthetic,,['en'],ATO,2024-09-28T00:01:00+00:00,267.26,0.0,45,0,0,Monday,90,1,0,ATO,en,Bank debit card,0
04c4d364-8f2b-4880-91de-e61160f420b6,synth_d01ac300223a,gig_worker,tabddpm_synthetic,,['en'],ATO,2024-01-02T23:34:00+00:00,6000.0,3000.0,45,23,0,Monday,90,2000,100,ATO,en,Bank debit card,0
f624a4e0-0f3f-4a8e-add0-b22bf950cb60,synth_db6fe9e90ee7,gig_worker,tabddpm_synthetic,,['en'],ATO,2024-10-22T00:35:00+00:00,408.92,0.0,42,0,0,Monday,90,1,0,ATO,en,Bank debit card,0
0ace9dda-b358-4032-99b0-244b3fac867d,synth_fd15a10673b4,gig_worker,tabddpm_synthetic,,['en'],ATO,2024-11-14T08:33:00+00:00,447.37,24.39,18,8,0,Monday,45,1,6,ATO,en,Bank debit card,0
4c3c9324-7f17-4d3f-bb0e-62a1c2ca876d,synth_bb5b93638a54,gig_worker,tabddpm_synthetic,,['en'],ATO,2024-05-09T10:57:00+00:00,201.08,5.38,24,10,0,Monday,90,1,7,ATO,en,Bank debit card,0
85654917-6e5a-4637-a6a9-cf04bd087f45,synth_6dfbeab4269e,gig_worker,tabddpm_synthetic,,['en'],ATO,2024-01-22T23:42:00+00:00,6000.0,1659.3,45,23,6,Sunday,0,1,100,ATO,en,Bank debit card,1
22e0eeee-05bc-459b-8760-c27b63106705,synth_5194256ff2d9,gig_worker,tabddpm_synthetic,,['en'],ATO,2024-07-28T06:11:00+00:00,70.78,13.78,18,6,0,Monday,26,1774,10,ATO,en,CashApp,0
c76fe3ba-f1ea-45b9-9f1d-32d379024d0c,synth_3097e82a9e23,gig_worker,tabddpm_synthetic,,['en'],ATO,2024-01-31T07:58:00+00:00,144.45,0.56,44,7,2,Wednesday,90,1,0,ATO,en,Bank debit card,0
2b802605-a21a-4acf-a6b1-b51491d18bd2,synth_faaf8a04f041,gig_worker,tabddpm_synthetic,,['en'],ATO,2024-01-29T05:01:00+00:00,278.4,21.64,22,5,0,Monday,2,1651,9,ATO,en,Bank debit card,0
502e9940-4b0d-40ee-b573-fe7c33ee6fe4,synth_80670918cef6,gig_worker,tabddpm_synthetic,,['en'],ATO,2024-09-13T04:29:00+00:00,272.93,17.03,36,4,3,Thursday,6,409,7,ATO,en,Bank debit card,0
2a437d5f-824f-494b-be7d-3569b83149f8,synth_9505d07d099a,gig_worker,tabddpm_synthetic,,['en'],ATO,2024-02-11T15:22:00+00:00,116.5,0.0,37,15,0,Monday,31,1177,3,ATO,en,Bank debit card,0
c7330294-0bf1-439c-b6ff-07cd5a75ea72,synth_c12cc0d870f3,gig_worker,tabddpm_synthetic,,['en'],ATO,2024-05-16T10:53:00+00:00,5.0,1.25,38,10,5,Saturday,10,795,5,ATO,en,Bank debit card,0
016cf41d-71f3-4537-b1ce-784596f46555,synth_bde8ac05febe,gig_worker,tabddpm_synthetic,,['en'],CashApp,2024-03-11T16:14:00+00:00,5.0,2.03,31,16,3,Thursday,0,262,4,CashApp,en,Bank debit card,0
45ea3edd-b454-4618-891f-78fd8d5a10c5,synth_0c0d686a6de6,gig_worker,tabddpm_synthetic,,['en'],ATO,2024-09-26T23:02:00+00:00,6000.0,3000.0,45,23,0,Monday,90,2000,100,ATO,en,Bank debit card,0
441f5133-c74d-4dd8-abe1-fefb199fd41e,synth_0d2eb8b128fc,gig_worker,tabddpm_synthetic,,['en'],ATO,2024-10-24T07:29:00+00:00,365.61,1.12,36,7,2,Wednesday,90,1,6,ATO,en,Bank debit card,0
45dbb17f-bca0-402c-ae75-b9cebbeb7abf,synth_e742ccdffdd3,gig_worker,tabddpm_synthetic,,['en'],ATO,2024-08-06T23:23:00+00:00,6000.0,831.5,45,23,4,Friday,90,1,96,ATO,en,Bank debit card,1
c63815a0-d257-4ba3-9298-943f66c87930,synth_7a67decda234,gig_worker,tabddpm_synthetic,,['en'],ATO,2024-12-04T08:55:00+00:00,63.23,5.19,45,8,3,Thursday,90,1,2,ATO,en,Bank debit card,0
6b66793a-0f93-4be9-9764-601a542919e4,synth_c2d40eb17c97,gig_worker,tabddpm_synthetic,,['en'],ATO,2024-05-31T23:16:00+00:00,6000.0,456.97,45,23,6,Sunday,0,2000,42,ATO,en,Bank debit card,0
4edda561-9f29-4814-bd24-6438b42c84e3,synth_f515ab0efd65,gig_worker,tabddpm_synthetic,,['en'],ATO,2024-09-04T23:28:00+00:00,5.0,0.0,45,23,0,Monday,41,1046,12,ATO,en,Bank debit card,1
e28beea0-c900-4867-a21b-82959696ac21,synth_0d1c7799e139,gig_worker,tabddpm_synthetic,,['en'],ATO,2024-12-29T23:39:00+00:00,6000.0,3000.0,45,23,0,Monday,37,2000,100,ATO,en,Bank debit card,0
9933c7e9-f96f-436a-aefd-7c9f1ec2cdc4,synth_a422efe9da3a,gig_worker,tabddpm_synthetic,,['en'],ATO,2024-07-08T07:04:00+00:00,36.38,0.0,42,7,0,Monday,90,1,0,ATO,en,Bank debit card,0
5d45d502-a95f-49de-a13f-871eb0a2af5a,synth_7cad2857ef79,gig_worker,tabddpm_synthetic,,['en'],ATO,2024-09-25T00:31:00+00:00,437.21,0.0,45,0,0,Monday,90,1,0,ATO,en,Bank debit card,1
5c0a1267-0d8f-4b57-aa03-83d8f99bfece,synth_57eab2d7c5e8,gig_worker,tabddpm_synthetic,,['en'],ATO,2024-07-21T14:38:00+00:00,290.62,9.1,45,14,2,Wednesday,89,1,1,ATO,en,Bank debit card,0
cdac57c6-c7d0-4398-bf2e-9a04d540de0f,synth_c0ad2ce18d3c,gig_worker,tabddpm_synthetic,,['en'],ATO,2024-08-04T00:10:00+00:00,6.22,14.33,37,0,3,Thursday,0,1,22,ATO,en,Bank debit card,0
a814384d-0f5e-4d68-adf3-1086aa8392bb,synth_b21da3c4580e,gig_worker,tabddpm_synthetic,,['en'],ATO,2024-10-19T09:21:00+00:00,258.21,30.78,25,9,0,Monday,13,2000,9,ATO,en,Bank debit card,0
87b8379e-b034-4f0d-9679-8e2d5334fff9,synth_34a49914e61c,gig_worker,tabddpm_synthetic,,['en'],ATO,2024-06-28T10:33:00+00:00,605.93,6.42,20,10,0,Monday,90,1,4,ATO,en,Bank debit card,0
8a12c62d-5e76-4a6d-94c3-3e1926c94475,synth_0d7980059d5f,gig_worker,tabddpm_synthetic,,['en'],ATO,2024-03-06T23:50:00+00:00,6000.0,3000.0,45,23,0,Monday,90,1,100,ATO,en,Bank debit card,0
2a40161b-9668-4610-976a-b413005098b9,synth_c12da97ab8e2,gig_worker,tabddpm_synthetic,,['en'],ATO,2024-03-04T13:19:00+00:00,39.39,0.0,18,13,0,Monday,6,1885,12,ATO,en,Bank debit card,0
28d91965-6e49-4c33-b625-86e748362feb,synth_a2110c89e7b2,gig_worker,tabddpm_synthetic,,['en'],ATO,2024-03-27T23:06:00+00:00,243.79,6.81,36,23,3,Thursday,59,1,1,ATO,en,Bank debit card,0
f5ed8f93-fd11-4587-9c32-2d9782aefcab,synth_5a70bd9b9972,gig_worker,tabddpm_synthetic,,['en'],ATO,2024-08-29T12:37:00+00:00,206.79,0.0,31,12,0,Monday,90,1,1,ATO,en,Bank debit card,0
8712690f-b651-460d-b13c-0613281a4db7,synth_98f6d6948c8b,gig_worker,tabddpm_synthetic,,['en'],ATO,2024-04-23T05:32:00+00:00,122.46,0.0,36,5,0,Monday,90,1,0,ATO,en,Bank debit card,0
379bd452-5954-450c-acc7-99f429fc46b9,synth_fa17fa860c57,gig_worker,tabddpm_synthetic,,['en'],ATO,2024-11-27T11:52:00+00:00,506.62,29.58,36,11,0,Monday,90,1,11,ATO,en,Bank debit card,1
bf2ea380-3db1-4924-92a4-b2c0d008ecd8,synth_2346ac044038,gig_worker,tabddpm_synthetic,,['en'],ATO,2024-11-05T14:30:00+00:00,5.0,4.69,45,14,6,Sunday,6,2000,3,ATO,en,Bank debit card,0
9f0e95b3-6a73-4e8e-86aa-85e1aac3c5bf,synth_769d723aed8d,gig_worker,tabddpm_synthetic,,['en'],ATO,2024-05-31T01:44:00+00:00,5.0,6.0,35,1,0,Monday,9,367,4,ATO,en,Bank debit card,0
d0ce71a6-311a-48ca-8306-fe0cb62baf99,synth_9e8f6821b93e,gig_worker,tabddpm_synthetic,,['en'],ATO,2024-07-30T11:01:00+00:00,201.21,12.51,25,11,6,Sunday,54,1,5,ATO,en,Bank debit card,0
3d81ba6f-384a-402a-8929-9bb4737c15e2,synth_a6dafbf11e57,gig_worker,tabddpm_synthetic,,['en'],ATO,2024-10-02T23:58:00+00:00,6000.0,3000.0,45,23,0,Monday,0,1,100,ATO,en,Bank debit card,1
62ffcde4-65fc-46f0-8818-c38245c234e8,synth_ff3f38ea2b99,gig_worker,tabddpm_synthetic,,['en'],ATO,2024-02-27T16:50:00+00:00,176.92,0.0,42,16,0,Monday,76,1,0,ATO,en,Bank debit card,0
9f2b51da-b80d-40e4-a259-6a327074f1ad,synth_fa35ce3c6611,gig_worker,tabddpm_synthetic,,['en'],ATO,2024-04-07T04:39:00+00:00,131.49,9.39,32,4,1,Tuesday,9,969,3,ATO,en,Bank debit card,0
877f45ad-f179-4fc2-a9b5-5405e9e48384,synth_f02309365401,gig_worker,tabddpm_synthetic,,['en'],ATO,2024-04-08T12:23:00+00:00,6000.0,1450.07,45,12,0,Monday,11,1,32,ATO,en,Bank debit card,0
bdbb2999-554c-4394-9e18-d046ba04f96c,synth_5faea44bd724,gig_worker,tabddpm_synthetic,,['en'],ATO,2024-06-16T11:00:00+00:00,265.82,0.0,43,11,5,Saturday,90,1,0,ATO,en,Bank debit card,0
220fcd34-b411-4ae8-babf-3a91c3b69b2a,synth_67be4d23ef17,gig_worker,tabddpm_synthetic,,['en'],ATO,2024-05-18T23:28:00+00:00,55.92,7.51,45,23,3,Thursday,15,829,25,ATO,en,Bank debit card,0
7f3bb09d-26b6-4682-883e-89cdaacd5ded,synth_efa7df051b9a,gig_worker,tabddpm_synthetic,,['en'],ATO,2024-01-06T02:26:00+00:00,5.0,3.21,34,2,0,Monday,9,1108,5,ATO,en,Bank debit card,0
3b0a2fc8-d57a-40c8-8f2f-1f798daa531a,synth_661807ea9040,gig_worker,tabddpm_synthetic,,['en'],ATO,2024-11-13T11:26:00+00:00,5.0,11.41,41,11,3,Thursday,25,246,3,ATO,en,Bank debit card,0
f45d30ff-0dd3-4bb5-8770-f3c34c329b08,synth_2238bb1651e6,gig_worker,tabddpm_synthetic,,['en'],ATO,2024-12-01T08:26:00+00:00,323.37,19.78,42,8,3,Thursday,6,1099,9,ATO,en,Bank debit card,0
a68e83df-fd3f-475e-a483-e4f107fbb274,synth_f6f91d247561,gig_worker,tabddpm_synthetic,,['en'],ATO,2024-10-10T23:36:00+00:00,5.0,8.6,45,23,0,Monday,22,612,13,ATO,en,Bank debit card,0
2f91dd65-2f80-4d68-b9dc-afb2c68502ad,synth_37069241e1a6,gig_worker,tabddpm_synthetic,,['en'],ATO,2024-02-08T23:26:00+00:00,6000.0,3000.0,45,23,0,Monday,90,2000,100,ATO,en,Bank debit card,0
c50c5f97-d3c0-4539-8211-bbfeed14c6e7,synth_7f7c681fd8d0,gig_worker,tabddpm_synthetic,,['en'],ATO,2024-04-07T06:08:00+00:00,52.34,6.37,45,6,0,Monday,68,1,9,ATO,en,Bank debit card,0
14bc8585-49a3-4f57-8e83-c94cd0d18184,synth_cc94c9ffa5b3,gig_worker,tabddpm_synthetic,,['en'],ATO,2024-10-04T23:15:00+00:00,6000.0,3000.0,45,23,0,Monday,0,1896,100,ATO,en,Bank debit card,0
c0c6b103-a3af-4077-a62e-f7110db7a2b1,synth_1087024419f0,gig_worker,tabddpm_synthetic,,['en'],ATO,2024-02-29T06:15:00+00:00,76.18,32.35,33,6,0,Monday,8,434,11,ATO,en,Bank debit card,0
8cbf63c9-c63f-4d88-bb77-4e0d494d4cdd,synth_0cedd35452f0,gig_worker,tabddpm_synthetic,,['en'],ATO,2024-06-11T04:47:00+00:00,5.0,5.24,41,4,2,Wednesday,0,1423,10,ATO,en,Bank debit card,0
7ba64bac-f03a-4dec-a32e-0878c531da1e,synth_251196a6e67a,gig_worker,tabddpm_synthetic,,['en'],ATO,2024-08-20T07:09:00+00:00,5.0,0.53,45,7,4,Friday,90,1,0,ATO,en,Bank debit card,0
09ee839c-63dc-4cf3-bf05-5c86c1293880,synth_88eee7ca856f,gig_worker,tabddpm_synthetic,,['en'],ATO,2024-08-22T09:05:00+00:00,378.71,0.0,42,9,0,Monday,90,1,0,ATO,en,Bank debit card,0
b91045b2-3ae1-43f8-b63d-e9440df8a87b,synth_5b0a80929a7d,gig_worker,tabddpm_synthetic,,['en'],ATO,2024-08-02T23:55:00+00:00,6000.0,3000.0,45,23,0,Monday,90,2000,100,ATO,en,Bank debit card,0
1b7dc099-e4e4-41fc-b2f5-037a9fc2de69,synth_a0235257f6b2,gig_worker,tabddpm_synthetic,,['en'],ATO,2024-07-11T23:42:00+00:00,5.0,0.0,37,23,6,Sunday,0,1,100,ATO,en,Bank debit card,1
3ef13cd3-9d49-491e-8706-482b903f3595,synth_179859d13953,gig_worker,tabddpm_synthetic,,['en'],ATO,2024-08-06T10:13:00+00:00,843.87,89.99,39,10,6,Sunday,3,1486,5,ATO,en,Bank debit card,0
eafbda46-8ba6-44ef-b90c-2486095b12a3,synth_63a26ca209fd,gig_worker,tabddpm_synthetic,,['en'],ATO,2024-04-09T23:37:00+00:00,327.33,42.89,45,23,6,Sunday,3,1,64,ATO,en,Bank debit card,1
46c484c4-cd75-4aec-a2de-75ca2843da7f,synth_0c30f6efb169,gig_worker,tabddpm_synthetic,,['en'],ATO,2024-10-29T07:17:00+00:00,632.89,8.92,30,7,0,Monday,11,793,0,ATO,en,Bank debit card,0
251498aa-911a-4b77-9bf9-957ac2fa831b,synth_366f46a71265,gig_worker,tabddpm_synthetic,,['en'],ATO,2024-01-14T23:03:00+00:00,5.0,0.0,41,23,6,Sunday,0,1,59,ATO,en,Bank debit card,0
5495c7c9-5f69-42cb-a334-d0a5040a807d,synth_ecb162236a04,gig_worker,tabddpm_synthetic,,['en'],ATO,2024-04-28T12:32:00+00:00,29.21,0.65,26,12,0,Monday,5,242,10,ATO,en,Bank debit card,0
50d18e7c-b69f-420f-98b6-d81df1f32f15,synth_20d986c7d041,gig_worker,tabddpm_synthetic,,['en'],ATO,2024-06-21T23:18:00+00:00,6000.0,2009.27,45,23,0,Monday,0,1493,100,ATO,en,Bank debit card,0
88bf7ced-48d5-454a-a947-9d6d888f03f9,synth_266ce842a43c,gig_worker,tabddpm_synthetic,,['en'],ATO,2024-09-17T14:45:00+00:00,157.27,9.26,29,14,4,Friday,41,87,8,ATO,en,Bank debit card,0
6048f9b3-62c8-4492-8156-590b2f0314aa,synth_4ffed36b0fe4,gig_worker,tabddpm_synthetic,,['en'],ATO,2024-11-21T23:52:00+00:00,6000.0,3000.0,45,23,0,Monday,67,2000,100,ATO,en,Bank debit card,0
524707f9-0536-4863-a6ea-d27fad37964b,synth_4710c6e6e0db,gig_worker,tabddpm_synthetic,,['en'],ATO,2024-04-17T07:16:00+00:00,49.26,9.0,43,7,0,Monday,30,1420,3,ATO,en,Bank debit card,0
ae22a45c-02e4-424b-b01f-db1930d3d397,synth_99ec7077ec2c,gig_worker,tabddpm_synthetic,,['en'],ATO,2024-08-06T23:39:00+00:00,6000.0,1825.19,45,23,0,Monday,32,1,93,ATO,en,Bank debit card,0
d5749c3e-64a7-4b77-9c66-e6a1226684eb,synth_a90d74c29bd9,gig_worker,tabddpm_synthetic,,['en'],ATO,2024-09-20T23:59:00+00:00,1101.56,106.44,18,23,6,Sunday,22,1,25,ATO,en,Bank debit card,0
11e47b83-279d-42b6-858f-fe5144bda119,synth_ec560b505f0f,gig_worker,tabddpm_synthetic,,['en'],ATO,2024-06-04T23:45:00+00:00,6000.0,3000.0,45,23,0,Monday,0,2000,100,ATO,en,Bank debit card,0
80471c02-6361-4d21-8620-45371d657a2f,synth_b73bb09d98a3,gig_worker,tabddpm_synthetic,,['en'],ATO,2024-08-10T13:48:00+00:00,52.02,3.9,30,13,5,Saturday,3,529,11,ATO,en,Bank debit card,0
62d1ea1f-1ff7-4330-9f54-97f12bc14222,synth_f77642587f63,gig_worker,tabddpm_synthetic,,['en'],ATO,2024-09-30T14:22:00+00:00,35.57,0.0,33,14,0,Monday,90,1,3,ATO,en,Bank debit card,0
c5f9bb94-9f37-4359-b286-6e4089c8e81d,synth_51e8572eb476,gig_worker,tabddpm_synthetic,,['en'],ATO,2024-10-22T23:52:00+00:00,6000.0,3000.0,45,23,0,Monday,0,2000,100,ATO,en,Bank debit card,0
ecf68b95-c02f-4404-9133-0a4a93f316ff,synth_38005ec89299,gig_worker,tabddpm_synthetic,,['en'],ATO,2024-04-26T23:45:00+00:00,6000.0,3000.0,45,23,0,Monday,8,2000,100,ATO,en,Bank debit card,0
6a1728a1-ddd8-4f5f-8a5b-d2523f3128e7,synth_fa349b53481e,gig_worker,tabddpm_synthetic,,['en'],ATO,2024-10-25T04:06:00+00:00,158.24,9.72,30,4,3,Thursday,25,1,9,ATO,en,Bank debit card,0
24a311df-86ad-4413-a58e-e28fd6b1effe,synth_1e90183f90f6,gig_worker,tabddpm_synthetic,,['en'],ATO,2024-11-22T23:54:00+00:00,6000.0,3000.0,45,23,0,Monday,90,2000,100,ATO,en,Bank debit card,0
cf9b7cb4-823e-454f-93dd-5a7d77448fa2,synth_768d37bb1d95,gig_worker,tabddpm_synthetic,,['en'],ATO,2024-09-01T16:58:00+00:00,5.0,9.24,32,16,0,Monday,0,96,10,ATO,en,Bank debit card,0
282c7c36-7666-4d60-89ae-6a526ff43214,synth_63a75850d2c1,gig_worker,tabddpm_synthetic,,['en'],ATO,2024-06-26T21:30:00+00:00,140.51,17.68,45,21,0,Monday,10,1,20,ATO,en,Bank debit card,1
46d9fcae-51d8-4237-a0c6-864aecd9f272,synth_11fc3e17f505,gig_worker,tabddpm_synthetic,,['en'],ATO,2024-11-08T13:56:00+00:00,90.47,2.87,43,13,0,Monday,83,1,1,ATO,en,Bank debit card,0
a4717471-7094-44fd-bd68-0a3556b665e8,synth_b0ce8f8e5b6f,gig_worker,tabddpm_synthetic,,['en'],ATO,2024-11-29T15:16:00+00:00,70.48,0.0,45,15,3,Thursday,11,2000,8,ATO,en,Bank debit card,0
d45062a4-fb56-4788-aed7-210f5b68216c,synth_a6fb63c66918,gig_worker,tabddpm_synthetic,,['en'],ATO,2024-12-26T15:58:00+00:00,5.0,4.27,23,15,5,Saturday,5,2000,8,ATO,en,Bank debit card,0
67c85d00-00a8-415c-8c6e-f01ae043ad0a,synth_ee0c9f922255,gig_worker,tabddpm_synthetic,,['en'],ATO,2024-06-03T00:53:00+00:00,6000.0,677.82,45,0,0,Monday,0,306,79,ATO,en,Bank debit card,1
5f9368ea-11ad-46a1-8380-d201c2940092,synth_5cc7054def1d,gig_worker,tabddpm_synthetic,,['en'],ATO,2024-10-17T23:43:00+00:00,6000.0,1140.15,45,23,0,Monday,90,1,34,ATO,en,Bank debit card,0
85ed6b61-3b93-4720-8fc1-eff9bdca099f,synth_b3ee7c0504ce,gig_worker,tabddpm_synthetic,,['en'],ATO,2024-12-23T07:13:00+00:00,165.61,6.6,19,7,5,Saturday,20,1281,3,ATO,en,Bank debit card,0
fa0c4299-ed57-4f45-8f39-5075e7ead74d,synth_105e925ce880,gig_worker,tabddpm_synthetic,,['en'],ATO,2024-04-04T23:43:00+00:00,6000.0,3000.0,45,23,0,Monday,0,2000,100,ATO,en,Bank debit card,0
f5c907c9-948e-48c9-9e80-f552a3096313,synth_cae430669f60,gig_worker,tabddpm_synthetic,,['en'],ATO,2024-11-10T21:20:00+00:00,743.76,76.06,34,21,3,Thursday,5,1,12,ATO,en,Bank debit card,0
a524285d-43e3-43b2-94cd-6670bb8d5515,synth_db73f745c554,gig_worker,tabddpm_synthetic,,['en'],ATO,2024-05-06T13:02:00+00:00,8.8,4.62,38,13,2,Wednesday,61,126,2,ATO,en,Bank debit card,0
24bf9575-26ff-4903-be5d-d0dd60cb8e79,synth_c850ad5cb0c1,gig_worker,tabddpm_synthetic,,['en'],ATO,2024-11-25T16:58:00+00:00,38.11,0.0,45,16,1,Tuesday,5,1662,9,ATO,en,Bank debit card,0
3e60b276-a93e-4e06-9a08-489e84128643,synth_b424b010e61b,gig_worker,tabddpm_synthetic,,['en'],ATO,2024-04-23T23:01:00+00:00,5.0,0.0,41,23,6,Sunday,0,1,100,ATO,en,Bank debit card,1
0a8d937f-4a7f-44cc-8340-9f0d40621e38,synth_4cd4bd78a117,gig_worker,tabddpm_synthetic,,['en'],ATO,2024-04-30T06:30:00+00:00,282.31,0.0,37,6,0,Monday,90,1,0,ATO,en,Bank debit card,0
10b31886-c2dd-4978-a636-ef05e5b168be,synth_dc462ce3b647,gig_worker,tabddpm_synthetic,,['en'],ATO,2024-02-03T23:23:00+00:00,6000.0,3000.0,45,23,0,Monday,85,2000,100,ATO,en,Bank debit card,0
61c383a5-c62e-4bbf-ab81-77fd4d6c7c1d,synth_ad040025b742,gig_worker,tabddpm_synthetic,,['en'],ATO,2024-05-14T12:52:00+00:00,5.0,3.71,45,12,4,Friday,0,1,3,ATO,en,Bank debit card,0
522bcb09-7820-4494-a8dd-531a0f1b94c4,synth_d4d2d716e453,gig_worker,tabddpm_synthetic,,['en'],ATO,2024-10-28T21:15:00+00:00,5.0,0.0,34,21,3,Thursday,14,460,0,ATO,en,Bank debit card,0
a94b3abe-d9ce-47de-a316-85f90a984e84,synth_0224a4cc622c,gig_worker,tabddpm_synthetic,,['en'],ATO,2024-02-02T02:56:00+00:00,223.48,7.45,27,2,6,Sunday,11,654,5,ATO,en,Bank debit card,0
2531e726-5633-40be-8918-6cf4b878796d,synth_83830508e713,gig_worker,tabddpm_synthetic,,['en'],ATO,2024-07-17T13:59:00+00:00,248.86,1.73,34,13,3,Thursday,71,1,3,ATO,en,Bank debit card,0
0002c87f-3416-4191-9bde-09e7be76543f,synth_fa46b7da773e,gig_worker,tabddpm_synthetic,,['en'],CashApp,2024-06-21T11:35:00+00:00,5.0,4.33,45,11,1,Tuesday,2,1721,6,CashApp,en,Bank debit card,0
c4e609e1-21f5-48ff-8f0e-3501c2d9f5a7,synth_1799877985e0,gig_worker,tabddpm_synthetic,,['es'],ATO,2024-06-01T10:33:00+00:00,410.45,27.22,21,10,0,Monday,0,1709,10,ATO,es,Bank debit card,0
e78549d4-4dd3-4644-80e7-cb782ccdf581,synth_41a43aa9cf95,gig_worker,tabddpm_synthetic,,['en'],ATO,2024-07-11T23:23:00+00:00,5.0,0.0,45,23,6,Sunday,77,1343,3,ATO,en,Bank debit card,0
d185d724-a4c6-4f80-be54-fc6b7099d840,synth_c7709df16537,gig_worker,tabddpm_synthetic,,['en'],ATO,2024-03-10T14:40:00+00:00,305.05,16.39,31,14,0,Monday,48,527,4,ATO,en,Bank debit card,0
b85c862b-81b1-4831-b768-cbea7be2c6fc,synth_1c1e25926e95,gig_worker,tabddpm_synthetic,,['en'],ATO,2024-02-13T23:58:00+00:00,6000.0,1093.1,45,23,0,Monday,90,1,0,ATO,en,Bank debit card,0
b397138a-1a4b-446c-bee7-15d5563ad6a9,synth_f73cb95f9152,gig_worker,tabddpm_synthetic,,['en'],ATO,2024-03-20T12:20:00+00:00,1101.37,100.81,45,12,0,Monday,0,1,67,ATO,en,Bank debit card,1
13d984f8-fe66-4626-98b8-72fd57de6bf2,synth_55df85874c71,gig_worker,tabddpm_synthetic,,['en'],ATO,2024-12-15T23:14:00+00:00,496.77,29.41,31,23,3,Thursday,71,1,0,ATO,en,Bank debit card,0
83ac6bd5-05d2-409c-80d3-d25985a59917,synth_f1c1ae7f8623,gig_worker,tabddpm_synthetic,,['en'],ATO,2024-10-12T23:16:00+00:00,6000.0,3000.0,45,23,0,Monday,0,1,100,ATO,en,Bank debit card,0
5fbc6c48-eb59-4af9-9796-096cf100de2f,synth_e043aadd7d75,gig_worker,tabddpm_synthetic,,['en'],ATO,2024-11-08T12:42:00+00:00,15.14,0.0,45,12,6,Sunday,10,925,0,ATO,en,Bank debit card,0
7d01645b-e398-4191-b44d-3880f5bcb3b9,synth_ff757deab3d3,gig_worker,tabddpm_synthetic,,['en'],ATO,2024-11-11T09:46:00+00:00,349.99,11.26,38,9,0,Monday,90,1,0,ATO,en,Bank debit card,0
bb0d58eb-21aa-4fdb-b4eb-0a58d5a191e3,synth_2ec70071cdb4,gig_worker,tabddpm_synthetic,,['en'],ATO,2024-10-03T23:10:00+00:00,6000.0,3000.0,45,23,6,Sunday,0,1,100,ATO,en,Bank debit card,1
697f2c6c-f8f1-4641-8341-4e9d64a41318,synth_e9c88747ed80,gig_worker,tabddpm_synthetic,,['en'],ATO,2024-02-08T00:56:00+00:00,350.03,0.0,45,0,0,Monday,90,1,0,ATO,en,Bank debit card,0
7563f76a-2c99-4118-a00d-39491c9cf047,synth_96dbeef69b24,gig_worker,tabddpm_synthetic,,['en'],ATO,2024-08-24T23:04:00+00:00,6000.0,3000.0,45,23,0,Monday,90,2000,100,ATO,en,Bank debit card,0
8dc5dd7c-f38b-4631-82c9-737392598e0e,synth_925a7cf66594,gig_worker,tabddpm_synthetic,,['en'],ATO,2024-03-08T23:31:00+00:00,6000.0,3000.0,45,23,0,Monday,90,2000,100,ATO,en,Bank debit card,0
5f282501-1643-42ca-9dbe-5075a1b22b38,synth_1ae5048d5238,gig_worker,tabddpm_synthetic,,['en'],ATO,2024-10-30T23:48:00+00:00,6000.0,3000.0,45,23,0,Monday,90,2000,100,ATO,en,Bank debit card,0
de356e9d-24ef-4cfb-a417-3a6cb92c9dd6,synth_e5633c13dcff,gig_worker,tabddpm_synthetic,,['en'],ATO,2024-11-23T12:22:00+00:00,67.94,1.81,45,12,0,Monday,90,1,21,ATO,en,Bank debit card,1
799861c1-b40a-4dc3-bf06-a7cdd17d0bc5,synth_0409d39eca9e,gig_worker,tabddpm_synthetic,,['en'],ATO,2024-10-21T23:59:00+00:00,6000.0,3000.0,45,23,0,Monday,0,2000,100,ATO,en,Bank debit card,0
b261ab5e-2b06-438c-8f7d-d5439c427ace,synth_c7e08ac09547,gig_worker,tabddpm_synthetic,,['en'],ATO,2024-02-16T23:17:00+00:00,6000.0,365.57,45,23,0,Monday,4,1,82,ATO,en,Bank debit card,1
1437e9de-a7ca-4ea5-aef8-00d442bdb71c,synth_5ca1d7b939e1,gig_worker,tabddpm_synthetic,,['en'],ATO,2024-06-28T02:39:00+00:00,5.0,2.25,28,2,0,Monday,9,225,2,ATO,en,Bank debit card,0
6141088a-2287-46f0-99b7-2c54a283c1af,synth_ec31def06c08,gig_worker,tabddpm_synthetic,,['en'],ATO,2024-05-27T07:41:00+00:00,5.0,1.24,30,7,6,Sunday,25,1,4,ATO,en,Bank debit card,0
10fc2a5e-6d96-4786-b731-09190bd11d59,synth_722ddea078b4,gig_worker,tabddpm_synthetic,,['en'],ATO,2024-11-19T23:47:00+00:00,4187.85,207.84,45,23,1,Tuesday,7,1,87,ATO,en,Bank debit card,1
75925ac9-023a-4787-9958-d7900a1a907b,synth_003efb2140b8,gig_worker,tabddpm_synthetic,,['en'],ATO,2024-08-23T11:03:00+00:00,332.96,28.34,32,11,3,Thursday,2,334,6,ATO,en,Bank debit card,0
ca78441c-1bb8-456f-a923-a9b77b540883,synth_1a898f2e5e58,gig_worker,tabddpm_synthetic,,['en'],ATO,2024-02-16T14:09:00+00:00,351.34,25.46,26,14,0,Monday,63,1,3,ATO,en,Bank debit card,0
b2f39d0a-43f1-4fe6-9460-e23925cba4f2,synth_d6da56dcd003,gig_worker,tabddpm_synthetic,,['en'],ATO,2024-03-13T00:10:00+00:00,717.77,0.0,20,0,0,Monday,90,1,0,ATO,en,Bank debit card,0
e794abac-25f4-4027-afee-b8861b1ac991,synth_880ed353510f,gig_worker,tabddpm_synthetic,,['en'],ATO,2024-02-29T18:37:00+00:00,109.54,14.62,34,18,6,Sunday,17,1124,1,ATO,en,Bank debit card,0
1ba9a63e-d9aa-4c76-84d0-8ff71262a650,synth_ee63692832cb,gig_worker,tabddpm_synthetic,,['en'],ATO,2024-11-10T07:01:00+00:00,5.0,0.0,40,7,1,Tuesday,1,1881,2,ATO,en,Bank debit card,0
8b56ceae-0ac4-42a6-9606-965586abf73d,synth_c97f5b4a4e5e,gig_worker,tabddpm_synthetic,,['en'],ATO,2024-10-31T07:59:00+00:00,475.35,18.71,39,7,6,Sunday,11,1406,5,ATO,en,Bank debit card,0
9375815d-cbeb-40d3-90d0-20d0e7bc7965,synth_de8ec2617fbd,gig_worker,tabddpm_synthetic,,['en'],ATO,2024-06-06T00:06:00+00:00,323.52,30.98,20,0,0,Monday,1,1,31,ATO,en,Bank debit card,1
c59916f5-a5ce-42c4-841e-f491ac22757b,synth_fec01a5b573f,gig_worker,tabddpm_synthetic,,['en'],ATO,2024-11-17T13:34:00+00:00,596.91,20.32,35,13,0,Monday,90,1,2,ATO,en,Bank debit card,0
c51b8736-ac05-4c13-a7a8-524f1cdb096c,synth_ab2500af1de1,gig_worker,tabddpm_synthetic,,['en'],ATO,2024-08-06T23:25:00+00:00,5.0,0.0,33,23,6,Sunday,0,1,50,ATO,en,Bank debit card,0
a3943ae3-4de8-41b9-8eb2-2bba3a96788c,synth_f5f1907d0c8c,gig_worker,tabddpm_synthetic,,['en'],ATO,2024-11-25T07:57:00+00:00,5.0,0.0,39,7,1,Tuesday,32,1,0,ATO,en,Bank debit card,0
cac8777e-5520-4ba9-b45d-8af43a5f311b,synth_7dc30cd0776f,gig_worker,tabddpm_synthetic,,['en'],ATO,2024-01-02T23:21:00+00:00,735.29,49.57,18,23,3,Thursday,90,1,0,ATO,en,Bank debit card,0
e8294d65-8855-4943-b9a2-cd7ce06ffec7,synth_784976cc51a9,gig_worker,tabddpm_synthetic,,['en'],ATO,2024-02-18T23:19:00+00:00,5.0,2.46,33,23,6,Sunday,0,1,43,ATO,en,Bank debit card,1
db4a5306-6786-45dc-af04-b27aa71ce161,synth_2cfec13a1972,gig_worker,tabddpm_synthetic,,['en'],ATO,2024-03-11T00:35:00+00:00,338.85,0.0,42,0,0,Monday,90,1,0,ATO,en,Bank debit card,0
28440dbc-be93-4a01-929c-19a7541da01e,synth_f65e5cf97e61,gig_worker,tabddpm_synthetic,,['en'],ATO,2024-07-13T14:33:00+00:00,202.84,0.0,39,14,0,Monday,90,1,0,ATO,en,Bank debit card,0
2fbccca6-4f87-4d7a-94b9-8c04e92ae5c6,synth_8502ae0a41c8,gig_worker,tabddpm_synthetic,,['en'],ATO,2024-01-01T06:34:00+00:00,48.92,0.89,33,6,0,Monday,6,452,4,ATO,en,Bank debit card,0
116c583e-5a9f-47cc-aec9-bea890cd670f,synth_bcc17f3157eb,gig_worker,tabddpm_synthetic,,['en'],ATO,2024-02-04T01:02:00+00:00,212.92,8.76,45,1,4,Friday,7,173,5,ATO,en,Bank debit card,0
bfdb111e-3db5-4bd7-86fe-e6fd25d64e43,synth_79ec071ef18e,gig_worker,tabddpm_synthetic,,['en'],ATO,2024-03-03T19:54:00+00:00,573.92,28.15,42,19,6,Sunday,33,16,0,ATO,en,Bank debit card,0
fbff5830-6c74-45aa-9c7e-883fa7d075bd,synth_f4c161c1bb60,gig_worker,tabddpm_synthetic,,['en'],ATO,2024-05-01T23:40:00+00:00,6000.0,3000.0,45,23,0,Monday,0,2000,100,ATO,en,Bank debit card,0
10b4662c-3180-4836-ac73-9157df3820cd,synth_5e1efd6fc0d3,gig_worker,tabddpm_synthetic,,['en'],ATO,2024-10-23T00:34:00+00:00,25.82,0.0,45,0,0,Monday,90,1,0,ATO,en,Bank debit card,0
ac958978-230c-4653-8ed3-d5be974f68fe,synth_c9b3eb626294,gig_worker,tabddpm_synthetic,,['en'],ATO,2024-09-13T23:35:00+00:00,6000.0,3000.0,45,23,0,Monday,60,185,100,ATO,en,Bank debit card,0
6b9d7348-1214-49f7-98e2-04c418fefad7,synth_0898e56b47d0,gig_worker,tabddpm_synthetic,,['en'],ATO,2024-10-26T23:27:00+00:00,6000.0,567.24,45,23,0,Monday,56,941,16,ATO,en,Bank debit card,0
476c302d-6baf-4a41-b168-586e30a3e3b3,synth_becbbc3b63f0,gig_worker,tabddpm_synthetic,,['en'],ATO,2024-03-26T23:17:00+00:00,6000.0,3000.0,45,23,6,Sunday,0,1,100,ATO,en,Bank debit card,1
9ba6bdcb-37d6-4a24-a03b-e7998c04e046,synth_dcf0d72be33b,gig_worker,tabddpm_synthetic,,['en'],ATO,2024-03-02T14:33:00+00:00,5.0,0.0,45,14,4,Friday,3,2000,2,ATO,en,Bank debit card,0
824f276d-aec9-4927-8891-abe15bb5440f,synth_3f0c80634060,gig_worker,tabddpm_synthetic,,['en'],ATO,2024-05-31T17:42:00+00:00,533.21,32.21,30,17,2,Wednesday,6,1273,8,ATO,en,CashApp,0
edc662f5-6dd6-482f-83c5-ea08f92787c5,synth_54f03546e265,gig_worker,tabddpm_synthetic,,['en'],ATO,2024-07-02T23:16:00+00:00,6000.0,3000.0,45,23,0,Monday,90,2000,100,ATO,en,Bank debit card,1
6b3d1e9c-1aea-4544-acb5-361fe423b87a,synth_f6f6cc0389bc,gig_worker,tabddpm_synthetic,,['en'],ATO,2024-07-20T23:05:00+00:00,5.0,0.0,45,23,6,Sunday,0,1,100,ATO,en,Bank debit card,1
46e3cb7e-c213-4f26-8a06-ad74d1805c09,synth_864447f3e0ad,gig_worker,tabddpm_synthetic,,['en'],ATO,2024-06-03T10:29:00+00:00,232.54,25.71,40,10,0,Monday,26,1278,12,ATO,en,Bank debit card,0
6722aedb-62ad-41cd-865d-d3344a2d1bd3,synth_28561b90cd6e,gig_worker,tabddpm_synthetic,,['en'],ATO,2024-08-17T23:46:00+00:00,6000.0,3000.0,45,23,0,Monday,90,2000,100,ATO,en,Bank debit card,0
b1e9fb70-7380-48ec-98c2-8f6c22f592b4,synth_cfe9cb248250,gig_worker,tabddpm_synthetic,,['en'],ATO,2024-07-09T09:22:00+00:00,144.52,0.88,45,9,4,Friday,86,191,2,ATO,en,Bank debit card,0
c1315534-a9f0-4037-9ce3-679268092855,synth_218f4ccf105c,gig_worker,tabddpm_synthetic,,['en'],ATO,2024-04-12T16:19:00+00:00,60.24,1.58,33,16,4,Friday,7,2000,7,ATO,en,Bank debit card,0
b80811be-f621-49da-86d0-1e72683821e1,synth_adca15dc8eca,gig_worker,tabddpm_synthetic,,['en'],ATO,2024-04-01T15:31:00+00:00,918.35,50.85,32,15,0,Monday,15,676,5,ATO,en,Bank debit card,0
ccac84ae-6776-4237-b108-8ae207e74bc9,synth_c6a6ad11644d,gig_worker,tabddpm_synthetic,,['en'],ATO,2024-06-16T02:44:00+00:00,5.0,0.0,45,2,0,Monday,90,1,0,ATO,en,Bank debit card,0
3a7a7007-a691-4487-97d0-d9d4c29ebe4e,synth_945829a7a2f0,gig_worker,tabddpm_synthetic,,['en'],ATO,2024-06-16T12:18:00+00:00,306.94,11.52,40,12,0,Monday,13,31,5,ATO,en,Bank debit card,0
baf7bd1d-8058-41c8-a5f4-487953cdad14,synth_18e8047eb5f2,gig_worker,tabddpm_synthetic,,['en'],ATO,2024-09-14T23:48:00+00:00,644.54,41.14,39,23,5,Saturday,3,1,9,ATO,en,Bank debit card,0
b1aa1eb6-e7e6-4077-a77f-1db986452561,synth_5747a066b4b3,gig_worker,tabddpm_synthetic,,['en'],ATO,2024-04-05T00:30:00+00:00,805.02,0.0,29,0,0,Monday,90,1,0,ATO,en,Bank debit card,0
305066ec-de35-47f5-a9bb-a328c0b7dfe6,synth_81b07ed8c8ce,gig_worker,tabddpm_synthetic,,['en'],ATO,2024-07-31T11:54:00+00:00,38.38,4.05,35,11,0,Monday,7,1801,6,ATO,en,Bank debit card,0
73734629-2340-403c-a14c-9b71428f460a,synth_68da950ead5b,gig_worker,tabddpm_synthetic,,['en'],ATO,2024-04-21T12:31:00+00:00,256.23,12.22,45,12,2,Wednesday,0,2000,2,ATO,en,Bank debit card,0
cc6d3f5b-0e00-482f-8006-a2e216437d10,synth_304ca61721c8,gig_worker,tabddpm_synthetic,,['en'],ATO,2024-06-23T09:46:00+00:00,5.0,5.73,38,9,4,Friday,1,1229,10,ATO,en,Bank debit card,0
9d18ed0a-9c99-4dbe-988c-4632a39b1051,synth_99cc3b5a0327,gig_worker,tabddpm_synthetic,,['en'],ATO,2024-03-06T23:50:00+00:00,5.0,0.0,21,23,6,Sunday,0,1,40,ATO,en,Bank debit card,0
cd195f9a-a727-4535-baa6-3a554f1c1d74,synth_697424c55e57,gig_worker,tabddpm_synthetic,,['en'],ATO,2024-03-20T23:00:00+00:00,6000.0,1521.91,45,23,0,Monday,0,218,100,ATO,en,Bank debit card,0
27092598-2ff3-401a-a6f4-2f5c8a7b8eb5,synth_de9de9304a04,gig_worker,tabddpm_synthetic,,['en'],ATO,2024-09-24T23:15:00+00:00,5.0,0.0,45,23,6,Sunday,0,1,100,ATO,en,Bank debit card,1
46340b30-79d6-43dc-9a37-ff97f0a86775,synth_c6a13870a6a1,gig_worker,tabddpm_synthetic,,['en'],ATO,2024-08-15T21:37:00+00:00,133.4,0.0,45,21,0,Monday,90,1,0,ATO,en,Bank debit card,0
7892bdb8-238a-4118-a4f5-6837f13e0baa,synth_a183c53ee13a,gig_worker,tabddpm_synthetic,,['en'],ATO,2024-01-04T23:26:00+00:00,6000.0,702.38,45,23,0,Monday,9,684,30,ATO,en,Bank debit card,0
264ca977-fc92-4843-812c-2aa565805e38,synth_f409b3b04a7e,gig_worker,tabddpm_synthetic,,['en'],ATO,2024-08-24T23:12:00+00:00,5.0,0.0,45,23,6,Sunday,0,1,100,ATO,en,Bank debit card,0
6e9ec63a-aa46-4715-96b1-c6878f8d71bd,synth_78338473e65d,gig_worker,tabddpm_synthetic,,['en'],ATO,2024-03-21T23:15:00+00:00,5.0,0.0,45,23,6,Sunday,0,1,100,ATO,en,Bank debit card,1
de32f4ab-e2d0-4e87-96c5-603b18ded214,synth_87e36132e1f7,gig_worker,tabddpm_synthetic,,['en'],ATO,2024-05-27T23:18:00+00:00,6000.0,3000.0,45,23,0,Monday,0,2000,100,ATO,en,Bank debit card,0
c6f84541-fa2b-4a41-bb44-c805f72027eb,synth_523d2699869d,gig_worker,tabddpm_synthetic,,['en'],ATO,2024-09-22T12:40:00+00:00,5.0,4.69,45,12,1,Tuesday,17,2000,13,ATO,en,Bank debit card,0
b653293b-316a-41a5-b4c4-0512e878a7d8,synth_df6fbf0b8c28,gig_worker,tabddpm_synthetic,,['en'],ATO,2024-09-08T23:14:00+00:00,5.0,0.0,45,23,6,Sunday,1,1,100,ATO,en,Bank debit card,1
c4b43eed-5035-4ba6-b4d2-0f1f61a75565,synth_690e1215faeb,gig_worker,tabddpm_synthetic,,['en'],ATO,2024-10-03T23:31:00+00:00,5.0,17.54,45,23,6,Sunday,0,1,100,ATO,en,Bank debit card,1
c48a9542-2ac5-48d6-ac5c-cf127d3750fd,synth_6ea435b2a880,gig_worker,tabddpm_synthetic,,['en'],ATO,2024-10-11T00:15:00+00:00,1858.33,0.0,22,0,0,Monday,90,1,0,ATO,en,Bank debit card,0
46a6680a-b2e5-4ef2-94cc-7ae736211602,synth_6b12f9210139,gig_worker,tabddpm_synthetic,,['en'],ATO,2024-11-27T08:36:00+00:00,5.0,0.0,43,8,3,Thursday,9,1,9,ATO,en,Bank debit card,0
9e69850f-d28c-455d-b4f1-e800b18b9c08,synth_e9beae67f75c,gig_worker,tabddpm_synthetic,,['en'],ATO,2024-02-29T16:49:00+00:00,57.41,3.41,43,16,1,Tuesday,17,1268,11,ATO,en,Bank debit card,0
c118fdfd-ce82-49cd-b6e7-a1b9b9b0f855,synth_19c5aefc4064,gig_worker,tabddpm_synthetic,,['en'],ATO,2024-11-06T09:38:00+00:00,226.22,0.0,38,9,0,Monday,90,1,6,ATO,en,Bank debit card,0
ad5894fb-d020-4f49-9594-983779661e45,synth_378cd467f812,gig_worker,tabddpm_synthetic,,['en'],ATO,2024-07-01T23:01:00+00:00,6000.0,3000.0,45,23,0,Monday,90,1,100,ATO,en,Bank debit card,0
ba469215-8daf-4403-97af-bb04321bd21b,synth_dd7b4bae8415,gig_worker,tabddpm_synthetic,,['en'],ATO,2024-02-25T12:10:00+00:00,153.09,4.28,44,12,4,Friday,6,1134,5,ATO,en,Bank debit card,0
18695130-7f7f-433f-86ad-458d9ec901e6,synth_95360ea66b76,gig_worker,tabddpm_synthetic,,['en'],CashApp,2024-08-09T23:29:00+00:00,78.29,0.0,37,23,5,Saturday,5,694,8,CashApp,en,Bank debit card,0
a58beab9-caff-41d9-83b7-81d383592988,synth_4e4d56efa7c5,gig_worker,tabddpm_synthetic,,['en'],ATO,2024-03-29T11:47:00+00:00,5.0,0.0,42,11,5,Saturday,16,2000,5,ATO,en,Bank debit card,0
014f45b8-29ce-4350-9158-c058f03be980,synth_ee23d5ac792d,gig_worker,tabddpm_synthetic,,['en'],ATO,2024-08-10T23:24:00+00:00,705.04,43.77,45,23,0,Monday,9,1,74,ATO,en,Bank debit card,1
e8e9b0cb-7338-4e8b-a31a-78c54d728a56,synth_db1e0595628c,gig_worker,tabddpm_synthetic,,['en'],ATO,2024-01-17T10:12:00+00:00,127.51,10.5,45,10,5,Saturday,13,2000,7,ATO,en,Bank debit card,0
f54a7fdc-8514-4d2a-a866-5c06aea69f2b,synth_cd1f3aa7ca29,gig_worker,tabddpm_synthetic,,['en'],ATO,2024-09-23T12:06:00+00:00,77.24,13.28,33,12,0,Monday,10,1915,5,ATO,en,Bank debit card,0
fee4282e-02a8-4a1b-a1bd-46fbcca2ecce,synth_23805e799ad6,gig_worker,tabddpm_synthetic,,['en'],ATO,2024-09-20T08:52:00+00:00,161.24,12.36,36,8,4,Friday,5,644,3,ATO,en,Bank debit card,0
b6b3b64b-80b3-4a28-8fc3-37fa7f1db474,synth_3e8b4c9d23fa,gig_worker,tabddpm_synthetic,,['en'],ATO,2024-01-07T09:58:00+00:00,356.02,42.79,18,9,2,Wednesday,2,1136,12,ATO,en,Bank debit card,0
e707c118-197b-4998-a2ce-b02a78c9f892,synth_301886f9be06,gig_worker,tabddpm_synthetic,,['en'],ATO,2024-01-02T05:07:00+00:00,153.03,4.22,19,5,0,Monday,0,231,0,ATO,en,Bank debit card,0
d46d395b-e6fe-4a9a-8906-ecd2ac9a08c7,synth_d47055a52faa,gig_worker,tabddpm_synthetic,,['en'],ATO,2024-02-12T23:41:00+00:00,5.0,11.17,45,23,6,Sunday,0,174,56,ATO,en,Bank debit card,0
a7a3cd65-19be-4b6f-ad0c-3a07e92ddf97,synth_289bd8ec59f3,gig_worker,tabddpm_synthetic,,['en'],ATO,2024-04-24T10:05:00+00:00,25.77,6.97,19,10,2,Wednesday,5,1552,4,ATO,en,Bank debit card,0
a3ff99fb-4ee3-4f1c-8c36-8f3f07231782,synth_827b433854a5,gig_worker,tabddpm_synthetic,,['en'],CashApp,2024-02-27T11:31:00+00:00,685.84,9.36,35,11,0,Monday,0,1935,5,CashApp,en,Bank debit card,0
a7e953c0-a0cd-49d8-9946-462218b7d4fe,synth_b6732bc75ce5,gig_worker,tabddpm_synthetic,,['en'],ATO,2024-01-23T01:54:00+00:00,27.96,4.51,38,1,0,Monday,0,1,3,ATO,en,Bank debit card,0
540399a9-a0d2-4b45-b00b-26c50179a310,synth_e3f6f41bee0a,gig_worker,tabddpm_synthetic,,['en'],ATO,2024-12-29T13:25:00+00:00,505.22,18.83,30,13,0,Monday,61,479,3,ATO,en,Bank debit card,0
132cdcc8-ca08-46d0-8140-f3fe45395caa,synth_28e159fcdaf0,gig_worker,tabddpm_synthetic,,['en'],ATO,2024-03-12T23:05:00+00:00,714.09,14.79,22,23,0,Monday,0,1,19,ATO,en,Bank debit card,1
dbe38c2d-8567-487f-bff1-aff0dabe8386,synth_4e91f5de8e0a,gig_worker,tabddpm_synthetic,,['en'],ATO,2024-01-12T07:26:00+00:00,5.0,2.4,40,7,1,Tuesday,10,339,4,ATO,en,Bank debit card,0
81404901-06cb-4963-9862-63ef4e62c972,synth_795e33371daf,gig_worker,tabddpm_synthetic,,['en'],ATO,2024-04-13T23:56:00+00:00,486.48,38.49,30,23,4,Friday,83,1,0,ATO,en,Bank debit card,0
97cd1c80-ccc3-426e-b6ab-95d094760d46,synth_276fb9fa2325,gig_worker,tabddpm_synthetic,,['en'],CashApp,2024-12-13T23:40:00+00:00,227.6,8.15,24,23,6,Sunday,13,1,1,CashApp,en,Bank debit card,0
8db10f5d-643a-4407-8677-35ccd36ccaa1,synth_0d9562c74100,gig_worker,tabddpm_synthetic,,['en'],ATO,2024-09-18T14:48:00+00:00,29.74,7.66,44,14,6,Sunday,0,1531,8,ATO,en,Bank debit card,0
ce9f9712-da7e-4d2a-876c-6a752273e7e4,synth_e4cf47b31900,gig_worker,tabddpm_synthetic,,['en'],ATO,2024-08-03T00:59:00+00:00,231.33,6.73,45,0,4,Friday,0,1,37,ATO,en,Bank debit card,1
9d7bdbe1-cb7a-4c23-a8ea-d9dfc6508d15,synth_4ce28d5ea361,gig_worker,tabddpm_synthetic,,['en'],ATO,2024-04-24T23:41:00+00:00,5.0,0.0,37,23,6,Sunday,0,1,100,ATO,en,Bank debit card,1
0d08a932-2d3b-4c17-a978-0c53ee677a6b,synth_f23ac7b1a959,gig_worker,tabddpm_synthetic,,['en'],ATO,2024-01-31T22:26:00+00:00,274.74,10.18,44,22,4,Friday,77,1,1,ATO,en,Bank debit card,0
fb7e16ab-0d4f-407d-87fb-f5ab31227191,synth_7f1ce0b99444,gig_worker,tabddpm_synthetic,,['en'],ATO,2024-07-31T23:12:00+00:00,303.95,22.47,23,23,4,Friday,25,1,5,ATO,en,Bank debit card,0
a248ac36-3859-44df-89c6-6a28c098947f,synth_5a3dbb35c247,gig_worker,tabddpm_synthetic,,['en'],ATO,2024-03-17T23:37:00+00:00,6000.0,3000.0,45,23,0,Monday,90,2000,100,ATO,en,Bank debit card,0
a26642d1-480b-486c-96f5-ca2aac3cc133,synth_e22eefa8c546,gig_worker,tabddpm_synthetic,,['en'],ATO,2024-10-28T10:01:00+00:00,680.99,33.99,42,10,2,Wednesday,90,1,5,ATO,en,Bank debit card,0
7ad52753-eb52-4c74-b8ef-40ed92aca7f5,synth_a1f1e6d2510f,gig_worker,tabddpm_synthetic,,['en'],ATO,2024-10-21T23:23:00+00:00,6000.0,3000.0,45,23,0,Monday,4,2000,100,ATO,en,Bank debit card,1
c454dfbf-29fb-4b7e-be2c-1fa7d657b314,synth_7d5f25de8c7b,gig_worker,tabddpm_synthetic,,['en'],ATO,2024-07-21T10:53:00+00:00,41.63,0.0,35,10,0,Monday,8,280,9,ATO,en,Bank debit card,0
93ae5d6c-ee0a-4cd2-bf8b-da1ef51c6f65,synth_840df368289c,gig_worker,tabddpm_synthetic,,['en'],ATO,2024-04-05T07:20:00+00:00,5.0,0.0,20,7,1,Tuesday,5,1623,7,ATO,en,Bank debit card,0
5dd65173-1ea2-478d-b5a8-fd170fc09e4e,synth_44ab9ec6cd23,gig_worker,tabddpm_synthetic,,['en'],ATO,2024-04-28T23:13:00+00:00,5.0,0.0,45,23,6,Sunday,0,1,100,ATO,en,Bank debit card,0
98f0f871-2ae0-4cc1-ad77-fa2562959f22,synth_213a50b260fe,gig_worker,tabddpm_synthetic,,['en'],ATO,2024-11-02T11:52:00+00:00,193.67,12.18,33,11,4,Friday,35,243,7,ATO,en,Bank debit card,0
40b9810b-fafd-4e06-936b-01292b89f9ed,synth_5ecf72399751,gig_worker,tabddpm_synthetic,,['en'],ATO,2024-07-14T00:15:00+00:00,5.0,0.0,45,0,0,Monday,90,1,0,ATO,en,Bank debit card,0
4a45e9a5-44c8-4d06-adda-615f70c53502,synth_d3ee9b5add53,gig_worker,tabddpm_synthetic,,['en'],ATO,2024-02-02T23:28:00+00:00,5.0,0.0,43,23,6,Sunday,0,1,82,ATO,en,Bank debit card,1
2e73afd5-7ba3-4d38-989a-fe25ac98614d,synth_25522d5f9159,gig_worker,tabddpm_synthetic,,['en'],ATO,2024-09-15T00:31:00+00:00,5.0,0.0,45,0,0,Monday,90,1,0,ATO,en,Bank debit card,0
af2c883b-33d3-4080-8daa-cacba301f427,synth_a569e4a7e741,gig_worker,tabddpm_synthetic,,['en'],ATO,2024-12-07T23:47:00+00:00,6000.0,3000.0,45,23,0,Monday,82,2000,100,ATO,en,Bank debit card,0
d5803ebd-118a-4e7c-a582-8f5708d6aa79,synth_3c3d900ff7fb,gig_worker,tabddpm_synthetic,,['en'],ATO,2024-09-10T09:35:00+00:00,6000.0,273.48,45,9,0,Monday,10,1,8,ATO,en,Bank debit card,0
2ad9443e-0bac-454d-90ab-1c96b79231b9,synth_6f18edd00543,gig_worker,tabddpm_synthetic,,['en'],ATO,2024-11-10T23:21:00+00:00,323.27,9.89,45,23,4,Friday,90,1,0,ATO,en,Bank debit card,0
28c2f240-ec8a-4643-8043-269f3a52b7df,synth_862367f96f57,gig_worker,tabddpm_synthetic,,['en'],CashApp,2024-07-27T15:22:00+00:00,181.11,9.68,36,15,5,Saturday,13,2000,2,CashApp,en,Bank debit card,0
4d287a4d-51a1-4f92-b159-dd57a2cab406,synth_0fb72dd4d101,gig_worker,tabddpm_synthetic,,['en'],ATO,2024-08-20T12:13:00+00:00,5.0,1.47,45,12,1,Tuesday,1,2000,3,ATO,en,Bank debit card,0
dcb9c8e7-3a25-47ff-8738-d4be85911692,synth_0ee45246596e,gig_worker,tabddpm_synthetic,,['en'],ATO,2024-05-23T23:08:00+00:00,1829.52,94.08,45,23,0,Monday,2,1,65,ATO,en,Bank debit card,1
5c31ea83-9121-42ac-83a1-15b50fec0cf6,synth_e9e6f8f7549b,gig_worker,tabddpm_synthetic,,['en'],ATO,2024-12-26T05:46:00+00:00,253.33,0.38,32,5,3,Thursday,3,154,8,ATO,en,Bank debit card,0
21f7f212-9454-4b8f-b265-c9adfd38fd34,synth_6745ce486edd,gig_worker,tabddpm_synthetic,,['en'],ATO,2024-01-25T04:10:00+00:00,51.39,0.0,25,4,6,Sunday,26,1,0,ATO,en,Bank debit card,0
2f724650-18d9-4489-b1a9-8b3ac665a5fd,synth_429945d69708,gig_worker,tabddpm_synthetic,,['en'],ATO,2024-12-06T14:11:00+00:00,98.82,17.34,45,14,0,Monday,4,1530,9,ATO,en,Bank debit card,0
e9cf8c6b-4940-44d2-8764-f28043aff7be,synth_1ac60ee8720b,gig_worker,tabddpm_synthetic,,['en'],ATO,2024-03-01T23:07:00+00:00,6000.0,3000.0,45,23,0,Monday,90,1,100,ATO,en,Bank debit card,0
d27cac9e-2cc7-4e50-a887-dcc204e1162e,synth_b6a42a70604c,gig_worker,tabddpm_synthetic,,['en'],ATO,2024-01-25T04:19:00+00:00,70.87,0.19,45,4,4,Friday,0,1,5,ATO,en,Bank debit card,0
2fc45214-6ca8-4f7e-a448-bfe8b8d060ea,synth_8a0d75aa014b,gig_worker,tabddpm_synthetic,,['en'],ATO,2024-05-07T23:34:00+00:00,6000.0,3000.0,45,23,0,Monday,90,2000,100,ATO,en,Bank debit card,0
e3eabb9f-298b-45e1-860c-d6063d90ed56,synth_79572abc78b4,gig_worker,tabddpm_synthetic,,['en'],ATO,2024-05-29T00:14:00+00:00,361.77,0.0,45,0,0,Monday,90,1,0,ATO,en,Bank debit card,0
da8a6da5-1969-419b-b3a4-9847e40fadf1,synth_b166a65ac6cb,gig_worker,tabddpm_synthetic,,['en'],ATO,2024-08-14T10:57:00+00:00,104.02,7.65,45,10,4,Friday,4,1193,9,ATO,en,Bank debit card,0
966f6459-26a1-4cb1-b5cf-5a8907d31a0a,synth_4296f3c13bc3,gig_worker,tabddpm_synthetic,,['en'],ATO,2024-06-13T11:36:00+00:00,7.38,4.43,35,11,3,Thursday,23,776,3,ATO,en,Bank debit card,0
386d28ab-e786-4828-b2f3-6cb1231d34d8,synth_f31b35292c49,gig_worker,tabddpm_synthetic,,['en'],ATO,2024-11-27T23:06:00+00:00,5.0,0.0,35,23,6,Sunday,0,1,29,ATO,en,Bank debit card,0
04ccda14-c2d8-4d9f-a00c-b5d6a21c2b51,synth_fb54bd957090,gig_worker,tabddpm_synthetic,,['en'],ATO,2024-11-19T23:10:00+00:00,5.0,10.5,45,23,6,Sunday,0,1,100,ATO,en,Bank debit card,1
b40b5abb-7e7d-4808-bdc1-0e9b4185d194,synth_014f45729710,gig_worker,tabddpm_synthetic,,['en'],ATO,2024-07-19T17:14:00+00:00,5.0,0.01,26,17,5,Saturday,14,2000,0,ATO,en,Bank debit card,0
07b9e0a0-940a-4570-aafd-2ebfa9fb4fae,synth_d3819fccc233,gig_worker,tabddpm_synthetic,,['en'],ATO,2024-11-16T15:28:00+00:00,51.15,6.05,45,15,2,Wednesday,65,73,3,ATO,en,Bank debit card,0
ac5ee00c-1961-4977-b1e4-9f62723ee9b4,synth_227614ab5c52,gig_worker,tabddpm_synthetic,,['en'],ATO,2024-06-07T02:06:00+00:00,128.34,9.95,41,2,0,Monday,15,1,3,ATO,en,Bank debit card,0
967547fe-1725-43ab-a071-4e662c7d0c63,synth_e069ab15334f,gig_worker,tabddpm_synthetic,,['en'],ATO,2024-01-07T09:38:00+00:00,124.93,15.64,38,9,2,Wednesday,44,97,4,ATO,en,Bank debit card,0
f20fe3d9-c959-444c-a144-a4f090e659dc,synth_feb28d95e5fa,gig_worker,tabddpm_synthetic,,['en'],ATO,2024-03-10T23:37:00+00:00,6000.0,3000.0,45,23,0,Monday,7,2000,100,ATO,en,Bank debit card,0
9ce4a678-9e75-4318-96aa-39a85819dbd0,synth_9c6fdf82738a,gig_worker,tabddpm_synthetic,,['en'],ATO,2024-10-19T09:31:00+00:00,167.95,20.66,45,9,0,Monday,0,1590,4,ATO,en,Bank debit card,0
c7af00db-35e3-4935-b5d8-ca33c452abe0,synth_cbd4e43dcdca,gig_worker,tabddpm_synthetic,,['en'],ATO,2024-02-09T16:16:00+00:00,5.0,0.0,45,16,5,Saturday,8,2000,0,ATO,en,Bank debit card,0
6adbd8db-3b10-48eb-8005-28da9a028fd1,synth_b45b8210b39f,gig_worker,tabddpm_synthetic,,['en'],ATO,2024-11-02T14:14:00+00:00,5.0,0.0,43,14,4,Friday,5,1455,11,ATO,en,Bank debit card,0
25cda0e3-9196-4b29-87c0-44f9a102f875,synth_bf81c29272ac,gig_worker,tabddpm_synthetic,,['en'],ATO,2024-11-08T23:51:00+00:00,5.0,0.0,36,23,6,Sunday,3,1,41,ATO,en,Bank debit card,0
8f3c2c5a-4315-486c-9eb6-2c03fcbbe60e,synth_72ce90c56ee2,gig_worker,tabddpm_synthetic,,['en'],ATO,2024-06-14T23:31:00+00:00,6000.0,3000.0,45,23,0,Monday,39,2000,100,ATO,en,Bank debit card,0
52a140d3-6384-4807-93da-68743beab76e,synth_5336c7ae84db,gig_worker,tabddpm_synthetic,,['en'],ATO,2024-07-24T00:04:00+00:00,604.01,0.0,32,0,0,Monday,90,1,0,ATO,en,Bank debit card,0
ea33302e-6c3f-4430-a201-17f8d59c71e9,synth_a1f60450b2bb,gig_worker,tabddpm_synthetic,,['en'],ATO,2024-10-08T10:01:00+00:00,5.0,0.0,27,10,6,Sunday,0,558,1,ATO,en,Bank debit card,0
994e4c4f-8ad3-4453-9354-1d553a5a3ec2,synth_21defb2fdfd7,gig_worker,tabddpm_synthetic,,['en'],ATO,2024-01-20T10:09:00+00:00,5.0,0.0,28,10,0,Monday,0,846,7,ATO,en,Bank debit card,0
31373a76-9bbf-4e42-918b-6380228f5eca,synth_5989441592f9,gig_worker,tabddpm_synthetic,,['en'],ATO,2024-03-04T22:25:00+00:00,6000.0,503.56,45,22,0,Monday,0,5,37,ATO,en,Bank debit card,1
19a47acd-70f1-4f6b-94f2-96401625574b,synth_d3ec483ceb2e,gig_worker,tabddpm_synthetic,,['en'],ATO,2024-05-07T13:40:00+00:00,496.5,15.54,26,13,0,Monday,90,1,3,ATO,en,Bank debit card,0
cd06fdad-c476-4162-b5ee-e6eba719dab5,synth_c6c6af4a78ea,gig_worker,tabddpm_synthetic,,['en'],ATO,2024-07-14T06:36:00+00:00,205.01,10.79,44,6,3,Thursday,16,467,2,ATO,en,Bank debit card,0
6f5be0a7-a051-4b49-a039-655964069a14,synth_02dfd63c1c26,gig_worker,tabddpm_synthetic,,['en'],ATO,2024-07-16T03:30:00+00:00,373.47,0.0,34,3,0,Monday,90,1,0,ATO,en,Bank debit card,0
45e137a2-3f6f-444d-af5a-78f095099d3a,synth_c68941b6c303,gig_worker,tabddpm_synthetic,,['en'],ATO,2024-06-21T10:25:00+00:00,385.37,9.45,43,10,3,Thursday,90,1,2,ATO,en,Bank debit card,0
14ff0ae9-d523-4bec-973d-d9bec4661f1c,synth_0950d5622511,gig_worker,tabddpm_synthetic,,['en'],CashApp,2024-08-31T23:52:00+00:00,1046.95,24.21,25,23,4,Friday,68,1,3,CashApp,en,Bank debit card,0
1ffdbcb8-a01c-4100-be19-410ffc0a5576,synth_874adcddd10e,gig_worker,tabddpm_synthetic,,['en'],ATO,2024-07-18T23:05:00+00:00,6000.0,3000.0,45,23,0,Monday,86,2000,100,ATO,en,Bank debit card,0
e5be9a57-1fb3-4036-8ae1-c5f02a6c78af,synth_34fc4c171cef,gig_worker,tabddpm_synthetic,,['en'],ATO,2024-04-07T15:35:00+00:00,255.54,24.79,43,15,2,Wednesday,2,468,14,ATO,en,Bank debit card,0
01463f53-61a5-4fc5-8b08-3ab285758f4c,synth_f9d3f3a04abc,gig_worker,tabddpm_synthetic,,['en'],ATO,2024-10-18T08:51:00+00:00,42.95,0.0,45,8,4,Friday,90,1,0,ATO,en,Bank debit card,0
fb6b84e7-2e03-4454-a307-0f5f65ea6b74,synth_ee2664ff8d10,gig_worker,tabddpm_synthetic,,['en'],ATO,2024-01-28T04:11:00+00:00,5.0,7.99,38,4,1,Tuesday,34,1,1,ATO,en,Bank debit card,0
aac948b9-31b8-4364-8414-74ae58c62adf,synth_744a14da7466,gig_worker,tabddpm_synthetic,,['en'],ATO,2024-02-10T12:11:00+00:00,200.13,20.42,26,12,4,Friday,56,781,6,ATO,en,Bank debit card,0
356027e9-d7ae-4776-aaa6-240a52f4a6bd,synth_d76925dfb953,gig_worker,tabddpm_synthetic,,['en'],ATO,2024-01-17T23:40:00+00:00,6000.0,252.27,45,23,2,Wednesday,0,691,21,ATO,en,Bank debit card,0
462863b1-65e6-4143-a5ac-236a6b3c9ab8,synth_8d6dcf96956c,gig_worker,tabddpm_synthetic,,['en'],ATO,2024-12-06T21:55:00+00:00,21.02,3.06,41,21,3,Thursday,49,883,0,ATO,en,Bank debit card,0
b1157882-bc45-4493-ad18-ef629560aa30,synth_f350f80b8019,gig_worker,tabddpm_synthetic,,['en'],ATO,2024-10-21T23:58:00+00:00,5.0,3.09,45,23,4,Friday,3,1,54,ATO,en,Bank debit card,1
9a605c9e-0cc6-4c31-a2d8-84966f0682ef,synth_bb817f296a40,gig_worker,tabddpm_synthetic,,['en'],ATO,2024-03-20T18:35:00+00:00,50.76,1.14,40,18,6,Sunday,5,911,5,ATO,en,Bank debit card,0
dad5f047-18a2-4b36-869a-36791f3b5d4e,synth_b42cbdb42347,gig_worker,tabddpm_synthetic,,['en'],ATO,2024-02-08T23:28:00+00:00,6000.0,3000.0,45,23,0,Monday,90,1,100,ATO,en,Bank debit card,0
bdb2a6ee-de67-4c8f-9065-d710daf899f7,synth_d18564ac19ec,gig_worker,tabddpm_synthetic,,['en'],ATO,2024-10-29T23:08:00+00:00,5.0,0.0,45,23,6,Sunday,0,22,48,ATO,en,Bank debit card,0
1e1c8a59-7652-4bc7-8437-6663dd3dee76,synth_33a27c43d2f6,gig_worker,tabddpm_synthetic,,['en'],ATO,2024-01-26T23:41:00+00:00,6000.0,3000.0,45,23,0,Monday,0,2000,100,ATO,en,Bank debit card,0
d702fe35-7a2d-4947-be4a-df5d1f70493e,synth_5649239da15e,gig_worker,tabddpm_synthetic,,['en'],ATO,2024-10-05T01:55:00+00:00,151.32,5.03,28,1,0,Monday,7,862,6,ATO,en,Bank debit card,0
8ffecb4d-aaac-4308-9b28-a4f9df2ea619,synth_98083fae615e,gig_worker,tabddpm_synthetic,,['en'],ATO,2024-12-28T23:18:00+00:00,6000.0,3000.0,45,23,0,Monday,0,1,100,ATO,en,Bank debit card,0
21f08a48-5e81-4b3d-b77d-7d0851cc421c,synth_8d94f219733a,gig_worker,tabddpm_synthetic,,['en'],ATO,2024-09-23T13:58:00+00:00,207.95,10.68,26,13,4,Friday,40,18,7,ATO,en,Bank debit card,0
a9e4b40f-fab0-4e9b-9fd5-87df0df89399,synth_87b5adfb3616,gig_worker,tabddpm_synthetic,,['en'],ATO,2024-07-20T23:08:00+00:00,6000.0,3000.0,45,23,0,Monday,0,2000,100,ATO,en,Bank debit card,0
83254f0e-fae7-4e39-8b2a-de4b0a8d5f3b,synth_a5406188e1cb,gig_worker,tabddpm_synthetic,,['en'],ATO,2024-03-21T04:27:00+00:00,504.83,23.43,45,4,4,Friday,90,1,0,ATO,en,Bank debit card,0
32254bb1-8d57-4944-b364-f192586a8706,synth_5acca187a0b7,gig_worker,tabddpm_synthetic,,['en'],ATO,2024-06-06T23:11:00+00:00,6000.0,3000.0,45,23,0,Monday,0,2000,100,ATO,en,Bank debit card,0
76576f3f-a31d-4fb1-a4dc-fbe243f2cb1b,synth_5bb3fe04f08e,gig_worker,tabddpm_synthetic,,['en'],ATO,2024-02-19T00:01:00+00:00,1366.2,0.0,25,0,0,Monday,90,1,0,ATO,en,Bank debit card,0
a52996ff-5225-4046-a111-7328c898d94b,synth_5160d684d717,gig_worker,tabddpm_synthetic,,['en'],ATO,2024-07-15T23:14:00+00:00,408.29,45.44,24,23,6,Sunday,57,1,0,ATO,en,Bank debit card,0
a4ce28f4-c2b0-492f-9e79-fdc3adca1dbe,synth_46dbd5f413e1,gig_worker,tabddpm_synthetic,,['en'],ATO,2024-07-09T23:16:00+00:00,6000.0,3000.0,45,23,0,Monday,0,2000,100,ATO,en,Bank debit card,0
c629ceec-34d1-47c2-bfe3-9c8d1d66d2fb,synth_ef0bc83b48ae,gig_worker,tabddpm_synthetic,,['en'],ATO,2024-01-10T23:23:00+00:00,6000.0,3000.0,45,23,0,Monday,9,2000,100,ATO,en,Bank debit card,0
1907a5ff-4ceb-4f2b-9b43-a61f53db9365,synth_f9448f5e0402,gig_worker,tabddpm_synthetic,,['en'],ATO,2024-06-06T00:27:00+00:00,6000.0,815.67,45,0,6,Sunday,4,1361,38,ATO,en,Bank debit card,0
8e881dc2-abd7-4c98-bae3-128182be99d9,synth_c9c438e4a653,gig_worker,tabddpm_synthetic,,['en'],ATO,2024-01-05T10:57:00+00:00,25.73,5.38,45,10,6,Sunday,17,60,4,ATO,en,Bank debit card,0
6249372f-1148-4416-bd93-19933b22e5d5,synth_3508423da97d,gig_worker,tabddpm_synthetic,,['en'],ATO,2024-05-13T11:36:00+00:00,5.0,12.44,22,11,4,Friday,8,1486,11,ATO,en,Bank debit card,0
8fc3bc3b-212a-4f5d-b265-03dd01906abb,synth_6586d70c227e,gig_worker,tabddpm_synthetic,,['en'],ATO,2024-03-02T15:14:00+00:00,114.0,0.0,40,15,6,Sunday,8,1044,5,ATO,en,Bank debit card,0
1aa05bee-a5e0-4c5e-826f-113acfc1ba1e,synth_886b42531dd8,gig_worker,tabddpm_synthetic,,['en'],ATO,2024-03-02T06:55:00+00:00,66.26,8.67,40,6,0,Monday,3,287,7,ATO,en,Bank debit card,0
5bbc88dc-74e8-42c5-a1c8-1ef012ae46ba,synth_060d444d72c7,gig_worker,tabddpm_synthetic,,['en'],ATO,2024-05-23T04:27:00+00:00,88.4,14.29,34,4,5,Saturday,39,1,6,ATO,en,Bank debit card,0
f4917d4b-08a3-4579-9e07-9151d22d5e66,synth_8d687304fb5d,gig_worker,tabddpm_synthetic,,['en'],ATO,2024-09-30T00:53:00+00:00,882.34,0.0,20,0,0,Monday,90,1,0,ATO,en,Bank debit card,0
103e16ff-5769-4e5d-a788-b4dc1653e5a5,synth_f7cb408f29de,gig_worker,tabddpm_synthetic,,['en'],ATO,2024-01-09T09:35:00+00:00,288.71,15.81,34,9,0,Monday,90,1,0,ATO,en,Bank debit card,0
e7c2c3bf-18e9-4ab9-8f10-4838e4774ca2,synth_4519ec71a323,gig_worker,tabddpm_synthetic,,['en'],ATO,2024-06-22T13:03:00+00:00,5.0,0.92,25,13,4,Friday,3,2000,9,ATO,en,Bank debit card,0
76f693be-1ca6-43e1-aacc-14cfaf1f4449,synth_b996b72f7b5b,gig_worker,tabddpm_synthetic,,['en'],ATO,2024-02-15T14:05:00+00:00,78.59,0.0,28,14,0,Monday,7,2000,2,ATO,en,Bank debit card,0
3e18728d-6d60-4918-827d-43ae66b42634,synth_5a2dc0070391,gig_worker,tabddpm_synthetic,,['en'],ATO,2024-03-22T16:37:00+00:00,42.1,0.33,38,16,4,Friday,5,1404,3,ATO,en,Bank debit card,0
55117aa2-a9ad-4b3b-8b68-fe7a73f32902,synth_1271c69063fc,gig_worker,tabddpm_synthetic,,['en'],ATO,2024-01-19T23:18:00+00:00,5.0,0.0,45,23,6,Sunday,0,1,100,ATO,en,Bank debit card,1
98792ba5-c2c9-4703-b97c-bb09754e1204,synth_c205bfb997c1,gig_worker,tabddpm_synthetic,,['en'],ATO,2024-07-20T14:58:00+00:00,113.98,11.09,30,14,5,Saturday,2,156,4,ATO,en,Bank debit card,0
8102150d-cfa8-45a9-b395-81ff1de4ef7c,synth_99c11e463a29,gig_worker,tabddpm_synthetic,,['en'],CashApp,2024-07-19T08:37:00+00:00,5.0,0.0,19,8,0,Monday,6,1449,5,CashApp,en,Bank debit card,0
b972e8cf-1d85-4211-93d0-1e5c4e44d4f4,synth_1078b6794d86,gig_worker,tabddpm_synthetic,,['en'],ATO,2024-06-21T08:04:00+00:00,2159.77,88.1,22,8,0,Monday,8,2000,0,ATO,en,Bank debit card,0
023eb527-b801-4117-81bb-f384af853bbb,synth_0a9f7473b192,gig_worker,tabddpm_synthetic,,['en'],ATO,2024-05-08T09:46:00+00:00,71.67,9.11,37,9,4,Friday,38,1,4,ATO,en,Bank debit card,0
27ab739d-959e-49bb-8c95-5cf5bde55b33,synth_2f3b4d053915,gig_worker,tabddpm_synthetic,,['en'],ATO,2024-06-29T09:48:00+00:00,326.99,15.79,36,9,1,Tuesday,10,584,0,ATO,en,Bank debit card,0
feb7787a-ab3a-4494-8a89-7bbe6f9e4c21,synth_dfdfc4425d1b,gig_worker,tabddpm_synthetic,,['en'],ATO,2024-05-20T23:05:00+00:00,5.0,0.0,25,23,4,Friday,7,1359,23,ATO,en,Bank debit card,0
f5822778-6754-4099-b188-8577d471f56c,synth_d2279e15f83d,gig_worker,tabddpm_synthetic,,['en'],ATO,2024-10-28T13:59:00+00:00,5.11,8.71,42,13,2,Wednesday,14,1620,10,ATO,en,Bank debit card,0
9a761d26-07b9-4d9c-9b8a-987fbf702c41,synth_54b51b96c834,gig_worker,tabddpm_synthetic,,['en'],ATO,2024-12-17T11:16:00+00:00,5.0,0.0,42,11,2,Wednesday,7,116,5,ATO,en,Bank debit card,0
88822c48-38d0-458f-8e10-261ccce9f898,synth_c755a2687ed8,gig_worker,tabddpm_synthetic,,['en'],ATO,2024-02-20T09:59:00+00:00,5.0,0.0,40,9,3,Thursday,0,961,2,ATO,en,Bank debit card,0
f10d1a5c-45a5-45d4-9763-6a03ddc5df55,synth_97b9cee32a5e,gig_worker,tabddpm_synthetic,,['en'],ATO,2024-04-20T23:39:00+00:00,6000.0,3000.0,45,23,0,Monday,90,2000,100,ATO,en,Bank debit card,0
408ec90e-7b2b-46c9-8168-0b113e70c3df,synth_ecf333703831,gig_worker,tabddpm_synthetic,,['en'],ATO,2024-03-09T23:02:00+00:00,800.24,59.11,45,23,0,Monday,3,1,50,ATO,en,Bank debit card,1
409d81eb-45f4-43a5-b2dd-527e7385996c,synth_769823fa9473,gig_worker,tabddpm_synthetic,,['en'],ATO,2024-06-05T23:38:00+00:00,6000.0,3000.0,45,23,0,Monday,90,2000,100,ATO,en,Bank debit card,0
a92e8cf1-46cf-4244-99d8-01dc1e53de34,synth_97c0a5bb2056,gig_worker,tabddpm_synthetic,,['en'],ATO,2024-12-16T23:54:00+00:00,547.46,0.0,40,23,2,Wednesday,90,549,1,ATO,en,Bank debit card,0
e835ac0f-8631-43af-863a-0cd51f3f36fc,synth_ee13856736fd,gig_worker,tabddpm_synthetic,,['en'],ATO,2024-02-09T10:27:00+00:00,565.03,45.41,42,10,0,Monday,7,652,8,ATO,en,Bank debit card,0
bb40ca71-5c57-4771-ba44-e8c59c298fee,synth_4e67411543b3,gig_worker,tabddpm_synthetic,,['en'],ATO,2024-06-18T05:59:00+00:00,5.0,0.0,40,5,0,Monday,90,1,0,ATO,en,Bank debit card,0
ece803c0-48c0-4751-9677-27b4afe2674b,synth_cc405005742a,gig_worker,tabddpm_synthetic,,['en'],ATO,2024-03-29T23:34:00+00:00,6000.0,3000.0,45,23,0,Monday,90,2000,100,ATO,en,Bank debit card,0
a02cfa60-aee6-4ee5-9757-96b1abd44b3a,synth_3884c962e703,gig_worker,tabddpm_synthetic,,['en'],ATO,2024-07-05T06:18:00+00:00,63.17,1.93,39,6,0,Monday,46,1,0,ATO,en,Bank debit card,0
3d214e22-69fc-4d1c-b773-7ffb794d1c2b,synth_3338765bf4c6,gig_worker,tabddpm_synthetic,,['en'],ATO,2024-09-12T12:53:00+00:00,165.19,0.0,45,12,4,Friday,90,1,4,ATO,en,Bank debit card,0
6caa4051-b8c2-4809-aef4-a66cf6440e6e,synth_b033c4092338,gig_worker,tabddpm_synthetic,,['en'],ATO,2024-10-21T11:06:00+00:00,18.99,3.0,45,11,2,Wednesday,39,1535,12,ATO,en,Bank debit card,0
12f97951-7032-4dcd-a709-ccd92e1b6e1d,synth_002382104dc0,gig_worker,tabddpm_synthetic,,['en'],ATO,2024-02-09T23:18:00+00:00,5.0,0.0,45,23,6,Sunday,5,1,75,ATO,en,Bank debit card,1
297999dc-68e1-46a3-8ad0-a5633f71e0e6,synth_34f60ddf8bb1,gig_worker,tabddpm_synthetic,,['en'],ATO,2024-05-05T23:16:00+00:00,6000.0,3000.0,45,23,0,Monday,90,2000,100,ATO,en,Bank debit card,0
0ed67544-3a50-4b78-982b-26df74023666,synth_960b02b484ee,gig_worker,tabddpm_synthetic,,['en'],ATO,2024-02-17T19:49:00+00:00,5.0,0.0,38,19,3,Thursday,88,208,1,ATO,en,Bank debit card,0
95473434-0dec-48c7-b20e-6049dce38782,synth_e4d9dbe32ae4,gig_worker,tabddpm_synthetic,,['en'],ATO,2024-04-05T12:13:00+00:00,5.0,0.0,45,12,6,Sunday,7,1555,2,ATO,en,Bank debit card,0
653b6536-9a54-4492-ae77-013fa5dc2569,synth_e295c98b0b26,gig_worker,tabddpm_synthetic,,['en'],ATO,2024-01-10T00:25:00+00:00,237.36,0.0,33,0,0,Monday,90,1,0,ATO,en,Bank debit card,0
63e903f3-17e1-449e-9686-dead1dc28ae3,synth_04c362793a32,gig_worker,tabddpm_synthetic,,['en'],ATO,2024-11-09T20:07:00+00:00,5.0,1.67,45,20,4,Friday,24,1690,8,ATO,en,Bank debit card,0
0d1478a0-b726-4bef-9471-cbe1ff02ac19,synth_bd7cd81e01bd,gig_worker,tabddpm_synthetic,,['en'],CashApp,2024-10-31T13:09:00+00:00,84.57,9.37,45,13,5,Saturday,4,1125,7,CashApp,en,Bank debit card,0
22efcbe8-b73a-4295-8db9-f534b608cb4d,synth_64ece4b515a7,gig_worker,tabddpm_synthetic,,['en'],ATO,2024-05-04T20:45:00+00:00,5.0,0.0,38,20,1,Tuesday,90,689,0,ATO,en,Bank debit card,0
01127a24-34db-420e-86e4-136fa9446cbd,synth_c9955984910a,gig_worker,tabddpm_synthetic,,['en'],ATO,2024-03-04T00:45:00+00:00,1368.31,0.0,45,0,0,Monday,90,1,0,ATO,en,Bank debit card,0
37d4311c-ab6a-4273-84eb-8ead8817b0fd,synth_75fabdc47b6f,gig_worker,tabddpm_synthetic,,['en'],ATO,2024-06-23T23:15:00+00:00,6000.0,3000.0,45,23,0,Monday,0,2000,100,ATO,en,Bank debit card,0
a3baa489-c858-4d7c-a058-dfb6c68e2b68,synth_1eb274ac53d0,gig_worker,tabddpm_synthetic,,['en'],ATO,2024-03-11T00:21:00+00:00,5.0,0.0,19,0,0,Monday,0,1,38,ATO,en,Bank debit card,1
eb1e4024-a7b9-452f-be0e-d1759d56a44b,synth_444ff371acc0,gig_worker,tabddpm_synthetic,,['en'],ATO,2024-07-01T13:22:00+00:00,188.66,11.75,29,13,2,Wednesday,42,1,1,ATO,en,Bank debit card,0
a4b8a50a-6910-4baf-9264-e5f628eeafb0,synth_9abcd6d4ae91,gig_worker,tabddpm_synthetic,,['en'],ATO,2024-04-02T23:19:00+00:00,6000.0,3000.0,45,23,0,Monday,0,2000,100,ATO,en,Bank debit card,0
9a695512-15c3-42f9-bc59-10019e285de8,synth_53560d83fc39,gig_worker,tabddpm_synthetic,,['en'],ATO,2024-11-15T23:42:00+00:00,101.04,7.8,34,23,3,Thursday,56,1,2,ATO,en,Bank debit card,0
8b1c00e8-83f5-4a1d-8a54-8242f91a0fcd,synth_c89a67ac5d55,gig_worker,tabddpm_synthetic,,['en'],ATO,2024-10-03T17:58:00+00:00,213.14,2.99,32,17,3,Thursday,70,1,0,ATO,en,Bank debit card,0
420b7a03-91eb-45fb-8978-e4dba14c9986,synth_6144e7e0963a,gig_worker,tabddpm_synthetic,,['en'],ATO,2024-09-04T06:53:00+00:00,529.88,29.43,45,6,0,Monday,1,1,6,ATO,en,Bank debit card,0
16c3c82a-c485-4582-a2ea-e45e289756f6,synth_ade465a480b8,gig_worker,tabddpm_synthetic,,['en'],ATO,2024-04-28T08:20:00+00:00,88.22,6.5,28,8,0,Monday,18,1824,7,ATO,en,Bank debit card,0
48a80a03-8cd1-4f59-9d94-0924e2d7df09,synth_18030ce3c794,gig_worker,tabddpm_synthetic,,['en'],ATO,2024-01-12T10:02:00+00:00,308.1,33.0,23,10,5,Saturday,21,1567,11,ATO,en,Bank debit card,0
c40acff9-5e9b-4637-9fc8-6189bc0bf163,synth_c47e06918e30,gig_worker,tabddpm_synthetic,,['en'],ATO,2024-07-22T13:39:00+00:00,128.46,0.0,27,13,2,Wednesday,18,106,4,ATO,en,Bank debit card,0
9d50b241-762d-4d0a-83b2-10d0a2ce426f,synth_fcf1fbe8a44d,gig_worker,tabddpm_synthetic,,['en'],ATO,2024-04-18T17:10:00+00:00,15.17,6.79,45,17,0,Monday,23,1851,2,ATO,en,Bank debit card,0
692733b5-2d71-482f-b2ea-a8c5b9f4985a,synth_f269e4260e03,gig_worker,tabddpm_synthetic,,['en'],ATO,2024-08-21T00:10:00+00:00,647.61,0.0,45,0,0,Monday,90,1,0,ATO,en,Bank debit card,0
83ac8ef3-e511-440a-8ea1-8678c06f141d,synth_35b363b752ce,gig_worker,tabddpm_synthetic,,['en'],ATO,2024-02-09T22:34:00+00:00,5.0,5.8,29,22,4,Friday,10,1411,16,ATO,en,Bank debit card,0
0fc2183d-9df4-43f0-992a-f0e8a86acf87,synth_ec9e0165691b,gig_worker,tabddpm_synthetic,,['en'],ATO,2024-11-01T23:47:00+00:00,6000.0,3000.0,45,23,0,Monday,0,1,100,ATO,en,Bank debit card,0
2a3f9a7d-35b2-48a6-a807-0d6d66a17297,synth_17810dbda60f,gig_worker,tabddpm_synthetic,,['en'],ATO,2024-12-02T09:04:00+00:00,5.0,3.39,45,9,6,Sunday,2,1203,0,ATO,en,Bank debit card,0
5a91e732-75d3-47a8-9726-b62e0d4aefb7,synth_37c4fa0a82d8,gig_worker,tabddpm_synthetic,,['en'],ATO,2024-09-04T06:46:00+00:00,112.11,14.78,38,6,0,Monday,18,701,10,ATO,en,Bank debit card,0
73174ecd-31a5-4a06-8432-d7efc5da9a1b,synth_4a93f65f52fc,gig_worker,tabddpm_synthetic,,['en'],ATO,2024-03-05T23:57:00+00:00,6000.0,3000.0,45,23,0,Monday,90,2000,100,ATO,en,Bank debit card,0
b49c325a-65b9-4776-b00b-a6b663138da6,synth_5b4c16511c22,gig_worker,tabddpm_synthetic,,['en'],ATO,2024-05-03T23:09:00+00:00,459.3,22.49,24,23,5,Saturday,41,1,2,ATO,en,Bank debit card,0
49839508-6d60-422b-9851-e51e3d8f7f74,synth_206000f3e032,gig_worker,tabddpm_synthetic,,['en'],ATO,2024-11-15T23:31:00+00:00,6000.0,3000.0,45,23,0,Monday,84,2000,100,ATO,en,Bank debit card,0
8dac0ec0-40d2-40a4-ac94-d780b4198c55,synth_4366497f810e,gig_worker,tabddpm_synthetic,,['en'],ATO,2024-12-05T23:10:00+00:00,5.0,0.0,36,23,6,Sunday,0,1,22,ATO,en,Bank debit card,0
4ccd2849-76c7-480b-857f-08db0b7e48b7,synth_9f9cc0ad3e4d,gig_worker,tabddpm_synthetic,,['en'],ATO,2024-10-25T23:04:00+00:00,6000.0,3000.0,45,23,0,Monday,90,2000,100,ATO,en,Bank debit card,0
8a2d6fa0-a7ee-4950-971a-dab7b34cd516,synth_720aaa686e2c,gig_worker,tabddpm_synthetic,,['en'],ATO,2024-08-08T23:53:00+00:00,6000.0,3000.0,45,23,0,Monday,8,2000,100,ATO,en,Bank debit card,0
65ae1ed0-c09c-4ff1-b671-475402c7e21c,synth_41e8f6eb40d6,gig_worker,tabddpm_synthetic,,['en'],ATO,2024-03-12T16:33:00+00:00,215.69,8.46,29,16,0,Monday,81,1,6,ATO,en,Bank debit card,0
f4238d95-f122-4520-901d-320c084ea0c9,synth_9471fd2fdd4c,gig_worker,tabddpm_synthetic,,['en'],ATO,2024-08-09T07:19:00+00:00,5.0,0.0,37,7,6,Sunday,7,1817,13,ATO,en,Bank debit card,0
7676be98-265e-4b0b-a022-808be68e8b65,synth_6aebca9f32e0,gig_worker,tabddpm_synthetic,,['en'],ATO,2024-05-22T23:37:00+00:00,6000.0,3000.0,45,23,0,Monday,0,2000,100,ATO,en,Bank debit card,1
c4524553-659f-4d53-aa89-53f305acad07,synth_d30b2b4d5a42,gig_worker,tabddpm_synthetic,,['en'],ATO,2024-10-02T23:45:00+00:00,6000.0,3000.0,45,23,0,Monday,74,1379,100,ATO,en,Bank debit card,0
4e4f7610-c6fb-40d5-a52e-288dd1584f94,synth_41760ce0b3fc,gig_worker,tabddpm_synthetic,,['en'],ATO,2024-03-12T14:32:00+00:00,5.0,5.1,37,14,4,Friday,0,624,10,ATO,en,Bank debit card,0
23c097e8-8b09-4e2b-817c-718d4c62344c,synth_c1fdad42c11d,gig_worker,tabddpm_synthetic,,['en'],ATO,2024-12-22T13:49:00+00:00,43.77,0.0,45,13,3,Thursday,1,1454,11,ATO,en,Bank debit card,0
6fddc36e-4e57-4607-8199-732a2c12095c,synth_6cd271e6ea2e,gig_worker,tabddpm_synthetic,,['en'],ATO,2024-01-31T11:38:00+00:00,52.4,2.59,34,11,2,Wednesday,1,963,7,ATO,en,Bank debit card,0
6565d338-67aa-4bc0-9646-5093314af7e1,synth_7e319b5627a5,gig_worker,tabddpm_synthetic,,['en'],ATO,2024-08-18T23:25:00+00:00,6000.0,3000.0,45,23,0,Monday,90,1,100,ATO,en,Bank debit card,0
cc322620-d257-420c-a09a-d6b16c4cd711,synth_98a53d88401a,gig_worker,tabddpm_synthetic,,['en'],ATO,2024-07-16T06:03:00+00:00,205.69,9.03,24,6,3,Thursday,4,321,9,ATO,en,Bank debit card,0
4d3f1317-c002-4265-b4ce-0eb454d2e966,synth_c56ebaa183dd,gig_worker,tabddpm_synthetic,,['en'],ATO,2024-12-02T07:35:00+00:00,72.36,5.32,40,7,0,Monday,9,970,5,ATO,en,Bank debit card,0
a7696b4d-6b73-4f11-bd76-3e1dbc1c57f5,synth_ad06ff19849c,gig_worker,tabddpm_synthetic,,['en'],ATO,2024-03-22T08:21:00+00:00,21.37,5.53,45,8,5,Saturday,9,229,0,ATO,en,Bank debit card,0
62ae33ae-95f9-426d-9157-8540afdcf4e4,synth_a9d0abab16ac,gig_worker,tabddpm_synthetic,,['en'],ATO,2024-07-26T23:05:00+00:00,5.0,0.0,45,23,6,Sunday,0,1,100,ATO,en,Bank debit card,1
7473192e-e672-4073-914e-7c5b1dbc6fcd,synth_14d48d90ca24,gig_worker,tabddpm_synthetic,,['en'],ATO,2024-03-26T23:59:00+00:00,6000.0,3000.0,45,23,0,Monday,0,1,100,ATO,en,Bank debit card,0
2b82744e-6fa2-4da7-ab6d-cc705b4196a8,synth_2be4a1f4a81c,gig_worker,tabddpm_synthetic,,['en'],ATO,2024-05-23T12:14:00+00:00,5.0,7.84,36,12,5,Saturday,0,605,7,ATO,en,Bank debit card,0
7b6c9820-5d78-47f6-afdd-e004a0928cdc,synth_524db8bada21,gig_worker,tabddpm_synthetic,,['en'],ATO,2024-03-28T23:44:00+00:00,5.0,0.0,21,23,6,Sunday,4,1,7,ATO,en,Bank debit card,0
551ff0f2-107e-482b-981d-436658d37c56,synth_984fb350b6e6,gig_worker,tabddpm_synthetic,,['en'],ATO,2024-07-09T09:33:00+00:00,153.48,10.11,37,9,4,Friday,10,1433,5,ATO,en,Bank debit card,0
775c0c1e-1582-44f0-8f92-548835a84651,synth_3fded3ea7ec5,gig_worker,tabddpm_synthetic,,['en'],ATO,2024-10-17T23:35:00+00:00,101.37,20.47,35,23,5,Saturday,28,1626,7,ATO,en,Bank debit card,0
39c80279-99ec-4658-8d3e-ff2c728b193e,synth_1c66272ca430,gig_worker,tabddpm_synthetic,,['en'],ATO,2024-10-17T08:21:00+00:00,138.84,0.0,45,8,0,Monday,90,1,0,ATO,en,Bank debit card,0
f99bc289-1122-4ae2-854f-1c37e874543e,synth_711b292f911f,gig_worker,tabddpm_synthetic,,['en'],ATO,2024-02-11T13:43:00+00:00,5.0,12.82,45,13,3,Thursday,12,1390,6,ATO,en,Bank debit card,0
beab3e77-8be4-4f10-b83b-c33148d180fa,synth_4f710ef64b26,gig_worker,tabddpm_synthetic,,['en'],ATO,2024-06-28T23:20:00+00:00,599.39,45.73,19,23,0,Monday,90,1,0,ATO,en,Bank debit card,0
3900e8f8-5988-42bd-a09b-39759cc64530,synth_607bf103b707,gig_worker,tabddpm_synthetic,,['en'],ATO,2024-10-23T23:54:00+00:00,5.0,0.0,44,23,4,Friday,53,1641,1,ATO,en,Bank debit card,0
4d02d76d-cd75-4725-abc6-d28ce64681b0,synth_93f22d4c8fb9,gig_worker,tabddpm_synthetic,,['en'],ATO,2024-12-20T09:53:00+00:00,5.0,5.32,44,9,5,Saturday,4,43,0,ATO,en,Bank debit card,0
a32edc74-e4f1-467d-b0f2-012b73a88c7e,synth_0b96cc2c854a,gig_worker,tabddpm_synthetic,,['en'],ATO,2024-05-25T08:55:00+00:00,439.26,8.59,45,8,0,Monday,90,1,1,ATO,en,Bank debit card,0
12c83dde-efaf-4d9b-be9d-de72763aa3cd,synth_ec09da03eca1,gig_worker,tabddpm_synthetic,,['en'],ATO,2024-10-17T11:02:00+00:00,126.29,6.95,45,11,3,Thursday,12,1,7,ATO,en,Bank debit card,0
32a03353-b259-4c00-ac37-e881274a61cf,synth_124b163a379e,gig_worker,tabddpm_synthetic,,['en'],CashApp,2024-05-30T07:43:00+00:00,194.21,8.78,21,7,0,Monday,1,1587,8,CashApp,en,Bank debit card,0
cc3087d9-89db-43dc-a8bf-ff655b16704e,synth_71a5d2713c6b,gig_worker,tabddpm_synthetic,,['en'],CashApp,2024-08-03T07:31:00+00:00,129.99,18.55,41,7,3,Thursday,6,1,16,CashApp,en,Bank debit card,0
d877612f-ebd2-4eb7-a7f6-85b08aafa4b0,synth_10595fc457da,gig_worker,tabddpm_synthetic,,['en'],ATO,2024-09-30T23:54:00+00:00,6000.0,3000.0,45,23,0,Monday,0,2000,100,ATO,en,Bank debit card,0
f42677af-ed2b-4ab7-ae55-c5638d1a5445,synth_fadb4a85856b,gig_worker,tabddpm_synthetic,,['en'],ATO,2024-12-26T23:56:00+00:00,6000.0,3000.0,45,23,0,Monday,0,2000,100,ATO,en,Bank debit card,0
199821af-3d77-4e08-8a27-d676eb2d15b9,synth_29aaa89e44f0,gig_worker,tabddpm_synthetic,,['en'],ATO,2024-03-06T23:02:00+00:00,103.22,60.29,18,23,6,Sunday,0,1,0,ATO,en,Bank debit card,0
4ef2e4c4-0b99-4d51-a7ea-a6a3c584bb04,synth_fd1473f6d8e7,gig_worker,tabddpm_synthetic,,['en'],ATO,2024-05-31T00:15:00+00:00,657.28,0.0,43,0,0,Monday,90,1,0,ATO,en,Bank debit card,0
53ec367a-5a7d-492b-a182-13840640ae70,synth_feaa42ffe28c,gig_worker,tabddpm_synthetic,,['en'],ATO,2024-11-11T10:51:00+00:00,38.83,6.37,43,10,4,Friday,47,1,0,ATO,en,Bank debit card,0
6eaedcd6-1ad1-4bbb-ab71-a4b441a0cebb,synth_35ab652ffa82,gig_worker,tabddpm_synthetic,,['en'],ATO,2024-05-30T23:54:00+00:00,6000.0,3000.0,45,23,6,Sunday,63,1,100,ATO,en,Bank debit card,1
84962945-8478-44e3-b35a-52eec8554e11,synth_3521efe5fc25,gig_worker,tabddpm_synthetic,,['en'],ATO,2024-01-05T19:39:00+00:00,5.0,0.0,45,19,0,Monday,26,511,2,ATO,en,Bank debit card,0
bc6ba5bc-3fb2-43d1-b3f8-002ac374415c,synth_7ef185b07893,gig_worker,tabddpm_synthetic,,['en'],ATO,2024-05-03T11:07:00+00:00,494.04,19.07,43,11,4,Friday,90,1,3,ATO,en,Bank debit card,0
f7cc5912-f401-4464-a506-6721e14a3bd4,synth_7593dbb46b66,gig_worker,tabddpm_synthetic,,['en'],ATO,2024-01-14T23:10:00+00:00,6000.0,3000.0,45,23,0,Monday,0,1,100,ATO,en,Bank debit card,0
4d537a87-3800-4957-87a1-b32143a726a5,synth_6771b76129a8,gig_worker,tabddpm_synthetic,,['en'],ATO,2024-06-11T13:34:00+00:00,552.25,21.43,33,13,0,Monday,90,1,0,ATO,en,Bank debit card,0
7d980788-95da-4976-b251-9ecebe8a6dc5,synth_131189978dd3,gig_worker,tabddpm_synthetic,,['en'],ATO,2024-11-07T23:19:00+00:00,5.0,0.0,45,23,6,Sunday,0,1,89,ATO,en,Bank debit card,1
3dae823f-c686-4122-975f-317e1f7c13fd,synth_b73fbe1b0323,gig_worker,tabddpm_synthetic,,['es'],ATO,2024-09-06T07:18:00+00:00,173.44,11.13,27,7,0,Monday,0,290,7,ATO,es,Bank debit card,0
c5e64d3e-0cd8-4218-a866-e54fd1e90e5d,synth_14f3be19ee7a,gig_worker,tabddpm_synthetic,,['en'],ATO,2024-04-26T06:44:00+00:00,214.75,8.39,45,6,0,Monday,88,1,3,ATO,en,Bank debit card,0
2971194b-869f-4336-a6e2-733d070ec701,synth_c7bce1e8c70b,gig_worker,tabddpm_synthetic,,['en'],ATO,2024-11-17T00:01:00+00:00,588.24,0.0,44,0,0,Monday,90,1,0,ATO,en,Bank debit card,0
fd053d9f-9b6a-4990-9c32-d18e4f2a02a3,synth_76c20e2c4948,gig_worker,tabddpm_synthetic,,['en'],ATO,2024-11-15T08:38:00+00:00,5.0,0.0,40,8,0,Monday,7,671,6,ATO,en,Bank debit card,0
e27a81c3-0c22-46ac-a2fe-0cfe063247cd,synth_196f2d147cb2,gig_worker,tabddpm_synthetic,,['en'],ATO,2024-06-07T16:02:00+00:00,110.05,14.18,37,16,6,Sunday,19,1,2,ATO,en,Bank debit card,0
2d892124-40f3-4a31-885b-43eb91fbc43a,synth_1f2989b46adb,gig_worker,tabddpm_synthetic,,['en'],ATO,2024-10-02T16:53:00+00:00,150.9,7.3,36,16,1,Tuesday,39,1753,0,ATO,en,Bank debit card,0
d067c67e-5746-431e-b311-1f38c59ae2b6,synth_f85843f13330,gig_worker,tabddpm_synthetic,,['en'],ATO,2024-12-22T11:05:00+00:00,5.0,0.0,24,11,0,Monday,14,893,9,ATO,en,CashApp,0
019c441c-9b7a-4430-8be2-c84d01214358,synth_faabb2e26dcb,gig_worker,tabddpm_synthetic,,['en'],ATO,2024-09-24T09:37:00+00:00,381.37,25.16,26,9,0,Monday,42,1220,13,ATO,en,Bank debit card,0
fbd14f23-9dda-43c6-93f0-4b6f52547fe5,synth_b208a0bb240e,gig_worker,tabddpm_synthetic,,['en'],ATO,2024-12-14T23:30:00+00:00,197.27,0.82,45,23,0,Monday,51,1555,0,ATO,en,Bank debit card,0
fa04b3c9-b99c-4b92-870b-8d725b71d911,synth_1f8677ce8a59,gig_worker,tabddpm_synthetic,,['en'],ATO,2024-09-17T00:11:00+00:00,553.63,0.0,42,0,0,Monday,90,1,0,ATO,en,Bank debit card,0
66c3cc1f-7a02-40b7-9390-34d9155298f8,synth_6ea311400fa7,gig_worker,tabddpm_synthetic,,['en'],ATO,2024-01-01T08:45:00+00:00,151.31,0.0,45,8,0,Monday,90,1,0,ATO,en,Bank debit card,0
2805ef50-b65a-4890-8137-44a53de86a1a,synth_43b6a9374c0d,gig_worker,tabddpm_synthetic,,['en'],ATO,2024-10-18T23:16:00+00:00,110.27,0.0,28,23,0,Monday,86,421,1,ATO,en,Bank debit card,0
1571c5b3-05c0-4475-9dc4-4afa0e263d3f,synth_e27dd89fa014,gig_worker,tabddpm_synthetic,,['en'],ATO,2024-11-11T12:37:00+00:00,358.09,1.48,40,12,2,Wednesday,90,1,0,ATO,en,Bank debit card,0
9a5b7b01-3b71-4f2e-97ff-a940030c03e6,synth_81471a9b571a,gig_worker,tabddpm_synthetic,,['en'],ATO,2024-07-14T09:07:00+00:00,5.0,0.0,45,9,5,Saturday,7,397,0,ATO,en,Bank debit card,0
da36046a-c228-4292-96c1-e13ce7288f53,synth_13581c00c3a2,gig_worker,tabddpm_synthetic,,['en'],ATO,2024-04-23T23:59:00+00:00,6000.0,2026.21,45,23,0,Monday,6,2000,80,ATO,en,Bank debit card,0
1210c797-2469-4003-964a-a54dc07fd422,synth_885cc2a9c0cb,gig_worker,tabddpm_synthetic,,['en'],ATO,2024-03-17T14:06:00+00:00,328.03,12.8,30,14,4,Friday,10,1,1,ATO,en,Bank debit card,0
859b7574-ee91-47de-85ca-503f44a074fc,synth_4f2edc44f068,gig_worker,tabddpm_synthetic,,['en'],ATO,2024-10-16T15:19:00+00:00,5.0,0.0,40,15,0,Monday,12,1185,14,ATO,en,Bank debit card,0
6d5b88ee-da11-4bad-b66c-8f348c1e92e6,synth_007ec63b11c1,gig_worker,tabddpm_synthetic,,['en'],ATO,2024-05-30T23:11:00+00:00,6000.0,3000.0,45,23,0,Monday,38,1,100,ATO,en,Bank debit card,0
c63ae410-4ecf-4e6b-a80d-744364f5cb00,synth_9a29ee7f7e68,gig_worker,tabddpm_synthetic,,['en'],ATO,2024-03-06T08:08:00+00:00,117.76,3.61,45,8,1,Tuesday,0,1525,6,ATO,en,Bank debit card,0
0b8f731a-f59d-4f21-8644-514bb69ecd82,synth_f0fcf97f3e19,gig_worker,tabddpm_synthetic,,['en'],ATO,2024-01-14T23:18:00+00:00,6000.0,3000.0,45,23,0,Monday,0,2000,100,ATO,en,Bank debit card,0
c284f211-868a-4d68-8345-ebf854e3adf4,synth_f2949d3a5699,gig_worker,tabddpm_synthetic,,['en'],ATO,2024-09-13T17:03:00+00:00,1440.02,53.38,38,17,0,Monday,39,1,10,ATO,en,Bank debit card,0
824c5178-3618-43d1-af56-c0f67de6828a,synth_ae9e1dec3efe,gig_worker,tabddpm_synthetic,,['es'],ATO,2024-10-03T12:01:00+00:00,610.28,24.44,45,12,5,Saturday,43,1,4,ATO,es,Bank debit card,0
2c7f6f13-18f3-42a0-a537-56cbacecdead,synth_3b1aee76912f,gig_worker,tabddpm_synthetic,,['en'],ATO,2024-04-27T16:06:00+00:00,48.24,0.03,45,16,1,Tuesday,90,1,3,ATO,en,Bank debit card,0
9ae796ee-40c8-41e2-bed8-0d789a1a6d14,synth_53e7c902a407,gig_worker,tabddpm_synthetic,,['en'],ATO,2024-07-06T12:57:00+00:00,594.49,16.13,33,12,6,Sunday,6,1,4,ATO,en,Bank debit card,0
2c7e8326-ea00-4af0-ae6d-2c86f094a5dc,synth_b14429712737,gig_worker,tabddpm_synthetic,,['en'],ATO,2024-12-15T13:00:00+00:00,5.0,6.41,25,13,4,Friday,28,160,0,ATO,en,Bank debit card,0
4dff28bd-38db-4a06-beff-304329bdfffe,synth_4bb3aebf980d,gig_worker,tabddpm_synthetic,,['es'],ATO,2024-03-04T07:58:00+00:00,182.21,9.37,20,7,0,Monday,0,614,3,ATO,es,Bank debit card,0
b4a6527a-56c9-461a-97a3-09de5d8dd468,synth_e9c07ca43db5,gig_worker,tabddpm_synthetic,,['en'],ATO,2024-08-05T23:46:00+00:00,5.0,0.0,45,23,6,Sunday,0,1,100,ATO,en,Bank debit card,1
0df97710-a7dd-40d2-87dc-6eeffd01678a,synth_54236eee2a0c,gig_worker,tabddpm_synthetic,,['en'],ATO,2024-03-28T00:25:00+00:00,989.01,0.0,43,0,0,Monday,90,1,0,ATO,en,Bank debit card,0
665997bf-0797-4d5a-9edb-068dc9188795,synth_8df98dc094fc,gig_worker,tabddpm_synthetic,,['en'],ATO,2024-04-12T23:43:00+00:00,6000.0,3000.0,45,23,0,Monday,21,2000,100,ATO,en,Bank debit card,0
a41370b9-a715-44e1-b8ec-858f5e9f8fcf,synth_c2125983fe74,gig_worker,tabddpm_synthetic,,['en'],ATO,2024-01-27T23:42:00+00:00,5.0,0.0,45,23,6,Sunday,0,1,100,ATO,en,Bank debit card,1
4dda42e1-7e45-42f3-8e5a-29d1f79573f5,synth_ec4f9871e134,gig_worker,tabddpm_synthetic,,['en'],ATO,2024-04-04T23:42:00+00:00,6000.0,3000.0,45,23,6,Sunday,0,1,100,ATO,en,Bank debit card,1
f16ff0e4-9ee7-41ce-8077-6e5f4e3e0d22,synth_8c529999dded,gig_worker,tabddpm_synthetic,,['en'],ATO,2024-03-16T00:45:00+00:00,106.09,0.0,45,0,0,Monday,90,1,0,ATO,en,Bank debit card,0
028fe7e5-efd1-45b1-b629-bb1a2cf096da,synth_ac7500518615,gig_worker,tabddpm_synthetic,,['en'],CashApp,2024-05-18T12:31:00+00:00,5.0,1.2,30,12,1,Tuesday,0,2000,12,CashApp,en,Bank debit card,0
332577ac-1a15-4d12-b27f-431fe71df33b,synth_ad59f23c0807,gig_worker,tabddpm_synthetic,,['en'],ATO,2024-05-21T23:17:00+00:00,6000.0,1040.1,45,23,0,Monday,1,1581,45,ATO,en,Bank debit card,0
1021edc6-a194-4ca1-a003-eb94798f5fd4,synth_ec3e2cbc42fe,gig_worker,tabddpm_synthetic,,['en'],ATO,2024-05-24T08:36:00+00:00,248.59,13.27,32,8,1,Tuesday,16,1241,3,ATO,en,Bank debit card,0
aa20e837-f29e-4268-a78f-bcd0b0c065a9,synth_726f4f31dade,gig_worker,tabddpm_synthetic,,['en'],ATO,2024-03-12T17:18:00+00:00,7.3,4.89,25,17,4,Friday,5,853,3,ATO,en,Bank debit card,0
3028232c-0a64-471a-a889-86163c1f463d,synth_ba7c327a11a9,gig_worker,tabddpm_synthetic,,['en'],ATO,2024-12-29T00:57:00+00:00,405.41,0.0,45,0,0,Monday,90,1,0,ATO,en,Bank debit card,0
8ba5b553-3bc3-468c-8b6b-6f2b56ff5ed0,synth_985a010de7de,gig_worker,tabddpm_synthetic,,['en'],CashApp,2024-04-08T10:03:00+00:00,76.69,8.89,41,10,4,Friday,12,988,0,CashApp,en,Bank debit card,0
85ecb8b8-d7cc-45e2-9171-5181c23ead4e,synth_78c8f35856de,gig_worker,tabddpm_synthetic,,['en'],ATO,2024-08-28T23:49:00+00:00,6000.0,1327.43,45,23,0,Monday,0,2000,24,ATO,en,Bank debit card,0
a5e1ece0-5bf2-46a9-8df0-c84d28972ef2,synth_0d68420ee2b2,gig_worker,tabddpm_synthetic,,['en'],ATO,2024-03-16T13:50:00+00:00,165.04,0.0,37,13,0,Monday,44,1,4,ATO,en,Bank debit card,0
d1573a5a-5bd9-4858-96c7-8d42ce8c279c,synth_84bac7749513,gig_worker,tabddpm_synthetic,,['en'],ATO,2024-10-02T23:21:00+00:00,5.0,0.0,40,23,6,Sunday,52,1110,1,ATO,en,Bank debit card,0
2b6dd470-3966-4e7d-9737-4727e14109b8,synth_b95f5552e5bd,gig_worker,tabddpm_synthetic,,['en'],ATO,2024-08-12T11:05:00+00:00,5.0,2.03,45,11,4,Friday,14,1,5,ATO,en,Bank debit card,0
7687e503-7ed0-4d1e-9564-85380e006a69,synth_9d9b1aaccd78,gig_worker,tabddpm_synthetic,,['en'],ATO,2024-06-02T19:42:00+00:00,98.75,2.33,40,19,5,Saturday,29,1109,2,ATO,en,Bank debit card,0
caf7b35f-b41d-413e-b9ff-70b0c1531862,synth_2db4438b56f8,gig_worker,tabddpm_synthetic,,['en'],ATO,2024-06-11T17:04:00+00:00,274.11,12.99,31,17,0,Monday,90,1,4,ATO,en,Bank debit card,0
053aa53a-c1e3-46a9-92a9-bddf104450f3,synth_f10168d60625,gig_worker,tabddpm_synthetic,,['en'],ATO,2024-12-07T19:47:00+00:00,39.43,9.3,23,19,6,Sunday,44,1239,5,ATO,en,Bank debit card,0
79f59ea6-3b26-49b0-a603-2a6813dbf46d,synth_1ed6e499013e,gig_worker,tabddpm_synthetic,,['en'],ATO,2024-06-29T10:56:00+00:00,101.47,0.0,36,10,3,Thursday,4,1514,0,ATO,en,Bank debit card,0
54f8e77b-cd3c-4338-846f-057d0e0e4aa7,synth_8f4185caa139,gig_worker,tabddpm_synthetic,,['en'],ATO,2024-10-15T19:33:00+00:00,126.0,3.01,32,19,1,Tuesday,34,1,1,ATO,en,Bank debit card,0
16e85678-846a-48ef-b4b9-67ee98db400f,synth_30a8c2b93ce0,gig_worker,tabddpm_synthetic,,['en'],ATO,2024-11-15T20:36:00+00:00,5.0,0.0,45,20,4,Friday,90,1,0,ATO,en,Bank debit card,0
90feea83-bca4-4107-adb4-c61d835b0146,synth_6ebe6c0e1de2,gig_worker,tabddpm_synthetic,,['en'],ATO,2024-05-22T23:44:00+00:00,5.0,0.0,35,23,6,Sunday,7,177,20,ATO,en,Bank debit card,0
7581d717-5429-4b67-81d9-41745c05b4df,synth_73e47b4af3cc,gig_worker,tabddpm_synthetic,,['en'],ATO,2024-06-26T23:01:00+00:00,6000.0,3000.0,45,23,0,Monday,0,1,100,ATO,en,Bank debit card,0
127c8265-e5f4-46a1-87e4-2f97d0cbce02,synth_f87ff0f614c6,gig_worker,tabddpm_synthetic,,['en'],CashApp,2024-01-26T12:39:00+00:00,71.14,3.04,45,12,4,Friday,4,1120,7,CashApp,en,Bank debit card,0
76601bc8-bc41-4449-a4e9-545e8d3d351b,synth_157ab78533a1,gig_worker,tabddpm_synthetic,,['en'],ATO,2024-11-12T19:29:00+00:00,67.88,0.0,21,19,6,Sunday,0,789,8,ATO,en,Bank debit card,0
bb2500d7-a2b4-49ff-a764-f7df9709933d,synth_0bef217bdf54,gig_worker,tabddpm_synthetic,,['en'],ATO,2024-11-30T07:24:00+00:00,119.66,0.0,45,7,0,Monday,90,1,0,ATO,en,Bank debit card,0
ed9a6b1f-7f83-4df8-be5e-0c28e5e059bf,synth_830c81cf6d1d,gig_worker,tabddpm_synthetic,,['en'],ATO,2024-03-15T23:14:00+00:00,4733.22,387.68,45,23,0,Monday,16,580,20,ATO,en,Bank debit card,0
f4b5e0c8-59cb-4f0c-843d-4ac1d6eac965,synth_3da4340a7542,gig_worker,tabddpm_synthetic,,['en'],ATO,2024-04-03T23:19:00+00:00,5.0,0.0,32,23,6,Sunday,0,1,100,ATO,en,Bank debit card,0
2d12b4a4-0d76-4a7e-9066-616e3c4c919c,synth_92d1c46e4834,gig_worker,tabddpm_synthetic,,['en'],ATO,2024-11-02T23:59:00+00:00,5.0,0.0,45,23,6,Sunday,0,1,100,ATO,en,Bank debit card,1
99ed6896-9c43-4a63-a7f9-b6f963263777,synth_ed918a6f738c,gig_worker,tabddpm_synthetic,,['en'],ATO,2024-12-08T23:27:00+00:00,6000.0,3000.0,45,23,0,Monday,90,2000,100,ATO,en,Bank debit card,0
0a2b4024-48cb-4daf-b8d6-7c91dabc6615,synth_65b6d6de9b13,gig_worker,tabddpm_synthetic,,['en'],ATO,2024-09-27T14:20:00+00:00,5.0,0.0,45,14,0,Monday,11,1238,5,ATO,en,Bank debit card,0
2470dae1-4fc5-43d5-90c2-f5fbb20bd91b,synth_2d4ff20e15e9,gig_worker,tabddpm_synthetic,,['en'],ATO,2024-02-23T23:33:00+00:00,5.0,0.0,45,23,6,Sunday,0,1,100,ATO,en,Bank debit card,1
9e955caf-d30b-4f98-9ab3-dbe143c7eae9,synth_9d1c527ef1bd,gig_worker,tabddpm_synthetic,,['en'],ATO,2024-06-27T09:31:00+00:00,332.46,24.38,33,9,3,Thursday,70,1,8,ATO,en,Bank debit card,0
e65b5096-99c0-4db6-80c4-ebd56acbbf8c,synth_d9eb5ae63502,gig_worker,tabddpm_synthetic,,['en'],ATO,2024-05-05T23:26:00+00:00,6000.0,1362.11,45,23,0,Monday,90,1,22,ATO,en,Bank debit card,0
2d7ae59f-2622-479c-b5da-97639eef69a9,synth_58cd01756662,gig_worker,tabddpm_synthetic,,['en'],ATO,2024-10-24T16:28:00+00:00,111.06,5.4,44,16,4,Friday,0,1476,10,ATO,en,Bank debit card,0
83a853f3-9cc8-453a-9795-57c103880079,synth_1e74948bfa05,gig_worker,tabddpm_synthetic,,['en'],ATO,2024-06-04T23:34:00+00:00,6000.0,3000.0,45,23,0,Monday,90,2000,100,ATO,en,Bank debit card,0
0002a4d0-03ce-4331-bc93-328813dc0ab2,synth_7aca4630ea6f,gig_worker,tabddpm_synthetic,,['en'],ATO,2024-09-19T00:23:00+00:00,244.86,0.0,40,0,0,Monday,90,1,0,ATO,en,Bank debit card,0
96bbfdb8-1e90-4770-bd92-0cdaabef4f87,synth_cbb35fc18508,gig_worker,tabddpm_synthetic,,['en'],ATO,2024-05-25T23:16:00+00:00,6000.0,3000.0,45,23,0,Monday,90,2000,100,ATO,en,Bank debit card,0
6cef8677-ae7e-49e6-8055-1c90b97b7852,synth_ce519e5f62f4,gig_worker,tabddpm_synthetic,,['en'],ATO,2024-04-08T23:45:00+00:00,6000.0,3000.0,45,23,0,Monday,90,2000,100,ATO,en,Bank debit card,0
64a1b76a-4e47-447d-a3ad-3f2b63f3617b,synth_a89219d3ec57,gig_worker,tabddpm_synthetic,,['en'],ATO,2024-02-13T10:06:00+00:00,109.66,22.19,45,10,4,Friday,15,2000,3,ATO,en,Bank debit card,0
e8b33756-b2e4-40a0-9431-7437a3d5c0d9,synth_ac096c88905f,gig_worker,tabddpm_synthetic,,['en'],ATO,2024-12-27T23:00:00+00:00,5.0,0.0,45,23,6,Sunday,0,1,100,ATO,en,Bank debit card,1
39a6cfc2-2460-440d-878d-beccdccf174d,synth_12ce20dfce03,gig_worker,tabddpm_synthetic,,['en'],ATO,2024-01-18T23:03:00+00:00,312.51,22.86,18,23,4,Friday,51,2000,7,ATO,en,Bank debit card,0
0d9a4214-342a-48e4-9eb7-ccf0e4e205c5,synth_73534df2f85e,gig_worker,tabddpm_synthetic,,['en'],ATO,2024-09-08T21:38:00+00:00,427.33,22.18,37,21,1,Tuesday,38,1,0,ATO,en,Bank debit card,0
292d6fe0-4f2a-4f00-9eab-a8c0d679e310,synth_7f994b7c7b89,gig_worker,tabddpm_synthetic,,['en'],ATO,2024-12-28T08:24:00+00:00,5.0,10.55,25,8,0,Monday,5,2000,8,ATO,en,Bank debit card,0
06466181-aae3-419b-9a57-17ad3ef65fec,synth_1ba99f74042d,gig_worker,tabddpm_synthetic,,['en'],ATO,2024-04-04T23:50:00+00:00,5.0,0.0,36,23,6,Sunday,0,460,35,ATO,en,Bank debit card,0
77460a93-512d-4d6b-aa1c-c36f07bd42a3,synth_4113fa3212c9,gig_worker,tabddpm_synthetic,,['en'],ATO,2024-08-13T13:14:00+00:00,37.57,0.0,34,13,0,Monday,3,1098,9,ATO,en,Bank debit card,0
dc3c3bf8-f63e-4baa-943b-20aebf67cad7,synth_7b4474d0ff0d,gig_worker,tabddpm_synthetic,,['en'],ATO,2024-12-01T00:20:00+00:00,730.31,0.0,18,0,0,Monday,90,1,0,ATO,en,Bank debit card,0
25467ed6-7ea5-43c5-a14f-f2cc7140eb49,synth_d8e2bb699cb7,gig_worker,tabddpm_synthetic,,['en'],ATO,2024-06-26T06:30:00+00:00,525.99,43.89,29,6,2,Wednesday,13,1461,12,ATO,en,Bank debit card,0
0d201fb3-ae1d-4eab-ae2e-b7bf3a688ab9,synth_e42e616a3290,gig_worker,tabddpm_synthetic,,['en'],ATO,2024-11-21T18:25:00+00:00,498.36,41.29,36,18,0,Monday,8,411,14,ATO,en,Bank debit card,0
0774c1c6-d014-4f1a-a0d1-2f1666a56eaa,synth_efee56fb8b20,gig_worker,tabddpm_synthetic,,['en'],CashApp,2024-01-29T09:34:00+00:00,101.51,0.0,39,9,0,Monday,82,1057,0,CashApp,en,Bank debit card,0
23829cdd-0f79-4aa6-b841-9ffba1bf58fc,synth_63dfc260d4e6,gig_worker,tabddpm_synthetic,,['en'],ATO,2024-06-02T11:28:00+00:00,611.34,30.26,45,11,0,Monday,37,1458,4,ATO,en,Bank debit card,0
1fd0ce85-b729-4010-9390-6432cef875d4,synth_77221325d556,gig_worker,tabddpm_synthetic,,['en'],ATO,2024-07-25T15:53:00+00:00,166.29,16.55,23,15,6,Sunday,5,1026,1,ATO,en,Bank debit card,0
5ee336b1-811c-4878-862f-d7ede21dda8c,synth_bdd558f890d6,gig_worker,tabddpm_synthetic,,['en'],ATO,2024-11-26T23:34:00+00:00,6000.0,3000.0,45,23,0,Monday,90,1,100,ATO,en,Bank debit card,0
eced6cd2-99b5-4ff3-a0be-9e15dde3af3f,synth_6108af8486bd,gig_worker,tabddpm_synthetic,,['en'],ATO,2024-08-21T23:27:00+00:00,6000.0,3000.0,45,23,0,Monday,0,2000,100,ATO,en,Bank debit card,0
d78e4988-0704-47fd-b1d9-9ae0be613f3f,synth_0622b554c9da,gig_worker,tabddpm_synthetic,,['en'],ATO,2024-11-07T16:54:00+00:00,5.0,0.0,45,16,4,Friday,7,2000,6,ATO,en,Bank debit card,0
7a36bcc2-967a-436f-a995-d125f8e287ec,synth_101ce044a9a9,gig_worker,tabddpm_synthetic,,['en'],ATO,2024-04-17T23:07:00+00:00,6000.0,3000.0,45,23,0,Monday,90,2000,100,ATO,en,Bank debit card,0
c8b8cdca-1d1e-40b7-a64f-b6a4ba5e0c2f,synth_6b456f65c25f,gig_worker,tabddpm_synthetic,,['en'],ATO,2024-09-19T17:48:00+00:00,272.32,19.71,37,17,2,Wednesday,6,2000,8,ATO,en,Bank debit card,0
e08d5bbc-a2b8-4deb-893f-9a6cdd01e7f8,synth_e05f8d76b99e,gig_worker,tabddpm_synthetic,,['en'],ATO,2024-05-14T23:38:00+00:00,6000.0,3000.0,45,23,0,Monday,0,2000,100,ATO,en,Bank debit card,0
0a376a05-0e32-4927-b508-776b98fdea56,synth_eef282235957,gig_worker,tabddpm_synthetic,,['en'],ATO,2024-08-08T06:04:00+00:00,136.55,8.58,33,6,1,Tuesday,1,1433,2,ATO,en,Bank debit card,0
781bae25-ccdb-4f30-be9d-fc99abe650a6,synth_d25e7be3b46c,gig_worker,tabddpm_synthetic,,['en'],ATO,2024-04-04T11:07:00+00:00,5.0,8.03,45,11,6,Sunday,7,1700,1,ATO,en,Bank debit card,0
6faa1817-1dbc-4d2e-9765-a48311f9a78f,synth_6c81a7ba1fc6,gig_worker,tabddpm_synthetic,,['en'],ATO,2024-04-25T12:46:00+00:00,89.48,0.0,45,12,6,Sunday,68,1,0,ATO,en,Bank debit card,0
a26296b6-c55c-4ed0-bdef-32410ea7d237,synth_e9f9d8856190,gig_worker,tabddpm_synthetic,,['en'],ATO,2024-11-22T11:42:00+00:00,184.49,3.59,43,11,0,Monday,90,1,3,ATO,en,Bank debit card,0
3ead8782-7444-4933-bf10-ce550d0d57fd,synth_fd630b739aa0,gig_worker,tabddpm_synthetic,,['en'],ATO,2024-02-10T23:05:00+00:00,6000.0,3000.0,45,23,0,Monday,0,1,100,ATO,en,Bank debit card,0
7dcf3f72-d563-4842-a259-8fdc0bafe810,synth_25583b9d954e,gig_worker,tabddpm_synthetic,,['en'],ATO,2024-07-23T23:07:00+00:00,5.0,0.0,45,23,6,Sunday,0,1,100,ATO,en,Bank debit card,0
ca15f500-0718-4457-92f8-6112a3853f1a,synth_ec41ca42ab43,gig_worker,tabddpm_synthetic,,['en'],ATO,2024-03-20T01:33:00+00:00,214.44,0.0,38,1,0,Monday,90,1,0,ATO,en,Bank debit card,0
422a560b-80cd-475e-b026-d81b9bb16a86,synth_b6ec6dd02614,gig_worker,tabddpm_synthetic,,['en'],ATO,2024-12-05T13:32:00+00:00,702.44,30.86,28,13,0,Monday,78,1,7,ATO,en,Bank debit card,0
17162c89-ef87-4673-85d1-26c968c6f4b3,synth_92bdb2524cc4,gig_worker,tabddpm_synthetic,,['en'],ATO,2024-07-29T08:41:00+00:00,258.31,6.1,20,8,2,Wednesday,0,726,7,ATO,en,Bank debit card,0
aff0272e-5447-4598-bbc2-50ae94bdc2d4,synth_cc48523693c6,gig_worker,tabddpm_synthetic,,['en'],ATO,2024-01-28T23:40:00+00:00,6000.0,3000.0,45,23,0,Monday,0,1,100,ATO,en,Bank debit card,0
1195498e-fa4f-4358-857b-fa8612b8db5b,synth_0a7e1879e69a,gig_worker,tabddpm_synthetic,,['en'],ATO,2024-12-20T10:54:00+00:00,281.9,2.58,31,10,0,Monday,90,1,3,ATO,en,Bank debit card,0
07ddaf5a-4a31-4491-b596-f500824bb9e3,synth_6427d2e8f130,gig_worker,tabddpm_synthetic,,['en'],ATO,2024-11-23T23:07:00+00:00,6000.0,3000.0,45,23,0,Monday,0,2000,100,ATO,en,Bank debit card,0
5a2cd5ea-ecd6-4173-9106-8ba12f23e9dd,synth_71fb373b22be,gig_worker,tabddpm_synthetic,,['en'],ATO,2024-01-03T14:55:00+00:00,5.0,0.0,45,14,3,Thursday,21,2000,4,ATO,en,Bank debit card,0
777f47bb-c7e1-4d1e-a772-3f0af094f085,synth_6fe6aae856ac,gig_worker,tabddpm_synthetic,,['en'],ATO,2024-10-22T06:17:00+00:00,68.16,7.92,45,6,5,Saturday,7,131,1,ATO,en,Bank debit card,0
4dabb975-e4b6-409f-a62a-880f1cb620e6,synth_0a44c65f9fd2,gig_worker,tabddpm_synthetic,,['en'],ATO,2024-05-05T05:25:00+00:00,5.0,0.0,43,5,1,Tuesday,1,491,10,ATO,en,Bank debit card,0
c5711d69-a127-4cba-a683-44ae12e5536e,synth_2baef9950492,gig_worker,tabddpm_synthetic,,['en'],ATO,2024-12-27T08:11:00+00:00,5.41,14.5,45,8,4,Friday,4,339,8,ATO,en,Bank debit card,0
3ac848d5-4ffe-4698-b16c-b4bd2f6e8572,synth_ab784a54601c,gig_worker,tabddpm_synthetic,,['en'],ATO,2024-12-05T21:04:00+00:00,86.81,2.84,43,21,4,Friday,22,612,0,ATO,en,Bank debit card,0
dc360f14-d54d-42ab-ae9d-c6d2956c06b8,synth_5253c4302377,gig_worker,tabddpm_synthetic,,['en'],ATO,2024-07-26T13:36:00+00:00,15.62,13.86,32,13,6,Sunday,1,103,3,ATO,en,Bank debit card,0
e50f2fb5-a3af-4b40-8cba-3882783db4d4,synth_82da223c3aba,gig_worker,tabddpm_synthetic,,['en'],ATO,2024-02-29T20:44:00+00:00,208.9,13.36,33,20,3,Thursday,1,1283,7,ATO,en,Bank debit card,0
fc524bd8-d960-4513-b3dd-936b4e683b47,synth_955daf95a7b1,gig_worker,tabddpm_synthetic,,['en'],ATO,2024-03-05T23:47:00+00:00,6000.0,3000.0,45,23,0,Monday,0,2000,100,ATO,en,Bank debit card,0
fbf37b49-6344-44df-8d4a-56dc4fb75820,synth_e3c03c4579aa,gig_worker,tabddpm_synthetic,,['en'],ATO,2024-05-15T23:43:00+00:00,1966.47,98.25,45,23,0,Monday,1,1,61,ATO,en,Bank debit card,1
6ecfa0ab-4bb4-40b5-a3d2-d04c798b3783,synth_416d891da044,gig_worker,tabddpm_synthetic,,['en'],ATO,2024-02-07T14:13:00+00:00,133.11,4.5,35,14,6,Sunday,20,734,4,ATO,en,Bank debit card,0
29e54391-4031-4918-910c-2df8a4ff4007,synth_5505ebeb04b9,gig_worker,tabddpm_synthetic,,['en'],ATO,2024-07-07T23:04:00+00:00,5.0,0.0,45,23,6,Sunday,0,1,65,ATO,en,Bank debit card,1
bfb841dc-8a2d-419e-94cd-c29f6baba48b,synth_6650577e0477,gig_worker,tabddpm_synthetic,,['en'],ATO,2024-05-31T23:13:00+00:00,6000.0,3000.0,45,23,0,Monday,90,2000,100,ATO,en,Bank debit card,0
152964c8-6b26-4384-9f34-902d00b1263a,synth_9f6c5947eb95,gig_worker,tabddpm_synthetic,,['en'],ATO,2024-04-11T11:51:00+00:00,55.91,0.0,45,11,3,Thursday,90,1,0,ATO,en,Bank debit card,0
c145658a-7e8a-453d-a9ed-de94e2091d29,synth_415375592979,gig_worker,tabddpm_synthetic,,['en'],CashApp,2024-05-20T09:04:00+00:00,104.39,2.74,25,9,1,Tuesday,7,1004,7,CashApp,en,Bank debit card,0
6c7c032e-7cfc-44e0-998b-cd469161a4d7,synth_e980f2567e04,gig_worker,tabddpm_synthetic,,['en'],ATO,2024-09-02T18:11:00+00:00,158.97,13.48,28,18,4,Friday,20,671,9,ATO,en,Bank debit card,0
d056d91e-c973-42d6-b4fc-c3513a1f04f0,synth_39e81795bbe3,gig_worker,tabddpm_synthetic,,['en'],ATO,2024-05-08T23:12:00+00:00,6000.0,3000.0,45,23,0,Monday,90,2000,100,ATO,en,Bank debit card,0
11dbb730-b449-4b5b-9daf-ea06168abdda,synth_3e8c69fee5ed,gig_worker,tabddpm_synthetic,,['en'],ATO,2024-10-08T09:23:00+00:00,246.2,3.9,27,9,3,Thursday,54,393,10,ATO,en,Bank debit card,0
bc2dcdfa-8c9f-4124-8229-f5c24fcaa61c,synth_acc834607194,gig_worker,tabddpm_synthetic,,['en'],ATO,2024-01-29T23:28:00+00:00,6000.0,3000.0,45,23,0,Monday,4,1,100,ATO,en,Bank debit card,0
f577110c-4d40-414f-99a7-05cee5305a30,synth_3c53ea1cb925,gig_worker,tabddpm_synthetic,,['en'],ATO,2024-09-02T23:09:00+00:00,57.69,0.0,38,23,5,Saturday,54,1004,2,ATO,en,Bank debit card,0
d59ab373-0e04-4726-8db2-975a6204ad04,synth_9ae57a5ccf8e,gig_worker,tabddpm_synthetic,,['en'],ATO,2024-06-02T00:22:00+00:00,59.55,8.72,43,0,0,Monday,21,275,8,ATO,en,Bank debit card,0
e1326c58-6d99-47d7-8d0f-007689638fab,synth_82f74d99c8d2,gig_worker,tabddpm_synthetic,,['en'],ATO,2024-04-22T23:44:00+00:00,368.56,10.46,43,23,0,Monday,63,1068,0,ATO,en,Bank debit card,0
1f86d1ce-fdb2-4ff0-8e70-98cf15316968,synth_92fd421fee7d,gig_worker,tabddpm_synthetic,,['en'],ATO,2024-10-01T07:22:00+00:00,66.18,0.0,45,7,0,Monday,90,1,0,ATO,en,Bank debit card,0
665ea2aa-5db3-4d4b-9631-e1a8cf7c1639,synth_e788aebe5bdc,gig_worker,tabddpm_synthetic,,['en'],CashApp,2024-04-27T09:15:00+00:00,99.27,3.77,32,9,0,Monday,4,1073,4,CashApp,en,Bank debit card,0
78a0b7bf-a067-4952-9cdb-a8d11735540a,synth_48c1f57a9f65,gig_worker,tabddpm_synthetic,,['en'],ATO,2024-07-15T07:13:00+00:00,330.98,11.88,45,7,2,Wednesday,90,1,0,ATO,en,Bank debit card,0
b196da3b-df0e-4898-a55c-9dccf3b5f4b3,synth_6692411c9c96,gig_worker,tabddpm_synthetic,,['en'],ATO,2024-01-30T23:20:00+00:00,6000.0,3000.0,45,23,0,Monday,90,1,100,ATO,en,Bank debit card,0
ab79d80c-b513-405d-a28c-fdd62efae490,synth_01949a915671,gig_worker,tabddpm_synthetic,,['en'],ATO,2024-04-21T16:14:00+00:00,297.31,3.03,19,16,2,Wednesday,12,337,8,ATO,en,Bank debit card,0
0a18c724-6a19-4aae-8799-242b6faee0b4,synth_f8704efc8e6f,gig_worker,tabddpm_synthetic,,['en'],ATO,2024-06-22T11:18:00+00:00,275.32,4.79,18,11,2,Wednesday,90,1,4,ATO,en,Bank debit card,0
ed1b49ff-dabb-449e-9f4a-429b8c7e4ccf,synth_77eae4bf1047,gig_worker,tabddpm_synthetic,,['en'],ATO,2024-04-21T23:57:00+00:00,4361.52,312.59,35,23,4,Friday,0,835,26,ATO,en,Bank debit card,0
335a64db-d254-4c48-a15e-92aa0c63c985,synth_d6fe7cbbb7fa,gig_worker,tabddpm_synthetic,,['en'],ATO,2024-02-10T11:04:00+00:00,5.0,0.0,44,11,4,Friday,3,1077,4,ATO,en,Bank debit card,0
9c346d7a-000f-43c2-ae72-25ecd0b05c4e,synth_374ab0ca6b2a,gig_worker,tabddpm_synthetic,,['en'],ATO,2024-07-13T16:48:00+00:00,33.9,4.81,41,16,4,Friday,15,2000,7,ATO,en,Bank debit card,0
1dacd656-c4b8-413f-9788-391c94b69405,synth_23dc433c78e2,gig_worker,tabddpm_synthetic,,['en'],ATO,2024-03-18T10:11:00+00:00,78.6,17.13,40,10,4,Friday,3,1844,4,ATO,en,Bank debit card,0
ede405be-1b25-43c5-9f39-49921b690402,synth_1850b71173b5,gig_worker,tabddpm_synthetic,,['en'],ATO,2024-09-18T14:42:00+00:00,620.3,22.17,41,14,4,Friday,0,532,9,ATO,en,Bank debit card,0
42981932-740d-481a-95e6-c4a882ef00a4,synth_ea4461587b2a,gig_worker,tabddpm_synthetic,,['en'],ATO,2024-05-10T00:21:00+00:00,249.41,13.89,29,0,1,Tuesday,1,1286,25,ATO,en,Bank debit card,0
0bbe0078-e9d8-4b5d-8e33-c08d4dc6db2c,synth_ca5c3863a277,gig_worker,tabddpm_synthetic,,['en'],ATO,2024-04-18T23:35:00+00:00,5.0,0.0,45,23,6,Sunday,90,1,0,ATO,en,Bank debit card,0
b0aa5f27-1288-404d-adfc-7431c790fa6e,synth_696d08064dc1,gig_worker,tabddpm_synthetic,,['en'],ATO,2024-06-17T10:40:00+00:00,95.08,9.94,37,10,4,Friday,35,1,3,ATO,en,Bank debit card,0
0093e0a2-5ea2-4a61-8377-6619229d89db,synth_56984ff982e3,gig_worker,tabddpm_synthetic,,['en'],ATO,2024-12-29T23:38:00+00:00,12.99,0.0,45,23,3,Thursday,67,1423,2,ATO,en,Bank debit card,0
f2c28ce0-ff66-480e-9488-ba6bcac6c486,synth_d97d3195e6e9,gig_worker,tabddpm_synthetic,,['en'],ATO,2024-10-20T23:39:00+00:00,5.0,0.0,45,23,2,Wednesday,90,1,0,ATO,en,Bank debit card,0
74b7e696-a36a-4fe6-a9b3-860537eb386d,synth_dee3b3c62a31,gig_worker,tabddpm_synthetic,,['en'],ATO,2024-01-11T12:34:00+00:00,186.87,14.61,35,12,0,Monday,13,389,9,ATO,en,Bank debit card,0
dea0b656-226d-4d17-951a-6b77620a50fa,synth_09ca919d47be,gig_worker,tabddpm_synthetic,,['en'],ATO,2024-12-27T00:20:00+00:00,519.13,0.0,45,0,0,Monday,90,1,0,ATO,en,Bank debit card,0
80a69344-6d5a-4567-a4b7-9725eb0f9f83,synth_c995980b89ab,gig_worker,tabddpm_synthetic,,['en'],ATO,2024-01-29T23:32:00+00:00,6000.0,3000.0,45,23,0,Monday,90,2000,100,ATO,en,Bank debit card,0
d138a33c-f302-4850-8bf5-3de36964ea8b,synth_50696cc0e2aa,gig_worker,tabddpm_synthetic,,['en'],ATO,2024-09-02T10:01:00+00:00,5.0,0.0,34,10,0,Monday,6,626,4,ATO,en,CashApp,0
c0d66297-685d-4aec-9f29-bd0b927076cb,synth_2a3655265109,gig_worker,tabddpm_synthetic,,['en'],ATO,2024-05-15T09:34:00+00:00,518.19,32.84,30,9,0,Monday,3,217,5,ATO,en,Bank debit card,0
4d911837-3723-42a5-9279-ac3c412064aa,synth_da8f39af2c23,gig_worker,tabddpm_synthetic,,['en'],ATO,2024-02-27T13:21:00+00:00,192.45,11.67,32,13,0,Monday,17,257,6,ATO,en,Bank debit card,0
9535c3b6-2791-4a5d-9255-e731dac41c4b,synth_1c8d3562548f,gig_worker,tabddpm_synthetic,,['en'],ATO,2024-07-23T23:44:00+00:00,6000.0,3000.0,45,23,0,Monday,10,2000,100,ATO,en,Bank debit card,0
029440f7-5eed-4ab9-b969-57bb40d029d7,synth_2169fbdf4dff,gig_worker,tabddpm_synthetic,,['en'],ATO,2024-09-12T09:28:00+00:00,202.4,10.85,36,9,2,Wednesday,37,1,4,ATO,en,Bank debit card,0
8bee04e2-fa3e-403b-b2be-814428f256aa,synth_e04926c3f519,gig_worker,tabddpm_synthetic,,['en'],ATO,2024-12-03T08:13:00+00:00,5.0,0.0,30,8,1,Tuesday,4,947,9,ATO,en,Bank debit card,0
dff8370a-3cb9-4a08-8abe-9de1f3a8dfd6,synth_02941d36cefc,gig_worker,tabddpm_synthetic,,['en'],ATO,2024-06-02T04:35:00+00:00,5.0,0.0,23,4,2,Wednesday,3,196,6,ATO,en,Bank debit card,0
5d46b0a0-b58d-4fed-9e21-7ab56dbde07b,synth_70f1ae0314f8,gig_worker,tabddpm_synthetic,,['en'],ATO,2024-07-03T18:12:00+00:00,14.53,7.22,35,18,5,Saturday,21,1119,8,ATO,en,Bank debit card,0
6fb13aaa-8414-4910-b904-825549ea341d,synth_09131e2023f7,gig_worker,tabddpm_synthetic,,['en'],ATO,2024-07-08T03:18:00+00:00,589.71,0.0,26,3,0,Monday,90,1,0,ATO,en,Bank debit card,0
8a840339-b46e-4544-ba8c-5c2013785688,synth_c453d6494629,gig_worker,tabddpm_synthetic,,['en'],ATO,2024-09-02T23:01:00+00:00,6000.0,3000.0,45,23,0,Monday,0,2000,100,ATO,en,Bank debit card,0
209635b4-7f40-4775-abf9-bc3251843e18,synth_ceb10c310803,gig_worker,tabddpm_synthetic,,['en'],ATO,2024-03-11T23:00:00+00:00,1624.06,58.34,43,23,0,Monday,3,1,31,ATO,en,Bank debit card,1
0342793f-b26f-45b3-aaa4-736c74fcdd16,synth_573279c4e1ac,gig_worker,tabddpm_synthetic,,['en'],ATO,2024-03-16T23:14:00+00:00,5.0,0.0,45,23,6,Sunday,0,1,73,ATO,en,Bank debit card,1
f4e7aa60-b360-48ff-84da-8f36e2233c27,synth_651b27db4d9d,gig_worker,tabddpm_synthetic,,['en'],ATO,2024-08-15T23:38:00+00:00,5.0,0.0,45,23,6,Sunday,0,1,100,ATO,en,Bank debit card,1
360bdcaf-f37e-47ec-8e76-7e15dbfc3fd8,synth_cc282da37413,gig_worker,tabddpm_synthetic,,['en'],ATO,2024-11-30T06:41:00+00:00,485.97,21.53,39,6,0,Monday,5,1523,7,ATO,en,Bank debit card,0
f4a9210f-e19d-488f-a2e7-b325b98cfef4,synth_59068a1a21e5,gig_worker,tabddpm_synthetic,,['en'],ATO,2024-08-14T23:47:00+00:00,5.0,19.34,43,23,6,Sunday,0,1,100,ATO,en,Bank debit card,1
7606ec1f-ca32-4a67-8c44-13d0dc442d76,synth_67c28d3fa69f,gig_worker,tabddpm_synthetic,,['en'],ATO,2024-04-13T23:28:00+00:00,5.0,0.0,39,23,6,Sunday,0,1,61,ATO,en,Bank debit card,0
b2a938ea-f9d2-4e8a-a56e-6856035b98bd,synth_f9f24a6314ca,gig_worker,tabddpm_synthetic,,['en'],ATO,2024-01-22T06:01:00+00:00,205.4,0.0,45,6,0,Monday,90,1,0,ATO,en,Bank debit card,0
4b747b64-5c54-4f0c-bc5a-c5e9d2b76eb4,synth_b946bee6fb7e,gig_worker,tabddpm_synthetic,,['en'],ATO,2024-01-13T23:16:00+00:00,6000.0,3000.0,45,23,0,Monday,47,2000,100,ATO,en,Bank debit card,0
cd81cdac-e2e2-46b1-b495-150f0cc4ae37,synth_4ab75693063f,gig_worker,tabddpm_synthetic,,['en'],ATO,2024-12-19T07:49:00+00:00,416.73,7.24,45,7,0,Monday,90,1,0,ATO,en,Bank debit card,0
3b980a8a-6790-4a67-93bf-cf8da93569c6,synth_37121c9e2142,gig_worker,tabddpm_synthetic,,['en'],ATO,2024-09-08T05:40:00+00:00,5.0,0.0,45,5,0,Monday,90,1,0,ATO,en,Bank debit card,0
bb0a51db-d627-47e7-87eb-6c1626fba3ee,synth_cf24ae6f14f9,gig_worker,tabddpm_synthetic,,['en'],ATO,2024-01-23T00:04:00+00:00,1596.62,0.0,18,0,0,Monday,90,1,0,ATO,en,Bank debit card,0
756ca5b9-33d2-4a8d-90f5-4971b092d7e8,synth_c2962b8ce649,gig_worker,tabddpm_synthetic,,['es'],ATO,2024-05-15T11:48:00+00:00,76.81,2.36,45,11,2,Wednesday,6,1492,3,ATO,es,Bank debit card,0
d0b463ae-3ce2-4582-9aa2-0ecc69f80b9c,synth_b2a9d5087bfa,gig_worker,tabddpm_synthetic,,['en'],ATO,2024-09-09T23:13:00+00:00,6000.0,3000.0,45,23,0,Monday,0,1,100,ATO,en,Bank debit card,1
66feadd2-80df-4c27-98ae-08cd6cebb992,synth_6efb700ac5c1,gig_worker,tabddpm_synthetic,,['en'],ATO,2024-06-26T23:15:00+00:00,139.29,33.26,31,23,6,Sunday,0,1,73,ATO,en,Bank debit card,1
89191831-044f-4b16-98c0-ab409678f0cf,synth_b9173bdb5817,gig_worker,tabddpm_synthetic,,['en'],ATO,2024-11-10T09:07:00+00:00,5.0,3.25,40,9,6,Sunday,16,2000,6,ATO,en,Bank debit card,0
e91c9d93-4414-4e66-bee4-371357dd61aa,synth_f76005a4e7b5,gig_worker,tabddpm_synthetic,,['en'],ATO,2024-10-28T14:16:00+00:00,5.0,3.24,39,14,0,Monday,2,1689,8,ATO,en,Bank debit card,0
cb53acd2-c3c3-4504-8750-5bf5e60526b4,synth_0f87c18f6d35,gig_worker,tabddpm_synthetic,,['en'],ATO,2024-12-22T18:41:00+00:00,175.75,4.38,34,18,3,Thursday,29,1128,5,ATO,en,Bank debit card,0
ae30533a-8786-42c3-9cbd-e3f1ece9f96b,synth_d41a8a88d848,gig_worker,tabddpm_synthetic,,['en'],ATO,2024-03-31T23:39:00+00:00,659.7,39.87,45,23,0,Monday,22,1,17,ATO,en,Bank debit card,0
4d15131e-b0f9-4202-bc0c-29b85f54cd31,synth_818fbf2df3d0,gig_worker,tabddpm_synthetic,,['en'],ATO,2024-01-25T10:32:00+00:00,5.0,1.35,30,10,1,Tuesday,36,349,3,ATO,en,Bank debit card,0
6c9a462e-a0d4-4eb1-b941-2ea07f0ae1a8,synth_b3c32b256f75,gig_worker,tabddpm_synthetic,,['en'],ATO,2024-07-14T13:33:00+00:00,159.21,12.79,18,13,0,Monday,10,371,7,ATO,en,Bank debit card,0
88fcaae9-d71d-4e07-a3a8-e7af6efb24eb,synth_403bc7f01348,gig_worker,tabddpm_synthetic,,['en'],ATO,2024-11-12T05:41:00+00:00,395.29,15.48,44,5,3,Thursday,90,1,12,ATO,en,Bank debit card,0
8553e8c7-60ed-4a8a-b04a-9d4cbff41c0c,synth_f4f367f4c3a6,gig_worker,tabddpm_synthetic,,['en'],ATO,2024-03-23T12:30:00+00:00,51.36,9.3,24,12,4,Friday,24,1,0,ATO,en,Bank debit card,0
07dd38e1-923b-4d8d-81c7-6b8624c48c4f,synth_dbf874144b4f,gig_worker,tabddpm_synthetic,,['en'],ATO,2024-04-18T23:29:00+00:00,55.8,1.74,45,23,0,Monday,34,264,17,ATO,en,Bank debit card,0
59f5d696-2f69-425e-9b74-f16890e2980d,synth_7293b9f6d38a,gig_worker,tabddpm_synthetic,,['en'],ATO,2024-09-11T23:09:00+00:00,6000.0,3000.0,45,23,0,Monday,90,2000,100,ATO,en,Bank debit card,0
bda70b37-d66c-448b-980e-d1d5f266d212,synth_929f3d75bbad,gig_worker,tabddpm_synthetic,,['en'],ATO,2024-09-21T00:38:00+00:00,511.49,0.0,22,0,0,Monday,90,1,0,ATO,en,Bank debit card,0
c96f8fae-aa6c-4d54-8622-cda083589acf,synth_672101ca3fc1,gig_worker,tabddpm_synthetic,,['en'],ATO,2024-02-26T13:07:00+00:00,5.99,5.59,18,13,2,Wednesday,8,1060,7,ATO,en,Bank debit card,0
91f0ce61-8e6f-4e2a-aad0-603805dd565f,synth_7b3ae8749092,gig_worker,tabddpm_synthetic,,['en'],ATO,2024-10-23T23:35:00+00:00,6000.0,559.74,45,23,6,Sunday,15,1,100,ATO,en,Bank debit card,1
b2328732-461a-4e41-aaa0-f9a55c36be0c,synth_439824e5c62c,gig_worker,tabddpm_synthetic,,['en'],ATO,2024-10-26T00:45:00+00:00,71.95,0.0,39,0,0,Monday,90,1,0,ATO,en,Bank debit card,0
b952e54f-91f8-40d5-b940-03535c9d5206,synth_60d9e3be67e9,gig_worker,tabddpm_synthetic,,['en'],ATO,2024-08-29T23:43:00+00:00,7.48,0.0,26,23,6,Sunday,3,1,16,ATO,en,Bank debit card,0
eebebf38-2ffa-4777-b077-e15faf2d0a0d,synth_48745136ec38,gig_worker,tabddpm_synthetic,,['en'],ATO,2024-06-19T11:50:00+00:00,5.0,2.8,45,11,3,Thursday,10,961,4,ATO,en,Bank debit card,0
bba666b7-f92f-44bf-8bc3-ab38df379878,synth_7267c65bff38,gig_worker,tabddpm_synthetic,,['en'],ATO,2024-02-28T00:31:00+00:00,509.31,0.0,45,0,0,Monday,90,1,0,ATO,en,Bank debit card,0
42b4b165-11db-4268-b131-6618ed097873,synth_f6c3b3614052,gig_worker,tabddpm_synthetic,,['en'],ATO,2024-03-03T23:53:00+00:00,6000.0,3000.0,45,23,0,Monday,81,2000,100,ATO,en,Bank debit card,0
a81c4e7f-9a89-4726-a21f-73f9ffbd4844,synth_943e86e60d4e,gig_worker,tabddpm_synthetic,,['en'],CashApp,2024-11-10T14:53:00+00:00,5.0,0.0,44,14,5,Saturday,2,1456,5,CashApp,en,Bank debit card,0
9295718c-5d5a-49df-bf84-a462e70c0d4c,synth_0d83152c4ec0,gig_worker,tabddpm_synthetic,,['en'],ATO,2024-08-13T07:59:00+00:00,10.92,5.96,45,7,0,Monday,12,1,4,ATO,en,Bank debit card,0
dcb29854-98dc-4b44-bf6f-7f0bd5316366,synth_3b0c42d11e48,gig_worker,tabddpm_synthetic,,['en'],ATO,2024-10-30T12:09:00+00:00,291.96,27.22,28,12,6,Sunday,15,248,12,ATO,en,Bank debit card,0
cd527db1-7f2e-4a7d-ba8d-0fc215676467,synth_02b3b4375fa6,gig_worker,tabddpm_synthetic,,['en'],ATO,2024-02-05T12:57:00+00:00,45.99,6.93,34,12,0,Monday,10,547,8,ATO,en,Bank debit card,0
17706a2f-7ce7-42a6-ae5a-f969d3b9cd51,synth_dd18d5a87795,gig_worker,tabddpm_synthetic,,['en'],ATO,2024-03-21T02:33:00+00:00,279.81,0.0,40,2,0,Monday,90,1,0,ATO,en,Bank debit card,0
5d7bc760-823f-4028-a159-1534c8491808,synth_93161611600d,gig_worker,tabddpm_synthetic,,['en'],ATO,2024-08-15T21:27:00+00:00,990.54,23.63,38,21,0,Monday,20,1,4,ATO,en,Bank debit card,0
b9c774e5-e78d-4ebb-a64e-54ee32e0372d,synth_075702008c84,gig_worker,tabddpm_synthetic,,['en'],ATO,2024-05-04T16:53:00+00:00,5.0,8.97,30,16,5,Saturday,17,1,0,ATO,en,Bank debit card,0
b8097864-426e-4874-85fa-bcd919fd3244,synth_cb421ff2f0f6,gig_worker,tabddpm_synthetic,,['en'],ATO,2024-08-29T08:26:00+00:00,1332.56,68.51,26,8,6,Sunday,2,577,22,ATO,en,Bank debit card,0
e8a3db9d-f0f2-4c4f-b24b-09172d55b47b,synth_2a276eee1318,gig_worker,tabddpm_synthetic,,['en'],ATO,2024-11-16T16:39:00+00:00,91.05,6.95,45,16,4,Friday,21,1767,5,ATO,en,Bank debit card,0
85696b5a-2a05-430f-a10a-41bdbb55d05d,synth_2e6f12785a78,gig_worker,tabddpm_synthetic,,['en'],ATO,2024-04-13T00:41:00+00:00,134.99,0.0,45,0,0,Monday,90,1,0,ATO,en,Bank debit card,0
d5f30518-02c8-4e17-b101-e412f7de54f9,synth_b331787894d4,gig_worker,tabddpm_synthetic,,['en'],ATO,2024-09-27T00:54:00+00:00,543.79,0.0,39,0,0,Monday,90,1,1,ATO,en,Bank debit card,1
deb0588c-6534-4ba7-9925-38724266b82b,synth_004d7fb69ac4,gig_worker,tabddpm_synthetic,,['en'],ATO,2024-03-20T10:22:00+00:00,164.46,0.0,45,10,0,Monday,90,1,1,ATO,en,Bank debit card,0
322eb095-6852-41cb-b487-f210cb1e1f00,synth_ad5a0f434819,gig_worker,tabddpm_synthetic,,['en'],ATO,2024-05-08T00:36:00+00:00,934.63,0.0,45,0,0,Monday,90,1,0,ATO,en,Bank debit card,0
efebff18-b8c8-4d2c-8504-2267f3f5a454,synth_6513e62b433a,gig_worker,tabddpm_synthetic,,['en'],ATO,2024-09-14T03:40:00+00:00,6000.0,608.53,45,3,0,Monday,28,1050,0,ATO,en,Bank debit card,0
9fd5ee5c-008f-4853-8bc3-25128b3cb413,synth_2f997d405b79,gig_worker,tabddpm_synthetic,,['en'],ATO,2024-03-26T23:58:00+00:00,5.0,0.0,45,23,2,Wednesday,55,961,10,ATO,en,Bank debit card,0
f32407b8-46a7-44f3-b747-03a3f4f4190a,synth_66ec431c1659,gig_worker,tabddpm_synthetic,,['en'],ATO,2024-01-22T18:26:00+00:00,2908.08,329.12,40,18,3,Thursday,37,1,8,ATO,en,Bank debit card,0
e5f9c27b-fe29-45f3-acd9-5dcc2255b74a,synth_e0f783c9b2e6,gig_worker,tabddpm_synthetic,,['en'],ATO,2024-01-11T23:47:00+00:00,254.13,15.06,34,23,2,Wednesday,55,1,0,ATO,en,Bank debit card,0
e8fc8f59-3f8d-4a51-80ab-0431f5d1d579,synth_a6ed76175c0b,gig_worker,tabddpm_synthetic,,['en'],ATO,2024-09-18T04:05:00+00:00,5.0,0.0,45,4,0,Monday,90,1,0,ATO,en,Bank debit card,0
81d350c1-f814-46f8-bb70-41e04b5d7e50,synth_29539cd86935,gig_worker,tabddpm_synthetic,,['en'],ATO,2024-09-07T23:51:00+00:00,6000.0,3000.0,45,23,0,Monday,55,801,100,ATO,en,Bank debit card,0
575ac396-f301-4614-a100-628f7288fad0,synth_de0ef462b9d9,gig_worker,tabddpm_synthetic,,['en'],ATO,2024-09-29T23:41:00+00:00,6000.0,3000.0,45,23,0,Monday,90,1,100,ATO,en,Bank debit card,0
1b1e78b4-b2d3-4d53-99b0-31e885b30983,synth_fc2aa9070fda,gig_worker,tabddpm_synthetic,,['en'],ATO,2024-09-01T11:20:00+00:00,46.77,0.25,44,11,3,Thursday,24,1,5,ATO,en,Bank debit card,0
a843831a-1c1a-4548-966e-eb0f38d8f8ec,synth_5a6b7da3f61c,gig_worker,tabddpm_synthetic,,['en'],ATO,2024-12-24T23:37:00+00:00,6000.0,3000.0,45,23,0,Monday,0,2000,100,ATO,en,Bank debit card,0
af5329c4-79f1-47d8-96d0-a118869363d8,synth_bf287c52dbb3,gig_worker,tabddpm_synthetic,,['en'],ATO,2024-12-24T15:09:00+00:00,5.0,4.89,45,15,6,Sunday,6,1459,0,ATO,en,Bank debit card,0
7abd866b-3418-4c62-8899-1931bb2aeb93,synth_2f5316edb2b3,gig_worker,tabddpm_synthetic,,['en'],ATO,2024-09-12T23:35:00+00:00,6000.0,3000.0,45,23,0,Monday,0,1,100,ATO,en,Bank debit card,1
ba169618-05a3-4d79-9bc3-45454a6744ac,synth_03ee806bbf7c,gig_worker,tabddpm_synthetic,,['en'],ATO,2024-09-06T08:09:00+00:00,247.85,8.65,28,8,5,Saturday,3,1008,4,ATO,en,Bank debit card,0
4fffcb61-9060-4521-97be-a7234e8b87bf,synth_5c10fef58573,gig_worker,tabddpm_synthetic,,['en'],ATO,2024-06-06T18:00:00+00:00,216.78,11.71,25,18,0,Monday,4,878,7,ATO,en,Bank debit card,0
d77d19cb-ef5f-4617-89e5-b6ebeafee6e4,synth_cf2ce9b38676,gig_worker,tabddpm_synthetic,,['en'],ATO,2024-11-18T07:52:00+00:00,331.64,24.68,39,7,0,Monday,84,1,3,ATO,en,Bank debit card,0
51891ea0-a801-40de-a91e-a54a913d9a2b,synth_652b09327184,gig_worker,tabddpm_synthetic,,['en'],ATO,2024-07-11T15:36:00+00:00,264.44,25.19,38,15,1,Tuesday,83,1,0,ATO,en,Bank debit card,0
b78ba3e7-d3ed-4b66-b531-14772769a211,synth_2e526e75a8e5,gig_worker,tabddpm_synthetic,,['en'],ATO,2024-05-25T23:54:00+00:00,5.0,0.0,32,23,5,Saturday,8,218,5,ATO,en,Bank debit card,0
6f596f08-c2b7-4ab0-8826-42bb95b59958,synth_f234ba1c154c,gig_worker,tabddpm_synthetic,,['en'],ATO,2024-12-06T23:21:00+00:00,233.15,53.9,37,23,6,Sunday,0,1,5,ATO,en,Bank debit card,0
9c035458-23f3-4f4c-a4bb-7e1fca566b66,synth_16defd18e61a,gig_worker,tabddpm_synthetic,,['en'],ATO,2024-09-10T23:47:00+00:00,6000.0,3000.0,45,23,0,Monday,90,2000,100,ATO,en,Bank debit card,0
bbb92354-396d-4c45-ba5f-12b722bb4588,synth_12267a7e95a2,gig_worker,tabddpm_synthetic,,['es'],ATO,2024-05-10T06:57:00+00:00,32.62,0.0,30,6,0,Monday,3,940,1,ATO,es,Bank debit card,0
426800ed-22ba-45a7-8cb0-2bfb3eba6db3,synth_dd59e99ed24e,gig_worker,tabddpm_synthetic,,['en'],ATO,2024-11-05T23:38:00+00:00,207.83,5.93,29,23,0,Monday,8,1,30,ATO,en,Bank debit card,1
972675ff-510b-4863-8d5c-16f2e9efd8b7,synth_ff0c2e92ae36,gig_worker,tabddpm_synthetic,,['en'],ATO,2024-10-13T23:06:00+00:00,501.99,35.19,28,23,6,Sunday,55,1,0,ATO,en,Bank debit card,0
fd1eb83d-158c-4779-a054-81d670704726,synth_664c466f1100,gig_worker,tabddpm_synthetic,,['en'],ATO,2024-01-02T23:33:00+00:00,6000.0,3000.0,45,23,0,Monday,90,2000,100,ATO,en,Bank debit card,0
5121cc0c-3ea8-4236-adf2-8ce1e9f868b0,synth_50b8d18e9485,gig_worker,tabddpm_synthetic,,['en'],ATO,2024-12-08T12:10:00+00:00,232.9,4.38,33,12,0,Monday,4,1865,3,ATO,en,CashApp,0
1997da94-4031-4b97-9083-e6f463ce9a6a,synth_5dde249cc2fc,gig_worker,tabddpm_synthetic,,['en'],ATO,2024-09-10T22:23:00+00:00,168.25,22.61,31,22,4,Friday,3,1565,12,ATO,en,Bank debit card,0
535de73c-7791-447a-ba14-bfcbd5f765e4,synth_f65bf52ef832,gig_worker,tabddpm_synthetic,,['en'],ATO,2024-02-11T23:48:00+00:00,5.0,0.0,27,23,6,Sunday,0,1,100,ATO,en,Bank debit card,1
bd13881c-60ce-46e0-a50b-267fb7424406,synth_78eb219aa1dc,gig_worker,tabddpm_synthetic,,['en'],ATO,2024-02-07T23:47:00+00:00,5.0,0.0,45,23,6,Sunday,0,1,100,ATO,en,Bank debit card,1
48ab6495-4ff5-43e1-bc1d-7312b9b5901d,synth_150b59748617,gig_worker,tabddpm_synthetic,,['en'],ATO,2024-08-09T05:57:00+00:00,214.01,0.0,39,5,3,Thursday,12,902,11,ATO,en,Bank debit card,0
ea4e5a2d-82f0-49d6-81bd-e11149c0a6c1,synth_a7ed3fdeb548,gig_worker,tabddpm_synthetic,,['en'],ATO,2024-12-12T07:52:00+00:00,5.0,0.0,21,7,2,Wednesday,15,756,4,ATO,en,CashApp,0
122ce77a-cdea-43ee-b7d5-a4099996e29d,synth_8faa7aa8858b,gig_worker,tabddpm_synthetic,,['en'],ATO,2024-03-15T12:18:00+00:00,171.79,13.0,43,12,2,Wednesday,17,1903,3,ATO,en,Bank debit card,0
5b6ddd7c-1efc-4e5d-a33f-0a6659613247,synth_81864a6ced29,gig_worker,tabddpm_synthetic,,['en'],ATO,2024-07-22T15:18:00+00:00,329.59,16.2,45,15,0,Monday,10,266,6,ATO,en,Bank debit card,0
544ed333-1313-4587-a44f-451cb35cbeee,synth_786d4328593f,gig_worker,tabddpm_synthetic,,['en'],ATO,2024-05-15T16:48:00+00:00,5.0,1.44,44,16,3,Thursday,13,907,10,ATO,en,Bank debit card,0
7f5addc7-b574-4033-ac2e-784fcd142b32,synth_8e8194894fe5,gig_worker,tabddpm_synthetic,,['en'],ATO,2024-06-14T00:36:00+00:00,8.6,0.0,31,0,0,Monday,8,1,32,ATO,en,Bank debit card,1
b2896b0a-2b19-47b9-bc70-d42992b3dd00,synth_ecb899aee0e8,gig_worker,tabddpm_synthetic,,['en'],ATO,2024-09-26T23:22:00+00:00,6000.0,3000.0,45,23,0,Monday,90,2000,100,ATO,en,Bank debit card,0
31570a29-9bc7-4503-8d5d-431a91dcbf15,synth_df28d24997fd,gig_worker,tabddpm_synthetic,,['en'],ATO,2024-08-27T16:48:00+00:00,5.0,0.0,45,16,4,Friday,16,2000,5,ATO,en,Bank debit card,0
b3c0035e-193c-4c13-b52b-d9812d5f53be,synth_5c65832aa073,gig_worker,tabddpm_synthetic,,['en'],ATO,2024-12-07T18:45:00+00:00,240.28,18.02,44,18,1,Tuesday,51,1,0,ATO,en,Bank debit card,0
ea061ee9-b4f3-4833-8e5c-058d543009c4,synth_5559927c4e1d,gig_worker,tabddpm_synthetic,,['en'],ATO,2024-11-22T11:17:00+00:00,176.68,19.41,21,11,0,Monday,0,1724,11,ATO,en,Bank debit card,0
34c8c70f-4bf6-49a5-a03f-717bb1cad686,synth_755269ead61b,gig_worker,tabddpm_synthetic,,['en'],ATO,2024-02-26T00:52:00+00:00,71.4,0.0,45,0,0,Monday,90,1,0,ATO,en,Bank debit card,0
b3f0e68a-78b8-4502-a2bd-bbca217a20da,synth_4e3f09927ad6,gig_worker,tabddpm_synthetic,,['en'],ATO,2024-05-24T11:16:00+00:00,5.0,2.84,42,11,1,Tuesday,48,1,0,ATO,en,Bank debit card,0
e3f798f3-c6a9-4067-a286-c05fb9558b47,synth_c08446532c90,gig_worker,tabddpm_synthetic,,['en'],ATO,2024-01-13T09:05:00+00:00,395.6,18.1,30,9,0,Monday,0,112,11,ATO,en,Bank debit card,0
0ae2713c-7438-4660-85de-b72c7fa314fd,synth_8f8ec0713117,gig_worker,tabddpm_synthetic,,['en'],ATO,2024-11-11T00:54:00+00:00,5.0,0.0,45,0,0,Monday,90,1,0,ATO,en,Bank debit card,0
4d59223a-49d9-4b52-84de-5d9dbc4e556f,synth_97b4142e6476,gig_worker,tabddpm_synthetic,,['en'],ATO,2024-09-04T18:04:00+00:00,5.0,1.2,24,18,0,Monday,6,168,3,ATO,en,Bank debit card,0
a4b07153-1358-431b-bf14-101aa869da91,synth_8b78c854f0a2,gig_worker,tabddpm_synthetic,,['en'],ATO,2024-08-20T07:47:00+00:00,5.0,0.0,45,7,3,Thursday,90,1,0,ATO,en,Bank debit card,0
3f355c85-c102-421c-9727-5065dda3957b,synth_2ea8ade8ffc2,gig_worker,tabddpm_synthetic,,['en'],ATO,2024-11-23T23:42:00+00:00,393.61,11.55,45,23,2,Wednesday,37,1,0,ATO,en,Bank debit card,0
4708be96-8eb3-4982-a446-c7d2adda7e4f,synth_c5b011965e82,gig_worker,tabddpm_synthetic,,['en'],ATO,2024-02-01T23:52:00+00:00,6000.0,3000.0,45,23,0,Monday,90,1,100,ATO,en,Bank debit card,0
cb0c3928-5bb2-43ea-9b9a-8b72ac9db0a0,synth_825f453855e3,gig_worker,tabddpm_synthetic,,['en'],ATO,2024-11-11T00:19:00+00:00,101.39,0.0,42,0,0,Monday,90,1,0,ATO,en,Bank debit card,0
d948e438-126a-42af-9c8f-663538ef1074,synth_b668bf15e01b,gig_worker,tabddpm_synthetic,,['en'],ATO,2024-11-04T17:44:00+00:00,260.52,26.77,39,17,4,Friday,22,1762,5,ATO,en,Bank debit card,0
47f58870-c5d8-4056-8c89-4b7fd174527c,synth_48059820440a,gig_worker,tabddpm_synthetic,,['en'],ATO,2024-07-27T23:02:00+00:00,330.04,17.49,45,23,3,Thursday,15,1,63,ATO,en,Bank debit card,0
df75b26a-0f17-413d-b114-9a72e59d5426,synth_18fea463406b,gig_worker,tabddpm_synthetic,,['en'],ATO,2024-10-17T23:22:00+00:00,5.0,0.0,45,23,6,Sunday,0,1,85,ATO,en,Bank debit card,1
439cfd39-9bbb-4039-8749-e6ce4aed84aa,synth_c69f3080f14b,gig_worker,tabddpm_synthetic,,['en'],ATO,2024-03-10T16:43:00+00:00,5.0,6.62,36,16,3,Thursday,77,570,3,ATO,en,Bank debit card,0
2c8dda0b-bde8-4e20-9aff-de0d0fc392a3,synth_26ab0090bb8f,gig_worker,tabddpm_synthetic,,['en'],ATO,2024-12-15T23:09:00+00:00,6000.0,459.77,45,23,5,Saturday,9,1,100,ATO,en,Bank debit card,1
d62820a4-2f64-404b-9c14-843494db533f,synth_b911267aa347,gig_worker,tabddpm_synthetic,,['en'],ATO,2024-02-26T07:08:00+00:00,5.0,9.35,32,7,0,Monday,41,865,6,ATO,en,Bank debit card,0
57866b0d-e7a1-47aa-ac2d-2bf0b738d11e,synth_306c6d18df90,gig_worker,tabddpm_synthetic,,['en'],ATO,2024-11-19T14:11:00+00:00,5.0,0.0,45,14,3,Thursday,31,1473,5,ATO,en,Bank debit card,0
d092cc29-e885-432d-8984-2901521304b1,synth_59167f28b35e,gig_worker,tabddpm_synthetic,,['en'],ATO,2024-11-14T11:35:00+00:00,203.46,4.49,36,11,4,Friday,2,937,4,ATO,en,Bank debit card,0
5d72ff58-539e-4d6e-8af4-68101f17aa3b,synth_26552a9e5fac,gig_worker,tabddpm_synthetic,,['en'],ATO,2024-12-16T11:03:00+00:00,155.68,23.93,39,11,0,Monday,4,1991,2,ATO,en,Bank debit card,0
39e6659a-b615-4239-b3ad-1d5df6a314e4,synth_a0a9b6b7ba71,gig_worker,tabddpm_synthetic,,['en'],ATO,2024-08-07T12:11:00+00:00,27.81,3.45,39,12,4,Friday,4,2000,8,ATO,en,Bank debit card,0
04029cb9-b7ac-41d1-921f-9870dd60aa97,synth_11ceb13c5389,gig_worker,tabddpm_synthetic,,['en'],ATO,2024-05-18T13:35:00+00:00,296.48,9.63,45,13,4,Friday,0,1,16,ATO,en,Bank debit card,0
146d9227-8185-4c8d-bca8-d0b4122e6fd9,synth_7d414f35706b,gig_worker,tabddpm_synthetic,,['en'],ATO,2024-10-03T13:25:00+00:00,322.18,6.03,32,13,2,Wednesday,23,1208,5,ATO,en,Bank debit card,0
21088302-b8fb-4006-aade-c2fe705901b6,synth_da63ca05e871,gig_worker,tabddpm_synthetic,,['en'],ATO,2024-08-29T00:01:00+00:00,545.01,0.0,43,0,0,Monday,90,1,0,ATO,en,Bank debit card,1
e680441b-cea6-4138-8567-b0df2ffd0fc8,synth_3ff4e0768e33,gig_worker,tabddpm_synthetic,,['en'],ATO,2024-01-03T12:32:00+00:00,5.0,1.98,45,12,2,Wednesday,43,1,0,ATO,en,Bank debit card,0
556c2d87-5c9f-40ac-ab13-fdbfba26c35a,synth_7a322a5b9656,gig_worker,tabddpm_synthetic,,['en'],ATO,2024-06-19T03:51:00+00:00,361.99,0.0,36,3,0,Monday,90,1,0,ATO,en,Bank debit card,0
2b5bb23d-9fdf-4018-890a-c01bdcc2e83e,synth_6930cf35ec9f,gig_worker,tabddpm_synthetic,,['en'],ATO,2024-10-08T15:26:00+00:00,71.77,0.0,34,15,6,Sunday,24,1046,0,ATO,en,Bank debit card,0
555027af-5018-4f7b-ace1-d1fb2bcb8b04,synth_dc823187c145,gig_worker,tabddpm_synthetic,,['en'],ATO,2024-01-28T23:19:00+00:00,6000.0,898.83,45,23,0,Monday,0,1,100,ATO,en,Bank debit card,1
9646383d-0758-4cb9-b53f-4e90e190e3a5,synth_42ec2245277f,gig_worker,tabddpm_synthetic,,['en'],ATO,2024-10-17T05:28:00+00:00,267.52,0.0,45,5,3,Thursday,90,1,0,ATO,en,Bank debit card,0
961d021a-eab1-4e70-86e8-1d4dea651149,synth_1eb584c3a029,gig_worker,tabddpm_synthetic,,['en'],ATO,2024-10-11T23:49:00+00:00,5.0,0.0,45,23,6,Sunday,0,1,100,ATO,en,Bank debit card,1
d8005340-06fd-47a3-a627-abc89338edf8,synth_613a15ecf269,gig_worker,tabddpm_synthetic,,['en'],ATO,2024-08-12T23:33:00+00:00,5.0,0.0,45,23,6,Sunday,0,1,100,ATO,en,Bank debit card,1
9392e8f3-4e0f-4903-b965-bc5286d50ac4,synth_41d73fc04f04,gig_worker,tabddpm_synthetic,,['en'],ATO,2024-04-18T02:27:00+00:00,5.0,0.0,45,2,0,Monday,90,1,0,ATO,en,Bank debit card,0
431680bd-4f79-4757-8c4f-3d41b2a74f3b,synth_1ed814058891,gig_worker,tabddpm_synthetic,,['es'],ATO,2024-05-15T08:07:00+00:00,5.0,0.1,41,8,4,Friday,19,446,9,ATO,es,Bank debit card,0
8d4023a9-1c96-4651-ab4b-3da435fcde1a,synth_3c5d66712398,gig_worker,tabddpm_synthetic,,['en'],ATO,2024-06-14T13:45:00+00:00,129.26,10.46,35,13,2,Wednesday,26,593,11,ATO,en,Bank debit card,0
ae4d4ccf-4328-4ad7-a3ac-cd73c0760c6d,synth_5f172206f5ea,gig_worker,tabddpm_synthetic,,['en'],ATO,2024-03-01T15:13:00+00:00,115.79,8.32,32,15,2,Wednesday,55,1,2,ATO,en,Bank debit card,0
e511983f-bef9-42a4-b5d4-2b7b9c47700d,synth_ba32262efd48,gig_worker,tabddpm_synthetic,,['en'],ATO,2024-10-16T00:36:00+00:00,1146.53,0.0,43,0,0,Monday,90,1,0,ATO,en,Bank debit card,0
7aaa6edd-5d28-4154-aed5-554a22cec93e,synth_3b31442c47ec,gig_worker,tabddpm_synthetic,,['en'],ATO,2024-08-25T23:06:00+00:00,532.72,27.34,26,23,0,Monday,90,1,0,ATO,en,Bank debit card,0
7edf8c70-3d16-4b91-9d13-e746af87011f,synth_fe275a2cb5fc,gig_worker,tabddpm_synthetic,,['en'],ATO,2024-11-27T11:15:00+00:00,287.37,15.9,24,11,0,Monday,52,1031,6,ATO,en,Bank debit card,0
945a52dc-9e8d-4be5-98fa-14ef76eca7bc,synth_ffb4083e4fbd,gig_worker,tabddpm_synthetic,,['en'],ATO,2024-01-26T06:43:00+00:00,345.83,29.1,23,6,4,Friday,15,358,7,ATO,en,Bank debit card,0
383fc2e6-5374-4d35-ae9e-c4e25d0c66af,synth_80dc09a7eff7,gig_worker,tabddpm_synthetic,,['en'],ATO,2024-11-30T23:37:00+00:00,87.35,14.24,30,23,6,Sunday,0,170,37,ATO,en,Bank debit card,0
ebd8d9e6-52fd-48a6-ad02-43476c64be64,synth_8ed7937b90e3,gig_worker,tabddpm_synthetic,,['en'],ATO,2024-09-12T00:36:00+00:00,170.79,0.0,40,0,0,Monday,90,1,0,ATO,en,Bank debit card,0
9e31e5d1-3aeb-4118-a8c6-58db8e8cbb5c,synth_6130d2aa1020,gig_worker,tabddpm_synthetic,,['en'],ATO,2024-03-20T16:13:00+00:00,5.0,6.59,42,16,5,Saturday,35,1,0,ATO,en,Bank debit card,0
dbc9fae7-d158-4f85-97af-cb01ed655e3f,synth_df670cbb968f,gig_worker,tabddpm_synthetic,,['en'],ATO,2024-05-15T23:00:00+00:00,261.61,13.0,38,23,1,Tuesday,42,248,0,ATO,en,Bank debit card,0
f57a9e90-4115-434d-903b-975da04f4b6f,synth_db40988e22f2,gig_worker,tabddpm_synthetic,,['en'],ATO,2024-07-09T23:26:00+00:00,2023.86,96.23,45,23,0,Monday,4,1,58,ATO,en,Bank debit card,1
7b290cd0-bab9-478b-ba8b-ae0e477b77d9,synth_a02bdc382208,gig_worker,tabddpm_synthetic,,['en'],ATO,2024-03-04T23:35:00+00:00,6000.0,3000.0,45,23,0,Monday,47,2000,100,ATO,en,Bank debit card,0
18aa1acd-fa57-4b4a-b0d8-f57993b837cb,synth_7312936248cc,gig_worker,tabddpm_synthetic,,['en'],ATO,2024-08-19T02:47:00+00:00,371.44,30.53,41,2,0,Monday,5,643,7,ATO,en,Bank debit card,0
a485d5c4-36e1-47ad-8abb-4a9c741e239c,synth_1c103cbea053,gig_worker,tabddpm_synthetic,,['en'],ATO,2024-09-16T09:45:00+00:00,234.89,0.0,45,9,0,Monday,90,1,0,ATO,en,Bank debit card,0
08923280-4f03-4f0d-af17-e75d4ea42ed2,synth_599e8369c172,gig_worker,tabddpm_synthetic,,['en'],ATO,2024-06-24T09:32:00+00:00,66.96,2.91,44,9,4,Friday,23,1117,0,ATO,en,Bank debit card,0
beffdf3d-f964-42e3-916d-d4823444e39c,synth_6de0bd064d75,gig_worker,tabddpm_synthetic,,['en'],ATO,2024-08-20T23:52:00+00:00,6000.0,3000.0,45,23,0,Monday,76,2000,100,ATO,en,Bank debit card,0
a7cffa6d-8627-4953-8cf7-bedf2c61a2a9,synth_3ed4ffe9af17,gig_worker,tabddpm_synthetic,,['en'],ATO,2024-05-26T12:52:00+00:00,5.0,10.72,28,12,3,Thursday,20,997,7,ATO,en,Bank debit card,0
bb8b837f-9cde-4b5c-bb63-f79f2c557bf4,synth_834edd24fab5,gig_worker,tabddpm_synthetic,,['en'],ATO,2024-03-17T23:53:00+00:00,6000.0,3000.0,45,23,0,Monday,90,2000,100,ATO,en,Bank debit card,0
79a9f640-578c-4471-b0d7-597a264386cc,synth_27464c389c44,gig_worker,tabddpm_synthetic,,['en'],ATO,2024-12-08T19:34:00+00:00,1172.9,56.19,18,19,3,Thursday,9,1109,2,ATO,en,Bank debit card,0
c60c46aa-57ad-4d3f-9ad8-036596c4ff43,synth_6f7cb883e820,gig_worker,tabddpm_synthetic,,['en'],ATO,2024-12-23T23:08:00+00:00,6000.0,3000.0,45,23,0,Monday,90,1,100,ATO,en,Bank debit card,0
73eaf122-a9d7-4848-9eb7-4c23a7f8dbc5,synth_1dbf1c4528c0,gig_worker,tabddpm_synthetic,,['en'],ATO,2024-01-30T05:14:00+00:00,70.98,0.0,45,5,2,Wednesday,90,1,0,ATO,en,Bank debit card,0
5bd83469-1e5f-47c3-aff6-85ae560b73df,synth_a7a33619023c,gig_worker,tabddpm_synthetic,,['en'],ATO,2024-02-07T00:20:00+00:00,743.39,0.0,41,0,0,Monday,90,1,0,ATO,en,Bank debit card,0
f9b7c05b-e862-4dbb-ba84-fcfbf4403960,synth_d7926bb94f18,gig_worker,tabddpm_synthetic,,['en'],ATO,2024-08-27T12:43:00+00:00,5.0,3.57,45,12,5,Saturday,7,1050,6,ATO,en,Bank debit card,0
fde10c1f-f39c-4530-ab07-2e4286dd0607,synth_f242e4ee067e,gig_worker,tabddpm_synthetic,,['en'],ATO,2024-12-07T03:26:00+00:00,232.9,7.07,29,3,0,Monday,0,44,7,ATO,en,Bank debit card,0
515bdb42-971f-4216-9bbe-eb28b57c90a8,synth_e5ce16001dee,gig_worker,tabddpm_synthetic,,['en'],ATO,2024-03-30T01:00:00+00:00,68.05,0.0,45,1,0,Monday,90,1,0,ATO,en,Bank debit card,0
673d45d2-cf6e-450a-9f10-ec1db3ed977b,synth_388d9cbafa0e,gig_worker,tabddpm_synthetic,,['en'],ATO,2024-09-12T00:25:00+00:00,1003.95,0.0,45,0,0,Monday,90,1,0,ATO,en,Bank debit card,0
df34e153-f650-40c2-aa41-3a7431d42355,synth_658a6163805b,gig_worker,tabddpm_synthetic,,['en'],ATO,2024-09-15T13:15:00+00:00,5.0,5.57,41,13,1,Tuesday,50,1,2,ATO,en,Bank debit card,0
69869325-045a-4427-a704-8f281d57a566,synth_811799fb3d54,gig_worker,tabddpm_synthetic,,['en'],ATO,2024-02-24T23:41:00+00:00,5.0,0.0,45,23,6,Sunday,0,1,100,ATO,en,Bank debit card,1
eb8b2270-fe11-44c2-b248-1a9ba0039ffa,synth_9b1335bfdcc7,gig_worker,tabddpm_synthetic,,['en'],ATO,2024-04-06T12:53:00+00:00,49.26,6.46,21,12,5,Saturday,7,451,10,ATO,en,Bank debit card,0
a40cca84-a747-4b5d-a603-d256800067d0,synth_0b9e46bb129f,gig_worker,tabddpm_synthetic,,['es'],ATO,2024-05-20T14:27:00+00:00,168.66,0.0,45,14,3,Thursday,90,1,3,ATO,es,Bank debit card,0
3f1778f9-2dc0-4805-ba9f-3ded1ec859d5,synth_7ed6a54abd16,gig_worker,tabddpm_synthetic,,['en'],ATO,2024-08-02T09:15:00+00:00,82.02,9.25,39,9,3,Thursday,16,1156,5,ATO,en,Bank debit card,0
6ab5100a-ff33-4861-8676-f5bc658deec2,synth_4be680d4dce6,gig_worker,tabddpm_synthetic,,['en'],ATO,2024-06-04T23:39:00+00:00,5.0,15.66,43,23,6,Sunday,0,1,61,ATO,en,Bank debit card,1
f8640b5a-bffa-4463-88ce-a7909e0580ab,synth_556a50e4ce18,gig_worker,tabddpm_synthetic,,['en'],ATO,2024-06-23T23:10:00+00:00,6000.0,3000.0,45,23,0,Monday,90,2000,100,ATO,en,Bank debit card,0
76f075f2-1e31-4a1f-9a26-471af992c700,synth_6bac3d93072c,gig_worker,tabddpm_synthetic,,['en'],ATO,2024-06-24T15:41:00+00:00,1690.23,72.43,45,15,0,Monday,29,1,9,ATO,en,Bank debit card,0
9ca34692-30f6-49b7-a13c-ef1c728be1eb,synth_661e3923dac8,gig_worker,tabddpm_synthetic,,['en'],ATO,2024-11-17T02:02:00+00:00,201.96,0.0,45,2,0,Monday,90,1,0,ATO,en,Bank debit card,0
36be99ce-1e75-41b3-bc43-199e14d3f5b7,synth_b3e45c32d070,gig_worker,tabddpm_synthetic,,['en'],ATO,2024-02-06T23:25:00+00:00,2507.73,73.67,45,23,0,Monday,8,1,67,ATO,en,Bank debit card,1
70efd7e5-9d12-4864-9a12-75510a8d18f8,synth_3bad0377fd0e,gig_worker,tabddpm_synthetic,,['en'],ATO,2024-09-17T21:47:00+00:00,89.37,11.18,40,21,0,Monday,11,1176,8,ATO,en,Bank debit card,0
f8563fa6-d9ef-4c27-9d28-517a781206d6,synth_f1715158f46e,gig_worker,tabddpm_synthetic,,['en'],ATO,2024-04-03T10:45:00+00:00,161.18,11.65,38,10,3,Thursday,5,697,4,ATO,en,Bank debit card,0
e41de17e-36eb-4e09-b857-c1803db1cbc4,synth_ee6f37f6185d,gig_worker,tabddpm_synthetic,,['en'],ATO,2024-04-29T15:58:00+00:00,151.28,6.05,33,15,4,Friday,90,1,4,ATO,en,Bank debit card,0
25ec2088-4e5e-4273-a26d-f17bb2bdb196,synth_fad8d542fec7,gig_worker,tabddpm_synthetic,,['en'],ATO,2024-08-06T07:13:00+00:00,113.89,3.12,31,7,0,Monday,23,107,7,ATO,en,Bank debit card,0
677fb01a-807c-47fb-8588-5d14cd1a3591,synth_12b4be2ecaa7,gig_worker,tabddpm_synthetic,,['en'],ATO,2024-07-28T15:26:00+00:00,307.34,3.22,18,15,0,Monday,5,1375,6,ATO,en,Bank debit card,0
4db222d9-411e-4c22-9ee9-1a99f388568f,synth_9ceea7a5ad9d,gig_worker,tabddpm_synthetic,,['en'],ATO,2024-01-02T09:11:00+00:00,288.35,8.98,19,9,3,Thursday,4,1584,11,ATO,en,Bank debit card,0
3209a50d-223f-4055-8755-7015594d9a76,synth_c8725c6605f0,gig_worker,tabddpm_synthetic,,['en'],CashApp,2024-05-29T16:29:00+00:00,5.0,0.0,37,16,4,Friday,0,1731,11,CashApp,en,Bank debit card,0
a7aedacb-038b-469c-a1ac-d1a50f535041,synth_b59ce9dd42a1,gig_worker,tabddpm_synthetic,,['es'],ATO,2024-09-15T20:45:00+00:00,50.43,0.0,26,20,4,Friday,52,1,3,ATO,es,Bank debit card,0
cd32aba0-6e0b-4c45-a028-bf02a1fdda6e,synth_64e430e4f373,gig_worker,tabddpm_synthetic,,['en'],ATO,2024-06-14T14:10:00+00:00,506.07,11.81,43,14,1,Tuesday,90,1,0,ATO,en,Bank debit card,0
a5c3f91d-e78f-4c93-ba53-150b94995ea9,synth_bd9bbb226240,gig_worker,tabddpm_synthetic,,['en'],ATO,2024-03-29T23:48:00+00:00,168.76,0.0,45,23,6,Sunday,57,1,11,ATO,en,Bank debit card,0
ad38c965-c30a-478e-ac11-168766098cb0,synth_c7ef091985cf,gig_worker,tabddpm_synthetic,,['en'],ATO,2024-07-27T09:39:00+00:00,71.47,5.12,31,9,0,Monday,90,1,3,ATO,en,Bank debit card,0
77b5e64e-1e01-40c8-a57f-05dad0478259,synth_8e0e4ab04d95,gig_worker,tabddpm_synthetic,,['en'],ATO,2024-08-22T17:47:00+00:00,415.7,0.0,40,17,1,Tuesday,90,1,3,ATO,en,Bank debit card,0
3d01fa9a-1fd9-42ee-8729-abd5ee5058fa,synth_68cfbc49abe6,gig_worker,tabddpm_synthetic,,['en'],ATO,2024-07-09T23:04:00+00:00,6000.0,3000.0,45,23,0,Monday,18,1,100,ATO,en,Bank debit card,0
301ecb69-ff28-4bfc-8912-42000cac0d19,synth_b9b652ed2de8,gig_worker,tabddpm_synthetic,,['en'],ATO,2024-08-22T11:13:00+00:00,206.63,15.03,21,11,5,Saturday,0,2000,0,ATO,en,Bank debit card,0
165ef2ec-fbcb-45c6-a551-4d6ac279efad,synth_0845f3a39518,gig_worker,tabddpm_synthetic,,['en'],ATO,2024-05-16T12:49:00+00:00,17.23,8.6,33,12,5,Saturday,14,1,1,ATO,en,Bank debit card,0
606a6a84-b37f-400c-9f87-3881d02bca28,synth_270b8a918cab,gig_worker,tabddpm_synthetic,,['en'],ATO,2024-04-19T11:06:00+00:00,480.7,29.61,45,11,0,Monday,4,111,12,ATO,en,Bank debit card,0
8f2b9d29-8470-432a-9b91-d5b973a8aee6,synth_5d2747432720,gig_worker,tabddpm_synthetic,,['en'],ATO,2024-09-04T17:13:00+00:00,445.83,16.78,29,17,2,Wednesday,29,798,2,ATO,en,Bank debit card,0
3bf1688c-ae3d-405a-a44d-c2c7754c290a,synth_3bbcc2e8d2d3,gig_worker,tabddpm_synthetic,,['en'],ATO,2024-05-17T11:50:00+00:00,135.48,0.0,42,11,1,Tuesday,90,1,2,ATO,en,Bank debit card,0
f1244640-d888-4e3b-93e1-088653c40a05,synth_b31703fed1cf,gig_worker,tabddpm_synthetic,,['en'],ATO,2024-12-05T00:51:00+00:00,1306.32,0.0,45,0,0,Monday,90,1,0,ATO,en,Bank debit card,0
57bb8db0-428a-4306-9d63-23dde72557c9,synth_20b8493bf0c3,gig_worker,tabddpm_synthetic,,['en'],ATO,2024-07-04T14:42:00+00:00,94.82,9.9,45,14,4,Friday,57,796,4,ATO,en,Bank debit card,0
3e4127c1-eb96-4936-aec3-c117408e3bc5,synth_1f65aaa762c1,gig_worker,tabddpm_synthetic,,['en'],ATO,2024-06-18T23:40:00+00:00,6000.0,3000.0,45,23,0,Monday,36,2000,100,ATO,en,Bank debit card,0
9c23cb60-dd03-4424-8604-e0992fa61849,synth_e0157fae0fc7,gig_worker,tabddpm_synthetic,,['en'],ATO,2024-12-07T14:40:00+00:00,447.45,52.13,27,14,0,Monday,25,90,4,ATO,en,Bank debit card,0
14b164d2-9b88-4153-972f-c287cbb2be27,synth_ea9723ecde4a,gig_worker,tabddpm_synthetic,,['en'],ATO,2024-01-18T00:32:00+00:00,767.72,0.0,38,0,0,Monday,90,1,0,ATO,en,Bank debit card,0
8fd02c32-94f6-4133-b3df-5fd4ec6fb23c,synth_af390f5c4e34,gig_worker,tabddpm_synthetic,,['en'],ATO,2024-12-05T04:49:00+00:00,5.0,0.0,39,4,0,Monday,90,1,0,ATO,en,Bank debit card,0
ab59aed8-42aa-4614-9ae2-3a8139051c0b,synth_d4c5c71d5813,gig_worker,tabddpm_synthetic,,['en'],ATO,2024-08-27T16:40:00+00:00,5.0,0.0,18,16,2,Wednesday,1,1380,5,ATO,en,Bank debit card,0
f7b22b71-2d27-4ccd-a725-41c83226bbb6,synth_002703d3ceb8,gig_worker,tabddpm_synthetic,,['en'],ATO,2024-10-15T23:19:00+00:00,6000.0,3000.0,45,23,0,Monday,35,2000,100,ATO,en,Bank debit card,0
1cc995c4-eb1e-449a-a89d-56e042b27bf0,synth_c11b26fff514,gig_worker,tabddpm_synthetic,,['es'],ATO,2024-08-03T07:13:00+00:00,5.0,0.0,42,7,1,Tuesday,50,1,1,ATO,es,Bank debit card,0
128926b7-d2fb-4137-b443-f4cd285dcb66,synth_830f6f085cae,gig_worker,tabddpm_synthetic,,['en'],ATO,2024-01-26T10:09:00+00:00,266.5,15.67,38,10,2,Wednesday,2,1,7,ATO,en,Bank debit card,0
db366ed0-0529-4ef7-b27e-3b27724aec31,synth_027d49b2724b,gig_worker,tabddpm_synthetic,,['en'],ATO,2024-11-27T00:52:00+00:00,404.18,0.0,42,0,0,Monday,90,1,0,ATO,en,Bank debit card,0
c03c7d94-1fb4-4368-b465-368fa13adce8,synth_adecb11547b8,gig_worker,tabddpm_synthetic,,['en'],ATO,2024-10-13T11:16:00+00:00,193.36,0.0,45,11,0,Monday,90,1,0,ATO,en,Bank debit card,0
1d81526c-ff4d-4dae-a868-cc8d2701d507,synth_dfe4df423ec4,gig_worker,tabddpm_synthetic,,['en'],ATO,2024-01-29T13:26:00+00:00,441.6,19.71,30,13,4,Friday,80,1,7,ATO,en,Bank debit card,0
666cd38e-c52a-4730-b5e7-bdfa558ee732,synth_6eaa9210e21f,gig_worker,tabddpm_synthetic,,['en'],ATO,2024-03-19T12:20:00+00:00,278.76,3.64,42,12,0,Monday,6,528,10,ATO,en,Bank debit card,0
47e48560-3195-4ad1-af40-c35429b6ea3b,synth_89e4d48b58df,gig_worker,tabddpm_synthetic,,['en'],ATO,2024-08-02T13:18:00+00:00,30.15,12.42,29,13,1,Tuesday,18,1,0,ATO,en,Bank debit card,0
b083e628-ac8d-4c94-a5fc-008cf68f2898,synth_adfc2ea23da0,gig_worker,tabddpm_synthetic,,['en'],ATO,2024-02-14T23:15:00+00:00,5.0,0.0,45,23,6,Sunday,0,1,100,ATO,en,Bank debit card,0
64e0df3e-d193-425b-8ae8-f69a012dcb86,synth_8e1935417b8d,gig_worker,tabddpm_synthetic,,['en'],ATO,2024-02-07T23:37:00+00:00,6000.0,3000.0,45,23,0,Monday,90,2000,100,ATO,en,Bank debit card,0
1d03fd4c-c491-4f50-834f-35b40eb2ae3b,synth_790226237824,gig_worker,tabddpm_synthetic,,['en'],ATO,2024-02-12T23:21:00+00:00,6000.0,3000.0,45,23,0,Monday,55,1226,100,ATO,en,Bank debit card,0
2eee3919-27a9-4eae-a166-43d29220bd05,synth_45568e144560,gig_worker,tabddpm_synthetic,,['en'],ATO,2024-08-06T23:02:00+00:00,6000.0,3000.0,45,23,0,Monday,86,2000,100,ATO,en,Bank debit card,0
c4605110-2eac-4eaa-ad1a-b2eeaac66e6b,synth_5f24d05f8588,gig_worker,tabddpm_synthetic,,['en'],ATO,2024-07-18T23:46:00+00:00,6000.0,3000.0,45,23,0,Monday,90,1475,100,ATO,en,Bank debit card,0
77f134bf-3ae2-4ccc-bf46-4df14aed4590,synth_cc04a1886509,gig_worker,tabddpm_synthetic,,['en'],ATO,2024-02-08T23:44:00+00:00,5.0,4.94,36,23,6,Sunday,9,2000,3,ATO,en,Bank debit card,0
9a3f3784-56e5-4c20-8a4e-2597cdfe31f2,synth_fb4f1bc6bf47,gig_worker,tabddpm_synthetic,,['en'],ATO,2024-08-30T22:55:00+00:00,2649.67,55.6,45,22,0,Monday,5,1,92,ATO,en,Bank debit card,1
ad5e090a-2b78-453f-83e2-6dd4b14136e7,synth_27df793979fc,gig_worker,tabddpm_synthetic,,['en'],ATO,2024-04-30T23:38:00+00:00,6000.0,3000.0,45,23,0,Monday,0,2000,100,ATO,en,Bank debit card,0
70e170ac-6ff8-4b61-be99-f181ab724851,synth_78b996899ebb,gig_worker,tabddpm_synthetic,,['en'],ATO,2024-06-13T16:16:00+00:00,130.53,18.91,28,16,0,Monday,29,1436,11,ATO,en,Bank debit card,0
874d31e5-c220-4cd1-8c57-6e0fbae1afcc,synth_86d6574ea056,gig_worker,tabddpm_synthetic,,['en'],ATO,2024-02-06T23:22:00+00:00,1270.49,130.47,18,23,3,Thursday,46,1,21,ATO,en,Bank debit card,0
b9dc6446-fd2c-4689-bf18-6e12555f5c84,synth_e1c45607e77b,gig_worker,tabddpm_synthetic,,['en'],ATO,2024-07-08T14:30:00+00:00,124.89,8.98,26,14,0,Monday,11,868,2,ATO,en,Bank debit card,0
4d2d5187-3ee8-4453-a40a-5da1d6f82278,synth_b1dd255fa847,gig_worker,tabddpm_synthetic,,['en'],CashApp,2024-08-24T10:28:00+00:00,5.0,4.92,45,10,4,Friday,26,1530,1,CashApp,en,Bank debit card,0
ac325a6b-2c21-46d9-a7b8-7ea2c1f2bac0,synth_50881294ad7e,gig_worker,tabddpm_synthetic,,['en'],ATO,2024-09-08T08:27:00+00:00,377.84,16.19,39,8,1,Tuesday,90,1,0,ATO,en,Bank debit card,0
022382b5-1cbe-4842-80f0-eb4c6a3ad13b,synth_437136fc1c23,gig_worker,tabddpm_synthetic,,['en'],ATO,2024-04-12T03:21:00+00:00,5.0,0.0,45,3,0,Monday,90,1,0,ATO,en,Bank debit card,0
5bfcb244-ed8c-48e1-b515-3be6493a4157,synth_04fa9d6cc2fa,gig_worker,tabddpm_synthetic,,['en'],ATO,2024-08-16T08:56:00+00:00,216.38,23.6,36,8,0,Monday,23,19,3,ATO,en,Bank debit card,0
f57b9a40-b118-41a9-9894-d43ee33177ff,synth_3c68e8828265,gig_worker,tabddpm_synthetic,,['en'],ATO,2024-10-20T06:13:00+00:00,91.48,11.96,45,6,1,Tuesday,50,1,2,ATO,en,Bank debit card,0
80387db1-e77a-44c0-bb3d-b9058d4d1509,synth_22c79dd5351f,gig_worker,tabddpm_synthetic,,['en'],ATO,2024-12-23T01:56:00+00:00,429.51,19.0,40,1,0,Monday,90,1,17,ATO,en,Bank debit card,1
db3637a6-63a9-4e21-a69d-b978b207044c,synth_374a4c3fed7c,gig_worker,tabddpm_synthetic,,['en'],ATO,2024-08-27T13:14:00+00:00,261.81,19.37,25,13,6,Sunday,15,1,5,ATO,en,Bank debit card,0
f95f9150-7451-486d-864f-6fa18e95d1fe,synth_d74e9cf3bbbf,gig_worker,tabddpm_synthetic,,['en'],ATO,2024-02-28T12:31:00+00:00,5.0,0.0,40,12,2,Wednesday,90,1,2,ATO,en,Bank debit card,0
63951c16-aa53-41d9-a6a2-6413e3ae9cac,synth_10f11617f2ae,gig_worker,tabddpm_synthetic,,['en'],ATO,2024-08-18T13:25:00+00:00,5.0,1.74,32,13,5,Saturday,0,2000,5,ATO,en,Bank debit card,0
bbd4d7b7-93a1-4239-9472-1215e8782e66,synth_559411ebd39d,gig_worker,tabddpm_synthetic,,['en'],ATO,2024-08-20T23:38:00+00:00,6000.0,3000.0,45,23,0,Monday,90,2000,100,ATO,en,Bank debit card,0
64c85844-02b2-441e-8f25-0b76e0f5d00e,synth_648c86a830d4,gig_worker,tabddpm_synthetic,,['en'],ATO,2024-04-11T23:22:00+00:00,278.84,16.4,37,23,2,Wednesday,47,1,0,ATO,en,Bank debit card,0
e6e39c31-33aa-4cb8-b791-5f4aac802056,synth_a7ceec1f72aa,gig_worker,tabddpm_synthetic,,['en'],CashApp,2024-01-07T04:12:00+00:00,88.97,8.2,25,4,0,Monday,8,758,6,CashApp,en,Bank debit card,0
b0893ecf-135a-491a-bb37-b9cb01811bb2,synth_d71b8fcbae77,gig_worker,tabddpm_synthetic,,['en'],ATO,2024-07-28T06:06:00+00:00,390.22,25.88,45,6,3,Thursday,26,62,6,ATO,en,Bank debit card,0
28e7c8c2-640b-4ac2-be2c-b16aa65ee820,synth_f7f3ca1ecc5a,gig_worker,tabddpm_synthetic,,['en'],ATO,2024-08-30T23:26:00+00:00,5.0,0.0,42,23,6,Sunday,0,1,73,ATO,en,Bank debit card,0
324bf5f9-578d-4ecb-a4c0-6d99ab7af97b,synth_46e0411ff251,gig_worker,tabddpm_synthetic,,['en'],ATO,2024-09-18T23:37:00+00:00,6000.0,3000.0,45,23,0,Monday,0,2000,100,ATO,en,Bank debit card,1
22a4d076-c99d-4df5-a2be-a0fa6a025be8,synth_cd03a1ced94e,gig_worker,tabddpm_synthetic,,['en'],ATO,2024-02-18T16:03:00+00:00,5.0,0.0,40,16,3,Thursday,32,1542,2,ATO,en,Bank debit card,0
7ecb5dd0-60b7-4a4e-af3b-77ca0199a3b2,synth_4a0caf77ad02,gig_worker,tabddpm_synthetic,,['en'],ATO,2024-03-29T09:31:00+00:00,5.0,0.0,42,9,2,Wednesday,11,309,3,ATO,en,Bank debit card,0
f2fea8c0-f9e7-4080-bb70-2e2c08cda388,synth_2994e92444dd,gig_worker,tabddpm_synthetic,,['en'],ATO,2024-11-01T00:02:00+00:00,708.2,0.0,45,0,0,Monday,90,1,0,ATO,en,Bank debit card,0
0bf00476-ad66-46b7-aab7-a542af3c1793,synth_e66bf758ae7b,gig_worker,tabddpm_synthetic,,['en'],ATO,2024-03-22T23:35:00+00:00,6000.0,3000.0,45,23,0,Monday,0,2000,100,ATO,en,Bank debit card,0
85da3420-327d-44c5-92ff-6030a2edbb81,synth_0021f5fbd6d4,gig_worker,tabddpm_synthetic,,['en'],ATO,2024-05-28T23:36:00+00:00,44.36,8.18,35,23,5,Saturday,32,1,2,ATO,en,Bank debit card,0
16957826-2d4f-458a-8ee6-d272f62f9991,synth_81f4e31aeaa0,gig_worker,tabddpm_synthetic,,['en'],ATO,2024-01-24T12:02:00+00:00,269.52,4.68,37,12,0,Monday,90,1,0,ATO,en,Bank debit card,0
322467c4-a162-4548-9787-cde14f55b774,synth_99974f790bde,gig_worker,tabddpm_synthetic,,['en'],ATO,2024-08-19T23:05:00+00:00,6000.0,3000.0,45,23,0,Monday,0,2000,100,ATO,en,Bank debit card,0
0a64dcb2-373b-4aab-9ab4-1cc688778532,synth_8ca06e4113bd,gig_worker,tabddpm_synthetic,,['en'],ATO,2024-10-16T13:16:00+00:00,163.13,2.23,39,13,2,Wednesday,10,98,2,ATO,en,Bank debit card,0
9510baa4-562e-429a-8d32-f88d0b645764,synth_3695f9175c23,gig_worker,tabddpm_synthetic,,['en'],ATO,2024-01-22T15:34:00+00:00,2290.58,98.25,45,15,0,Monday,9,1,52,ATO,en,Bank debit card,1
f277df87-c088-4509-a1ad-5dc8edd2ed6a,synth_508bdcc0824c,gig_worker,tabddpm_synthetic,,['en'],ATO,2024-09-21T00:16:00+00:00,132.26,0.0,45,0,0,Monday,90,1,0,ATO,en,Bank debit card,0
96b98004-4fec-48fb-85a6-2a141a30bff8,synth_8448515ddcc0,gig_worker,tabddpm_synthetic,,['en'],ATO,2024-02-21T00:02:00+00:00,436.35,0.0,29,0,0,Monday,90,1,0,ATO,en,Bank debit card,0
714055e9-a570-418c-a80b-b1e9ed218b7d,synth_46b2640582ab,gig_worker,tabddpm_synthetic,,['en'],ATO,2024-12-28T16:34:00+00:00,210.07,14.82,40,16,1,Tuesday,21,829,3,ATO,en,Bank debit card,0
0e1f9394-74e7-4611-b14f-99508a45942c,synth_813453f4baa1,gig_worker,tabddpm_synthetic,,['en'],ATO,2024-02-19T16:14:00+00:00,380.93,5.63,44,16,3,Thursday,40,812,5,ATO,en,Bank debit card,0
07d63c28-9600-4e05-aaf4-faec257df604,synth_5575c63cea92,gig_worker,tabddpm_synthetic,,['en'],ATO,2024-07-28T20:31:00+00:00,451.99,0.0,29,20,6,Sunday,90,1252,0,ATO,en,Bank debit card,0
945dc07a-e758-4c02-b54a-1fd542792031,synth_122b6c2710e6,gig_worker,tabddpm_synthetic,,['en'],CashApp,2024-03-02T17:47:00+00:00,222.57,0.0,45,17,4,Friday,0,733,7,CashApp,en,Bank debit card,0
a00f5b72-6add-428d-a6bc-fe0af2a99079,synth_926de47aa3e4,gig_worker,tabddpm_synthetic,,['en'],ATO,2024-07-22T08:11:00+00:00,520.87,38.48,39,8,2,Wednesday,23,1,8,ATO,en,Bank debit card,0
8b1138c0-d4a0-4833-a413-a195069c8f30,synth_42f86a0a5b86,gig_worker,tabddpm_synthetic,,['en'],ATO,2024-08-28T23:42:00+00:00,5.0,0.0,45,23,6,Sunday,0,1,100,ATO,en,Bank debit card,1
dff6c354-4a0d-49f1-b3f7-a706ad52065b,synth_f7bf206f2df4,gig_worker,tabddpm_synthetic,,['en'],ATO,2024-03-01T23:20:00+00:00,6000.0,3000.0,45,23,0,Monday,90,2000,100,ATO,en,Bank debit card,0
7fcd336d-9e14-4315-9e58-9106a20527ce,synth_dd8cc2d5ba2b,gig_worker,tabddpm_synthetic,,['en'],ATO,2024-10-08T09:38:00+00:00,5.0,4.0,45,9,5,Saturday,12,2000,5,ATO,en,Bank debit card,0
720a294a-62a2-4bf4-b957-63d0b13a94e3,synth_2422c4d5db35,gig_worker,tabddpm_synthetic,,['en'],ATO,2024-07-10T13:22:00+00:00,5.0,11.12,32,13,0,Monday,12,1479,0,ATO,en,Bank debit card,0
28eaa065-ddae-4e90-be33-8d70a7c6bf88,synth_68cc54a2d9ac,gig_worker,tabddpm_synthetic,,['en'],ATO,2024-10-28T09:11:00+00:00,659.82,21.34,36,9,0,Monday,8,1437,4,ATO,en,Bank debit card,0
78dbf61b-8ef1-4003-b7db-7463ce1f4b70,synth_6964c39d7ffe,gig_worker,tabddpm_synthetic,,['en'],ATO,2024-02-27T22:57:00+00:00,5.0,0.0,27,22,6,Sunday,3,355,12,ATO,en,Bank debit card,0
d5442cc4-8c4a-4756-94e6-bcbda69129bc,synth_346c566c317e,gig_worker,tabddpm_synthetic,,['en'],ATO,2024-10-10T08:15:00+00:00,5.0,0.05,45,8,0,Monday,2,2000,6,ATO,en,Bank debit card,0
59931838-a10e-49ea-af3c-8f676f5170c5,synth_744d24e0cad5,gig_worker,tabddpm_synthetic,,['en'],ATO,2024-05-03T09:06:00+00:00,173.66,8.47,45,9,1,Tuesday,12,1,3,ATO,en,Bank debit card,0
22eb52d1-c056-4311-9259-1f975097a3e1,synth_2274168753c4,gig_worker,tabddpm_synthetic,,['en'],ATO,2024-11-18T10:46:00+00:00,81.86,6.33,30,10,0,Monday,90,1,8,ATO,en,Bank debit card,0
7609936d-951f-4072-a989-bbd667a31e15,synth_0c0f27e5b4ed,gig_worker,tabddpm_synthetic,,['en'],ATO,2024-05-08T23:29:00+00:00,5.0,10.83,45,23,6,Sunday,1,1,100,ATO,en,Bank debit card,1
9b45c170-acfc-4ef7-b1a8-6ab3a6e6eb15,synth_4f562bfaa94b,gig_worker,tabddpm_synthetic,,['en'],ATO,2024-02-08T23:06:00+00:00,6000.0,3000.0,45,23,0,Monday,0,1,100,ATO,en,Bank debit card,1
47ce0d7b-6c14-414f-9111-8d54513ae2f9,synth_a0a23478844b,gig_worker,tabddpm_synthetic,,['en'],ATO,2024-12-24T23:58:00+00:00,54.79,4.14,36,23,6,Sunday,8,415,8,ATO,en,Bank debit card,0
7cfd28ca-6843-4f42-9f7d-321ff385bfe9,synth_017944dab98a,gig_worker,tabddpm_synthetic,,['en'],ATO,2024-08-17T08:37:00+00:00,75.86,0.0,45,8,0,Monday,90,1,0,ATO,en,Bank debit card,0
53561250-3e42-491b-902d-432c357da481,synth_76d9963dd57d,gig_worker,tabddpm_synthetic,,['en'],ATO,2024-01-13T23:04:00+00:00,5.0,0.0,45,23,6,Sunday,0,1,100,ATO,en,Bank debit card,1
e1f1beff-8d6e-4946-a0c0-5f87a118d159,synth_e5bd37e8220c,gig_worker,tabddpm_synthetic,,['en'],ATO,2024-12-05T23:46:00+00:00,6000.0,3000.0,45,23,0,Monday,68,1,100,ATO,en,Bank debit card,0
e4953fd0-8850-4383-9573-a7b3f0d40bc8,synth_0758d5ba0cac,gig_worker,tabddpm_synthetic,,['en'],ATO,2024-01-26T09:20:00+00:00,592.19,21.72,31,9,5,Saturday,28,170,7,ATO,en,Bank debit card,0
be23a981-781f-4738-b32a-b1b2a914cfc4,synth_f54205197de3,gig_worker,tabddpm_synthetic,,['en'],ATO,2024-05-01T00:51:00+00:00,285.62,0.0,45,0,0,Monday,90,1,0,ATO,en,Bank debit card,1
6175081b-9eec-4fa4-b817-f9fa907dae33,synth_0ed98be9fc12,gig_worker,tabddpm_synthetic,,['en'],ATO,2024-05-08T08:08:00+00:00,315.38,21.97,28,8,0,Monday,49,450,8,ATO,en,Bank debit card,0
ce449cc2-bd03-4545-839e-8712a2108817,synth_c5a787dbf0d5,gig_worker,tabddpm_synthetic,,['en'],ATO,2024-02-24T23:16:00+00:00,6000.0,3000.0,45,23,0,Monday,36,1,100,ATO,en,Bank debit card,1
752e1082-aadd-464a-abce-530bc6b5f0e6,synth_518699139fe5,gig_worker,tabddpm_synthetic,,['en'],ATO,2024-04-23T23:56:00+00:00,806.88,56.14,45,23,0,Monday,4,1,57,ATO,en,Bank debit card,1
2ad015e9-08f6-4813-9722-8ff47323fc24,synth_64c6df80ca38,gig_worker,tabddpm_synthetic,,['en'],ATO,2024-09-21T10:43:00+00:00,5.0,1.48,41,10,6,Sunday,9,1027,0,ATO,en,Bank debit card,0
f23d14bd-7e73-4946-93d5-f214d83a75ce,synth_4f516cfa2cca,gig_worker,tabddpm_synthetic,,['en'],ATO,2024-08-19T08:24:00+00:00,58.31,6.97,45,8,5,Saturday,0,1134,4,ATO,en,Bank debit card,0
84ed873a-c8e7-480a-992c-0a1740b88a5c,synth_b2ca5ad7a6b1,gig_worker,tabddpm_synthetic,,['en'],ATO,2024-03-14T23:25:00+00:00,6000.0,3000.0,45,23,0,Monday,90,2000,100,ATO,en,Bank debit card,0
d192e6e6-ea47-489b-afb8-ad9e3271f7a4,synth_52f499b989c6,gig_worker,tabddpm_synthetic,,['en'],ATO,2024-08-02T07:42:00+00:00,913.25,17.66,43,7,3,Thursday,11,1416,7,ATO,en,Bank debit card,0
d77f6936-5fd7-4e75-8243-298a9f789204,synth_b41b55f1484a,gig_worker,tabddpm_synthetic,,['en'],ATO,2024-07-02T11:53:00+00:00,190.46,17.04,22,11,0,Monday,6,1717,3,ATO,en,CashApp,0
e57e7b54-6b2e-44f1-9af9-c430b1630954,synth_bdca87fd97d2,gig_worker,tabddpm_synthetic,,['en'],ATO,2024-07-19T04:15:00+00:00,1663.69,185.64,36,4,1,Tuesday,10,734,9,ATO,en,Bank debit card,0
d968c533-a70c-4161-a093-7175be533723,synth_a1f68ecc2ae9,gig_worker,tabddpm_synthetic,,['en'],ATO,2024-07-31T08:10:00+00:00,136.58,17.49,42,8,1,Tuesday,10,308,0,ATO,en,Bank debit card,0
88561f51-fd33-43b6-ba33-f953b5afa86c,synth_df31042d4df2,gig_worker,tabddpm_synthetic,,['en'],ATO,2024-12-25T06:59:00+00:00,88.98,10.27,35,6,0,Monday,17,1279,8,ATO,en,Bank debit card,0
75b244e3-def4-40d9-88b3-cdec54e4ab22,synth_c70b3ab7ef08,gig_worker,tabddpm_synthetic,,['en'],ATO,2024-11-24T08:04:00+00:00,94.96,0.0,30,8,6,Sunday,2,1342,7,ATO,en,Bank debit card,0
220eb46b-0609-44e6-858a-d5af0aa056a9,synth_7c8b280b3974,gig_worker,tabddpm_synthetic,,['en'],ATO,2024-05-06T05:51:00+00:00,300.91,4.1,44,5,0,Monday,90,1,0,ATO,en,Bank debit card,0
e9263ed5-f3df-425c-b20b-d9e4691fb9ab,synth_ea512aaf9432,gig_worker,tabddpm_synthetic,,['en'],ATO,2024-07-16T14:41:00+00:00,145.14,17.85,37,14,0,Monday,0,226,13,ATO,en,Bank debit card,0
3c77ef2c-5525-4558-99d1-8c82f3045054,synth_c524bab83e48,gig_worker,tabddpm_synthetic,,['en'],ATO,2024-06-08T23:30:00+00:00,5.0,0.0,45,23,6,Sunday,8,914,31,ATO,en,Bank debit card,0
6c09c7ee-b5ad-4c6d-bb71-4f927b624602,synth_9769a244365f,gig_worker,tabddpm_synthetic,,['en'],ATO,2024-04-24T08:20:00+00:00,179.66,0.0,45,8,2,Wednesday,90,1,0,ATO,en,Bank debit card,0
49731c36-59e0-48e7-919a-a455fe037227,synth_f7c2dfd0035f,gig_worker,tabddpm_synthetic,,['en'],ATO,2024-10-25T23:37:00+00:00,5.0,0.0,40,23,6,Sunday,0,288,2,ATO,en,Bank debit card,0
2404c113-7f6c-4d3d-bac6-d2df9e51f2c3,synth_4d53b36c0c7e,gig_worker,tabddpm_synthetic,,['en'],ATO,2024-12-27T23:22:00+00:00,6000.0,3000.0,45,23,0,Monday,0,2000,100,ATO,en,Bank debit card,0
bebb9960-32a7-4d42-8279-08dd6ce8f507,synth_ac60c142c917,gig_worker,tabddpm_synthetic,,['en'],ATO,2024-06-04T08:04:00+00:00,335.55,17.45,31,8,5,Saturday,7,434,3,ATO,en,Bank debit card,0
693d65d7-dc59-4330-9ae9-81a438880222,synth_b6c67b3ec0df,gig_worker,tabddpm_synthetic,,['en'],ATO,2024-10-19T08:23:00+00:00,185.08,0.45,34,8,0,Monday,6,2000,4,ATO,en,Bank debit card,0
8a114a15-a1c3-4bbb-96f1-e6e8384a3e2b,synth_a5904b8e6737,gig_worker,tabddpm_synthetic,,['en'],ATO,2024-12-23T19:41:00+00:00,176.36,0.0,42,19,3,Thursday,81,1,6,ATO,en,Bank debit card,0
49e83ff6-7aa4-4247-9e98-cbb90556bc72,synth_a87d64eed43a,gig_worker,tabddpm_synthetic,,['en'],CashApp,2024-10-20T14:26:00+00:00,5.0,0.07,18,14,2,Wednesday,8,2000,7,CashApp,en,Bank debit card,0
6aa24e7a-4657-4e33-957f-0f8d74cc7e06,synth_d08390df2e58,gig_worker,tabddpm_synthetic,,['en'],ATO,2024-07-05T08:43:00+00:00,132.15,2.16,45,8,0,Monday,90,1,0,ATO,en,Bank debit card,0
79c4f2ee-6a1e-4d84-93a6-28bf5dd3204a,synth_7191a760ab09,gig_worker,tabddpm_synthetic,,['en'],ATO,2024-11-23T23:02:00+00:00,6000.0,3000.0,45,23,0,Monday,90,2000,100,ATO,en,Bank debit card,0
9cd950a7-49ad-4284-b8bc-b5205a68dc1b,synth_ce5a8276b81f,gig_worker,tabddpm_synthetic,,['en'],ATO,2024-08-02T05:00:00+00:00,404.12,0.0,36,5,0,Monday,90,1,0,ATO,en,Bank debit card,0
385af981-3603-46d1-b53d-3cfc1f999c86,synth_2454ccc1b23a,gig_worker,tabddpm_synthetic,,['en'],ATO,2024-08-23T14:12:00+00:00,151.09,13.64,29,14,0,Monday,3,160,11,ATO,en,Bank debit card,0
a5e74fcd-1f3f-4c32-bc56-b57230df322c,synth_cb85aa0820b2,gig_worker,tabddpm_synthetic,,['en'],ATO,2024-08-03T23:31:00+00:00,5.0,0.0,45,23,3,Thursday,90,124,0,ATO,en,Bank debit card,0
e1c96c9b-490e-483d-93ad-e140e89dd7f2,synth_6a955dc28a5d,gig_worker,tabddpm_synthetic,,['en'],ATO,2024-01-29T00:23:00+00:00,658.37,0.0,26,0,0,Monday,90,1,0,ATO,en,Bank debit card,0
8c2dfeb0-c51d-43b0-ad12-48d23bab58e3,synth_70d197c34d18,gig_worker,tabddpm_synthetic,,['en'],ATO,2024-07-05T14:52:00+00:00,31.07,6.32,45,14,6,Sunday,2,2000,7,ATO,en,Bank debit card,0
c9102a0d-ffd4-4eed-9a06-b7ea7f3d29dd,synth_c47b55b967de,gig_worker,tabddpm_synthetic,,['en'],ATO,2024-05-08T07:46:00+00:00,283.03,9.44,23,7,4,Friday,0,1499,0,ATO,en,Bank debit card,0
cf21be84-57f8-478e-80f9-96110762e3c6,synth_41c90029e5d7,gig_worker,tabddpm_synthetic,,['en'],ATO,2024-11-06T05:48:00+00:00,536.28,14.04,45,5,0,Monday,90,1,0,ATO,en,Bank debit card,0
4ebca454-20db-46bf-afcc-d3552b1ea6e8,synth_cce1224eee83,gig_worker,tabddpm_synthetic,,['en'],ATO,2024-08-30T09:28:00+00:00,59.84,12.77,31,9,0,Monday,6,2000,8,ATO,en,Bank debit card,0
fc4a3882-738e-410f-b099-cab0a1960b9c,synth_a87f17d4e08d,gig_worker,tabddpm_synthetic,,['en'],ATO,2024-11-17T23:22:00+00:00,5.0,0.0,45,23,6,Sunday,0,1,100,ATO,en,Bank debit card,1
de895ba7-7237-4c0b-a3fd-a6209bfc0edf,synth_7468137b869b,gig_worker,tabddpm_synthetic,,['en'],ATO,2024-01-28T06:01:00+00:00,42.18,6.64,37,6,0,Monday,7,1240,8,ATO,en,Bank debit card,0
42242791-1f79-4481-a832-ecd617fd9daf,synth_7f40869e2c21,gig_worker,tabddpm_synthetic,,['en'],ATO,2024-04-08T13:24:00+00:00,154.42,7.48,29,13,0,Monday,27,465,6,ATO,en,Bank debit card,0
71ae1a64-daa3-44d1-864c-12c629697844,synth_dd1dfd93bad2,gig_worker,tabddpm_synthetic,,['en'],ATO,2024-10-10T15:07:00+00:00,86.56,17.9,33,15,4,Friday,61,1,2,ATO,en,Bank debit card,0
e565c8ae-e1d4-4f75-b434-493586c26d8d,synth_1fe244507ff1,gig_worker,tabddpm_synthetic,,['en'],ATO,2024-03-26T23:34:00+00:00,6000.0,3000.0,45,23,0,Monday,11,2000,100,ATO,en,Bank debit card,0
4719aa77-0726-4c78-81df-cba0de1778c7,synth_d60513351b59,gig_worker,tabddpm_synthetic,,['en'],ATO,2024-07-15T07:08:00+00:00,138.0,9.28,38,7,1,Tuesday,49,1,0,ATO,en,Bank debit card,0
a4ab7d1c-0659-49bb-bfa6-292b41c819c0,synth_26cdf1c31827,gig_worker,tabddpm_synthetic,,['en'],ATO,2024-06-28T15:40:00+00:00,5.0,0.0,45,15,2,Wednesday,90,1,0,ATO,en,Bank debit card,0
bb524a8f-436f-430b-968c-7e5426f3a06f,synth_69997b7f5115,gig_worker,tabddpm_synthetic,,['en'],ATO,2024-07-09T01:26:00+00:00,540.81,0.0,45,1,0,Monday,90,1,0,ATO,en,Bank debit card,0
a89fd0cb-236e-4e8b-b8c9-ad91c9271e17,synth_fa935e4953a3,gig_worker,tabddpm_synthetic,,['en'],ATO,2024-02-10T11:54:00+00:00,5.0,1.01,45,11,2,Wednesday,3,1602,6,ATO,en,CashApp,0
1a36a839-8a35-44f3-a36d-753cf1f03b31,synth_b77cbacebf6d,gig_worker,tabddpm_synthetic,,['en'],ATO,2024-11-06T23:04:00+00:00,448.37,30.32,45,23,0,Monday,6,1,41,ATO,en,Bank debit card,1
59cb3a0c-8baf-465f-8276-e64e249aa0c7,synth_b846bfb7f906,gig_worker,tabddpm_synthetic,,['en'],ATO,2024-05-21T15:14:00+00:00,5.0,7.86,45,15,1,Tuesday,9,377,0,ATO,en,Bank debit card,0
bce99d38-9939-4feb-b427-5879a65968c7,synth_ec86d8bd6bb5,gig_worker,tabddpm_synthetic,,['en'],ATO,2024-08-23T09:16:00+00:00,5.0,0.0,45,9,3,Thursday,90,1,0,ATO,en,Bank debit card,0
4cc6f5df-58a0-4abf-9e0c-6a8bb31e240e,synth_082ac5ecce30,gig_worker,tabddpm_synthetic,,['en'],ATO,2024-03-25T13:40:00+00:00,202.14,1.94,40,13,5,Saturday,58,1,1,ATO,en,Bank debit card,0
81baf392-8f1a-469f-8378-4197cece6c81,synth_dd68d90f60e2,gig_worker,tabddpm_synthetic,,['en'],ATO,2024-08-19T12:06:00+00:00,15.57,10.09,36,12,1,Tuesday,15,1,0,ATO,en,Bank debit card,0
d4f1ce4c-fd72-4725-9216-1308641d1d67,synth_6d7a20f7ddd7,gig_worker,tabddpm_synthetic,,['en'],ATO,2024-10-17T15:03:00+00:00,53.87,1.47,45,15,6,Sunday,90,1,0,ATO,en,Bank debit card,0
435a913a-fdf5-4218-8cfe-2c7280ccb170,synth_16a84f01669a,gig_worker,tabddpm_synthetic,,['en'],ATO,2024-11-12T11:20:00+00:00,185.52,20.6,40,11,6,Sunday,22,1694,6,ATO,en,Bank debit card,0
2426e43a-b640-42cd-9b4a-6eb17afe16ac,synth_6d04a6e8e978,gig_worker,tabddpm_synthetic,,['en'],ATO,2024-10-05T07:07:00+00:00,5.0,0.0,35,7,4,Friday,0,506,4,ATO,en,Bank debit card,0
949ef775-8de4-477d-8963-5e8a827edc26,synth_f8346bb96f5c,gig_worker,tabddpm_synthetic,,['en'],ATO,2024-01-12T07:44:00+00:00,60.77,13.85,33,7,5,Saturday,11,1,1,ATO,en,Bank debit card,0
24efc2c5-41fa-41e1-b1b0-7bea5c0f9f33,synth_b16bc0151b6e,gig_worker,tabddpm_synthetic,,['en'],ATO,2024-04-24T09:45:00+00:00,81.16,2.91,37,9,6,Sunday,1,745,4,ATO,en,Bank debit card,0
4aa6c9fa-feb9-4d50-ab8b-8ce596302a98,synth_de4e1bc5c596,gig_worker,tabddpm_synthetic,,['en'],ATO,2024-04-11T23:15:00+00:00,6000.0,3000.0,45,23,0,Monday,89,2000,100,ATO,en,Bank debit card,0
bdd0a1e5-f6cb-4555-bf27-811dd0f46c3b,synth_d036c6e9f7f5,gig_worker,tabddpm_synthetic,,['en'],ATO,2024-11-09T09:52:00+00:00,102.15,6.36,28,9,4,Friday,10,381,2,ATO,en,Bank debit card,0
b2ac525e-a75a-4f6d-80e4-d713a5e88e3d,synth_3db02903e883,gig_worker,tabddpm_synthetic,,['en'],ATO,2024-05-23T23:56:00+00:00,6000.0,3000.0,45,23,0,Monday,0,2000,100,ATO,en,Bank debit card,0
2f27e3c3-b235-49c3-b99d-08c3facfc314,synth_066e46e834c2,gig_worker,tabddpm_synthetic,,['en'],ATO,2024-04-14T02:42:00+00:00,906.52,77.55,45,2,0,Monday,0,1,54,ATO,en,Bank debit card,1
75473706-0d26-40d4-816e-3c919c0acbf8,synth_9e972ddb5300,gig_worker,tabddpm_synthetic,,['en'],ATO,2024-06-23T23:43:00+00:00,6000.0,3000.0,45,23,0,Monday,90,2000,100,ATO,en,Bank debit card,0
464af22b-4ecf-4d47-8191-a1f03bec7eec,synth_3211d6ff057f,gig_worker,tabddpm_synthetic,,['en'],ATO,2024-06-30T11:02:00+00:00,5.0,1.39,37,11,1,Tuesday,30,308,3,ATO,en,CashApp,0
46883272-562b-4dc6-94ec-9e619fefbd60,synth_9e98ee7571ac,gig_worker,tabddpm_synthetic,,['en'],ATO,2024-10-26T00:41:00+00:00,298.01,0.0,45,0,0,Monday,90,1,0,ATO,en,Bank debit card,0
7f117f59-00ce-473f-b1c9-2ad2a5fdc5aa,synth_d28e2a02cae5,gig_worker,tabddpm_synthetic,,['en'],ATO,2024-04-15T23:50:00+00:00,6000.0,516.16,45,23,2,Wednesday,0,1,100,ATO,en,Bank debit card,1
9e09feca-a66d-4bab-9dfe-bc8ed6e963eb,synth_e63f20729f02,gig_worker,tabddpm_synthetic,,['en'],ATO,2024-07-19T06:38:00+00:00,1332.21,108.16,45,6,1,Tuesday,4,663,9,ATO,en,Bank debit card,0
67c8f1ce-e823-4e88-b597-a0682d070419,synth_3df318cc73cc,gig_worker,tabddpm_synthetic,,['en'],ATO,2024-03-18T10:23:00+00:00,67.25,7.17,44,10,3,Thursday,11,1,5,ATO,en,Bank debit card,0
47796f3e-2927-4c86-afd7-43fcb1552133,synth_0b9807cfa0af,gig_worker,tabddpm_synthetic,,['en'],ATO,2024-06-09T23:29:00+00:00,6000.0,3000.0,45,23,0,Monday,0,2000,100,ATO,en,Bank debit card,1
da603525-5bef-41cd-b619-7dbe83ca133a,synth_726320bdaf76,gig_worker,tabddpm_synthetic,,['en'],ATO,2024-01-31T11:58:00+00:00,254.34,0.0,42,11,0,Monday,90,1,1,ATO,en,Bank debit card,0
efa0705c-c36a-49ca-91aa-b6629486a707,synth_0c4db189991a,gig_worker,tabddpm_synthetic,,['en'],ATO,2024-03-07T16:52:00+00:00,841.29,89.56,30,16,4,Friday,14,1,10,ATO,en,Bank debit card,0
7a6cde4e-56c4-4b5a-bf15-4a4be21def7d,synth_02d7f6274349,gig_worker,tabddpm_synthetic,,['en'],ATO,2024-02-04T23:25:00+00:00,2640.04,49.55,45,23,6,Sunday,1,1,100,ATO,en,Bank debit card,1
69da1291-9527-4a35-bd4f-2e3ec5c3ab37,synth_0b4d23db19df,gig_worker,tabddpm_synthetic,,['en'],ATO,2024-12-23T23:24:00+00:00,5.0,13.75,45,23,6,Sunday,0,1,67,ATO,en,Bank debit card,0
850931bb-deea-4235-ac7d-5ee7b5f63afc,synth_589206e46b5d,gig_worker,tabddpm_synthetic,,['en'],ATO,2024-02-26T23:13:00+00:00,6000.0,3000.0,45,23,0,Monday,0,1,100,ATO,en,Bank debit card,0
424863bb-4134-49ac-a635-e2c517c72a7e,synth_40330f223a1f,gig_worker,tabddpm_synthetic,,['en'],ATO,2024-08-08T23:05:00+00:00,6000.0,3000.0,45,23,0,Monday,0,2000,100,ATO,en,Bank debit card,0
5ea784fc-2fe8-4026-bc4e-2eaafc43b40e,synth_6a2d92cc7dcd,gig_worker,tabddpm_synthetic,,['en'],ATO,2024-11-20T17:34:00+00:00,121.48,10.12,25,17,6,Sunday,37,661,4,ATO,en,Bank debit card,0
d8eb6dee-01af-483c-bd4b-5b353711577b,synth_deaf3c778fd5,gig_worker,tabddpm_synthetic,,['en'],ATO,2024-09-30T20:21:00+00:00,116.08,8.28,28,20,4,Friday,25,1,5,ATO,en,Bank debit card,0
b6554919-2705-4ef9-a4aa-73012e8d7cea,synth_3e2820b91605,gig_worker,tabddpm_synthetic,,['en'],ATO,2024-07-03T13:15:00+00:00,5.0,4.21,44,13,3,Thursday,1,1193,7,ATO,en,Bank debit card,0
5cff20a7-8c8b-48d4-9c63-d1005cae4b07,synth_9fce27196cf6,gig_worker,tabddpm_synthetic,,['en'],ATO,2024-04-06T14:40:00+00:00,5.0,4.73,43,14,5,Saturday,7,103,8,ATO,en,Bank debit card,0
314561a8-31ac-4e65-bf40-e578bc50f66c,synth_5fac02460a7c,gig_worker,tabddpm_synthetic,,['en'],ATO,2024-04-07T10:27:00+00:00,153.82,0.0,38,10,0,Monday,90,1,0,ATO,en,Bank debit card,0
cde4f442-ee90-4a40-b502-017ed4de6b93,synth_588cce2de6ef,gig_worker,tabddpm_synthetic,,['en'],ATO,2024-01-24T10:00:00+00:00,19.88,5.01,45,10,5,Saturday,0,1042,0,ATO,en,Bank debit card,0
01e4b231-b0ce-44c5-a5ea-b57aed15c935,synth_9ad049988798,gig_worker,tabddpm_synthetic,,['en'],ATO,2024-07-07T23:52:00+00:00,5.0,0.0,39,23,6,Sunday,0,1,43,ATO,en,Bank debit card,0
c0692190-e327-484f-9fec-84410e8152a2,synth_1712aafeb445,gig_worker,tabddpm_synthetic,,['en'],ATO,2024-12-26T23:23:00+00:00,5.0,2.34,45,23,0,Monday,54,1,57,ATO,en,Bank debit card,1
e4a1bd2a-aa60-4385-a4d4-8bc5a2de5cce,synth_efc9de17bc4f,gig_worker,tabddpm_synthetic,,['en'],ATO,2024-09-13T10:45:00+00:00,449.66,34.12,27,10,1,Tuesday,3,339,10,ATO,en,Bank debit card,0
af08649d-3850-4465-8d1e-27ec5f30258d,synth_978e7b1c879c,gig_worker,tabddpm_synthetic,,['en'],ATO,2024-04-28T23:29:00+00:00,5.0,0.0,45,23,6,Sunday,0,1,100,ATO,en,Bank debit card,1
e50b8f17-1570-4312-8057-c0d7d7a6b390,synth_7b22ee321f80,gig_worker,tabddpm_synthetic,,['en'],ATO,2024-12-16T12:33:00+00:00,5.0,2.0,42,12,4,Friday,8,478,0,ATO,en,Bank debit card,0
09060464-a519-4803-bf2c-5a55bb3fa9c1,synth_cbe04ffd4e83,gig_worker,tabddpm_synthetic,,['en'],ATO,2024-03-09T23:58:00+00:00,434.35,17.08,30,23,1,Tuesday,42,1,3,ATO,en,Bank debit card,0
14fd8900-a55d-4d38-82c7-9b9862cce3e5,synth_31a760ebdca5,gig_worker,tabddpm_synthetic,,['en'],ATO,2024-10-31T11:41:00+00:00,107.23,0.0,25,11,2,Wednesday,22,1918,6,ATO,en,Bank debit card,0
3e6332b8-2514-4e9f-8c68-4c2ca6dfa787,synth_57befefc113c,gig_worker,tabddpm_synthetic,,['en'],ATO,2024-04-07T05:36:00+00:00,156.98,2.37,24,5,0,Monday,6,1397,11,ATO,en,CashApp,0
c7df272d-563a-4603-99af-8eb20de99d71,synth_b212da83e538,gig_worker,tabddpm_synthetic,,['en'],ATO,2024-08-14T11:12:00+00:00,159.5,0.0,45,11,4,Friday,90,1,0,ATO,en,Bank debit card,0
d0ad9c9d-d457-4665-892c-e6092de1661b,synth_9da61c45b014,gig_worker,tabddpm_synthetic,,['en'],ATO,2024-12-29T23:49:00+00:00,5.0,0.0,34,23,6,Sunday,4,585,16,ATO,en,Bank debit card,0
ca50185a-fa99-4400-8d83-b1341a535bf3,synth_661fb031fbdb,gig_worker,tabddpm_synthetic,,['en'],ATO,2024-11-02T03:08:00+00:00,106.13,13.46,42,3,5,Saturday,36,1,7,ATO,en,Bank debit card,0
0bbb3921-79f9-4032-8619-928cb37fc38d,synth_519769435267,gig_worker,tabddpm_synthetic,,['en'],ATO,2024-08-26T09:29:00+00:00,50.68,0.71,36,9,6,Sunday,6,1910,9,ATO,en,Bank debit card,0
aeddf6fc-9851-4256-9f6b-d5edb197fac4,synth_a1ed658c0c84,gig_worker,tabddpm_synthetic,,['en'],ATO,2024-02-13T00:09:00+00:00,136.17,0.0,45,0,0,Monday,90,1,0,ATO,en,Bank debit card,0
fa5aada6-4047-4d82-8fb6-c455269e8c17,synth_b1467c4ebde6,gig_worker,tabddpm_synthetic,,['en'],ATO,2024-07-19T00:44:00+00:00,362.52,0.0,36,0,0,Monday,90,1,0,ATO,en,Bank debit card,0
3b59907b-3486-4bf6-aecb-a478315bac59,synth_9c3a97d5e568,gig_worker,tabddpm_synthetic,,['en'],ATO,2024-03-04T23:39:00+00:00,6000.0,3000.0,45,23,0,Monday,90,2000,100,ATO,en,Bank debit card,0
d72257c1-0386-450a-a652-869e7ebe0577,synth_fc9ec984a46a,gig_worker,tabddpm_synthetic,,['en'],ATO,2024-12-30T23:07:00+00:00,5.0,0.0,45,23,3,Thursday,59,1069,10,ATO,en,Bank debit card,0
2e311e4e-6ccc-46e1-a147-c1beecc93409,synth_a81a75d0bef4,gig_worker,tabddpm_synthetic,,['en'],ATO,2024-10-30T14:56:00+00:00,5.0,14.82,24,14,1,Tuesday,0,2000,11,ATO,en,Bank debit card,0
2fb37e58-fa17-4d6e-8dad-2780f58b1a60,synth_fa47cc48913d,gig_worker,tabddpm_synthetic,,['en'],ATO,2024-03-27T23:43:00+00:00,6000.0,3000.0,45,23,0,Monday,0,2000,100,ATO,en,Bank debit card,1
00469c54-ccfd-427c-a1e4-f5dfe5853393,synth_26d47c47d295,gig_worker,tabddpm_synthetic,,['en'],ATO,2024-06-11T23:16:00+00:00,6000.0,3000.0,45,23,0,Monday,90,1,100,ATO,en,Bank debit card,0
97d3e325-8efe-4e1c-9e1e-1c29cb0e752d,synth_3aec86d05ace,gig_worker,tabddpm_synthetic,,['en'],ATO,2024-03-06T23:09:00+00:00,6000.0,3000.0,45,23,0,Monday,0,1,100,ATO,en,Bank debit card,0
2ebd228f-b044-4ee4-8c89-a103e26253f5,synth_251ecca0632c,gig_worker,tabddpm_synthetic,,['en'],ATO,2024-04-13T23:38:00+00:00,1246.34,41.99,45,23,4,Friday,8,1,82,ATO,en,Bank debit card,1
1a239070-e910-450f-a9b2-29f7207d9d75,synth_412c508913c6,gig_worker,tabddpm_synthetic,,['en'],ATO,2024-11-14T02:02:00+00:00,417.59,19.43,39,2,0,Monday,0,88,12,ATO,en,Bank debit card,0
d6a887c8-827e-4f6d-be8b-5033f9132042,synth_291b51dd3d5b,gig_worker,tabddpm_synthetic,,['en'],CashApp,2024-04-18T23:15:00+00:00,3834.99,214.39,45,23,0,Monday,4,1,59,CashApp,en,Bank debit card,1
f4aa8794-f40e-4763-b94b-188d586a1b7f,synth_768240985064,gig_worker,tabddpm_synthetic,,['en'],ATO,2024-06-16T23:33:00+00:00,731.0,58.01,18,23,6,Sunday,77,1,0,ATO,en,Bank debit card,0
edd63cf0-12fc-4211-a6b4-279a14f307fc,synth_cb618a64579b,gig_worker,tabddpm_synthetic,,['en'],ATO,2024-04-16T00:39:00+00:00,581.83,0.0,18,0,0,Monday,90,1,0,ATO,en,Bank debit card,0
e3a0b4ef-ecae-4e51-b033-4185b22934a3,synth_e0addac79eaf,gig_worker,tabddpm_synthetic,,['en'],ATO,2024-08-13T23:00:00+00:00,6000.0,3000.0,45,23,0,Monday,16,2000,100,ATO,en,Bank debit card,0
334ce7a2-6d25-400c-97e7-963c8ea33942,synth_efbba07cf0a4,gig_worker,tabddpm_synthetic,,['en'],ATO,2024-01-22T23:23:00+00:00,6000.0,3000.0,45,23,0,Monday,0,2000,100,ATO,en,Bank debit card,0
6045f882-b657-4e82-a5e3-fc8695ed6a50,synth_5b27230aa9bb,gig_worker,tabddpm_synthetic,,['en'],ATO,2024-05-15T23:47:00+00:00,602.84,58.67,37,23,6,Sunday,26,1,6,ATO,en,Bank debit card,0
e2712c4a-37de-4208-bbe6-a3ba7100fbb8,synth_d6982f01bfea,gig_worker,tabddpm_synthetic,,['en'],ATO,2024-03-13T10:36:00+00:00,5.0,5.25,40,10,0,Monday,3,1271,11,ATO,en,Bank debit card,0
32001ea4-06f4-4331-a2fd-e9dffa133f70,synth_53072a159d9d,gig_worker,tabddpm_synthetic,,['en'],ATO,2024-01-03T16:08:00+00:00,5.0,0.54,26,16,4,Friday,27,2000,6,ATO,en,Bank debit card,0
cdb0ae55-1618-458d-a2c0-117d9e4227eb,synth_9314aee469b2,gig_worker,tabddpm_synthetic,,['en'],ATO,2024-04-15T10:23:00+00:00,39.0,0.0,40,10,4,Friday,9,1298,5,ATO,en,Bank debit card,0
91629079-e3af-44e8-bac9-3588d53226b8,synth_606b240c46c2,gig_worker,tabddpm_synthetic,,['en'],ATO,2024-05-31T23:53:00+00:00,5.0,0.0,28,23,6,Sunday,0,1,91,ATO,en,Bank debit card,1
4f2fa8d3-d853-4e52-bd12-888388424404,synth_d38e26c3e6c6,gig_worker,tabddpm_synthetic,,['en'],ATO,2024-11-26T14:09:00+00:00,5.0,7.01,41,14,0,Monday,90,1,4,ATO,en,Bank debit card,0
79b5c5ca-54d7-4573-8e31-bc6db46acd02,synth_f4830ee535eb,gig_worker,tabddpm_synthetic,,['en'],CashApp,2024-04-11T12:51:00+00:00,8.54,5.73,34,12,1,Tuesday,26,2000,10,CashApp,en,Bank debit card,0
9321f4f7-374d-439f-bd91-018f15966033,synth_42c28dfc5663,gig_worker,tabddpm_synthetic,,['en'],ATO,2024-09-05T00:28:00+00:00,5.0,0.0,45,0,0,Monday,90,1,0,ATO,en,Bank debit card,0
5090dc50-ab24-4f68-a923-646ac3646fba,synth_c24d866e9fb3,gig_worker,tabddpm_synthetic,,['en'],ATO,2024-03-19T23:54:00+00:00,6000.0,3000.0,45,23,0,Monday,90,2000,100,ATO,en,Bank debit card,0
6b748fcc-3790-49d8-b759-a3551c5130e1,synth_32b9e14c2779,gig_worker,tabddpm_synthetic,,['en'],ATO,2024-12-24T08:57:00+00:00,128.57,6.27,19,8,6,Sunday,17,411,10,ATO,en,Bank debit card,0
2f6ba9b9-a3f1-4edc-ac90-80790488ecc6,synth_a3fe2474b736,gig_worker,tabddpm_synthetic,,['en'],ATO,2024-05-18T09:49:00+00:00,5.0,6.05,35,9,3,Thursday,9,2000,9,ATO,en,Bank debit card,0
e7dc4ab8-e00b-4314-8989-5ed5e1210a03,synth_4551a343eaa1,gig_worker,tabddpm_synthetic,,['en'],ATO,2024-04-14T23:27:00+00:00,6000.0,3000.0,45,23,0,Monday,0,1,100,ATO,en,Bank debit card,1
85081aff-612d-4a9c-9193-32ca410bae4e,synth_70d022fb5f73,gig_worker,tabddpm_synthetic,,['en'],ATO,2024-10-02T09:41:00+00:00,5.0,6.07,45,9,5,Saturday,27,2000,4,ATO,en,Bank debit card,0
10e98526-5a7d-405b-add2-e65f4d239d68,synth_962890910957,gig_worker,tabddpm_synthetic,,['en'],ATO,2024-06-06T13:29:00+00:00,639.47,11.41,20,13,0,Monday,90,1,0,ATO,en,Bank debit card,0
9b5b7c14-20f2-494f-9557-a62f309809d7,synth_ee467acc61d0,gig_worker,tabddpm_synthetic,,['en'],ATO,2024-06-03T10:20:00+00:00,335.38,25.1,29,10,6,Sunday,33,1,3,ATO,en,Bank debit card,0
3372190f-84fd-4de3-8bc7-6320bd8f0c3d,synth_0f80078b4dbf,gig_worker,tabddpm_synthetic,,['en'],ATO,2024-01-09T04:28:00+00:00,5.0,0.0,33,4,0,Monday,30,1,1,ATO,en,Bank debit card,0
f3e122ad-e675-47eb-b264-d0f5690a12f5,synth_3c5c16f23393,gig_worker,tabddpm_synthetic,,['en'],ATO,2024-05-14T09:36:00+00:00,487.66,23.28,40,9,0,Monday,90,1,11,ATO,en,Bank debit card,1
bf7e06f4-2c15-4039-b55a-54173dd3116d,synth_79255482b1c3,gig_worker,tabddpm_synthetic,,['en'],ATO,2024-01-23T10:56:00+00:00,5.0,0.0,45,10,5,Saturday,90,1,0,ATO,en,Bank debit card,0
ea6c1e98-b0a0-4855-bc87-a74cd925e1e5,synth_4c866a18ca5b,gig_worker,tabddpm_synthetic,,['en'],ATO,2024-05-27T03:53:00+00:00,6000.0,3000.0,45,3,0,Monday,0,2000,100,ATO,en,Bank debit card,0
e546439f-b6f1-48a6-914d-1c8690e56aaa,synth_4f99b5033b11,gig_worker,tabddpm_synthetic,,['en'],ATO,2024-03-09T15:09:00+00:00,160.4,5.05,37,15,5,Saturday,4,1629,6,ATO,en,Bank debit card,0
e93db6d3-1336-4309-9b63-41521b2ea4ff,synth_4734945eaa01,gig_worker,tabddpm_synthetic,,['en'],ATO,2024-09-10T00:05:00+00:00,1052.62,0.0,37,0,0,Monday,90,1,0,ATO,en,Bank debit card,0
9afb7835-c3d4-47ef-aae2-cae6370dd064,synth_36be7bc32b27,gig_worker,tabddpm_synthetic,,['en'],ATO,2024-06-26T13:07:00+00:00,312.3,20.36,27,13,0,Monday,10,228,4,ATO,en,Bank debit card,0
16df5b15-314c-40e1-b258-4258c4cb9f41,synth_2e78dbb3fda9,gig_worker,tabddpm_synthetic,,['en'],ATO,2024-12-17T23:44:00+00:00,524.72,27.01,33,23,5,Saturday,57,1,0,ATO,en,Bank debit card,0
b4f20ab9-71e5-4e0b-86e3-110dbd4bbbf3,synth_4f46a92d809f,gig_worker,tabddpm_synthetic,,['en'],ATO,2024-10-24T23:42:00+00:00,6000.0,3000.0,45,23,0,Monday,80,1,100,ATO,en,Bank debit card,0
de9b83c3-8fc1-4d63-96ca-c41f36585deb,synth_f6ebda12c672,gig_worker,tabddpm_synthetic,,['en'],ATO,2024-11-27T18:13:00+00:00,74.99,12.06,25,18,2,Wednesday,15,1,6,ATO,en,Bank debit card,0
fc665936-a7ba-4118-9382-50ebd8208637,synth_7736e804ab9d,gig_worker,tabddpm_synthetic,,['en'],ATO,2024-07-09T16:30:00+00:00,12.1,5.67,29,16,1,Tuesday,21,1177,7,ATO,en,Bank debit card,0
7d08ddfd-0694-4089-8d83-1e04beb94f1e,synth_a321cc1d6f3d,gig_worker,tabddpm_synthetic,,['en'],ATO,2024-09-06T14:43:00+00:00,221.27,0.59,45,14,6,Sunday,67,1,2,ATO,en,Bank debit card,0
f34d7ee5-86d7-4a9f-ac17-47c8deeb9966,synth_c64d7ebec7f4,gig_worker,tabddpm_synthetic,,['en'],ATO,2024-08-24T09:03:00+00:00,53.62,9.33,27,9,4,Friday,6,1331,10,ATO,en,Bank debit card,0
f95e6b4d-864e-462e-a322-d51b44d75a0d,synth_33737a9efdf6,gig_worker,tabddpm_synthetic,,['en'],ATO,2024-07-26T23:14:00+00:00,6000.0,3000.0,45,23,0,Monday,33,2000,100,ATO,en,Bank debit card,1
ad758283-c1bd-49f0-bea2-23a3c3de12c8,synth_15b8c637b7ad,gig_worker,tabddpm_synthetic,,['en'],ATO,2024-10-03T23:57:00+00:00,6000.0,3000.0,45,23,0,Monday,0,1,100,ATO,en,Bank debit card,0
90003eeb-1dac-4e19-bc3e-49d37b71f50f,synth_66de0da550ab,gig_worker,tabddpm_synthetic,,['en'],ATO,2024-01-18T23:04:00+00:00,6000.0,3000.0,45,23,6,Sunday,0,1,100,ATO,en,Bank debit card,1
472b0e2b-3436-4dc4-9da1-6cbd16bcf112,synth_e47ba064c419,gig_worker,tabddpm_synthetic,,['en'],ATO,2024-12-25T13:36:00+00:00,133.3,12.96,18,13,6,Sunday,3,1884,10,ATO,en,Bank debit card,0
39ecf432-7226-4d59-b329-be3febbadce1,synth_70920efc2223,gig_worker,tabddpm_synthetic,,['en'],ATO,2024-05-10T15:24:00+00:00,5.0,0.0,45,15,2,Wednesday,3,1232,2,ATO,en,Bank debit card,0
21642b69-ee82-4a71-a936-543da2bc50bf,synth_4e144a213afe,gig_worker,tabddpm_synthetic,,['en'],ATO,2024-07-01T17:42:00+00:00,19.53,6.68,32,17,2,Wednesday,67,51,10,ATO,en,Bank debit card,0
aa4350dd-91e9-449d-917f-d2214a304dd6,synth_16e1bc9d10d8,gig_worker,tabddpm_synthetic,,['en'],ATO,2024-04-15T10:40:00+00:00,327.37,1.16,37,10,0,Monday,90,1,0,ATO,en,Bank debit card,0
1f1c8bf7-ed4e-48c8-941e-bafea9ec405c,synth_aa7881f00f2f,gig_worker,tabddpm_synthetic,,['en'],ATO,2024-03-03T03:42:00+00:00,5.0,0.0,45,3,0,Monday,90,1,0,ATO,en,Bank debit card,0
ab0aae1c-5ffc-45eb-9939-5cb866543cf0,synth_0e6cb46f12a1,gig_worker,tabddpm_synthetic,,['en'],CashApp,2024-06-11T23:17:00+00:00,32.09,0.0,45,23,1,Tuesday,58,1573,4,CashApp,en,Bank debit card,0
c895829e-8cfd-4536-b5ae-0290fa44d64c,synth_b08e7e6bea09,gig_worker,tabddpm_synthetic,,['en'],ATO,2024-06-04T18:22:00+00:00,35.56,0.0,40,18,4,Friday,90,1,4,ATO,en,Bank debit card,0
075f1b6a-10eb-45ac-997f-9404586317fc,synth_3572a83b032f,gig_worker,tabddpm_synthetic,,['en'],ATO,2024-08-05T10:13:00+00:00,236.56,0.0,41,10,0,Monday,90,1,0,ATO,en,Bank debit card,0
490f5404-c9bd-4c0c-8f42-03fd8743b8a5,synth_33426d496c02,gig_worker,tabddpm_synthetic,,['en'],ATO,2024-11-20T23:04:00+00:00,5.0,35.22,38,23,6,Sunday,0,1,94,ATO,en,Bank debit card,1
16803967-a2c7-48cc-bda3-41ae3ea218f4,synth_83a19b0c4346,gig_worker,tabddpm_synthetic,,['en'],ATO,2024-07-10T10:33:00+00:00,19.73,0.0,33,10,5,Saturday,16,1214,3,ATO,en,Bank debit card,0
e9465cb5-2eba-41d7-8ee6-8c3e585a85e4,synth_0474698a3f16,gig_worker,tabddpm_synthetic,,['en'],ATO,2024-03-16T09:34:00+00:00,197.62,10.76,34,9,0,Monday,14,780,1,ATO,en,Bank debit card,0
39a2e575-c999-4ca4-bf0a-4c811c5db239,synth_6ca5eba919d5,gig_worker,tabddpm_synthetic,,['en'],ATO,2024-01-13T11:22:00+00:00,49.2,5.41,45,11,0,Monday,90,1,0,ATO,en,Bank debit card,0
de402204-ef9b-468e-bc84-a1b9845e5208,synth_c9951b3f5f60,gig_worker,tabddpm_synthetic,,['en'],ATO,2024-09-20T23:01:00+00:00,675.92,48.09,19,23,0,Monday,90,1,0,ATO,en,Bank debit card,0
bf9e4554-30ac-41b5-b693-a5985bcfa3c0,synth_83f978af1723,gig_worker,tabddpm_synthetic,,['en'],ATO,2024-05-02T14:42:00+00:00,5.0,7.08,36,14,2,Wednesday,14,780,12,ATO,en,Bank debit card,0
a2c250b8-d91a-418a-a501-cb390d05cd3a,synth_1d6e89091b1b,gig_worker,tabddpm_synthetic,,['en'],ATO,2024-03-12T10:33:00+00:00,5.0,3.19,30,10,2,Wednesday,7,1888,6,ATO,en,Bank debit card,0
c4322492-962d-4f23-9eef-e05c003b9c5e,synth_f051c6ecd77d,gig_worker,tabddpm_synthetic,,['en'],ATO,2024-07-23T23:43:00+00:00,6000.0,3000.0,45,23,0,Monday,0,2000,100,ATO,en,Bank debit card,0
5de6432e-22d3-40a0-b1d2-e00e00c9a540,synth_cd2e4454c26c,gig_worker,tabddpm_synthetic,,['en'],ATO,2024-12-13T11:21:00+00:00,14.24,0.0,22,11,1,Tuesday,10,1370,3,ATO,en,Bank debit card,0
da28e30a-1e4f-4ca8-bcc1-2dac3771a0ab,synth_f4d6ccf54700,gig_worker,tabddpm_synthetic,,['en'],ATO,2024-05-02T14:22:00+00:00,243.97,26.79,37,14,5,Saturday,0,1128,5,ATO,en,Bank debit card,0
40392546-2990-470d-932f-d7fbf2bd45be,synth_71fe4fc06bfd,gig_worker,tabddpm_synthetic,,['en'],ATO,2024-12-24T00:16:00+00:00,5.0,0.0,45,0,0,Monday,90,1,0,ATO,en,Bank debit card,0
d1ac2cf0-a07a-461e-afaa-cfeea3c3aebb,synth_aad5b17d449c,gig_worker,tabddpm_synthetic,,['en'],ATO,2024-08-25T11:44:00+00:00,5.0,0.0,25,11,1,Tuesday,4,323,5,ATO,en,Bank debit card,0
8dd5ee00-38d1-4a06-82dd-5956fc9d677a,synth_697fc770ddcc,gig_worker,tabddpm_synthetic,,['en'],ATO,2024-11-23T17:46:00+00:00,306.13,15.13,18,17,0,Monday,51,542,5,ATO,en,Bank debit card,0
c0abda0a-fec7-4f30-8e11-67557fe62d38,synth_65ba4689d968,gig_worker,tabddpm_synthetic,,['en'],ATO,2024-05-26T09:10:00+00:00,25.85,5.82,33,9,1,Tuesday,3,1623,8,ATO,en,Bank debit card,0
c5aceb8d-5eac-4135-bb10-57ebbe254ead,synth_eaf8ff86936d,gig_worker,tabddpm_synthetic,,['en'],ATO,2024-11-09T12:25:00+00:00,5.0,5.29,41,12,2,Wednesday,18,2000,6,ATO,en,Bank debit card,0
23ad7308-d862-4aad-9e2b-aee23bd9b91e,synth_7d80ccc2d3b1,gig_worker,tabddpm_synthetic,,['en'],ATO,2024-05-15T04:46:00+00:00,421.27,0.0,30,4,0,Monday,90,1,0,ATO,en,Bank debit card,0
b070e47b-a15e-4f84-b9b2-f7ef2240da7f,synth_f69d5bcda7c0,gig_worker,tabddpm_synthetic,,['en'],ATO,2024-08-29T23:58:00+00:00,5.0,0.0,45,23,6,Sunday,0,1,100,ATO,en,Bank debit card,1
c3272b0f-aa1a-4e63-aed5-4ccca03fadf6,synth_87dd7e4e52dc,gig_worker,tabddpm_synthetic,,['en'],ATO,2024-06-22T00:55:00+00:00,427.53,0.0,45,0,0,Monday,90,1,0,ATO,en,Bank debit card,0
3a0281a0-8765-4da6-9d33-616fb9d83d99,synth_62988b1bb520,gig_worker,tabddpm_synthetic,,['en'],ATO,2024-04-26T23:53:00+00:00,4487.04,389.12,18,23,5,Saturday,83,1,18,ATO,en,Bank debit card,0
3b5d1fc3-2c65-4855-9fc6-243445b47f09,synth_de6a3434d1fe,gig_worker,tabddpm_synthetic,,['en'],ATO,2024-11-14T23:48:00+00:00,6000.0,3000.0,45,23,0,Monday,52,1,100,ATO,en,Bank debit card,0
5a294ba8-7e64-41d7-9a8a-21282428e41e,synth_97abc1e28563,gig_worker,tabddpm_synthetic,,['en'],ATO,2024-03-15T23:47:00+00:00,6000.0,3000.0,45,23,0,Monday,90,2000,100,ATO,en,Bank debit card,0
6b077631-b8f2-409e-9845-3f3c97b02efc,synth_5d1b5155da63,gig_worker,tabddpm_synthetic,,['en'],ATO,2024-08-02T00:23:00+00:00,171.0,0.0,45,0,0,Monday,90,1,0,ATO,en,Bank debit card,0
4cdf65a1-6a56-45c4-b240-f0fc75d27cfc,synth_fc9159260ebd,gig_worker,tabddpm_synthetic,,['en'],ATO,2024-04-03T13:31:00+00:00,252.88,4.56,28,13,1,Tuesday,73,1,4,ATO,en,Bank debit card,0
249ca7ed-f11e-4603-b838-c7e654fe886b,synth_d44dcef5a753,gig_worker,tabddpm_synthetic,,['en'],ATO,2024-03-25T23:30:00+00:00,5.0,0.0,45,23,6,Sunday,4,1,61,ATO,en,Bank debit card,1
3058067b-ce70-475f-9169-8938cfafcc83,synth_f001349bc99b,gig_worker,tabddpm_synthetic,,['en'],ATO,2024-01-15T23:52:00+00:00,6000.0,926.38,45,23,0,Monday,1,1963,28,ATO,en,Bank debit card,0
37185df5-2557-419e-ad89-98a93662d231,synth_5ffd1b48f074,gig_worker,tabddpm_synthetic,,['en'],ATO,2024-04-26T10:49:00+00:00,31.06,9.4,23,10,5,Saturday,15,950,1,ATO,en,Bank debit card,0
491b59e5-a39f-476a-a955-45a58e624003,synth_9fea47560f4b,gig_worker,tabddpm_synthetic,,['en'],ATO,2024-07-07T08:39:00+00:00,296.18,0.0,31,8,3,Thursday,90,1,1,ATO,en,Bank debit card,0
109eb974-4b6b-4ba3-a9be-9b80988dd8b5,synth_964d73ad87b9,gig_worker,tabddpm_synthetic,,['en'],ATO,2024-04-19T07:02:00+00:00,315.65,0.58,45,7,0,Monday,90,1,0,ATO,en,Bank debit card,0
2a96ab5e-9ea0-4340-b81b-39a0c7622b10,synth_e556ca47f066,gig_worker,tabddpm_synthetic,,['en'],ATO,2024-09-27T23:00:00+00:00,1891.45,85.47,45,23,0,Monday,18,1,51,ATO,en,Bank debit card,1
469a264f-9750-468a-a357-7744b8189c2b,synth_c4c42f181ab2,gig_worker,tabddpm_synthetic,,['en'],ATO,2024-01-08T23:31:00+00:00,6000.0,3000.0,45,23,0,Monday,90,2000,100,ATO,en,Bank debit card,0
394e045c-21b6-4f76-be07-047ff1089d72,synth_6f964f5dd60f,gig_worker,tabddpm_synthetic,,['en'],ATO,2024-05-08T13:12:00+00:00,5.0,0.0,39,13,4,Friday,44,512,4,ATO,en,Bank debit card,0
5eb90133-052f-40d4-8463-f6fbca0cb6cf,synth_8bc066d61dca,gig_worker,tabddpm_synthetic,,['en'],ATO,2024-03-01T23:47:00+00:00,5.0,0.0,45,23,6,Sunday,8,577,34,ATO,en,Bank debit card,0
380e9ee1-6bac-4f12-9945-a3ac38b7cb5b,synth_ed5204f082d0,gig_worker,tabddpm_synthetic,,['en'],ATO,2024-05-16T23:10:00+00:00,6000.0,3000.0,45,23,0,Monday,90,1,100,ATO,en,Bank debit card,0
10a506f6-4abd-4520-8dcb-67e1a22819a4,synth_1820f79e718d,gig_worker,tabddpm_synthetic,,['en'],ATO,2024-10-31T20:34:00+00:00,5.0,0.0,41,20,6,Sunday,1,531,12,ATO,en,Bank debit card,0
a71b68c4-3cfe-4500-b0dc-6d1fbfc540bb,synth_da9d7c2118a0,gig_worker,tabddpm_synthetic,,['en'],ATO,2024-04-10T02:35:00+00:00,76.53,0.0,45,2,5,Saturday,7,446,0,ATO,en,Bank debit card,0
364da099-ceb0-4186-9e0a-acc90131c3fe,synth_4f673b42219c,gig_worker,tabddpm_synthetic,,['en'],ATO,2024-11-07T21:44:00+00:00,177.49,12.81,37,21,3,Thursday,90,1,0,ATO,en,Bank debit card,0
27c9102c-ff08-43b9-8655-60b08c4b122a,synth_42b5876207fb,gig_worker,tabddpm_synthetic,,['en'],ATO,2024-07-15T11:05:00+00:00,196.26,9.18,38,11,1,Tuesday,84,1,0,ATO,en,Bank debit card,0
a4428560-a65f-414c-a6e4-ef209a35a643,synth_ef395df908e7,gig_worker,tabddpm_synthetic,,['en'],ATO,2024-01-29T09:58:00+00:00,177.77,33.21,45,9,3,Thursday,2,998,16,ATO,en,Bank debit card,0
f3f0e045-d9d8-47bc-9b36-c8cf02680c58,synth_fa7511fad73b,gig_worker,tabddpm_synthetic,,['en'],ATO,2024-10-20T23:37:00+00:00,6000.0,3000.0,45,23,0,Monday,0,1,100,ATO,en,Bank debit card,1
b616d06b-5708-4fb4-b92c-8eff53a0848b,synth_cdc3dd8e3106,gig_worker,tabddpm_synthetic,,['en'],ATO,2024-12-19T23:19:00+00:00,6000.0,531.01,45,23,5,Saturday,9,1,100,ATO,en,Bank debit card,1
a144f8b8-a8d3-4522-8320-7783ab507f44,synth_d60fa5968176,gig_worker,tabddpm_synthetic,,['en'],ATO,2024-04-11T23:03:00+00:00,2152.87,126.77,45,23,0,Monday,2,1,59,ATO,en,Bank debit card,1
3f26af9e-39eb-4813-b43b-08633658c265,synth_bb576e5ae5c3,gig_worker,tabddpm_synthetic,,['en'],ATO,2024-06-20T23:04:00+00:00,6000.0,1498.52,45,23,0,Monday,30,589,67,ATO,en,Bank debit card,0
14169216-9400-4b2c-8b2b-577866c213dd,synth_56bda37d92cc,gig_worker,tabddpm_synthetic,,['en'],ATO,2024-07-26T23:03:00+00:00,6000.0,3000.0,45,23,0,Monday,42,1,100,ATO,en,Bank debit card,1
869db834-0e33-437f-8223-7a0128775503,synth_bf832216eeb7,gig_worker,tabddpm_synthetic,,['en'],ATO,2024-06-18T23:02:00+00:00,6000.0,3000.0,45,23,0,Monday,0,1,100,ATO,en,Bank debit card,1
09629b7c-4e9f-42a2-9c78-8d39eda8106b,synth_d5be09a501f9,gig_worker,tabddpm_synthetic,,['en'],ATO,2024-06-10T16:15:00+00:00,267.69,26.61,18,16,0,Monday,8,1637,9,ATO,en,Bank debit card,0
cab040f7-4d01-420f-9eb8-66166a71e348,synth_a1f4063d6ec9,gig_worker,tabddpm_synthetic,,['en'],ATO,2024-01-25T08:50:00+00:00,16.87,7.59,30,8,4,Friday,3,307,11,ATO,en,Bank debit card,0
feabd0c1-b5be-4efe-b437-680b8113b19d,synth_b0576aafbd48,gig_worker,tabddpm_synthetic,,['en'],ATO,2024-05-24T14:49:00+00:00,285.51,0.0,39,14,0,Monday,90,1,8,ATO,en,Bank debit card,0
a79daab4-18e0-4172-9001-dfb19a65063b,synth_847b13921b9b,gig_worker,tabddpm_synthetic,,['en'],ATO,2024-12-07T23:05:00+00:00,536.17,46.63,40,23,6,Sunday,0,1,74,ATO,en,Bank debit card,1
c743635e-ca61-476f-923b-ff9c5712d441,synth_20ebc19cfeac,gig_worker,tabddpm_synthetic,,['en'],ATO,2024-02-09T06:48:00+00:00,5.0,0.0,38,6,6,Sunday,5,40,0,ATO,en,Bank debit card,0
a6404508-84de-4523-a99e-747b398bf03f,synth_2738cd17981b,gig_worker,tabddpm_synthetic,,['en'],ATO,2024-03-15T20:06:00+00:00,39.45,2.68,34,20,1,Tuesday,15,638,7,ATO,en,Bank debit card,0
f794f250-922a-427a-becd-2309ea43026c,synth_80327db575f1,gig_worker,tabddpm_synthetic,,['en'],ATO,2024-03-17T23:38:00+00:00,6000.0,440.59,41,23,0,Monday,16,1724,28,ATO,en,Bank debit card,0
060e177c-2140-4be3-8ef2-dd19b267cdac,synth_d2ed5edd0190,gig_worker,tabddpm_synthetic,,['en'],ATO,2024-09-25T14:43:00+00:00,94.24,7.75,33,14,4,Friday,1,630,11,ATO,en,Bank debit card,0
3e74a348-5f60-456c-86a5-3060bda918d9,synth_2c157a918d6f,gig_worker,tabddpm_synthetic,,['en'],ATO,2024-12-02T00:28:00+00:00,741.47,0.0,27,0,0,Monday,90,1,0,ATO,en,Bank debit card,0
506e2a2f-9ec2-4fc9-a054-a210df064256,synth_a7ddd72ed8fc,gig_worker,tabddpm_synthetic,,['en'],ATO,2024-08-14T23:29:00+00:00,5.0,0.0,45,23,2,Wednesday,90,1490,6,ATO,en,Bank debit card,0
d7ed871a-31ce-4479-bd48-a9becd27f1e0,synth_0611313d52e5,gig_worker,tabddpm_synthetic,,['en'],ATO,2024-07-31T08:39:00+00:00,300.81,5.14,22,8,4,Friday,3,2000,5,ATO,en,Bank debit card,0
dc0fb4be-533c-46fe-b0c5-06c6944e5d75,synth_fcd333e5722f,gig_worker,tabddpm_synthetic,,['en'],ATO,2024-02-27T23:40:00+00:00,5.0,0.0,44,23,6,Sunday,0,1,67,ATO,en,Bank debit card,1
a264ed63-38d0-4a8e-b092-7d4193cc85ea,synth_cf3f9937d71b,gig_worker,tabddpm_synthetic,,['en'],ATO,2024-08-31T05:25:00+00:00,7.51,7.34,45,5,6,Sunday,3,1,10,ATO,en,Bank debit card,0
a1e6add2-7946-4f3d-a030-9dea11037075,synth_4969ef27a2a2,gig_worker,tabddpm_synthetic,,['en'],ATO,2024-08-07T20:48:00+00:00,5.0,0.0,28,20,3,Thursday,90,12,0,ATO,en,Bank debit card,0
f780f1d8-6a37-4cf9-b186-d0d65a9ab22e,synth_49fdfcb25c18,gig_worker,tabddpm_synthetic,,['en'],ATO,2024-03-03T23:09:00+00:00,320.67,36.94,33,23,2,Wednesday,2,226,10,ATO,en,Bank debit card,0
6c9516e3-11fb-49fd-8803-5c8fe10c0c72,synth_a8907afb9ab7,gig_worker,tabddpm_synthetic,,['en'],ATO,2024-08-19T23:43:00+00:00,1718.07,53.2,45,23,0,Monday,2,1,60,ATO,en,Bank debit card,1
d4cc91c3-1fe5-4bd3-aaab-ea250f3c7cf6,synth_82ae8ce03248,gig_worker,tabddpm_synthetic,,['en'],ATO,2024-10-03T12:43:00+00:00,272.75,14.75,41,12,6,Sunday,39,196,0,ATO,en,Bank debit card,0
8e1a1044-7685-4f55-95dc-8f99b5cee8ca,synth_8c8d284cfbb7,gig_worker,tabddpm_synthetic,,['en'],ATO,2024-05-19T00:16:00+00:00,173.21,12.74,43,0,4,Friday,5,1,11,ATO,en,Bank debit card,0
37a2758c-226d-49ef-83bd-a2da48eea99d,synth_efa8b736b914,gig_worker,tabddpm_synthetic,,['en'],ATO,2024-02-18T08:16:00+00:00,109.04,6.98,41,8,3,Thursday,6,1,9,ATO,en,Bank debit card,0
1952167f-7b62-48ca-b04e-2f6770bcb5cb,synth_170c8468512f,gig_worker,tabddpm_synthetic,,['en'],ATO,2024-06-25T23:42:00+00:00,5.0,0.0,45,23,6,Sunday,0,1,100,ATO,en,Bank debit card,1
68439507-76e4-4347-95a3-3bf1e7c16ec3,synth_dd556b9eead6,gig_worker,tabddpm_synthetic,,['en'],ATO,2024-11-14T23:12:00+00:00,6000.0,3000.0,45,23,0,Monday,15,2000,100,ATO,en,Bank debit card,0
538e9caa-6456-4b21-a4ee-5c2dda00bb51,synth_16e425af5f37,gig_worker,tabddpm_synthetic,,['en'],ATO,2024-10-20T07:25:00+00:00,52.1,0.0,45,7,0,Monday,90,1,2,ATO,en,Bank debit card,0
55af08ad-6dc4-41aa-96a4-eec0e8a2e670,synth_f7d86b4cfed5,gig_worker,tabddpm_synthetic,,['en'],ATO,2024-11-22T00:32:00+00:00,834.14,28.97,37,0,0,Monday,90,1,11,ATO,en,Bank debit card,1
941c6557-736c-4608-a500-5187d0648a56,synth_29de66301e25,gig_worker,tabddpm_synthetic,,['en'],ATO,2024-02-20T23:15:00+00:00,6000.0,3000.0,45,23,3,Thursday,0,2000,100,ATO,en,Bank debit card,0
1f464d5e-f341-4f71-bd91-a19bfa1a735d,synth_a4f411ec8743,gig_worker,tabddpm_synthetic,,['en'],ATO,2024-02-25T23:59:00+00:00,6000.0,3000.0,45,23,0,Monday,0,1,100,ATO,en,Bank debit card,0
65a46058-38ea-4dc4-8b81-2313fe87ac3d,synth_e589513541aa,gig_worker,tabddpm_synthetic,,['en'],ATO,2024-03-13T23:07:00+00:00,6000.0,3000.0,45,23,0,Monday,90,1,100,ATO,en,Bank debit card,0
e66d84b4-29ac-42d0-a991-2504281beb71,synth_87a7d8e2f624,gig_worker,tabddpm_synthetic,,['en'],ATO,2024-07-06T08:05:00+00:00,10.69,0.0,41,8,3,Thursday,10,1796,4,ATO,en,Bank debit card,0
1df4f38c-2d01-460d-92c7-6ed04d8dea2a,synth_006e86b68e68,gig_worker,tabddpm_synthetic,,['en'],ATO,2024-03-29T17:26:00+00:00,5.0,0.0,43,17,6,Sunday,30,1,0,ATO,en,Bank debit card,0
0224260f-4864-4cb2-ae2f-40854566d087,synth_8903ef66af6e,gig_worker,tabddpm_synthetic,,['en'],ATO,2024-02-14T23:13:00+00:00,5467.43,171.47,45,23,0,Monday,26,1,58,ATO,en,Bank debit card,1
b2f0d02b-570d-4b53-a8a7-1ba9180737a5,synth_616855a9066b,gig_worker,tabddpm_synthetic,,['en'],ATO,2024-09-06T11:04:00+00:00,108.83,12.82,28,11,4,Friday,5,258,6,ATO,en,Bank debit card,0
5d853b1b-a244-4896-b54e-d35624bb5c00,synth_8b8ff118be23,gig_worker,tabddpm_synthetic,,['en'],ATO,2024-01-24T23:54:00+00:00,5.0,0.0,45,23,1,Tuesday,65,740,13,ATO,en,Bank debit card,0
19ccddb2-fa4c-42cb-ab19-b7e34e6182b6,synth_5296c67356b5,gig_worker,tabddpm_synthetic,,['en'],ATO,2024-01-29T23:09:00+00:00,6000.0,2618.42,45,23,0,Monday,0,2000,88,ATO,en,Bank debit card,0
a335e9db-648f-429b-80ef-2a3ad3f32a45,synth_9837f678c538,gig_worker,tabddpm_synthetic,,['en'],ATO,2024-08-22T02:31:00+00:00,109.21,28.89,45,2,0,Monday,0,228,24,ATO,en,Bank debit card,1
c90fc829-6172-46a8-85be-acc9630641cd,synth_62be4f594129,gig_worker,tabddpm_synthetic,,['en'],ATO,2024-03-20T23:46:00+00:00,6000.0,3000.0,45,23,0,Monday,90,2000,100,ATO,en,Bank debit card,0
ef9d6b0e-bbb3-41a2-ad1a-a24929115531,synth_da6414df4ee1,gig_worker,tabddpm_synthetic,,['en'],ATO,2024-04-23T13:16:00+00:00,5.0,0.0,23,13,3,Thursday,7,1917,2,ATO,en,Bank debit card,0
272abdd5-0016-4d1f-93bf-910596ea08c4,synth_5d16c0d37e5d,gig_worker,tabddpm_synthetic,,['en'],ATO,2024-10-16T23:25:00+00:00,6000.0,3000.0,45,23,0,Monday,90,2000,100,ATO,en,Bank debit card,0
d222da73-be3f-4be9-9752-4f58c0304686,synth_ad111cb23b40,gig_worker,tabddpm_synthetic,,['en'],ATO,2024-05-24T03:32:00+00:00,324.06,16.77,28,3,0,Monday,0,1493,8,ATO,en,Bank debit card,0
04de223d-a985-4ca2-b7e6-711f7e7362f0,synth_4756265cf29a,gig_worker,tabddpm_synthetic,,['en'],ATO,2024-01-13T07:03:00+00:00,37.79,7.76,24,7,5,Saturday,3,1760,4,ATO,en,Bank debit card,0
c59c3e76-8f09-4884-892c-cfcfb81f84da,synth_e4d1f5d3f784,gig_worker,tabddpm_synthetic,,['en'],ATO,2024-01-30T12:17:00+00:00,474.87,54.06,45,12,0,Monday,5,1323,9,ATO,en,Bank debit card,0
9283b6e0-8557-47d5-b164-b6c0da0e13bc,synth_850edb7f7ab7,gig_worker,tabddpm_synthetic,,['en'],ATO,2024-08-22T11:41:00+00:00,179.51,8.22,42,11,4,Friday,20,2000,4,ATO,en,Bank debit card,0
dd4d34b8-a7b5-4c16-a69e-e3c777b517c5,synth_460db05d2857,gig_worker,tabddpm_synthetic,,['en'],ATO,2024-06-15T23:43:00+00:00,6000.0,3000.0,45,23,0,Monday,0,2000,100,ATO,en,Bank debit card,0
3609e21b-a01e-4f7f-8f80-72789894b9d4,synth_e927967d0034,gig_worker,tabddpm_synthetic,,['en'],ATO,2024-03-08T23:33:00+00:00,5.0,0.0,39,23,6,Sunday,0,1,88,ATO,en,Bank debit card,1
5d15f970-7455-4e3e-ab05-6b31539d4928,synth_607070a5e5f8,gig_worker,tabddpm_synthetic,,['en'],ATO,2024-04-24T23:31:00+00:00,6000.0,3000.0,45,23,0,Monday,90,2000,100,ATO,en,Bank debit card,0
05aa67b7-f704-4d2c-b8d5-db478091e7c8,synth_7547ae1c1229,gig_worker,tabddpm_synthetic,,['en'],ATO,2024-03-28T15:57:00+00:00,152.43,7.57,45,15,6,Sunday,9,1211,0,ATO,en,Bank debit card,0
66453ce5-1477-4a2c-900e-20f244975d8b,synth_7208bb4a67a3,gig_worker,tabddpm_synthetic,,['en'],ATO,2024-01-28T23:51:00+00:00,11.31,25.04,32,23,6,Sunday,0,1,6,ATO,en,Bank debit card,0
c9332e98-8690-4fa7-9bb3-00b5d3289352,synth_f9bc568f4eba,gig_worker,tabddpm_synthetic,,['en'],ATO,2024-05-21T08:41:00+00:00,285.05,0.0,45,8,1,Tuesday,90,1,0,ATO,en,Bank debit card,0
3c08777e-c4f1-4809-b8a0-1a1d1a942c59,synth_bc6ad81443c8,gig_worker,tabddpm_synthetic,,['en'],ATO,2024-01-17T23:52:00+00:00,6000.0,3000.0,45,23,0,Monday,27,2000,100,ATO,en,Bank debit card,0
b549439f-e426-4d51-b222-2479950476cb,synth_ca1bdc6e7910,gig_worker,tabddpm_synthetic,,['en'],ATO,2024-09-07T23:53:00+00:00,6000.0,3000.0,45,23,0,Monday,51,2000,100,ATO,en,Bank debit card,0
3648da2c-ec0b-4681-bcf4-7b6ef8fc4a40,synth_3829e14795c9,gig_worker,tabddpm_synthetic,,['en'],ATO,2024-11-10T18:09:00+00:00,306.8,0.0,45,18,0,Monday,90,1,0,ATO,en,Bank debit card,0
6ba6afae-55a2-403a-8117-c0ebef17cc73,synth_ae01cab157b6,gig_worker,tabddpm_synthetic,,['en'],ATO,2024-12-11T23:29:00+00:00,6000.0,3000.0,45,23,0,Monday,45,2000,100,ATO,en,Bank debit card,0
77db1f2f-252a-407d-8194-8e0009e2115e,synth_03abd2edee6d,gig_worker,tabddpm_synthetic,,['en'],ATO,2024-03-01T07:04:00+00:00,132.19,10.09,37,7,5,Saturday,0,241,10,ATO,en,Bank debit card,0
e0cf1b88-b153-4cae-b966-6c8078298e6e,synth_9c5fcb18cb60,gig_worker,tabddpm_synthetic,,['en'],ATO,2024-10-05T09:26:00+00:00,5.0,14.08,18,9,0,Monday,7,1187,6,ATO,en,Bank debit card,0
3a1e0f65-35a3-4aa6-b836-172a71275897,synth_ebd0565547c1,gig_worker,tabddpm_synthetic,,['en'],ATO,2024-03-04T15:23:00+00:00,71.65,16.41,26,15,5,Saturday,6,1342,10,ATO,en,Bank debit card,0
b51e956f-add4-4dc6-ae67-100ef572d1c8,synth_c6b2634640b6,gig_worker,tabddpm_synthetic,,['en'],ATO,2024-03-01T23:38:00+00:00,5.0,0.0,42,23,6,Sunday,0,1,51,ATO,en,Bank debit card,0
8d1c3c70-396e-4e60-adb4-b468f3c2933a,synth_814bb34abdd7,gig_worker,tabddpm_synthetic,,['en'],ATO,2024-07-20T23:00:00+00:00,6000.0,3000.0,45,23,0,Monday,0,344,100,ATO,en,Bank debit card,0
3e562528-e055-40fd-97a3-5335476003a6,synth_3ef5471ec92e,gig_worker,tabddpm_synthetic,,['en'],ATO,2024-02-24T00:50:00+00:00,173.41,0.0,38,0,0,Monday,90,1,0,ATO,en,Bank debit card,0
0bfdb138-5774-4096-822e-e3b10d7db629,synth_7b3649784cd6,gig_worker,tabddpm_synthetic,,['en'],ATO,2024-12-02T23:54:00+00:00,1869.34,42.64,45,23,1,Tuesday,2,1,87,ATO,en,Bank debit card,1
ed78d936-9ad6-4736-84a7-077067bc3cc3,synth_18e2b6410424,gig_worker,tabddpm_synthetic,,['en'],ATO,2024-07-05T23:37:00+00:00,46.83,9.77,39,23,5,Saturday,0,304,32,ATO,en,Bank debit card,0
5c957f0f-ebb4-4f91-9418-a5a7b3d00759,synth_305f8a2188e7,gig_worker,tabddpm_synthetic,,['en'],ATO,2024-01-11T23:41:00+00:00,5.0,0.0,45,23,6,Sunday,1,1,100,ATO,en,Bank debit card,0
f845eb22-70e7-4d2a-b3df-b2ab2325a2a0,synth_dfb0c9cfe70c,gig_worker,tabddpm_synthetic,,['en'],ATO,2024-01-19T23:21:00+00:00,5.0,0.0,45,23,6,Sunday,0,1,100,ATO,en,Bank debit card,1
ed3d6791-f367-42c3-9800-301534f98270,synth_dfde84b93010,gig_worker,tabddpm_synthetic,,['en'],ATO,2024-02-14T23:40:00+00:00,6000.0,3000.0,45,23,0,Monday,17,2000,100,ATO,en,Bank debit card,0
9f66e033-8011-47f1-a8b8-b7e477c6c47b,synth_fbaab938c6a3,gig_worker,tabddpm_synthetic,,['en'],ATO,2024-05-17T05:54:00+00:00,235.73,12.58,32,5,0,Monday,34,595,7,ATO,en,Bank debit card,0
9c74d4ae-14c8-4d4b-9a9b-f32e55df2f23,synth_cc8507afecc1,gig_worker,tabddpm_synthetic,,['en'],ATO,2024-07-26T13:42:00+00:00,5.0,0.0,45,13,0,Monday,67,1,0,ATO,en,Bank debit card,0
818df946-0bff-4ca8-812b-4aff698dbaf1,synth_2360ef5270c7,gig_worker,tabddpm_synthetic,,['en'],ATO,2024-10-15T17:37:00+00:00,46.55,3.79,35,17,3,Thursday,2,1029,12,ATO,en,Bank debit card,0
6d2e20a7-f753-460e-bbce-c46e09bbd357,synth_8721ae2108c2,gig_worker,tabddpm_synthetic,,['en'],ATO,2024-02-09T23:37:00+00:00,441.17,24.67,18,23,0,Monday,43,1,0,ATO,en,Bank debit card,0
eddeabf5-3186-491d-9e9a-16b5d1c78e9d,synth_7a60c7de1802,gig_worker,tabddpm_synthetic,,['en'],ATO,2024-06-17T02:06:00+00:00,237.19,15.15,45,2,5,Saturday,6,1,10,ATO,en,Bank debit card,0
2c5aa406-0a96-4117-b1ef-a5623d5d5106,synth_d7e1300d565c,gig_worker,tabddpm_synthetic,,['en'],ATO,2024-10-29T12:30:00+00:00,229.82,0.0,41,12,0,Monday,90,1,0,ATO,en,Bank debit card,0
53fa303e-e6c2-47a0-89b5-6b910ee8da21,synth_76e9c70ac7d9,gig_worker,tabddpm_synthetic,,['en'],ATO,2024-04-09T23:23:00+00:00,6000.0,3000.0,45,23,0,Monday,48,1,100,ATO,en,Bank debit card,0
bef4c6b4-cdd1-4b97-b06d-6700ea7d25d0,synth_0a668740e3f3,gig_worker,tabddpm_synthetic,,['en'],ATO,2024-07-11T23:13:00+00:00,6000.0,3000.0,45,23,0,Monday,33,1284,100,ATO,en,Bank debit card,0
ef124569-0287-4f17-9e9e-3a7558f5b471,synth_70af868e5523,gig_worker,tabddpm_synthetic,,['en'],ATO,2024-04-12T11:12:00+00:00,68.06,11.93,29,11,3,Thursday,24,1,2,ATO,en,Bank debit card,0
21caaa41-9f1c-4f1f-ae4b-cf3323425410,synth_41025454e7b0,gig_worker,tabddpm_synthetic,,['en'],ATO,2024-01-31T23:17:00+00:00,6000.0,3000.0,45,23,0,Monday,0,1,100,ATO,en,Bank debit card,0
8012de7f-7726-4971-8f09-1738910a32da,synth_4ab4a5e552cf,gig_worker,tabddpm_synthetic,,['en'],ATO,2024-10-25T23:53:00+00:00,5.0,0.0,45,23,6,Sunday,0,1,100,ATO,en,Bank debit card,1
3aa91545-6577-4a69-a830-57a65a3f36d9,synth_c7a305ba25ee,gig_worker,tabddpm_synthetic,,['en'],ATO,2024-04-17T15:04:00+00:00,5.0,0.0,40,15,6,Sunday,40,45,4,ATO,en,Bank debit card,0
403d4db9-4d8d-4c5f-bcaa-1a08250a34ff,synth_bd22b9b1f35b,gig_worker,tabddpm_synthetic,,['en'],ATO,2024-08-27T16:45:00+00:00,1117.38,16.48,18,16,1,Tuesday,4,1,10,ATO,en,Bank debit card,0
1e46ed72-c72f-44e6-878c-d17a057df8ed,synth_4fd137a55f65,gig_worker,tabddpm_synthetic,,['en'],ATO,2024-03-02T00:46:00+00:00,44.74,0.0,45,0,0,Monday,90,1,0,ATO,en,Bank debit card,0
91f0e376-a133-44ea-990f-866c30224af1,synth_67185e269233,gig_worker,tabddpm_synthetic,,['en'],ATO,2024-10-18T17:13:00+00:00,5.0,0.0,39,17,5,Saturday,11,1,0,ATO,en,Bank debit card,0
b6eead48-61e0-44a4-9a40-66eff9730ad4,synth_90446833aab8,gig_worker,tabddpm_synthetic,,['en'],ATO,2024-02-02T23:38:00+00:00,5.0,0.0,19,23,6,Sunday,0,1,60,ATO,en,Bank debit card,0
40e8f389-cb23-4885-a34a-9d7b94952df9,synth_114589cece8f,gig_worker,tabddpm_synthetic,,['en'],ATO,2024-06-03T23:07:00+00:00,1165.55,56.04,25,23,4,Friday,19,714,10,ATO,en,Bank debit card,0
776c8508-00a1-4f58-aae2-8e30d68bcfb8,synth_48f99800ac27,gig_worker,tabddpm_synthetic,,['en'],ATO,2024-08-04T20:57:00+00:00,5.0,0.01,42,20,2,Wednesday,31,1362,9,ATO,en,Bank debit card,0
f8dc4764-9d54-43ca-a2ad-17d46d306afb,synth_851c4d967ba2,gig_worker,tabddpm_synthetic,,['en'],ATO,2024-10-16T08:26:00+00:00,681.16,14.37,18,8,0,Monday,90,1,3,ATO,en,Bank debit card,0
eee9d4ce-8cd8-475b-9934-8a659ad19aa9,synth_21171afc5abb,gig_worker,tabddpm_synthetic,,['en'],ATO,2024-02-05T08:08:00+00:00,83.02,7.33,44,8,6,Sunday,20,1,1,ATO,en,Bank debit card,0
eb1e353a-0b94-430e-8a52-7527e2cf1f3b,synth_ee169d70ae76,gig_worker,tabddpm_synthetic,,['en'],ATO,2024-06-20T23:16:00+00:00,6000.0,3000.0,45,23,0,Monday,90,2000,100,ATO,en,Bank debit card,0
2dd03a7c-d046-4864-83a6-371731bf733d,synth_2cb720d19b06,gig_worker,tabddpm_synthetic,,['en'],ATO,2024-09-10T11:19:00+00:00,5.0,4.68,43,11,2,Wednesday,12,1024,6,ATO,en,Bank debit card,0
348a3189-e539-4d53-8084-b7df5e93627f,synth_b4f52e83fd10,gig_worker,tabddpm_synthetic,,['en'],ATO,2024-05-07T18:44:00+00:00,102.64,15.81,40,18,2,Wednesday,0,2000,18,ATO,en,Bank debit card,0
fc61b96e-721f-41d0-94c7-e71161e6ffbf,synth_b83a96663bf6,gig_worker,tabddpm_synthetic,,['en'],ATO,2024-06-28T09:22:00+00:00,5.0,0.0,45,9,4,Friday,84,1,0,ATO,en,Bank debit card,0
b778ff6e-d125-4338-b97b-9e384347fcca,synth_34846138fd02,gig_worker,tabddpm_synthetic,,['en'],ATO,2024-04-01T11:15:00+00:00,331.94,14.73,33,11,0,Monday,82,371,5,ATO,en,Bank debit card,0
b2acc1e8-db36-4895-b1fe-74b81474912c,synth_7bb8a4017f58,gig_worker,tabddpm_synthetic,,['en'],ATO,2024-03-28T15:03:00+00:00,5.0,0.0,43,15,6,Sunday,1,932,0,ATO,en,Bank debit card,0
192791c3-7c20-4d29-8359-7f7055154e29,synth_54faf6f97425,gig_worker,tabddpm_synthetic,,['en'],ATO,2024-09-23T07:08:00+00:00,61.65,15.2,45,7,0,Monday,0,735,19,ATO,en,Bank debit card,1
b0760885-8279-4c24-bb65-beb3c49e7f0e,synth_7d3ab45b0319,gig_worker,tabddpm_synthetic,,['en'],ATO,2024-04-11T01:35:00+00:00,163.32,7.15,40,1,4,Friday,5,1,13,ATO,en,Bank debit card,0
a1df6413-6df5-40f9-92d0-8d67f73630a3,synth_1afe944cb072,gig_worker,tabddpm_synthetic,,['en'],ATO,2024-07-09T10:20:00+00:00,10.21,0.0,22,10,0,Monday,0,1617,1,ATO,en,Bank debit card,0
eeb5cc9a-da40-42a8-8789-e6890ee71088,synth_4b76344c3882,gig_worker,tabddpm_synthetic,,['en'],ATO,2024-02-08T23:47:00+00:00,6000.0,3000.0,45,23,0,Monday,90,2000,100,ATO,en,Bank debit card,0
117ddac5-71cb-45ce-9615-172e0b9d9498,synth_c96b79b07f87,gig_worker,tabddpm_synthetic,,['en'],ATO,2024-02-22T00:17:00+00:00,6000.0,3000.0,45,0,0,Monday,90,2000,100,ATO,en,Bank debit card,0
aea462b8-e3d5-454d-84a4-a5e95a5350f9,synth_08dd012eb54f,gig_worker,tabddpm_synthetic,,['en'],ATO,2024-05-22T14:48:00+00:00,75.41,6.73,45,14,1,Tuesday,62,92,6,ATO,en,Bank debit card,0
429bf7e6-fb41-45ee-b24d-914b14de6469,synth_6b2f6f461b0c,gig_worker,tabddpm_synthetic,,['en'],ATO,2024-03-27T23:53:00+00:00,5.0,0.0,44,23,6,Sunday,3,1,32,ATO,en,Bank debit card,0
880905a3-690a-4daa-b1c9-75dfbbb99ae7,synth_932c4ee3ff5c,gig_worker,tabddpm_synthetic,,['en'],ATO,2024-08-08T12:54:00+00:00,41.15,0.0,44,12,1,Tuesday,39,888,2,ATO,en,Bank debit card,0
a9445ec0-f49b-4a6e-b9bc-6bebad011ff9,synth_ec830591cf0c,gig_worker,tabddpm_synthetic,,['en'],ATO,2024-02-29T23:31:00+00:00,451.96,12.11,45,23,6,Sunday,1,1,68,ATO,en,Bank debit card,1
12d5f897-38fe-4a35-938c-e1023c5d9904,synth_df91b4e91b73,gig_worker,tabddpm_synthetic,,['en'],ATO,2024-03-28T23:03:00+00:00,6000.0,3000.0,45,23,0,Monday,0,2000,100,ATO,en,Bank debit card,0
0d716a9f-782b-4c19-88fe-7a9b22763fa1,synth_d74f29d3afed,gig_worker,tabddpm_synthetic,,['en'],ATO,2024-04-23T12:48:00+00:00,281.99,0.0,45,12,0,Monday,90,1,0,ATO,en,Bank debit card,0
03d7684c-4705-40a5-a092-489ca6705530,synth_dc5fc35eeb80,gig_worker,tabddpm_synthetic,,['en'],ATO,2024-04-25T23:31:00+00:00,6000.0,3000.0,45,23,0,Monday,90,2000,100,ATO,en,Bank debit card,0
58c83c87-7864-43ca-9a77-dea4ff41d7ad,synth_21318c8d226f,gig_worker,tabddpm_synthetic,,['en'],ATO,2024-08-01T23:00:00+00:00,5.0,9.24,45,23,6,Sunday,0,1,100,ATO,en,Bank debit card,1
6f863d66-1a82-451d-ba15-e93c0c4616ea,synth_27d42664f0a2,gig_worker,tabddpm_synthetic,,['en'],ATO,2024-07-26T11:23:00+00:00,94.5,0.0,45,11,3,Thursday,90,1,0,ATO,en,Bank debit card,0
f4b79a19-124e-47cf-81e5-2e8b302ad66e,synth_9bea70978fed,gig_worker,tabddpm_synthetic,,['en'],ATO,2024-08-13T00:52:00+00:00,5.0,0.0,45,0,2,Wednesday,90,1,0,ATO,en,Bank debit card,0
6f21e8b3-8648-4439-a406-0567e0fed10c,synth_d8fbdd64764a,gig_worker,tabddpm_synthetic,,['en'],ATO,2024-04-02T23:01:00+00:00,2398.43,68.62,45,23,0,Monday,37,1,8,ATO,en,Bank debit card,0
4059af77-b3a5-4f1e-9cad-2341e2bff7ac,synth_dd74c5519134,gig_worker,tabddpm_synthetic,,['en'],ATO,2024-04-12T11:42:00+00:00,5.0,2.55,45,11,5,Saturday,5,1307,0,ATO,en,Bank debit card,0
c515a443-10f2-4a69-9f25-51d74c6d8f91,synth_afef974cc68e,gig_worker,tabddpm_synthetic,,['en'],CashApp,2024-12-11T12:20:00+00:00,64.58,8.34,37,12,0,Monday,5,1668,8,CashApp,en,Bank debit card,0
84c49c0c-23e7-4438-9294-2540781a4d07,synth_416c3cee89a4,gig_worker,tabddpm_synthetic,,['en'],ATO,2024-03-18T23:18:00+00:00,6000.0,3000.0,45,23,0,Monday,0,2000,100,ATO,en,Bank debit card,0
8d199479-3931-4510-905a-ef287eb45831,synth_83b07d4a90d8,gig_worker,tabddpm_synthetic,,['en'],ATO,2024-04-11T08:34:00+00:00,5.0,3.34,35,8,0,Monday,40,875,2,ATO,en,Bank debit card,0
5587a103-59b5-40e7-afd2-912b5780df1a,synth_574745ead45f,gig_worker,tabddpm_synthetic,,['en'],ATO,2024-03-11T23:43:00+00:00,607.84,44.35,19,23,4,Friday,82,1,0,ATO,en,Bank debit card,0
22cd890e-7bf0-4e58-b19e-6cf2c0c3a307,synth_544f5a9806cb,gig_worker,tabddpm_synthetic,,['en'],ATO,2024-05-05T20:03:00+00:00,657.32,33.81,42,20,0,Monday,8,1,48,ATO,en,Bank debit card,1
bfe0eeb0-32a7-42ed-b697-e5de39bc22ad,synth_051380e8ef85,gig_worker,tabddpm_synthetic,,['en'],ATO,2024-07-01T02:03:00+00:00,166.22,11.25,35,2,3,Thursday,9,577,9,ATO,en,Bank debit card,0
67b11c00-b093-4d34-adca-ca3f07ea4bed,synth_18610d8b0ac0,gig_worker,tabddpm_synthetic,,['en'],ATO,2024-12-24T11:37:00+00:00,72.52,1.72,44,11,0,Monday,90,1,0,ATO,en,Bank debit card,0
5a0bd9a9-fc9d-424d-90f0-b7ce5a7ce570,synth_53619641e8c4,gig_worker,tabddpm_synthetic,,['en'],ATO,2024-06-10T13:35:00+00:00,95.75,9.38,21,13,5,Saturday,8,498,3,ATO,en,Bank debit card,0
b9f0fcc4-ee57-47a6-9f39-324de985bf0d,synth_95506a7d033f,gig_worker,tabddpm_synthetic,,['en'],ATO,2024-12-07T07:58:00+00:00,225.71,12.42,18,7,4,Friday,5,1289,11,ATO,en,Bank debit card,0
1a8b2f2d-f405-4dfb-9410-69689eb1f8c2,synth_3bf15b8678c2,gig_worker,tabddpm_synthetic,,['en'],ATO,2024-02-27T14:49:00+00:00,58.3,10.53,30,14,4,Friday,44,186,1,ATO,en,Bank debit card,0
bf16cc49-de43-4a80-8601-cc8fa5b255c8,synth_1a43f9327228,gig_worker,tabddpm_synthetic,,['en'],ATO,2024-11-14T00:50:00+00:00,458.23,0.0,45,0,0,Monday,90,1,0,ATO,en,Bank debit card,0
6651579f-6cb9-4217-9670-4e9faabce282,synth_ccf545ed1aa9,gig_worker,tabddpm_synthetic,,['en'],ATO,2024-01-16T08:48:00+00:00,232.93,12.54,35,8,0,Monday,36,306,9,ATO,en,Bank debit card,0
c3113035-5890-44f9-b83c-b293b0f87b23,synth_3e674bb607a0,gig_worker,tabddpm_synthetic,,['en'],ATO,2024-02-18T02:08:00+00:00,492.45,0.0,41,2,0,Monday,90,1,0,ATO,en,Bank debit card,0
a9fb8681-3500-44fe-8af4-4f1f60115b20,synth_41f2bf9e903b,gig_worker,tabddpm_synthetic,,['en'],ATO,2024-11-18T13:48:00+00:00,43.28,2.15,45,13,5,Saturday,42,1,1,ATO,en,Bank debit card,0
e22c4314-09aa-4432-98b5-d2f45ea73b84,synth_dbb85a368839,gig_worker,tabddpm_synthetic,,['en'],ATO,2024-07-12T23:31:00+00:00,6000.0,806.85,45,23,6,Sunday,4,1,55,ATO,en,Bank debit card,0
459b439d-e4bf-4afe-8530-367352bdc57b,synth_6177acac44bc,gig_worker,tabddpm_synthetic,,['en'],ATO,2024-03-10T08:47:00+00:00,8.69,1.66,18,8,2,Wednesday,5,1402,2,ATO,en,Bank debit card,0
2e257366-5ab7-4cfe-a482-27ccda7a08d9,synth_a671fb83eb3a,gig_worker,tabddpm_synthetic,,['en'],ATO,2024-04-28T07:01:00+00:00,283.96,12.37,45,7,0,Monday,5,1,40,ATO,en,Bank debit card,1
4f0fb9e3-af71-48df-b941-4c43cb02c7ae,synth_d345a8cb6ad5,gig_worker,tabddpm_synthetic,,['es'],ATO,2024-08-18T12:55:00+00:00,5.67,3.82,31,12,1,Tuesday,10,1973,9,ATO,es,Bank debit card,0
8d1ec485-4ac1-41c6-8529-c4f961ba9725,synth_0f2080542a28,gig_worker,tabddpm_synthetic,,['en'],ATO,2024-05-06T00:12:00+00:00,926.21,0.0,32,0,0,Monday,90,1,0,ATO,en,Bank debit card,0
fcf4719e-de67-422d-9e97-4f78d24a168f,synth_6891ddf000c6,gig_worker,tabddpm_synthetic,,['en'],ATO,2024-06-21T17:55:00+00:00,54.92,3.83,43,17,3,Thursday,25,341,1,ATO,en,Bank debit card,0
baa4ef06-6944-4d7d-b124-ec2cfcaa5eff,synth_c9b9c9cd90e6,gig_worker,tabddpm_synthetic,,['en'],CashApp,2024-05-26T16:58:00+00:00,343.11,23.51,33,16,2,Wednesday,10,584,13,CashApp,en,Bank debit card,0
001146c5-1288-41c4-ad51-88ec0878be70,synth_1f4e09d73809,gig_worker,tabddpm_synthetic,,['en'],ATO,2024-04-30T05:01:00+00:00,545.12,11.53,32,5,0,Monday,90,1,0,ATO,en,Bank debit card,0
6e8915fe-0d30-4f6e-a5a7-496a51d61f6c,synth_0d2c5ae4c34e,gig_worker,tabddpm_synthetic,,['en'],ATO,2024-08-10T11:41:00+00:00,5.0,4.32,29,11,5,Saturday,3,1264,7,ATO,en,Bank debit card,0
26997fb6-fe8c-4b9f-bb18-2a42d682bba5,synth_06f23200d64a,gig_worker,tabddpm_synthetic,,['en'],ATO,2024-09-28T23:00:00+00:00,193.54,6.09,40,23,0,Monday,30,1572,6,ATO,en,Bank debit card,0
f39b0e0b-2be6-43cd-87a6-92ce167ec748,synth_f26acaf855d0,gig_worker,tabddpm_synthetic,,['en'],ATO,2024-06-17T10:38:00+00:00,164.26,0.0,40,10,0,Monday,90,1,9,ATO,en,Bank debit card,0
f169bdf7-6bb1-4b3d-b05d-341494f28142,synth_83f2dde7d365,gig_worker,tabddpm_synthetic,,['en'],ATO,2024-05-16T23:05:00+00:00,6000.0,3000.0,45,23,0,Monday,0,2000,100,ATO,en,Bank debit card,0
0f809bc7-21d3-40bf-902f-a97974eddf6f,synth_f513b2fa85e4,gig_worker,tabddpm_synthetic,,['en'],ATO,2024-06-04T10:17:00+00:00,282.06,15.96,45,10,0,Monday,4,454,8,ATO,en,Bank debit card,0
9df701a2-f6d3-4e4a-b0d9-d7de4e74bdec,synth_d26661ef9cfa,gig_worker,tabddpm_synthetic,,['en'],ATO,2024-03-30T06:59:00+00:00,279.5,12.64,38,6,1,Tuesday,9,1120,8,ATO,en,CashApp,0
1a85113f-56a9-4e9d-8df0-476f68379fcf,synth_80d364538e7f,gig_worker,tabddpm_synthetic,,['en'],ATO,2024-02-14T15:28:00+00:00,70.55,7.24,40,15,2,Wednesday,23,625,2,ATO,en,Bank debit card,0
24aab3a0-1ce3-471f-8367-e64f178c8b43,synth_d43462142041,gig_worker,tabddpm_synthetic,,['en'],CashApp,2024-12-07T00:19:00+00:00,2694.41,124.5,45,0,0,Monday,2,36,16,CashApp,en,Bank debit card,0
d01c23ec-6922-4940-a6bf-49d0a0b78658,synth_6123d38c9dcb,gig_worker,tabddpm_synthetic,,['en'],ATO,2024-06-11T00:54:00+00:00,766.12,0.0,45,0,0,Monday,90,1,0,ATO,en,Bank debit card,0
eac7f4e9-9b9f-48e9-9f7c-4d3a03d9ba40,synth_14f6dd257f5d,gig_worker,tabddpm_synthetic,,['en'],ATO,2024-03-27T23:12:00+00:00,6000.0,3000.0,45,23,0,Monday,88,1,100,ATO,en,Bank debit card,1
f46cc85c-c11a-4932-839e-4c4bbb889866,synth_802d1965eb95,gig_worker,tabddpm_synthetic,,['en'],ATO,2024-12-15T05:41:00+00:00,278.27,19.58,25,5,0,Monday,10,1750,14,ATO,en,Bank debit card,0
9614ae06-ffe6-4101-b6c5-28dd33c2e14a,synth_6c774ea6e2ad,gig_worker,tabddpm_synthetic,,['en'],ATO,2024-01-28T15:05:00+00:00,327.83,0.59,45,15,1,Tuesday,90,1,0,ATO,en,Bank debit card,0
a2b9c4c9-4f77-4227-a3ac-adfb4f5cc2c9,synth_0a00583a5250,gig_worker,tabddpm_synthetic,,['en'],ATO,2024-06-25T23:33:00+00:00,6000.0,3000.0,45,23,0,Monday,90,2000,100,ATO,en,Bank debit card,0
2f75116d-4b22-4613-a8b2-e61e123f6fc3,synth_1f517e3c6f56,gig_worker,tabddpm_synthetic,,['en'],ATO,2024-11-24T23:04:00+00:00,69.39,8.44,25,23,6,Sunday,0,1,0,ATO,en,Bank debit card,0
b14d7580-004f-49cc-84d4-30a54f41eeed,synth_fb2e07200791,gig_worker,tabddpm_synthetic,,['en'],ATO,2024-10-08T07:30:00+00:00,93.2,0.0,45,7,4,Friday,14,1,0,ATO,en,Bank debit card,0
d8359954-c1b8-4a94-b207-8beae74a9309,synth_856a0748caa2,gig_worker,tabddpm_synthetic,,['en'],ATO,2024-01-18T12:59:00+00:00,210.32,0.0,21,12,0,Monday,87,876,3,ATO,en,Bank debit card,0
c9f6c59c-3f6c-4179-ae28-21ca89d371af,synth_e902491bcf93,gig_worker,tabddpm_synthetic,,['en'],ATO,2024-09-26T00:47:00+00:00,2104.79,201.06,39,0,0,Monday,3,1507,3,ATO,en,Bank debit card,0
1f90154f-5129-43af-8368-3554e8cf8448,synth_1137746d6837,gig_worker,tabddpm_synthetic,,['es'],ATO,2024-11-05T16:53:00+00:00,133.64,3.62,35,16,5,Saturday,15,1379,8,ATO,es,Bank debit card,0
63b0c1ca-5da1-4dcc-8cd8-32736bd9ee80,synth_33cfb8259311,gig_worker,tabddpm_synthetic,,['en'],ATO,2024-11-25T23:39:00+00:00,6000.0,3000.0,45,23,0,Monday,90,1262,100,ATO,en,Bank debit card,0
1ff2954a-ccea-406e-8ec6-a26df28464ff,synth_a6408d23a3ff,gig_worker,tabddpm_synthetic,,['en'],ATO,2024-05-12T08:42:00+00:00,77.04,6.08,25,8,3,Thursday,7,1144,1,ATO,en,Bank debit card,0
74b83ee8-42a8-4928-931a-74317efebcd2,synth_20094a73ab90,gig_worker,tabddpm_synthetic,,['en'],ATO,2024-11-06T08:36:00+00:00,293.43,3.45,32,8,0,Monday,90,1,0,ATO,en,Bank debit card,0
972c244d-8ef9-442e-8850-d58bca2925fb,synth_20d8c7af78cd,gig_worker,tabddpm_synthetic,,['en'],ATO,2024-12-14T16:45:00+00:00,155.24,9.36,34,16,3,Thursday,13,1478,10,ATO,en,Bank debit card,0
ef5346ab-0448-4e45-b36b-054c441d8aee,synth_5d4b48d987c6,gig_worker,tabddpm_synthetic,,['en'],ATO,2024-05-18T23:07:00+00:00,6000.0,3000.0,45,23,0,Monday,0,2000,100,ATO,en,Bank debit card,0
4516a718-5704-4413-a6d1-add290a3af6b,synth_f83b8746a17b,gig_worker,tabddpm_synthetic,,['en'],ATO,2024-02-24T08:27:00+00:00,112.67,18.19,45,8,3,Thursday,62,1,3,ATO,en,Bank debit card,0
dd5958f5-2140-422e-9d84-381db5301663,synth_838f9545ef53,gig_worker,tabddpm_synthetic,,['en'],ATO,2024-12-25T08:45:00+00:00,229.26,15.5,44,8,1,Tuesday,77,1,3,ATO,en,Bank debit card,0
295540af-18cd-4b69-b1e2-2390518ee051,synth_b3378e781b9d,gig_worker,tabddpm_synthetic,,['en'],ATO,2024-07-31T13:18:00+00:00,155.41,5.4,40,13,4,Friday,9,1323,15,ATO,en,Bank debit card,0
78ccbc13-2811-47b0-a401-959c1c0896c9,synth_e05bfa91065e,gig_worker,tabddpm_synthetic,,['en'],ATO,2024-10-22T04:01:00+00:00,530.64,18.66,45,4,3,Thursday,19,995,10,ATO,en,Bank debit card,0
25787b98-a91b-4518-bc8a-514a48398580,synth_ad15ba72aed3,gig_worker,tabddpm_synthetic,,['en'],CashApp,2024-03-28T12:12:00+00:00,167.8,9.53,45,12,2,Wednesday,3,1572,9,CashApp,en,Bank debit card,0
c69bb21b-4b2f-4c03-a8cd-527f96d33905,synth_d994964e68bc,gig_worker,tabddpm_synthetic,,['en'],ATO,2024-03-10T23:56:00+00:00,648.39,51.98,22,23,5,Saturday,54,1,4,ATO,en,Bank debit card,0
0e2d5190-6e6d-4785-921f-c489ba4cc878,synth_f115525e70d7,gig_worker,tabddpm_synthetic,,['en'],ATO,2024-10-17T23:44:00+00:00,93.97,0.0,39,23,5,Saturday,90,92,2,ATO,en,Bank debit card,0
7379c14c-81a4-4d3c-a068-bbbddd09d38e,synth_13e71254cfa1,gig_worker,tabddpm_synthetic,,['en'],ATO,2024-04-04T02:16:00+00:00,526.91,11.14,28,2,4,Friday,5,852,2,ATO,en,Bank debit card,0
4be2c3d2-1b3b-4058-a695-9940149ada81,synth_c261ad5ee908,gig_worker,tabddpm_synthetic,,['en'],ATO,2024-08-07T07:48:00+00:00,234.11,23.4,35,7,0,Monday,44,996,6,ATO,en,Bank debit card,0
f0b8d50a-7d8f-47f9-90ea-1efa80729487,synth_efa96ee9b369,gig_worker,tabddpm_synthetic,,['en'],ATO,2024-12-25T05:49:00+00:00,327.06,0.0,42,5,0,Monday,90,1,2,ATO,en,Bank debit card,0
548189d1-9236-44b0-8d6b-554451f2edeb,synth_89f00af19b43,gig_worker,tabddpm_synthetic,,['en'],ATO,2024-10-28T17:32:00+00:00,1079.8,104.77,34,17,6,Sunday,18,1049,9,ATO,en,Bank debit card,0
797c7956-2733-4418-b6ec-2a43bbb0ff06,synth_78d6b308cbab,gig_worker,tabddpm_synthetic,,['en'],ATO,2024-02-22T00:19:00+00:00,1229.78,0.0,24,0,0,Monday,90,1,0,ATO,en,Bank debit card,0
aa5d253b-3f17-4ef4-ad09-667bba574c3a,synth_f80c773406db,gig_worker,tabddpm_synthetic,,['en'],ATO,2024-02-17T23:22:00+00:00,6000.0,3000.0,45,23,0,Monday,0,1,100,ATO,en,Bank debit card,0
1fec4be7-addc-4172-8019-cfb86c55590d,synth_530138b130b4,gig_worker,tabddpm_synthetic,,['en'],ATO,2024-02-18T12:44:00+00:00,221.1,24.33,31,12,4,Friday,2,1693,7,ATO,en,Bank debit card,0
5a26735c-4c7b-413d-9edb-ec5b18e62e62,synth_64346518538f,gig_worker,tabddpm_synthetic,,['en'],ATO,2024-08-10T10:54:00+00:00,317.29,14.95,45,10,4,Friday,16,1944,2,ATO,en,Bank debit card,0
b6dcc0f1-497b-4e6a-8114-56bbb254a176,synth_1087a682b37f,gig_worker,tabddpm_synthetic,,['en'],ATO,2024-06-11T00:01:00+00:00,462.29,0.0,45,0,0,Monday,90,1,0,ATO,en,Bank debit card,0
7896c2ee-1631-48d2-b51c-a5dc76c42ef1,synth_f10269b49315,gig_worker,tabddpm_synthetic,,['en'],ATO,2024-03-25T15:49:00+00:00,5.0,0.0,44,15,4,Friday,72,1,3,ATO,en,Bank debit card,0
e014b0aa-f221-4c66-9812-05f9e99adff4,synth_580281aa4fcb,gig_worker,tabddpm_synthetic,,['en'],ATO,2024-02-22T23:36:00+00:00,373.43,27.11,37,23,6,Sunday,26,1,0,ATO,en,Bank debit card,0
617ad933-25f8-4560-ba47-2b1ee5f05ffc,synth_47c15f8adf8d,gig_worker,tabddpm_synthetic,,['en'],ATO,2024-08-25T05:46:00+00:00,69.89,0.0,21,5,0,Monday,0,2000,8,ATO,en,Bank debit card,0
ca296065-1cd8-4ae9-83f0-5f1c69530a7a,synth_db35b76d3113,gig_worker,tabddpm_synthetic,,['en'],ATO,2024-12-28T10:21:00+00:00,152.94,33.89,39,10,3,Thursday,6,876,9,ATO,en,Bank debit card,0
a7a76038-9335-48a3-9743-d5424637eb38,synth_40e3f2a608bd,gig_worker,tabddpm_synthetic,,['en'],ATO,2024-11-16T23:24:00+00:00,360.16,16.55,21,23,4,Friday,32,179,3,ATO,en,Bank debit card,0
06c0124d-d2de-419f-99e4-5d74179b9446,synth_29d58368444e,gig_worker,tabddpm_synthetic,,['en'],ATO,2024-05-10T15:15:00+00:00,85.15,12.63,45,15,0,Monday,0,1,39,ATO,en,Bank debit card,1
be262b52-2d40-41be-8365-9173bb816b0d,synth_78547709cbac,gig_worker,tabddpm_synthetic,,['en'],ATO,2024-04-24T09:34:00+00:00,73.1,3.53,45,9,0,Monday,26,1870,0,ATO,en,Bank debit card,0
2af5616c-b8f2-49f0-bbba-024b7da3c8b1,synth_b140feb3ee6c,gig_worker,tabddpm_synthetic,,['en'],ATO,2024-09-04T13:26:00+00:00,522.88,4.94,28,13,1,Tuesday,73,1539,6,ATO,en,Bank debit card,0
a7464b2f-9a0d-4ac9-89ed-0c4f31dd0e99,synth_32609f665da4,gig_worker,tabddpm_synthetic,,['en'],ATO,2024-11-20T23:33:00+00:00,6000.0,3000.0,45,23,0,Monday,5,1,100,ATO,en,Bank debit card,0
28ce0ae1-4c85-40b5-a16f-a4fb711efe0b,synth_7e59a890274f,gig_worker,tabddpm_synthetic,,['en'],ATO,2024-05-21T06:27:00+00:00,331.25,0.0,33,6,0,Monday,90,1,0,ATO,en,Bank debit card,0
eef826e1-d911-4caa-a0c6-aeecdaf06651,synth_dadb6e82372f,gig_worker,tabddpm_synthetic,,['en'],ATO,2024-02-01T11:19:00+00:00,48.06,1.76,36,11,2,Wednesday,35,1,0,ATO,en,Bank debit card,0
20008b1c-0f1c-4995-8faf-8ba855300408,synth_36b46fd8cb26,gig_worker,tabddpm_synthetic,,['en'],ATO,2024-04-18T23:25:00+00:00,6000.0,3000.0,45,23,0,Monday,90,2000,100,ATO,en,Bank debit card,0
a3afd116-8d65-40c1-b1f6-5f4c863550b4,synth_26e4e06709a6,gig_worker,tabddpm_synthetic,,['en'],ATO,2024-07-25T23:28:00+00:00,363.09,35.33,19,23,6,Sunday,36,1,6,ATO,en,Bank debit card,0
828cfc47-8f93-4695-b7a3-db9ae6fd09fb,synth_4cd8fca01980,gig_worker,tabddpm_synthetic,,['en'],ATO,2024-07-03T11:31:00+00:00,108.19,18.23,33,11,1,Tuesday,30,332,3,ATO,en,Bank debit card,0
053b0a08-6a3d-4d47-b4f5-16584ac9eccf,synth_4da1ed4cdc92,gig_worker,tabddpm_synthetic,,['en'],ATO,2024-03-14T00:29:00+00:00,6000.0,2804.31,45,0,0,Monday,21,2000,38,ATO,en,Bank debit card,0
8dfca29e-b43e-4c9d-948f-89cdb5a7ad9a,synth_a5aece5735cf,gig_worker,tabddpm_synthetic,,['en'],ATO,2024-01-20T21:19:00+00:00,194.24,20.29,42,21,3,Thursday,5,817,5,ATO,en,Bank debit card,0
2bdc6073-aee5-4f23-967b-57fa18a00d55,synth_497d8016ba99,gig_worker,tabddpm_synthetic,,['en'],ATO,2024-09-29T23:41:00+00:00,6000.0,3000.0,45,23,0,Monday,0,1,100,ATO,en,Bank debit card,1
43e8868b-b8a5-46a1-8663-696a8704d6f1,synth_69707b98f9e2,gig_worker,tabddpm_synthetic,,['en'],ATO,2024-08-19T23:55:00+00:00,6000.0,3000.0,45,23,0,Monday,90,2000,100,ATO,en,Bank debit card,0
6ad40eed-3b8a-42d8-8166-f0eca5706101,synth_922c29389d20,gig_worker,tabddpm_synthetic,,['en'],ATO,2024-05-02T07:05:00+00:00,5.0,0.0,45,7,0,Monday,90,1,0,ATO,en,Bank debit card,0
eeb377a7-13f1-4146-b630-eead6914fe1e,synth_6f633cd30652,gig_worker,tabddpm_synthetic,,['en'],ATO,2024-07-09T23:26:00+00:00,5.0,0.0,42,23,3,Thursday,90,1,1,ATO,en,Bank debit card,0
ff766fa5-3272-43e0-85de-291137411365,synth_6fd0de770f62,gig_worker,tabddpm_synthetic,,['en'],ATO,2024-02-15T08:01:00+00:00,199.66,1.29,44,8,6,Sunday,3,690,4,ATO,en,Bank debit card,0
8bdd8145-de34-4017-b344-6fc8dfb0a830,synth_5e9bc697606a,gig_worker,tabddpm_synthetic,,['en'],ATO,2024-11-21T23:58:00+00:00,6000.0,807.29,45,23,2,Wednesday,90,1,26,ATO,en,Bank debit card,0
c44b39a3-9b87-4fa9-a8cd-351694b442cb,synth_b941f9ac9587,gig_worker,tabddpm_synthetic,,['en'],ATO,2024-01-30T13:11:00+00:00,110.68,0.0,39,13,0,Monday,6,2000,8,ATO,en,Bank debit card,0
320d2203-0d02-4541-9b28-d09f7d69d85c,synth_dbd1ca53146a,gig_worker,tabddpm_synthetic,,['en'],CashApp,2024-11-25T15:31:00+00:00,416.26,21.34,43,15,2,Wednesday,14,505,9,CashApp,en,Bank debit card,0
4f8f8415-18e0-4f13-9905-b0ec656b0bb0,synth_b309d1592bc0,gig_worker,tabddpm_synthetic,,['en'],ATO,2024-04-08T00:57:00+00:00,960.18,0.0,45,0,0,Monday,90,1,0,ATO,en,Bank debit card,0
5f55c833-430d-46fa-ae7b-38894e74ffd7,synth_9cf86e7ff7be,gig_worker,tabddpm_synthetic,,['en'],ATO,2024-11-07T13:38:00+00:00,448.0,19.67,28,13,6,Sunday,27,475,2,ATO,en,Bank debit card,0
ae641b45-d109-45d3-ba6b-3e067b072d20,synth_d810eeec2d1f,gig_worker,tabddpm_synthetic,,['en'],ATO,2024-10-29T23:35:00+00:00,1558.13,41.43,45,23,2,Wednesday,10,1,61,ATO,en,Bank debit card,1
2e39ac55-7929-4088-8c13-774ce369306e,synth_03af71195fee,gig_worker,tabddpm_synthetic,,['en'],ATO,2024-11-01T08:22:00+00:00,423.91,20.97,42,8,0,Monday,80,1,3,ATO,en,Bank debit card,0
60635fbc-8b27-4b30-8da7-05d0a4393f97,synth_864580828168,gig_worker,tabddpm_synthetic,,['en'],ATO,2024-11-29T15:06:00+00:00,5.0,0.0,36,15,0,Monday,22,1514,8,ATO,en,Bank debit card,0
36aa9480-11c1-4066-8812-e2e154dbd785,synth_d09f6668cfda,gig_worker,tabddpm_synthetic,,['en'],ATO,2024-02-23T23:42:00+00:00,84.81,4.72,45,23,0,Monday,2,2000,17,ATO,en,Bank debit card,0
6145ceeb-2654-4982-9bab-45b64a3c1773,synth_5013cb17e0ef,gig_worker,tabddpm_synthetic,,['en'],ATO,2024-05-22T00:44:00+00:00,321.82,0.0,45,0,0,Monday,90,1,0,ATO,en,Bank debit card,0
c2153034-880c-4184-ac2f-5e9d68c8c300,synth_bc11896c5f39,gig_worker,tabddpm_synthetic,,['en'],ATO,2024-08-22T06:31:00+00:00,254.97,0.0,45,6,1,Tuesday,90,1,0,ATO,en,Bank debit card,0
301a26eb-7de8-42a9-b84b-a0a1fc489e20,synth_c5e10517d398,gig_worker,tabddpm_synthetic,,['en'],ATO,2024-01-21T00:27:00+00:00,718.93,0.0,18,0,0,Monday,90,1,0,ATO,en,Bank debit card,0
55641dd8-695b-42f5-b482-2cb441e68c5c,synth_c52aff77627a,gig_worker,tabddpm_synthetic,,['en'],ATO,2024-12-12T10:37:00+00:00,174.17,6.99,25,10,2,Wednesday,24,269,6,ATO,en,Bank debit card,0
31296127-aa2e-450d-ae29-30dabb5cf689,synth_8e1fb6aaf112,gig_worker,tabddpm_synthetic,,['en'],ATO,2024-09-18T23:09:00+00:00,6000.0,3000.0,45,23,0,Monday,90,2000,100,ATO,en,Bank debit card,0
43b2cba6-a947-4088-a69a-9abcf60d8557,synth_8db800a55eec,gig_worker,tabddpm_synthetic,,['en'],ATO,2024-08-11T08:23:00+00:00,33.88,0.0,30,8,0,Monday,13,811,4,ATO,en,Bank debit card,0
7bd0c22e-f9d5-4e89-aecd-125226b9af8a,synth_d4fada9b4f1c,gig_worker,tabddpm_synthetic,,['en'],ATO,2024-08-26T13:00:00+00:00,136.54,14.33,27,13,0,Monday,7,1089,15,ATO,en,Bank debit card,0
e572b333-6a6c-4d1b-9693-464a3664a7d1,synth_7ed11bc7b009,gig_worker,tabddpm_synthetic,,['en'],ATO,2024-12-04T23:47:00+00:00,6000.0,3000.0,45,23,0,Monday,90,1,100,ATO,en,Bank debit card,0
5c1619ba-db96-47fc-9d87-2a1466c1cb20,synth_73a9c8838ce5,gig_worker,tabddpm_synthetic,,['en'],ATO,2024-03-31T04:18:00+00:00,135.24,0.0,45,4,0,Monday,90,1,2,ATO,en,Bank debit card,0
17526329-be1e-476e-b36d-982585e41315,synth_27dfe84987ff,gig_worker,tabddpm_synthetic,,['en'],ATO,2024-02-13T07:14:00+00:00,354.25,30.94,18,7,4,Friday,81,1,8,ATO,en,Bank debit card,0
5f727c38-c6b0-4690-a000-d4ca382eb77e,synth_c0eba8be09ce,gig_worker,tabddpm_synthetic,,['en'],ATO,2024-12-18T22:11:00+00:00,415.59,39.76,40,22,1,Tuesday,26,122,11,ATO,en,Bank debit card,0
89e77e22-3523-4924-ae1d-26658afc7e65,synth_5929b577d030,gig_worker,tabddpm_synthetic,,['en'],ATO,2024-09-16T06:00:00+00:00,166.05,7.66,45,6,5,Saturday,2,1,21,ATO,en,Bank debit card,1
a851804d-c3fb-490e-ba50-6e2aa695b9a1,synth_0df221a8ca9e,gig_worker,tabddpm_synthetic,,['en'],ATO,2024-05-19T01:36:00+00:00,238.54,0.0,44,1,0,Monday,90,1,0,ATO,en,Bank debit card,0
48247b66-515b-40e4-9a02-0b3252a9f3ed,synth_f24daec85a5b,gig_worker,tabddpm_synthetic,,['en'],ATO,2024-11-23T10:13:00+00:00,221.02,16.32,45,10,0,Monday,9,259,5,ATO,en,Bank debit card,0
3bd31832-5b61-4990-b6c7-e983315bc797,synth_04af2065aaec,gig_worker,tabddpm_synthetic,,['en'],ATO,2024-12-20T11:54:00+00:00,105.67,3.58,27,11,6,Sunday,27,330,4,ATO,en,Bank debit card,0
8d5ad0a6-023e-47e7-bc2c-b516e36ab765,synth_fd0e7b8b4dff,gig_worker,tabddpm_synthetic,,['en'],ATO,2024-07-14T23:13:00+00:00,192.42,12.22,37,23,2,Wednesday,50,1,0,ATO,en,Bank debit card,0
b93c110d-9c2e-435f-aec5-78c41a354c93,synth_71a21503f057,gig_worker,tabddpm_synthetic,,['en'],ATO,2024-09-24T09:39:00+00:00,156.8,5.89,30,9,1,Tuesday,0,1150,7,ATO,en,Bank debit card,0
8d25cb66-60b3-462b-b2dd-908916bd4a50,synth_0b3fec9e8922,gig_worker,tabddpm_synthetic,,['en'],ATO,2024-12-18T12:03:00+00:00,493.68,34.7,41,12,4,Friday,15,387,1,ATO,en,Bank debit card,0
c1663e24-7538-440d-8270-623f9647c9c9,synth_cc60a87e389e,gig_worker,tabddpm_synthetic,,['en'],ATO,2024-10-17T17:52:00+00:00,5.0,0.0,45,17,2,Wednesday,57,1,0,ATO,en,Bank debit card,0
f52901cc-5a5f-4da5-bc20-cd12cdbda96c,synth_ca29d62296c6,gig_worker,tabddpm_synthetic,,['en'],CashApp,2024-11-22T05:36:00+00:00,60.79,14.62,42,5,0,Monday,7,54,9,CashApp,en,Bank debit card,0
73553557-ddb5-4931-9131-69cf5124281c,synth_ac6a50974aa4,gig_worker,tabddpm_synthetic,,['en'],ATO,2024-10-11T01:59:00+00:00,8.59,0.0,45,1,0,Monday,90,1,0,ATO,en,Bank debit card,0
c2dcaa9f-adeb-466b-873f-a3d2bb0e9139,synth_564b211c1f73,gig_worker,tabddpm_synthetic,,['en'],ATO,2024-12-20T10:35:00+00:00,5.0,4.6,37,10,5,Saturday,18,1545,5,ATO,en,Bank debit card,0
2390cf82-491c-45fb-9829-d5d1271a0ac1,synth_0a6634a3926a,gig_worker,tabddpm_synthetic,,['en'],ATO,2024-12-19T23:24:00+00:00,6000.0,3000.0,45,23,0,Monday,90,1,100,ATO,en,Bank debit card,0
560f3d43-fedd-41ce-9468-a46bf9f55455,synth_bd40088ebb88,gig_worker,tabddpm_synthetic,,['en'],ATO,2024-05-17T00:49:00+00:00,24.05,0.0,45,0,0,Monday,2,1,7,ATO,en,Bank debit card,0
46f50c59-e2cf-40f0-ba42-f061df55977f,synth_d4aa40fa18a7,gig_worker,tabddpm_synthetic,,['en'],ATO,2024-09-20T14:44:00+00:00,58.98,16.87,40,14,2,Wednesday,1,317,2,ATO,en,Bank debit card,0
8ad1d8f0-ed22-4f6d-87a7-11ebb7569cce,synth_ce0bdd4e7e74,gig_worker,tabddpm_synthetic,,['en'],ATO,2024-12-16T00:50:00+00:00,45.64,0.0,45,0,0,Monday,90,1,0,ATO,en,Bank debit card,0
68d792a9-3df8-47e2-a1e6-c0105f29464b,synth_ad70d15891e9,gig_worker,tabddpm_synthetic,,['en'],ATO,2024-09-13T23:32:00+00:00,446.89,38.88,45,23,0,Monday,2,1,55,ATO,en,Bank debit card,1
15f72b41-6193-4597-bf67-dd804f0e4768,synth_c270fbd654ee,gig_worker,tabddpm_synthetic,,['en'],ATO,2024-11-16T14:16:00+00:00,242.54,14.17,40,14,4,Friday,0,351,6,ATO,en,Bank debit card,0
57f8de2a-6496-4898-9223-4eb2e2f67a50,synth_005a374b335a,gig_worker,tabddpm_synthetic,,['en'],ATO,2024-03-02T12:09:00+00:00,247.06,23.79,22,12,1,Tuesday,7,2000,6,ATO,en,Bank debit card,0
e67560c2-ccd2-40e0-a675-13c2213f0a9c,synth_c482306339e6,gig_worker,tabddpm_synthetic,,['en'],ATO,2024-08-01T04:12:00+00:00,237.95,11.51,37,4,5,Saturday,5,1,22,ATO,en,Bank debit card,1
be053270-3b55-458d-84b3-31eb1d1b898e,synth_d73b62e76f0b,gig_worker,tabddpm_synthetic,,['en'],ATO,2024-01-30T06:35:00+00:00,81.09,7.77,45,6,0,Monday,0,1718,9,ATO,en,Bank debit card,0
1e3f032f-9d32-4fee-91fb-2349f371de4d,synth_27630f918a55,gig_worker,tabddpm_synthetic,,['en'],ATO,2024-11-15T23:41:00+00:00,6000.0,3000.0,45,23,0,Monday,54,1,100,ATO,en,Bank debit card,0
c1d1d251-d5ed-47f4-9940-cd65b0e5ee1d,synth_2ace21268937,gig_worker,tabddpm_synthetic,,['en'],ATO,2024-12-15T04:28:00+00:00,211.31,0.0,45,4,0,Monday,90,1,0,ATO,en,Bank debit card,0
1c6e7a07-4ce9-47da-87df-aef7e86b7b06,synth_67fd4abc53ac,gig_worker,tabddpm_synthetic,,['en'],ATO,2024-10-22T00:11:00+00:00,26.0,0.0,45,0,0,Monday,90,1,0,ATO,en,Bank debit card,0
d0e5f73b-b6d8-412e-b447-584f763c0b4e,synth_e23ebe1c5f34,gig_worker,tabddpm_synthetic,,['en'],ATO,2024-09-04T23:44:00+00:00,1891.19,46.43,45,23,0,Monday,5,1,58,ATO,en,Bank debit card,1
31351089-45ef-4f3c-bae5-dbdd2b1a3ba9,synth_e55d5025c4e4,gig_worker,tabddpm_synthetic,,['en'],CashApp,2024-02-26T04:55:00+00:00,895.86,33.45,45,4,2,Wednesday,19,1,23,CashApp,en,Bank debit card,1
3d4c030f-2bf4-44e6-bead-ffe1f3362cad,synth_77038b5574af,gig_worker,tabddpm_synthetic,,['en'],ATO,2024-02-18T10:29:00+00:00,119.76,5.85,42,10,3,Thursday,14,1022,2,ATO,en,Bank debit card,0
90364961-a3a5-4745-a811-c7b9fbcd1159,synth_173be5194a48,gig_worker,tabddpm_synthetic,,['en'],ATO,2024-04-18T09:56:00+00:00,210.72,9.64,18,9,2,Wednesday,33,859,8,ATO,en,Bank debit card,0
a00e5749-a295-4d6b-9d8b-dc8df62ed8a9,synth_512bc7ac24d1,gig_worker,tabddpm_synthetic,,['en'],ATO,2024-08-05T00:19:00+00:00,128.4,0.0,45,0,0,Monday,90,1,0,ATO,en,Bank debit card,0
b0b0741b-d192-4e60-b104-aff4fe49df91,synth_832853e32c4f,gig_worker,tabddpm_synthetic,,['en'],ATO,2024-04-02T00:53:00+00:00,195.91,0.0,45,0,0,Monday,90,1,0,ATO,en,Bank debit card,0
278977c5-4fac-442e-81c0-366b476daa88,synth_42cedde77049,gig_worker,tabddpm_synthetic,,['en'],ATO,2024-05-04T23:47:00+00:00,5.0,0.79,34,23,6,Sunday,0,245,12,ATO,en,Bank debit card,0
2dc5972c-1341-401d-940e-afa07e517221,synth_a2fe873d74c0,gig_worker,tabddpm_synthetic,,['en'],ATO,2024-02-10T17:41:00+00:00,245.59,9.48,23,17,0,Monday,41,423,5,ATO,en,Bank debit card,0
840297a9-4b52-42b8-8362-ff080972d403,synth_0b70e0e39d72,gig_worker,tabddpm_synthetic,,['en'],ATO,2024-11-02T15:39:00+00:00,131.64,0.2,18,15,6,Sunday,3,1666,16,ATO,en,Bank debit card,0
f7256d77-40af-4f33-8ee0-ac81c5431be6,synth_93a5bb699240,gig_worker,tabddpm_synthetic,,['en'],ATO,2024-01-09T11:34:00+00:00,5.0,3.31,40,11,3,Thursday,11,1,0,ATO,en,Bank debit card,0
40926fd9-3d5d-45f3-b996-d452c9c5333b,synth_7b8dc3d8b9a6,gig_worker,tabddpm_synthetic,,['en'],ATO,2024-12-30T12:39:00+00:00,5.0,3.87,33,12,4,Friday,17,1,0,ATO,en,Bank debit card,0
ad784ca1-f92e-4a6d-a377-cdc92d5206b4,synth_10ad88930e5a,gig_worker,tabddpm_synthetic,,['en'],ATO,2024-12-19T19:52:00+00:00,342.86,0.0,45,19,1,Tuesday,90,1,0,ATO,en,Bank debit card,0
e850f283-7cce-4e6a-94be-1035598ea9e7,synth_e1dcdff226fa,gig_worker,tabddpm_synthetic,,['en'],ATO,2024-03-26T14:38:00+00:00,477.37,45.03,31,14,0,Monday,0,1193,9,ATO,en,Bank debit card,0
5f18aecf-e511-4ad0-b89b-afb0a1739f56,synth_e547eabb4de9,gig_worker,tabddpm_synthetic,,['en'],ATO,2024-05-14T12:59:00+00:00,407.4,31.03,22,12,2,Wednesday,12,2000,4,ATO,en,Bank debit card,0
ada4f076-b8e9-4b3e-bbc8-41cb7af9d65b,synth_fb138337c66c,gig_worker,tabddpm_synthetic,,['en'],ATO,2024-06-11T00:28:00+00:00,578.97,0.0,37,0,0,Monday,90,1,0,ATO,en,Bank debit card,0
4dd30b60-e8ee-48ba-832d-efeacf764c2a,synth_d1095a48c56f,gig_worker,tabddpm_synthetic,,['en'],ATO,2024-10-03T00:11:00+00:00,394.43,0.0,45,0,0,Monday,90,1,0,ATO,en,Bank debit card,0
c14ce50b-7b72-4821-89c0-6b5a205028c1,synth_514142963efe,gig_worker,tabddpm_synthetic,,['en'],ATO,2024-01-10T09:49:00+00:00,159.19,12.59,19,9,2,Wednesday,23,1386,5,ATO,en,Bank debit card,0
2d7efae6-a5dd-4748-a382-d31f42358ca3,synth_9e0c91df7c2e,gig_worker,tabddpm_synthetic,,['en'],ATO,2024-01-14T11:28:00+00:00,5.0,0.0,42,11,2,Wednesday,5,1,16,ATO,en,Bank debit card,0
7e6b3def-e85b-4376-86f0-82cd2681c3d8,synth_dfe16ae44bd1,gig_worker,tabddpm_synthetic,,['en'],ATO,2024-12-12T00:50:00+00:00,484.92,0.0,45,0,0,Monday,90,1,0,ATO,en,Bank debit card,0
db110256-8305-4ba1-aeaa-307c49cf6cce,synth_3fe7e536b1dc,gig_worker,tabddpm_synthetic,,['en'],ATO,2024-01-03T08:50:00+00:00,149.65,21.81,42,8,0,Monday,46,1,1,ATO,en,Bank debit card,0
49a32f05-cd84-47c1-a59a-176327a5df0c,synth_57564bcece98,gig_worker,tabddpm_synthetic,,['en'],ATO,2024-05-01T23:15:00+00:00,5.0,0.0,45,23,6,Sunday,0,1,100,ATO,en,Bank debit card,1
0ccde573-0725-4504-b641-8d83425b1680,synth_69fb000c5849,gig_worker,tabddpm_synthetic,,['en'],ATO,2024-09-17T23:29:00+00:00,6000.0,3000.0,45,23,0,Monday,26,2000,100,ATO,en,Bank debit card,0
1738158e-f0ce-419b-a26b-09380f6d49ca,synth_bdceb97927fa,gig_worker,tabddpm_synthetic,,['en'],ATO,2024-01-22T23:37:00+00:00,5.0,0.0,45,23,6,Sunday,0,1,100,ATO,en,Bank debit card,0
0a1f0cc9-a160-4bea-9c41-2e9c3d8d27ce,synth_495bc4e2d3e1,gig_worker,tabddpm_synthetic,,['en'],ATO,2024-11-07T14:12:00+00:00,19.86,7.03,36,14,1,Tuesday,19,1882,7,ATO,en,Bank debit card,0
fa4e6b1c-6db8-4587-b4e3-aa1b6aa2c478,synth_544ad897a395,gig_worker,tabddpm_synthetic,,['en'],ATO,2024-06-16T08:45:00+00:00,5.0,9.39,44,8,1,Tuesday,3,204,11,ATO,en,Bank debit card,0
6756dd8a-3e56-4c50-8af2-4228bfcbf279,synth_38c00b7dc6e3,gig_worker,tabddpm_synthetic,,['en'],ATO,2024-01-20T23:17:00+00:00,6000.0,3000.0,45,23,0,Monday,0,1,100,ATO,en,Bank debit card,0
9e93d00c-12a8-4f93-81c7-d3a8e47e5422,synth_c357d27c2431,gig_worker,tabddpm_synthetic,,['en'],ATO,2024-03-03T14:42:00+00:00,5.0,7.78,31,14,5,Saturday,36,1,0,ATO,en,Bank debit card,0
b078a8ea-2e66-4894-b4f1-13c24da2b8de,synth_df9cb1d9fa61,gig_worker,tabddpm_synthetic,,['en'],ATO,2024-10-11T23:47:00+00:00,3323.91,114.47,45,23,0,Monday,7,1,87,ATO,en,Bank debit card,1
17030ff0-0a85-4ef4-86b0-5095fa64ebb7,synth_aabcf64e63a2,gig_worker,tabddpm_synthetic,,['en'],ATO,2024-04-08T23:15:00+00:00,6000.0,3000.0,45,23,0,Monday,12,1,100,ATO,en,Bank debit card,0
5a5ba172-f697-4023-a4bf-d4f0f9928713,synth_788a228be283,gig_worker,tabddpm_synthetic,,['en'],ATO,2024-11-27T23:41:00+00:00,6000.0,3000.0,45,23,0,Monday,90,2000,100,ATO,en,Bank debit card,0
c7d96522-73fd-45e4-87fd-b1bd3177aaeb,synth_b6adb5719df4,gig_worker,tabddpm_synthetic,,['en'],CashApp,2024-03-25T07:05:00+00:00,402.24,14.47,23,7,6,Sunday,2,122,6,CashApp,en,Bank debit card,0
90d1c4be-7cd9-4f9e-b516-ebb5af6b544f,synth_90018e35e33b,gig_worker,tabddpm_synthetic,,['en'],ATO,2024-02-19T11:31:00+00:00,62.21,9.88,35,11,1,Tuesday,35,207,4,ATO,en,Bank debit card,0
faac2446-ee14-4bf6-9d7f-e6f3ff34e639,synth_da90b710a5d2,gig_worker,tabddpm_synthetic,,['en'],ATO,2024-06-27T23:52:00+00:00,6000.0,3000.0,45,23,0,Monday,90,2000,100,ATO,en,Bank debit card,0
b6142e89-dde0-4518-8ddf-7665ad35d2c7,synth_d394a6035531,gig_worker,tabddpm_synthetic,,['en'],ATO,2024-01-31T00:33:00+00:00,5.0,0.0,45,0,0,Monday,90,1,0,ATO,en,Bank debit card,0
d4333bef-3cdd-46bd-8392-a0b33941110c,synth_3bd53123c321,gig_worker,tabddpm_synthetic,,['en'],ATO,2024-02-24T23:21:00+00:00,6000.0,3000.0,45,23,0,Monday,0,1,100,ATO,en,Bank debit card,1
1d4c6632-d417-4502-94f8-eaef33313245,synth_0f8bada44be5,gig_worker,tabddpm_synthetic,,['en'],ATO,2024-11-14T23:51:00+00:00,6000.0,3000.0,45,23,0,Monday,73,1,100,ATO,en,Bank debit card,0
79d7407e-3acf-4cc2-88fd-10529207b1ae,synth_577fa6201564,gig_worker,tabddpm_synthetic,,['en'],ATO,2024-12-06T00:47:00+00:00,5.0,0.0,45,0,0,Monday,90,1,0,ATO,en,Bank debit card,0
a84f6c51-4e51-4f24-aef5-573570f5d1ea,synth_e7306d774469,gig_worker,tabddpm_synthetic,,['en'],ATO,2024-04-02T06:04:00+00:00,58.02,8.43,45,6,5,Saturday,47,1,0,ATO,en,Bank debit card,0
a4f70cee-5af8-4a57-a549-189e2a383a5e,synth_5b8ee5edd46e,gig_worker,tabddpm_synthetic,,['en'],ATO,2024-12-13T14:05:00+00:00,51.88,7.43,34,14,6,Sunday,9,1481,2,ATO,en,Bank debit card,0
8ddd50c1-d1d8-4aa1-9981-59f6c30845f0,synth_2467eae5cc2d,gig_worker,tabddpm_synthetic,,['en'],ATO,2024-06-24T23:28:00+00:00,6000.0,3000.0,45,23,0,Monday,90,2000,100,ATO,en,Bank debit card,0
7a961542-f1ca-49d3-976e-4934a74851b4,synth_21156a25fdbf,gig_worker,tabddpm_synthetic,,['en'],ATO,2024-05-28T17:24:00+00:00,32.52,2.88,35,17,4,Friday,20,255,0,ATO,en,Bank debit card,0
a080848f-24b6-4bb4-8f46-08a9718f9b18,synth_06c5251cc523,gig_worker,tabddpm_synthetic,,['en'],ATO,2024-07-14T23:03:00+00:00,14.79,0.0,45,23,4,Friday,90,1662,0,ATO,en,Bank debit card,0
f48f47b7-ca86-4f74-9595-be4d01edd803,synth_3d45bec69a20,gig_worker,tabddpm_synthetic,,['en'],ATO,2024-09-19T08:15:00+00:00,907.28,58.58,33,8,0,Monday,11,1,11,ATO,en,Bank debit card,0
f424dd82-4ea6-4c46-9271-651fd0f024e0,synth_be55659b5989,gig_worker,tabddpm_synthetic,,['en'],ATO,2024-04-09T23:28:00+00:00,6000.0,2485.83,38,23,6,Sunday,0,1,100,ATO,en,Bank debit card,0
01c80504-dfb7-4875-8caf-29b4a00490b1,synth_6fe1f02017cc,gig_worker,tabddpm_synthetic,,['en'],ATO,2024-02-01T23:31:00+00:00,5.0,0.0,35,23,6,Sunday,0,1,100,ATO,en,Bank debit card,0
584222a1-123e-403f-8a5e-c321c6dc76d9,synth_1eb965b5ea97,gig_worker,tabddpm_synthetic,,['en'],CashApp,2024-03-27T10:10:00+00:00,168.18,12.2,43,10,6,Sunday,2,1286,6,CashApp,en,Bank debit card,0
1750a141-045b-4fa1-a1e1-9f84a1c45a1f,synth_d2d91b8b7c52,gig_worker,tabddpm_synthetic,,['en'],ATO,2024-05-22T23:33:00+00:00,5.0,0.0,23,23,5,Saturday,2,716,6,ATO,en,Bank debit card,0
a979ec91-05ea-42e7-892d-cbb966ffe265,synth_5598cd2c5f88,gig_worker,tabddpm_synthetic,,['en'],ATO,2024-03-07T00:41:00+00:00,891.98,0.0,36,0,0,Monday,90,1,0,ATO,en,Bank debit card,0
ebcba402-2211-46c5-ac04-a007d927002f,synth_a3fee204568c,gig_worker,tabddpm_synthetic,,['en'],ATO,2024-08-16T20:53:00+00:00,198.65,19.01,37,20,3,Thursday,4,1,6,ATO,en,Bank debit card,0
1afb0785-ae86-444a-9451-32fa98aa52ea,synth_7c471dd40b1d,gig_worker,tabddpm_synthetic,,['en'],ATO,2024-07-14T09:55:00+00:00,270.09,0.0,40,9,6,Sunday,90,1,1,ATO,en,Bank debit card,0
df7cae6e-6667-4b7f-8d32-6febf3806e98,synth_1f6183c4cae3,gig_worker,tabddpm_synthetic,,['en'],CashApp,2024-11-24T20:21:00+00:00,1767.04,72.52,24,20,2,Wednesday,4,995,8,CashApp,en,Bank debit card,0
db414e27-549d-4d45-9e5d-cf66bd4dd76e,synth_4c3ed2261ec9,gig_worker,tabddpm_synthetic,,['en'],ATO,2024-12-20T23:20:00+00:00,742.28,64.87,23,23,2,Wednesday,90,1,0,ATO,en,Bank debit card,0
986963a8-b868-4304-be4e-65719df2e8a8,synth_75ef884d1e66,gig_worker,tabddpm_synthetic,,['en'],ATO,2024-02-05T12:04:00+00:00,95.68,0.0,30,12,5,Saturday,8,988,7,ATO,en,Bank debit card,0
bf4789e3-4bf1-45e8-ae9d-136bef2229b3,synth_5a3b1e6b761d,gig_worker,tabddpm_synthetic,,['en'],ATO,2024-11-03T23:25:00+00:00,6000.0,3000.0,45,23,0,Monday,0,2000,100,ATO,en,Bank debit card,0
8fad805c-2e1a-4490-b250-057fe274d765,synth_388cb22f6b15,gig_worker,tabddpm_synthetic,,['en'],ATO,2024-01-19T23:35:00+00:00,406.82,18.25,29,23,4,Friday,36,1,0,ATO,en,Bank debit card,0
33627607-129e-4722-b4b0-9c7c7c4548ba,synth_076e06f86cb4,gig_worker,tabddpm_synthetic,,['en'],ATO,2024-01-20T00:31:00+00:00,398.14,0.0,31,0,0,Monday,90,1,0,ATO,en,Bank debit card,0
3cb80213-d078-4a46-bc79-fcd6307d677f,synth_d89e699d6319,gig_worker,tabddpm_synthetic,,['en'],ATO,2024-06-09T23:02:00+00:00,6000.0,384.08,45,23,6,Sunday,8,1,100,ATO,en,Bank debit card,1
7073e364-9542-416b-9249-bb822f56e979,synth_258984834a07,gig_worker,tabddpm_synthetic,,['en'],ATO,2024-01-28T23:17:00+00:00,2529.18,226.4,28,23,5,Saturday,0,1007,18,ATO,en,Bank debit card,0
80d569bf-9b43-4457-a647-814a20ab9c9c,synth_97dc26ac914b,gig_worker,tabddpm_synthetic,,['en'],ATO,2024-03-06T23:33:00+00:00,6000.0,3000.0,45,23,0,Monday,90,2000,100,ATO,en,Bank debit card,0
240a24a4-00d6-436c-a8e2-0060d4da05ec,synth_4f1f8034958a,gig_worker,tabddpm_synthetic,,['en'],ATO,2024-02-20T14:22:00+00:00,5.0,1.25,45,14,0,Monday,22,2000,2,ATO,en,Bank debit card,0
46c44463-6096-4989-93b8-ab8f47cbc187,synth_257ce613318a,gig_worker,tabddpm_synthetic,,['en'],ATO,2024-05-22T10:47:00+00:00,262.06,17.87,40,10,0,Monday,5,1550,3,ATO,en,Bank debit card,0
40a79a5e-55a5-42f3-b3c3-0d024a98becf,synth_0475d80ee688,gig_worker,tabddpm_synthetic,,['en'],ATO,2024-05-15T12:36:00+00:00,297.33,8.51,37,12,0,Monday,89,1,9,ATO,en,Bank debit card,0
67af04f5-c59d-4b1b-b7bc-3d31ddf56b2b,synth_fb0cd267f652,gig_worker,tabddpm_synthetic,,['en'],ATO,2024-06-22T12:28:00+00:00,364.69,27.89,26,12,4,Friday,41,851,14,ATO,en,Bank debit card,0
1fc8321f-59c4-48fe-8d84-1f518d8ccc47,synth_6cb328d2e9ec,gig_worker,tabddpm_synthetic,,['en'],ATO,2024-03-28T23:16:00+00:00,5.0,5.89,29,23,6,Sunday,1,645,11,ATO,en,Bank debit card,0
a7056275-27b5-4646-b81e-d71ae9f1c086,synth_335eb1c16465,gig_worker,tabddpm_synthetic,,['en'],ATO,2024-12-28T10:00:00+00:00,507.08,49.75,45,10,0,Monday,7,1,49,ATO,en,Bank debit card,1
6dd4230b-f7a4-4d4d-b9d0-0642dee0f6e1,synth_d75204d166bb,gig_worker,tabddpm_synthetic,,['en'],ATO,2024-10-10T08:03:00+00:00,5.0,3.36,45,8,0,Monday,90,1,0,ATO,en,Bank debit card,0
b553430b-23b9-42ba-b10b-e066a72df87b,synth_76af9437aca4,gig_worker,tabddpm_synthetic,,['en'],ATO,2024-08-22T10:18:00+00:00,5.0,0.22,36,10,0,Monday,13,1041,6,ATO,en,Bank debit card,0
5459aaa0-0d97-4d1c-a576-759feab1007a,synth_2aa6866080f9,gig_worker,tabddpm_synthetic,,['en'],ATO,2024-12-24T08:25:00+00:00,529.92,15.17,33,8,0,Monday,90,1,0,ATO,en,Bank debit card,0
c5e799ae-42a5-476a-bfd7-a3a665069c2a,synth_a6e0ba450314,gig_worker,tabddpm_synthetic,,['en'],ATO,2024-01-25T04:18:00+00:00,76.69,14.47,30,4,4,Friday,62,1,0,ATO,en,Bank debit card,0
644195f6-4b92-4b45-aa91-2b1b470c3bd4,synth_4689adeace2c,gig_worker,tabddpm_synthetic,,['en'],ATO,2024-12-16T11:49:00+00:00,352.07,14.97,40,11,0,Monday,90,1,7,ATO,en,Bank debit card,0
7a7582f6-57a4-47f2-ad62-a5741483a5bf,synth_66d65b3fd55d,gig_worker,tabddpm_synthetic,,['en'],ATO,2024-04-17T20:54:00+00:00,305.42,12.46,24,20,1,Tuesday,90,1,0,ATO,en,Bank debit card,0
0b606d44-8f7f-4f05-956d-df8ac0022a28,synth_16b55782ae22,gig_worker,tabddpm_synthetic,,['en'],ATO,2024-07-18T14:41:00+00:00,5.0,0.0,40,14,2,Wednesday,90,1,4,ATO,en,Bank debit card,0
fb639d23-377a-4cd7-bf29-6de839b8a19d,synth_cefe2daf4ff6,gig_worker,tabddpm_synthetic,,['en'],ATO,2024-12-11T23:27:00+00:00,5.0,0.0,45,23,6,Sunday,0,1,100,ATO,en,Bank debit card,1
98b12ccd-0d45-4fec-a9a8-1febf9700472,synth_62fcd28efa00,gig_worker,tabddpm_synthetic,,['en'],ATO,2024-11-18T09:59:00+00:00,5.0,4.88,43,9,0,Monday,15,1226,0,ATO,en,Bank debit card,0
497146c3-998d-4e10-9dea-d0778ca78945,synth_749cbb558835,gig_worker,tabddpm_synthetic,,['en'],ATO,2024-08-24T08:12:00+00:00,170.07,15.07,32,8,0,Monday,22,1,3,ATO,en,Bank debit card,0
d606bada-5cf0-4e4c-9b57-8db15b8c9348,synth_544c33817673,gig_worker,tabddpm_synthetic,,['en'],ATO,2024-09-16T23:08:00+00:00,6000.0,2895.58,45,23,1,Tuesday,0,1,100,ATO,en,Bank debit card,1
f123da0c-1c47-428e-ab51-3496935e4d5c,synth_b51caf573470,gig_worker,tabddpm_synthetic,,['en'],ATO,2024-09-07T03:20:00+00:00,537.93,35.17,44,3,3,Thursday,14,647,10,ATO,en,Bank debit card,0
fedb9ac3-b32b-489a-b0dd-be9c2a5a8393,synth_e8557eff037f,gig_worker,tabddpm_synthetic,,['en'],ATO,2024-10-27T13:29:00+00:00,406.22,10.98,28,13,0,Monday,90,220,5,ATO,en,Bank debit card,0
2213ac6c-9e33-462a-91d0-8d343ddd324c,synth_468bed737d07,gig_worker,tabddpm_synthetic,,['en'],ATO,2024-08-25T14:57:00+00:00,5.0,3.37,31,14,6,Sunday,8,2000,8,ATO,en,Bank debit card,0
e9867695-3b4e-4469-aa77-bf1c7c223620,synth_a8c1f2516aa1,gig_worker,tabddpm_synthetic,,['en'],ATO,2024-03-15T00:50:00+00:00,494.08,0.0,45,0,0,Monday,90,1,0,ATO,en,Bank debit card,0
38c1a2f2-f4cc-4d74-a650-40705ff83267,synth_a85c8aa8e7d4,gig_worker,tabddpm_synthetic,,['en'],ATO,2024-10-21T12:15:00+00:00,506.34,27.15,20,12,3,Thursday,35,1,5,ATO,en,Bank debit card,0
6abff66c-a848-4c65-960d-732d7ecf5f4e,synth_e1d9efcfccbd,gig_worker,tabddpm_synthetic,,['en'],ATO,2024-01-03T23:29:00+00:00,6000.0,3000.0,45,23,0,Monday,0,1,100,ATO,en,Bank debit card,1
9be88532-1da0-4edd-94d5-a423e725d797,synth_fcf3938a2742,gig_worker,tabddpm_synthetic,,['en'],ATO,2024-01-29T11:18:00+00:00,201.47,9.53,45,11,3,Thursday,84,1,0,ATO,en,Bank debit card,0
51650bb5-9510-4f08-acce-9a29abc5ee92,synth_7fb668092e6c,gig_worker,tabddpm_synthetic,,['en'],ATO,2024-07-22T23:35:00+00:00,6000.0,3000.0,45,23,6,Sunday,18,2000,100,ATO,en,Bank debit card,0
1b1551b2-c4d1-42d1-ba54-f5fd78baf92c,synth_4a31223762bc,gig_worker,tabddpm_synthetic,,['en'],ATO,2024-11-16T11:21:00+00:00,5.0,0.0,45,11,6,Sunday,7,177,0,ATO,en,Bank debit card,0
84a90877-5843-45e5-bbb0-ed26d3221856,synth_8682fded585d,gig_worker,tabddpm_synthetic,,['en'],ATO,2024-02-06T11:09:00+00:00,536.79,22.5,20,11,2,Wednesday,12,1728,3,ATO,en,Bank debit card,0
a9c64171-8a9f-47af-ae3a-cbede761a1e0,synth_0eccbeb85098,gig_worker,tabddpm_synthetic,,['en'],ATO,2024-07-24T23:27:00+00:00,6000.0,3000.0,45,23,0,Monday,0,1,100,ATO,en,Bank debit card,1
468a9e03-7f05-4932-ac94-08e332d88325,synth_4dca1f82630e,gig_worker,tabddpm_synthetic,,['en'],ATO,2024-05-21T23:39:00+00:00,1251.78,106.36,37,23,2,Wednesday,15,85,17,ATO,en,Bank debit card,0
d97bb52c-6834-4cf2-9b8f-b9c4001196f9,synth_d18099049ca8,gig_worker,tabddpm_synthetic,,['en'],ATO,2024-08-27T23:14:00+00:00,6000.0,3000.0,45,23,6,Sunday,0,1,100,ATO,en,Bank debit card,0
3d95bd1a-bfbf-4fd4-a71e-6846384de4a9,synth_dc6c6c5490a1,gig_worker,tabddpm_synthetic,,['en'],ATO,2024-06-02T09:59:00+00:00,273.35,0.0,45,9,0,Monday,90,1,12,ATO,en,Bank debit card,1
ad5e3b9d-b7d2-4d98-921b-926945ad9677,synth_ad29f3bc2bb2,gig_worker,tabddpm_synthetic,,['en'],ATO,2024-08-29T14:42:00+00:00,434.17,22.01,27,14,2,Wednesday,23,1,1,ATO,en,Bank debit card,0
b552b706-2439-4d96-8637-35e2d0abea85,synth_5c2eb1479bb5,gig_worker,tabddpm_synthetic,,['en'],ATO,2024-12-18T09:40:00+00:00,92.57,7.78,41,9,4,Friday,38,257,0,ATO,en,Bank debit card,0
b90b9b2d-a615-423e-a9a3-dcfcea93b81f,synth_024165f6a504,gig_worker,tabddpm_synthetic,,['en'],ATO,2024-02-28T23:51:00+00:00,627.98,18.16,38,23,0,Monday,4,1,10,ATO,en,Bank debit card,0
ca873a78-cfef-4a42-a7cf-0b3b88782f8c,synth_7506a0cb03f9,gig_worker,tabddpm_synthetic,,['en'],ATO,2024-06-14T23:31:00+00:00,187.31,19.05,45,23,1,Tuesday,86,1,31,ATO,en,Bank debit card,1
dcd0ebf3-fa10-4b72-bc6d-f715f056ecea,synth_12d344e5071c,gig_worker,tabddpm_synthetic,,['en'],ATO,2024-06-30T05:30:00+00:00,177.4,0.0,45,5,0,Monday,90,1,2,ATO,en,Bank debit card,0
2e57c837-1d91-4c07-95ae-fadbf9bbe7ce,synth_26089bd26432,gig_worker,tabddpm_synthetic,,['en'],ATO,2024-05-17T06:14:00+00:00,129.97,6.49,38,6,0,Monday,5,2000,6,ATO,en,Bank debit card,0
ba52d673-a92f-4070-bbe3-f77b6e129011,synth_565ac4cabb3b,gig_worker,tabddpm_synthetic,,['en'],ATO,2024-02-01T23:14:00+00:00,362.51,27.16,38,23,5,Saturday,28,1448,1,ATO,en,Bank debit card,0
f4fc77c8-29ad-4d86-8e89-ee12b13b20a2,synth_35a7fe314ffb,gig_worker,tabddpm_synthetic,,['en'],ATO,2024-02-16T23:53:00+00:00,6000.0,3000.0,45,23,0,Monday,90,2000,100,ATO,en,Bank debit card,0
8ef5be15-47e5-442e-a97e-858eb6911d96,synth_5ba97000bc4e,gig_worker,tabddpm_synthetic,,['en'],ATO,2024-04-04T14:54:00+00:00,278.77,20.97,26,14,6,Sunday,3,2000,8,ATO,en,Bank debit card,0
70d5bd37-febf-435f-a216-da5b7fb29485,synth_af77e7597bb4,gig_worker,tabddpm_synthetic,,['en'],ATO,2024-05-14T23:31:00+00:00,5.0,0.0,42,23,6,Sunday,0,1,100,ATO,en,Bank debit card,1
8f9d4693-2f87-47c3-998b-79e56431c08c,synth_ac7d0b492d49,gig_worker,tabddpm_synthetic,,['en'],ATO,2024-06-01T15:21:00+00:00,5.0,3.65,41,15,2,Wednesday,12,414,4,ATO,en,Bank debit card,0
c9f0d40d-7c41-414f-9e6a-16940c128a3f,synth_c65046f73c3c,gig_worker,tabddpm_synthetic,,['en'],ATO,2024-06-29T15:24:00+00:00,3018.94,172.55,45,15,0,Monday,3,1298,15,ATO,en,Bank debit card,0
1eba390b-8b35-47d8-99f5-fdbddec596cc,synth_9d6f5fe12d96,gig_worker,tabddpm_synthetic,,['en'],ATO,2024-12-18T00:34:00+00:00,218.27,0.0,45,0,0,Monday,90,1,0,ATO,en,Bank debit card,0
49630406-66e9-4116-bfe1-b367cc071b01,synth_3706d8121158,gig_worker,tabddpm_synthetic,,['en'],ATO,2024-01-14T04:03:00+00:00,89.97,0.0,45,4,0,Monday,90,1,0,ATO,en,Bank debit card,0
f3242e1d-4506-438c-a4ca-8d3c64ed9699,synth_ffe01c1ee90d,gig_worker,tabddpm_synthetic,,['en'],ATO,2024-09-25T14:22:00+00:00,125.07,5.45,18,14,1,Tuesday,8,1636,3,ATO,en,Bank debit card,0
93bb4f69-2f12-4c76-bea3-b08b597a44a0,synth_f056fd204755,gig_worker,tabddpm_synthetic,,['en'],CashApp,2024-03-20T09:09:00+00:00,103.62,0.0,18,9,1,Tuesday,1,1841,8,CashApp,en,Bank debit card,0
a9ab6b8d-50db-4d05-83aa-624fde435c17,synth_6f31fbfdd1b4,gig_worker,tabddpm_synthetic,,['en'],ATO,2024-03-01T00:54:00+00:00,188.13,11.52,32,0,0,Monday,2,1666,4,ATO,en,Bank debit card,0
4a7b228c-71fb-42bd-b2e6-448e992e77bd,synth_330d1cc48ecd,gig_worker,tabddpm_synthetic,,['en'],ATO,2024-03-11T23:33:00+00:00,6000.0,3000.0,45,23,0,Monday,0,2000,100,ATO,en,Bank debit card,0
f50906ac-462d-4fa9-8138-d5ccf5947ca7,synth_7aebb07e77c7,gig_worker,tabddpm_synthetic,,['en'],ATO,2024-07-30T14:22:00+00:00,197.37,6.6,26,14,0,Monday,48,1,0,ATO,en,Bank debit card,0
77d997e6-3c4f-4830-840c-02b2b34df3bd,synth_e4d6bc61aec5,gig_worker,tabddpm_synthetic,,['en'],ATO,2024-03-20T06:37:00+00:00,334.46,23.98,45,6,0,Monday,4,1527,11,ATO,en,Bank debit card,0
97dfd246-480c-48ed-b21e-aec89f28f375,synth_3007924d6dd2,gig_worker,tabddpm_synthetic,,['en'],ATO,2024-12-22T16:31:00+00:00,28.29,7.26,43,16,4,Friday,10,1053,13,ATO,en,Bank debit card,0
57def227-c2f6-41bb-a3a6-416814f710f1,synth_e9c0d6113be4,gig_worker,tabddpm_synthetic,,['en'],ATO,2024-06-03T23:48:00+00:00,6000.0,3000.0,45,23,0,Monday,0,2000,100,ATO,en,Bank debit card,0
90ef90f0-9fd1-4699-b3fe-16f8a180217e,synth_d057f627a84b,gig_worker,tabddpm_synthetic,,['en'],ATO,2024-04-06T12:15:00+00:00,211.08,15.16,32,12,4,Friday,72,1,0,ATO,en,Bank debit card,0
ab84fb8b-d5c1-4cd0-adee-55d926b02d21,synth_14cf0b947607,gig_worker,tabddpm_synthetic,,['en'],ATO,2024-12-26T05:05:00+00:00,205.66,21.7,26,5,0,Monday,1,1065,15,ATO,en,Bank debit card,0
0d78163a-029d-4724-a34c-cdeee236b17d,synth_b8cd1b9c5b5f,gig_worker,tabddpm_synthetic,,['en'],ATO,2024-06-06T23:43:00+00:00,3723.03,103.61,45,23,0,Monday,6,1,72,ATO,en,Bank debit card,1
899a6a8d-fac4-4717-8344-84fc2f8baa81,synth_6ddc47f4b8c4,gig_worker,tabddpm_synthetic,,['en'],ATO,2024-02-26T12:48:00+00:00,440.34,8.61,22,12,0,Monday,90,1,0,ATO,en,Bank debit card,0
cd5211ec-be9c-4452-933a-801d834c4993,synth_d8f117b9ec3e,gig_worker,tabddpm_synthetic,,['en'],ATO,2024-11-18T01:41:00+00:00,5.0,1.53,28,1,0,Monday,14,123,6,ATO,en,Bank debit card,0
906eb70a-4665-4f45-a2f1-5bccc5aa04a0,synth_1af7deb4bd3c,gig_worker,tabddpm_synthetic,,['en'],ATO,2024-08-29T23:35:00+00:00,1448.8,43.63,45,23,0,Monday,6,1,77,ATO,en,Bank debit card,1
8198c994-9f84-4a35-9c85-ac27bcfff1c1,synth_ef32768d1fb8,gig_worker,tabddpm_synthetic,,['en'],ATO,2024-09-20T12:01:00+00:00,259.62,0.0,33,12,0,Monday,90,1,0,ATO,en,Bank debit card,0
ba993fce-de23-4a7a-a151-36fb55db6d85,synth_02c49f7647ce,gig_worker,tabddpm_synthetic,,['en'],ATO,2024-08-02T11:24:00+00:00,111.88,10.45,23,11,3,Thursday,0,417,10,ATO,en,Bank debit card,0
7ca5c733-4873-4c82-bef3-9ebd20cfb9f3,synth_0f4713e8dfa9,gig_worker,tabddpm_synthetic,,['en'],ATO,2024-10-10T13:21:00+00:00,5.0,0.0,39,13,6,Sunday,3,70,11,ATO,en,Bank debit card,0
e2cf5765-115c-4d26-9c9d-52a5639994f7,synth_5831b93619cc,gig_worker,tabddpm_synthetic,,['en'],ATO,2024-07-05T01:33:00+00:00,523.55,0.0,45,1,0,Monday,90,1,0,ATO,en,Bank debit card,0
4e2d129c-7720-4f23-9b9c-a44b6df42bd5,synth_90f68723bcab,gig_worker,tabddpm_synthetic,,['en'],ATO,2024-11-16T04:59:00+00:00,145.43,5.98,28,4,6,Sunday,0,1,11,ATO,en,Bank debit card,0
d698d83c-b844-4eb4-80a0-e1dc255c9a98,synth_ff39f16dfb38,gig_worker,tabddpm_synthetic,,['en'],ATO,2024-09-29T12:13:00+00:00,52.25,9.14,43,12,2,Wednesday,9,387,3,ATO,en,Bank debit card,0
00095028-1380-491e-931a-d8c6a46dcc5a,synth_849051682738,gig_worker,tabddpm_synthetic,,['en'],ATO,2024-07-07T23:56:00+00:00,110.17,0.0,22,23,6,Sunday,0,624,7,ATO,en,Bank debit card,0
f616a704-c686-4587-88c8-389d4b3af54a,synth_5b090583dad0,gig_worker,tabddpm_synthetic,,['en'],ATO,2024-01-28T00:28:00+00:00,538.9,0.0,23,0,0,Monday,90,1,0,ATO,en,Bank debit card,0
8fdcdef6-dd46-47fd-a2b0-ab39d8d670b0,synth_4cdcc4dccda7,gig_worker,tabddpm_synthetic,,['en'],ATO,2024-10-06T23:15:00+00:00,1036.91,88.23,18,23,6,Sunday,68,1,1,ATO,en,Bank debit card,0
3ce4ae00-c5a5-40ab-878c-48f44126e8f7,synth_0bfbfdcca21f,gig_worker,tabddpm_synthetic,,['en'],ATO,2024-11-06T23:40:00+00:00,195.03,8.41,26,23,6,Sunday,1,1,17,ATO,en,Bank debit card,0
301c6b52-381e-4f68-8d92-927f1ff683d4,synth_7fcef6f1f574,gig_worker,tabddpm_synthetic,,['en'],ATO,2024-09-29T04:47:00+00:00,6000.0,274.42,45,4,0,Monday,2,1117,27,ATO,en,Bank debit card,0
e7dadd7a-e75f-4a48-979a-756db7192903,synth_ffe7c368c9d3,gig_worker,tabddpm_synthetic,,['en'],ATO,2024-12-15T04:24:00+00:00,312.23,12.9,35,4,0,Monday,5,745,8,ATO,en,Bank debit card,0
34010804-3afc-449c-bac2-1b153c4462d7,synth_4230be81d8ba,gig_worker,tabddpm_synthetic,,['en'],ATO,2024-06-21T15:09:00+00:00,1022.79,95.35,44,15,0,Monday,10,399,12,ATO,en,Bank debit card,0
f1d78744-b40d-47f7-9d15-eb9ad1fa3ed4,synth_1c03a3961dbc,gig_worker,tabddpm_synthetic,,['en'],ATO,2024-05-06T12:50:00+00:00,523.68,43.15,34,12,5,Saturday,14,1664,4,ATO,en,Bank debit card,0
b0d382ef-dcb4-4626-a7b4-c3ff0c1e27c4,synth_b06c7b08b1a3,gig_worker,tabddpm_synthetic,,['en'],ATO,2024-02-26T05:58:00+00:00,184.89,0.0,34,5,0,Monday,90,1,0,ATO,en,Bank debit card,0
b9889626-be6d-4dce-9046-46bec1a1152e,synth_8715026d1397,gig_worker,tabddpm_synthetic,,['en'],ATO,2024-08-22T23:05:00+00:00,6000.0,3000.0,45,23,0,Monday,32,1,100,ATO,en,Bank debit card,0
3c499dfe-1df9-4dcc-8577-7d85f2d217c7,synth_a3c9168cebb2,gig_worker,tabddpm_synthetic,,['en'],ATO,2024-10-14T23:24:00+00:00,5.0,23.93,19,23,6,Sunday,20,531,7,ATO,en,Bank debit card,0
482f8e01-2e38-45f3-9c95-983ea8f57755,synth_4d19ca60b15d,gig_worker,tabddpm_synthetic,,['en'],ATO,2024-06-10T06:03:00+00:00,208.36,18.42,38,6,5,Saturday,0,702,8,ATO,en,Bank debit card,0
ad69be99-ae84-4275-bee3-ac79e338a66a,synth_063103d90957,gig_worker,tabddpm_synthetic,,['en'],ATO,2024-12-03T23:02:00+00:00,6000.0,3000.0,45,23,0,Monday,0,2000,100,ATO,en,Bank debit card,0
af3011ad-0cf9-438d-a15c-c3d026e583a1,synth_3cb926db7813,gig_worker,tabddpm_synthetic,,['en'],ATO,2024-01-06T14:31:00+00:00,85.41,3.61,30,14,0,Monday,90,1,0,ATO,en,Bank debit card,0
aa48f091-4e0a-4fd4-a6b1-83395ac3b753,synth_47d4e1bcd9e9,gig_worker,tabddpm_synthetic,,['en'],ATO,2024-01-12T23:18:00+00:00,6000.0,3000.0,45,23,0,Monday,90,1934,100,ATO,en,Bank debit card,0
105d6bb3-33d7-4de5-a1ae-6d69bb6dea65,synth_d2831b5fedab,gig_worker,tabddpm_synthetic,,['en'],ATO,2024-03-09T00:10:00+00:00,22.69,0.0,45,0,0,Monday,90,1,0,ATO,en,Bank debit card,0
d68bfbf2-167d-40ac-9a41-012267b868e7,synth_7fda5abbf2b3,gig_worker,tabddpm_synthetic,,['en'],ATO,2024-06-06T06:45:00+00:00,5.0,6.59,42,6,0,Monday,0,565,5,ATO,en,Bank debit card,0
8a288e2d-0828-46ee-a13b-08ffbca7781a,synth_27100f036112,gig_worker,tabddpm_synthetic,,['en'],ATO,2024-10-29T23:37:00+00:00,6000.0,3000.0,45,23,0,Monday,90,1170,100,ATO,en,Bank debit card,0
990c06c0-d9d2-44b3-b209-69dd3c92a5c7,synth_26146b586946,gig_worker,tabddpm_synthetic,,['en'],ATO,2024-09-03T10:37:00+00:00,55.86,8.56,18,10,6,Sunday,14,303,3,ATO,en,Bank debit card,0
cb15cf33-3946-4fa2-9c86-c4fd1fa2f301,synth_8b1477a3be6b,gig_worker,tabddpm_synthetic,,['en'],ATO,2024-12-18T23:32:00+00:00,9.43,22.95,22,23,6,Sunday,2,602,25,ATO,en,Bank debit card,0
2b17575d-39c5-491c-b334-ed76e6f28a1f,synth_48880e17927b,gig_worker,tabddpm_synthetic,,['en'],ATO,2024-11-18T17:15:00+00:00,5.0,0.0,27,17,3,Thursday,20,330,2,ATO,en,Bank debit card,0
b21abd8d-d799-4c64-b17f-56986461fd74,synth_1ac92a800430,gig_worker,tabddpm_synthetic,,['en'],ATO,2024-04-19T06:08:00+00:00,366.49,0.0,45,6,3,Thursday,90,1,1,ATO,en,Bank debit card,0
28f900fa-35e0-4e5c-978a-41fcdca92014,synth_213e8c987373,gig_worker,tabddpm_synthetic,,['en'],ATO,2024-04-12T23:25:00+00:00,5.0,0.0,45,23,6,Sunday,0,1,100,ATO,en,Bank debit card,1
f13c71c2-47b0-4c4f-a538-a24dd18a67b0,synth_a6047f0cf314,gig_worker,tabddpm_synthetic,,['en'],ATO,2024-01-29T08:29:00+00:00,441.26,24.06,43,8,5,Saturday,26,988,11,ATO,en,Bank debit card,0
9afde6f9-ba10-4c52-b6e7-70daf963629c,synth_2b29e40c2bb1,gig_worker,tabddpm_synthetic,,['en'],ATO,2024-11-13T22:08:00+00:00,337.06,24.94,22,22,2,Wednesday,66,1,0,ATO,en,Bank debit card,0
ecfd0f96-a7bb-4e37-b46a-bb89e541b23b,synth_ecc82ede2afc,gig_worker,tabddpm_synthetic,,['en'],ATO,2024-02-16T00:55:00+00:00,718.44,0.0,33,0,0,Monday,90,1,0,ATO,en,Bank debit card,0
f1dc8bff-6c2c-47eb-84ae-27376e0ff364,synth_3e5813f86d38,gig_worker,tabddpm_synthetic,,['en'],ATO,2024-06-27T11:05:00+00:00,15.84,0.0,45,11,6,Sunday,7,1595,0,ATO,en,Bank debit card,0
94f93d66-7589-42e5-8083-cf7a6fd72286,synth_32426b153afe,gig_worker,tabddpm_synthetic,,['en'],ATO,2024-11-15T00:21:00+00:00,3300.4,0.0,18,0,0,Monday,90,1,0,ATO,en,Bank debit card,0
5bac031f-c2a5-4e13-b567-b438976560d1,synth_28a41eae78b1,gig_worker,tabddpm_synthetic,,['en'],ATO,2024-08-16T23:59:00+00:00,997.55,110.16,32,23,3,Thursday,0,1,14,ATO,en,Bank debit card,0
13052c2b-4d34-4465-915e-115a719f7d04,synth_ad624d843afd,gig_worker,tabddpm_synthetic,,['en'],ATO,2024-06-17T23:35:00+00:00,6000.0,3000.0,45,23,0,Monday,90,2000,100,ATO,en,Bank debit card,0
7902575c-cae0-43b5-b64e-13b072f16b73,synth_88c625e444d1,gig_worker,tabddpm_synthetic,,['en'],ATO,2024-10-24T14:58:00+00:00,551.76,0.0,45,14,0,Monday,90,1,0,ATO,en,Bank debit card,0
f0b1e89f-d87e-4e3c-a594-69b074e766f0,synth_e40ae1299b29,gig_worker,tabddpm_synthetic,,['en'],ATO,2024-06-18T23:10:00+00:00,5.0,0.0,45,23,6,Sunday,0,1,100,ATO,en,Bank debit card,1
c4c54f08-0dcc-4bb8-a15b-9b46d1af4bcf,synth_1325d8fc46e7,gig_worker,tabddpm_synthetic,,['en'],ATO,2024-01-04T23:04:00+00:00,6000.0,3000.0,45,23,0,Monday,90,2000,100,ATO,en,Bank debit card,0
5d0af920-7b11-4d22-b5d4-be2f98f0e33e,synth_500437191f51,gig_worker,tabddpm_synthetic,,['en'],CashApp,2024-12-15T15:30:00+00:00,413.27,30.87,18,15,4,Friday,21,1,10,CashApp,en,Bank debit card,0
44a5c7c4-1182-483a-8286-6f2aaa5f9bd7,synth_b1a081d8dc40,gig_worker,tabddpm_synthetic,,['en'],ATO,2024-10-27T23:35:00+00:00,581.46,56.36,20,23,5,Saturday,78,1,0,ATO,en,Bank debit card,0
6d9438de-eb09-484f-bc91-49008681a446,synth_d5b52d9df61e,gig_worker,tabddpm_synthetic,,['en'],ATO,2024-01-07T05:00:00+00:00,93.25,8.28,44,5,5,Saturday,8,433,0,ATO,en,Bank debit card,0
7cf6baba-8f10-49f0-9fbd-1b61d8bc9cca,synth_d85ab5463ad9,gig_worker,tabddpm_synthetic,,['en'],ATO,2024-08-15T23:17:00+00:00,6000.0,3000.0,45,23,0,Monday,90,2000,100,ATO,en,Bank debit card,0
b9110834-e5ca-4616-8970-8f0ec423f84d,synth_dbf5aab83687,gig_worker,tabddpm_synthetic,,['en'],ATO,2024-12-30T20:07:00+00:00,47.8,5.18,45,20,4,Friday,7,1725,18,ATO,en,Bank debit card,0
7ebcebab-0349-408b-9c2b-328494134989,synth_6881fa547ead,gig_worker,tabddpm_synthetic,,['en'],ATO,2024-07-15T16:55:00+00:00,229.04,9.31,37,16,5,Saturday,33,1501,3,ATO,en,Bank debit card,0
23307972-3fd6-46b0-859d-35475641d028,synth_fe22c301d83b,gig_worker,tabddpm_synthetic,,['en'],ATO,2024-12-29T08:51:00+00:00,90.71,2.87,19,8,3,Thursday,20,903,4,ATO,en,Bank debit card,0
d35925f4-c6be-4d57-ac7a-120837c0cbef,synth_f52added532c,gig_worker,tabddpm_synthetic,,['en'],ATO,2024-05-31T13:05:00+00:00,5.0,2.06,45,13,6,Sunday,7,1772,0,ATO,en,Bank debit card,0
ea47cf42-4815-45d9-9fb9-1d18c7dd291c,synth_a8334e4c059f,gig_worker,tabddpm_synthetic,,['en'],ATO,2024-03-11T00:34:00+00:00,74.74,0.0,45,0,0,Monday,90,1,0,ATO,en,Bank debit card,0
088ee510-9753-434f-92c0-d612b73c7d4c,synth_60491c7085c9,gig_worker,tabddpm_synthetic,,['en'],ATO,2024-10-13T23:10:00+00:00,6000.0,3000.0,45,23,0,Monday,90,2000,100,ATO,en,Bank debit card,0
08e0413c-e0fd-45cd-a82f-400d4f7bc5fd,synth_0319c23f6cb5,gig_worker,tabddpm_synthetic,,['en'],ATO,2024-08-16T22:15:00+00:00,152.84,4.4,29,22,5,Saturday,37,439,6,ATO,en,Bank debit card,0
73b8f2df-9a3b-490d-b5ad-67f0c4397944,synth_588d8b5e95c8,gig_worker,tabddpm_synthetic,,['en'],ATO,2024-09-18T09:45:00+00:00,96.36,0.0,38,9,1,Tuesday,90,1,1,ATO,en,Bank debit card,0
9289cb14-0a02-43a5-8eca-bbc7d4b97b95,synth_16a87b4b7003,gig_worker,tabddpm_synthetic,,['en'],ATO,2024-11-25T10:56:00+00:00,422.85,10.23,42,10,0,Monday,90,1,0,ATO,en,Bank debit card,0
e22db7b2-7ec1-49b8-8e6e-88a36a7d1d0c,synth_a0b05243735f,gig_worker,tabddpm_synthetic,,['en'],ATO,2024-03-14T09:51:00+00:00,5.0,7.57,38,9,4,Friday,49,1,4,ATO,en,Bank debit card,0
cabc1baa-4e6f-4550-8db8-05126f9d89bd,synth_a43103166098,gig_worker,tabddpm_synthetic,,['en'],ATO,2024-04-03T23:53:00+00:00,6000.0,3000.0,45,23,0,Monday,90,2000,100,ATO,en,Bank debit card,0
02b73d2f-1adf-4c61-b5e4-e566fb863f2f,synth_795eb6917ec6,gig_worker,tabddpm_synthetic,,['en'],ATO,2024-09-04T00:27:00+00:00,366.25,0.0,36,0,0,Monday,90,1,0,ATO,en,Bank debit card,0
e95fcae0-a13b-444b-9654-8a6ebc119105,synth_e2e54fdbe6be,gig_worker,tabddpm_synthetic,,['en'],ATO,2024-05-08T23:29:00+00:00,6000.0,3000.0,45,23,0,Monday,90,2000,100,ATO,en,Bank debit card,0
81239c86-6340-4aee-a5a8-ee328b276dfe,synth_312994236a19,gig_worker,tabddpm_synthetic,,['en'],ATO,2024-02-05T11:10:00+00:00,5.0,3.75,45,11,3,Thursday,2,1068,3,ATO,en,Bank debit card,0
8c3ad8d2-198a-4827-89d0-5dddd7fc8c75,synth_acaa231b3954,gig_worker,tabddpm_synthetic,,['en'],ATO,2024-11-18T11:12:00+00:00,93.46,3.48,22,11,0,Monday,0,1310,3,ATO,en,Bank debit card,0
d01f4d1b-7647-4719-87ee-cde555648909,synth_76735317b6b0,gig_worker,tabddpm_synthetic,,['en'],ATO,2024-06-27T23:38:00+00:00,121.88,4.3,45,23,4,Friday,45,751,9,ATO,en,Bank debit card,0
661d8216-f65c-4934-94ce-062143d73090,synth_bcfbdb0cca5e,gig_worker,tabddpm_synthetic,,['en'],ATO,2024-10-28T23:07:00+00:00,6000.0,3000.0,45,23,0,Monday,90,1,100,ATO,en,Bank debit card,0
638e8f28-5f0c-472c-855c-530d400e7d3a,synth_0a334d43081f,gig_worker,tabddpm_synthetic,,['en'],ATO,2024-03-15T14:11:00+00:00,463.95,18.63,45,14,3,Thursday,9,613,5,ATO,en,Bank debit card,0
d9a767f9-34fe-4c6c-a2ac-a150840da531,synth_92c5bb9d7149,gig_worker,tabddpm_synthetic,,['en'],ATO,2024-09-22T23:21:00+00:00,1890.57,50.87,45,23,4,Friday,3,1,93,ATO,en,Bank debit card,1
f2d756fb-d93e-4eaf-9468-7567b2f17cde,synth_f06bd259cfe9,gig_worker,tabddpm_synthetic,,['en'],ATO,2024-12-17T11:40:00+00:00,641.55,19.39,37,11,1,Tuesday,5,1130,5,ATO,en,Bank debit card,0
cdbf01a5-77f8-411f-82aa-095bceadbf93,synth_ef4de17a44c1,gig_worker,tabddpm_synthetic,,['en'],ATO,2024-03-05T23:34:00+00:00,6000.0,358.83,44,23,6,Sunday,0,1,70,ATO,en,Bank debit card,1
90663b27-1afb-41bf-a0da-71e56dabae83,synth_274ed389c285,gig_worker,tabddpm_synthetic,,['en'],ATO,2024-11-09T10:48:00+00:00,39.38,0.0,37,10,0,Monday,90,1,0,ATO,en,Bank debit card,0
9b2ba6bb-7729-4231-9736-cacbe0846b3d,synth_5d1698358f45,gig_worker,tabddpm_synthetic,,['en'],ATO,2024-02-29T07:15:00+00:00,284.48,11.51,18,7,0,Monday,33,189,3,ATO,en,Bank debit card,0
3b985859-82d0-4c7c-9873-b23abf723585,synth_2fd2f919b0fa,gig_worker,tabddpm_synthetic,,['en'],ATO,2024-07-17T23:33:00+00:00,6000.0,3000.0,45,23,0,Monday,90,2000,100,ATO,en,Bank debit card,0
ccd90a0a-b58a-413b-90ff-9863f0d1dc2e,synth_35c5792c0c4c,gig_worker,tabddpm_synthetic,,['en'],ATO,2024-02-08T23:24:00+00:00,6000.0,3000.0,45,23,0,Monday,90,2000,100,ATO,en,Bank debit card,0
aed54715-244a-40ae-becf-ab44e5203611,synth_5a6a8bc058c1,gig_worker,tabddpm_synthetic,,['en'],ATO,2024-02-13T11:31:00+00:00,5.0,2.2,18,11,0,Monday,10,284,8,ATO,en,Bank debit card,0
d897e88f-c4b2-410d-8841-72e5ded499ae,synth_47f447549384,gig_worker,tabddpm_synthetic,,['en'],ATO,2024-09-26T23:32:00+00:00,6000.0,3000.0,45,23,0,Monday,0,2000,100,ATO,en,Bank debit card,0
b9e71e80-f9a5-4334-a07f-7b5deda1eb0a,synth_e1e0ff23b056,gig_worker,tabddpm_synthetic,,['en'],ATO,2024-08-22T11:27:00+00:00,411.56,7.4,45,11,1,Tuesday,90,1,2,ATO,en,Bank debit card,0
db389297-d29b-49e1-a803-546eaab01db1,synth_54e3d8bb5249,gig_worker,tabddpm_synthetic,,['en'],ATO,2024-03-23T23:28:00+00:00,43.15,0.0,30,23,6,Sunday,2,1,7,ATO,en,Bank debit card,0
0de2bee8-4717-4191-8c07-ab2b8478f5f4,synth_639e7c6cfdca,gig_worker,tabddpm_synthetic,,['en'],ATO,2024-11-27T07:44:00+00:00,745.08,30.78,45,7,0,Monday,6,2000,3,ATO,en,Bank debit card,0
6fd1e9a9-9427-45d0-a997-c1a1ce3a2453,synth_9bd7bfc9b3f6,gig_worker,tabddpm_synthetic,,['en'],ATO,2024-12-26T23:18:00+00:00,6000.0,3000.0,45,23,0,Monday,88,2000,100,ATO,en,Bank debit card,0
c620f4cb-2b72-4be2-8a80-912fc8d7ae73,synth_0cb2af9c4139,gig_worker,tabddpm_synthetic,,['es'],ATO,2024-08-21T09:52:00+00:00,52.25,10.1,31,9,1,Tuesday,4,1141,7,ATO,es,Bank debit card,0
b456050c-5c43-4a51-831b-17184826e5e7,synth_ea9b5cc7b33b,gig_worker,tabddpm_synthetic,,['en'],ATO,2024-05-24T23:36:00+00:00,6000.0,3000.0,45,23,0,Monday,90,2000,100,ATO,en,Bank debit card,0
6e81b936-8446-4cbf-854a-d5be39576ae4,synth_e6948475716f,gig_worker,tabddpm_synthetic,,['en'],ATO,2024-05-13T07:30:00+00:00,179.7,9.74,35,7,0,Monday,90,1,2,ATO,en,Bank debit card,0
c114988f-71f7-43b6-b1fc-84dbe30a8ab1,synth_2abfc091d1bb,gig_worker,tabddpm_synthetic,,['en'],ATO,2024-01-14T00:01:00+00:00,209.36,0.0,45,0,0,Monday,90,1,0,ATO,en,Bank debit card,0
fc3c14a8-afcc-4995-8f0c-1a3820d9430d,synth_daca1fbb3d0e,gig_worker,tabddpm_synthetic,,['en'],ATO,2024-06-29T08:19:00+00:00,204.74,0.0,21,8,5,Saturday,90,1,0,ATO,en,Bank debit card,0
0af35324-1d11-4837-9dd9-6f4cdedcfa96,synth_2d56916f03f0,gig_worker,tabddpm_synthetic,,['en'],ATO,2024-09-12T00:15:00+00:00,6000.0,3000.0,45,0,0,Monday,90,2000,100,ATO,en,Bank debit card,0
ecbe5ae4-cdf8-44e5-93e8-9a0efd3d34ad,synth_fb6bb7070db6,gig_worker,tabddpm_synthetic,,['en'],ATO,2024-07-17T23:09:00+00:00,593.2,58.1,18,23,5,Saturday,63,1,0,ATO,en,Bank debit card,0
013632ab-0c4c-461a-9986-1e5323165dcc,synth_1c948651774f,gig_worker,tabddpm_synthetic,,['en'],ATO,2024-06-28T15:28:00+00:00,119.62,4.07,45,15,6,Sunday,0,1781,6,ATO,en,Bank debit card,0
28449e0b-5a28-48ee-8392-efe2c0a3aa83,synth_514d5adc1230,gig_worker,tabddpm_synthetic,,['en'],ATO,2024-06-30T00:36:00+00:00,870.4,0.0,31,0,0,Monday,90,1,0,ATO,en,Bank debit card,0
361cc83b-f031-412f-bccd-ebb744694b56,synth_0a3c67b4cb3e,gig_worker,tabddpm_synthetic,,['en'],ATO,2024-09-20T13:05:00+00:00,5.0,2.0,30,13,4,Friday,70,1,0,ATO,en,Bank debit card,0
6b183275-1a60-4f70-8c6e-8cf58848c615,synth_dd248adb2235,gig_worker,tabddpm_synthetic,,['en'],ATO,2024-12-10T11:21:00+00:00,87.27,0.0,43,11,0,Monday,6,1134,3,ATO,en,Bank debit card,0
3efe98fc-145b-4cc0-986c-2587a6a08adf,synth_7bcacda3e1c2,gig_worker,tabddpm_synthetic,,['en'],ATO,2024-03-09T23:12:00+00:00,5.0,0.0,45,23,6,Sunday,0,1,100,ATO,en,Bank debit card,1
08a500b4-6e4a-46b3-8162-8487b3bafb31,synth_1d769121af9d,gig_worker,tabddpm_synthetic,,['en'],ATO,2024-03-21T10:22:00+00:00,170.59,0.0,45,10,1,Tuesday,90,1,0,ATO,en,Bank debit card,0
24b1263a-e75c-48c7-9b45-ccdca9966afc,synth_a49619939efd,gig_worker,tabddpm_synthetic,,['en'],ATO,2024-10-14T06:52:00+00:00,211.44,5.83,39,6,5,Saturday,5,2000,8,ATO,en,Bank debit card,0
75050440-efab-4c0e-b523-fbe545e87550,synth_52841d315a94,gig_worker,tabddpm_synthetic,,['en'],ATO,2024-11-18T13:20:00+00:00,5.0,11.37,25,13,4,Friday,36,263,11,ATO,en,Bank debit card,0
81b5662f-d156-4d0b-aeea-be545746da7b,synth_0351f0b3a973,gig_worker,tabddpm_synthetic,,['en'],ATO,2024-08-30T00:52:00+00:00,5.81,0.0,26,0,0,Monday,90,1,0,ATO,en,Bank debit card,0
7eb71ee4-486c-4508-9dcb-de838746a7b5,synth_e257a823b564,gig_worker,tabddpm_synthetic,,['en'],ATO,2024-11-19T09:24:00+00:00,351.08,7.88,29,9,0,Monday,90,1,1,ATO,en,Bank debit card,0
c5089327-68a5-4594-ace8-68d43566b952,synth_449492899837,gig_worker,tabddpm_synthetic,,['en'],ATO,2024-12-20T16:47:00+00:00,5.0,0.0,41,16,6,Sunday,14,289,0,ATO,en,Bank debit card,0
4bdadb5d-4c40-4335-9463-5f04888bed87,synth_533e2f420720,gig_worker,tabddpm_synthetic,,['en'],ATO,2024-05-31T09:46:00+00:00,415.02,24.59,40,9,0,Monday,7,1,3,ATO,en,Bank debit card,0
66b8b241-ab9b-4947-9ebe-477737b77faf,synth_853ae06f212a,gig_worker,tabddpm_synthetic,,['en'],ATO,2024-07-06T23:16:00+00:00,6000.0,3000.0,45,23,0,Monday,0,1,100,ATO,en,Bank debit card,0
ec72e6a6-7852-4570-a0ba-7e3f1449a660,synth_ee16d6a82d91,gig_worker,tabddpm_synthetic,,['en'],ATO,2024-12-06T08:54:00+00:00,5.0,5.93,45,8,0,Monday,0,1110,8,ATO,en,Bank debit card,0
26fc68a0-ce14-489c-9ef8-32b754af5acc,synth_bac957f2ea56,gig_worker,tabddpm_synthetic,,['en'],ATO,2024-05-21T04:34:00+00:00,847.59,33.67,35,4,4,Friday,4,1,7,ATO,en,Bank debit card,0
36b7dd4b-9100-4474-8b79-89858fc3139c,synth_3c5c892f6f52,gig_worker,tabddpm_synthetic,,['en'],ATO,2024-10-17T11:33:00+00:00,5.0,0.0,31,11,2,Wednesday,52,1,0,ATO,en,Bank debit card,0
232326ad-f70a-41fa-958d-accb8301ddf5,synth_9f61cf3a87af,gig_worker,tabddpm_synthetic,,['en'],CashApp,2024-09-09T08:36:00+00:00,484.07,32.82,23,8,1,Tuesday,3,1470,10,CashApp,en,Bank debit card,0
a90211af-a955-4e66-9a03-1a0bf419accb,synth_65156d94e660,gig_worker,tabddpm_synthetic,,['en'],ATO,2024-12-23T09:14:00+00:00,5.0,0.0,29,9,3,Thursday,0,1676,5,ATO,en,Bank debit card,0
8b7e7547-169e-4df2-8324-0d5e44ad6916,synth_baedf8b066ba,gig_worker,tabddpm_synthetic,,['en'],ATO,2024-08-10T23:29:00+00:00,5.0,0.0,41,23,6,Sunday,0,1,61,ATO,en,Bank debit card,1
f5fa52cc-e09d-4f72-993d-cffab20ecc2b,synth_c6fb5db5b999,gig_worker,tabddpm_synthetic,,['en'],ATO,2024-04-14T23:34:00+00:00,5.0,0.0,45,23,6,Sunday,0,1,100,ATO,en,Bank debit card,1
2ef9c664-22e9-4754-977f-332a5e211e8b,synth_524174646c67,gig_worker,tabddpm_synthetic,,['en'],ATO,2024-12-07T23:06:00+00:00,6000.0,3000.0,45,23,0,Monday,90,2000,100,ATO,en,Bank debit card,0
6c8fca94-d9aa-4c1b-bf0e-5a077cdc28d7,synth_c1742bb21818,gig_worker,tabddpm_synthetic,,['en'],ATO,2024-01-28T15:09:00+00:00,88.51,7.42,36,15,2,Wednesday,27,1774,4,ATO,en,Bank debit card,0
0eff9fab-ebed-437f-9331-c358cf25f3df,synth_9a49efa57abf,gig_worker,tabddpm_synthetic,,['en'],ATO,2024-02-14T04:57:00+00:00,5.0,0.0,45,4,1,Tuesday,90,1,0,ATO,en,Bank debit card,0
7f8644b5-f154-4b13-a8fc-4d7fd512d111,synth_cd1d40e23405,gig_worker,tabddpm_synthetic,,['en'],ATO,2024-04-30T23:03:00+00:00,402.26,28.15,29,23,6,Sunday,57,1,0,ATO,en,Bank debit card,0
ae325650-7385-4ebc-aabb-08dcc66d498d,synth_d9614a98d8d3,gig_worker,tabddpm_synthetic,,['en'],ATO,2024-11-24T00:46:00+00:00,630.75,46.72,45,0,0,Monday,0,1,21,ATO,en,Bank debit card,1
d5d9a54b-8d4f-4215-9ad4-0fff53838dd9,synth_5d481c363341,gig_worker,tabddpm_synthetic,,['en'],ATO,2024-05-23T23:06:00+00:00,6000.0,3000.0,45,23,0,Monday,0,2000,100,ATO,en,Bank debit card,0
97a84a46-bebe-4df0-b733-0f3f94825297,synth_87d8b5edd2a0,gig_worker,tabddpm_synthetic,,['en'],ATO,2024-12-03T05:30:00+00:00,332.76,0.0,43,5,0,Monday,90,1,0,ATO,en,Bank debit card,0
7a7b1d96-8630-49ad-8392-90f27ff07325,synth_7c3dc719130a,gig_worker,tabddpm_synthetic,,['en'],ATO,2024-02-02T00:25:00+00:00,561.83,0.0,45,0,0,Monday,90,1,0,ATO,en,Bank debit card,0
87fa39b4-0e36-4f24-8eea-9b3625d3d7ec,synth_c1ab77f8637c,gig_worker,tabddpm_synthetic,,['en'],ATO,2024-04-19T23:46:00+00:00,6000.0,3000.0,45,23,0,Monday,60,2000,100,ATO,en,Bank debit card,0
0fd6dded-4b4c-4dd2-9065-dbc9dc409b1d,synth_8979d07633ae,gig_worker,tabddpm_synthetic,,['en'],ATO,2024-02-06T17:15:00+00:00,5.0,0.0,30,17,1,Tuesday,90,1,8,ATO,en,Bank debit card,0
8d0e8402-cc19-49c2-83ec-0272eb74aa9b,synth_19fcbcc75b2b,gig_worker,tabddpm_synthetic,,['en'],ATO,2024-06-24T23:55:00+00:00,6000.0,3000.0,45,23,0,Monday,90,2000,100,ATO,en,Bank debit card,0
b163cad4-4d6b-4e67-a9ad-6308c0eaf4cf,synth_b5d8e79ed9fa,gig_worker,tabddpm_synthetic,,['en'],ATO,2024-10-27T09:10:00+00:00,5.0,0.0,45,9,5,Saturday,90,1,0,ATO,en,Bank debit card,0
55d33bb6-9dbf-4e47-a646-012eebddbfaa,synth_58d296bc408d,gig_worker,tabddpm_synthetic,,['en'],ATO,2024-11-09T07:03:00+00:00,199.58,21.3,24,7,0,Monday,17,1,9,ATO,en,Bank debit card,0
a2e0e299-9dee-497b-988d-75a09092a375,synth_d3934997c33b,gig_worker,tabddpm_synthetic,,['en'],ATO,2024-08-14T23:02:00+00:00,6000.0,3000.0,45,23,0,Monday,90,1,100,ATO,en,Bank debit card,0
9a0efc14-5155-43a1-af48-b70f79f84964,synth_fad6c5922d2a,gig_worker,tabddpm_synthetic,,['en'],ATO,2024-09-05T14:23:00+00:00,5.0,0.31,19,14,2,Wednesday,8,1057,6,ATO,en,Bank debit card,0
171ce429-0a24-4036-bb6c-a42b34fdad26,synth_3ec1c6af4938,gig_worker,tabddpm_synthetic,,['en'],ATO,2024-06-12T00:52:00+00:00,1030.75,0.0,42,0,0,Monday,90,1,0,ATO,en,Bank debit card,0
faa4aea6-fe53-4c3d-a3fc-1067fd34d775,synth_ae6d0b558511,gig_worker,tabddpm_synthetic,,['en'],ATO,2024-11-20T11:08:00+00:00,21.8,2.27,32,11,5,Saturday,0,1277,3,ATO,en,Bank debit card,0
c106c52c-92fd-45e1-b138-023092d2056d,synth_32fec507d86c,gig_worker,tabddpm_synthetic,,['en'],ATO,2024-11-21T19:06:00+00:00,236.38,14.35,37,19,1,Tuesday,4,798,5,ATO,en,Bank debit card,0
b9845b7d-73a7-4e3e-a1e0-4e1cd540ef7b,synth_1344b29e9c3d,gig_worker,tabddpm_synthetic,,['en'],ATO,2024-12-22T00:19:00+00:00,597.48,0.0,45,0,0,Monday,90,1,0,ATO,en,Bank debit card,0
8e73472b-e5a4-4e4d-a696-6e97088fc6b5,synth_11d14037fd75,gig_worker,tabddpm_synthetic,,['en'],ATO,2024-01-01T23:03:00+00:00,6000.0,3000.0,45,23,0,Monday,90,2000,100,ATO,en,Bank debit card,0
f0fe3907-90ca-4671-8014-4afddc347a71,synth_bb2ecf5e6357,gig_worker,tabddpm_synthetic,,['en'],ATO,2024-04-03T23:11:00+00:00,5.0,0.0,44,23,6,Sunday,0,1,72,ATO,en,Bank debit card,0
2bb94ae7-e7dc-48d0-98e8-54ac5801ea8b,synth_59901aa70893,gig_worker,tabddpm_synthetic,,['en'],ATO,2024-09-17T23:15:00+00:00,6000.0,3000.0,45,23,0,Monday,90,1,100,ATO,en,Bank debit card,0
f58dbb7b-2245-4521-b902-e090d740c0c2,synth_8a6b15cbb4d7,gig_worker,tabddpm_synthetic,,['en'],ATO,2024-08-18T10:53:00+00:00,5.0,0.0,45,10,2,Wednesday,90,1,0,ATO,en,Bank debit card,0
996db85e-a47a-4f8d-a2f4-a93d58916b10,synth_798ea02ea9b7,gig_worker,tabddpm_synthetic,,['en'],ATO,2024-07-30T23:15:00+00:00,737.94,35.9,36,23,0,Monday,43,1,0,ATO,en,Bank debit card,0
50977f3b-93ec-4bac-9b66-3bb1606cf3cb,synth_f1af2bde2201,gig_worker,tabddpm_synthetic,,['en'],ATO,2024-07-13T23:41:00+00:00,5.0,0.0,45,23,1,Tuesday,5,1458,11,ATO,en,Bank debit card,0
81ffacb1-4326-4dd1-b8f5-52ab36d79fd7,synth_e31f4560cb92,gig_worker,tabddpm_synthetic,,['en'],ATO,2024-08-21T23:47:00+00:00,6000.0,3000.0,45,23,0,Monday,90,2000,100,ATO,en,Bank debit card,0
24c0244b-04cd-4118-8d81-bd2c4b33e1dc,synth_45fddb5ca7c0,gig_worker,tabddpm_synthetic,,['en'],ATO,2024-02-04T23:57:00+00:00,6000.0,3000.0,45,23,0,Monday,90,2000,100,ATO,en,Bank debit card,0
fe5b4a2e-958b-4ff0-8b49-a31817ae2f11,synth_69a114c94b53,gig_worker,tabddpm_synthetic,,['en'],ATO,2024-08-26T08:29:00+00:00,200.8,7.66,42,8,4,Friday,9,1649,5,ATO,en,Bank debit card,0
3a7ddfdd-35d9-41fc-a726-65b139000070,synth_b285c351c6bd,gig_worker,tabddpm_synthetic,,['en'],ATO,2024-06-09T09:51:00+00:00,141.3,8.74,45,9,6,Sunday,12,1526,0,ATO,en,CashApp,0
e62c8f35-f914-4272-8115-611ee05b35f5,synth_b972ecb66d93,gig_worker,tabddpm_synthetic,,['en'],ATO,2024-10-29T19:45:00+00:00,80.89,15.07,29,19,3,Thursday,6,1252,13,ATO,en,Bank debit card,0
da04d55c-a425-4692-a58c-d0b97b329406,synth_d448c8c7f518,gig_worker,tabddpm_synthetic,,['en'],ATO,2024-02-28T06:11:00+00:00,166.61,0.0,32,6,0,Monday,90,1,3,ATO,en,Bank debit card,0
1b10502c-29ac-4c44-9493-ec0285317a15,synth_0ab8d2b9bc0c,gig_worker,tabddpm_synthetic,,['en'],ATO,2024-07-15T17:31:00+00:00,5.0,0.0,33,17,4,Friday,22,266,1,ATO,en,Bank debit card,0
c85dd865-6649-4cf9-90e5-d26d91ac67be,synth_07dd8a270077,gig_worker,tabddpm_synthetic,,['en'],ATO,2024-12-01T23:45:00+00:00,5.0,0.0,45,23,6,Sunday,0,1,100,ATO,en,Bank debit card,1
f2544aea-979d-4d71-887e-1d4bddcdcf49,synth_e1ea7235a4a3,gig_worker,tabddpm_synthetic,,['en'],ATO,2024-08-27T09:58:00+00:00,152.77,16.52,37,9,1,Tuesday,2,2000,12,ATO,en,Bank debit card,0
5648a471-2ea6-4bce-ac9e-2cd4854c46d8,synth_baf6eb2ce260,gig_worker,tabddpm_synthetic,,['en'],ATO,2024-02-18T12:44:00+00:00,5.0,1.91,18,12,1,Tuesday,28,1373,11,ATO,en,Bank debit card,0
2c80b4a5-1b91-4abb-981d-87fb34a1b08f,synth_4f51bb99487b,gig_worker,tabddpm_synthetic,,['en'],ATO,2024-06-25T23:30:00+00:00,6000.0,3000.0,45,23,0,Monday,90,2000,100,ATO,en,Bank debit card,0
9d1ad608-6b24-4b4a-b7f4-886329fcf405,synth_20f058be040a,gig_worker,tabddpm_synthetic,,['en'],ATO,2024-02-23T23:17:00+00:00,6000.0,3000.0,45,23,0,Monday,0,1763,100,ATO,en,Bank debit card,0
3b48c7f8-f5d5-40a1-8ad6-aa07e93eceae,synth_651db9950b1a,gig_worker,tabddpm_synthetic,,['en'],ATO,2024-12-10T12:41:00+00:00,486.41,25.28,42,12,6,Sunday,0,652,5,ATO,en,Bank debit card,0
cc600388-e8b5-47bd-97c4-4cc8419ffe34,synth_e6c78d50cf54,gig_worker,tabddpm_synthetic,,['en'],ATO,2024-03-18T03:51:00+00:00,144.32,0.0,40,3,0,Monday,90,1,0,ATO,en,Bank debit card,0
3c8f5448-9314-4190-9f08-accece77a999,synth_2fa384e16e2b,gig_worker,tabddpm_synthetic,,['en'],ATO,2024-12-14T06:42:00+00:00,55.55,0.0,25,6,0,Monday,0,1187,7,ATO,en,Bank debit card,0
2baad7e1-302b-472b-99a9-13a8f5f57377,synth_7136c763e179,gig_worker,tabddpm_synthetic,,['es'],ATO,2024-04-06T08:53:00+00:00,844.87,32.39,27,8,0,Monday,14,1053,6,ATO,es,Bank debit card,0
01a75f62-19a4-46b3-9e93-216be31de45c,synth_1ee21f0df249,gig_worker,tabddpm_synthetic,,['en'],ATO,2024-09-04T10:06:00+00:00,5.0,0.23,33,10,5,Saturday,3,277,3,ATO,en,CashApp,0
22b9cf72-408f-4d52-aceb-fe8064ff69e7,synth_dd0bbb10ee69,gig_worker,tabddpm_synthetic,,['en'],ATO,2024-05-25T23:45:00+00:00,6000.0,3000.0,45,23,0,Monday,90,2000,100,ATO,en,Bank debit card,0
68245405-01d0-418e-bea4-be08ba45abe2,synth_0c297f5b4b3b,gig_worker,tabddpm_synthetic,,['en'],ATO,2024-09-06T15:33:00+00:00,5.0,2.53,34,15,2,Wednesday,3,1445,11,ATO,en,Bank debit card,0
bbade031-3729-46e3-8b85-33cfddedf686,synth_9de6ce7c423a,gig_worker,tabddpm_synthetic,,['en'],ATO,2024-09-29T23:30:00+00:00,308.03,12.36,34,23,4,Friday,56,1,3,ATO,en,Bank debit card,0
cb4ba1f7-27f3-446b-a221-c9d631cb1b8f,synth_b65d1ce44a3a,gig_worker,tabddpm_synthetic,,['en'],ATO,2024-04-29T15:22:00+00:00,30.77,1.96,39,15,0,Monday,13,678,7,ATO,en,Bank debit card,0
ab06909b-7c3f-40b7-9ec0-3cad97e313f7,synth_29c66e5f49d2,gig_worker,tabddpm_synthetic,,['en'],ATO,2024-04-11T23:27:00+00:00,6000.0,3000.0,45,23,0,Monday,90,2000,100,ATO,en,Bank debit card,0
2884314e-f42e-4726-999e-af6042ab566b,synth_41be5879e130,gig_worker,tabddpm_synthetic,,['en'],ATO,2024-09-08T05:25:00+00:00,232.36,0.0,45,5,0,Monday,90,1,0,ATO,en,Bank debit card,0
ead937a5-d39f-4d23-a858-56b02022687c,synth_e93b7004fa37,gig_worker,tabddpm_synthetic,,['en'],ATO,2024-01-09T13:10:00+00:00,23.94,3.76,42,13,0,Monday,6,1539,7,ATO,en,Bank debit card,0
4682f2b1-8f52-43e5-85d5-76e483455a3e,synth_7395668e6dee,gig_worker,tabddpm_synthetic,,['en'],ATO,2024-08-15T23:28:00+00:00,6000.0,3000.0,45,23,0,Monday,90,2000,100,ATO,en,Bank debit card,0
ec67c007-e7f9-4f2f-aebd-08509f96b2bd,synth_4af4808f2dc2,gig_worker,tabddpm_synthetic,,['en'],ATO,2024-04-12T23:06:00+00:00,6000.0,3000.0,45,23,0,Monday,90,2000,100,ATO,en,Bank debit card,0
9940df3b-9c26-4686-acf5-aafa7b3888ad,synth_81a93b163a9a,gig_worker,tabddpm_synthetic,,['en'],ATO,2024-12-11T17:10:00+00:00,44.3,0.0,45,17,0,Monday,90,1,0,ATO,en,Bank debit card,0
eb3d250d-c795-471f-9a6f-c03bf9bc9f4d,synth_5a5e7fec1734,gig_worker,tabddpm_synthetic,,['en'],ATO,2024-05-15T23:21:00+00:00,6000.0,262.9,45,23,0,Monday,0,1,100,ATO,en,Bank debit card,1
d264c42b-71ad-450f-b0fb-6da793738362,synth_e8d342a2c53c,gig_worker,tabddpm_synthetic,,['en'],ATO,2024-01-02T11:30:00+00:00,271.66,27.42,28,11,0,Monday,20,1323,3,ATO,en,Bank debit card,0
0221aa25-e046-4799-9390-5baf8489b00e,synth_07882ceaa270,gig_worker,tabddpm_synthetic,,['en'],ATO,2024-04-23T00:51:00+00:00,110.28,0.0,45,0,0,Monday,90,1,0,ATO,en,Bank debit card,0
8ee18466-a04c-404f-a695-d849a7465655,synth_85b6370c131c,gig_worker,tabddpm_synthetic,,['en'],ATO,2024-02-15T10:09:00+00:00,358.12,0.0,44,10,1,Tuesday,90,1,2,ATO,en,Bank debit card,0
a92b8161-3dd9-40e3-b35d-ff65955a6a9a,synth_09242a0540a6,gig_worker,tabddpm_synthetic,,['en'],ATO,2024-09-13T12:50:00+00:00,9.96,7.55,45,12,4,Friday,42,710,4,ATO,en,Bank debit card,0
0a1852a7-756a-4b52-9da9-fe77ab40c6a3,synth_555cfb7b0fd3,gig_worker,tabddpm_synthetic,,['en'],ATO,2024-09-22T23:55:00+00:00,12.21,0.0,44,23,5,Saturday,90,105,0,ATO,en,Bank debit card,0
849f24a4-1bc6-4604-b949-53b668a155a5,synth_c3de23b3ae6b,gig_worker,tabddpm_synthetic,,['en'],ATO,2024-09-04T00:12:00+00:00,91.67,0.0,45,0,0,Monday,90,1,0,ATO,en,Bank debit card,0
b4b6c3bd-c6a5-4e35-be1d-bc5269dc816d,synth_c0b02984837d,gig_worker,tabddpm_synthetic,,['en'],CashApp,2024-05-17T02:19:00+00:00,513.02,27.25,34,2,0,Monday,17,1883,5,CashApp,en,Bank debit card,0
5852b60c-1df4-4854-8f78-39eced5df0ab,synth_257bf16abd21,gig_worker,tabddpm_synthetic,,['en'],ATO,2024-01-01T10:42:00+00:00,150.91,5.64,29,10,0,Monday,2,1154,12,ATO,en,Bank debit card,0
887be1fe-1b60-45c9-bd7f-f4b20b7c6d5f,synth_dd114cf61562,gig_worker,tabddpm_synthetic,,['en'],ATO,2024-04-19T01:58:00+00:00,355.21,0.0,40,1,0,Monday,90,1,0,ATO,en,Bank debit card,0
2dc4986a-3d6b-486d-9cc3-78aad661f79a,synth_e7caefa19ed7,gig_worker,tabddpm_synthetic,,['en'],ATO,2024-03-15T23:28:00+00:00,365.18,19.54,25,23,0,Monday,59,1,0,ATO,en,Bank debit card,0
add81997-ef0e-49cb-a89d-afbe9e1ffdf3,synth_f2b0afa3bec4,gig_worker,tabddpm_synthetic,,['en'],ATO,2024-01-10T23:33:00+00:00,5.0,0.0,45,23,0,Monday,48,1,55,ATO,en,Bank debit card,1
5d8d9433-f801-447f-b5d3-81076fde8e3c,synth_2a40907b62f2,gig_worker,tabddpm_synthetic,,['en'],ATO,2024-09-26T00:39:00+00:00,541.36,0.0,34,0,0,Monday,90,1,0,ATO,en,Bank debit card,1
b4cc3f2f-76cd-470f-97e6-b25d45df5f94,synth_7098484e961b,gig_worker,tabddpm_synthetic,,['en'],ATO,2024-05-05T00:51:00+00:00,744.9,0.0,45,0,0,Monday,90,1,0,ATO,en,Bank debit card,0
38f76f57-35aa-4e60-ab0b-10fe2d40d9b1,synth_85060df19b1e,gig_worker,tabddpm_synthetic,,['en'],ATO,2024-01-17T15:39:00+00:00,22.97,0.89,38,15,6,Sunday,66,287,3,ATO,en,Bank debit card,0
5fc88088-9b07-4327-aea4-1533a0ef6047,synth_5019c5457d5f,gig_worker,tabddpm_synthetic,,['en'],ATO,2024-03-04T23:03:00+00:00,6000.0,3000.0,45,23,0,Monday,90,2000,100,ATO,en,Bank debit card,0
ee1ed156-f92d-4a9d-bf7e-4ef5e9ff3104,synth_e0e8fd0fc002,gig_worker,tabddpm_synthetic,,['en'],ATO,2024-06-20T14:05:00+00:00,5.0,9.23,38,14,2,Wednesday,60,1107,0,ATO,en,Bank debit card,0
ed591759-cd02-4cc3-94bb-08724b0a82b6,synth_374d626d015a,gig_worker,tabddpm_synthetic,,['en'],ATO,2024-09-15T10:21:00+00:00,5.0,0.0,21,10,3,Thursday,8,975,8,ATO,en,CashApp,0
9f25c8fc-05e7-49dc-926e-391505aeb561,synth_df3fe5015ad0,gig_worker,tabddpm_synthetic,,['en'],ATO,2024-01-08T05:15:00+00:00,408.66,29.42,18,5,0,Monday,15,1166,10,ATO,en,Bank debit card,0
1f6c9387-8eaf-42d8-8eb0-56cd228cdd90,synth_c2bca0e831e8,gig_worker,tabddpm_synthetic,,['en'],ATO,2024-05-26T11:44:00+00:00,61.87,3.41,23,11,5,Saturday,8,1485,5,ATO,en,Bank debit card,0
5e3df08c-e22a-46b8-842b-0746a9c43299,synth_90b1e52d8918,gig_worker,tabddpm_synthetic,,['en'],ATO,2024-11-30T23:43:00+00:00,6000.0,3000.0,45,23,0,Monday,9,2000,100,ATO,en,Bank debit card,0
20959aef-a8e3-4978-a339-2ec836dac155,synth_bb46bac74839,gig_worker,tabddpm_synthetic,,['en'],ATO,2024-08-01T13:18:00+00:00,159.86,11.92,45,13,2,Wednesday,17,667,0,ATO,en,Bank debit card,0
68f14168-2bb6-48d7-b9b4-4a69b35afe20,synth_71c985608bc9,gig_worker,tabddpm_synthetic,,['en'],ATO,2024-02-04T23:41:00+00:00,5.0,0.0,29,23,6,Sunday,0,1,100,ATO,en,Bank debit card,0
8985996b-6f72-4230-a544-630cdba63fdb,synth_25a3a738118a,gig_worker,tabddpm_synthetic,,['en'],ATO,2024-11-08T10:33:00+00:00,5.0,0.0,20,10,2,Wednesday,2,1263,8,ATO,en,Bank debit card,0
84aaf73a-f5c5-4af0-adc0-47f7c03e475a,synth_5380f9c54320,gig_worker,tabddpm_synthetic,,['en'],ATO,2024-11-07T23:54:00+00:00,5.0,10.11,19,23,6,Sunday,0,1,9,ATO,en,Bank debit card,0
39cf9aae-4600-440e-b0d5-eb5c2a7cf26c,synth_efbba508a402,gig_worker,tabddpm_synthetic,,['en'],ATO,2024-09-29T23:48:00+00:00,263.62,11.4,37,23,0,Monday,84,1,0,ATO,en,Bank debit card,0
ece17e61-c8cb-4e8a-b782-ba7698d7bff1,synth_5a6860d37b94,gig_worker,tabddpm_synthetic,,['en'],ATO,2024-01-03T10:01:00+00:00,122.65,5.82,23,10,4,Friday,23,336,8,ATO,en,Bank debit card,0
18e2cf54-a4b4-4e0b-9447-a688dd8a83eb,synth_06f824b5b1b6,gig_worker,tabddpm_synthetic,,['en'],ATO,2024-02-11T10:10:00+00:00,179.76,0.0,45,10,3,Thursday,85,1,0,ATO,en,Bank debit card,0
eac0ceb8-1305-4714-a8a0-e97b207df2d9,synth_9d8e032fddcc,gig_worker,tabddpm_synthetic,,['en'],ATO,2024-08-13T23:02:00+00:00,712.98,33.58,28,23,0,Monday,90,1,0,ATO,en,Bank debit card,0
1ad5f21a-f30d-4558-ab32-ac6073182dd1,synth_5cd087928896,gig_worker,tabddpm_synthetic,,['en'],ATO,2024-10-20T00:11:00+00:00,5.0,0.0,45,0,0,Monday,90,1,0,ATO,en,Bank debit card,0
7e1bce34-979f-4d95-b715-f0f187ecf81e,synth_06482aea3c7b,gig_worker,tabddpm_synthetic,,['en'],ATO,2024-05-10T23:20:00+00:00,6000.0,3000.0,45,23,0,Monday,90,2000,49,ATO,en,Bank debit card,0
8169e2fc-ae99-4f1c-a212-6817f1eba193,synth_c491e9a1c6a7,gig_worker,tabddpm_synthetic,,['en'],ATO,2024-07-14T15:10:00+00:00,59.49,0.0,45,15,2,Wednesday,90,1,0,ATO,en,Bank debit card,0
93f2c00d-859d-4755-8a23-fc6f4ff323dd,synth_c8fc0122bd93,gig_worker,tabddpm_synthetic,,['en'],ATO,2024-10-26T12:39:00+00:00,117.54,3.56,36,12,2,Wednesday,9,723,5,ATO,en,Bank debit card,0
52734994-a2f0-4b7f-a9eb-e84906e33c38,synth_a1b389f2df20,gig_worker,tabddpm_synthetic,,['en'],ATO,2024-08-08T23:44:00+00:00,6000.0,3000.0,45,23,0,Monday,90,2000,100,ATO,en,Bank debit card,0
67d14b93-00e0-435c-9cfc-8a6a7aa24479,synth_ec1481338700,gig_worker,tabddpm_synthetic,,['en'],ATO,2024-05-03T23:53:00+00:00,6000.0,3000.0,45,23,0,Monday,90,1,100,ATO,en,Bank debit card,0
2edb59fc-ed19-49a5-a55e-9818a0fd349a,synth_571c94f4d11f,gig_worker,tabddpm_synthetic,,['en'],ATO,2024-02-08T00:44:00+00:00,202.01,9.88,43,0,0,Monday,8,172,9,ATO,en,Bank debit card,0
699e6fca-0147-4d38-b364-ebc57297c177,synth_7c638fa05482,gig_worker,tabddpm_synthetic,,['en'],ATO,2024-09-20T08:31:00+00:00,134.1,12.14,28,8,5,Saturday,30,1,0,ATO,en,Bank debit card,0
87c4f0a7-9e2b-4349-8182-747b1ffb3e39,synth_61ac577cf452,gig_worker,tabddpm_synthetic,,['en'],ATO,2024-06-06T23:01:00+00:00,266.79,25.13,37,23,6,Sunday,4,1,46,ATO,en,Bank debit card,1
56dbe83d-fcf5-4ad0-8a76-a7bea06f66ec,synth_0f5b7a38e635,gig_worker,tabddpm_synthetic,,['en'],ATO,2024-09-01T23:02:00+00:00,5.0,5.72,45,23,6,Sunday,0,1,100,ATO,en,Bank debit card,1
6e712c57-b4ab-40d5-aa31-df2bb2f1c6c6,synth_3d212862ce3e,gig_worker,tabddpm_synthetic,,['en'],ATO,2024-04-05T23:36:00+00:00,266.93,43.44,30,23,6,Sunday,3,1,70,ATO,en,Bank debit card,1
78c2ad29-6b48-4f5b-8ca2-63e677878c58,synth_885c740e84cf,gig_worker,tabddpm_synthetic,,['en'],ATO,2024-01-06T00:28:00+00:00,6000.0,3000.0,45,0,0,Monday,13,2000,56,ATO,en,Bank debit card,0
bf0e1c0a-b26b-416d-8a05-080114db1935,synth_ffa4f88edef7,gig_worker,tabddpm_synthetic,,['en'],ATO,2024-02-19T23:51:00+00:00,253.77,5.78,45,23,1,Tuesday,46,1,31,ATO,en,Bank debit card,0
83cc0a50-e94c-4112-8329-4501914343a0,synth_2158df2b0f99,gig_worker,tabddpm_synthetic,,['en'],ATO,2024-07-27T00:43:00+00:00,861.99,0.0,32,0,0,Monday,90,1,0,ATO,en,Bank debit card,0
b4773c95-10fe-4eb4-9a5f-e4612c59b63b,synth_d12d183f5837,gig_worker,tabddpm_synthetic,,['en'],ATO,2024-06-28T00:26:00+00:00,937.91,0.0,35,0,0,Monday,90,1,0,ATO,en,Bank debit card,0
07d618ce-0a86-4b40-b09b-44206813f48b,synth_7932b163c201,gig_worker,tabddpm_synthetic,,['es'],ATO,2024-03-10T15:11:00+00:00,291.09,4.66,45,15,2,Wednesday,19,1055,7,ATO,es,Bank debit card,0
d366f131-c6fc-43ac-aa22-3c91ec248869,synth_d2e5ba627710,gig_worker,tabddpm_synthetic,,['en'],ATO,2024-07-29T23:02:00+00:00,6000.0,3000.0,45,23,0,Monday,0,2000,100,ATO,en,Bank debit card,0
29edf0ba-39d0-4a90-bbc5-105d523bc290,synth_99353c356e9a,gig_worker,tabddpm_synthetic,,['en'],ATO,2024-12-11T04:00:00+00:00,233.79,20.92,44,4,2,Wednesday,67,1,6,ATO,en,Bank debit card,0
ca0ef65b-d44d-4e68-ab80-a46fc05829fb,synth_9e9af1157bda,gig_worker,tabddpm_synthetic,,['en'],ATO,2024-03-27T23:01:00+00:00,17.56,17.04,30,23,6,Sunday,0,1,25,ATO,en,Bank debit card,1
7005331e-ba85-4f6a-9ec7-4eec58e21729,synth_c26c770910a1,gig_worker,tabddpm_synthetic,,['en'],ATO,2024-03-04T10:57:00+00:00,123.63,0.1,18,10,0,Monday,0,252,7,ATO,en,Bank debit card,0
e970d8a2-3c24-4177-91f2-9dd5bfd00dc2,synth_1469efb6f9bc,gig_worker,tabddpm_synthetic,,['en'],ATO,2024-07-27T23:11:00+00:00,6000.0,427.98,32,23,0,Monday,28,1,27,ATO,en,Bank debit card,0
dbb93e69-d8b9-4981-86d6-20d1edc17a4e,synth_0dab9b190536,gig_worker,tabddpm_synthetic,,['en'],ATO,2024-04-21T23:19:00+00:00,6000.0,3000.0,45,23,0,Monday,0,1,100,ATO,en,Bank debit card,0
bfc96fef-7d1e-4a24-b4ed-fa2b96a1849d,synth_065d70d12fa2,gig_worker,tabddpm_synthetic,,['en'],ATO,2024-10-03T05:02:00+00:00,265.23,13.88,40,5,1,Tuesday,90,1,0,ATO,en,Bank debit card,0
64c5fb8d-b4ba-4283-8afb-c787da73d072,synth_6080c20796a2,gig_worker,tabddpm_synthetic,,['en'],ATO,2024-12-17T23:20:00+00:00,6000.0,3000.0,45,23,0,Monday,0,1,100,ATO,en,Bank debit card,1
71e285ce-de00-4db3-8d3e-ac5c38f5c3dd,synth_4c79b6a4402b,gig_worker,tabddpm_synthetic,,['en'],ATO,2024-04-25T17:57:00+00:00,161.3,9.39,31,17,6,Sunday,18,1,0,ATO,en,Bank debit card,0
eb3e6be8-813c-40d1-83ff-6a61b2bbd9ea,synth_8512606bb058,gig_worker,tabddpm_synthetic,,['en'],ATO,2024-01-13T01:53:00+00:00,442.06,25.37,24,1,5,Saturday,52,653,6,ATO,en,Bank debit card,0
419de70e-5ac0-48e6-9360-e73b16bff372,synth_cd5e7e45a538,gig_worker,tabddpm_synthetic,,['en'],ATO,2024-10-11T05:07:00+00:00,5.0,9.9,35,5,4,Friday,20,571,0,ATO,en,Bank debit card,0
8486b35e-97ef-46dd-b18d-1bf93021c56a,synth_5ffdf9429d8f,gig_worker,tabddpm_synthetic,,['en'],ATO,2024-05-30T23:38:00+00:00,1195.59,27.95,45,23,0,Monday,33,1,0,ATO,en,Bank debit card,0
c8331390-71be-4a9f-a3a9-fa85d3101168,synth_73ac965b08d4,gig_worker,tabddpm_synthetic,,['en'],CashApp,2024-08-31T10:03:00+00:00,445.41,44.75,41,10,6,Sunday,1,809,11,CashApp,en,Bank debit card,0
2a0b4947-613d-4577-aada-8eeaef91b288,synth_65943147fbe6,gig_worker,tabddpm_synthetic,,['en'],ATO,2024-05-23T07:41:00+00:00,141.98,5.69,39,7,4,Friday,49,1,0,ATO,en,Bank debit card,0
4fcfdac8-4f06-43af-a9a6-7c7da2581c9f,synth_e0077710c0b0,gig_worker,tabddpm_synthetic,,['en'],ATO,2024-05-31T18:24:00+00:00,5.0,0.18,45,18,0,Monday,17,1702,5,ATO,en,Bank debit card,0
4a9cd724-d72c-4021-9169-b1b60969083c,synth_e3a75abbff0f,gig_worker,tabddpm_synthetic,,['en'],ATO,2024-12-09T17:12:00+00:00,5.0,5.17,45,17,2,Wednesday,58,111,3,ATO,en,Bank debit card,0
5da68e08-8d8f-4067-b407-788e59b8881e,synth_1d8c01982476,gig_worker,tabddpm_synthetic,,['en'],ATO,2024-01-06T23:30:00+00:00,413.98,16.93,45,23,0,Monday,29,2000,15,ATO,en,Bank debit card,0
c19fdd2f-aed7-413d-9bed-de13d4e1c09c,synth_0216e94aa700,gig_worker,tabddpm_synthetic,,['en'],ATO,2024-08-01T23:53:00+00:00,24.68,9.26,45,23,6,Sunday,10,1,8,ATO,en,Bank debit card,0
c1d808bd-d157-4966-9a2a-c30c5104a8cc,synth_c32e98503cfe,gig_worker,tabddpm_synthetic,,['en'],ATO,2024-11-29T06:16:00+00:00,247.78,11.25,32,6,2,Wednesday,38,482,2,ATO,en,Bank debit card,0
481cb5f4-72c8-49e5-9da9-3b8d1b09639f,synth_211ed9976d97,gig_worker,tabddpm_synthetic,,['en'],ATO,2024-01-27T09:34:00+00:00,315.13,22.78,34,9,0,Monday,90,1,4,ATO,en,Bank debit card,0
37e6d2ea-81f4-431b-8346-d0f8b083e958,synth_112bc58e335f,gig_worker,tabddpm_synthetic,,['en'],ATO,2024-09-16T11:36:00+00:00,5.0,0.0,39,11,5,Saturday,90,1,0,ATO,en,Bank debit card,0
a56a1808-3318-4945-a2d9-571c84dc483b,synth_af510ad546d1,gig_worker,tabddpm_synthetic,,['en'],ATO,2024-06-16T11:41:00+00:00,5.0,2.92,45,11,0,Monday,6,709,2,ATO,en,Bank debit card,0
95284914-1375-4105-8799-e663c2076225,synth_eccf6a6a6fc2,gig_worker,tabddpm_synthetic,,['en'],ATO,2024-10-26T08:41:00+00:00,168.58,10.77,22,8,0,Monday,10,1,3,ATO,en,Bank debit card,0
22fc7e9c-342e-4012-8ab3-487328924229,synth_89760009076a,gig_worker,tabddpm_synthetic,,['en'],ATO,2024-09-09T15:15:00+00:00,64.99,8.32,45,15,1,Tuesday,13,83,0,ATO,en,Bank debit card,0
aa13f80d-0e3b-4f6d-93fd-bae58d2e3b5b,synth_58ee3e9a8a5e,gig_worker,tabddpm_synthetic,,['en'],ATO,2024-12-26T00:40:00+00:00,476.03,0.0,45,0,0,Monday,90,1,0,ATO,en,Bank debit card,0
806ad990-8c27-43fe-8665-3e2f5d88f53d,synth_db48468873d3,gig_worker,tabddpm_synthetic,,['en'],ATO,2024-08-25T23:39:00+00:00,6000.0,2185.13,45,23,0,Monday,13,326,59,ATO,en,Bank debit card,0
2a1e8087-bc1d-41d4-ab05-8a1d2af9f8ce,synth_cee60bd0d3c6,gig_worker,tabddpm_synthetic,,['en'],ATO,2024-08-11T13:44:00+00:00,5.0,12.23,45,13,3,Thursday,1,2000,10,ATO,en,Bank debit card,0
1e483327-86a2-4fe2-acb6-6a3c83efbda6,synth_e79e9bc6fc9c,gig_worker,tabddpm_synthetic,,['en'],ATO,2024-08-22T08:22:00+00:00,187.13,13.49,37,8,0,Monday,50,1,8,ATO,en,Bank debit card,0
3397b10e-db48-4000-9f69-6f13de5c363e,synth_d714b3950a02,gig_worker,tabddpm_synthetic,,['en'],ATO,2024-05-03T23:13:00+00:00,6000.0,3000.0,45,23,0,Monday,52,1,100,ATO,en,Bank debit card,0
c3eec4da-65c6-452e-86d0-5d508d262e20,synth_90eee82eb734,gig_worker,tabddpm_synthetic,,['en'],ATO,2024-02-29T11:26:00+00:00,148.08,9.31,35,11,1,Tuesday,54,1,7,ATO,en,Bank debit card,0
38f931bb-7028-47c3-b855-4b5224618fac,synth_afb8b4a8187c,gig_worker,tabddpm_synthetic,,['en'],ATO,2024-05-10T23:50:00+00:00,6000.0,3000.0,45,23,0,Monday,90,2000,100,ATO,en,Bank debit card,0
1415cc00-052c-4a20-bed0-447bb905a479,synth_bddc2b82d436,gig_worker,tabddpm_synthetic,,['en'],ATO,2024-03-17T14:59:00+00:00,5.0,0.0,44,14,1,Tuesday,3,1677,10,ATO,en,Bank debit card,0
e0a7ccec-4b7b-4d70-b974-ffc99f2f7e16,synth_18c01fa12b05,gig_worker,tabddpm_synthetic,,['en'],ATO,2024-11-21T23:10:00+00:00,6000.0,3000.0,45,23,0,Monday,90,2000,100,ATO,en,Bank debit card,0
ec4f163b-98cb-4849-a02a-26ac8d0fe662,synth_c22cd2e21b14,gig_worker,tabddpm_synthetic,,['en'],ATO,2024-02-25T19:09:00+00:00,5.0,0.0,45,19,2,Wednesday,37,1733,9,ATO,en,Bank debit card,0
ed50442e-9862-47e6-a182-a98da8230731,synth_7166ef0cba43,gig_worker,tabddpm_synthetic,,['en'],ATO,2024-07-23T18:32:00+00:00,5.0,0.0,32,18,2,Wednesday,90,659,0,ATO,en,Bank debit card,0
15745c4c-d860-40ca-89f1-f6e1d26a5363,synth_efea99059d15,gig_worker,tabddpm_synthetic,,['en'],ATO,2024-06-22T23:39:00+00:00,6000.0,3000.0,45,23,0,Monday,90,2000,100,ATO,en,Bank debit card,0
1ab5d4b9-36f7-473f-a906-edeb03a3e45f,synth_bc82621631af,gig_worker,tabddpm_synthetic,,['en'],ATO,2024-04-01T23:47:00+00:00,519.84,24.12,38,23,0,Monday,90,1,0,ATO,en,Bank debit card,0
5c83cc14-558f-446e-8970-79ee9ecafd21,synth_694338253255,gig_worker,tabddpm_synthetic,,['en'],ATO,2024-01-02T23:26:00+00:00,6000.0,3000.0,45,23,0,Monday,10,2000,100,ATO,en,Bank debit card,1
c214f85a-51ea-4b94-bde3-76c5fb402c16,synth_e65d2e3b915c,gig_worker,tabddpm_synthetic,,['en'],ATO,2024-12-22T23:13:00+00:00,6000.0,3000.0,45,23,0,Monday,79,1,100,ATO,en,Bank debit card,0
be6e193a-7685-49fc-aedf-e414e8b6c284,synth_083ff6ccbd21,gig_worker,tabddpm_synthetic,,['en'],ATO,2024-04-17T23:05:00+00:00,77.3,24.26,45,23,0,Monday,10,1707,15,ATO,en,Bank debit card,0
f4494f8f-3157-41d2-8e42-9f20a836145d,synth_76eafe6d09c3,gig_worker,tabddpm_synthetic,,['en'],ATO,2024-04-24T00:11:00+00:00,106.88,0.0,45,0,0,Monday,90,1,0,ATO,en,Bank debit card,0
e51a0d7c-cd8c-4cbe-8dd5-ee2acc2e916b,synth_5ed0683d2ee7,gig_worker,tabddpm_synthetic,,['en'],ATO,2024-09-19T23:24:00+00:00,6000.0,1387.99,45,23,0,Monday,66,1452,5,ATO,en,Bank debit card,0
210ce3c8-b331-4552-8451-e905493753a1,synth_9fb1e5155e1c,gig_worker,tabddpm_synthetic,,['en'],ATO,2024-06-13T23:34:00+00:00,6000.0,3000.0,45,23,0,Monday,0,1,100,ATO,en,Bank debit card,0
bec133c2-e7ca-4f51-81cf-2e4ccc48a569,synth_4821787e1431,gig_worker,tabddpm_synthetic,,['en'],ATO,2024-02-13T23:57:00+00:00,5.0,0.0,45,23,6,Sunday,0,1,68,ATO,en,Bank debit card,1
de056f84-b56b-4440-a11e-c7c3998a94f0,synth_cc0ae25f59fa,gig_worker,tabddpm_synthetic,,['en'],ATO,2024-03-27T00:38:00+00:00,2552.79,0.0,18,0,0,Monday,90,1,0,ATO,en,Bank debit card,0
3e924c90-ea37-465c-aea4-fc3e214f528f,synth_3d52597d5ee7,gig_worker,tabddpm_synthetic,,['en'],ATO,2024-02-22T11:17:00+00:00,50.45,3.91,31,11,0,Monday,1,471,0,ATO,en,Bank debit card,0
2e36aca7-25cd-4aad-961c-2412d5cf5d66,synth_b49653092833,gig_worker,tabddpm_synthetic,,['en'],ATO,2024-08-16T21:48:00+00:00,392.96,7.45,45,21,2,Wednesday,40,1,0,ATO,en,Bank debit card,0
10ed4507-5cc5-4357-9d4a-af7281526384,synth_c6eaeb1f316c,gig_worker,tabddpm_synthetic,,['en'],ATO,2024-01-08T01:06:00+00:00,492.12,0.0,43,1,0,Monday,90,1,0,ATO,en,Bank debit card,0
55b8941e-5f89-4d82-94cc-91548026afcd,synth_d79a3e91ffb5,gig_worker,tabddpm_synthetic,,['en'],ATO,2024-11-21T05:59:00+00:00,595.3,29.38,36,5,3,Thursday,3,1598,15,ATO,en,Bank debit card,0
e910fa80-d6be-45c8-86da-4dea595c1b19,synth_de502eaf2239,gig_worker,tabddpm_synthetic,,['en'],ATO,2024-06-10T07:06:00+00:00,448.23,16.61,37,7,0,Monday,4,347,8,ATO,en,Bank debit card,0
878b85c3-f07b-483e-9dc7-7eaab2a5bf75,synth_6de75a98e5a4,gig_worker,tabddpm_synthetic,,['en'],ATO,2024-06-27T23:33:00+00:00,6000.0,3000.0,45,23,0,Monday,90,2000,100,ATO,en,Bank debit card,0
9fa04d08-4b7b-4811-a830-a50b656a0efc,synth_0b4ec529fb02,gig_worker,tabddpm_synthetic,,['en'],ATO,2024-12-25T12:49:00+00:00,273.82,9.78,43,12,1,Tuesday,90,1,0,ATO,en,Bank debit card,0
428888ca-edac-468e-8eb4-50f251f4411a,synth_eee86459145c,gig_worker,tabddpm_synthetic,,['en'],ATO,2024-03-12T23:28:00+00:00,6000.0,3000.0,45,23,0,Monday,42,1,100,ATO,en,Bank debit card,0
f54d0cab-4cf6-4026-ba14-1512fdd2f4e5,synth_eff5b0e7e576,gig_worker,tabddpm_synthetic,,['en'],ATO,2024-12-18T12:47:00+00:00,173.18,12.57,28,12,6,Sunday,7,1858,4,ATO,en,Bank debit card,0
c177a578-393f-477b-a0cf-02215199dc6b,synth_05416da14e65,gig_worker,tabddpm_synthetic,,['en'],ATO,2024-01-02T23:52:00+00:00,6000.0,3000.0,45,23,0,Monday,0,1,100,ATO,en,Bank debit card,1
ba19578f-2f5a-4162-848b-e1eebcc18c82,synth_5b63a4fe0944,gig_worker,tabddpm_synthetic,,['en'],ATO,2024-03-26T23:09:00+00:00,6000.0,3000.0,45,23,0,Monday,0,1,100,ATO,en,Bank debit card,0
8207e294-cf63-48d8-a770-403fb00b905d,synth_c0525cf70986,gig_worker,tabddpm_synthetic,,['en'],CashApp,2024-08-18T12:11:00+00:00,84.07,12.26,37,12,0,Monday,15,282,5,CashApp,en,Bank debit card,0
6d90ff67-844c-4357-a79c-57c9f6072584,synth_e9958ebcb7d2,gig_worker,tabddpm_synthetic,,['en'],ATO,2024-08-26T23:19:00+00:00,5.0,0.0,34,23,6,Sunday,0,1,40,ATO,en,Bank debit card,1
65432933-c64a-4e1c-b39d-1059077a666a,synth_ca95fd6d3f14,gig_worker,tabddpm_synthetic,,['en'],ATO,2024-07-06T05:26:00+00:00,7.65,1.67,42,5,1,Tuesday,54,610,2,ATO,en,Bank debit card,0
1fbd8357-9d08-4f97-b772-0ca792b40646,synth_514cadbcd39c,gig_worker,tabddpm_synthetic,,['en'],ATO,2024-06-28T00:07:00+00:00,813.54,0.0,18,0,0,Monday,90,1,0,ATO,en,Bank debit card,0
d3fd8931-dd62-4216-ad4a-c126aa063fbf,synth_a615ceffabd2,gig_worker,tabddpm_synthetic,,['en'],ATO,2024-04-11T23:15:00+00:00,385.49,27.26,22,23,3,Thursday,45,1,0,ATO,en,Bank debit card,0
f18aad41-382e-4ad9-91a4-62356f44d59b,synth_a1f818a441c9,gig_worker,tabddpm_synthetic,,['en'],ATO,2024-03-30T00:54:00+00:00,311.99,10.45,43,0,0,Monday,8,1002,8,ATO,en,Bank debit card,0
7da0aa0a-8bef-47d2-9b4e-df0196d684a4,synth_2c43043fb789,gig_worker,tabddpm_synthetic,,['en'],ATO,2024-11-05T00:28:00+00:00,103.83,0.0,45,0,0,Monday,90,1,0,ATO,en,Bank debit card,0
b8165981-fc4c-4425-814e-e11dff7692eb,synth_90d434ffa4aa,gig_worker,tabddpm_synthetic,,['en'],ATO,2024-04-07T23:23:00+00:00,5.0,0.0,30,23,6,Sunday,0,1,14,ATO,en,Bank debit card,0
6de462e6-26b0-4b2f-b479-12ca98b29485,synth_b4464bfb98c0,gig_worker,tabddpm_synthetic,,['en'],ATO,2024-01-12T00:33:00+00:00,91.73,0.0,32,0,0,Monday,90,1,0,ATO,en,Bank debit card,0
45589633-7b23-47b9-91de-ccf1e3c675e4,synth_990971e62ac0,gig_worker,tabddpm_synthetic,,['en'],ATO,2024-06-22T23:53:00+00:00,6000.0,3000.0,45,23,0,Monday,0,1,100,ATO,en,Bank debit card,1
3e8fe275-aaa5-4476-9412-704ebc9dd11b,synth_f4bf271479f2,gig_worker,tabddpm_synthetic,,['en'],ATO,2024-09-22T23:13:00+00:00,6000.0,3000.0,45,23,0,Monday,90,2000,100,ATO,en,Bank debit card,1
34435c02-069b-4aad-b5fc-2ca55e22716d,synth_d8db2c8ad58b,gig_worker,tabddpm_synthetic,,['en'],ATO,2024-12-26T14:16:00+00:00,5.0,0.0,34,14,2,Wednesday,4,2000,6,ATO,en,Bank debit card,0
9eeb1485-ff4f-4643-aca5-a5b3ed56ff2f,synth_51b6433fa501,gig_worker,tabddpm_synthetic,,['en'],ATO,2024-12-14T17:23:00+00:00,5.0,1.31,30,17,1,Tuesday,60,571,5,ATO,en,Bank debit card,0
ac3a8fc8-8ab3-4b15-8d32-b81c2e2cf640,synth_b2ae65893081,gig_worker,tabddpm_synthetic,,['en'],ATO,2024-09-06T05:39:00+00:00,100.2,0.0,24,5,0,Monday,4,1,7,ATO,en,Bank debit card,0
545e12ca-acca-42fb-b16a-57b25bf90a07,synth_f84b12318938,gig_worker,tabddpm_synthetic,,['en'],ATO,2024-09-22T05:02:00+00:00,38.49,4.4,33,5,1,Tuesday,5,1538,2,ATO,en,Bank debit card,0
d0b8b7d9-de4a-4ece-bc35-b08c88a05348,synth_974d23fc8f93,gig_worker,tabddpm_synthetic,,['en'],ATO,2024-09-09T11:24:00+00:00,655.5,20.2,45,11,0,Monday,90,1,0,ATO,en,Bank debit card,0
4f727742-6b65-4104-a222-241dd6eefdcf,synth_05a28c3c2c4e,gig_worker,tabddpm_synthetic,,['en'],ATO,2024-06-16T12:25:00+00:00,165.08,9.3,35,12,4,Friday,12,421,2,ATO,en,Bank debit card,0
6bd1a51a-7e22-4084-96bf-02a96908eda0,synth_127dd1cd6f75,gig_worker,tabddpm_synthetic,,['en'],ATO,2024-06-13T23:45:00+00:00,405.34,19.1,30,23,1,Tuesday,60,1,0,ATO,en,Bank debit card,0
4af048cf-7964-4703-9bc5-9cb73d9eaf3c,synth_cdcbe6ded4a2,gig_worker,tabddpm_synthetic,,['en'],ATO,2024-03-14T10:13:00+00:00,5.0,10.03,35,10,0,Monday,10,1,3,ATO,en,Bank debit card,0
edd43a27-96c3-4df5-9b4b-7c8828c5c740,synth_d31c7dae47ef,gig_worker,tabddpm_synthetic,,['en'],ATO,2024-12-10T23:33:00+00:00,6000.0,3000.0,45,23,0,Monday,90,2000,100,ATO,en,Bank debit card,1
7b7a497b-a033-4975-8d27-c9946c3fd20b,synth_19caf4ab8b94,gig_worker,tabddpm_synthetic,,['en'],CashApp,2024-12-01T15:41:00+00:00,504.59,22.09,40,15,4,Friday,7,1,8,CashApp,en,Bank debit card,0
b18161fa-cd08-4c35-80c0-d2d543483078,synth_c224a613f56e,gig_worker,tabddpm_synthetic,,['en'],ATO,2024-04-24T09:07:00+00:00,320.27,15.88,45,9,0,Monday,4,1,12,ATO,en,Bank debit card,0
af394f37-e34c-4eb9-8cc4-07cabb8e8783,synth_7a13f0f605ec,gig_worker,tabddpm_synthetic,,['en'],ATO,2024-09-27T12:39:00+00:00,98.1,5.51,36,12,1,Tuesday,31,829,7,ATO,en,Bank debit card,0
c1e542e8-55cf-4683-896e-b5153c572c53,synth_626b2624c037,gig_worker,tabddpm_synthetic,,['en'],ATO,2024-11-24T23:58:00+00:00,6000.0,3000.0,45,23,0,Monday,90,2000,100,ATO,en,Bank debit card,0
547a92e1-7868-41eb-a4e9-7141c439af83,synth_d226c0aba843,gig_worker,tabddpm_synthetic,,['en'],ATO,2024-04-25T23:20:00+00:00,6000.0,1307.95,45,23,0,Monday,14,1,100,ATO,en,Bank debit card,1
4569d24e-d630-47e6-bc91-c699ee6aa6b1,synth_b10488dfdbe1,gig_worker,tabddpm_synthetic,,['en'],ATO,2024-12-16T00:47:00+00:00,138.1,0.0,44,0,0,Monday,90,1,0,ATO,en,Bank debit card,0
40483b09-5f86-4ffc-8532-1d1c8a065c82,synth_0383aa64709a,gig_worker,tabddpm_synthetic,,['en'],ATO,2024-08-14T23:07:00+00:00,6000.0,3000.0,45,23,0,Monday,0,2000,100,ATO,en,Bank debit card,0
64999000-7140-4a3d-8fef-801dafa911f5,synth_6ae561ee87ba,gig_worker,tabddpm_synthetic,,['es'],ATO,2024-11-14T12:57:00+00:00,86.76,3.56,44,12,6,Sunday,4,1840,1,ATO,es,Bank debit card,0
e2f6437f-9c74-4e44-abda-0609b036f31e,synth_668b550b53ca,gig_worker,tabddpm_synthetic,,['en'],ATO,2024-01-27T05:54:00+00:00,143.28,0.0,35,5,4,Friday,0,808,10,ATO,en,Bank debit card,0
43b84311-7376-45ba-ae9e-7c5a3364ac8c,synth_dc24827bb26c,gig_worker,tabddpm_synthetic,,['en'],ATO,2024-06-06T23:14:00+00:00,6000.0,3000.0,45,23,0,Monday,51,2000,100,ATO,en,Bank debit card,0
9aa2d16b-70d3-4aaa-a73c-a33c76078f30,synth_fe0c988fdad7,gig_worker,tabddpm_synthetic,,['en'],ATO,2024-07-01T13:24:00+00:00,776.07,18.79,23,13,4,Friday,90,1,0,ATO,en,Bank debit card,0
5a22c758-79cd-41b0-8146-ae6bbd01bd99,synth_1a436160579d,gig_worker,tabddpm_synthetic,,['en'],ATO,2024-03-15T23:52:00+00:00,5.0,28.31,23,23,6,Sunday,0,1,98,ATO,en,Bank debit card,0
c9fe8530-406c-4376-b884-0efaeb3228b5,synth_b0bf93ecc447,gig_worker,tabddpm_synthetic,,['en'],ATO,2024-03-11T04:03:00+00:00,95.32,14.07,45,4,2,Wednesday,7,1,6,ATO,en,Bank debit card,0
4b8a2258-2517-4246-9f35-7708c91b3a4a,synth_272af4b4ef88,gig_worker,tabddpm_synthetic,,['en'],ATO,2024-06-24T06:55:00+00:00,685.8,29.49,38,6,2,Wednesday,53,1,6,ATO,en,Bank debit card,0
2198c8a4-5651-40ca-8f7a-48078ab05e0b,synth_3dc9cfd1efaf,gig_worker,tabddpm_synthetic,,['en'],ATO,2024-03-21T12:30:00+00:00,29.83,10.12,34,12,6,Sunday,2,1338,6,ATO,en,Bank debit card,0
6c62a3aa-55af-4b80-8c90-29f3ae8ba0b8,synth_089eecee5614,gig_worker,tabddpm_synthetic,,['en'],ATO,2024-02-05T14:38:00+00:00,5.0,0.0,31,14,6,Sunday,2,756,2,ATO,en,Bank debit card,0
4b5bdac5-881a-4d46-856d-5f560b3e12d5,synth_8dd2d94ade8f,gig_worker,tabddpm_synthetic,,['en'],ATO,2024-10-15T14:07:00+00:00,5.0,0.0,35,14,0,Monday,18,1122,5,ATO,en,Bank debit card,0
e0a6fd20-92be-43b0-8a2a-741f94a87e11,synth_defc330d59ce,gig_worker,tabddpm_synthetic,,['en'],ATO,2024-02-19T05:39:00+00:00,28.9,4.7,43,5,4,Friday,11,1001,10,ATO,en,Bank debit card,0
c699ffbc-542b-4089-aca2-6ea2b3739d2b,synth_4de50f20cdd4,gig_worker,tabddpm_synthetic,,['en'],ATO,2024-06-28T00:34:00+00:00,5.0,0.0,45,0,0,Monday,90,1,0,ATO,en,Bank debit card,0
b509208f-b371-4856-bb4f-301d86f035c7,synth_950214d295f7,gig_worker,tabddpm_synthetic,,['en'],ATO,2024-04-15T00:14:00+00:00,254.1,0.0,45,0,0,Monday,90,1,0,ATO,en,Bank debit card,0
c75a3387-0be4-463f-be5a-d8e6dfbcaa9d,synth_4397d82f98d1,gig_worker,tabddpm_synthetic,,['en'],ATO,2024-01-01T14:50:00+00:00,305.71,12.55,37,14,0,Monday,0,130,4,ATO,en,Bank debit card,0
abea1ac2-a290-4d4f-93a5-11fbc2b4bfee,synth_35c1f0e6a386,gig_worker,tabddpm_synthetic,,['en'],ATO,2024-08-28T23:24:00+00:00,6000.0,2600.27,45,23,0,Monday,0,795,100,ATO,en,Bank debit card,0
f562cb09-2edc-4567-8dbb-f24ab7e3dfb3,synth_30b22c9aa865,gig_worker,tabddpm_synthetic,,['en'],ATO,2024-01-26T02:40:00+00:00,19.78,7.49,45,2,5,Saturday,3,1,12,ATO,en,Bank debit card,0
9048712f-5fb3-468d-aa10-4f28d10644e7,synth_a446254e81e9,gig_worker,tabddpm_synthetic,,['en'],ATO,2024-12-12T00:20:00+00:00,399.34,0.0,35,0,0,Monday,90,1,0,ATO,en,Bank debit card,0
db41638e-568e-4853-94f4-c6e8dae65a5b,synth_40add486f363,gig_worker,tabddpm_synthetic,,['en'],ATO,2024-08-31T11:04:00+00:00,5.0,0.0,37,11,2,Wednesday,90,1,5,ATO,en,Bank debit card,0
37d9ac06-8350-4de0-b980-f33c25634afc,synth_446db52936ee,gig_worker,tabddpm_synthetic,,['en'],ATO,2024-11-02T12:24:00+00:00,5.0,0.0,45,12,0,Monday,71,532,0,ATO,en,Bank debit card,0
c3180289-0af7-4ce5-a99c-d001eb534a4c,synth_d0c669d611eb,gig_worker,tabddpm_synthetic,,['en'],ATO,2024-10-13T11:10:00+00:00,246.42,12.82,22,11,0,Monday,33,1367,2,ATO,en,Bank debit card,0
e9c25896-c348-48af-a4c0-5fa2d74febac,synth_7f4623cf7c2f,gig_worker,tabddpm_synthetic,,['en'],ATO,2024-07-24T23:11:00+00:00,6000.0,3000.0,45,23,0,Monday,90,2000,100,ATO,en,Bank debit card,0
3ad59596-5536-4450-bd70-27ebfa8068c8,synth_949bce56b48e,gig_worker,tabddpm_synthetic,,['en'],ATO,2024-07-09T23:56:00+00:00,5.0,0.0,45,23,6,Sunday,0,1,100,ATO,en,Bank debit card,1
3a8149fb-851a-4aaf-9939-2b3ab9babee2,synth_591c513037e8,gig_worker,tabddpm_synthetic,,['en'],ATO,2024-07-23T23:54:00+00:00,5.0,0.0,45,23,6,Sunday,0,1,100,ATO,en,Bank debit card,1
21e34ef8-975f-4436-9a8c-50af29ce49dc,synth_a9dd7eef261b,gig_worker,tabddpm_synthetic,,['en'],ATO,2024-02-10T23:38:00+00:00,6000.0,3000.0,45,23,0,Monday,0,2000,100,ATO,en,Bank debit card,0
db8ee54a-dfe6-41da-8601-14a257604aad,synth_555ae2ad67f7,gig_worker,tabddpm_synthetic,,['en'],ATO,2024-06-18T00:08:00+00:00,1714.71,20.42,43,0,0,Monday,90,1,0,ATO,en,Bank debit card,0
8c215ab4-02ac-4677-bc42-9fefe1358d09,synth_e484e0a0c1e5,gig_worker,tabddpm_synthetic,,['en'],ATO,2024-10-28T00:39:00+00:00,833.85,0.0,32,0,0,Monday,90,1,0,ATO,en,Bank debit card,0
354876ee-8b36-4c2b-b822-7e3451c490ae,synth_851693667b94,gig_worker,tabddpm_synthetic,,['en'],CashApp,2024-11-06T11:37:00+00:00,756.93,55.2,45,11,1,Tuesday,7,1,21,CashApp,en,Bank debit card,1
c4b4f425-29bd-40f4-8ccb-b70066552cc8,synth_68b901f67641,gig_worker,tabddpm_synthetic,,['en'],CashApp,2024-07-03T10:43:00+00:00,236.32,20.69,34,10,0,Monday,34,1060,13,CashApp,en,Bank debit card,0
567b95f6-6684-4379-8dc6-f9c6361380e6,synth_946f0b416c50,gig_worker,tabddpm_synthetic,,['en'],ATO,2024-04-16T23:30:00+00:00,6000.0,3000.0,45,23,0,Monday,0,2000,100,ATO,en,Bank debit card,0
52e4e1d1-0234-4da8-9e25-3990d3ad5f01,synth_09aa02b33873,gig_worker,tabddpm_synthetic,,['en'],ATO,2024-10-05T09:41:00+00:00,5.0,6.44,45,9,0,Monday,0,589,17,ATO,en,Bank debit card,0
7aeeaaba-6997-4bd8-8348-a08465f18c93,synth_3774de815fa3,gig_worker,tabddpm_synthetic,,['en'],ATO,2024-10-14T13:05:00+00:00,5.0,10.24,45,13,3,Thursday,61,1,2,ATO,en,Bank debit card,0
b7e275ec-ba98-45e1-8126-2b2b3cdd907f,synth_95a9c0e035e9,gig_worker,tabddpm_synthetic,,['en'],ATO,2024-08-11T23:06:00+00:00,6000.0,3000.0,45,23,0,Monday,33,2000,100,ATO,en,Bank debit card,0
082d555f-0cf6-4917-8e0c-c0c349a825db,synth_eb2f851eb5b2,gig_worker,tabddpm_synthetic,,['en'],ATO,2024-01-07T18:43:00+00:00,38.7,9.68,38,18,4,Friday,18,1205,0,ATO,en,Bank debit card,0
e7fd1ce7-d94f-464a-a309-37a904f4428b,synth_5daddf20d5d7,gig_worker,tabddpm_synthetic,,['en'],ATO,2024-01-27T19:20:00+00:00,276.7,9.8,18,19,1,Tuesday,10,1,4,ATO,en,Bank debit card,0
80d99dc9-e17a-4af2-8fff-4ea6fbbb201a,synth_4e0820ab9817,gig_worker,tabddpm_synthetic,,['en'],ATO,2024-05-30T03:06:00+00:00,204.12,1.83,45,3,2,Wednesday,90,1,0,ATO,en,Bank debit card,0
a77ef1d3-c783-4fd5-ab3e-b58bc4a6d4bc,synth_ebf6e0df9e7b,gig_worker,tabddpm_synthetic,,['en'],ATO,2024-01-22T23:25:00+00:00,6000.0,3000.0,45,23,0,Monday,90,2000,100,ATO,en,Bank debit card,0
4e294d59-4b0d-42d7-962e-65b3eeb296eb,synth_42a758cc4fcb,gig_worker,tabddpm_synthetic,,['en'],ATO,2024-08-25T09:26:00+00:00,111.67,8.99,45,9,0,Monday,0,552,10,ATO,en,Bank debit card,0
658d5cdf-857d-493a-9927-98ef4560e08b,synth_a0f2bf6db629,gig_worker,tabddpm_synthetic,,['en'],ATO,2024-11-08T23:35:00+00:00,5.0,0.0,45,23,6,Sunday,0,1,98,ATO,en,Bank debit card,0
deeca378-6578-431f-92a5-6e4bf22e231e,synth_08032834a13c,gig_worker,tabddpm_synthetic,,['en'],ATO,2024-03-18T10:28:00+00:00,5.0,9.68,42,10,5,Saturday,6,1644,6,ATO,en,Bank debit card,0
2007b5fb-74f6-4487-8250-de3ba27dfe65,synth_d7092bff6be9,gig_worker,tabddpm_synthetic,,['en'],ATO,2024-02-08T10:46:00+00:00,254.76,12.26,29,10,0,Monday,10,2000,11,ATO,en,Bank debit card,0
84bcb6cc-6d54-4bfc-9beb-aaf262649c08,synth_2745680c602a,gig_worker,tabddpm_synthetic,,['en'],ATO,2024-05-22T23:21:00+00:00,6000.0,3000.0,45,23,0,Monday,90,2000,100,ATO,en,Bank debit card,0
fad3c055-6bb8-4243-920e-b11eed7e234a,synth_d6f7c9392961,gig_worker,tabddpm_synthetic,,['en'],ATO,2024-11-04T07:55:00+00:00,133.63,0.0,38,7,5,Saturday,90,1,0,ATO,en,Bank debit card,0
945cfab4-46c5-4336-9c2b-23315631bca9,synth_652d726c65c5,gig_worker,tabddpm_synthetic,,['en'],ATO,2024-11-17T03:17:00+00:00,122.78,0.0,41,3,0,Monday,90,1,16,ATO,en,Bank debit card,1
3415a47e-674c-4e49-9095-9ede4df0542f,synth_6ba4b0deca06,gig_worker,tabddpm_synthetic,,['en'],ATO,2024-09-01T10:10:00+00:00,5.0,0.0,40,10,6,Sunday,45,273,0,ATO,en,Bank debit card,0
0996a823-a558-489c-a642-a4008ed5c536,synth_fe5541a484fe,gig_worker,tabddpm_synthetic,,['en'],ATO,2024-01-31T17:44:00+00:00,342.26,22.36,32,17,5,Saturday,4,1,2,ATO,en,Bank debit card,0
fe9a84fb-4cc1-4fb6-a0d9-fd7093bf39cc,synth_1a73fe6e430b,gig_worker,tabddpm_synthetic,,['en'],ATO,2024-09-05T23:29:00+00:00,5.0,0.0,34,23,4,Friday,3,1243,25,ATO,en,Bank debit card,0
55a1e3c3-3891-4bc4-b33f-e595b5b9f730,synth_6f130b5e061a,gig_worker,tabddpm_synthetic,,['en'],ATO,2024-01-17T00:28:00+00:00,5.0,0.0,45,0,0,Monday,90,1,0,ATO,en,Bank debit card,0
529caba5-cd40-4b9c-a2aa-109b3d59044e,synth_c383d25209a7,gig_worker,tabddpm_synthetic,,['en'],ATO,2024-07-12T23:22:00+00:00,3681.73,73.24,45,23,0,Monday,7,1,100,ATO,en,Bank debit card,1
f1eabe87-e3d3-47ee-99fe-c32270071f8c,synth_18c30a1a1d65,gig_worker,tabddpm_synthetic,,['en'],ATO,2024-05-11T18:23:00+00:00,418.11,20.25,23,18,6,Sunday,21,1256,0,ATO,en,Bank debit card,0
b4e57bfd-1bb4-45e0-9967-d4dc97843e7d,synth_2502ea3cf449,gig_worker,tabddpm_synthetic,,['en'],ATO,2024-07-07T23:26:00+00:00,6000.0,3000.0,45,23,6,Sunday,0,1,100,ATO,en,Bank debit card,1
0e834d11-05b3-4c34-bedd-b66c9ce36bc4,synth_b320e4ea04dc,gig_worker,tabddpm_synthetic,,['en'],ATO,2024-04-11T18:52:00+00:00,102.62,3.29,35,18,4,Friday,25,980,4,ATO,en,Bank debit card,0
495bbe33-1ec2-400e-b252-580be4aa5679,synth_b91baa202e95,gig_worker,tabddpm_synthetic,,['en'],ATO,2024-04-04T23:13:00+00:00,6000.0,3000.0,45,23,0,Monday,65,2000,100,ATO,en,Bank debit card,0
63c3a37d-53bc-4643-8e79-907769a7fdc7,synth_b16c7daa56ca,gig_worker,tabddpm_synthetic,,['en'],ATO,2024-03-13T08:46:00+00:00,5.0,0.0,45,8,6,Sunday,19,1,0,ATO,en,Bank debit card,0
c7f8ecab-3e6f-4ffe-965c-7383b6aaf5d8,synth_78fadec1b44f,gig_worker,tabddpm_synthetic,,['en'],ATO,2024-06-02T14:50:00+00:00,224.76,9.95,40,14,0,Monday,90,1,0,ATO,en,Bank debit card,0
6cc8c60d-2223-459f-8a33-9a6f8b17d848,synth_216cb1d9aa28,gig_worker,tabddpm_synthetic,,['en'],ATO,2024-04-09T10:22:00+00:00,161.51,19.52,37,10,6,Sunday,13,296,4,ATO,en,Bank debit card,0
1092f2a9-b351-465c-b8d4-8bf52137f44a,synth_d5f867db5cc6,gig_worker,tabddpm_synthetic,,['en'],ATO,2024-03-03T00:26:00+00:00,5.0,0.0,29,0,0,Monday,0,1,42,ATO,en,Bank debit card,1
53630515-fe20-4db3-8f1d-204b656a9ac6,synth_b3cd540505da,gig_worker,tabddpm_synthetic,,['en'],ATO,2024-09-08T13:59:00+00:00,6000.0,454.99,45,13,0,Monday,23,2000,0,ATO,en,Bank debit card,0
24e65b44-0b3c-4e74-aad0-4b1724cfb73d,synth_f426cb0abb67,gig_worker,tabddpm_synthetic,,['en'],ATO,2024-08-23T12:27:00+00:00,198.25,11.69,45,12,6,Sunday,10,1693,9,ATO,en,Bank debit card,0
705dafd8-123a-4cf5-b7b3-f519cc3cd23a,synth_bb0e85713067,gig_worker,tabddpm_synthetic,,['en'],ATO,2024-05-11T13:52:00+00:00,92.61,15.58,27,13,4,Friday,18,1,5,ATO,en,Bank debit card,0
ae34a9f2-2b52-4018-8ba6-86025b6d9fd4,synth_014ce04c056a,gig_worker,tabddpm_synthetic,,['en'],ATO,2024-02-19T23:53:00+00:00,41.25,0.0,22,23,6,Sunday,7,1,0,ATO,en,Bank debit card,0
ad570cdf-e0ec-40d7-a7ac-e4c068064b66,synth_3bb44eac6bbb,gig_worker,tabddpm_synthetic,,['en'],CashApp,2024-06-15T05:30:00+00:00,100.61,0.0,26,5,4,Friday,0,664,10,CashApp,en,Bank debit card,0
4b64653c-319e-4c77-8e3c-76a81bcb0be9,synth_95d13cf0653f,gig_worker,tabddpm_synthetic,,['en'],ATO,2024-11-12T06:58:00+00:00,194.1,0.0,41,6,0,Monday,90,1,0,ATO,en,Bank debit card,0
213a4286-5120-498f-91ab-35715fa568bf,synth_97d180b35194,gig_worker,tabddpm_synthetic,,['en'],ATO,2024-08-14T23:49:00+00:00,5.0,6.01,26,23,4,Friday,12,1,10,ATO,en,Bank debit card,0
1ae2ecd0-e5d2-4d5a-b61e-86b852f9d600,synth_22850baee8e9,gig_worker,tabddpm_synthetic,,['en'],ATO,2024-05-03T07:37:00+00:00,33.61,12.85,32,7,6,Sunday,6,879,7,ATO,en,Bank debit card,0
b9b34f77-1763-4db1-921f-0d533ee60266,synth_789401d66c1f,gig_worker,tabddpm_synthetic,,['en'],ATO,2024-11-09T23:09:00+00:00,6000.0,3000.0,45,23,0,Monday,0,2000,100,ATO,en,Bank debit card,0
a37b4854-9a60-48c3-94e3-6069d2b856d9,synth_4aa01ac07066,gig_worker,tabddpm_synthetic,,['en'],ATO,2024-12-01T10:46:00+00:00,69.33,11.48,45,10,6,Sunday,5,652,0,ATO,en,Bank debit card,0
8f6fb865-ec15-41cc-a024-13870de597c3,synth_f803e49bd80c,gig_worker,tabddpm_synthetic,,['en'],ATO,2024-10-31T05:18:00+00:00,5.0,0.0,45,5,2,Wednesday,90,1,0,ATO,en,Bank debit card,0
191fb7c7-a41b-4981-ac6a-de92e46607f3,synth_1090f4924b70,gig_worker,tabddpm_synthetic,,['en'],CashApp,2024-09-24T14:06:00+00:00,5.0,0.0,19,14,5,Saturday,10,152,0,CashApp,en,Bank debit card,0
70c7cec5-97e3-470f-956b-34d891cd6581,synth_aae305fda909,gig_worker,tabddpm_synthetic,,['en'],ATO,2024-12-18T23:05:00+00:00,6000.0,3000.0,45,23,0,Monday,0,2000,100,ATO,en,Bank debit card,0
d0d9277c-16a6-408d-978b-98a321b2d2c3,synth_956437edfbd7,gig_worker,tabddpm_synthetic,,['en'],ATO,2024-12-28T18:38:00+00:00,102.89,7.17,33,18,6,Sunday,5,2000,5,ATO,en,Bank debit card,0
20232311-959e-44d2-88b5-455a83bf2809,synth_b3ca145bc72b,gig_worker,tabddpm_synthetic,,['en'],ATO,2024-09-11T00:22:00+00:00,218.17,0.0,45,0,0,Monday,90,1,0,ATO,en,Bank debit card,0
26b57736-0e16-44d1-9ad6-7e4ee78385be,synth_b943ec41e4ec,gig_worker,tabddpm_synthetic,,['en'],ATO,2024-10-04T10:16:00+00:00,291.37,0.79,27,10,0,Monday,17,338,8,ATO,en,Bank debit card,0
73c0e245-fbc6-495c-8754-1b86658f0c06,synth_1e5713244692,gig_worker,tabddpm_synthetic,,['en'],ATO,2024-04-05T23:32:00+00:00,6000.0,3000.0,45,23,0,Monday,43,2000,96,ATO,en,Bank debit card,0
967455b2-7a8b-46a0-9ddc-adeefb4c637f,synth_81bb9fc68c61,gig_worker,tabddpm_synthetic,,['en'],ATO,2024-04-27T06:45:00+00:00,747.33,12.95,45,6,0,Monday,90,1,0,ATO,en,Bank debit card,0
3346b6e6-e89f-4737-83e2-5ed345d1cf91,synth_a9d5c721e596,gig_worker,tabddpm_synthetic,,['en'],ATO,2024-04-11T23:08:00+00:00,5.0,0.0,45,23,2,Wednesday,90,1,0,ATO,en,Bank debit card,0
927e4dac-d1d1-4989-9b3e-cb7974b91d7e,synth_0c1aa9b81d5a,gig_worker,tabddpm_synthetic,,['en'],ATO,2024-02-17T23:31:00+00:00,3695.01,130.61,30,23,5,Saturday,58,1,8,ATO,en,Bank debit card,0
36c770a1-1388-452c-adf6-1e87888c0d29,synth_5ab3a0dd1217,gig_worker,tabddpm_synthetic,,['en'],ATO,2024-12-25T00:19:00+00:00,1126.96,7.64,45,0,0,Monday,90,1,0,ATO,en,Bank debit card,1
b00decaf-83a4-4803-bfd2-b070bb670f7f,synth_54fe903167de,gig_worker,tabddpm_synthetic,,['en'],ATO,2024-06-22T05:25:00+00:00,80.67,12.66,36,5,4,Friday,6,2000,10,ATO,en,Bank debit card,0
2b1463ff-7505-4b8d-88c8-1d8fda269a77,synth_2619a14da993,gig_worker,tabddpm_synthetic,,['en'],ATO,2024-04-24T11:22:00+00:00,5.0,1.37,26,11,1,Tuesday,27,1098,1,ATO,en,Bank debit card,0
c7470966-3772-4434-b1cd-6acd2e49e58e,synth_da6680012355,gig_worker,tabddpm_synthetic,,['en'],ATO,2024-01-07T00:41:00+00:00,310.44,0.0,45,0,0,Monday,90,1,0,ATO,en,Bank debit card,0
54e6a52d-7b57-4fe8-85fa-67707a0adeca,synth_0d84525111b5,gig_worker,tabddpm_synthetic,,['en'],ATO,2024-07-06T23:22:00+00:00,5.0,0.0,32,23,6,Sunday,0,1,19,ATO,en,Bank debit card,0
1ed10f85-558e-4d8d-b474-d6f3778cf503,synth_8fedd42ce2fa,gig_worker,tabddpm_synthetic,,['en'],ATO,2024-09-16T23:35:00+00:00,6000.0,3000.0,45,23,0,Monday,90,2000,100,ATO,en,Bank debit card,0
0a3cdc27-0cae-4231-a0b2-af5fe9de8fe8,synth_3698854cef31,gig_worker,tabddpm_synthetic,,['en'],ATO,2024-10-14T08:26:00+00:00,22.73,2.22,30,8,5,Saturday,0,1026,7,ATO,en,Bank debit card,0
f6048b5e-789e-4bef-8a3e-9e02c8b96005,synth_499245d3e99d,gig_worker,tabddpm_synthetic,,['en'],ATO,2024-11-05T15:49:00+00:00,285.16,13.03,25,15,6,Sunday,2,1,12,ATO,en,Bank debit card,0
94cb678f-545a-4487-8899-4420ae989396,synth_d5c0f4019ecd,gig_worker,tabddpm_synthetic,,['en'],ATO,2024-06-11T00:43:00+00:00,543.32,0.0,45,0,0,Monday,90,1,0,ATO,en,Bank debit card,0
8ab654fd-a2a0-48e7-8784-5a23a1d89c42,synth_4d0d9caefe91,gig_worker,tabddpm_synthetic,,['en'],ATO,2024-07-01T10:32:00+00:00,231.89,0.0,39,10,0,Monday,90,1,0,ATO,en,Bank debit card,0
f92a7d26-8fb7-41e9-9e20-24cdebf90338,synth_be4b6501c395,gig_worker,tabddpm_synthetic,,['en'],ATO,2024-02-21T15:05:00+00:00,5.0,11.74,19,15,3,Thursday,6,71,2,ATO,en,Bank debit card,0
2387068b-c97b-404f-a549-e109de25b625,synth_9f175e8ba8ca,gig_worker,tabddpm_synthetic,,['en'],ATO,2024-10-13T23:55:00+00:00,6000.0,3000.0,45,23,0,Monday,17,2000,100,ATO,en,Bank debit card,0
ef453e8c-2764-4223-91d8-3c7127da4e8b,synth_eda8b6dcc9a8,gig_worker,tabddpm_synthetic,,['en'],ATO,2024-12-05T05:16:00+00:00,95.17,0.57,18,5,0,Monday,0,1,1,ATO,en,Bank debit card,0
12e988d2-cccf-45f8-bb8d-b8dddeb727f5,synth_8a489a23a960,gig_worker,tabddpm_synthetic,,['en'],ATO,2024-06-05T23:04:00+00:00,5.0,9.04,45,23,6,Sunday,0,1,100,ATO,en,Bank debit card,1
29444ce4-2e07-4015-92f6-487dde144fbf,synth_73c6fbd834f5,gig_worker,tabddpm_synthetic,,['en'],ATO,2024-03-01T23:22:00+00:00,6000.0,3000.0,45,23,0,Monday,90,2000,100,ATO,en,Bank debit card,0
f51b737a-7204-4064-a998-b9f9d51d6f05,synth_209ddfd179f5,gig_worker,tabddpm_synthetic,,['en'],ATO,2024-04-25T00:37:00+00:00,432.46,0.0,45,0,0,Monday,90,1,0,ATO,en,Bank debit card,0
2bae3053-ff23-4d07-b9a5-27552b0adc35,synth_472097764a42,gig_worker,tabddpm_synthetic,,['en'],ATO,2024-04-01T07:07:00+00:00,5.0,0.0,43,7,6,Sunday,5,846,6,ATO,en,Bank debit card,0
f490e11b-3890-4478-adc6-e787026c130e,synth_8a64d86f91b8,gig_worker,tabddpm_synthetic,,['en'],ATO,2024-12-26T23:22:00+00:00,6000.0,3000.0,45,23,0,Monday,33,592,100,ATO,en,Bank debit card,0
5b7ea965-001d-4896-97d4-ecf60f16b2f3,synth_a6e5b2cb0dd5,gig_worker,tabddpm_synthetic,,['en'],ATO,2024-01-19T23:55:00+00:00,176.67,23.05,27,23,6,Sunday,3,1,0,ATO,en,Bank debit card,0
e6bcd2cf-c123-4274-9e29-791ef064d8b4,synth_6984adf6322a,gig_worker,tabddpm_synthetic,,['en'],ATO,2024-10-19T23:40:00+00:00,5.0,15.45,30,23,6,Sunday,1,1,7,ATO,en,Bank debit card,0
a1b06505-e06e-4618-b7e7-45a7e6738bd7,synth_04c112c3777c,gig_worker,tabddpm_synthetic,,['en'],ATO,2024-10-04T10:32:00+00:00,143.69,10.86,43,10,0,Monday,0,1777,7,ATO,en,Bank debit card,0
244a13b7-ac54-47a8-9559-0804593f36c8,synth_d6d2310658b3,gig_worker,tabddpm_synthetic,,['en'],ATO,2024-07-18T11:03:00+00:00,28.28,0.0,45,11,6,Sunday,1,725,0,ATO,en,Bank debit card,0
9c30348b-bf11-45c6-8e37-098d1d24e484,synth_6efbdc5bbccb,gig_worker,tabddpm_synthetic,,['en'],ATO,2024-04-25T19:23:00+00:00,2130.37,117.22,37,19,5,Saturday,6,484,7,ATO,en,Bank debit card,0
84fa8a5d-fe4a-4c37-9037-6cfafb35e0af,synth_33502e1d0a6e,gig_worker,tabddpm_synthetic,,['en'],ATO,2024-11-18T15:50:00+00:00,1109.61,75.5,34,15,0,Monday,12,262,12,ATO,en,Bank debit card,0
fc005bd5-547a-4b48-8a4e-1a4d09ab330b,synth_520946f45cc4,gig_worker,tabddpm_synthetic,,['en'],ATO,2024-11-07T23:44:00+00:00,6000.0,3000.0,45,23,0,Monday,90,2000,100,ATO,en,Bank debit card,0
bb6dbded-e279-4de0-9fba-3a0899a6b882,synth_e6f31c271e69,gig_worker,tabddpm_synthetic,,['en'],ATO,2024-09-05T12:17:00+00:00,195.15,17.4,42,12,4,Friday,56,1,3,ATO,en,Bank debit card,0
427360b4-96e1-469f-b85b-f66a9d1109cc,synth_715021b5c7d2,gig_worker,tabddpm_synthetic,,['en'],ATO,2024-02-09T23:48:00+00:00,5.0,0.0,36,23,6,Sunday,0,1,65,ATO,en,Bank debit card,0
88fae811-a2ed-4b5b-ad02-a63301e88b89,synth_5858fd3ad77f,gig_worker,tabddpm_synthetic,,['en'],ATO,2024-04-01T09:38:00+00:00,5.0,3.16,24,9,6,Sunday,6,1665,9,ATO,en,Bank debit card,0
00ee65a8-51bc-485f-b788-a4bc405b31ae,synth_521fb8890a92,gig_worker,tabddpm_synthetic,,['en'],ATO,2024-06-19T23:24:00+00:00,5.0,0.0,45,23,6,Sunday,0,1,100,ATO,en,Bank debit card,1
ecdebcf6-304f-4096-8306-8ecb7234f272,synth_915660c09b2b,gig_worker,tabddpm_synthetic,,['en'],ATO,2024-02-18T23:41:00+00:00,532.85,17.38,35,23,1,Tuesday,90,1,0,ATO,en,Bank debit card,0
52004e7a-a7d1-4ec5-adad-4b71772c0f57,synth_c0d9164b32a2,gig_worker,tabddpm_synthetic,,['en'],ATO,2024-01-12T16:34:00+00:00,227.52,15.19,39,16,0,Monday,27,1189,8,ATO,en,Bank debit card,0
b291ef13-2bf0-41ae-a211-340ad0157b79,synth_187d28336811,gig_worker,tabddpm_synthetic,,['en'],ATO,2024-07-30T00:17:00+00:00,6000.0,2420.71,45,0,0,Monday,0,2000,51,ATO,en,Bank debit card,0
b838533b-b007-4810-8d56-5ada878de55b,synth_3eb7be23483e,gig_worker,tabddpm_synthetic,,['en'],ATO,2024-01-24T05:40:00+00:00,366.74,27.57,39,5,0,Monday,90,1,2,ATO,en,Bank debit card,0
953aff69-9625-4e7e-8914-5560b3eb5f31,synth_ee5b1efa38ee,gig_worker,tabddpm_synthetic,,['en'],ATO,2024-08-24T15:14:00+00:00,338.94,12.81,45,15,5,Saturday,4,1305,3,ATO,en,Bank debit card,0
84293d1e-1ce2-4ce4-b058-60295e07a9ed,synth_7d777350b35a,gig_worker,tabddpm_synthetic,,['en'],ATO,2024-11-01T23:10:00+00:00,6000.0,3000.0,45,23,0,Monday,0,2000,100,ATO,en,Bank debit card,0
d3f40218-21bb-4ba3-8d9a-171f2050c5e1,synth_86a6d4707e86,gig_worker,tabddpm_synthetic,,['en'],ATO,2024-12-19T23:56:00+00:00,6000.0,3000.0,45,23,0,Monday,90,2000,100,ATO,en,Bank debit card,0
a881bc0a-d9fc-4755-a65e-1ec1eaab6698,synth_f0eeb14a20ed,gig_worker,tabddpm_synthetic,,['en'],ATO,2024-06-24T23:40:00+00:00,6000.0,3000.0,45,23,0,Monday,90,93,100,ATO,en,Bank debit card,0
5c391b1e-8faa-4014-8a9e-8f6499bfff68,synth_64563fd16e2a,gig_worker,tabddpm_synthetic,,['en'],ATO,2024-06-25T23:15:00+00:00,5.0,0.0,34,23,6,Sunday,0,1,100,ATO,en,Bank debit card,0
b87f6ec0-faed-427f-9ecb-9bb06c76dcd1,synth_951210736110,gig_worker,tabddpm_synthetic,,['en'],ATO,2024-12-30T22:12:00+00:00,5.0,0.0,20,22,6,Sunday,0,888,0,ATO,en,Bank debit card,0
8b546faf-2897-42e7-9d2c-b19306a720cb,synth_e732bd5a5bde,gig_worker,tabddpm_synthetic,,['en'],ATO,2024-08-18T13:48:00+00:00,6000.0,3000.0,45,13,0,Monday,27,2000,93,ATO,en,Bank debit card,0
dd5497f0-576f-414d-a853-16ced04de554,synth_6e502793d8d5,gig_worker,tabddpm_synthetic,,['en'],ATO,2024-01-26T07:26:00+00:00,141.69,16.99,44,7,6,Sunday,3,1447,15,ATO,en,CashApp,0
b3ae1dbe-cf7c-4d4e-9ae8-caa92ca8e91a,synth_7c9ae7aaa16a,gig_worker,tabddpm_synthetic,,['en'],ATO,2024-01-16T09:10:00+00:00,39.88,0.0,25,9,2,Wednesday,15,983,4,ATO,en,Bank debit card,0
94899fc3-f9b6-436d-9406-a1719bbb2183,synth_b209081783e7,gig_worker,tabddpm_synthetic,,['en'],ATO,2024-07-18T23:31:00+00:00,6000.0,3000.0,45,23,0,Monday,39,1,100,ATO,en,Bank debit card,0
6caa3da5-8654-40ef-bdf0-46ef7157f948,synth_f03287be5184,gig_worker,tabddpm_synthetic,,['en'],ATO,2024-02-20T07:18:00+00:00,696.75,24.71,25,7,0,Monday,90,1,0,ATO,en,Bank debit card,0
8fa9ddef-7c9d-4a1c-aaee-2408d66fa631,synth_f96254f003fa,gig_worker,tabddpm_synthetic,,['en'],ATO,2024-10-06T01:59:00+00:00,91.86,0.0,45,1,0,Monday,90,1,0,ATO,en,Bank debit card,0
00771b71-cda7-492c-be28-91a8b01e79a4,synth_a8e76d56cc1c,gig_worker,tabddpm_synthetic,,['en'],ATO,2024-05-28T08:10:00+00:00,469.49,31.09,37,8,3,Thursday,60,1,4,ATO,en,Bank debit card,0
3b0deac2-42f8-4401-9aa7-c907650c3754,synth_35131f03f0f8,gig_worker,tabddpm_synthetic,,['en'],ATO,2024-10-19T23:21:00+00:00,6000.0,1303.48,45,23,2,Wednesday,0,1,100,ATO,en,Bank debit card,0
b1e8b83a-f240-4015-bf15-a12ce4d90f90,synth_50ed143881b6,gig_worker,tabddpm_synthetic,,['es'],ATO,2024-05-20T12:06:00+00:00,5.0,1.97,32,12,6,Sunday,5,2000,11,ATO,es,Bank debit card,0
c40e2e57-37c0-47ca-80cc-4a9066a99341,synth_e7efe39ce087,gig_worker,tabddpm_synthetic,,['en'],ATO,2024-03-10T23:13:00+00:00,6000.0,3000.0,45,23,0,Monday,0,1,100,ATO,en,Bank debit card,0
4c44a10b-bdbc-43c4-b1f8-b6443f7e8360,synth_92d18dc8c98b,gig_worker,tabddpm_synthetic,,['en'],ATO,2024-09-23T09:29:00+00:00,288.56,7.25,38,9,4,Friday,33,1,2,ATO,en,Bank debit card,0
f4fc17e5-9f9f-4647-9ce8-19b8ace7aecf,synth_4e51409f0bb5,gig_worker,tabddpm_synthetic,,['en'],ATO,2024-11-25T14:25:00+00:00,5.0,0.0,36,14,4,Friday,10,1750,6,ATO,en,Bank debit card,0
baf257d0-062d-4f7d-8adf-5e0499959199,synth_2f8e825451ea,gig_worker,tabddpm_synthetic,,['en'],ATO,2024-06-14T09:51:00+00:00,261.01,0.0,45,9,2,Wednesday,90,1,4,ATO,en,Bank debit card,0
e3676f97-3a7f-449b-8794-7ad91d850597,synth_23c382f944f4,gig_worker,tabddpm_synthetic,,['en'],CashApp,2024-01-02T15:51:00+00:00,14.18,4.29,42,15,2,Wednesday,30,832,7,CashApp,en,Bank debit card,0
0f685905-9a06-4a06-b872-a51a8cda64d7,synth_02bdeebf49ba,gig_worker,tabddpm_synthetic,,['en'],ATO,2024-12-19T10:58:00+00:00,5.0,0.0,45,10,4,Friday,49,1,0,ATO,en,Bank debit card,0
fa472e65-8e84-4696-b07b-b258c9fca65d,synth_72e1c1c3040a,gig_worker,tabddpm_synthetic,,['en'],CashApp,2024-08-11T09:48:00+00:00,167.28,19.42,24,9,0,Monday,4,1846,12,CashApp,en,Bank debit card,0
d2ed8fcf-98f0-4931-8792-4a3452235aff,synth_d77168162890,gig_worker,tabddpm_synthetic,,['en'],ATO,2024-04-17T06:23:00+00:00,658.41,60.96,45,6,0,Monday,15,683,5,ATO,en,CashApp,0
42ca313f-2fb2-4477-a8a5-cfd2bebcade9,synth_36005cf7d421,gig_worker,tabddpm_synthetic,,['en'],ATO,2024-11-26T07:54:00+00:00,428.45,19.79,45,7,1,Tuesday,28,334,4,ATO,en,Bank debit card,0
95de0ff7-e121-444a-9d02-25afa08e0658,synth_95f6474ecacb,gig_worker,tabddpm_synthetic,,['en'],ATO,2024-02-28T09:24:00+00:00,425.87,14.87,39,9,1,Tuesday,7,1684,4,ATO,en,Bank debit card,0
8de47640-ea55-42c2-b2d6-de18fb3cc0b7,synth_c1b1a9d7839b,gig_worker,tabddpm_synthetic,,['en'],ATO,2024-05-16T23:41:00+00:00,6000.0,3000.0,45,23,0,Monday,0,1,100,ATO,en,Bank debit card,0
a1cedb32-a2f1-4b26-b7d7-9edf85918433,synth_f41513d1d3cd,gig_worker,tabddpm_synthetic,,['en'],ATO,2024-03-23T12:23:00+00:00,5.0,1.99,45,12,6,Sunday,5,1687,3,ATO,en,Bank debit card,0
650193fc-37c2-4f1d-9ea4-d4c78a4e9f32,synth_b4ffec3bf8b1,gig_worker,tabddpm_synthetic,,['en'],ATO,2024-02-05T12:18:00+00:00,5.0,0.0,32,12,5,Saturday,55,1,0,ATO,en,Bank debit card,0
52ead287-0b58-49bc-a849-66b20c13351f,synth_183953da2a86,gig_worker,tabddpm_synthetic,,['en'],ATO,2024-09-06T23:55:00+00:00,123.66,10.75,37,23,5,Saturday,64,1,2,ATO,en,Bank debit card,0
8e2bf204-afcd-4b13-b09b-db9a563cdb83,synth_cd01fac40040,gig_worker,tabddpm_synthetic,,['en'],ATO,2024-05-16T07:53:00+00:00,343.5,10.77,38,7,4,Friday,20,678,12,ATO,en,Bank debit card,0
e1a676ce-1d87-448b-aec5-4c226633ccdd,synth_d2fb67c7bcd3,gig_worker,tabddpm_synthetic,,['en'],ATO,2024-07-23T12:58:00+00:00,101.35,2.45,26,12,2,Wednesday,5,964,11,ATO,en,Bank debit card,0
54141d62-4933-48d3-afec-1f42f6fd40e2,synth_9913b23167d7,gig_worker,tabddpm_synthetic,,['en'],ATO,2024-04-24T23:17:00+00:00,101.65,6.99,40,23,0,Monday,35,1,0,ATO,en,Bank debit card,0
b96185d7-1bbf-41d3-a7aa-736fcda0ce8b,synth_fe0e2611c6a2,gig_worker,tabddpm_synthetic,,['en'],ATO,2024-11-01T05:14:00+00:00,462.91,0.0,38,5,0,Monday,90,1,0,ATO,en,Bank debit card,0
358b15dc-b13e-4477-82ad-aa97a75b95e6,synth_0ebbddf5f9d4,gig_worker,tabddpm_synthetic,,['en'],ATO,2024-04-03T23:06:00+00:00,6000.0,3000.0,45,23,0,Monday,90,2000,100,ATO,en,Bank debit card,0
bffd83cb-c108-44e4-a5a3-5f399f03f80e,synth_df4ca31d02f7,gig_worker,tabddpm_synthetic,,['en'],ATO,2024-09-18T08:07:00+00:00,298.39,21.7,28,8,1,Tuesday,22,1,11,ATO,en,Bank debit card,0
21120b71-7b9d-4f1e-9ae0-c4bcac000ea9,synth_82f209c8e797,gig_worker,tabddpm_synthetic,,['en'],ATO,2024-11-24T09:26:00+00:00,93.03,8.83,39,9,1,Tuesday,86,1,4,ATO,en,Bank debit card,0
0eaf9418-3135-49d1-bd15-2e9a871a4da7,synth_442c76c8bc84,gig_worker,tabddpm_synthetic,,['en'],ATO,2024-12-08T23:24:00+00:00,213.52,9.04,19,23,6,Sunday,4,1,3,ATO,en,Bank debit card,0
e2f9e4f1-761e-414b-b684-a2683abcf190,synth_67988b27d46f,gig_worker,tabddpm_synthetic,,['en'],ATO,2024-08-27T14:28:00+00:00,5.0,0.0,43,14,0,Monday,90,1,0,ATO,en,Bank debit card,0
1038b7a8-a296-4f51-9f93-d2ca7680c487,synth_f88f546f702e,gig_worker,tabddpm_synthetic,,['en'],ATO,2024-08-17T23:16:00+00:00,5.0,11.26,45,23,6,Sunday,0,1,84,ATO,en,Bank debit card,1
80a66c27-ffe9-4804-955b-8e705b7f7a0a,synth_0f841db1bc2c,gig_worker,tabddpm_synthetic,,['en'],ATO,2024-07-04T00:33:00+00:00,529.7,0.0,35,0,0,Monday,90,1,0,ATO,en,Bank debit card,0
92f6ee91-fd66-49e4-89bb-96043bb77ca2,synth_4a2cdcbb5258,gig_worker,tabddpm_synthetic,,['en'],ATO,2024-04-18T17:18:00+00:00,527.2,30.54,30,17,2,Wednesday,18,867,2,ATO,en,Bank debit card,0
ea8d8aa5-cba5-4662-8396-cb44e0a79e89,synth_20ba124a817d,gig_worker,tabddpm_synthetic,,['en'],ATO,2024-11-09T12:51:00+00:00,43.81,3.78,18,12,6,Sunday,8,1,10,ATO,en,Bank debit card,0
05120fe1-b881-4ba4-874e-84e45d528652,synth_018136fe9273,gig_worker,tabddpm_synthetic,,['en'],ATO,2024-01-23T03:45:00+00:00,582.71,39.05,35,3,0,Monday,2,530,14,ATO,en,Bank debit card,0
ba945704-f0b3-4ac6-b9f0-23fd63758743,synth_7be140eee247,gig_worker,tabddpm_synthetic,,['en'],ATO,2024-05-15T00:02:00+00:00,1069.81,0.0,42,0,0,Monday,90,1,0,ATO,en,Bank debit card,0
3cf87bb5-cf8c-4dfd-931d-332efe4ffdab,synth_2f429617364e,gig_worker,tabddpm_synthetic,,['en'],ATO,2024-10-24T18:20:00+00:00,138.67,0.54,45,18,0,Monday,6,487,0,ATO,en,Bank debit card,0
cea298d1-a41e-4823-a8e8-5a90510ceca0,synth_2b573020ccde,gig_worker,tabddpm_synthetic,,['en'],ATO,2024-09-27T16:20:00+00:00,2376.61,266.03,45,16,2,Wednesday,5,384,6,ATO,en,Bank debit card,0
ab5d16a9-9d8c-4c60-a798-d75c2a8697ea,synth_55b969483b13,gig_worker,tabddpm_synthetic,,['en'],ATO,2024-06-10T11:03:00+00:00,43.68,19.11,45,11,0,Monday,3,1331,6,ATO,en,CashApp,0
a2eb0280-6ef4-46b3-9cbc-45b887daf069,synth_cc10786ad63c,gig_worker,tabddpm_synthetic,,['en'],ATO,2024-05-04T23:00:00+00:00,6000.0,3000.0,45,23,0,Monday,52,2000,100,ATO,en,Bank debit card,0
5ab213fc-31b4-4ced-b2f6-5eed88883eae,synth_712cb2f9a768,gig_worker,tabddpm_synthetic,,['en'],ATO,2024-08-20T08:52:00+00:00,52.33,9.69,28,8,3,Thursday,6,359,10,ATO,en,Bank debit card,0
bdd0295e-5d9c-448d-97b8-5760d191b4ff,synth_2b3f82bb80b6,gig_worker,tabddpm_synthetic,,['en'],ATO,2024-01-23T10:20:00+00:00,163.89,26.49,35,10,2,Wednesday,12,1,8,ATO,en,Bank debit card,0
91d720fa-441c-44bd-b94a-89703f7ec754,synth_095c9e8f2f54,gig_worker,tabddpm_synthetic,,['en'],ATO,2024-08-24T23:10:00+00:00,72.38,0.0,29,23,4,Friday,30,905,2,ATO,en,Bank debit card,0
51c4dae3-a19b-416d-8e94-b363b48dab2d,synth_f69d774474dd,gig_worker,tabddpm_synthetic,,['en'],ATO,2024-03-17T00:05:00+00:00,176.14,0.0,45,0,0,Monday,90,1,0,ATO,en,Bank debit card,0
8c114d32-efd1-4a66-aa99-430d99ceac1f,synth_cb0e2931c32e,gig_worker,tabddpm_synthetic,,['en'],ATO,2024-05-22T06:06:00+00:00,5.0,0.0,45,6,6,Sunday,1,1197,0,ATO,en,Bank debit card,0
81fb8332-0e5b-4628-8d0b-b08ce878ccde,synth_818eed6a1b8e,gig_worker,tabddpm_synthetic,,['en'],ATO,2024-08-02T09:42:00+00:00,266.37,12.53,41,9,3,Thursday,13,1081,6,ATO,en,Bank debit card,0
d3ad4782-d22f-4c5d-9eb6-9f3f8c0d774c,synth_e3669c400e61,gig_worker,tabddpm_synthetic,,['en'],ATO,2024-09-08T23:23:00+00:00,6000.0,3000.0,45,23,0,Monday,86,1,100,ATO,en,Bank debit card,0
bfc2717c-69d2-43d2-9a79-edef562d5b62,synth_80007725c0d1,gig_worker,tabddpm_synthetic,,['en'],ATO,2024-09-17T13:33:00+00:00,373.41,16.11,22,13,3,Thursday,46,1,12,ATO,en,Bank debit card,0
e3bab30f-8c9a-4b00-a64a-f4d2b83562db,synth_76bc8ddf4739,gig_worker,tabddpm_synthetic,,['en'],ATO,2024-02-29T08:20:00+00:00,894.68,39.37,39,8,0,Monday,16,1,5,ATO,en,Bank debit card,0
9193bed7-04b6-4349-b29d-d6c59e2b1f02,synth_a72c35e7c740,gig_worker,tabddpm_synthetic,,['en'],ATO,2024-06-24T05:42:00+00:00,459.85,20.02,30,5,3,Thursday,11,905,3,ATO,en,Bank debit card,0
ea7a096d-c2ad-476e-90ec-358a9f7c279b,synth_3aa96aa6cfe8,gig_worker,tabddpm_synthetic,,['en'],ATO,2024-08-13T23:37:00+00:00,5.0,0.0,45,23,6,Sunday,0,1,100,ATO,en,Bank debit card,1
b74bd910-292b-4c2e-a733-cace80542c75,synth_0a489396b1e1,gig_worker,tabddpm_synthetic,,['en'],ATO,2024-12-06T02:26:00+00:00,453.31,21.02,27,2,4,Friday,2,756,1,ATO,en,Bank debit card,0
83bda651-3d2a-4358-bd81-a999dfa5dbdc,synth_8cf0d4b19b8e,gig_worker,tabddpm_synthetic,,['en'],ATO,2024-03-23T07:54:00+00:00,5.0,2.12,18,7,0,Monday,36,1586,0,ATO,en,Bank debit card,0
487bd8fe-3c7e-4129-b2c1-7d60f315552e,synth_083507d09ed2,gig_worker,tabddpm_synthetic,,['en'],ATO,2024-01-31T00:29:00+00:00,695.77,0.0,45,0,0,Monday,90,1,0,ATO,en,Bank debit card,0
43569f21-ee41-44e6-b04d-80c53eb1b0ba,synth_d347003300d6,gig_worker,tabddpm_synthetic,,['en'],ATO,2024-05-18T18:08:00+00:00,5.0,0.0,45,18,2,Wednesday,49,1,0,ATO,en,Bank debit card,0
4916d861-aea2-4a32-8566-c2d7cd8ddc33,synth_24ced0957b0f,gig_worker,tabddpm_synthetic,,['en'],ATO,2024-02-18T13:33:00+00:00,134.48,14.09,45,13,2,Wednesday,0,2000,13,ATO,en,Bank debit card,0
9fe55f36-afe1-4c15-ae01-e43729129378,synth_1deaa0e35ba3,gig_worker,tabddpm_synthetic,,['en'],ATO,2024-08-26T00:17:00+00:00,5.0,0.0,45,0,0,Monday,90,1,0,ATO,en,Bank debit card,0
c9befe0b-bcb6-49db-9b06-b055d92029e2,synth_69bdfa8722fe,gig_worker,tabddpm_synthetic,,['en'],ATO,2024-10-09T05:37:00+00:00,200.77,17.04,45,5,2,Wednesday,2,826,6,ATO,en,Bank debit card,0
53eafdb3-25c5-4839-8557-beb38c3e1251,synth_4d78fcb3ae43,gig_worker,tabddpm_synthetic,,['en'],ATO,2024-04-16T07:06:00+00:00,284.82,17.42,26,7,0,Monday,9,1953,5,ATO,en,CashApp,0
946069de-5431-4dbd-a650-4b18d9b3ec52,synth_d0ebc2607ef7,gig_worker,tabddpm_synthetic,,['en'],ATO,2024-08-29T23:50:00+00:00,5.0,0.0,42,23,6,Sunday,0,1,100,ATO,en,Bank debit card,1
b6f4d86e-9126-4f65-bc6d-3dc270f39501,synth_a6e7fdb56b8d,gig_worker,tabddpm_synthetic,,['en'],ATO,2024-02-01T23:16:00+00:00,5.0,15.81,18,23,6,Sunday,0,1,100,ATO,en,Bank debit card,1
9f8a564d-8cde-48f3-8ec3-8eeda89fc59c,synth_a478188beb22,gig_worker,tabddpm_synthetic,,['en'],ATO,2024-03-06T00:36:00+00:00,11.53,0.0,45,0,0,Monday,90,1,0,ATO,en,Bank debit card,0
4541f834-bb27-432d-9a44-c0a86893fb20,synth_7546983c29b0,gig_worker,tabddpm_synthetic,,['en'],ATO,2024-03-08T23:27:00+00:00,6000.0,3000.0,45,23,0,Monday,0,2000,100,ATO,en,Bank debit card,0
4920b6e2-a5a7-4e21-8b66-ec90feeb835e,synth_88ba4c7979c2,gig_worker,tabddpm_synthetic,,['en'],ATO,2024-12-23T00:02:00+00:00,5.0,0.0,45,0,0,Monday,90,1,0,ATO,en,Bank debit card,0
4f9008f1-1697-4e50-a723-48ff4cd35f1a,synth_4828fe2eabdd,gig_worker,tabddpm_synthetic,,['en'],ATO,2024-07-10T23:21:00+00:00,6000.0,3000.0,45,23,0,Monday,72,1,100,ATO,en,Bank debit card,0
967a85a1-d19f-4160-9781-a4b72da753c3,synth_b043f8b5d713,gig_worker,tabddpm_synthetic,,['en'],ATO,2024-12-02T23:23:00+00:00,736.82,23.87,24,23,3,Thursday,65,1,3,ATO,en,Bank debit card,0
f5a36586-73d1-4a69-b22b-0f54120e5928,synth_394ba8447904,gig_worker,tabddpm_synthetic,,['en'],ATO,2024-07-26T13:00:00+00:00,368.14,19.35,42,13,6,Sunday,11,247,3,ATO,en,Bank debit card,0
8088c877-2c54-4d5a-a03f-b78a45b1239f,synth_6f631fe53590,gig_worker,tabddpm_synthetic,,['en'],ATO,2024-05-14T23:39:00+00:00,6000.0,3000.0,45,23,0,Monday,90,2000,100,ATO,en,Bank debit card,0
c1052416-e8c5-45b0-819e-28ab6262788e,synth_1525db85d5e4,gig_worker,tabddpm_synthetic,,['en'],ATO,2024-04-28T11:23:00+00:00,66.59,0.0,42,11,0,Monday,19,347,0,ATO,en,Bank debit card,0
5f7660f8-6613-44b1-b224-e613d4d44681,synth_4d1dd1e6b00d,gig_worker,tabddpm_synthetic,,['en'],ATO,2024-07-26T13:44:00+00:00,152.81,0.0,26,13,4,Friday,82,1,3,ATO,en,Bank debit card,0
3eb3f82e-c6f1-4413-bf5d-d837159012f1,synth_b692ff021f9d,gig_worker,tabddpm_synthetic,,['en'],ATO,2024-04-19T23:50:00+00:00,6000.0,3000.0,45,23,0,Monday,71,1,100,ATO,en,Bank debit card,0
4a8d1b0d-3802-42df-8c48-9e6198eae1db,synth_187fa0bc946d,gig_worker,tabddpm_synthetic,,['en'],ATO,2024-06-21T13:45:00+00:00,1104.9,92.38,28,13,5,Saturday,0,1,17,ATO,en,Bank debit card,0
c4fe4d4e-5e07-44cd-935a-3dcefb25af3b,synth_34c9c9f8e930,gig_worker,tabddpm_synthetic,,['en'],ATO,2024-10-22T09:53:00+00:00,352.17,22.93,33,9,0,Monday,22,1051,4,ATO,en,Bank debit card,0
6796d88f-145a-4883-95e3-1abc53446ab5,synth_92a13c937123,gig_worker,tabddpm_synthetic,,['en'],ATO,2024-07-31T23:56:00+00:00,1140.98,39.84,42,23,0,Monday,5,1,31,ATO,en,Bank debit card,1
fff316b7-cf59-471d-bab1-919df5148183,synth_607c2c4fd4e7,gig_worker,tabddpm_synthetic,,['en'],ATO,2024-11-23T23:06:00+00:00,6000.0,3000.0,45,23,0,Monday,90,2000,100,ATO,en,Bank debit card,1
2680055c-41e5-4351-81ec-e77898968123,synth_5fe4ba430626,gig_worker,tabddpm_synthetic,,['en'],ATO,2024-01-30T13:11:00+00:00,34.79,2.09,41,13,0,Monday,90,1,3,ATO,en,Bank debit card,0
86b9f777-0585-405c-91d4-2f47d30b7568,synth_c9f59579b271,gig_worker,tabddpm_synthetic,,['en'],ATO,2024-11-18T10:49:00+00:00,5.0,4.43,44,10,3,Thursday,0,2000,7,ATO,en,Bank debit card,0
65884f1a-280f-4360-a7a3-51c60b20dda0,synth_bc4a4b55e340,gig_worker,tabddpm_synthetic,,['en'],ATO,2024-12-11T00:37:00+00:00,999.03,0.0,26,0,0,Monday,90,1,0,ATO,en,Bank debit card,0
a4a9681e-38fb-420f-8c75-e18c4bd9b53e,synth_0c73e1fdf2be,gig_worker,tabddpm_synthetic,,['en'],ATO,2024-09-28T08:59:00+00:00,6000.0,907.97,45,8,0,Monday,1,590,14,ATO,en,Bank debit card,0
acb6ff57-2d32-4664-a5df-5efd87ae73dc,synth_cffda390917a,gig_worker,tabddpm_synthetic,,['en'],ATO,2024-03-18T23:19:00+00:00,6000.0,3000.0,45,23,0,Monday,0,1,100,ATO,en,Bank debit card,0
6b66ccf1-db86-4d98-9a41-1e9f9d00252f,synth_2ec4aefdfaa9,gig_worker,tabddpm_synthetic,,['en'],ATO,2024-03-27T23:59:00+00:00,6000.0,3000.0,45,23,0,Monday,90,2000,100,ATO,en,Bank debit card,0
55c19d43-d34b-43bf-907b-6a8ef9068484,synth_b1b2c75dc5dc,gig_worker,tabddpm_synthetic,,['en'],ATO,2024-04-18T14:09:00+00:00,47.91,2.97,39,14,4,Friday,5,466,4,ATO,en,Bank debit card,0
d3e9b2e1-7687-473f-8152-98948c439a37,synth_a6b15f35d4da,gig_worker,tabddpm_synthetic,,['en'],ATO,2024-03-09T00:42:00+00:00,388.22,0.0,45,0,0,Monday,90,1,0,ATO,en,Bank debit card,0
b81505ba-2ec5-4290-b5fb-45b0f7e22c4c,synth_f2b670f6c1a2,gig_worker,tabddpm_synthetic,,['en'],ATO,2024-07-13T12:43:00+00:00,305.78,0.0,22,12,0,Monday,90,1,5,ATO,en,Bank debit card,0
4ebd10e1-3656-454d-830d-72bff344bfc0,synth_1d1989ad5b3a,gig_worker,tabddpm_synthetic,,['en'],ATO,2024-11-17T05:55:00+00:00,156.14,4.61,44,5,1,Tuesday,15,1,6,ATO,en,Bank debit card,0
be09b5af-ae46-43d7-a1b8-663e900fcc33,synth_5af8a268fc6d,gig_worker,tabddpm_synthetic,,['en'],ATO,2024-05-30T13:59:00+00:00,5.0,10.06,44,13,2,Wednesday,13,691,6,ATO,en,Bank debit card,0
497199f4-abfa-42fe-b424-526893205a7c,synth_7308765ef8dd,gig_worker,tabddpm_synthetic,,['en'],ATO,2024-03-22T13:07:00+00:00,5.0,10.51,38,13,0,Monday,5,2000,14,ATO,en,Bank debit card,0
78df8a86-c97d-421b-833b-2bf7a5abedab,synth_0b85c840f0d2,gig_worker,tabddpm_synthetic,,['en'],ATO,2024-06-04T23:02:00+00:00,6000.0,3000.0,45,23,0,Monday,0,2000,100,ATO,en,Bank debit card,0
4d4ea8b2-cd94-4e18-9322-2f4c9521b37c,synth_d6d7db15a565,gig_worker,tabddpm_synthetic,,['en'],ATO,2024-04-25T23:23:00+00:00,6000.0,3000.0,45,23,0,Monday,0,2000,100,ATO,en,Bank debit card,0
26254639-1a1e-4db2-a654-ce129cbd255f,synth_b6ba3cd9e574,gig_worker,tabddpm_synthetic,,['en'],ATO,2024-07-11T18:31:00+00:00,5.0,0.0,41,18,6,Sunday,5,599,1,ATO,en,Bank debit card,0
66bab3c1-4663-4c5f-8607-3ecdcf5e2d91,synth_c7822bc5c6a2,gig_worker,tabddpm_synthetic,,['en'],ATO,2024-03-29T07:16:00+00:00,439.42,32.62,42,7,2,Wednesday,20,2000,9,ATO,en,Bank debit card,0
749589d8-b56f-4daa-bba8-8517b6780b72,synth_0d75cdcff927,gig_worker,tabddpm_synthetic,,['en'],ATO,2024-07-28T06:38:00+00:00,332.6,3.59,45,6,0,Monday,90,1,0,ATO,en,Bank debit card,0
1054bfb7-1fdd-4e75-bf5d-9742b0a2b207,synth_119e58672e77,gig_worker,tabddpm_synthetic,,['en'],ATO,2024-05-10T09:55:00+00:00,5.0,0.0,45,9,6,Sunday,88,1,0,ATO,en,Bank debit card,0
06cfd433-b7c3-40d3-a48a-ccac36383f02,synth_a489988d3bf8,gig_worker,tabddpm_synthetic,,['en'],ATO,2024-10-08T23:49:00+00:00,6000.0,3000.0,45,23,0,Monday,44,2000,100,ATO,en,Bank debit card,0
e41afccc-50c3-4e8c-8673-ecd9d09bb73a,synth_bc592dd1bc98,gig_worker,tabddpm_synthetic,,['en'],ATO,2024-05-04T23:34:00+00:00,6000.0,3000.0,45,23,0,Monday,4,2000,100,ATO,en,Bank debit card,0
a67ac4b1-6096-423a-8115-83c5ff527d6d,synth_9759ecb727e6,gig_worker,tabddpm_synthetic,,['en'],ATO,2024-01-18T22:40:00+00:00,206.71,11.19,45,22,0,Monday,27,1,39,ATO,en,Bank debit card,1
89c603ad-5d54-496a-81cb-4e0f1c54a7d5,synth_fe1047914d0d,gig_worker,tabddpm_synthetic,,['en'],ATO,2024-10-08T16:30:00+00:00,232.93,4.1,36,16,2,Wednesday,90,1,0,ATO,en,Bank debit card,0
df153758-f0ac-47b4-9487-01daa48dcc33,synth_b08863816126,gig_worker,tabddpm_synthetic,,['en'],ATO,2024-05-05T15:41:00+00:00,5.0,0.0,45,15,3,Thursday,22,1024,0,ATO,en,Bank debit card,0
9d4be96a-22fc-474f-aaea-d7cb75431172,synth_acc89358c297,gig_worker,tabddpm_synthetic,,['en'],ATO,2024-10-07T17:36:00+00:00,5.0,5.39,26,17,4,Friday,22,2000,8,ATO,en,Bank debit card,0
b35d5913-3496-48c3-972a-9eb1eb2fcfe6,synth_2ac4ae6c95db,gig_worker,tabddpm_synthetic,,['en'],ATO,2024-04-20T12:20:00+00:00,5.0,6.3,33,12,5,Saturday,7,2000,9,ATO,en,Bank debit card,0
4707a766-f454-4a3f-b95c-67e14a96d1a6,synth_590654881ca3,gig_worker,tabddpm_synthetic,,['en'],ATO,2024-06-30T23:02:00+00:00,6000.0,3000.0,45,23,0,Monday,90,2000,100,ATO,en,Bank debit card,0
202608a1-e433-4cb3-b43b-fc69212a482c,synth_111f027f7dfa,gig_worker,tabddpm_synthetic,,['en'],ATO,2024-08-21T00:52:00+00:00,223.84,0.0,39,0,0,Monday,90,1,0,ATO,en,Bank debit card,0
f20fb856-3cc4-470c-87c5-408d9d616826,synth_c291ab87dd4e,gig_worker,tabddpm_synthetic,,['en'],ATO,2024-11-17T12:08:00+00:00,426.52,21.68,33,12,3,Thursday,8,416,7,ATO,en,Bank debit card,0
0c611fa4-9f8f-44fb-8e59-fe4661f4b632,synth_a8dcaa404347,gig_worker,tabddpm_synthetic,,['en'],ATO,2024-10-16T23:36:00+00:00,6000.0,2560.87,45,23,6,Sunday,0,1,100,ATO,en,Bank debit card,0
3ee8bf04-7f2b-488e-8fd7-f4b41a79d46e,synth_44fae5f3c7c7,gig_worker,tabddpm_synthetic,,['en'],CashApp,2024-02-15T08:17:00+00:00,5.0,7.29,37,8,1,Tuesday,1,707,8,CashApp,en,Bank debit card,0
cd8cd612-02c8-406c-916d-8c82def18a9a,synth_995fbf3267cd,gig_worker,tabddpm_synthetic,,['en'],ATO,2024-03-09T22:45:00+00:00,423.52,15.15,24,22,0,Monday,90,1,0,ATO,en,Bank debit card,0
ab7f9157-fcd2-4721-86bb-f207b53b1e4e,synth_e70f63d3669c,gig_worker,tabddpm_synthetic,,['en'],ATO,2024-10-12T23:35:00+00:00,6000.0,3000.0,45,23,0,Monday,0,2000,100,ATO,en,Bank debit card,0
9c6fa080-c773-4454-9ab6-b9b6ae454fb1,synth_1bc3cf9fb98a,gig_worker,tabddpm_synthetic,,['en'],ATO,2024-05-30T14:47:00+00:00,5.0,0.23,41,14,6,Sunday,0,311,10,ATO,en,Bank debit card,0
ea4a73ab-79cc-4731-95a9-367f2603b1e0,synth_80bea6e5d944,gig_worker,tabddpm_synthetic,,['en'],ATO,2024-10-01T14:04:00+00:00,163.34,10.22,44,14,5,Saturday,19,869,6,ATO,en,Bank debit card,0
3fd69e3f-9985-461c-81e1-c98f0694b28f,synth_8f2ba2fa99cb,gig_worker,tabddpm_synthetic,,['es'],ATO,2024-06-12T10:17:00+00:00,241.02,11.43,27,10,0,Monday,58,91,8,ATO,es,Bank debit card,0
bebf267e-3cbe-471c-baba-4e95c11badf5,synth_88fabe07c663,gig_worker,tabddpm_synthetic,,['en'],ATO,2024-09-18T23:53:00+00:00,6000.0,3000.0,45,23,0,Monday,0,1,100,ATO,en,Bank debit card,1
c7ace7a8-e0cb-4eba-bef5-7964f69e8060,synth_d7dd47fa8968,gig_worker,tabddpm_synthetic,,['en'],ATO,2024-12-27T00:38:00+00:00,825.01,0.0,25,0,0,Monday,90,1,0,ATO,en,Bank debit card,0
d98b4699-f208-4e79-b443-3fb90bfe1a61,synth_addf37955180,gig_worker,tabddpm_synthetic,,['en'],ATO,2024-06-14T20:41:00+00:00,464.63,20.23,41,20,4,Friday,29,131,9,ATO,en,Bank debit card,0
ab9a2863-39c8-49bb-9cd4-2e944a8b6df4,synth_389c165f940e,gig_worker,tabddpm_synthetic,,['en'],ATO,2024-03-21T00:01:00+00:00,629.01,0.0,45,0,0,Monday,90,1,0,ATO,en,Bank debit card,0
fc87ccbd-3a5e-4baf-8f9f-11c8a6e8c770,synth_96f8088f8a4b,gig_worker,tabddpm_synthetic,,['en'],ATO,2024-12-21T07:51:00+00:00,346.78,16.63,44,7,0,Monday,90,1,5,ATO,en,Bank debit card,0
d9f8099c-0761-4779-8ead-3827f3ce8fc5,synth_0a05fefb88d1,gig_worker,tabddpm_synthetic,,['en'],ATO,2024-02-18T10:02:00+00:00,5.0,0.0,44,10,4,Friday,79,1,0,ATO,en,Bank debit card,0
2e1a995c-085f-436c-a9fa-826c8756d82e,synth_d71be31ecde3,gig_worker,tabddpm_synthetic,,['en'],ATO,2024-12-15T23:20:00+00:00,149.97,8.83,23,23,6,Sunday,2,121,15,ATO,en,Bank debit card,0
ceea6abe-a083-4a5c-b831-483115b831ec,synth_d9127ea191e8,gig_worker,tabddpm_synthetic,,['en'],CashApp,2024-07-26T12:55:00+00:00,231.59,21.44,40,12,1,Tuesday,9,378,4,CashApp,en,Bank debit card,0
5c68883b-20d4-4721-bd9d-1789fea2181c,synth_4b2b701ae917,gig_worker,tabddpm_synthetic,,['en'],ATO,2024-09-03T14:37:00+00:00,5.0,0.0,45,14,5,Saturday,7,2000,3,ATO,en,Bank debit card,0
45dbfc2d-f50a-4b5f-8355-7c951ea28f1a,synth_42ae39514615,gig_worker,tabddpm_synthetic,,['en'],ATO,2024-08-03T23:28:00+00:00,6000.0,3000.0,45,23,0,Monday,90,2000,41,ATO,en,Bank debit card,0
928ab1b4-02c8-4cd2-b297-e829fc3d9054,synth_8796cda2bdfd,gig_worker,tabddpm_synthetic,,['en'],ATO,2024-12-03T13:56:00+00:00,161.89,19.24,34,13,5,Saturday,38,1,2,ATO,en,Bank debit card,0
aed79eea-4b1b-4eba-9dee-c23b5db829a3,synth_4f1f11993181,gig_worker,tabddpm_synthetic,,['en'],ATO,2024-01-31T23:53:00+00:00,5.0,0.0,45,23,6,Sunday,0,1,100,ATO,en,Bank debit card,1
bd117183-8c2e-4beb-bda6-6bd8ee7ae627,synth_cc2582b692f8,gig_worker,tabddpm_synthetic,,['en'],ATO,2024-05-27T11:47:00+00:00,5.0,6.2,33,11,4,Friday,6,1,0,ATO,en,Bank debit card,0
f59a48f1-a4c5-4400-8e01-2b6b58ddd650,synth_6d43e510a101,gig_worker,tabddpm_synthetic,,['en'],ATO,2024-07-31T16:06:00+00:00,30.05,3.91,30,16,1,Tuesday,64,1,1,ATO,en,Bank debit card,0
76c7cfff-e86c-4b7c-9bf6-5f813fab6aec,synth_382177d0e07d,gig_worker,tabddpm_synthetic,,['en'],ATO,2024-07-10T23:20:00+00:00,5.0,0.0,42,23,6,Sunday,0,1,54,ATO,en,Bank debit card,0
cb1943ae-322c-45d6-8426-10f6a2a068dd,synth_5e6e6bd9306f,gig_worker,tabddpm_synthetic,,['en'],CashApp,2024-07-22T06:12:00+00:00,5.0,0.0,37,6,0,Monday,0,1191,13,CashApp,en,Bank debit card,0
8fdee299-9466-4170-82b0-f9e5500a67ab,synth_527c2dfd22bb,gig_worker,tabddpm_synthetic,,['en'],ATO,2024-02-01T23:53:00+00:00,6000.0,471.21,45,23,3,Thursday,7,1,100,ATO,en,Bank debit card,1
1d84a04d-90f6-4c9e-b912-534a3237a13f,synth_a5994a04d708,gig_worker,tabddpm_synthetic,,['en'],ATO,2024-09-25T00:57:00+00:00,607.75,60.2,45,0,1,Tuesday,0,1,12,ATO,en,Bank debit card,0
3d1eadb9-3cc8-42ba-a166-b8da821705ea,synth_2790b7d0fd7a,gig_worker,tabddpm_synthetic,,['en'],ATO,2024-12-17T11:39:00+00:00,465.5,6.13,31,11,0,Monday,90,1,5,ATO,en,Bank debit card,0
10a83a0c-9557-4010-90b0-0efde1c7e497,synth_cf7eec0c7b4f,gig_worker,tabddpm_synthetic,,['en'],ATO,2024-02-19T17:39:00+00:00,1026.15,28.63,28,17,2,Wednesday,34,1,5,ATO,en,Bank debit card,0
a2664547-3e7f-43e2-80b4-e836610773bb,synth_2661122d9ded,gig_worker,tabddpm_synthetic,,['en'],ATO,2024-10-27T00:31:00+00:00,706.79,0.0,18,0,0,Monday,90,1,0,ATO,en,Bank debit card,0
2eb2e1c4-fbea-4631-9a3d-a1ef1dc2d18a,synth_01c31a2e13c0,gig_worker,tabddpm_synthetic,,['en'],ATO,2024-01-05T14:39:00+00:00,5.0,1.13,45,14,6,Sunday,1,1972,0,ATO,en,Bank debit card,0
a5feff40-28fc-4d57-8203-644c4f78c6aa,synth_11688e86e73f,gig_worker,tabddpm_synthetic,,['en'],ATO,2024-02-08T16:31:00+00:00,5.0,0.65,34,16,3,Thursday,11,979,1,ATO,en,Bank debit card,0
004d24ef-2c4c-40bc-8419-6914db6a5ad3,synth_540447c2ad00,gig_worker,tabddpm_synthetic,,['en'],ATO,2024-04-26T11:38:00+00:00,138.44,6.1,36,11,0,Monday,46,1,5,ATO,en,Bank debit card,0
3916ab01-61b1-4589-84d4-0cf24d02c369,synth_407aeb1a0b50,gig_worker,tabddpm_synthetic,,['en'],ATO,2024-09-12T00:36:00+00:00,80.42,0.0,45,0,0,Monday,90,1,0,ATO,en,Bank debit card,0
aa654937-809b-4620-84c8-7fe8c8bb0eb5,synth_a973d1a5cdff,gig_worker,tabddpm_synthetic,,['en'],ATO,2024-07-20T00:25:00+00:00,203.38,0.0,45,0,0,Monday,90,1,0,ATO,en,Bank debit card,0
9467e972-d017-475c-b185-35c638c5f33f,synth_6f2f14d34012,gig_worker,tabddpm_synthetic,,['en'],ATO,2024-10-12T23:22:00+00:00,5.0,0.0,45,23,6,Sunday,0,1,60,ATO,en,Bank debit card,0
8bbe7568-0588-45bd-9b0a-92f27d4eec24,synth_629cea8f16f0,gig_worker,tabddpm_synthetic,,['en'],ATO,2024-12-22T08:26:00+00:00,5.0,0.0,39,8,2,Wednesday,13,421,1,ATO,en,Bank debit card,0
762763f7-760a-491e-9d44-873e6cb4d658,synth_5429d0da5e2e,gig_worker,tabddpm_synthetic,,['en'],ATO,2024-02-08T20:39:00+00:00,5.0,0.0,45,20,0,Monday,8,1646,10,ATO,en,Bank debit card,0
02a7e60b-b65e-4e7f-b3c2-40c969caa053,synth_0d95acc0339f,gig_worker,tabddpm_synthetic,,['en'],ATO,2024-12-16T16:54:00+00:00,63.86,0.61,38,16,2,Wednesday,1,1773,4,ATO,en,Bank debit card,0
058f6eea-caf0-42a9-ac9a-3cd5c4867a4b,synth_282377c98213,gig_worker,tabddpm_synthetic,,['en'],ATO,2024-09-23T23:40:00+00:00,5.0,2.4,35,23,6,Sunday,0,1,82,ATO,en,Bank debit card,0
eeb3e497-7987-40de-93cf-b517f8ce6d33,synth_2e6ae9c73417,gig_worker,tabddpm_synthetic,,['en'],ATO,2024-02-08T00:59:00+00:00,378.84,0.0,45,0,0,Monday,90,1,0,ATO,en,Bank debit card,0
3525b007-7b59-49ce-bae0-2a592f6099b1,synth_a14966333238,gig_worker,tabddpm_synthetic,,['en'],ATO,2024-08-08T08:15:00+00:00,179.98,0.0,36,8,2,Wednesday,90,1,5,ATO,en,Bank debit card,0
1be8986c-a8b0-4254-939e-b8b9f86e9657,synth_85ea2a4de9f9,gig_worker,tabddpm_synthetic,,['en'],ATO,2024-05-22T23:26:00+00:00,5.0,0.0,45,23,5,Saturday,26,558,14,ATO,en,Bank debit card,0
5da5976f-7769-476d-ba51-f1144f80e3d3,synth_3a5b40e5be99,gig_worker,tabddpm_synthetic,,['en'],ATO,2024-05-17T07:04:00+00:00,173.77,19.03,40,7,0,Monday,2,88,6,ATO,en,Bank debit card,0
71af84f8-7226-4000-8c58-0bb2eabe2839,synth_f8e06632742a,gig_worker,tabddpm_synthetic,,['en'],ATO,2024-08-01T17:00:00+00:00,180.37,13.52,25,17,3,Thursday,1,1342,11,ATO,en,Bank debit card,0
81e0054e-4080-4127-a762-dca1a322c745,synth_5acbe42d051e,gig_worker,tabddpm_synthetic,,['en'],ATO,2024-12-25T23:25:00+00:00,5.0,0.0,45,23,6,Sunday,0,1,100,ATO,en,Bank debit card,1
beaa81df-0de4-4dea-84ae-60bb932ef6d5,synth_1e6e8574ae0b,gig_worker,tabddpm_synthetic,,['en'],ATO,2024-11-03T09:10:00+00:00,27.52,6.94,40,9,2,Wednesday,83,1,2,ATO,en,Bank debit card,0
3eb59b44-b894-4741-a81a-b4dfb0cf0f2e,synth_1d9f72d4a116,gig_worker,tabddpm_synthetic,,['en'],ATO,2024-11-21T19:01:00+00:00,601.89,21.9,28,19,1,Tuesday,13,1,3,ATO,en,Bank debit card,0
f2a4e7e3-cd73-424e-b4d1-3a645179a92b,synth_06a12e9bffb1,gig_worker,tabddpm_synthetic,,['en'],ATO,2024-06-28T23:08:00+00:00,6000.0,3000.0,45,23,0,Monday,0,1,100,ATO,en,Bank debit card,0
1908ef75-1b21-4894-a727-901ffc529f77,synth_6c01a63c8a8d,gig_worker,tabddpm_synthetic,,['en'],ATO,2024-03-03T23:32:00+00:00,5.0,2.37,42,23,4,Friday,23,587,2,ATO,en,Bank debit card,0
f4842831-0050-42e1-a1a0-5d30b0c33e17,synth_a0325f3ff35d,gig_worker,tabddpm_synthetic,,['en'],ATO,2024-06-17T04:39:00+00:00,181.69,0.87,45,4,2,Wednesday,90,1,0,ATO,en,Bank debit card,0
4a15cc2b-3280-4ea6-a9ab-5ecfa0d8af9f,synth_f763f5826cb3,gig_worker,tabddpm_synthetic,,['en'],ATO,2024-01-25T23:29:00+00:00,6000.0,967.53,45,23,0,Monday,28,1,23,ATO,en,Bank debit card,0
1051c855-b842-4c7c-afbd-21d6c8e96bf4,synth_ad934feba4c9,gig_worker,tabddpm_synthetic,,['en'],ATO,2024-08-18T07:45:00+00:00,650.21,14.87,44,7,0,Monday,90,1,0,ATO,en,Bank debit card,0
59d77951-327a-4bf3-8641-7a3306988751,synth_0b2c6f40054b,gig_worker,tabddpm_synthetic,,['en'],ATO,2024-08-03T09:59:00+00:00,20.43,9.61,18,9,0,Monday,2,925,10,ATO,en,Bank debit card,0
1cb71294-66a0-404e-8977-95b21ab2dd50,synth_dd67f8018e79,gig_worker,tabddpm_synthetic,,['en'],ATO,2024-09-14T13:34:00+00:00,31.17,1.1,45,13,5,Saturday,13,694,0,ATO,en,Bank debit card,0
47ec49ce-3ed7-4615-aa0c-d9297392a076,synth_ce7333d4b904,gig_worker,tabddpm_synthetic,,['en'],ATO,2024-09-02T13:17:00+00:00,5.0,0.18,33,13,6,Sunday,23,1211,2,ATO,en,Bank debit card,0
a0d2aba9-8c84-47f0-b305-c0f5b17faac3,synth_31ff4fb64556,gig_worker,tabddpm_synthetic,,['en'],ATO,2024-01-16T23:34:00+00:00,5.0,0.0,44,23,6,Sunday,0,1,27,ATO,en,Bank debit card,0
b44e1016-7c5b-485e-b869-d0bd3e4c366d,synth_a2313eaae350,gig_worker,tabddpm_synthetic,,['en'],ATO,2024-06-05T23:50:00+00:00,373.27,46.95,18,23,6,Sunday,26,1,0,ATO,en,Bank debit card,0
2bfed7d4-e2aa-48c4-afe0-a3f0918ea44a,synth_3e0d5e082704,gig_worker,tabddpm_synthetic,,['en'],ATO,2024-11-07T10:35:00+00:00,125.22,0.0,45,10,5,Saturday,56,1,0,ATO,en,Bank debit card,0
6785f745-1df7-4077-a7b9-90696d0b64e3,synth_2dcdb07aa616,gig_worker,tabddpm_synthetic,,['en'],ATO,2024-01-24T09:46:00+00:00,309.38,16.77,45,9,1,Tuesday,66,1,2,ATO,en,Bank debit card,0
829247e3-bc42-4824-bb77-1b720695c496,synth_ce9d3f278f8b,gig_worker,tabddpm_synthetic,,['en'],ATO,2024-10-05T08:10:00+00:00,240.75,0.0,40,8,0,Monday,90,1,0,ATO,en,Bank debit card,0
41568a3f-c86a-49ca-a2c2-3699f928f64d,synth_c59c7e3c3677,gig_worker,tabddpm_synthetic,,['en'],ATO,2024-09-17T23:31:00+00:00,1000.6,31.35,45,23,0,Monday,3,1,63,ATO,en,Bank debit card,1
afc6707e-fc03-4b2b-9945-3436e2bb6072,synth_64aaab35f0f8,gig_worker,tabddpm_synthetic,,['en'],ATO,2024-01-09T23:59:00+00:00,834.11,34.27,42,23,1,Tuesday,90,1,0,ATO,en,Bank debit card,0
f25f49e1-7a45-4e4a-b5cd-812707c15a55,synth_f78640e34871,gig_worker,tabddpm_synthetic,,['en'],ATO,2024-12-21T08:32:00+00:00,402.35,5.61,21,8,0,Monday,90,1,6,ATO,en,Bank debit card,0
e48d84e7-3676-4f2a-903d-973025d2b3f0,synth_49ca0cd18908,gig_worker,tabddpm_synthetic,,['en'],ATO,2024-03-02T23:30:00+00:00,6000.0,3000.0,45,23,0,Monday,0,2000,100,ATO,en,Bank debit card,0
7045ca08-667d-4261-9bc3-49e3ed6f78aa,synth_a474b87f3dbe,gig_worker,tabddpm_synthetic,,['en'],ATO,2024-07-29T23:35:00+00:00,5.0,0.0,45,23,3,Thursday,38,2000,12,ATO,en,CashApp,0
b86649d1-4022-4cdf-8993-2b25fdf184d6,synth_c9e0de416e5a,gig_worker,tabddpm_synthetic,,['en'],ATO,2024-07-08T00:52:00+00:00,608.31,0.0,45,0,0,Monday,90,1,0,ATO,en,Bank debit card,0
e7cf1786-eebb-45d1-ade6-08f4a40ccc33,synth_caebd6da5e55,gig_worker,tabddpm_synthetic,,['en'],ATO,2024-02-28T23:37:00+00:00,6000.0,3000.0,45,23,0,Monday,37,1,100,ATO,en,Bank debit card,0
3c56b1dd-9020-4732-b034-8391500ad769,synth_09cac39dcd54,gig_worker,tabddpm_synthetic,,['en'],ATO,2024-05-15T03:26:00+00:00,111.6,4.77,45,3,0,Monday,0,2000,4,ATO,en,Bank debit card,0
a4c3fce6-2e1e-4030-9366-9de61c3f8449,synth_72d80049f37f,gig_worker,tabddpm_synthetic,,['en'],ATO,2024-10-03T19:41:00+00:00,665.66,29.16,26,19,0,Monday,44,1,1,ATO,en,Bank debit card,0
a1a7787b-e076-4f8e-b41c-d1da7e93c48b,synth_ea61a00e6555,gig_worker,tabddpm_synthetic,,['en'],ATO,2024-08-23T00:14:00+00:00,333.63,0.0,45,0,0,Monday,90,1,0,ATO,en,Bank debit card,0
b01e3ef1-7808-47cc-8018-c1b2cd918f32,synth_f7f88262266a,gig_worker,tabddpm_synthetic,,['en'],ATO,2024-08-05T14:14:00+00:00,278.28,41.11,33,14,2,Wednesday,24,1060,10,ATO,en,Bank debit card,0
e7d738ea-fb46-4602-93f7-03a88cf88df0,synth_989fd8cc12a5,gig_worker,tabddpm_synthetic,,['en'],ATO,2024-08-09T23:52:00+00:00,5.0,7.09,45,23,2,Wednesday,26,716,18,ATO,en,Bank debit card,0
6df14dee-180d-4f72-af35-b8dc51f0651b,synth_04d108a3977f,gig_worker,tabddpm_synthetic,,['en'],ATO,2024-12-07T23:43:00+00:00,6000.0,3000.0,45,23,0,Monday,55,2000,100,ATO,en,Bank debit card,0
c2e80a27-79c7-4d8f-a464-7a40b1274b3f,synth_00e07b0e27c6,gig_worker,tabddpm_synthetic,,['es'],ATO,2024-07-28T06:52:00+00:00,5.0,1.46,39,6,0,Monday,0,864,18,ATO,es,Bank debit card,0
8c8a251d-0dff-4f43-949e-ae752dbaa858,synth_acf20d1a68c4,gig_worker,tabddpm_synthetic,,['en'],ATO,2024-05-08T23:00:00+00:00,6000.0,3000.0,45,23,0,Monday,10,2000,100,ATO,en,Bank debit card,0
2736d2e8-c181-4761-a10d-fb0d730d2cfd,synth_9286bae7e05a,gig_worker,tabddpm_synthetic,,['en'],ATO,2024-03-25T23:29:00+00:00,6000.0,3000.0,45,23,0,Monday,44,2000,100,ATO,en,Bank debit card,0
071e6ac1-2e60-456c-8fd7-e0de73d98876,synth_d825b810d6b1,gig_worker,tabddpm_synthetic,,['en'],ATO,2024-07-02T23:54:00+00:00,6000.0,584.06,45,23,0,Monday,8,1,19,ATO,en,Bank debit card,0
45e98966-ec42-4d25-b0cf-ca00ce75569f,synth_b23b54ea605a,gig_worker,tabddpm_synthetic,,['en'],ATO,2024-03-25T23:19:00+00:00,6000.0,3000.0,45,23,0,Monday,90,2000,100,ATO,en,Bank debit card,0
e940a4c0-d3cd-4a04-959c-3b0a65f513db,synth_7d2a7a32e7d1,gig_worker,tabddpm_synthetic,,['en'],ATO,2024-12-21T13:44:00+00:00,307.12,20.36,34,13,0,Monday,88,1,5,ATO,en,Bank debit card,0
1eeefe7c-26d5-4a18-901d-6a4912401685,synth_7cc727486d95,gig_worker,tabddpm_synthetic,,['en'],ATO,2024-11-18T23:06:00+00:00,6000.0,3000.0,45,23,0,Monday,90,2000,100,ATO,en,Bank debit card,1
d3c26724-7036-4018-9071-73e0dd03551f,synth_cca2e18ceb47,gig_worker,tabddpm_synthetic,,['en'],ATO,2024-11-11T17:30:00+00:00,22.39,0.0,45,17,6,Sunday,90,1,0,ATO,en,Bank debit card,0
531eab7b-441a-4bbb-977d-95e359e6fd4c,synth_03fccd3d8f48,gig_worker,tabddpm_synthetic,,['en'],ATO,2024-07-13T11:39:00+00:00,71.64,3.71,41,11,3,Thursday,14,561,1,ATO,en,Bank debit card,0
76b6c64b-1c37-4340-8051-f70b1fb14d5a,synth_6a4a9dc40908,gig_worker,tabddpm_synthetic,,['en'],ATO,2024-06-19T23:43:00+00:00,6000.0,3000.0,45,23,0,Monday,0,2000,100,ATO,en,Bank debit card,0
68c53810-b7b6-4009-91e2-0a548c014b18,synth_1a97b3b32da7,gig_worker,tabddpm_synthetic,,['en'],ATO,2024-10-11T19:21:00+00:00,5.0,5.32,26,19,3,Thursday,11,1,4,ATO,en,Bank debit card,0
1aa25721-171d-467d-aaf0-0d69112c27a1,synth_4076ebbe01f8,gig_worker,tabddpm_synthetic,,['en'],ATO,2024-02-23T13:05:00+00:00,398.73,5.68,22,13,0,Monday,15,1866,6,ATO,en,Bank debit card,0
1d9a0ccc-b9cf-4d70-8d40-964063a7e4a0,synth_f50360c41349,gig_worker,tabddpm_synthetic,,['en'],ATO,2024-01-24T23:06:00+00:00,6000.0,3000.0,45,23,0,Monday,90,1743,100,ATO,en,Bank debit card,0
b23d43e7-5c25-4360-a5d0-40c39db3eab5,synth_0c612887e671,gig_worker,tabddpm_synthetic,,['en'],ATO,2024-03-31T00:27:00+00:00,566.15,0.0,43,0,0,Monday,90,1,0,ATO,en,Bank debit card,0
16c224ed-1819-4eee-a382-776634bac64e,synth_c4239165dde1,gig_worker,tabddpm_synthetic,,['en'],ATO,2024-11-11T06:18:00+00:00,163.62,4.14,19,6,3,Thursday,9,187,0,ATO,en,Bank debit card,0
396a6a5b-2f2f-497c-b12e-5679a58e3795,synth_68680062bbbc,gig_worker,tabddpm_synthetic,,['en'],ATO,2024-08-03T23:08:00+00:00,6000.0,1143.38,20,23,6,Sunday,0,1,84,ATO,en,Bank debit card,0
2b33683a-f41b-477d-ad72-52066c00b7c8,synth_3f5477b3b8c8,gig_worker,tabddpm_synthetic,,['en'],ATO,2024-07-09T04:40:00+00:00,22.7,5.77,24,4,6,Sunday,13,1,12,ATO,en,Bank debit card,0
9dd459ba-53ee-4fc4-984d-9f54c2ac98f4,synth_5d4030a2e394,gig_worker,tabddpm_synthetic,,['en'],ATO,2024-07-30T13:38:00+00:00,205.98,10.93,25,13,2,Wednesday,65,1,4,ATO,en,Bank debit card,0
d97eb133-1a67-4649-ab66-737a0954f953,synth_83b99e739bfe,gig_worker,tabddpm_synthetic,,['en'],ATO,2024-05-23T13:16:00+00:00,247.01,3.69,30,13,3,Thursday,11,2000,7,ATO,en,Bank debit card,0
12830214-c607-4b50-a537-f949eb2f66b9,synth_f264d4f2a2ad,gig_worker,tabddpm_synthetic,,['en'],ATO,2024-07-09T18:42:00+00:00,5.0,0.0,45,18,1,Tuesday,65,480,3,ATO,en,Bank debit card,0
3ba23dc1-2eae-4234-adb2-02b960c8cc69,synth_aa0ed63a2199,gig_worker,tabddpm_synthetic,,['en'],ATO,2024-08-19T06:06:00+00:00,154.0,0.0,41,6,0,Monday,90,1,0,ATO,en,Bank debit card,0
928abed6-37a1-4b3d-91f7-348133eead2d,synth_6da3977e292d,gig_worker,tabddpm_synthetic,,['en'],ATO,2024-12-20T23:53:00+00:00,6000.0,3000.0,45,23,0,Monday,0,1,100,ATO,en,Bank debit card,0
90d562da-2d4e-49be-95a4-18e549262683,synth_1c4d7aaa68fc,gig_worker,tabddpm_synthetic,,['en'],ATO,2024-06-17T10:00:00+00:00,319.96,51.36,26,10,4,Friday,25,287,5,ATO,en,Bank debit card,0
ec902ea3-8081-4f30-a639-3ad46be5c1d2,synth_c1ead11c0a62,gig_worker,tabddpm_synthetic,,['en'],ATO,2024-02-19T08:40:00+00:00,5.0,0.0,18,8,0,Monday,14,163,11,ATO,en,Bank debit card,0
73505c50-24a4-4fe0-bebf-8b44c072a1ea,synth_46290d3445d9,gig_worker,tabddpm_synthetic,,['en'],ATO,2024-04-04T13:19:00+00:00,218.11,9.12,40,13,0,Monday,34,2000,2,ATO,en,Bank debit card,0
25031187-8f46-4d18-ac3e-d56b8e96b3b0,synth_972dfe921cf9,gig_worker,tabddpm_synthetic,,['en'],ATO,2024-07-11T05:34:00+00:00,104.08,7.24,36,5,0,Monday,90,1,0,ATO,en,Bank debit card,0
98b78d53-f6a4-4e98-a5e4-c28dfdaf647d,synth_803e0d2c6a30,gig_worker,tabddpm_synthetic,,['en'],ATO,2024-10-23T05:44:00+00:00,176.65,5.71,45,5,0,Monday,90,1,0,ATO,en,Bank debit card,0
c98d85d0-7909-465f-b868-ed7162d42454,synth_f74aba6d39f8,gig_worker,tabddpm_synthetic,,['en'],CashApp,2024-09-22T06:18:00+00:00,22.97,4.07,18,6,1,Tuesday,3,672,8,CashApp,en,Bank debit card,0
4d82099e-2d0a-4718-9ca3-5a260cc3e798,synth_ccf94304321b,gig_worker,tabddpm_synthetic,,['en'],ATO,2024-10-04T23:31:00+00:00,181.56,0.0,30,23,6,Sunday,90,932,0,ATO,en,Bank debit card,0
18bd4b58-1d1c-4b4b-8bfc-3f57f1c36447,synth_51d6dad78a5c,gig_worker,tabddpm_synthetic,,['en'],ATO,2024-08-04T23:59:00+00:00,6000.0,3000.0,45,23,0,Monday,90,2000,100,ATO,en,Bank debit card,0
fba0e952-64f1-4ef0-95ad-022a216ddaaa,synth_91694dc3307d,gig_worker,tabddpm_synthetic,,['en'],ATO,2024-11-24T07:24:00+00:00,379.38,0.0,40,7,0,Monday,90,1,2,ATO,en,Bank debit card,0
4078b200-f0e8-4e09-a96a-0e8daf326ef7,synth_c04a0eddd69d,gig_worker,tabddpm_synthetic,,['en'],ATO,2024-01-14T04:23:00+00:00,22.45,0.0,34,4,2,Wednesday,2,1,7,ATO,en,Bank debit card,0
40cdff1b-d6a6-4a1b-85c4-fdf06347811c,synth_29bbdda97e0d,gig_worker,tabddpm_synthetic,,['en'],ATO,2024-12-12T00:14:00+00:00,1127.27,0.0,31,0,0,Monday,90,1,0,ATO,en,Bank debit card,1
585bef5a-6162-45f0-b92a-cb9224ac1cb9,synth_ef47fc26a0dc,gig_worker,tabddpm_synthetic,,['en'],ATO,2024-07-31T08:30:00+00:00,240.1,3.72,22,8,3,Thursday,2,134,7,ATO,en,Bank debit card,0
34500e8e-8835-4b72-8b27-be89aee55b00,synth_f91a9bd71120,gig_worker,tabddpm_synthetic,,['en'],ATO,2024-08-09T23:18:00+00:00,5.0,0.0,45,23,5,Saturday,5,447,20,ATO,en,Bank debit card,0
a3fbf947-94dd-4ba2-8e16-0311a24570fb,synth_536dadec8cff,gig_worker,tabddpm_synthetic,,['en'],ATO,2024-09-06T11:18:00+00:00,438.84,23.41,42,11,3,Thursday,49,1,2,ATO,en,Bank debit card,0
aa64e29c-a104-4fe7-b2bd-7f05f3042210,synth_c25ec2591b67,gig_worker,tabddpm_synthetic,,['en'],ATO,2024-07-26T23:37:00+00:00,6000.0,3000.0,45,23,0,Monday,32,1638,100,ATO,en,Bank debit card,0
d12d098d-e7c5-4b5f-8cf4-467d11626f74,synth_bf571feb3650,gig_worker,tabddpm_synthetic,,['en'],ATO,2024-06-09T23:15:00+00:00,5.0,0.0,45,23,1,Tuesday,9,1,86,ATO,en,Bank debit card,1
5b471bb6-b398-4c40-a15d-827927c2e8b7,synth_58aab655acb9,gig_worker,tabddpm_synthetic,,['en'],ATO,2024-12-27T23:26:00+00:00,2072.47,244.13,18,23,6,Sunday,0,1,44,ATO,en,Bank debit card,0
6ecc5370-a119-4eb4-9b06-1d6412a6d25b,synth_b054cc94aee2,gig_worker,tabddpm_synthetic,,['en'],ATO,2024-07-31T23:43:00+00:00,5.0,0.0,24,23,6,Sunday,0,1,21,ATO,en,Bank debit card,0
c76532fb-0323-4e03-a28c-12aaf6bd0866,synth_037db7567f72,gig_worker,tabddpm_synthetic,,['en'],ATO,2024-06-12T23:58:00+00:00,6000.0,3000.0,45,23,6,Sunday,0,1,100,ATO,en,Bank debit card,0
c6f2a0d0-b9ec-4d90-ad79-e4e5c5fddf30,synth_7a157df78bcd,gig_worker,tabddpm_synthetic,,['en'],ATO,2024-06-26T05:00:00+00:00,221.59,0.0,27,5,0,Monday,90,1,0,ATO,en,Bank debit card,0
3bb290af-4605-46d9-8a58-6867473505c5,synth_95b2f6819226,gig_worker,tabddpm_synthetic,,['en'],ATO,2024-07-08T15:33:00+00:00,5.0,4.42,38,15,6,Sunday,13,2000,6,ATO,en,Bank debit card,0
3931a7c1-544d-453b-88aa-6e0744ad652b,synth_45ac6b3e9b18,gig_worker,tabddpm_synthetic,,['en'],ATO,2024-11-29T12:53:00+00:00,1141.93,26.23,34,12,2,Wednesday,4,1284,11,ATO,en,Bank debit card,0
ab949e31-1ad7-4351-9214-b1ac207b8ec8,synth_13901b0aa3b4,gig_worker,tabddpm_synthetic,,['en'],ATO,2024-02-03T00:29:00+00:00,777.44,0.0,45,0,0,Monday,90,1,0,ATO,en,Bank debit card,0
bbfe45fc-b143-40b8-9e0d-505cff88c8dd,synth_97b6c9d61a8d,gig_worker,tabddpm_synthetic,,['en'],ATO,2024-03-05T15:09:00+00:00,5.83,2.0,26,15,0,Monday,3,1127,2,ATO,en,Bank debit card,0
f9012ad5-230e-4619-b385-4a417369d3c2,synth_90029dc72648,gig_worker,tabddpm_synthetic,,['en'],ATO,2024-04-24T23:07:00+00:00,343.78,11.22,28,23,4,Friday,60,1,0,ATO,en,Bank debit card,0
b090d8b4-5129-4db2-8c23-174f6fd2190e,synth_57fe7540a0a3,gig_worker,tabddpm_synthetic,,['en'],ATO,2024-12-21T19:12:00+00:00,96.13,16.1,45,19,3,Thursday,48,1,0,ATO,en,Bank debit card,0
79613147-2f36-45cf-84b2-a8f42f12c5fa,synth_3ef45b3dbe66,gig_worker,tabddpm_synthetic,,['en'],ATO,2024-04-30T00:01:00+00:00,1108.85,0.0,37,0,0,Monday,90,1,0,ATO,en,Bank debit card,0
fa978488-1dbc-469a-ad9c-c85942b10324,synth_d8f73447f51c,gig_worker,tabddpm_synthetic,,['en'],ATO,2024-03-19T09:00:00+00:00,5.0,0.15,35,9,6,Sunday,8,2000,6,ATO,en,Bank debit card,0
94edf57b-d396-4411-9ae4-52f2030b6a79,synth_7189d1403bc8,gig_worker,tabddpm_synthetic,,['en'],ATO,2024-01-04T23:36:00+00:00,380.12,25.08,37,23,3,Thursday,2,1,9,ATO,en,Bank debit card,0
571f741b-c8f7-44cd-881a-38f2524354a4,synth_e879c804b1d1,gig_worker,tabddpm_synthetic,,['en'],ATO,2024-09-27T11:48:00+00:00,198.83,12.32,38,11,0,Monday,7,584,9,ATO,en,Bank debit card,0
d928abe9-241d-4bc5-aa50-966a2b1e4286,synth_d8b984503e92,gig_worker,tabddpm_synthetic,,['en'],ATO,2024-09-18T06:24:00+00:00,353.28,0.0,45,6,0,Monday,90,1,0,ATO,en,Bank debit card,0
1fb9d8f9-88f6-4231-aaf0-a7394d818068,synth_d13eac0397f6,gig_worker,tabddpm_synthetic,,['en'],ATO,2024-04-22T22:38:00+00:00,6000.0,999.13,45,22,0,Monday,90,1,3,ATO,en,Bank debit card,0
033a279c-ffde-4f78-8866-769f723b04a2,synth_2c7d91f41fa9,gig_worker,tabddpm_synthetic,,['es'],ATO,2024-08-25T17:21:00+00:00,95.14,0.0,38,17,2,Wednesday,56,1142,3,ATO,es,Bank debit card,0
6243596f-b320-4981-a375-e7c7ee2482f3,synth_3376a8ffe902,gig_worker,tabddpm_synthetic,,['en'],ATO,2024-08-30T23:44:00+00:00,999.25,25.81,45,23,0,Monday,3,1,71,ATO,en,Bank debit card,1
c7d0ff64-0130-4a26-8725-c387c3c8ab1b,synth_54e1fe0ddb2d,gig_worker,tabddpm_synthetic,,['en'],ATO,2024-09-29T00:20:00+00:00,379.79,0.0,45,0,0,Monday,90,1,0,ATO,en,Bank debit card,0
d2659c52-f7de-44c1-94a3-47c285742e82,synth_4d15b8072fd7,gig_worker,tabddpm_synthetic,,['en'],ATO,2024-04-07T00:50:00+00:00,86.92,0.0,45,0,0,Monday,90,1,0,ATO,en,Bank debit card,0
75723fe5-ed63-4232-bc82-fbfeda6666d2,synth_3d2db4d180ca,gig_worker,tabddpm_synthetic,,['en'],ATO,2024-10-31T11:03:00+00:00,5.0,2.16,38,11,4,Friday,6,518,1,ATO,en,Bank debit card,0
3314c0b0-9ab4-4ee2-902a-c64ffe7112e6,synth_c4591017e1ea,gig_worker,tabddpm_synthetic,,['en'],ATO,2024-10-09T23:22:00+00:00,6000.0,3000.0,45,23,0,Monday,7,2000,100,ATO,en,Bank debit card,0
c937c126-3ec7-49cd-ad2a-e27e1d8eae26,synth_091650305801,gig_worker,tabddpm_synthetic,,['en'],ATO,2024-07-14T16:40:00+00:00,5.0,0.0,37,16,6,Sunday,78,1,8,ATO,en,Bank debit card,0
d6c45c19-271f-43b2-99e6-668f2293bc3a,synth_bd1b8389c0f1,gig_worker,tabddpm_synthetic,,['en'],ATO,2024-03-18T23:50:00+00:00,6000.0,3000.0,45,23,0,Monday,90,2000,100,ATO,en,Bank debit card,1
9faac649-6134-4c86-8e21-6d0a089ad0a0,synth_5ce7e191f843,gig_worker,tabddpm_synthetic,,['en'],ATO,2024-01-13T23:27:00+00:00,5.0,2.7,32,23,2,Wednesday,2,1086,8,ATO,en,Bank debit card,0
3fd56cd9-68ab-4bbd-94c7-7c13e2bc68a4,synth_cdc8fa45903a,gig_worker,tabddpm_synthetic,,['en'],ATO,2024-09-26T23:16:00+00:00,1553.1,63.69,45,23,2,Wednesday,4,1,54,ATO,en,Bank debit card,1
6daa0082-31ea-4643-b42c-e034239d0219,synth_5b85f2ba2d58,gig_worker,tabddpm_synthetic,,['en'],ATO,2024-04-13T00:19:00+00:00,5.0,0.0,45,0,0,Monday,90,1,0,ATO,en,Bank debit card,0
6b841f00-ab2a-44ca-ae27-44fff970ba34,synth_c05d80e53265,gig_worker,tabddpm_synthetic,,['en'],ATO,2024-07-06T23:29:00+00:00,6000.0,3000.0,45,23,0,Monday,90,2000,100,ATO,en,Bank debit card,0
f3f8abc5-f781-42f4-ba48-953ce8e537bf,synth_eb77573f32b9,gig_worker,tabddpm_synthetic,,['en'],ATO,2024-08-08T05:42:00+00:00,177.0,7.57,44,5,0,Monday,0,1698,9,ATO,en,Bank debit card,0
f183f685-0f66-4fea-8abf-987918ea6527,synth_e5b774228319,gig_worker,tabddpm_synthetic,,['en'],ATO,2024-12-02T05:38:00+00:00,312.14,11.7,19,5,0,Monday,89,1,7,ATO,en,Bank debit card,0
46b599e7-4561-4d2f-92c2-6aa18017d30d,synth_37cc526ae99a,gig_worker,tabddpm_synthetic,,['en'],CashApp,2024-06-05T08:15:00+00:00,221.43,5.97,18,8,0,Monday,3,1405,4,CashApp,en,Bank debit card,0
b4acc1c1-bc7f-4e27-9612-d1d2bcc70f3b,synth_42b178fb0993,gig_worker,tabddpm_synthetic,,['en'],ATO,2024-08-29T00:59:00+00:00,5.0,0.0,41,0,0,Monday,90,1,0,ATO,en,Bank debit card,0
a1be2779-ac30-4bee-864e-89a0ca0421d2,synth_520c182df11f,gig_worker,tabddpm_synthetic,,['en'],ATO,2024-04-23T23:17:00+00:00,6000.0,3000.0,45,23,0,Monday,90,2000,100,ATO,en,Bank debit card,0
66beb9ff-b90a-42d6-987c-a07eed7aff5b,synth_b46b8e0a065f,gig_worker,tabddpm_synthetic,,['en'],ATO,2024-03-04T12:10:00+00:00,6000.0,574.76,45,12,0,Monday,15,682,10,ATO,en,Bank debit card,0
449deb25-0578-4a6f-af84-4ebd01702eaf,synth_89317f9f386c,gig_worker,tabddpm_synthetic,,['en'],ATO,2024-05-24T00:54:00+00:00,365.83,0.0,45,0,0,Monday,90,1,0,ATO,en,Bank debit card,0
1dab415c-aa99-4312-a78d-55566e885cf9,synth_35238161f7ff,gig_worker,tabddpm_synthetic,,['en'],ATO,2024-02-16T07:23:00+00:00,160.26,3.34,32,7,1,Tuesday,6,342,4,ATO,en,Bank debit card,0
df2b3297-c2b4-4288-8eaf-273735e608b2,synth_077876ad42bd,gig_worker,tabddpm_synthetic,,['en'],ATO,2024-03-17T16:34:00+00:00,5.0,0.0,33,16,4,Friday,6,1239,2,ATO,en,Bank debit card,0
a1f912ba-921c-4fa2-b0f2-34323919e53b,synth_e03195ef1e8e,gig_worker,tabddpm_synthetic,,['en'],ATO,2024-10-01T12:14:00+00:00,181.7,12.31,45,12,2,Wednesday,36,277,0,ATO,en,Bank debit card,0
4e01188b-75b7-4e17-a273-e351afd97f63,synth_074f879a4150,gig_worker,tabddpm_synthetic,,['en'],CashApp,2024-01-11T11:33:00+00:00,12.26,1.23,31,11,5,Saturday,41,1837,5,CashApp,en,Bank debit card,0
b9c81207-4638-46da-acba-ea58c612ac65,synth_a9a6914c3767,gig_worker,tabddpm_synthetic,,['en'],ATO,2024-04-01T06:18:00+00:00,5.0,0.0,30,6,0,Monday,90,1,0,ATO,en,Bank debit card,0
1d8355f7-6372-4a61-9482-fa1a0d5a7996,synth_9c0d604075dd,gig_worker,tabddpm_synthetic,,['en'],ATO,2024-08-10T23:23:00+00:00,6000.0,3000.0,45,23,0,Monday,90,2000,100,ATO,en,Bank debit card,0
c7a03c0c-a05e-4a10-91a0-8d208c432539,synth_bf7236590b01,gig_worker,tabddpm_synthetic,,['en'],ATO,2024-06-14T23:54:00+00:00,6000.0,3000.0,45,23,0,Monday,0,2000,100,ATO,en,Bank debit card,0
9d6d6a79-51e3-4e51-95d5-322d9d341831,synth_fb727635e2a7,gig_worker,tabddpm_synthetic,,['en'],ATO,2024-10-02T23:39:00+00:00,5.0,0.0,45,23,6,Sunday,0,1,100,ATO,en,Bank debit card,0
62a9e5ca-120b-445a-bdb8-50daf0dadcc1,synth_2aab03149beb,gig_worker,tabddpm_synthetic,,['en'],ATO,2024-10-21T23:14:00+00:00,6000.0,3000.0,45,23,0,Monday,90,2000,100,ATO,en,Bank debit card,0
b5a082ce-b3c6-4825-a7b0-f573792ef5a4,synth_3241c85092c1,gig_worker,tabddpm_synthetic,,['en'],ATO,2024-08-15T11:33:00+00:00,36.12,0.0,18,11,0,Monday,6,540,2,ATO,en,Bank debit card,0
7c0f8976-abc1-491b-9c3d-01f18d5189b8,synth_c67ddf4c3a51,gig_worker,tabddpm_synthetic,,['en'],ATO,2024-10-14T14:08:00+00:00,110.02,16.99,28,14,1,Tuesday,38,1,0,ATO,en,Bank debit card,0
64ca44ee-65de-4b96-afe6-5cbee082282d,synth_887ee9d3444d,gig_worker,tabddpm_synthetic,,['en'],ATO,2024-10-22T08:30:00+00:00,84.04,6.84,25,8,0,Monday,2,2000,1,ATO,en,Bank debit card,0
4b110cbf-db50-4076-b780-24c90b1ffb93,synth_0fcfb7786990,gig_worker,tabddpm_synthetic,,['en'],ATO,2024-05-11T06:51:00+00:00,233.64,17.45,38,6,6,Sunday,63,1,5,ATO,en,Bank debit card,0
68582d2f-ea4e-4fb5-8395-97ee91e9e773,synth_028e5901a215,gig_worker,tabddpm_synthetic,,['en'],ATO,2024-10-31T04:52:00+00:00,135.86,27.0,18,4,0,Monday,13,1122,10,ATO,en,Bank debit card,0
e8d255f0-7fe4-46ab-93b0-9abf3b08f165,synth_d3fb3613de3a,gig_worker,tabddpm_synthetic,,['en'],ATO,2024-03-11T08:00:00+00:00,286.06,12.93,39,8,0,Monday,45,1,2,ATO,en,Bank debit card,0
2e805d4c-eae4-48e4-9dc0-7186502cb14e,synth_1467d14a1c28,gig_worker,tabddpm_synthetic,,['en'],ATO,2024-07-07T09:57:00+00:00,101.1,12.84,39,9,3,Thursday,2,509,6,ATO,en,Bank debit card,0
df43b16d-e960-4b90-9b7e-cd9d592f87b4,synth_cc127dd1ea32,gig_worker,tabddpm_synthetic,,['en'],ATO,2024-11-10T08:52:00+00:00,1724.32,68.29,26,8,5,Saturday,28,1,11,ATO,en,Bank debit card,0
ce821c11-f3b2-41c6-a657-cfd158703c21,synth_46f10329b054,gig_worker,tabddpm_synthetic,,['en'],ATO,2024-03-06T16:04:00+00:00,267.38,12.0,29,16,0,Monday,66,87,2,ATO,en,Bank debit card,0
18274dbe-a4f1-469c-92d0-140af09becd6,synth_874ad30ba56a,gig_worker,tabddpm_synthetic,,['en'],ATO,2024-02-24T15:10:00+00:00,5.0,2.93,40,15,1,Tuesday,5,1568,7,ATO,en,CashApp,0
ddcda1a2-2aef-4508-a15e-6465d5ef1161,synth_c3e8024205bb,gig_worker,tabddpm_synthetic,,['en'],ATO,2024-03-15T07:40:00+00:00,538.3,34.21,39,7,4,Friday,3,401,19,ATO,en,Bank debit card,0
6dc39a5a-18a0-4bb2-83d1-a91c185edf37,synth_ad4d1332c7d0,gig_worker,tabddpm_synthetic,,['en'],ATO,2024-01-10T12:02:00+00:00,65.52,4.67,38,12,0,Monday,90,1,0,ATO,en,Bank debit card,0
50c59cdf-183b-4506-843a-bf2d01618f7a,synth_efce5b4fd255,gig_worker,tabddpm_synthetic,,['en'],ATO,2024-03-07T18:50:00+00:00,109.64,0.58,23,18,6,Sunday,6,479,4,ATO,en,Bank debit card,0
72c958ce-f35a-4efd-988b-526ed4ef6086,synth_bb808ba00175,gig_worker,tabddpm_synthetic,,['en'],ATO,2024-09-15T07:48:00+00:00,16.94,1.19,38,7,0,Monday,0,1718,5,ATO,en,Bank debit card,0
444d9228-3a5e-4926-8d8e-594d6291a226,synth_548bbba4a84b,gig_worker,tabddpm_synthetic,,['en'],ATO,2024-06-16T10:20:00+00:00,200.3,0.0,30,10,2,Wednesday,90,1044,5,ATO,en,Bank debit card,0
125f4d83-a643-4590-89a3-9d7ad3f996cb,synth_deaa3a17db67,gig_worker,tabddpm_synthetic,,['en'],ATO,2024-05-17T00:13:00+00:00,6000.0,3000.0,45,0,0,Monday,0,2000,71,ATO,en,Bank debit card,0
fce67927-0348-48f5-ae44-d5402d52e386,synth_ee57cfe9c29a,gig_worker,tabddpm_synthetic,,['en'],ATO,2024-03-02T23:16:00+00:00,6000.0,2332.83,45,23,0,Monday,12,2000,64,ATO,en,Bank debit card,0
47f1be9b-00a9-4917-b34e-06930af46c7d,synth_002ae147df10,gig_worker,tabddpm_synthetic,,['es'],ATO,2024-04-23T17:58:00+00:00,52.38,8.54,21,17,6,Sunday,4,1885,15,ATO,es,Bank debit card,0
88d7c344-b4c0-4310-bc17-0524b16d8e60,synth_afd7c8661f60,gig_worker,tabddpm_synthetic,,['en'],ATO,2024-09-17T07:29:00+00:00,56.7,2.18,45,7,0,Monday,6,720,3,ATO,en,Bank debit card,0
d8edb734-d0f8-480b-b2f1-be90948ed739,synth_82706138be21,gig_worker,tabddpm_synthetic,,['en'],ATO,2024-06-19T18:03:00+00:00,74.24,8.09,29,18,0,Monday,8,341,6,ATO,en,Bank debit card,0
13de3b17-b21b-425f-860f-f5d7cf2856ad,synth_44a33feb7816,gig_worker,tabddpm_synthetic,,['en'],ATO,2024-08-10T00:20:00+00:00,141.14,1.72,24,0,1,Tuesday,2,991,7,ATO,en,Bank debit card,0
23b05add-eecb-4bdb-b57a-2a14ce3a1778,synth_ea8964e8d085,gig_worker,tabddpm_synthetic,,['en'],ATO,2024-01-09T10:33:00+00:00,5.0,0.0,45,10,0,Monday,8,638,8,ATO,en,Bank debit card,0
47991cfe-e231-481c-9a9f-e2aa9477a527,synth_683601ed73dd,gig_worker,tabddpm_synthetic,,['en'],ATO,2024-06-28T08:55:00+00:00,661.75,20.33,27,8,2,Wednesday,10,2000,3,ATO,en,Bank debit card,0
525cfdb1-35b0-4110-aa74-03c1c153becd,synth_d4083a4652a0,gig_worker,tabddpm_synthetic,,['en'],ATO,2024-11-04T01:01:00+00:00,5.0,0.0,45,1,0,Monday,90,1,0,ATO,en,Bank debit card,0
bf71adaf-67dd-4c59-b68b-e0f70d5696dc,synth_1926e1828a4e,gig_worker,tabddpm_synthetic,,['en'],ATO,2024-08-09T08:09:00+00:00,146.67,10.27,45,8,2,Wednesday,12,317,3,ATO,en,Bank debit card,0
7370ce02-fa7f-48e3-9ef4-82fc19bda1c1,synth_5d2763454fdf,gig_worker,tabddpm_synthetic,,['en'],ATO,2024-06-23T22:43:00+00:00,154.95,6.0,41,22,6,Sunday,56,868,2,ATO,en,Bank debit card,0
c44d0c1e-274a-4966-bbe3-246719bfbbfd,synth_92241f5ee3cd,gig_worker,tabddpm_synthetic,,['en'],ATO,2024-03-01T23:43:00+00:00,6000.0,3000.0,45,23,0,Monday,0,2000,100,ATO,en,Bank debit card,0
5bfccca4-8f16-4a4a-9514-150219a76410,synth_9e31c772c87a,gig_worker,tabddpm_synthetic,,['en'],ATO,2024-12-28T10:47:00+00:00,170.88,10.41,32,10,3,Thursday,30,344,2,ATO,en,Bank debit card,0
1cfc8643-9399-4d74-a3e9-3b9ef37aac27,synth_298949501ba6,gig_worker,tabddpm_synthetic,,['en'],ATO,2024-09-28T15:28:00+00:00,494.8,20.91,31,15,0,Monday,15,1145,6,ATO,en,Bank debit card,0
9d8f2ea0-797c-4304-a59f-2ab0788103dd,synth_63baa2d531e9,gig_worker,tabddpm_synthetic,,['en'],ATO,2024-03-23T17:27:00+00:00,249.69,1.57,31,17,3,Thursday,6,637,9,ATO,en,Bank debit card,0
00bbb584-f64c-4d8f-96bb-c11440c41848,synth_49d9a649f075,gig_worker,tabddpm_synthetic,,['en'],ATO,2024-04-25T23:22:00+00:00,6000.0,3000.0,45,23,0,Monday,0,1,100,ATO,en,Bank debit card,1
4d7a768c-58cf-4360-bdbe-6dbb9656ebf5,synth_662185703c53,gig_worker,tabddpm_synthetic,,['en'],ATO,2024-07-03T13:05:00+00:00,435.43,24.9,45,13,2,Wednesday,62,1,1,ATO,en,Bank debit card,0
41a201fc-2664-4ee9-b9a5-fd0d84e04c36,synth_6d179236d5a6,gig_worker,tabddpm_synthetic,,['en'],ATO,2024-03-27T08:38:00+00:00,222.34,19.96,18,8,0,Monday,8,759,10,ATO,en,Bank debit card,0
662ac7fe-5b0f-41f6-8203-75b65a9773c0,synth_d1941f509eb7,gig_worker,tabddpm_synthetic,,['en'],ATO,2024-02-08T23:50:00+00:00,5.0,0.0,45,23,6,Sunday,0,1,27,ATO,en,Bank debit card,0
1af5dca3-ea82-4b77-9385-a4ef0b3121d9,synth_e98aa8484ace,gig_worker,tabddpm_synthetic,,['en'],ATO,2024-02-26T08:37:00+00:00,5.0,0.0,39,8,6,Sunday,7,663,7,ATO,en,Bank debit card,0
2b749ae5-e518-4928-be36-4899f45962dc,synth_06c7a5c4bc6a,gig_worker,tabddpm_synthetic,,['en'],ATO,2024-10-16T23:04:00+00:00,6000.0,3000.0,45,23,0,Monday,90,2000,100,ATO,en,Bank debit card,0
e8face47-ba2b-4599-88e2-693e37000eb1,synth_b4a83496d9a6,gig_worker,tabddpm_synthetic,,['es'],ATO,2024-10-19T12:14:00+00:00,5.0,5.09,42,12,6,Sunday,46,1338,1,ATO,es,Bank debit card,0
8c46d40c-ce5f-4640-aee5-c9d47401460b,synth_32eeebcb552a,gig_worker,tabddpm_synthetic,,['en'],ATO,2024-10-18T15:35:00+00:00,169.1,0.0,45,15,4,Friday,90,1,0,ATO,en,Bank debit card,0
a2c4bc0e-5bdd-44eb-9174-b5391386373b,synth_aa69f94b9cdc,gig_worker,tabddpm_synthetic,,['en'],ATO,2024-02-15T23:08:00+00:00,1173.93,21.42,31,23,0,Monday,0,1,22,ATO,en,Bank debit card,0
a84207ed-933b-48af-ab00-970c7dfc3b5d,synth_91aed796b7a7,gig_worker,tabddpm_synthetic,,['en'],ATO,2024-02-18T19:15:00+00:00,572.81,21.28,45,19,0,Monday,3,1,59,ATO,en,Bank debit card,1
08b96ebf-b3d6-425c-a058-fa85abf1ee05,synth_da15355f9c0b,gig_worker,tabddpm_synthetic,,['en'],ATO,2024-11-11T14:31:00+00:00,17.14,0.0,42,14,0,Monday,90,1,0,ATO,en,Bank debit card,0
35bf2525-1165-4845-a47a-fecfa365aacb,synth_880c4928588a,gig_worker,tabddpm_synthetic,,['en'],ATO,2024-05-19T08:34:00+00:00,88.27,16.71,25,8,5,Saturday,3,1845,10,ATO,en,Bank debit card,0
332e035b-0c93-4023-8efb-aa96e7b3c999,synth_490bc70a158d,gig_worker,tabddpm_synthetic,,['en'],ATO,2024-06-11T08:51:00+00:00,5.0,5.18,43,8,2,Wednesday,81,1,1,ATO,en,Bank debit card,0
10e80c24-3fdd-4ce6-b378-39ac96bddc6a,synth_d07a1e867ef6,gig_worker,tabddpm_synthetic,,['en'],ATO,2024-03-09T23:49:00+00:00,6000.0,3000.0,45,23,0,Monday,0,1,100,ATO,en,Bank debit card,0
e99c606d-5f40-4ee0-98a5-b856e020b541,synth_d5ebd1681d5a,gig_worker,tabddpm_synthetic,,['en'],ATO,2024-09-06T09:18:00+00:00,5.0,5.1,45,9,5,Saturday,36,1,0,ATO,en,Bank debit card,0
cff0ee70-1f19-4853-b655-ed02447c9e5f,synth_9270d066f4a4,gig_worker,tabddpm_synthetic,,['en'],ATO,2024-09-01T09:05:00+00:00,46.14,14.72,45,9,4,Friday,8,908,1,ATO,en,Bank debit card,0
645c47ab-1c54-40ad-a93a-d464926d72dc,synth_ba2142bbbf2c,gig_worker,tabddpm_synthetic,,['en'],ATO,2024-11-01T16:44:00+00:00,51.66,16.72,24,16,2,Wednesday,12,1106,3,ATO,en,Bank debit card,0
e0e6590d-1dbd-4498-979d-b69e7be9df8e,synth_cc7bdd5dc755,gig_worker,tabddpm_synthetic,,['en'],ATO,2024-06-16T02:55:00+00:00,423.58,0.0,45,2,0,Monday,90,1,0,ATO,en,Bank debit card,0
71f778f7-b778-4cbd-a992-5cc44a769a10,synth_77342103b0f1,gig_worker,tabddpm_synthetic,,['en'],ATO,2024-12-07T06:41:00+00:00,98.41,11.65,45,6,0,Monday,0,1440,10,ATO,en,Bank debit card,0
8c2f1801-d26a-452f-b95c-b9fa04c703ee,synth_c59a444d87a4,gig_worker,tabddpm_synthetic,,['en'],ATO,2024-01-12T13:24:00+00:00,259.02,15.54,27,13,2,Wednesday,74,1,2,ATO,en,Bank debit card,0
e1f55ae6-92fb-4805-b37a-72bae2cb9dbc,synth_c4b169f76573,gig_worker,tabddpm_synthetic,,['en'],ATO,2024-01-03T08:54:00+00:00,5.0,0.0,45,8,4,Friday,26,1,0,ATO,en,Bank debit card,0
4b819a2f-c3e7-46ab-b2b1-e036b03ece47,synth_f459939b35be,gig_worker,tabddpm_synthetic,,['en'],ATO,2024-07-18T23:09:00+00:00,6000.0,3000.0,45,23,0,Monday,0,2000,100,ATO,en,Bank debit card,1
e0e0e284-6867-467c-a4da-d8604d4f89cc,synth_e5e97b79f1a1,gig_worker,tabddpm_synthetic,,['en'],ATO,2024-11-19T12:53:00+00:00,95.43,7.32,44,12,6,Sunday,7,1933,7,ATO,en,Bank debit card,0
3c5a0999-f29f-4f85-ba28-00c9f537672c,synth_b723abb1f568,gig_worker,tabddpm_synthetic,,['en'],ATO,2024-06-15T23:37:00+00:00,5.0,0.0,45,23,6,Sunday,2,1,79,ATO,en,Bank debit card,0
48d6f138-8fcc-465d-afa8-5c00a80c3e65,synth_367a44ffa0d6,gig_worker,tabddpm_synthetic,,['en'],ATO,2024-08-17T14:41:00+00:00,5.0,0.0,45,14,6,Sunday,0,961,0,ATO,en,Bank debit card,0
df68cfa2-098f-4710-95c3-22fc52238ba0,synth_d50f720e13d0,gig_worker,tabddpm_synthetic,,['en'],ATO,2024-02-25T00:04:00+00:00,376.49,0.0,45,0,0,Monday,90,1,0,ATO,en,Bank debit card,0
249ded29-4c0e-4f2d-8126-70e37d4a3c0f,synth_10b1030cecc1,gig_worker,tabddpm_synthetic,,['en'],ATO,2024-11-23T23:54:00+00:00,6000.0,2233.94,45,23,0,Monday,84,1,56,ATO,en,Bank debit card,0
a5394f20-209b-4792-a59c-792480ed10d0,synth_c0a55bcb170f,gig_worker,tabddpm_synthetic,,['en'],ATO,2024-11-07T23:43:00+00:00,6000.0,3000.0,45,23,0,Monday,0,1,100,ATO,en,Bank debit card,0
3e1d1e55-d327-465e-9fd7-a44232908c94,synth_ae5fc0fbd992,gig_worker,tabddpm_synthetic,,['en'],ATO,2024-10-10T11:39:00+00:00,207.61,7.8,38,11,4,Friday,10,1397,6,ATO,en,Bank debit card,0
b1378434-6354-47a3-b0c3-c935511495b8,synth_7532d3f8fb41,gig_worker,tabddpm_synthetic,,['en'],ATO,2024-07-04T23:54:00+00:00,6000.0,3000.0,45,23,0,Monday,47,2000,100,ATO,en,Bank debit card,0
d0188a63-ed66-4486-bab4-42bf475f2bcb,synth_303e504c6574,gig_worker,tabddpm_synthetic,,['en'],ATO,2024-10-23T16:44:00+00:00,163.59,8.39,45,16,5,Saturday,31,1,1,ATO,en,Bank debit card,0
42591414-6cb6-4612-bebf-9048bfe6696a,synth_70751b766150,gig_worker,tabddpm_synthetic,,['en'],ATO,2024-05-17T13:46:00+00:00,104.08,11.86,43,13,3,Thursday,13,242,4,ATO,en,Bank debit card,0
484cdb23-8d8e-4353-ac9f-a620f84b79f2,synth_5a0dff493b51,gig_worker,tabddpm_synthetic,,['en'],ATO,2024-07-25T17:45:00+00:00,412.32,17.39,34,17,5,Saturday,46,1,3,ATO,en,Bank debit card,0
c115b032-4c46-44e2-a617-7f9af0ba959e,synth_130ca3a2b62c,gig_worker,tabddpm_synthetic,,['en'],ATO,2024-08-15T09:44:00+00:00,905.08,42.93,30,9,6,Sunday,22,1032,9,ATO,en,Bank debit card,0
9c55eb21-1c5a-47c0-82de-b0c16763658e,synth_0544a7537b64,gig_worker,tabddpm_synthetic,,['en'],ATO,2024-04-26T23:37:00+00:00,6000.0,3000.0,45,23,0,Monday,0,2000,100,ATO,en,Bank debit card,0
e455db83-7263-4c78-b190-aa8307d31c4f,synth_c6eb45c36cdb,gig_worker,tabddpm_synthetic,,['en'],ATO,2024-05-28T23:28:00+00:00,6000.0,3000.0,45,23,0,Monday,67,2000,100,ATO,en,Bank debit card,0
c8c2a884-4e0f-4aea-a7af-72a9b647f0b7,synth_4ae6eda2255e,gig_worker,tabddpm_synthetic,,['en'],ATO,2024-12-02T21:00:00+00:00,178.31,13.17,42,21,4,Friday,67,1,0,ATO,en,Bank debit card,0
e1cc7c2a-2669-4f00-a3a0-a9bead997e4e,synth_9659705ee6fb,gig_worker,tabddpm_synthetic,,['en'],ATO,2024-09-18T23:13:00+00:00,6000.0,3000.0,45,23,0,Monday,90,1841,100,ATO,en,Bank debit card,0
b31fa992-edd1-4bba-9a52-294c40fd21c6,synth_1edfabc17d6c,gig_worker,tabddpm_synthetic,,['en'],ATO,2024-03-25T23:51:00+00:00,6000.0,3000.0,45,23,0,Monday,90,1,100,ATO,en,Bank debit card,1
8f9aabe6-fa57-4c8d-9353-7510e6a24e43,synth_effb65ca9175,gig_worker,tabddpm_synthetic,,['en'],ATO,2024-05-03T23:09:00+00:00,6000.0,3000.0,45,23,0,Monday,0,1,100,ATO,en,Bank debit card,1
934d5ad5-6f2d-427a-ade0-6461a1fc39bf,synth_a8d9edd26c9a,gig_worker,tabddpm_synthetic,,['en'],ATO,2024-07-12T00:31:00+00:00,391.16,0.0,45,0,0,Monday,90,1,0,ATO,en,Bank debit card,0
48543013-a6ae-4058-a4cf-4523bedf321f,synth_25764c5a555a,gig_worker,tabddpm_synthetic,,['en'],ATO,2024-11-26T12:50:00+00:00,264.48,19.28,32,12,0,Monday,90,1,0,ATO,en,Bank debit card,0
5b41db66-55d0-4070-a03e-c54ce032d5f8,synth_fe67a959272a,gig_worker,tabddpm_synthetic,,['en'],ATO,2024-06-21T12:38:00+00:00,5.0,16.26,45,12,6,Sunday,10,1676,2,ATO,en,Bank debit card,0
1f7b373e-f624-4f70-b1bc-a5991e4c1160,synth_281359521201,gig_worker,tabddpm_synthetic,,['en'],ATO,2024-04-11T00:32:00+00:00,355.06,0.0,45,0,0,Monday,90,1,0,ATO,en,Bank debit card,0
7924046f-8209-4109-bb87-7c056fa61818,synth_17c5f52d9735,gig_worker,tabddpm_synthetic,,['en'],ATO,2024-03-07T13:07:00+00:00,60.24,0.0,24,13,1,Tuesday,9,1158,6,ATO,en,Bank debit card,0
ee3637c8-834d-444b-a479-a89efd981c72,synth_f4fe70598a91,gig_worker,tabddpm_synthetic,,['en'],ATO,2024-03-29T19:40:00+00:00,280.0,21.12,40,19,6,Sunday,13,1,4,ATO,en,Bank debit card,0
85a0a318-1026-47ab-8947-68c3d91625bc,synth_b8fd737b6eda,gig_worker,tabddpm_synthetic,,['en'],ATO,2024-04-28T23:20:00+00:00,417.89,29.51,31,23,6,Sunday,5,1,27,ATO,en,Bank debit card,0
1f3c7105-cb90-4286-b0a3-ded8c97af1ea,synth_28fd249f45da,gig_worker,tabddpm_synthetic,,['en'],ATO,2024-10-05T14:32:00+00:00,5.0,5.79,45,14,1,Tuesday,13,1232,5,ATO,en,Bank debit card,0
ee6ac2b2-f3ae-4236-96dc-9a089e79e3e3,synth_292d7b2e8707,gig_worker,tabddpm_synthetic,,['en'],ATO,2024-10-07T23:08:00+00:00,21.21,0.0,45,23,2,Wednesday,28,228,24,ATO,en,Bank debit card,0
deeb8214-9a82-434c-847d-af6aa8179a41,synth_5db5d868cfb3,gig_worker,tabddpm_synthetic,,['en'],ATO,2024-01-17T05:36:00+00:00,6000.0,257.84,45,5,4,Friday,4,829,21,ATO,en,Bank debit card,0
a98e0c8b-f1e3-44d2-a88a-abf40cb3efaf,synth_05730343558f,gig_worker,tabddpm_synthetic,,['en'],ATO,2024-07-05T16:27:00+00:00,275.91,34.1,24,16,4,Friday,7,394,9,ATO,en,Bank debit card,0
b7799be9-7bf5-488d-b274-b7b946c31271,synth_af2dcd3fb7a5,gig_worker,tabddpm_synthetic,,['en'],ATO,2024-06-14T20:34:00+00:00,5.0,2.52,37,20,3,Thursday,10,334,8,ATO,en,Bank debit card,0
4a69a002-06c2-4a02-9831-5de053041f34,synth_57008a71d08a,gig_worker,tabddpm_synthetic,,['en'],ATO,2024-12-04T00:49:00+00:00,61.25,6.04,45,0,3,Thursday,4,490,9,ATO,en,Bank debit card,0
8f653568-9b17-4cc0-99af-fdb196e8bb59,synth_0aa1b46c53d6,gig_worker,tabddpm_synthetic,,['en'],ATO,2024-08-27T23:12:00+00:00,529.93,8.84,38,23,3,Thursday,90,1,0,ATO,en,Bank debit card,0
094423b4-67b1-4bcc-80aa-98efd89b98d1,synth_624c39749dc4,gig_worker,tabddpm_synthetic,,['en'],CashApp,2024-05-25T18:42:00+00:00,93.64,13.87,31,18,2,Wednesday,0,1382,5,CashApp,en,Bank debit card,0
f535a5c3-062b-4eb4-bb76-03f14a70b20b,synth_b7b13f9b629e,gig_worker,tabddpm_synthetic,,['en'],ATO,2024-04-20T23:18:00+00:00,6000.0,3000.0,45,23,0,Monday,0,2000,100,ATO,en,Bank debit card,0
176dd2b8-59a1-40de-91de-ea13093d48de,synth_30cedfe225de,gig_worker,tabddpm_synthetic,,['en'],ATO,2024-01-07T08:14:00+00:00,104.8,0.0,42,8,0,Monday,90,1,0,ATO,en,Bank debit card,0
981bcf36-8590-4513-8ed2-e916a5ed55a3,synth_3c2372352e2d,gig_worker,tabddpm_synthetic,,['en'],ATO,2024-06-21T23:54:00+00:00,6000.0,3000.0,45,23,0,Monday,0,1,100,ATO,en,Bank debit card,0
07b6ae98-ad5f-4663-8ea8-aa67e349c2e2,synth_038f7829bb22,gig_worker,tabddpm_synthetic,,['en'],ATO,2024-10-31T23:11:00+00:00,5.0,0.0,32,23,4,Friday,41,2000,5,ATO,en,Bank debit card,0
6f368ea3-e038-4f8a-a866-4804a82b8538,synth_1a82a5fb62e6,gig_worker,tabddpm_synthetic,,['en'],ATO,2024-02-27T23:57:00+00:00,6000.0,3000.0,45,23,0,Monday,21,1,100,ATO,en,Bank debit card,1
6314445a-40c2-47bc-938f-59afe58e068d,synth_a63d7d4e385a,gig_worker,tabddpm_synthetic,,['en'],ATO,2024-12-03T06:39:00+00:00,52.15,0.0,45,6,1,Tuesday,90,1,4,ATO,en,Bank debit card,0
267e0257-f7f9-4c1b-9759-50ac06d0b66d,synth_5f164fb9a48b,gig_worker,tabddpm_synthetic,,['en'],ATO,2024-08-18T23:59:00+00:00,724.7,38.69,33,23,5,Saturday,90,1,0,ATO,en,Bank debit card,0
b0d6c934-f8a0-4587-831f-f005cddbd6be,synth_39fe88c15d9f,gig_worker,tabddpm_synthetic,,['en'],ATO,2024-06-10T10:40:00+00:00,978.43,74.18,42,10,4,Friday,8,294,6,ATO,en,Bank debit card,0
d8b6ee52-8771-491a-bca7-13230a3e48a3,synth_fc27fc63872e,gig_worker,tabddpm_synthetic,,['en'],ATO,2024-03-06T09:05:00+00:00,5.0,0.0,41,9,5,Saturday,12,442,0,ATO,en,Bank debit card,0
de6f7f68-ac61-4722-8dbf-0c42f7a30f78,synth_f58882e3dc0e,gig_worker,tabddpm_synthetic,,['en'],ATO,2024-07-17T23:08:00+00:00,6000.0,3000.0,45,23,0,Monday,0,1,100,ATO,en,Bank debit card,1
d12cc644-6920-46e1-a469-9d27948101f3,synth_13711ea315c6,gig_worker,tabddpm_synthetic,,['en'],ATO,2024-07-12T23:22:00+00:00,6000.0,3000.0,45,23,0,Monday,90,2000,100,ATO,en,Bank debit card,0
9a8e17ce-3024-43d4-8ce0-40e6a31a7479,synth_9e39b5466dd3,gig_worker,tabddpm_synthetic,,['en'],ATO,2024-12-03T13:40:00+00:00,5.0,6.18,42,13,4,Friday,1,1406,1,ATO,en,Bank debit card,0
197895ce-bd3e-4125-b61e-3691a80afdbd,synth_03572773a028,gig_worker,tabddpm_synthetic,,['en'],ATO,2024-08-24T07:42:00+00:00,229.88,10.82,40,7,1,Tuesday,43,1,7,ATO,en,Bank debit card,0
c4ce8d75-720e-4f0e-98be-bf838239fd09,synth_07d9a1018a95,gig_worker,tabddpm_synthetic,,['en'],ATO,2024-05-27T09:55:00+00:00,157.89,4.49,39,9,2,Wednesday,10,751,4,ATO,en,Bank debit card,0
54879daa-1197-4ad2-ae1a-43c402962245,synth_5908960e81fb,gig_worker,tabddpm_synthetic,,['en'],ATO,2024-03-12T10:02:00+00:00,347.06,26.15,45,10,2,Wednesday,0,1882,1,ATO,en,Bank debit card,0
61d28d84-d65b-4b2e-a861-cd44fc28cedb,synth_bf3aed48f3fa,gig_worker,tabddpm_synthetic,,['en'],ATO,2024-06-07T08:10:00+00:00,264.02,0.0,45,8,0,Monday,90,1,3,ATO,en,Bank debit card,0
209c6d05-f1b7-4897-8f5a-86947de75349,synth_5ff2777e9295,gig_worker,tabddpm_synthetic,,['en'],ATO,2024-10-21T23:06:00+00:00,6000.0,3000.0,45,23,0,Monday,90,2000,100,ATO,en,Bank debit card,0
f0ba3fd3-0dbd-445c-bd2e-09f431e7b7d0,synth_340dabd2aa41,gig_worker,tabddpm_synthetic,,['en'],ATO,2024-02-24T12:43:00+00:00,312.08,0.0,30,12,3,Thursday,81,323,4,ATO,en,Bank debit card,0
435ffe3c-fc1d-457d-8d77-073f47f6ae0b,synth_40616d4f2d22,gig_worker,tabddpm_synthetic,,['en'],ATO,2024-02-25T00:28:00+00:00,274.15,0.0,45,0,0,Monday,90,1,0,ATO,en,Bank debit card,0
93a21e99-a9f1-499d-8507-7e99ebee6131,synth_775a6931d5c8,gig_worker,tabddpm_synthetic,,['en'],CashApp,2024-05-21T15:23:00+00:00,138.52,4.65,24,15,6,Sunday,17,1018,1,CashApp,en,Bank debit card,0
10982526-81aa-46ea-9bdb-e9a49c03c402,synth_eaa7f183623a,gig_worker,tabddpm_synthetic,,['en'],ATO,2024-12-03T23:48:00+00:00,6000.0,3000.0,45,23,0,Monday,90,2000,100,ATO,en,Bank debit card,0
f94ac18f-983b-47f1-b5b2-71f8074fb1c5,synth_e0adfb60778a,gig_worker,tabddpm_synthetic,,['en'],ATO,2024-11-20T23:17:00+00:00,6000.0,3000.0,45,23,0,Monday,90,2000,100,ATO,en,Bank debit card,0
110ef5a7-d3c3-4067-95d7-609ee35f4b5b,synth_efe23c57815b,gig_worker,tabddpm_synthetic,,['en'],ATO,2024-08-01T08:10:00+00:00,92.36,0.59,45,8,2,Wednesday,90,1,0,ATO,en,Bank debit card,0
9fbaaf76-acb3-4767-866d-1d95cb0ac8c7,synth_ff532228bca5,gig_worker,tabddpm_synthetic,,['en'],ATO,2024-04-15T23:47:00+00:00,6000.0,3000.0,45,23,0,Monday,0,1,100,ATO,en,Bank debit card,1
4a57f586-9e95-4455-b6ba-e8db30aa0918,synth_477363a8e2af,gig_worker,tabddpm_synthetic,,['en'],ATO,2024-04-02T00:02:00+00:00,1794.56,0.0,24,0,0,Monday,90,1,0,ATO,en,Bank debit card,0
74f93568-e60c-489e-bc04-c8c554b5110a,synth_1e891497d6c3,gig_worker,tabddpm_synthetic,,['en'],ATO,2024-07-19T23:27:00+00:00,226.85,14.69,37,23,4,Friday,51,548,3,ATO,en,Bank debit card,0
58f02119-9858-4536-b6c8-11ef690e48b1,synth_f3dbba506375,gig_worker,tabddpm_synthetic,,['en'],ATO,2024-03-07T00:08:00+00:00,175.57,0.0,45,0,0,Monday,90,1,0,ATO,en,Bank debit card,0
85ef4239-4b10-4de6-9aff-f584fc996d0f,synth_c9e3ec92d26d,gig_worker,tabddpm_synthetic,,['en'],ATO,2024-12-05T23:26:00+00:00,163.3,7.49,32,23,6,Sunday,1,1,4,ATO,en,Bank debit card,0
3e668805-f5ae-494a-8c1c-2283cbcf62ab,synth_2822cf443ade,gig_worker,tabddpm_synthetic,,['en'],ATO,2024-04-21T23:39:00+00:00,6000.0,3000.0,45,23,0,Monday,0,1,100,ATO,en,Bank debit card,1
509b3f97-c643-44e4-8945-2b421c1851a6,synth_ca8a22e94e74,gig_worker,tabddpm_synthetic,,['en'],ATO,2024-10-10T12:45:00+00:00,5.0,4.52,45,12,6,Sunday,2,1782,0,ATO,en,Bank debit card,0
2c2b91a6-4f8f-4fe1-8e0e-67e5c0e12fd1,synth_bc77c59b533c,gig_worker,tabddpm_synthetic,,['en'],ATO,2024-03-28T15:29:00+00:00,337.98,12.91,33,15,4,Friday,43,1,1,ATO,en,Bank debit card,0
6e5de159-79ad-4a3e-bb9a-7e159d61a63a,synth_12b4897b9fc5,gig_worker,tabddpm_synthetic,,['en'],ATO,2024-07-11T20:13:00+00:00,915.86,41.8,41,20,0,Monday,26,700,2,ATO,en,Bank debit card,0
05bcd91d-a246-4a04-b843-2e42227a0116,synth_177d8e3df3cf,gig_worker,tabddpm_synthetic,,['en'],ATO,2024-04-28T11:14:00+00:00,705.54,29.87,45,11,5,Saturday,35,1,0,ATO,en,Bank debit card,0
865edace-8e12-40e2-8fa2-d24a7069eceb,synth_bee9172ca261,gig_worker,tabddpm_synthetic,,['en'],ATO,2024-10-13T23:03:00+00:00,6000.0,397.83,45,23,0,Monday,3,1,100,ATO,en,Bank debit card,1
07336958-8bb0-4dda-9006-757a75a1694b,synth_53986eef2966,gig_worker,tabddpm_synthetic,,['es'],ATO,2024-10-18T20:53:00+00:00,705.37,50.94,20,20,0,Monday,13,506,12,ATO,es,Bank debit card,0
ef23cdca-a662-4f18-abde-e93c6a63a71b,synth_0c9fd0c44120,gig_worker,tabddpm_synthetic,,['en'],ATO,2024-04-26T14:41:00+00:00,129.92,0.0,30,14,5,Saturday,12,620,1,ATO,en,Bank debit card,0
88cc9efb-6b5d-4b03-a5f9-5e6b8631d92f,synth_7d038c8d481b,gig_worker,tabddpm_synthetic,,['en'],ATO,2024-11-08T21:23:00+00:00,533.47,21.3,39,21,0,Monday,90,1,3,ATO,en,Bank debit card,0
04f2f11b-ae00-4e73-8a76-1b29bbf3b3f6,synth_ec3956a2b50d,gig_worker,tabddpm_synthetic,,['en'],ATO,2024-10-08T23:42:00+00:00,6000.0,3000.0,45,23,0,Monday,90,1,100,ATO,en,Bank debit card,0
0341b4b3-37ee-4b80-bdcb-936a82e97ecd,synth_ece7858c770d,gig_worker,tabddpm_synthetic,,['en'],ATO,2024-03-22T12:37:00+00:00,170.47,13.67,42,12,5,Saturday,35,557,3,ATO,en,Bank debit card,0
9d8a612b-1ad0-4ff9-bf4f-770afdaf32aa,synth_283db0f9412b,gig_worker,tabddpm_synthetic,,['en'],ATO,2024-05-04T16:55:00+00:00,181.87,0.0,43,16,2,Wednesday,90,1,0,ATO,en,Bank debit card,0
cea710e7-b5fc-4c79-baa1-7aefd0bd20de,synth_539c2321ddd0,gig_worker,tabddpm_synthetic,,['en'],ATO,2024-02-18T09:30:00+00:00,414.89,17.43,18,9,0,Monday,37,1410,5,ATO,en,Bank debit card,0
909b7195-b7e5-49af-95a7-733e521684bc,synth_1e19bb8545ab,gig_worker,tabddpm_synthetic,,['en'],ATO,2024-01-11T13:29:00+00:00,302.27,8.12,29,13,0,Monday,90,1,2,ATO,en,Bank debit card,0
450acc7a-bdbb-4362-96f7-deb77cd5e2cb,synth_362b43c46b2c,gig_worker,tabddpm_synthetic,,['en'],ATO,2024-10-05T23:09:00+00:00,6000.0,3000.0,45,23,0,Monday,90,2000,100,ATO,en,Bank debit card,0
2b8470bb-8a41-449e-bdbc-14c283eb8d58,synth_54bf4945456a,gig_worker,tabddpm_synthetic,,['en'],ATO,2024-12-24T00:01:00+00:00,262.83,0.0,45,0,0,Monday,90,1,0,ATO,en,Bank debit card,0
657955e3-bba4-46a8-9fbd-406fd4230889,synth_f0094e94478b,gig_worker,tabddpm_synthetic,,['en'],ATO,2024-08-26T10:25:00+00:00,5.0,0.26,26,10,6,Sunday,23,1388,4,ATO,en,Bank debit card,0
fcbb00e1-8053-4259-aec0-fd8cbeca549e,synth_217f7ccb707f,gig_worker,tabddpm_synthetic,,['en'],ATO,2024-10-08T23:42:00+00:00,6000.0,2447.9,45,23,3,Thursday,0,1,100,ATO,en,Bank debit card,1
d419831f-0816-4c80-a2c3-40d714dcfdfe,synth_20f2b24377ec,gig_worker,tabddpm_synthetic,,['en'],CashApp,2024-05-19T14:03:00+00:00,5.0,0.0,25,14,0,Monday,26,1266,3,CashApp,en,Bank debit card,0
01f1fd0e-b91a-4560-a077-6985ae52d0e2,synth_73a92de9220d,gig_worker,tabddpm_synthetic,,['en'],ATO,2024-08-07T14:27:00+00:00,5.0,0.0,43,14,2,Wednesday,21,1186,1,ATO,en,Bank debit card,0
21843ee3-2bb3-4ad6-9dd1-ea0c742f0bf7,synth_c705eeed499f,gig_worker,tabddpm_synthetic,,['en'],ATO,2024-08-18T23:37:00+00:00,61.85,0.0,39,23,4,Friday,0,1127,7,ATO,en,Bank debit card,0
b9873e2f-7f7b-4fb5-b430-853c52ee5bd6,synth_06295a2899ec,gig_worker,tabddpm_synthetic,,['en'],ATO,2024-02-14T11:39:00+00:00,131.07,8.48,39,11,5,Saturday,6,784,0,ATO,en,Bank debit card,0
57efaa2b-c4a9-4091-8db0-7e7bcb21cc4b,synth_33a3e070cdf7,gig_worker,tabddpm_synthetic,,['en'],ATO,2024-11-19T08:19:00+00:00,70.72,9.43,43,8,6,Sunday,15,1,9,ATO,en,Bank debit card,0
2b6ae0d9-5abf-41d3-be1e-d39d02880b33,synth_b3653cac4402,gig_worker,tabddpm_synthetic,,['en'],ATO,2024-11-14T10:42:00+00:00,213.18,14.21,38,10,2,Wednesday,47,1,0,ATO,en,Bank debit card,0
606f1b39-af37-4315-b8ed-619f41dad8b3,synth_9195325a2f00,gig_worker,tabddpm_synthetic,,['en'],ATO,2024-03-19T00:25:00+00:00,5.0,0.0,45,0,0,Monday,90,1,0,ATO,en,Bank debit card,0
1b13c84a-bbf5-4407-a794-0387c0da5769,synth_7aeb4a182bde,gig_worker,tabddpm_synthetic,,['en'],ATO,2024-05-19T06:43:00+00:00,5.0,0.0,45,6,0,Monday,90,1,0,ATO,en,Bank debit card,0
d1f4d974-2fc0-4bf1-a6cf-97ef65b511c8,synth_5b355a8b9432,gig_worker,tabddpm_synthetic,,['en'],ATO,2024-11-20T01:42:00+00:00,78.83,0.0,44,1,0,Monday,90,1,0,ATO,en,Bank debit card,0
3b09c4ad-cfd1-4491-ac92-df353d1f543a,synth_892fd676cc2b,gig_worker,tabddpm_synthetic,,['en'],ATO,2024-03-05T15:44:00+00:00,244.76,10.1,41,15,0,Monday,9,160,8,ATO,en,Bank debit card,0
ca44a7a6-7097-481d-84ba-bee012e63529,synth_d2e752937b19,gig_worker,tabddpm_synthetic,,['en'],ATO,2024-01-08T00:49:00+00:00,785.45,0.0,26,0,0,Monday,90,1,0,ATO,en,Bank debit card,0
3f131d91-3e6c-4b35-9bf8-81a11a3b3ae9,synth_5937aef6196c,gig_worker,tabddpm_synthetic,,['en'],ATO,2024-06-05T23:55:00+00:00,5.0,0.0,31,23,6,Sunday,3,1,40,ATO,en,Bank debit card,0
0964a06a-a09b-40bd-9879-9691e1a10108,synth_7b6ffadb32ad,gig_worker,tabddpm_synthetic,,['en'],ATO,2024-04-15T03:29:00+00:00,181.9,0.0,45,3,0,Monday,90,1,0,ATO,en,Bank debit card,0
269ada28-0f50-4cfe-8dae-704d033a0b2a,synth_60a2844c7ad8,gig_worker,tabddpm_synthetic,,['en'],ATO,2024-10-06T23:59:00+00:00,664.34,53.39,24,23,6,Sunday,44,1,0,ATO,en,Bank debit card,0
2b456b56-7ce7-401d-9ad8-476c5fe8c92b,synth_1536b50834b2,gig_worker,tabddpm_synthetic,,['en'],ATO,2024-10-25T23:15:00+00:00,6000.0,3000.0,45,23,0,Monday,0,1,100,ATO,en,Bank debit card,0
1ce391f0-cb0b-4dd8-b270-2ed67039abc4,synth_44ae33f42274,gig_worker,tabddpm_synthetic,,['en'],ATO,2024-09-23T23:42:00+00:00,18.58,1.82,32,23,6,Sunday,0,1,9,ATO,en,Bank debit card,0
25b46555-43bf-4a0a-b7ae-426e137c237c,synth_8af64c6f7f0a,gig_worker,tabddpm_synthetic,,['en'],ATO,2024-08-01T12:03:00+00:00,512.19,26.94,36,12,0,Monday,58,979,6,ATO,en,Bank debit card,0
9cd01942-5fbe-4981-a534-595da920aa69,synth_24f16e816865,gig_worker,tabddpm_synthetic,,['en'],ATO,2024-01-21T10:47:00+00:00,253.65,11.59,23,10,2,Wednesday,1,1456,3,ATO,en,Bank debit card,0
e83b963b-3aba-4f94-a0c5-efa202297221,synth_832ffa8138ab,gig_worker,tabddpm_synthetic,,['en'],ATO,2024-12-17T23:22:00+00:00,246.6,20.39,45,23,0,Monday,53,1,62,ATO,en,Bank debit card,1
a7230e4f-9b16-48f1-b520-38923e63d45f,synth_18dff08f7a75,gig_worker,tabddpm_synthetic,,['en'],ATO,2024-11-17T07:12:00+00:00,5.0,12.87,41,7,0,Monday,81,1,9,ATO,en,Bank debit card,0
28604a0a-fa7a-40d6-b4ae-00dae15d3ed4,synth_ab7fab3a2cd5,gig_worker,tabddpm_synthetic,,['en'],ATO,2024-07-09T23:16:00+00:00,5.0,0.0,34,23,6,Sunday,0,1,57,ATO,en,Bank debit card,0
09a45401-bec5-4dc9-b561-9c84a76236e6,synth_846c0ef9cb39,gig_worker,tabddpm_synthetic,,['en'],ATO,2024-02-06T23:54:00+00:00,6000.0,3000.0,45,23,0,Monday,90,2000,100,ATO,en,Bank debit card,0
68500a52-d6d0-4a05-8afb-28f606fc7a30,synth_cc64882f4c19,gig_worker,tabddpm_synthetic,,['en'],ATO,2024-02-15T23:57:00+00:00,6000.0,3000.0,45,23,0,Monday,90,2000,100,ATO,en,Bank debit card,0
032b7613-3c93-4660-a338-22d47ad85f51,synth_3c35051da92d,gig_worker,tabddpm_synthetic,,['en'],CashApp,2024-06-17T15:51:00+00:00,329.89,11.17,26,15,5,Saturday,32,1035,4,CashApp,en,Bank debit card,0
ef1fe39a-fa2d-4a29-beee-99c95c475617,synth_9b35dec53d97,gig_worker,tabddpm_synthetic,,['en'],ATO,2024-04-09T23:04:00+00:00,148.38,3.14,18,23,6,Sunday,2,1,0,ATO,en,Bank debit card,0
1535d419-ae94-483b-8ce9-68daedb29e74,synth_12baac0666bb,gig_worker,tabddpm_synthetic,,['en'],ATO,2024-03-29T00:07:00+00:00,1287.79,0.0,18,0,0,Monday,90,1,0,ATO,en,Bank debit card,1
e5199ac5-3312-49c5-a1de-dcda128679fe,synth_796563b482e3,gig_worker,tabddpm_synthetic,,['en'],ATO,2024-10-10T23:06:00+00:00,6000.0,3000.0,45,23,0,Monday,0,2000,100,ATO,en,Bank debit card,0
533e60c0-a58f-4044-a6bd-388ca7d31b0b,synth_e668eea2d032,gig_worker,tabddpm_synthetic,,['en'],ATO,2024-02-19T07:24:00+00:00,468.57,4.86,45,7,2,Wednesday,90,1,0,ATO,en,Bank debit card,0
4215a85d-aa4f-4cdd-85ae-921a8f6dcf0e,synth_a16ed2a9cdab,gig_worker,tabddpm_synthetic,,['en'],ATO,2024-11-29T00:16:00+00:00,999.11,0.0,26,0,0,Monday,90,1,0,ATO,en,Bank debit card,0
4e8985eb-d8a1-447b-8784-3f2692df318d,synth_393fe825405a,gig_worker,tabddpm_synthetic,,['en'],ATO,2024-06-11T09:00:00+00:00,88.41,9.59,33,9,4,Friday,23,1,7,ATO,en,Bank debit card,0
b852a41e-11df-4054-a0ae-6f7a7a5d199b,synth_92c94e0505a7,gig_worker,tabddpm_synthetic,,['en'],ATO,2024-07-05T07:47:00+00:00,102.57,6.35,45,7,3,Thursday,87,1,0,ATO,en,Bank debit card,0
1f0df86c-f00b-43d8-b51c-64cb54418a16,synth_8cab31f13679,gig_worker,tabddpm_synthetic,,['en'],ATO,2024-11-30T23:15:00+00:00,5.0,0.0,37,23,6,Sunday,0,195,29,ATO,en,Bank debit card,0
8dff54f4-a2fd-4254-a01e-b48f3cba3a4c,synth_4778b861982d,gig_worker,tabddpm_synthetic,,['en'],ATO,2024-12-29T23:45:00+00:00,59.25,13.37,31,23,6,Sunday,0,245,16,ATO,en,Bank debit card,0
bbda817c-8c43-4d9c-bd52-74f8958fbc0e,synth_2de4ff914aa6,gig_worker,tabddpm_synthetic,,['en'],ATO,2024-08-15T23:31:00+00:00,6000.0,3000.0,45,23,0,Monday,0,1,100,ATO,en,Bank debit card,0
4a6241c5-a32b-4682-abb9-6437a1df2557,synth_69ca9a326dac,gig_worker,tabddpm_synthetic,,['en'],ATO,2024-09-22T23:28:00+00:00,6000.0,3000.0,45,23,0,Monday,90,2000,100,ATO,en,Bank debit card,0
c72fb109-24c8-4d72-a889-9a31701a3c23,synth_5120e589ecc4,gig_worker,tabddpm_synthetic,,['en'],ATO,2024-09-03T00:03:00+00:00,676.62,0.0,43,0,0,Monday,90,1,0,ATO,en,Bank debit card,0
71129c48-f0a1-4da4-aa92-537f09f8a4ba,synth_0dc8dde00dd3,gig_worker,tabddpm_synthetic,,['en'],ATO,2024-09-26T06:25:00+00:00,287.3,11.62,45,6,6,Sunday,10,1286,0,ATO,en,Bank debit card,0
e515bb97-d197-4401-b884-ef8e24b64d9d,synth_04ffeddc797a,gig_worker,tabddpm_synthetic,,['en'],ATO,2024-04-18T07:16:00+00:00,5.0,0.0,25,7,3,Thursday,31,1622,6,ATO,en,Bank debit card,0
27aecebb-6f9f-4bf1-b5c8-92a3a926b547,synth_c1fc11b5b5f3,gig_worker,tabddpm_synthetic,,['en'],ATO,2024-06-24T23:17:00+00:00,5.0,0.0,45,23,6,Sunday,0,1,57,ATO,en,Bank debit card,0
69ccaa42-5c23-4964-9422-0f384a274aef,synth_b1518e2b0eed,gig_worker,tabddpm_synthetic,,['en'],ATO,2024-09-29T23:06:00+00:00,6000.0,3000.0,45,23,0,Monday,0,1,100,ATO,en,Bank debit card,0
dd158d85-e55a-4bc4-8fa7-a78dcb51c36e,synth_a9b795f6d003,gig_worker,tabddpm_synthetic,,['en'],ATO,2024-08-20T15:30:00+00:00,240.02,8.51,34,15,5,Saturday,49,1,0,ATO,en,Bank debit card,0
328c9404-80e6-4f8e-943f-f6179f802b53,synth_1ee115bffd54,gig_worker,tabddpm_synthetic,,['en'],ATO,2024-12-02T23:57:00+00:00,6000.0,3000.0,45,23,0,Monday,90,2000,100,ATO,en,Bank debit card,0
38ad8130-0a67-4df2-894a-e4efda0d111e,synth_b1ee9b8c77c8,gig_worker,tabddpm_synthetic,,['en'],ATO,2024-05-28T00:06:00+00:00,118.47,0.0,45,0,0,Monday,90,1,0,ATO,en,Bank debit card,0
569987f2-8519-45cf-8b93-7dc44b4c827f,synth_76f86a6009ad,gig_worker,tabddpm_synthetic,,['en'],ATO,2024-10-18T11:51:00+00:00,81.61,0.16,36,11,0,Monday,10,22,0,ATO,en,Bank debit card,0
40dba778-3354-4ebc-b3f4-a908b917a905,synth_3a1b45a2e7b1,gig_worker,tabddpm_synthetic,,['en'],ATO,2024-09-10T11:53:00+00:00,5.0,0.0,40,11,3,Thursday,72,1,0,ATO,en,Bank debit card,0
023302ec-4ff6-422c-ad27-73e091586a8b,synth_67d2f8337bf2,gig_worker,tabddpm_synthetic,,['en'],ATO,2024-11-30T00:12:00+00:00,373.54,0.0,45,0,0,Monday,90,1,0,ATO,en,Bank debit card,0
1086bd35-ea75-48f4-92f7-6185de208af7,synth_ae7adf465ce4,gig_worker,tabddpm_synthetic,,['en'],ATO,2024-04-26T08:47:00+00:00,70.17,0.0,45,8,0,Monday,90,1,0,ATO,en,Bank debit card,0
f9ff4140-7da1-4f56-a434-1a4ee3a926fc,synth_c700864bed2e,gig_worker,tabddpm_synthetic,,['en'],ATO,2024-10-11T13:44:00+00:00,86.37,10.79,24,13,0,Monday,5,1467,2,ATO,en,Bank debit card,0
decbbaf5-5967-43cb-8b25-5f682c8a266b,synth_ab8ed212172c,gig_worker,tabddpm_synthetic,,['en'],ATO,2024-11-29T23:21:00+00:00,309.43,18.59,42,23,0,Monday,37,751,11,ATO,en,Bank debit card,0
c2338a88-b0a4-42cf-a0ac-79c876090efb,synth_574916685b08,gig_worker,tabddpm_synthetic,,['en'],ATO,2024-12-11T23:53:00+00:00,6000.0,3000.0,45,23,0,Monday,0,1,100,ATO,en,Bank debit card,1
3ece62e1-6fd8-40fc-9772-701f63d62707,synth_3c210ee7ce3c,gig_worker,tabddpm_synthetic,,['en'],ATO,2024-05-05T00:14:00+00:00,891.21,0.0,18,0,0,Monday,90,1,0,ATO,en,Bank debit card,0
13428027-8f7d-4361-8b9a-e96264859b90,synth_be32ab1bc98e,gig_worker,tabddpm_synthetic,,['en'],ATO,2024-04-15T12:23:00+00:00,5.0,0.0,45,12,1,Tuesday,90,1,0,ATO,en,Bank debit card,0
7cfa33ba-f292-4b7d-8c75-9e38ea416fd2,synth_1ea0fc696148,gig_worker,tabddpm_synthetic,,['en'],ATO,2024-06-26T01:26:00+00:00,194.08,0.0,45,1,0,Monday,90,1,0,ATO,en,Bank debit card,0
b58dbd2b-333d-46d2-a8f6-bf5e8ffcec1d,synth_f3f8f6b27084,gig_worker,tabddpm_synthetic,,['en'],ATO,2024-12-25T00:13:00+00:00,166.32,0.0,45,0,0,Monday,90,1,0,ATO,en,Bank debit card,1
b11a940c-2ab5-4fdf-9257-a3cab1f184ec,synth_61468407402a,gig_worker,tabddpm_synthetic,,['en'],ATO,2024-10-30T06:28:00+00:00,12.02,0.0,45,6,0,Monday,90,1,0,ATO,en,Bank debit card,0
8c3a7f00-3b48-4bb3-9891-812239c5a1c5,synth_2e6fb13d0343,gig_worker,tabddpm_synthetic,,['en'],ATO,2024-03-24T11:19:00+00:00,354.56,1.15,27,11,0,Monday,90,1,0,ATO,en,Bank debit card,0
683d2e9c-7938-445d-a5e0-aad349748ec4,synth_c5c29287d82a,gig_worker,tabddpm_synthetic,,['en'],ATO,2024-04-24T10:41:00+00:00,5.0,1.0,29,10,3,Thursday,15,1965,10,ATO,en,Bank debit card,0
1aaf8c49-9ca6-4c63-940a-13aecf4382c0,synth_ade788d8e79e,gig_worker,tabddpm_synthetic,,['en'],ATO,2024-06-14T06:14:00+00:00,156.48,19.86,23,6,0,Monday,38,1,7,ATO,en,Bank debit card,0
8a1d9d4c-697a-4b18-97e2-9bf0dc8fb365,synth_ac861ecf1c10,gig_worker,tabddpm_synthetic,,['en'],ATO,2024-05-15T23:48:00+00:00,6000.0,3000.0,45,23,0,Monday,90,2000,100,ATO,en,Bank debit card,0
424dd880-2fe4-4208-a4b2-939a2cc49c2f,synth_b42097c9f587,gig_worker,tabddpm_synthetic,,['en'],ATO,2024-06-19T12:26:00+00:00,21.79,6.61,33,12,2,Wednesday,6,1630,5,ATO,en,Bank debit card,0
23512949-2c69-4d8e-9656-c501bd2b39b0,synth_eb38c1c461c4,gig_worker,tabddpm_synthetic,,['en'],ATO,2024-05-18T23:38:00+00:00,5.0,0.0,45,23,6,Sunday,0,1,100,ATO,en,Bank debit card,1
314e85ab-d8e9-4cfb-9637-100d924dce89,synth_b90bde332232,gig_worker,tabddpm_synthetic,,['en'],ATO,2024-04-10T07:44:00+00:00,109.5,3.28,36,7,2,Wednesday,11,1461,6,ATO,en,Bank debit card,0
429cd537-e86c-47e8-a366-c8af2314ffd0,synth_28afc1771198,gig_worker,tabddpm_synthetic,,['en'],ATO,2024-10-05T23:43:00+00:00,10.35,0.43,36,23,3,Thursday,23,1645,5,ATO,en,Bank debit card,0
062ff909-e1ca-4996-b308-d69f47536019,synth_9f8a2ba0f678,gig_worker,tabddpm_synthetic,,['en'],ATO,2024-01-10T00:49:00+00:00,116.44,0.0,39,0,0,Monday,90,1,0,ATO,en,Bank debit card,0
61aaa75a-0104-4d1e-a76f-5bd3a46980f9,synth_3ac6e814612b,gig_worker,tabddpm_synthetic,,['en'],ATO,2024-03-19T00:28:00+00:00,321.39,0.0,45,0,0,Monday,90,1,0,ATO,en,Bank debit card,0
9325abc1-2b73-44d6-a77f-1c757cb6a137,synth_07182898c4ea,gig_worker,tabddpm_synthetic,,['en'],ATO,2024-05-02T00:38:00+00:00,1149.89,0.0,18,0,0,Monday,90,1,0,ATO,en,Bank debit card,0
bc2b3210-d083-4836-9d06-b1fcc8af19d7,synth_95c96c95df88,gig_worker,tabddpm_synthetic,,['en'],ATO,2024-09-25T10:48:00+00:00,109.9,9.69,37,10,2,Wednesday,1,462,7,ATO,en,Bank debit card,0
493a3d36-b8a0-4d00-83a9-b2062c625f0a,synth_a47a9bf7dff0,gig_worker,tabddpm_synthetic,,['en'],ATO,2024-03-15T00:48:00+00:00,881.13,0.0,44,0,0,Monday,90,1,0,ATO,en,Bank debit card,0
398b721a-262a-4043-949e-6f7572ec9724,synth_adc51dc94027,gig_worker,tabddpm_synthetic,,['en'],ATO,2024-09-20T04:54:00+00:00,426.06,0.0,39,4,0,Monday,90,1,0,ATO,en,Bank debit card,0
b3f7bfc9-d01a-4265-92a9-7a7f9f1f0422,synth_05556c2cad39,gig_worker,tabddpm_synthetic,,['en'],ATO,2024-12-30T09:28:00+00:00,199.15,9.63,19,9,2,Wednesday,7,1015,6,ATO,en,Bank debit card,0
004b30ab-b7c1-43ef-82d0-4133ead21e6d,synth_298c2e9d906b,gig_worker,tabddpm_synthetic,,['en'],ATO,2024-09-24T13:57:00+00:00,63.43,12.17,36,13,5,Saturday,13,826,1,ATO,en,Bank debit card,0
48466d9b-9327-4a6b-86d5-de0d61a5ef98,synth_1d3a07301ef7,gig_worker,tabddpm_synthetic,,['en'],ATO,2024-04-13T23:17:00+00:00,6000.0,3000.0,45,23,0,Monday,15,2000,100,ATO,en,Bank debit card,0
e508a9a2-7ba4-4931-a21a-d4d3d910e471,synth_d91482024760,gig_worker,tabddpm_synthetic,,['en'],CashApp,2024-05-10T13:48:00+00:00,146.45,5.76,21,13,0,Monday,15,1,0,CashApp,en,Bank debit card,0
53648c27-1041-4bce-8b69-636cb6a17c29,synth_61cab44e3269,gig_worker,tabddpm_synthetic,,['en'],ATO,2024-07-17T23:45:00+00:00,6000.0,1650.52,45,23,0,Monday,36,1,38,ATO,en,Bank debit card,0
71ab1e70-fcc8-4261-a1b4-3e9e54b38fde,synth_3577e7938d03,gig_worker,tabddpm_synthetic,,['en'],ATO,2024-11-22T00:44:00+00:00,5.0,0.0,35,0,0,Monday,90,1,0,ATO,en,Bank debit card,0
676e11a4-1650-47b4-a368-fc218e31e75a,synth_68ca16267bae,gig_worker,tabddpm_synthetic,,['en'],ATO,2024-02-29T10:32:00+00:00,98.61,4.9,40,10,6,Sunday,3,1073,0,ATO,en,Bank debit card,0
8fc42671-9d05-4c42-a193-e19ab261d48b,synth_b0efd69b9e18,gig_worker,tabddpm_synthetic,,['en'],ATO,2024-12-26T23:01:00+00:00,264.86,23.06,26,23,4,Friday,61,1,1,ATO,en,Bank debit card,0
2b22a91d-41d4-4070-aa97-97e3b7ac438f,synth_0910ed3abdb7,gig_worker,tabddpm_synthetic,,['en'],ATO,2024-12-10T08:46:00+00:00,49.23,12.04,37,8,4,Friday,24,1,5,ATO,en,Bank debit card,0
6fc91dc2-8288-4580-81d0-0c0a9a4ff799,synth_92dc33a6ee5c,gig_worker,tabddpm_synthetic,,['en'],ATO,2024-09-14T12:58:00+00:00,5.0,10.99,45,12,0,Monday,21,766,2,ATO,en,Bank debit card,0
a10e5593-3ea8-4c9c-8d69-1b610e99cef7,synth_fb1e9fba9f46,gig_worker,tabddpm_synthetic,,['en'],ATO,2024-05-16T23:47:00+00:00,6000.0,3000.0,45,23,0,Monday,0,1,100,ATO,en,Bank debit card,1
c24a7979-a153-44b3-85c6-3fbc68015212,synth_a2bdb5edb8b3,gig_worker,tabddpm_synthetic,,['en'],ATO,2024-02-16T23:21:00+00:00,6000.0,3000.0,45,23,0,Monday,0,1,100,ATO,en,Bank debit card,0
9177a40d-1ab4-4d20-91a1-52739676342b,synth_ca9750ce4f30,gig_worker,tabddpm_synthetic,,['en'],ATO,2024-03-21T09:12:00+00:00,5.0,0.0,36,9,3,Thursday,28,1318,1,ATO,en,Bank debit card,0
6a9e6d83-ae58-47a9-b050-d21eb0b0e044,synth_069cdf80d401,gig_worker,tabddpm_synthetic,,['en'],ATO,2024-10-15T09:02:00+00:00,411.65,4.8,37,9,0,Monday,90,1,3,ATO,en,Bank debit card,0
71fec48d-f0b7-4348-b0e0-fe7637f396d8,synth_b38f265a5492,gig_worker,tabddpm_synthetic,,['en'],ATO,2024-04-28T05:09:00+00:00,646.99,28.13,45,5,0,Monday,0,1915,15,ATO,en,Bank debit card,0
1b8b33a8-11c4-4621-a285-a25096f16be6,synth_5c9ae97cfa47,gig_worker,tabddpm_synthetic,,['en'],ATO,2024-11-26T23:59:00+00:00,6000.0,3000.0,45,23,6,Sunday,0,1,100,ATO,en,Bank debit card,0
e07da844-2da7-40bb-b143-08fca26e32bf,synth_8ff6c01b1ea6,gig_worker,tabddpm_synthetic,,['en'],ATO,2024-10-21T14:23:00+00:00,71.85,4.83,41,14,4,Friday,5,994,12,ATO,en,Bank debit card,0
a5fd97d2-f61f-4b72-952e-648979f090cf,synth_6021234b1764,gig_worker,tabddpm_synthetic,,['en'],ATO,2024-02-04T23:06:00+00:00,6000.0,3000.0,45,23,0,Monday,0,2000,100,ATO,en,Bank debit card,1
f0abb90f-7452-4768-9bae-2ad5d87a2cb5,synth_268357d6a24d,gig_worker,tabddpm_synthetic,,['en'],ATO,2024-03-08T23:01:00+00:00,5.0,0.0,45,23,6,Sunday,0,1,100,ATO,en,Bank debit card,1
8b044bdd-ae3d-41f7-8b82-27c2f058f43d,synth_ab10d0a39280,gig_worker,tabddpm_synthetic,,['en'],ATO,2024-07-03T00:42:00+00:00,1004.25,0.0,45,0,0,Monday,90,1,0,ATO,en,Bank debit card,0
de40d73e-a45a-4aa7-b6a1-73c2ca6866d3,synth_8aca92ed1902,gig_worker,tabddpm_synthetic,,['en'],ATO,2024-05-02T11:30:00+00:00,128.16,10.02,38,11,3,Thursday,2,850,0,ATO,en,Bank debit card,0
f7909493-248d-4d22-9ac8-fb5a246a73b6,synth_7e1539ea9940,gig_worker,tabddpm_synthetic,,['en'],ATO,2024-01-23T17:22:00+00:00,16.37,1.15,40,17,2,Wednesday,25,1810,2,ATO,en,Bank debit card,0
6ba987f3-03b9-42ef-b9bb-82b118059c72,synth_de35284cc1de,gig_worker,tabddpm_synthetic,,['en'],ATO,2024-12-05T23:31:00+00:00,5.0,0.0,30,23,6,Sunday,0,1,100,ATO,en,Bank debit card,1
3cefaa4e-ed90-4f4f-b2ae-9150431f5cec,synth_405f918b7599,gig_worker,tabddpm_synthetic,,['en'],ATO,2024-07-16T23:07:00+00:00,6000.0,3000.0,45,23,0,Monday,0,1,100,ATO,en,Bank debit card,0
42c2abb8-7498-4ef1-ba12-7e6de1a1e4b3,synth_66ed63dc19f0,gig_worker,tabddpm_synthetic,,['en'],ATO,2024-09-26T06:15:00+00:00,158.56,16.09,43,6,6,Sunday,5,131,4,ATO,en,Bank debit card,0
26b15608-b5ee-4bae-b930-f6b1ea943037,synth_165eeff8abf2,gig_worker,tabddpm_synthetic,,['en'],ATO,2024-08-08T02:49:00+00:00,211.04,0.0,45,2,0,Monday,90,1,0,ATO,en,Bank debit card,0
1c4778b6-de27-4851-9613-e8b058097d8b,synth_1c26e76ab1de,gig_worker,tabddpm_synthetic,,['en'],ATO,2024-10-02T14:55:00+00:00,150.03,6.93,30,14,3,Thursday,36,781,6,ATO,en,Bank debit card,0
e6cec228-22cc-4996-ba99-cbbb13296e63,synth_da0f4b7b7ecf,gig_worker,tabddpm_synthetic,,['en'],ATO,2024-10-30T13:23:00+00:00,5.0,0.0,45,13,1,Tuesday,90,1,0,ATO,en,Bank debit card,0
e513a352-ec8e-410d-a25c-91e9432457f1,synth_9ea7ae6256c2,gig_worker,tabddpm_synthetic,,['es'],ATO,2024-07-14T17:44:00+00:00,12.07,0.0,37,17,0,Monday,6,1672,9,ATO,es,Bank debit card,0
e8e1620d-d1e7-48e6-a1df-33f0be3a0b3e,synth_f32b0c72bacf,gig_worker,tabddpm_synthetic,,['en'],ATO,2024-08-11T13:09:00+00:00,113.03,7.97,33,13,3,Thursday,7,2000,6,ATO,en,Bank debit card,0
98ea9bca-038b-4af1-be09-2f3ee96c6b2d,synth_e0370dc5265a,gig_worker,tabddpm_synthetic,,['en'],ATO,2024-12-23T23:57:00+00:00,129.09,0.0,42,23,6,Sunday,90,144,0,ATO,en,Bank debit card,0
017b6d4b-d2c1-4818-ab93-34fa8e882e35,synth_f8d17b763ddf,gig_worker,tabddpm_synthetic,,['en'],ATO,2024-10-05T13:21:00+00:00,240.34,3.53,41,13,1,Tuesday,90,1,2,ATO,en,Bank debit card,0
31c0f843-07f4-4929-97f1-b0201d1978e8,synth_393de71fb537,gig_worker,tabddpm_synthetic,,['en'],ATO,2024-07-01T23:59:00+00:00,5.0,0.0,37,23,6,Sunday,0,1,96,ATO,en,Bank debit card,1
3d61f5bd-f0fe-4cf8-b463-624138989b62,synth_5edeed1f7143,gig_worker,tabddpm_synthetic,,['en'],ATO,2024-04-11T07:59:00+00:00,5.0,0.0,40,7,0,Monday,8,807,4,ATO,en,Bank debit card,0
4cc5e86d-c077-4dc1-ac94-940de6afa35d,synth_142dfc188c2f,gig_worker,tabddpm_synthetic,,['en'],ATO,2024-10-21T13:39:00+00:00,6000.0,935.75,45,13,0,Monday,0,2000,23,ATO,en,Bank debit card,0
d97cee02-02b5-4669-b628-8ff6bff2762f,synth_5d3db133acf7,gig_worker,tabddpm_synthetic,,['en'],ATO,2024-10-18T23:21:00+00:00,6000.0,760.94,45,23,0,Monday,0,1156,18,ATO,en,Bank debit card,0
f57beb63-09a7-4a8b-ba13-98a8c34cea63,synth_7f6ce08ca4a8,gig_worker,tabddpm_synthetic,,['en'],ATO,2024-04-29T05:25:00+00:00,37.36,1.63,39,5,2,Wednesday,7,91,7,ATO,en,Bank debit card,0
dc7a1662-4ec5-4f52-9127-73df140f0b7a,synth_0b6baa26b25c,gig_worker,tabddpm_synthetic,,['es'],ATO,2024-03-23T14:59:00+00:00,5.0,0.0,18,14,2,Wednesday,0,1556,4,ATO,es,Bank debit card,0
b24b9c57-25c5-4517-96b5-9eafb205c8f3,synth_42f46ad4ffd1,gig_worker,tabddpm_synthetic,,['en'],CashApp,2024-04-08T01:04:00+00:00,5.0,0.0,25,1,0,Monday,1,762,9,CashApp,en,Bank debit card,0
eda15c41-aefc-4d63-bb16-d7a90752d933,synth_bd0658f1c698,gig_worker,tabddpm_synthetic,,['en'],ATO,2024-12-13T13:25:00+00:00,286.85,17.49,31,13,0,Monday,9,471,6,ATO,en,Bank debit card,0
67785c62-db89-4bae-92d2-0ade7191d7e4,synth_fcc9c1e5a071,gig_worker,tabddpm_synthetic,,['en'],ATO,2024-04-04T11:14:00+00:00,171.77,15.88,45,11,1,Tuesday,1,288,6,ATO,en,Bank debit card,0
97ae0455-f426-410f-899d-cadd62f908ec,synth_9ee4176a996f,gig_worker,tabddpm_synthetic,,['en'],ATO,2024-11-21T07:42:00+00:00,265.4,8.97,33,7,1,Tuesday,0,611,9,ATO,en,Bank debit card,0
e00be037-15a7-4812-a717-00936c76d9cb,synth_d4c1d8300820,gig_worker,tabddpm_synthetic,,['en'],ATO,2024-11-02T06:17:00+00:00,641.49,16.47,27,6,3,Thursday,8,662,7,ATO,en,Bank debit card,0
ce4dde99-d892-4dad-ae43-c7304bcc16d9,synth_50638b865034,gig_worker,tabddpm_synthetic,,['en'],ATO,2024-11-30T09:25:00+00:00,557.63,19.31,40,9,1,Tuesday,90,1,4,ATO,en,Bank debit card,0
facfb64f-7d0f-4dbd-a936-21e336c04e04,synth_aecb1e9d9ab0,gig_worker,tabddpm_synthetic,,['en'],ATO,2024-01-06T00:03:00+00:00,105.38,0.0,45,0,0,Monday,90,1,0,ATO,en,Bank debit card,0
a2149e63-dc27-44fb-85d5-d126cd7116f1,synth_7013b4fa2c13,gig_worker,tabddpm_synthetic,,['en'],ATO,2024-03-20T10:45:00+00:00,5.0,0.0,23,10,5,Saturday,22,1,2,ATO,en,Bank debit card,0
bdb4b337-5c95-495d-8bfa-de9c8eae6cbd,synth_ff9ad8ef4e40,gig_worker,tabddpm_synthetic,,['en'],ATO,2024-06-19T23:48:00+00:00,6000.0,3000.0,45,23,0,Monday,90,2000,100,ATO,en,Bank debit card,0
c0794697-9238-4a84-8115-c8bec6388e38,synth_e07e7d8657b8,gig_worker,tabddpm_synthetic,,['en'],ATO,2024-06-09T07:13:00+00:00,106.52,13.14,26,7,4,Friday,19,308,5,ATO,en,Bank debit card,0
116c6010-cbf5-4395-a85d-68fc470e029f,synth_458dae826b77,gig_worker,tabddpm_synthetic,,['en'],ATO,2024-10-26T08:37:00+00:00,356.94,0.0,39,8,0,Monday,90,1,0,ATO,en,Bank debit card,0
f5c121fe-566e-4c54-9e3f-550f765641f7,synth_c54838bce220,gig_worker,tabddpm_synthetic,,['en'],ATO,2024-03-13T03:34:00+00:00,5.0,24.43,44,3,0,Monday,0,1,42,ATO,en,Bank debit card,1
eef7b943-c627-4b75-ba30-9a5ecc559091,synth_a997a4c7493e,gig_worker,tabddpm_synthetic,,['en'],ATO,2024-06-20T23:38:00+00:00,2156.83,51.37,45,23,0,Monday,14,1,96,ATO,en,Bank debit card,1
76d37b40-8f8b-47b3-8dfb-e509540bcb6f,synth_982b268a01c3,gig_worker,tabddpm_synthetic,,['en'],ATO,2024-04-10T18:13:00+00:00,5.0,0.0,45,18,2,Wednesday,90,1,0,ATO,en,Bank debit card,0
ca7e87e3-4c5c-4183-84a6-fce4b2f97eb7,synth_8df6cc657c36,gig_worker,tabddpm_synthetic,,['en'],CashApp,2024-03-29T12:23:00+00:00,5.0,0.0,43,12,1,Tuesday,3,2000,4,CashApp,en,Bank debit card,0
11029319-b8de-4e3c-9d6a-19272c884588,synth_d2eefdb7b1a2,gig_worker,tabddpm_synthetic,,['en'],ATO,2024-01-22T00:15:00+00:00,116.89,0.0,45,0,0,Monday,90,1,0,ATO,en,Bank debit card,0
04de2933-ebd1-47d9-b81e-bbb28700776f,synth_e7563f0d30ce,gig_worker,tabddpm_synthetic,,['en'],ATO,2024-04-15T12:02:00+00:00,304.4,8.05,33,12,3,Thursday,81,1,0,ATO,en,Bank debit card,0
652b5c4e-8518-4a39-9b35-a47f395d0b58,synth_bc7d0eb2c12d,gig_worker,tabddpm_synthetic,,['en'],ATO,2024-09-15T23:11:00+00:00,6000.0,3000.0,45,23,0,Monday,36,2000,100,ATO,en,Bank debit card,0
6bb5b4ac-3c07-47ac-b5f1-0130c7693cd6,synth_312d31661240,gig_worker,tabddpm_synthetic,,['en'],ATO,2024-08-10T09:48:00+00:00,205.7,7.35,30,9,2,Wednesday,90,1058,7,ATO,en,Bank debit card,0
af69ca98-d831-47f0-b13f-d627782b906d,synth_1a0e6db0c170,gig_worker,tabddpm_synthetic,,['en'],ATO,2024-07-03T23:05:00+00:00,193.61,8.24,28,23,2,Wednesday,72,388,12,ATO,en,Bank debit card,0
5077835d-1cd3-4521-a009-faddefbc078b,synth_1c917a3f0380,gig_worker,tabddpm_synthetic,,['en'],ATO,2024-11-30T11:08:00+00:00,59.15,0.0,42,11,0,Monday,2,1329,2,ATO,en,Bank debit card,0
c3747dd7-b6a5-4e6c-8782-4d598f1a8d60,synth_5f4ff828ecae,gig_worker,tabddpm_synthetic,,['en'],CashApp,2024-02-25T16:12:00+00:00,104.04,4.94,45,16,0,Monday,2,1396,5,CashApp,en,Bank debit card,0
9b367f63-4107-4608-949b-128e2cbaef23,synth_346d4833b111,gig_worker,tabddpm_synthetic,,['en'],ATO,2024-02-27T12:13:00+00:00,372.42,55.05,25,12,5,Saturday,8,486,10,ATO,en,Bank debit card,0
c0f04732-c0e7-4981-8c88-aa738f63411e,synth_a4b22632f629,gig_worker,tabddpm_synthetic,,['en'],ATO,2024-11-16T20:14:00+00:00,80.71,0.8,38,20,6,Sunday,4,714,14,ATO,en,Bank debit card,0
d2845103-b254-4d95-ab6c-4c29159f56c2,synth_111c7ce41c56,gig_worker,tabddpm_synthetic,,['en'],ATO,2024-04-11T23:31:00+00:00,5.0,0.0,45,23,6,Sunday,5,1,63,ATO,en,Bank debit card,0
5a0cd2f9-df7b-4aa6-915e-9e64dda24dd3,synth_eba2c9b8c785,gig_worker,tabddpm_synthetic,,['en'],ATO,2024-10-10T00:04:00+00:00,552.91,0.0,45,0,0,Monday,90,1,0,ATO,en,Bank debit card,0
ef6d9d21-2961-4c0e-8e7e-d42ab6a8ee99,synth_951d7bf892f9,gig_worker,tabddpm_synthetic,,['en'],ATO,2024-03-07T14:51:00+00:00,5.0,0.0,44,14,3,Thursday,90,1,0,ATO,en,Bank debit card,0
3a319353-e9b8-4c32-80d8-5d297c91963d,synth_7b4379acd770,gig_worker,tabddpm_synthetic,,['en'],ATO,2024-06-15T12:44:00+00:00,356.31,0.0,45,12,0,Monday,90,1,0,ATO,en,Bank debit card,0
4c283009-c8ba-49fa-9e74-425006483691,synth_b0e5f5d0de9b,gig_worker,tabddpm_synthetic,,['en'],CashApp,2024-05-26T13:37:00+00:00,5.0,4.7,33,13,6,Sunday,47,320,5,CashApp,en,Bank debit card,0
b7b21b79-dd98-4cbb-9873-f2b76243476b,synth_a405fcf86bce,gig_worker,tabddpm_synthetic,,['en'],ATO,2024-11-16T08:36:00+00:00,270.98,0.0,45,8,0,Monday,90,1,2,ATO,en,Bank debit card,0
b6fef304-842c-4e2d-8078-6629b6fab148,synth_a5104915130b,gig_worker,tabddpm_synthetic,,['en'],ATO,2024-07-05T14:14:00+00:00,74.79,12.46,25,14,3,Thursday,28,984,6,ATO,en,Bank debit card,0
aa8e3082-7fdd-4fda-9a9d-3d16396faee9,synth_ea2916da1b37,gig_worker,tabddpm_synthetic,,['en'],ATO,2024-02-12T23:16:00+00:00,6000.0,3000.0,45,23,0,Monday,90,2000,100,ATO,en,Bank debit card,0
e9cd6b28-f43e-4ed1-9b93-89cad6f792c4,synth_807a85180225,gig_worker,tabddpm_synthetic,,['en'],ATO,2024-02-14T23:22:00+00:00,6000.0,3000.0,45,23,0,Monday,0,2000,100,ATO,en,Bank debit card,0
0482977a-1c87-4d29-b165-0589b8957405,synth_ccf7810ce5fa,gig_worker,tabddpm_synthetic,,['en'],ATO,2024-10-15T23:41:00+00:00,17.9,18.78,26,23,6,Sunday,1,1,7,ATO,en,Bank debit card,0
441b3d57-33f4-45e9-b006-837ca8e3c359,synth_a122d6f30c77,gig_worker,tabddpm_synthetic,,['en'],ATO,2024-10-19T21:16:00+00:00,210.29,28.22,18,21,0,Monday,34,1,0,ATO,en,Bank debit card,0
2c3590b0-15d0-4d78-8c73-9da0ad662f6a,synth_1bb79452c6dc,gig_worker,tabddpm_synthetic,,['en'],ATO,2024-04-12T10:23:00+00:00,5.0,5.24,27,10,4,Friday,25,1093,3,ATO,en,Bank debit card,0
f40bb086-8a9f-41cd-8161-973374f9b482,synth_e270579cb0be,gig_worker,tabddpm_synthetic,,['en'],ATO,2024-09-30T11:38:00+00:00,154.39,18.91,31,11,2,Wednesday,78,1,6,ATO,en,Bank debit card,0
0112eeef-cb41-4d4d-891f-54924d4a79ed,synth_30a3e20775f6,gig_worker,tabddpm_synthetic,,['en'],ATO,2024-08-19T23:00:00+00:00,6000.0,3000.0,45,23,0,Monday,7,1,100,ATO,en,Bank debit card,0
378340af-1817-4723-a166-5216ff688acb,synth_e2d8363354d2,gig_worker,tabddpm_synthetic,,['en'],ATO,2024-11-06T09:12:00+00:00,113.53,5.27,45,9,4,Friday,42,1,0,ATO,en,Bank debit card,0
f5cf63c1-0299-4744-9eaf-83c53f7fdfdc,synth_e064c99c7fba,gig_worker,tabddpm_synthetic,,['en'],ATO,2024-01-14T23:39:00+00:00,5.0,0.16,45,23,0,Monday,34,1609,5,ATO,en,Bank debit card,0
e4077f27-0f6c-4e78-9f1a-9e88db7f731c,synth_731d7cf455bf,gig_worker,tabddpm_synthetic,,['en'],ATO,2024-07-06T00:10:00+00:00,219.46,0.0,45,0,0,Monday,90,1,0,ATO,en,Bank debit card,0
fc0904c9-859e-44a9-9ec6-961eb0563ce6,synth_41ee74e98c0a,gig_worker,tabddpm_synthetic,,['en'],ATO,2024-06-07T23:28:00+00:00,6000.0,3000.0,45,23,0,Monday,43,2000,100,ATO,en,Bank debit card,0
0433b966-d154-45db-bdaa-98074c77f0f7,synth_fd0ea2c4692d,gig_worker,tabddpm_synthetic,,['en'],ATO,2024-12-30T07:43:00+00:00,5.0,0.0,19,7,3,Thursday,1,1655,11,ATO,en,Bank debit card,0
f782741b-8a61-435e-b009-11d748a78d2c,synth_90aa155b81bf,gig_worker,tabddpm_synthetic,,['en'],ATO,2024-02-27T13:19:00+00:00,164.48,0.0,29,13,2,Wednesday,90,1,1,ATO,en,Bank debit card,0
077023d1-91a2-4b78-bfdd-02c233350c84,synth_ece0055b0c68,gig_worker,tabddpm_synthetic,,['en'],ATO,2024-12-04T00:11:00+00:00,644.92,0.0,31,0,0,Monday,90,1,0,ATO,en,Bank debit card,0
681c2f60-1172-49e6-a2dd-82edbde7940d,synth_5c7089560159,gig_worker,tabddpm_synthetic,,['en'],ATO,2024-10-03T13:13:00+00:00,62.99,2.6,38,13,5,Saturday,15,1476,2,ATO,en,Bank debit card,0
862f1572-8732-4a6b-bf9d-22aa142f70b8,synth_ec84d3129604,gig_worker,tabddpm_synthetic,,['en'],ATO,2024-05-13T23:32:00+00:00,6000.0,3000.0,45,23,0,Monday,0,1,100,ATO,en,Bank debit card,0
7e021cf7-3bce-41d5-9765-ea2aa4fc9a9c,synth_171f0136902d,gig_worker,tabddpm_synthetic,,['en'],ATO,2024-04-17T00:41:00+00:00,651.52,0.0,45,0,0,Monday,90,1,0,ATO,en,Bank debit card,0
ecba1f46-8a1e-4e73-9cb7-20c0a8848f27,synth_0ef18c6dcfb4,gig_worker,tabddpm_synthetic,,['en'],ATO,2024-11-15T06:55:00+00:00,5.0,7.56,44,6,4,Friday,17,371,2,ATO,en,Bank debit card,0
eab92206-d427-4fb9-a520-9f7f0755f1be,synth_b21d976461d6,gig_worker,tabddpm_synthetic,,['en'],ATO,2024-10-31T23:13:00+00:00,6000.0,3000.0,45,23,0,Monday,29,1,100,ATO,en,Bank debit card,1
36bef888-f035-4823-8746-20a6aa767c5f,synth_c3282bf8f758,gig_worker,tabddpm_synthetic,,['en'],ATO,2024-01-07T23:17:00+00:00,6000.0,3000.0,45,23,0,Monday,0,1,100,ATO,en,Bank debit card,1
74b35d23-898b-4616-a116-9e1508d0d7e8,synth_13fc9527dedb,gig_worker,tabddpm_synthetic,,['en'],ATO,2024-08-03T00:51:00+00:00,588.15,0.0,35,0,0,Monday,90,1,0,ATO,en,Bank debit card,0
99988205-b7d0-426d-bf77-a74d65f81487,synth_f8db5ecdecf6,gig_worker,tabddpm_synthetic,,['en'],ATO,2024-12-12T23:48:00+00:00,57.65,0.54,26,23,6,Sunday,2,1,2,ATO,en,Bank debit card,0
479808d9-559f-4442-a9c7-b801c4698a58,synth_396e5071c90b,gig_worker,tabddpm_synthetic,,['en'],ATO,2024-04-22T05:09:00+00:00,130.91,7.43,34,5,0,Monday,16,847,9,ATO,en,Bank debit card,0
85b9221c-abf6-485a-ba03-ccf79931b54d,synth_476673519ad3,gig_worker,tabddpm_synthetic,,['en'],ATO,2024-09-11T08:53:00+00:00,57.27,1.37,35,8,3,Thursday,71,1,0,ATO,en,Bank debit card,0
7b0d8f11-730f-4c1c-8b35-b8a894d8d62d,synth_a8ae47bebcd5,gig_worker,tabddpm_synthetic,,['en'],ATO,2024-01-23T11:18:00+00:00,1233.87,60.57,23,11,0,Monday,6,2000,9,ATO,en,Bank debit card,0
266ba997-b67e-4b43-a148-d9b0c35e5300,synth_a79bffd3e9cb,gig_worker,tabddpm_synthetic,,['en'],CashApp,2024-04-09T08:46:00+00:00,146.36,12.27,37,8,1,Tuesday,46,1,7,CashApp,en,Bank debit card,0
aa6504c7-0659-407b-89ae-efdacad0fc83,synth_e755d2f17415,gig_worker,tabddpm_synthetic,,['en'],ATO,2024-08-08T13:39:00+00:00,5.0,1.71,45,13,4,Friday,5,1564,7,ATO,en,Bank debit card,0
b5f8299d-8932-4ebb-88ae-bc29c4bb8325,synth_1bf95b80f69a,gig_worker,tabddpm_synthetic,,['en'],ATO,2024-03-04T23:37:00+00:00,6000.0,3000.0,45,23,0,Monday,90,1,100,ATO,en,Bank debit card,0
62c0bb50-796d-4150-9138-d88dc4e5dfb5,synth_2d8558a93bcb,gig_worker,tabddpm_synthetic,,['en'],ATO,2024-08-12T19:45:00+00:00,158.57,13.38,30,19,2,Wednesday,20,800,6,ATO,en,Bank debit card,0
9fb49364-9c39-4f84-ba8c-874dc50249c6,synth_132442d03d5f,gig_worker,tabddpm_synthetic,,['en'],ATO,2024-12-22T04:46:00+00:00,5.0,0.0,45,4,0,Monday,90,1,0,ATO,en,Bank debit card,0
888dab03-a0ab-40df-96bf-5fff34c45b70,synth_362d8d7dc83b,gig_worker,tabddpm_synthetic,,['en'],ATO,2024-09-16T23:54:00+00:00,109.41,18.46,36,23,6,Sunday,3,687,12,ATO,en,Bank debit card,0
5ce03fcc-84e3-42f0-8f23-3d96ddce16c1,synth_e10bdf5ea8ce,gig_worker,tabddpm_synthetic,,['en'],ATO,2024-07-21T11:39:00+00:00,5.0,0.35,32,11,0,Monday,6,1893,8,ATO,en,Bank debit card,0
7bfaa07f-fa2a-46ce-9651-f9abd61b8b65,synth_d3202bdb752b,gig_worker,tabddpm_synthetic,,['en'],ATO,2024-10-27T23:29:00+00:00,6000.0,3000.0,45,23,0,Monday,0,1,100,ATO,en,Bank debit card,1
78496de4-0759-4de0-be78-3d319eb0b16b,synth_a4a57d17071e,gig_worker,tabddpm_synthetic,,['en'],ATO,2024-03-03T09:25:00+00:00,118.19,3.12,41,9,5,Saturday,4,1565,3,ATO,en,Bank debit card,0
0970591d-fe36-4110-a9f8-6956e7af949e,synth_9774a134d531,gig_worker,tabddpm_synthetic,,['en'],ATO,2024-06-12T00:43:00+00:00,1072.99,0.0,45,0,0,Monday,90,1,0,ATO,en,Bank debit card,0
3d1d0255-f838-4a2f-828d-b12bb6f892e8,synth_e7f49db4930b,gig_worker,tabddpm_synthetic,,['en'],ATO,2024-09-06T06:52:00+00:00,61.18,0.0,45,6,6,Sunday,55,1,8,ATO,en,Bank debit card,0
d2f2cc8e-c438-4583-9576-233cc27e952f,synth_7cad74d8070e,gig_worker,tabddpm_synthetic,,['en'],ATO,2024-04-23T19:38:00+00:00,5.0,0.0,45,19,3,Thursday,6,2000,12,ATO,en,Bank debit card,1
50461fd9-3649-4b7e-a17c-bc7f62f32331,synth_4cdfdb3ac037,gig_worker,tabddpm_synthetic,,['en'],ATO,2024-05-28T17:11:00+00:00,280.5,0.03,22,17,1,Tuesday,73,1370,2,ATO,en,Bank debit card,0
247d9067-ccca-4191-af39-43ce24ab9795,synth_8211d8369a1d,gig_worker,tabddpm_synthetic,,['en'],ATO,2024-06-05T00:40:00+00:00,155.8,0.0,44,0,0,Monday,90,1,0,ATO,en,Bank debit card,0
668df79d-1b9d-480d-9caa-68c00a29387d,synth_ccfae01a30d5,gig_worker,tabddpm_synthetic,,['en'],ATO,2024-07-05T00:10:00+00:00,896.51,0.0,38,0,0,Monday,90,1,0,ATO,en,Bank debit card,0
e2d43ccc-8967-489d-930d-24a0055529f8,synth_80dcfc8ccd3d,gig_worker,tabddpm_synthetic,,['en'],ATO,2024-08-16T23:24:00+00:00,784.7,51.14,22,23,1,Tuesday,87,1,0,ATO,en,Bank debit card,0
f175d0f1-2db7-443b-a6be-242cceeb9fbf,synth_33e7add05a40,gig_worker,tabddpm_synthetic,,['en'],ATO,2024-06-24T23:36:00+00:00,1013.28,29.24,21,23,3,Thursday,60,1,0,ATO,en,Bank debit card,0
c7f46059-9ad2-4f69-9557-2e696a4b88b2,synth_67554260d5b9,gig_worker,tabddpm_synthetic,,['en'],ATO,2024-11-12T23:56:00+00:00,5.0,17.4,45,23,6,Sunday,0,1,100,ATO,en,Bank debit card,0
cf47630d-6fe2-4f85-8f1e-9f25ef565a92,synth_48cbd5371a6b,gig_worker,tabddpm_synthetic,,['en'],ATO,2024-03-30T07:04:00+00:00,298.95,17.38,41,7,0,Monday,48,1,1,ATO,en,Bank debit card,0
ffe17267-78cb-4bf1-bbc1-b41d5d5dbf17,synth_321b61f152c2,gig_worker,tabddpm_synthetic,,['en'],ATO,2024-10-13T23:04:00+00:00,6000.0,152.15,45,23,0,Monday,8,1,83,ATO,en,Bank debit card,1
bf7196e5-410f-4453-abf5-06e5902694fa,synth_69f34236fce7,gig_worker,tabddpm_synthetic,,['en'],ATO,2024-03-24T00:25:00+00:00,15.11,0.0,37,0,0,Monday,90,1,0,ATO,en,Bank debit card,0
31fcadd5-e429-479b-bdc1-ab762ee9640b,synth_fe5170d028f1,gig_worker,tabddpm_synthetic,,['en'],ATO,2024-05-06T00:12:00+00:00,199.08,0.0,45,0,0,Monday,90,1,0,ATO,en,Bank debit card,0
517878fb-a6d2-4534-8c35-8eb5b5d99293,synth_d644fbd98d3f,gig_worker,tabddpm_synthetic,,['en'],ATO,2024-06-05T08:15:00+00:00,52.86,12.47,18,8,3,Thursday,7,1170,2,ATO,en,Bank debit card,0
bef45bcb-304b-4cd9-b1cb-e45df68388fc,synth_e2a7aed175fe,gig_worker,tabddpm_synthetic,,['en'],ATO,2024-10-04T01:57:00+00:00,5.0,0.0,29,1,0,Monday,90,1,0,ATO,en,Bank debit card,0
b6a9a09d-9d7f-41e3-b6d8-83f1eb281884,synth_c419f30c33e3,gig_worker,tabddpm_synthetic,,['en'],ATO,2024-05-06T23:42:00+00:00,433.32,37.9,30,23,6,Sunday,19,1,0,ATO,en,Bank debit card,0
534e1b7c-9780-40de-ac23-55785da7efaf,synth_09b5df083a23,gig_worker,tabddpm_synthetic,,['en'],ATO,2024-08-23T15:14:00+00:00,84.8,4.55,34,15,0,Monday,22,894,6,ATO,en,Bank debit card,0
7b5202f7-b9b4-466e-a6d5-83dc412ec80b,synth_59b4dd2cc435,gig_worker,tabddpm_synthetic,,['en'],ATO,2024-04-23T06:27:00+00:00,70.48,19.57,45,6,1,Tuesday,79,1,0,ATO,en,Bank debit card,0
ecf0479c-7fb9-43be-baa3-4fa6873f9b9b,synth_caf97687654a,gig_worker,tabddpm_synthetic,,['en'],ATO,2024-08-12T17:10:00+00:00,183.12,13.64,29,17,6,Sunday,11,280,1,ATO,en,Bank debit card,0
07bdc231-f20f-4a77-a6f4-7324d843c368,synth_a8947998d2a3,gig_worker,tabddpm_synthetic,,['en'],ATO,2024-08-25T23:55:00+00:00,6000.0,3000.0,45,23,0,Monday,12,1,100,ATO,en,Bank debit card,1
01468634-3cc3-4a72-a066-c87cebca679c,synth_baebd2af7eb6,gig_worker,tabddpm_synthetic,,['en'],ATO,2024-03-18T17:35:00+00:00,58.5,7.48,30,17,5,Saturday,9,559,4,ATO,en,Bank debit card,0
959afca5-2c8d-4051-9d56-739b86a333bd,synth_029518f8f987,gig_worker,tabddpm_synthetic,,['en'],ATO,2024-08-14T23:43:00+00:00,145.11,17.73,27,23,5,Saturday,4,557,7,ATO,en,Bank debit card,0
18a1307c-4b4e-4c5c-a4c4-ae9bccfe0c78,synth_ff83f0ecfa06,gig_worker,tabddpm_synthetic,,['en'],ATO,2024-07-11T10:31:00+00:00,5.0,9.46,37,10,3,Thursday,21,1,0,ATO,en,Bank debit card,0
01370d6e-fd7e-4701-a4e6-1f4dfe988f89,synth_ab7ffd969716,gig_worker,tabddpm_synthetic,,['en'],ATO,2024-12-24T23:07:00+00:00,5.0,10.76,37,23,6,Sunday,0,1,27,ATO,en,Bank debit card,0
1b386752-6c82-4a69-86a1-5ab43248aefd,synth_c42e43891191,gig_worker,tabddpm_synthetic,,['en'],ATO,2024-03-24T23:41:00+00:00,5.0,3.32,45,23,6,Sunday,0,1,100,ATO,en,Bank debit card,1
fb24ac5b-d799-4b6b-bc31-3e7031a44e89,synth_19159da909d0,gig_worker,tabddpm_synthetic,,['en'],ATO,2024-08-05T22:27:00+00:00,73.38,0.0,45,22,5,Saturday,90,1,0,ATO,en,Bank debit card,0
c16bb67d-a143-4bfe-8ec1-8c365b9358e2,synth_3aac800dfa11,gig_worker,tabddpm_synthetic,,['en'],ATO,2024-08-08T06:14:00+00:00,186.02,8.72,26,6,6,Sunday,6,1187,8,ATO,en,Bank debit card,0
1adc395e-7a11-4b34-bdb9-6cbe994c4694,synth_af92859769ca,gig_worker,tabddpm_synthetic,,['en'],ATO,2024-01-22T07:42:00+00:00,954.41,31.18,23,7,0,Monday,7,712,4,ATO,en,Bank debit card,0
047f3db1-3277-455a-99b6-94dd983cb9a7,synth_d5e7f18e0e4c,gig_worker,tabddpm_synthetic,,['en'],ATO,2024-06-03T16:47:00+00:00,5.0,0.0,45,16,1,Tuesday,31,1,2,ATO,en,Bank debit card,0
cc499261-82bf-4f26-86ad-ecbc150b4d70,synth_23afd13e5e93,gig_worker,tabddpm_synthetic,,['en'],ATO,2024-02-21T12:41:00+00:00,66.0,12.8,22,12,3,Thursday,18,1500,4,ATO,en,Bank debit card,0
8b0be86b-95b1-4330-8022-d845e78b54a1,synth_d064663964d2,gig_worker,tabddpm_synthetic,,['en'],ATO,2024-04-07T18:32:00+00:00,132.91,24.04,45,18,0,Monday,23,1900,4,ATO,en,Bank debit card,0
9ae41d04-5312-438a-92bf-bea1f11524b9,synth_0ee3d4143ffe,gig_worker,tabddpm_synthetic,,['en'],ATO,2024-11-11T23:22:00+00:00,5.0,0.0,33,23,4,Friday,44,2000,14,ATO,en,Bank debit card,0
827d44c6-0ff3-4621-b7a8-fe6b52264833,synth_ffda7df3dbf3,gig_worker,tabddpm_synthetic,,['en'],ATO,2024-09-19T16:59:00+00:00,125.43,7.22,27,16,0,Monday,16,939,7,ATO,en,Bank debit card,0
0c9b1348-6706-43f7-8030-d4436d4d6b5f,synth_4056ceee228f,gig_worker,tabddpm_synthetic,,['en'],ATO,2024-11-28T00:36:00+00:00,414.4,0.0,45,0,0,Monday,90,1,0,ATO,en,Bank debit card,0
f489cf17-3eac-4e8f-8a89-34a30bd5d104,synth_19b16d337898,gig_worker,tabddpm_synthetic,,['en'],ATO,2024-12-04T00:39:00+00:00,303.75,0.0,43,0,0,Monday,90,1,0,ATO,en,Bank debit card,0
142b2beb-2433-4568-9f2f-afb2fdd5e6f0,synth_d693e51933e7,gig_worker,tabddpm_synthetic,,['en'],ATO,2024-07-28T23:32:00+00:00,469.97,22.38,38,23,6,Sunday,54,1,0,ATO,en,Bank debit card,0
9b0fe3b4-87ca-4540-b3bb-1ae09481607d,synth_b322f458901c,gig_worker,tabddpm_synthetic,,['en'],ATO,2024-09-12T23:52:00+00:00,6000.0,1463.11,45,23,0,Monday,0,1,85,ATO,en,Bank debit card,0
79a38055-f3f6-47ab-bc3e-714be9deac97,synth_e79913f03f0d,gig_worker,tabddpm_synthetic,,['en'],ATO,2024-08-24T09:39:00+00:00,136.03,9.97,18,9,4,Friday,7,1013,2,ATO,en,Bank debit card,0
ab5a27dc-d709-4d83-b564-8fd9170d7741,synth_4d48e8c0cc10,gig_worker,tabddpm_synthetic,,['en'],ATO,2024-12-26T11:10:00+00:00,5.0,0.0,45,11,3,Thursday,76,1,1,ATO,en,Bank debit card,0
16b9951b-1098-403a-80e3-aa6836176e85,synth_bbccd98ce8a2,gig_worker,tabddpm_synthetic,,['en'],ATO,2024-11-24T23:39:00+00:00,5.0,8.68,33,23,6,Sunday,0,1,100,ATO,en,Bank debit card,1
c2da2b33-a8fa-41d1-9ed6-0e8aa6d950f2,synth_f4f0bffa3322,gig_worker,tabddpm_synthetic,,['en'],ATO,2024-09-08T08:15:00+00:00,270.17,0.0,45,8,0,Monday,90,1,0,ATO,en,Bank debit card,0
072e7300-e9b2-4bc1-bfb0-0f036645cbfd,synth_3beb2d4b74f2,gig_worker,tabddpm_synthetic,,['en'],ATO,2024-10-17T10:41:00+00:00,31.46,9.83,39,10,0,Monday,52,1,0,ATO,en,Bank debit card,0
f05f899d-f566-45db-8de7-052a31347ace,synth_a449d0a25bba,gig_worker,tabddpm_synthetic,,['es'],ATO,2024-07-26T13:13:00+00:00,5.0,0.0,34,13,1,Tuesday,34,1112,10,ATO,es,Bank debit card,0
a336dcf2-baba-4f0c-9138-6ca5c0bac99b,synth_c1c058f94f99,gig_worker,tabddpm_synthetic,,['en'],ATO,2024-10-15T12:14:00+00:00,5.0,0.0,21,12,6,Sunday,25,1170,1,ATO,en,Bank debit card,0
3b873809-4293-4273-bbc6-40a81e6f7554,synth_f3b6b977f514,gig_worker,tabddpm_synthetic,,['en'],ATO,2024-10-22T11:37:00+00:00,117.96,12.3,31,11,4,Friday,3,1509,6,ATO,en,Bank debit card,0
fed32db5-bc47-4c91-b54a-7589c02f98d0,synth_28334433fc76,gig_worker,tabddpm_synthetic,,['en'],ATO,2024-02-11T00:56:00+00:00,508.48,0.0,45,0,0,Monday,90,1,0,ATO,en,Bank debit card,0
b7f73f30-32d6-428d-a47e-58668b8971c8,synth_0985595c4823,gig_worker,tabddpm_synthetic,,['en'],ATO,2024-07-21T23:21:00+00:00,5.0,0.0,32,23,6,Sunday,8,1,24,ATO,en,Bank debit card,0
5dc8b87f-96f8-468b-a852-74d11afc75b9,synth_3e3e6774e96c,gig_worker,tabddpm_synthetic,,['en'],ATO,2024-04-27T03:29:00+00:00,432.49,0.0,45,3,0,Monday,90,1,0,ATO,en,Bank debit card,0
1d250737-2025-452d-b9e1-538efb700ab7,synth_a0079ff40e22,gig_worker,tabddpm_synthetic,,['en'],ATO,2024-12-13T12:24:00+00:00,347.13,21.45,37,12,5,Saturday,9,2000,0,ATO,en,Bank debit card,0
9cd42a43-72a3-4f8c-81e1-202e5b249943,synth_ad6d1d9ca484,gig_worker,tabddpm_synthetic,,['en'],ATO,2024-06-19T12:20:00+00:00,103.25,10.46,35,12,1,Tuesday,7,820,13,ATO,en,Bank debit card,0
ed0453b7-5887-4c06-8409-5d8d6e1192a9,synth_e7b1740252e6,gig_worker,tabddpm_synthetic,,['en'],ATO,2024-09-22T23:33:00+00:00,6000.0,3000.0,45,23,0,Monday,90,2000,100,ATO,en,Bank debit card,0
bd08b11f-3c06-4f81-9459-0ff639519b3a,synth_42da08489d79,gig_worker,tabddpm_synthetic,,['en'],ATO,2024-11-03T23:51:00+00:00,6000.0,3000.0,45,23,0,Monday,48,2000,100,ATO,en,Bank debit card,0
689c2d89-3974-4ef8-940f-bb1493bc0ef7,synth_93de7bf321cf,gig_worker,tabddpm_synthetic,,['en'],ATO,2024-12-22T10:46:00+00:00,7.83,3.61,24,10,5,Saturday,35,1514,4,ATO,en,Bank debit card,0
77d18a9d-8673-4ee5-9621-ca88a1bcacab,synth_23913e8fad64,gig_worker,tabddpm_synthetic,,['en'],ATO,2024-09-11T13:52:00+00:00,508.37,16.02,39,13,0,Monday,66,1,2,ATO,en,Bank debit card,0
e700e014-c310-47b0-9095-4f230aeada76,synth_26be59eddcee,gig_worker,tabddpm_synthetic,,['en'],ATO,2024-03-24T00:11:00+00:00,745.66,29.11,19,0,0,Monday,82,1,24,ATO,en,Bank debit card,1
f4b45e23-6a75-41d0-91d7-77a87041a6ab,synth_dec292ff88ce,gig_worker,tabddpm_synthetic,,['en'],ATO,2024-06-10T09:16:00+00:00,260.4,23.24,34,9,0,Monday,12,1706,2,ATO,en,Bank debit card,0
3606c2f1-c551-4f3c-9aa8-1436e20e51ea,synth_77bea8c006bd,gig_worker,tabddpm_synthetic,,['en'],ATO,2024-12-14T23:29:00+00:00,6000.0,3000.0,45,23,0,Monday,0,2000,100,ATO,en,Bank debit card,0
3ddf0000-f459-4ab9-9647-bc2728da828e,synth_c371cf68fcaa,gig_worker,tabddpm_synthetic,,['en'],ATO,2024-11-27T17:52:00+00:00,166.82,8.48,45,17,3,Thursday,52,920,1,ATO,en,Bank debit card,0
2e4e90e2-b03c-4f48-b670-665d30c4f4d4,synth_9584d7c7fffe,gig_worker,tabddpm_synthetic,,['en'],ATO,2024-03-28T23:43:00+00:00,5.0,7.88,18,23,5,Saturday,0,1,6,ATO,en,Bank debit card,0
97c9e0e2-f692-4f96-9dfe-6bf5b5ff5081,synth_e59fba3eee30,gig_worker,tabddpm_synthetic,,['en'],ATO,2024-09-10T23:06:00+00:00,6000.0,3000.0,45,23,0,Monday,35,2000,100,ATO,en,Bank debit card,1
a0fe8e2b-2868-41ac-bd6a-014af9b9c276,synth_8d42c599b3ee,gig_worker,tabddpm_synthetic,,['en'],ATO,2024-11-10T23:06:00+00:00,6000.0,3000.0,45,23,0,Monday,90,2000,100,ATO,en,Bank debit card,0
4db85da2-d8bb-4f7f-82fa-e57480b5b9dd,synth_77ca74980980,gig_worker,tabddpm_synthetic,,['en'],CashApp,2024-11-21T13:44:00+00:00,509.31,22.52,21,13,0,Monday,0,1795,4,CashApp,en,Bank debit card,0
547043a1-62d2-4bd9-8fb8-d7f18b89f94f,synth_7b504503117a,gig_worker,tabddpm_synthetic,,['en'],ATO,2024-05-13T11:15:00+00:00,264.16,6.6,44,11,0,Monday,90,1,0,ATO,en,Bank debit card,0
fc6ac690-b648-4cad-be7e-ebf414bfe196,synth_19a3c7fb0691,gig_worker,tabddpm_synthetic,,['en'],ATO,2024-08-21T23:04:00+00:00,6000.0,3000.0,45,23,0,Monday,90,2000,100,ATO,en,Bank debit card,0
96f74175-ec99-440a-b871-2821fb2f5d59,synth_1ec6e55a9efc,gig_worker,tabddpm_synthetic,,['en'],ATO,2024-07-14T23:41:00+00:00,6000.0,451.12,45,23,0,Monday,56,1,49,ATO,en,Bank debit card,1
5aa95dbb-d292-4fd2-baf9-b0fe09608c53,synth_a024e6b4ebc7,gig_worker,tabddpm_synthetic,,['en'],ATO,2024-05-31T23:57:00+00:00,6000.0,3000.0,45,23,0,Monday,90,1,100,ATO,en,Bank debit card,0
269aba58-43f3-451b-9f5b-4cb8aa9e0d1d,synth_37a97f5ad47a,gig_worker,tabddpm_synthetic,,['en'],CashApp,2024-05-25T21:15:00+00:00,5.0,0.0,45,21,0,Monday,6,1301,4,CashApp,en,Bank debit card,0
6a314bc7-b037-4383-81e4-065049e9744e,synth_2ca5366902b4,gig_worker,tabddpm_synthetic,,['en'],ATO,2024-02-21T15:29:00+00:00,27.81,5.93,18,15,4,Friday,2,1169,5,ATO,en,Bank debit card,0
77ecb3f5-4ed5-43dc-bd6f-c5adeeb7a9e2,synth_6434641bebc9,gig_worker,tabddpm_synthetic,,['en'],ATO,2024-11-08T01:31:00+00:00,5.0,0.0,45,1,0,Monday,90,1,0,ATO,en,Bank debit card,0
74898eac-e2b9-4b57-8951-a718911ccf31,synth_2bb4dfcbfcfd,gig_worker,tabddpm_synthetic,,['en'],ATO,2024-12-04T13:06:00+00:00,217.48,16.31,35,13,3,Thursday,16,1256,7,ATO,en,Bank debit card,0
73ea290f-95da-472a-a472-9b8460b19aaf,synth_4d890fbf22b5,gig_worker,tabddpm_synthetic,,['en'],ATO,2024-07-13T16:14:00+00:00,756.94,27.23,35,16,2,Wednesday,14,1865,8,ATO,en,Bank debit card,0
309aa0c5-0575-4fbb-8304-4ac072aa91c9,synth_60152ecb2901,gig_worker,tabddpm_synthetic,,['en'],CashApp,2024-09-14T19:44:00+00:00,5.0,5.02,26,19,1,Tuesday,3,1689,8,CashApp,en,Bank debit card,0
7c449289-64c9-4eb8-907b-f98779a4b97f,synth_518f773260ee,gig_worker,tabddpm_synthetic,,['en'],ATO,2024-07-15T23:24:00+00:00,6000.0,3000.0,45,23,0,Monday,0,1,100,ATO,en,Bank debit card,0
cea31a69-a758-46dc-a418-b79d98c03e7d,synth_3c7325991d90,gig_worker,tabddpm_synthetic,,['en'],CashApp,2024-01-14T14:25:00+00:00,151.64,23.84,22,14,4,Friday,14,421,6,CashApp,en,Bank debit card,0
23edc095-eff6-4c7a-9634-97f5cb203f44,synth_2bb2dd36d9ed,gig_worker,tabddpm_synthetic,,['en'],ATO,2024-05-02T23:47:00+00:00,6000.0,3000.0,45,23,0,Monday,18,2000,100,ATO,en,Bank debit card,0
dbcbe5c7-9e0b-4ea1-8a28-081e14048918,synth_35affb7ad741,gig_worker,tabddpm_synthetic,,['en'],ATO,2024-01-05T00:20:00+00:00,411.67,0.0,45,0,0,Monday,90,1,0,ATO,en,Bank debit card,0
3431a47d-d3a7-4a12-8b23-2d620c070ed7,synth_66274339dfa8,gig_worker,tabddpm_synthetic,,['en'],ATO,2024-09-20T16:07:00+00:00,5.0,0.0,45,16,5,Saturday,15,1694,4,ATO,en,Bank debit card,0
0dca8833-57f2-48c6-9145-7bbdbc83bbd4,synth_c46405edb08c,gig_worker,tabddpm_synthetic,,['en'],ATO,2024-01-18T23:08:00+00:00,5.0,0.0,45,23,5,Saturday,58,1597,1,ATO,en,CashApp,0
b794ae1b-6080-4f90-bc60-6d8cad92394a,synth_e7ee1521297c,gig_worker,tabddpm_synthetic,,['en'],ATO,2024-09-01T01:11:00+00:00,5.0,0.0,45,1,0,Monday,90,1,0,ATO,en,Bank debit card,0
8c4799ce-221b-4b36-93e0-e0b8a96983e5,synth_cee349d7e0c0,gig_worker,tabddpm_synthetic,,['en'],ATO,2024-05-21T23:30:00+00:00,6000.0,3000.0,45,23,0,Monday,21,2000,100,ATO,en,Bank debit card,0
851856a4-8335-451f-a2d6-e126db41df42,synth_67c272758f1a,gig_worker,tabddpm_synthetic,,['en'],ATO,2024-06-25T05:05:00+00:00,210.76,15.1,37,5,0,Monday,10,868,10,ATO,en,Bank debit card,0
21184878-3c36-4056-afb5-499effb3fc11,synth_5adbe452ad7c,gig_worker,tabddpm_synthetic,,['en'],ATO,2024-03-23T00:26:00+00:00,426.35,0.0,45,0,0,Monday,90,1,0,ATO,en,Bank debit card,0
1d3ac60e-c854-4210-b380-b7299282ed8b,synth_663c35fd0b4b,gig_worker,tabddpm_synthetic,,['en'],ATO,2024-12-11T01:05:00+00:00,117.56,9.57,45,1,0,Monday,0,251,0,ATO,en,Bank debit card,0
8daf9561-4b22-4fd1-bd3e-5805e3fb02cf,synth_ec0bec7e4642,gig_worker,tabddpm_synthetic,,['en'],ATO,2024-03-21T23:26:00+00:00,6000.0,3000.0,45,23,0,Monday,10,2000,100,ATO,en,Bank debit card,0
8d8cb196-07f3-4a82-8e8a-0ac43f5cc4ed,synth_e45071a7599b,gig_worker,tabddpm_synthetic,,['en'],ATO,2024-12-05T14:03:00+00:00,5.0,0.0,33,14,5,Saturday,8,1521,7,ATO,en,Bank debit card,0
4c7ab001-409b-4b94-9c66-c2e977672814,synth_7184398b9494,gig_worker,tabddpm_synthetic,,['en'],ATO,2024-10-05T23:13:00+00:00,6000.0,3000.0,45,23,0,Monday,90,2000,100,ATO,en,Bank debit card,0
a02eed5b-5c7a-43d1-8fc2-4d9ccd1173a9,synth_82cc3dc62a40,gig_worker,tabddpm_synthetic,,['en'],CashApp,2024-03-10T08:28:00+00:00,157.16,16.04,39,8,0,Monday,78,1,7,CashApp,en,Bank debit card,0
23c4b610-00c1-488d-b36b-b5340d29af82,synth_f4be33195185,gig_worker,tabddpm_synthetic,,['en'],ATO,2024-01-17T23:06:00+00:00,1466.75,27.2,45,23,6,Sunday,2,1,100,ATO,en,Bank debit card,1
16dc9856-9eda-4a48-aa46-3bdeb1d6ee03,synth_3d1f16700df2,gig_worker,tabddpm_synthetic,,['en'],ATO,2024-03-15T09:17:00+00:00,823.71,25.19,27,9,2,Wednesday,0,1259,7,ATO,en,Bank debit card,0
83c337fe-e417-4aa6-a74a-8551a25a2931,synth_4d8f8877a0d9,gig_worker,tabddpm_synthetic,,['en'],ATO,2024-07-18T23:00:00+00:00,6000.0,3000.0,45,23,0,Monday,90,1,100,ATO,en,Bank debit card,0
ea87ba37-b41c-49db-b3c4-2b96ea25a8b1,synth_c5291e810e76,gig_worker,tabddpm_synthetic,,['en'],ATO,2024-06-12T10:21:00+00:00,193.41,5.28,45,10,4,Friday,46,1,0,ATO,en,Bank debit card,0
53325342-9e4b-4136-b935-f39493dd7914,synth_fb935bed5330,gig_worker,tabddpm_synthetic,,['en'],ATO,2024-10-18T05:30:00+00:00,39.03,0.0,45,5,0,Monday,90,1,0,ATO,en,Bank debit card,0
56bbf640-822a-41f5-b899-afee3a71118b,synth_f1b81799b0f0,gig_worker,tabddpm_synthetic,,['en'],ATO,2024-05-21T23:11:00+00:00,3706.83,127.91,45,23,0,Monday,26,1,43,ATO,en,Bank debit card,1
c7e2781c-2bd7-4d31-af8b-53374f231264,synth_a63ee18a4c9d,gig_worker,tabddpm_synthetic,,['en'],ATO,2024-03-03T23:59:00+00:00,6000.0,3000.0,45,23,6,Sunday,0,1,100,ATO,en,Bank debit card,1
41b11047-1046-46b4-9667-a02c5e6b1d8e,synth_1a9f563ae7ce,gig_worker,tabddpm_synthetic,,['en'],ATO,2024-01-05T00:10:00+00:00,277.12,0.0,45,0,0,Monday,90,1,0,ATO,en,Bank debit card,0
61a3075e-da23-44b3-8611-aadf1d7e7815,synth_1c8974f582d6,gig_worker,tabddpm_synthetic,,['en'],ATO,2024-10-22T06:18:00+00:00,233.7,7.03,21,6,5,Saturday,0,554,9,ATO,en,Bank debit card,0
bebc0f5e-e760-44e4-a314-745be4df3763,synth_20cfb992da3c,gig_worker,tabddpm_synthetic,,['en'],ATO,2024-05-02T23:00:00+00:00,6000.0,394.33,45,23,0,Monday,37,1,38,ATO,en,Bank debit card,0
a95d0159-6375-4d1e-beb1-37f970515288,synth_2c6041a10247,gig_worker,tabddpm_synthetic,,['en'],ATO,2024-12-12T10:01:00+00:00,6000.0,521.08,45,10,0,Monday,37,1,15,ATO,en,Bank debit card,0
e7e6c661-5f8e-494e-ba78-912f0da16136,synth_491120b5ad9e,gig_worker,tabddpm_synthetic,,['en'],ATO,2024-12-12T09:54:00+00:00,543.39,35.35,42,9,0,Monday,90,1,7,ATO,en,Bank debit card,0
cf9e2c31-696b-457c-87fa-dbcd022a074f,synth_f236277a088e,gig_worker,tabddpm_synthetic,,['en'],ATO,2024-06-07T12:04:00+00:00,104.37,11.76,29,12,0,Monday,4,1119,5,ATO,en,Bank debit card,0
286cfab3-d8fd-4f4c-a4bd-b107a10db553,synth_65c54fe8d795,gig_worker,tabddpm_synthetic,,['en'],CashApp,2024-01-26T12:48:00+00:00,5.0,5.54,45,12,3,Thursday,35,576,7,CashApp,en,Bank debit card,0
f3feae66-d6f1-4ca5-8f75-99140bfae03e,synth_319b75b179f5,gig_worker,tabddpm_synthetic,,['en'],ATO,2024-10-14T10:40:00+00:00,5.0,0.0,45,10,6,Sunday,90,1,0,ATO,en,Bank debit card,0
5b677b97-d809-493f-abec-76375ed0a77e,synth_991116963522,gig_worker,tabddpm_synthetic,,['en'],ATO,2024-04-27T23:55:00+00:00,6000.0,3000.0,45,23,0,Monday,0,2000,100,ATO,en,Bank debit card,0
99e5ac00-b123-4e41-8b5d-3d38023f6f21,synth_87e8fc6c5a8a,gig_worker,tabddpm_synthetic,,['en'],ATO,2024-11-12T14:13:00+00:00,331.8,13.32,23,14,0,Monday,2,1928,3,ATO,en,Bank debit card,0
058ab70e-53cb-4fc8-bcd6-1c1d095099a9,synth_6b27f3a33b15,gig_worker,tabddpm_synthetic,,['en'],ATO,2024-09-19T23:43:00+00:00,561.02,24.64,40,23,0,Monday,15,151,12,ATO,en,Bank debit card,0
77e0bfbd-7391-4979-a2c8-6805ac4cba2c,synth_0892bcfe17a6,gig_worker,tabddpm_synthetic,,['en'],ATO,2024-04-08T23:05:00+00:00,6000.0,3000.0,45,23,0,Monday,41,2000,100,ATO,en,Bank debit card,0
bbdcb0c4-23e9-4d38-a2d9-185aa3ff069d,synth_e3f93104d202,gig_worker,tabddpm_synthetic,,['en'],ATO,2024-12-13T06:07:00+00:00,5.0,11.77,39,6,0,Monday,21,1984,9,ATO,en,Bank debit card,0
fb86de27-db9c-4bc6-af3a-efd4518ce86b,synth_2e3bfad6457d,gig_worker,tabddpm_synthetic,,['en'],ATO,2024-02-07T04:15:00+00:00,8.69,4.76,18,4,2,Wednesday,7,240,2,ATO,en,Bank debit card,0
080378db-fedb-47a8-a46f-8c7061deba42,synth_da9c4a0649c9,gig_worker,tabddpm_synthetic,,['en'],CashApp,2024-03-02T16:48:00+00:00,17.4,5.36,41,16,6,Sunday,1,2000,4,CashApp,en,Bank debit card,0
92529b9e-4f74-4d39-981a-a6a5eaf84195,synth_c385748f4395,gig_worker,tabddpm_synthetic,,['en'],ATO,2024-10-12T10:03:00+00:00,104.12,8.38,36,10,0,Monday,20,1676,11,ATO,en,Bank debit card,0
d7cbe19d-1876-474d-b585-11afe2198b86,synth_3462a799fd28,gig_worker,tabddpm_synthetic,,['en'],ATO,2024-09-12T23:49:00+00:00,6000.0,658.55,45,23,6,Sunday,0,1,100,ATO,en,Bank debit card,0
db9ae49b-235c-4c1b-be9d-23831ca245b7,synth_2bb5cbbeda18,gig_worker,tabddpm_synthetic,,['en'],ATO,2024-01-22T09:25:00+00:00,77.71,0.14,35,9,3,Thursday,0,2000,9,ATO,en,Bank debit card,0
a5b820d9-fefc-4e96-aff5-28274ecfa444,synth_392f649f8a66,gig_worker,tabddpm_synthetic,,['en'],ATO,2024-01-12T10:00:00+00:00,5.0,0.0,41,10,5,Saturday,5,1517,0,ATO,en,Bank debit card,0
c9db6e0b-111a-441e-b51f-c916c4fbe5cb,synth_e47baa55b20d,gig_worker,tabddpm_synthetic,,['en'],ATO,2024-05-03T23:26:00+00:00,6000.0,3000.0,45,23,0,Monday,82,1,100,ATO,en,Bank debit card,0
c3802547-f668-4e20-8fe0-a7ced295b1cd,synth_c7d29f3bed62,gig_worker,tabddpm_synthetic,,['en'],ATO,2024-05-15T17:59:00+00:00,139.63,19.72,45,17,3,Thursday,16,1419,8,ATO,en,Bank debit card,0
1383af48-c519-4506-9f78-aee0db8685ec,synth_f3d7111756bb,gig_worker,tabddpm_synthetic,,['en'],ATO,2024-11-18T12:40:00+00:00,625.98,18.97,37,12,2,Wednesday,1,1336,1,ATO,en,Bank debit card,0
a4115d63-1814-470c-8f7e-06f0a7a95f6e,synth_d76afd59cd0f,gig_worker,tabddpm_synthetic,,['en'],ATO,2024-01-08T04:10:00+00:00,135.45,5.04,45,4,2,Wednesday,22,1,5,ATO,en,Bank debit card,0
c26dfd05-5db3-4b0b-8b7b-ae0de241b1e4,synth_03cb9bb7bf7c,gig_worker,tabddpm_synthetic,,['en'],ATO,2024-06-20T23:45:00+00:00,3190.1,186.82,28,23,0,Monday,10,2000,13,ATO,en,Bank debit card,0
fa90be7c-d865-4466-8d1d-2ca2875f81fa,synth_a03fb9790ec1,gig_worker,tabddpm_synthetic,,['en'],ATO,2024-07-31T06:00:00+00:00,388.02,15.19,36,6,0,Monday,90,1,0,ATO,en,Bank debit card,0
30a72ebb-b084-4cee-af60-0d770f13a726,synth_4670e17d3726,gig_worker,tabddpm_synthetic,,['en'],ATO,2024-01-25T15:38:00+00:00,354.68,4.99,32,15,0,Monday,1,421,5,ATO,en,Bank debit card,0
10ce2c14-752c-4bb7-93f8-e789c6175df8,synth_c5ef238d4ffb,gig_worker,tabddpm_synthetic,,['en'],ATO,2024-04-24T23:30:00+00:00,6000.0,3000.0,45,23,0,Monday,0,1,100,ATO,en,Bank debit card,0
5fb04bfa-3b69-423f-9e60-fc80e9d7f459,synth_0273e96657d1,gig_worker,tabddpm_synthetic,,['en'],ATO,2024-05-21T23:08:00+00:00,6000.0,3000.0,45,23,0,Monday,0,2000,100,ATO,en,Bank debit card,0
43014ed9-e7f3-4ee2-9129-d7243b7406d0,synth_68967cd11306,gig_worker,tabddpm_synthetic,,['en'],ATO,2024-07-28T09:29:00+00:00,316.95,9.0,31,9,0,Monday,90,1,6,ATO,en,Bank debit card,0
0be28cd4-6425-4d98-91b5-a3c352116c46,synth_e56036881979,gig_worker,tabddpm_synthetic,,['en'],ATO,2024-08-24T23:39:00+00:00,6000.0,3000.0,45,23,0,Monday,90,2000,100,ATO,en,Bank debit card,0
5513504d-e1df-45df-9241-4f8df9d60ba1,synth_4786f659ea2a,gig_worker,tabddpm_synthetic,,['en'],ATO,2024-11-17T23:07:00+00:00,5.0,0.0,45,23,6,Sunday,0,1,100,ATO,en,Bank debit card,1
d589997f-db37-49aa-86a3-ae80ee2a8f92,synth_8ff3c6d8893c,gig_worker,tabddpm_synthetic,,['en'],ATO,2024-11-20T11:50:00+00:00,5.0,0.0,45,11,1,Tuesday,12,1286,2,ATO,en,Bank debit card,0
784b4f45-93d5-47a2-ac99-bbb3b1a7fe0c,synth_c65f40bb0e99,gig_worker,tabddpm_synthetic,,['en'],ATO,2024-08-01T11:34:00+00:00,95.02,2.22,45,11,0,Monday,0,2000,8,ATO,en,Bank debit card,0
f421f7d5-39c3-4525-aa7c-5602a7870fa9,synth_874cc9ba7cfa,gig_worker,tabddpm_synthetic,,['en'],ATO,2024-08-21T23:09:00+00:00,5.0,0.0,45,23,6,Sunday,0,1,100,ATO,en,Bank debit card,1
16239c1f-88f6-492b-bb69-ed08147da0b1,synth_8406db97b525,gig_worker,tabddpm_synthetic,,['en'],ATO,2024-01-23T00:41:00+00:00,143.69,0.0,45,0,0,Monday,90,1,0,ATO,en,Bank debit card,0
c1b70e64-7c38-4d31-9c98-7566396b6c0a,synth_c3a26a237287,gig_worker,tabddpm_synthetic,,['en'],ATO,2024-05-05T23:27:00+00:00,6000.0,3000.0,45,23,0,Monday,90,2000,100,ATO,en,Bank debit card,1
627b9cfd-90c6-44ee-a4f5-e5d6082388eb,synth_1b68008ebd1f,gig_worker,tabddpm_synthetic,,['en'],ATO,2024-03-24T10:34:00+00:00,184.79,23.73,45,10,2,Wednesday,0,1,35,ATO,en,Bank debit card,1
a9492736-975c-4b06-bd18-4bdd2f0dd367,synth_580b8041bc7a,gig_worker,tabddpm_synthetic,,['en'],ATO,2024-07-07T23:04:00+00:00,5.0,0.0,45,23,6,Sunday,0,1,100,ATO,en,Bank debit card,1
03aafae5-278c-4fdb-99b9-f5f6aec749c6,synth_f0101edb6c04,gig_worker,tabddpm_synthetic,,['en'],ATO,2024-09-01T18:14:00+00:00,352.12,32.16,22,18,3,Thursday,2,165,14,ATO,en,Bank debit card,0
14cf8c2a-157d-4841-b23e-2ed5f9356169,synth_6af409fd2adb,gig_worker,tabddpm_synthetic,,['en'],ATO,2024-08-21T23:48:00+00:00,6000.0,912.76,45,23,0,Monday,0,1,51,ATO,en,Bank debit card,0
dcec2d81-90b1-4ee5-a967-974e3b44f9d1,synth_72dabe2c8575,gig_worker,tabddpm_synthetic,,['en'],ATO,2024-04-18T08:52:00+00:00,5.0,0.0,28,8,0,Monday,4,823,8,ATO,en,Bank debit card,0
c27b1190-62fd-494a-9612-13c7166442d1,synth_ec6961b28500,gig_worker,tabddpm_synthetic,,['en'],ATO,2024-09-30T00:23:00+00:00,73.52,12.05,43,0,3,Thursday,5,1371,6,ATO,en,Bank debit card,0
caaf6aa6-4a71-4de9-b607-a0b18ecab26b,synth_e77ce3f76852,gig_worker,tabddpm_synthetic,,['en'],ATO,2024-08-06T23:31:00+00:00,6000.0,3000.0,45,23,0,Monday,0,2000,100,ATO,en,Bank debit card,0
087a6807-8565-45af-b059-ad37efad6621,synth_5f447c1d4389,gig_worker,tabddpm_synthetic,,['en'],ATO,2024-09-03T19:02:00+00:00,17.28,5.17,18,19,4,Friday,2,1309,9,ATO,en,CashApp,0
597e98b7-e6ec-4a7e-8899-42b8617f0310,synth_db0e3758a27e,gig_worker,tabddpm_synthetic,,['en'],ATO,2024-12-09T16:57:00+00:00,326.64,7.92,20,16,4,Friday,60,766,3,ATO,en,Bank debit card,0
be829432-c5b6-4af5-a232-9988e897bd1d,synth_3c5bf3e99a57,gig_worker,tabddpm_synthetic,,['en'],ATO,2024-03-30T23:13:00+00:00,6000.0,3000.0,45,23,0,Monday,0,2000,100,ATO,en,Bank debit card,0
eeb5574c-ee25-47a5-8163-e1dbfc72b209,synth_dbe6c77a300d,gig_worker,tabddpm_synthetic,,['en'],ATO,2024-04-14T00:19:00+00:00,468.62,0.0,44,0,0,Monday,90,1,0,ATO,en,Bank debit card,0
3ce0cb85-f0d9-496e-87b5-f92c292681f9,synth_d2dd1dfea5f4,gig_worker,tabddpm_synthetic,,['en'],ATO,2024-11-08T10:09:00+00:00,468.1,36.98,33,10,5,Saturday,74,1,0,ATO,en,Bank debit card,0
9b09639b-bb6b-4063-8236-84b7d3882439,synth_58809ef492f1,gig_worker,tabddpm_synthetic,,['en'],ATO,2024-06-06T23:29:00+00:00,6000.0,3000.0,45,23,0,Monday,0,1,100,ATO,en,Bank debit card,1
a75e197b-b504-4898-b60d-0d946e7b1686,synth_e55d2cc84990,gig_worker,tabddpm_synthetic,,['en'],ATO,2024-08-19T22:26:00+00:00,1920.28,60.54,21,22,0,Monday,63,1,25,ATO,en,Bank debit card,1
e488e146-4fac-4bc9-97b6-d1822acd9258,synth_c97eb534023b,gig_worker,tabddpm_synthetic,,['en'],ATO,2024-06-15T00:51:00+00:00,320.17,0.0,44,0,0,Monday,90,1,0,ATO,en,Bank debit card,0
453a1b84-5314-41b5-822d-6c90be7ba9d9,synth_e0a748b0a76f,gig_worker,tabddpm_synthetic,,['en'],ATO,2024-03-10T23:10:00+00:00,6000.0,3000.0,45,23,0,Monday,26,1,100,ATO,en,Bank debit card,1
7ef098f4-c097-4013-ab46-5dfb07194e0f,synth_ce34c874da70,gig_worker,tabddpm_synthetic,,['en'],ATO,2024-02-08T07:16:00+00:00,186.88,11.8,41,7,5,Saturday,9,26,11,ATO,en,Bank debit card,0
77951864-d4e1-4241-b666-a5a4f5c84d77,synth_bedfbd66cfb0,gig_worker,tabddpm_synthetic,,['en'],ATO,2024-02-20T08:39:00+00:00,179.18,4.64,45,8,6,Sunday,3,1462,0,ATO,en,Bank debit card,0
abc3b13c-c1aa-4445-807e-729aa48244c3,synth_3deee04becea,gig_worker,tabddpm_synthetic,,['en'],ATO,2024-10-05T17:32:00+00:00,178.73,0.0,45,17,5,Saturday,90,1,0,ATO,en,Bank debit card,0
c34880ff-b765-48ff-98f1-6f5023a7ff91,synth_97a59fbe20c6,gig_worker,tabddpm_synthetic,,['en'],ATO,2024-09-01T23:07:00+00:00,220.22,66.51,18,23,6,Sunday,5,1,100,ATO,en,Bank debit card,0
5c9eca90-3585-4c06-8412-95b907f09b51,synth_4cccd213b08e,gig_worker,tabddpm_synthetic,,['en'],ATO,2024-04-11T00:44:00+00:00,154.95,0.0,45,0,0,Monday,90,1,0,ATO,en,Bank debit card,0
e9589568-6b13-4cc2-9965-000574139661,synth_c524e0c047c5,gig_worker,tabddpm_synthetic,,['en'],ATO,2024-11-08T23:23:00+00:00,6000.0,3000.0,45,23,0,Monday,0,1,100,ATO,en,Bank debit card,0
debb9670-efd7-4f4c-ab75-f12f6ad7ef56,synth_52b5069996fb,gig_worker,tabddpm_synthetic,,['en'],ATO,2024-06-05T09:55:00+00:00,276.22,17.2,35,9,1,Tuesday,2,1,11,ATO,en,Bank debit card,0
e1d32698-200b-4070-9c93-3a159e5559fe,synth_d2188a96e09e,gig_worker,tabddpm_synthetic,,['en'],ATO,2024-02-18T00:32:00+00:00,5.0,4.48,45,0,6,Sunday,0,1,34,ATO,en,Bank debit card,1
bbc0b64b-de11-4df1-aca6-ededfb1ad088,synth_9e4b11f9b407,gig_worker,tabddpm_synthetic,,['en'],ATO,2024-10-06T22:50:00+00:00,117.07,10.57,34,22,6,Sunday,0,436,9,ATO,en,Bank debit card,0
eddf7068-fe71-44f8-9866-b6627ec9e564,synth_81e4c0607948,gig_worker,tabddpm_synthetic,,['en'],ATO,2024-08-17T13:09:00+00:00,53.06,7.56,44,13,3,Thursday,7,496,11,ATO,en,Bank debit card,0
68e346d5-d087-4892-864f-796e25fe80fc,synth_7172de35be0c,gig_worker,tabddpm_synthetic,,['en'],ATO,2024-06-29T23:30:00+00:00,6000.0,3000.0,45,23,4,Friday,0,1,100,ATO,en,Bank debit card,0
bc01d72c-06b2-4d47-b78c-91f6a41def8e,synth_47778bb3d1ae,gig_worker,tabddpm_synthetic,,['en'],ATO,2024-09-23T03:19:00+00:00,5.0,0.0,45,3,2,Wednesday,20,1,0,ATO,en,Bank debit card,0
71ea89fc-7bb1-4b06-b364-a80ebb89d826,synth_075c1363ddab,gig_worker,tabddpm_synthetic,,['en'],ATO,2024-07-30T23:36:00+00:00,6000.0,3000.0,45,23,0,Monday,0,1,100,ATO,en,Bank debit card,0
3b426f6c-7913-46f1-9c97-754680a07a13,synth_bbf9b0576eaf,gig_worker,tabddpm_synthetic,,['en'],ATO,2024-02-03T11:52:00+00:00,5.0,0.0,43,11,6,Sunday,20,1245,2,ATO,en,Bank debit card,0
f5b8e9c1-37c8-4079-b10d-5c19b4fe1602,synth_0f2b67646913,gig_worker,tabddpm_synthetic,,['en'],ATO,2024-10-04T00:21:00+00:00,1912.2,48.44,34,0,0,Monday,7,1,6,ATO,en,Bank debit card,0
24c187b3-28fe-463c-9550-9285b4f18cc8,synth_a16bdd65408e,gig_worker,tabddpm_synthetic,,['en'],ATO,2024-11-18T13:48:00+00:00,5.0,0.0,45,13,3,Thursday,74,1,0,ATO,en,Bank debit card,0
01c26c65-6eb2-4806-a5cc-fb3a0353e780,synth_b240d6091e68,gig_worker,tabddpm_synthetic,,['en'],ATO,2024-03-01T15:57:00+00:00,540.02,0.5,32,15,3,Thursday,90,1,5,ATO,en,Bank debit card,0
19c83312-c4ba-44b9-9bbf-6e886f1ff96d,synth_49ee7087ea87,gig_worker,tabddpm_synthetic,,['en'],ATO,2024-06-07T23:25:00+00:00,1229.48,65.71,45,23,3,Thursday,9,1,70,ATO,en,Bank debit card,1
d354ae57-d940-4196-bbb2-25cc9926c98f,synth_c0295fbbee9d,gig_worker,tabddpm_synthetic,,['en'],ATO,2024-08-05T05:34:00+00:00,94.5,0.0,45,5,0,Monday,90,1,0,ATO,en,Bank debit card,0
5cdfc539-2e8b-4d39-b81c-bf1d6d746af7,synth_8bfcbfe07b93,gig_worker,tabddpm_synthetic,,['en'],ATO,2024-11-03T23:05:00+00:00,5.0,0.0,27,23,6,Sunday,0,1,58,ATO,en,Bank debit card,0
7328b213-ee60-4fa3-97d2-d1f4676c38ef,synth_d7031de133ab,gig_worker,tabddpm_synthetic,,['en'],ATO,2024-04-23T23:01:00+00:00,5.0,1.96,41,23,6,Sunday,0,1,20,ATO,en,Bank debit card,0
50ed8d37-f9e7-49a1-88b9-82ea0f311118,synth_bc6b91a71d8f,gig_worker,tabddpm_synthetic,,['en'],ATO,2024-11-17T11:41:00+00:00,412.58,49.28,19,11,2,Wednesday,1,787,6,ATO,en,Bank debit card,0
87db7a34-7b77-4db0-ac38-cb9185175ded,synth_ffcd4df53367,gig_worker,tabddpm_synthetic,,['en'],ATO,2024-01-09T05:43:00+00:00,5.0,0.0,43,5,0,Monday,90,1,7,ATO,en,Bank debit card,1
90e6e010-b1d4-4dde-95d2-d3ac4d220014,synth_0a77105e79de,gig_worker,tabddpm_synthetic,,['en'],ATO,2024-04-19T08:51:00+00:00,39.33,0.0,45,8,6,Sunday,6,1,0,ATO,en,Bank debit card,0
26b4805b-e0a6-47a7-ac7f-c7013fca7cbb,synth_60bf6cf7af74,gig_worker,tabddpm_synthetic,,['en'],ATO,2024-05-21T12:28:00+00:00,153.84,1.93,39,12,5,Saturday,2,1712,12,ATO,en,Bank debit card,0
ccaf6e6b-2102-449b-8e4d-7915d552b39e,synth_27806955f4d2,gig_worker,tabddpm_synthetic,,['en'],ATO,2024-03-30T23:31:00+00:00,6000.0,3000.0,45,23,0,Monday,16,2000,100,ATO,en,Bank debit card,0
8cdd3024-0d32-447a-b672-10c91438ac46,synth_ce6d4b4b48f6,gig_worker,tabddpm_synthetic,,['en'],ATO,2024-01-07T07:43:00+00:00,14.72,4.66,18,7,5,Saturday,16,911,8,ATO,en,Bank debit card,0
7d75e0e8-b656-4332-ae0d-a6fcaa0c7646,synth_e8cb662a81f2,gig_worker,tabddpm_synthetic,,['en'],ATO,2024-05-05T10:06:00+00:00,621.75,11.29,44,10,4,Friday,6,1441,3,ATO,en,Bank debit card,0
3a53bfbc-b630-4f94-9b8c-59e8276dbf21,synth_5a2c7b9dbf24,gig_worker,tabddpm_synthetic,,['en'],ATO,2024-02-05T23:37:00+00:00,363.36,36.92,23,23,6,Sunday,34,1,0,ATO,en,Bank debit card,0
580a2942-d97d-454d-b4e8-17491b50fcdc,synth_0fada5dc0d77,gig_worker,tabddpm_synthetic,,['en'],ATO,2024-02-16T20:42:00+00:00,440.05,10.34,36,20,2,Wednesday,72,1,0,ATO,en,Bank debit card,0
da8a846a-9583-48dc-a335-2cbeead64bc3,synth_76419089eb98,gig_worker,tabddpm_synthetic,,['en'],ATO,2024-04-29T10:01:00+00:00,489.83,0.0,45,10,0,Monday,90,1,0,ATO,en,Bank debit card,1
738b4a25-859e-41bb-81f7-638c4926a277,synth_c220305d1c70,gig_worker,tabddpm_synthetic,,['en'],ATO,2024-09-05T14:03:00+00:00,410.74,25.03,43,14,5,Saturday,56,1,1,ATO,en,Bank debit card,0
7fcbf0dd-b4ce-4fb2-ae27-3de94084061d,synth_dce4640ea744,gig_worker,tabddpm_synthetic,,['en'],ATO,2024-12-12T23:43:00+00:00,6000.0,3000.0,45,23,0,Monday,25,1,100,ATO,en,Bank debit card,0
441b100b-4b1b-4c2f-9a28-fc2d8605ce66,synth_be97dbce86b3,gig_worker,tabddpm_synthetic,,['en'],ATO,2024-07-05T20:09:00+00:00,5.0,0.0,45,20,5,Saturday,20,1409,5,ATO,en,Bank debit card,0
9b1da5c9-27d4-4320-a17f-9ecfe17c9c7a,synth_d325e9d3209d,gig_worker,tabddpm_synthetic,,['en'],ATO,2024-05-06T23:29:00+00:00,55.15,13.3,29,23,6,Sunday,18,726,6,ATO,en,Bank debit card,0
1f283d9c-5db0-4847-a431-afc977c545ed,synth_c93adc265369,gig_worker,tabddpm_synthetic,,['en'],ATO,2024-08-16T23:34:00+00:00,601.86,50.49,27,23,6,Sunday,36,1,0,ATO,en,Bank debit card,0
b44fb6e8-649f-4869-9618-e50b5a9d3a08,synth_b0e93bf20f46,gig_worker,tabddpm_synthetic,,['en'],ATO,2024-11-25T05:02:00+00:00,502.68,20.47,38,5,3,Thursday,90,1,2,ATO,en,Bank debit card,0
b9038c99-10c6-4591-abff-9ce9a053ebd6,synth_d72c6fba3e94,gig_worker,tabddpm_synthetic,,['en'],ATO,2024-01-28T23:17:00+00:00,5.0,9.61,26,23,6,Sunday,0,1,12,ATO,en,Bank debit card,0
7d2f1229-cc97-4ebb-baab-1fa31128db4b,synth_011d4d7f3134,gig_worker,tabddpm_synthetic,,['en'],ATO,2024-11-26T20:49:00+00:00,5.0,0.0,36,20,4,Friday,72,347,3,ATO,en,Bank debit card,0
14259622-a1ee-4fbb-ad6e-007d95c80801,synth_e9e17d0f6ea1,gig_worker,tabddpm_synthetic,,['en'],ATO,2024-09-09T23:53:00+00:00,6000.0,3000.0,45,23,0,Monday,90,1,100,ATO,en,Bank debit card,0
690469d5-1328-4522-a8b4-71228da29669,synth_5eeb58f84385,gig_worker,tabddpm_synthetic,,['en'],ATO,2024-07-05T23:39:00+00:00,46.75,13.89,35,23,5,Saturday,6,859,7,ATO,en,Bank debit card,0
03844910-db8a-4863-8eb1-099b609f0527,synth_d286235199ff,gig_worker,tabddpm_synthetic,,['en'],ATO,2024-09-12T19:26:00+00:00,251.39,4.98,45,19,1,Tuesday,90,1,0,ATO,en,Bank debit card,0
00457ec7-db0f-450d-817a-4ff0000f8bdc,synth_db688b3c36cc,gig_worker,tabddpm_synthetic,,['en'],ATO,2024-03-26T15:24:00+00:00,5.0,20.31,39,15,0,Monday,20,1710,6,ATO,en,Bank debit card,0
12fbe7d8-f37b-4d48-9a65-ba2414cb3dbc,synth_62aecbf72981,gig_worker,tabddpm_synthetic,,['en'],ATO,2024-08-11T23:49:00+00:00,6000.0,3000.0,45,23,0,Monday,18,2000,100,ATO,en,Bank debit card,0
c9abf41e-89d6-4aaf-981b-3b83056a9a6e,synth_6278027cfb49,gig_worker,tabddpm_synthetic,,['en'],ATO,2024-05-05T23:29:00+00:00,278.85,0.43,32,23,2,Wednesday,70,1473,2,ATO,en,Bank debit card,0
7151a7c8-41ce-4164-ba37-172579de258a,synth_a3f84d999927,gig_worker,tabddpm_synthetic,,['en'],ATO,2024-03-28T14:26:00+00:00,379.61,19.53,33,14,0,Monday,90,1,2,ATO,en,Bank debit card,0
b4a05afa-e95d-43c1-be77-abf9c84ef840,synth_ef1d3c2658f3,gig_worker,tabddpm_synthetic,,['en'],ATO,2024-02-09T08:01:00+00:00,104.94,18.94,26,8,0,Monday,5,1827,12,ATO,en,Bank debit card,0
fe722aa0-a814-44ae-9a6d-d5ecd8227a0e,synth_03b1d9b2639c,gig_worker,tabddpm_synthetic,,['en'],CashApp,2024-12-09T12:53:00+00:00,685.27,20.32,27,12,5,Saturday,9,1044,7,CashApp,en,Bank debit card,0
17b31308-fb77-47de-9ea3-45a1ea7f5c95,synth_b3affdb1316c,gig_worker,tabddpm_synthetic,,['en'],ATO,2024-10-06T00:12:00+00:00,6000.0,796.79,45,0,0,Monday,0,2000,27,ATO,en,Bank debit card,0
5205bab4-b9e6-40b8-8fec-ac14bea40e60,synth_a9d273318614,gig_worker,tabddpm_synthetic,,['en'],ATO,2024-01-14T13:03:00+00:00,5.0,0.28,45,13,6,Sunday,17,431,0,ATO,en,Bank debit card,0
f817c17d-b767-42c9-b4eb-7f704633afa2,synth_f341b87e1da4,gig_worker,tabddpm_synthetic,,['en'],ATO,2024-10-04T10:52:00+00:00,109.09,8.06,34,10,5,Saturday,6,178,11,ATO,en,Bank debit card,0
242b2bec-356f-4926-b3e3-04e3a26d0075,synth_ea1cf994d59e,gig_worker,tabddpm_synthetic,,['en'],ATO,2024-02-14T10:07:00+00:00,30.15,0.0,33,10,0,Monday,0,2000,4,ATO,en,Bank debit card,0
79a85d7f-8666-496b-ada3-c596f573ca06,synth_26964880f78a,gig_worker,tabddpm_synthetic,,['en'],ATO,2024-07-24T23:11:00+00:00,6000.0,3000.0,45,23,0,Monday,90,2000,100,ATO,en,Bank debit card,0
b24fbb1d-dfb3-4712-99f4-4161e3e3b00f,synth_9be6d4f94970,gig_worker,tabddpm_synthetic,,['en'],ATO,2024-09-03T11:46:00+00:00,9.22,0.66,45,11,2,Wednesday,9,2000,11,ATO,en,Bank debit card,0
5704e595-a6ca-40f3-b9c6-bc5ba2dba465,synth_69aa92b4ea0c,gig_worker,tabddpm_synthetic,,['en'],ATO,2024-11-24T20:25:00+00:00,93.17,16.94,32,20,5,Saturday,55,1,0,ATO,en,Bank debit card,0
f70f8950-2a71-4e41-930b-c9a3569ed58e,synth_5a46cf05e0ef,gig_worker,tabddpm_synthetic,,['en'],CashApp,2024-01-04T09:41:00+00:00,5.0,2.73,18,9,3,Thursday,11,1224,7,CashApp,en,Bank debit card,0
d4083f2b-e3ee-49cb-b20c-913ec97331b4,synth_0e499fc149a4,gig_worker,tabddpm_synthetic,,['en'],ATO,2024-05-18T19:47:00+00:00,5.0,0.0,35,19,2,Wednesday,25,1173,3,ATO,en,Bank debit card,0
507c04ba-1875-403d-a512-09eae148c215,synth_ba3c616f81ec,gig_worker,tabddpm_synthetic,,['en'],ATO,2024-11-17T11:17:00+00:00,185.85,0.0,41,11,0,Monday,90,1,1,ATO,en,Bank debit card,0
3dc66013-7499-42c8-acf8-cac63ef818ea,synth_1e4289e1881f,gig_worker,tabddpm_synthetic,,['en'],ATO,2024-10-04T11:43:00+00:00,502.96,18.97,34,11,2,Wednesday,11,1,6,ATO,en,Bank debit card,0
fd64b5f5-3f64-4d3e-a4c6-851291dcd7fa,synth_643dab09a990,gig_worker,tabddpm_synthetic,,['en'],ATO,2024-04-14T08:20:00+00:00,149.28,13.8,23,8,2,Wednesday,0,1299,8,ATO,en,Bank debit card,0
d4fcf33b-a61c-4943-a195-ba9bab4362eb,synth_d759a19ad4e0,gig_worker,tabddpm_synthetic,,['en'],ATO,2024-06-15T10:57:00+00:00,5.0,0.32,41,10,3,Thursday,46,1,0,ATO,en,Bank debit card,0
4add2f19-f945-4d9d-bde4-4c05d5b64618,synth_5319d422f2ce,gig_worker,tabddpm_synthetic,,['es'],ATO,2024-07-05T03:00:00+00:00,5.0,0.86,44,3,0,Monday,19,722,7,ATO,es,Bank debit card,0
0ef3961d-3adc-4a70-b4de-8becb785953f,synth_6d9cf204a654,gig_worker,tabddpm_synthetic,,['en'],ATO,2024-02-07T03:44:00+00:00,221.77,0.0,45,3,0,Monday,90,1,0,ATO,en,Bank debit card,0
4b418dca-d901-4342-a4d1-c63666f0635d,synth_59f481e1563f,gig_worker,tabddpm_synthetic,,['en'],ATO,2024-11-23T00:06:00+00:00,87.32,0.0,37,0,0,Monday,90,1,0,ATO,en,Bank debit card,0
b781f20d-b454-4bdd-b7ca-0cd4d7323015,synth_ffa30fe76fd3,gig_worker,tabddpm_synthetic,,['en'],ATO,2024-09-10T23:10:00+00:00,809.97,26.93,23,23,0,Monday,90,1,0,ATO,en,Bank debit card,0
899b1d84-4d5b-4bc0-8b3c-ecc13e45571f,synth_dd9c505f8013,gig_worker,tabddpm_synthetic,,['en'],ATO,2024-02-06T23:38:00+00:00,5.0,15.26,22,23,6,Sunday,0,1,0,ATO,en,Bank debit card,0
10544efc-abc8-442c-8a0a-2e7ef9e30e1c,synth_9a53e0643be3,gig_worker,tabddpm_synthetic,,['en'],ATO,2024-03-16T23:34:00+00:00,6000.0,3000.0,45,23,0,Monday,90,2000,100,ATO,en,Bank debit card,0
3148e7b6-8988-417a-b4fb-7bb9c997dfbf,synth_f21a22f46a32,gig_worker,tabddpm_synthetic,,['en'],ATO,2024-01-17T23:13:00+00:00,6000.0,3000.0,45,23,0,Monday,0,2000,100,ATO,en,Bank debit card,0
b7b0a5c8-e6fa-4ffd-84c5-bc08caa48616,synth_9e58d61924ea,gig_worker,tabddpm_synthetic,,['en'],ATO,2024-04-05T23:29:00+00:00,6000.0,3000.0,45,23,0,Monday,15,1869,100,ATO,en,Bank debit card,0
7887ae82-125a-4842-9732-8902cdfc5dfb,synth_81e6778c8ca4,gig_worker,tabddpm_synthetic,,['en'],ATO,2024-08-22T23:45:00+00:00,6000.0,3000.0,45,23,0,Monday,90,2000,100,ATO,en,Bank debit card,0
5be50416-6ff6-4c0e-a611-28655ad6f596,synth_a09f64385c8a,gig_worker,tabddpm_synthetic,,['en'],ATO,2024-12-19T00:55:00+00:00,418.73,0.0,45,0,0,Monday,90,1,0,ATO,en,Bank debit card,0
6c78ed30-65d4-4db0-a19c-cfab2d9b4be7,synth_c56643f8e550,gig_worker,tabddpm_synthetic,,['en'],ATO,2024-08-27T12:53:00+00:00,346.12,10.26,36,12,0,Monday,90,1,0,ATO,en,Bank debit card,0
255c2688-4f1e-44b3-a35c-6ee970fc4914,synth_901d0f9b496d,gig_worker,tabddpm_synthetic,,['en'],ATO,2024-09-04T23:12:00+00:00,5.0,0.0,45,23,6,Sunday,0,1,100,ATO,en,Bank debit card,1
81570f46-e3b2-4caf-afd0-727784484b63,synth_8aaf6bd3746b,gig_worker,tabddpm_synthetic,,['en'],ATO,2024-08-13T04:52:00+00:00,19.71,4.6,41,4,0,Monday,3,1825,8,ATO,en,Bank debit card,0
124a52e5-9256-41dc-a93e-ed40140f7ed6,synth_f3da036a685b,gig_worker,tabddpm_synthetic,,['en'],ATO,2024-02-04T00:08:00+00:00,289.44,0.0,36,0,0,Monday,90,1,0,ATO,en,Bank debit card,0
fa5c5261-ebdb-44a2-9c75-0e20d9f2f3eb,synth_b6aba0bd24c2,gig_worker,tabddpm_synthetic,,['en'],ATO,2024-04-11T00:52:00+00:00,624.53,0.0,33,0,0,Monday,90,1,0,ATO,en,Bank debit card,0
fd39c0fa-e1fa-4f80-abea-6e200486e6dd,synth_33ed8eec15b4,gig_worker,tabddpm_synthetic,,['en'],ATO,2024-11-02T09:56:00+00:00,64.94,3.93,23,9,1,Tuesday,18,512,3,ATO,en,Bank debit card,0
5a27a88b-d6a4-4829-9374-e11b7f5ca458,synth_9d8ad91d27e2,gig_worker,tabddpm_synthetic,,['en'],ATO,2024-02-26T23:27:00+00:00,5.0,0.0,45,23,6,Sunday,0,1,100,ATO,en,Bank debit card,1
031b3615-313d-4491-bcf7-7fc8fc27e9e1,synth_d9b5b82d433b,gig_worker,tabddpm_synthetic,,['en'],ATO,2024-09-25T14:05:00+00:00,68.83,0.0,40,14,0,Monday,90,1,0,ATO,en,Bank debit card,0
0c6f0b05-de69-4921-a3f7-8f2a830cf629,synth_0e43db22129f,gig_worker,tabddpm_synthetic,,['en'],ATO,2024-10-06T08:31:00+00:00,5.0,0.91,25,8,1,Tuesday,10,1603,3,ATO,en,CashApp,0
c04c1549-807e-4e37-8969-ef926780965f,synth_d320251e53ae,gig_worker,tabddpm_synthetic,,['en'],ATO,2024-08-29T23:53:00+00:00,6000.0,3000.0,45,23,0,Monday,90,2000,100,ATO,en,Bank debit card,0
281f055e-b2d7-4fa1-bf8c-613b96555802,synth_3dd7436631ee,gig_worker,tabddpm_synthetic,,['en'],ATO,2024-09-16T23:57:00+00:00,6000.0,3000.0,45,23,0,Monday,90,1,100,ATO,en,Bank debit card,0
4600f941-6ad7-4337-a56e-2e959e364da9,synth_8666174fc131,gig_worker,tabddpm_synthetic,,['en'],ATO,2024-06-01T08:31:00+00:00,84.89,3.27,41,8,0,Monday,90,1,1,ATO,en,Bank debit card,0
9a129c29-0e44-4afe-a395-48fe95dc9f6b,synth_19b397c91077,gig_worker,tabddpm_synthetic,,['en'],ATO,2024-08-08T23:26:00+00:00,6000.0,3000.0,45,23,0,Monday,90,2000,100,ATO,en,Bank debit card,0
9cb16b70-f72f-470f-abed-3f85eee6f157,synth_5944baf2c244,gig_worker,tabddpm_synthetic,,['en'],ATO,2024-09-09T11:25:00+00:00,30.29,5.63,45,11,6,Sunday,12,1177,0,ATO,en,Bank debit card,0
db26d626-4574-41f3-a30c-ec230bce2243,synth_ccbbaf30616c,gig_worker,tabddpm_synthetic,,['en'],ATO,2024-04-17T13:51:00+00:00,5.0,9.44,27,13,0,Monday,6,942,4,ATO,en,Bank debit card,0
4415c6ca-c2aa-42f7-bbae-bed5d5141a3b,synth_0da26a1a0664,gig_worker,tabddpm_synthetic,,['en'],ATO,2024-01-27T04:45:00+00:00,250.18,7.2,35,4,4,Friday,12,938,5,ATO,en,CashApp,0
64ba65de-b607-4475-934f-b774d92b95a6,synth_b430f28d6654,gig_worker,tabddpm_synthetic,,['en'],ATO,2024-11-15T00:52:00+00:00,1001.22,0.0,41,0,0,Monday,90,1,0,ATO,en,Bank debit card,0
38098481-5c20-41fb-a59b-9df695ea88a3,synth_f1c6cb626cde,gig_worker,tabddpm_synthetic,,['en'],ATO,2024-08-09T03:47:00+00:00,5.0,0.84,45,3,6,Sunday,8,1020,7,ATO,en,Bank debit card,0
22ebd08b-948c-4ea7-b815-40fb527bbf58,synth_bb0bb8f616eb,gig_worker,tabddpm_synthetic,,['en'],ATO,2024-05-14T11:42:00+00:00,123.34,17.75,29,11,5,Saturday,2,517,8,ATO,en,Bank debit card,0
fa55d810-dd9c-40b6-add8-a8fa10485804,synth_25e9feec03b6,gig_worker,tabddpm_synthetic,,['en'],ATO,2024-10-05T21:47:00+00:00,5.0,1.96,44,21,6,Sunday,66,934,0,ATO,en,Bank debit card,0
ed6a20cc-e9dc-4727-9695-49ee5bd7fffe,synth_708c9476510d,gig_worker,tabddpm_synthetic,,['en'],ATO,2024-12-26T10:26:00+00:00,191.58,11.02,45,10,1,Tuesday,2,1141,9,ATO,en,Bank debit card,0
b1e63e88-4429-485d-a96b-6b71b05d3688,synth_a7bc51b354c2,gig_worker,tabddpm_synthetic,,['en'],ATO,2024-12-29T14:30:00+00:00,124.39,6.31,29,14,4,Friday,6,931,5,ATO,en,Bank debit card,0
ee248ba9-d363-4da0-80c6-6d07c14243fc,synth_caa5cad3170b,gig_worker,tabddpm_synthetic,,['en'],ATO,2024-02-13T23:07:00+00:00,6000.0,3000.0,45,23,0,Monday,0,2000,100,ATO,en,Bank debit card,0
1c4fe2d9-efe0-4ad8-94c8-2ba5d5c20f5b,synth_5a21911f95fa,gig_worker,tabddpm_synthetic,,['en'],ATO,2024-12-06T00:39:00+00:00,1101.21,0.0,45,0,0,Monday,90,1,0,ATO,en,Bank debit card,0
419fdcfe-0310-45bf-a75e-07aafb008b6b,synth_c82be04e1f92,gig_worker,tabddpm_synthetic,,['en'],ATO,2024-09-21T23:29:00+00:00,6000.0,3000.0,45,23,0,Monday,90,2000,100,ATO,en,Bank debit card,0
f91b892f-a24c-4a43-a833-15c97fba4d62,synth_3077b5764204,gig_worker,tabddpm_synthetic,,['en'],ATO,2024-02-22T23:47:00+00:00,6000.0,3000.0,45,23,0,Monday,24,2000,100,ATO,en,Bank debit card,0
88cad990-a74e-49df-a6b8-4a76b7f5f693,synth_71caeed5389b,gig_worker,tabddpm_synthetic,,['en'],ATO,2024-04-28T00:03:00+00:00,741.0,31.33,39,0,0,Monday,90,1,0,ATO,en,Bank debit card,0
7c295019-db98-4578-847e-6d166d05925c,synth_837c134eeb5d,gig_worker,tabddpm_synthetic,,['en'],ATO,2024-02-27T23:31:00+00:00,6000.0,3000.0,45,23,0,Monday,7,2000,100,ATO,en,Bank debit card,0
e31118db-ba84-40d3-83af-6bfc085858d5,synth_b37228375e65,gig_worker,tabddpm_synthetic,,['en'],ATO,2024-09-11T17:01:00+00:00,30.65,1.18,33,17,0,Monday,39,323,0,ATO,en,Bank debit card,0
94af2c1d-c61c-4c64-b0c6-6aca5ca9cf68,synth_9af254f24659,gig_worker,tabddpm_synthetic,,['en'],ATO,2024-02-20T06:37:00+00:00,151.36,0.0,44,6,0,Monday,90,1,0,ATO,en,Bank debit card,0
711eb34a-7b11-4e21-9dfa-343aeeae4489,synth_38c0173dd68f,gig_worker,tabddpm_synthetic,,['en'],CashApp,2024-06-08T13:28:00+00:00,5.0,2.49,38,13,0,Monday,25,1,1,CashApp,en,Bank debit card,0
c4dd1bb3-b29e-4b11-afb8-d6a7be6f9e56,synth_156abaf4fe28,gig_worker,tabddpm_synthetic,,['en'],ATO,2024-01-16T23:56:00+00:00,6000.0,3000.0,45,23,0,Monday,31,2000,100,ATO,en,Bank debit card,0
cfa781b5-7b26-48dd-9748-f8d21164d628,synth_68bbfe5ce78d,gig_worker,tabddpm_synthetic,,['en'],ATO,2024-06-18T23:42:00+00:00,6000.0,3000.0,45,23,6,Sunday,0,1,100,ATO,en,Bank debit card,0
af71a75c-1971-4e0b-b143-7f27d48c83ed,synth_365d28c80382,gig_worker,tabddpm_synthetic,,['en'],ATO,2024-08-16T10:02:00+00:00,26.82,0.0,26,10,0,Monday,90,1,5,ATO,en,Bank debit card,0
26b99d8d-7324-4348-b522-bde3552d87cd,synth_5db812e5f298,gig_worker,tabddpm_synthetic,,['en'],ATO,2024-12-19T10:50:00+00:00,5.0,0.25,30,10,6,Sunday,3,1617,7,ATO,en,Bank debit card,0
048051fe-f796-44a4-9249-0108b5fee016,synth_1133867fc27d,gig_worker,tabddpm_synthetic,,['en'],ATO,2024-07-15T03:47:00+00:00,20.2,0.0,45,3,0,Monday,90,1,0,ATO,en,Bank debit card,0
71aa6a08-5691-4a57-ad05-5b3006c49a18,synth_432e6de448e9,gig_worker,tabddpm_synthetic,,['en'],ATO,2024-05-23T23:22:00+00:00,6000.0,236.6,30,23,6,Sunday,33,691,12,ATO,en,Bank debit card,0
15e150d7-631d-4944-930e-d30212a6acc4,synth_6a5e991ac382,gig_worker,tabddpm_synthetic,,['en'],ATO,2024-04-23T11:14:00+00:00,285.2,3.4,40,11,1,Tuesday,90,1,8,ATO,en,Bank debit card,0
88367250-4dc6-4940-a707-d2e6254b4bdb,synth_3e5da6ca3bcc,gig_worker,tabddpm_synthetic,,['en'],ATO,2024-03-29T23:28:00+00:00,391.33,26.21,40,23,2,Wednesday,42,1,0,ATO,en,Bank debit card,0
746a2ef5-b117-44c8-8cd6-8589444d6f09,synth_72e29940b403,gig_worker,tabddpm_synthetic,,['en'],CashApp,2024-03-12T18:48:00+00:00,5.0,5.43,37,18,2,Wednesday,16,1961,11,CashApp,en,Bank debit card,0
61e3035d-8e12-49df-9748-89668cbe57a1,synth_d7929e649e81,gig_worker,tabddpm_synthetic,,['en'],ATO,2024-03-22T23:29:00+00:00,6000.0,902.26,45,23,3,Thursday,0,1,60,ATO,en,Bank debit card,0
4e35f84b-58e1-415b-9ea2-f2b8e1e590ae,synth_6eef1fea10ac,gig_worker,tabddpm_synthetic,,['en'],ATO,2024-02-27T16:01:00+00:00,5.0,4.14,35,16,4,Friday,13,1060,4,ATO,en,Bank debit card,0
9c8abcf7-e985-42a3-85be-0fea8fc89c31,synth_35c1522628c4,gig_worker,tabddpm_synthetic,,['en'],ATO,2024-02-21T23:52:00+00:00,6000.0,3000.0,45,23,0,Monday,14,1,100,ATO,en,Bank debit card,0
aa1bc01f-981a-4db6-a8d2-d99bbb945297,synth_0c8f6967c1cd,gig_worker,tabddpm_synthetic,,['en'],ATO,2024-09-12T07:40:00+00:00,278.03,0.0,45,7,0,Monday,90,1,0,ATO,en,Bank debit card,0
bce38d72-b48e-40da-98e4-c59526968214,synth_bb9b3f742d7c,gig_worker,tabddpm_synthetic,,['en'],ATO,2024-04-03T00:08:00+00:00,158.24,0.0,30,0,0,Monday,0,1,37,ATO,en,Bank debit card,1
015ccf62-7bd9-4757-bcb2-98bfcd765124,synth_bf45c8656237,gig_worker,tabddpm_synthetic,,['en'],ATO,2024-12-22T16:16:00+00:00,100.25,17.05,34,16,2,Wednesday,10,228,6,ATO,en,Bank debit card,0
e2cfe355-d8f6-4b42-80b0-7d7fa6055532,synth_9f1d86cf79b1,gig_worker,tabddpm_synthetic,,['en'],ATO,2024-09-06T16:20:00+00:00,167.15,3.23,29,16,6,Sunday,90,328,0,ATO,en,Bank debit card,0
c5f49ae9-00a5-4ec3-a82c-be4b69935b2a,synth_32236d939876,gig_worker,tabddpm_synthetic,,['en'],ATO,2024-04-05T08:07:00+00:00,402.17,23.67,24,8,0,Monday,48,127,8,ATO,en,Bank debit card,0
97999ef5-7ac3-4298-bebe-f460dd24d819,synth_095b8bd61673,gig_worker,tabddpm_synthetic,,['en'],ATO,2024-12-24T07:40:00+00:00,5.0,0.0,31,7,0,Monday,1,1772,5,ATO,en,Bank debit card,0
fb78ea7d-d312-4356-a842-21c13f26846c,synth_18a0c8e59abd,gig_worker,tabddpm_synthetic,,['en'],ATO,2024-09-04T10:54:00+00:00,5.0,0.0,41,10,2,Wednesday,39,232,0,ATO,en,Bank debit card,0
09a037ec-f81b-4c13-bb22-6486ac33b8c3,synth_1239f6c8fc8c,gig_worker,tabddpm_synthetic,,['en'],ATO,2024-05-31T11:21:00+00:00,22.48,4.56,30,11,0,Monday,5,1,4,ATO,en,Bank debit card,0
5565f42b-6d55-4d09-b922-6a316dff8444,synth_ff59cc8bd613,gig_worker,tabddpm_synthetic,,['en'],ATO,2024-02-08T23:26:00+00:00,6000.0,3000.0,45,23,0,Monday,90,1,100,ATO,en,Bank debit card,0
28bf52dd-03a5-47ae-91a2-7e74c05f1ae2,synth_230ffaa4e749,gig_worker,tabddpm_synthetic,,['en'],ATO,2024-07-05T22:07:00+00:00,1666.44,55.48,30,22,0,Monday,40,1,5,ATO,en,Bank debit card,0
7214f798-d4f2-4066-88a3-2f0b19dfe4cb,synth_fbbcd119d716,gig_worker,tabddpm_synthetic,,['en'],ATO,2024-11-10T00:54:00+00:00,592.97,0.0,45,0,0,Monday,90,1,0,ATO,en,Bank debit card,0
ab474569-b21b-4852-aeda-aff6a42c3d5f,synth_1cd038f490a6,gig_worker,tabddpm_synthetic,,['en'],ATO,2024-03-20T00:57:00+00:00,219.26,0.0,45,0,0,Monday,90,1,0,ATO,en,Bank debit card,0
c18e468c-2a0f-4161-b7e6-8980d28083e0,synth_b69dcb4a514d,gig_worker,tabddpm_synthetic,,['en'],ATO,2024-04-16T10:11:00+00:00,16.55,0.0,45,10,1,Tuesday,90,1,0,ATO,en,Bank debit card,0
0b5600d1-4b3e-471e-b858-e48a362553b2,synth_033cc8ce820b,gig_worker,tabddpm_synthetic,,['en'],ATO,2024-03-18T23:56:00+00:00,6000.0,1927.1,45,23,0,Monday,34,824,56,ATO,en,Bank debit card,0
f2bf323e-b32a-42ce-8e95-2566a209a229,synth_79f434e3d011,gig_worker,tabddpm_synthetic,,['en'],ATO,2024-10-30T03:51:00+00:00,86.78,0.0,45,3,0,Monday,90,1,0,ATO,en,Bank debit card,0
8abecbba-953d-487b-a13b-499814c63d89,synth_90f87f2aca37,gig_worker,tabddpm_synthetic,,['en'],ATO,2024-08-12T13:24:00+00:00,42.03,1.62,29,13,5,Saturday,4,269,3,ATO,en,Bank debit card,0
01448953-cf61-4f71-8428-373a29ce8635,synth_f9e22eac57c8,gig_worker,tabddpm_synthetic,,['en'],ATO,2024-02-12T23:11:00+00:00,5.0,7.86,41,23,6,Sunday,0,1,75,ATO,en,Bank debit card,1
202c9fdf-4223-49e6-9f2e-fea070ca3127,synth_2d68e3023704,gig_worker,tabddpm_synthetic,,['en'],ATO,2024-10-19T08:35:00+00:00,555.85,0.0,25,8,0,Monday,90,1,0,ATO,en,Bank debit card,0
8f31c8e7-f329-4a8c-b3c7-3c9ba0514439,synth_1b6fd0afe3c1,gig_worker,tabddpm_synthetic,,['en'],ATO,2024-06-16T13:53:00+00:00,133.04,7.15,21,13,1,Tuesday,17,1301,12,ATO,en,Bank debit card,0
2b28ab10-b085-4429-a858-c599c11653ca,synth_c3647d279d35,gig_worker,tabddpm_synthetic,,['en'],ATO,2024-10-14T07:06:00+00:00,287.41,5.44,28,7,0,Monday,90,1,5,ATO,en,Bank debit card,0
39bc71a5-6582-4481-907f-ce75097d3e10,synth_35916b8c18b7,gig_worker,tabddpm_synthetic,,['en'],ATO,2024-08-29T08:38:00+00:00,5.0,0.0,24,8,3,Thursday,13,2000,8,ATO,en,Bank debit card,0
f3e43c03-a69c-4cf7-b662-f6b679c28c04,synth_d9936d17bc31,gig_worker,tabddpm_synthetic,,['en'],ATO,2024-08-13T23:49:00+00:00,6000.0,3000.0,45,23,0,Monday,0,2000,100,ATO,en,Bank debit card,1
3a21fc55-e443-4079-837c-0979117c0c35,synth_0e3940a5b1c6,gig_worker,tabddpm_synthetic,,['en'],ATO,2024-06-28T23:44:00+00:00,6000.0,3000.0,45,23,0,Monday,61,1130,100,ATO,en,Bank debit card,0
e86788f7-dff9-497d-bfae-1868fbeb74c9,synth_dbdf3422d1c3,gig_worker,tabddpm_synthetic,,['en'],ATO,2024-11-14T16:51:00+00:00,205.84,0.03,37,16,3,Thursday,8,311,0,ATO,en,Bank debit card,0
531e319d-4e10-47fe-ba96-07081698523a,synth_26dac2db7e05,gig_worker,tabddpm_synthetic,,['en'],ATO,2024-09-30T09:50:00+00:00,42.91,0.0,45,9,6,Sunday,2,1271,5,ATO,en,Bank debit card,0
92d1bb82-b053-4657-9c7b-146202fd585e,synth_0f156c083e37,gig_worker,tabddpm_synthetic,,['en'],ATO,2024-01-21T12:37:00+00:00,947.66,77.0,22,12,6,Sunday,0,1147,7,ATO,en,Bank debit card,0
f80b9ccd-7c6c-4cc7-b5a8-41cf52f1bf56,synth_8862233a8059,gig_worker,tabddpm_synthetic,,['en'],ATO,2024-05-14T23:58:00+00:00,6000.0,3000.0,45,23,0,Monday,44,2000,100,ATO,en,Bank debit card,0
682e528b-45ac-4561-959f-3536f6ed25e3,synth_3d9f42ac6cb7,gig_worker,tabddpm_synthetic,,['en'],ATO,2024-04-27T13:30:00+00:00,184.57,24.75,25,13,0,Monday,9,771,4,ATO,en,Bank debit card,0
1fc8045b-317c-4f10-88d7-6156bf2211ed,synth_5e78eadf6341,gig_worker,tabddpm_synthetic,,['en'],ATO,2024-12-19T23:45:00+00:00,104.12,2.64,45,23,1,Tuesday,60,327,10,ATO,en,Bank debit card,0
d45b1087-c230-465a-9e84-4424e03469cd,synth_b281586eb17a,gig_worker,tabddpm_synthetic,,['en'],ATO,2024-08-26T09:46:00+00:00,5.0,0.0,41,9,0,Monday,20,459,1,ATO,en,Bank debit card,0
1223eea3-8092-4bdb-931d-c235c6ce7c6c,synth_0cf2b77451a7,gig_worker,tabddpm_synthetic,,['en'],ATO,2024-03-27T00:56:00+00:00,600.82,0.0,45,0,0,Monday,90,1,0,ATO,en,Bank debit card,0
b2565192-ab26-410e-b363-5e06f4c55fe8,synth_02afddec5887,gig_worker,tabddpm_synthetic,,['en'],ATO,2024-10-04T21:43:00+00:00,257.31,0.14,41,21,2,Wednesday,90,1,1,ATO,en,Bank debit card,0
5d202d79-7de8-45e6-b610-33a27ddebc77,synth_3f8cad0b2226,gig_worker,tabddpm_synthetic,,['en'],ATO,2024-08-23T12:17:00+00:00,213.41,6.78,43,12,4,Friday,12,624,3,ATO,en,Bank debit card,0
91fe4cd8-377f-4af6-825e-a39bd5729ec5,synth_c04f30f764d8,gig_worker,tabddpm_synthetic,,['en'],CashApp,2024-12-18T10:48:00+00:00,19.91,0.0,18,10,2,Wednesday,11,1868,11,CashApp,en,Bank debit card,0
773b283c-0900-451c-835c-78c745235d9b,synth_f17c9f84fa90,gig_worker,tabddpm_synthetic,,['en'],ATO,2024-03-30T23:35:00+00:00,245.99,0.0,43,23,1,Tuesday,90,863,0,ATO,en,Bank debit card,0
4694fea3-65ff-424c-8da3-39946be37314,synth_d418f9cd61f4,gig_worker,tabddpm_synthetic,,['en'],ATO,2024-08-06T00:49:00+00:00,423.91,0.0,45,0,0,Monday,90,1,0,ATO,en,Bank debit card,0
daacd47b-a5ef-42ea-9c6d-96e93e56d1d0,synth_9f7219620f53,gig_worker,tabddpm_synthetic,,['en'],ATO,2024-10-17T23:31:00+00:00,6000.0,3000.0,45,23,0,Monday,5,2000,100,ATO,en,Bank debit card,0
29e52bf9-2402-480b-8cd8-93727e5e3a06,synth_e9edab67159a,gig_worker,tabddpm_synthetic,,['en'],ATO,2024-05-03T23:54:00+00:00,1033.79,29.81,35,23,0,Monday,90,1,0,ATO,en,Bank debit card,1
cf490838-dfb5-4d17-9aba-45c016633336,synth_f667ed230fd7,gig_worker,tabddpm_synthetic,,['en'],ATO,2024-11-01T23:04:00+00:00,3459.88,67.13,45,23,0,Monday,0,1,51,ATO,en,Bank debit card,1
f56b79d0-34c4-44c1-abc3-c7f7f3dc6afc,synth_c27d64458e70,gig_worker,tabddpm_synthetic,,['en'],ATO,2024-05-04T10:50:00+00:00,216.14,11.7,45,10,6,Sunday,2,1994,10,ATO,en,Bank debit card,0
4754f5eb-468d-4b10-b671-7e8653be402e,synth_06484279cb27,gig_worker,tabddpm_synthetic,,['en'],CashApp,2024-04-30T08:50:00+00:00,5.0,2.81,43,8,0,Monday,12,684,7,CashApp,en,Bank debit card,0
e18a3794-90db-4e41-b0bc-4982bd430dfd,synth_f3cfbd8bb34e,gig_worker,tabddpm_synthetic,,['en'],ATO,2024-11-10T03:34:00+00:00,659.47,17.66,45,3,0,Monday,90,1,11,ATO,en,Bank debit card,1
bb99e273-f2c7-4ae7-a7a8-a608a49532ec,synth_2102eef2ea89,gig_worker,tabddpm_synthetic,,['en'],ATO,2024-02-21T03:29:00+00:00,78.45,1.08,45,3,4,Friday,63,1,0,ATO,en,Bank debit card,0
ab726fe7-3e4a-4847-8d54-d3ec0a049e3a,synth_b0b4adf5be31,gig_worker,tabddpm_synthetic,,['en'],ATO,2024-06-25T12:06:00+00:00,67.69,8.96,36,12,1,Tuesday,3,1319,14,ATO,en,Bank debit card,0
6e03bba1-4ccb-4d6e-8fbb-cd4d19d1949e,synth_0d32e7be1fb3,gig_worker,tabddpm_synthetic,,['en'],ATO,2024-09-25T13:19:00+00:00,5.0,3.48,38,13,0,Monday,15,1050,7,ATO,en,Bank debit card,0
04968b88-9247-48bc-a7ed-9bfcb8d9e88c,synth_88f3448d8a88,gig_worker,tabddpm_synthetic,,['en'],ATO,2024-08-18T00:31:00+00:00,53.58,0.0,45,0,0,Monday,90,1,0,ATO,en,Bank debit card,0
b4068547-988d-4144-b716-5e2dc7984c94,synth_d9655f86371d,gig_worker,tabddpm_synthetic,,['en'],ATO,2024-03-20T23:54:00+00:00,6000.0,3000.0,45,23,0,Monday,90,2000,100,ATO,en,Bank debit card,0
6bb2c6dc-a359-439b-a0cd-57bddff99ecf,synth_2a9e0dd89447,gig_worker,tabddpm_synthetic,,['en'],ATO,2024-08-06T18:11:00+00:00,1053.8,43.96,23,18,2,Wednesday,8,737,6,ATO,en,Bank debit card,0
6498203f-d151-43a4-b6c8-8816e1c82a3d,synth_b83851d3c520,gig_worker,tabddpm_synthetic,,['en'],ATO,2024-04-21T23:11:00+00:00,6000.0,3000.0,45,23,0,Monday,36,2000,100,ATO,en,Bank debit card,1
0b2cadef-1665-4d33-b435-160bc12d7e4a,synth_2d570d462ac0,gig_worker,tabddpm_synthetic,,['en'],ATO,2024-01-03T23:50:00+00:00,6000.0,3000.0,45,23,0,Monday,0,2000,100,ATO,en,Bank debit card,0
2e845ac3-baf0-4f48-b05b-ab66ba43f613,synth_b2cc4e8ce727,gig_worker,tabddpm_synthetic,,['en'],ATO,2024-05-24T00:31:00+00:00,965.69,0.0,43,0,0,Monday,90,1,0,ATO,en,Bank debit card,0
aee2aa5d-a007-4847-8ddb-6e32fd6f34cd,synth_98342f8911fe,gig_worker,tabddpm_synthetic,,['en'],ATO,2024-09-11T23:46:00+00:00,495.37,24.06,33,23,1,Tuesday,80,1,1,ATO,en,Bank debit card,0
51a403e3-ed9d-48f0-823c-5dda3bd8f53e,synth_c454c754045a,gig_worker,tabddpm_synthetic,,['en'],ATO,2024-06-28T12:36:00+00:00,2291.52,75.9,45,12,1,Tuesday,1,818,10,ATO,en,CashApp,0
c8d7a3b4-a6a9-4f02-9098-80b74cea7277,synth_7aa999403517,gig_worker,tabddpm_synthetic,,['en'],ATO,2024-02-22T17:47:00+00:00,428.09,35.01,42,17,1,Tuesday,23,1,0,ATO,en,Bank debit card,0
51b26674-254a-449f-9c4f-f906d1283c94,synth_7bf5f3d98ad9,gig_worker,tabddpm_synthetic,,['en'],ATO,2024-04-23T07:03:00+00:00,5.0,0.0,45,7,4,Friday,90,1,0,ATO,en,Bank debit card,0
99db2d98-ab86-4192-8154-f8fd8069d79a,synth_17a84119ae4e,gig_worker,tabddpm_synthetic,,['en'],ATO,2024-01-07T23:51:00+00:00,6000.0,3000.0,45,23,0,Monday,5,2000,100,ATO,en,Bank debit card,0
1b9493ff-00c9-45a2-b29f-e41781da51a3,synth_a53949d472d6,gig_worker,tabddpm_synthetic,,['en'],ATO,2024-02-11T10:24:00+00:00,226.09,4.13,27,10,6,Sunday,67,1,2,ATO,en,Bank debit card,0
e4e5090f-6aa4-4043-b0bf-0235a8210a14,synth_4f3e27d64851,gig_worker,tabddpm_synthetic,,['en'],ATO,2024-12-01T23:33:00+00:00,567.54,33.92,45,23,0,Monday,40,489,32,ATO,en,Bank debit card,0
1ea2941f-1b3e-4cb1-95ee-5c430b3d2cf5,synth_8188936d721a,gig_worker,tabddpm_synthetic,,['en'],ATO,2024-10-16T23:56:00+00:00,6000.0,3000.0,45,23,0,Monday,90,2000,100,ATO,en,Bank debit card,0
0908ef6e-70ef-4d25-92c6-c87d35234195,synth_74bd7f42e489,gig_worker,tabddpm_synthetic,,['en'],ATO,2024-12-20T23:32:00+00:00,6000.0,3000.0,45,23,0,Monday,83,2000,100,ATO,en,Bank debit card,0
28284247-05cc-4228-84b7-c3a6848c9ee7,synth_41d364f0e02d,gig_worker,tabddpm_synthetic,,['en'],ATO,2024-08-10T00:05:00+00:00,855.61,0.0,45,0,0,Monday,90,1,0,ATO,en,Bank debit card,0
825f6274-93a1-4b8b-8c07-cf73e3626fd0,synth_e37c054553a6,gig_worker,tabddpm_synthetic,,['en'],ATO,2024-12-05T23:32:00+00:00,6000.0,3000.0,45,23,0,Monday,90,85,100,ATO,en,Bank debit card,0
5266ff11-9b86-4d8e-afb0-1f32ff0bb1f2,synth_35d8ed4ea307,gig_worker,tabddpm_synthetic,,['es'],ATO,2024-02-28T14:54:00+00:00,54.79,1.16,31,14,1,Tuesday,23,860,5,ATO,es,Bank debit card,0
0ddac5f4-458e-4b73-aa59-647c27326d46,synth_185c29b4a1c3,gig_worker,tabddpm_synthetic,,['en'],CashApp,2024-05-13T17:39:00+00:00,35.26,9.38,29,17,5,Saturday,30,631,10,CashApp,en,Bank debit card,0
f1f4c42e-b05a-4956-b404-4d69ccfd746a,synth_7f94e8a939cf,gig_worker,tabddpm_synthetic,,['en'],ATO,2024-08-12T23:33:00+00:00,6000.0,3000.0,45,23,0,Monday,34,2000,100,ATO,en,Bank debit card,0
6f70e9fb-396f-4f2e-90b9-896c102918d5,synth_9ab9c6c39b09,gig_worker,tabddpm_synthetic,,['en'],ATO,2024-01-03T09:32:00+00:00,1188.95,48.22,18,9,0,Monday,0,76,7,ATO,en,Bank debit card,0
5163b3f1-b3ed-4645-8469-25696f81b5da,synth_fb0d644241b0,gig_worker,tabddpm_synthetic,,['en'],ATO,2024-09-21T15:04:00+00:00,5.0,7.39,34,15,5,Saturday,1,1400,5,ATO,en,Bank debit card,0
d1aec10a-17cf-4741-82f2-efba87b5bc89,synth_0b1d16338485,gig_worker,tabddpm_synthetic,,['en'],ATO,2024-07-19T03:58:00+00:00,411.51,0.0,39,3,0,Monday,90,1,0,ATO,en,Bank debit card,0
67a84781-f0fd-405d-b37a-a38607a50e1d,synth_32ba7af0f329,gig_worker,tabddpm_synthetic,,['en'],ATO,2024-10-10T23:43:00+00:00,6000.0,3000.0,45,23,0,Monday,41,2000,100,ATO,en,Bank debit card,0
f360cf60-6cf8-486f-9425-fc287e770095,synth_1993b46e5d18,gig_worker,tabddpm_synthetic,,['en'],ATO,2024-05-11T23:22:00+00:00,6000.0,882.72,45,23,0,Monday,37,221,34,ATO,en,Bank debit card,0
2ba14547-dba4-4d8e-916b-856148e5c76a,synth_e9105852c1ac,gig_worker,tabddpm_synthetic,,['en'],ATO,2024-02-06T00:48:00+00:00,18.02,9.75,45,0,3,Thursday,7,1,3,ATO,en,Bank debit card,0
3c38ce04-971a-4d46-8dce-f0b0ef474c73,synth_d15c29c7ec24,gig_worker,tabddpm_synthetic,,['en'],ATO,2024-03-01T23:57:00+00:00,6000.0,3000.0,45,23,0,Monday,90,2000,100,ATO,en,Bank debit card,0
9ce87640-3842-41ad-9678-1a03f1d53cec,synth_ef5aa5da6a3c,gig_worker,tabddpm_synthetic,,['en'],ATO,2024-01-28T07:52:00+00:00,348.26,17.18,44,7,0,Monday,2,1826,8,ATO,en,Bank debit card,0
554d91d2-5157-4975-ac30-8e21bead4b80,synth_b6661e73500e,gig_worker,tabddpm_synthetic,,['en'],ATO,2024-10-17T03:06:00+00:00,165.67,0.0,45,3,0,Monday,90,1,0,ATO,en,Bank debit card,0
772f523b-d1af-4b87-bed3-1ae294699b94,synth_d0ed85c5756a,gig_worker,tabddpm_synthetic,,['en'],ATO,2024-02-14T23:13:00+00:00,6000.0,3000.0,45,23,0,Monday,90,2000,100,ATO,en,Bank debit card,0
a989dc0d-0f96-4265-a68f-26eb37710dc3,synth_403a59259d74,gig_worker,tabddpm_synthetic,,['en'],ATO,2024-01-25T00:53:00+00:00,214.16,0.0,45,0,0,Monday,90,1,0,ATO,en,Bank debit card,0
17d0a1c2-2671-45b7-a0d7-d04dd251a250,synth_38d8a257be22,gig_worker,tabddpm_synthetic,,['en'],CashApp,2024-06-28T09:42:00+00:00,108.1,10.62,38,9,0,Monday,3,913,2,CashApp,en,Bank debit card,0
2d856f31-46be-4a3a-bcf0-05fa4b4bc41e,synth_c1b96fba2165,gig_worker,tabddpm_synthetic,,['en'],ATO,2024-09-20T23:06:00+00:00,5.0,2.39,21,23,5,Saturday,0,1698,10,ATO,en,Bank debit card,0
b3a4325c-1205-4d5a-aa54-88aa0fe6db58,synth_b9cc0a0e589f,gig_worker,tabddpm_synthetic,,['en'],ATO,2024-10-11T23:16:00+00:00,6000.0,3000.0,45,23,0,Monday,90,2000,100,ATO,en,Bank debit card,0
22f8cf8d-9ee2-4ed3-882e-015e6b8c7d0e,synth_fa284751281a,gig_worker,tabddpm_synthetic,,['en'],ATO,2024-01-12T19:55:00+00:00,56.4,24.33,40,19,2,Wednesday,30,2000,0,ATO,en,Bank debit card,0
5c4e0e92-6b0d-4004-a00d-4bd3bce5bdfa,synth_c303effbdc5f,gig_worker,tabddpm_synthetic,,['en'],ATO,2024-04-29T23:18:00+00:00,5.0,0.0,45,23,6,Sunday,0,1,100,ATO,en,Bank debit card,1
aba67bd7-3ad8-4f18-919c-16eeec249fdc,synth_07673a32f607,gig_worker,tabddpm_synthetic,,['en'],ATO,2024-11-16T00:59:00+00:00,380.77,0.0,45,0,0,Monday,90,1,0,ATO,en,Bank debit card,0
c8df263e-27c6-40dd-bddd-59a6b1038b45,synth_e30e0e9a89c9,gig_worker,tabddpm_synthetic,,['en'],ATO,2024-01-11T00:04:00+00:00,191.83,0.0,45,0,0,Monday,90,1,0,ATO,en,Bank debit card,0
75db7a11-3d4e-469f-a94c-6add2954dcdf,synth_7ec432b546e0,gig_worker,tabddpm_synthetic,,['en'],ATO,2024-04-07T23:03:00+00:00,5.0,0.0,45,23,6,Sunday,0,1,100,ATO,en,Bank debit card,1
910ebcee-1960-4e73-ad0a-7ea81b459382,synth_0e76d222010e,gig_worker,tabddpm_synthetic,,['en'],ATO,2024-10-01T03:39:00+00:00,190.0,0.0,45,3,0,Monday,90,1,0,ATO,en,Bank debit card,0
9042969c-ebc1-4f8b-8fe2-cbc9411f4860,synth_5690aa22b299,gig_worker,tabddpm_synthetic,,['en'],CashApp,2024-11-12T09:02:00+00:00,29.23,2.64,42,9,2,Wednesday,6,1371,10,CashApp,en,Bank debit card,0
cac5ebfc-74eb-4c0d-9207-fe2ba040a201,synth_75be6592d2bd,gig_worker,tabddpm_synthetic,,['en'],ATO,2024-05-03T09:37:00+00:00,284.23,18.17,40,9,0,Monday,90,1,2,ATO,en,Bank debit card,0
7b2212c5-3db3-4231-b6c0-e9f38d9a9a7c,synth_6d0e295d9802,gig_worker,tabddpm_synthetic,,['en'],ATO,2024-06-19T10:47:00+00:00,5.06,1.78,38,10,4,Friday,1,546,13,ATO,en,Bank debit card,0
408fe80d-2aa2-4974-95bc-88aa474ae6bb,synth_39abb7634cbb,gig_worker,tabddpm_synthetic,,['en'],ATO,2024-07-24T00:30:00+00:00,392.33,0.0,45,0,0,Monday,90,1,0,ATO,en,Bank debit card,0
b7502039-b634-4fd9-9866-95c553a3bed1,synth_502094a7b16c,gig_worker,tabddpm_synthetic,,['en'],ATO,2024-03-28T17:51:00+00:00,245.65,11.76,41,17,4,Friday,64,1,7,ATO,en,Bank debit card,0
0d9e3454-4ae0-4045-92d7-87862f6e3a12,synth_a8aab7eac8b1,gig_worker,tabddpm_synthetic,,['en'],ATO,2024-01-17T22:16:00+00:00,2818.48,115.81,23,22,2,Wednesday,12,1,11,ATO,en,Bank debit card,0
d98bc56c-33e3-488b-8dd1-104e1c106ddb,synth_589fcc4a5a7c,gig_worker,tabddpm_synthetic,,['en'],ATO,2024-01-09T23:41:00+00:00,6000.0,3000.0,45,23,6,Sunday,0,1,100,ATO,en,Bank debit card,1
a9fc04bf-17c5-4d67-a2ac-7a2d75693bb0,synth_e7bbd6c18ff5,gig_worker,tabddpm_synthetic,,['en'],ATO,2024-05-21T23:51:00+00:00,6000.0,3000.0,45,23,0,Monday,0,1,100,ATO,en,Bank debit card,0
e12945d6-26f4-4f91-add0-21039d6e06f4,synth_2ebb72d1da42,gig_worker,tabddpm_synthetic,,['en'],ATO,2024-03-20T00:44:00+00:00,372.0,0.0,45,0,0,Monday,90,1,0,ATO,en,Bank debit card,0
9c80224b-3abc-45d2-b254-70d6df496313,synth_43f6ec830726,gig_worker,tabddpm_synthetic,,['en'],ATO,2024-08-31T23:25:00+00:00,6000.0,3000.0,45,23,0,Monday,14,1,100,ATO,en,Bank debit card,0
017d30f5-88d1-41c7-b568-057e820bea09,synth_529d42e56bad,gig_worker,tabddpm_synthetic,,['en'],ATO,2024-07-10T18:42:00+00:00,42.71,5.37,28,18,4,Friday,24,1,7,ATO,en,Bank debit card,0
f957a416-4a06-4b30-aaea-f2af374d436a,synth_b9037d54ce17,gig_worker,tabddpm_synthetic,,['en'],ATO,2024-05-10T23:13:00+00:00,6000.0,3000.0,45,23,0,Monday,87,2000,100,ATO,en,Bank debit card,0
abc14fa4-ae75-470b-b547-223870d5a5ce,synth_4d48c3009e83,gig_worker,tabddpm_synthetic,,['en'],ATO,2024-05-02T23:40:00+00:00,5.0,3.9,36,23,6,Sunday,2,1,56,ATO,en,Bank debit card,0
c3f65a40-f5d3-4666-852e-8bc898c0ebe4,synth_034ab1408181,gig_worker,tabddpm_synthetic,,['en'],ATO,2024-07-10T23:46:00+00:00,240.77,21.48,29,23,3,Thursday,28,1,4,ATO,en,Bank debit card,0
4b516ea2-6680-4db3-8f83-6d850077a1c3,synth_a89b37387645,gig_worker,tabddpm_synthetic,,['en'],ATO,2024-06-09T13:43:00+00:00,223.75,15.05,45,13,0,Monday,7,1,40,ATO,en,Bank debit card,1
05299944-efd0-4d2b-889c-0eb2d3870133,synth_18782659be6f,gig_worker,tabddpm_synthetic,,['en'],ATO,2024-05-21T12:48:00+00:00,5.0,0.0,21,12,0,Monday,42,511,4,ATO,en,Bank debit card,0
49876aae-b9fb-4b77-8307-b74e9ede001e,synth_b11f108b2d47,gig_worker,tabddpm_synthetic,,['en'],ATO,2024-08-29T23:04:00+00:00,384.79,27.58,26,23,6,Sunday,0,1,45,ATO,en,Bank debit card,1
78164cc5-6c11-4752-9253-601fce5dec0b,synth_488fa53e3f79,gig_worker,tabddpm_synthetic,,['en'],ATO,2024-02-18T23:19:00+00:00,6000.0,3000.0,45,23,0,Monday,0,1,100,ATO,en,Bank debit card,0
6d4edad3-5b7c-4fce-aee6-71dcfcc2d880,synth_52fe4308832e,gig_worker,tabddpm_synthetic,,['en'],ATO,2024-07-22T05:52:00+00:00,126.44,12.88,36,5,3,Thursday,7,185,6,ATO,en,Bank debit card,0
ed6c9c91-949d-48fd-85fa-117a85cd859c,synth_43ca1c58b2c4,gig_worker,tabddpm_synthetic,,['en'],ATO,2024-06-12T23:33:00+00:00,233.44,18.62,27,23,4,Friday,50,1,0,ATO,en,Bank debit card,0
b5c1f32f-98ef-49e5-bf27-5fddd9b10327,synth_078b43312535,gig_worker,tabddpm_synthetic,,['en'],ATO,2024-08-28T13:21:00+00:00,194.1,19.88,42,13,2,Wednesday,16,824,7,ATO,en,Bank debit card,0
03eddecc-a522-486b-8cc0-d5f1243a3283,synth_8b1afa2d88fe,gig_worker,tabddpm_synthetic,,['en'],ATO,2024-11-03T23:09:00+00:00,5.0,0.0,45,23,6,Sunday,0,1,100,ATO,en,Bank debit card,1
5f24a963-6bf8-473d-bbbb-cdd612cf142c,synth_e824e774b5d9,gig_worker,tabddpm_synthetic,,['en'],ATO,2024-01-08T23:04:00+00:00,5.0,0.0,33,23,4,Friday,6,1,20,ATO,en,Bank debit card,0
741c873b-af82-4c7e-a355-7f01d92b9f67,synth_91db3b2e544a,gig_worker,tabddpm_synthetic,,['en'],ATO,2024-01-10T20:06:00+00:00,198.21,2.79,36,20,2,Wednesday,26,432,0,ATO,en,Bank debit card,0
93c5ace5-5854-45de-90b4-d6d0edcfba8b,synth_5306171a4e95,gig_worker,tabddpm_synthetic,,['en'],ATO,2024-10-29T13:13:00+00:00,5.0,4.63,20,13,3,Thursday,10,1683,9,ATO,en,Bank debit card,0
68f1b08f-84c6-4fb1-b03a-b3e485d6d076,synth_8b5ebffab92c,gig_worker,tabddpm_synthetic,,['en'],ATO,2024-11-22T09:39:00+00:00,57.87,6.85,29,9,3,Thursday,68,1,3,ATO,en,Bank debit card,0
7ff98f39-a080-49b5-8b87-9bf3d536c53b,synth_b7db44e9fb99,gig_worker,tabddpm_synthetic,,['en'],ATO,2024-11-02T07:51:00+00:00,235.47,12.62,45,7,0,Monday,0,410,0,ATO,en,Bank debit card,0
4c9963ff-6d56-44da-a90d-df65a1674e57,synth_f8b211457b7c,gig_worker,tabddpm_synthetic,,['en'],ATO,2024-03-27T20:41:00+00:00,503.54,15.71,45,20,0,Monday,17,450,3,ATO,en,Bank debit card,0
96cb4726-c79e-4095-9881-e3ebe298dde8,synth_c4c09eda2e34,gig_worker,tabddpm_synthetic,,['en'],ATO,2024-10-13T23:37:00+00:00,41.26,19.27,45,23,6,Sunday,0,1,93,ATO,en,Bank debit card,1
cc65f368-230a-470a-a3b7-ba8113646c5d,synth_c73193bca799,gig_worker,tabddpm_synthetic,,['en'],ATO,2024-11-26T23:58:00+00:00,6000.0,3000.0,45,23,0,Monday,90,2000,100,ATO,en,Bank debit card,0
0f184a9f-ae42-4b63-9373-7de2cab4195c,synth_9925263aa5ec,gig_worker,tabddpm_synthetic,,['en'],ATO,2024-05-14T00:35:00+00:00,207.47,0.0,39,0,0,Monday,90,1,0,ATO,en,Bank debit card,0
17222ac1-a72b-4ff7-9ee9-703224591241,synth_204081bf2aa3,gig_worker,tabddpm_synthetic,,['en'],ATO,2024-08-30T23:07:00+00:00,6000.0,3000.0,45,23,0,Monday,0,2000,100,ATO,en,Bank debit card,0
631bc957-8ec3-4c04-bcb3-9cfe45600b52,synth_5e43722fdbdd,gig_worker,tabddpm_synthetic,,['en'],ATO,2024-12-03T15:19:00+00:00,5.0,0.0,39,15,4,Friday,23,2000,3,ATO,en,Bank debit card,0
7e8391cb-9fdd-4201-9f1b-7df7a6637694,synth_4076e18fab26,gig_worker,tabddpm_synthetic,,['en'],ATO,2024-10-11T23:07:00+00:00,6000.0,3000.0,45,23,0,Monday,0,2000,100,ATO,en,Bank debit card,0
f7fbe860-a5a4-4238-908c-113823d54a6a,synth_a4da7d1963d5,gig_worker,tabddpm_synthetic,,['en'],CashApp,2024-08-25T09:56:00+00:00,5.0,1.97,18,9,0,Monday,9,1053,9,CashApp,en,Bank debit card,0
32bac3ef-974c-4811-ad6f-ad5b1745fd9c,synth_601bbbc80eb5,gig_worker,tabddpm_synthetic,,['en'],ATO,2024-02-06T23:30:00+00:00,6000.0,3000.0,45,23,0,Monday,43,2000,100,ATO,en,Bank debit card,0
ca09c3e3-e7e6-48d6-95e7-64649f88a44e,synth_b54a7b8a75cb,gig_worker,tabddpm_synthetic,,['en'],ATO,2024-08-27T23:55:00+00:00,6000.0,3000.0,45,23,0,Monday,0,2000,100,ATO,en,Bank debit card,0
55037cc2-654d-4479-8214-b7bbf04b5783,synth_a6b194130037,gig_worker,tabddpm_synthetic,,['en'],ATO,2024-04-29T10:16:00+00:00,324.32,17.17,38,10,4,Friday,5,866,9,ATO,en,Bank debit card,0
fa7c6bf5-65ad-439f-8905-3ab06269f47e,synth_83fa625a3d81,gig_worker,tabddpm_synthetic,,['en'],ATO,2024-07-01T14:42:00+00:00,5.0,0.0,42,14,2,Wednesday,9,184,0,ATO,en,Bank debit card,0
8505cc45-ff42-4263-aa8e-e871c591efac,synth_71eba54fd004,gig_worker,tabddpm_synthetic,,['en'],ATO,2024-05-25T23:07:00+00:00,5.0,0.0,31,23,6,Sunday,14,1,18,ATO,en,Bank debit card,0
d3ec9b24-a16d-431f-8761-62d9ff0c1053,synth_e95935e0de56,gig_worker,tabddpm_synthetic,,['en'],ATO,2024-08-17T12:32:00+00:00,5.0,0.42,43,12,1,Tuesday,0,1761,9,ATO,en,Bank debit card,0
c78ba89a-4009-46ec-8faa-16572035731a,synth_c343fb48526f,gig_worker,tabddpm_synthetic,,['en'],ATO,2024-04-22T23:22:00+00:00,1168.21,50.02,45,23,0,Monday,33,1,62,ATO,en,Bank debit card,1
f489c3c6-83ac-46ec-a103-5332c6b2b666,synth_322fa789e224,gig_worker,tabddpm_synthetic,,['en'],ATO,2024-05-05T05:23:00+00:00,5.0,0.0,45,5,0,Monday,90,1,0,ATO,en,Bank debit card,0
40d99fb9-198d-415d-9c79-75b6baade8ae,synth_74bb497bfc3b,gig_worker,tabddpm_synthetic,,['en'],ATO,2024-06-12T08:43:00+00:00,447.37,28.03,18,8,0,Monday,18,1266,6,ATO,en,Bank debit card,0
abe731af-7830-4752-8ef3-87db009c8ec9,synth_c23e74f3e5a0,gig_worker,tabddpm_synthetic,,['en'],ATO,2024-11-17T23:16:00+00:00,6000.0,3000.0,45,23,0,Monday,90,2000,100,ATO,en,Bank debit card,0
99269817-9e66-4892-983e-0a55cc7a1742,synth_307f3006da0a,gig_worker,tabddpm_synthetic,,['en'],ATO,2024-01-06T23:32:00+00:00,493.92,0.0,18,23,4,Friday,90,809,7,ATO,en,Bank debit card,0
e297f230-705e-48b2-b398-9a07e8ddcd30,synth_adb08ffcdf31,gig_worker,tabddpm_synthetic,,['en'],ATO,2024-03-31T08:51:00+00:00,247.12,21.45,19,8,4,Friday,14,1,1,ATO,en,Bank debit card,0
8f43f795-2af1-4855-8e4e-d6166fa86ac5,synth_6435e8670c12,gig_worker,tabddpm_synthetic,,['en'],ATO,2024-02-17T12:52:00+00:00,580.83,0.0,37,12,0,Monday,90,625,2,ATO,en,Bank debit card,0
2283ca15-35ea-4496-8144-a1144c260e58,synth_7d298ff03ff3,gig_worker,tabddpm_synthetic,,['en'],ATO,2024-04-06T12:36:00+00:00,126.33,0.27,37,12,1,Tuesday,35,725,8,ATO,en,Bank debit card,0
0c0a8248-991a-41e8-988b-fa7507d31dab,synth_6e147a21ee8e,gig_worker,tabddpm_synthetic,,['en'],ATO,2024-09-18T11:26:00+00:00,127.62,5.21,34,11,4,Friday,19,808,2,ATO,en,Bank debit card,0
cd3bf3a7-3fd2-4822-b480-56c068beb049,synth_a72cdf56ee1e,gig_worker,tabddpm_synthetic,,['en'],ATO,2024-02-24T23:11:00+00:00,6000.0,3000.0,45,23,0,Monday,0,2000,100,ATO,en,Bank debit card,0
50e2931b-f3f3-40e9-8bb6-c360476dc710,synth_7e94305025e8,gig_worker,tabddpm_synthetic,,['en'],ATO,2024-06-08T06:31:00+00:00,104.45,17.27,36,6,0,Monday,74,1,5,ATO,en,Bank debit card,0
4e218da2-d64c-4fd5-9e66-7647067f2a6d,synth_a298ee6d9e3d,gig_worker,tabddpm_synthetic,,['en'],ATO,2024-09-02T00:19:00+00:00,112.72,0.0,45,0,0,Monday,90,1,0,ATO,en,Bank debit card,0
25dcac9b-b7f5-4d8b-91ce-2da227bcfa3e,synth_bdcb336ea398,gig_worker,tabddpm_synthetic,,['en'],ATO,2024-08-28T23:03:00+00:00,6000.0,3000.0,45,23,0,Monday,6,2000,100,ATO,en,Bank debit card,0
b01bf940-9c39-4bcd-be8c-b710efad0bf1,synth_1d3ff3754fc6,gig_worker,tabddpm_synthetic,,['en'],ATO,2024-10-10T23:45:00+00:00,6000.0,3000.0,45,23,0,Monday,90,1,100,ATO,en,Bank debit card,0
d4530067-11eb-440a-8713-3839962198be,synth_da77ac6978a9,gig_worker,tabddpm_synthetic,,['en'],ATO,2024-07-22T00:35:00+00:00,190.88,0.0,45,0,0,Monday,90,1,0,ATO,en,Bank debit card,0
68513525-e0c8-46a4-8b49-fae7a24a5078,synth_b5b75dc390a9,gig_worker,tabddpm_synthetic,,['en'],ATO,2024-10-01T14:38:00+00:00,640.71,0.0,34,14,1,Tuesday,90,1,0,ATO,en,Bank debit card,0
bb10c42b-de25-4962-b09b-f5444ef1c590,synth_c617ed005b7c,gig_worker,tabddpm_synthetic,,['en'],ATO,2024-02-16T00:37:00+00:00,6000.0,1260.77,45,0,0,Monday,0,2000,12,ATO,en,Bank debit card,0
8da11190-bb87-4ed7-adf0-9ba4f931a994,synth_eff599bfdabf,gig_worker,tabddpm_synthetic,,['en'],ATO,2024-01-17T23:13:00+00:00,487.05,35.22,18,23,5,Saturday,25,1,1,ATO,en,Bank debit card,0
121a9aa8-ba29-4d9f-9f0e-14bdcc3fa91a,synth_8780bc7ab2d5,gig_worker,tabddpm_synthetic,,['en'],ATO,2024-06-25T23:09:00+00:00,6000.0,3000.0,45,23,0,Monday,90,2000,100,ATO,en,Bank debit card,0
8bd252ba-8d68-48f8-aa9a-a3d58e40d92d,synth_170048e4eff3,gig_worker,tabddpm_synthetic,,['en'],ATO,2024-02-09T23:34:00+00:00,3044.25,193.58,20,23,0,Monday,7,1152,14,ATO,en,Bank debit card,0
09e2640d-ffff-4653-bb40-11556d755254,synth_4888bb398967,gig_worker,tabddpm_synthetic,,['en'],ATO,2024-09-27T15:15:00+00:00,302.68,11.17,42,15,2,Wednesday,90,1,0,ATO,en,Bank debit card,0
1f048f90-f69f-4223-899e-b0a1d264c4fd,synth_42cf518158a4,gig_worker,tabddpm_synthetic,,['en'],ATO,2024-03-11T23:25:00+00:00,2723.51,101.47,18,23,0,Monday,40,1,1,ATO,en,Bank debit card,0
3e56e0aa-8641-44e4-a3b7-a3d8d018492f,synth_cb05f116cf61,gig_worker,tabddpm_synthetic,,['en'],ATO,2024-10-15T14:47:00+00:00,5.0,3.49,33,14,1,Tuesday,43,1,0,ATO,en,Bank debit card,0
0c62df37-0dfd-49e4-822d-870d20728244,synth_a39854187ca7,gig_worker,tabddpm_synthetic,,['en'],ATO,2024-04-29T23:33:00+00:00,6000.0,3000.0,45,23,0,Monday,90,1,100,ATO,en,Bank debit card,0
1ba6a376-ff16-493d-abe9-03ccfaa82ba6,synth_7f52b7ef9b2a,gig_worker,tabddpm_synthetic,,['en'],ATO,2024-05-25T09:53:00+00:00,344.48,19.08,38,9,2,Wednesday,75,1,5,ATO,en,Bank debit card,0
03ad9dfc-5028-40e0-80c4-620cb7db6af0,synth_a89218a50420,gig_worker,tabddpm_synthetic,,['en'],ATO,2024-10-25T13:52:00+00:00,152.52,1.88,44,13,5,Saturday,5,568,0,ATO,en,Bank debit card,0
2a41b8d7-626d-4be4-b3d9-78919fe9bb47,synth_16f87a1013c6,gig_worker,tabddpm_synthetic,,['en'],ATO,2024-11-15T13:23:00+00:00,995.07,71.53,42,13,4,Friday,11,1,14,ATO,en,Bank debit card,0
4945f2f3-0554-492e-bb9c-acec1d5fd36a,synth_402accd9363a,gig_worker,tabddpm_synthetic,,['en'],ATO,2024-05-07T12:20:00+00:00,5.0,7.17,45,12,2,Wednesday,48,1,2,ATO,en,Bank debit card,0
d2f832d0-8e42-4280-86d6-5be49c1e38c8,synth_6f0dfeb41fe0,gig_worker,tabddpm_synthetic,,['en'],ATO,2024-08-22T23:20:00+00:00,6000.0,3000.0,45,23,0,Monday,90,1,100,ATO,en,Bank debit card,0
e14041fc-081c-4893-93ac-8086d8cff482,synth_001cb73e1e18,gig_worker,tabddpm_synthetic,,['en'],ATO,2024-05-14T13:38:00+00:00,157.57,3.74,39,13,6,Sunday,0,1288,0,ATO,en,Bank debit card,0
59138459-1eaf-4914-8ccd-6a6e38045141,synth_0a5691db25bc,gig_worker,tabddpm_synthetic,,['en'],ATO,2024-02-17T07:48:00+00:00,232.01,23.46,28,7,1,Tuesday,0,164,8,ATO,en,Bank debit card,0
5e0301ae-3f2c-48ea-96d6-36dae8636569,synth_b91f805c864b,gig_worker,tabddpm_synthetic,,['en'],ATO,2024-09-19T23:15:00+00:00,6000.0,3000.0,45,23,0,Monday,90,1,100,ATO,en,Bank debit card,0
55d88ca7-9039-4821-b07c-467d21f4a262,synth_9853c3fdeef4,gig_worker,tabddpm_synthetic,,['en'],ATO,2024-11-01T05:37:00+00:00,26.35,5.36,31,5,0,Monday,42,1,7,ATO,en,Bank debit card,0
b70f5b6d-59fb-4882-8232-8f33884b51ba,synth_eed69677f192,gig_worker,tabddpm_synthetic,,['en'],ATO,2024-01-09T23:16:00+00:00,6000.0,3000.0,45,23,0,Monday,90,2000,100,ATO,en,Bank debit card,0
677527ea-9785-4bd7-99ba-193981356c6e,synth_bcc05dc5c0c9,gig_worker,tabddpm_synthetic,,['en'],ATO,2024-09-15T23:20:00+00:00,568.25,48.56,23,23,5,Saturday,4,1237,20,ATO,en,Bank debit card,0
b7cd2972-b630-4cf4-93a0-d9d87f127818,synth_04d0a105bd64,gig_worker,tabddpm_synthetic,,['en'],ATO,2024-12-03T23:56:00+00:00,6000.0,3000.0,45,23,0,Monday,90,2000,100,ATO,en,Bank debit card,0
d1496974-25f5-417c-b433-522d547193a4,synth_0d605e8e66c4,gig_worker,tabddpm_synthetic,,['en'],ATO,2024-02-14T04:35:00+00:00,5.0,0.0,45,4,0,Monday,90,1,0,ATO,en,Bank debit card,0
2108c459-1fc5-4fcc-b3fa-b1d6a2b7747f,synth_e66cd733722a,gig_worker,tabddpm_synthetic,,['en'],ATO,2024-04-30T23:09:00+00:00,6000.0,407.66,45,23,0,Monday,90,164,0,ATO,en,Bank debit card,0
e438ad28-4163-4b8c-a650-caef09fbe342,synth_5bbab9433074,gig_worker,tabddpm_synthetic,,['en'],ATO,2024-06-24T04:47:00+00:00,40.06,2.07,26,4,1,Tuesday,5,1456,4,ATO,en,Bank debit card,0
022c9e50-bdf0-42c0-85dd-3c9974bf9ee2,synth_46f5686fc5e5,gig_worker,tabddpm_synthetic,,['en'],ATO,2024-02-11T11:14:00+00:00,393.81,17.58,41,11,0,Monday,66,1,2,ATO,en,Bank debit card,0
9e3f4695-9a11-488e-8489-8653b87ffe8d,synth_9a756fddef3a,gig_worker,tabddpm_synthetic,,['en'],ATO,2024-11-23T23:48:00+00:00,6000.0,3000.0,45,23,0,Monday,0,1,100,ATO,en,Bank debit card,1
40e3eb38-81f5-431b-a4df-68b0fb48ea5b,synth_b3a7341844b2,gig_worker,tabddpm_synthetic,,['en'],ATO,2024-10-23T09:17:00+00:00,5.0,0.0,44,9,0,Monday,90,1,0,ATO,en,Bank debit card,0
08a75c96-c233-46ed-8ff8-175e4a799f92,synth_1f8f16a8a0d3,gig_worker,tabddpm_synthetic,,['en'],ATO,2024-08-30T23:12:00+00:00,6000.0,3000.0,45,23,0,Monday,0,371,100,ATO,en,Bank debit card,0
5dc9bbc5-4d21-4bff-80aa-e2565985253b,synth_962e3b0891fc,gig_worker,tabddpm_synthetic,,['en'],ATO,2024-12-09T23:56:00+00:00,6000.0,3000.0,45,23,0,Monday,90,2000,100,ATO,en,Bank debit card,0
dfed8a86-017e-4343-8083-fabb500054c9,synth_a23b806f88dc,gig_worker,tabddpm_synthetic,,['en'],ATO,2024-11-02T23:12:00+00:00,6000.0,3000.0,45,23,0,Monday,0,1,100,ATO,en,Bank debit card,1
f84bddf7-750b-47cb-b494-3cd5cab5614f,synth_2b57cc02657f,gig_worker,tabddpm_synthetic,,['en'],ATO,2024-02-16T14:37:00+00:00,50.71,16.61,30,14,0,Monday,1,763,13,ATO,en,Bank debit card,0
c4968c35-9679-46af-9e22-1378a8a45f41,synth_17267bce47d5,gig_worker,tabddpm_synthetic,,['en'],ATO,2024-07-07T12:05:00+00:00,33.58,2.62,43,12,2,Wednesday,4,883,4,ATO,en,Bank debit card,0
cb216c69-5627-4028-8cbe-26ebc2cc5475,synth_32665ebdb89d,gig_worker,tabddpm_synthetic,,['en'],ATO,2024-03-19T21:31:00+00:00,214.43,8.95,36,21,0,Monday,83,1,0,ATO,en,Bank debit card,0
ac04baa3-841a-49cb-aa8e-55a34c204f6a,synth_4a68c47d31c1,gig_worker,tabddpm_synthetic,,['en'],ATO,2024-09-25T08:35:00+00:00,249.85,0.0,45,8,0,Monday,90,1,0,ATO,en,Bank debit card,0
1a375fca-883f-48f7-9de2-f1a25b08bc65,synth_be8f9c850960,gig_worker,tabddpm_synthetic,,['en'],ATO,2024-09-21T00:45:00+00:00,128.73,0.0,45,0,0,Monday,90,1,0,ATO,en,Bank debit card,0
2bc4307d-84ff-4e86-bca2-daf889c62ecd,synth_bd5f79630e32,gig_worker,tabddpm_synthetic,,['en'],ATO,2024-09-08T13:20:00+00:00,5.0,0.0,45,13,5,Saturday,7,2000,8,ATO,en,Bank debit card,0
d59317d1-b61a-4e05-bc7f-3ccfcf2fdc20,synth_df4d0e99d998,gig_worker,tabddpm_synthetic,,['en'],ATO,2024-03-05T12:32:00+00:00,16.18,0.0,45,12,6,Sunday,1,1270,4,ATO,en,Bank debit card,0
291e5174-5cd8-48d9-b8ab-45e9d91a43dc,synth_d2e5ec4ce24d,gig_worker,tabddpm_synthetic,,['en'],ATO,2024-04-08T15:40:00+00:00,419.74,24.99,19,15,3,Thursday,19,1,0,ATO,en,Bank debit card,0
7c9cc4cf-8bfc-44ad-9ec3-6a4be513ac80,synth_dec36514467b,gig_worker,tabddpm_synthetic,,['en'],ATO,2024-02-13T15:41:00+00:00,129.27,3.86,44,15,5,Saturday,4,1149,8,ATO,en,Bank debit card,0
d035ff41-4f61-4e52-bc29-929d860c18ba,synth_881461338c13,gig_worker,tabddpm_synthetic,,['en'],ATO,2024-06-28T08:08:00+00:00,192.74,7.67,43,8,0,Monday,90,1,0,ATO,en,Bank debit card,0
1b45c6d5-c665-4c66-a2e4-1ffd73e2660a,synth_7dce2f1d9f2d,gig_worker,tabddpm_synthetic,,['en'],ATO,2024-08-29T11:14:00+00:00,76.23,5.51,29,11,3,Thursday,19,768,2,ATO,en,Bank debit card,0
50b1d6eb-b8d2-4e4c-bac9-b94aad9f6b07,synth_2184f2625fe9,gig_worker,tabddpm_synthetic,,['en'],ATO,2024-09-06T11:00:00+00:00,132.29,2.05,45,11,5,Saturday,4,2000,7,ATO,en,Bank debit card,0
2698a5e6-7a99-4054-88d9-928ae860cc19,synth_4a0dee06c4b1,gig_worker,tabddpm_synthetic,,['en'],ATO,2024-04-23T17:54:00+00:00,5.0,1.26,45,17,6,Sunday,1,1121,2,ATO,en,Bank debit card,0
99f3a0d0-d04e-460d-a60b-e36ee230c7d7,synth_8037ed9d2ae8,gig_worker,tabddpm_synthetic,,['en'],ATO,2024-10-04T08:01:00+00:00,126.13,8.13,26,8,0,Monday,7,982,6,ATO,en,Bank debit card,0
838095cb-3257-41d1-bba6-9ffb6d007904,synth_d84f529b70c9,gig_worker,tabddpm_synthetic,,['en'],ATO,2024-03-07T23:46:00+00:00,6000.0,675.36,45,23,0,Monday,1,1,100,ATO,en,Bank debit card,1
a600b309-4daf-475c-89c6-5b283b9f7756,synth_b47bd43e6206,gig_worker,tabddpm_synthetic,,['en'],ATO,2024-02-29T23:23:00+00:00,6000.0,3000.0,45,23,0,Monday,90,2000,100,ATO,en,Bank debit card,0
f46152bf-77ad-4feb-97cf-7e8442b74901,synth_093a9e3685ab,gig_worker,tabddpm_synthetic,,['en'],ATO,2024-10-24T20:04:00+00:00,1393.65,42.59,45,20,0,Monday,3,1,48,ATO,en,Bank debit card,1
02fd41cd-3aff-4545-ac4e-0d026af1766f,synth_336f589e74d7,gig_worker,tabddpm_synthetic,,['en'],ATO,2024-08-03T00:21:00+00:00,5.0,0.0,45,0,0,Monday,90,1,0,ATO,en,Bank debit card,0
793beca0-c587-4fe5-bab7-e475d52d89c1,synth_0986a31653ca,gig_worker,tabddpm_synthetic,,['en'],ATO,2024-07-12T13:05:00+00:00,274.19,13.32,40,13,0,Monday,90,1,0,ATO,en,Bank debit card,0
6d38b182-2ce5-4ee1-8fd1-0aa5e51fd061,synth_4f067a45bcf6,gig_worker,tabddpm_synthetic,,['en'],ATO,2024-10-04T23:49:00+00:00,6000.0,3000.0,45,23,0,Monday,0,2000,100,ATO,en,Bank debit card,0
0680e547-943f-4a7a-86d2-d92d06eef755,synth_cf20c9a89827,gig_worker,tabddpm_synthetic,,['en'],ATO,2024-04-07T12:26:00+00:00,19.99,0.0,29,12,5,Saturday,34,727,4,ATO,en,Bank debit card,0
2fa27da7-30c7-4fd3-8c31-cb3f79f0af10,synth_d3d8f3f19026,gig_worker,tabddpm_synthetic,,['en'],ATO,2024-10-23T00:53:00+00:00,388.89,0.0,45,0,0,Monday,90,1,0,ATO,en,Bank debit card,0
4eb3602f-6742-48c9-8049-35f6d106fb8d,synth_3a0a641889b1,gig_worker,tabddpm_synthetic,,['en'],ATO,2024-05-01T12:06:00+00:00,330.33,3.71,40,12,0,Monday,0,199,6,ATO,en,Bank debit card,0
227c1554-ae0c-4d03-9c3b-beb46300e5a7,synth_d649cf1377ce,gig_worker,tabddpm_synthetic,,['en'],ATO,2024-06-05T23:16:00+00:00,826.14,50.65,21,23,6,Sunday,51,1,0,ATO,en,Bank debit card,0
e94b5e8a-a8fe-4f72-a288-bdf919219461,synth_4e40546fd74d,gig_worker,tabddpm_synthetic,,['en'],ATO,2024-10-25T09:57:00+00:00,153.55,17.78,44,9,3,Thursday,71,1,0,ATO,en,Bank debit card,0
ff342c9d-c950-4391-96df-ab02ee1b7e90,synth_03a3c5b2b37f,gig_worker,tabddpm_synthetic,,['en'],ATO,2024-02-05T23:26:00+00:00,5.0,0.0,34,23,6,Sunday,0,1,100,ATO,en,Bank debit card,1
eacabade-d697-4fcd-adc5-7434db991059,synth_a052733f9ec6,gig_worker,tabddpm_synthetic,,['en'],ATO,2024-08-19T23:05:00+00:00,1210.54,52.31,18,23,6,Sunday,14,1,3,ATO,en,Bank debit card,0
d7f33760-2549-4197-bacb-d7ad78a8231b,synth_564f48036440,gig_worker,tabddpm_synthetic,,['en'],ATO,2024-11-16T09:33:00+00:00,169.98,9.63,33,9,2,Wednesday,13,1,6,ATO,en,Bank debit card,0
42c2c0c5-b994-460e-9485-9633f12bc79c,synth_d1392adf1f2a,gig_worker,tabddpm_synthetic,,['en'],ATO,2024-09-28T00:27:00+00:00,396.37,0.0,33,0,0,Monday,90,1,0,ATO,en,Bank debit card,0
480b3d5b-dc75-4678-9cc1-4c8f31627c28,synth_f938ef58d0bd,gig_worker,tabddpm_synthetic,,['en'],ATO,2024-04-08T23:07:00+00:00,119.41,24.05,24,23,6,Sunday,1,1,27,ATO,en,Bank debit card,0
098dda95-d8ba-4190-8662-e7930f52d428,synth_a3e0351444ca,gig_worker,tabddpm_synthetic,,['en'],ATO,2024-11-21T23:29:00+00:00,6000.0,3000.0,45,23,3,Thursday,0,1,100,ATO,en,Bank debit card,0
daebaa9d-8a18-4b04-99bd-b3d7d6069c77,synth_12b9399de053,gig_worker,tabddpm_synthetic,,['en'],ATO,2024-03-18T18:34:00+00:00,304.76,16.71,39,18,5,Saturday,12,628,7,ATO,en,Bank debit card,0
7cb111c3-eff8-4f2c-a76b-18bfe070c4ad,synth_c244db9a48a8,gig_worker,tabddpm_synthetic,,['en'],ATO,2024-04-22T23:14:00+00:00,6000.0,3000.0,45,23,0,Monday,0,2000,100,ATO,en,Bank debit card,1
691fea0d-68b9-4c42-937f-14a17c6bcd6b,synth_2348955baa54,gig_worker,tabddpm_synthetic,,['en'],ATO,2024-08-06T10:03:00+00:00,314.27,15.32,29,10,2,Wednesday,50,1,4,ATO,en,Bank debit card,0
d6209ebe-de00-4f49-9b6d-c96acd7cf011,synth_dfcf42167017,gig_worker,tabddpm_synthetic,,['en'],ATO,2024-04-14T14:04:00+00:00,144.65,0.0,45,14,2,Wednesday,90,1,0,ATO,en,Bank debit card,0
d7400707-06c2-4014-972e-11accfe93942,synth_173969216d4e,gig_worker,tabddpm_synthetic,,['en'],ATO,2024-01-04T23:07:00+00:00,6000.0,3000.0,45,23,0,Monday,90,2000,100,ATO,en,Bank debit card,0
a42cdff9-fcf0-409b-8b5a-aa12dd156fd8,synth_d6750bc08d31,gig_worker,tabddpm_synthetic,,['en'],ATO,2024-03-12T23:37:00+00:00,5.0,0.0,35,23,6,Sunday,0,1,39,ATO,en,Bank debit card,1
c0d8c931-1dcb-4329-a74e-fc01a0ece3f1,synth_031aa5c8e853,gig_worker,tabddpm_synthetic,,['en'],ATO,2024-05-17T15:46:00+00:00,396.09,26.0,36,15,4,Friday,25,1,3,ATO,en,Bank debit card,0
9bb6dbc1-27d2-4001-9cd1-e1782ec1c847,synth_3195ba3eedab,gig_worker,tabddpm_synthetic,,['en'],ATO,2024-01-08T23:43:00+00:00,387.59,24.39,27,23,2,Wednesday,52,1,0,ATO,en,Bank debit card,0
68d82a5b-63d5-4b57-a0d0-6f9b2666511c,synth_fbe88869ff0f,gig_worker,tabddpm_synthetic,,['en'],ATO,2024-07-24T23:59:00+00:00,6000.0,304.76,45,23,6,Sunday,0,1,41,ATO,en,Bank debit card,0
ce4b98c8-0804-4861-a8d8-58fb6bb3bade,synth_f9cc47826102,gig_worker,tabddpm_synthetic,,['en'],ATO,2024-12-20T23:10:00+00:00,6000.0,3000.0,45,23,0,Monday,0,2000,100,ATO,en,Bank debit card,0
62a6cd23-fbd9-416b-bcd9-6757dcd2d9e4,synth_9072efe25c16,gig_worker,tabddpm_synthetic,,['en'],ATO,2024-10-27T23:51:00+00:00,5.0,0.0,37,23,6,Sunday,0,1,76,ATO,en,Bank debit card,0
04ebf16d-eb81-4af5-aed4-d431e54bdd3b,synth_03f2f8749583,gig_worker,tabddpm_synthetic,,['en'],ATO,2024-07-23T14:13:00+00:00,53.52,3.69,18,14,0,Monday,2,1333,6,ATO,en,Bank debit card,0
a74d6dba-9c0e-46e5-b946-91ac40b76433,synth_1768c924d508,gig_worker,tabddpm_synthetic,,['en'],ATO,2024-01-14T07:40:00+00:00,12.49,2.75,45,7,2,Wednesday,90,1,0,ATO,en,Bank debit card,0
320a20a0-6f4c-4c2a-bac0-e8fcbbfb1304,synth_bdbf56ab8c7d,gig_worker,tabddpm_synthetic,,['en'],ATO,2024-09-10T23:53:00+00:00,6000.0,3000.0,45,23,0,Monday,0,1,100,ATO,en,Bank debit card,1
35ec460d-1c94-4d14-adaf-311910c580f7,synth_0334c3a10e39,gig_worker,tabddpm_synthetic,,['en'],ATO,2024-12-16T19:46:00+00:00,178.49,10.7,45,19,0,Monday,25,352,1,ATO,en,Bank debit card,0
6dca91a9-ccb1-441e-988b-deed8138191d,synth_340e982c1a67,gig_worker,tabddpm_synthetic,,['en'],ATO,2024-05-17T22:31:00+00:00,887.61,25.46,24,22,0,Monday,90,1,0,ATO,en,Bank debit card,0
7f08f3c8-6326-40ba-87ea-5162c6b9ec58,synth_a6227b284859,gig_worker,tabddpm_synthetic,,['en'],ATO,2024-05-12T23:25:00+00:00,6000.0,3000.0,45,23,0,Monday,11,1,100,ATO,en,Bank debit card,0
0e202818-cba3-4751-8e36-77062c4cd0e2,synth_6ca20b1f67cd,gig_worker,tabddpm_synthetic,,['en'],ATO,2024-12-30T16:12:00+00:00,2223.96,63.76,33,16,3,Thursday,10,1202,2,ATO,en,Bank debit card,0
26a16ec5-7b96-423d-a494-a738f06f687e,synth_a95cd6cafb0c,gig_worker,tabddpm_synthetic,,['en'],ATO,2024-09-02T12:51:00+00:00,132.61,2.15,38,12,4,Friday,39,1,0,ATO,en,Bank debit card,0
f2ba06e1-92a5-4ab3-a2ab-95cbaebf14aa,synth_658a922bbab8,gig_worker,tabddpm_synthetic,,['en'],ATO,2024-02-05T23:58:00+00:00,6000.0,3000.0,45,23,0,Monday,90,2000,100,ATO,en,Bank debit card,0
27a3afff-937a-4957-806c-ab617caef970,synth_87350ebe1fa1,gig_worker,tabddpm_synthetic,,['en'],ATO,2024-02-07T03:17:00+00:00,226.16,0.0,42,3,0,Monday,90,1,0,ATO,en,Bank debit card,0
66e136f4-d0ec-4337-bd1a-ab61aa512c8f,synth_e99888b8a450,gig_worker,tabddpm_synthetic,,['en'],ATO,2024-09-21T17:16:00+00:00,48.08,0.0,41,17,2,Wednesday,90,458,0,ATO,en,Bank debit card,0
71a8e0e3-8004-42ac-a379-4c2860d7eb5a,synth_8a5d9c67a0f3,gig_worker,tabddpm_synthetic,,['en'],ATO,2024-11-03T23:09:00+00:00,715.6,15.13,34,23,2,Wednesday,90,1,0,ATO,en,Bank debit card,0
278fe173-d9e9-4991-8b33-644bf7acd861,synth_71f0c1887e0a,gig_worker,tabddpm_synthetic,,['en'],ATO,2024-03-15T23:25:00+00:00,6000.0,3000.0,45,23,0,Monday,90,2000,100,ATO,en,Bank debit card,0
a4f83f81-0c13-480f-b860-c292f3da2811,synth_49e5811fc84c,gig_worker,tabddpm_synthetic,,['en'],ATO,2024-06-02T03:53:00+00:00,156.23,10.38,27,3,2,Wednesday,13,1,6,ATO,en,Bank debit card,0
3a98e9ab-9542-413f-99d1-9739eed1abbe,synth_440d99ece69b,gig_worker,tabddpm_synthetic,,['en'],ATO,2024-05-20T00:02:00+00:00,646.7,0.0,34,0,0,Monday,90,1,0,ATO,en,Bank debit card,0
00b2b6bc-8ac5-423c-a727-abe0c469d52c,synth_7d0ffbbf7910,gig_worker,tabddpm_synthetic,,['en'],ATO,2024-04-16T02:06:00+00:00,165.91,0.0,45,2,0,Monday,90,1,0,ATO,en,Bank debit card,0
c507a5df-0710-45ec-8759-70c1423badbe,synth_dfa3012beca6,gig_worker,tabddpm_synthetic,,['en'],ATO,2024-10-21T00:16:00+00:00,406.62,0.0,45,0,0,Monday,90,1,0,ATO,en,Bank debit card,0
33057b1a-6f7a-48f5-b5b6-84c32fbe4be9,synth_6ef623fa568e,gig_worker,tabddpm_synthetic,,['en'],ATO,2024-04-17T00:07:00+00:00,5.0,0.0,45,0,0,Monday,90,1,0,ATO,en,Bank debit card,0
f9b3b796-b700-4ed1-89b5-eef806650ff3,synth_a545c4426597,gig_worker,tabddpm_synthetic,,['en'],ATO,2024-10-06T11:45:00+00:00,168.3,0.0,37,11,1,Tuesday,90,1,0,ATO,en,Bank debit card,0
276dbec4-1e23-43df-a656-e8c5496e16c6,synth_a163b02db076,gig_worker,tabddpm_synthetic,,['en'],ATO,2024-02-18T23:38:00+00:00,6000.0,3000.0,45,23,0,Monday,51,1,100,ATO,en,Bank debit card,0
fe534591-f077-40e8-9666-a1e63892dfb0,synth_284398dcf9d4,gig_worker,tabddpm_synthetic,,['en'],ATO,2024-07-02T23:51:00+00:00,6000.0,3000.0,45,23,0,Monday,90,2000,100,ATO,en,Bank debit card,1
db0420c1-ec50-4309-a8bd-630410e822a3,synth_621d5bda35dd,gig_worker,tabddpm_synthetic,,['en'],ATO,2024-04-13T23:44:00+00:00,5.0,0.0,43,23,6,Sunday,0,140,34,ATO,en,Bank debit card,0
f6f005c7-57a4-4417-a6a2-f13bb33473a6,synth_d625715aa07b,gig_worker,tabddpm_synthetic,,['en'],ATO,2024-03-12T08:37:00+00:00,345.5,7.69,45,8,3,Thursday,90,1,0,ATO,en,Bank debit card,0
eabe58d5-d058-4a23-9bd6-c3fcdb20bc06,synth_261f3076a763,gig_worker,tabddpm_synthetic,,['en'],ATO,2024-04-10T17:00:00+00:00,300.88,16.24,39,17,3,Thursday,66,1,0,ATO,en,Bank debit card,0
9a7ee78e-8890-4ad3-8684-c0292fc0ef30,synth_6d7b781160d7,gig_worker,tabddpm_synthetic,,['en'],ATO,2024-04-16T20:17:00+00:00,230.5,13.1,32,20,0,Monday,90,1,20,ATO,en,Bank debit card,1
46099999-8f73-4614-862c-78f3904938da,synth_eb78021ad03a,gig_worker,tabddpm_synthetic,,['en'],ATO,2024-06-29T23:53:00+00:00,6000.0,3000.0,45,23,0,Monday,90,2000,100,ATO,en,Bank debit card,1
d6d9643f-2dbe-4fc4-a1a6-0da89b4e8a41,synth_cb7e89f3cf9d,gig_worker,tabddpm_synthetic,,['en'],ATO,2024-07-21T11:25:00+00:00,181.9,6.42,21,11,6,Sunday,7,526,5,ATO,en,Bank debit card,0
935cf70b-a7dc-419c-97e3-ff1f060a0635,synth_325e6379d3db,gig_worker,tabddpm_synthetic,,['en'],ATO,2024-10-15T23:43:00+00:00,6000.0,3000.0,45,23,6,Sunday,0,1,100,ATO,en,Bank debit card,0
ea74ddee-e948-4ca1-b2d6-a77fe0e3923d,synth_2d3d2e367ff9,gig_worker,tabddpm_synthetic,,['en'],ATO,2024-08-26T17:49:00+00:00,212.39,16.69,45,17,4,Friday,27,959,3,ATO,en,Bank debit card,0
759a4715-7c89-4002-a60f-e2064d7a7ab9,synth_08b68f162d41,gig_worker,tabddpm_synthetic,,['en'],ATO,2024-01-13T00:41:00+00:00,27.87,0.0,45,0,0,Monday,90,1,0,ATO,en,Bank debit card,0
bd0c83ae-d6d2-438b-8090-44b1b15b9d06,synth_a218d2151a49,gig_worker,tabddpm_synthetic,,['en'],ATO,2024-07-14T23:53:00+00:00,834.41,56.88,18,23,0,Monday,90,1,0,ATO,en,Bank debit card,0
c304d214-e6a3-4252-b4d7-68b239365a93,synth_749504994f01,gig_worker,tabddpm_synthetic,,['en'],ATO,2024-06-16T08:00:00+00:00,60.56,9.84,37,8,0,Monday,18,13,2,ATO,en,Bank debit card,0
d59be954-5d19-4bd9-b531-fad7aa199da4,synth_3af8db9855a4,gig_worker,tabddpm_synthetic,,['en'],ATO,2024-08-28T08:29:00+00:00,5.0,20.19,42,8,3,Thursday,56,1,1,ATO,en,Bank debit card,0
ea78e3e6-77a7-4259-966e-eae6946d5035,synth_3572e17fd133,gig_worker,tabddpm_synthetic,,['en'],ATO,2024-06-16T23:50:00+00:00,6000.0,3000.0,45,23,0,Monday,90,2000,100,ATO,en,Bank debit card,0
545d1539-1f57-476c-adce-51de157aef16,synth_c4c2f3c03e2f,gig_worker,tabddpm_synthetic,,['en'],ATO,2024-08-30T17:19:00+00:00,5.0,0.0,22,17,2,Wednesday,2,1258,5,ATO,en,Bank debit card,0
4493a8d4-fb30-43d6-b617-611ad26bfe79,synth_b19804ec53b7,gig_worker,tabddpm_synthetic,,['en'],ATO,2024-12-06T23:52:00+00:00,6000.0,3000.0,45,23,0,Monday,90,2000,100,ATO,en,Bank debit card,0
c4afd7f6-8aa2-45d0-bad8-825b337bf4f5,synth_1a7667693140,gig_worker,tabddpm_synthetic,,['en'],ATO,2024-05-26T14:06:00+00:00,1249.52,80.67,45,14,0,Monday,0,1,46,ATO,en,Bank debit card,1
cf3a8744-9041-4e41-be86-90db414e4f17,synth_2ae06389e858,gig_worker,tabddpm_synthetic,,['en'],ATO,2024-07-07T13:45:00+00:00,396.01,20.02,27,13,1,Tuesday,10,793,9,ATO,en,Bank debit card,0
6668373f-1d6c-454e-94a2-9d20431318de,synth_6ed3ef15c7e6,gig_worker,tabddpm_synthetic,,['en'],ATO,2024-04-13T03:32:00+00:00,5.0,1.46,41,3,1,Tuesday,10,1,4,ATO,en,Bank debit card,0
3dc06b12-d952-47f9-8999-69cf6fdc2326,synth_9f1a0dc4c559,gig_worker,tabddpm_synthetic,,['es'],ATO,2024-06-26T11:46:00+00:00,5.0,0.36,37,11,5,Saturday,15,283,1,ATO,es,Bank debit card,0
1d9929d3-a1cd-4a4f-9a9c-342c368884fb,synth_9bca6a49413a,gig_worker,tabddpm_synthetic,,['en'],ATO,2024-09-21T23:52:00+00:00,6000.0,3000.0,45,23,6,Sunday,0,1,100,ATO,en,Bank debit card,1
698f2c45-f7ed-4b7d-a2ac-4b26cdc7a218,synth_eaedc0fa1899,gig_worker,tabddpm_synthetic,,['en'],CashApp,2024-03-09T06:07:00+00:00,152.31,1.3,40,6,5,Saturday,1,1036,8,CashApp,en,Bank debit card,0
ebeb1d65-8450-4d1f-83af-9f83738c7493,synth_c928a0d2a782,gig_worker,tabddpm_synthetic,,['en'],ATO,2024-06-15T23:32:00+00:00,162.01,0.0,45,23,6,Sunday,0,594,15,ATO,en,Bank debit card,0
28feb2d6-5f57-46f4-97d8-e7ec8fbc5f39,synth_254d899496c0,gig_worker,tabddpm_synthetic,,['en'],ATO,2024-02-04T23:39:00+00:00,501.91,41.76,33,23,4,Friday,65,1,0,ATO,en,Bank debit card,0
04481f44-4ff4-4e71-bf37-af998cc8ad23,synth_7c4098aac111,gig_worker,tabddpm_synthetic,,['en'],ATO,2024-08-18T06:50:00+00:00,164.52,15.06,22,6,5,Saturday,3,1947,12,ATO,en,Bank debit card,0
fa3488bc-07c0-40f9-9015-7c512bbdbe1a,synth_e344bfa1067f,gig_worker,tabddpm_synthetic,,['en'],ATO,2024-08-28T23:47:00+00:00,576.45,28.49,45,23,5,Saturday,0,1,36,ATO,en,Bank debit card,1
e06a3809-1e7b-495f-a928-dd7fbd12b52c,synth_29eac20f5e3a,gig_worker,tabddpm_synthetic,,['en'],ATO,2024-05-27T11:05:00+00:00,5.0,0.0,32,11,0,Monday,1,1078,7,ATO,en,Bank debit card,0
73929c29-99c0-443d-8f36-d5b72a99efb1,synth_69fc512536a5,gig_worker,tabddpm_synthetic,,['en'],ATO,2024-09-08T10:45:00+00:00,85.01,9.55,33,10,3,Thursday,67,1,1,ATO,en,Bank debit card,0
b98b0b94-5136-4675-ac6c-f40189c71924,synth_d799b0126f8c,gig_worker,tabddpm_synthetic,,['en'],ATO,2024-07-06T23:59:00+00:00,66.38,1.64,45,23,3,Thursday,9,1,77,ATO,en,Bank debit card,1
8afb8066-e859-48d6-be02-568281eaa9af,synth_f65b9e9022db,gig_worker,tabddpm_synthetic,,['en'],ATO,2024-11-14T13:54:00+00:00,236.83,14.86,33,13,0,Monday,13,1978,4,ATO,en,Bank debit card,0
e51a0f46-ebd6-4f07-b46a-3fe806233ec1,synth_d0e3d587e59b,gig_worker,tabddpm_synthetic,,['en'],ATO,2024-08-31T23:43:00+00:00,6000.0,3000.0,45,23,0,Monday,90,1,100,ATO,en,Bank debit card,0
ae662e5c-4d17-4e05-9226-19233fccfda9,synth_4733b82538fd,gig_worker,tabddpm_synthetic,,['en'],ATO,2024-05-13T12:55:00+00:00,5.0,0.0,39,12,2,Wednesday,72,1,0,ATO,en,Bank debit card,0
4ecf0ddb-4313-479d-bb85-c3ca118d22d7,synth_2ced048ceffa,gig_worker,tabddpm_synthetic,,['en'],ATO,2024-11-12T11:12:00+00:00,192.92,14.72,26,11,4,Friday,10,907,6,ATO,en,Bank debit card,0
e2ce2d89-4934-47d6-9341-eb8f763a0995,synth_0532ca26dbd2,gig_worker,tabddpm_synthetic,,['en'],ATO,2024-08-22T08:59:00+00:00,5.0,0.0,42,8,3,Thursday,0,1625,3,ATO,en,Bank debit card,0
5c0efeea-5be0-4cfa-b3e7-e8a7ed6d3edc,synth_ce12cf00d179,gig_worker,tabddpm_synthetic,,['en'],ATO,2024-11-20T05:02:00+00:00,35.98,5.74,45,5,4,Friday,1,1964,6,ATO,en,Bank debit card,0
49e65c2f-394a-4d25-b59d-fc51160d6338,synth_5206f662ebde,gig_worker,tabddpm_synthetic,,['en'],ATO,2024-04-16T23:32:00+00:00,58.51,8.92,45,23,5,Saturday,21,1,7,ATO,en,Bank debit card,0
74559487-3f90-483d-b387-b79fb66aa522,synth_588582ea210d,gig_worker,tabddpm_synthetic,,['en'],ATO,2024-05-08T07:45:00+00:00,985.12,36.42,45,7,0,Monday,7,1,19,ATO,en,Bank debit card,1
6ef94af0-8bc0-4976-bcdb-3f29a1167aeb,synth_41cbbbff70b2,gig_worker,tabddpm_synthetic,,['en'],ATO,2024-03-02T03:08:00+00:00,64.35,14.78,24,3,0,Monday,16,638,8,ATO,en,Bank debit card,0
976c57f9-bf5b-4577-8da4-d043bb4e64f6,synth_0dac399dcbdd,gig_worker,tabddpm_synthetic,,['en'],ATO,2024-04-21T01:24:00+00:00,158.57,14.74,30,1,0,Monday,5,540,6,ATO,en,Bank debit card,0
b1a321c4-29ac-4e10-8364-69ed948e3e8d,synth_64261f4800eb,gig_worker,tabddpm_synthetic,,['en'],ATO,2024-07-29T10:39:00+00:00,206.85,0.0,27,10,3,Thursday,2,1258,0,ATO,en,Bank debit card,0
d87c0cc4-1dd2-426c-8725-0f57bd7e34df,synth_3c66a7298382,gig_worker,tabddpm_synthetic,,['en'],ATO,2024-07-10T07:48:00+00:00,191.8,11.18,28,7,1,Tuesday,37,1,1,ATO,en,Bank debit card,0
e0049e74-efc2-4270-9699-460b9d518900,synth_c01bab643785,gig_worker,tabddpm_synthetic,,['en'],ATO,2024-09-09T11:34:00+00:00,5.0,3.96,43,11,3,Thursday,1,2000,7,ATO,en,Bank debit card,0
a82aa846-01a9-496e-b89c-8cde0f225e0b,synth_a67b729864c6,gig_worker,tabddpm_synthetic,,['en'],ATO,2024-09-12T23:06:00+00:00,525.53,8.91,45,23,0,Monday,7,1,59,ATO,en,Bank debit card,1
dcb7c10c-da40-4a03-b6e2-688dd7fe5e9a,synth_9f42bfd67685,gig_worker,tabddpm_synthetic,,['en'],ATO,2024-07-15T23:48:00+00:00,6000.0,3000.0,45,23,0,Monday,0,1,100,ATO,en,Bank debit card,0
f55e7c02-6867-414c-a9d0-4daea9df8bdc,synth_f8c9bc09dc2e,gig_worker,tabddpm_synthetic,,['en'],CashApp,2024-01-12T16:54:00+00:00,54.01,1.56,43,16,4,Friday,0,1724,10,CashApp,en,Bank debit card,0
d6347c87-b430-43a9-811a-3cd7911075e3,synth_9af93bf4ae65,gig_worker,tabddpm_synthetic,,['en'],ATO,2024-07-11T23:38:00+00:00,5.0,5.11,45,23,6,Sunday,5,1,59,ATO,en,Bank debit card,0
c2c9be88-f5fe-4265-85e4-7ec957e1c249,synth_c8c85b8682ec,gig_worker,tabddpm_synthetic,,['en'],ATO,2024-09-25T14:07:00+00:00,96.04,2.92,37,14,6,Sunday,3,2000,6,ATO,en,Bank debit card,0
ba1b6a53-3d74-4e53-91ed-f936e6c10d8c,synth_ee1612c50376,gig_worker,tabddpm_synthetic,,['en'],ATO,2024-03-25T19:21:00+00:00,5.0,1.12,45,19,5,Saturday,33,1779,0,ATO,en,Bank debit card,0
740793a1-0a19-4358-aaba-7a015cd42797,synth_aa38bce83826,gig_worker,tabddpm_synthetic,,['en'],ATO,2024-04-29T23:29:00+00:00,6000.0,3000.0,45,23,0,Monday,90,1,100,ATO,en,Bank debit card,0
3fdf2177-dc6c-4cee-bcc8-31c63dc9cd7c,synth_7281deb38fd0,gig_worker,tabddpm_synthetic,,['en'],ATO,2024-07-14T13:26:00+00:00,563.44,35.73,45,13,0,Monday,0,442,30,ATO,en,Bank debit card,0
edb1c6fd-c5ca-4219-b3ec-03f26077f440,synth_f19cd4b428c6,gig_worker,tabddpm_synthetic,,['en'],ATO,2024-08-09T08:37:00+00:00,451.93,19.13,35,8,0,Monday,90,1,5,ATO,en,Bank debit card,0
c88a99a7-9b37-418d-b5e8-370a2a075a55,synth_a5b167e0352f,gig_worker,tabddpm_synthetic,,['en'],ATO,2024-11-03T23:28:00+00:00,6000.0,3000.0,45,23,0,Monday,90,2000,100,ATO,en,Bank debit card,0
8a49a78c-a446-451e-b802-12ff4a4df490,synth_a6ff5206dd58,gig_worker,tabddpm_synthetic,,['en'],ATO,2024-08-31T23:36:00+00:00,6000.0,3000.0,45,23,0,Monday,0,1,100,ATO,en,Bank debit card,0
4b0c4640-3ce6-44b1-a049-e1be202ed7fc,synth_cbe4a9f23d9a,gig_worker,tabddpm_synthetic,,['en'],ATO,2024-08-31T17:31:00+00:00,5.0,17.58,36,17,3,Thursday,13,269,1,ATO,en,Bank debit card,0
3e34292b-2bd1-4766-8f66-1996b052ba21,synth_807b17528d9c,gig_worker,tabddpm_synthetic,,['en'],ATO,2024-09-24T08:36:00+00:00,430.49,8.73,45,8,1,Tuesday,70,1,0,ATO,en,Bank debit card,0
8575281c-2158-4bc4-add4-b601441ec63b,synth_99fab4c8a93a,gig_worker,tabddpm_synthetic,,['en'],ATO,2024-09-08T18:31:00+00:00,52.28,8.18,24,18,6,Sunday,0,1,17,ATO,en,Bank debit card,0
a196d088-c36d-492c-89b6-eb18d1e28d4c,synth_713d70b46d8c,gig_worker,tabddpm_synthetic,,['en'],ATO,2024-06-19T23:00:00+00:00,6000.0,911.21,45,23,0,Monday,36,1682,28,ATO,en,Bank debit card,0
4857e902-cbd3-43d3-92f7-3a7cd9f4e50b,synth_ee16e159bde9,gig_worker,tabddpm_synthetic,,['en'],ATO,2024-07-14T07:41:00+00:00,299.49,23.89,29,7,0,Monday,69,1,7,ATO,en,Bank debit card,0
7a8046f3-7335-4d1e-aca5-540eb6856cd6,synth_fccd11f6fe9b,gig_worker,tabddpm_synthetic,,['en'],ATO,2024-01-20T17:44:00+00:00,326.42,9.59,21,17,6,Sunday,3,6,7,ATO,en,Bank debit card,0
90a36045-0073-4201-9490-dec9aa820a72,synth_23318a0a6517,gig_worker,tabddpm_synthetic,,['en'],ATO,2024-10-11T13:53:00+00:00,51.0,10.89,20,13,0,Monday,20,1867,2,ATO,en,Bank debit card,0
a5b2079b-c4e4-4618-b49a-0282a94651f2,synth_31209e1ee25a,gig_worker,tabddpm_synthetic,,['en'],ATO,2024-01-13T23:24:00+00:00,6000.0,3000.0,45,23,0,Monday,90,2000,100,ATO,en,Bank debit card,0
30cda43f-054d-4703-9898-7d844f382e0f,synth_9457da6063bf,gig_worker,tabddpm_synthetic,,['en'],ATO,2024-10-31T06:25:00+00:00,222.6,9.48,18,6,3,Thursday,1,1578,10,ATO,en,Bank debit card,0
a0561c0f-8eba-4b8b-b1b9-c3b044b76496,synth_7fee28e23715,gig_worker,tabddpm_synthetic,,['en'],ATO,2024-06-22T23:46:00+00:00,6000.0,3000.0,45,23,0,Monday,0,2000,100,ATO,en,Bank debit card,0
2cc4364e-46e4-4119-ae57-aa0d48ae3a5e,synth_70a08acbdeb4,gig_worker,tabddpm_synthetic,,['en'],ATO,2024-08-23T23:35:00+00:00,6000.0,3000.0,45,23,0,Monday,32,2000,100,ATO,en,Bank debit card,0
a0cef5c6-2c53-46ca-98a3-b81cb76ee359,synth_d99d999f385b,gig_worker,tabddpm_synthetic,,['en'],ATO,2024-07-05T23:53:00+00:00,6000.0,3000.0,45,23,0,Monday,90,2000,100,ATO,en,Bank debit card,0
b54ab978-cbd6-45b3-a9d0-7cc91b1b96ac,synth_4cb5b600a3fd,gig_worker,tabddpm_synthetic,,['en'],ATO,2024-05-14T23:35:00+00:00,6000.0,3000.0,45,23,0,Monday,90,1,100,ATO,en,Bank debit card,0
c8826c86-85fc-4107-8ea5-ce5ce4bc9545,synth_284ed7c9f117,gig_worker,tabddpm_synthetic,,['en'],ATO,2024-04-20T23:24:00+00:00,5.0,0.0,45,23,6,Sunday,0,1,100,ATO,en,Bank debit card,1
48a06d12-09b3-4dbc-97b2-864a321211e7,synth_ac890f67d902,gig_worker,tabddpm_synthetic,,['en'],ATO,2024-10-23T15:49:00+00:00,212.08,12.56,32,15,1,Tuesday,18,954,5,ATO,en,Bank debit card,0
99aba2e8-f667-47c9-afd4-2d8cd3df7a2f,synth_ebc654213f59,gig_worker,tabddpm_synthetic,,['en'],ATO,2024-04-04T13:27:00+00:00,279.91,20.64,30,13,0,Monday,20,600,3,ATO,en,Bank debit card,0
8cbeef13-26ef-4e04-8844-dee62b63526d,synth_d6bb7cf104bc,gig_worker,tabddpm_synthetic,,['en'],ATO,2024-07-17T23:17:00+00:00,83.18,0.0,40,23,1,Tuesday,22,644,6,ATO,en,Bank debit card,0
f6c27a64-9f18-4439-b643-86c6285fbf7f,synth_84a117fbcee4,gig_worker,tabddpm_synthetic,,['en'],ATO,2024-10-17T05:54:00+00:00,335.51,16.22,37,5,4,Friday,8,1,4,ATO,en,Bank debit card,0
19c60c8e-fb78-4464-8588-ad17da17bb61,synth_90e785c31077,gig_worker,tabddpm_synthetic,,['en'],ATO,2024-04-18T07:09:00+00:00,5.0,0.0,44,7,2,Wednesday,0,1806,4,ATO,en,Bank debit card,0
e88d3bc5-8352-4b7e-91af-59fc7f77a418,synth_5919bb4e2111,gig_worker,tabddpm_synthetic,,['en'],ATO,2024-10-11T23:17:00+00:00,5.0,0.0,18,23,6,Sunday,0,1,100,ATO,en,Bank debit card,1
f71acd0a-17fa-4e32-b321-00cb97c44ab1,synth_8b21cd7046b1,gig_worker,tabddpm_synthetic,,['en'],ATO,2024-08-07T23:44:00+00:00,6000.0,3000.0,45,23,0,Monday,85,1055,100,ATO,en,Bank debit card,0
56bc9512-4e45-4bd8-b580-2ce3b041b588,synth_663dc7ac8a66,gig_worker,tabddpm_synthetic,,['en'],ATO,2024-10-13T09:34:00+00:00,5.0,0.58,30,9,4,Friday,4,1812,8,ATO,en,Bank debit card,0
0ef47b41-dd70-4ab6-8c1f-6481ef811052,synth_61e6c07ac855,gig_worker,tabddpm_synthetic,,['en'],ATO,2024-05-27T23:28:00+00:00,1196.6,48.7,45,23,0,Monday,3,1,59,ATO,en,Bank debit card,1
7ba5aeef-9c60-4d1b-b2ed-51602bb1cc7d,synth_63d17b0e1847,gig_worker,tabddpm_synthetic,,['en'],ATO,2024-07-26T11:21:00+00:00,176.77,18.42,38,11,2,Wednesday,2,665,14,ATO,en,Bank debit card,0
1bfab6ff-c628-4b64-b906-e751ec4c706c,synth_fe109f506ace,gig_worker,tabddpm_synthetic,,['en'],ATO,2024-09-12T15:49:00+00:00,77.18,10.44,30,15,6,Sunday,4,1236,2,ATO,en,Bank debit card,0
09398ca7-84a1-46ff-a56f-441e758c8e53,synth_9c2d3cf3a773,gig_worker,tabddpm_synthetic,,['en'],ATO,2024-07-03T09:00:00+00:00,69.76,5.75,32,9,0,Monday,2,654,3,ATO,en,Bank debit card,0
37041424-0b60-4844-b8f7-2c9548e82950,synth_049619093349,gig_worker,tabddpm_synthetic,,['en'],ATO,2024-02-08T12:09:00+00:00,377.55,0.0,25,12,4,Friday,88,1082,4,ATO,en,Bank debit card,0
a1b26bd4-bbab-433b-88ca-1f1d1b8ca711,synth_71e524094e9d,gig_worker,tabddpm_synthetic,,['en'],ATO,2024-09-23T00:59:00+00:00,10.82,0.0,45,0,0,Monday,90,1,0,ATO,en,Bank debit card,0
b62325a5-058e-4aa2-9e55-95f6479e10c2,synth_7321e402e2b6,gig_worker,tabddpm_synthetic,,['en'],ATO,2024-12-13T23:00:00+00:00,6000.0,598.58,45,23,0,Monday,90,1,18,ATO,en,Bank debit card,0
c99994f5-aa81-4574-b53a-bba0239c5e73,synth_21e8a36a4356,gig_worker,tabddpm_synthetic,,['en'],ATO,2024-03-15T23:59:00+00:00,6000.0,3000.0,45,23,0,Monday,0,1,100,ATO,en,Bank debit card,1
f46c328b-41cf-4094-b093-b16b09fc199f,synth_9e91013c4673,gig_worker,tabddpm_synthetic,,['en'],ATO,2024-11-10T06:57:00+00:00,469.32,0.0,45,6,0,Monday,90,1,0,ATO,en,Bank debit card,0
a4eabdd8-8875-4cd5-9ed2-b9828a49200e,synth_914de5d11c5c,gig_worker,tabddpm_synthetic,,['en'],ATO,2024-06-18T09:34:00+00:00,5.0,0.0,45,9,6,Sunday,0,2000,0,ATO,en,Bank debit card,0
0efd6a2e-1094-4143-a4a3-fd7521dd9fba,synth_9613f7039ad5,gig_worker,tabddpm_synthetic,,['en'],ATO,2024-08-25T23:42:00+00:00,271.3,34.61,20,23,6,Sunday,17,274,8,ATO,en,Bank debit card,0
f45a54a4-21af-47e9-9519-35f17fe525b6,synth_03645af56a82,gig_worker,tabddpm_synthetic,,['en'],ATO,2024-06-03T02:44:00+00:00,178.64,36.86,45,2,1,Tuesday,7,1,35,ATO,en,Bank debit card,1
f1e64d5c-8189-4fc0-b9a3-f68186d9cdc3,synth_96162110604e,gig_worker,tabddpm_synthetic,,['en'],ATO,2024-08-26T05:46:00+00:00,5.0,1.86,45,5,6,Sunday,4,1561,1,ATO,en,Bank debit card,0
74624059-c41b-4bea-821c-07a6cf6916ce,synth_eabe431975c7,gig_worker,tabddpm_synthetic,,['en'],ATO,2024-10-13T09:08:00+00:00,312.89,19.25,44,9,0,Monday,7,1,39,ATO,en,Bank debit card,1
94c95d39-53f1-4dc9-a31b-eb36267b0217,synth_dc8319f5070d,gig_worker,tabddpm_synthetic,,['en'],ATO,2024-08-29T11:52:00+00:00,29.9,6.31,28,11,5,Saturday,22,770,4,ATO,en,Bank debit card,0
c763b04c-88e4-432a-b199-c0502e262321,synth_0fd435c085c5,gig_worker,tabddpm_synthetic,,['en'],ATO,2024-02-09T00:52:00+00:00,664.7,0.0,45,0,0,Monday,90,1,0,ATO,en,Bank debit card,0
a9487ff5-8804-4b9c-8f27-69ab0ca166cc,synth_584b14d378ac,gig_worker,tabddpm_synthetic,,['en'],ATO,2024-12-01T08:08:00+00:00,5.0,1.1,45,8,6,Sunday,5,1727,0,ATO,en,Bank debit card,0
dfc15887-f706-46d4-bb91-5b695703fb9e,synth_ce30eded1c26,gig_worker,tabddpm_synthetic,,['en'],ATO,2024-08-10T23:32:00+00:00,818.82,58.02,22,23,3,Thursday,89,1,0,ATO,en,Bank debit card,0
12a56fb8-96c7-48e8-a8f4-56bb55735ec3,synth_a5d54d3ff280,gig_worker,tabddpm_synthetic,,['en'],ATO,2024-01-01T23:34:00+00:00,6000.0,3000.0,45,23,0,Monday,0,2000,100,ATO,en,Bank debit card,0
bb595628-e542-4e85-ad00-a9c62bc54b0f,synth_aa85f41c5052,gig_worker,tabddpm_synthetic,,['en'],ATO,2024-05-20T12:52:00+00:00,157.83,13.86,34,12,5,Saturday,10,577,0,ATO,en,Bank debit card,0
9f729f66-2c8b-46cf-819a-8eb40a87b0a7,synth_002742806000,gig_worker,tabddpm_synthetic,,['en'],ATO,2024-01-06T14:44:00+00:00,168.08,13.55,37,14,3,Thursday,27,857,2,ATO,en,Bank debit card,0
4c8d7f7e-1404-4172-81a8-101f8fc3b3d6,synth_3e8cc1b2286d,gig_worker,tabddpm_synthetic,,['en'],ATO,2024-10-13T08:53:00+00:00,108.33,9.04,29,8,3,Thursday,6,2000,3,ATO,en,Bank debit card,0
713dba5f-1566-45e6-a32f-cc8f92eeb170,synth_3aebbf54137c,gig_worker,tabddpm_synthetic,,['en'],ATO,2024-04-30T23:11:00+00:00,6000.0,3000.0,45,23,0,Monday,0,2000,100,ATO,en,Bank debit card,0
451785ae-b8d8-479f-bc5d-46d7380e1268,synth_896823eefd59,gig_worker,tabddpm_synthetic,,['en'],ATO,2024-04-11T13:39:00+00:00,26.14,7.02,45,13,3,Thursday,16,1426,0,ATO,en,Bank debit card,0
ff0cefa2-80b7-4cb0-9256-55bc5782e4c9,synth_f39252616cf7,gig_worker,tabddpm_synthetic,,['en'],ATO,2024-11-28T07:51:00+00:00,353.24,6.82,30,7,2,Wednesday,4,1364,3,ATO,en,Bank debit card,0
4d6e3d62-4cc7-43b9-b7a8-69daeb883272,synth_ae63fb7d1c67,gig_worker,tabddpm_synthetic,,['en'],ATO,2024-09-21T23:06:00+00:00,5.0,0.0,45,23,6,Sunday,0,1,100,ATO,en,Bank debit card,1
708f2617-22cd-4591-b5dd-e8c3c724d075,synth_de3371f29bf3,gig_worker,tabddpm_synthetic,,['en'],ATO,2024-02-25T23:07:00+00:00,6000.0,3000.0,45,23,0,Monday,90,2000,100,ATO,en,Bank debit card,0
19d7c572-ac88-43d9-9d4d-8a5b083b6072,synth_f5c201313987,gig_worker,tabddpm_synthetic,,['en'],ATO,2024-06-03T23:27:00+00:00,5.0,0.0,30,23,6,Sunday,7,1289,8,ATO,en,Bank debit card,0
57e1736e-a84b-43c4-a17a-5f16ab3e39a0,synth_854872a684fb,gig_worker,tabddpm_synthetic,,['en'],ATO,2024-11-07T23:05:00+00:00,6000.0,3000.0,45,23,0,Monday,90,2000,100,ATO,en,Bank debit card,0
8625aacb-510b-40ff-bbea-686f59264e32,synth_a0a1baf44168,gig_worker,tabddpm_synthetic,,['en'],ATO,2024-03-21T17:27:00+00:00,55.3,2.63,21,17,3,Thursday,1,1557,5,ATO,en,Bank debit card,0
035ea3e0-8437-44bc-b7be-690c4ba1bbde,synth_d0ea797f197f,gig_worker,tabddpm_synthetic,,['en'],ATO,2024-03-19T23:39:00+00:00,130.98,8.46,18,23,6,Sunday,8,1,7,ATO,en,Bank debit card,0
b7737f88-7bd6-44f7-b191-c11c49d85d53,synth_71037914a57d,gig_worker,tabddpm_synthetic,,['en'],ATO,2024-08-21T07:28:00+00:00,109.52,2.25,33,7,0,Monday,4,525,4,ATO,en,Bank debit card,0
bc4a9a73-a348-47cc-945c-1eb6c9dc54a4,synth_48015a006d76,gig_worker,tabddpm_synthetic,,['en'],ATO,2024-04-20T23:10:00+00:00,6000.0,3000.0,45,23,0,Monday,0,2000,100,ATO,en,Bank debit card,0
d7beec07-676f-4e28-9ee0-7265791ccdd8,synth_ca3566de9312,gig_worker,tabddpm_synthetic,,['en'],ATO,2024-08-30T02:52:00+00:00,5.0,0.0,39,2,0,Monday,90,1,0,ATO,en,Bank debit card,0
1404e8e1-73ff-41e8-bca1-7961c72f6d5b,synth_a56c5a910e47,gig_worker,tabddpm_synthetic,,['en'],ATO,2024-08-24T23:31:00+00:00,6000.0,2426.78,45,23,0,Monday,90,1233,21,ATO,en,Bank debit card,0
2298d0e1-4a7a-4418-9be1-954d2575c2c8,synth_3f6659e89c64,gig_worker,tabddpm_synthetic,,['en'],ATO,2024-02-11T23:03:00+00:00,6000.0,3000.0,45,23,0,Monday,0,1,100,ATO,en,Bank debit card,0
7aec3750-6cb6-41cf-8737-8237ccfdc692,synth_4038099f9e78,gig_worker,tabddpm_synthetic,,['en'],ATO,2024-05-11T00:52:00+00:00,6000.0,3000.0,45,0,0,Monday,0,2000,74,ATO,en,Bank debit card,0
cff67780-961c-489f-9a02-bcfd73e1a0a8,synth_5e39fda96938,gig_worker,tabddpm_synthetic,,['en'],ATO,2024-06-21T11:02:00+00:00,175.82,12.31,33,11,4,Friday,4,1452,6,ATO,en,Bank debit card,0
cf08a717-461e-4f54-85c6-fcef3a91e839,synth_1428ed62ff0c,gig_worker,tabddpm_synthetic,,['en'],ATO,2024-10-01T23:29:00+00:00,6000.0,3000.0,45,23,0,Monday,0,1,100,ATO,en,Bank debit card,0
393f3140-c5bf-4fd5-92db-3b0c722f45c4,synth_da65b8456231,gig_worker,tabddpm_synthetic,,['en'],ATO,2024-06-02T23:56:00+00:00,6000.0,3000.0,45,23,0,Monday,90,1,100,ATO,en,Bank debit card,0
1931cd96-154a-4821-90e0-80e45551a750,synth_9a246d66ae70,gig_worker,tabddpm_synthetic,,['en'],ATO,2024-03-07T23:21:00+00:00,4395.5,168.84,45,23,0,Monday,4,1,86,ATO,en,Bank debit card,1
c38f3547-d6bf-479f-8295-f6338ba2bd4d,synth_a56550600e3a,gig_worker,tabddpm_synthetic,,['en'],ATO,2024-02-29T17:00:00+00:00,5.0,0.0,27,17,2,Wednesday,77,1,3,ATO,en,Bank debit card,0
b714bab9-a123-4e94-b7a5-00dc632b11f0,synth_d5d05cde9628,gig_worker,tabddpm_synthetic,,['en'],ATO,2024-02-04T14:38:00+00:00,126.02,4.55,34,14,6,Sunday,2,424,11,ATO,en,Bank debit card,0
88192521-f504-44d9-a59b-18ad57b5fc6f,synth_6bfd0e2ea243,gig_worker,tabddpm_synthetic,,['en'],ATO,2024-01-17T23:12:00+00:00,6000.0,3000.0,45,23,6,Sunday,18,1702,100,ATO,en,Bank debit card,0
35d3bef6-a075-4791-ae8f-717fcd2f5403,synth_77403cf3a0b8,gig_worker,tabddpm_synthetic,,['en'],ATO,2024-08-24T05:32:00+00:00,13.93,0.81,45,5,1,Tuesday,58,1,1,ATO,en,Bank debit card,0
5c817816-02ad-43c6-9536-de52eb63af2d,synth_6f9a9bcbd5bc,gig_worker,tabddpm_synthetic,,['en'],ATO,2024-03-18T23:36:00+00:00,1020.56,37.54,27,23,1,Tuesday,81,1,3,ATO,en,Bank debit card,0
db8aa78c-391d-4524-9c96-83e9896a54a4,synth_f12c61706e4b,gig_worker,tabddpm_synthetic,,['en'],ATO,2024-01-02T23:32:00+00:00,60.83,2.04,45,23,3,Thursday,40,827,0,ATO,en,Bank debit card,0
9e9047dc-129d-4c3f-bdfa-ef7e5877342c,synth_cd5a39e06581,gig_worker,tabddpm_synthetic,,['en'],ATO,2024-08-18T23:05:00+00:00,6000.0,3000.0,45,23,0,Monday,0,1,100,ATO,en,Bank debit card,0
a0e3a945-34d3-4d28-8989-061e526608e8,synth_617252b9d119,gig_worker,tabddpm_synthetic,,['en'],ATO,2024-05-01T23:55:00+00:00,3620.48,150.62,45,23,0,Monday,2,1,72,ATO,en,Bank debit card,1
8679cbfa-9bea-46f3-b06b-8f429081e508,synth_ffea06a5e3dc,gig_worker,tabddpm_synthetic,,['en'],ATO,2024-02-07T23:56:00+00:00,5.0,0.0,45,23,6,Sunday,1,1,42,ATO,en,Bank debit card,0
7c7c6a25-16ee-4361-8340-e3a15f487ccb,synth_c63ea02c7134,gig_worker,tabddpm_synthetic,,['en'],ATO,2024-02-21T02:51:00+00:00,204.39,0.0,45,2,0,Monday,90,1,0,ATO,en,Bank debit card,0
0ec2f83b-0636-42b4-baa0-ce88e009a66d,synth_846e2381e6dc,gig_worker,tabddpm_synthetic,,['en'],ATO,2024-02-20T00:56:00+00:00,377.32,0.0,21,0,0,Monday,90,1,0,ATO,en,Bank debit card,0
67a2551c-e441-4080-a42c-bb8bfdef6d46,synth_cffc43aeacf8,gig_worker,tabddpm_synthetic,,['en'],ATO,2024-03-25T11:15:00+00:00,402.11,32.01,18,11,0,Monday,5,1007,7,ATO,en,Bank debit card,0
361473a5-0561-4e92-aac7-8d989241665f,synth_e99a2da8e07b,gig_worker,tabddpm_synthetic,,['en'],ATO,2024-05-07T23:05:00+00:00,6000.0,3000.0,45,23,0,Monday,0,1,100,ATO,en,Bank debit card,0
b878105a-f34c-4c81-9dd9-16c88309db52,synth_abe05bea35e7,gig_worker,tabddpm_synthetic,,['en'],ATO,2024-07-14T23:11:00+00:00,6000.0,574.17,44,23,6,Sunday,0,1,100,ATO,en,Bank debit card,0
0564da63-914e-44e6-a30b-edbc748ab856,synth_74ab4cf4e949,gig_worker,tabddpm_synthetic,,['en'],ATO,2024-02-13T05:27:00+00:00,88.1,12.14,45,5,1,Tuesday,77,1,7,ATO,en,Bank debit card,0
a582b317-6c1a-4521-b364-e11af1a0b337,synth_520481413c46,gig_worker,tabddpm_synthetic,,['en'],ATO,2024-10-04T07:20:00+00:00,173.05,0.0,42,7,3,Thursday,90,1,0,ATO,en,Bank debit card,0
4b5e65bc-1ec2-4767-a829-c85fc22aeb03,synth_46c2f49de259,gig_worker,tabddpm_synthetic,,['en'],ATO,2024-12-13T13:01:00+00:00,1443.51,54.73,37,13,2,Wednesday,7,2000,13,ATO,en,Bank debit card,0
85d1df62-98a7-4fea-b1c4-ad539a670b66,synth_164f971e59b8,gig_worker,tabddpm_synthetic,,['en'],ATO,2024-10-11T23:02:00+00:00,672.43,56.36,21,23,6,Sunday,41,1,0,ATO,en,Bank debit card,0
2d01779e-6eaa-41ea-b1d1-107c98839f11,synth_274b8fa056cd,gig_worker,tabddpm_synthetic,,['en'],ATO,2024-04-24T08:19:00+00:00,196.56,13.42,20,8,1,Tuesday,12,1212,10,ATO,en,Bank debit card,0
596b996b-97a0-448b-b659-7d98295c5805,synth_bd6d30d33f40,gig_worker,tabddpm_synthetic,,['en'],ATO,2024-05-14T06:42:00+00:00,38.83,0.92,35,6,6,Sunday,14,315,6,ATO,en,Bank debit card,0
6c26e5d8-0403-4a2b-bba6-66b0258b46e7,synth_51f7f5035c9b,gig_worker,tabddpm_synthetic,,['en'],ATO,2024-03-24T10:52:00+00:00,23.51,9.93,45,10,4,Friday,7,1326,7,ATO,en,Bank debit card,0
9690113e-058e-4d08-b3c6-13b2e92dfac7,synth_f391fb62a794,gig_worker,tabddpm_synthetic,,['en'],ATO,2024-09-05T23:10:00+00:00,255.24,27.84,28,23,6,Sunday,8,400,10,ATO,en,Bank debit card,0
fe74bc09-6570-4203-9947-4139f1f40d6f,synth_1eafb5e204ae,gig_worker,tabddpm_synthetic,,['en'],ATO,2024-03-22T05:33:00+00:00,226.36,4.98,33,5,3,Thursday,8,704,4,ATO,en,Bank debit card,0
90e41b59-b55f-491d-b39f-84399a50a776,synth_8f4657d0d1f9,gig_worker,tabddpm_synthetic,,['en'],ATO,2024-01-06T23:05:00+00:00,5.0,0.0,45,23,6,Sunday,0,1,100,ATO,en,Bank debit card,1
4496afac-bacc-458e-b9bc-a289c0e71702,synth_889d3d22dd13,gig_worker,tabddpm_synthetic,,['en'],ATO,2024-12-24T00:47:00+00:00,77.24,0.0,45,0,0,Monday,90,1,0,ATO,en,Bank debit card,0
e996d50c-72bf-4789-9e00-b2ed9836d46f,synth_2da1cafe0c12,gig_worker,tabddpm_synthetic,,['en'],ATO,2024-12-29T08:27:00+00:00,386.04,12.92,27,8,5,Saturday,28,326,5,ATO,en,Bank debit card,0
cf5fb18f-bd83-460c-89ba-30740bad533c,synth_c27f8a4c9ec8,gig_worker,tabddpm_synthetic,,['en'],ATO,2024-11-10T00:44:00+00:00,499.91,0.0,40,0,0,Monday,90,1,0,ATO,en,Bank debit card,0
ec088efa-b7c0-4962-b2ec-84639a8e1255,synth_83cdbd7e681d,gig_worker,tabddpm_synthetic,,['en'],ATO,2024-08-17T09:20:00+00:00,130.89,2.32,45,9,6,Sunday,7,1876,5,ATO,en,Bank debit card,0
ccdd7ccf-f440-4d59-a0ab-983f11f53d6d,synth_4582967a3148,gig_worker,tabddpm_synthetic,,['en'],ATO,2024-03-03T23:13:00+00:00,5.0,0.0,29,23,6,Sunday,0,1,100,ATO,en,Bank debit card,0
7213fa1f-b599-469b-8d97-d391d5c0d7b9,synth_35d67f3e59dc,gig_worker,tabddpm_synthetic,,['en'],ATO,2024-01-18T23:34:00+00:00,6000.0,1454.08,45,23,0,Monday,4,1,100,ATO,en,Bank debit card,1
6cd5f998-5ce8-44c1-a1e2-a0cbb4a5cbb4,synth_07f8295bd7c3,gig_worker,tabddpm_synthetic,,['en'],ATO,2024-03-03T10:31:00+00:00,5.0,2.99,35,10,2,Wednesday,6,1585,6,ATO,en,Bank debit card,0
d505dbb9-2a0e-4d6c-9eb2-03702c18b0f6,synth_47f9f79ef660,gig_worker,tabddpm_synthetic,,['en'],ATO,2024-08-17T23:51:00+00:00,6000.0,3000.0,45,23,0,Monday,90,2000,100,ATO,en,Bank debit card,0
5974ea2f-cd8d-45f0-9f74-81d0aa95d1b6,synth_718844c0c516,gig_worker,tabddpm_synthetic,,['en'],ATO,2024-01-09T20:37:00+00:00,270.42,24.62,24,20,5,Saturday,9,966,8,ATO,en,Bank debit card,0
4ee0e2c7-9ecf-4156-b26b-6d646e102bd9,synth_055f48a09168,gig_worker,tabddpm_synthetic,,['en'],ATO,2024-04-07T15:30:00+00:00,230.86,16.75,45,15,4,Friday,7,1662,0,ATO,en,Bank debit card,0
2aa16f99-ef39-4efe-9f44-bbc2d61c9ec6,synth_cf534380de66,gig_worker,tabddpm_synthetic,,['en'],ATO,2024-10-15T07:34:00+00:00,185.2,2.51,45,7,3,Thursday,90,1,1,ATO,en,Bank debit card,0
a2743f50-17ef-4080-9c7b-719f9adf080e,synth_b765e1a12dd6,gig_worker,tabddpm_synthetic,,['en'],ATO,2024-06-16T23:06:00+00:00,5.0,0.0,45,23,6,Sunday,0,1,100,ATO,en,Bank debit card,1
47cc7bba-ac19-41c9-adae-047254222f5c,synth_21e4aed35b5f,gig_worker,tabddpm_synthetic,,['en'],ATO,2024-02-29T04:18:00+00:00,762.35,5.84,36,4,6,Sunday,5,1,8,ATO,en,Bank debit card,0
b61e07c1-9905-456c-8a8e-d996f864339e,synth_b88b9af08c51,gig_worker,tabddpm_synthetic,,['en'],ATO,2024-12-16T23:54:00+00:00,1121.05,101.82,21,23,6,Sunday,77,1,0,ATO,en,Bank debit card,0
416c405d-eb10-45ff-9a7b-b03f235fc75f,synth_6a4713e807b6,gig_worker,tabddpm_synthetic,,['en'],ATO,2024-07-23T23:22:00+00:00,6000.0,3000.0,45,23,0,Monday,0,2000,100,ATO,en,Bank debit card,0
fb6e47e4-3b71-4ed3-8165-f9c703c53a32,synth_ee1e8dab1388,gig_worker,tabddpm_synthetic,,['en'],ATO,2024-01-09T00:27:00+00:00,392.9,0.0,45,0,0,Monday,90,1,0,ATO,en,Bank debit card,0
09fa9f96-a307-45eb-8c7a-fe5a14b426a3,synth_da09bb56df97,gig_worker,tabddpm_synthetic,,['en'],ATO,2024-09-14T23:29:00+00:00,6000.0,3000.0,45,23,0,Monday,55,2000,100,ATO,en,Bank debit card,0
2bd345b1-9792-49c6-ac63-b950c5a208fe,synth_c0d48fdd1ed3,gig_worker,tabddpm_synthetic,,['en'],ATO,2024-02-05T13:01:00+00:00,195.28,4.27,32,13,1,Tuesday,86,1,5,ATO,en,Bank debit card,0
3112a73d-e805-45c6-80dc-ceea844fc2c9,synth_463b19d93f17,gig_worker,tabddpm_synthetic,,['en'],ATO,2024-08-11T08:42:00+00:00,624.07,11.43,45,8,3,Thursday,90,1,0,ATO,en,Bank debit card,0
74ddec19-82d9-48fc-993d-0660bebe1598,synth_0b282546d010,gig_worker,tabddpm_synthetic,,['en'],ATO,2024-08-04T23:28:00+00:00,6000.0,3000.0,45,23,0,Monday,0,2000,100,ATO,en,Bank debit card,0
4cd58636-d1d5-47a2-960b-b87a9b43ba78,synth_d8a2deb0ee94,gig_worker,tabddpm_synthetic,,['en'],ATO,2024-03-09T23:03:00+00:00,1173.31,79.2,45,23,0,Monday,5,1,65,ATO,en,Bank debit card,1
5fc978a6-74b4-4692-851c-8fe8cc43d7af,synth_d5ad15a2794d,gig_worker,tabddpm_synthetic,,['en'],ATO,2024-12-01T23:49:00+00:00,134.34,21.73,25,23,6,Sunday,3,1,20,ATO,en,Bank debit card,0
97fd0b7f-7a49-4d55-9cce-0fb7144bac12,synth_88863f27fa53,gig_worker,tabddpm_synthetic,,['en'],ATO,2024-08-14T20:12:00+00:00,251.21,19.58,32,20,4,Friday,13,1,2,ATO,en,Bank debit card,0
8cf6977d-88be-46da-9143-e168939b457d,synth_a56f008620ae,gig_worker,tabddpm_synthetic,,['en'],ATO,2024-10-21T23:15:00+00:00,84.35,9.38,45,23,3,Thursday,2,1,63,ATO,en,Bank debit card,1
3b6cad6a-88e3-4ebc-bd33-8d4d72052c21,synth_46e447f78ef2,gig_worker,tabddpm_synthetic,,['en'],ATO,2024-09-23T12:20:00+00:00,5.0,0.0,42,12,2,Wednesday,14,756,2,ATO,en,Bank debit card,0
1f0ffc9f-584b-417b-9457-d603a920bcb6,synth_74968e82714f,gig_worker,tabddpm_synthetic,,['en'],ATO,2024-02-21T23:49:00+00:00,6000.0,2853.1,45,23,0,Monday,5,1,100,ATO,en,Bank debit card,0
5123ed4c-0833-4a91-b521-2f55c8dfdd59,synth_5a79090fbf17,gig_worker,tabddpm_synthetic,,['en'],ATO,2024-01-17T00:24:00+00:00,6000.0,1221.74,45,0,0,Monday,5,2000,15,ATO,en,Bank debit card,0
3003a2b8-b484-4a95-8340-38b4a62bdc5c,synth_50ab00550f2e,gig_worker,tabddpm_synthetic,,['en'],ATO,2024-03-31T00:27:00+00:00,876.4,0.0,45,0,0,Monday,90,1,0,ATO,en,Bank debit card,1
2f9d1a30-d209-498f-b184-ea1affbc90bd,synth_27502dd9cd1a,gig_worker,tabddpm_synthetic,,['en'],ATO,2024-07-07T23:14:00+00:00,64.36,20.98,45,23,4,Friday,0,875,21,ATO,en,Bank debit card,0
8bc9b8df-17ed-4410-8ccf-481ad54d0b97,synth_4881319ba49b,gig_worker,tabddpm_synthetic,,['en'],CashApp,2024-01-11T08:23:00+00:00,48.19,0.55,41,8,6,Sunday,1,803,3,CashApp,en,Bank debit card,0
46734c5f-c974-48eb-8eef-01885817fb3e,synth_261aec0c1a8b,gig_worker,tabddpm_synthetic,,['en'],ATO,2024-01-16T23:17:00+00:00,6000.0,3000.0,45,23,0,Monday,90,2000,100,ATO,en,Bank debit card,0
0a4b5312-7568-4140-9562-c098c99cb67d,synth_72d29fb4a2ed,gig_worker,tabddpm_synthetic,,['en'],ATO,2024-11-12T01:03:00+00:00,5.0,0.0,45,1,0,Monday,90,1,0,ATO,en,Bank debit card,0
17ea635b-961b-40a5-8356-b8ebde50e907,synth_e02fd402e7cc,gig_worker,tabddpm_synthetic,,['en'],ATO,2024-02-13T20:08:00+00:00,18.78,2.25,42,20,3,Thursday,77,1,4,ATO,en,Bank debit card,0
1354d188-cae0-4692-8c6d-8318dedb0795,synth_02c1c841221a,gig_worker,tabddpm_synthetic,,['en'],ATO,2024-04-24T02:01:00+00:00,471.34,11.25,45,2,0,Monday,90,1,0,ATO,en,Bank debit card,0
b6d7ba36-b17b-4f6d-a887-9f822986880c,synth_b246f52fa316,gig_worker,tabddpm_synthetic,,['en'],ATO,2024-09-03T12:30:00+00:00,5.0,0.0,45,12,6,Sunday,41,1,0,ATO,en,Bank debit card,0
0dc57c2d-951d-48a7-998f-68c377f99a23,synth_fecdd6b9aa32,gig_worker,tabddpm_synthetic,,['en'],ATO,2024-11-17T23:32:00+00:00,6000.0,3000.0,45,23,0,Monday,90,2000,100,ATO,en,Bank debit card,0
1cc1b69a-23fe-4cc4-94d5-74482b22c9ad,synth_e8f26e21e5f8,gig_worker,tabddpm_synthetic,,['en'],ATO,2024-09-29T07:40:00+00:00,331.19,13.97,20,7,0,Monday,54,425,5,ATO,en,Bank debit card,0
52a4551d-fe0b-47df-80ad-f4971f431dd6,synth_659de30a1a68,gig_worker,tabddpm_synthetic,,['en'],ATO,2024-09-23T23:58:00+00:00,6000.0,3000.0,45,23,0,Monday,0,2000,100,ATO,en,Bank debit card,0
815fa51c-c73e-469a-befc-f4be15c49158,synth_917baa2536e6,gig_worker,tabddpm_synthetic,,['en'],ATO,2024-02-26T23:14:00+00:00,52.89,14.37,41,23,6,Sunday,0,1,33,ATO,en,Bank debit card,0
2a5466a6-0f0a-44a3-843b-7a79fba08dfd,synth_3d0f77e1a7e3,gig_worker,tabddpm_synthetic,,['en'],ATO,2024-08-25T23:02:00+00:00,5.0,0.0,45,23,6,Sunday,0,1,70,ATO,en,Bank debit card,1
3a854f07-27bd-4381-a333-12cb9427848d,synth_07620062f40e,gig_worker,tabddpm_synthetic,,['en'],ATO,2024-06-21T23:49:00+00:00,6000.0,3000.0,45,23,0,Monday,90,2000,100,ATO,en,Bank debit card,0
466d5e65-480b-45dd-9f27-6bf26a9dd55e,synth_1317e2551300,gig_worker,tabddpm_synthetic,,['en'],ATO,2024-03-25T23:47:00+00:00,6000.0,3000.0,45,23,0,Monday,90,1,100,ATO,en,Bank debit card,0
cb1cf589-d2c1-4956-8d45-95df168bc3b5,synth_d08aab56f43c,gig_worker,tabddpm_synthetic,,['en'],ATO,2024-11-11T09:40:00+00:00,106.49,10.08,27,9,3,Thursday,3,272,5,ATO,en,Bank debit card,0
eeafd2b5-c6ed-4072-bdb2-ad380c1998fb,synth_7bd20801991b,gig_worker,tabddpm_synthetic,,['en'],ATO,2024-01-25T03:35:00+00:00,72.16,0.0,45,3,0,Monday,90,1,0,ATO,en,Bank debit card,0
e6e06923-aebd-4b4b-b7aa-1d37cf7afd19,synth_6490f1bccea5,gig_worker,tabddpm_synthetic,,['en'],ATO,2024-07-06T06:48:00+00:00,190.12,18.91,28,6,0,Monday,17,1369,6,ATO,en,Bank debit card,0
c9e8d89f-2c61-49b0-88f0-b0632873c1d4,synth_742cd33b29bb,gig_worker,tabddpm_synthetic,,['en'],ATO,2024-12-01T23:04:00+00:00,5.0,0.0,27,23,6,Sunday,0,474,27,ATO,en,Bank debit card,0
fb38b456-40ec-4264-a783-fea8175a242d,synth_aa4d0ecb0e59,gig_worker,tabddpm_synthetic,,['en'],ATO,2024-01-16T18:13:00+00:00,5.0,0.0,42,18,4,Friday,25,1293,7,ATO,en,Bank debit card,0
3cc97359-d269-452b-9283-5a04d49024fd,synth_eb7936966480,gig_worker,tabddpm_synthetic,,['en'],ATO,2024-08-17T19:11:00+00:00,275.7,0.0,45,19,1,Tuesday,90,1,0,ATO,en,Bank debit card,0
dbd12004-476a-42f9-95bc-61e106fca32d,synth_dd97899c57a0,gig_worker,tabddpm_synthetic,,['en'],CashApp,2024-10-16T07:10:00+00:00,31.39,8.92,43,7,2,Wednesday,2,1106,10,CashApp,en,Bank debit card,0
e2fdad8c-ead9-448e-84c9-131929f7757b,synth_42d947487b70,gig_worker,tabddpm_synthetic,,['en'],ATO,2024-12-28T11:18:00+00:00,5.0,0.0,42,11,2,Wednesday,3,1468,1,ATO,en,Bank debit card,0
95d45ef7-323e-4255-834d-56f8dcb1c666,synth_39795c3008eb,gig_worker,tabddpm_synthetic,,['en'],ATO,2024-07-21T11:55:00+00:00,33.77,14.4,18,11,1,Tuesday,6,1650,17,ATO,en,Bank debit card,0
55f67071-aaac-4ac4-b904-1abe45399344,synth_74902f39ad92,gig_worker,tabddpm_synthetic,,['en'],ATO,2024-02-17T23:33:00+00:00,423.26,27.35,24,23,6,Sunday,43,1,0,ATO,en,Bank debit card,0
bf534ffa-b0dc-45a6-978a-627f93e6aa48,synth_dc2600bd9ab5,gig_worker,tabddpm_synthetic,,['en'],ATO,2024-05-18T00:26:00+00:00,1312.28,0.0,45,0,0,Monday,90,1,0,ATO,en,Bank debit card,0
17bb135b-6543-4895-8abb-99dc9d4747d6,synth_3eb3f4277753,gig_worker,tabddpm_synthetic,,['en'],ATO,2024-08-22T07:11:00+00:00,169.04,22.44,33,7,5,Saturday,27,4,4,ATO,en,Bank debit card,0
0e975111-b757-4192-b983-6e526338de99,synth_0e2cbc6b4caa,gig_worker,tabddpm_synthetic,,['en'],ATO,2024-01-03T14:43:00+00:00,225.29,20.51,21,14,6,Sunday,24,1245,6,ATO,en,Bank debit card,0
