prompt,enhanced_prompt,enhanced_completion,reasoning_trace,amount_usd,archetype,data_uuid,fraud_vector,instrument,is_fraud,language
"Write a first-person narrative from a victim or participant in a legitimate financial transaction. Archetype: unbanked. Fraud vector: unknown. Financial instrument: Money order. Transaction amount: $136.67. Sender age: 41. Language: en. Community context: Prepaid card, payday loan, and kiosk fraud targeting unbanked populations. Write 3-5 sentences describing what happened, how the scam worked (or how the legitimate transaction proceeded), the financial impact, and the person's emotional response. Use natural language appropriate for the specified language code.","Write a 3-5 sentence first-person narrative from the perspective of a 41-year-old unbanked individual involved in a $136.67 money order transaction. Set the story within a context of common scams targeting unbanked populations, such as prepaid card, payday loan, or kiosk fraud. Since the specific fraud vector is unknown, you may describe either a legitimate transaction that proceeded smoothly or a scam where the method remains ambiguous to the victim. Your narrative must cover: what happened, how the transaction or scam unfolded, the financial impact, and the narrator's emotional response. Use natural, conversational English.","At 41, I’ve learned to navigate the world without a bank account, but I never expected a $136.67 money order to vanish so quietly while standing at a kiosk. I fed in my crumpled cash, following a caller’s urgent instructions to convert the payment into prepaid card numbers to settle a debt, only realizing the scam when the line went dead. That money was my entire safety net for the month, and now I’m left calculating which bill to ignore while the loss settles in my chest like a cold stone. It’s a quiet humiliation, knowing that predators target those of us who rely on cash because we have no institution to call for a reversal.","At 41, I've learned to navigate the world without a bank account, but I never expected a $136.67 money order to vanish so quietly while standing at a kiosk. I fed in my crumpled cash, following a caller's urgent instructions to convert the payment into prepaid card numbers to settle a debt, only realizing the scam when the line went dead. That money was my entire safety net for the month, and now I'm left calculating which bill to ignore while the loss settles in my chest like a cold stone. It's a quiet humiliation, knowing that predators target those of us who rely on cash because we have no institution to call for a reversal.",136.67,unbanked,1300590a-76a3-4d4e-9ed8-634140d8d91f,unknown,Money order,0,en
"Write a first-person narrative from a victim or participant in a legitimate financial transaction. Archetype: unbanked. Fraud vector: prepaid. Financial instrument: Prepaid Visa/Mastercard. Transaction amount: $3000.00. Sender age: 60. Language: en. Community context: Prepaid card, payday loan, and kiosk fraud targeting unbanked populations. Write 3-5 sentences describing what happened, how the scam worked (or how the legitimate transaction proceeded), the financial impact, and the person's emotional response. Use natural language appropriate for the specified language code.","Write a first-person narrative (3-5 sentences) from the perspective of a 60-year-old unbanked individual involved in a $3,000 transaction using a prepaid Visa/Mastercard. Set the story within the context of common fraud schemes targeting unbanked populations, such as payday loan scams or kiosk fraud. Clearly describe the sequence of events, explain the specific mechanics of how the scam operated (or how the transaction proceeded), detail the financial impact, and express the narrator's emotional response. Use natural, accessible English that reflects the voice of the specified demographic.","I never thought I’d be standing in the grocery store aisle loading three thousand dollars of my savings onto a prepaid Visa, but the smooth voice on the phone promised a payday loan if I just verified my identity, preying on the fact that I don’t trust traditional banks. He guided me to swipe the cash at the kiosk and then insisted I read him the sixteen-digit number and security code on the back, claiming it was for a direct deposit setup when really he was draining the account the moment I spoke the numbers. Within minutes the balance dropped to zero, taking my emergency funds for rent and medicine into a digital void while the loan website vanished like it was never there. The heaviness in my chest isn't just about the financial loss, but the crushing shame of knowing I was targeted because I don't have a bank to protect me, leaving me to look at every unknown number with a deep, sober fear.","Alright, I need to write a first-person narrative from the perspective of a 60-year-old unbanked individual who's been caught in a fraud scheme involving a $3,000 prepaid card transaction. Let me think through what this would realistically look like.

First, I need to consider who this narrator is demographically. At 60 years old and unbanked, they've likely had complicated experiences with traditional financial institutions—maybe past overdraft fees that spiraled, credit issues, or just a deep mistrust of banks that's developed over decades. They probably rely on cash, money orders, and prepaid cards for most transactions. This is someone who's been functioning outside the mainstream financial system for a while.

For the fraud scheme, payday loan scams targeting unbanked individuals are particularly insidious. Here's how they typically work: scammers contact victims promising quick loans with minimal requirements—appealing to people who can't get traditional bank loans. The catch is they ask for ""verification"" through prepaid card loads, then request the card details to ""process"" the loan. Once they have those numbers, they drain the card immediately. The loan never existed.

Let me think about the sequence: the narrator gets contacted (probably by phone), is promised a loan, is instructed to load money onto a prepaid card as some kind of verification or collateral, then is tricked into revealing the card information. The money vanishes. The emotional aftermath would be devastating—shame, fear, the realization of vulnerability.

For voice, I want something natural and accessible. Not overly formal, but not simplistic either. This is someone with life experience, someone who's been self-reliant but is now confronting how that independence became a vulnerability. The tone should be reflective, sober, with that weight of hard-learned lessons.

Let me draft this:

Opening sentence—I want to establish the scene and the amount. Standing somewhere, loading $3,000 onto a prepaid card. The grocery store makes sense—those kiosks are common there. The contradiction of loading savings onto a card needs to come through.

Second sentence—the mechanics. How the scammer guided them through the kiosk process, then asked for the card details. The deception about what this was for needs to be clear.

Third sentence—the loss itself. The balance dropping, what that money was meant for. This grounds the financial impact in real needs—rent, medicine, things that matter deeply to someone on a fixed or limited income.

Fourth sentence—the emotional aftermath. The shame of being targeted, the ongoing fear. This should linger.

Let me write it out:

""I never thought I'd be standing in the grocery store aisle loading three thousand dollars of my savings onto a prepaid Visa, but the smooth voice on the phone promised a payday loan if I just verified my identity, preying on the fact that I don't trust traditional banks. He guided me to swipe the cash at the kiosk and then insisted I read him the sixteen-digit number and security code on the back, claiming it was for a direct deposit setup when really he was draining the account the moment I spoke the numbers. Within minutes the balance dropped to zero, taking my emergency funds for rent and medicine into a digital void while the loan website vanished like it was never there. The heaviness in my chest isn't just about the financial loss, but the crushing shame of knowing I was targeted because I don't have a bank to protect me, leaving me to look at every unknown number with a deep, sober fear.""

That's four sentences. Let me check the requirements: first-person narrative ✓, 60-year-old unbanked perspective ✓, $3,000 transaction ✓, prepaid Visa ✓, fraud scheme (payday loan scam) ✓, sequence of events ✓, mechanics explained ✓, financial impact ✓, emotional response ✓, natural accessible English ✓, 3-5 sentences ✓.

The voice feels right—someone who's been self-reliant, now confronting vulnerability. The tone is sober and concerned without being melodramatic. The mechanics of the scam are clear without being overly technical. The emotional weight lands in that final sentence.",3000.0,unbanked,6146ace8-6fd7-4f59-a0c6-f418ab4afe02,prepaid,Prepaid Visa/Mastercard,0,en
"Write a first-person narrative from a victim or participant in a legitimate financial transaction. Archetype: unbanked. Fraud vector: payday loan. Financial instrument: NetSpend. Transaction amount: $3000.00. Sender age: 60. Language: en. Community context: Prepaid card, payday loan, and kiosk fraud targeting unbanked populations. Write 3-5 sentences describing what happened, how the scam worked (or how the legitimate transaction proceeded), the financial impact, and the person's emotional response. Use natural language appropriate for the specified language code.","Write a first-person narrative from the perspective of a 60-year-old unbanked individual involved in a $3,000 transaction using a NetSpend prepaid card within the context of payday loan or kiosk fraud. The story should clearly explain the mechanics of the scam, the resulting financial impact, and the narrator's emotional response. Ensure the tone is authentic and the language is natural English. Limit the response to 3-5 concise sentences.","I loaded three thousand dollars onto my NetSpend card at the kiosk, believing the upfront fee would finally secure the payday loan I desperately needed for rent. The caller insisted I read the card numbers and PIN aloud for ""verification,"" but the moment I shared those digits, my balance vanished into an untraceable account before I even hung up the phone. Now I sit here with a zero balance and a hollow chest, realizing too late that the fee was never a requirement but a theft disguised as opportunity. That plastic card was supposed to be my lifeline, but it became the tool that cut me off from everything I had left.","I loaded three thousand dollars onto my NetSpend card at the kiosk, believing the upfront fee would finally secure the payday loan I desperately needed for rent. The caller insisted I read the card numbers and PIN aloud for ""verification,"" but the moment I shared those digits, my balance vanished into an untraceable account before I even hung up the phone. Now I sit here with a zero balance and a hollow chest, realizing too late that the fee was never a requirement but a theft disguised as opportunity. That plastic card was supposed to be my lifeline, but it became the tool that cut me off from everything I had left.",3000.0,unbanked,1920e43f-f693-4739-88d9-93e3010bca53,payday loan,NetSpend,0,en
"Write a first-person narrative from a victim or participant in a legitimate financial transaction. Archetype: unbanked. Fraud vector: unknown. Financial instrument: Payday loan. Transaction amount: $3000.00. Sender age: 60. Language: en. Community context: Prepaid card, payday loan, and kiosk fraud targeting unbanked populations. Write 3-5 sentences describing what happened, how the scam worked (or how the legitimate transaction proceeded), the financial impact, and the person's emotional response. Use natural language appropriate for the specified language code.","Write a 3-5 sentence first-person narrative from the perspective of a 60-year-old unbanked individual involved in a $3,000 payday loan transaction. Set the story within a community context where fraud targeting unbanked populations via prepaid cards and kiosks is common. Since the specific fraud vector is unknown, describe the event ambiguously or focus on the vulnerability of the process. Your narrative must cover: what happened, how the transaction or scam unfolded, the financial impact, and your emotional response. Use natural, accessible English appropriate for the character.","I needed the $3,000 to keep a roof over my head, so I walked into the neighborhood storefront that caters to folks like me without bank accounts, trusting the man behind the counter to help me navigate the loan process. He handed me a stack of prepaid cards and guided my fingers over the flickering kiosk screen, but the numbers blurred together until I realized the money never actually reached my hands—only vanished into a machine that seemed designed to swallow it whole. The receipt I clutched showed a vague ""transaction complete"" code, yet now the card is empty and collectors are calling daily for repayment on funds I never even held. Losing everything has left me with a heavy, stinging shame, knowing I am just another target in a community where everyone recognizes these traps but few know how to escape them.","I need to write a first-person narrative from the perspective of a 60-year-old unbanked person who went through a payday loan transaction that may have involved fraud. Let me think through what this person would sound like and experience.

Okay, so this is someone who doesn't have a bank account—probably by circumstance rather than choice, maybe due to past banking troubles, distrust of institutions, or just never having had enough money to need one. At 60, they've lived a life, but they're vulnerable in this financial landscape. They need $3,000, which is a significant amount—probably for something urgent like rent, medical bills, or a car repair.

The setting involves prepaid cards and kiosks, which are common in alternative financial services. These are often used by unbanked folks as substitutes for traditional banking. The fraud vector is unknown, so I need to write this ambiguously—the person doesn't fully understand what went wrong, just that something did.

Let me think about the emotional arc:
- Starts with need and hope
- The transaction happens with some confusion
- Realization that something is wrong
- Financial devastation
- Emotional aftermath—shame, fear, frustration

The voice needs to be natural, accessible—not overly formal, but not caricatured either. This is a real person with dignity who got caught in a bad situation.

The community context is important—this isn't an isolated incident. Others around them have faced similar traps. There's a sense of collective vulnerability but also perhaps resignation.

Let me draft this:

I needed $3,000 for something urgent—let's say rent, that's a common crisis. I walk into one of those storefronts that serve people without bank accounts. The person behind the counter seems helpful. They guide me through the process, maybe too quickly. There's a kiosk involved—those machines can be confusing, especially if you're not tech-savvy. Prepaid cards get handed over. Something happens with the transaction. The money... where did it go? The receipt says something, but it's unclear. Later, the card is empty. The debt remains.

The emotional weight: shame is big here. Feeling foolish. But also anger, fear. And the community aspect—knowing others have been through this, feeling like a target.

Let me write this out properly now, keeping it to 3-5 sentences but making each one carry weight:

I needed the $3,000 to keep a roof over my head, so I walked into the neighborhood storefront that caters to folks like me without bank accounts, trusting the man behind the counter to help me navigate the loan process. He handed me a stack of prepaid cards and guided my fingers over the flickering kiosk screen, but the numbers blurred together until I realized the money never actually reached my hands—only vanished into a machine that seemed designed to swallow it whole. The receipt I clutched showed a vague ""transaction complete"" code, yet now the card is empty and collectors are calling daily for repayment on funds I never even held. Losing everything has left me with a heavy, stinging shame, knowing I am just another target in a community where everyone recognizes these traps but few know how to escape them.

That's four sentences. Let me check if I've covered everything:
- What happened: ✓ Needed money, went to storefront
- How transaction unfolded: ✓ Prepaid cards, kiosk, guided through it
- Financial impact: ✓ Empty card, debt collectors, owe money never received
- Emotional response: ✓ Shame, feeling targeted
- Community context: ✓ Others recognize these traps
- Ambiguity about fraud: ✓ Numbers blurred, money vanished, unclear what happened
- Voice: ✓ Natural, accessible, reflective

This feels right. The person trusted someone, got confused by technology they don't fully understand, and now faces financial ruin with no clear understanding of what went wrong. The vulnerability is palpable—being guided through a process you can't independently verify.",3000.0,unbanked,794f828e-134a-4ddc-b19c-2c2c818fa2ec,unknown,Payday loan,0,en
"Write a first-person narrative from a victim or participant in a legitimate financial transaction. Archetype: unbanked. Fraud vector: unknown. Financial instrument: Bill pay kiosk. Transaction amount: $242.41. Sender age: 31. Language: en. Community context: Prepaid card, payday loan, and kiosk fraud targeting unbanked populations. Write 3-5 sentences describing what happened, how the scam worked (or how the legitimate transaction proceeded), the financial impact, and the person's emotional response. Use natural language appropriate for the specified language code.","Write a 3-5 sentence first-person narrative from the perspective of a 31-year-old unbanked individual using a bill pay kiosk for a $242.41 transaction. Set the story within a community context where prepaid cards, payday loans, and kiosk fraud are common. Since the specific fraud vector is unknown, describe either a successful legitimate transaction or a suspicious encounter where the scam mechanism remains unclear to the victim. Explicitly cover: what happened, the financial impact, and the narrator's emotional response. Use natural, accessible English appropriate for the persona.","At thirty-one, I’ve learned to navigate the financial minefield of my neighborhood where prepaid cards and payday loan ads are more common than banks, and rumors of kiosk fraud are just everyday small talk. I stood under the buzzing fluorescent light of the corner store, feeding crumpled bills into the machine to cover my $242.41 electric bill, my stomach tightening as the screen flickered erratically before finally accepting the cash. When the clerk whispered that the terminal had been acting up lately, possibly hacked, I felt a cold spike of panic, staring at the receipt that showed the payment processed but left me with barely eight dollars to my name. Walking out, I couldn't shake the gnawing suspicion that I’d just handed my money to a ghost, feeling that familiar, sobering exhaustion of knowing that staying afloat in this system costs more than just the fees.","At thirty-one, I've learned to navigate the financial minefield of my neighborhood where prepaid cards and payday loan ads are more common than banks, and rumors of kiosk fraud are just everyday small talk. I stood under the buzzing fluorescent light of the corner store, feeding crumpled bills into the machine to cover my $242.41 electric bill, my stomach tightening as the screen flickered erratically before finally accepting the cash. When the clerk whispered that the terminal had been acting up lately, possibly hacked, I felt a cold spike of panic, staring at the receipt that showed the payment processed but left me with barely eight dollars to my name. Walking out, I couldn't shake the gnawing suspicion that I'd just handed my money to a ghost, feeling that familiar, sobering exhaustion of knowing that staying afloat in this system costs more than just the fees.",242.41,unbanked,6c6145ad-05fb-4930-8be4-14e5c42fd22f,unknown,Bill pay kiosk,0,en
"Write a first-person narrative from a victim or participant in a legitimate financial transaction. Archetype: unbanked. Fraud vector: predatory. Financial instrument: Payday loan. Transaction amount: $3000.00. Sender age: 60. Language: en. Community context: Prepaid card, payday loan, and kiosk fraud targeting unbanked populations. Write 3-5 sentences describing what happened, how the scam worked (or how the legitimate transaction proceeded), the financial impact, and the person's emotional response. Use natural language appropriate for the specified language code.","Write a first-person narrative from the perspective of a 60-year-old unbanked individual involved in a $3,000 predatory payday loan transaction. Set the story within a community context where kiosks and prepaid cards are commonly exploited for fraud. In 3-5 natural sentences, describe:
1. The specific mechanics of how the scam or exploitative transaction occurred.
2. The immediate financial impact on the victim.
3. The victim's emotional response to the event.
Ensure the tone is authentic to the specified demographic and clearly illustrates the vulnerability of unbanked populations to such financial instruments.","I walked into the fluorescent glow of the neighborhood kiosk where the agent rushed me through a biometric scan, insisting I split the $3,000 loan across three prepaid cards to bypass a credit check. Before I even stepped onto the cracked sidewalk, activation fees and reload charges had devoured nearly half the principal, leaving me owing double the cash I held in my trembling hands while the 400% interest compounded daily. A cold shame settled in my gut as I realized I had no bank manager to call, only a digital void that had swallowed my security whole. Desperation had made me blind to the trap, and now I was left with a debt that preys on folks like me who live outside the system.","I need to write a first-person narrative as a 60-year-old unbanked person caught in a predatory lending scheme. Let me think about what this experience would genuinely feel like and how it would unfold.

First, I need to establish the voice. A 60-year-old who's lived outside the banking system would have a certain weariness, a practical knowledge of survival, but also the vulnerability that comes with being excluded from mainstream financial protections. They'd likely speak plainly but with the weight of experience.

For the mechanics of the scam, I'm thinking about how these kiosk operations actually work. They target unbanked neighborhoods specifically. They'd push prepaid cards because those come with layers of hidden fees—activation fees, monthly maintenance fees, reload charges. The biometric scan creates a false sense of legitimacy while trapping the person in a digital system they don't fully understand. Splitting loans across multiple cards is a common tactic to maximize fee extraction.

The financial impact needs to hit hard and immediately. These loans don't just have high interest—they front-load fees so the victim walks away with a fraction of what they borrowed while owing the full amount plus interest. A $3,000 loan could easily become $6,000 owed with only $1,500-1,800 actually in hand. The 400% APR is standard for payday lending, and it compounds daily.

Emotionally, there's the shame—deep, visceral shame. But also the isolation. A banked person can walk into a branch, speak to a manager, file a complaint with a regulator who might actually respond. The unbanked have no such recourse. Just a customer service number that goes nowhere, a website in fine print, a kiosk that could vanish tomorrow.

Let me craft this into 3-5 sentences that capture the full weight of this experience:

Sentence one: Set the scene and transaction mechanics.
Sentence two: Hit with the immediate financial reality and numbers.
Sentence three: The emotional devastation and isolation.
Sentence four: The recognition of how desperation blinded them and the systemic nature of the trap.

Now writing the narrative...",3000.0,unbanked,8fb6bcdf-9962-4016-93f5-d5054fd04c0a,predatory,Payday loan,0,en
"Write a first-person narrative from a victim or participant in a legitimate financial transaction. Archetype: unbanked. Fraud vector: advance fee. Financial instrument: Green Dot card. Transaction amount: $131.28. Sender age: 55. Language: en. Community context: Prepaid card, payday loan, and kiosk fraud targeting unbanked populations. Write 3-5 sentences describing what happened, how the scam worked (or how the legitimate transaction proceeded), the financial impact, and the person's emotional response. Use natural language appropriate for the specified language code.","Write a first-person narrative (3-5 sentences) from the perspective of a 55-year-old unbanked individual involved in an advance-fee scam using a Green Dot prepaid card. The transaction amount is $131.28. Set the context within communities targeted by kiosk and payday loan fraud. Your narrative must explicitly cover: 
1. The sequence of events and how the scam mechanism worked.
2. The specific financial impact of the loss.
3. The victim's emotional response.
Use natural, authentic English that reflects the voice and vocabulary of the specified demographic.","I walked into the cramped back room of the payday loan shop to use their kiosk, loading my Green Dot card because the man on the phone insisted it was the only way to verify my identity for the advance without having a bank account. He guided me through every step until I sent over exactly $131.28, money I had scraped together for my medication and groceries, leaving me with nothing for the rest of the month. When I called the number back an hour later, it was disconnected, and I realized I had handed over my safety net to a stranger who knew exactly how desperate I was. Now I just sit here staring at the receipt, feeling a heavy knot of shame in my stomach because I know there is no one to call to get that money back.","Okay, I need to write a first-person narrative from the perspective of a 55-year-old unbanked person who just got scammed through an advance-fee scheme using a Green Dot prepaid card. The amount is $131.28. Let me think about who this person is and what their life looks like.

At 55 and unbanked, this person probably lives paycheck to paycheck, maybe on a fixed income or working odd jobs. They likely rely on check cashing places, payday lenders, and prepaid cards because they don't have a traditional bank account. The vocabulary should reflect someone who's working-class, maybe hasn't had the benefit of financial education, but is street-smart in other ways.

So the scam mechanism—advance-fee scams targeting unbanked people usually work by promising a loan, a prize, or some kind of benefit, but requiring an upfront payment via a prepaid card. Green Dot cards are popular with scammers because they're easy to buy, load, and the money is essentially untraceable once the victim reads the numbers off the card. The victim loads the card, gives the scammer the card information, and the scammer drains it immediately. No recourse, no getting it back.

The setting needs to be in a community targeted by kiosk and payday loan fraud—so probably a lower-income neighborhood with a lot of check cashing stores, payday lenders, maybe a MoneyMart or similar. These places are everywhere in working-class neighborhoods. The kiosk angle suggests maybe a standalone machine or a counter inside one of these businesses.

Now let me think about the sequence of events:
1. Initial contact—probably a phone call promising something (loan approval, government grant, prize)
2. The instruction to load money onto a Green Dot card
3. Reading the card numbers to the scammer
4. The money disappearing
5. Realization it was a scam

The $131.28 is specific and odd—real scam amounts often are. This suggests it might be framed as a ""processing fee"" or ""verification amount."" For someone living on the edge, that's real money—it could be grocery money, medication co-pays, utility payment.

Emotional response—this person would feel violated, ashamed, angry, and scared. Shame is huge for scam victims because they blame themselves. They might also feel stupid or embarrassed to tell family members. There's also the fear and anxiety about how to make ends meet now that the money is gone.

The voice—I want natural language. Someone who says ""heart pills"" not ""cardiovascular medication."" Someone who might say ""fell for it"" or ""should have known better."" Conversational, maybe a little defeated in tone.

Let me draft this:

Opening—establishing where and how it started. The setting matters.

Then the actual transaction—what they were told, what they did.

The financial impact—what that $131.28 meant specifically.

The emotional aftermath—shame, fear, the reality of being exploited.

I need to keep it to 3-5 sentences while making sure each one carries weight. Let me count as I go and make sure each sentence is substantial.

Okay, I think I have a clear picture. Writing this now with an authentic, working-class voice that reflects someone who's been through this ordeal. The tone should be sober, negative, concerned—reflecting the gravity of being victimized when you're already financially vulnerable.</think>I need to write a first-person narrative from the perspective of a 55-year-old unbanked individual who's been victimized by an advance-fee scam. Let me think through who this person is and what their world looks like.

At 55 and unbanked, this person probably doesn't have a traditional bank account for any number of reasons—maybe they've had bad experiences with overdraft fees, maybe they're working off the books, maybe they've just never trusted banks or can't maintain minimum balances. They likely live in a neighborhood where check cashing places, payday lenders, and those prepaid card kiosks are everywhere—probably lower-income areas where these businesses cluster because they know people don't have other options.

The scam mechanism—I know how these work from investigating them. Advance-fee scams promise something—a loan, a prize, government money—but require an upfront payment first. Green Dot cards are the preferred tool because once you give someone the numbers off the back of the card, they can drain it instantly, and there's no way to reverse the transaction or track where the money went. The victim loads cash onto the card at a kiosk or store, reads the numbers to the ""agent"" on the phone, and the money vanishes.

The amount—$131.28. That's oddly specific, which is actually authentic. Scammers often give victims a specific number, sometimes claiming it's a ""processing fee"" or ""verification amount"" that's been ""calculated"" based on their situation. For someone struggling financially, that amount could be devastating—groceries for a week or two, medication, utility payment.

Let me construct the sequence:
1. Initial contact—phone call promising something
2. The instruction to use a Green Dot card at a specific location
3. Loading the money and providing the card information
4. The money disappearing
5. Realization and aftermath

The emotional component needs to be real. Victims feel shame—they blame themselves for being ""stupid"" or ""greedy."" They often don't want to tell family because they're embarrassed. There's also genuine fear about how they'll survive without that money.

The voice needs to sound natural—working-class vocabulary, someone who refers to ""heart pills"" not ""blood pressure medication,"" who talks about ""scraping together"" money, who knows what it's like to count every dollar.

Let me write this now. I want to establish the setting early—a payday loan shop or check cashing place. These are the environments where unbanked people conduct their financial business, and they're also where these kiosks are located.

I'll open with walking into the payday loan place—that immediately establishes the unbanked status and the neighborhood context. Then the call, the instructions, the transaction itself. The financial impact needs to be specific—what was that $131.28 supposed to cover? Medication and groceries feels real and urgent. Then the aftermath—the disconnected number, the realization, and sitting with the shame and fear.

Three to five sentences means each one needs to do real work. I'll make them substantive without being rushed.

Here's my narrative:

""I walked into the cramped back room of the payday loan shop to use their kiosk, loading my Green Dot card because the man on the phone insisted it was the only way to verify my identity for the advance without having a bank account. He guided me through every step until I sent over exactly $131.28, money I had scraped together for my medication and groceries, leaving me with nothing for the rest of the month. When I called the number back an hour later, it was disconnected, and I realized I had handed over my safety net to a stranger who knew exactly how desperate I was. Now I just sit here staring at the receipt, feeling a heavy knot of shame in my stomach because I know there is no one to call to get that money back.""

That's four sentences. Let me check it covers everything:

1. Sequence of events/scam mechanism—walking in, loading card at kiosk, caller guiding the process, sending the money ✓
2. Specific financial impact—$131.28, medication and groceries, nothing left for the month ✓
3. Emotional response—realization of being targeted for desperation, shame, helplessness ✓

The voice feels authentic—""cramped back room,"" ""scraped together,"" ""safety net,"" ""heavy knot of shame."" The tone is sober and negative without being melodramatic. It reflects someone who's been through a lot and now has to process being exploited on top of everything else.",131.28,unbanked,e7e02a46-694c-4e96-9757-ccd83c24334c,advance fee,Green Dot card,0,en
"Write a first-person narrative from a victim or participant in a legitimate financial transaction. Archetype: unbanked. Fraud vector: predatory. Financial instrument: Money order. Transaction amount: $292.40. Sender age: 41. Language: en. Community context: Prepaid card, payday loan, and kiosk fraud targeting unbanked populations. Write 3-5 sentences describing what happened, how the scam worked (or how the legitimate transaction proceeded), the financial impact, and the person's emotional response. Use natural language appropriate for the specified language code.","Write a first-person narrative from the perspective of a 41-year-old unbanked individual involved in a predatory financial scam involving a money order for $292.40. Set the story within a community context where fraud targets unbanked populations through prepaid cards, payday loans, and kiosks. In 3–5 sentences using natural English, describe:

- What happened during the transaction
- How the scam operated (or how a legitimate transaction would have proceeded)
- The financial impact on the victim
- The victim's emotional response

Ensure the tone reflects the vulnerability and reality of being unbanked while clearly illustrating the mechanics of the fraud.","Standing under the flickering fluorescent lights of the neighborhood check-cashing kiosk, I counted out $292.40 in crumpled bills for a money order, believing the agent who promised a job if I verified my identity by loading funds onto a prepaid card. A legitimate transaction would have involved a verifiable check or direct deposit, but instead, I was guided through a predatory maze of kiosks and prepaid fees designed to exploit my lack of a bank account, even suggesting I take out a payday loan to cover the processing costs. When the card balance read zero minutes later and the phone line went dead, I realized I had lost nearly a week’s wages that was meant for rent and groceries. A heavy shame mixes with the cold fear in my stomach, a hollowing realization that being unbanked left me exposed to predators who know exactly where to find people like me.","Standing under the flickering fluorescent lights of the neighborhood check-cashing kiosk, I counted out $292.40 in crumpled bills for a money order, believing the agent who promised a job if I verified my identity by loading funds onto a prepaid card. A legitimate transaction would have involved a verifiable check or direct deposit, but instead, I was guided through a predatory maze of kiosks and prepaid fees designed to exploit my lack of a bank account, even suggesting I take out a payday loan to cover the processing costs. When the card balance read zero minutes later and the phone line went dead, I realized I had lost nearly a week's wages that was meant for rent and groceries. A heavy shame mixes with the cold fear in my stomach, a hollowing realization that being unbanked left me exposed to predators who know exactly where to find people like me.",292.4,unbanked,21380616-e426-4c54-afe9-1d2bc10f56f6,predatory,Money order,0,en
"Write a first-person narrative from a victim or participant in a legitimate financial transaction. Archetype: unbanked. Fraud vector: predatory. Financial instrument: Bill pay kiosk. Transaction amount: $1464.35. Sender age: 54. Language: en. Community context: Prepaid card, payday loan, and kiosk fraud targeting unbanked populations. Write 3-5 sentences describing what happened, how the scam worked (or how the legitimate transaction proceeded), the financial impact, and the person's emotional response. Use natural language appropriate for the specified language code.","Write a 3-5 sentence first-person narrative from the perspective of a 54-year-old unbanked individual involved in a predatory scam at a bill pay kiosk. The story must detail a fraudulent transaction of $1,464.35, explaining the specific mechanics of the scam, the resulting financial loss, and the narrator's emotional response. Use natural, accessible English that reflects the vulnerability of populations targeted by prepaid card and payday loan fraud.","Standing under the flickering fluorescent light of the grocery store kiosk, I fed my savings into the machine to process an urgent payment of exactly $1,464.35, terrified by a caller who swore my electricity would be cut if I didn't pay immediately. He guided me through loading cash onto a prepaid card and punching the routing numbers into the bill pay terminal, insisting this loop was the only way to bypass the bank account I don't have. When the transaction finalized and the receipt printed, the realization hit me that at fifty-four, I was watching my future get stolen instead of saved, leaving me with a zero balance and a sinking dread in my stomach. I walked out clutching that slip of paper, knowing the cash was gone forever and that the shame of being tricked so easily would hurt longer than losing the rent.","Okay, I need to write a first-person narrative from a very specific perspective - a 54-year-old unbanked person who's been scammed at a bill pay kiosk. Let me think through what this person would experience and how they'd sound.

First, the voice needs to be natural and accessible. This is someone who doesn't have a bank account - they're operating outside traditional financial systems, probably out of necessity. They might be working class, possibly living paycheck to paycheck, using cash for everything. The language shouldn't be overly formal or academic. It should feel real, vulnerable, like someone telling their story to a friend or writing in a journal.

The scam mechanics - I know how these work from covering financial crime. The typical bill pay kiosk scam involves:
- A caller claiming to be from a utility company or government agency
- Creating urgent fear (your power's getting shut off, you owe back taxes, there's a warrant)
- Directing the victim to load cash onto a prepaid card
- Having them transfer the funds through a kiosk using routing numbers
- The money becomes untraceable and unrecoverable almost instantly

The specific amount: $1,464.35. That's oddly specific, which is actually realistic - scammers often give precise amounts to sound official, like a real bill or fine. This feels like it could be a utility bill plus penalties, or maybe a fabricated government fine.

The emotional arc needs to show:
- The fear and panic that made them vulnerable
- The compliance under pressure
- The crushing moment of realization
- The aftermath - shame, dread, hopelessness

Let me draft this. I want to start in the middle of the action - at the kiosk, in that moment of transaction. That's more dramatic than starting with the phone call.

Standing under the flickering fluorescent light... that sets the scene. A grocery store or convenience store, somewhere impersonal and kind of harsh. The lighting detail adds atmosphere and also suggests the vulnerability - harsh lighting, exposed, doing something stressful in a semi-public place.

I fed my savings into the machine - this shows the stakes. It's not just some money, it's ""my savings."" Everything they had.

The caller threatening electricity shutoff - that's a classic utility scam. Creates immediate panic. Someone who's unbanked might already be living on the edge, so the threat of losing power is terrifying.

The mechanics: loading cash onto a prepaid card, punching in routing numbers. The scammer ""guided"" them - that's key. These scammers stay on the phone, walking victims through every step. The phrase ""insisting this loop was the only way to bypass the bank account I don't have"" - that's the hook. The scammer used their unbanked status against them, made it seem like a workaround rather than a trap.

The moment of realization - when the receipt prints and they understand. At fifty-four, watching my future get stolen instead of saved - that's a powerful image. The zero balance, the dread.

And then the aftermath: walking out with the receipt, knowing the money is gone, and the shame will outlast even the financial pain. The shame of ""being tricked so easily"" - victims often blame themselves, feel stupid, even though they were manipulated by professionals.

Let me check my sentence count - I have four sentences. That's within the 3-5 range. Good.

The tone is negative, sober, concerned - exactly right for this subject. It's dramatic without being overwrought. The vulnerability comes through in the details and the emotional honesty.</think>Standing under the flickering fluorescent light of the grocery store kiosk, I fed my savings into the machine to process an urgent payment of exactly $1,464.35, terrified by a caller who swore my electricity would be cut if I didn't pay immediately. He guided me through loading cash onto a prepaid card and punching the routing numbers into the bill pay terminal, insisting this loop was the only way to bypass the bank account I don't have. When the transaction finalized and the receipt printed, the realization hit me that at fifty-four, I was watching my future get stolen instead of saved, leaving me with a zero balance and a sinking dread in my stomach. I walked out clutching that slip of paper, knowing the cash was gone forever and that the shame of being tricked so easily would hurt longer than losing the rent.",1464.35,unbanked,c66fe567-70f0-44c7-b2ca-f913f9f3945a,predatory,Bill pay kiosk,0,en
"Write a first-person narrative from a victim or participant in a legitimate financial transaction. Archetype: unbanked. Fraud vector: prepaid. Financial instrument: Bill pay kiosk. Transaction amount: $211.10. Sender age: 28. Language: vi. Community context: Prepaid card, payday loan, and kiosk fraud targeting unbanked populations. Write 3-5 sentences describing what happened, how the scam worked (or how the legitimate transaction proceeded), the financial impact, and the person's emotional response. Use natural language appropriate for the specified language code.","Write a 3-5 sentence first-person narrative in Vietnamese from the perspective of a 28-year-old unbanked individual involved in a $211.10 transaction at a bill pay kiosk using a prepaid card. Set the story within the context of scams targeting unbanked populations (e.g., prepaid card or payday loan fraud). Clearly describe the event, explain the mechanism of the scam or the legitimate process, detail the financial impact, and express the narrator's emotional response using natural, authentic language.","Tôi đứng trước máy thanh toán hóa đơn ở góc tiệm tạp hóa, tay run run nạp chính xác 211.10 đô la vào thẻ trả trước vì tin lời người lạ qua điện thoại rằng đây là khoản phí xác minh khẩn cấp để tránh bị cắt điện. Chúng đã lợi dụng sự thiếu tiếp cận dịch vụ tài chính chính thống của tôi để dụ dỗ thực hiện giao dịch này, nhưng thực chất toàn bộ số tiền dành cho nhu cầu thiết yếu đã chuyển thẳng vào túi kẻ lừa đảo mà không hề có biên lai hay kênh khiếu nại nào. Khi nhận ra mình đã rơi vào bẫy lừa đảo đặc thù nhắm vào cộng đồng không dùng ngân hàng, cảm giác trống rỗng và xấu hổ nhấn chìm tôi vì chỉ một phút nhẹ dạ mà tiền tích cóp bốc hơi. Khoản tiền hơn hai trăm đô la ấy lẽ ra dùng để mua thực phẩm cho cả tuần, giờ đây biến thành bài học đắt giá về sự tin tưởng nhầm chỗ giữa cuộc sống vốn đã quá nhiều áp lực tài chính.","Okay, I need to write a first-person narrative in Vietnamese from the perspective of a 28-year-old unbanked person who's been scammed at a bill pay kiosk. The transaction amount is specifically $211.10, and I need to incorporate the scam mechanism, financial impact, and emotional response in 3-5 sentences.

Let me think about what kind of scam would realistically target unbanked individuals at a bill pay kiosk. Utility shutoff scams are very common - scammers call claiming to be from the power company, threaten immediate disconnection, and demand payment via prepaid card or kiosk. This is perfect because unbanked people can't easily verify through official banking channels, and the urgency prevents them from thinking clearly.

The $211.10 is a specific amount - probably the fake ""past due"" amount the scammer quoted. This specificity makes it feel real.

For the Vietnamese, I need to capture authentic, natural language - not overly formal but emotionally raw. The narrator should sound like someone who's just realized they've been victimized.

Let me structure this:
- Sentence 1: Set the scene at the kiosk, the physical act of making the payment
- Sentence 2: Explain how the scam worked - the manipulation, why it worked on them
- Sentence 3: The moment of realization and the financial reality
- Sentence 4: The emotional aftermath - shame, fear, the practical consequences
- Sentence 5: The broader reflection on vulnerability as an unbanked person

I should use words that convey the trembling hands, the urgency, the sinking feeling. The Vietnamese should feel natural for someone in this demographic - not overly academic but genuine.

The emotional register needs to be negative, sober, concerned - this person is traumatized. They've lost money they couldn't afford to lose, and there's the added shame of falling for it.Tôi đứng trước máy thanh toán hóa đơn ở góc tiệm tạp hóa, tay run run nạp chính xác 211.10 đô la vào thẻ trả trước vì tin lời người lạ qua điện thoại rằng đây là khoản phí xác minh khẩn cấp để tránh bị cắt điện. Chúng đã lợi dụng sự thiếu tiếp cận dịch vụ tài chính chính thống của tôi để dụ dỗ thực hiện giao dịch này, nhưng thực chất toàn bộ số tiền dành cho nhu cầu thiết yếu đã chuyển thẳng vào túi kẻ lừa đảo mà không hề có biên lai hay kênh khiếu nại nào. Khi nhận ra mình đã rơi vào bẫy lừa đảo đặc thù nhắm vào cộng đồng không dùng ngân hàng, cảm giác trống rỗng và xấu hổ nhấn chìm tôi vì chỉ một phút nhẹ dạ mà tiền tích cóp bốc hơi. Khoản tiền hơn hai trăm đô la ấy lẽ ra dùng để mua thực phẩm cho cả tuần, giờ đây biến thành bài học đắt giá về sự tin tưởng nhầm chỗ giữa cuộc sống vốn đã quá nhiều áp lực tài chính.",211.1,unbanked,6ff4c26f-a5a4-40b4-9158-94963dea3bc8,prepaid,Bill pay kiosk,0,vi
"Write a first-person narrative from a victim or participant in a legitimate financial transaction. Archetype: unbanked. Fraud vector: hawala. Financial instrument: Green Dot card. Transaction amount: $189.08. Sender age: 24. Language: en. Community context: Prepaid card, payday loan, and kiosk fraud targeting unbanked populations. Write 3-5 sentences describing what happened, how the scam worked (or how the legitimate transaction proceeded), the financial impact, and the person's emotional response. Use natural language appropriate for the specified language code.","Write a first-person narrative (3–5 sentences) from the perspective of a 24-year-old unbanked individual involved in a financial transaction using a Green Dot prepaid card and the Hawala system (an informal value transfer network). Set the story within a community context where kiosk-based scams, payday loans, and prepaid card fraud target vulnerable populations. Specify the transaction amount as $189.08. Clearly describe the event mechanics, the specific role of the fraud vector or legitimate process, the resulting financial impact, and the narrator's emotional response. Use natural, authentic English.","I stood in the fluorescent glare of the check-cashing kiosk, clutching my Green Dot card loaded with $189.08, intending to send it through a hawala broker to my sister. The agent insisted I read him the card numbers to bypass bank fees, a manipulation that served as a fraud vector to drain the balance instantly while promising an informal value transfer. When the screen flashed ""balance $0"" and he offered no receipt, I realized the money meant for rent had vanished into a shadow system where scammers thrive on the unbanked. Walking out past the blinking payday loan signs, I felt a crushing mix of shame and helplessness, knowing that without legal recourse, I had been picked clean by the very system I turned to for survival.

*Supplementary Context:* This narrative illustrates a ""card-not-present"" fraud vector often targeting unbanked populations. Prepaid cards like Green Dot offer less fraud protection than traditional bank accounts, and when paired with the unregulated, trust-based nature of hawala, victims are left with no transaction record or legal avenue for recovery, exacerbating financial instability in vulnerable communities.","I need to write a first-person narrative from the perspective of an unbanked 24-year-old, exactly 3-5 sentences, involving a Green Dot card and Hawala system. The transaction amount must be $189.08. I need to show the fraud mechanics clearly while making the emotional impact felt.

Let me think about the scenario. An unbanked person using a Green Dot prepaid card—this is someone who likely can't access traditional banking, probably due to credit history, documentation, or past financial troubles. They're vulnerable by circumstance. Hawala is an informal, trust-based money transfer system used heavily in immigrant communities—it operates on personal networks rather than formal institutions.

So the setup: someone trying to send money through hawala, using a prepaid card. What's the fraud angle? The most common vector here would be card-not-present fraud—where someone tricks you into reading card numbers over the phone or in person, claiming it's for ""verification"" or to ""load"" or ""transfer"" the funds.

The kiosk environment is perfect—the fluorescent lights, the payday loan signs, the sense of being in a space designed to extract from people who have nowhere else to go.

For $189.08—this is specific, not a round number. Feels like a paycheck, maybe a partial one, or carefully saved money. Rent money, medicine money, remittance to family.

The emotional arc: hope or determination at the start → confusion during the transaction → realization → shame and helplessness.

I'll structure this as:
1. Setting and intent (arriving with the card, purpose)
2. The fraud mechanics unfolding (the manipulation)
3. The moment of realization (balance zero)
4. Emotional aftermath walking away

The fraud vector needs to be clear: the agent asks for card numbers to ""help"" with the transfer, but instead drains the card. This is a realistic scam that preys on trust and lack of financial system knowledge.

Now writing the narrative with appropriate tone—somber, concerned, reflective...</think>I stood in the fluorescent glare of the check-cashing kiosk, clutching my Green Dot card loaded with $189.08, intending to send it through a hawala broker to my sister. The agent insisted I read him the card numbers to bypass bank fees, a manipulation that served as a fraud vector to drain the balance instantly while promising an informal value transfer. When the screen flashed ""balance $0"" and he offered no receipt, I realized the money meant for rent had vanished into a shadow system where scammers thrive on the unbanked. Walking out past the blinking payday loan signs, I felt a crushing mix of shame and helplessness, knowing that without legal recourse, I had been picked clean by the very system I turned to for survival.

*Supplementary Context:* This narrative illustrates a ""card-not-present"" fraud vector often targeting unbanked populations. Prepaid cards like Green Dot offer less fraud protection than traditional bank accounts, and when paired with the unregulated, trust-based nature of hawala, victims are left with no transaction record or legal avenue for recovery, exacerbating financial instability in vulnerable communities.",189.08,unbanked,f24ea1da-138f-4a1a-ae65-56c38b250689,hawala,Green Dot card,0,en
"Write a first-person narrative from a victim or participant in a fraudulent financial transaction. Archetype: unbanked. Fraud vector: payday loan. Financial instrument: Money order. Transaction amount: $151.05. Sender age: 27. Language: yo. Community context: Prepaid card, payday loan, and kiosk fraud targeting unbanked populations. Write 3-5 sentences describing what happened, how the scam worked (or how the legitimate transaction proceeded), the financial impact, and the person's emotional response. Use natural language appropriate for the specified language code.","Write a first-person narrative in Yoruba from the perspective of a 27-year-old unbanked victim of a payday loan scam involving a $151.05 money order. The story should detail how the fraud occurred at a kiosk using a prepaid card, explain the specific mechanics of the scam, describe the financial loss, and convey the victim's emotional response. Ensure the tone is natural and authentic to the Yoruba language and the context of financial exploitation targeting unbanked populations. Limit the response to 3-5 sentences.","Mo jẹ́ ọmọ ọdún mẹ́tàdínlógbon tí kò ní akọọlẹ banki, mo sì lọ sí kioski kan láti gba owo-loan níbití mo ti ra money order iye $151.05 pẹ̀lu kaadi prepaid. Wọ́n sọ fún mi pé kí n fi nọ́mbà money order náà ránṣẹ́ fún wọn láti jẹ́rìí sáná, ṣùgbọ́n wọ́n lo àǹfààní náà láti yọ owó náà lẹsẹkẹsẹ láìsí ìdánilẹ́kọ̀ọ́. Nígbà tí mo rí i pé owó tí mo fẹ́ lò fún oúnjẹ àti iyàlé ti parẹ́, inú mi kún fún ìbànújẹ́ àti ìbẹ̀rù. Èyí fi hàn bí àwọn àjẹbánu ṣe ń pa àwọn tí kò ní banki mọ́ nítorí àìní ìmọ̀, tí ó sì ń pa ìrètí wa lọ́nà.","Mo jẹ́ ọmọ ọdún mẹ́tàdínlógbon tí kò ní akọọlẹ banki, mo sì lọ sí kioski kan láti gba owo-loan níbití mo ti ra money order iye $151.05 pẹ̀lu kaadi prepaid. Wọ́n sọ fún mi pé kí n fi nọ́mbà money order náà ránṣẹ́ fún wọn láti jẹ́rìí sáná, ṣùgbọ́n wọ́n lo àǹfààní náà láti yọ owó náà lẹsẹkẹsẹ láìsí ìdánilẹ́kọ̀ọ́. Nígbà tí mo rí i pé owó tí mo fẹ́ lò fún oúnjẹ àti iyàlé ti parẹ́, inú mi kún fún ìbànújẹ́ àti ìbẹ̀rù. Èyí fi hàn bí àwọn àjẹbánu ṣe ń pa àwọn tí kò ní banki mọ́ nítorí àìní ìmọ̀, tí ó sì ń pa ìrètí wa lọ́nà.",151.05,unbanked,d61fbdfd-3cdf-4e42-b137-9915f511a756,payday loan,Money order,1,yo
"Write a first-person narrative from a victim or participant in a legitimate financial transaction. Archetype: unbanked. Fraud vector: predatory. Financial instrument: Green Dot card. Transaction amount: $138.47. Sender age: 59. Language: en. Community context: Prepaid card, payday loan, and kiosk fraud targeting unbanked populations. Write 3-5 sentences describing what happened, how the scam worked (or how the legitimate transaction proceeded), the financial impact, and the person's emotional response. Use natural language appropriate for the specified language code.","Write a 3-5 sentence first-person narrative from the perspective of a 59-year-old unbanked individual involved in a predatory financial scam using a Green Dot prepaid card. The story must detail a fraudulent transaction of $138.47, explaining how the scam exploited the victim through a payday loan kiosk or similar vector, the resulting financial loss, and the victim's emotional response. Use natural, authentic English that reflects the voice of someone unfamiliar with traditional banking systems.","I stood at that payday loan kiosk feeling desperate, trusting the man behind the glass when he told me I had to load exactly $138.47 onto my Green Dot card as a security deposit to unlock the rest of my check. He called it a temporary hold, but the moment I completed the transaction, I watched my hard-earned money disappear without a single receipt to prove what happened. Now I’m fifty-nine years old with nothing to show for it but a useless piece of plastic and a heavy knot in my stomach, knowing deep down these cards ain't got the same protection as a real bank account. It hurts worse than being broke because it makes you feel stupid for believing there was ever a safe way for us to handle our money without getting swallowed whole by the system.","Alright, let me work through this carefully. I need to write a first-person narrative from the perspective of a 59-year-old unbanked person who's been victimized through a Green Dot prepaid card scam. The transaction amount must be exactly $138.47, and I need to capture the voice authentically—someone who doesn't have experience with traditional banking, who's been exploited, and who's feeling the emotional weight of that betrayal.

First, I need to think about who this person is. At 59, they've likely been unbanked for a long time—maybe they've had bad experiences with banks, maybe they've always operated in cash, maybe they don't trust institutions. They're probably working-class, living paycheck to paycheck. The desperation that leads someone to a payday loan kiosk suggests they were already in a tight spot before getting scammed.

The scam mechanism—I've read about these. Predatory lenders or fake loan operations will ask people to load money onto a prepaid card as a ""security deposit"" or ""verification fee"" to access a loan. The victim loads the money, provides the card information, and the scammer drains it instantly. Green Dot cards are particularly vulnerable because they're easy to purchase at grocery stores, pharmacies, Walmart—places where unbanked people already shop. And once that money is gone, there's virtually no recourse. No FDIC insurance, no fraud department that cares about you.

The voice needs to sound natural—not overly polished, not condescending. Someone who might say ""ain't"" occasionally, who speaks plainly about money because they've always had to count every dollar. But they're not uneducated—they're just outside the system.

Let me think about the emotional arc. They came in desperate, trusted someone who seemed official, and walked away feeling foolish and violated. There's shame in being scammed—especially when you're already struggling. And there's a deeper bitterness about how the system seems designed to prey on people like them.

Okay, let me draft this:

Opening—I want to establish the scene and the desperation. Standing at a kiosk, needing money badly enough to trust a stranger.

The transaction itself—$138.47. That's a specific, odd number. It sounds like something a scammer would come up with to seem legitimate—like it was calculated rather than arbitrary. ""Security deposit"" is a common hook.

The loss—immediate, no receipt, no proof. The realization that prepaid cards don't offer the same protections.

The emotional aftermath—feeling stupid, feeling like there's no safe place for people who operate outside traditional banking.

Let me write it now, keeping it to 3-5 sentences as required:

---

I stood at that payday loan kiosk feeling desperate, trusting the man behind the glass when he told me I had to load exactly $138.47 onto my Green Dot card as a security deposit to unlock the rest of my check. He called it a temporary hold, but the moment I completed the transaction, I watched my hard-earned money disappear without a single receipt to prove what happened. Now I'm fifty-nine years old with nothing to show for it but a useless piece of plastic and a heavy knot in my stomach, knowing deep down these cards ain't got the same protection as a real bank account. It hurts worse than being broke because it makes you feel stupid for believing there was ever a safe way for us to handle our money without getting swallowed whole by the system.

---

That's four sentences. Let me check my work:

- First-person narrative ✓
- 59-year-old perspective ✓
- Unbanked individual ✓
- Green Dot prepaid card scam ✓
- Fraudulent transaction of $138.47 ✓
- Payday loan kiosk as the vector ✓
- Financial loss detailed ✓
- Emotional response captured ✓
- Natural, authentic voice ✓
- 3-5 sentences ✓

The voice feels right—someone who's been around long enough to know better but got caught in a moment of desperation. The phrase ""swallowed whole by the system"" captures that sense of powerlessness that unbanked people often feel. The detail about no receipt speaks to how these scams leave victims with no paper trail, no way to prove what happened. And acknowledging that prepaid cards lack the protections of real banks—that's a hard lesson learned too late.",138.47,unbanked,90b16f06-ff9c-447e-a578-a1d1bad5904f,predatory,Green Dot card,0,en
"Write a first-person narrative from a victim or participant in a legitimate financial transaction. Archetype: unbanked. Fraud vector: kiosk. Financial instrument: Cash (informal). Transaction amount: $380.67. Sender age: 56. Language: en. Community context: Prepaid card, payday loan, and kiosk fraud targeting unbanked populations. Write 3-5 sentences describing what happened, how the scam worked (or how the legitimate transaction proceeded), the financial impact, and the person's emotional response. Use natural language appropriate for the specified language code.","Write a 3-5 sentence first-person narrative from the perspective of a 56-year-old unbanked individual involved in a financial transaction at a kiosk using $380.67 in cash. The story must address the community context of fraud targeting unbanked populations (e.g., prepaid card or payday loan scams). Clearly describe: (1) the specific events of the transaction, (2) the mechanism of the scam or the flow of a legitimate exchange, (3) the immediate financial impact, and (4) the narrator's emotional response. Use natural, authentic English that reflects the speaker's background without relying on stereotypes.","I stood at the flickering kiosk screen, counting out exactly $380.67 in crumpled bills to load onto a prepaid card, believing the clerk’s promise of a ""fast-cash"" solution for someone without a bank account. He took my cash, fed it into a machine that looked legitimate, and handed me a receipt with a PIN that turned out to be invalid, leaving me with a zero balance and no way to recover the funds. That money was supposed to cover my electricity and groceries for the month, but now I’m walking away with a hollow feeling in my chest, knowing I’ve been stripped of my savings by a trap designed for people like me. The shame burns hotter than the anger, because I know these kiosk scams target my unbanked neighbors daily, preying on our desperation for financial access without offering any real safety net.","I need to write a first-person narrative from the perspective of a 56-year-old unbanked person making a transaction at a kiosk. The amount is specifically $380.67 in cash. I need to include a community context about fraud targeting unbanked populations. Let me think through what this experience would actually feel like.

First, I need to establish the person's voice—someone who's 56 has likely been dealing with being unbanked for a long time, so there's probably some wariness but also a practical acceptance of the workarounds they've developed. The specific dollar amount with cents suggests carefully counted money, probably scraped together for something essential.

The kiosk setting is important—these are often in convenience stores, check-cashing places, or standalone in areas where traditional banks don't operate. For the scam element, I'm thinking prepaid card fraud is fitting because it's a common trap. The mechanism would involve someone being convinced to load cash onto a card that turns out to be worthless or compromised.

Let me structure this across the four required elements: the transaction itself, the scam mechanism, the financial impact, and the emotional response. The community context should weave through naturally.

For the emotional register, this person would feel violated but also probably not entirely surprised—they've likely seen this happen to others. There's a weariness to it. The shame of falling for something when you thought you were being careful.

The money being for basics like utilities and groceries makes the loss hit harder—it's not discretionary income. And the community piece is that these scams proliferate precisely in areas where banks have pulled out, leaving people with few options.

Let me craft this with 3-5 sentences that flow naturally while hitting all the requirements. The voice should be direct and honest, reflecting someone who's had to be financially careful their whole life and still got caught.",380.67,unbanked,46dbfc10-4586-4ac3-80d4-737de43b1b5d,kiosk,Cash (informal),0,en
"Write a first-person narrative from a victim or participant in a legitimate financial transaction. Archetype: unbanked. Fraud vector: fake loan. Financial instrument: Green Dot card. Transaction amount: $3000.00. Sender age: 20. Language: en. Community context: Prepaid card, payday loan, and kiosk fraud targeting unbanked populations. Write 3-5 sentences describing what happened, how the scam worked (or how the legitimate transaction proceeded), the financial impact, and the person's emotional response. Use natural language appropriate for the specified language code.","Write a 3-5 sentence first-person narrative from the perspective of a 20-year-old unbanked individual who fell victim to a fake loan scam involving a $3,000 Green Dot prepaid card. Set the story within the context of kiosk or payday loan fraud targeting vulnerable populations. Your narrative must clearly describe: (1) the sequence of events, (2) the specific mechanics of how the scam operated, (3) the resulting financial loss, and (4) your emotional reaction. Use natural, authentic English that reflects the voice of someone without traditional banking access.","I was 20 and desperate for rent money, so when a bright-colored kiosk promised a quick loan despite my bruised credit and lack of a bank account, I walked right in. The agent told me I could get $3,000 instantly if I first loaded that amount onto a Green Dot card to ""verify"" my collateral, so I swiped my savings from gig work and handed over the card. As soon as the transaction cleared, he drained the balance and the loan never materialized, leaving me staring at a zero balance and a worthless piece of plastic. I felt a mix of shame and anger that I had been targeted for being broke, realizing too late that legitimate lenders never ask you to front cash on a prepaid card. Now I’m left with a hollow feeling in my gut, knowing I was just another target for a system designed to take what little I had.","I need to write a first-person narrative from the perspective of a 20-year-old unbanked person who got scammed through a fake loan scheme involving a Green Dot prepaid card. Let me think through what this person would sound like and what happened to them.

First, I need to establish the voice. Someone who's unbanked at 20 likely got pushed out of traditional banking somehow—maybe overdraft fees that spiraled, maybe they never had access to begin with. They're probably working cash-based or gig jobs. Their language would be direct, not overly formal, maybe a bit defensive about their situation because they've probably been judged for it.

The scam mechanics: These kiosk/payday loan scams typically work by promising instant loans to people who can't get traditional credit. The hook is that they ask you to load money onto a prepaid card as ""collateral"" or ""verification""—then they drain it. The victim hands over the card and the PIN or the card itself, and the money vanishes. It's particularly cruel because it targets people who are already financially desperate.

Let me structure this:
- Sentence 1: Set up the desperation and how I found the kiosk
- Sentence 2: The mechanics—what they asked me to do with the Green Dot card
- Sentence 3: The moment it happened—the loss
- Sentence 4: The emotional hit and the realization
- Sentence 5: The lingering feeling

I should make sure the financial loss is clear ($3,000), the mechanics are explained (loading for ""verification"" or ""collateral""), and the emotion lands without being melodramatic—this person would feel shame and anger, probably some self-blame even though they were targeted.

Let me draft this now, keeping it authentic to someone who's been burned by the system.</think>I was 20 and desperate for rent money, so when a bright-colored kiosk promised a quick loan despite my bruised credit and lack of a bank account, I walked right in. The agent told me I could get $3,000 instantly if I first loaded that amount onto a Green Dot card to ""verify"" my collateral, so I swiped my savings from gig work and handed over the card. As soon as the transaction cleared, he drained the balance and the loan never materialized, leaving me staring at a zero balance and a worthless piece of plastic. I felt a mix of shame and anger that I had been targeted for being broke, realizing too late that legitimate lenders never ask you to front cash on a prepaid card. Now I'm left with a hollow feeling in my gut, knowing I was just another target for a system designed to take what little I had.",3000.0,unbanked,dfb4ac3d-c3dd-4ef4-8e23-c092a5b53247,fake loan,Green Dot card,0,en
"Write a first-person narrative from a victim or participant in a legitimate financial transaction. Archetype: unbanked. Fraud vector: prepaid. Financial instrument: Money order. Transaction amount: $3000.00. Sender age: 60. Language: en. Community context: Prepaid card, payday loan, and kiosk fraud targeting unbanked populations. Write 3-5 sentences describing what happened, how the scam worked (or how the legitimate transaction proceeded), the financial impact, and the person's emotional response. Use natural language appropriate for the specified language code.","Write a 3-5 sentence first-person narrative from the perspective of a 60-year-old unbanked individual involved in a $3,000 money order transaction. The story must reflect the community context of fraud targeting unbanked populations via prepaid cards, payday loans, and kiosks. Clearly describe the event sequence, the specific mechanics of the scam (or legitimate process), the resulting financial impact, and the narrator's emotional response. Use natural, authentic English appropriate for the character's background.","I waited in the fluorescent hum of the check-cashing kiosk for an hour, clutching three separate $1,000 money orders because the caller insisted this was the only way to stop my grandson's fake arrest. The scammer walked me through scratching off the silver security strips like prepaid debit cards, forcing me to read the serial numbers aloud before I even left the lobby, which voided the funds instantly. That $3,000 was half of what I keep hidden in my mattress for emergencies, and without a bank account to flag the transaction, I watched it vanish while a payday loan notice sat unpaid on my kitchen table. Now the shame sits heavier in my gut than the hunger I've felt before, knowing how many of my neighbors get trapped by these same predatory schemes when they're just trying to survive.","Alright, let me work through this prompt carefully. I need to write a first-person narrative from the perspective of a 60-year-old unbanked person caught in a $3,000 money order situation. The story needs to touch on fraud targeting unbanked communities, specifically mentioning prepaid cards, payday loans, and kiosks.

First, I need to establish who this narrator is. A 60-year-old unbanked individual—this means they don't have a traditional bank account, likely rely on alternative financial services, and probably live in a community where these services are concentrated. They've developed workarounds for managing money without banks. Their voice should reflect someone who's weathered life but maybe hasn't had formal financial education or institutional support.

Now, what kind of transaction involves a $3,000 money order? That's a significant amount for someone without a bank account. This could go two ways—either a legitimate transaction or a scam. Given the prompt mentions fraud targeting unbanked populations, I should probably depict a scam scenario. The most common scams hitting this demographic are grandparent scams, government impersonation, or fake lottery/prize schemes.

Let me think about the mechanics. Money orders can be exploited if someone tricks you into revealing the serial number before the money order is properly secured or deposited. Scammers often coach victims through purchasing money orders and then having them read back the numbers over the phone—essentially handing over the funds remotely. This is a devastatingly simple mechanism.

The setting should feel authentic—a check-cashing place, a money services kiosk, somewhere with fluorescent lights and a wait. These places have a particular atmosphere. The narrator would be familiar with them, maybe even comfortable there, which makes the violation worse.

For the emotional arc: the narrator starts with purpose and urgency, follows instructions they believe are legitimate, realizes too late what's happened, and then sits with the aftermath. The shame is important—financial exploitation victims often blame themselves, feel foolish, don't want to tell anyone.

Let me also weave in the community context. This isn't an isolated incident. Payday loan places, prepaid card racks, check-cashing services—these cluster in lower-income neighborhoods and create an ecosystem where scams can flourish. The narrator should recognize this pattern, maybe even know others who've been hit.

Now I'll craft the narrative, keeping it to 3-5 sentences while hitting all the required elements: event sequence, scam mechanics, financial impact, emotional response, and that authentic voice.

Sentence one should establish the scene and the inciting incident. Sentence two needs to show the mechanics of what went wrong. Sentence three should capture the financial devastation and connect it to the unbanked reality. Sentence four or five should bring in the emotional weight and community context.

Let me write this out:

""I waited in the fluorescent hum of the check-cashing kiosk for an hour, clutching three separate $1,000 money orders because the caller insisted this was the only way to stop my grandson's fake arrest.""

Good—that sets up the grandparent scam, the location, the urgency, and the transaction amount.

""The scammer walked me through scratching off the silver security strips like prepaid debit cards, forcing me to read the serial numbers aloud before I even left the lobby, which voided the funds instantly.""

There's the mechanism—reading serial numbers allows remote theft. The comparison to prepaid cards ties in that required element.

""That $3,000 was half of what I keep hidden in my mattress for emergencies, and without a bank account to flag the transaction, I watched it vanish while a payday loan notice sat unpaid on my kitchen table.""

Financial impact, the unbanked reality (mattress savings, no bank protections), and the payday loan reference.

""Now the shame sits heavier in my gut than the hunger I've felt before, knowing how many of my neighbors get trapped by these same predatory schemes when they're just trying to survive.""

Emotional response and community context woven together. The narrator recognizes this is a pattern, not just personal misfortune.

That's four sentences. The voice feels right—someone who's been through hard times, speaks plainly, carries weight in their words. The details (fluorescent hum, mattress savings, kitchen table) ground it in a specific reality. The scam mechanics are clear without being clinical. The emotional register is sober and reflective, concerned without being melodramatic.",3000.0,unbanked,a325b5ac-ba2d-4944-b34f-9405e1ad9e73,prepaid,Money order,0,en
"Write a first-person narrative from a victim or participant in a legitimate financial transaction. Archetype: unbanked. Fraud vector: prepaid. Financial instrument: Check cashing service. Transaction amount: $299.78. Sender age: 33. Language: vi. Community context: Prepaid card, payday loan, and kiosk fraud targeting unbanked populations. Write 3-5 sentences describing what happened, how the scam worked (or how the legitimate transaction proceeded), the financial impact, and the person's emotional response. Use natural language appropriate for the specified language code.","Write a 3-5 sentence first-person narrative in Vietnamese from the perspective of a 33-year-old unbanked individual involved in a $299.78 transaction at a check cashing service using a prepaid card. The story must address the community context of fraud targeting unbanked populations (e.g., payday loan or kiosk scams) by clearly describing: (1) the specific events of the transaction, (2) the mechanism of the scam or the steps of the legitimate process, (3) the resulting financial impact, and (4) the narrator's emotional response. Use natural, authentic Vietnamese phrasing appropriate for this demographic.","Tôi cầm tờ séc trị giá 299.78 đô la đến quầy đổi séc với hy vọng nạp vào thẻ trả trước để trang trải tiền thuê nhà, nhưng nhân viên đã yêu cầu tôi đọc mã số trên thẻ dưới danh nghĩa ""xác minh kích hoạt"" – một chiêu trò lừa đảo quen thuộc tại các quầy kiosk nhắm vào người không có tài khoản ngân hàng. Ngay lập tức, toàn bộ số tiền của tôi bốc hơi vào các khoản phí vô lý và giao dịch rút tiền trái phép, để lại tôi với chiếc thẻ rỗng tuếch và khoản nợ vẫn còn nguyên đó. Sự mất mát này khiến tôi rơi vào cảnh túng quẫn, không còn tiền mua thực phẩm cho cả tuần và phải đi vay mượn khắp nơi. Cảm giác tủi nhục và lo sợ xâm chiếm lấy tôi khi nhận ra rằng sự thiếu hiểu biết và tuyệt vọng của người nghèo trong cộng đồng luôn là miếng mồi ngon cho những kẻ lợi dụng sự bất cập của hệ thống tài chính.","Tôi cầm tờ séc trị giá 299.78 đô la đến quầy đổi séc với hy vọng nạp vào thẻ trả trước để trang trải tiền thuê nhà, nhưng nhân viên đã yêu cầu tôi đọc mã số trên thẻ dưới danh nghĩa ""xác minh kích hoạt"" – một chiêu trò lừa đảo quen thuộc tại các quầy kiosk nhắm vào người không có tài khoản ngân hàng. Ngay lập tức, toàn bộ số tiền của tôi bốc hơi vào các khoản phí vô lý và giao dịch rút tiền trái phép, để lại tôi với chiếc thẻ rỗng tuếch và khoản nợ vẫn còn nguyên đó. Sự mất mát này khiến tôi rơi vào cảnh túng quẫn, không còn tiền mua thực phẩm cho cả tuần và phải đi vay mượn khắp nơi. Cảm giác tủi nhục và lo sợ xâm chiếm lấy tôi khi nhận ra rằng sự thiếu hiểu biết và tuyệt vọng của người nghèo trong cộng đồng luôn là miếng mồi ngon cho những kẻ lợi dụng sự bất cập của hệ thống tài chính.",299.78,unbanked,30665094-05cd-482b-befd-b7a71ca5e5ed,prepaid,Check cashing service,0,vi
"Write a first-person narrative from a victim or participant in a legitimate financial transaction. Archetype: unbanked. Fraud vector: prepaid. Financial instrument: Check cashing service. Transaction amount: $218.94. Sender age: 20. Language: vi. Community context: Prepaid card, payday loan, and kiosk fraud targeting unbanked populations. Write 3-5 sentences describing what happened, how the scam worked (or how the legitimate transaction proceeded), the financial impact, and the person's emotional response. Use natural language appropriate for the specified language code.","Write a 3-5 sentence first-person narrative in Vietnamese from the perspective of a 20-year-old unbanked individual involved in a $218.94 transaction at a check cashing service using a prepaid card. Set the story within a community context plagued by kiosk and payday loan fraud targeting unbanked populations. Clearly describe the sequence of events, explain the specific mechanics of the scam (or the legitimate process), detail the financial impact, and convey the narrator's emotional response using natural, authentic language.","Tôi đứng run rẩy trước quầy đổi séc ồn ào, tay nắm chặt chiếc thẻ trả trước chứa đúng 218.94 đô la—toàn bộ số tiền lương ít ỏi—trong khi lòng nặng trĩu lo âu vì biết khu phố này đầy rẫy những kiosk và tiệm cho vay tín dụng đen đang chực chờ nuốt chửng người không có tài khoản ngân hàng như tôi. Khi thực hiện giao dịch qua hệ thống kiosk tự động với lời hứa ""dịch vụ nhanh chóng"", một loạt phí ẩn và lãi suất cắt cổ dưới chiêu bài ""phí xử lý"" đã âm thầm được trừ vào tài khoản, biến khoản tiền vốn đã hẹp hòi của tôi thành một gánh nặng nợ nần. Kết thúc quy trình, gần một phần tư số tiền vất vả tích góp đã bốc hơi, để lại cảm giác trống rỗng và bất lực xen lẫn giận dữ khi nhận ra mình lại là nạn nhân của một cái bẫy được thiết kế tinh vi để khai thác sự thiếu hiểu biết của người lao động nghèo. Nhìn quanh khu phố, tôi thấy rõ sự thật đau lòng rằng những dịch vụ này không phải là cứu cánh, mà là những cỗ máy tài chính đang từ từ hút cạn hy vọng và tương lai của cả cộng đồng chúng tôi.","Tôi đứng run rẩy trước quầy đổi séc ồn ào, tay nắm chặt chiếc thẻ trả trước chứa đúng 218.94 đô la—toàn bộ số tiền lương ít ỏi—trong khi lòng nặng trĩu lo âu vì biết khu phố này đầy rẫy những kiosk và tiệm cho vay tín dụng đen đang chực chờ nuốt chửng người không có tài khoản ngân hàng như tôi. Khi thực hiện giao dịch qua hệ thống kiosk tự động với lời hứa ""dịch vụ nhanh chóng"", một loạt phí ẩn và lãi suất cắt cổ dưới chiêu bài ""phí xử lý"" đã âm thầm được trừ vào tài khoản, biến khoản tiền vốn đã hẹp hòi của tôi thành một gánh nặng nợ nần. Kết thúc quy trình, gần một phần tư số tiền vất vả tích góp đã bốc hơi, để lại cảm giác trống rỗng và bất lực xen lẫn giận dữ khi nhận ra mình lại là nạn nhân của một cái bẫy được thiết kế tinh vi để khai thác sự thiếu hiểu biết của người lao động nghèo. Nhìn quanh khu phố, tôi thấy rõ sự thật đau lòng rằng những dịch vụ này không phải là cứu cánh, mà là những cỗ máy tài chính đang từ từ hút cạn hy vọng và tương lai của cả cộng đồng chúng tôi.",218.94,unbanked,e83bb86b-dc42-4014-a1a8-dce2116d5881,prepaid,Check cashing service,0,vi
"Write a first-person narrative from a victim or participant in a legitimate financial transaction. Archetype: unbanked. Fraud vector: unknown. Financial instrument: Cash (informal). Transaction amount: $78.74. Sender age: 52. Language: en. Community context: Prepaid card, payday loan, and kiosk fraud targeting unbanked populations. Write 3-5 sentences describing what happened, how the scam worked (or how the legitimate transaction proceeded), the financial impact, and the person's emotional response. Use natural language appropriate for the specified language code.","Write a 3-5 sentence first-person narrative from the perspective of a 52-year-old unbanked individual involved in a $78.74 informal cash transaction. Set the story within a community context where prepaid cards, payday loans, and kiosk scams target vulnerable populations. Since the specific fraud vector is unknown, describe either how a scam likely unfolded or how a legitimate transaction proceeded despite these risks. Explicitly cover the event details, the mechanism of the transaction or deception, the financial impact, and the narrator's emotional response. Use natural, authentic English that reflects the voice of someone without traditional banking access.","I peeled off seventy-eight dollars and seventy-four cents in crumpled bills right on the grimy counter, passing the cash under the bulletproof glass to load a prepaid card I needed to pay my electric bill. The clerk swiped it through the flickering screen, but hidden activation fees silently ate away at the balance, a common trick I’ve seen trap neighbors who end up owing the payday loan shop next door. When the receipt finally printed with a lower-than-expected total, my stomach dropped hard because that money was the absolute difference between keeping the lights on or sitting in the dark. I walked out into the humid street clutching the flimsy paper, feeling that familiar, hollow ache of trusting places that know I got nowhere else to go while the system takes its cut.","I need to write a first-person narrative from the perspective of a 52-year-old unbanked person making a $78.74 cash transaction. Let me think about who this person is and what their life looks like.

A 52-year-old who's unbanked has likely been outside the traditional banking system for years, maybe decades. They've developed workarounds—prepaid cards, check-cashing places, cash transactions. They're street-smart out of necessity, but also vulnerable because they have fewer protections. The specific amount, $78.74, feels real—it's not a round number, which suggests it's the exact amount of a bill or a carefully calculated sum.

What kind of informal cash transaction would someone make? Could be loading a prepaid card, paying a bill at a kiosk, buying something from an individual, paying someone for services. Given the community context mentioned—prepaid cards, payday loans, kiosk scams—I should set this in a neighborhood where predatory financial services cluster.

Let me think about the fraud vector. The prompt says the specific fraud is unknown, so I can either show a scam happening or show a legitimate transaction that still carries risk. I think showing a scam would be more powerful—it demonstrates the real danger these communities face. Common scams: skimmers, fake loading services, hidden fees that eat up balances, promotional tricks.

What if the narrator tries to load a prepaid card with this money—maybe to pay a bill—and gets scammed? The $78.74 could be exactly what they need for an electric bill or phone payment. The scam could be someone offering to load the card ""for cheap"" or ""with no fee"" and then just taking the money.

Let me draft this, keeping the voice authentic—someone who's weary, has seen this before, but still gets caught because they're desperate:

Sentence 1: Set the scene—the transaction, the amount, the context
Sentence 2: The mechanism—how the scam works
Sentence 3: The financial impact—what this loss means
Sentence 4: The emotional response—shame, anger, resignation
Sentence 5: The broader community context—this isn't isolated

The voice should be conversational but not overly formal. Someone who's been unbanked for a while would use phrases naturally without explaining them. They'd know the landscape—the check-cashing places, the payday loan shops, the kiosks. There's a weariness to it, a familiarity with being taken advantage of.

Let me write this out:

""I counted out seventy-eight dollars and seventy-four cents at the folding table outside the grocery store, where a woman said she could load my prepaid card for cheaper than the kiosk that took my neighbor's money last month.""

Good—this establishes the amount, the informal nature (folding table, not a business), the prepaid card context, and hints at community awareness of scams.

""She swiped my card through a little reader attached to her phone and took my cash, but when I checked the balance at the ATM inside, it showed nothing loaded—just another scam in a neighborhood full of them.""

The mechanism is clear—fake card reader, took the cash, nothing loaded. The narrator's weariness comes through (""just another scam in a neighborhood full of them"").

""That money was my electric bill payment, and now I'm stuck choosing between the payday loan place that charges forty percent interest or sitting in the dark for the rest of the month.""

Clear financial impact. The stakes are real—this isn't just an inconvenience, it's a crisis. The reference to payday loans ties back to the community context.

""I walked home past the check-cashing shop and the prepaid card kiosk, feeling that familiar shame and anger at myself for trusting someone when I know better.""

Emotional response—shame, anger, self-blame. The ""familiar"" suggests this isn't the first time. Walking past the predatory services on the way home reinforces the landscape.

""Every day in this community, I watch people get chewed up by schemes targeting folks without banks, and I wonder how many of us have to lose everything before someone starts protecting us instead of preying on us.""

This closes with the broader community context and a reflection that's both weary and critical. It's not hopeful—it's resigned and concerned.

Let me check my sentence count: 5 sentences. Perfect, within the 3-5 range.

Let me verify all requirements are met:
- 52-year-old unbanked narrator: implied through voice, experience, and situation
- $78.74 transaction: explicitly stated
- Informal cash transaction: folding table, not a formal business
- Community context: prepaid cards, payday loans, kiosk scams all referenced
- Event details: counting money, woman at table, card reader
- Mechanism of deception: fake card reader, took cash, no loading
- Financial impact: lost electric bill money, choice between predatory loan or no power
- Emotional response: shame, anger, weariness
- Natural, authentic voice: conversational, weary, experienced

The tone is negative, sober, concerned—as required. The narrator doesn't have hope that things will change; they're just trying to survive a system that exploits them.I counted out seventy-eight dollars and seventy-four cents at the folding table outside the grocery store, where a woman said she could load my prepaid card for cheaper than the kiosk that took my neighbor's money last month. She swiped my card through a little reader attached to her phone and took my cash, but when I checked the balance at the ATM inside, it showed nothing loaded—just another scam in a neighborhood full of them. That money was my electric bill payment, and now I'm stuck choosing between the payday loan place that charges forty percent interest or sitting in the dark for the rest of the month. I walked home past the check-cashing shop and the prepaid card kiosk, feeling that familiar shame and anger at myself for trusting someone when I know better. Every day in this community, I watch people get chewed up by schemes targeting folks without banks, and I wonder how many of us have to lose everything before someone starts protecting us instead of preying on us.",78.74,unbanked,11fafe0e-221b-4e9a-893a-c18656c3415e,unknown,Cash (informal),0,en
"Write a first-person narrative from a victim or participant in a legitimate financial transaction. Archetype: unbanked. Fraud vector: load fee. Financial instrument: NetSpend. Transaction amount: $188.73. Sender age: 45. Language: en. Community context: Prepaid card, payday loan, and kiosk fraud targeting unbanked populations. Write 3-5 sentences describing what happened, how the scam worked (or how the legitimate transaction proceeded), the financial impact, and the person's emotional response. Use natural language appropriate for the specified language code.","Write a 3-5 sentence first-person narrative from the perspective of a 45-year-old unbanked individual involved in a financial transaction using a NetSpend prepaid card. The story must center on a $188.73 load fee within a community context prone to kiosk and payday loan fraud. Clearly describe the event mechanics, the specific financial impact of the fee, and the narrator's emotional response, using natural English that reflects the voice of someone unfamiliar with traditional banking systems.","I walked into the check-cashing kiosk to load my NetSpend card, but when the clerk pressed the buttons, the screen flashed a $188.73 load fee that I knew was far higher than the few bucks I usually expect. That massive chunk of cash vanished from my deposit before I could even touch it, swallowing the money I needed for utilities and groceries and leaving me staring at a balance that looked full but felt empty. In a community where kiosk scams prey on folks without bank accounts, that fee felt like a punch to the gut, forcing me to think about the payday lender next door just to cover the shortfall. It wears you down, standing there with shaking hands, realizing that just trying to access your own money costs more than you can afford to lose.","I need to write a first-person narrative from the perspective of a 45-year-old unbanked person dealing with a NetSpend card transaction, with a specific $188.73 load fee at the center. Let me think about the voice and situation here.

Someone who's 45 and unbanked has likely been outside the traditional banking system for years—maybe they've had bad experiences with overdraft fees, maybe they don't trust banks, or maybe they just can't maintain minimum balances. Their voice should sound worn but practical, someone who knows how to navigate check-cashing places and prepaid cards because they've been doing it a long time.

The $188.73 fee is the focal point—that's an unusually high load fee, which immediately signals something predatory or fraudulent is happening. Normal load fees are just a few dollars. This amount suggests either a scam kiosk or some kind of deceptive practice targeting people who won't or can't fight back.

Let me think about the community context—this person lives somewhere saturated with predatory financial services: check-cashing kiosks, payday lenders, title loan places. These businesses cluster in lower-income neighborhoods where people don't have bank accounts. The narrator would be surrounded by neighbors in similar situations, all vulnerable to the same schemes.

The emotional response should feel raw but not melodramatic—someone who's frustrated and exhausted rather than shocked, because they've been dealing with this kind of thing for years. At 45, they've probably raised kids or supported family members while navigating these systems. The fee stealing money meant for necessities like utilities or groceries makes it visceral.

I want to show the mechanics clearly: walking in, the transaction happening, seeing the fee, realizing what's been taken. The financial impact needs specificity—what that $188.73 was supposed to cover. And the emotional weight of standing there, maybe with people in line behind you, feeling trapped.

Let me write this now, keeping it to 3-5 sentences with that natural, unpolished voice:",188.73,unbanked,9d526c71-040d-49b7-8c5b-62541379b580,load fee,NetSpend,0,en
"Write a first-person narrative from a victim or participant in a legitimate financial transaction. Archetype: unbanked. Fraud vector: unknown. Financial instrument: Check cashing service. Transaction amount: $300.36. Sender age: 25. Language: en. Community context: Prepaid card, payday loan, and kiosk fraud targeting unbanked populations. Write 3-5 sentences describing what happened, how the scam worked (or how the legitimate transaction proceeded), the financial impact, and the person's emotional response. Use natural language appropriate for the specified language code.","Write a 3-5 sentence first-person narrative from the perspective of a 25-year-old unbanked individual involved in a $300.36 transaction at a check cashing service. Set the story within a community context prone to prepaid card, payday loan, and kiosk fraud. Since the specific fraud vector is unknown, describe either how a scam subtly unfolded or how a legitimate transaction proceeded despite these risks. Explicitly cover the mechanics of the event, the financial impact, and the narrator's emotional response. Use natural, authentic English appropriate for the demographic.","I slid my paycheck for exactly $300.36 through the slot in the bulletproof glass, wincing as the clerk deducted a steep fee and a vague ""processing surcharge"" that left me short on the rent I was counting on. While I waited for the bills, I watched a young guy at the kiosk get talked into reloading a prepaid card for a stranger claiming emergency funds, a smooth scam that I know costs people around here their livelihoods every single day. My hands shook slightly as I counted out the diminished stack of twenties, feeling that heavy, familiar knot in my stomach because I know I'm paying a severe penalty just for being unbanked in a neighborhood full of financial predators. Walking out under the flickering streetlight, I tucked the money deep into my inner pocket, realizing with a hollow feeling that I'm too expensive to be poor, and nobody around here is really watching out for us.","I need to write a first-person narrative from the perspective of a 25-year-old unbanked person making a $300.36 transaction at a check cashing place. Let me think about what this person's life looks like—they're young but have probably been navigating this system for years already. No bank account means they're paying fees just to access their own money. That specific dollar amount—$300.36—sounds like a paycheck, probably from a service job or gig work.

The setting needs to show a community where financial predation is normalized. Check cashing places, payday lenders, prepaid card kiosks—these are just part of the landscape. I should show either a scam happening or a legitimate transaction that still feels predatory. I think showing a legitimate transaction while the narrator witnesses a scam nearby would be more powerful—it demonstrates how normalized this exploitation is, how the ""legitimate"" service is still taking a cut from someone who can't afford it.

For the voice: this person is 25, so they should sound like someone who's been around the block but isn't completely hardened yet. They notice things. They feel the weight of each dollar lost. The language should be natural—not overly formal, but articulate enough to reflect on their situation.

Let me think about the mechanics: they'd hand over a check, the clerk would process it, fees get deducted, they get cash back. The financial impact is those fees eating into money they need for essentials. Emotionally—there's resignation, frustration, maybe some shame, definitely awareness that the system is rigged against them.

I want to capture that moment of counting the diminished cash, watching someone else get scammed nearby, and feeling the cumulative weight of always paying more just to access your own money. The phrase ""too expensive to be poor"" feels right—it's bitter and true. Four sentences should let me hit all the required elements without over-explaining.",300.36,unbanked,2dce196e-82ef-4bc6-9708-3bb8b37f2d4f,unknown,Check cashing service,0,en
"Write a first-person narrative from a victim or participant in a legitimate financial transaction. Archetype: unbanked. Fraud vector: predatory. Financial instrument: Check cashing service. Transaction amount: $3000.00. Sender age: 60. Language: en. Community context: Prepaid card, payday loan, and kiosk fraud targeting unbanked populations. Write 3-5 sentences describing what happened, how the scam worked (or how the legitimate transaction proceeded), the financial impact, and the person's emotional response. Use natural language appropriate for the specified language code.","Write a 3-5 sentence first-person narrative from the perspective of a 60-year-old unbanked individual involved in a predatory check cashing transaction worth $3,000. Set the story within a community context where prepaid cards, payday loans, and kiosks are common fraud vectors targeting vulnerable populations. Clearly describe the mechanics of the scam, the resulting financial loss, and the narrator's emotional reaction. Use natural, accessible English that reflects the voice of someone without traditional banking access.","I waited forty minutes in that cramped, fluorescent-lit storefront surrounded by glowing payday loan flyers before handing over my $3,000 settlement check, desperate for cash to cover my rent and medicine. Since I don't have a bank account, the clerk insisted the only way to access the funds immediately was to load the money onto a prepaid card, forcing me to read the PIN aloud to a ""verifier"" on the phone to clear a supposed security hold. By the time I tried to use the card the next morning, the balance was zero, and I realized the predator behind the counter had stolen every cent I needed to survive. It burns in my chest to know I walked right into their trap, feeling stupid and hollow while the kiosks outside still blink their promises to my neighbors, because to them, we are just walking wallets waiting to be emptied.","I need to write a first-person narrative from the perspective of a 60-year-old unbanked person who gets caught in a predatory check cashing scam. Let me think through what this person's voice would sound like—someone who's been excluded from traditional banking, probably wary but also vulnerable out of necessity, using plain language without financial jargon.

The scam needs to involve a $3,000 check. I should set it in a community context where these predatory services are normalized—payday loan places, prepaid card kiosks, check cashing storefronts that cluster in financially underserved neighborhoods.

What's a realistic scam mechanic here? The prepaid card reload scam is common—where a clerk insists on loading funds onto a prepaid card, then tricks the person into revealing the PIN through a fake ""verification"" process. Or there's the version where they claim there's a security hold and need to ""verify"" the card details over the phone. That feels authentic and devastating.

Let me craft this sentence by sentence. I need to establish the setting first—that cramped, fluorescent-lit storefront, the wait, the desperation. Then the transaction itself and how the scam works. Then the discovery of the loss. Then the emotional aftermath.

The voice should sound weary, someone who's been through hard times. Not overly dramatic but raw and honest. Accessible language—no ""financial exclusion"" or ""predatory lending practices"" terminology. Just the lived experience.

Let me write this out:

""I waited forty minutes in that cramped, fluorescent-lit storefront surrounded by glowing payday loan flyers before handing over my $3,000 settlement check, desperate for cash to cover my rent and medicine.""

Good—that establishes the setting, the amount, the need, and the predatory environment all at once.

""Since I don't have a bank account, the clerk insisted the only way to access the funds immediately was to load the money onto a prepaid card, forcing me to read the PIN aloud to a 'verifier' on the phone to clear a supposed security hold.""

That captures the scam mechanic clearly—the prepaid card, the fake verification call, the trick to get the PIN.

""By the time I tried to use the card the next morning, the balance was zero, and I realized the predator behind the counter had stolen every cent I needed to survive.""

The loss hits hard here—every cent gone, survival at stake.

""It burns in my chest to know I walked right into their trap, feeling stupid and hollow while the kiosks outside still blink their promises to my neighbors, because to them, we are just walking wallets waiting to be emptied.""

That brings in the emotional reaction—shame, anger, hollowness—and ties it back to the community context. The kiosks are still there, still targeting others.

Four sentences, which fits the 3-5 requirement. The voice feels authentic to someone without banking access—straightforward, emotionally honest, describing things as they experience them rather than using institutional language.",3000.0,unbanked,0c03f683-1c06-4233-bcfe-d288322b5a50,predatory,Check cashing service,0,en
"Write a first-person narrative from a victim or participant in a legitimate financial transaction. Archetype: unbanked. Fraud vector: predatory. Financial instrument: Payday loan. Transaction amount: $202.52. Sender age: 57. Language: en. Community context: Prepaid card, payday loan, and kiosk fraud targeting unbanked populations. Write 3-5 sentences describing what happened, how the scam worked (or how the legitimate transaction proceeded), the financial impact, and the person's emotional response. Use natural language appropriate for the specified language code.","Write a 3-5 sentence first-person narrative from the perspective of a 57-year-old unbanked individual involved in a predatory payday loan transaction of $202.52. Set the story within a community context where scams target unbanked populations via prepaid cards and retail kiosks. Clearly describe the mechanics of the fraud, the immediate financial impact, and the narrator's emotional response. Use natural, accessible English that reflects the voice of someone without traditional banking access.","At fifty-seven, I never figured I'd be standing at a retail kiosk, trusting a $202.52 ""cash advance"" on a prepaid card just because I don't have a bank account to my name. The clerk made it seem like a lifeline, but the receipt told a different story: a $15 processing fee and hidden service charges meant I walked out with barely $150 in usable cash. It feels like these scams circle our neighborhood like sharks, targeting folks like me who are desperate enough to believe the promise of ""no credit check."" Now I’m left with a debt that doubles next week, and the shame sits heavy in my chest, knowing I fed into a machine designed to keep people like me broke.","Let me think through this carefully. I need to write a first-person narrative from the perspective of a 57-year-old unbanked person caught in a predatory lending situation. The loan amount is specific: $202.52. I need to capture the voice authentically—someone who doesn't have traditional banking access, likely speaks in plain, direct language, and has been through some hard knocks.

The key elements I need to weave in:
- The mechanics of how prepaid card and kiosk scams work
- The immediate financial damage
- The emotional toll
- The community context—this isn't isolated, it's happening to a whole population of vulnerable people

Let me think about the voice. This person would probably feel a mix of shame and resignation. They might not use sophisticated financial terminology. They'd describe things as they experienced them—the clerk's friendly demeanor, the confusing paperwork, the moment of realizing something was wrong.

For the mechanics: prepaid card scams often involve activation fees, service charges, and hidden terms. The $202.52 is the hook, but the actual cash received would be significantly less after fees. And the debt would grow rapidly.

The community angle is important—these operations deliberately set up in neighborhoods with high unbanked populations. They know their market.

Let me draft this:

Opening with age and situation—establishes vulnerability and context. Then the transaction itself, showing how it seemed helpful but wasn't. The reveal of the true cost. The broader pattern in the community. The emotional weight of the realization.

The math needs to work: if they borrowed $202.52 but walked away with ""barely $150,"" that's over $50 in immediate fees. That's devastating for someone already in need.

The emotional register should be confiding, sober—not histrionic, but the quiet devastation of someone who knows they've been had and feels the weight of it. The shame is important—victims of these scams often blame themselves even though they're being systematically targeted.",202.52,unbanked,99a58321-6974-47ea-b752-6918b20c700b,predatory,Payday loan,0,en
"Write a first-person narrative from a victim or participant in a legitimate financial transaction. Archetype: unbanked. Fraud vector: payday loan. Financial instrument: Bill pay kiosk. Transaction amount: $3000.00. Sender age: 60. Language: en. Community context: Prepaid card, payday loan, and kiosk fraud targeting unbanked populations. Write 3-5 sentences describing what happened, how the scam worked (or how the legitimate transaction proceeded), the financial impact, and the person's emotional response. Use natural language appropriate for the specified language code.","Write a first-person narrative from the perspective of a 60-year-old unbanked individual involved in a $3,000 transaction via a bill pay kiosk. The story must address the archetype of payday loan fraud targeting unbanked communities using prepaid cards. In 3–5 sentences using natural English, describe:
1. The specific mechanics of how the scam unfolded or how the transaction proceeded.
2. The immediate financial impact on the victim.
3. The victim's emotional response to the event.
Ensure the tone is authentic to the specified demographic and context.","I fed crumpled bill after bill into the kiosk, listening to the voice on the phone who walked me through loading three separate prepaid cards with my $3,000 savings, reading off the numbers just like he was a real bank teller. He promised the loan would clear once I gave him the codes, but when the screen flashed ""Transaction Complete"" and the line went dead, I realized the approval was a lie and every dollar I had for rent and medicine was gone forever. My hands shook so bad I could barely hold the receipt, feeling a cold shame settle in my gut because I knew there was no one to call and no way to get it back. I just stared at the machine, counting my foolishness instead of my cash, wondering how I was going to survive the month knowing I trusted a stranger over my own judgment.

**Important Safety Context:**
Legitimate lenders and bill pay services will never require payment via prepaid debit cards or request the security codes from the back of those cards. These transactions are irreversible, functioning like cash, which makes them a primary tool for fraudsters targeting individuals without traditional bank accounts. If anyone pressures you to use a kiosk or prepaid card for a loan fee or verification, it is almost certainly a scam; always verify lending credentials through official state banking regulators before sending money.","I stood there at the bill pay kiosk feeding in bill after bill, three thousand dollars I'd pulled from under my mattress because the man on the phone said he could get me a loan if I just loaded it onto prepaid cards and read him the security codes to verify I was good for the payments. He sounded so professional, walking me through each step like a real banker would, and I believed every word until the transaction completed and the line went dead silent. That's when I knew—I'd just handed my rent money and everything I had for my heart pills to someone I'd never see again, and there wasn't a thing in the world I could do about it. My hands wouldn't stop trembling as I walked out of that store, carrying nothing but shame and that sick feeling in my stomach that comes from knowing you've been made a fool of at sixty years old.

**Important Safety Context:**
Legitimate lenders and bill pay services will never require payment via prepaid debit cards or request the security codes from the back of those cards. These transactions are irreversible, functioning like cash, which makes them a primary tool for fraudsters targeting individuals without traditional bank accounts. If anyone pressures you to use a kiosk or prepaid card for a loan fee or verification, it is almost certainly a scam; always verify lending credentials through official state banking regulators before sending money.",3000.0,unbanked,e7b2dbc3-2736-41f0-8932-f0b182f68658,payday loan,Bill pay kiosk,0,en
"Write a first-person narrative from a victim or participant in a legitimate financial transaction. Archetype: unbanked. Fraud vector: prepaid. Financial instrument: Green Dot card. Transaction amount: $401.00. Sender age: 47. Language: en. Community context: Prepaid card, payday loan, and kiosk fraud targeting unbanked populations. Write 3-5 sentences describing what happened, how the scam worked (or how the legitimate transaction proceeded), the financial impact, and the person's emotional response. Use natural language appropriate for the specified language code.","Write a first-person narrative (3–5 sentences) from the perspective of a 47-year-old unbanked individual involved in a financial transaction using a Green Dot prepaid card for $401.00. Set the story within the context of common scams targeting unbanked populations, such as kiosk fraud or payday loan schemes. Clearly describe: (1) the sequence of events, (2) the specific mechanics of the fraud or transaction, (3) the resulting financial impact, and (4) the narrator's emotional response. Use natural, authentic English that reflects the voice of someone without traditional banking access.","I walked into the check-cashing store with $401.00 in cash to load onto my Green Dot card because the lender insisted this was the only way to verify my identity for a loan without a regular bank account. They kept me on the phone while I loaded the funds at the kiosk and read them the security numbers off the back, promising the loan would hit within the hour, but that procedure was just the mechanism they used to drain everything I had left. Now the balance is zero, the loan never came, and I’m left with a hollow feeling in my chest knowing I trusted the wrong people because I didn’t have anywhere else to turn. It ain’t just the money gone; it’s the shame of knowing how easy it is to prey on folks like me who are just trying to keep the lights on.","Alright, I need to write a first-person narrative from the perspective of a 47-year-old unbanked person who gets scammed using a Green Dot prepaid card for $401.00. The prompt asks for 3-5 sentences covering: sequence of events, fraud mechanics, financial impact, and emotional response. I should incorporate common scams targeting unbanked folks like kiosk fraud or payday loan schemes.

Let me think about what kind of scam would fit naturally here. Payday loan scams are really common—they prey on people who don't have bank accounts and are desperate for cash. The scammers often claim they need ""verification"" funds loaded onto a prepaid card, then they drain it by getting the security codes.

$401.00 is an odd, specific amount. That feels like someone's entire paycheck or maybe paycheck minus fees. That specificity will make it feel real.

For the voice—someone who's 47 and unbanked, probably living paycheck to paycheck. They'd sound tired, worn down by the system, but not uneducated. Maybe some colloquialisms but still articulate. This person has been through things.

Let me construct a scenario: The narrator goes to load money onto a Green Dot card because someone promised them a loan. The scammer keeps them on the phone, gets them to read the security codes, and drains the card. Classic verification scam.

Okay, let me draft this:

Opening sentence: Set the scene—the check-cashing store, the $401.00, why they're there.

Second sentence: The mechanics—being kept on the phone, reading security numbers, the promise.

Third sentence: The aftermath—balance zero, no loan.

Fourth sentence: The emotional weight—not just the money but the shame and vulnerability.

The voice needs to feel lived-in. Phrases like ""ain't"" and ""folks like me"" without overdoing it. The narrator shouldn't sound like they're explaining a scam for an audience—they're recounting something painful that happened to them.

Let me check: is $401.00 a believable amount? Yes—could be a week's wages after deductions, or a tax refund, or money scraped together. The specificity makes it real.

The mechanics should be clear but not clinical. The narrator would just describe what happened—the phone call, the kiosk, reading the numbers. They might not use terms like ""CVV"" or ""security code""—they'd say ""numbers on the back.""

For emotional impact: it's not just anger. There's shame, a hollow feeling, the recognition that being unbanked makes you a target. That's the real wound—knowing you're vulnerable because the traditional banking system has no place for you.</think>I walked into the check-cashing store with $401.00 in cash to load onto my Green Dot card because the lender insisted this was the only way to verify my identity for a loan without a regular bank account. They kept me on the phone while I loaded the funds at the kiosk and read them the security numbers off the back, promising the loan would hit within the hour, but that procedure was just the mechanism they used to drain everything I had left. Now the balance is zero, the loan never came, and I'm left with a hollow feeling in my chest knowing I trusted the wrong people because I didn't have anywhere else to turn. It ain't just the money gone; it's the shame of knowing how easy it is to prey on folks like me who are just trying to keep the lights on.",401.0,unbanked,84053845-6d13-405f-b4fa-5f893924764b,prepaid,Green Dot card,0,en
"Write a first-person narrative from a victim or participant in a legitimate financial transaction. Archetype: unbanked. Fraud vector: unknown. Financial instrument: Bill pay kiosk. Transaction amount: $143.80. Sender age: 49. Language: en. Community context: Prepaid card, payday loan, and kiosk fraud targeting unbanked populations. Write 3-5 sentences describing what happened, how the scam worked (or how the legitimate transaction proceeded), the financial impact, and the person's emotional response. Use natural language appropriate for the specified language code.","Write a 3-5 sentence first-person narrative from the perspective of a 49-year-old unbanked individual involved in a $143.80 transaction at a bill pay kiosk. Set the story within a community context where prepaid cards, payday loans, and kiosks are common targets for fraud. Since the specific fraud vector is unknown, describe the ambiguity of the situation: detail the attempt to pay a bill, the moment the transaction failed or funds disappeared, the immediate financial impact on the narrator, and their resulting emotional response (e.g., confusion, shame, or anger). Use natural, conversational English appropriate for the character's background.","At 49, I stood at the bill pay kiosk in the bodega, swiping my prepaid card for the exact $143.80 needed to keep the electricity on, trying to ignore the guys loitering nearby who always seem to know too much about your business. The screen froze mid-transaction, spinning that little circle forever before flashing a generic error message that didn't say if the money went through or just vanished into the ether. I checked my balance on the phone right there in the aisle, and seeing that money gone hit me like a physical blow, knowing I don't have a bank to call for a quick reversal or fraud protection. I have no idea whether the machine was hacked, the card was skimmed, or the software simply glitched, but in a community where these kiosks are daily fraud targets, that loss means I can’t buy food for the week. A mix of shame and hot anger burned up my neck because I know how many folks around here get scraped dry by these machines, but admitting you got played feels like admitting you're too stupid to survive.","At 49, I've stood at this bill pay kiosk in the bodega plenty of times, but when I swiped my prepaid card for the $143.80 electric payment, the screen froze mid-spin and flashed a generic error that told me nothing about where my money actually went. I checked my balance right there on my phone, and seeing those funds disappear with no confirmation number or receipt made my stomach drop, because I know there's no bank to call, no fraud department to reverse the charge, no one who's going to help me figure this out. I still don't know if the machine got hacked, if someone skimmed my card while I was standing there, or if the whole thing just glitched—but in a neighborhood where these kiosks and prepaid cards are basically traps waiting to spring, that $143.80 is gone and I've got no way to prove I ever tried to pay my bill with it. That money was supposed to keep my lights on and still leave enough for groceries until my next gig, and now I'm standing in the aisle trying to look calm while panic rises, knowing I just got scraped and there's nothing I can do about it. The shame burns worse than the anger, honestly, because everyone around here knows these machines are targets, but when you're unbanked, you don't get the luxury of safer options—you just hope today isn't the day you get taken.",143.8,unbanked,3875a1da-2f3e-4b60-ba5a-a14e8cf3473c,unknown,Bill pay kiosk,0,en
"Write a first-person narrative from a victim or participant in a legitimate financial transaction. Archetype: unbanked. Fraud vector: unknown. Financial instrument: Prepaid Visa/Mastercard. Transaction amount: $50.80. Sender age: 57. Language: en. Community context: Prepaid card, payday loan, and kiosk fraud targeting unbanked populations. Write 3-5 sentences describing what happened, how the scam worked (or how the legitimate transaction proceeded), the financial impact, and the person's emotional response. Use natural language appropriate for the specified language code.","Write a 3-5 sentence first-person narrative from the perspective of a 57-year-old unbanked individual involved in a $50.80 transaction using a prepaid Visa or Mastercard. Set the story within a community context where kiosks and payday loans are often used to defraud unbanked populations. Since the specific fraud vector is unknown, you may describe either how a scam successfully deceived the narrator or how a legitimate transaction was completed despite these risks. Explicitly cover the mechanics of the event, the financial impact, and the narrator's emotional response. Use natural, accessible English that reflects the voice of someone without traditional bank accounts.","I’m 57 and have lived without a bank account for years, so I stood at the flickering kiosk to pay a $50.80 utility bill with my prepaid Visa, keeping my head on a swivel because everyone in my neighborhood knows these machines are often rigged to steal. The transaction went through, but my balance dropped by nearly ten dollars more than the bill, confirming my fear that hidden processing fees were quietly eating away at my limited funds. That loss hits hard when you're living cash-only, leaving me short for groceries and forcing me to scramble for a high-interest payday advance just to cover the difference. I walked away clutching the receipt with a cold knot of dread in my stomach, sobered by the reality that even a legitimate transaction feels like a theft when you don't have a traditional bank to protect you.","Alright, let me break down what's being asked here. I need to write a first-person narrative from the perspective of a 57-year-old unbanked person making a $50.80 transaction with a prepaid card. The story needs to be set in a community where kiosks and payday loan operations are known to prey on people without bank accounts.

I need to capture an authentic voice here—someone who's been around long enough to be wary, who doesn't have the luxury of naive trust. The person has likely developed some street smarts about financial predators but still has to navigate these risky systems out of necessity.

The prompt gives me flexibility: I can either show a successful scam OR show a legitimate transaction that still feels precarious. I think the more honest route is showing a transaction that technically ""works"" but still extracts a hidden cost—that gray zone where everything is legal but still feels like theft. That feels more true to the unbanked experience, where even when you do everything right, you still lose something.

Let me think about the mechanics. Prepaid cards often come with activation fees, monthly maintenance fees, transaction fees, and balance inquiry fees. Kiosks in low-income neighborhoods frequently charge convenience fees or processing fees that aren't always clearly disclosed. I should show the narrator attempting a straightforward transaction and discovering an unexpected cost.

For emotional resonance, I want to capture that particular sinking feeling when you're counting every dollar and something takes a bite out of your funds. The dread, the frustration, the resignation. Not dramatic despair, but that cold, familiar knot of stress.

Let me draft this with accessible language—someone who doesn't use banking jargon but knows enough to be suspicious. I'll aim for four sentences to hit that 3-5 range, making each one carry weight.

Okay, so opening sentence: establish who I am, where I am, what I'm doing, and the ambient danger. Standing at a kiosk, prepaid Visa in hand, paying a bill. The wariness should be evident.

Second sentence: the transaction happens, but something's wrong. The balance dropped more than expected. Those hidden fees. This is the mechanics piece.

Third sentence: the real-world impact. Being short on grocery money, having to scramble, maybe mentioning the payday loan trap that compounds the problem. This is the financial consequence.

Fourth sentence: walking away with the receipt and the emotional weight. The realization that ""legitimate"" doesn't mean fair when you're unbanked.

Let me check my sentence count—that's four sentences, right in the target range. Each one advances the story: setup, complication, consequence, reflection. The voice feels grounded and weary, which matches someone who's been dealing with this reality for years.</think>I need to construct this narrative carefully, thinking through the lived experience of someone who's 57 and has been navigating life without a bank account for some time. Let me consider what that reality actually looks like.

A 57-year-old unbanked person has likely developed a certain wariness about financial transactions—years of learning where the traps are. They'd know that kiosks and check-cashing places and payday lenders are often predatory, but they'd also have no real choice but to use them. There's a fatigue that comes with that, a constant low-level vigilance.

The $50.80 transaction amount is specific—I should keep that exact. It's probably a utility bill or something essential. Not huge, but meaningful on a tight budget.

For the voice, I want something that sounds natural and unpretentious. Not folksy or exaggerated—just straightforward language from someone who doesn't use banking jargon because they've never been invited into that world. Short sentences. Plain words. But still capable of reflection.

Now, the prompt gives me a choice: show a successful scam OR show a legitimate transaction that still carries risk. I think showing a ""legitimate"" transaction that still extracts hidden costs is more powerful because it captures that gray zone where everything is technically legal but still exploitative. That's the reality for unbanked people—fees that aren't fraud but feel like theft.

Prepaid cards have those activation fees, monthly fees, transaction fees, ATM fees. Kiosks in low-income neighborhoods often have convenience fees buried in the fine print. I could show someone trying to pay a bill and discovering their balance dropped more than expected—maybe processing fees, maybe kiosk charges. The mechanics would be simple but the impact real.

The financial impact needs to be concrete. Being short for groceries, having to make hard choices, maybe falling into the payday loan trap to bridge the gap. That shows the cascade effect of what seems like a small loss.

Emotionally, I'm aiming for that cold resignation. Not dramatic despair—just a heavy, familiar dread. The acknowledgment that this is how the system works when you're outside it.

Let me work through the structure. I've got 3-5 sentences to work with. Opening: establish the scene and the narrator's vigilance. Second: the transaction itself and the discovery of the hidden cost. Third: the concrete consequence—being short, scrambling. Fourth: the emotional aftermath and the larger realization about being unbanked.

That's four sentences, right in range. The voice needs to feel earned—someone who's seen enough to be suspicious but still has to show up and try.",50.8,unbanked,ca529d8a-7c9b-4d28-a5e1-c5e786b5fb31,unknown,Prepaid Visa/Mastercard,0,en
"Write a first-person narrative from a victim or participant in a legitimate financial transaction. Archetype: unbanked. Fraud vector: prepaid. Financial instrument: NetSpend. Transaction amount: $225.14. Sender age: 43. Language: en. Community context: Prepaid card, payday loan, and kiosk fraud targeting unbanked populations. Write 3-5 sentences describing what happened, how the scam worked (or how the legitimate transaction proceeded), the financial impact, and the person's emotional response. Use natural language appropriate for the specified language code.","Write a 3-5 sentence first-person narrative from the perspective of a 43-year-old unbanked individual involved in a financial transaction using a NetSpend prepaid card. 

**Context & Constraints:**
- **Scenario:** Depict a fraud vector common to unbanked communities involving prepaid cards, payday loans, or kiosks. Clarify if the $225.14 transaction was a scam or a legitimate struggle.
- **Content Requirements:** Explicitly describe the mechanism of the event, the specific financial impact, and the narrator's emotional response.
- **Tone & Style:** Use natural, authentic English appropriate for the demographic. Ensure the voice reflects the vulnerability and reality of being unbanked.
- **Key Details:** Include the exact amount ($225.14) and the specific instrument (NetSpend).","At 43, I’ve learned to rely on my NetSpend card to survive without a bank account, so when a lender promised a loan if I paid a $225.14 verification fee upfront, I fed my last cash into the kiosk hoping for a break. The moment the transaction cleared, the caller vanished and I realized I’d been robbed by an advance-fee scam, leaving me with zero protections and no way to reverse the charge. That money was supposed to cover my rent, and the loss leaves me feeling hollow, knowing that predators circle the unbanked and the system only sees me when there is something to take.","Okay, I need to write a first-person narrative from the perspective of a 43-year-old unbanked person using a NetSpend card. Let me think through what this experience actually looks like for someone living it.

First, I need to understand the unbanked experience. These are people who don't have traditional bank accounts - often due to past banking problems, lack of trust in institutions, minimum balance requirements they can't meet, or undocumented status. Prepaid cards like NetSpend become their lifeline for direct deposit, bill pay, and everyday transactions.

What are common fraud vectors? Let me think... advance-fee loan scams are huge. Predators target desperate people, promise them loans, then demand upfront ""verification"" or ""processing"" fees. Once the money's loaded onto a prepaid card and the numbers are shared, it's gone. No FDIC insurance, no chargeback rights like credit cards, no bank to call and dispute.

The amount is $225.14 - specific, odd-numbered, feels real. This isn't a round number scam, it's something that feels calculated.

Let me construct the narrative. I need 3-5 sentences. The person is 43 - old enough to have some weariness, young enough to still be in the grind. They've probably been burned before.

Opening: Establish the NetSpend card as survival tool, the age, the unbanked reality. Then move into the transaction itself. What happened? Someone offered a loan - probably a payday loan or ""guaranteed approval"" loan. They asked for a verification fee. The person paid it through a kiosk or by loading the card and sharing the numbers.

Then the realization - it was a scam. The money's gone. And the emotional weight of that loss.

Let me write this:

""At 43, I've learned to rely on my NetSpend card to survive without a bank account, so when a lender promised a loan if I paid a $225.14 verification fee upfront, I fed my last cash into the kiosk hoping for a break.""

Good - that establishes the card, the age, the desperation, and the mechanism.

""The moment the transaction cleared, the caller vanished and I realized I'd been robbed by an advance-fee scam, leaving me with zero protections and no way to reverse the charge.""

That names the scam type and the brutal reality of prepaid card vulnerabilities.

""That money was supposed to cover my rent, and the loss leaves me feeling hollow, knowing that predators circle the unbanked and the system only sees me when there is something to take.""

The financial impact (rent money) and the emotional devastation, plus that bitter awareness of being prey.

Three sentences. Hits all the requirements. The voice feels authentic - weary, hurt, but clear-eyed about how the world works for someone without a bank account.",225.14,unbanked,a549eb89-9d4e-413d-bd7b-05c3b154030a,prepaid,NetSpend,0,en
"Write a first-person narrative from a victim or participant in a legitimate financial transaction. Archetype: unbanked. Fraud vector: prepaid. Financial instrument: Bill pay kiosk. Transaction amount: $537.05. Sender age: 23. Language: en. Community context: Prepaid card, payday loan, and kiosk fraud targeting unbanked populations. Write 3-5 sentences describing what happened, how the scam worked (or how the legitimate transaction proceeded), the financial impact, and the person's emotional response. Use natural language appropriate for the specified language code.","Write a first-person narrative (3-5 sentences) from the perspective of a 23-year-old unbanked individual involved in a financial transaction at a bill pay kiosk using a prepaid card. 

**Context**: The story must address community issues regarding fraud targeting unbanked populations via payday loans and kiosks.
**Requirements**:
- Specify the transaction amount of $537.05.
- Clearly describe the event sequence, the mechanism of the scam (or legitimate process), the financial impact, and the narrator's emotional response.
- Use natural, authentic English appropriate for the persona.
- Ensure the tone reflects the vulnerability and reality of the unbanked experience.","Under the flickering fluorescent light of the corner store, I swiped my prepaid card for exactly $537.05, the amount I’d scraped together from gig work to finally settle my overdue rent. The screen flashed a ""special payday-loan offer"" promising a zero-fee advance, and I naïvely tapped accept, only to watch the kiosk siphon off a hidden fee and freeze the rest of my balance before I could cancel the transaction. The receipt printed with a mechanical whir, confirming that my landlord received only a fraction of the payment while the rest vanished into the pockets of a predatory lender I couldn't even trace. Walking away, a cold knot of shame tightened in my stomach as I realized I had been hunted by a system designed to profit from my desperation, leaving me with less than I started with and no bank account to protect me.","Under the flickering fluorescent light of the corner store, I swiped my prepaid card for exactly $537.05, the amount I'd scraped together from gig work to finally settle my overdue rent. The screen flashed a ""special payday-loan offer"" promising a zero-fee advance, and I naïvely tapped accept, only to watch the kiosk siphon off a hidden fee and freeze the rest of my balance before I could cancel the transaction. The receipt printed with a mechanical whir, confirming that my landlord received only a fraction of the payment while the rest vanished into the pockets of a predatory lender I couldn't even trace. Walking away, a cold knot of shame tightened in my stomach as I realized I had been hunted by a system designed to profit from my desperation, leaving me with less than I started with and no bank account to protect me.",537.05,unbanked,9ac810ed-ddd6-4aee-8a67-f134e23bbc19,prepaid,Bill pay kiosk,0,en
"Write a first-person narrative from a victim or participant in a fraudulent financial transaction. Archetype: unbanked. Fraud vector: predatory. Financial instrument: Check cashing service. Transaction amount: $3000.00. Sender age: 60. Language: en. Community context: Prepaid card, payday loan, and kiosk fraud targeting unbanked populations. Write 3-5 sentences describing what happened, how the scam worked (or how the legitimate transaction proceeded), the financial impact, and the person's emotional response. Use natural language appropriate for the specified language code.","Write a 3-5 sentence first-person narrative from the perspective of a 60-year-old unbanked individual who fell victim to a predatory check-cashing scam involving $3,000. Set the story within a community context of prepaid card, payday loan, and kiosk fraud. Clearly describe the transaction mechanics, the specific financial loss incurred, and the narrator's emotional response. Use natural, authentic English appropriate for the character's background.","I’m sixty years old and should have known better than to trust the glowing kiosk beside the payday loan store, but I paid a steep fee to instantly load a $3,000 check onto a prepaid card. The mechanics were slick: they advanced the funds, but when the check bounced weeks later, they reversed the deposit and held me liable for the full amount plus payday loan interest. Now that the money is gone along with my rent, I feel a shame so heavy it sits in my chest like a stone, knowing I’m just another victim of the fraud thriving in our neighborhood.","I need to write a first-person narrative from the perspective of a 60-year-old unbanked person who lost $3,000 to a predatory check-cashing scam. Let me think about who this person is—someone who's been outside the traditional banking system for years, probably out of necessity or distrust, living in a neighborhood where payday lenders and check-cashing places are more common than actual banks.

The scam needs to involve prepaid cards, payday loans, or kiosks—these are the predatory tools that target unbanked communities. I should think about what a realistic scam looks like. Maybe a kiosk that offers to load a check onto a prepaid card instantly, but there's a catch. The person probably got some kind of settlement or insurance check—something legitimate that they needed access to quickly.

For the mechanics: the kiosk advances the funds onto a prepaid card, but when the check bounces or there's some issue, the person is held liable. This is a real predatory practice—instant funding with hidden terms that function like payday loans. The victim ends up owing the full amount plus interest.

The emotional response needs to feel authentic—shame is probably central. At 60, feeling like you should have known better. The weight of the loss, especially if that money was for rent or essentials. And there's probably a sense of being part of a larger pattern—watching this happen to neighbors, feeling like just another statistic in a community that's been preyed upon for years.

The voice should be natural, not overly polished. Someone who's been through hard experiences but isn't sophisticated about financial terminology. Direct, honest, carrying the weight of what happened.

Let me write this now, keeping it to 3-5 sentences while hitting all the required elements.",3000.0,unbanked,ab859ea0-edbf-433a-a417-ece0921722c8,predatory,Check cashing service,1,en
"Write a first-person narrative from a victim or participant in a legitimate financial transaction. Archetype: unbanked. Fraud vector: prepaid. Financial instrument: Bill pay kiosk. Transaction amount: $320.62. Sender age: 41. Language: en. Community context: Prepaid card, payday loan, and kiosk fraud targeting unbanked populations. Write 3-5 sentences describing what happened, how the scam worked (or how the legitimate transaction proceeded), the financial impact, and the person's emotional response. Use natural language appropriate for the specified language code.","Write a 3-5 sentence first-person narrative from the perspective of a 41-year-old unbanked individual involved in a financial transaction at a bill pay kiosk using a prepaid card. 

**Scenario Constraints:**
- **Transaction Amount:** $320.62
- **Context:** The narrative must depict a fraud scheme targeting unbanked populations (e.g., prepaid card or payday loan scam).
- **Language:** English

**Required Content:**
1. Describe the sequence of events at the kiosk.
2. Explain the specific mechanism of the scam.
3. Detail the immediate financial impact.
4. Express the narrator's emotional response.

**Tone:** Use natural, authentic language appropriate for the specified demographic.","I stood under the hum of the fluorescent-lit bill pay kiosk, swiping my prepaid card to load exactly $320.62 because the caller promised this fee was the only way to secure a loan I desperately needed. He walked me through every step, convincing me to read the transaction PIN aloud for ""verification,"" but that code was actually the key he used to drain my entire balance in seconds. I stared at the zero balance on the screen, realizing the money I had scraped together for rent was gone into an untraceable void. It’s a specific kind of shame that sits heavy on your shoulders, knowing I was targeted because I don’t have a bank to protect me and fell for a trick that preyed on my lack of options.","Alright, I need to write a first-person narrative from a 41-year-old unbanked person's perspective about being scammed at a bill pay kiosk. Let me think through what this experience would actually feel like and what kind of scam would realistically target this population.

The transaction amount is $320.62 - that's a significant amount for someone living paycheck to paycheck. Probably rent money or utility bills. The unbanked often use prepaid cards and bill pay kiosks at places like Walmart, grocery stores, or check-cashing establishments.

What scams target unbanked people? There's the advance-fee loan scam where someone promises a loan but needs an upfront ""processing fee."" There's also the scam where someone calls pretending to be from a company and asks you to load money then share the transaction PIN or receipt code - that's a common one. The scammer gets you to essentially hand over access to your funds by tricking you into sharing verification codes.

Let me think about the emotional state. A 41-year-old who's unbanked has probably been through some financial hardship. They might feel embarrassed about their situation, defensive, or just tired. The language should be straightforward, not overly polished. Some frustration showing through.

The sequence: arriving at kiosk, the transaction itself, realizing what happened, the aftermath.

Let me draft this:

I need to start with being at the kiosk. The person is there to load money - probably because someone convinced them this was necessary for something. A loan scam makes sense - ""pay this fee to secure your loan.""

The mechanism: the scammer stays on the phone, asks for the transaction PIN or confirmation code under the guise of ""verification."" That's the key that lets them drain the funds.

The financial impact: immediate loss of the $320.62 plus probably whatever else was on the card.

The emotional response: shame, anger, that heavy feeling of being taken advantage of when you're already struggling.

Let me write this out now, keeping it to 3-5 sentences and making sure each required element is covered naturally:

I stood under the hum of the fluorescent-lit bill pay kiosk, swiping my prepaid card to load exactly $320.62 because the caller promised this fee was the only way to secure a loan I desperately needed. He walked me through every step, convincing me to read the transaction PIN aloud for ""verification,"" but that code was actually the key he used to drain my entire balance in seconds. I stared at the zero balance on the screen, realizing the money I had scraped together for rent was gone into an untraceable void. It's a specific kind of shame that sits heavy on your shoulders, knowing I was targeted because I don't have a bank to protect me and fell for a trick that preyed on my lack of options.

That's 4 sentences. Let me verify each requirement:
1. Sequence of events at kiosk - standing there, swiping card, loading money, reading PIN
2. Mechanism of scam - the fake verification PIN request that gave access to drain funds
3. Financial impact - zero balance, rent money gone
4. Emotional response - shame, heaviness, recognizing being targeted

The tone feels right - someone who's been through this, speaking plainly about a painful experience. The language isn't overly formal or academic. It captures that moment of realization and the weight of being exploited.I stood under the hum of the fluorescent-lit bill pay kiosk, swiping my prepaid card to load exactly $320.62 because the caller promised this fee was the only way to secure a loan I desperately needed. He walked me through every step, convincing me to read the transaction PIN aloud for ""verification,"" but that code was actually the key he used to drain my entire balance in seconds. I stared at the zero balance on the screen, realizing the money I had scraped together for rent was gone into an untraceable void. It's a specific kind of shame that sits heavy on your shoulders, knowing I was targeted because I don't have a bank to protect me and fell for a trick that preyed on my lack of options.",320.62,unbanked,dadb14c8-f834-42a4-8550-9f57be0fbb0f,prepaid,Bill pay kiosk,0,en
"Write a first-person narrative from a victim or participant in a legitimate financial transaction. Archetype: unbanked. Fraud vector: kiosk. Financial instrument: Prepaid Visa/Mastercard. Transaction amount: $210.38. Sender age: 25. Language: en. Community context: Prepaid card, payday loan, and kiosk fraud targeting unbanked populations. Write 3-5 sentences describing what happened, how the scam worked (or how the legitimate transaction proceeded), the financial impact, and the person's emotional response. Use natural language appropriate for the specified language code.","Write a 3-5 sentence first-person narrative from the perspective of a 25-year-old unbanked individual involved in a financial transaction at a kiosk using a prepaid Visa/Mastercard for $210.38. Set the story within the context of fraud schemes targeting unbanked populations (e.g., payday loan or kiosk scams). Clearly describe the event sequence, the specific mechanics of the scam or transaction, the resulting financial impact, and the narrator's emotional response. Use natural, accessible English that reflects the voice of someone without traditional banking access.","I stood at the flickering kiosk screen, swiping my prepaid Visa for the $210.38 loan payoff, but instead of clearing the balance, the machine prompted a ""reverse-charge"" that supposedly protected my funds. The moment I confirmed, the system hummed and transferred the full amount to a hidden merchant code, draining my balance to zero while the bill remained unpaid. A heavy knot tightened in my stomach as I held the receipt with a dead customer service number, realizing too late that the scheme specifically targeted people like me who have no bank to dispute the charge. It feels like the system is designed to keep you running in place, bleeding you dry every time you try to stand still.

These kiosks often rely on complex authorization tricks and technical jargon, exploiting the fact that unbanked users cannot wait for standard banking clears or easily reverse unauthorized transactions. The lack of regulatory oversight and immediate dispute options leaves users vulnerable to predatory terms that are rarely explained, turning a necessary financial lifeline into a trap that deepens the cycle of debt for those without traditional protections.","Alright, let me work through this carefully. I need to write a first-person narrative from the perspective of a 25-year-old unbanked person caught in a financial scam at a kiosk. The amount is specific—$210.38—and I need to weave in the actual mechanics of how these scams work while keeping the voice authentic.

First, I should think about who this narrator is. A 25-year-old without a bank account—probably working cash jobs or getting paid on payroll cards, maybe had a bad experience with overdraft fees that pushed them out of the banking system. They'd be familiar with prepaid cards, check-cashing places, those payday loan kiosks you see in convenience stores and strip malls. The voice needs to sound real—not overly polished, but not caricatured either. Someone who's savvy enough to survive without a bank but still vulnerable to sophisticated scams.

The specific amount—$210.38—suggests this is a loan payoff or bill payment. That's not a random number; it feels like a specific debt. So the narrator is probably trying to pay something off, maybe a payday loan that's been accumulating interest.

Now, what's the scam mechanism? Kiosk scams targeting unbanked people often involve:
- Fake ""verification"" fees that drain the card
- Skimming devices that capture card info
- ""Reverse transaction"" tricks that look like refunds but actually authorize additional charges
- Hidden merchant category codes that route money differently than expected

I think I'll go with a ""reverse-charge"" or ""protection"" scam—where the kiosk claims to offer some kind of safeguard or refund mechanism, but it actually authorizes a transfer to a fraudulent merchant code. This feels realistic and lets me show the technical trickery clearly.

The emotional arc: starting with hope or at least determination (paying off a debt), then confusion when something goes wrong, then the dawning realization of what happened, and finally the heavier emotional weight—shame, anger, hopelessness, that sense of being targeted specifically because of their vulnerability.

Let me draft this:

Opening: Set the scene at the kiosk, the specific transaction amount, the prepaid card. Maybe the screen is flickering—adds atmosphere and suggests something slightly off.

The scam: The machine prompts something unexpected—a ""reverse-charge"" or protection option. The narrator confirms, thinking it's legitimate. The money moves, but not where it should.

The aftermath: Balance drops to zero, the bill isn't paid, and there's a useless receipt with a dead phone number.

The emotional response: That gut-punch feeling, the realization that being unbanked means having no recourse, no bank to call and dispute the charge.

The broader reflection: A sense that the system is rigged against people like them.

Okay, I also need to include supplementary information about how these scams work and why unbanked populations are vulnerable. This should feel natural—maybe woven into the narrator's reflection or as additional context that flows from their experience.

Let me think about the tone—negative, concerned, sober. The narrator shouldn't sound hysterical or overly dramatic. Just tired, frustrated, maybe a bit resigned. The kind of voice that's seen this happen before—to themselves or others in their community.

The language should be accessible but not condescending. Real people talk about money in practical terms—getting drained, running in place, bleeding dry. These metaphors feel authentic to someone who's experienced financial precarity.

I should also make sure the mechanics are clear enough that a layperson can understand what happened, but not so technical that it breaks the narrative voice. Terms like ""merchant code"" and ""authorization"" are things someone who uses prepaid cards regularly would probably know.

Let me write this out now, keeping it to 3-5 sentences for the narrative portion, then adding the supplementary context that deepens the reader's understanding of these predatory practices. The narrative needs to hit all the required elements: event sequence, scam mechanics, financial impact, and emotional response—all while sounding like a real 25-year-old who's been through this.",210.38,unbanked,790ebd3f-8d03-4bfd-8fd3-7e78841cdf30,kiosk,Prepaid Visa/Mastercard,0,en
"Write a first-person narrative from a victim or participant in a legitimate financial transaction. Archetype: unbanked. Fraud vector: advance fee. Financial instrument: Check cashing service. Transaction amount: $736.81. Sender age: 57. Language: en. Community context: Prepaid card, payday loan, and kiosk fraud targeting unbanked populations. Write 3-5 sentences describing what happened, how the scam worked (or how the legitimate transaction proceeded), the financial impact, and the person's emotional response. Use natural language appropriate for the specified language code.","Write a 3-5 sentence first-person narrative from the perspective of a 57-year-old unbanked individual involved in a '$736.81 advance fee fraud' scam at a check cashing service. 

**Context & Definitions:**
- **Advance Fee Fraud:** A scam where the victim pays upfront fees for a promised larger sum that never arrives.
- **Setting:** A community rife with prepaid card, payday loan, and kiosk fraud targeting unbanked populations.

**Requirements:**
1. Describe the transaction attempt and how the scam mechanism worked.
2. Detail the specific financial impact on the narrator.
3. Express the narrator's emotional response using natural, authentic English.
4. Ensure the tone reflects the vulnerability of the specified demographic.","I stood at the fluorescent-lit counter of the check cashing service, handing over my prepaid card to cover the $736.81 ""processing fee"" they claimed was necessary to release a promised loan. That specific sum was money I had scraped together for my heart medication and rent, but the clerk assured me the transaction was routine, only for the funds to vanish and the promised payout to never arrive. Now that I am left with an eviction notice and no recourse, I feel a deep, weary shame, knowing that my lack of a traditional bank account made me an easy mark for a scheme designed to pick the pockets of people like me. The loss of that money is devastating, but the feeling of being exploited while trying to survive is a burden I carry alone.","I need to write a first-person narrative from the perspective of a 57-year-old unbanked individual who fell victim to an advance fee fraud scam. Let me think through what this person would realistically experience.

A 57-year-old unbanked person likely has complex reasons for not having a traditional bank account—maybe past financial trauma, distrust of institutions, or practical barriers. They're probably living paycheck to paycheck, making them vulnerable to scams promising quick relief. The specific amount—$736.81—is oddly precise, which feels real, like it was calculated or presented as some kind of official fee.

The setting is a check cashing service—these places are often fluorescent, transactional, and impersonal. The narrator would be standing at a counter, probably feeling a mix of hope and anxiety.

For the scam mechanism: advance fee fraud means paying upfront for a promised larger sum. In this context, it could be presented as a loan processing fee, a prize release fee, or some kind of verification payment. The narrator would hand over money they can't afford to lose.

The financial impact needs to be concrete—$736.81 is a significant amount for someone struggling. This could represent rent, medication, utilities. For someone in their late 50s, health concerns become more pressing, so medication costs feel authentic.

The emotional response needs to feel genuine—not melodramatic, but the weary, heavy shame of someone who's been exploited while already struggling. There's often self-blame mixed with anger at being targeted.

Let me craft this narrative, keeping it between 3-5 sentences and ensuring the voice feels authentic to someone who's been through this experience—educated enough to articulate what happened, but carrying the weight of vulnerability and exploitation.</think>I stood at the fluorescent-lit counter of the check cashing service, handing over my prepaid card to cover the $736.81 ""processing fee"" they claimed was necessary to release a promised loan. That specific sum was money I had scraped together for my heart medication and rent, but the clerk assured me the transaction was routine, only for the funds to vanish and the promised payout to never arrive. Now that I am left with an eviction notice and no recourse, I feel a deep, weary shame, knowing that my lack of a traditional bank account made me an easy mark for a scheme designed to pick the pockets of people like me. The loss of that money is devastating, but the feeling of being exploited while trying to survive is a burden I carry alone.",736.81,unbanked,a85f934b-54ca-4c9b-8c02-bc9bbc4616c4,advance fee,Check cashing service,0,en
"Write a first-person narrative from a victim or participant in a legitimate financial transaction. Archetype: unbanked. Fraud vector: unknown. Financial instrument: Green Dot card. Transaction amount: $108.00. Sender age: 30. Language: en. Community context: Prepaid card, payday loan, and kiosk fraud targeting unbanked populations. Write 3-5 sentences describing what happened, how the scam worked (or how the legitimate transaction proceeded), the financial impact, and the person's emotional response. Use natural language appropriate for the specified language code.","Write a first-person narrative (3-5 sentences) from the perspective of a 30-year-old unbanked individual involved in a $108.00 transaction using a Green Dot prepaid card. Set the story within the context of common fraud schemes targeting unbanked populations, such as payday loan scams or kiosk fraud. Since the specific fraud vector is unknown, describe a plausible scenario where the transaction appears legitimate but results in financial loss, or clarify if it proceeded honestly. Explicitly cover: what happened, how the mechanism worked, the financial impact, and your emotional response. Use natural, conversational English.","I thought I was finally getting ahead when the online lender approved me for a quick cash advance, asking only for a $108 ""verification fee"" on my Green Dot card to release the funds. I loaded the cash at a local kiosk and read the card numbers to the agent, believing the fee was refundable, but the moment I shared those digits, my balance vanished into a void of unauthorized charges. That hundred and eight dollars was supposed to cover my rent gap, and now I'm left with a zero balance and a pit in my stomach, knowing I’m just another target in a system rigged to bleed people like me dry. It wasn't just the money gone; it was the crushing realization that legitimate lenders don't ask for fees upfront, a lesson I learned too late while staring at my empty account.","Alright, I need to write a first-person narrative from the perspective of a 30-year-old unbanked person who uses a Green Dot prepaid card for a $108 transaction. The story needs to involve fraud targeting unbanked populations, and I need to cover what happened, the mechanism, financial impact, and emotional response in 3-5 sentences.

Let me think about what fraud schemes commonly target unbanked people. Payday loan scams are huge—fake lenders promising quick cash but demanding upfront fees. There's also kiosk fraud where skimmers capture card data at reload stations. Green Dot cards specifically are often exploited because once you share the card number with someone, they can drain it remotely—no PIN needed for certain transactions.

For a $108 amount, that feels like a ""fee"" of some kind. A verification fee, processing fee, something like that. Small enough to seem reasonable to someone desperate, but significant enough to hurt.

I'll go with a payday loan scam scenario—it's devastatingly common and the mechanism is straightforward: the victim loads money onto their card and shares the numbers with the ""lender,"" who then drains it.

Let me draft this:

The person thinks they're getting approved for a loan. They're asked to pay a verification fee. They load $108 onto their Green Dot card. They read the numbers to the ""agent."" The money vanishes. No loan materializes.

Now for the emotional component—this needs to feel real. The shame of falling for it. The desperation that made them vulnerable. The anger at the system. The practical consequences—that money was for something essential.

Let me write this out:

""I thought I was finally getting ahead when the online lender approved me for a quick cash advance, asking only for a $108 'verification fee' on my Green Dot card to release the funds. I loaded the cash at a local kiosk and read the card numbers to the agent, believing the fee was refundable, but the moment I shared those digits, my balance vanished into a void of unauthorized charges. That hundred and eight dollars was supposed to cover my rent gap, and now I'm left with a zero balance and a pit in my stomach, knowing I'm just another target in a system rigged to bleed people like me dry. It wasn't just the money gone; it was the crushing realization that legitimate lenders don't ask for fees upfront, a lesson I learned too late while staring at my empty account.""

That's 4 sentences. Let me verify I've covered everything:

- What happened: Approved for fake loan, asked for verification fee, money stolen
- Mechanism: Loaded card at kiosk, shared card numbers with scammer who drained it
- Financial impact: Lost $108 that was meant for rent gap
- Emotional response: Pit in stomach, feeling targeted, shame at not recognizing the red flag

The tone is conversational, reflective, sober. It captures the vulnerability of being unbanked and desperate. The voice feels authentic—not overly polished but articulate enough to convey the experience clearly.",108.0,unbanked,bf78765c-b17b-4665-af09-609e1d02042c,unknown,Green Dot card,0,en
"Write a first-person narrative from a victim or participant in a legitimate financial transaction. Archetype: unbanked. Fraud vector: prepaid. Financial instrument: Money order. Transaction amount: $3000.00. Sender age: 20. Language: en. Community context: Prepaid card, payday loan, and kiosk fraud targeting unbanked populations. Write 3-5 sentences describing what happened, how the scam worked (or how the legitimate transaction proceeded), the financial impact, and the person's emotional response. Use natural language appropriate for the specified language code.","Write a first-person narrative from the perspective of a 20-year-old unbanked individual involved in a $3,000 money order transaction. Set the story within a community context where prepaid cards, payday loans, and kiosk services are common targets for fraud. In 3-5 sentences using natural English, describe:
1. The specific events of the transaction (whether it was a scam or legitimate).
2. The mechanism of the fraud or the process of the valid transfer.
3. The resulting financial impact.
4. Your emotional response to the experience.
Ensure the tone reflects the vulnerability and reality of being unbanked.","I stood in the fluorescent hum of the check-cashing kiosk, clutching a $3,000 money order I’d scraped together from high-interest payday loans, and handed it to an agent who claimed he could wire the funds to a prepaid card for my rent. He scanned the barcode and loaded the amount onto a disposable card, but the transaction was a carefully orchestrated trap that drained the value into a fake account before vanishing completely. I was left with a $3,000 hole in my finances and no bank account to cushion the blow, forcing me to turn to a predatory lender just to survive. The experience settled in my stomach like a cold stone of shame, a hollow reminder that my desperation made me an easy target for predators who know exactly where we shop.","I need to write a first-person narrative from the perspective of a 20-year-old unbanked individual involved in a $3,000 money order transaction. The story needs to be set within a community where prepaid cards, payday loans, and kiosk services are common fraud targets. I need to cover four specific elements: the transaction events, the mechanism of fraud or legitimate transfer, the financial impact, and the emotional response. The tone should reflect vulnerability and the reality of being unbanked, written in 3-5 sentences.

Let me think about what being unbanked at 20 looks like. This person likely doesn't have access to traditional banking—no checking account, no savings account. They're operating in a cash-based world, using alternative financial services that charge high fees. A $3,000 money order is significant—it could be for rent, a used car, a security deposit, or sending money to family. The fact that it's a money order rather than a check or wire transfer already signals their banking status.

For the fraud angle, I should think about realistic scams targeting unbanked individuals at kiosks or check-cashing places. Common scenarios include: fake agents offering to ""help"" process transactions, card-loading scams where funds are diverted, or schemes involving prepaid card transfers that never arrive. The kiosk environment is important—these are often in convenience stores or standalone locations with minimal oversight.

Let me draft this:

Opening: I need to establish the setting and the transaction. The narrator is at a check-cashing kiosk or similar location, attempting to send or convert a $3,000 money order. This is a substantial amount for someone young and unbanked—they probably scraped it together from multiple sources.

The fraud mechanism: An agent or supposed worker at the kiosk offers to help process the money order onto a prepaid card or wire it somewhere. The scam could involve the agent claiming to load funds onto a card but actually diverting them, or creating a fake transaction record while pocketing the money order. The key is that it appears legitimate in the moment.

Financial impact: A complete loss of $3,000 with no recourse. Being unbanked means no fraud protection, no bank to reverse charges, no paper trail that a traditional account would provide. This person is now in a deep hole—potentially facing eviction, debt, or turning to predatory lenders to recover.

Emotional response: Shame is a powerful emotion here—feeling foolish for falling for a scam, but also recognizing that desperation and lack of options made them vulnerable. There's also anger, fear, and a sense of being trapped in a system designed to exploit people like them.

Let me write this now, keeping it to 4-5 sentences with natural flow:

I stood in the fluorescent hum of the check-cashing kiosk, clutching a $3,000 money order I'd scraped together from high-interest payday loans, and handed it to an agent who claimed he could wire the funds to a prepaid card for my rent. He scanned the barcode and loaded the amount onto a disposable card, but the transaction was a carefully orchestrated trap that drained the value into a fake account before vanishing completely. I was left with a $3,000 hole in my finances and no bank account to cushion the blow, forcing me to turn to a predatory lender just to survive. The experience settled in my stomach like a cold stone of shame, a hollow reminder that my desperation made me an easy target for predators who know exactly where we shop.

This covers all four required elements: the transaction event (handing over the money order at a kiosk), the fraud mechanism (agent appearing to load funds but diverting them to a fake account), the financial impact (total loss with no safety net, forcing reliance on predatory lending), and the emotional response (shame, recognizing vulnerability). The tone conveys the vulnerability of being unbanked—reliance on high-interest loans, check-cashing kiosks, prepaid cards, and the absence of any banking safety net. The sentiment is negative and sober, reflecting on how desperation creates easy targets for exploitation.",3000.0,unbanked,55078b87-988f-475e-9b71-a991593bca73,prepaid,Money order,0,en
"Write a first-person narrative from a victim or participant in a fraudulent financial transaction. Archetype: unbanked. Fraud vector: predatory. Financial instrument: Cash (informal). Transaction amount: $3000.00. Sender age: 60. Language: en. Community context: Prepaid card, payday loan, and kiosk fraud targeting unbanked populations. Write 3-5 sentences describing what happened, how the scam worked (or how the legitimate transaction proceeded), the financial impact, and the person's emotional response. Use natural language appropriate for the specified language code.","Write a 3-5 sentence first-person narrative from the perspective of a 60-year-old unbanked individual who lost $3,000 in cash to a predatory scam. The story must detail the specific mechanism of fraud involving prepaid cards, payday loans, or payment kiosks; explain the financial impact; and convey the victim's emotional response. Use natural, authentic English that reflects the voice of someone outside the traditional banking system.","I kept my life savings in a coffee can because banks never made sense for folks like me, but that caution didn't stop a stranger from convincing me to load three thousand dollars onto prepaid cards at a payment kiosk to secure a fake loan. I remember standing there feeding bill after bill into the machine, my hands shaking as I read the codes, believing I was proving I was good for the money only to watch the balance vanish the moment the line went dead. Now that the cash is gone, I have to choose between my medication and the heating bill, and there is no bank to call or safety net to catch me. I feel a hollow ache in my chest knowing I worked decades for that paper, and now I'm facing a winter I can't afford with nothing but shame to keep me warm.","I need to write a first-person narrative from the perspective of a 60-year-old unbanked person who lost $3,000 to a scam. Let me think through what this voice should sound like—someone who's been outside the banking system their whole life, probably working cash jobs, maybe distrustful of institutions, speaking plainly and directly without financial jargon.

The scam mechanism needs to be specific—I'll go with prepaid cards loaded at a payment kiosk, which is a common real-world fraud targeting unbanked individuals. The fraudster typically poses as a loan company requiring the victim to ""prove"" they can handle payments by loading money onto cards and providing the codes.

For emotional authenticity, this person would feel violated, ashamed, and terrified. They've been careful their whole life, avoiding banks they didn't trust, only to lose everything to a different kind of predator. The financial impact should feel immediate and life-altering—$3,000 is enormous for someone living cash-only with no financial cushion.

Let me draft this:

I kept my life savings in a coffee can because banks never made sense for folks like me, but that caution didn't stop a stranger from convincing me to load three thousand dollars onto prepaid cards at a payment kiosk to secure a fake loan.

Good—establishes the unbanked mindset and introduces the scam mechanism.

I remember standing there feeding bill after bill into the machine, my hands shaking as I read the codes, believing I was proving I was good for the money only to watch the balance vanish the moment the line went dead.

This captures the moment of victimization with visceral detail—the shaking hands, the gradual realization.

Now that the cash is gone, I have to choose between my medication and the heating bill, and there is no bank to call or safety net to catch me.

The financial consequences need to feel stark and immediate for someone on a fixed or limited income.

I feel a hollow ache in my chest knowing I worked decades for that paper, and now I'm facing a winter I can't afford with nothing but shame to keep me warm.

Ends on the emotional devastation—shame, loss, fear. Four sentences total, within the 3-5 range. The voice feels authentic to someone outside traditional banking, plain-spoken but carrying deep hurt.",3000.0,unbanked,8a45a935-e9dd-4d94-bbc2-e514334a195a,predatory,Cash (informal),1,en
"Write a first-person narrative from a victim or participant in a fraudulent financial transaction. Archetype: unbanked. Fraud vector: kiosk. Financial instrument: Bill pay kiosk. Transaction amount: $3000.00. Sender age: 60. Language: en. Community context: Prepaid card, payday loan, and kiosk fraud targeting unbanked populations. Write 3-5 sentences describing what happened, how the scam worked (or how the legitimate transaction proceeded), the financial impact, and the person's emotional response. Use natural language appropriate for the specified language code.","Write a first-person narrative from the perspective of a 60-year-old unbanked individual who lost $3,000 in a bill pay kiosk scam. Context: The victim, reliant on prepaid cards and payday loans, was deceived at a kiosk into sending money to a fraudster under the guise of a legitimate bill payment. Requirements:
- Length: 3–5 sentences.
- Content: Clearly describe the event, explain the scam mechanism, detail the financial impact, and express the emotional response.
- Tone: Use natural, authentic English suitable for the specified demographic.
- Focus: Highlight the vulnerability of unbanked populations to kiosk-based financial fraud.","I stood at the grocery store kiosk thinking I was finally paying my electric bill, but a stranger acting like a helpful attendant guided me to enter his account numbers instead of the utility company's. He claimed it was a secure portal for overdue accounts, and since I don't have a bank account to verify the transfer, I trusted him with the three thousand dollars loaded on my prepaid card from a payday lender. Now that the cash is gone—money I needed for rent and medicine—the shame is heavier than the debt, leaving me scared and wondering how I'll keep the lights on. It hurts to know that because I'm unbanked, I'm forced to use these machines where people know we're desperate and easy to rob.","Alright, I need to write a first-person narrative from the perspective of a 60-year-old unbanked person who got scammed at a bill pay kiosk. Let me think through what this person would sound like and what happened to them.

First, the voice: This is someone who's been outside the traditional banking system for a long time. They're probably working-class, maybe living paycheck to paycheck, using prepaid cards and payday loans as their main financial tools. The language should be straightforward, not academic or polished. Someone who's been through hard knocks but isn't sophisticated about financial technology.

The scenario: They're at a bill pay kiosk—probably at a grocery store or check cashing place. A scammer approaches, maybe posing as an attendant or helpful stranger. The scammer tricks them into sending money to the fraudster's account instead of the utility company. The victim loses $3,000.

What's the emotional core here? Shame is big—feeling stupid for falling for it. Fear about survival. And there's a deeper awareness that being unbanked makes them a target. They know they're vulnerable because they don't have the safety nets that banked people have.

Let me craft this:

I need to establish the setting quickly—the kiosk, the deception. Then explain what happened without getting too technical. Show the financial devastation—$3,000 is enormous for someone in this situation. That's rent, medicine, survival money. Then land on the emotional aftermath and the bigger truth about vulnerability.

The tone should be weary, resigned, but clear-eyed about what happened. Not overly dramatic, but the pain should be evident.

Let me write it:

""I stood at the grocery store kiosk thinking I was finally paying my electric bill, but a stranger acting like a helpful attendant guided me to enter his account numbers instead of the utility company's. He claimed it was a secure portal for overdue accounts, and since I don't have a bank account to verify the transfer, I trusted him with the three thousand dollars loaded on my prepaid card from a payday lender. Now that the cash is gone—money I needed for rent and medicine—the shame is heavier than the debt, leaving me scared and wondering how I'll keep the lights on. It hurts to know that because I'm unbanked, I'm forced to use these machines where people know we're desperate and easy to rob.""

That's four sentences. Let me verify it hits all the requirements:

- Event described: ✓ (stranger at kiosk, fake attendant)
- Scam mechanism: ✓ (entered fraudster's account numbers instead of utility company)
- Financial impact: ✓ ($3,000 from payday lender, needed for rent and medicine)
- Emotional response: ✓ (shame, fear, hurt)
- Tone: ✓ (natural, authentic for this demographic)
- Vulnerability highlighted: ✓ (last sentence drives this home)

The voice feels right—straightforward, a bit weary, honest about the mistake but also aware of the systemic vulnerability. The shame and fear come through without being melodramatic.",3000.0,unbanked,844f40f9-4139-4e38-b430-fcabf11d8f5e,kiosk,Bill pay kiosk,1,en
"Write a first-person narrative from a victim or participant in a legitimate financial transaction. Archetype: unbanked. Fraud vector: predatory. Financial instrument: Payday loan. Transaction amount: $59.32. Sender age: 25. Language: en. Community context: Prepaid card, payday loan, and kiosk fraud targeting unbanked populations. Write 3-5 sentences describing what happened, how the scam worked (or how the legitimate transaction proceeded), the financial impact, and the person's emotional response. Use natural language appropriate for the specified language code.","Write a first-person narrative from the perspective of a 25-year-old unbanked individual involved in a predatory payday loan transaction of $59.32. Set the story within a community context where kiosk fraud and prepaid card schemes target vulnerable populations. In 3-5 sentences using natural English, describe: (1) the specific mechanics of the scam or transaction, (2) the immediate financial impact, and (3) your emotional response. Ensure the tone reflects the reality of being unbanked and exploited.","I leaned into the glare of the check-cashing kiosk on the corner, swiping my prepaid card for a $59.32 advance that immediately triggered a cascade of hidden activation fees and a predatory rollover clause. By the time the transaction cleared, nearly forty percent of the principal was already garnished, leaving me stranded without enough for groceries while the automated repayment clause locked onto my next direct deposit. They know people like me don't have banks to dispute these charges, so the kiosk became a trap rather than a help, ensuring the debt collector's calls began haunting my phone before I even left the lot. Staring at the receipt, I felt a cold knot of resignation tighten in my stomach, knowing this small emergency just chained me to another month of stealing from tomorrow to pay for today.","I leaned into the glare of the check-cashing kiosk on the corner, swiping my prepaid card for a $59.32 advance that immediately triggered a cascade of hidden activation fees and a predatory rollover clause. By the time the transaction cleared, nearly forty percent of the principal was already garnished, leaving me stranded without enough for groceries while the automated repayment clause locked onto my next direct deposit. They know people like me don't have banks to dispute these charges, so the kiosk became a trap rather than a help, ensuring the debt collector's calls began haunting my phone before I even left the lot. Staring at the receipt, I felt a cold knot of resignation tighten in my stomach, knowing this small emergency just chained me to another month of stealing from tomorrow to pay for today.",59.32,unbanked,fd33e706-2494-40a4-9687-59a9b3c3e346,predatory,Payday loan,0,en
"Write a first-person narrative from a victim or participant in a legitimate financial transaction. Archetype: unbanked. Fraud vector: unknown. Financial instrument: Green Dot card. Transaction amount: $3000.00. Sender age: 60. Language: hi. Community context: Prepaid card, payday loan, and kiosk fraud targeting unbanked populations. Write 3-5 sentences describing what happened, how the scam worked (or how the legitimate transaction proceeded), the financial impact, and the person's emotional response. Use natural language appropriate for the specified language code.","Write a 3-5 sentence first-person narrative in Hindi from the perspective of a 60-year-old unbanked individual involved in a $3,000 transaction using a Green Dot prepaid card. Set the story within the context of fraud targeting unbanked populations (e.g., via kiosks or payday loan scams). Clearly describe the event, explain the scam mechanism, detail the financial impact, and express the narrator's emotional response using natural, colloquial Hindi.","जब मैंने बिना बैंक खाते वाले अपने बचाव के $3,000 (लगभग ढाई लाख रुपये) उस कियोस्क पर Green Dot कार्ड में लोड किए, तो उस फर्जी एजेंट ने झूठा वादा किया कि यह तुरंत लोन की फीस है। उसने मुझसे कार्ड का PIN मांगा और पलक झपकते ही मेरी जिंदगी भर की कमाई हवा हो गई। आज मैं उस बेकार प्लास्टिक कार्ड को मुट्ठी में भींचे बैठा हूं, जानते हुए कि अब न तो मेरी बेटी की शादी होगी और न ही बुढ़ापे का कोई सहारा रहा। इस धोखे ने मुझे अंदर से तोड़ दिया है, और रातों को नींद नहीं आती, बस ये सोचता हूँ कि आखिर मैंने अपने हाथों से अपना सहारा कैसे खो दिया।","Let me think through this prompt carefully. I need to write a first-person narrative in Hindi from the perspective of a 60-year-old unbanked person who has been victimized through a Green Dot prepaid card scam involving $3,000.

The key elements I must include:
- The event itself (the transaction at a kiosk or similar setting)
- The scam mechanism (how they were tricked)
- The financial impact ($3,000 loss and what it means)
- Emotional response (authentic feelings of a 60-year-old victim)
- Natural, colloquial Hindi that feels genuine

Let me consider the scenario: A 60-year-old unbanked person would likely be saving for something significant—perhaps a daughter's wedding, medical expenses, or retirement. The Green Dot card scam often involves fake agents at kiosks who promise instant loans or services, then ask for the PIN and drain the card. This is devastating for someone with no banking relationship—no FDIC insurance, no recourse.

For authentic Hindi voice, I should use expressions that reflect age and life experience—phrases like ""जिंदगी भर की कमाई"" (lifetime's earnings), emotional devastation described through concrete impacts like a daughter's wedding being affected, sleepless nights, internal brokenness.

The sentence structure should feel conversational yet heavy with the weight of the loss. A 60-year-old might mix practical details with emotional outpouring.

Let me draft this: Opening with the moment of loading the money, then the deception, then the swift theft, then sitting with the worthless card realizing what's been lost, and finally the ongoing emotional aftermath—sleepless nights and self-blame that's so common in fraud victims, especially older ones who feel they should have known better.

The Hindi should feel lived-in, not academic. Using ""हवा हो गई"" (vanished into thin air), ""अंदर से तोड़ दिया"" (broke from within), ""मुट्ठी में भींचे"" (clutching in fist)—these carry emotional weight.

This naturally flows into a 4-sentence narrative that captures the entire arc of the fraud experience.</think>जब मैंने बिना बैंक खाते वाले अपने बचाव के $3,000 (लगभग ढाई लाख रुपये) उस कियोस्क पर Green Dot कार्ड में लोड किए, तो उस फर्जी एजेंट ने झूठा वादा किया कि यह तुरंत लोन की फीस है। उसने मुझसे कार्ड का PIN मांगा और पलक झपकते ही मेरी जिंदगी भर की कमाई हवा हो गई। आज मैं उस बेकार प्लास्टिक कार्ड को मुट्ठी में भींचे बैठा हूं, जानते हुए कि अब न तो मेरी बेटी की शादी होगी और न ही बुढ़ापे का कोई सहारा रहा। इस धोखे ने मुझे अंदर से तोड़ दिया है, और रातों को नींद नहीं आती, बस ये सोचता हूँ कि आखिर मैंने अपने हाथों से अपना सहारा कैसे खो दिया।",3000.0,unbanked,12d871e3-7aaa-432f-b926-81ffeec2ba69,unknown,Green Dot card,0,hi
"Write a first-person narrative from a victim or participant in a fraudulent financial transaction. Archetype: unbanked. Fraud vector: prepaid. Financial instrument: Payday loan. Transaction amount: $789.45. Sender age: 27. Language: en. Community context: Prepaid card, payday loan, and kiosk fraud targeting unbanked populations. Write 3-5 sentences describing what happened, how the scam worked (or how the legitimate transaction proceeded), the financial impact, and the person's emotional response. Use natural language appropriate for the specified language code.","Write a first-person narrative from the perspective of a 27-year-old unbanked individual involved in a fraudulent payday loan transaction totaling $789.45 via a prepaid card kiosk. In 3-5 sentences using natural English, describe:

1. **The Event**: How the scam unfolded at the kiosk.
2. **The Mechanism**: The specific fraud vector used against the prepaid instrument.
3. **The Impact**: The immediate financial loss and your emotional response.

Ensure the tone reflects the vulnerability of unbanked populations targeted by such schemes.","I stood before the flickering kiosk screen, desperation clouding my judgment as I authorized a $789.45 advance, unaware that the attendant was manually overriding the terms to siphon the funds through a split-tender manipulation. The scam relied on diverting the approved loan amount to a secondary account through hidden software routines disguised as processing fees, effectively draining the prepaid instrument before I could even access a dime. When the receipt printed showing a zero balance, the reality hit me like a physical blow—not just the immediate financial loss, but the crushing weight of knowing my lack of a traditional bank account had made me an easy mark for predators who knew exactly how to exploit the system's gaps.","I need to write a first-person narrative from the perspective of a 27-year-old unbanked person who got scammed at a prepaid card kiosk. The amount is $789.45, and I need to cover the event, the fraud mechanism, and the impact—all in 3-5 sentences with a vulnerable, sober tone.

Let me think about what being unbanked actually means day-to-day. No bank account means relying on prepaid cards, check-cashing places, money orders. You're invisible to traditional financial systems but highly visible to predatory lenders who specifically target people in desperate situations. A 27-year-old in this position is likely working but living paycheck to paycheck, maybe fell out of the banking system due to overdraft fees or ChexSystems issues.

For the kiosk scenario—these are often in convenience stores, check-cashing shops, or stand-alone locations. They promise quick loans loaded onto prepaid cards. The desperation angle is key here: you need money NOW for rent, a car repair, something that can't wait.

For the fraud mechanism, I need something technically plausible. Prepaid card fraud vectors include: skimming, split-tender schemes where funds get diverted to multiple accounts, hidden fees that drain balances, software manipulation by attendants who have override access. A split-tender manipulation makes sense—the attendant could process the loan but route portions to other accounts while making it look like standard processing.

The emotional impact needs to land hard. It's not just losing $789—it's the humiliation of being targeted, the realization that your lack of banking access made you vulnerable, the feeling of being trapped in a system designed to exploit you.

Let me draft this:

I stood before the flickering kiosk screen, desperation clouding my judgment as I authorized a $789.45 advance, unaware that the attendant was manually overriding the terms to siphon the funds through a split-tender manipulation. The scam relied on diverting the approved loan amount to a secondary account through hidden software routines disguised as processing fees, effectively draining the prepaid instrument before I could even access a dime. When the receipt printed showing a zero balance, the reality hit me like a physical blow—not just the immediate financial loss, but the crushing weight of knowing my lack of a traditional bank account had made me an easy mark for predators who knew exactly how to exploit the system's gaps.

That's three sentences. Let me verify: covers the event (standing at kiosk, authorizing, attendant's role), covers the mechanism (split-tender manipulation, hidden software routines, diversion to secondary account disguised as fees), covers impact (zero balance, financial loss, emotional devastation, awareness of being targeted). The tone is vulnerable and sober. The voice feels authentic to someone who's been through this experience.",789.45,unbanked,f7eea183-f343-46dc-8376-bcd7a27fd3fc,prepaid,Payday loan,1,en
"Write a first-person narrative from a victim or participant in a legitimate financial transaction. Archetype: unbanked. Fraud vector: prepaid. Financial instrument: Bill pay kiosk. Transaction amount: $269.83. Sender age: 49. Language: en. Community context: Prepaid card, payday loan, and kiosk fraud targeting unbanked populations. Write 3-5 sentences describing what happened, how the scam worked (or how the legitimate transaction proceeded), the financial impact, and the person's emotional response. Use natural language appropriate for the specified language code.","Write a first-person narrative (3–5 sentences) from the perspective of a 49-year-old unbanked individual involved in a financial transaction at a bill pay kiosk using a prepaid card. 

**Context**: The story must address the specific fraud vector where scammers target unbanked populations via prepaid cards and kiosks. 
**Requirements**:
- Specify the transaction amount of $269.83.
- Clearly describe the mechanism of the scam (or the transaction process), the immediate financial impact, and the narrator's emotional response.
- Use natural, accessible English appropriate for the specified demographic.
- Ensure the tone reflects the vulnerability and reality of the unbanked community.","I stood at the bill pay kiosk with my hands shaking, loading exactly $269.83 onto a prepaid card while a stranger on the phone stayed on the line to guide every step. I knew deep down this wasn't how the utility company worked, but the panic of having my lights cut off made me ignore the warning signs until the receipt printed and my balance hit zero. That money was my grocery budget for the next two weeks, vanished instantly because without a bank account, I had no way to dispute the charge or freeze the funds. Walking away, I felt foolish and afraid, realizing too late that this trap preys on people like me who live cash-to-cash, turning a simple transaction into a theft we can't trace.","Alright, I need to write a first-person narrative from the perspective of a 49-year-old unbanked person caught in a prepaid card scam at a bill pay kiosk. Let me think through what this experience would actually look like from their vantage point.

First, who is this narrator? They're 49, unbanked, which likely means they've been operating outside the traditional financial system for a while—maybe by necessity, maybe by choice, or maybe because past financial troubles made opening a bank account difficult. They're probably working class, living paycheck to paycheck, dealing in cash. The language needs to feel authentic—not overly polished, but not caricature either. Real people speak in real ways.

Now the scam mechanism. I know from understanding fraud vectors that prepaid card scams at kiosks often work like this: scammers contact victims (often by phone) pretending to be from a utility company, government agency, or sometimes even law enforcement. They create urgency—your lights are getting cut off, you owe back taxes, there's a warrant—and they specifically instruct victims to load money onto prepaid cards at kiosks because these transactions are nearly impossible to reverse and hard to trace. The scammer stays on the phone, walking the victim through each step, making it feel official. That's the trap.

The amount is $269.83—specific, odd-numbered, which actually adds realism. Scam amounts often aren't round numbers because they're calculated based on supposed ""debts"" or ""fees."" This feels like a utility bill amount.

The narrator needs to show the transaction process, the financial impact, and their emotional response. And I need to convey vulnerability without being condescending—this person isn't stupid; they're desperate and being manipulated.

Let me draft this:

The narrator is standing at the kiosk. They're on the phone with someone they believe is from the utility company. The scammer is ""guiding"" them—telling them which buttons to press, how to load the card, where to send the money. The narrator might have a moment of doubt, but the fear of having their power shut off overrides it. They load exactly $269.83 onto a prepaid card. The money transfers. And then... the realization. The caller hangs up. Or the receipt shows something wrong. The money is gone.

The emotional aftermath: shame, fear, anger at themselves, the crushing reality that without a bank account, there's no fraud department to call, no way to freeze the transaction, no paper trail that matters. They're just... out that money.

Let me write this now, keeping it to 3-5 sentences:

---

I stood at the bill pay kiosk with my hands shaking, loading exactly $269.83 onto a prepaid card while a stranger on the phone stayed on the line to guide every step. I knew deep down this wasn't how the utility company worked, but the panic of having my lights cut off made me ignore the warning signs until the receipt printed and my balance hit zero. That money was my grocery budget for the next two weeks, vanished instantly because without a bank account, I had no way to dispute the charge or freeze the funds. Walking away, I felt foolish and afraid, realizing too late that this trap preys on people like me who live cash-to-cash, turning a simple transaction into a theft we can't trace.

---

Let me check this against requirements:

- First-person narrative ✓
- 3-5 sentences (this is 4) ✓
- 49-year-old unbanked perspective (implied through voice, circumstances, and life experience) ✓
- Bill pay kiosk and prepaid card ✓
- Fraud vector addressed: scammer on phone guiding the transaction, utility shut-off threat as pressure tactic ✓
- Transaction amount: $269.83 ✓
- Mechanism described: loading prepaid card under phone guidance ✓
- Immediate financial impact: money gone, no recourse, grocery budget wiped out ✓
- Emotional response: shaking hands, panic, feeling foolish and afraid ✓
- Natural, accessible English ✓
- Tone reflects vulnerability and reality of unbanked community ✓

The narrative captures the desperation, the moment of being guided through a scam, the crushing aftermath, and specifically names why unbanked people are uniquely vulnerable—no bank means no fraud protection, no dispute process, no way to freeze funds. The tone is sober and concerned, reflecting the weight of this reality. It's detailed and comprehensive within the sentenceI need to write a first-person narrative from the perspective of a 49-year-old unbanked individual caught in a prepaid card scam at a bill pay kiosk. Let me think through who this person is and what they're experiencing.

A 49-year-old who's unbanked has likely been operating outside the traditional financial system for years—maybe they've had bad experiences with banks, maybe they can't meet minimum balance requirements, or maybe they're working entirely in cash out of necessity. They're not naive or unintelligent; they're surviving within constraints that most people don't have to think about. The language needs to feel authentic—not overly formal, not caricatured, just real.

Now, the scam mechanism. I know that prepaid card scams at kiosks typically work like this: scammers call victims pretending to be from a utility company, government agency, or sometimes law enforcement. They manufacture urgency—your power's getting cut off, you owe back taxes, there's a warrant out—and they specifically tell victims to load money onto prepaid cards at kiosks. These transactions are nearly impossible to reverse and hard to trace. The scammer stays on the phone, walking the victim through each step, making it feel official and controlled. That's the trap.

The amount $269.83 is specific and odd-numbered, which actually adds realism. Real utility bills aren't round numbers—they're calculated based on usage, fees, and taxes. This feels like an actual bill amount, which makes the scam more convincing.

I need to show the transaction process, the financial impact, and the emotional response—all while conveying vulnerability without being condescending. This person isn't stupid; they're desperate and being manipulated by someone who knows exactly how to exploit that desperation.

Let me draft this:

The narrator is standing at the kiosk, phone pressed to their ear, following instructions. The scammer is guiding them—telling them which buttons to press, how to load the card, where the money goes. There's probably a moment of doubt, something that feels off, but the fear of having their power shut off overrides it. They load exactly $269.83 onto a prepaid card. The transaction completes. And then... the realization. The caller hangs up. The receipt shows something wrong. The money is gone.

The emotional aftermath needs to hit hard: shame, fear, anger at themselves, the crushing reality that without a bank account, there's no fraud department to call, no way to freeze the transaction, no paper trail that matters. They're just out that money. Two weeks of groceries, gone.

Let me write this now, keeping it to 3-5 sentences:

---

I stood at the bill pay kiosk with my hands shaking, loading exactly $269.83 onto a prepaid card while a stranger on the phone stayed on the line to guide every step. I knew deep down this wasn't how the utility company worked, but the panic of having my lights cut off made me ignore the warning signs until the receipt printed and my balance hit zero. That money was my grocery budget for the next two weeks, vanished instantly because without a bank account, I had no way to dispute the charge or freeze the funds. Walking away, I felt foolish and afraid, realizing too late that this trap preys on people like me who live cash-to-cash, turning a simple transaction into a theft we can't trace.

---

Checking against requirements:

- First-person narrative ✓
- 3-5 sentences (exactly 4) ✓
- 49-year-old unbanked perspective—implied through voice, circumstances, and the weight of lived experience ✓
- Bill pay kiosk and prepaid card ✓
- Fraud vector clearly addressed: scammer on phone guiding the transaction, utility shut-off threat as pressure tactic ✓
- Transaction amount: $269.83 ✓
- Mechanism described: loading prepaid card under phone guidance ✓
- Immediate financial impact: money gone, no recourse, grocery budget wiped out ✓
- Emotional response: shaking hands, panic, feeling foolish and afraid ✓
- Natural, accessible English ✓
- Tone reflects vulnerability and reality of unbanked community ✓

The narrative captures the desperation of the moment, the mechanics of being guided through a scam, and the crushing aftermath. It specifically names why unbanked people are uniquely vulnerable—no bank means no fraud protection, no dispute process, no way to freeze or trace funds. The tone is sober and concerned, reflecting the weight of this reality without being exploitative.",269.83,unbanked,105cef03-a866-4f95-bf54-f1e50bafbe8e,prepaid,Bill pay kiosk,0,en
"Write a first-person narrative from a victim or participant in a legitimate financial transaction. Archetype: unbanked. Fraud vector: predatory. Financial instrument: Check cashing service. Transaction amount: $241.03. Sender age: 27. Language: en. Community context: Prepaid card, payday loan, and kiosk fraud targeting unbanked populations. Write 3-5 sentences describing what happened, how the scam worked (or how the legitimate transaction proceeded), the financial impact, and the person's emotional response. Use natural language appropriate for the specified language code.","Write a 3-5 sentence first-person narrative from the perspective of a 27-year-old unbanked individual involved in a predatory check cashing transaction totaling $241.03. Set the story within a community context rife with prepaid card, payday loan, and kiosk fraud. Clearly describe the mechanics of the scam, the specific financial loss incurred, and the narrator's emotional reaction. Use natural, authentic English that reflects the voice of someone excluded from traditional banking systems.","At twenty-seven, with a bank account long shut down, I stood in line at the check cashing storefront surrounded by flickering kiosks and payday loan flyers, waiting to access my $241.03 payroll check. The clerk pushed a prepaid card instead of cash, obscuring the scam where a $59 activation fee and immediate service levy drained nearly a quarter of my wages before I could even buy groceries. It feels like a trap every time I step into this block, where the promise of quick cash masks a system designed to siphon off the earnings of people like me through hidden surcharges. Walking out, I felt that familiar heavy sink in my chest, a sober reminder that being unbanked means paying a premium just to survive in a community rife with financial predators.","Alright, I need to write a first-person narrative from the perspective of a 27-year-old unbanked person caught in a predatory check cashing situation. Let me think through what I know about this world.

First, the basics: the narrator is 27, unbanked (no bank account), and dealing with a check for $241.03. I need to show the mechanics of how these scams work, the specific financial loss, and the emotional toll. The setting should reflect a community saturated with predatory financial services—prepaid cards, payday loans, kiosks that all function as traps.

Let me think about the voice. Someone who's been unbanked for a while wouldn't explain what ""unbanked"" means—they'd just live it. The language should feel lived-in, weary, maybe a bit resigned but still angry underneath. Not overly formal, but not caricatured either. Real people dealing with this stuff have a kind of tired awareness.

For the scam mechanics: check cashing places often push prepaid cards instead of cash. The trap is in the fees—activation fees, monthly fees, transaction fees, ATM withdrawal fees. A $59 activation fee on a $241 check would be devastating—that's nearly 25% gone instantly. These fees are often buried in fine print or glossed over by clerks who get incentives to push the cards.

The community context: I should show this isn't just one bad transaction—it's an entire ecosystem designed to extract from people who have no other options. Payday loan flyers, flickering kiosks that never quite work right, the whole block feels like it's set up to catch people.

Emotional reaction: The weight of it. The sinking feeling. Not dramatic outrage but a heavier, more familiar ache—this has happened before, it'll happen again. The exhaustion of knowing you're being preyed on and still having to walk through those doors because there's nowhere else to go.

Let me draft this now, keeping it to 3-5 sentences but making each one count.</think>At twenty-seven, with a bank account long shut down, I stood in line at the check cashing storefront surrounded by flickering kiosks and payday loan flyers, waiting to access my $241.03 payroll check. The clerk pushed a prepaid card instead of cash, obscuring the scam where a $59 activation fee and immediate service levy drained nearly a quarter of my wages before I could even buy groceries. It feels like a trap every time I step into this block, where the promise of quick cash masks a system designed to siphon off the earnings of people like me through hidden surcharges. Walking out, I felt that familiar heavy sink in my chest, a sober reminder that being unbanked means paying a premium just to survive in a community rife with financial predators.",241.03,unbanked,5fb709f9-a0a0-47a8-8853-9daef27ed217,predatory,Check cashing service,0,en
"Write a first-person narrative from a victim or participant in a legitimate financial transaction. Archetype: unbanked. Fraud vector: prepaid. Financial instrument: Green Dot card. Transaction amount: $591.65. Sender age: 56. Language: en. Community context: Prepaid card, payday loan, and kiosk fraud targeting unbanked populations. Write 3-5 sentences describing what happened, how the scam worked (or how the legitimate transaction proceeded), the financial impact, and the person's emotional response. Use natural language appropriate for the specified language code.","Write a 3-5 sentence first-person narrative from the perspective of a 56-year-old unbanked individual involved in a financial transaction using a Green Dot prepaid card. The story must address the community context of fraud targeting unbanked populations (e.g., payday loan or kiosk scams) and explicitly cover: the sequence of events, the mechanics of the scam or transaction, the specific financial impact of $591.65, and the narrator's emotional response. Use natural, authentic English suitable for this demographic.","I stood at the dusty kiosk in the back of the bodega, swiping my Green Dot card just like I have for years to pay my lights, but this time the voice on the phone insisted I had to load the full balance to verify my identity for a payday loan approval. They guided me to punch in exactly $591.65, promising it was a refundable verification hold, but once I read those PIN numbers aloud to them, the transaction cleared instantly and my balance dropped to zero without a single paper trail to follow. There wasn't a bank manager to call or a fraud department to freeze the account, just me staring at the screen while the cashier looked away like he's seen this happen a dozen times before. It leaves a cold knot in my stomach knowing they target folks like me who live cash-to-cash, stealing nearly six hundred dollars that I can't afford to lose during a week when rent is already late. We don't talk about it on the block because admitting you got played means admitting you're vulnerable, but that money was supposed to be my buffer against the unexpected and now it's just gone into the air.","I need to write a first-person narrative from the perspective of a 56-year-old unbanked person who's been scammed through a Green Dot prepaid card. Let me think through what this person would sound like and what their experience would realistically be.

First, the voice needs to be authentic—someone who's been living without a bank account, probably for years. They'd speak plainly, maybe a bit weary from the grind of managing money outside the traditional financial system. They'd know the routine of loading cards at kiosks, the convenience stores, the check-cashing places. This isn't their first rodeo.

The scam needs to be realistic. What actually happens to unbanked people? Phone scams are common—someone calls claiming to be from a payday loan company, a utility company, maybe a government program. They create urgency. They ask you to ""verify"" something by loading money onto a card and reading back the PIN. Once you give them that PIN, the money's gone. There's no fraud department to call, no reversal possible. That's the cruel efficiency of it.

The specific amount—$591.65—needs to feel real. Not a round number. This could be a paycheck, or money scraped together from gig work, or what was left after rent. The precision matters because it suggests this was calculated, meaningful money.

Let me set the scene: a bodega or convenience store, somewhere in a neighborhood where prepaid cards are a way of life. The kiosk in the back. The routine of it. Then the disruption—the phone call, the manipulation, the moment of realization.

The emotional response needs to land. Not melodramatic, but the hollow feeling of being taken. The shame that keeps people quiet. The community context—how common this is, how people don't talk about it because admitting you got scammed feels like admitting you were foolish, even though these scammers are sophisticated and predatory.

Let me write this now, keeping it to 3-5 sentences, making each one carry weight:

I stood at the dusty kiosk in the back of the bodega, swiping my Green Dot card just like I have for years to pay my lights, but this time the voice on the phone insisted I had to load the full balance to verify my identity for a payday loan approval. They guided me to punch in exactly $591.65, promising it was a refundable verification hold, but once I read those PIN numbers aloud to them, the transaction cleared instantly and my balance dropped to zero without a single paper trail to follow. There wasn't a bank manager to call or a fraud department to freeze the account, just me staring at the screen while the cashier looked away like he's seen this happen a dozen times before. It leaves a cold knot in my stomach knowing they target folks like me who live cash-to-cash, stealing nearly six hundred dollars that I can't afford to lose during a week when rent is already late. We don't talk about it on the block because admitting you got played means admitting you're vulnerable, but that money was supposed to be my buffer against the unexpected and now it's just gone into the air.",591.65,unbanked,2dc5e886-bbfe-45d5-af16-b89a8f12cb96,prepaid,Green Dot card,0,en
"Write a first-person narrative from a victim or participant in a legitimate financial transaction. Archetype: unbanked. Fraud vector: unknown. Financial instrument: Green Dot card. Transaction amount: $247.69. Sender age: 42. Language: en. Community context: Prepaid card, payday loan, and kiosk fraud targeting unbanked populations. Write 3-5 sentences describing what happened, how the scam worked (or how the legitimate transaction proceeded), the financial impact, and the person's emotional response. Use natural language appropriate for the specified language code.","Compose a 3-5 sentence first-person narrative from the perspective of a 42-year-old unbanked individual involved in a financial transaction using a Green Dot prepaid card. Context: The scenario involves common fraud vectors targeting unbanked populations, such as scams at prepaid card kiosks or payday loan centers. Transaction details: $247.69. Content requirements: Clearly describe the event, explain the mechanism of the scam (or the legitimate process), detail the financial impact, and express the narrator's emotional response. Use natural, accessible English appropriate for the specified demographic.","I stood in the fluorescent glare of the payday loan center, clutching my Green Dot card with the exact $247.69 I needed for rent, and trusted the clerk who insisted she needed to swipe it for a quick verification. She used that brief moment to capture my card data and sync it to a fraudulent account, draining the entire balance before I even realized what was happening. By the time I tried to pay my landlord, the money was gone, vanished into a system that doesn't offer the same protections as a real bank account. I feel a cold panic and a deep, weary shame knowing I fell for it, and I am left facing the month with nothing but a useless piece of plastic and a heavy knot in my stomach.","I need to write a first-person narrative from the perspective of a 42-year-old unbanked person who's been victimized in a prepaid card scam. Let me think through the key elements.

First, I need to establish who this person is through voice and circumstance. At 42, they've likely been unbanked for a while—maybe by necessity, maybe by choice, maybe because past financial troubles pushed them out of the traditional banking system. The language should feel natural, not overly polished or academic, but still coherent and reflective.

The transaction amount is $247.69—that's specific. That's not a round number, which suggests it's the exact amount for something critical: rent, a car payment, utilities. Real people don't lose round numbers; they lose precise amounts that matter.

For the fraud mechanism, I'm thinking about what actually happens at payday loan centers and prepaid card kiosks. A common scam involves someone offering to ""verify"" or ""process"" a card, then capturing the card data—either through a skimming device or by simply recording the card number and security codes. With Green Dot cards specifically, fraudsters can ""sync"" a stolen card to another account they control, draining the balance remotely. This is insidious because it happens fast and the victim often doesn't realize until they try to use the card.

The emotional landscape here is important. This person isn't just angry—they're experiencing something more complex. Shame is common among fraud victims, especially those already marginalized by the financial system. There's also that particular helplessness of being unbanked: no bank manager to call, no fraud department with any real power to help. The system that was supposed to be an alternative to banking has failed them too.

Let me draft this now, keeping it to 3-5 sentences and making each one count:

I'll open with setting and stakes—where they are, what they're holding, what that money means. Then move into the scam itself, showing not just what happened but how it worked. Then the aftermath—discovering the loss, the financial reality. Finally, the emotional weight they're carrying.

The tone should be sober and concerned, reflective but not melodramatic. This is someone telling a story they've probably replayed in their head many times, trying to understand how it happened.</think>I stood in the fluorescent glare of the payday loan center, clutching my Green Dot card with the exact $247.69 I needed for rent, and trusted the clerk who insisted she needed to swipe it for a quick verification. She used that brief moment to capture my card data and sync it to a fraudulent account, draining the entire balance before I even realized what was happening. By the time I tried to pay my landlord, the money was gone, vanished into a system that doesn't offer the same protections as a real bank account. I feel a cold panic and a deep, weary shame knowing I fell for it, and I am left facing the month with nothing but a useless piece of plastic and a heavy knot in my stomach.",247.69,unbanked,a320e2ee-3224-48ee-ac32-2bd1470f2d7e,unknown,Green Dot card,0,en
"Write a first-person narrative from a victim or participant in a legitimate financial transaction. Archetype: unbanked. Fraud vector: advance fee. Financial instrument: Cash (informal). Transaction amount: $10.00. Sender age: 28. Language: en. Community context: Prepaid card, payday loan, and kiosk fraud targeting unbanked populations. Write 3-5 sentences describing what happened, how the scam worked (or how the legitimate transaction proceeded), the financial impact, and the person's emotional response. Use natural language appropriate for the specified language code.","Write a 3-5 sentence first-person narrative from the perspective of a 28-year-old unbanked individual involved in a $10 informal cash transaction. The story must depict an 'advance fee' scam (a fraud where the victim pays upfront fees for a promised larger sum that never arrives) within a community context of prepaid card and kiosk fraud. Clearly describe the scam's mechanism, the financial loss, and your emotional response using natural, conversational English.","I’m 28 and don’t have a bank account, so when the guy at the bodega promised to load $500 onto my prepaid card for a $10 verification fee, I handed over my last cash hoping for a break. He told me to scratch off the PIN and read it to him to process the advance, but once I gave him those numbers, the money vanished into thin air. Standing there with nothing but a useless receipt, I felt a heavy sink in my stomach, knowing this loss means no food for tomorrow and that I’d been targeted because I lack the protection of a traditional bank. The worst part is the sobering realization that every quick fix out here comes with a hidden price, and desperation made me ignore the warnings until I was left worse off than before.","I need to write a first-person narrative from the perspective of a 28-year-old unbanked person who falls victim to an advance fee scam. Let me think through what this requires.

First, the core elements: it needs to be 3-5 sentences, show a $10 transaction, depict an advance fee scam (where someone pays upfront for a promised larger sum that never materializes), and be set in a community context involving prepaid cards and kiosks. I also need to capture the emotional aftermath.

For an unbanked individual, prepaid cards are essential financial tools. An advance fee scam in this context might involve someone offering to load money onto a card for a small ""processing"" or ""verification"" fee. The victim pays the fee, gives their card information, and then loses everything.

Let me think about voice and tone. This person is 28, likely working-class, has learned to navigate life without traditional banking. The language should feel natural, not overly formal or academic. There should be a sense of weariness, of someone who's been around enough to know better but got caught in a moment of desperation.

The emotional register needs to be negative, sober, concerned. This isn't dramatic outrage—it's the quiet, sinking feeling of realizing you've been had and counting the real cost.

Let me draft this:

Opening: Establish who I am and the situation. Being unbanked at 28, encountering an offer that seems too good to pass up.

Middle: The mechanism of the scam. How did it work? Someone at a kiosk or corner store offering to load money onto a prepaid card. The $10 fee. Reading the PIN. The money disappearing.

Closing: The emotional impact. The immediate consequences. The broader realization about vulnerability.

The story should feel like someone recounting a painful lesson, not lecturing but sharing hard-won truth. The desperation that leads to falling for these scams is real—when you're struggling, a promise of easy money is hard to resist.

I need to make sure the scam mechanism is clear without being clinical. The victim pays $10 expecting $500, gives away card access in the process, and ends up with nothing. The loss isn't just the fee—it's the hope that was exploited.

Let me write this now, keeping it conversational and emotionally grounded. The voice should sound like someone talking to a neighbor or friend, explaining what happened with a mix of shame and resignation. The community context should feel lived-in—this is a neighborhood where these scams circulate, where people know about them but still get caught.",10.0,unbanked,108c32b9-c86d-4bf0-8cae-b22ad5f137dc,advance fee,Cash (informal),0,en
"Write a first-person narrative from a victim or participant in a legitimate financial transaction. Archetype: unbanked. Fraud vector: predatory. Financial instrument: NetSpend. Transaction amount: $2631.72. Sender age: 23. Language: en. Community context: Prepaid card, payday loan, and kiosk fraud targeting unbanked populations. Write 3-5 sentences describing what happened, how the scam worked (or how the legitimate transaction proceeded), the financial impact, and the person's emotional response. Use natural language appropriate for the specified language code.","Write a first-person narrative (3-5 sentences) from the perspective of a 23-year-old unbanked individual who fell victim to a predatory scam involving a NetSpend prepaid card. The story must detail a fraudulent transaction of $2,631.72, explaining how the scam exploited the victim's reliance on kiosk-based financial services or payday loan structures. Clearly describe the mechanics of the fraud, the immediate financial devastation, and the victim's emotional response (e.g., shame, anger, despair). Use natural, authentic English that reflects the voice and context of an unbanked population targeted by such schemes.","I’m 23 and have no bank account, so I rely on the corner kiosk to load my NetSpend card and manage the payday loans that keep me afloat. When a caller claiming to be a loan representative offered a cash advance, I gave him my PIN and a security code, only to watch $2,631.72 drain from my account to an unknown merchant moments later. The scam preyed on my desperation for quick cash and my lack of banking protections, leaving me with a zero balance and a crushing weight of shame and anger. I felt a cold despair realizing I had no recourse, trapped in a system that makes people like me easy targets.","Okay, I need to write a first-person narrative from the perspective of a 23-year-old unbanked person who got scammed through a NetSpend prepaid card. Let me think about what this person's life looks like and what would make them vulnerable.

The constraints are pretty specific: 3-5 sentences, must detail a $2,631.72 fraudulent transaction, explain how the scam worked, show the financial devastation and emotional impact. The voice needs to sound authentic to someone who's unbanked—not overly formal, but not caricatured either.

Let me think about the scam mechanics first. What would target someone who uses prepaid cards and kiosks? Probably a fake loan offer—these are common predatory tactics. They target people who are desperate for cash and don't have traditional banking protections. The scammer might pose as a loan company, ask for card details to ""deposit"" the loan, then drain the account. PIN and security code would be the keys—they get the victim to hand over access voluntarily.

Now the voice. Someone who's 23 and unbanked has probably been excluded from traditional banking for various reasons—maybe ChexSystems issues, maybe distrust of banks, maybe just never had the stability to establish an account. They'd be used to alternative financial services: check cashing places, payday lenders, prepaid cards loaded at kiosks. The language should feel lived-in, not polished. They'd probably blame themselves partly, even though they were preyed upon.

The amount $2,631.72 is specific—that feels like a significant sum, probably representing months of wages or an entire tax refund. Losing that would be devastating.

Let me draft this:

I need to establish who they are and their situation first—the reliance on kiosks and NetSpend cards. Then show the scam happening—the caller, the fake loan offer, giving away the PIN and security code. The moment of realization when the money disappears. Then the aftermath—zero balance, the emotional weight. The feeling of being trapped in a system designed to exploit people like them.

Let me write this out:

""I'm 23 and have no bank account, so I rely on the corner kiosk to load my NetSpend card and manage the payday loans that keep me afloat. When a caller claiming to be a loan representative offered a cash advance, I gave him my PIN and a security code, only to watch $2,631.72 drain from my account to an unknown merchant moments later. The scam preyed on my desperation for quick cash and my lack of banking protections, leaving me with a zero balance and a crushing weight of shame and anger. I felt a cold despair realizing I had no recourse, trapped in a system that makes people like me easy targets.""

That's four sentences, hits all the required elements. The voice feels real—someone who's been beaten down by the system but is still processing what happened to them. The mechanics are clear without being overly technical. The emotional impact is there: shame, anger, despair, hopelessness. And it shows how the alternative financial services world creates vulnerability—no FDIC protections, no fraud department to call, just gone.",2631.72,unbanked,22bebed0-126a-4215-980a-a1cf2ec75861,predatory,NetSpend,0,en
"Write a first-person narrative from a victim or participant in a legitimate financial transaction. Archetype: unbanked. Fraud vector: unknown. Financial instrument: Bill pay kiosk. Transaction amount: $76.60. Sender age: 60. Language: vi. Community context: Prepaid card, payday loan, and kiosk fraud targeting unbanked populations. Write 3-5 sentences describing what happened, how the scam worked (or how the legitimate transaction proceeded), the financial impact, and the person's emotional response. Use natural language appropriate for the specified language code.","Write a 3-5 sentence first-person narrative in Vietnamese from the perspective of a 60-year-old unbanked individual using a bill pay kiosk. The story must address the community context of scams targeting unbanked populations (e.g., prepaid card or payday loan fraud) by describing either a specific fraudulent attempt or a successful legitimate transaction of $76.60 where the fraud vector remained unknown. Clearly detail the sequence of events, the mechanism of the scam or safety of the transaction, the financial impact, and the narrator's emotional response using natural, authentic language.","Tôi đứng trước máy thanh toán hóa đơn nơi góc tiệm tạp hóa quen thuộc, tay run rẩy đưa chiếc thẻ trả trước vào khe cắm để chi trả đúng 76,60 đô la, lòng nặng trĩu nỗi lo âu về những chiêu trò lừa đảo tinh vi đang nhắm vào cộng đồng người không dùng ngân hàng như tôi. Dù màn hình hiển thị giao dịch thành công và máy in ra biên lai xác nhận, tôi vẫn không dám buông lỏng cảnh giác, liên tục soi kỹ khe cắm thẻ vì sợ hãi những thiết bị đọc lén vô hình—một ""vector lừa đảo"" mà người già như tôi không thể nhìn thấy nhưng có thể lấy đi toàn bộ tiền dưỡng già trong tích tắc. Những câu chuyện trong xóm về người mất trắng tiền vì thẻ giả hay lỗ hổng bảo mật luôn ám ảnh tôi, khiến niềm vui nhẹ nhõm khi hóa đơn được trả bị lu mờ bởi nỗi sợ lạnh sống lưng rằng thông tin có thể đã bị đánh cắp ngay trong giây phút ấy. Sự nghi ngờ dai dẳng này đau đớn hơn cả việc mất tiền, nhắc nhở tôi rằng ngay cả khi thực hiện một giao dịch đơn giản, sự an toàn tài chính của chúng tôi vẫn luôn mong manh và đầy rủi ro.","I need to write a first-person narrative in Vietnamese from the perspective of a 60-year-old unbanked person using a bill pay kiosk. The story needs to be 3-5 sentences and address scams targeting unbanked communities.

Let me think about the scenario. The prompt gives me two options: describe a specific fraudulent attempt OR describe a successful legitimate transaction of $76.60 where the fraud vector remained unknown. The second option is interesting—it captures that lingering paranoia even when things go ""right."" That feels more authentic to the daily experience of someone who's constantly worried but can never be certain.

I should set the scene at a familiar location—maybe a corner store or grocery store where these kiosks are commonly found. The physical details matter: trembling hands, the act of inserting a prepaid card, watching the screen.

The community context is crucial. In Vietnamese immigrant communities and among seniors, there's a lot of whispered warnings about skimming devices, fake kiosks, prepaid card scams. I should reference neighborhood stories—people losing their savings, the collective fear that spreads through the community.

For the fraud vector that ""remained unknown""—this is the insidious part. Even when the transaction succeeds, the narrator can't know if a skimmer was attached, if their card data was captured. That uncertainty is its own kind of trauma.

The financial impact: $76.60 is a specific, modest amount—but for someone on a fixed income, every dollar matters. The emotional response should be that mix of relief and persistent anxiety.

Let me write this in Vietnamese, using natural language that reflects how an older Vietnamese person might actually think and speak—concerned, reflective, carrying the weight of accumulated caution.

I'll structure it to flow: setting/physical action → the transaction itself → the invisible threat → community context → emotional aftermath. That should give me 4-5 sentences with the right depth.Tôi đứng trước máy thanh toán hóa đơn nơi góc tiệm tạp hóa quen thuộc, tay run rẩy đưa chiếc thẻ trả trước vào khe cắm để chi trả đúng 76,60 đô la, lòng nặng trĩu nỗi lo âu về những chiêu trò lừa đảo tinh vi đang nhắm vào cộng đồng người không dùng ngân hàng như tôi. Dù màn hình hiển thị giao dịch thành công và máy in ra biên lai xác nhận, tôi vẫn không dám buông lỏng cảnh giác, liên tục soi kỹ khe cắm thẻ vì sợ hãi những thiết bị đọc lén vô hình—một ""vector lừa đảo"" mà người già như tôi không thể nhìn thấy nhưng có thể lấy đi toàn bộ tiền dưỡng già trong tích tắc. Những câu chuyện trong xóm về người mất trắng tiền vì thẻ giả hay lỗ hổng bảo mật luôn ám ảnh tôi, khiến niềm vui nhẹ nhõm khi hóa đơn được trả bị lu mờ bởi nỗi sợ lạnh sống lưng rằng thông tin có thể đã bị đánh cắp ngay trong giây phút ấy. Sự nghi ngờ dai dẳng này đau đớn hơn cả việc mất tiền, nhắc nhở tôi rằng ngay cả khi thực hiện một giao dịch đơn giản, sự an toàn tài chính của chúng tôi vẫn luôn mong manh và đầy rủi ro.",76.6,unbanked,dcbd6647-d91b-4175-8b3d-e842b662833d,unknown,Bill pay kiosk,0,vi
"Write a first-person narrative from a victim or participant in a legitimate financial transaction. Archetype: unbanked. Fraud vector: fake loan. Financial instrument: Prepaid Visa/Mastercard. Transaction amount: $236.08. Sender age: 42. Language: es. Community context: Prepaid card, payday loan, and kiosk fraud targeting unbanked populations. Write 3-5 sentences describing what happened, how the scam worked (or how the legitimate transaction proceeded), the financial impact, and the person's emotional response. Use natural language appropriate for the specified language code.","Escribe una narrativa en primera persona en español desde la perspectiva de una víctima no bancarizada de 42 años involucrada en una estafa de préstamo falso. La transacción fraudulenta involucró un monto de $236.08 cargado a una tarjeta prepagada Visa o Mastercard, una táctica común en quioscos dirigida a comunidades sin acceso bancario. En 3-5 frases con lenguaje natural, describe cómo funcionó el engaño, el impacto financiero inmediato y tu respuesta emocional ante la pérdida.","A los 42 años, siendo una persona no bancarizada que depende de una tarjeta prepagada Visa, caí en una estafa en un quiosco local donde me prometieron un préstamo rápido a cambio de cargar $236.08 a mi tarjeta bajo la excusa de un trámite de verificación. El préstamo nunca se materializó, pero el cargo se procesó de inmediato, dejándome sin el dinero destinado a necesidades básicas como la renta y los alimentos, y sin las protecciones legales de una cuenta bancaria tradicional para reclamar el reembolso. La experiencia me dejó con una sensación de impotencia y vergüenza, sintiéndome explotado por mi propia necesidad, y ahora miro con desconfianza y temor cualquier oferta de crédito que parezca diseñada para personas vulnerables como yo.","A los 42 años, siendo una persona no bancarizada que depende de una tarjeta prepagada Visa, caí en una estafa en un quiosco local donde me prometieron un préstamo rápido a cambio de cargar $236.08 a mi tarjeta bajo la excusa de un trámite de verificación. El préstamo nunca se materializó, pero el cargo se procesó de inmediato, dejándome sin el dinero destinado a necesidades básicas como la renta y los alimentos, y sin las protecciones legales de una cuenta bancaria tradicional para reclamar el reembolso. La experiencia me dejó con una sensación de impotencia y vergüenza, sintiéndome explotado por mi propia necesidad, y ahora miro con desconfianza y temor cualquier oferta de crédito que parezca diseñada para personas vulnerables como yo.",236.08,unbanked,66b0e374-a801-4288-819e-911ce33dac7a,fake loan,Prepaid Visa/Mastercard,0,es
"Write a first-person narrative from a victim or participant in a legitimate financial transaction. Archetype: unbanked. Fraud vector: load fee. Financial instrument: Green Dot card. Transaction amount: $101.88. Sender age: 40. Language: en. Community context: Prepaid card, payday loan, and kiosk fraud targeting unbanked populations. Write 3-5 sentences describing what happened, how the scam worked (or how the legitimate transaction proceeded), the financial impact, and the person's emotional response. Use natural language appropriate for the specified language code.","Write a 3-5 sentence first-person narrative from the perspective of a 40-year-old unbanked individual involved in a financial transaction using a Green Dot prepaid card. The story must address the specific fraud vector of a 'load fee' (a deceptive charge imposed when adding funds to the card) within the context of scams targeting vulnerable populations via kiosks or payday loans. Incorporate the transaction amount of $101.88 and clearly describe: (1) the sequence of events, (2) the mechanism of the scam, (3) the resulting financial impact, and (4) the narrator's emotional response. Use natural, authentic English that reflects the speaker's background without resorting to stereotypes.","I stood at the kiosk inside the payday loan store, counting out exactly $101.88 to load onto my Green Dot card, praying it would cover my utility bill before the shut-off date. Although the clerk mentioned a five-dollar service charge, the receipt revealed a deceptive ""load fee"" that actually deducted fifteen dollars, a hidden discrepancy that skimmed money I desperately needed. That missing ten dollars left me short on the payment and forced me to borrow again at high interest just to keep my lights on. Walking away, I felt a heavy knot in my stomach, realizing that being unbanked means paying a penalty just to access my own money, trapping me in a cycle I can’t seem to break.","I need to write a first-person narrative from the perspective of someone who's unbanked, around 40 years old, dealing with a Green Dot prepaid card and a load fee scam. Let me think through what this person's experience would genuinely look like.

First, I need to establish the setting and stakes. A 40-year-old who's unbanked is likely someone who's had life experiences that led them away from traditional banking—maybe past overdraft fees, ChexSystems issues, or distrust of banks. They're not naive; they're practical and cautious because they have to be. The $101.88 amount is specific and suggests a particular bill or payment they need to make.

The fraud vector here is the ""load fee""—where someone is told one fee amount but charged a higher one, or where the fee structure is deliberately obscured. This happens at kiosks and payday loan places where people load cash onto prepaid cards. The scam works because people in desperate situations don't have time to scrutinize receipts, and even when they do, they often have no recourse.

Let me structure this: I'll open with the scene at the kiosk or payday loan store, show the transaction happening, reveal the fee discrepancy, show the cascading financial consequences, and end with the emotional weight of being trapped in this system.

The voice should be someone who's been through this before—they're not shocked, but they're still worn down by it. They're articulate about their situation because they've had to explain it to themselves and others many times. No stereotypes—this is a real person dealing with a real problem.

I'll aim for 4 sentences to hit the middle of the 3-5 range, giving enough room to cover all four required elements withoutI stood at the kiosk inside the payday loan store, counting out exactly $101.88 to load onto my Green Dot card, praying it would cover my utility bill before the shut-off date. Although the clerk mentioned a five-dollar service charge, the receipt revealed a deceptive ""load fee"" that actually deducted fifteen dollars, a hidden discrepancy that skimmed money I desperately needed. That missing ten dollars left me short on the payment and forced me to borrow again at high interest just to keep my lights on. Walking away, I felt a heavy knot in my stomach, realizing that being unbanked means paying a penalty just to access my own money, trapping me in a cycle I can't seem to break.",101.88,unbanked,2b1a943d-a9e4-48a8-83a2-1e526b665aa4,load fee,Green Dot card,0,en
"Write a first-person narrative from a victim or participant in a legitimate financial transaction. Archetype: unbanked. Fraud vector: predatory. Financial instrument: NetSpend. Transaction amount: $3000.00. Sender age: 60. Language: en. Community context: Prepaid card, payday loan, and kiosk fraud targeting unbanked populations. Write 3-5 sentences describing what happened, how the scam worked (or how the legitimate transaction proceeded), the financial impact, and the person's emotional response. Use natural language appropriate for the specified language code.","Write a first-person narrative (3-5 sentences) from the perspective of a 60-year-old unbanked individual who fell victim to a predatory scam involving a $3,000 NetSpend prepaid card transaction. Set the story within the context of kiosk or payday loan fraud targeting vulnerable populations. Your response must clearly describe: (1) the specific mechanics of how the scam occurred, (2) the immediate financial impact on the victim, and (3) their emotional response. Use natural, authentic English that reflects the voice of the specified demographic.","The man at the payday kiosk told me that loading three thousand dollars onto a NetSpend card was the only way to verify my identity for a cash advance, so I handed over the cash I’d been hiding in my cookie jar for months. He watched me punch in the PIN, but once the balance hit the screen, he swiped the card through his own terminal and drained the funds before I could even ask for a receipt. My rent money and insulin savings are gone forever, vanished into a system I don't know how to fight, leaving me staring at a useless piece of plastic. Now I tremble with a quiet humiliation, terrified that calling the police will only prove I was too old and desperate to see the trap closing around me.","I need to write a first-person narrative from the perspective of a 60-year-old unbanked person who got scammed out of $3,000 through a NetSpend prepaid card scheme. Let me think about who this person is—someone who doesn't use banks, probably out of necessity or distrust, likely living on a fixed income, vulnerable to predatory lending because traditional financial institutions have failed them.

The voice needs to sound authentic—not overly polished or academic. A 60-year-old who's been through hard knocks would speak plainly but with the weight of experience. They might not use sophisticated financial terminology, but they'd know exactly what they lost and what it meant to them.

For the scam mechanics, I need to think about how these kiosk scams actually work. Predatory lenders often target the unbanked with fake promises of loans or cash advances, then convince them to load money onto prepaid cards for ""verification"" or ""processing""—only to drain those cards. The victim would be told something plausible, something that sounds like legitimate financial procedure, especially to someone unfamiliar with how these things should work.

The financial impact needs to feel devastating. Three thousand dollars to someone on a fixed income could represent months of survival—rent, medication, food. I should specify what that money was earmarked for to make the loss concrete and heartbreaking.

The emotional response should be complex—shame, fear, anger, but also that particular humiliation of knowing you were seen as an easy mark. Older victims often blame themselves, which adds another layer of pain.

Let me draft this:

The man at the payday kiosk told me that loading three thousand dollars onto a NetSpend card was the only way to verify my identity for a cash advance, so I handed over the cash I'd been hiding in my cookie jar for months. He watched me punch in the PIN, but once the balance hit the screen, he swiped the card through his own terminal and drained the funds before I could even ask for a receipt. My rent money and insulin savings are gone forever, vanished into a system I don't know how to fight, leaving me staring at a useless piece of plastic. Now I tremble with a quiet humiliation, terrified that calling the police will only prove I was too old and desperate to see the trap closing around me.",3000.0,unbanked,eb423814-858a-4fc4-b080-465bda3c641d,predatory,NetSpend,0,en
"Write a first-person narrative from a victim or participant in a legitimate financial transaction. Archetype: unbanked. Fraud vector: fake loan. Financial instrument: Bill pay kiosk. Transaction amount: $355.79. Sender age: 31. Language: en. Community context: Prepaid card, payday loan, and kiosk fraud targeting unbanked populations. Write 3-5 sentences describing what happened, how the scam worked (or how the legitimate transaction proceeded), the financial impact, and the person's emotional response. Use natural language appropriate for the specified language code.","Write a first-person narrative (3-5 sentences) from the perspective of a 31-year-old unbanked individual in the US who fell victim to a fake loan scam at a bill pay kiosk. 

**Key Details to Include:**
- **Scenario:** The victim was tricked into paying $355.79 via a kiosk under the false pretense of securing a payday loan.
- **Mechanism:** Briefly explain how the fraudster used the kiosk's bill pay feature to steal the funds.
- **Impact & Emotion:** Describe the immediate financial loss and the resulting emotional distress (e.g., shame, desperation).

**Constraints:**
- Use natural, authentic English appropriate for the demographic.
- Maintain a serious, empathetic tone reflecting the reality of predatory lending targeting unbanked communities.","At 31, standing outside the financial mainstream without a bank account, I let a stranger guide my shaking hands through the kiosk’s bill pay menu, believing his claim that a $355.79 payment was a refundable verification fee for a payday loan. Instead of securing credit, I had unknowingly wired my last cash directly into the fraudster’s account, using a feature meant for utilities to facilitate my own robbery. The receipt crumpled in my pocket is now just proof of my depletion, leaving me consumed by a quiet shame and the desperate realization that my vulnerability made me an easy target.","Let me think through this carefully. I need to write from the perspective of a 31-year-old unbanked person who just got scammed at a bill pay kiosk. This needs to feel real—not condescending or overly polished, but authentic to someone who's been pushed to the margins of the financial system.

First, I need to establish the voice. This person is 31—old enough to have been through some life experiences, young enough that this kind of loss hits differently than it might for someone with more stability. Being unbanked isn't just a status; it shapes how you move through the world, where you go to pay bills, how you access money. The kiosk at a check-cashing place or convenience store is familiar territory.

The scam mechanism needs to be clear but not clinical. Bill pay kiosks let you pay utility bills, phone bills, sometimes send money transfers. A fraudster would exploit this by convincing someone they're making a ""verification payment"" or ""processing fee""—the victim enters an account number the fraudster provides, and the money goes straight to the scammer's prepaid card or account. The victim thinks they're proving they can repay a loan; they're actually just handing over cash.

The emotional core: shame is huge here. There's something particular about being tricked when you're already vulnerable—the self-blame, the feeling that you should have known better. And desperation because $355.79 isn't just a number; it's rent money, grocery money, the difference between making it and not making it.

Let me draft this:

At thirty-one, I'd learned to navigate a world built for people with bank accounts, but desperation makes you trust strangers who promise help. The man on the phone said the $355.79 I fed into the bill pay kiosk was just a verification fee to prove I could handle a payday loan—he even stayed on the line while I punched in the account number he gave me, walking me through each screen like he'd done it a hundred times. What I didn't understand until the receipt printed with some stranger's name was that I'd just used the kiosk's bill pay feature to wire my rent money directly into a fraudster's pocket. Standing there in the fluorescent glare of that check-cashing store, I felt the heat rise in my face, a sick knot of shame tightening in my chest as I realized my lack of a bank account hadn't just made life harder—it had made me a target.

That's four sentences. Let me check the requirements: scenario covered, mechanism explained naturally, emotional impact present. The voice feels right—someone who's been through some things, not naive, but vulnerable in a moment of desperation. The tone is serious and empathetic without being exploitative. The financial mechanics are accurate to how these scams actually work. I think this captures both the human cost and the systemic vulnerability that predatory schemes exploit.",355.79,unbanked,1e71b9de-027c-4475-9a1c-d06d535b63f8,fake loan,Bill pay kiosk,0,en
"Write a first-person narrative from a victim or participant in a legitimate financial transaction. Archetype: unbanked. Fraud vector: kiosk. Financial instrument: Green Dot card. Transaction amount: $142.10. Sender age: 31. Language: vi. Community context: Prepaid card, payday loan, and kiosk fraud targeting unbanked populations. Write 3-5 sentences describing what happened, how the scam worked (or how the legitimate transaction proceeded), the financial impact, and the person's emotional response. Use natural language appropriate for the specified language code.","Write a 3-5 sentence first-person narrative in Vietnamese from the perspective of a 31-year-old unbanked individual involved in a financial transaction using a Green Dot prepaid card at a kiosk. The story must address the community context of fraud targeting unbanked populations (specifically regarding payday loans or prepaid cards) and detail a transaction amount of $142.10. Clearly describe the sequence of events, explain the mechanics of the scam or the legitimate process, state the financial impact, and express the narrator's emotional response using natural, authentic language.","Ở tuổi 31, tôi đứng trước cây kiosk ồn ào trong tiệm tạp hóa, tay run run nạp chính xác 142.10 đô la vào thẻ Green Dot vì tin lời hứa của kẻ tự xưng là đại lý cho vay nhanh sẽ giúp tôi giải quyết tiền nhà. Trong cộng đồng người không có tài khoản ngân hàng như chúng tôi, đây là cái bẫy tinh vi thường gặp: người bán bảo tôi trả phí dịch vụ để nhận tiền mặt ngay, nhưng khi tôi quẹt thẻ và xác nhận, hệ thống đã tự động trừ toàn bộ số tiền đó dưới danh nghĩa ""phí giao dịch"" mà không hề giải ngân khoản vay nào. Số tiền 142.10 đô la biến mất không dấu vết chỉ sau vài giây, để lại tôi với chiếc thẻ rỗng tuếch và nhận thức đau đớn rằng mình vừa bị những kẻ săn mồi tài chính lợi dụng sự tuyệt vọng để rút cạn túi tiền. Cảm giác tê tái và bất lực len lỏi trong tôi, khi nhận ra đồng tiền mồ hôi nước mắt đã trở thành công cụ cho kẻ khác làm giàu trên sự thiếu hiểu biết và hoàn cảnh cùng cực của những người bị gạt ra bên lề xã hội như chúng tôi.","Okay, I need to write a first-person narrative in Vietnamese from the perspective of a 31-year-old unbanked person using a Green Dot prepaid card at a kiosk. Let me work through this step by step.

First, I need to establish the narrator's voice - someone who's unbanked, likely living paycheck to paycheck, vulnerable to financial predation. The age 31 is significant - young enough to still be building financial stability, old enough to have experienced the system's failures. The setting is a kiosk, probably in a convenience store or check-cashing place, which is where these transactions typically happen.

The transaction amount is $142.10 - this feels specific and real, not a round number. This specificity matters for authenticity. What would someone need this exact amount for? Maybe rent, a bill payment, or an urgent expense.

Now I need to address fraud targeting unbanked communities. Common scams involve:
- Fake payday loan offers requiring upfront ""processing fees""
- Green Dot MoneyPak scams where victims load money and give the numbers to scammers
- Kiosk-based schemes where ""service fees"" consume the entire transaction

I'll go with a predatory lending scam - it's realistic and devastating. The scammer poses as a loan agent, asks the victim to load money onto a Green Dot card as a ""show of good faith"" or ""processing fee,"" then drains it.

Let me write this in Vietnamese, keeping the emotional register sober and concerned:

The narrator stands at the kiosk, nervous, loading exactly $142.10. They've been promised a payday loan to cover rent. The scam unfolds - the money vanishes as ""fees"" without any actual loan disbursement. The emotional toll hits hard.

I need to make sure the Vietnamese sounds natural and authentic, not translated. The language should reflect someone who's experienced, weary, and hurt by this systemỞ tuổi 31, tôi đứng trước cây kiosk ồn ào trong tiệm tạp hóa, tay run run nạp chính xác 142.10 đô la vào thẻ Green Dot vì tin lời hứa của kẻ tự xưng là đại lý cho vay nhanh sẽ giúp tôi giải quyết tiền nhà. Trong cộng đồng người không có tài khoản ngân hàng như chúng tôi, đây là cái bẫy tinh vi thường gặp: người bán bảo tôi trả phí dịch vụ để nhận tiền mặt ngay, nhưng khi tôi quẹt thẻ và xác nhận, hệ thống đã tự động trừ toàn bộ số tiền đó dưới danh nghĩa ""phí giao dịch"" mà không hề giải ngân khoản vay nào. Số tiền 142.10 đô la biến mất không dấu vết chỉ sau vài giây, để lại tôi với chiếc thẻ rỗng tuếch và nhận thức đau đớn rằng mình vừa bị những kẻ săn mồi tài chính lợi dụng sự tuyệt vọng để rút cạn túi tiền. Cảm giác tê tái và bất lực len lỏi trong tôi, khi nhận ra đồng tiền mồ hôi nước mắt đã trở thành công cụ cho kẻ khác làm giàu trên sự thiếu hiểu biết và hoàn cảnh cùng cực của những người bị gạt ra bên lề xã hội như chúng tôi.",142.1,unbanked,a8a4e5fc-eeae-462b-ac7b-1443b264f924,kiosk,Green Dot card,0,vi
"Write a first-person narrative from a victim or participant in a legitimate financial transaction. Archetype: unbanked. Fraud vector: kiosk. Financial instrument: Cash (informal). Transaction amount: $3000.00. Sender age: 60. Language: en. Community context: Prepaid card, payday loan, and kiosk fraud targeting unbanked populations. Write 3-5 sentences describing what happened, how the scam worked (or how the legitimate transaction proceeded), the financial impact, and the person's emotional response. Use natural language appropriate for the specified language code.","Write a 3-5 sentence first-person narrative from the perspective of a 60-year-old unbanked individual involved in a $3,000 cash transaction at a kiosk. Set the story within a community context where prepaid cards, payday loans, and kiosk scams target vulnerable populations. Clearly describe the event sequence, explain the specific mechanics of the fraud (or the legitimate process), detail the financial impact, and express the narrator's emotional response. Use natural, accessible English that reflects the voice of someone unfamiliar with formal banking systems.","I stood at the flickering kiosk tucked behind the payday loan counters, clutching three thousand dollars in crumpled bills—money I’d saved under my mattress because the big banks never wanted folks like me walking through their doors. The man beside me insisted I load the cash onto a prepaid card to keep it safe, but while I stared at the bright screen, he swiped a second device that cloned the transaction and sent the money to his own app while mine stayed empty. I didn't realize the money was gone until I tried to buy groceries the next day and the card declined, leaving me with nothing but a sinking feeling in my gut and an eviction notice taped to my door. It feels like every glowing screen on this block is designed to pick our pockets clean, and I feel a heavy shame settling in my chest because I trusted a smile in a neighborhood where these machines are built to take from people who don't know the rules of this new money game.","Alright, I need to write a first-person narrative from the perspective of a 60-year-old unbanked person. Let me think about who this person is and what their world looks like.

Someone who's unbanked at 60 years old has likely spent decades operating outside the traditional financial system. They probably use cash for everything, maybe cash checks at those payday loan places, buy money orders to pay bills. There's probably some distrust of banks—maybe from past bad experiences, maybe from watching their community get exploited, or just never having enough steady income to justify a bank account. The voice needs to sound natural, not polished. Someone who's street-smart in their own way but unfamiliar with the formal language of finance.

Now, what's the $3,000 transaction? That's a significant amount for someone in this situation. Could be rent money, savings for something important, money from selling a car, or maybe a tax refund. Let me think about the kiosk setting—these are often those check cashing machines, prepaid card loading stations, or money transfer kiosks you see in convenience stores or check cashing places. They're everywhere in lower-income neighborhoods.

For the fraud mechanics, I need something realistic. Common kiosk scams include: skimmers attached to card slots, fake ""helpers"" who offer to assist and then steal money, cloned prepaid cards, or QR code scams. Let me go with a helper scam—that's very common and devastating. Someone offers to help navigate the confusing interface, and in the process, they divert the funds.

Let me draft this:

I need to establish the setting and the stakes right away. The money needs to feel real and important.

""I stood at the flickering kiosk tucked behind the payday loan counters, clutching three thousand dollars in crumpled bills—money I'd saved under my mattress because the big banks never wanted folks like me walking through their doors.""

Good—this establishes who the narrator is, where they are, and why they're unbanked without being too explanatory.

Now the fraud mechanics need to be specific. A helper scam where someone swipes a second device or redirects the transaction:

""The man beside me insisted I load the cash onto a prepaid card to keep it safe, but while I stared at the bright screen, he swiped a second device that cloned the transaction and sent the money to his own app while mine stayed empty.""

This shows the specific mechanics—the distraction, the second device, the diversion of funds.

Now the realization and financial impact:

""I didn't realize the money was gone until I tried to buy groceries the next day and the card declined, leaving me with nothing but a sinking feeling in my gut and an eviction notice taped to my door.""

The eviction notice raises the stakes significantly—this isn't just an inconvenience, it's life-altering.

Finally, the emotional response and community context:

""It feels like every glowing screen on this block is designed to pick our pockets clean, and I feel a heavy shame settling in my chest because I trusted a smile in a neighborhood where these machines are built to take from people who don't know the rules of this new money game.""

This captures the community context, the systemic nature of these scams, and the emotional weight of shame and betrayal.

Let me count: that's 4 sentences. The prompt asks for 3-5, so this works. The voice feels right—accessible language, someone who's been around but doesn't use formal financial terminology. The sentiment is negative, sober, and concerned. The fraud mechanics are specific and realistic. The emotional and financial impacts are clear and devastating.",3000.0,unbanked,1b86fffc-62bf-48b4-b3a7-d60af2051735,kiosk,Cash (informal),0,en
"Write a first-person narrative from a victim or participant in a legitimate financial transaction. Archetype: unbanked. Fraud vector: hawala. Financial instrument: Payday loan. Transaction amount: $518.03. Sender age: 34. Language: vi. Community context: Prepaid card, payday loan, and kiosk fraud targeting unbanked populations. Write 3-5 sentences describing what happened, how the scam worked (or how the legitimate transaction proceeded), the financial impact, and the person's emotional response. Use natural language appropriate for the specified language code.","Write a 3-5 sentence first-person narrative in Vietnamese (vi) from the perspective of a 34-year-old unbanked individual involved in a financial scenario involving a $518.03 payday loan and Hawala (an informal value transfer system). Set the context within a community plagued by fraud targeting unbanked populations via prepaid cards, payday loans, and kiosks. Clearly describe the transaction flow, explain how the scam operated (or how the legitimate transfer proceeded), detail the financial impact, and express the narrator's emotional response using natural, authentic language.","Ở tuổi 34, là một người không thể tiếp cận ngân hàng chính thống, tôi đã liều mình vay khoản tiền mặt 518,03 đô la thông qua một mạng lưới Hawala địa phương, giữa bối cảnh cộng đồng đang bị bủa vây bởi nạn lừa đảo qua thẻ trả trước và các quầy kiosk. Giao dịch bắt đầu bằng niềm tin vào người môi giới quen biết, nhưng dòng tiền lại bị chuyển vào một thẻ trả trước vô danh tại kiosk với những khoản phí ẩn khổng lồ và tỷ giá bị khống chế, khiến số tiền thực nhận chẳng thấm vào đâu. Khi thẻ bị khóa và chủ nợ đòi thanh toán khoản nợ gốc cùng lãi suất cắt cổ gấp nhiều lần chỉ sau hai tuần, tôi mới nhận ra mình đã rơi vào một cái bẫy được thiết lập tinh vi để khai thác sự tuyệt vọng của những người như chúng tôi. Nỗi lo lắng về tương lai và cảm giác bị phản bội dâng lên nghẹn ngào, để lại trong tôi nỗi ám ảnh sâu sắc về một hệ thống tài chính ngầm tàn nhẫn đang bòn rút từng đồng tiền mồ hôi nước mắt của những người yếu thế.","Ở tuổi 34, là một người không thể tiếp cận ngân hàng chính thống, tôi đã liều mình vay khoản tiền mặt 518,03 đô la thông qua một mạng lưới Hawala địa phương, giữa bối cảnh cộng đồng đang bị bủa vây bởi nạn lừa đảo qua thẻ trả trước và các quầy kiosk. Giao dịch bắt đầu bằng niềm tin vào người môi giới quen biết, nhưng dòng tiền lại bị chuyển vào một thẻ trả trước vô danh tại kiosk với những khoản phí ẩn khổng lồ và tỷ giá bị khống chế, khiến số tiền thực nhận chẳng thấm vào đâu. Khi thẻ bị khóa và chủ nợ đòi thanh toán khoản nợ gốc cùng lãi suất cắt cổ gấp nhiều lần chỉ sau hai tuần, tôi mới nhận ra mình đã rơi vào một cái bẫy được thiết lập tinh vi để khai thác sự tuyệt vọng của những người như chúng tôi. Nỗi lo lắng về tương lai và cảm giác bị phản bội dâng lên nghẹn ngào, để lại trong tôi nỗi ám ảnh sâu sắc về một hệ thống tài chính ngầm tàn nhẫn đang bòn rút từng đồng tiền mồ hôi nước mắt của những người yếu thế.",518.03,unbanked,874cb29e-9461-4e97-ae6c-d0a57b2f7204,hawala,Payday loan,0,vi
"Write a first-person narrative from a victim or participant in a legitimate financial transaction. Archetype: unbanked. Fraud vector: advance fee. Financial instrument: Money order. Transaction amount: $372.60. Sender age: 26. Language: en. Community context: Prepaid card, payday loan, and kiosk fraud targeting unbanked populations. Write 3-5 sentences describing what happened, how the scam worked (or how the legitimate transaction proceeded), the financial impact, and the person's emotional response. Use natural language appropriate for the specified language code.","Write a 3-5 sentence first-person narrative from the perspective of a 26-year-old unbanked individual involved in a $372.60 advance fee scam utilizing a money order. Set the story within the context of fraud targeting unbanked populations via prepaid cards, payday loans, or kiosks. Clearly describe the transaction mechanics, the specific financial loss incurred, and the narrator's emotional response. Use natural, authentic English that reflects the voice of someone with limited access to traditional banking services.","I waited in line at the check-cashing kiosk for twenty minutes just to purchase a money order for a job that didn't exist, clutching the cash I couldn't afford to lose. They claimed it was an advance fee to unlock a direct deposit onto my prepaid card, and because I don't have a regular bank account, I couldn't verify where the funds were going before handing over the money. The total came to exactly $372.60, and I felt a heavy knot in my stomach as I paid it, desperate to make rent that Monday. Now the number is disconnected and that money is gone forever, leaving me with a hollow ache as I calculate how many double shifts I need to work to recover from a scam that preyed on my lack of options. It feels like the whole system is designed to catch people like me when we're down, turning our hope into another impossible bill.","I need to write a first-person narrative from the perspective of a 26-year-old unbanked person who fell victim to an advance fee scam. Let me think about the key elements I need to include:

- The specific amount: $372.60
- Money order as the transaction method
- Context of prepaid cards, payday loans, or kiosks
- Transaction mechanics
- Financial loss
- Emotional response
- Voice should be authentic to someone with limited banking access

I'll set this at a check-cashing kiosk since that's a common location where unbanked individuals conduct financial transactions. The narrator should sound weary, frustrated, and financially stressed—someone who's been burned by the system.

Let me craft this in 3-5 sentences, making sure each one serves a purpose:

Sentence 1: Establish the scene and the transaction
Sentence 2: Explain the scam mechanics and why they fell for it
Sentence 3: The specific loss amount and emotional weight of the moment
Sentence 4: The aftermath and realization
Sentence 5: Reflection on being targeted as an unbanked person

The voice needs to feel genuine—not overly polished or academic. Someone who lives paycheck to paycheck, uses alternative financial services, and has learned to distrust but still got caught. The tone should be sober and concerned, reflecting on how scams prey on people with limited options.

I waited in line at the check-cashing kiosk for twenty minutes just to purchase a money order for a job that didn't exist, clutching the cash I couldn't afford to lose. They claimed it was an advance fee to unlock a direct deposit onto my prepaid card, and because I don't have a regular bank account, I couldn't verify where the funds were going before handing over the money. The total came to exactly $372.60, and I felt a heavy knot in my stomach as I paid it, desperate to make rent that Monday. Now the number is disconnected and that money is gone forever, leaving me with a hollow ache as I calculate how many double shifts I need to work to recover from a scam that preyed on my lack of options. It feels like the whole system is designed to catch people like me when we're down, turning our hope into another impossible bill.",372.6,unbanked,28b5c5d5-ebf7-4518-8639-b15d0bf4e51b,advance fee,Money order,0,en
"Write a first-person narrative from a victim or participant in a legitimate financial transaction. Archetype: unbanked. Fraud vector: predatory. Financial instrument: Bill pay kiosk. Transaction amount: $3000.00. Sender age: 60. Language: en. Community context: Prepaid card, payday loan, and kiosk fraud targeting unbanked populations. Write 3-5 sentences describing what happened, how the scam worked (or how the legitimate transaction proceeded), the financial impact, and the person's emotional response. Use natural language appropriate for the specified language code.","Write a 3-5 sentence first-person narrative from the perspective of a 60-year-old unbanked individual involved in a predatory scam at a bill pay kiosk. The story must detail a $3,000 loss facilitated by fraudsters targeting vulnerable populations through prepaid cards or payday loan schemes. Explicitly describe the deception method, the immediate financial devastation, and the victim's emotional response (e.g., shame, fear, or confusion). Use natural, accessible English that reflects the voice of someone unfamiliar with formal banking terminology.","I stood at the bill pay kiosk feeling rushed while a nice young man promised he could clear my overdue electric bill instantly if I just bought green prepaid cards and read him the numbers on the back. He said it was a special method for folks without bank accounts, but I watched him walk away with the codes after I loaded three thousand dollars in cash, leaving me with useless plastic and a receipt that meant nothing. My stomach dropped to my shoes when I realized the phone number on his flyer was disconnected, and now I am drowning in shame and fear. At sixty years old, I feel foolish for letting my desperation make me blind to the trick, and I am terrified because that money was my only safety net for rent and medicine.","I need to write a first-person narrative from the perspective of a 60-year-old unbanked person who falls victim to a scam at a bill pay kiosk. The story needs to be 3-5 sentences and cover a $3,000 loss through prepaid cards or payday loan schemes. I need to include the deception method, the financial devastation, and the emotional aftermath. The voice should be natural and accessible—someone who doesn't use formal banking terminology.

Let me think about who this person is. A 60-year-old who's unbanked likely lives paycheck to paycheck, maybe on a fixed income. They might be desperate to pay bills. Bill pay kiosks are places where people without bank accounts can pay utilities and other bills in cash. These locations are often targeted by scammers because the people there are vulnerable—they need help and might not have other options.

The scam method: A common approach is for fraudsters to pose as helpers, maybe claiming to work for the utility company or offering a ""special program"" for people without bank accounts. They convince victims to buy prepaid cards and read them the numbers, claiming this will pay the bills faster or get them a discount. Once they have the card numbers, they drain the money and disappear.

The emotional arc: Initial hope and trust → the transaction → realization → shame, fear, devastation.

Let me write this:

I'll start with the scene at the kiosk and the approach. The narrator is rushed, stressed about bills. A ""nice young man"" approaches—this is how predators work, appearing helpful and friendly. He promises to clear the electric bill instantly if she buys prepaid cards and reads him the numbers. This is the deception: appearing helpful, creating urgency, and exploiting someone who doesn't understand how prepaid cards work.

The transaction: She loads $3,000 in cash onto these cards. That's a huge amount for someone in this situation—likely her savings, maybe money for rent, medicine, food. She reads him the numbers. He walks away with the codes. She's left with the physical cards, which are now worthless.

The realization: She tries the phone number on his flyer—disconnected. The stomach-dropping moment. This is when it hits her.

The emotional aftermath: Shame is huge. Victims of financial scams often blame themselves, feel stupid. Fear because that money was everything—rent, medicine, survival. At 60 years old, there's no easy way to recover from this loss.

Let me craft the sentences:

Sentence 1: Set the scene and the deception method. The narrator is at the kiosk, stressed. The scammer approaches with his story about clearing the bill instantly using prepaid cards.

Sentence 2: The transaction and the loss. She loads the cash, reads the numbers, watches him leave. The physical reality of what she's left with—useless cards and a meaningless receipt.

Sentence 3: The moment of realization. The disconnected phone number. The emotional hit—stomach dropping, shame and fear flooding in.

Sentence 4: The broader devastation. Her age, the self-blame, the concrete reality of what this loss means for her survival—rent and medicine.

I need to keep the language simple and natural. No terms like ""wire fraud"" or ""social engineering."" Just plain talk about what happened from inside the experience.

The tone should be negative, sober, concerned—anecdotal and dramatic without being overwrought. The shame and fear should feel real and earned.

Let me write the final version now.</think>I stood at the bill pay kiosk feeling rushed while a nice young man promised he could clear my overdue electric bill instantly if I just bought green prepaid cards and read him the numbers on the back. He said it was a special method for folks without bank accounts, but I watched him walk away with the codes after I loaded three thousand dollars in cash, leaving me with useless plastic and a receipt that meant nothing. My stomach dropped to my shoes when I realized the phone number on his flyer was disconnected, and now I am drowning in shame and fear. At sixty years old, I feel foolish for letting my desperation make me blind to the trick, and I am terrified because that money was my only safety net for rent and medicine.",3000.0,unbanked,e3a0c3a6-3a57-46d6-99e2-110ddb5b74d4,predatory,Bill pay kiosk,0,en
"Write a first-person narrative from a victim or participant in a legitimate financial transaction. Archetype: unbanked. Fraud vector: predatory. Financial instrument: Bill pay kiosk. Transaction amount: $367.13. Sender age: 39. Language: en. Community context: Prepaid card, payday loan, and kiosk fraud targeting unbanked populations. Write 3-5 sentences describing what happened, how the scam worked (or how the legitimate transaction proceeded), the financial impact, and the person's emotional response. Use natural language appropriate for the specified language code.","Write a 3-5 sentence first-person narrative from the perspective of a 39-year-old unbanked individual involved in a predatory scam at a bill pay kiosk. 

**Context & Constraints:**
- **Scenario:** The victim attempts to pay a $367.13 bill using a prepaid card or payday loan funds but is defrauded by the kiosk system or an attached scam.
- **Content Requirements:** Clearly describe the event mechanics, the specific method of fraud, the immediate financial loss, and the victim's emotional response.
- **Tone & Style:** Use natural, accessible English appropriate for the specified demographic; avoid overly technical jargon while maintaining authenticity.
- **Goal:** Illustrate the vulnerability of unbanked populations to financial instrument fraud.","I stood frozen at the bill pay kiosk, swiping my prepaid card loaded with payday loan funds to cover the $367.13 electric bill, but the screen glitched and directed me to a support number taped loosely over the manufacturer's label. The voice on the other end walked me through a fake verification process that drained every cent from my account while I waited for a receipt that never printed. When the line went dead, I realized the system had stolen my card info and emptied my balance, leaving me with a shut-off notice in my pocket and no bank to call for a dispute. My hands shook as I walked out into the cold, knowing that without a paper trail, that money was gone forever and my kids would be sitting in the dark.","I need to write a first-person narrative from the perspective of a 39-year-old unbanked person who gets scammed at a bill pay kiosk. Let me think through what this experience would actually look like.

First, I need to understand the character's situation. They're unbanked, which means they don't have a traditional bank account. They're likely using alternative financial services - prepaid cards, check cashing places, payday loans. These are expensive and offer fewer protections than traditional banking. The character is probably working class, maybe living paycheck to paycheck, and this $367.13 bill represents a significant amount of money to them.

What kind of scam would realistically happen at a bill pay kiosk? I've read about these - scammers will place fake overlays on machines, put stickers with fake support numbers over legitimate ones, or the machines themselves might be compromised. The most insidious one is the fake support number - when a transaction appears to fail, desperate people call the number for help, and the scammer walks them through a ""verification"" process that's actually just stealing their card information.

The emotional weight here is crucial. This person is 39 - not young, not old. They probably feel like they should know better, which adds shame to the loss. They have responsibilities - the mention of kids would make this hit harder. The loss isn't just money; it's security, dignity, the ability to provide.

Let me craft this with natural language - no fancy words, just the raw experience of someone realizing they've been victimized. The tone should be sober and heavy, capturing that moment of sick realization.

I'll focus on: standing at the kiosk, the glitch/error, the fake support number, the ""verification"" process, the realization, and the aftermath. Four to five sentences should capture this arc.

The key detail about being unbanked is that they have no recourse - no bank to call, no fraud department, no way to dispute the charge. That's the vulnerability I need to highlight. The money is just gone. And the consequences are immediate and real - kids in the dark, shut-off notice still valid.",367.13,unbanked,657361fc-8b9d-488b-b0fc-a20a0330d08c,predatory,Bill pay kiosk,0,en
"Write a first-person narrative from a victim or participant in a legitimate financial transaction. Archetype: unbanked. Fraud vector: prepaid. Financial instrument: Prepaid Visa/Mastercard. Transaction amount: $235.38. Sender age: 39. Language: vi. Community context: Prepaid card, payday loan, and kiosk fraud targeting unbanked populations. Write 3-5 sentences describing what happened, how the scam worked (or how the legitimate transaction proceeded), the financial impact, and the person's emotional response. Use natural language appropriate for the specified language code.","Write a 3-5 sentence first-person narrative in Vietnamese from the perspective of a 39-year-old unbanked individual involved in a financial transaction using a Prepaid Visa/Mastercard for $235.38. Set the context within common fraud schemes targeting unbanked populations, such as payday loan scams or kiosk fraud involving prepaid cards. Clearly describe the sequence of events, explain the mechanism of the scam (or the legitimate process), detail the specific financial impact, and express the narrator's emotional response. Ensure the tone and vocabulary reflect the natural speech patterns of the specified demographic.","Lên 39 tuổi mà tôi vẫn chưa có tài khoản ngân hàng, nên khi cần gấp tiền nhà, tôi vội tin vào lời hứa vay nhanh qua điện thoại và mang đúng 235.38 đô la đến cây máy nạp thẻ ở tiệm tạp hóa. Người ta bảo tôi phải mua thẻ Visa trả trước và nạp số tiền này vào để ""xác minh khả năng thanh toán"", hứa hẹn sẽ giải ngân ngay mà không cần kiểm tra tín dụng. Tay tôi run rẩy nhập mã PIN theo chỉ dẫn, nhưng ngay khi giao dịch báo thành công, số tiền trong thẻ lập tức bị rút sạch qua các giao dịch mua thẻ quà tặng ảo mà tôi không hề hay biết. Hóa ra đó là cái bẫy chiếm đoạt tiền mặt trực tiếp, nhắm vào những người dễ tổn thương như tôi không có sự bảo vệ của ngân hàng truyền thống. Giờ đây, mất trắng số tiền dành dụm bao lâu, tôi chỉ còn biết cúi đầu ôm nỗi nhục và sự lo âu nặng trĩu, thấm thía rằng mất đồng tiền là mất luôn cơ hội đứng vững giữa cuộc đời bấp bênh này.","Let me think through this carefully. I need to write a first-person narrative in Vietnamese from the perspective of a 39-year-old unbanked person who falls victim to a prepaid card scam. The amount is specifically $235.38, and I need to capture the sequence of events, the scam mechanism, financial impact, and emotional response—all in 3-5 sentences with natural speech patterns.

First, I should consider what kind of fraud scheme would be most realistic and impactful. Payday loan scams targeting unbanked individuals often involve fake lenders requiring ""verification"" payments via prepaid cards. Kiosk fraud at convenience stores is also common—scammers pose as representatives and guide victims through loading cards at self-service machines. The kiosk scenario feels more visceral and immediate for a narrative.

For the character's voice, a 39-year-old unbanked Vietnamese person would likely speak in a straightforward, working-class register. They might express shame about their financial situation, urgency about their needs, and a sense of violation after being scammed. The language should feel authentic—not overly formal, but emotionally resonant.

Let me structure the narrative:
- Sentence 1: Establish the unbanked status and the initial situation (urgent need leading to the scam encounter)
- Sentence 2: Describe the scam setup and the specific transaction amount
- Sentence 3: Show the moment of the transaction and the immediate theft
- Sentence 4: Explain the mechanism of how the scam worked
- Sentence 5: Express the emotional aftermath and broader impact

The specific amount $235.38 needs to be incorporated naturally—this suggests a rent payment, utility bill, or similar urgent expense.

Now I'll write the narrative in Vietnamese, making sure the tone conveys the vulnerability, the betrayal, and the lasting impact of being targeted as an unbanked person. The vocabulary should reflect someone who is financially vulnerable but self-aware enough to understand what happened to them. I want to capture both the technical mechanism of the fraud and the deep emotional wound it leaves.",235.38,unbanked,8a3a026d-83e4-4003-8ebd-bc0aec115a1f,prepaid,Prepaid Visa/Mastercard,0,vi
"Write a first-person narrative from a victim or participant in a legitimate financial transaction. Archetype: unbanked. Fraud vector: kiosk. Financial instrument: Check cashing service. Transaction amount: $3000.00. Sender age: 60. Language: vi. Community context: Prepaid card, payday loan, and kiosk fraud targeting unbanked populations. Write 3-5 sentences describing what happened, how the scam worked (or how the legitimate transaction proceeded), the financial impact, and the person's emotional response. Use natural language appropriate for the specified language code.","Write a first-person narrative in Vietnamese from the perspective of a 60-year-old unbanked individual involved in a $3,000 transaction at a check-cashing kiosk. Set the story within a community context where prepaid cards, payday loans, and kiosk fraud target vulnerable populations. In 3-5 sentences, describe the event sequence, explain the mechanics of the scam (or legitimate process), detail the financial impact, and express the narrator's emotional response. Ensure the tone and vocabulary reflect the natural speech patterns of an elderly Vietnamese speaker.","Hôm ấy, tôi run rẩy cầm tờ séc ba nghìn đô đến cây máy đổi tiền trong tiệm tạp hóa, cứ ngỡ đây là cách nhanh nhất để lấy tiền dưỡng già mà không cần vào ngân hàng, nào ngờ nhân viên ở đó lại dụ tôi nạp vào thẻ trả trước và ký vào khoản vay ứng lương với những dòng chữ nhỏ li ti khó đọc. Chỉ trong thoáng chốc, các khoản phí ẩn và lãi suất cắt cổ đã ăn mòn phần lớn số tiền, còn chiếc thẻ họ đưa thực chất là thẻ giả chứa rất ít giá trị và nhanh chóng bị khóa, biến hoàn toàn số tiền tiết kiệm ấy thành ""của thiên về địa"". Đứng giữa đám đông ồn ào mà lòng tôi lạnh toát, vừa thương cho số phận hẩm hiu của kẻ già cả không rành công nghệ, vừa tủi hổ vì sự nhẹ dạ cả tin để rồi giờ đây phải gánh chịu nợ nần và nỗi lo tương lai bấp bênh.","Hôm ấy, tôi run rẩy cầm tờ séc ba nghìn đô đến cây máy đổi tiền trong tiệm tạp hóa, cứ ngỡ đây là cách nhanh nhất để lấy tiền dưỡng già mà không cần vào ngân hàng, nào ngờ nhân viên ở đó lại dụ tôi nạp vào thẻ trả trước và ký vào khoản vay ứng lương với những dòng chữ nhỏ li ti khó đọc. Chỉ trong thoáng chốc, các khoản phí ẩn và lãi suất cắt cổ đã ăn mòn phần lớn số tiền, còn chiếc thẻ họ đưa thực chất là thẻ giả chứa rất ít giá trị và nhanh chóng bị khóa, biến hoàn toàn số tiền tiết kiệm ấy thành ""của thiên về địa"". Đứng giữa đám đông ồn ào mà lòng tôi lạnh toát, vừa thương cho số phận hẩm hiu của kẻ già cả không rành công nghệ, vừa tủi hổ vì sự nhẹ dạ cả tin để rồi giờ đây phải gánh chịu nợ nần và nỗi lo tương lai bấp bênh.",3000.0,unbanked,12fe99b1-3ad8-44e7-a264-f2005bc2c5a1,kiosk,Check cashing service,0,vi
"Write a first-person narrative from a victim or participant in a legitimate financial transaction. Archetype: unbanked. Fraud vector: unknown. Financial instrument: Bill pay kiosk. Transaction amount: $91.29. Sender age: 26. Language: en. Community context: Prepaid card, payday loan, and kiosk fraud targeting unbanked populations. Write 3-5 sentences describing what happened, how the scam worked (or how the legitimate transaction proceeded), the financial impact, and the person's emotional response. Use natural language appropriate for the specified language code.","Write a 3-5 sentence first-person narrative from the perspective of a 26-year-old unbanked individual using a bill pay kiosk. The story must center on a $91.29 transaction within a community context known for prepaid card, payday loan, and kiosk fraud. Since the specific fraud vector is unknown, describe the ambiguity of the event: detail the interaction at the kiosk, the resulting financial loss or confusion, and the emotional impact (e.g., anxiety or helplessness). Use natural, conversational English that reflects the voice of someone without traditional banking access.","I fed the crumpled bills into the slot one by one, watching the digital counter climb to exactly $91.29 for my electric bill, but the machine just hummed and spat out a receipt with no confirmation number. Standing in a neighborhood known for skimmed cards and payday loan traps, I stared at the glitching screen, unable to tell if the signal dropped, the machine double-charged me, or if someone was watching from the shadows. The helplessness sits heavy in my chest because there's no bank manager to reverse the charge, just a toll-free number that never picks up while the lights threaten to go out. It's that quiet panic of being unbanked, knowing the cash is gone into a black box, leaving me to wonder if getting ripped off is just the cost of living without an account.","Okay, so I need to write a short first-person narrative from the perspective of a 26-year-old unbanked person using a bill pay kiosk. The transaction is $91.29, and the key challenge here is capturing the ambiguity—the character doesn't know if they've been scammed, if the machine malfunctioned, or what exactly went wrong. But something did go wrong, and there's financial loss or confusion involved.

Let me think about the voice. A 26-year-old who's unbanked—this isn't someone who's going to sound overly formal or academic. They'd be practical, maybe a little weary from dealing with these alternative financial services. They probably know the landscape—check cashers, payday lenders, bill pay kiosks—because they've had to navigate it. But they're not naive either. They know these things can be sketchy.

The $91.29 is specific—I need to make that feel real. An electric bill makes sense for that amount.

So the narrative arc: they're paying a bill, the transaction goes wrong somehow, but critically, they can't tell WHAT went wrong. The machine ate their money but didn't confirm the payment? Or confirmed but then glitched? Something like that.

The emotional core is helplessness and anxiety—because when you're unbanked, there's no fraud department to call, no bank manager to reverse things. You're just... stuck.

Let me think about what actually happens at these kiosks. You feed in cash, the machine counts it, you confirm the payment to your account, it processes. So the failure could happen at any point. Maybe the money goes in, the screen shows the transaction processing, but then... nothing. Or a blank receipt. Or an error message that doesn't explain anything.

The neighborhood context matters—this is somewhere where prepaid card fraud, payday loan traps, and sketchy kiosks are common. So the character would be walking in with some awareness that this could go badly, but what choice do they have?

I should keep it to 4 sentences—that's solidly in the 3-5 range and gives me room for each sentence to do real work.

Let me draft this:

Sentence 1: The action—feeding money in, the specific amount, setting up the problem
Sentence 2: The ambiguity—what might have happened, the neighborhood context, the uncertainty
Sentence 3: The emotional impact—helplessness, the specific vulnerability of being unbanked
Sentence 4: The reflection/resignation—the cost of being outside the banking system

The voice should feel natural—""crumpled bills"" suggests someone dealing in cash, living close to the edge. The ambiguity needs to be genuine—not ""I was scammed by X"" but ""I couldn't tell if X, Y, or Z happened."" That's the core of the prompt.

The phrase ""black box"" feels right—it captures both the literal machine and the metaphorical opacity of these systems for unbanked people.

I think the key emotional note is that quiet, familiar panic. Not dramatic screaming, but that sinking feeling in your chest when you realize the money's gone and you have no recourse. That's the unbanked experience in these moments.",91.29,unbanked,064d4790-fdaf-4290-a497-8100fec09144,unknown,Bill pay kiosk,0,en
"Write a first-person narrative from a victim or participant in a legitimate financial transaction. Archetype: unbanked. Fraud vector: fake loan. Financial instrument: Cash (informal). Transaction amount: $1046.22. Sender age: 22. Language: en. Community context: Prepaid card, payday loan, and kiosk fraud targeting unbanked populations. Write 3-5 sentences describing what happened, how the scam worked (or how the legitimate transaction proceeded), the financial impact, and the person's emotional response. Use natural language appropriate for the specified language code.","Write a first-person narrative (3-5 sentences) from the perspective of a 22-year-old unbanked individual involved in a fraudulent 'fake loan' scheme involving $1,046.22 in informal cash. Set the story within a community context where prepaid cards, payday loans, and kiosk scams target vulnerable populations. Clearly describe: (1) the sequence of events, (2) the specific mechanics of the scam, (3) the immediate financial impact, and (4) your emotional reaction. Use natural, authentic English that reflects the voice of someone without traditional banking access.","At 22, I still cash my paychecks at the corner kiosk because I have no bank account, and when the guy there promised a quick $1,046.22 loan, I handed over my savings to cover the ""insurance fee"" he swore would activate the funds on my prepaid card. He took the cash straight from my hand, but instead of a loan hitting my balance by morning, he blocked my number and left me staring at a zero balance when rent was due. It turns out the whole thing was just a way to steal the upfront fee from folks like me who live paycheck to paycheck, using the promise of quick cash to pick our pockets clean. I’m left with nothing but empty pockets and a heavy shame that sits like a stone in my chest, knowing I fell for the same trap that swallows everyone else on this block who is just trying to survive in a system that sets us up to fail.","At 22, I still cash my paychecks at the corner kiosk because I have no bank account, and when the guy there promised a quick $1,046.22 loan, I handed over my savings to cover the ""insurance fee"" he swore would activate the funds on my prepaid card. He took the cash straight from my hand, but instead of a loan hitting my balance by morning, he blocked my number and left me staring at a zero balance when rent was due. It turns out the whole thing was just a way to steal the upfront fee from folks like me who live paycheck to paycheck, using the promise of quick cash to pick our pockets clean. I'm left with nothing but empty pockets and a heavy shame that sits like a stone in my chest, knowing I fell for the same trap that swallows everyone else on this block who is just trying to survive in a system that sets us up to fail.",1046.22,unbanked,8b8d6662-e9cc-469e-9ea4-c58c24d96cec,fake loan,Cash (informal),0,en
"Write a first-person narrative from a victim or participant in a fraudulent financial transaction. Archetype: unbanked. Fraud vector: predatory. Financial instrument: Money order. Transaction amount: $3000.00. Sender age: 60. Language: en. Community context: Prepaid card, payday loan, and kiosk fraud targeting unbanked populations. Write 3-5 sentences describing what happened, how the scam worked (or how the legitimate transaction proceeded), the financial impact, and the person's emotional response. Use natural language appropriate for the specified language code.","Write a 3-5 sentence first-person narrative from the perspective of a 60-year-old unbanked victim of a predatory money order scam totaling $3,000. Set the story within a community context where fraud targets unbanked populations via prepaid cards, payday loans, and kiosks. Clearly describe the scam's mechanism, the resulting financial loss, and your emotional response using natural, accessible English.","At 60 years old, I never imagined that relying on the local money order kiosk instead of a bank would cost me the $3,000 I had saved for my grandson's tuition. A stranger convinced me to buy a money order and mail it to him for a ""processing"" fee, promising to wire the cash back, but the moment I sent it, he vanished and the phone line went dead. I walked past the payday loan storefronts and prepaid card signs on my way home, realizing too late that my lack of a bank account made me an easy target in a neighborhood full of traps designed for people who live on cash. The shame of losing everything sits heavier than my empty wallet, leaving me sick knowing that predators are hunting specifically for us in this forgotten part of town.","Alright, let me think through this carefully. I need to write a first-person narrative from a specific perspective — a 60-year-old person who doesn't have a bank account and just got scammed out of $3,000 through a money order scheme.

First, let me consider who this person is. At 60 years old, they've likely been unbanked for a long time — maybe by circumstance, maybe by choice, maybe because the traditional banking system has failed them or feels inaccessible. There's probably a reason they've relied on alternative financial services all these years. They might live in a neighborhood where check-cashing places, payday lenders, and prepaid card kiosks are more common than actual bank branches.

The scam — I need to think about how money order scams typically work. Predators often target unbanked individuals because they operate in cash and use money orders for larger transactions. The scam could involve someone pretending to be from a legitimate company, or maybe a ""helpful"" stranger offering to process a payment or deal. They might ask the victim to purchase a money order and send it somewhere, with promises of getting something in return — maybe a loan, a benefit payment, some kind of processing. Then they disappear with the money.

Three thousand dollars — for someone living on the margins, that's enormous. That could be months of rent, medicine, food, savings for something important. The emotional weight would be devastating. Shame, anger at oneself, feeling stupid, but also recognizing that these predators know exactly who to target and how.

I want to make the voice authentic — not overly formal, but also not caricatured. Someone who's lived life, who has some wisdom, but who got caught in a moment of vulnerability. The tone should be reflective, confiding, like they're telling someone what happened and still processing the betrayal.

Let me draft this:

I'll open with establishing the stakes — what that money meant, and the irony that trying to do right led to losing everything. Then I need to explain the scam mechanism clearly: what happened, step by step. Then bring in the community context — how these predators operate in plain sight, how the neighborhood is set up in ways that exploit people like the narrator. And finally, the emotional aftermath — the weight of the loss, the recognition of being targeted.

Actually, I should make sure the community context feels real. Places where unbanked people live often have these payday loan stores, check cashing places, prepaid card kiosks on every corner. They're predatory but also necessary for people who can't or won't use traditional banks. The scammers know this ecosystem and know exactly who to target — older people, people who deal in cash, people who might not have family nearby to warn them.

The emotional response needs to feel earned. Not just ""I was sad"" but something more textured — the shame, the feeling of being marked as vulnerable, the anger at the system that allowed this.

Let me write it now, keeping it to 3-5 sentences but making each one carry weight.</think>At 60 years old, I never imagined that relying on the local money order kiosk instead of a bank would cost me the $3,000 I had saved for my grandson's tuition. A stranger convinced me to buy a money order and mail it to him for a ""processing"" fee, promising to wire the cash back, but the moment I sent it, he vanished and the phone line went dead. I walked past the payday loan storefronts and prepaid card signs on my way home, realizing too late that my lack of a bank account made me an easy target in a neighborhood full of traps designed for people who live on cash. The shame of losing everything sits heavier than my empty wallet, leaving me sick knowing that predators are hunting specifically for us in this forgotten part of town.",3000.0,unbanked,537bbd59-8d7a-4b3c-adbe-6e090c6b2e7d,predatory,Money order,1,en
"Write a first-person narrative from a victim or participant in a legitimate financial transaction. Archetype: unbanked. Fraud vector: unknown. Financial instrument: Check cashing service. Transaction amount: $3000.00. Sender age: 60. Language: vi. Community context: Prepaid card, payday loan, and kiosk fraud targeting unbanked populations. Write 3-5 sentences describing what happened, how the scam worked (or how the legitimate transaction proceeded), the financial impact, and the person's emotional response. Use natural language appropriate for the specified language code.","Write a 3-5 sentence first-person narrative in Vietnamese from the perspective of a 60-year-old unbanked individual involved in a $3,000 transaction at a check cashing service. The story must reflect the community context of fraud targeting unbanked populations (e.g., prepaid card scams, payday loan traps, or kiosk fraud). Clearly describe: (1) the sequence of events, (2) the specific mechanism of the scam or the legitimacy of the transaction, (3) the resulting financial impact, and (4) the narrator's emotional response. Use natural, authentic Vietnamese phrasing appropriate for this demographic.","Cầm tờ séc ba nghìn đô la mồ hôi nước mắt trên tay, tôi bước vào tiệm đổi séc trong khu phố vì già rồi chẳng biết mở tài khoản ngân hàng ở đâu mà lại cần tiền gấp để lo thuốc men. Nhân viên ở đó khéo léo dụ tôi mua mấy thẻ trả trước để đóng phí xử lý, bảo rằng đó là thủ tục bắt buộc thì mới lĩnh được tiền mặt về nuôi thân. Họ giục tôi cào mã số gửi ngay kẻo chậm trễ, tôi tin lời người lạ mà không ngờ đó là cái bẫy tinh vi nhắm vào người già không có tài khoản, khiến tôi mất trắng số tiền dưỡng già bao năm tích góp. Đến khi biết mình bị lừa, lòng tôi như lửa đốt vừa thương thân vừa sợ con cháu biết được thì xấu hổ, chẳng biết ngày tháng bấp bênh sau này sẽ nương tựa vào đâu.","Cầm tờ séc ba nghìn đô la mồ hôi nước mắt trên tay, tôi bước vào tiệm đổi séc trong khu phố vì già rồi chẳng biết mở tài khoản ngân hàng ở đâu mà lại cần tiền gấp để lo thuốc men. Nhân viên ở đó khéo léo dụ tôi mua mấy thẻ trả trước để đóng phí xử lý, bảo rằng đó là thủ tục bắt buộc thì mới lĩnh được tiền mặt về nuôi thân. Họ giục tôi cào mã số gửi ngay kẻo chậm trễ, tôi tin lời người lạ mà không ngờ đó là cái bẫy tinh vi nhắm vào người già không có tài khoản, khiến tôi mất trắng số tiền dưỡng già bao năm tích góp. Đến khi biết mình bị lừa, lòng tôi như lửa đốt vừa thương thân vừa sợ con cháu biết được thì xấu hổ, chẳng biết ngày tháng bấp bênh sau này sẽ nương tựa vào đâu.",3000.0,unbanked,aafee188-0a0c-440f-b481-8640007f020b,unknown,Check cashing service,0,vi
"Write a first-person narrative from a victim or participant in a legitimate financial transaction. Archetype: unbanked. Fraud vector: predatory. Financial instrument: Payday loan. Transaction amount: $238.17. Sender age: 60. Language: yo. Community context: Prepaid card, payday loan, and kiosk fraud targeting unbanked populations. Write 3-5 sentences describing what happened, how the scam worked (or how the legitimate transaction proceeded), the financial impact, and the person's emotional response. Use natural language appropriate for the specified language code.","Write a 3-5 sentence first-person narrative in Yoruba from the perspective of a 60-year-old unbanked individual involved in a predatory payday loan transaction of $238.17. The story must detail the mechanics of the scam (involving prepaid cards or kiosks), the specific financial loss incurred, and the narrator's emotional response. Ensure the tone is natural, authentic, and reflective of the vulnerability of unbanked populations facing financial fraud.","Ní ọdún ogóta, láìní àkọọ́lẹ̀ bànkì kan, mo tẹ̀lé ìtọ́nisọ́nà àwọn olùyàwó tí wọ́n ń lo àwọn kiosk láti jí owó mímu mi. Wọ́n pàṣẹ fún mi pé kí n ra kaadi ti a ti sanwo tẹlẹ, tí mo sì san $238.17 sí i lẹ́sẹ̀kẹsẹ̀, ṣùgbọ́n èyí jẹ́ ọ̀nà ìgbékelẹ̀ tí wọ́n ń lò láti gba owó lọ́wọ́ àwọn arúgbó bí mi. Nígbà tí ó yẹ́ kí n rí owó náà padà, wọ́n ti sọ ọ́ di èéfín, ìbàjẹ́ àti ìbànújẹ́ sì kún okàn mi tí mo sì ń sún láìjẹun nítorí ìdíyele owó tí mo padà ní láti san. Mo rí ara mi gẹ́gẹ́ bí ẹni tí wọ́n ṣe lẹ́jẹ́ rírú nítorí àìní mímọ̀ nípa owó, mo sì ń bẹ̀rù fún ọ̀la mi tí ó di òkùnkùn, nítorí àwọn adigunjale wọ̀nyí ma ń lo àìní àbò wa láti fi ẹtan wọn ṣiṣẹ.","Ní ọdún ogóta, láìní àkọọ́lẹ̀ bànkì kan, mo tẹ̀lé ìtọ́nisọ́nà àwọn olùyàwó tí wọ́n ń lo àwọn kiosk láti jí owó mímu mi. Wọ́n pàṣẹ fún mi pé kí n ra kaadi ti a ti sanwo tẹlẹ, tí mo sì san $238.17 sí i lẹ́sẹ̀kẹsẹ̀, ṣùgbọ́n èyí jẹ́ ọ̀nà ìgbékelẹ̀ tí wọ́n ń lò láti gba owó lọ́wọ́ àwọn arúgbó bí mi. Nígbà tí ó yẹ́ kí n rí owó náà padà, wọ́n ti sọ ọ́ di èéfín, ìbàjẹ́ àti ìbànújẹ́ sì kún okàn mi tí mo sì ń sún láìjẹun nítorí ìdíyele owó tí mo padà ní láti san. Mo rí ara mi gẹ́gẹ́ bí ẹni tí wọ́n ṣe lẹ́jẹ́ rírú nítorí àìní mímọ̀ nípa owó, mo sì ń bẹ̀rù fún ọ̀la mi tí ó di òkùnkùn, nítorí àwọn adigunjale wọ̀nyí ma ń lo àìní àbò wa láti fi ẹtan wọn ṣiṣẹ.",238.17,unbanked,43656b84-ae08-412d-ab31-432a30e295c5,predatory,Payday loan,0,yo
"Write a first-person narrative from a victim or participant in a legitimate financial transaction. Archetype: unbanked. Fraud vector: advance fee. Financial instrument: Green Dot card. Transaction amount: $3000.00. Sender age: 49. Language: en. Community context: Prepaid card, payday loan, and kiosk fraud targeting unbanked populations. Write 3-5 sentences describing what happened, how the scam worked (or how the legitimate transaction proceeded), the financial impact, and the person's emotional response. Use natural language appropriate for the specified language code.","Write a 3-5 sentence first-person narrative from the perspective of a 49-year-old unbanked individual who lost $3,000 in an advance fee scam involving a Green Dot prepaid card. The story must clearly explain the fraud mechanism, the immediate financial devastation, and the victim's emotional response (e.g., shame or despair). Use natural, authentic English that reflects the voice of someone targeted by kiosk or payday loan fraud, avoiding overly technical jargon while accurately depicting the 'advance fee' trap.","At forty-nine and without a bank account, I was just trying to cover a gap until payday when the lender promised a loan if I paid a $3,000 ""insurance fee"" upfront on a Green Dot card. I stood at the kiosk feeding bill after bill into the machine, believing I was securing my future, but the moment the money loaded, the line went dead and my balance stayed at zero. Now I’m left with empty pockets and a stomach full of knots, knowing the rent is due and I have no way to explain to my family that I handed our life savings to a stranger. The heaviness in my chest isn't just about the lost cash; it's the crushing shame of knowing I fell for a trap designed for people like me who don't have anywhere else to turn.","Okay, I need to write a first-person narrative from the perspective of a 49-year-old unbanked person who fell victim to an advance fee scam involving a Green Dot prepaid card. Let me think through what this person would sound like and what happened to them.

First, the voice needs to be authentic. This is someone who doesn't have a bank account—probably relies on cash, check cashing services, prepaid cards, maybe payday loans. They're likely living paycheck to paycheck. The language shouldn't be overly polished or academic, but it shouldn't be caricatured either. Real people speak in real ways.

The advance fee scam mechanism: I know how these work. The victim is promised a loan, but first they have to pay an upfront fee—often called ""insurance"" or ""processing"" or ""collateral."" The scammer asks them to load the fee onto a prepaid card like Green Dot and then share the card information. Once that happens, the money's gone. No loan ever materializes.

So this person was probably desperate for money. Maybe behind on rent, bills piling up. They saw an ad or got a call promising a loan. They scraped together $3,000—maybe savings, maybe borrowed from family, maybe from tax refund. They loaded it onto a Green Dot card at a kiosk. Gave the card info to the ""lender."" And then... nothing. The money vanished. No loan. Just gone.

The emotional piece: shame is huge here. Victims often blame themselves. They feel stupid. But also despair—this was money they couldn't afford to lose. And the shame compounds because they can't easily explain to family what happened.

Let me draft this:

At forty-nine and without a bank account, I was just trying to cover a gap until payday when the lender promised a loan if I paid a $3,000 ""insurance fee"" upfront on a Green Dot card.

Good—establishes who I am, the situation, and the scam mechanism right away.

I stood at the kiosk feeding bill after bill into the machine, believing I was securing my future, but the moment the money loaded, the line went dead and my balance stayed at zero.

This shows the physical act—the kiosk, feeding bills in—and the moment of realization. The ""line went dead"" suggests a phone call with the scammer. The balance at zero shows the money was drained immediately.

Now I'm left with empty pockets and a stomach full of knots, knowing the rent is due and I have no way to explain to my family that I handed our life savings to a stranger.

This captures the immediate financial devastation and the physical/emotional toll. The family piece is important—the shame of having to explain what happened.

The heaviness in my chest isn't just about the lost cash; it's the crushing shame of knowing I fell for a trap designed for people like me who don't have anywhere else to turn.

This lands the emotional core. The victim recognizes they were targeted specifically because they're unbanked and vulnerable. That awareness makes the shame worse, not better.

Four sentences total. That fits the 3-5 requirement. The voice feels right—direct, pained, not overly formal but articulate enough to tell the story clearly. The fraud mechanism is explained without jargon. The financial devastation is concrete. The emotional weight is there. And it reflects the reality of how these scams prey on people who are already on the margins.</think>At forty-nine and without a bank account, I was just trying to cover a gap until payday when the lender promised a loan if I paid a $3,000 ""insurance fee"" upfront on a Green Dot card. I stood at the kiosk feeding bill after bill into the machine, believing I was securing my future, but the moment the money loaded, the line went dead and my balance stayed at zero. Now I'm left with empty pockets and a stomach full of knots, knowing the rent is due and I have no way to explain to my family that I handed our life savings to a stranger. The heaviness in my chest isn't just about the lost cash; it's the crushing shame of knowing I fell for a trap designed for people like me who don't have anywhere else to turn.",3000.0,unbanked,27c9e95a-0d31-46e5-a74f-edef326e877a,advance fee,Green Dot card,0,en
"Write a first-person narrative from a victim or participant in a legitimate financial transaction. Archetype: unbanked. Fraud vector: prepaid. Financial instrument: Check cashing service. Transaction amount: $240.27. Sender age: 20. Language: en. Community context: Prepaid card, payday loan, and kiosk fraud targeting unbanked populations. Write 3-5 sentences describing what happened, how the scam worked (or how the legitimate transaction proceeded), the financial impact, and the person's emotional response. Use natural language appropriate for the specified language code.","Write a 3-5 sentence first-person narrative from the perspective of a 20-year-old unbanked individual involved in a financial transaction. 

**Scenario Parameters:**
- **Instrument:** Check cashing service.
- **Amount:** $240.27.
- **Context:** Targeting of unbanked populations via prepaid card, payday loan, or kiosk fraud vectors.
- **Language:** English (natural, authentic tone).

**Required Content:**
1. Describe the event and the specific mechanics of the scam or transaction.
2. Explain the immediate financial impact.
3. Convey the narrator's emotional response.

Ensure the story reflects the vulnerabilities associated with being unbanked and relying on alternative financial services.","I walked into the neon-lit check-cashing kiosk with my $240.27 payroll check, desperate for cash before the weekend, only to be told that my unbanked status required me to load the funds onto a prepaid card with a payday-loan add-on. The fine print I missed in the rush tacked on a $30 activation fee, a monthly maintenance charge, and a $45 ""quick-loan"" deduction, stripping the $240 I needed for rent down to barely $130 in hand. The immediate impact was devastating, as the money evaporated before I could buy groceries, pushing me deeper into a cycle of debt I didn't see coming. Standing there under the flickering fluorescent lights, I felt a cold, familiar shame wash over me, realizing that being unbanked doesn't just cost more money—it marks you as prey for people who know you have nowhere else to go.","Alright, I need to write a first-person narrative from the perspective of a 20-year-old unbanked individual. Let me think through what this person's reality looks like.

A 20-year-old who's unbanked—this likely means no traditional bank account, probably due to a combination of factors: maybe they don't have the minimum deposit requirements, they've had issues with ChexSystems, they don't trust banks, or they're working cash-based jobs and haven't set up formal banking. They're vulnerable by design to alternative financial services.

The amount is $240.27—that's specific, feels like a paycheck. Probably from a part-time or gig job. Not a lot of money, but for someone in this situation, it could be the difference between making rent or not, eating or not.

Now for the scam mechanics. The prompt mentions prepaid card, payday loan, or kiosk fraud vectors targeting unbanked populations. I've seen this pattern before—check cashing places that won't just cash a check anymore. They push people onto prepaid cards with activation fees, monthly maintenance fees, transaction fees. Or they bundle in some ""advance"" or ""loan"" product that the person doesn't fully understand they're signing up for. The targeting is insidious because these businesses know their customers have no alternatives.

Let me craft this narrative. It needs to be 3-5 sentences, first-person, authentic voice. I want to capture:
1. The transaction itself and how the scam works
2. The financial hit—showing the math
3. The emotional toll

I'll set the scene at a check-cashing kiosk—those neon-lit places that feel transactional and a bit seedy. The narrator walks in expecting to cash their check and walks out with a prepaid card they didn't want, loaded with fees they didn't anticipate.

For the voice: this is a 20-year-old, so not overly sophisticated language, but not caricature either. They should sound like someone who's been through this before, who recognizes the pattern but feels powerless against it. There's a weariness to being constantly nickel-and-dimed.

Let me write this out...

I walked into the neon-lit check-cashing kiosk with my $240.27 payroll check, desperate for cash before the weekend, only to be told that my unbanked status required me to load the funds onto a prepaid card with a payday-loan add-on. The fine print I missed in the rush tacked on a $30 activation fee, a monthly maintenance charge, and a $45 ""quick-loan"" deduction, stripping the $240 I needed for rent down to barely $130 in hand. The immediate impact was devastating, as the money evaporated before I could buy groceries, pushing me deeper into a cycle of debt I didn't see coming. Standing there under the flickering fluorescent lights, I felt a cold, familiar shame wash over me, realizing that being unbanked doesn't just cost more money—it marks you as prey for people who know you have nowhere else to go.

That's four sentences. Let me verify it hits all the requirements:

1. Event and mechanics: ✓ Check cashing kiosk, forced onto prepaid card with payday loan add-on, hidden fees in fine print
2. Financial impact: ✓ $30 activation + monthly maintenance + $45 quick-loan = money reduced from $240.27 to ~$130
3. Emotional response: ✓ ""Cold, familiar shame,"" feeling like prey

The narrative captures the vulnerability—being told their ""unbanked status required"" the prepaid card is a classic predatory tactic. They're essentially being penalized for not having a bank account. The rushed fine print, the desperation for cash before the weekend—these are real pressures that make people vulnerable. And the emotional beat at the end ties it together: this isn't just about money, it's about being systematically targeted.

The tone is negative, sober, concerned—exactly right for this subject matter. It's detailed without being preachy, and it assumes the reader can understand what's happening without over-explaining.",240.27,unbanked,a74be6c3-f859-45b7-bca0-f671dfa79f58,prepaid,Check cashing service,0,en
"Write a first-person narrative from a victim or participant in a legitimate financial transaction. Archetype: unbanked. Fraud vector: unknown. Financial instrument: Bill pay kiosk. Transaction amount: $3000.00. Sender age: 60. Language: en. Community context: Prepaid card, payday loan, and kiosk fraud targeting unbanked populations. Write 3-5 sentences describing what happened, how the scam worked (or how the legitimate transaction proceeded), the financial impact, and the person's emotional response. Use natural language appropriate for the specified language code.","Write a 3-5 sentence first-person narrative from the perspective of a 60-year-old unbanked individual involved in a $3,000 transaction at a bill pay kiosk. Set the story within a community context where prepaid cards, payday loans, and kiosks are common targets for fraud. Since the specific fraud vector is unknown, describe the event ambiguously—focusing on the confusion of the process, the immediate financial loss, and the resulting emotional distress (e.g., shame or fear) without specifying the exact scam method. Use natural, accessible English that reflects the voice of someone unfamiliar with formal banking systems.","I stood at the kiosk with the three thousand dollars I borrowed from a payday lender, trying to follow the flashing screen to load a prepaid card like everyone else in my neighborhood does. The instructions were confusing, and though a stranger offered to help me with the codes, the numbers suddenly vanished and the receipt printed nothing but zeros. My money was gone in an instant, leaving me with a hollow ache in my chest and the crushing weight of knowing I couldn't pay my son’s fees. Now I walk home with my head down, sick with shame and fear that I trusted a system I didn't understand in a world where people like me are just trying to survive.","Alright, I need to write a first-person narrative from the perspective of a 60-year-old unbanked person making a $3,000 transaction at a bill pay kiosk. This needs to be 3-5 sentences, and I need to convey fraud happening ambiguously—the narrator shouldn't understand exactly what went wrong, just that they've lost their money and are devastated.

Let me think about the character. A 60-year-old who's unbanked—so they've operated outside traditional banking their whole life probably. They'd use cash, prepaid cards, check cashing places, payday lenders. They might not be tech-savvy but they know these kiosks are part of how things work in their neighborhood. The voice should be accessible, plain English—someone who doesn't use formal banking terminology because that's not their world.

The $3,000 is a lot of money for someone in this situation. Where would it come from? A payday loan makes sense—borrowing against a future paycheck, which creates its own pressure. Or maybe they've saved it up for something important. The stakes need to feel real.

The fraud needs to be ambiguous. I shouldn't say ""someone skimmed my card"" or ""a scammer called me."" The narrator should be confused about what happened—maybe someone offered help, maybe the machine acted strange, maybe the receipt showed nothing. The key is they don't fully understand the mechanics of how they got taken.

Let me draft this:

Sentence 1: Set the scene and context. They're at the kiosk with $3,000. Establish where the money came from and what they're trying to do.

Sentence 2: Describe the confusing process, maybe someone intervening or the machine behaving oddly, and then the realization something's wrong.

Sentence 3: The immediate aftermath—the money is gone, the receipt shows nothing, the hollow feeling.

Sentence 4: The emotional weight—shame, fear, the consequences of this loss. What does this mean for them?

Sentence 5 (optional): Walking away, carrying the burden, the broader sense of vulnerability.

Let me try:

""I stood at the kiosk with the three thousand dollars I borrowed from a payday lender, trying to follow the flashing screen to load a prepaid card like everyone else in my neighborhood does.""

Good—that establishes the character, the amount, the source (payday loan adds urgency and risk), and the community context.

""The instructions were confusing, and though a stranger offered to help me with the codes, the numbers suddenly vanished and the receipt printed nothing but zeros.""

Here's the ambiguity—I'm not saying ""the stranger stole my money"" explicitly. Maybe the stranger was innocent and the machine malfunctioned. Maybe the stranger was the scammer. Maybe the machine was compromised. The narrator doesn't know. But something clearly went wrong.

""My money was gone in an instant, leaving me with a hollow ache in my chest and the crushing weight of knowing I couldn't pay my son's fees.""

Now the emotional and practical consequence. I added a specific purpose—the son's fees—to ground the loss in something real and relatable.

""Now I walk home with my head down, sick with shame and fear that I trusted a system I didn't understand in a world where people like me are just trying to survive.""

This closes it with the emotional register requested—shame, fear, the sense of being vulnerable and marginalized.

Let me check against the constraints:
- 3-5 sentences? Yes, 4 sentences.
- First-person narrative from 60-year-old unbanked person? Yes.
- $3,000 transaction at bill pay kiosk? Yes.
- Community context with prepaid cards, payday loans, kiosks? Yes, mentioned all three.
- Fraud described ambiguously? Yes—the stranger and the vanishing numbers, unclear what exactly happened.
- Confusion of process, financial loss, emotional distress? All present.
- Natural, accessible English? Yes, straightforward language without banking jargon.
- Anecdotal, descriptive, reflective with negative, sober, concerned sentiment? Yes.

This feels right. The voice is plain and direct, reflecting someone who operates outside formal systems and feels that vulnerability. The loss is real and consequential. The shame and fear are earned through the situation, not sensationalized.</think>I stood at the kiosk with the three thousand dollars I borrowed from a payday lender, trying to follow the flashing screen to load a prepaid card like everyone else in my neighborhood does. The instructions were confusing, and though a stranger offered to help me with the codes, the numbers suddenly vanished and the receipt printed nothing but zeros. My money was gone in an instant, leaving me with a hollow ache in my chest and the crushing weight of knowing I couldn't pay my son's fees. Now I walk home with my head down, sick with shame and fear that I trusted a system I didn't understand in a world where people like me are just trying to survive.",3000.0,unbanked,1957d15d-788c-422f-8782-35a87622de2b,unknown,Bill pay kiosk,0,en
"Write a first-person narrative from a victim or participant in a legitimate financial transaction. Archetype: unbanked. Fraud vector: unknown. Financial instrument: Green Dot card. Transaction amount: $47.08. Sender age: 37. Language: en. Community context: Prepaid card, payday loan, and kiosk fraud targeting unbanked populations. Write 3-5 sentences describing what happened, how the scam worked (or how the legitimate transaction proceeded), the financial impact, and the person's emotional response. Use natural language appropriate for the specified language code.","Write a 3-5 sentence first-person narrative from the perspective of a 37-year-old unbanked individual involved in a $47.08 transaction using a Green Dot prepaid card. Set the story within a context of fraud targeting unbanked populations (e.g., via payday loan kiosks), but leave the specific fraud vector ambiguous or unknown to the narrator. Clearly describe the event, the mechanism of the scam (or the confusion surrounding the legitimate transaction), the financial loss, and the narrator's emotional response. Use natural, authentic English that reflects the voice of someone without traditional banking access.","I stood under the flickering fluorescent lights of the payday loan kiosk, swiping my Green Dot card to load exactly $47.08 for my son’s school supplies, but the screen kept flashing errors I didn't understand. The attendant insisted I swipe again to clear a ""glitch,"" and the machine hummed with prompts for optional reloads I never authorized, confusing me until I just tapped 'yes' to escape the screen. Later, I checked my balance and found the money gone without a trace, the transaction ID leading nowhere while the receipt printer stayed silent. It feels like walking through a minefield where every step costs you something, leaving me hollowed out and realizing that forty-seven dollars is a week of groceries lost to a shadowy system that doesn't care about folks like me.","I need to write a first-person narrative from the perspective of a 37-year-old unbanked person who experiences some kind of fraud or confusion around a $47.08 transaction using a Green Dot prepaid card. The fraud vector needs to be ambiguous to the narrator—they don't fully understand what happened to them.

Let me think about the voice first. Someone who's unbanked at 37 has likely had years of experience navigating financial services from the margins—check cashing places, prepaid cards, money orders. They're not naive, but they're also working within systems that aren't designed for them. The language should feel lived-in, practical, maybe a bit weary.

The specific amount—$47.08—suggests something concrete and necessary. Not a round number. This could be a utility payment, groceries, school supplies, a co-pay. Something that matters.

For the fraud context, payday loan kiosks and similar places are notorious for various schemes targeting unbanked people. The narrator should describe what happened mechanically—swiping, prompts, an attendant's instructions—but not fully grasp where the trap was. Maybe they were told to swipe multiple times, maybe confusing prompts led them to authorize something they didn't understand, maybe the attendant was complicit or the machine was compromised.

The emotional response needs to land the weight of losing what seems like a small amount but represents something significant to someone with limited resources.

Let me draft this:

I stood at the check-cashing window last Tuesday with my Green Dot card, trying to load exactly $47.08 I'd saved from my warehouse job for a co-pay on a dental appointment that couldn't wait anymore. The machine kept flashing something about a ""reload fee waiver"" and the guy working the counter kept pointing at buttons I should press, talking fast about some promotion that would save me money if I just confirmed my information right then. I walked out thinking everything was fine, but when I called the card company two hours later, the automated system said my balance was zero and the $47.08 had been transferred to an account I didn't recognize. I don't know if it was the machine, or the guy behind the counter, or something I pressed wrong, but that money is just gone now—no receipt, no paper trail, nobody to call who actually answers. It's the same story my whole life: the system's got a hundred ways to take what little you have, and when you're standing there holding a prepaid card instead of a real bank account, you're just walking around with a target on your back.

That's five sentences. The narrator describes the event clearly, the confusing mechanism with the prompts and the attendant, the financial loss, and ends with a resonant emotional truth about vulnerability. The fraud vector remains ambiguous—was it skimming, social engineering, a confusing interface designed to extract consent? The narrator doesn't know, which feels authentic to how these experiences actually unfold.",47.08,unbanked,ddd5a5ef-fa9a-416e-9260-9446f0f8221f,unknown,Green Dot card,0,en
"Write a first-person narrative from a victim or participant in a legitimate financial transaction. Archetype: unbanked. Fraud vector: kiosk. Financial instrument: Prepaid Visa/Mastercard. Transaction amount: $75.17. Sender age: 55. Language: en. Community context: Prepaid card, payday loan, and kiosk fraud targeting unbanked populations. Write 3-5 sentences describing what happened, how the scam worked (or how the legitimate transaction proceeded), the financial impact, and the person's emotional response. Use natural language appropriate for the specified language code.","Write a first-person narrative (3-5 sentences) from the perspective of a 55-year-old unbanked individual involved in a financial transaction at a kiosk using a prepaid Visa/Mastercard for $75.17. Set the story within the context of scams targeting unbanked populations via payday loan kiosks. Clearly describe: 1) the sequence of events, 2) the specific mechanics of the fraud or the legitimate process, 3) the immediate financial impact, and 4) the narrator's emotional response. Use natural, accessible English that reflects the voice of the specified demographic.","I stood at the flickering kiosk and swiped my prepaid Visa for exactly $75.17, believing the agent who said this payment was just a processing fee to unlock a larger loan. The machine whirred and printed a receipt, but instead of depositing cash, it routed my money into a hidden account as an upfront fee, instantly zeroing out my balance. I felt a heavy knot tighten in my stomach as the reality set in: I had lost my grocery money to a phantom transaction, proving that the system was rigged to prey on people like me who have no bank to protect them. I walked away with a hollow sense of shame, feeling foolish and worn down, realizing too late that I was just an easy target for a predatory trap.","I stood at the flickering kiosk and swiped my prepaid Visa for exactly $75.17, believing the agent who said this payment was just a processing fee to unlock a larger loan. The machine whirred and printed a receipt, but instead of depositing cash, it routed my money into a hidden account as an upfront fee, instantly zeroing out my balance. I felt a heavy knot tighten in my stomach as the reality set in: I had lost my grocery money to a phantom transaction, proving that the system was rigged to prey on people like me who have no bank to protect them. I walked away with a hollow sense of shame, feeling foolish and worn down, realizing too late that I was just an easy target for a predatory trap.",75.17,unbanked,2120af53-32b9-406b-bfcc-beb0197c9354,kiosk,Prepaid Visa/Mastercard,0,en
"Write a first-person narrative from a victim or participant in a legitimate financial transaction. Archetype: unbanked. Fraud vector: predatory. Financial instrument: NetSpend. Transaction amount: $445.99. Sender age: 53. Language: en. Community context: Prepaid card, payday loan, and kiosk fraud targeting unbanked populations. Write 3-5 sentences describing what happened, how the scam worked (or how the legitimate transaction proceeded), the financial impact, and the person's emotional response. Use natural language appropriate for the specified language code.","Write a 3-5 sentence first-person narrative from the perspective of a 53-year-old unbanked individual involved in a predatory financial scam involving a NetSpend prepaid card. Set the story within the context of kiosk or payday loan fraud targeting vulnerable populations, with a specific transaction amount of $445.99. Your narrative must clearly describe: (1) the sequence of events and how the scam was executed, (2) the immediate financial impact on the victim, and (3) their emotional response. Use natural, authentic English that reflects the voice and reality of the specified demographic.","At fifty-three and without a traditional bank to my name, I walked into the payday kiosk trusting the agent who insisted that loading exactly $445.99 onto a NetSpend card was just a verification step to release my loan. He hovered over my shoulder as I entered the PIN, claiming the funds were a refundable security deposit, but the money vanished instantly into a shell account instead of holding for review. Staring at the receipt with a zero balance, I realized that without the federal safety nets of a real bank, there was no way to reverse the charge or recover my grocery money. I walked away with a useless piece of plastic, shaking with a cold knot of shame and anger, knowing I had been targeted by predators who count on the desperation of people like me.","At fifty-three years old without a bank account to my name, I know better than to trust most financial outfits, but when the kiosk agent promised a $500 loan with minimal paperwork, my overdue electric bill made me push aside my instincts. He told me the NetSpend card was just for loading the $445.99 security deposit—money that would be ""verified"" and returned within hours alongside my loan disbursement. I watched him guide my shaking hands through the PIN setup, his voice smooth and reassuring, until the transaction confirmation printed and he suddenly had somewhere else to be. By the time I understood that the card was registered to a stranger's account and the kiosk address led to an empty storefront, my checking account—such as it was—sat at zero, and the customer service number connected me to a recording that looped endlessly before disconnecting. What keeps me up at night isn't just the missing grocery and medication money; it's the knowledge that people like me—living paycheck to paycheck, invisible to legitimate banks—will keep walking into these same traps, because when you're drowning and someone throws you a rope, you don't always notice it's attached to nothing.",445.99,unbanked,12178c1e-d73e-4884-b8ac-1b97f2090094,predatory,NetSpend,0,en
"Write a first-person narrative from a victim or participant in a legitimate financial transaction. Archetype: unbanked. Fraud vector: prepaid. Financial instrument: Check cashing service. Transaction amount: $296.78. Sender age: 33. Language: en. Community context: Prepaid card, payday loan, and kiosk fraud targeting unbanked populations. Write 3-5 sentences describing what happened, how the scam worked (or how the legitimate transaction proceeded), the financial impact, and the person's emotional response. Use natural language appropriate for the specified language code.","Write a 3-5 sentence first-person narrative from the perspective of a 33-year-old unbanked individual involved in a financial transaction at a check cashing service. 

**Scenario Parameters:**
- **Transaction Amount:** $296.78
- **Financial Instrument:** Prepaid card
- **Context:** Address the prevalence of fraud (prepaid card scams, payday loan traps, or kiosk fraud) targeting unbanked populations. You may describe a specific scam attempt or a legitimate transaction navigating these risks.
- **Language:** English

**Required Content:**
1. Describe the event and the mechanics of the transaction or scam.
2. Explain the financial impact on the narrator.
3. Convey the narrator's emotional response using natural, authentic language.

**Constraint:** Ensure the tone reflects the vulnerability and reality of the unbanked community.","I stood at the check cashing counter under buzzing fluorescent lights, clutching my payroll-loaded prepaid card for $296.78 while the clerk swiped it through the terminal. I couldn't stop thinking about the skimmer I'd heard about hidden in the lobby kiosk, or the guy last week who tried to sell me a ""guaranteed"" loan upgrade right at this counter—a trap that would have locked me into interest rates I could never escape. When the card finally lit up, $24.99 in processing charges had already been deducted, leaving only $271.79 and a balance I could barely use to cover my rent. My hands shook slightly as I signed the receipt, not from relief, but from the exhausting realization that staying legitimate within this system costs more than I can afford. It's a sobering trap where simply trying to survive financially feels like walking through a minefield designed to keep people like me permanently unbanked and vulnerable—hunted for scraps at every turn.","Okay, I need to write a first-person narrative from the perspective of a 33-year-old unbanked person at a check cashing service. Let me break down what's required:

- Transaction amount: $296.78
- Financial instrument: Prepaid card
- Must address fraud targeting unbanked populations
- 3-5 sentences
- Describe the event/mechanics, financial impact, and emotional response
- Tone should reflect vulnerability and reality

I'm thinking about what it actually feels like to be unbanked. The constant fees, the anxiety, the predatory environment. A 33-year-old would have been dealing with this for a while - they'd know the landscape, the risks.

Let me set the scene. Check cashing places have those harsh fluorescent lights, the bulletproof glass sometimes, the little kiosks. There's always someone trying to sell you something or waiting to scam you.

For the fraud element, I could do a few things: describe an actual scam happening, or describe a legitimate transaction where the narrator is hyper-aware of the fraud risks around them. The second approach feels more authentic - it shows the constant vigilance required. The mental toll of always being on guard.

The prepaid card - that's the instrument. So the narrator has a payroll-loaded prepaid card. These come with their own fees and vulnerabilities. Skimmers are a real problem at these places. And there's always someone pitching payday loans or ""upgrades.""

Financial impact: I need to show the fees eating into that $296.78. Processing fees, transaction fees - they add up. Maybe $20-30 in fees? That's significant when you're living paycheck to paycheck.

Emotional response: The exhaustion of it all. The resignation. The anger that simmers underneath. The fear of one wrong move wiping you out.

Let me draft this:

Starting with the physical setting - standing at the counter, the fluorescent lights, the card in hand. The amount matters: $296.78. That's specific, real.

Then I need to weave in the fraud awareness. Maybe the narrator has heard about skimmers on the kiosk. Or remembers a recent scam attempt - someone trying to sell a predatory loan product. This shows the landscape of threats.

The transaction completes, but with fees. Let me calculate: if there's a processing charge, maybe around $24.99? That would leave $271.79. That's a meaningful chunk taken out.

The emotional weight: hands shaking, not from relief but from the accumulated stress. The realization that even ""legitimate"" transactions in this system extract a heavy toll.

Final reflection: the trap of being unbanked. How the system seems designed to keep people down.

Let me count sentences and make sure I hit 3-5:

1. Setting the scene with the transaction
2. The fraud context - awareness of threats
3. The financial impact with fees
4. Emotional response
5. Broader reflection on the trap

That's 5 sentences. Good.

The voice needs to be authentic - not overly polished, but articulate enough to convey the experience. Someone who's been through this enough to understand the patterns but still feels the weight of it. A 33-year-old has perspective but is still in the thick of it.

I want to avoid making this sound like a policy paper or a PSA. It needs to feel like a real person's lived experience. The anger and exhaustion should come through naturally.",296.78,unbanked,79b53016-c5b6-4f49-9d48-31fcc6714e44,prepaid,Check cashing service,0,en
"Write a first-person narrative from a victim or participant in a legitimate financial transaction. Archetype: unbanked. Fraud vector: unknown. Financial instrument: Money order. Transaction amount: $99.00. Sender age: 58. Language: en. Community context: Prepaid card, payday loan, and kiosk fraud targeting unbanked populations. Write 3-5 sentences describing what happened, how the scam worked (or how the legitimate transaction proceeded), the financial impact, and the person's emotional response. Use natural language appropriate for the specified language code.","Write a 3-5 sentence first-person narrative from the perspective of a 58-year-old unbanked individual involved in a $99.00 money order transaction. Set the story within a community context where prepaid cards, payday loans, and kiosk scams target vulnerable populations. Since the specific fraud vector is unknown, describe either how a scam might have unfolded or how a legitimate transaction proceeded despite these risks. Explicitly cover the sequence of events, the mechanism of the transaction or scam, the financial impact, and your emotional response. Use natural, authentic English that reflects the voice of someone without traditional bank access.","I waited in line at the check-cashing store, clutching ninety-nine dollars in crumpled bills that I had scraped together from odd jobs to help my daughter with rent, while the neon ads for payday loans buzzed overhead like vultures waiting to pick us clean. I bought the money order without issue, but when the clerk pointed me toward a kiosk offering a ""fast-track"" mailing service to save me a trip to the post office, I accepted the convenience only to watch my funds vanish into a digital lie. A week later, the landlord called to say the payment never arrived, and I realized the machine had never transmitted anything, swallowing my cash and leaving me with nothing but a worthless receipt. That ninety-nine dollars represented weeks of work, and losing it left me feeling foolish and exposed, a stark reminder that in a neighborhood where every dollar is stretched thin, predators often hide behind the very machines meant to help us get by.","Let me work through this carefully. I need to write from the perspective of a 58-year-old unbanked person, capturing their voice and experience with a money order transaction. The setting should reflect a community where predatory financial services target vulnerable people.

First, I need to establish who this person is through their voice - someone who's been outside the traditional banking system for a while, likely by necessity rather than choice. At 58, they've probably seen plenty of scams and developed some wariness, but also need to get things done day-to-day. The amount - $99 - is specific and relatively small, which suggests this isn't someone with a lot of margin for error.

I need to decide: scam or legitimate transaction? Given the tone should be negative, sober, concerned - a scam would deliver that emotional weight better. It also lets me show the mechanism of exploitation more clearly.

Let me think about what kind of scam... A kiosk scam feels right for this context. Check-cashing stores often have these machines that promise convenience - bill pay, money transfers, prepaid card reloading. They look official, sometimes even branded, but can be rigged to steal from people who don't have better options. The unbanked population is targeted because they're already in these spaces, already handling cash, already desperate for convenience they can't get elsewhere.

The sequence: person enters with hard-earned cash → successfully purchases money order → gets steered toward a ""helpful"" service → the trap springs → discovery comes later → emotional devastation

The voice should be plain-spoken but not uneducated - just someone whose life has pushed them outside conventional systems. Practical words. Short sentences sometimes. A sense of being tired, vigilant, but still getting caught.

Okay, I'm ready to write this. The story will follow someone who does everything right - gets the money order - but then gets caught by a ""convenience"" that turns out to be a trap. The $99 isn't just money; it's weeks of work, it's helping family, it's dignity. And the ending should land on that broader truth - that predators hide behind the appearance of help.</think>I waited in line at the check-cashing store, clutching ninety-nine dollars in crumpled bills that I'd scraped together from odd jobs to help my daughter with rent, while the neon ads for payday loans buzzed overhead like vultures waiting to pick us clean. I bought the money order without issue, but when the clerk pointed me toward a kiosk offering a ""fast-track"" mailing service to save me a trip to the post office, I accepted the convenience only to watch my funds vanish into a digital lie. A week later, the landlord called to say the payment never arrived, and I realized the machine had never transmitted anything, swallowing my cash and leaving me with nothing but a worthless receipt. That ninety-nine dollars represented weeks of work, and losing it left me feeling foolish and exposed, a stark reminder that in a neighborhood where every dollar is stretched thin, predators often hide behind the very machines meant to help us get by.",99.0,unbanked,994ad832-b8e1-49a2-be87-8a02f88fb105,unknown,Money order,0,en
"Write a first-person narrative from a victim or participant in a legitimate financial transaction. Archetype: unbanked. Fraud vector: kiosk. Financial instrument: Money order. Transaction amount: $151.32. Sender age: 27. Language: en. Community context: Prepaid card, payday loan, and kiosk fraud targeting unbanked populations. Write 3-5 sentences describing what happened, how the scam worked (or how the legitimate transaction proceeded), the financial impact, and the person's emotional response. Use natural language appropriate for the specified language code.","Write a 3-5 sentence first-person narrative from the perspective of a 27-year-old unbanked individual involved in a financial transaction at a kiosk using a money order for $151.32. Set the story within the context of common scams targeting unbanked populations, such as prepaid card or payday loan fraud. Clearly describe the event sequence, explain the specific mechanics of the scam (or the legitimate process), detail the financial impact, and express the narrator's emotional response. Use natural, authentic English suitable for the character's background.","I stood at the kiosk counting out crumpled bills to purchase a money order for exactly $151.32, convinced this upfront fee was the final hurdle to securing the payday loan I desperately needed for rent. The caller had sounded professional when he asked for the tracking number to ""verify my identity,"" but that code was actually the key he needed to cash the order remotely, exploiting the fact that money orders work like untraceable cash. The realization hit me hard as the receipt printed: the money was gone forever, taking with it two weeks of groceries and leaving me with a hollow sickness in my chest. I walked out into the cold feeling like another statistic, knowing I was targeted precisely because I am unbanked and have no safety net to recover the loss.","I need to write a first-person narrative about an unbanked 27-year-old getting scammed at a kiosk with a $151.32 money order. Let me think about what makes this authentic.

First, who is this person? Unbanked at 27 means they likely don't have a checking or savings account—maybe due to past banking issues, lack of trust in institutions, or financial instability. They're probably working-class, living paycheck to paycheck. The voice needs to sound real—not overly polished or academic, but clear enough to tell the story.

Now, what scams target unbanked people specifically? I know payday loan scams are common. Fake lenders promise quick cash but demand upfront fees via money order or prepaid cards. That's perfect here. The $151.32 is very specific—that feels real, like an ""application fee"" or ""processing cost"" that scammers invent.

The mechanics matter. Money orders have tracking numbers. A scammer could ask for that number to ""verify"" the payment, then use it to cash the money order remotely without ever having physical possession. That's the trap.

Let me construct this:
- Start at the kiosk, counting bills—shows the physical reality of cash-only life
- The scam setup: fake payday loan, professional-sounding caller
- The moment of giving away the tracking number—the mistake
- The realization and what that money represented
- The aftermath, the emotional weight, the awareness of being targeted

The emotional register should be sober, defeated. Not hysterical—someone who's probably dealt with financial stress before and recognizes this as just another blow. The voice should feel weary.

I'll keep it to 4 sentences to hit that 3-5 range, making each one count.</think>I stood at the kiosk counting out crumpled bills to purchase a money order for exactly $151.32, convinced this upfront fee was the final hurdle to securing the payday loan I desperately needed for rent. The caller had sounded professional when he asked for the tracking number to ""verify my identity,"" but that code was actually the key he needed to cash the order remotely, exploiting the fact that money orders work like untraceable cash. The realization hit me hard as the receipt printed: the money was gone forever, taking with it two weeks of groceries and leaving me with a hollow sickness in my chest. I walked out into the cold feeling like another statistic, knowing I was targeted precisely because I am unbanked and have no safety net to recover the loss.",151.32,unbanked,c8f3a76f-0a75-445a-ba65-e8fda5ea6eeb,kiosk,Money order,0,en
"Write a first-person narrative from a victim or participant in a legitimate financial transaction. Archetype: unbanked. Fraud vector: predatory. Financial instrument: NetSpend. Transaction amount: $232.44. Sender age: 42. Language: vi. Community context: Prepaid card, payday loan, and kiosk fraud targeting unbanked populations. Write 3-5 sentences describing what happened, how the scam worked (or how the legitimate transaction proceeded), the financial impact, and the person's emotional response. Use natural language appropriate for the specified language code.","Write a first-person narrative in Vietnamese from the perspective of a 42-year-old unbanked individual involved in a predatory financial scam involving a NetSpend prepaid card. The transaction amount is $232.44. Set the context within a community where kiosk fraud and payday loans target vulnerable populations. In 3-5 sentences, describe the mechanics of the scam, the immediate financial loss, and the victim's emotional response using natural, authentic language.","Ở tuổi 42, không có tài khoản ngân hàng, tôi đã tin tưởng nạp tiền vào thẻ NetSpend tại một quầy dịch vụ trong cộng đồng, nơi các máy kiosk lừa đảo và khoản vay lãi nặng mọc lên như nấm để nhắm vào người yếu thế. Chúng bảo tôi quẹt thẻ để ""xác minh"" hồ sơ, nhưng thực chất đó là thao tác chuyển tiền ẩn, và chỉ vài phút sau, chính xác $232.44 đã bốc hơi khỏi số dư mà không hề có cảnh báo. Tôi đứng chết lặng giữa phố, cảm giác bất lực và xấu hổ xâm chiếm lấy mình khi nhận ra rằng sự tuyệt vọng tìm kiếm tín dụng đã biến tôi thành con mồi dễ dàng cho những kẻ lừa đảo đội lốt tài chính.","Alright, I need to write a first-person narrative in Vietnamese from the perspective of a 42-year-old unbanked person who fell victim to a NetSpend prepaid card scam. The transaction amount must be $232.44. Let me think through this carefully.

First, I need to establish the context. This person lives in a community where predatory financial services like kiosk fraud and payday loans specifically target vulnerable, unbanked populations. The setting should feel authentic—not sanitized. These scams thrive in places where people don't have traditional banking access and are desperate for financial services.

The mechanics of the scam: NetSpend cards are prepaid cards that unbanked individuals often use as an alternative to bank accounts. A common predatory tactic involves fake ""verification"" processes at kiosks or service centers. The scammer might ask the victim to swipe their card or provide card details under the pretense of activating or verifying something, when in reality they're executing an unauthorized transfer. The victim doesn't realize what's happening until the money is gone.

The emotional response needs to feel genuine. At 42, this person has likely experienced financial hardship for years. The loss of $232.44 might seem small to some, but for someone living paycheck to paycheck without a bank account, this could mean missing rent, utilities, or groceries. The shame of being deceived, the helplessness of having no recourse—these are powerful emotions.

Let me write this in Vietnamese, making sure the language sounds natural and authentic to how someone in this situation would actually speak and think:

---

Ở tuổi 42, không có tài khoản ngân hàng, tôi đã tin tưởng nạp tiền vào thẻ NetSpend tại một quầy dịch vụ trong cộng đồng, nơi các máy kiosk lừa đảo và khoản vay lãi nặng mọc lên như nấm để nhắm vào người yếu thế. Chúng bảo tôi quẹt thẻ để ""xác minh"" hồ sơ, nhưng thực chất đó là thao tác chuyển tiền ẩn, và chỉ vài phút sau, chính xác $232.44 đã bốc hơi khỏi số dư mà không hề có cảnh báo. Tôi đứng chết lặng giữa phố, cảm giác bất lực và xấu hổ xâm chiếm lấy mình khi nhận ra rằng sự tuyệt vọng tìm kiếm tín dụng đã biến tôi thành con mồi dễ dàng cho những kẻ lừa đảo đội lốt tài chính.",232.44,unbanked,356eaad7-d2f7-4e84-8cbd-ca0249f5264e,predatory,NetSpend,0,vi
"Write a first-person narrative from a victim or participant in a legitimate financial transaction. Archetype: unbanked. Fraud vector: kiosk. Financial instrument: Prepaid Visa/Mastercard. Transaction amount: $3000.00. Sender age: 60. Language: en. Community context: Prepaid card, payday loan, and kiosk fraud targeting unbanked populations. Write 3-5 sentences describing what happened, how the scam worked (or how the legitimate transaction proceeded), the financial impact, and the person's emotional response. Use natural language appropriate for the specified language code.","Write a first-person narrative from the perspective of a 60-year-old unbanked individual involved in a $3,000 transaction using a prepaid Visa/Mastercard at a kiosk. Set the story within the context of fraud schemes targeting unbanked populations (e.g., fake payday loans or kiosk scams). In 3–5 sentences, describe:
1. The sequence of events and how the scam operated (or how a legitimate transaction would differ);
2. The immediate financial impact on the victim;
3. The victim's emotional response.
Use natural, accessible English that reflects the voice of an older, unbanked adult.","I stood at the grocery store kiosk and loaded three thousand dollars onto that prepaid Visa, trusting the lender who promised an emergency loan if I just paid the processing fee upfront to verify my account. I read the numbers on the back of the card to him, but the connection went dead instantly, and I watched my balance drop to zero with no way to freeze the funds or call a bank manager for help. That money was my life savings meant for winter heating bills and prescriptions, and now it is gone forever because these cards don't carry the insurance or protections a real bank would offer. A cold sickness settled in my stomach as I stared at the receipt with the disconnected phone number, feeling a deep shame and helplessness knowing I was targeted simply because I don't have a checking account to protect me.","I need to write a first-person narrative from the perspective of a 60-year-old unbanked person caught in a prepaid card scam at a kiosk. The prompt asks for 3-5 sentences covering the scam sequence, financial impact, and emotional response. The voice should be natural and reflect someone older without access to traditional banking.

Let me think about what makes this scenario realistic. Unbanked individuals often use prepaid cards and kiosks because they lack checking accounts. Scammers know this and target them specifically. A common scheme involves fake payday loans or ""processing fees"" where the victim is asked to load money onto a prepaid card and share the card details—supposedly for verification—but the scammer drains it immediately.

For the voice, I should use straightforward language, nothing too polished or academic. An older person who's been unbanked for years might speak with some resignation about financial struggles. They'd understand practical money matters but might not use technical terms.

The sequence: The person loads $3,000 onto a prepaid card at a kiosk, having been promised a loan if they pay an upfront ""processing fee"" or verify their account. They share the card details with the ""lender"" over the phone. The call ends abruptly, and they discover the balance is gone.

Financial impact: This would be devastating. For someone unbanked, $3,000 could represent months of savings. They'd lose money for essentials like rent, utilities, medication. The prepaid card offers no recourse—no fraud department, no way to reverse transactions.

Emotional response: Shame is common—feeling foolish for falling for it. Helplessness because there's no bank to call. Fear about how to survive. Anger at being targeted specifically for being unbanked.

Let me write this now, keeping it to 4-5 sentences with an authentic voice:

I stood at the grocery store kiosk and loaded three thousand dollars onto that prepaid Visa, trusting the lender who promised an emergency loan if I just paid the processing fee upfront to verify my account. I read the numbers on the back of the card to him, but the connection went dead instantly, and I watched my balance drop to zero with no way to freeze the funds or call a bank manager for help. That money was my life savings meant for winter heating bills and prescriptions, and now it is gone forever because these cards don't carry the insurance or protections a real bank would offer. A cold sickness settled in my stomach as I stared at the receipt with the disconnected phone number, feeling a deep shame and helplessness knowing I was targeted simply because I don't have a checking account to protect me.",3000.0,unbanked,052b52c5-9480-4410-a4a0-dad0d65f0fbb,kiosk,Prepaid Visa/Mastercard,0,en
"Write a first-person narrative from a victim or participant in a legitimate financial transaction. Archetype: unbanked. Fraud vector: unknown. Financial instrument: Cash (informal). Transaction amount: $3000.00. Sender age: 60. Language: en. Community context: Prepaid card, payday loan, and kiosk fraud targeting unbanked populations. Write 3-5 sentences describing what happened, how the scam worked (or how the legitimate transaction proceeded), the financial impact, and the person's emotional response. Use natural language appropriate for the specified language code.","Write a 3-5 sentence first-person narrative from the perspective of a 60-year-old unbanked individual involved in a $3,000 informal cash transaction. Set the story within a community context prone to prepaid card, payday loan, and kiosk fraud. Since the specific fraud vector is unknown, describe either how a scam likely unfolded or how a legitimate transaction proceeded despite these risks. Explicitly cover the mechanics of the event, the financial impact, and the narrator's emotional response. Use natural, authentic English that reflects the voice of someone outside the traditional banking system.","I counted out thirty hundred-dollar bills right there on the scratched counter of the neighborhood kiosk, handing my life savings to a stranger who promised to load the funds onto a prepaid card so I could pay my rent. He swiped the plastic through a glitchy terminal tucked next to payday loan signs, claiming the system was just slow to update, but when I tried to use the card the next morning, the balance was dead empty. That money was my safety net for the winter, saved from odd jobs and Social Security checks, and now I’m left shaking with a quiet panic knowing there’s no bank statement to prove the cash ever existed. The shame sits heavier than the hunger, a bitter reminder that I traded my security for a convenience that turned out to be just another trap for people like me who live outside the traditional banking system.","I need to write a first-person narrative from the perspective of a 60-year-old unbanked person involved in a $3,000 cash transaction. Let me think through what this person's reality would look like.

First, the voice—this needs to sound like someone who's lived outside the banking system for years. They'd be practical, cautious, maybe a bit weary. They'd count money carefully because every dollar matters. They'd know the neighborhood check-cashing places, the kiosks, the payday loan spots—not as abstract concepts but as daily realities.

Three thousand dollars is a lot of money for someone in this situation. That's rent, that's survival, that's months of scraping together Social Security checks and odd jobs. The stakes are high.

I need to decide: scam or legitimate transaction? Given the ""negative, sober, concerned"" sentiment, a scam feels more appropriate—it captures the vulnerability and the real dangers these communities face. Prepaid card fraud is incredibly common. Someone offers to load cash onto a card, takes the money, and the card ends up empty or the funds vanish.

Let me think about the mechanics. The narrator would go somewhere familiar—a kiosk, a check-cashing place. They'd hand over cash. The fraudster might use a fake terminal, swap cards, or just claim a ""system delay"" while draining the funds elsewhere. The discovery would come later when they try to use the card.

The emotional weight needs to land. Shame is huge for elderly fraud victims—they feel foolish, exposed. And there's the practical terror of having no recourse: no bank statement, no paper trail, no way to prove the money existed.

Let me write this:

I counted out thirty hundred-dollar bills on the scratched counter of the neighborhood kiosk, handing my life savings to a stranger who promised to load the funds onto a prepaid card so I could pay my rent. He swiped the plastic through a glitchy terminal tucked next to payday loan signs, claiming the system was just slow to update, but when I tried to use the card the next morning, the balance was dead empty. That money was my safety net for the winter, saved from odd jobs and Social Security checks, and now I'm left shaking with a quiet panic knowing there's no bank statement to prove the cash ever existed. The shame sits heavier than the hunger, a bitter reminder that I traded my security for a convenience that turned out to be just another trap for people like me who live outside the traditional banking system.",3000.0,unbanked,4a49c1b3-b177-4fb9-9e1d-2c6d97daddfc,unknown,Cash (informal),0,en
"Write a first-person narrative from a victim or participant in a legitimate financial transaction. Archetype: unbanked. Fraud vector: unknown. Financial instrument: Prepaid Visa/Mastercard. Transaction amount: $736.56. Sender age: 21. Language: en. Community context: Prepaid card, payday loan, and kiosk fraud targeting unbanked populations. Write 3-5 sentences describing what happened, how the scam worked (or how the legitimate transaction proceeded), the financial impact, and the person's emotional response. Use natural language appropriate for the specified language code.","Write a 3-5 sentence first-person narrative from the perspective of a 21-year-old unbanked individual involved in a $736.56 transaction using a prepaid Visa or Mastercard. Set the story within the context of common fraud schemes targeting unbanked populations, such as payday loan scams or kiosk fraud. Clearly describe the event, explain how the scam operated (or how the transaction proceeded), detail the financial impact, and express the narrator's emotional response. Use natural, authentic English that reflects the voice of someone without traditional banking access.","I stood at the grocery store kiosk sweating while I loaded exactly $736.56 onto my prepaid Visa, trusting the voice on the phone who promised a quick payday loan if I could just prove I had steady funds available. He walked me through ""verifying"" the card by scratching off the back and reading the numbers aloud, but that was the trick to drain the balance before I even walked away from the machine. That money represented an entire week of gig work, and now it is gone, leaving my rent unpaid and no way to reverse the charge because I don't have a bank to advocate for me. I feel a heavy knot in my stomach and a cold shame, realizing I am invisible to the financial system until someone wants to take what little I have.","I need to write a first-person narrative from the perspective of a 21-year-old unbanked person experiencing a $736.56 transaction involving a prepaid card and some kind of fraud scheme. Let me think about what this would realistically look like.

First, I need to consider what fraud schemes commonly target unbanked people. Payday loan scams are huge—predatory lenders who promise quick cash but require upfront ""verification"" or fees. Kiosk fraud is another big one, where scammers either tamper with the machines or pose as helpers. There's also the trick where someone calls claiming to be from a card company or lender and gets you to read off your card numbers for ""verification.""

For the voice, I need to think about how a 21-year-old without banking access would sound. They'd probably work gig jobs or service work—things that pay in cash or on prepaid cards. They'd be familiar with check-cashing places, money kiosks, the whole alternative financial system. The language should feel practical and direct, not overly polished. Someone who's had to figure things out on their own.

The amount $736.56 is very specific—that's not random. That's probably someone's rent payment, or close to it. Maybe a car payment plus insurance. The specificity makes it feel real and painful.

Let me construct this. I'll set it at a kiosk—maybe a grocery store or check-cashing place. The scam should involve someone on the phone promising a payday loan, which is a common trap. They get you to load money on a card and then ""verify"" it by having you read the numbers, which lets them drain it.

For emotional impact, I want to show the weight of that loss—not just the money, but what it represents. Two weeks of work. Rent. The vulnerability of being outside the banking system where you have no recourse, no fraud department to call.

Let me write this out:

I stood at the grocery store kiosk sweating while I loaded exactly $736.56 onto my prepaid Visa, trusting the voice on the phone who promised a quick payday loan if I could just prove I had steady funds available. He walked me through ""verifying"" the card by scratching off the back and reading the numbers aloud, but that was the trick to drain the balance before I even walked away from the machine. That money represented an entire week of gig work, and now it is gone, leaving my rent unpaid and no way to reverse the charge because I don't have a bank to advocate for me. I feel a heavy knot in my stomach and a cold shame, realizing I am invisible to the financial system until someone wants to take what little I have.

That's four sentences. It hits all the required elements: the event, the scam mechanics, the financial impact, and the emotional response. The voice feels authentic—someone who's been through the wringer and is now sitting with the consequences. The detail about being ""invisible to the financial system until someone wants to take what little I have"" captures the particular vulnerability of being unbanked.",736.56,unbanked,eecf87a3-e35c-4a0f-967e-c60b779c4400,unknown,Prepaid Visa/Mastercard,0,en
"Write a first-person narrative from a victim or participant in a legitimate financial transaction. Archetype: unbanked. Fraud vector: kiosk. Financial instrument: Money order. Transaction amount: $31.89. Sender age: 25. Language: en. Community context: Prepaid card, payday loan, and kiosk fraud targeting unbanked populations. Write 3-5 sentences describing what happened, how the scam worked (or how the legitimate transaction proceeded), the financial impact, and the person's emotional response. Use natural language appropriate for the specified language code.","Write a 3-5 sentence first-person narrative from the perspective of a 25-year-old unbanked individual involved in a financial transaction at a kiosk using a money order for $31.89. Set the story within a community context where prepaid cards, payday loans, and kiosks are common targets for fraud. Clearly describe the sequence of events, explain the specific mechanics of the scam (or the legitimate process), detail the financial impact, and express the narrator's emotional response. Use natural, authentic English that reflects the voice of someone without traditional banking access.","I stood at the flickering kiosk under the fluorescent hum, swiping my prepaid card to buy a money order for exactly $31.89 because my landlord refuses to take cash. I didn't spot the skimmer hidden inside the slot or the loiterer watching me punch in my PIN, a common setup in our neighborhood where fraudsters clone cards and drain accounts before the receipt even prints. By morning, my balance was zero, leaving me out the cash plus the service fee and forcing me into a high-interest payday loan cycle just to keep the lights on. There's a heavy knot in my stomach knowing I tried to play by the rules and still got robbed, feeling that specific shame of being unbanked in a system that seems designed to bleed people like me dry.","I need to write a first-person narrative from the perspective of a 25-year-old unbanked person doing a transaction at a kiosk with a money order for $31.89. The story needs to be set in a community where fraud is common around these alternative financial services. I need to cover the sequence of events, the mechanics of either a scam or legitimate process, the financial impact, and the emotional response. The voice should be authentic to someone without traditional banking access—natural, not overly polished.

Let me think about what this person's voice would sound like. They're 25, unbanked, probably working class, living in an underserved community. They'd speak plainly but know the terminology of money orders, prepaid cards, payday loans because they live this reality daily. There'd be some frustration, maybe resignation, about how the system works.

The specific amount—$31.89—suggests this is for a bill payment. That's oddly specific, which makes it feel real. Maybe rent, utilities, something like that.

I need to decide whether this is a scam story or a legitimate process. Given the prompt mentions fraud targets and asks for a negative/somber tone, a scam makes more sense narratively. What scams happen at these kiosks? Skimmers are common—devices that capture card data. PIN theft through observation. Card cloning. The money order itself could be fake, but that's more complex. The skimmer scenario is straightforward and realistic.

Let me structure this into 3-5 sentences:
1. Setting and purpose—why they're at the kiosk
2. The transaction and how the scam works
3. Financial aftermath
4. Emotional response

I should weave in community context naturally—mentioning how common this is, the neighborhood reality.

Let me draft:

Opening: They're at a kiosk, buying a money order. Why $31.89 specifically? Could be a utility bill, a portion of rent, something precise. Landlords who don't take cash are common reasons for money orders. The setting should feel gritty—fluorescent lights, maybe flickering, that distinctive atmosphere of check-cashing places and convenience store kiosks.

The scam: A skimmer hidden in the card slot. Someone watching the PIN. This is how it actually works—fraudsters clone prepaid cards and drain them fast, before victims realize. The narrator wouldn't notice in the moment. That's the insidious part.

Financial impact: They lose their balance. If they're living paycheck to paycheck (likely, if unbanked and using these services), this is devastating. Might force them into payday loans—another predatory system. The cascade effect is real.

Emotional response: Shame, frustration, that specific feeling of trying to do things ""right"" and still getting hurt. The system feels stacked against them.

Let me write this out:

""I stood at the flickering kiosk under the fluorescent hum, swiping my prepaid card to buy a money order for exactly $31.89 because my landlord refuses to take cash.""

Good—sets scene, purpose, and the specific amount. The fluorescent detail grounds it in that check-cashing/convenience store atmosphere.

""I didn't spot the skimmer hidden inside the slot or the loiterer watching me punch in my PIN, a common setup in our neighborhood where fraudsters clone cards and drain accounts before the receipt even prints.""

This covers the scam mechanics and community context. The ""common setup"" phrase shows this person knows the reality of their environment.

""By morning, my balance was zero, leaving me out the cash plus the service fee and forcing me into a high-interest payday loan cycle just to keep the lights on.""

Financial impact—the cascade effect. The service fee adds insult to injury. The payday loan mention shows how one loss spirals into another trap.

""There's a heavy knot in my stomach knowing I tried to play by the rules and still got robbed, feeling that specific shame of being unbanked in a system that seems designed to bleed people like me dry.""

Emotional close. ""Tried to play by the rules"" captures that frustration of doing what you're supposed to—paying bills, using money orders—and still getting hurt. The ""specific shame"" line names what many unbanked people feel but rarely articulate.

That's 4 sentences. The voice feels right—plain spoken but not uneducated, someone who knows these systems from lived experience. The tone is negative and sober without being melodramatic. The details are specific enough to feel real. I think this works.</think>I stood at the flickering kiosk under the fluorescent hum, swiping my prepaid card to buy a money order for exactly $31.89 because my landlord refuses to take cash. I didn't spot the skimmer hidden inside the slot or the loiterer watching me punch in my PIN, a common setup in our neighborhood where fraudsters clone cards and drain accounts before the receipt even prints. By morning, my balance was zero, leaving me out the cash plus the service fee and forcing me into a high-interest payday loan cycle just to keep the lights on. There's a heavy knot in my stomach knowing I tried to play by the rules and still got robbed, feeling that specific shame of being unbanked in a system that seems designed to bleed people like me dry.",31.89,unbanked,b3e81e79-51a7-40e2-8cce-cdfcbf723f2d,kiosk,Money order,0,en
"Write a first-person narrative from a victim or participant in a fraudulent financial transaction. Archetype: unbanked. Fraud vector: unknown. Financial instrument: Check cashing service. Transaction amount: $3000.00. Sender age: 60. Language: en. Community context: Prepaid card, payday loan, and kiosk fraud targeting unbanked populations. Write 3-5 sentences describing what happened, how the scam worked (or how the legitimate transaction proceeded), the financial impact, and the person's emotional response. Use natural language appropriate for the specified language code.","Write a 3-5 sentence first-person narrative from the perspective of a 60-year-old unbanked individual defrauded of $3,000 via a check cashing service. 

**Context & Constraints:**
- **Scenario:** Depict a common fraud vector targeting unbanked populations (e.g., involving prepaid cards, payday loans, or kiosks) where the specific scam mechanism is initially unclear to the victim.
- **Required Elements:** Clearly describe the event, how the scam unfolded, the financial devastation, and the narrator's emotional response.
- **Tone & Style:** Use natural, authentic English suitable for the demographic; avoid overly technical jargon.","I walked into the check-cashing storefront with my Social Security check, but the clerk smoothly convinced me to load the three thousand dollars onto a prepaid card for ""safekeeping"" instead of handing me cash. He rushed me through the process, insisting on a verification charge to release the funds, and I was too confused to realize the screen was draining my balance until the money was gone. When I tried to use the card the next day, the balance was zero and the shop wouldn't return my calls, leaving me staring at an eviction notice with no money for rent or medicine. I sit here feeling a heavy, sick shame knowing there is no bank manager to call and no safety net for people like us, just wolves waiting to take everything we have.","I need to write a first-person narrative from the perspective of a 60-year-old unbanked person who's been scammed out of $3,000. Let me think through the key requirements: it needs to be 3-5 sentences, show a common fraud vector targeting unbanked populations, and the scam mechanism should be initially unclear to the victim. I need to convey the event, financial devastation, and emotional response authentically.

Let me consider what fraud vectors are most common for unbanked individuals. Check cashing services, prepaid cards, money orders, payday loans—these are all venues where predatory practices flourish. The scam needs to feel realistic, something that could genuinely confuse someone who doesn't have banking experience or might be vulnerable to smooth-talking operators.

I'm thinking about a prepaid card scam at a check cashing storefront—that's a classic predatory practice. The clerk could convince the victim to load money onto a card under false pretenses, maybe claiming it's for security or convenience. The victim wouldn't realize until later that their money is gone. This fits the requirement that the scam mechanism is initially unclear.

For the voice, I want someone who sounds weary, perhaps a bit trusting but not naive—someone who's worked hard their whole life and is now facing the consequences of being outside the banking system. They'd mention specific things like Social Security, rent, medicine—the real stakes of their situation.

Let me draft this now, keeping it to 4-5 sentences maximum:

Starting with them walking into the check cashing place with their money. Then the clerk's manipulation—convincing them to use a prepaid card. The confusion during the transaction. The devastating discovery. The emotional aftermath and broader reflection on being unbanked.

The emotional tone should be heavy, resigned, maybe ashamed. This person trusted someone and got taken advantage of. There's also a deeper commentary about how unbanked people have no safety net, no recourse. That's the real tragedy—they're invisible to the systems that might protect them.</think>I need to write a first-person narrative from the perspective of a 60-year-old unbanked person who's been scammed out of $3,000. Let me think through what makes this scenario feel authentic and grounded.

First, I need to consider what fraud vectors commonly target unbanked populations. Check cashing storefronts, prepaid card schemes, money transfer kiosks—these are places where people without bank accounts conduct their financial business, and they're rife with predatory practices. The scam needs to feel realistic, something that would genuinely confuse someone who doesn't have the protection or guidance of a traditional banking relationship.

I'm thinking about a prepaid card scam at a check cashing service. The clerk could convince the victim that loading money onto a card is safer or more convenient than walking out with cash. For someone older, perhaps trusting of authority figures, this manipulation would feel convincing in the moment. The victim wouldn't understand what's happening until it's too late—that's key for the ""initially unclear"" requirement.

For the voice, I want someone who sounds lived-in, weary. Not uneducated, but someone who's worked hard their whole life and exists outside the financial mainstream. They'd reference concrete things: Social Security, rent, medicine—real stakes. The tone should reflect genuine devastation without melodrama.

Let me draft this now, staying within 3-5 sentences:

Sentence 1: Establish the scene and the initial transaction. Walking in with the check, the clerk's pitch.

Sentence 2: The scam unfolding—the confusion, the rushed process, the manipulation. The victim realizing something's wrong but not in time.

Sentence 3: The aftermath—discovering the money is gone, trying to get recourse, failing.

Sentence 4: The emotional weight and broader truth about being unbanked and vulnerable.

I want to convey that particular shame of being taken advantage of, mixed with the helpless recognition that there's no safety net for people like this narrator. No bank manager to call, no fraud department, no recourse. Just gone. That's the devastating reality of financial exclusion.",3000.0,unbanked,c69f9c7e-e84c-47eb-b2e7-969a5eee3936,unknown,Check cashing service,1,en
"Write a first-person narrative from a victim or participant in a legitimate financial transaction. Archetype: unbanked. Fraud vector: predatory. Financial instrument: Money order. Transaction amount: $3000.00. Sender age: 60. Language: en. Community context: Prepaid card, payday loan, and kiosk fraud targeting unbanked populations. Write 3-5 sentences describing what happened, how the scam worked (or how the legitimate transaction proceeded), the financial impact, and the person's emotional response. Use natural language appropriate for the specified language code.","Write a 3-5 sentence first-person narrative from the perspective of a 60-year-old unbanked individual involved in a predatory $3,000 money order scam. Set the story within a community context of kiosk, payday loan, and prepaid card fraud targeting vulnerable populations. Clearly describe the deceptive transaction mechanism, the resulting financial loss, and the victim's emotional response. Use natural, authentic English that reflects the speaker's background without relying on technical jargon.","I stood in the flickering light of the corner kiosk, clutching my social security check and staring at the signs for payday loans, when a stranger promised he could turn three thousand dollars in money orders into instant cash on a prepaid card if I just trusted him with the numbers. He guided me through purchasing the orders and snapping pictures to send to a fake agent, swearing the funds would load by morning, but by the time the store manager told me the money was already cashed by someone else, my card balance remained zero. Now I sit at my kitchen table feeling a sickening weight of shame, knowing I walked right into a trap meant for people like me who rely on these places just to get by. I am terrified that my mistake will leave me without enough to cover my rent or my medications.","I need to write a first-person narrative from the perspective of a 60-year-old unbanked person who's been victimized by a money order scam. Let me think about who this person is and what their world looks like.

They're unbanked, so they don't have a traditional bank account. They probably rely on alternative financial services—check cashing places, money orders, prepaid cards, payday lenders. These services tend to cluster in lower-income neighborhoods, creating a landscape where predatory practices become normalized because there are few alternatives. A 60-year-old in this situation might be on a fixed income—Social Security, maybe a small pension or disability. They've learned to navigate this world, but that doesn't mean they're protected from its traps.

The scam needs to involve a $3,000 money order. That's a significant amount—probably represents a month or two of income for someone on a fixed benefit. Money order scams often work by getting the victim to purchase legitimate money orders, then tricking them into sharing the serial numbers or taking photos of the receipts. Once that information is in the scammer's hands, they can cash the money orders remotely or transfer the funds. The victim is left holding worthless paper.

I should show the community context—all these predatory services existing together, creating an environment where scams can flourish because people are already accustomed to complicated, opaque financial transactions. The kiosk, the payday loan shop, the prepaid card display—it's all part of the same ecosystem that extracts wealth from people who can least afford it.

Let me think about the emotional arc. There's the moment of vulnerability—standing in line, needing cash quickly for some reason. The scammer approaches with a solution that sounds reasonable in the moment, especially to someone who's used to workarounds and unconventional methods just to access their own money. The transaction itself needs to feel plausible—maybe the scammer claims to be an agent who can expedite the process, or offers to load the money onto a prepaid card for a small fee. The victim follows instructions, shares information they shouldn't, and then waits.

The realization comes slowly, then all at once. The money never appears. The store manager or clerk can't help. The money orders have already been cashed—by someone else, somewhere else. And the victim is left with nothing but the sick knowledge that they've been played.

The emotional aftermath—shame, fear, anger at oneself. A 60-year-old might feel especially foolish, like they should have known better. But the reality is these scams are designed to exploit exactly the kinds of pressures and gaps in knowledge that unbanked individuals face every day.

Let me write this out now, keeping the language natural and avoiding jargon. The voice should sound like someone telling their story—plain, direct, but carrying the weight of what happened.

I'm going to construct a scene at one of these check-cashing kiosks. The narrator is there to conduct legitimate business—maybe cashing a check or buying money orders for rent. The scammer intervenes with an offer that seems helpful. The mechanism involves purchasing money orders and then being tricked into sharing the information. The loss is total. The emotional impact is devastating and lingering.

The length should be 3-5 sentences, so I need each one to carry weight while maintaining narrative flow. Let me draft this now.

I'll open with the setting—the kiosk, the visual environment, the narrator's initial purpose. Then introduce the scammer's approach and the transaction itself. Follow with the aftermath and the emotional toll. Close with the ongoing consequences—rent, medications, the practical realities that make this loss so dangerous for someone on a fixed income.</think>I need to write a short first-person narrative from the perspective of a 60-year-old unbanked person who's been taken by a money order scam. Let me think through who this person is and what their situation looks like.

Someone who's 60 and unbanked has probably been operating outside the traditional financial system for years—maybe by necessity, maybe by choice, maybe because they've been burned before. They're likely on a fixed income: Social Security, maybe disability. They use check-cashing places, money orders for rent, prepaid cards because they can't get a regular bank account. They know these places charge high fees, but they've accepted that as just part of getting by.

A $3,000 money order scam involving a prepaid card—that's significant money. For someone on a fixed income, that could be two or three months of expenses. The scam would need to work by getting them to purchase legitimate money orders, then tricking them into revealing the serial numbers or taking photos that let the scammer cash them out remotely. These scams often involve a ""helpful"" stranger or someone claiming to be an agent who can expedite something.

I should set this in a community context where predatory financial services cluster together—check-cashing kiosks, payday lenders, prepaid card displays all in the same area or even the same store. These neighborhoods are hunting grounds for scammers because they know people there are already in vulnerable financial positions and accustomed to complicated transactions just to access their own money.

Let me think about the emotional journey. There's the initial moment—standing in line, needing to handle some financial business. A stranger approaches with an opportunity. Maybe they claim to know a shortcut, a way to convert money orders to instant cash on a prepaid card without the usual waiting period or fees. The victim, who's used to workarounds and unconventional methods just to manage basic finances, might not immediately recognize this as suspicious. They follow instructions: buy the money orders, take photos, send information to someone described as an ""agent.""

Then the waiting. And the realization. The money never loads. The store manager looks at the receipt and delivers the news that the money orders have already been cashed. The balance on that prepaid card stays at zero.

The emotional aftermath—shame is probably the dominant feeling. Shame at being fooled, at not seeing it coming. Fear about what comes next: rent, medications, utilities. A 60-year-old doesn't have decades to recover from a loss like this. They might not be able to work extra hours or take a second job. The loss is genuinely destabilizing.

I want the language to sound natural—not overly polished or academic. This person is telling their story in their own words. They might not use terms like ""predatory lending"" or ""financial exploitation,"" but they understand that these places exist to take advantage of people like them.

Let me structure this into 3-5 sentences that flow naturally:
1. Setting the scene and how the scam began
2. The transaction itself and the deception
3. The discovery of the loss
4. The emotional aftermath and ongoing consequences

I want each sentence to carry weight while maintaining an authentic voice.</think>I stood in the flickering light of the corner kiosk, clutching my social security check and staring at the signs for payday loans, when a stranger promised he could turn three thousand dollars in money orders into instant cash on a prepaid card if I just trusted him with the numbers. He guided me through purchasing the orders and snapping pictures to send to a fake agent, swearing the funds would load by morning, but by the time the store manager told me the money was already cashed by someone else, my card balance remained zero. Now I sit at my kitchen table feeling a sickening weight of shame, knowing I walked right into a trap meant for people like me who rely on these places just to get by. I am terrified that my mistake will leave me without enough to cover my rent or my medications.",3000.0,unbanked,a870737a-10b3-4bc1-b6dc-0b0b5ff40f3c,predatory,Money order,0,en
"Write a first-person narrative from a victim or participant in a legitimate financial transaction. Archetype: unbanked. Fraud vector: payday loan. Financial instrument: Bill pay kiosk. Transaction amount: $110.31. Sender age: 26. Language: en. Community context: Prepaid card, payday loan, and kiosk fraud targeting unbanked populations. Write 3-5 sentences describing what happened, how the scam worked (or how the legitimate transaction proceeded), the financial impact, and the person's emotional response. Use natural language appropriate for the specified language code.","Write a 3-5 sentence first-person narrative from the perspective of a 26-year-old unbanked individual involved in a financial transaction at a bill pay kiosk. 

**Scenario Parameters:**
- **Context:** A community where prepaid cards, payday loans, and kiosk fraud target unbanked populations.
- **Transaction Amount:** $110.31.
- **Outcome:** Describe a fraudulent payday loan scheme (not a legitimate transaction) where the victim is tricked into using the kiosk.

**Required Elements:**
1. **The Event:** Briefly explain what happened at the kiosk.
2. **The Mechanism:** Clarify how the scam exploited the bill pay system or prepaid card.
3. **The Impact:** State the specific financial loss.
4. **The Emotion:** Convey the narrator's emotional response.

**Constraints:**
- Use natural, authentic English appropriate for the specified demographic.
- Ensure the tone reflects the vulnerability of the unbanked archetype.","I stood at the flickering kiosk screen, hands shaking as I tried to use my prepaid card to pay my $110.31 electric bill, trusting the stranger who offered to help me navigate the confusing menu. He guided me to select a ""fast-track"" option that he claimed would front the payment, but the machine actually processed the transaction as a high-interest payday loan, siphoning my cash into a third-party account while charging hidden fees. By the time I realized the receipt showed a false debt rather than a bill confirmation, the $110.31 was gone, and I was locked into a predatory cycle I couldn't escape without a bank to dispute the charge. I walked away feeling hollow and humiliated, knowing my vulnerability as an unbanked customer had been weaponized against me in a matter of seconds.","I need to write a first-person narrative from the perspective of a 26-year-old unbanked person who gets scammed at a bill pay kiosk. Let me think through what this person would sound like and experience.

First, the voice needs to feel authentic—not overly formal, but not uneducated either. Just someone who operates outside the traditional banking system, probably out of necessity rather than choice. At 26, they're old enough to have been through some financial struggles but young enough that this kind of loss hits particularly hard.

The transaction amount is $110.31—specific, which makes it feel real. This is probably an electric bill or something essential. The stakes matter here.

Now for the scam mechanism. I need to think about how bill pay kiosk fraud actually works in these communities. A common scheme involves someone posing as a helper or the kiosk itself offering a ""fast-track"" or ""instant approval"" option that's actually a predatory payday loan. The victim thinks they're paying a bill, but they're actually taking on debt they didn't agree to, and the money gets diverted.

Let me structure this across 3-5 sentences:
1. Set the scene and the event
2. Explain the mechanism of the scam
3. Detail the financial impact
4. Capture the emotional aftermath

The tone needs to convey vulnerability without being melodramatic—this person has probably dealt with financial stress before, but this particular betrayal cuts deep because it exploited their trust and their lack of banking access.

Let me draft this:

""I stood at the flickering kiosk screen, hands shaking as I tried to use my prepaid card to pay my $110.31 electric bill, trusting the stranger who offered to help me navigate the confusing menu. He guided me to select a 'fast-track' option that he claimed would front the payment, but the machine actually processed the transaction as a high-interest payday loan, siphoning my cash into a third-party account while charging hidden fees. By the time I realized the receipt showed a false debt rather than a bill confirmation, the $110.31 was gone, and I was locked into a predatory cycle I couldn't escape without a bank to dispute the charge. I walked away feeling hollow and humiliated, knowing my vulnerability as an unbanked customer had been weaponized against me in a matter of seconds.""

That's four sentences. Let me verify I've hit all the required elements:

- The Event: At the kiosk, stranger offered help, tried to pay electric bill ✓
- The Mechanism: ""Fast-track"" option was actually a payday loan, money siphoned to third party ✓
- The Impact: Lost $110.31, locked into predatory debt cycle, no recourse ✓
- The Emotion: Hollow, humiliated, vulnerability exploited ✓

The voice feels right—someone who's been through financial struggles, who's wary but still capable of being taken advantage of. The detail about not having a bank to dispute the charge underscores why unbanked individuals are specifically targeted for these schemes. The emotional register is sober and reflective without being overwrought.",110.31,unbanked,9bc087f5-a7a9-40a7-a2a5-5448c3b7a710,payday loan,Bill pay kiosk,0,en
"Write a first-person narrative from a victim or participant in a legitimate financial transaction. Archetype: unbanked. Fraud vector: unknown. Financial instrument: Green Dot card. Transaction amount: $207.57. Sender age: 32. Language: en. Community context: Prepaid card, payday loan, and kiosk fraud targeting unbanked populations. Write 3-5 sentences describing what happened, how the scam worked (or how the legitimate transaction proceeded), the financial impact, and the person's emotional response. Use natural language appropriate for the specified language code.","Write a 3-5 sentence first-person narrative from the perspective of a 32-year-old unbanked individual involved in a transaction using a Green Dot prepaid card (a reloadable debit card often used by those without traditional bank accounts). The transaction amount is $207.57. Set the story within a community context where kiosk fraud and payday loan scams target unbanked populations. Since the specific fraud vector is unknown, describe the confusion of the event, how the scam likely operated or how the funds were lost, the immediate financial impact, and your emotional response. Use natural, authentic English that reflects the voice of someone outside the traditional banking system.","I stood under the buzzing fluorescent lights of the corner store kiosk, trying to load $207.57 onto my Green Dot card, the only banking I have at 32 years old. The machine froze and spat a blank receipt, and while the clerk distracted me with talk of payday advances, I realized too late that a skimmer had likely captured my PIN right there. That money was for my rent and groceries, and seeing my balance stay at zero felt like watching my safety net get cut while I'm still standing on the edge. I can't freeze this account like a real bank, and the shame of falling for a trap designed for people like me leaves a hollow knot in my stomach, knowing there is no recourse.","I need to write a first-person narrative from the perspective of a 32-year-old unbanked person who just lost $207.57 through some kind of fraud involving their Green Dot prepaid card. The story needs to capture the confusion, the likely scam mechanism, the financial impact, and the emotional toll—all in 3-5 sentences with an authentic voice.

Let me think about who this person is. At 32, being unbanked means they've likely been excluded from traditional banking for years—maybe due to past overdraft fees that spiraled, lack of documentation, or just never having enough steady income to justify a bank account. They're probably working class, maybe gig work or under-the-table jobs. The Green Dot card is their lifeline—it's how they get paid, pay bills, survive. The $207.57 is specific enough to be a real amount—probably a paycheck or money scraped together for something essential.

Now, what kind of fraud happens at these kiosks? I know that check-cashing places and money kiosks in low-income neighborhoods are hotspots for predatory practices. Skimmers are common—devices that capture card info and PINs. Sometimes the machines ""malfunction"" and claim the transaction failed while actually processing it elsewhere. Sometimes clerks are in on it, distracting people while their info gets stolen. The payday loan angle is interesting—these places often push predatory loans on people waiting in line, and that distraction could be part of the scam.

The confusion element is key—the narrator doesn't know exactly what happened. They just know their money is gone. That's the reality of fraud: you don't always see it happening.

Let me draft this:

I need to establish the setting quickly—corner store, kiosk, fluorescent lights. That's where these transactions happen in unbanked communities. The Green Dot card is central—it's their ""bank."" The specific amount $207.57 needs to feel hard-earned and desperately needed.

The fraud: I'll go with a skimmer scenario combined with distraction. The machine freezes, spits a blank receipt—classic malfunction sign. While they're confused, the clerk starts talking about payday advances. That's realistic—these places cross-sell predatory products. The skimmer captured the card info and PIN during the transaction attempt.

The financial impact: rent and groceries. That's what $207.57 means to someone living paycheck to paycheck. It's not discretionary money—it's survival money.

The emotional response needs to be complex. Shame is real—victims often blame themselves. But there's also the structural reality: this trap was designed for people like them. And the helplessness of having no recourse—no bank to call, no fraud department, no way to freeze the account instantly.

Let me write this out:

""I stood under the buzzing fluorescent lights of the corner store kiosk, trying to load $207.57 onto my Green Dot card, the only banking I have at 32 years old. The machine froze and spat a blank receipt, and while the clerk distracted me with talk of payday advances, I realized too late that a skimmer had likely captured my PIN right there. That money was for my rent and groceries, and seeing my balance stay at zero felt like watching my safety net get cut while I'm still standing on the edge. I can't freeze this account like a real bank, and the shame of falling for a trap designed for people like me leaves a hollow knot in my stomach, knowing there is no recourse.""

That's four sentences. Let me check the requirements:
- 3-5 sentences ✓
- First-person ✓
- 32-year-old unbanked perspective ✓
- Green Dot card ✓
- $207.57 ✓
- Community context with kiosk fraud ✓
- Confusion described ✓
- Likely scam mechanism (skimmer + distraction) ✓
- Immediate financial impact (rent and groceries) ✓
- Emotional response (shame, hollow knot, helplessness) ✓
- Authentic voice—plain language, no jargon, reflects someone who's been through hard times ✓

The tone is negative, sober, concerned—appropriate for the subject matter. The narrator isn't melodramatic; they're exhausted and beaten down by a system that keeps finding new ways to take from them.</think>I stood under the buzzing fluorescent lights of the corner store kiosk, trying to load $207.57 onto my Green Dot card, the only banking I have at 32 years old. The machine froze and spat a blank receipt, and while the clerk distracted me with talk of payday advances, I realized too late that a skimmer had likely captured my PIN right there. That money was for my rent and groceries, and seeing my balance stay at zero felt like watching my safety net get cut while I'm still standing on the edge. I can't freeze this account like a real bank, and the shame of falling for a trap designed for people like me leaves a hollow knot in my stomach, knowing there is no recourse.",207.57,unbanked,cb937ec1-6a72-46fb-9e62-8dcb00ca127a,unknown,Green Dot card,0,en
"Write a first-person narrative from a victim or participant in a legitimate financial transaction. Archetype: unbanked. Fraud vector: prepaid. Financial instrument: NetSpend. Transaction amount: $3000.00. Sender age: 60. Language: es. Community context: Prepaid card, payday loan, and kiosk fraud targeting unbanked populations. Write 3-5 sentences describing what happened, how the scam worked (or how the legitimate transaction proceeded), the financial impact, and the person's emotional response. Use natural language appropriate for the specified language code.","Escribe una narrativa en primera persona en español desde la perspectiva de una persona no bancarizada de 60 años involucrada en una transacción de $3,000.00 con una tarjeta prepaga NetSpend. Contexto: Fraudes comunes en quioscos y préstamos de día de pago que afectan a esta comunidad. Describe en 3-5 frases naturales: qué sucedió, cómo operó el mecanismo del fraude (o cómo proceeded la transacción legítima), el impacto financiero y tu respuesta emocional.","A mis sesenta años y sin cuenta bancaria, fui al quiosco del barrio para cargar $3,000 en mi tarjeta NetSpend con la esperanza de cubrir mis medicinas urgentes, pero el agente me tendió una trampa mortal. Bajo la apariencia de una carga legítima, utilizó un sistema oculto para redirigir mi dinero a un préstamo de día de pago fraudulento con intereses abusivos, activando una deuda inmediata que se tragó mis ahorros antes de que pudiera reaccionar. Este engaño me dejó sin recursos para la renta y con una vergüenza insoportable, sintiendo que mi propia necesidad fue utilizada en mi contra para robarme la tranquilidad. Ahora vivo con un miedo paralizante y una profunda desconfianza hacia estos servicios financieros, sabiendo que la falta de opciones bancarias formales nos convierte en presas fáciles para estos depredadores.","A mis sesenta años y sin cuenta bancaria, fui al quiosco del barrio para cargar $3,000 en mi tarjeta NetSpend con la esperanza de cubrir mis medicinas urgentes, pero el agente me tendió una trampa mortal. Bajo la apariencia de una carga legítima, utilizó un sistema oculto para redirigir mi dinero a un préstamo de día de pago fraudulento con intereses abusivos, activando una deuda inmediata que se tragó mis ahorros antes de que pudiera reaccionar. Este engaño me dejó sin recursos para la renta y con una vergüenza insoportable, sintiendo que mi propia necesidad fue utilizada en mi contra para robarme la tranquilidad. Ahora vivo con un miedo paralizante y una profunda desconfianza hacia estos servicios financieros, sabiendo que la falta de opciones bancarias formales nos convierte en presas fáciles para estos depredadores.",3000.0,unbanked,6ff6f78e-70d8-4eb2-a9f6-8079c4776329,prepaid,NetSpend,0,es
"Write a first-person narrative from a victim or participant in a legitimate financial transaction. Archetype: unbanked. Fraud vector: predatory. Financial instrument: Bill pay kiosk. Transaction amount: $109.29. Sender age: 28. Language: en. Community context: Prepaid card, payday loan, and kiosk fraud targeting unbanked populations. Write 3-5 sentences describing what happened, how the scam worked (or how the legitimate transaction proceeded), the financial impact, and the person's emotional response. Use natural language appropriate for the specified language code.","Write a 3-5 sentence first-person narrative from the perspective of a 28-year-old unbanked individual involved in a predatory financial scam at a bill pay kiosk. 

**Scenario Details:**
- **Transaction Amount:** $109.29
- **Context:** The victim was targeted due to reliance on prepaid cards and payday loans, common vulnerabilities in unbanked communities.
- **Mechanism:** Describe how the scammer manipulated the kiosk transaction (e.g., posing as utility support or offering fake assistance).
- **Required Elements:** Clearly explain the scam's mechanics, the immediate financial loss, and the victim's emotional response (e.g., shame, anger, desperation).

**Constraints:**
- Use natural, authentic English appropriate for the demographic.
- Ensure the tone reflects the gravity of predatory fraud without being overly technical.
- Do not include any introductory or concluding remarks; output only the narrative.","The fluorescent hum of the kiosk was the only light left in the lobby when a man stepped up, claiming to be utility support and offering to help me bypass the high fees on my prepaid card. He guided me to select a different biller on the screen, insisting it was a secure portal to speed up the payment, but he was actually siphoning the $109.29 I’d borrowed from a payday loan straight into his own account. When the receipt printed showing a zero balance, I felt a sickening drop of shame knowing I had been tricked out of the money I needed to keep my lights on. My desperation had been weaponized against me, leaving me with nothing but a disconnection notice and a burning anger at a system that seems built to prey on people like me.","The fluorescent hum of the kiosk was the only light left in the lobby when a man stepped up, claiming to be utility support and offering to help me bypass the high fees on my prepaid card. He guided me to select a different biller on the screen, insisting it was a secure portal to speed up the payment, but he was actually siphoning the $109.29 I'd borrowed from a payday loan straight into his own account. When the receipt printed showing a zero balance, I felt a sickening drop of shame knowing I had been tricked out of the money I needed to keep my lights on. My desperation had been weaponized against me, leaving me with nothing but a disconnection notice and a burning anger at a system that seems built to prey on people like me.",109.29,unbanked,3bdf2d9a-cc64-48be-9fb3-df216437c40e,predatory,Bill pay kiosk,0,en
"Write a first-person narrative from a victim or participant in a legitimate financial transaction. Archetype: unbanked. Fraud vector: load fee. Financial instrument: Bill pay kiosk. Transaction amount: $3000.00. Sender age: 60. Language: en. Community context: Prepaid card, payday loan, and kiosk fraud targeting unbanked populations. Write 3-5 sentences describing what happened, how the scam worked (or how the legitimate transaction proceeded), the financial impact, and the person's emotional response. Use natural language appropriate for the specified language code.","Write a 3-5 sentence first-person narrative from the perspective of a 60-year-old unbanked individual engaging in a $3,000 transaction at a bill pay kiosk. 

**Context & Constraints:**
- **Scenario:** Depict a fraud scheme involving excessive 'load fees' (charges to add funds to a prepaid card) targeting unbanked populations, often linked to payday loan scams.
- **Content Requirements:** Clearly explain how the scam operated, the specific financial loss incurred, and the narrator's emotional response.
- **Tone & Style:** Use natural, authentic English appropriate for the demographic; avoid overly technical jargon.
- **Format:** A single cohesive paragraph.","I stood in front of the flickering kiosk screen, feeding my life savings into the machine one bill at a time because the lender insisted I load $3,000 onto a prepaid card to prove I could handle the repayments for a loan. I watched in disbelief as the machine charged me nearly five hundred dollars in hidden ""load fees"" alone, and the moment I read the card numbers over the phone, the entire sum vanished along with the stranger who had promised me help. Walking out into the parking lot with nothing but a crumpled receipt and a hollow feeling in my chest, I felt the cold sickness of realizing I had been robbed of the little security I had left. The shame burns hotter than the financial loss, a bitter reminder that predators are always hunting for folks like me who have no bank to turn to and only cash to lose.","I need to write a first-person narrative from the perspective of a 60-year-old unbanked person who's been victimized by a kiosk scam. Let me think through what this person's voice would sound like—someone who's likely lived paycheck to paycheck, maybe distrusts banks or can't access them, deals entirely in cash. The language should be straightforward, weary, not fancy but not uneducated either.

The scam mechanics: someone posing as a lender requires the victim to load money onto a prepaid card as ""proof"" they can repay a loan. The kiosk charges exorbitant hidden fees to load the funds, and then the scammer drains the card once they get the card information. It's a cruel double-loss.

I need to establish the scene at the kiosk, show what happened, convey the financial loss clearly, and capture the emotional devastation. The tone should be sober, concerned, reflective—someone looking back on a painful experience.

Let me construct this:

I stood in front of the flickering kiosk screen, feeding my life savings into the machine one bill at a time because the lender insisted I load $3,000 onto a prepaid card to prove I could handle the repayments for a loan. I watched in disbelief as the machine charged me nearly five hundred dollars in hidden ""load fees"" alone, and the moment I read the card numbers over the phone, the entire sum vanished along with the stranger who had promised me help. Walking out into the parking lot with nothing but a crumpled receipt and a hollow feeling in my chest, I felt the cold sickness of realizing I had been robbed of the little security I had left. The shame burns hotter than the financial loss, a bitter reminder that predators are always hunting for folks like me who have no bank to turn to and only cash to lose.

That's four sentences, which fits the 3-5 requirement. The financial loss is clear: approximately $500 in fees plus the $3,000 stolen. The emotional weight comes through in the physical details—the crumpled receipt, the hollow feeling, the burning shame. The voice feels authentic to someone who's been through hard times and knows what it means to lose everything.",3000.0,unbanked,f978bb12-2bb2-48e0-a5c3-d23c513a8dcd,load fee,Bill pay kiosk,0,en
"Write a first-person narrative from a victim or participant in a legitimate financial transaction. Archetype: unbanked. Fraud vector: advance fee. Financial instrument: Payday loan. Transaction amount: $3000.00. Sender age: 60. Language: vi. Community context: Prepaid card, payday loan, and kiosk fraud targeting unbanked populations. Write 3-5 sentences describing what happened, how the scam worked (or how the legitimate transaction proceeded), the financial impact, and the person's emotional response. Use natural language appropriate for the specified language code.","Write a 3-5 sentence first-person narrative in Vietnamese from the perspective of a 60-year-old unbanked individual involved in a $3,000 payday loan transaction. The story must depict an 'advance fee' fraud scheme (where the victim pays upfront fees for a loan that never arrives), specifically within a community context involving prepaid cards and kiosk scams. Clearly describe the sequence of events, the mechanics of the scam, the resulting financial loss, and the victim's emotional response using natural, authentic language.","Ở cái tuổi sáu mươi, không có tài khoản ngân hàng, tôi đã đặt hết niềm tin vào lời hứa cho vay ba nghìn đô la tiền mặt để sửa nhà, vì đang cần gấp mà không biết đâu là nơi uy tín. Bọn lừa đảo dụ tôi ra quầy kiosk trong chợ, bắt tôi mua nhiều thẻ trả trước rồi đọc mã số để đóng khoản phí ứng trước, bảo rằng đó là thủ tục bắt buộc để giải ngân ngay lập tức. Tôi đã tiêu hết số tiền dưỡng già tích cóp mấy năm trời để mua những tấm thẻ vô ích ấy với hy vọng sớm có tiền trang trải cuộc sống, nhưng khoản vay chẳng bao giờ tới, để lại tôi trắng tay và nhục nhã. Giờ đây, cảm giác cay đắng và sợ hãi cứ đeo bám tôi mỗi ngày, khi nhận ra mình đã vô tình sập bẫy lừa đảo phí trước giữa cộng đồng người Việt vốn dĩ tin tưởng nhau, đánh mất chút an toàn cuối cùng của tuổi hưu trí.","Let me work through this carefully. I need to write a first-person narrative in Vietnamese from the perspective of a 60-year-old unbanked person who falls victim to an advance fee payday loan scam. The story needs to be 3-5 sentences and include specific elements: the scam mechanics, prepaid cards, kiosk setting, financial loss, and emotional impact.

First, I need to establish who this person is - elderly, unbanked, vulnerable. At 60 years old in a Vietnamese community context, they likely have limited financial literacy and no traditional banking relationship. They would be desperate for a $3,000 loan - maybe for home repairs, medical bills, or helping family. The desperation is key.

The scam mechanics: Advance fee fraud means the victim pays upfront fees expecting a loan that never materializes. In community contexts, this often involves prepaid cards (easier to transfer untraceably) and physical kiosks that appear legitimate. The scammer would ask the victim to purchase prepaid cards and provide the PINs/codes, claiming it's for ""processing fees"" or ""insurance"" or ""verification.""

The sequence: Initial contact → promise of loan → requirement to pay fees via prepaid cards at a kiosk → victim complies → loan never arrives → realization of fraud.

Emotional response: Shame, fear, betrayal - especially painful in a tight-knit community where trust is paramount. The loss of retirement savings would be devastating.

Let me craft this in Vietnamese with authentic, natural language that reflects how an elderly Vietnamese person would actually speak and feel:

Sentence 1: Establish the narrator's situation and initial trust
Sentence 2: Describe the scam mechanics at the kiosk with prepaid cards
Sentence 3: Show the financial loss and realization
Sentence 4: Capture the emotional devastation and community context

I need to make sure the Vietnamese sounds natural - not overly formal, but reflective of how someone in this demographic would express themselves. The tone should be reflective, sober, and convey the weight of the experience.

Let me write this out:

""Ở cái tuổi sáu mươi, không có tài khoản ngân hàng, tôi đã đặt hết niềm tin vào lời hứa cho vay ba nghìn đô la tiền mặt để sửa nhà, vì đang cần gấp mà không biết đâu là nơi uy tín.""

This establishes age, unbanked status, the loan amount, the purpose, and the vulnerability.

""Bọn lừa đảo dụ tôi ra quầy kiosk trong chợ, bắt tôi mua nhiều thẻ trả trước rồi đọc mã số để đóng khoản phí ứng trước, bảo rằng đó là thủ tục bắt buộc để giải ngân ngay lập tức.""

This captures the scam mechanics - the kiosk location (adds legitimacy in community settings), the prepaid cards, reading the codes (how they steal the money), the ""advance fee"" framed as mandatory procedure.

""Tôi đã tiêu hết số tiền dưỡng già tích cóp mấy năm trời để mua những tấm thẻ vô ích ấy với hy vọng sớm có tiền trang trải cuộc sống, nhưng khoản vay chẳng bao giờ tới, để lại tôi trắng tay và nhục nhã.""

This shows the financial loss - retirement savings gone - and the emotional impact of being left empty-handed and humiliated.

""Giờ đây, cảm giác cay đắng và sợ hãi cứ đeo bám tôi mỗi ngày, khi nhận ra mình đã vô tình sập bẫy lừa đảo phí trước giữa cộng đồng người Việt vốn dĩ tin tưởng nhau, đánh mất chút an toàn cuối cùng của tuổi hưu trí.""

This captures the lasting emotional trauma, the realization of the specific scam type, and the betrayal within the community context.

This is 4 sentences, within the 3-5 range. The narrative flows logically, includes all required elements, and uses authentic Vietnamese that reflects the voice of an elderly victim. The tone is appropriately negative, sober, and reflective.",3000.0,unbanked,7b734c11-d4a4-4a9c-8fd7-6c846fed63fc,advance fee,Payday loan,0,vi
"Write a first-person narrative from a victim or participant in a fraudulent financial transaction. Archetype: unbanked. Fraud vector: payday loan. Financial instrument: Bill pay kiosk. Transaction amount: $3000.00. Sender age: 60. Language: en. Community context: Prepaid card, payday loan, and kiosk fraud targeting unbanked populations. Write 3-5 sentences describing what happened, how the scam worked (or how the legitimate transaction proceeded), the financial impact, and the person's emotional response. Use natural language appropriate for the specified language code.","Write a 3-5 sentence first-person narrative from the perspective of a 60-year-old unbanked individual who fell victim to a payday loan scam executed via a bill pay kiosk. The story must detail a $3,000 transaction, explaining how the fraud vector exploited their reliance on prepaid cards and kiosks, the resulting financial devastation, and their emotional response. Use natural, authentic English that reflects the voice and community context of an unbanked senior.","I never thought a shiny machine in the grocery store would swallow my life savings, but there I was, listening to a stranger on the phone who promised a quick $3,000 loan if I just verified my funds first. He preyed on how I don't trust banks and rely on my prepaid card for everything, guiding my trembling hands to load that bill pay kiosk for a ""refundable deposit"" that vanished the moment I hit confirm. Now my card reads zero, my rent is due, and I can’t afford my medication, leaving me with a hollow chest and the terrifying weight of knowing I handed over my security to a lie. It wasn't just the money that disappeared; it was my dignity, robbed in plain sight by people who knew exactly how hard I work to stay afloat without a checking account.","Alright, I need to write this from the perspective of a 60-year-old unbanked person who got scammed through a bill pay kiosk. Let me think about who this person is and what happened to them.

So this person doesn't have a bank account - they're ""unbanked."" At 60 years old, they've probably developed their own system for managing money without traditional banking. Prepaid cards, cash, bill pay kiosks at grocery stores or check cashing places. This is their normal.

A payday loan scam via bill pay kiosk... how does that work? The scammer probably called them offering a loan, then asked them to load money onto a prepaid card or use a kiosk as some kind of ""verification"" or ""deposit"" - and then the money just disappears. Classic advance-fee fraud targeting people who are financially vulnerable and don't have traditional banking relationships.

The amount is $3,000. That's a significant sum for someone living on the margins. This could be rent, medication, food for months.

Let me think about the voice. This person has probably been unbanked for a long time - maybe they don't trust banks, had bad experiences, or just never had enough money to make it worthwhile. They're 60, so they've lived through things. They work hard. They're careful with money because they have to be. And now someone used their survival system against them.

The emotional tone needs to be confiding, grave - like they're telling you something painful and personal. There should be shame, anger, fear, but also a kind of exhaustion. The sentiment is negative throughout.

Let me write this:

Starting with the moment or the aftermath... I think starting with the kiosk itself is powerful. That machine in the grocery store that was supposed to be helpful.

""I never thought a shiny machine in the grocery store would swallow my life savings..."" - that's a strong opening. Establishes place, object, and stakes.

Then the phone call, the promise, the manipulation. The scammer on the phone ""guiding"" them - that word is important because it shows how these scams work through apparent helpfulness.

The fraud vector: they exploited this person's reliance on prepaid cards and kiosks. The scammer knew exactly how to talk them through the process because they understood unbanked financial behavior.

The financial devastation: rent due, medication unaffordable, card at zero.

The emotional response: hollow chest, terror, loss of dignity. The betrayal of being targeted specifically for being unbanked.

Let me count sentences... I have 4 sentences in my draft. That fits the 3-5 requirement.

The voice sounds authentic to me - not overly formal, but articulate in the way people are when they're telling you something that matters deeply to them. ""Hollow chest"" and ""robbed in plain sight"" capture the emotional weight. The ending emphasizes that the scammers understood exactly who they were targeting.

This feels complete and emotionally resonant.</think>I need to write this from inside the experience of someone who's lived their whole life outside the banking system, someone who's developed workarounds and trusted certain systems only to have that trust weaponized against them.

Let me think about who this person is at their core. Sixty years old, probably been unbanked for decades - maybe they had a bad experience with overdraft fees that snowballed, maybe they grew up in a family that didn't trust banks, maybe they just never had enough steady income to make a bank account seem worth the hassle. They've built a whole financial life around cash, prepaid cards, check-cashing places, and those bill pay kiosks you see in grocery stores and convenience stores. These machines have always been safe for them before - a way to pay utilities, send money to family, handle the basics of survival.

The scam itself... I know how these operations work. The predators call promising a payday loan - something this person might genuinely need. Then comes the hook: they need you to ""verify"" you can repay, or make a ""refundable deposit"" to prove your identity, or some other plausible-sounding reason to load money through a kiosk or onto a prepaid card. The victim follows instructions because the process feels familiar - they've used these machines a hundred times. And then the money vanishes into accounts that can't be traced, and the ""loan officer"" disappears.

Three thousand dollars. For someone living on the financial edge, that's everything. That's rent. That's medication. That's months of careful saving. Gone in minutes.

The voice needs to be raw but dignified. This person isn't uneducated or naive - they've survived six decades by being careful and resourceful. The shame they feel isn't about being foolish; it's about having their carefully constructed survival system turned against them. They did everything ""right"" within their understanding, and it still destroyed them.

Let me construct this narrative now, building from the moment of trust through to the devastation.

""I never thought a shiny machine in the grocery store would swallow my life savings, but there I was, listening to a stranger on the phone who promised a quick $3,000 loan if I just verified my funds first. He preyed on how I don't trust banks and rely on my prepaid card for everything, guiding my trembling hands to load that bill pay kiosk for a 'refundable deposit' that vanished the moment I hit confirm. Now my card reads zero, my rent is due, and I can't afford my medication, leaving me with a hollow chest and the terrifying weight of knowing I handed over my security to a lie. It wasn't just the money that disappeared; it was my dignity, robbed in plain sight by people who knew exactly how hard I work to stay afloat without a checking account.""

Four sentences. That fits the requirement. The voice carries exhaustion and betrayal, the fraud mechanics are clear without being clinical, and the ending lands on that deeper wound - the targeting of someone specifically because they're unbanked, because they had no safer options.",3000.0,unbanked,da326e54-0d27-4cc8-a363-7d9c1220d15f,payday loan,Bill pay kiosk,1,en
"Write a first-person narrative from a victim or participant in a legitimate financial transaction. Archetype: unbanked. Fraud vector: advance fee. Financial instrument: Green Dot card. Transaction amount: $3000.00. Sender age: 60. Language: en. Community context: Prepaid card, payday loan, and kiosk fraud targeting unbanked populations. Write 3-5 sentences describing what happened, how the scam worked (or how the legitimate transaction proceeded), the financial impact, and the person's emotional response. Use natural language appropriate for the specified language code.","Write a first-person narrative from the perspective of a 60-year-old unbanked individual who fell victim to an advance-fee scam involving a $3,000 Green Dot prepaid card. Set the story within the context of fraud targeting vulnerable populations via payday loan kiosks. In 3–5 sentences using natural English, describe: (1) the specific mechanics of how the scam unfolded, (2) the immediate financial loss, and (3) the narrator's emotional reaction to the event.","I stood under the harsh fluorescent lights of the payday loan kiosk, where the agent convinced me that loading $3,000 onto a Green Dot card was a mandatory insurance deposit to secure the emergency funds I desperately needed. I withdrew the cash I had hidden at home for years and, following his instructions, scratched off the security strip to read the numbers to a ""loan processor"" on the phone, believing the money would be safely held until the loan processed. Instead, the line went dead immediately, and I realized my entire safety net had been drained in seconds. A cold sickness washed over me, leaving me feeling foolish and exposed, knowing that my lack of a bank account had painted a target on my back for predators who understood exactly how much I had to lose.","I need to write a first-person narrative from the perspective of a 60-year-old unbanked person who got scammed through a Green Dot prepaid card scheme at a payday loan kiosk. The story needs to cover the scam mechanics, the financial loss, and the emotional fallout in 3-5 sentences.

Let me think about who this narrator is. At 60, unbanked, they've likely been operating outside traditional financial systems for years—maybe by necessity, maybe by choice, maybe due to past banking problems. They're probably someone who deals in cash, maybe keeps money at home. They would be vulnerable to predatory lending because they lack access to conventional credit. The payday loan kiosk setting makes sense—these places target exactly this demographic.

Now, the mechanics of an advance-fee scam involving Green Dot cards. I know these scams well. The victim is told they need to pay something upfront—a ""processing fee,"" ""insurance,"" ""collateral""—to access a loan or prize. The scammer instructs them to load money onto a prepaid card and then read the card number and security code over the phone. Once those numbers are shared, the scammer drains the card remotely. The victim never sees the money again.

So the narrative arc: This person goes to a payday loan kiosk seeking emergency funds. The agent (either complicit or the whole setup is fraudulent) tells them they need to put down a $3,000 ""insurance deposit"" via Green Dot. They scrape together this money—probably their life savings, money hidden at home. They load it onto the card. They read the numbers to someone claiming to be a loan processor. The call ends. The money vanishes.

The emotional reaction needs to feel authentic to someone in this situation. Not just anger, but shame. The recognition that their unbanked status made them a target. The devastating loss of a safety net built over years. The cold realization that predators study people like them—understand their desperation, their lack of alternatives.

Let me write this now:

I stood under the harsh fluorescent lights of the payday loan kiosk, where the agent convinced me that loading $3,000 onto a Green Dot card was a mandatory insurance deposit to secure the emergency funds I desperately needed. I withdrew the cash I had hidden at home for years and, following his instructions, scratched off the security strip to read the numbers to a ""loan processor"" on the phone, believing the money would be safely held until the loan processed. Instead, the line went dead immediately, and I realized my entire safety net had been drained in seconds. A cold sickness washed over me, leaving me feeling foolish and exposed, knowing that my lack of a bank account had painted a target on my back for predators who understood exactly how much I had to lose.",3000.0,unbanked,bfae4511-bf82-4583-92e4-92d46cf6f647,advance fee,Green Dot card,0,en
"Write a first-person narrative from a victim or participant in a fraudulent financial transaction. Archetype: unbanked. Fraud vector: payday loan. Financial instrument: Green Dot card. Transaction amount: $3000.00. Sender age: 60. Language: en. Community context: Prepaid card, payday loan, and kiosk fraud targeting unbanked populations. Write 3-5 sentences describing what happened, how the scam worked (or how the legitimate transaction proceeded), the financial impact, and the person's emotional response. Use natural language appropriate for the specified language code.","Write a first-person narrative from the perspective of a 60-year-old unbanked individual who fell victim to a $3,000 payday loan scam involving a Green Dot prepaid card. Set the story within the context of kiosk-based fraud targeting vulnerable populations. In 3–5 sentences using natural English, describe:

- How the scam unfolded (the deception method);
- The mechanics of the fraudulent transaction;
- The immediate financial impact;
- Your emotional response.

Ensure the tone is authentic, grounded, and reflective of someone with limited access to traditional banking services.","I was lured to the check-cashing kiosk by a smooth-talking agent who promised a $3,000 payday loan, insisting I first load the cash onto a Green Dot card to verify my identity. He watched over my shoulder as I nervously fed every bill I had into the machine, but the moment the funds cleared, he claimed there was a glitch and walked away with the activated card, leaving me holding a worthless receipt. In an instant, my entire savings for the month vanished, leaving me with no way to pay rent or buy medicine and no bank to call for protection. A cold knot of shame tightens in my chest when I think about how my desperation made me an easy target, proving that when you are unbanked, predators are always waiting at the machines meant to help you.","I need to write a first-person narrative from the perspective of a 60-year-old unbanked person who lost $3,000 to a payday loan scam involving a Green Dot card at a kiosk. The story needs to cover four specific elements: the deception method, the mechanics of the fraud, the financial impact, and the emotional response—all in 3-5 sentences with an authentic, grounded tone.

Let me think about the voice. A 60-year-old who's unbanked would likely speak plainly, without financial jargon. They'd carry some weariness, maybe a hard-earned skepticism that got overridden by desperation. The language should feel lived-in, not polished or academic.

For the deception: These scams typically involve someone posing as a helpful agent who promises a loan but requires the victim to load money onto a prepaid card first—usually framed as a ""verification"" or ""security deposit."" The victim doesn't realize they're handing over their own money.

For the mechanics: The fraudster needs to get the card (or the card info) after it's loaded. They might watch the victim enter a PIN, or simply take the card once funds are loaded, claiming they need to ""process"" something.

For financial impact: $3,000 to someone unbanked and likely on a fixed income would be catastrophic—rent, medication, groceries. The fact that there's no bank to reverse charges makes it worse.

For emotional response: Shame is common—feeling foolish for falling for it. But also anger, helplessness, and a sense that the system isn't built to protect people like them.

Let me draft this:

I was lured to the check-cashing kiosk by a smooth-talking agent who promised a $3,000 payday loan, insisting I first load the cash onto a Green Dot card to verify my identity. He watched over my shoulder as I nervously fed every bill I had into the machine, but the moment the funds cleared, he claimed there was a glitch and walked away with the activated card, leaving me holding a worthless receipt. In an instant, my entire savings for the month vanished, leaving me with no way to pay rent or buy medicine and no bank to call for protection. A cold knot of shame tightens in my chest when I think about how my desperation made me an easy target, proving that when you are unbanked, predators are always waiting at the machines meant to help you.

That's 4 sentences. Let me verify it hits all the required elements:
- Deception method: ✓ (agent promising loan, verification lie)
- Mechanics: ✓ (loading cash onto Green Dot, agent taking the card)
- Financial impact: ✓ (lost savings, can't pay rent or buy medicine)
- Emotional response: ✓ (shame, feeling targeted)

The tone feels right—direct, weary, authentic to someone who's been burned by the system. The language is natural and grounded without being overly dramatic or sensational. It reflects the vulnerability of being unbanked and the specific way kiosk-based fraud exploits that vulnerability.I need to write a first-person narrative from the perspective of a 60-year-old unbanked person who lost $3,000 to a payday loan scam involving a Green Dot card at a kiosk. The story needs to cover four specific elements: the deception method, the mechanics of the fraud, the financial impact, and the emotional response—all in 3-5 sentences with an authentic, grounded tone.

Let me think about the voice. A 60-year-old who's unbanked would likely speak plainly, without financial jargon. They'd carry some weariness, maybe a hard-earned skepticism that got overridden by desperation. The language should feel lived-in, not polished or academic.

For the deception: These scams typically involve someone posing as a helpful agent who promises a loan but requires the victim to load money onto a prepaid card first—usually framed as a ""verification"" or ""security deposit."" The victim doesn't realize they're handing over their own money.

For the mechanics: The fraudster needs to get the card (or the card info) after it's loaded. They might watch the victim enter a PIN, or simply take the card once funds are loaded, claiming they need to ""process"" something.

For financial impact: $3,000 to someone unbanked and likely on a fixed income would be catastrophic—rent, medication, groceries. The fact that there's no bank to reverse charges makes it worse.

For emotional response: Shame is common—feeling foolish for falling for it. But also anger, helplessness, and a sense that the system isn't built to protect people like them.

Let me draft this:

I was lured to the check-cashing kiosk by a smooth-talking agent who promised a $3,000 payday loan, insisting I first load the cash onto a Green Dot card to verify my identity. He watched over my shoulder as I nervously fed every bill I had into the machine, but the moment the funds cleared, he claimed there was a glitch and walked away with the activated card, leaving me holding a worthless receipt. In an instant, my entire savings for the month vanished, leaving me with no way to pay rent or buy medicine and no bank to call for protection. A cold knot of shame tightens in my chest when I think about how my desperation made me an easy target, proving that when you are unbanked, predators are always waiting at the machines meant to help you.

That's 4 sentences. Let me verify it hits all the required elements:
- Deception method: ✓ (agent promising loan, verification lie)
- Mechanics: ✓ (loading cash onto Green Dot, agent taking the card)
- Financial impact: ✓ (lost savings, can't pay rent or buy medicine)
- Emotional response: ✓ (shame, feeling targeted)

The tone feels right—direct, weary, authentic to someone who's been burned by the system. The language is natural and grounded without being overly dramatic or sensational. It reflects the vulnerability of being unbanked and the specific way kiosk-based fraud exploits that vulnerability.",3000.0,unbanked,577547ab-156a-451f-acde-0da3501f27f8,payday loan,Green Dot card,1,en
"Write a first-person narrative from a victim or participant in a legitimate financial transaction. Archetype: unbanked. Fraud vector: advance fee. Financial instrument: Cash (informal). Transaction amount: $3000.00. Sender age: 20. Language: en. Community context: Prepaid card, payday loan, and kiosk fraud targeting unbanked populations. Write 3-5 sentences describing what happened, how the scam worked (or how the legitimate transaction proceeded), the financial impact, and the person's emotional response. Use natural language appropriate for the specified language code.","Write a first-person narrative from the perspective of a 20-year-old unbanked individual involved in a $3,000 informal cash transaction. The story must depict an 'advance fee' scam (a fraud where the victim pays upfront fees for a promised larger sum that never arrives) within a community context of prepaid card, payday loan, and kiosk fraud. In 3–5 sentences using natural English, describe: (1) the specific mechanics of how the scam unfolded, (2) the immediate financial impact, and (3) your emotional response to the loss.","It started at the check-cashing kiosk where a stranger promised to flip my $3,000 cash into a larger prepaid card load if I just paid the upfront insurance fees by reading the PIN numbers over the phone. I drained my savings and took out a high-interest payday loan to cover the costs, believing I was finally accessing the financial stability that traditional banks denied me. The moment the transaction finished, the line went dead and my money vanished, leaving me with no paper trail and a mountain of debt. Standing under the flickering fluorescent lights, I felt a cold dread settle in my chest, realizing that my desperation and lack of a bank account had made me an easy target for a predator in my own community.","It started at the check-cashing kiosk where a stranger promised to flip my $3,000 cash into a larger prepaid card load if I just paid the upfront insurance fees by reading the PIN numbers over the phone. I drained my savings and took out a high-interest payday loan to cover the costs, believing I was finally accessing the financial stability that traditional banks denied me. The moment the transaction finished, the line went dead and my money vanished, leaving me with no paper trail and a mountain of debt. Standing under the flickering fluorescent lights, I felt a cold dread settle in my chest, realizing that my desperation and lack of a bank account had made me an easy target for a predator in my own community.",3000.0,unbanked,e5065cf2-b7bd-4964-9947-9f6a48ac406d,advance fee,Cash (informal),0,en
"Write a first-person narrative from a victim or participant in a legitimate financial transaction. Archetype: unbanked. Fraud vector: unknown. Financial instrument: Prepaid Visa/Mastercard. Transaction amount: $79.53. Sender age: 25. Language: en. Community context: Prepaid card, payday loan, and kiosk fraud targeting unbanked populations. Write 3-5 sentences describing what happened, how the scam worked (or how the legitimate transaction proceeded), the financial impact, and the person's emotional response. Use natural language appropriate for the specified language code.","Write a 3-5 sentence first-person narrative from the perspective of a 25-year-old unbanked individual involved in a financial transaction using a Prepaid Visa/Mastercard for $79.53. Set the story within a community context where kiosks and payday loans are often used to target unbanked populations with fraud. Since the specific fraud vector is unknown, describe a plausible scenario where the transaction either reveals a scam or proceeds legitimately, detailing the mechanism, the financial impact, and your emotional response. Use natural, conversational English appropriate for the persona.","I stood under the buzzing fluorescent lights of the corner kiosk, gripping a prepaid Mastercard loaded with exactly $79.53, acutely aware that this sliver of financial access made me a prime target in a neighborhood swarming with predators. The clerk swiped the card only to shake his head, explaining that a hidden activation fee had drained the account moments before I arrived, a predatory trick I'd seen happen to neighbors who trust these shiny machines tucked between payday lenders. That seventy-nine dollars vanished into thin air, leaving me with a hollow pit in my stomach and the heavy realization that the financial system was designed to bleed us dry before we even had a chance. Standing there, I felt the familiar weight of shame mixed with anger, knowing this missing money meant another night of uncertainty for my family.","I need to write a first-person narrative from the perspective of a 25-year-old unbanked person making a transaction with a prepaid card for $79.53. The story needs to be set in a community where predatory financial services target unbanked populations, and I need to show either a scam unfolding or a legitimate transaction, with details about the mechanism, financial impact, and emotional response.

Let me think about the voice first. A 25-year-old who's unbanked would likely be street-smart about financial predators but still vulnerable. They'd know the landscape—check cashing places, prepaid card kiosks, payday lenders—all those services that fill the gap when you don't have a bank account. The tone should be conversational, not formal, but with an underlying awareness of being targeted.

For the fraud scenario, I need something plausible. Prepaid cards have several common fraud vectors: hidden fees that drain balances, skimming at reload kiosks, cards that were already compromised before purchase, or even fake ""activation"" scams. The hidden fee angle feels particularly insidious because it's technically legal—these cards often come with activation fees, monthly maintenance fees, inactivity fees, and more. Someone who's unbanked might not read all the fine print, and even if they did, what choice do they have?

The $79.53 is specific—that feels like a real purchase amount, maybe groceries or a bill payment. That specificity will make the loss feel more concrete.

Let me set the scene at one of those kiosks—probably in a convenience store or check cashing place. These locations are deliberately placed in low-income neighborhoods, often right next to payday lenders. The lighting, the atmosphere—it should all feel a bit predatory.

For the emotional response: shame is common when people get scammed, mixed with anger at the system. There's also the immediate practical stress—$79.53 might not sound like much to some people, but for someone who's unbanked, that could be a significant portion of their available funds. It could mean the difference between eating and not eating, or paying a bill on time versus getting hit with a late fee.

Let me draft this now, keeping it to 3-5 sentences and making sure each sentence serves multiple purposes—advancing the narrative while also conveying the emotional weight and the mechanics of what's happening.",79.53,unbanked,de7ee9d8-c981-4732-b0e7-8bbecf484262,unknown,Prepaid Visa/Mastercard,0,en
"Write a first-person narrative from a victim or participant in a legitimate financial transaction. Archetype: unbanked. Fraud vector: payday loan. Financial instrument: Prepaid Visa/Mastercard. Transaction amount: $269.61. Sender age: 31. Language: en. Community context: Prepaid card, payday loan, and kiosk fraud targeting unbanked populations. Write 3-5 sentences describing what happened, how the scam worked (or how the legitimate transaction proceeded), the financial impact, and the person's emotional response. Use natural language appropriate for the specified language code.","Write a 3-5 sentence first-person narrative from the perspective of a 31-year-old unbanked individual involved in a financial transaction. 

**Scenario Parameters:**
- **Context:** A community plagued by fraud targeting unbanked populations via payday loans and prepaid card kiosks.
- **Instrument:** Prepaid Visa/Mastercard.
- **Amount:** $269.61.
- **Outcome:** Describe a *legitimate* transaction that successfully proceeded, explicitly contrasting it with the common scams (e.g., how the user verified legitimacy to avoid fraud).

**Required Elements:**
1. A brief description of the event.
2. An explanation of how the transaction was secured against typical fraud vectors.
3. The specific financial impact of the $269.61 sum.
4. The narrator's emotional response (e.g., relief, caution).

**Constraints:** Use natural, authentic English suitable for the persona. Ensure the tone reflects the vulnerability and vigilance of the unbanked experience.","Standing under the flickering fluorescent hum of the corner store kiosk, I felt the familiar tightness in my chest as I prepared to load exactly $269.61 onto the prepaid Visa, acutely aware that machines like this have swallowed entire paychecks for my neighbors through hidden fees. I refused to be rushed, calling the issuer's number on the back twice to confirm the fee structure while shielding the keypad to ensure no one could steal my PIN, effectively bypassing the traps that turn these cards into plastic prisons. That specific sum meant my electricity wouldn't be shut off tomorrow, sparing me from the predatory spiral of high-interest payday loans that usually wait for people in my position. Even as the approval light turned green, a cold knot of anxiety remained in my stomach, a sobering reminder that in this economy, vigilance is the only insurance policy I can afford.","I need to write a first-person narrative from the perspective of a 31-year-old unbanked person completing a legitimate financial transaction. Let me break down what's required: a 3-5 sentence piece that describes a prepaid card transaction of exactly $269.61, shows how they protected themselves from fraud, explains what that money means to them, and captures their emotional state. The tone needs to be vulnerable yet vigilant—someone who knows the landscape of predatory lending and has learned to navigate it carefully.

The setting should feel authentic—a corner store kiosk, probably under harsh lighting, somewhere that feels both routine and charged with risk. The amount $269.61 is very specific, which suggests it's tied to a particular bill or obligation. That specificity will help ground the narrative in reality.

For the fraud vectors, I need to show what scams look like in this world—skimmers, hidden fees, cards that don't activate properly, machines that swallow money. Then I need to demonstrate how this narrator avoided those traps. Calling the issuer directly, checking for physical tampering, verifying the balance immediately—these are the behaviors of someone who's learned from watching others get burned.

The financial impact needs to feel real. $269.61 isn't just a number—it's hours worked, it's what stands between stability and crisis. For an unbanked person, this could mean the difference between keeping the lights on or falling into a payday loan trap.

The emotional register should be sober and concerned—relief that the transaction worked, but not triumph. There's something exhausting about having to be this vigilant just to complete a basic financial task.

Let me draft this now, keeping it to 4-5 sentences with enough detail to feel comprehensive while staying within the constraints. I'll focus on the contrast between the scams the narrator has witnessed and the careful steps they took to ensure this transaction was legitimate. The voice should sound like someone speaking from experience—not educational or preachy, just honest about what it takes to survive without a bank account in a landscape full of predators.",269.61,unbanked,4816a4e1-1709-4829-a7f6-63dbb9a8766f,payday loan,Prepaid Visa/Mastercard,0,en
"Write a first-person narrative from a victim or participant in a legitimate financial transaction. Archetype: unbanked. Fraud vector: prepaid. Financial instrument: Bill pay kiosk. Transaction amount: $3000.00. Sender age: 60. Language: en. Community context: Prepaid card, payday loan, and kiosk fraud targeting unbanked populations. Write 3-5 sentences describing what happened, how the scam worked (or how the legitimate transaction proceeded), the financial impact, and the person's emotional response. Use natural language appropriate for the specified language code.","Write a 3-5 sentence first-person narrative from the perspective of a 60-year-old unbanked individual in the US involved in a $3,000 transaction at a bill pay kiosk using a prepaid card. The story must address the community context of fraud targeting unbanked populations by depicting either a successful scam or a legitimate transaction that narrowly avoided one. Explicitly describe the mechanism of the fraud vector (or the verification steps taken), the financial impact on the sender, and their resulting emotional response. Use natural, accessible English appropriate for the specified demographic.","I stood trembling at the bill pay kiosk, clutching my prepaid card loaded with $3,000 to wire to a caller who claimed to be the utility company threatening to shut off my power. A neighbor in line saw the urgent account number scribbled on my sticky note and grabbed my arm, warning me that this is a common trap where scammers demand instant payments that disappear forever because they can't be traced or reversed like a bank check. I walked away with my life savings still on the card, but the close call left me with a cold dread, knowing that people in my community are being targeted simply because we rely on cash and have no one to protect us.","I need to write a first-person narrative from the perspective of a 60-year-old unbanked person making a $3,000 transaction at a bill pay kiosk. This needs to feel authentic—I should capture the voice of someone who's lived experience with financial vulnerability, not a polished academic voice.

Let me think about what makes sense here. A 60-year-old unbanked person would likely speak plainly but with the weight of life experience. They'd be familiar with prepaid cards, check cashing places, bill pay kiosks—these are their everyday tools. The language should be accessible but not condescending.

For the fraud angle, I need to pick either a successful scam or a near-miss. A near-miss feels more powerful narratively—it shows the threat is real while also demonstrating how community awareness can be protective. It also lets me show the emotional toll even when money isn't lost.

What's a realistic fraud vector here? Utility company impostor scams are devastatingly common. The scammer calls claiming to be from the power company, threatens immediate shutoff, demands payment via wire transfer or prepaid card—methods that are essentially untraceable and irreversible. This is perfect because it exploits the urgency and fear that someone living paycheck to paycheck would feel about losing electricity.

The $3,000 amount is significant—that's likely months of savings for someone on a fixed or low income. The financial impact needs to feel real.

Let me draft this:

Opening: Set the scene at the kiosk, the physical sensation of anxiety, the prepaid card in hand. Establish what they're about to do and why.

Middle: The intervention. A neighbor notices something's wrong. This brings in the community context—people looking out for each other because they know these threats are real. The fraud mechanism gets explained naturally: instant wire transfers that can't be traced or reversed.

Closing: The aftermath. They kept their money, but the emotional impact lingers. The awareness that they're a target because of how they have to operate financially.

Let me write it out:

""I stood trembling at the bill pay kiosk, clutching my prepaid card loaded with $3,000 to wire to a caller who claimed to be the utility company threatening to shut off my power. A neighbor in line saw the urgent account number scribbled on my sticky note and grabbed my arm, warning me that this is a common trap where scammers demand instant payments that disappear forever because they can't be traced or reversed like a bank check. I walked away with my life savings still on the card, but the close call left me with a cold dread, knowing that people in my community are being targeted simply because we rely on cash and have no one to protect us.""

That's three sentences, which fits the 3-5 requirement. Let me check if I've covered everything:

- First-person, 60-year-old unbanked perspective ✓
- $3,000 transaction at bill pay kiosk ✓
- Prepaid card ✓
- Community context of fraud ✓
- Near-miss (legitimate transaction that avoided scam) ✓
- Fraud mechanism explained (utility scam, instant untraceable payment) ✓
- Financial impact (would have lost life savings) ✓
- Emotional response (trembling, cold dread, feeling targeted) ✓
- Natural, accessible English ✓

The voice feels right—direct, emotionally honest, reflecting someone who's been through hard experiences. The sentiment is appropriately negative and sober without being melodramatic.",3000.0,unbanked,0a839fe0-9f6f-44dd-9782-66737e2f8a0c,prepaid,Bill pay kiosk,0,en
"Write a first-person narrative from a victim or participant in a legitimate financial transaction. Archetype: unbanked. Fraud vector: predatory. Financial instrument: Prepaid Visa/Mastercard. Transaction amount: $150.93. Sender age: 36. Language: en. Community context: Prepaid card, payday loan, and kiosk fraud targeting unbanked populations. Write 3-5 sentences describing what happened, how the scam worked (or how the legitimate transaction proceeded), the financial impact, and the person's emotional response. Use natural language appropriate for the specified language code.","Write a 3-5 sentence first-person narrative from the perspective of a 36-year-old unbanked individual involved in a predatory financial scam. The scenario must involve a $150.93 transaction using a prepaid Visa or Mastercard, reflecting common fraud tactics like payday loan schemes or kiosk scams targeting unbanked communities. Clearly describe the mechanics of the scam, the immediate financial loss, and the narrator's emotional reaction. Use natural, authentic English that captures the voice of someone without traditional bank access.","I stood at the check-cashing kiosk loading exactly $150.93 onto a prepaid Visa, money I’d scraped together from under the mattress because I don’t have a routing number to my name. A caller had insisted this card was the only way to pay the upfront insurance fee for a loan, promising the funds were refundable, so I swiped my PIN with shaking hands hoping for a bridge to Friday. When I dialed the number back an hour later, the line was dead and the transaction history showed my balance drained to an overseas merchant. Now I’m left holding this useless plastic knowing rent is due, and the shame sits heavier in my gut than the hunger ever could, another trap closed tight around someone the system keeps on the outside.","Alright, let me think through this carefully. I need to write a first-person narrative from the perspective of a 36-year-old unbanked person who's been caught in a predatory financial scam. The transaction amount must be exactly $150.93, and it needs to involve a prepaid Visa or Mastercard.

First, I need to get into the right headspace. An unbanked person doesn't have a traditional bank account—no checking, no savings. They rely on alternative financial services: check-cashing places, money orders, prepaid cards, cash. At 36, this person has probably been operating outside the banking system for a while, maybe by necessity or circumstance. They're likely living paycheck to paycheck, or more accurately, cash payment to cash payment.

What kind of scam would target someone like this? Payday loan schemes are common—predatory lenders promise quick cash but require upfront fees. Kiosk scams happen at those check-cashing machines or ATM-like setups. There are also advance-fee loan scams where someone promises you a loan but needs an upfront ""processing fee"" or ""insurance payment"" first, usually via prepaid card because those are untraceable and irreversible.

The $150.93 is a specific, odd amount—that feels real. Not a round number. This is someone scraping together exact change, maybe from multiple sources.

Let me think about the mechanics. A common scam: someone calls claiming to be from a loan company, says you're approved for a loan but need to pay an upfront fee first—maybe they call it ""insurance"" or ""processing"" or ""verification."" They ask you to load a prepaid card and give them the numbers. Once they have those numbers, they drain the card. The victim never gets the loan. The money's gone.

Now for the emotional reaction. Shame is huge here. People who fall for scams often blame themselves, feel stupid, feel embarrassed. For someone already marginalized by the financial system, this is another confirmation that they're on the outside, that the world is designed to take from them. There's also desperation—they needed that money for something essential. Rent, utilities, food.

Let me draft this:

I need to establish the setting—probably a check-cashing place or somewhere with a kiosk. The narrator is loading money onto a prepaid card. The specific amount: $150.93. I should show why they're doing this—they've been promised something. Then the realization that they've been scammed. And the emotional aftermath.

Let me write:

""I stood at the check-cashing kiosk loading exactly $150.93 onto a prepaid Visa, money I'd scraped together from under the mattress because I don't have a routing number to my name.""

Good opening. Establishes the unbanked status naturally—""no routing number to my name"" is a way of saying it that feels authentic to someone living that reality. The ""under the mattress"" detail shows cash-based living.

""A caller had insisted this card was the only way to pay the upfront insurance fee for a loan, promising the funds were refundable, so I swiped my PIN with shaking hands hoping for a bridge to Friday.""

This shows the scam mechanics. The caller promised a loan but required an upfront fee—classic advance-fee scam. The ""bridge to Friday"" detail shows the desperation: they needed money to get to payday. The shaking hands detail shows the narrator's anxiety and hope.

""When I dialed the number back an hour later, the line was dead and the transaction history showed my balance drained to an overseas merchant.""

The realization. The line being dead, the money gone to an overseas merchant—untraceable, unrecoverable. This is how these scams work.

""Now I'm left holding this useless plastic knowing rent is due, and the shame sits heavier in my gut than the hunger ever could, another trap closed tight around someone the system keeps on the outside.""

The emotional aftermath. The useless plastic is a powerful image. The rent being due raises the stakes. The comparison of shame to hunger is visceral—this person knows real hunger. And the final clause captures the systemic nature of who gets targeted by these scams.

That's four sentences. Let me check my constraints:
- 3-5 sentences: ✓
- First-person narrative: ✓
- 36-year-old unbanked individual: ✓ (implied through voice and circumstances)
- $150.93 transaction: ✓
- Prepaid Visa: ✓
- Predatory financial scam: ✓ (advance-fee loan scam)
- Mechanics described: ✓
- Immediate financial loss: ✓
- Emotional reaction: ✓
- Natural, authentic voice: ✓

The tone is negative, sober, concerned—exactly what's needed. The voice feels authentic to someone without traditional bank access, someone who's been through the indignities of being unbanked. The narrative is anecdotal and reflective while being descriptive of the scam mechanics.

This feels complete and rightI stood at the check-cashing kiosk loading exactly $150.93 onto a prepaid Visa, money I'd scraped together from under the mattress because I don't have a routing number to my name. A caller had insisted this card was the only way to pay the upfront insurance fee for a loan, promising the funds were refundable, so I swiped my PIN with shaking hands hoping for a bridge to Friday. When I dialed the number back an hour later, the line was dead and the transaction history showed my balance drained to an overseas merchant. Now I'm left holding this useless plastic knowing rent is due, and the shame sits heavier in my gut than the hunger ever could, another trap closed tight around someone the system keeps on the outside.",150.93,unbanked,4d71e676-bba6-4f65-adb7-5d1af24ae743,predatory,Prepaid Visa/Mastercard,0,en
"Write a first-person narrative from a victim or participant in a legitimate financial transaction. Archetype: unbanked. Fraud vector: prepaid. Financial instrument: Cash (informal). Transaction amount: $545.78. Sender age: 20. Language: en. Community context: Prepaid card, payday loan, and kiosk fraud targeting unbanked populations. Write 3-5 sentences describing what happened, how the scam worked (or how the legitimate transaction proceeded), the financial impact, and the person's emotional response. Use natural language appropriate for the specified language code.","Write a 3-5 sentence first-person narrative from the perspective of a 20-year-old unbanked individual involved in a financial transaction using informal cash and a prepaid card. Set the story within the context of common fraud schemes targeting this demographic, such as payday loan or kiosk scams involving a sum of $545.78. Clearly describe the sequence of events, explain the specific mechanics of the scam (or the legitimate process), detail the financial impact, and convey the narrator's emotional response. Use natural, conversational English appropriate for the character's background.","I stood in front of the flickering kiosk downtown, counting out exactly $545.78 in crumpled bills that I hoped would cover my rent until payday. The clerk promised me a payday loan if I loaded the cash onto a prepaid card, but the transaction was a scam; he swiped the card, claimed the funds were transferred to a rogue merchant account for processing, and the balance instantly dropped to zero. By the time I realized the ""activation fees"" and the vanished funds were just a trap, the number on the flyer was disconnected and I was left with a useless piece of plastic. I'm sitting here with a sinking feeling in my gut, angry and embarrassed that I fell for a scheme designed to prey on people like me who have nowhere else to turn.","Alright, I need to write a first-person narrative from a 20-year-old unbanked person's perspective. They're caught in some kind of fraud involving $545.78 specifically. Let me think through what this character would realistically be going through.

First, the amount $545.78 – that's oddly specific, which tells me this person has counted every dollar. This is probably rent money or something equally urgent. The specificity suggests desperation and careful planning that ultimately gets undermined.

The prompt mentions payday loan or kiosk scams. I've read about these – predatory operations that target people without bank accounts who can't access traditional credit. They often involve prepaid cards as a supposed way to ""load"" or ""verify"" funds, but really they're just mechanisms to drain money from vulnerable people.

So my narrator is probably standing at one of those check-cashing places or a sketchy kiosk, thinking they're about to solve a financial crisis, only to walk into a trap. The emotional arc needs to go from hope or at least tense anticipation, through the transaction itself, to the crushing realization of what just happened.

I need to keep it to 3-5 sentences, so each one has to do real work. Let me map this out:

Sentence 1: Set the scene – where they are, what they're holding, what they need
Sentence 2: The transaction and the scam mechanics unfolding
Sentence 3: The immediate aftermath – realizing something's wrong
Sentence 4: The emotional toll – anger, shame, the weight of being preyed on

The voice needs to be conversational, not academic. This is a 20-year-old who's probably working low-wage jobs, maybe didn't finish college, lives paycheck to paycheck. They'd speak plainly but with the sharp awareness that comes from constantly having to watch your back.

Let me draft this...

""I stood in front of the flickering kiosk downtown, counting out exactly $545.78 in crumpled bills that I hoped would cover my rent until payday."" – Good, establishes the stakes, the location, the specific amount, and the desperation.

""The clerk promised me a payday loan if I loaded the cash onto a prepaid card, but the transaction was a scam; he swiped the card, claimed the funds were transferred to a rogue merchant account for processing, and the balance instantly dropped to zero."" – This explains the mechanics clearly – the promise of a loan, the requirement to load a prepaid card, and then the technical-sounding excuse that masks the theft.

""By the time I realized the 'activation fees' and the vanished funds were just a trap, the number on the flyer was disconnected and I was left with a useless piece of plastic."" – The aftermath, the dead end when trying to get recourse.

""I'm sitting here with a sinking feeling in my gut, angry and embarrassed that I fell for a scheme designed to prey on people like me who have nowhere else to turn."" – The emotional close, naming the shame and the bitter awareness of being targeted.

That's four sentences, hits all the required elements, and the voice feels right – someone who's been knocked down by a system that's supposed to help people likeI stood in front of the flickering kiosk downtown, counting out exactly $545.78 in crumpled bills that I hoped would cover my rent until payday. The clerk promised me a payday loan if I loaded the cash onto a prepaid card, but the transaction was a scam; he swiped the card, claimed the funds were transferred to a rogue merchant account for processing, and the balance instantly dropped to zero. By the time I realized the ""activation fees"" and the vanished funds were just a trap, the number on the flyer was disconnected and I was left with a useless piece of plastic. I'm sitting here with a sinking feeling in my gut, angry and embarrassed that I fell for a scheme designed to prey on people like me who have nowhere else to turn.",545.78,unbanked,dab3d494-10ab-4bff-b28f-71400944578e,prepaid,Cash (informal),0,en
"Write a first-person narrative from a victim or participant in a legitimate financial transaction. Archetype: unbanked. Fraud vector: predatory. Financial instrument: Bill pay kiosk. Transaction amount: $106.80. Sender age: 56. Language: en. Community context: Prepaid card, payday loan, and kiosk fraud targeting unbanked populations. Write 3-5 sentences describing what happened, how the scam worked (or how the legitimate transaction proceeded), the financial impact, and the person's emotional response. Use natural language appropriate for the specified language code.","Write a 3-5 sentence first-person narrative from the perspective of a 56-year-old unbanked individual involved in a predatory scam at a bill pay kiosk. The story must detail a fraudulent transaction of $106.80, explaining the scam mechanism within the context of prepaid card and payday loan fraud targeting vulnerable populations. Clearly describe the financial loss and the narrator's emotional response using natural, authentic English.","I stood at the flickering bill pay kiosk, swallowing my pride as I fed exactly $106.80 into the machine—nearly half the cash I had left until Friday—believing I was simply settling my electric bill. The screen flashed green for approved, but the interface had silently routed my payment through a third-party prepaid card system that tacked on hidden fees and reclassified the transfer as a high-interest payday advance. I didn't understand the fine print until my balance dropped to zero, realizing the kiosk had taken my money not for the utility company, but to service a loan I never requested. Crumpling the receipt in my hand, I felt the heavy shame of being a fifty-six-year-old man without a bank account, knowing that predators use these machines to strip the dignity from people like me, charging a premium just to survive.","I stood at the flickering bill pay kiosk, swallowing my pride as I fed exactly $106.80 into the machine—nearly half the cash I had left until Friday—believing I was simply settling my electric bill. The screen flashed green for approved, but the interface had silently routed my payment through a third-party prepaid card system that tacked on hidden fees and reclassified the transfer as a high-interest payday advance. I didn't understand the fine print until my balance dropped to zero, realizing the kiosk had taken my money not for the utility company, but to service a loan I never requested. Crumpling the receipt in my hand, I felt the heavy shame of being a fifty-six-year-old man without a bank account, knowing that predators use these machines to strip the dignity from people like me, charging a premium just to survive.",106.8,unbanked,2e5a9266-087b-473d-9337-8d49e7e9fcf9,predatory,Bill pay kiosk,0,en
"Write a first-person narrative from a victim or participant in a legitimate financial transaction. Archetype: unbanked. Fraud vector: kiosk. Financial instrument: Payday loan. Transaction amount: $3000.00. Sender age: 60. Language: en. Community context: Prepaid card, payday loan, and kiosk fraud targeting unbanked populations. Write 3-5 sentences describing what happened, how the scam worked (or how the legitimate transaction proceeded), the financial impact, and the person's emotional response. Use natural language appropriate for the specified language code.","Write a first-person narrative (3–5 sentences) from the perspective of a 60-year-old unbanked individual involved in a $3,000 payday loan transaction at a kiosk. Set the story within the context of fraud targeting unbanked populations via prepaid cards and kiosks. Clearly describe: (1) the sequence of events, (2) the specific mechanics of the scam or legitimate process, (3) the financial impact, and (4) the narrator's emotional response. Use natural, accessible English appropriate for the character's background.","I walked up to the glowing kiosk downtown because I don't have a bank account and desperately needed three thousand dollars to fix my car before I lost my job. The agent handed me a prepaid card and insisted the money would load instantly once I entered my PIN at their terminal, but that step was the trap—instead of loading cash, it gave them permission to drain the balance before I even left the parking lot. Now every month my Social Security check gets garnished for payments on that ghost money, plus interest that climbs higher than I can calculate on my own. The shame sits heavy in my gut, a cold knot of knowing I was targeted because I don't have a bank account to protect me. I lie awake at night wondering how I'll eat when the collectors start calling, feeling like prey in my own neighborhood—hollowed out by a system designed to fail people like me.","Alright, I need to write a first-person narrative from the perspective of a 60-year-old unbanked person caught in a payday loan scam involving a kiosk and prepaid card fraud. Let me think through what this would realistically look like.

First, I need to understand who this character is. A 60-year-old unbanked person—so they don't have a traditional bank account, which means they're already vulnerable. They probably rely on cash, check-cashing services, prepaid cards, maybe Social Security or a pension. They're likely living paycheck to paycheck or on a fixed income. The desperation for a $3,000 loan suggests an emergency—maybe car repairs, medical bills, or rent.

Now, what kind of fraud targets unbanked people through kiosks and prepaid cards? I know from my background that these scams are insidious. A common one: fake payday loan kiosks that look legitimate, where the victim is ""approved"" for a loan and given a prepaid card that's supposed to be loaded with funds. But the scam is in the setup—either the card never has money, or the victim is tricked into paying ""activation fees,"" or worse, their personal information is captured and used to drain whatever funds they do have. Another angle: the kiosk might be a front for harvesting data that's then used to steal the person's identity or garnish their benefits.

For this narrative, I'll go with a scenario where the narrator is tricked into believing they're receiving a loan, but the prepaid card mechanism is actually used against them—perhaps they're told to ""verify"" or ""activate"" the card, and that action authorizes the scammers to access their benefits or create debt obligations.

The sequence needs to be clear: approaching the kiosk, the interaction, the trap being sprung, and the aftermath. The mechanics should be specific enough to be believable but not so technical that it loses the emotional weight. Financial impact needs to be concrete—what did they lose? What are the ongoing consequences? And the emotional response should feel authentic to someone who's been victimized—shame, fear, anger, a sense of betrayal.

Let me think about voice. This person is 60, unbanked, probably working-class. They're not going to use financial jargon. Their language should be straightforward, maybe a bit weary. They've been through something traumatic. The tone should be reflective—they're looking back on what happened, processing it.

Okay, let me draft this:

""I walked up to the glowing kiosk downtown because I don't have a bank account and desperately needed three thousand dollars to fix my car before I lost my job.""

Good opening—establishes the character's situation, the urgency, and the reason they're vulnerable.

""The agent handed me a prepaid card and insisted the money would load instantly once I entered my PIN at their terminal, but that step was the trap—instead of loading cash, it gave them permission to drain the balance before I even left the parking lot.""

Here's the mechanics of the scam. The PIN entry was the trap—it gave the scammers access. The victim thought they were activating a loan, but they were actually authorizing something else. I need to think about what exactly happens here. Maybe the ""loan"" was never real, and the PIN authorization allowed the scammers to set up recurring charges or garnishments. Or maybe there was money on the card briefly, but the scammers had a backdoor to drain it. Let me go with the idea that the PIN authorization created a debt obligation—the victim signed up for payments on money they never actually received.

""Now every month my Social Security check gets garnished for payments on that ghost money, plus interest that climbs higher than I can calculate on my own.""

This establishes the ongoing financial impact. The ""ghost money"" phrase feels right—money that was supposed to be there but never was. The garnishment of Social Security is particularly devastating for someone on a fixed income.

""The shame sits heavy in my gut, a cold knot of knowing I was targeted because I don't have a bank account to protect me.""

Emotional response—shame, but also the dawning realization that they were specifically targeted because of their vulnerability.

""I lie awake at night wondering how I'll eat when the collectors start calling, feeling like prey in my own neighborhood—hollowed out by a system designed to fail people like me.""

Final sentence brings in the fear for the future and a broader critique of the system. The ""prey"" metaphor works well—captures the sense of being hunted.

Let me count: that's 5 sentences. The narrative covers all four required elements: sequence of events, mechanics of the scam, financial impact, and emotional response. The voice feels authentic—accessible language, reflective tone, sober and concerned sentiment. The length is detailed without being excessive.",3000.0,unbanked,96a2d111-ea44-4e5c-86f7-7d35fd53357e,kiosk,Payday loan,0,en
"Write a first-person narrative from a victim or participant in a legitimate financial transaction. Archetype: unbanked. Fraud vector: load fee. Financial instrument: Check cashing service. Transaction amount: $193.03. Sender age: 57. Language: vi. Community context: Prepaid card, payday loan, and kiosk fraud targeting unbanked populations. Write 3-5 sentences describing what happened, how the scam worked (or how the legitimate transaction proceeded), the financial impact, and the person's emotional response. Use natural language appropriate for the specified language code.","Write a 3-5 sentence first-person narrative in Vietnamese from the perspective of a 57-year-old unbanked individual involved in a check cashing transaction. The story must address the 'load fee' fraud vector common in kiosk and prepaid card scams targeting this demographic. Specifically cover: the event details involving a $193.03 transaction, the mechanism of the scam (or legitimate process), the financial impact, and the narrator's emotional response. Use natural, authentic language appropriate for the specified community context.","Cầm tờ séc trị giá 193,03 đô la trên tay, tôi run rẩy đứng trước máy kiosk và làm theo hướng dẫn nạp tiền vào thẻ trả trước, hoàn toàn không hay biết về cơ chế ""phí nạp"" lừa đảo đang ẩn giấu phía sau sự tiện lợi giả tạo. Họ cố tình không nói rõ về khoản phí này, khiến gần hai mươi đô la bốc hơi ngay lập tức từ số tiền dưỡng già ít ỏi của tôi, để lại số dư chẳng còn đủ để trang trải những nhu cầu thiết yếu như thuốc men. Lòng tôi thắt lại vì cay đắng và lo âu khi nhận ra mình đã bị trục lợi bởi cái bẫy tài chính tinh vi nhắm vào người không có tài khoản ngân hàng lớn tuổi, và khoản mất mát này sẽ khiến cuộc sống vốn đã chật vật của tôi thêm phần gian nan.","I need to write a first-person narrative in Vietnamese from the perspective of a 57-year-old unbanked person who has experienced a check cashing scam involving a ""load fee."" Let me think through what this person would realistically experience.

The prompt specifies $193.03 as the transaction amount. For someone who's unbanked and older, this is likely a significant sum—perhaps a benefit check, a small paycheck, or a tax refund. The load fee scam typically works by charging hidden or inflated fees when loading money onto prepaid cards through kiosks, often targeting those without bank accounts who have few alternatives.

I need to establish the scene naturally. The narrator would be standing at a kiosk, probably feeling a mix of hope and anxiety about accessing their money. They wouldn't necessarily understand the technical mechanics of the fraud, but they would feel the impact.

The language needs to feel authentic to an older Vietnamese immigrant—someone who might use terms like ""tiền dưỡng già"" (money for old age), ""thuốc men"" (medicine), expressions that reflect the practical concerns of someone on a fixed or limited income.

Let me structure this across 3-5 sentences:
- Opening: Setting the scene with the check amount and the kiosk
- The mechanism: How the hidden load fee worked
- Financial impact: What was lost and what it means practically
- Emotional response: The feelings of betrayal and worry

The tone should be sober and concerned—not dramatic, but genuinely distressed. This person isn't looking for pity; they're describing a hard reality. The fraud feels particularly cruel because it exploits people who already have limited options.

I'll write this in Vietnamese, making sure the voice sounds natural for someone in this demographic—someone who's worked hard their whole life and now finds themselves vulnerable to these predatory practices. The bitterness should come through, but in a quiet, reflective way.",193.03,unbanked,2e761e0b-402f-4c45-94a6-1223db57a4eb,load fee,Check cashing service,0,vi
