data_uuid,id,archetype,source,narrative_text,detected_language_hints,fraud_vector_hint,record_timestamp,transaction_amount_usd,fee_amount_usd,sender_age,hour_of_day,day_of_week,day_of_week_name,days_since_last_txn,account_age_days,txn_count_30d,fraud_vector,language,instrument,is_fraud
4582cbd0-594c-4d8a-8214-8aa56b5c181e,synth_b39360fa0ac5,itin,tabddpm_synthetic,,['en'],EIN,2024-08-09T23:43:00+00:00,82149.71,6993.52,22,23,6,Sunday,62,2000,100,EIN,en,Bank account opening,0
f95ba73b-e168-4cde-954b-2951e3f6d9d1,synth_d444d9bb23d5,itin,tabddpm_synthetic,,['en'],EIN,2024-05-08T00:02:00+00:00,100000.0,50000.0,22,0,6,Sunday,0,1,100,EIN,en,Bank account opening,0
38ed11e1-1aaa-4a0d-bef3-6dc15bea7822,synth_75068ea6b11f,itin,tabddpm_synthetic,,['en'],EIN,2024-10-31T03:15:00+00:00,5198.33,0.0,55,3,6,Sunday,0,2000,6,EIN,en,Bank account opening,0
8f16057a-91ea-4370-a7c4-c236fe22ab86,synth_18ef036e055e,itin,tabddpm_synthetic,,['en'],EIN,2024-09-24T23:37:00+00:00,100000.0,50000.0,22,23,6,Sunday,0,1,100,EIN,en,Bank account opening,1
7a3a3ffd-1052-4b63-be6c-76d8ca77cc7b,synth_1f6d29458f14,itin,tabddpm_synthetic,,['en'],EIN,2024-06-23T23:32:00+00:00,100000.0,50000.0,22,23,6,Sunday,0,1,100,EIN,en,Bank account opening,1
bdbba365-27bc-4c54-9773-66eaf0438e3d,synth_871b4f8e17fb,itin,tabddpm_synthetic,,['en'],EIN,2024-04-19T23:24:00+00:00,100000.0,50000.0,22,23,6,Sunday,0,1,100,EIN,en,Bank account opening,0
9f727b03-f0cb-4443-8e92-4ec43d0e2a03,synth_bbf2c66e6bbb,itin,tabddpm_synthetic,,['en'],EIN,2024-04-15T07:25:00+00:00,100.0,0.0,22,7,6,Sunday,36,2000,9,EIN,en,Bank account opening,0
20deb0f7-0c8b-46ea-a602-71cd5b1daac1,synth_99348904d9bc,itin,tabddpm_synthetic,,['es'],EIN,2024-03-20T00:10:00+00:00,100.0,0.0,37,0,6,Sunday,0,1,15,EIN,es,Bank account opening,0
69549a4b-c196-4769-943a-1710248033e9,synth_41826897f7a9,itin,tabddpm_synthetic,,['en'],EIN,2024-10-19T09:16:00+00:00,100.0,190.01,55,9,6,Sunday,90,2000,5,EIN,en,Bank account opening,0
a3b4c401-2232-4cc4-ac0e-43cd9896cc51,synth_d09ff9212e98,itin,tabddpm_synthetic,,['en'],EIN,2024-12-11T23:38:00+00:00,100.0,3857.94,55,23,0,Monday,90,2000,0,EIN,en,Bank account opening,0
99a17cf0-ed06-4025-8ca6-9e63e6ff1c82,synth_d1d5a6befacd,itin,tabddpm_synthetic,,['es'],EIN,2024-10-19T08:12:00+00:00,100.0,278.15,55,8,3,Thursday,59,2000,14,EIN,es,Bank account opening,0
186b7d7d-09cb-4389-930b-cd253a91b144,synth_1ce188007745,itin,tabddpm_synthetic,,['en'],EIN,2024-02-21T04:20:00+00:00,100.0,77.96,22,4,6,Sunday,71,2000,17,EIN,en,Bank account opening,0
d0a8743b-9c0b-4dee-bde6-4f06f3fb3ea5,synth_91ef49d0fde8,itin,tabddpm_synthetic,,['en'],EIN,2024-06-26T23:16:00+00:00,49644.32,0.0,22,23,0,Monday,0,1,100,EIN,en,Bank account opening,0
1b1d7ac2-971e-4b27-aa68-fbfd4c187c22,synth_fbf507607b48,itin,tabddpm_synthetic,,['en'],EIN,2024-05-24T00:09:00+00:00,100.0,0.0,27,0,6,Sunday,0,327,1,EIN,en,Bank account opening,0
e0fbdf66-0f98-4185-aac1-0bb323f47db0,synth_ba6529cbe358,itin,tabddpm_synthetic,,['en'],EIN,2024-07-06T19:46:00+00:00,1022.85,96.91,22,19,5,Saturday,4,2000,3,EIN,en,Bank account opening,0
21c312cc-b45d-4dc7-b0de-17e33dcaa55f,synth_d82e3bb16a93,itin,tabddpm_synthetic,,['en'],EIN,2024-01-20T08:54:00+00:00,100.0,0.0,22,8,6,Sunday,20,2000,5,EIN,en,Bank account opening,0
af6084b6-b5f7-4a7d-b862-89dcd1cd0f4a,synth_ca966d9ff7aa,itin,tabddpm_synthetic,,['en'],EIN,2024-03-10T23:32:00+00:00,100.0,11063.48,55,23,0,Monday,90,2000,0,EIN,en,Bank account opening,0
1e7c19ff-f64d-44e9-8cac-86ef20510e36,synth_8993214583de,itin,tabddpm_synthetic,,['en'],EIN,2024-02-26T00:31:00+00:00,100.0,374.12,55,0,6,Sunday,0,1,19,EIN,en,Bank account opening,0
2ba13177-606c-4bda-aa4c-723ededc9a9b,synth_d8e6927dfc0b,itin,tabddpm_synthetic,,['en'],EIN,2024-07-12T02:04:00+00:00,2693.16,41.38,28,2,3,Thursday,6,1417,5,EIN,en,Credit application,0
45f5fdcd-d54d-4966-8a0f-1117d22c529d,synth_9fb27364df95,itin,tabddpm_synthetic,,['en'],EIN,2024-08-24T13:06:00+00:00,100.0,90.68,22,13,6,Sunday,90,2000,7,EIN,en,Bank account opening,0
7c0a7664-7c5a-41e9-b6c8-597e1952da16,synth_00b887f8f284,itin,tabddpm_synthetic,,['en'],EIN,2024-08-11T23:58:00+00:00,100.0,16638.46,55,23,0,Monday,90,2000,0,EIN,en,Bank account opening,0
7bc64cb1-aac9-4d6f-8f72-5d2a3bf872a7,synth_cf593a43c60c,itin,tabddpm_synthetic,,['en'],EIN,2024-04-13T00:45:00+00:00,100000.0,50000.0,22,0,0,Monday,0,1,100,EIN,en,Bank account opening,0
85a72f02-d5bd-4a9d-af2f-f0a4ac94cb17,synth_f0ac825eb3b5,itin,tabddpm_synthetic,,['en'],EIN,2024-04-28T23:37:00+00:00,100.0,0.0,22,23,6,Sunday,26,2000,2,EIN,en,Bank account opening,0
8c6f717c-3f59-4e76-927b-fab6c52f5c50,synth_a044c7eb0a8a,itin,tabddpm_synthetic,,['en'],EIN,2024-10-06T00:26:00+00:00,4889.3,0.0,22,0,0,Monday,0,1,25,EIN,en,Bank account opening,0
c409d9ce-0f1d-49db-a1ec-a7b4ac28fab0,synth_8e0ca3fa547e,itin,tabddpm_synthetic,,['en'],EIN,2024-09-14T14:29:00+00:00,100.0,504.8,22,14,4,Friday,90,2000,14,EIN,en,Bank account opening,0
0bb4a50d-fc3a-48ae-ba12-a3df8f937421,synth_02534ab41d35,itin,tabddpm_synthetic,,['en'],EIN,2024-01-26T00:29:00+00:00,100000.0,50000.0,22,0,0,Monday,90,1,100,EIN,en,Bank account opening,0
c72386f7-2a30-458b-a49f-e900807dd182,synth_89361880a59d,itin,tabddpm_synthetic,,['en'],EIN,2024-02-02T00:22:00+00:00,100000.0,8210.81,22,0,6,Sunday,0,1,100,EIN,en,Bank account opening,0
99a9fb25-b475-41db-9c36-76232fe80f3e,synth_9b7efd36a67e,itin,tabddpm_synthetic,,['en'],EIN,2024-01-18T00:59:00+00:00,100.0,715.98,35,0,6,Sunday,40,1,0,EIN,en,Bank account opening,0
1d94a409-85db-47e3-ad75-34c9be11af55,synth_8a9fcb873733,itin,tabddpm_synthetic,,['en'],EIN,2024-04-13T23:31:00+00:00,100.0,14557.96,55,23,0,Monday,90,2000,0,EIN,en,Bank account opening,1
f720d6fe-f709-40ad-8242-a5e9fad53235,synth_ed9f96fe7205,itin,tabddpm_synthetic,,['en'],ITIN,2024-03-25T07:59:00+00:00,5398.14,249.2,22,7,2,Wednesday,0,1020,0,ITIN,en,Bank account opening,0
5f3500dc-b669-404d-bb44-020503b58816,synth_5a6caff21745,itin,tabddpm_synthetic,,['en'],EIN,2024-10-22T23:34:00+00:00,100000.0,50000.0,22,23,6,Sunday,0,1,100,EIN,en,Bank account opening,0
f8acbdf6-156d-4d5a-8dc0-5fcd3c5e6995,synth_d8a03134e1c0,itin,tabddpm_synthetic,,['en'],EIN,2024-10-05T12:44:00+00:00,100.0,241.39,22,12,6,Sunday,37,2000,3,EIN,en,Bank account opening,0
baa87335-9021-4bd4-b8a6-d5c097cb454c,synth_8c6a8959f9b6,itin,tabddpm_synthetic,,['en'],EIN,2024-03-12T00:27:00+00:00,91875.38,5126.4,22,0,2,Wednesday,0,1,62,EIN,en,Bank account opening,0
f88237d6-eb3e-4423-897d-065bde1e92bd,synth_7ce42e9ff894,itin,tabddpm_synthetic,,['en'],EIN,2024-01-08T12:35:00+00:00,100.0,120.02,32,12,6,Sunday,61,2000,6,EIN,en,Bank account opening,0
977e2ce0-0b33-4451-a0c6-799b942c363b,synth_eb99222c5aaf,itin,tabddpm_synthetic,,['en'],EIN,2024-02-12T23:45:00+00:00,100000.0,50000.0,22,23,6,Sunday,90,1,100,EIN,en,Bank account opening,0
76e11df0-16a9-473b-8e35-f056286de18e,synth_0436e1021665,itin,tabddpm_synthetic,,['en'],EIN,2024-01-29T13:11:00+00:00,2483.31,41.07,22,13,0,Monday,9,2000,10,EIN,en,Bank account opening,0
939064af-a3a3-4089-972a-d1d7a3591e09,synth_e32be5d6d6bc,itin,tabddpm_synthetic,,['es'],EIN,2024-09-23T00:02:00+00:00,776.25,200.87,33,0,0,Monday,13,1287,9,EIN,es,Bank account opening,0
d8afd411-ba01-47c9-a1ba-74a9c13ecd9c,synth_96147556149c,itin,tabddpm_synthetic,,['es'],EIN,2024-10-01T23:05:00+00:00,886.55,60.63,22,23,0,Monday,2,895,18,EIN,es,Bank account opening,0
ccc12af7-5938-47f5-a21e-bb2f982ee3fa,synth_70df932fc166,itin,tabddpm_synthetic,,['en'],EIN,2024-05-18T00:48:00+00:00,100000.0,44644.38,37,0,6,Sunday,90,1,100,EIN,en,Bank account opening,1
9e18d697-29ae-434a-bda5-f9b59ad75789,synth_6ad65f0d8000,itin,tabddpm_synthetic,,['en'],EIN,2024-02-18T00:03:00+00:00,100.0,0.0,22,0,3,Thursday,1,2000,4,EIN,en,Bank account opening,0
f1f86a85-dcaa-44c6-8416-29f11e65265e,synth_14ac1780ec01,itin,tabddpm_synthetic,,['en'],ITIN,2024-08-28T16:58:00+00:00,100.0,0.0,22,16,5,Saturday,8,2000,14,ITIN,en,Bank account opening,0
ee005dfa-0729-47ca-9ae3-a66164e9a754,synth_27ecfefc6b1a,itin,tabddpm_synthetic,,['en'],EIN,2024-04-17T10:43:00+00:00,12145.33,0.0,22,10,0,Monday,0,1,49,EIN,en,Bank account opening,0
71989689-2768-4344-a50c-a8a0054a5d63,synth_bbab6d50ed9f,itin,tabddpm_synthetic,,['en'],EIN,2024-08-10T00:00:00+00:00,100.0,0.0,22,0,2,Wednesday,0,226,5,EIN,en,Bank account opening,0
155e598b-22cd-49fe-a017-7b28fc40bb37,synth_33f5c3dc1f39,itin,tabddpm_synthetic,,['en'],EIN,2024-06-22T00:31:00+00:00,100000.0,50000.0,22,0,6,Sunday,0,1,100,EIN,en,Bank account opening,0
e957fa7d-0e67-41dd-bf7a-1b2dd722c924,synth_2bcf87e69fa9,itin,tabddpm_synthetic,,['en'],EIN,2024-11-18T23:17:00+00:00,20155.84,0.0,22,23,0,Monday,0,1,64,EIN,en,Bank account opening,0
92065ba6-708e-4273-9f57-9b5b2bdb0f26,synth_ce67400c6931,itin,tabddpm_synthetic,,['en'],EIN,2024-01-22T14:01:00+00:00,100.0,0.0,22,14,6,Sunday,14,2000,5,EIN,en,Bank account opening,0
19499d32-8531-4b82-a848-198aaa858c9d,synth_f779aa05f803,itin,tabddpm_synthetic,,['en'],EIN,2024-09-18T23:35:00+00:00,100000.0,50000.0,22,23,6,Sunday,0,1,100,EIN,en,Bank account opening,1
9a18e3cc-a6d4-4490-b3b6-eb4bb3f6f952,synth_87014ef114f6,itin,tabddpm_synthetic,,['en'],EIN,2024-08-28T18:05:00+00:00,100.0,0.0,22,18,6,Sunday,48,2000,17,EIN,en,Bank account opening,0
a7a84266-5682-4776-92dc-519faf9d0c46,synth_38f2e9d596f9,itin,tabddpm_synthetic,,['en'],EIN,2024-01-12T12:08:00+00:00,100.0,65.46,55,12,6,Sunday,71,1611,5,EIN,en,Bank account opening,0
6fe85ae8-7c46-42f6-b9e0-3250d1ccf731,synth_e322b3c27dce,itin,tabddpm_synthetic,,['en'],EIN,2024-11-21T23:10:00+00:00,100.0,19877.19,55,23,0,Monday,90,2000,0,EIN,en,Bank account opening,0
d6646155-4268-422a-a490-43b62c2505bc,synth_5ffabe649c72,itin,tabddpm_synthetic,,['en'],EIN,2024-07-08T00:47:00+00:00,36809.18,0.0,22,0,0,Monday,0,1,81,EIN,en,Bank account opening,0
50d89af4-52fb-45cd-8188-e55c7a4bcbe8,synth_a33931bbf85e,itin,tabddpm_synthetic,,['en'],EIN,2024-06-29T00:50:00+00:00,100000.0,50000.0,22,0,6,Sunday,0,1,100,EIN,en,Bank account opening,0
e8ce378f-3d9e-4b7d-9fbe-a4be9c113813,synth_da1cc35dee4f,itin,tabddpm_synthetic,,['en'],EIN,2024-02-17T23:19:00+00:00,100000.0,50000.0,22,23,6,Sunday,0,1,100,EIN,en,Bank account opening,1
46ce65c6-bb93-428d-a83a-65486f235351,synth_d99e1af28e07,itin,tabddpm_synthetic,,['en'],EIN,2024-08-31T20:15:00+00:00,9243.0,0.0,27,20,0,Monday,0,1,14,EIN,en,Bank account opening,0
c6dddc11-041c-4caf-ac99-13db5f96ff02,synth_197f3aa32b13,itin,tabddpm_synthetic,,['en'],EIN,2024-04-28T04:46:00+00:00,2778.56,156.72,22,4,0,Monday,0,1529,11,EIN,en,Bank account opening,0
1d99d5b5-ffe9-444b-a4b7-93f86af726dc,synth_d674578fda0e,itin,tabddpm_synthetic,,['en'],EIN,2024-07-16T00:40:00+00:00,100000.0,50000.0,55,0,0,Monday,90,1,100,EIN,en,Bank account opening,0
cb830347-6c26-4133-bd5c-4cb64dfb6796,synth_64ecf2b14f6b,itin,tabddpm_synthetic,,['en'],EIN,2024-03-30T00:30:00+00:00,100000.0,50000.0,22,0,6,Sunday,90,1,100,EIN,en,Bank account opening,0
1c4efc0e-a312-4c43-8967-38ce898e9558,synth_8c1d0c597253,itin,tabddpm_synthetic,,['en'],EIN,2024-06-05T23:37:00+00:00,100000.0,4896.73,22,23,0,Monday,0,1,100,EIN,en,Bank account opening,0
740c61aa-db0f-442e-b871-f17c74381a04,synth_38e673414c30,itin,tabddpm_synthetic,,['en'],EIN,2024-04-21T15:46:00+00:00,100.0,157.93,51,15,5,Saturday,90,2000,7,EIN,en,Bank account opening,0
5f0c8b62-08f3-416b-8e56-42cae3f3195c,synth_351a3dd20ceb,itin,tabddpm_synthetic,,['en'],EIN,2024-10-24T23:01:00+00:00,100.0,0.0,22,23,6,Sunday,23,2000,12,EIN,en,Bank account opening,0
8d7b323e-94a3-426a-8572-a18a615eb674,synth_e33feeb15a27,itin,tabddpm_synthetic,,['en'],EIN,2024-12-03T10:29:00+00:00,873.55,756.66,55,10,0,Monday,90,1,15,EIN,en,Bank account opening,0
d77af85f-71e5-4bc0-b535-35adeb30af67,synth_b205c79ed3e3,itin,tabddpm_synthetic,,['en'],EIN,2024-07-21T00:03:00+00:00,100.0,0.0,22,0,6,Sunday,0,1,0,EIN,en,Bank account opening,0
595cb567-b3fe-4fba-ab7e-7e0a721ab900,synth_ad252c292805,itin,tabddpm_synthetic,,['en'],EIN,2024-12-26T23:30:00+00:00,100000.0,50000.0,22,23,6,Sunday,0,1,100,EIN,en,Bank account opening,1
a3898fd0-74c7-4e97-9bd9-19e885c68f16,synth_471e6d4d2a46,itin,tabddpm_synthetic,,['en'],EIN,2024-10-03T00:20:00+00:00,57365.37,1555.27,22,0,0,Monday,0,1,96,EIN,en,Bank account opening,0
57abfd81-42a8-40d7-8f5b-880c6ec4e52a,synth_08c0a8498e7c,itin,tabddpm_synthetic,,['en'],EIN,2024-06-29T13:28:00+00:00,100.0,0.0,22,13,6,Sunday,90,2000,12,EIN,en,Bank account opening,0
00a7380d-6939-4b34-9223-e9d4729e2217,synth_2e64b095c8e9,itin,tabddpm_synthetic,,['en'],EIN,2024-02-29T03:03:00+00:00,100.0,33.16,22,3,6,Sunday,79,2000,23,EIN,en,Bank account opening,0
b18c1229-3f25-4197-bbd3-96952b4f9aa6,synth_9f5e17fc37d7,itin,tabddpm_synthetic,,['en'],EIN,2024-07-05T10:33:00+00:00,1655.23,868.49,24,10,6,Sunday,37,1131,42,EIN,en,Bank account opening,0
233d87d1-76b3-4fe9-a7ff-55b7d82ff631,synth_570ef0f07960,itin,tabddpm_synthetic,,['en'],EIN,2024-05-31T00:44:00+00:00,100000.0,50000.0,22,0,6,Sunday,0,1,100,EIN,en,Bank account opening,0
8361c299-ffc8-46f2-bfec-6768d4576b7e,synth_53f3d205031d,itin,tabddpm_synthetic,,['en'],EIN,2024-10-08T00:46:00+00:00,100000.0,50000.0,22,0,6,Sunday,0,1,100,EIN,en,Bank account opening,1
c0551232-69a0-4b6c-9506-ae21f1abaef9,synth_17aae4f6fd1d,itin,tabddpm_synthetic,,['en'],EIN,2024-04-10T23:05:00+00:00,100000.0,50000.0,22,23,6,Sunday,0,1,100,EIN,en,Bank account opening,0
86f56f65-b70d-4b81-94bf-bbd87adc3c46,synth_dba04f009867,itin,tabddpm_synthetic,,['en'],EIN,2024-10-20T05:18:00+00:00,100.0,1736.72,55,5,0,Monday,90,1,26,EIN,en,Bank account opening,0
cf890234-0796-4670-bbdc-cb81c2405f9f,synth_a3c329107d86,itin,tabddpm_synthetic,,['en'],EIN,2024-12-11T00:59:00+00:00,100000.0,50000.0,22,0,6,Sunday,0,1,100,EIN,en,Bank account opening,0
87d70e99-ba6e-4d1e-949b-c165796deac7,synth_06f5852b0bac,itin,tabddpm_synthetic,,['en'],EIN,2024-03-11T00:28:00+00:00,100.0,0.0,22,0,2,Wednesday,0,2000,0,EIN,en,Bank account opening,0
e04cedc5-246e-4ecb-a487-be001c824da3,synth_798aa29a51ec,itin,tabddpm_synthetic,,['en'],EIN,2024-06-11T23:05:00+00:00,100000.0,50000.0,22,23,6,Sunday,54,1,100,EIN,en,Bank account opening,0
3e1f0708-8eae-48ce-bc89-bf6c8b49fd0d,synth_0cca52db39e6,itin,tabddpm_synthetic,,['en'],EIN,2024-11-15T23:24:00+00:00,100.0,4447.89,55,23,0,Monday,90,2000,0,EIN,en,Bank account opening,0
40fa9a95-cb4c-48bd-95b9-1ae5c95b4cdf,synth_75ed94329bff,itin,tabddpm_synthetic,,['es'],EIN,2024-12-24T09:48:00+00:00,100.0,160.36,44,9,6,Sunday,89,1399,5,EIN,es,Bank account opening,0
2da94556-96f0-48ec-8bc8-7486502e2825,synth_9cd24fce9b7c,itin,tabddpm_synthetic,,['en'],EIN,2024-05-15T23:46:00+00:00,100.0,0.0,22,23,6,Sunday,27,2000,26,EIN,en,Bank account opening,0
7cf777f1-38fc-49f7-a039-5a68bc4f5c37,synth_03568c99747f,itin,tabddpm_synthetic,,['en'],EIN,2024-02-16T23:42:00+00:00,18638.61,0.0,22,23,0,Monday,0,1,74,EIN,en,Bank account opening,0
32027655-5923-4885-b5b6-79d5833f98b4,synth_98249f7225be,itin,tabddpm_synthetic,,['en'],EIN,2024-10-21T23:35:00+00:00,100000.0,50000.0,22,23,6,Sunday,0,1,100,EIN,en,Bank account opening,1
0cd6d66d-4734-49e4-91d7-7ff5af96de76,synth_85701fb0ac23,itin,tabddpm_synthetic,,['en'],EIN,2024-12-07T12:12:00+00:00,100.0,0.0,22,12,6,Sunday,54,2000,12,EIN,en,Bank account opening,0
e9eeb564-39ca-4812-a1cb-2ab5a27d214b,synth_5bcc4c138591,itin,tabddpm_synthetic,,['en'],EIN,2024-10-12T23:19:00+00:00,100.0,0.0,22,23,6,Sunday,12,2000,11,EIN,en,Bank account opening,0
794b298f-4beb-468a-8baa-4552958861ec,synth_8d244c492b61,itin,tabddpm_synthetic,,['en'],EIN,2024-10-04T23:50:00+00:00,100.0,9793.44,55,23,0,Monday,90,2000,17,EIN,en,Bank account opening,0
eff21405-f505-487b-9102-e86cde7b9547,synth_ea241dc43ea3,itin,tabddpm_synthetic,,['en'],EIN,2024-09-02T20:37:00+00:00,100.0,0.0,22,20,6,Sunday,17,2000,9,EIN,en,Bank account opening,0
595e493b-c485-4d77-b8df-ccf29172bf1b,synth_6f1a91815b5e,itin,tabddpm_synthetic,,['en'],EIN,2024-09-08T23:06:00+00:00,100.0,1158.2,39,23,6,Sunday,90,2000,0,EIN,en,Bank account opening,0
f0165eaf-91ba-4a65-8a26-b0d069bea85e,synth_0472a6f16c57,itin,tabddpm_synthetic,,['en'],EIN,2024-04-27T15:55:00+00:00,100.0,180.01,22,15,6,Sunday,27,2000,8,EIN,en,Bank account opening,0
65374a60-7c76-4934-88a7-d023ea940a67,synth_4d36f3d4f10f,itin,tabddpm_synthetic,,['en'],EIN,2024-05-27T00:13:00+00:00,100000.0,7354.51,22,0,6,Sunday,0,1,100,EIN,en,Bank account opening,0
bfea8fc8-cc4b-4f36-88e9-0eeda32e6767,synth_3771706425ca,itin,tabddpm_synthetic,,['en'],ITIN,2024-09-13T06:50:00+00:00,1897.96,166.97,47,6,6,Sunday,0,1714,11,ITIN,en,Bank account opening,0
12feadf3-5037-4ff8-92c7-8f8f9da995aa,synth_c836c40da864,itin,tabddpm_synthetic,,['en'],EIN,2024-12-05T00:10:00+00:00,100.0,0.0,40,0,6,Sunday,0,1,0,EIN,en,Bank account opening,0
a15e5a14-c1d6-4777-963b-cb1db1d48608,synth_0dee3ad747c3,itin,tabddpm_synthetic,,['en'],EIN,2024-10-15T19:22:00+00:00,100.0,0.0,22,19,6,Sunday,15,2000,5,EIN,en,Bank account opening,0
eaa6296a-0237-4f78-b25c-12100ccbcfc9,synth_63e3cdd37488,itin,tabddpm_synthetic,,['en'],EIN,2024-06-24T00:44:00+00:00,100.0,0.0,55,0,6,Sunday,0,1922,0,EIN,en,Bank account opening,0
8042ddf1-2963-4387-a924-bcf9f2d47e75,synth_1dfa5ed5ac1a,itin,tabddpm_synthetic,,['en'],EIN,2024-02-06T23:14:00+00:00,100.0,13106.56,55,23,0,Monday,90,2000,63,EIN,en,Bank account opening,0
16708adc-4967-4896-92a9-f712847292ab,synth_9e14c499fb52,itin,tabddpm_synthetic,,['en'],EIN,2024-12-30T00:06:00+00:00,100.0,0.0,22,0,6,Sunday,0,1,0,EIN,en,Bank account opening,0
30b35d8f-588c-4486-a7b5-c353e04cbbfd,synth_6c7600929383,itin,tabddpm_synthetic,,['en'],EIN,2024-02-24T00:40:00+00:00,100000.0,50000.0,22,0,6,Sunday,0,1,100,EIN,en,Bank account opening,1
b0c3b455-50d6-4397-a9e8-d65190147458,synth_fb91dabdf707,itin,tabddpm_synthetic,,['en'],EIN,2024-04-26T05:45:00+00:00,22734.1,11440.64,55,5,0,Monday,90,1,100,EIN,en,Bank account opening,0
bb2a8e7c-24d1-4303-9f66-0103fc950521,synth_27aa3a982676,itin,tabddpm_synthetic,,['en'],EIN,2024-07-08T00:55:00+00:00,100000.0,50000.0,22,0,0,Monday,0,1,100,EIN,en,Bank account opening,1
dde86760-f02a-439e-ab97-ff5fec193766,synth_206c6d59d4ad,itin,tabddpm_synthetic,,['en'],EIN,2024-02-15T00:02:00+00:00,100000.0,50000.0,22,0,0,Monday,0,1,100,EIN,en,Bank account opening,0
2d84d63d-e805-4fa9-aaed-688ab9250e1c,synth_7f2933dab15c,itin,tabddpm_synthetic,,['en'],EIN,2024-06-20T14:56:00+00:00,100.0,27.65,22,14,6,Sunday,90,2000,9,EIN,en,Bank account opening,0
6a63d07e-61e2-4195-9f67-a9fcc119c336,synth_78de761ccee1,itin,tabddpm_synthetic,,['en'],EIN,2024-10-13T00:26:00+00:00,100000.0,50000.0,22,0,0,Monday,90,1,100,EIN,en,Bank account opening,0
8b834f7a-8500-4f57-b1df-de4c7d47561a,synth_257d352c4177,itin,tabddpm_synthetic,,['en'],EIN,2024-09-24T00:33:00+00:00,41309.9,2120.04,22,0,1,Tuesday,0,1,93,EIN,en,Bank account opening,0
f58f0480-3d80-4c90-94f8-51141f5a0a50,synth_6b5d0ba8da3a,itin,tabddpm_synthetic,,['en'],EIN,2024-02-01T23:54:00+00:00,100.0,0.0,22,23,6,Sunday,17,2000,16,EIN,en,Bank account opening,0
8a180ce5-4a6f-4999-b37f-3915ce3d4cc6,synth_c953aa389026,itin,tabddpm_synthetic,,['en'],EIN,2024-05-18T03:08:00+00:00,710.95,0.0,27,3,0,Monday,0,335,5,EIN,en,Bank account opening,0
c20a5ba6-8f7d-4749-9038-a199a833bd07,synth_363aacdfe7de,itin,tabddpm_synthetic,,['en'],EIN,2024-07-17T19:51:00+00:00,100.0,237.61,55,19,0,Monday,90,1,27,EIN,en,Bank account opening,0
3ec5118d-a919-42f2-b1b5-d1658204dee5,synth_a2f34683acdc,itin,tabddpm_synthetic,,['en'],EIN,2024-02-11T23:49:00+00:00,100.0,6710.79,55,23,0,Monday,90,2000,0,EIN,en,Bank account opening,0
68b1c4b9-72dd-40ac-8328-8a6323052e35,synth_bab5f508b5f7,itin,tabddpm_synthetic,,['en'],EIN,2024-04-15T18:04:00+00:00,100.0,0.0,22,18,6,Sunday,8,2000,4,EIN,en,Bank account opening,0
603fb198-baea-4135-9ca4-a951917dc6e3,synth_22152e771235,itin,tabddpm_synthetic,,['en'],EIN,2024-09-17T13:06:00+00:00,100.0,1522.87,55,13,6,Sunday,90,2000,0,EIN,en,Bank account opening,0
55566e59-d139-4178-82c4-714f03f22e78,synth_18b0b2fbce92,itin,tabddpm_synthetic,,['en'],EIN,2024-05-13T00:46:00+00:00,100.0,0.0,43,0,6,Sunday,0,1071,0,EIN,en,Bank account opening,0
a6663235-8af6-4335-9b8e-76e4d5e9202c,synth_113404a73ac4,itin,tabddpm_synthetic,,['en'],EIN,2024-01-18T00:43:00+00:00,100.0,70.99,22,0,6,Sunday,41,1564,1,EIN,en,Bank account opening,0
f729fa36-8e32-4077-9234-ca338f8f316d,synth_ace35b05f34f,itin,tabddpm_synthetic,,['en'],EIN,2024-12-01T00:52:00+00:00,100.0,328.3,22,0,6,Sunday,20,2000,43,EIN,en,Bank account opening,0
0f6bd83a-7908-4b77-90ab-a9bc60fb41c9,synth_ca0a0173a285,itin,tabddpm_synthetic,,['en'],EIN,2024-06-01T00:31:00+00:00,100.0,0.0,22,0,5,Saturday,3,1,16,EIN,en,Bank account opening,0
398f46d7-9386-4db6-8534-1fe7f67b9d4d,synth_dd84560e3499,itin,tabddpm_synthetic,,['en'],EIN,2024-12-28T00:57:00+00:00,100000.0,50000.0,22,0,6,Sunday,0,1,100,EIN,en,Bank account opening,0
e50e7c15-b10e-43c4-90a1-ad328b23a61b,synth_29df15a08a84,itin,tabddpm_synthetic,,['en'],EIN,2024-12-15T23:41:00+00:00,47357.64,0.0,22,23,0,Monday,0,1,100,EIN,en,Bank account opening,0
df4acecd-6c44-4231-b078-c77e2f6c430b,synth_a5138eff8552,itin,tabddpm_synthetic,,['en'],EIN,2024-01-25T00:17:00+00:00,100.0,629.35,55,0,6,Sunday,0,1,1,EIN,en,Bank account opening,0
c2b7850c-22b8-4c7e-8d0f-35cabb9b61c6,synth_56233ff27ba8,itin,tabddpm_synthetic,,['en'],EIN,2024-02-01T00:34:00+00:00,100.0,0.0,22,0,6,Sunday,0,263,0,EIN,en,Bank account opening,0
b3b513cc-1f10-4d35-a422-03d80b83787b,synth_5802526c7c7c,itin,tabddpm_synthetic,,['en'],EIN,2024-03-23T00:43:00+00:00,100000.0,50000.0,22,0,6,Sunday,0,1,100,EIN,en,Bank account opening,1
c927c730-2c51-45c1-ab60-2fa240e8c3ce,synth_ac58bb43ba33,itin,tabddpm_synthetic,,['en'],EIN,2024-07-20T23:36:00+00:00,100.0,0.0,22,23,6,Sunday,5,2000,21,EIN,en,Bank account opening,0
a6512c78-f85b-4763-9a95-5198066e5ec7,synth_63b3c5348f8f,itin,tabddpm_synthetic,,['en'],EIN,2024-09-14T00:34:00+00:00,100000.0,20184.52,22,0,0,Monday,0,1,100,EIN,en,Bank account opening,1
8c3ac032-e190-447b-90e1-895f320e08f9,synth_6b0e4d5dccf6,itin,tabddpm_synthetic,,['en'],EIN,2024-02-27T23:11:00+00:00,100.0,11350.55,55,23,0,Monday,90,2000,0,EIN,en,Bank account opening,0
180ce67c-679a-4d7b-bdff-d58d8a03a552,synth_8d3772df5a48,itin,tabddpm_synthetic,,['en'],EIN,2024-08-24T23:11:00+00:00,100000.0,19929.32,22,23,6,Sunday,0,1,100,EIN,en,Bank account opening,0
638a4f10-f57c-416e-9313-f4caaa526530,synth_88b48441a69c,itin,tabddpm_synthetic,,['en'],EIN,2024-04-14T23:17:00+00:00,100.0,44746.11,55,23,0,Monday,90,2000,0,EIN,en,Bank account opening,0
f9b67f53-f2cd-40d9-82f2-607cb42eee5c,synth_9113f3a1db18,itin,tabddpm_synthetic,,['en'],EIN,2024-10-01T00:32:00+00:00,52582.21,1798.76,38,0,6,Sunday,0,1,100,EIN,en,Bank account opening,0
779d3304-d1e1-4d60-b4ba-1f357994328f,synth_5220f857ca44,itin,tabddpm_synthetic,,['en'],EIN,2024-01-04T00:07:00+00:00,863.52,0.0,22,0,2,Wednesday,0,2000,0,EIN,en,Bank account opening,0
2a3f3dcd-214f-4d62-a47e-a4be5bd1321a,synth_52d25eeece55,itin,tabddpm_synthetic,,['en'],EIN,2024-03-27T23:05:00+00:00,100000.0,50000.0,22,23,6,Sunday,0,1,100,EIN,en,Bank account opening,0
b5a6e34e-ffcc-4a5d-8551-20fbeff7e2ac,synth_48995a4853ff,itin,tabddpm_synthetic,,['en'],EIN,2024-09-19T00:28:00+00:00,100000.0,50000.0,22,0,0,Monday,0,1,100,EIN,en,Bank account opening,0
e7081b26-976a-4261-a6ce-1739c6f19b8e,synth_f192718047b7,itin,tabddpm_synthetic,,['en'],EIN,2024-03-10T22:13:00+00:00,100.0,311.18,26,22,6,Sunday,4,2000,10,EIN,en,Bank account opening,0
6b735636-ac6f-4451-9c36-5e8463553163,synth_280c1c0214e8,itin,tabddpm_synthetic,,['en'],EIN,2024-11-17T15:44:00+00:00,4959.88,300.28,22,15,6,Sunday,27,2000,10,EIN,en,Bank account opening,0
034a98f8-da73-4867-bb8d-186e9207d2c6,synth_fc80cd177b72,itin,tabddpm_synthetic,,['en'],EIN,2024-11-01T00:47:00+00:00,100000.0,50000.0,22,0,6,Sunday,0,1,100,EIN,en,Bank account opening,0
2cc47499-cfb9-42a6-a0f0-7cee6785bfc6,synth_a123d19171b9,itin,tabddpm_synthetic,,['en'],EIN,2024-07-13T23:08:00+00:00,100.0,6330.79,55,23,0,Monday,90,1,100,EIN,en,Bank account opening,0
48fafe6a-063b-457c-a5b7-7191f27cbbf6,synth_3bc99cd072e5,itin,tabddpm_synthetic,,['en'],EIN,2024-12-25T00:22:00+00:00,100000.0,50000.0,22,0,6,Sunday,0,1,100,EIN,en,Bank account opening,0
5398df6d-3279-4d9b-81b2-c718dda49d80,synth_5f13d05805d4,itin,tabddpm_synthetic,,['en'],EIN,2024-11-02T09:23:00+00:00,100.0,2165.67,55,9,6,Sunday,90,2000,0,EIN,en,Bank account opening,0
868aa828-d99f-40a0-badb-5ab3492bda0e,synth_e8124a06a63c,itin,tabddpm_synthetic,,['en'],EIN,2024-03-16T00:27:00+00:00,100.0,0.0,22,0,0,Monday,0,354,13,EIN,en,Bank account opening,0
905f9379-c565-45c8-a52c-1a0e0422d661,synth_a288b4b91a23,itin,tabddpm_synthetic,,['en'],ITIN,2024-03-27T18:14:00+00:00,100.0,420.03,22,18,6,Sunday,15,2000,10,ITIN,en,Bank account opening,0
36c27697-85a1-463a-bb8f-3a96009be110,synth_ee84f5afe28d,itin,tabddpm_synthetic,,['en'],EIN,2024-12-30T10:21:00+00:00,100.0,45.2,22,10,6,Sunday,28,2000,38,EIN,en,Bank account opening,0
99198924-e110-4687-a248-7b566ee20c8c,synth_1f24f91058aa,itin,tabddpm_synthetic,,['en'],EIN,2024-06-01T00:50:00+00:00,100000.0,50000.0,22,0,6,Sunday,0,1,100,EIN,en,Bank account opening,0
28b567dd-a003-462a-ad00-0246f7b90325,synth_7a6b0d37c519,itin,tabddpm_synthetic,,['en'],EIN,2024-02-20T10:25:00+00:00,100.0,0.0,55,10,0,Monday,13,386,7,EIN,en,Bank account opening,0
cb560db1-bd65-4eda-8bd5-760b2e6b4b6e,synth_eb08d92a354d,itin,tabddpm_synthetic,,['en'],EIN,2024-03-05T00:13:00+00:00,100.0,234.95,47,0,6,Sunday,0,1,28,EIN,en,Bank account opening,0
7400204f-13f9-4e73-85bd-58f54883330e,synth_f2d06bc1c7d5,itin,tabddpm_synthetic,,['en'],EIN,2024-12-16T10:43:00+00:00,841.88,68.27,22,10,0,Monday,0,1,18,EIN,en,Bank account opening,0
656b5f7e-2a9e-426f-9649-c13ff4dfa25b,synth_7b336d877dc6,itin,tabddpm_synthetic,,['en'],EIN,2024-10-22T23:36:00+00:00,100000.0,50000.0,22,23,6,Sunday,0,1,100,EIN,en,Bank account opening,0
cd2810d5-786e-4ce9-a9d3-53123f5bc916,synth_3cfc829c609b,itin,tabddpm_synthetic,,['en'],ITIN,2024-08-18T23:32:00+00:00,7305.03,0.0,22,23,0,Monday,0,1,20,ITIN,en,Bank account opening,0
125c3327-fdf4-418a-a38a-31fe5d0a20cb,synth_ef9247f99b1d,itin,tabddpm_synthetic,,['en'],EIN,2024-04-27T13:02:00+00:00,100.0,0.0,22,13,6,Sunday,34,2000,4,EIN,en,Bank account opening,0
4bebc645-656c-4342-aa29-b4decdc70e0b,synth_f0c4515af90a,itin,tabddpm_synthetic,,['en'],EIN,2024-06-01T00:50:00+00:00,100.0,0.0,55,0,6,Sunday,0,1,40,EIN,en,Bank account opening,1
edca56a8-e54e-4161-b9dd-e989e98adac1,synth_3fe3ad314b06,itin,tabddpm_synthetic,,['en'],EIN,2024-04-23T13:14:00+00:00,100.0,63.72,22,13,3,Thursday,12,2000,2,EIN,en,Bank account opening,0
90a35ac7-a3ad-446e-96d5-8bbc0bd9332e,synth_9d326252cc0d,itin,tabddpm_synthetic,,['en'],EIN,2024-03-19T23:50:00+00:00,100000.0,43209.82,22,23,6,Sunday,0,1,100,EIN,en,Bank account opening,0
b7e26ba8-3de3-4211-bac5-f5064435e316,synth_d2bd8303b166,itin,tabddpm_synthetic,,['en'],EIN,2024-08-25T13:47:00+00:00,100.0,708.35,40,13,6,Sunday,90,2000,0,EIN,en,Bank account opening,0
85573f55-d162-4660-a2ec-e3dbc450dd15,synth_167f3c1e1bf1,itin,tabddpm_synthetic,,['en'],EIN,2024-09-17T23:11:00+00:00,100.0,26967.76,55,23,0,Monday,90,2000,0,EIN,en,Bank account opening,0
7866cf7b-d171-48cc-8107-6135312d44da,synth_86796021878f,itin,tabddpm_synthetic,,['en'],EIN,2024-09-12T23:06:00+00:00,100.0,1057.74,55,23,1,Tuesday,90,2000,7,EIN,en,Bank account opening,0
1f0d2145-05ad-49bf-9587-ec7481b71c26,synth_d0cd81e847d1,itin,tabddpm_synthetic,,['en'],EIN,2024-06-04T23:25:00+00:00,100.0,1890.13,55,23,0,Monday,90,2000,0,EIN,en,Bank account opening,0
29f2939f-2e34-47f1-8a65-8a1fb7df254f,synth_369fa86ea0ea,itin,tabddpm_synthetic,,['en'],EIN,2024-05-19T11:52:00+00:00,100.0,26.26,22,11,3,Thursday,5,2000,4,EIN,en,Bank account opening,0
79be5f4f-5068-4e38-9297-e9668297c3d6,synth_a9eb772962d7,itin,tabddpm_synthetic,,['en'],EIN,2024-10-06T23:53:00+00:00,8381.73,0.0,31,23,1,Tuesday,0,1,10,EIN,en,Bank account opening,0
ce59ab15-3d8f-4db4-979c-d396a69e168c,synth_63b19f9abc10,itin,tabddpm_synthetic,,['en'],EIN,2024-05-23T23:17:00+00:00,100000.0,50000.0,22,23,6,Sunday,0,1,100,EIN,en,Bank account opening,1
6bce3c59-a62b-4c3c-9f72-213ade217691,synth_bb1d82d1b6f1,itin,tabddpm_synthetic,,['en'],EIN,2024-07-08T23:23:00+00:00,5856.7,0.0,22,23,0,Monday,0,1,27,EIN,en,Bank account opening,0
4ecd3cb5-16db-4f28-9af1-d36d223c967c,synth_7bb7e92ae4c6,itin,tabddpm_synthetic,,['en'],EIN,2024-12-05T01:10:00+00:00,100.0,166.49,22,1,6,Sunday,59,2000,13,EIN,en,Bank account opening,0
7854682d-6c02-4805-8bea-03964c7d5453,synth_c90feb180f76,itin,tabddpm_synthetic,,['en'],EIN,2024-09-16T07:40:00+00:00,100.0,167.33,22,7,6,Sunday,88,2000,1,EIN,en,Bank account opening,0
e44dcd3c-dace-4b08-ab17-4972b9bb2823,synth_37eb80c1dfae,itin,tabddpm_synthetic,,['en'],EIN,2024-06-21T08:07:00+00:00,2710.71,187.97,51,8,2,Wednesday,0,810,4,EIN,en,Bank account opening,0
ab47e5b3-97ef-4afb-b92c-a6e1ff3b8f60,synth_0b832b7f0ab7,itin,tabddpm_synthetic,,['en'],EIN,2024-12-28T03:02:00+00:00,100.0,118.35,22,3,6,Sunday,23,2000,10,EIN,en,Bank account opening,0
af0b103b-f24d-4d42-883e-408eacea8b34,synth_a2075b02d2f1,itin,tabddpm_synthetic,,['en'],EIN,2024-02-08T00:44:00+00:00,1515.72,0.0,22,0,5,Saturday,0,657,0,EIN,en,Bank account opening,0
705f1a58-66ff-4a5f-a9f4-186d140edf65,synth_eae69712c1e7,itin,tabddpm_synthetic,,['en'],EIN,2024-05-11T23:08:00+00:00,100000.0,50000.0,22,23,6,Sunday,0,1,100,EIN,en,Bank account opening,0
3b7ef95d-72dc-4d3f-ab8c-7e34b50ba6a8,synth_dbf98a97f1d3,itin,tabddpm_synthetic,,['en'],EIN,2024-05-09T23:23:00+00:00,80529.08,14589.05,22,23,6,Sunday,80,2000,82,EIN,en,Bank account opening,1
c0d7c1f3-29fa-4cf7-bfe3-61212ee5b507,synth_b463dac28ee5,itin,tabddpm_synthetic,,['en'],EIN,2024-04-09T00:20:00+00:00,100.0,0.0,22,0,2,Wednesday,0,1169,2,EIN,en,Bank account opening,0
252e53d8-4330-46cc-a152-cac68e8b2cf3,synth_f357e9844a70,itin,tabddpm_synthetic,,['en'],EIN,2024-12-16T23:31:00+00:00,100000.0,50000.0,55,23,0,Monday,90,1,100,EIN,en,Bank account opening,1
7154189d-3fc8-4853-8e5e-917738055391,synth_844ce8c13ca6,itin,tabddpm_synthetic,,['en'],EIN,2024-07-03T16:12:00+00:00,100.0,0.0,22,16,6,Sunday,18,2000,7,EIN,en,Bank account opening,0
d4312db9-9943-4a7b-ae14-c4a9831696f6,synth_47fb5af13484,itin,tabddpm_synthetic,,['en'],EIN,2024-06-07T00:25:00+00:00,100.0,2720.78,22,0,6,Sunday,90,2000,100,EIN,en,Bank account opening,0
0e540b30-c325-4ee1-b487-c1e04e93b1a0,synth_8d8183374943,itin,tabddpm_synthetic,,['en'],EIN,2024-07-03T23:02:00+00:00,100.0,11574.28,55,23,0,Monday,90,2000,0,EIN,en,Bank account opening,0
4a6283e8-185e-42e2-a1f1-7320b7403368,synth_52f882e89864,itin,tabddpm_synthetic,,['en'],EIN,2024-07-22T00:24:00+00:00,100.0,2490.02,22,0,6,Sunday,90,2000,86,EIN,en,Bank account opening,0
2b3cc82d-0c9c-4e2c-b695-57b8780e2529,synth_79ff1978a141,itin,tabddpm_synthetic,,['en'],EIN,2024-02-06T09:43:00+00:00,100.0,458.0,22,9,6,Sunday,90,2000,17,EIN,en,Bank account opening,0
95b44f8f-b572-49d4-9846-bea12a6d6111,synth_350598f4fdaa,itin,tabddpm_synthetic,,['en'],EIN,2024-04-29T20:07:00+00:00,100.0,0.0,22,20,6,Sunday,14,2000,9,EIN,en,Bank account opening,0
66c95ae2-8abf-4556-b228-6cdbc8caa892,synth_e4e23ad105d8,itin,tabddpm_synthetic,,['en'],EIN,2024-04-03T23:47:00+00:00,100.0,9290.9,55,23,0,Monday,90,2000,81,EIN,en,Bank account opening,0
4e8635f2-058f-4195-9d9b-d1de1979e909,synth_f0fa492bd4eb,itin,tabddpm_synthetic,,['en'],EIN,2024-03-08T15:03:00+00:00,100.0,190.16,55,15,0,Monday,82,2000,5,EIN,en,Bank account opening,0
b0a69582-298d-467a-970a-fbe77cf5f1e9,synth_bf8313449f11,itin,tabddpm_synthetic,,['en'],EIN,2024-03-07T15:42:00+00:00,324.72,0.0,22,15,6,Sunday,25,2000,9,EIN,en,Bank account opening,0
cdcde8f6-c99a-49ac-aadd-483d1240d951,synth_e51027133c6d,itin,tabddpm_synthetic,,['en'],EIN,2024-01-05T23:41:00+00:00,100000.0,50000.0,22,23,6,Sunday,90,1,100,EIN,en,Bank account opening,0
81a13065-4ac8-48d1-a22f-5ad3574d9db3,synth_839509418ecc,itin,tabddpm_synthetic,,['en'],EIN,2024-12-05T23:09:00+00:00,100.0,0.0,22,23,6,Sunday,11,2000,4,EIN,en,Bank account opening,0
91913596-3316-47d9-b5f6-5114daad793e,synth_3fcc6f2d6170,itin,tabddpm_synthetic,,['en'],EIN,2024-08-01T03:06:00+00:00,100.0,0.0,35,3,5,Saturday,0,1072,14,EIN,en,Bank account opening,0
943e61db-fadd-494b-b27f-37f5da7b0d00,synth_b3d62b56bb13,itin,tabddpm_synthetic,,['en'],EIN,2024-06-03T00:04:00+00:00,648.09,4862.95,55,0,0,Monday,90,1,0,EIN,en,Bank account opening,0
afbf251c-988a-4010-8dbe-dbc6436b6115,synth_cf60587a9b64,itin,tabddpm_synthetic,,['en'],EIN,2024-06-28T23:48:00+00:00,100.0,22232.93,55,23,0,Monday,90,2000,0,EIN,en,Bank account opening,0
5d61330e-1633-49ee-9793-705ae599a17d,synth_3949716d498d,itin,tabddpm_synthetic,,['en'],EIN,2024-06-18T00:40:00+00:00,100000.0,50000.0,22,0,6,Sunday,0,1,100,EIN,en,Bank account opening,1
9bc6764f-ebe0-4d9c-96c2-1c9c1514619c,synth_33c2e831aaa6,itin,tabddpm_synthetic,,['en'],EIN,2024-10-13T23:53:00+00:00,100000.0,50000.0,22,23,6,Sunday,0,1,100,EIN,en,Bank account opening,0
3a7f7466-9726-4a6a-bdd8-ef7ebbebb1ea,synth_203950e8da23,itin,tabddpm_synthetic,,['en'],EIN,2024-10-15T00:22:00+00:00,100.0,0.0,27,0,6,Sunday,0,1,22,EIN,en,Bank account opening,0
cd7830a7-7279-48ae-aa3c-5fc7e36508d0,synth_9034548103df,itin,tabddpm_synthetic,,['en'],EIN,2024-11-27T23:30:00+00:00,100000.0,50000.0,46,23,6,Sunday,0,1,100,EIN,en,Bank account opening,0
33b0da84-a394-48bb-9fbb-5e8b3be5fc46,synth_7cf3d4c27aec,itin,tabddpm_synthetic,,['en'],EIN,2024-04-01T03:41:00+00:00,100.0,93.4,22,3,6,Sunday,34,2000,14,EIN,en,Bank account opening,0
9c357eb1-50d3-415c-96a1-1772df43e6fa,synth_27d308348bbf,itin,tabddpm_synthetic,,['en'],EIN,2024-03-29T04:58:00+00:00,100.0,485.77,22,4,6,Sunday,0,2000,87,EIN,en,Bank account opening,0
fd978ffe-4c7c-4012-afa6-943941cc1f70,synth_ec336942165b,itin,tabddpm_synthetic,,['en'],EIN,2024-01-15T21:04:00+00:00,100.0,0.0,22,21,6,Sunday,29,2000,6,EIN,en,Bank account opening,0
317fe31e-0704-45a8-93b2-ff52c00f3bb7,synth_99d9f1969807,itin,tabddpm_synthetic,,['en'],EIN,2024-02-20T00:27:00+00:00,100.0,4207.2,55,0,6,Sunday,90,2000,0,EIN,en,Bank account opening,0
7f71089c-7e68-462a-8eed-fefd8f2a5704,synth_bab83ff64a78,itin,tabddpm_synthetic,,['en'],EIN,2024-11-01T00:15:00+00:00,100.0,0.0,22,0,1,Tuesday,4,2000,0,EIN,en,Bank account opening,0
847f1c1f-7399-4580-8e17-3d05c16f3393,synth_68f08b622b20,itin,tabddpm_synthetic,,['en'],EIN,2024-06-15T00:03:00+00:00,1757.59,0.0,51,0,6,Sunday,0,380,0,EIN,en,Bank account opening,0
fd6e8c00-67e2-4b4c-8ea1-e1d21da0ab9a,synth_7ae5908eff51,itin,tabddpm_synthetic,,['en'],EIN,2024-05-02T16:06:00+00:00,100.0,88.81,22,16,6,Sunday,35,2000,10,EIN,en,Bank account opening,0
c73288e0-1488-44f7-8361-fc0c0c5060cb,synth_0dd6fea63949,itin,tabddpm_synthetic,,['en'],EIN,2024-09-24T17:30:00+00:00,100.0,0.0,22,17,6,Sunday,12,2000,4,EIN,en,Bank account opening,0
e1a4b355-43d7-4265-82b2-a24470031a95,synth_367caf05017a,itin,tabddpm_synthetic,,['en'],EIN,2024-03-28T00:06:00+00:00,100.0,11.01,22,0,6,Sunday,21,2000,6,EIN,en,Bank account opening,0
30c09a07-4177-4803-ba91-2897bdb3fdb1,synth_17d0eca2a35e,itin,tabddpm_synthetic,,['en'],EIN,2024-08-31T23:33:00+00:00,100.0,50000.0,55,23,0,Monday,90,2000,85,EIN,en,Bank account opening,0
c3ceab66-47eb-4b0a-a7c7-b04f70972126,synth_debbb2009197,itin,tabddpm_synthetic,,['en'],EIN,2024-04-09T00:28:00+00:00,16833.64,2860.32,55,0,0,Monday,90,1,32,EIN,en,Bank account opening,0
150cce9b-c8f0-4a67-b5f2-7133a2b31f7e,synth_5cc019f77639,itin,tabddpm_synthetic,,['en'],EIN,2024-10-27T23:59:00+00:00,100000.0,50000.0,22,23,6,Sunday,90,1,100,EIN,en,Bank account opening,0
b007ab18-426b-44ed-afa2-238c54d14b7f,synth_20d4f04dcc4a,itin,tabddpm_synthetic,,['en'],EIN,2024-12-03T00:42:00+00:00,100.0,0.0,22,0,0,Monday,0,1569,0,EIN,en,Bank account opening,0
41afddb7-95e7-40e1-b657-1019d6bb2101,synth_fb54e1233ea0,itin,tabddpm_synthetic,,['en'],EIN,2024-06-05T00:42:00+00:00,100000.0,50000.0,22,0,0,Monday,90,1,0,EIN,en,Bank account opening,0
a5e88284-f78d-4639-8bcf-d2f883064f27,synth_c64dcd58194d,itin,tabddpm_synthetic,,['en'],EIN,2024-12-18T20:28:00+00:00,100.0,0.0,22,20,6,Sunday,13,2000,2,EIN,en,Bank account opening,0
aa5df5e8-6e38-42ca-b893-803bb5ebe544,synth_bdc6fced79b3,itin,tabddpm_synthetic,,['en'],EIN,2024-02-10T23:59:00+00:00,100000.0,50000.0,22,23,6,Sunday,0,1,100,EIN,en,Bank account opening,1
140b4b84-5098-4634-a711-a028a0c4cb69,synth_9e830505fc78,itin,tabddpm_synthetic,,['en'],EIN,2024-01-22T23:43:00+00:00,100000.0,45477.6,22,23,6,Sunday,0,1,100,EIN,en,Bank account opening,1
652823dd-fc6e-41e0-be47-f44a2c4a527f,synth_18c4ce760438,itin,tabddpm_synthetic,,['en'],EIN,2024-01-18T00:01:00+00:00,100000.0,20718.53,22,0,0,Monday,0,1,100,EIN,en,Bank account opening,0
fe8968eb-3992-4b29-971c-c73b2ae5085f,synth_4524b59185c6,itin,tabddpm_synthetic,,['en'],EIN,2024-09-06T00:38:00+00:00,100000.0,50000.0,22,0,6,Sunday,0,1,100,EIN,en,Bank account opening,0
24d0aad9-f4dd-4669-aa09-ed493e0d5480,synth_2d9a6f8a097a,itin,tabddpm_synthetic,,['en'],EIN,2024-04-21T00:54:00+00:00,100.0,0.0,22,0,6,Sunday,42,2000,21,EIN,en,Bank account opening,0
8912e6dd-99ad-4acf-a33b-7e2d28243865,synth_a2c3513ad879,itin,tabddpm_synthetic,,['en'],EIN,2024-08-30T00:07:00+00:00,100.0,0.0,33,0,6,Sunday,0,564,14,EIN,en,Bank account opening,0
68061bcb-92f7-40c0-9f92-970679beaf9d,synth_ebbc4003cc1b,itin,tabddpm_synthetic,,['en'],EIN,2024-05-20T00:43:00+00:00,1924.69,444.01,55,0,0,Monday,56,2000,11,EIN,en,Bank account opening,0
003b7ee8-458a-4a2e-a02f-ebe776c1390f,synth_a5e4ebfe26f5,itin,tabddpm_synthetic,,['en'],EIN,2024-05-08T02:32:00+00:00,100.0,156.81,22,2,6,Sunday,33,2000,18,EIN,en,Bank account opening,0
c5d18605-6dc5-4760-85aa-ea71880ccabc,synth_637de207b547,itin,tabddpm_synthetic,,['en'],EIN,2024-03-14T00:53:00+00:00,100000.0,50000.0,22,0,0,Monday,90,1,100,EIN,en,Bank account opening,0
e5273667-35e7-4e27-be82-cf11144252e5,synth_114b75e8c193,itin,tabddpm_synthetic,,['en'],EIN,2024-10-03T00:21:00+00:00,100000.0,9843.54,22,0,6,Sunday,0,1,100,EIN,en,Bank account opening,0
08d10597-9c28-451b-bf01-1d1467f00996,synth_07d6614c9b73,itin,tabddpm_synthetic,,['en'],EIN,2024-01-31T23:19:00+00:00,100.0,11444.48,55,23,0,Monday,90,2000,0,EIN,en,Bank account opening,0
7617eaa2-dfaa-46a1-8a5f-eaaad657c5ae,synth_de0cce371532,itin,tabddpm_synthetic,,['en'],EIN,2024-02-18T23:05:00+00:00,100000.0,50000.0,22,23,6,Sunday,0,1,100,EIN,en,Bank account opening,1
044c786b-a6f4-4ea7-b701-d894b33d39a3,synth_6a72b10d736f,itin,tabddpm_synthetic,,['en'],EIN,2024-06-21T00:50:00+00:00,100.0,0.0,46,0,6,Sunday,0,1,49,EIN,en,Bank account opening,0
9140cae0-8951-47e2-8629-a33f006dde53,synth_23b11f7a06f0,itin,tabddpm_synthetic,,['en'],EIN,2024-08-21T23:32:00+00:00,100000.0,50000.0,22,23,6,Sunday,90,1,100,EIN,en,Bank account opening,0
3266bff5-ce90-4a25-a4d9-369bb779854f,synth_92e662c039de,itin,tabddpm_synthetic,,['es'],EIN,2024-01-18T17:31:00+00:00,100.0,0.0,22,17,6,Sunday,16,2000,10,EIN,es,Bank account opening,0
bafc32ec-fa11-4d01-b40a-71e54553e554,synth_a262b742ba7b,itin,tabddpm_synthetic,,['en'],EIN,2024-02-02T23:33:00+00:00,100.0,13217.95,55,23,0,Monday,90,2000,0,EIN,en,Bank account opening,0
60d0c9e3-cd0a-4a0e-8cab-b812e3438294,synth_1741c36157d3,itin,tabddpm_synthetic,,['en'],EIN,2024-02-27T01:15:00+00:00,100.0,679.89,22,1,6,Sunday,7,2000,0,EIN,en,Bank account opening,0
67e0f513-e621-4791-882c-c32ef9b1745e,synth_328a3b515c96,itin,tabddpm_synthetic,,['es'],EIN,2024-02-06T08:47:00+00:00,100.0,0.0,42,8,2,Wednesday,5,1277,6,EIN,es,Bank account opening,0
eefeb65d-edea-49d6-a854-04e5c2717e2d,synth_b963e62d698b,itin,tabddpm_synthetic,,['en'],EIN,2024-10-03T00:55:00+00:00,100.0,0.0,22,0,6,Sunday,0,1,0,EIN,en,Bank account opening,0
fc90c484-22c9-4038-8ca3-a7a516e760da,synth_46fedc9be771,itin,tabddpm_synthetic,,['en'],EIN,2024-01-28T00:54:00+00:00,3315.0,283.61,55,0,0,Monday,90,1,19,EIN,en,Bank account opening,0
4da81d92-146e-4825-92c6-88d299e69473,synth_13229b3951ab,itin,tabddpm_synthetic,,['en'],EIN,2024-01-11T00:30:00+00:00,8211.06,569.95,25,0,6,Sunday,0,1,46,EIN,en,Bank account opening,0
4c7402eb-20f9-41eb-b7d5-8095ff2514ae,synth_817eea444449,itin,tabddpm_synthetic,,['es'],EIN,2024-07-25T08:13:00+00:00,2704.09,316.69,55,8,0,Monday,90,1,15,EIN,es,Bank account opening,0
1554f87a-7fd2-4e21-afa3-538007a9c830,synth_62376396819d,itin,tabddpm_synthetic,,['en'],EIN,2024-05-08T20:27:00+00:00,100.0,0.0,22,20,6,Sunday,10,2000,6,EIN,en,Bank account opening,0
fe980e87-7744-493c-9eda-193031fbdf1d,synth_373c7ed87399,itin,tabddpm_synthetic,,['en'],EIN,2024-07-05T17:46:00+00:00,100.0,74.92,22,17,5,Saturday,26,2000,7,EIN,en,Bank account opening,0
712e8e1e-d3d3-44e7-9ebe-c5f92ae114f9,synth_c4cd487dac10,itin,tabddpm_synthetic,,['en'],EIN,2024-07-30T16:22:00+00:00,100.0,229.38,22,16,6,Sunday,6,2000,7,EIN,en,Bank account opening,0
94eca056-9f16-4e90-a0c0-4cc02b41dc8e,synth_3da614668f66,itin,tabddpm_synthetic,,['en'],EIN,2024-02-07T00:36:00+00:00,100000.0,50000.0,22,0,0,Monday,0,1,100,EIN,en,Bank account opening,0
9facf6e2-ba52-4a70-91b6-6413c5a5d2c6,synth_faacda856456,itin,tabddpm_synthetic,,['en'],EIN,2024-11-16T00:45:00+00:00,100000.0,50000.0,22,0,6,Sunday,0,1,100,EIN,en,Bank account opening,1
2f369d98-ad3e-47d2-a467-2f5674ebc85d,synth_e0d9fd1225f7,itin,tabddpm_synthetic,,['en'],EIN,2024-12-19T23:06:00+00:00,100.0,0.0,22,23,6,Sunday,29,2000,16,EIN,en,Bank account opening,0
cf594ce6-8922-4a22-a665-6c07e4977cdf,synth_d0d96d604451,itin,tabddpm_synthetic,,['en'],EIN,2024-05-17T23:54:00+00:00,100.0,0.0,22,23,6,Sunday,5,1725,18,EIN,en,Bank account opening,0
3a60fbca-423f-4258-b717-df4762b80639,synth_dca2a7cb26dd,itin,tabddpm_synthetic,,['en'],EIN,2024-04-14T08:29:00+00:00,4050.49,0.0,22,8,0,Monday,0,411,5,EIN,en,Bank account opening,0
42293f81-e334-473b-82cf-8e10c7d927e8,synth_1694994bbfab,itin,tabddpm_synthetic,,['en'],EIN,2024-05-20T00:41:00+00:00,3031.06,0.0,55,0,6,Sunday,0,1,0,EIN,en,Bank account opening,0
8ce741fb-69bf-4360-9605-543a8fd66f1c,synth_c2c5194c543a,itin,tabddpm_synthetic,,['en'],EIN,2024-12-19T00:59:00+00:00,28630.86,1378.59,22,0,1,Tuesday,14,1,82,EIN,en,Bank account opening,0
b3dd0ccc-ac99-4698-81ea-a325d5b67b79,synth_bb768f394c8f,itin,tabddpm_synthetic,,['es'],EIN,2024-07-03T11:04:00+00:00,100.0,0.0,28,11,6,Sunday,2,2000,9,EIN,es,Bank account opening,0
fbda752f-60d2-430e-9f89-d5501aee7240,synth_bfab3884559d,itin,tabddpm_synthetic,,['en'],EIN,2024-11-21T23:36:00+00:00,100000.0,50000.0,22,23,6,Sunday,0,1,100,EIN,en,Bank account opening,0
2f4f4a77-f82d-4d43-bde1-7836473a823e,synth_a99040bee62d,itin,tabddpm_synthetic,,['en'],EIN,2024-02-06T00:29:00+00:00,100.0,0.0,55,0,6,Sunday,0,962,0,EIN,en,Bank account opening,0
dba168e0-00e7-4a22-8a9f-944ff207863b,synth_479d51b0c261,itin,tabddpm_synthetic,,['en'],EIN,2024-01-25T23:57:00+00:00,100.0,9658.83,55,23,0,Monday,90,1007,56,EIN,en,Bank account opening,1
a4c6091a-7432-4e2c-af62-1f534fbd5fc7,synth_a58aa5600633,itin,tabddpm_synthetic,,['en'],ITIN,2024-07-05T11:19:00+00:00,1161.42,51.14,29,11,3,Thursday,5,1327,8,ITIN,en,Bank account opening,0
ee0e11a5-e469-4046-af69-b343f5b84fc6,synth_8bb3d10cf5eb,itin,tabddpm_synthetic,,['en'],EIN,2024-03-01T23:46:00+00:00,100.0,3400.71,55,23,0,Monday,90,2000,0,EIN,en,Bank account opening,0
e80885c6-547a-4635-8b43-0b104def41f8,synth_2270dda4ffdc,itin,tabddpm_synthetic,,['en'],EIN,2024-06-28T23:31:00+00:00,89874.16,1597.6,22,23,0,Monday,0,1,100,EIN,en,Bank account opening,0
60064f16-5206-47b8-8aca-f336dcd62c75,synth_98139bdeb3bd,itin,tabddpm_synthetic,,['en'],EIN,2024-03-11T17:35:00+00:00,100.0,0.0,22,17,5,Saturday,4,2000,6,EIN,en,Bank account opening,0
6da4351a-9b68-4d8e-8ae3-0af72615d533,synth_c4e423c3b6e9,itin,tabddpm_synthetic,,['en'],EIN,2024-04-15T00:29:00+00:00,100.0,91.56,42,0,6,Sunday,0,1,30,EIN,en,Bank account opening,0
18e8c5a6-b45a-4b23-90d2-de5faa4e6375,synth_e321913b8a68,itin,tabddpm_synthetic,,['en'],EIN,2024-01-12T00:10:00+00:00,8372.78,0.0,22,0,0,Monday,0,1,5,EIN,en,Bank account opening,0
116f4d59-56c2-457a-8e30-0f60ebc65fae,synth_188503ef3340,itin,tabddpm_synthetic,,['en'],EIN,2024-12-18T09:13:00+00:00,100.0,44.8,22,9,6,Sunday,90,2000,16,EIN,en,Bank account opening,0
ce4a466d-9663-4657-a33a-0c7a76ed65e6,synth_301742896375,itin,tabddpm_synthetic,,['en'],EIN,2024-05-08T23:51:00+00:00,40183.48,0.0,22,23,0,Monday,0,1,100,EIN,en,Bank account opening,0
f2c52db6-8fb4-43b4-b1a3-8a1606b8fe42,synth_de90374fa587,itin,tabddpm_synthetic,,['en'],EIN,2024-06-04T00:40:00+00:00,100.0,0.0,22,0,2,Wednesday,0,2000,0,EIN,en,Bank account opening,0
0dcf0aac-e6b6-42b4-aec3-36f66d2fa65d,synth_18e64d01686d,itin,tabddpm_synthetic,,['en'],EIN,2024-11-13T19:37:00+00:00,100.0,1048.78,55,19,6,Sunday,90,2000,0,EIN,en,Bank account opening,0
85522bcd-6fa7-4b2f-b550-fd7d9a6d7545,synth_fa96e35a7088,itin,tabddpm_synthetic,,['en'],EIN,2024-02-22T00:54:00+00:00,100000.0,50000.0,22,0,6,Sunday,0,1,100,EIN,en,Bank account opening,0
2f0b7265-1b8b-45f0-8d1d-5492c3fb5816,synth_28738fe00615,itin,tabddpm_synthetic,,['en'],EIN,2024-08-03T00:13:00+00:00,100000.0,50000.0,22,0,6,Sunday,0,1,100,EIN,en,Bank account opening,0
93abcc7b-f36f-494e-ab3f-ab61e479ef8e,synth_9c990717032c,itin,tabddpm_synthetic,,['en'],EIN,2024-08-15T00:43:00+00:00,100.0,0.0,22,0,6,Sunday,24,2000,17,EIN,en,Bank account opening,0
60dab32d-4086-4fbe-8acb-a4fb6e3e75cc,synth_bfaa7a7b215c,itin,tabddpm_synthetic,,['en'],EIN,2024-11-21T23:40:00+00:00,100000.0,31516.76,55,23,0,Monday,90,1,100,EIN,en,Bank account opening,0
81af11f7-43fb-4b91-8def-673f54a1a9a6,synth_ca190e4a8674,itin,tabddpm_synthetic,,['en'],EIN,2024-10-16T00:36:00+00:00,100000.0,50000.0,22,0,6,Sunday,0,1,100,EIN,en,Bank account opening,1
94c7642b-c692-4cac-92cc-3bbfdcd23dbc,synth_bf43fbe6997d,itin,tabddpm_synthetic,,['en'],EIN,2024-05-26T00:35:00+00:00,100.0,0.0,22,0,6,Sunday,0,1,0,EIN,en,Bank account opening,0
9532ace0-3e41-4940-b2a1-096567736e9f,synth_4ba42bf79996,itin,tabddpm_synthetic,,['en'],EIN,2024-06-29T23:45:00+00:00,100.0,5798.51,55,23,0,Monday,90,1,0,EIN,en,Bank account opening,0
e349a668-0039-4c39-8f87-06d169651e2b,synth_02288e434ae2,itin,tabddpm_synthetic,,['en'],EIN,2024-02-20T00:41:00+00:00,100.0,0.0,27,0,1,Tuesday,0,2000,3,EIN,en,Bank account opening,0
b3d7238b-4104-4abe-b6b2-3fb1984b9ccb,synth_fe237f64eab8,itin,tabddpm_synthetic,,['en'],EIN,2024-02-03T16:49:00+00:00,100.0,0.0,22,16,6,Sunday,74,2000,22,EIN,en,Bank account opening,0
7735a4df-fabc-47f8-9d0e-48caaa47cc61,synth_2cda4c127e4a,itin,tabddpm_synthetic,,['en'],EIN,2024-01-28T00:34:00+00:00,100000.0,50000.0,22,0,6,Sunday,90,1,100,EIN,en,Bank account opening,1
8ec90ead-d298-4830-ba4e-14f7bbf1f341,synth_94caedcbd6a0,itin,tabddpm_synthetic,,['en'],EIN,2024-04-11T00:52:00+00:00,100000.0,50000.0,22,0,6,Sunday,90,1,100,EIN,en,Bank account opening,0
283a3b92-1398-4e3b-a65e-8d7c5f82e9f2,synth_21982283b8e7,itin,tabddpm_synthetic,,['en'],EIN,2024-06-27T23:58:00+00:00,11601.43,0.0,22,23,0,Monday,4,1,38,EIN,en,Bank account opening,0
031808af-e5e8-4ef0-a0d1-4bdeefa00602,synth_fbc268ad4832,itin,tabddpm_synthetic,,['en'],EIN,2024-02-12T00:39:00+00:00,100000.0,3263.71,22,0,6,Sunday,0,1,100,EIN,en,Bank account opening,0
0b646877-cdff-445a-8842-46ba527255f1,synth_c7ffd0a48b45,itin,tabddpm_synthetic,,['en'],EIN,2024-07-17T00:34:00+00:00,100000.0,50000.0,55,0,0,Monday,90,1,51,EIN,en,Bank account opening,0
d5795828-5ba6-4e19-9ea5-710cdcb15d7c,synth_5b9010c9dc41,itin,tabddpm_synthetic,,['en'],ITIN,2024-03-13T23:01:00+00:00,3322.62,227.54,22,23,0,Monday,6,2000,6,ITIN,en,Bank account opening,0
cc33c6b3-2324-4c17-b54b-41a5fadd9157,synth_44dd1cffb73b,itin,tabddpm_synthetic,,['en'],EIN,2024-11-24T00:07:00+00:00,100000.0,50000.0,22,0,6,Sunday,0,1,100,EIN,en,Bank account opening,0
173e666a-a29f-448b-bcb9-f0426b00242d,synth_31b9db99c782,itin,tabddpm_synthetic,,['en'],EIN,2024-04-20T23:17:00+00:00,100.0,17596.22,55,23,0,Monday,90,2000,0,EIN,en,Bank account opening,0
29d6232f-0f5d-46da-bdff-63070fa3a0d2,synth_8a1ab043c3df,itin,tabddpm_synthetic,,['en'],EIN,2024-07-24T00:29:00+00:00,100.0,124.37,25,0,6,Sunday,0,352,10,EIN,en,Bank account opening,0
27738087-77b1-4069-a7ba-5edac4428732,synth_3f594b1b6a51,itin,tabddpm_synthetic,,['en'],EIN,2024-10-21T23:34:00+00:00,100.0,0.0,22,23,6,Sunday,15,2000,19,EIN,en,Bank account opening,0
55e082ed-6a06-45ff-806d-f292af880956,synth_6a54ff2c3d8c,itin,tabddpm_synthetic,,['en'],EIN,2024-02-18T23:10:00+00:00,59601.02,9680.7,55,23,0,Monday,90,2000,87,EIN,en,Bank account opening,0
f0278eb7-be1c-4763-855d-140d816d2c97,synth_1726e3039707,itin,tabddpm_synthetic,,['en'],EIN,2024-05-07T23:07:00+00:00,100000.0,50000.0,22,23,0,Monday,18,1,100,EIN,en,Bank account opening,0
6cb91d95-aa8b-4bde-9de8-6cc526575a10,synth_0ed54394de57,itin,tabddpm_synthetic,,['en'],EIN,2024-01-14T00:29:00+00:00,3907.37,66.3,22,0,6,Sunday,0,1,70,EIN,en,Bank account opening,0
1da8988e-cc6b-4c0f-9225-4ace82c5742d,synth_d4df5203d367,itin,tabddpm_synthetic,,['en'],EIN,2024-12-26T00:21:00+00:00,98411.09,3367.14,22,0,0,Monday,0,1,100,EIN,en,Bank account opening,0
44751692-2f49-42c2-a5b2-22d1ba28500c,synth_611aa08f5617,itin,tabddpm_synthetic,,['en'],EIN,2024-09-17T00:56:00+00:00,100.0,0.0,22,0,4,Friday,0,858,3,EIN,en,Bank account opening,0
19b15f4e-6dad-4a5c-94af-5bc0506fda4a,synth_d3a3455d13a6,itin,tabddpm_synthetic,,['en'],EIN,2024-07-29T23:46:00+00:00,59777.49,1043.76,22,23,0,Monday,0,1,100,EIN,en,Bank account opening,0
c42ad958-6441-4847-824d-85b71bfe7da4,synth_075d4c026fea,itin,tabddpm_synthetic,,['en'],EIN,2024-08-08T23:48:00+00:00,100.0,4748.08,55,23,0,Monday,90,2000,0,EIN,en,Bank account opening,0
872e4a42-0887-4a6c-9e5c-0562396f1cf6,synth_f0ea63e9d982,itin,tabddpm_synthetic,,['en'],EIN,2024-11-30T23:27:00+00:00,100.0,121.77,22,23,6,Sunday,12,2000,47,EIN,en,Bank account opening,0
2578aebf-3282-42f9-83a0-af6421c62bd7,synth_faf175b01eae,itin,tabddpm_synthetic,,['en'],EIN,2024-09-10T03:04:00+00:00,3733.65,75.77,22,3,6,Sunday,25,671,3,EIN,en,Bank account opening,0
5f9639bb-b475-4ebb-a511-81a3eeb45ce1,synth_64cf62c86ed0,itin,tabddpm_synthetic,,['en'],EIN,2024-02-16T23:36:00+00:00,100.0,1620.6,55,23,0,Monday,90,2000,4,EIN,en,Bank account opening,0
35f15c27-9db1-436d-b615-c90d34decd52,synth_1bf920bb2d1a,itin,tabddpm_synthetic,,['en'],EIN,2024-04-20T00:33:00+00:00,100.0,40.21,22,0,6,Sunday,11,2000,30,EIN,en,Bank account opening,0
1c217917-b36e-4b80-8ba3-7abdaa62b662,synth_9f0e2992d7e7,itin,tabddpm_synthetic,,['en'],EIN,2024-04-26T00:33:00+00:00,100000.0,50000.0,22,0,6,Sunday,90,1,100,EIN,en,Bank account opening,0
d3cac4f3-69e6-436f-bc91-fdb1b7e0bb5d,synth_c9aad32e03f7,itin,tabddpm_synthetic,,['en'],EIN,2024-09-10T23:59:00+00:00,100.0,21491.8,55,23,0,Monday,90,2000,100,EIN,en,Bank account opening,0
785b548c-bca8-4b60-829d-d885504f7b17,synth_4b12ef921d9b,itin,tabddpm_synthetic,,['en'],EIN,2024-06-27T23:34:00+00:00,100.0,2000.21,22,23,6,Sunday,20,2000,100,EIN,en,Bank account opening,0
ba1c0614-8049-488c-aa25-48c6c1843164,synth_cf76600932c0,itin,tabddpm_synthetic,,['en'],EIN,2024-10-05T00:06:00+00:00,100.0,817.29,22,0,6,Sunday,66,2000,35,EIN,en,Bank account opening,0
6e34642d-f2da-4aa9-b590-2b0674e2de54,synth_50fde923aa2b,itin,tabddpm_synthetic,,['en'],EIN,2024-11-13T18:32:00+00:00,100.0,0.0,22,18,6,Sunday,5,2000,8,EIN,en,Bank account opening,0
ced925fe-2f2c-41ee-aed8-5d75f422d8e6,synth_4485c90cbdef,itin,tabddpm_synthetic,,['en'],EIN,2024-08-22T00:22:00+00:00,100.0,578.53,22,0,6,Sunday,21,1,0,EIN,en,Bank account opening,0
274466d3-65d8-426a-a132-76809ddff735,synth_ef535f062a64,itin,tabddpm_synthetic,,['en'],EIN,2024-06-27T23:40:00+00:00,100.0,10659.91,55,23,0,Monday,90,2000,0,EIN,en,Bank account opening,0
8d8c7e81-34d5-4191-ba27-b56bcd21e6f1,synth_f541b558a890,itin,tabddpm_synthetic,,['en'],EIN,2024-10-10T23:06:00+00:00,100000.0,17611.29,22,23,6,Sunday,0,1,100,EIN,en,Bank account opening,0
8ad5ac8d-424f-44d3-b46c-d4a1f07c541b,synth_3e00de5407cd,itin,tabddpm_synthetic,,['en'],EIN,2024-01-29T23:12:00+00:00,100.0,9274.27,55,23,0,Monday,90,2000,0,EIN,en,Bank account opening,0
496dd6d0-622e-4391-a006-c166c36a6007,synth_ffc62cf3e8e6,itin,tabddpm_synthetic,,['en'],EIN,2024-03-19T00:21:00+00:00,100000.0,50000.0,22,0,6,Sunday,90,1,100,EIN,en,Bank account opening,0
0ee077e5-9530-47c8-b083-c1e0d8225f2b,synth_275b18e59181,itin,tabddpm_synthetic,,['en'],EIN,2024-01-13T00:12:00+00:00,100.0,39.48,22,0,6,Sunday,0,1,18,EIN,en,Bank account opening,0
0bc76ef1-bd96-48b4-a61b-81e39e253b5b,synth_65a1d89d448c,itin,tabddpm_synthetic,,['en'],EIN,2024-10-28T17:16:00+00:00,100.0,0.0,22,17,5,Saturday,10,2000,4,EIN,en,Bank account opening,0
233272e1-0107-4ad0-bc3a-e210aa4ef454,synth_bd468896bcd1,itin,tabddpm_synthetic,,['en'],EIN,2024-07-20T00:18:00+00:00,100.0,0.0,22,0,2,Wednesday,0,891,0,EIN,en,Bank account opening,0
3af67e0f-67a1-4842-811c-480c2e068092,synth_fc7be577a293,itin,tabddpm_synthetic,,['en'],EIN,2024-05-03T23:57:00+00:00,100.0,11848.4,55,23,0,Monday,90,2000,0,EIN,en,Bank account opening,0
c9b08421-db87-44a3-93e9-ff083ac3dec5,synth_afdd9f69b9a3,itin,tabddpm_synthetic,,['en'],EIN,2024-04-17T23:17:00+00:00,100.0,0.0,22,23,6,Sunday,14,2000,20,EIN,en,Bank account opening,0
57b7d4f7-6f97-4c89-92ad-9dca49eeced7,synth_7ff95c818b80,itin,tabddpm_synthetic,,['en'],EIN,2024-08-02T00:59:00+00:00,40644.6,999.05,55,0,0,Monday,90,1,32,EIN,en,Bank account opening,0
6d867243-e95c-4cf3-b82c-6ccda8da0d58,synth_3c768b082ce4,itin,tabddpm_synthetic,,['en'],EIN,2024-04-07T00:01:00+00:00,100000.0,50000.0,55,0,0,Monday,90,1,100,EIN,en,Bank account opening,0
8fac1299-d15f-4035-b773-293fc7949a08,synth_7507c73a8232,itin,tabddpm_synthetic,,['en'],EIN,2024-07-01T16:22:00+00:00,100.0,422.7,55,16,6,Sunday,90,2000,0,EIN,en,Bank account opening,0
7bac279e-f054-4272-8cdf-407142248465,synth_98ba82e38543,itin,tabddpm_synthetic,,['en'],EIN,2024-12-01T23:50:00+00:00,100000.0,50000.0,22,23,6,Sunday,0,1,100,EIN,en,Bank account opening,1
c308e5ca-deda-459d-9664-5aa306254ae7,synth_40b713e27379,itin,tabddpm_synthetic,,['en'],EIN,2024-01-05T00:58:00+00:00,100.0,0.0,22,0,1,Tuesday,0,1,5,EIN,en,Bank account opening,0
1e3a120a-d101-45d7-b406-95aec3b12b03,synth_e5be145f4a7a,itin,tabddpm_synthetic,,['en'],EIN,2024-02-06T00:20:00+00:00,100000.0,50000.0,22,0,0,Monday,0,1,100,EIN,en,Bank account opening,0
746744fc-2e36-4b94-96ea-68044d4992a3,synth_458b78852c35,itin,tabddpm_synthetic,,['en'],EIN,2024-11-12T23:05:00+00:00,27089.62,1963.93,22,23,6,Sunday,12,1,93,EIN,en,Bank account opening,0
3830e90f-b081-4fbd-8718-76e00434cd98,synth_2c4aecb6d6d4,itin,tabddpm_synthetic,,['en'],EIN,2024-06-09T23:21:00+00:00,100000.0,50000.0,22,23,6,Sunday,0,1,100,EIN,en,Bank account opening,1
124491c3-2d72-45a8-93d7-84bebde29917,synth_2c580ea0bb8f,itin,tabddpm_synthetic,,['en'],EIN,2024-10-01T10:18:00+00:00,100.0,0.0,22,10,4,Friday,1,2000,4,EIN,en,Bank account opening,0
fe61a0d8-adcd-4d73-b627-e9c5f979c3ae,synth_99da7b83967f,itin,tabddpm_synthetic,,['en'],EIN,2024-06-11T00:21:00+00:00,249.89,0.0,55,0,6,Sunday,0,471,0,EIN,en,Bank account opening,0
383759e2-a90c-4a82-ace4-31ececa7f7b5,synth_76a4bba6ed90,itin,tabddpm_synthetic,,['en'],EIN,2024-02-12T21:33:00+00:00,100.0,8919.05,55,21,0,Monday,90,1,100,EIN,en,Bank account opening,0
03ef6fd7-001a-40ba-8979-b28c0e095274,synth_fc9c7da33ccb,itin,tabddpm_synthetic,,['en'],EIN,2024-11-16T00:54:00+00:00,100000.0,2921.09,22,0,6,Sunday,0,1,100,EIN,en,Bank account opening,0
2dc58b45-6557-4abc-9254-4c0c8977b453,synth_f66183bbb7db,itin,tabddpm_synthetic,,['en'],EIN,2024-05-25T00:58:00+00:00,100000.0,50000.0,22,0,6,Sunday,90,1,100,EIN,en,Bank account opening,1
c181277b-a780-4731-84da-3ced65631521,synth_727181684ab9,itin,tabddpm_synthetic,,['en'],EIN,2024-11-05T00:55:00+00:00,100.0,0.0,22,0,6,Sunday,0,1,0,EIN,en,Bank account opening,0
a6b6df48-f563-417c-b8ad-6d220502d3a9,synth_d80da12b5dd8,itin,tabddpm_synthetic,,['en'],EIN,2024-08-01T23:39:00+00:00,11067.51,860.0,34,23,0,Monday,4,1,12,EIN,en,Bank account opening,0
06be8efd-e1fa-4579-b624-1954f26ef17b,synth_b05f2e0d169a,itin,tabddpm_synthetic,,['en'],EIN,2024-01-09T00:18:00+00:00,100.0,0.0,22,0,5,Saturday,1,1,2,EIN,en,Bank account opening,0
b71a8436-2e1a-4369-a4b6-93a75d3b8db8,synth_b2d9bcc1768f,itin,tabddpm_synthetic,,['en'],EIN,2024-09-22T23:21:00+00:00,100000.0,50000.0,22,23,6,Sunday,0,1,100,EIN,en,Bank account opening,0
ccb776dc-d50c-469c-b323-e541e94dc389,synth_b8ab30305e83,itin,tabddpm_synthetic,,['en'],EIN,2024-10-01T00:20:00+00:00,100000.0,50000.0,22,0,6,Sunday,0,1,100,EIN,en,Bank account opening,1
3b767af1-673e-492e-9013-bddfcbda523a,synth_0506e8aad88c,itin,tabddpm_synthetic,,['en'],EIN,2024-01-18T00:08:00+00:00,100.0,0.0,34,0,1,Tuesday,0,650,9,EIN,en,Bank account opening,0
d2f9a559-0aaa-469e-b362-a73cb3d67925,synth_77391a273b04,itin,tabddpm_synthetic,,['en'],EIN,2024-02-06T00:51:00+00:00,100.0,233.47,22,0,6,Sunday,40,2000,19,EIN,en,Bank account opening,0
7966cf29-5482-4311-8e9b-46c375a872cc,synth_56caa71165f7,itin,tabddpm_synthetic,,['es'],EIN,2024-08-11T14:45:00+00:00,181.83,48.45,25,14,3,Thursday,0,2000,2,EIN,es,Bank account opening,0
c686e1d4-478f-4da0-baa3-9b6bd660ac55,synth_97bf4d49f3a5,itin,tabddpm_synthetic,,['en'],ITIN,2024-01-01T19:10:00+00:00,100.0,146.15,22,19,6,Sunday,1,2000,4,ITIN,en,Bank account opening,0
5c968eb9-70c8-48b6-9885-6578955d4272,synth_a96c621b01b7,itin,tabddpm_synthetic,,['en'],EIN,2024-09-11T23:36:00+00:00,100.0,0.0,22,23,6,Sunday,16,2000,8,EIN,en,Bank account opening,0
009103e9-822a-4204-90cf-accc4ff8036a,synth_2cdf8090a2c3,itin,tabddpm_synthetic,,['en'],EIN,2024-01-24T00:37:00+00:00,100.0,0.0,22,0,6,Sunday,0,1,0,EIN,en,Bank account opening,0
4f6b3386-d063-4886-85b5-800055873181,synth_a7c508317f84,itin,tabddpm_synthetic,,['en'],EIN,2024-08-09T00:25:00+00:00,100000.0,0.0,22,0,0,Monday,0,1,0,EIN,en,Bank account opening,0
18c7773d-45de-4602-a323-743e866ea130,synth_6c1f3c01bf45,itin,tabddpm_synthetic,,['en'],EIN,2024-07-23T23:39:00+00:00,100.0,8467.08,55,23,0,Monday,90,2000,0,EIN,en,Bank account opening,1
054b9854-77ae-4829-99db-b747e9e31cea,synth_d66bc015ebc1,itin,tabddpm_synthetic,,['es'],EIN,2024-02-17T12:08:00+00:00,7165.09,268.66,30,12,1,Tuesday,2,2000,10,EIN,es,Bank account opening,0
f87a7b91-4af3-4ec5-a370-debaf15412fc,synth_25524f13fb84,itin,tabddpm_synthetic,,['en'],EIN,2024-04-03T13:13:00+00:00,100.0,51.67,22,13,6,Sunday,90,2000,8,EIN,en,Bank account opening,0
041274ac-bf9b-437f-ace2-f892d80bf8bf,synth_1f296dcb3612,itin,tabddpm_synthetic,,['en'],EIN,2024-05-18T23:11:00+00:00,100000.0,50000.0,55,23,0,Monday,90,1,100,EIN,en,Bank account opening,0
1e8fcd8b-de72-443b-a282-35611eaa980a,synth_5b6c8befab96,itin,tabddpm_synthetic,,['en'],EIN,2024-10-14T00:55:00+00:00,100000.0,50000.0,22,0,0,Monday,90,1,100,EIN,en,Bank account opening,0
12418dd4-0ec0-4696-9ebf-8a0ae4a421bc,synth_4007b54de524,itin,tabddpm_synthetic,,['en'],EIN,2024-01-23T23:04:00+00:00,92803.31,43604.63,55,23,0,Monday,90,2000,100,EIN,en,Bank account opening,0
554f875f-762d-4fbd-9acc-7fe33087d982,synth_c9d2ed2cfcef,itin,tabddpm_synthetic,,['en'],EIN,2024-05-06T23:22:00+00:00,100.0,2997.16,55,23,0,Monday,90,2000,0,EIN,en,Bank account opening,0
bcc01e47-b209-4a00-a539-3295e1f9c5c6,synth_469c10fb4591,itin,tabddpm_synthetic,,['en'],EIN,2024-07-03T23:15:00+00:00,100.0,0.0,22,23,6,Sunday,21,2000,13,EIN,en,Bank account opening,0
6dad1dde-494f-421a-82ad-641def5ad5a0,synth_62930fc0c78b,itin,tabddpm_synthetic,,['en'],EIN,2024-12-12T00:42:00+00:00,100000.0,50000.0,22,0,6,Sunday,0,1,100,EIN,en,Bank account opening,1
06cbface-f644-423d-aaf0-26e47d44dbd0,synth_a6b1cde99f65,itin,tabddpm_synthetic,,['en'],EIN,2024-09-18T23:27:00+00:00,3570.86,0.0,22,23,0,Monday,1,1,5,EIN,en,Bank account opening,0
3a90a529-dd62-46df-9c5f-36653e298462,synth_d6bebd56a85d,itin,tabddpm_synthetic,,['en'],EIN,2024-10-05T00:35:00+00:00,100.0,443.79,55,0,6,Sunday,0,1,11,EIN,en,Bank account opening,0
d134e12b-e5d1-4a56-8505-9412ee7a4960,synth_547492afbf3f,itin,tabddpm_synthetic,,['en'],EIN,2024-05-12T17:31:00+00:00,100.0,0.0,22,17,6,Sunday,52,2000,9,EIN,en,Bank account opening,0
54f384f2-b06d-4638-9dd2-d6dce9165872,synth_6123366675ef,itin,tabddpm_synthetic,,['en'],EIN,2024-11-22T00:15:00+00:00,100000.0,47807.02,22,0,6,Sunday,0,1,100,EIN,en,Bank account opening,1
b7fb4486-07d0-4b4b-a237-ccd4ab212f6f,synth_04b1dffcc9fd,itin,tabddpm_synthetic,,['en'],EIN,2024-04-28T00:41:00+00:00,100.0,0.0,22,0,1,Tuesday,0,669,0,EIN,en,Bank account opening,0
5d2e69dd-de88-4dd8-9202-049a6f60e496,synth_b8776ac6f57d,itin,tabddpm_synthetic,,['en'],EIN,2024-10-06T04:58:00+00:00,11861.64,590.53,55,4,0,Monday,90,1,16,EIN,en,Bank account opening,0
92646811-4f99-457a-be10-bb760a519ecc,synth_71e1141b987e,itin,tabddpm_synthetic,,['en'],EIN,2024-06-17T23:33:00+00:00,100000.0,50000.0,22,23,0,Monday,90,1,100,EIN,en,Bank account opening,0
1bebb5e6-cb2b-4f60-9fc8-e43777307e24,synth_657677ecd536,itin,tabddpm_synthetic,,['en'],EIN,2024-09-18T23:57:00+00:00,100000.0,50000.0,22,23,6,Sunday,90,1,100,EIN,en,Bank account opening,0
d63a73fc-1ea9-4bd1-91cc-1b2593ec8a18,synth_06285b9d4dd6,itin,tabddpm_synthetic,,['en'],EIN,2024-04-11T00:40:00+00:00,100.0,0.0,22,0,0,Monday,0,2000,0,EIN,en,Bank account opening,0
bbf5afa3-e559-4b5e-9a7c-b106e6dbcfcd,synth_6689f19de32b,itin,tabddpm_synthetic,,['en'],EIN,2024-03-17T16:27:00+00:00,100.0,210.48,25,16,0,Monday,26,2000,11,EIN,en,Bank account opening,0
1b665890-bfc4-4401-9ecb-d59e89098887,synth_4023f6523bbb,itin,tabddpm_synthetic,,['en'],EIN,2024-10-11T11:30:00+00:00,100.0,1225.21,22,11,6,Sunday,90,2000,0,EIN,en,Bank account opening,0
a9e7f6e4-d126-4697-be87-90fa309750b8,synth_6e073a6e8402,itin,tabddpm_synthetic,,['en'],EIN,2024-08-12T00:25:00+00:00,100000.0,50000.0,22,0,6,Sunday,0,1,100,EIN,en,Bank account opening,0
79e52bff-c661-4297-8592-e5e05f94c75c,synth_49cc23019d59,itin,tabddpm_synthetic,,['en'],EIN,2024-12-07T00:13:00+00:00,100.0,397.86,55,0,6,Sunday,0,1,23,EIN,en,Bank account opening,0
6b11d52b-ec30-4b23-859a-95c899c7657a,synth_a08b8bf4354f,itin,tabddpm_synthetic,,['en'],EIN,2024-03-06T00:34:00+00:00,100.0,0.0,22,0,1,Tuesday,0,2000,0,EIN,en,Bank account opening,0
1f40a0f4-5f99-47a7-9435-e674bb2bdbd9,synth_815698069e8d,itin,tabddpm_synthetic,,['en'],EIN,2024-03-31T23:25:00+00:00,100.0,6643.79,55,23,6,Sunday,90,2000,0,EIN,en,Bank account opening,0
9695ec5e-a65d-4dba-8495-beb96ef1187b,synth_29a97f29c2e1,itin,tabddpm_synthetic,,['en'],EIN,2024-04-11T08:59:00+00:00,100.0,3309.08,55,8,6,Sunday,90,2000,0,EIN,en,Bank account opening,0
8aec5cc5-4481-4d75-af9a-09e8cdbe0a02,synth_3aca07345225,itin,tabddpm_synthetic,,['en'],EIN,2024-07-12T23:59:00+00:00,100.0,4078.02,55,23,0,Monday,90,2000,0,EIN,en,Bank account opening,0
354a5a86-7cd6-47ba-896a-d68942e58ee6,synth_0e9f25615098,itin,tabddpm_synthetic,,['en'],EIN,2024-02-18T23:20:00+00:00,100000.0,50000.0,22,23,6,Sunday,0,1,100,EIN,en,Bank account opening,1
13caf6db-00de-487d-8f93-8749d0a29ba3,synth_0a435924ce38,itin,tabddpm_synthetic,,['en'],EIN,2024-09-26T23:57:00+00:00,100000.0,26102.33,22,23,6,Sunday,0,1,100,EIN,en,Bank account opening,1
6f01be89-3b0b-4d39-9f10-a0d3f7b52877,synth_4e16a5f51653,itin,tabddpm_synthetic,,['en'],EIN,2024-12-30T16:27:00+00:00,100.0,0.0,22,16,3,Thursday,0,290,19,EIN,en,Bank account opening,0
574dfe3e-6288-4a7d-8625-4c2db30efbe6,synth_23b278fa9e80,itin,tabddpm_synthetic,,['en'],EIN,2024-12-18T23:25:00+00:00,100.0,3522.14,55,23,0,Monday,90,2000,14,EIN,en,Bank account opening,0
4a05f408-caf1-4918-9c1c-2942514adbb3,synth_473bd768681d,itin,tabddpm_synthetic,,['en'],EIN,2024-10-10T21:30:00+00:00,100.0,0.0,22,21,6,Sunday,9,2000,4,EIN,en,Bank account opening,0
544c3238-3acb-46ad-a603-787c1eaad57f,synth_1f79c4a288a9,itin,tabddpm_synthetic,,['en'],EIN,2024-05-29T12:26:00+00:00,100.0,0.0,22,12,6,Sunday,76,2000,13,EIN,en,Bank account opening,0
028bf428-bd92-473a-a0b0-b335cd45a81e,synth_9675adf809d9,itin,tabddpm_synthetic,,['en'],EIN,2024-07-07T00:03:00+00:00,100000.0,4783.81,22,0,6,Sunday,0,1,100,EIN,en,Bank account opening,0
663a9e35-7bca-49ed-aaff-f002429d45e2,synth_d99a9b5e86f6,itin,tabddpm_synthetic,,['en'],EIN,2024-08-07T17:56:00+00:00,100.0,1026.86,55,17,6,Sunday,90,2000,0,EIN,en,Bank account opening,0
0322409e-5d52-42d9-bbf7-0846a9086350,synth_04229c47f662,itin,tabddpm_synthetic,,['en'],EIN,2024-08-31T00:37:00+00:00,100000.0,41499.36,22,0,0,Monday,0,1,87,EIN,en,Bank account opening,0
df76402e-63c4-4875-883f-3087f80202af,synth_8ba2ff31b399,itin,tabddpm_synthetic,,['en'],EIN,2024-01-27T00:02:00+00:00,100.0,42.1,29,0,6,Sunday,0,1,0,EIN,en,Bank account opening,0
e95e374c-8728-459c-aaae-ec9da501a0f0,synth_c99520bcf135,itin,tabddpm_synthetic,,['es'],EIN,2024-11-07T08:05:00+00:00,27201.62,1066.96,53,8,3,Thursday,25,2000,8,EIN,es,Bank account opening,0
4f755cf2-08c2-48b7-92d3-8cdb6af0058e,synth_25ac9b3efa94,itin,tabddpm_synthetic,,['en'],EIN,2024-07-25T00:31:00+00:00,100.0,0.0,22,0,6,Sunday,0,1,24,EIN,en,Bank account opening,0
c20211ba-1899-47ad-8d09-e4b995086b25,synth_ad085723f0b9,itin,tabddpm_synthetic,,['en'],EIN,2024-01-17T19:21:00+00:00,100.0,11.52,22,19,6,Sunday,10,2000,0,EIN,en,Bank account opening,0
9fea43f4-904c-4db0-b9ac-be802afab98e,synth_fb3997ff0501,itin,tabddpm_synthetic,,['en'],EIN,2024-08-02T23:55:00+00:00,10470.34,0.0,22,23,0,Monday,0,1,31,EIN,en,Bank account opening,0
e1e2c949-b720-4af0-8b4f-bf78187d0816,synth_9aad4c5fa082,itin,tabddpm_synthetic,,['en'],EIN,2024-11-25T00:48:00+00:00,100000.0,50000.0,22,0,6,Sunday,0,1,100,EIN,en,Bank account opening,0
a211754d-4ff8-4c1b-a6b9-1337b1377969,synth_35fea6b45be4,itin,tabddpm_synthetic,,['en'],EIN,2024-12-26T00:38:00+00:00,19164.09,818.14,22,0,6,Sunday,0,1,82,EIN,en,Bank account opening,0
f5898a65-aeb4-4d75-acd1-4ea7798526a0,synth_8eaf68c223a8,itin,tabddpm_synthetic,,['en'],EIN,2024-01-31T23:39:00+00:00,100.0,3946.08,55,23,0,Monday,90,2000,0,EIN,en,Bank account opening,0
c016dcff-e197-4c5f-9574-c01560e5576e,synth_e3ddb0b927b2,itin,tabddpm_synthetic,,['en'],EIN,2024-12-14T23:52:00+00:00,100.0,5741.22,55,23,0,Monday,90,977,0,EIN,en,Bank account opening,0
a7fe9005-3471-48db-b9b0-48f5e5b1d739,synth_e5209d00621a,itin,tabddpm_synthetic,,['en'],EIN,2024-05-14T23:06:00+00:00,100.0,5347.17,55,23,0,Monday,90,2000,0,EIN,en,Bank account opening,0
d24d10c1-5c44-4c95-84d2-41a6128872ed,synth_42234c487232,itin,tabddpm_synthetic,,['en'],EIN,2024-08-03T00:01:00+00:00,100000.0,3081.55,22,0,0,Monday,0,1,100,EIN,en,Bank account opening,0
125e9849-6f71-4b88-83ac-c359b128bc0c,synth_5c5f09f0f891,itin,tabddpm_synthetic,,['en'],EIN,2024-11-07T00:48:00+00:00,100.0,0.0,55,0,6,Sunday,0,1,58,EIN,en,Bank account opening,0
f61968d4-308c-4c25-9b10-411d5016fb68,synth_528b52729aef,itin,tabddpm_synthetic,,['en'],EIN,2024-12-05T23:16:00+00:00,4701.81,0.0,22,23,2,Wednesday,8,1227,12,EIN,en,Bank account opening,0
809b3b57-9eae-40f2-8ff9-cdb6b4384555,synth_b223123ab62d,itin,tabddpm_synthetic,,['en'],EIN,2024-09-07T00:03:00+00:00,13406.09,713.62,31,0,6,Sunday,4,1,42,EIN,en,Bank account opening,0
92584f7a-a1d4-4367-b180-3da56b58bccb,synth_8fd722d6633a,itin,tabddpm_synthetic,,['en'],EIN,2024-06-27T00:34:00+00:00,70493.45,2168.23,22,0,6,Sunday,0,1,100,EIN,en,Bank account opening,0
53eaa81a-c8c7-4d9c-925f-3764217505b8,synth_02730a74852a,itin,tabddpm_synthetic,,['en'],EIN,2024-01-04T00:05:00+00:00,100000.0,50000.0,22,0,6,Sunday,0,1,100,EIN,en,Bank account opening,1
7343c567-dd0d-4692-9b00-b29a72e3b2ca,synth_6a4885eb5aff,itin,tabddpm_synthetic,,['en'],EIN,2024-10-04T23:59:00+00:00,14829.78,0.0,22,23,0,Monday,0,1,59,EIN,en,Bank account opening,0
64dfcabc-d55c-4670-989d-e8167a8dd107,synth_2de619ee963d,itin,tabddpm_synthetic,,['en'],EIN,2024-08-08T23:39:00+00:00,100000.0,25258.9,22,23,6,Sunday,0,1,100,EIN,en,Bank account opening,0
da7a6299-fbca-4c60-b58d-7aa9e9ed4f7b,synth_f83c114020bf,itin,tabddpm_synthetic,,['en'],EIN,2024-03-24T23:05:00+00:00,100000.0,50000.0,22,23,6,Sunday,0,1,100,EIN,en,Bank account opening,0
1dcce20a-532b-4317-8d0a-a073d9baf279,synth_615949fdfc33,itin,tabddpm_synthetic,,['en'],EIN,2024-12-01T23:49:00+00:00,100.0,0.0,22,23,4,Friday,1,2000,4,EIN,en,Bank account opening,0
72228f9f-522d-4fac-8ea0-754dea36a885,synth_a6e279ae657f,itin,tabddpm_synthetic,,['es'],EIN,2024-10-23T04:27:00+00:00,4986.77,80.55,30,4,5,Saturday,0,137,21,EIN,es,Bank account opening,0
ff714689-e27d-4776-9fb5-0db58bb92a7b,synth_df0d15e9ffa0,itin,tabddpm_synthetic,,['en'],EIN,2024-11-24T23:49:00+00:00,100.0,36145.79,55,23,0,Monday,90,2000,0,EIN,en,Bank account opening,1
9a12c580-4cc2-4547-ad48-6c6022a20a43,synth_8050bc4a27e5,itin,tabddpm_synthetic,,['en'],EIN,2024-04-19T23:51:00+00:00,1475.57,0.0,22,23,3,Thursday,0,330,11,EIN,en,Bank account opening,0
b5c41e99-cfee-4545-92a4-ec34bcefcaba,synth_673587ee34f2,itin,tabddpm_synthetic,,['en'],EIN,2024-05-12T06:14:00+00:00,100.0,0.0,27,6,0,Monday,3,2000,2,EIN,en,Bank account opening,0
6ce67d6e-bdd7-4d4f-8edd-ff4ed7180658,synth_7eacb17ccad5,itin,tabddpm_synthetic,,['en'],EIN,2024-08-04T19:56:00+00:00,100.0,0.0,22,19,6,Sunday,36,2000,13,EIN,en,Bank account opening,0
919fb3ce-f03d-4427-853f-16d9baabda3b,synth_ffb553083d6d,itin,tabddpm_synthetic,,['en'],EIN,2024-01-29T00:35:00+00:00,100.0,0.0,29,0,2,Wednesday,0,1854,2,EIN,en,Bank account opening,0
202ac1c8-57c5-462b-9074-79cf3bafacb4,synth_05e20ed9066a,itin,tabddpm_synthetic,,['en'],EIN,2024-01-21T00:26:00+00:00,100000.0,11254.47,22,0,0,Monday,0,1,100,EIN,en,Bank account opening,0
322a94af-0a05-4367-9ad6-353cd870a238,synth_2fbf9263ade4,itin,tabddpm_synthetic,,['en'],EIN,2024-05-11T23:56:00+00:00,100000.0,50000.0,22,23,6,Sunday,0,1,100,EIN,en,Bank account opening,1
42a57452-393d-4494-a9c2-7804cd09c347,synth_8760dbeca9ad,itin,tabddpm_synthetic,,['es'],EIN,2024-06-20T05:10:00+00:00,100.0,0.0,55,5,0,Monday,46,677,7,EIN,es,Bank account opening,0
32489611-9da3-4076-aadc-f1d406ec6bfb,synth_30eaa84c4d2c,itin,tabddpm_synthetic,,['en'],EIN,2024-11-15T00:48:00+00:00,100000.0,50000.0,22,0,0,Monday,0,1,100,EIN,en,Bank account opening,0
d48fec8a-9f08-413b-a36e-6cef9d31e552,synth_e8f5a33c4608,itin,tabddpm_synthetic,,['en'],EIN,2024-03-10T00:50:00+00:00,42548.25,9320.96,55,0,0,Monday,90,1,100,EIN,en,Bank account opening,0
541e8b0b-0d0c-4fed-b50f-6c876596ffd1,synth_a1b62db9b21c,itin,tabddpm_synthetic,,['en'],EIN,2024-03-08T23:13:00+00:00,100.0,0.0,22,23,6,Sunday,11,2000,2,EIN,en,Bank account opening,0
3496fbac-3e3e-4c18-af90-e5f788a3cc66,synth_47a10f8f10b6,itin,tabddpm_synthetic,,['en'],EIN,2024-05-14T00:43:00+00:00,100000.0,50000.0,22,0,0,Monday,0,1,100,EIN,en,Bank account opening,1
edc20422-d45f-4176-bda0-da5983c0b23e,synth_d2253c3905fc,itin,tabddpm_synthetic,,['en'],EIN,2024-09-11T07:31:00+00:00,100.0,30.83,35,7,1,Tuesday,1,1886,8,EIN,en,Bank account opening,0
667815a9-6613-4fc2-9ca5-6af6a1ef7b6e,synth_c6da2d225761,itin,tabddpm_synthetic,,['en'],EIN,2024-12-04T23:12:00+00:00,100000.0,50000.0,22,23,6,Sunday,0,1,100,EIN,en,Bank account opening,1
b4100e46-b4d6-4f3b-a21c-2759482d06bc,synth_a05b6e5391e2,itin,tabddpm_synthetic,,['en'],EIN,2024-12-19T00:55:00+00:00,100.0,79.33,22,0,6,Sunday,60,2000,0,EIN,en,Bank account opening,0
e646e77c-036e-4c43-b4f1-75b768f57655,synth_3c0e0afa5ca3,itin,tabddpm_synthetic,,['en'],ITIN,2024-04-07T08:09:00+00:00,8344.31,756.49,25,8,0,Monday,12,2000,3,ITIN,en,Bank account opening,0
86d57f68-997a-477f-817c-1b08a3b72aef,synth_90cb7bfaf12c,itin,tabddpm_synthetic,,['en'],EIN,2024-03-11T00:05:00+00:00,4231.79,0.0,22,0,3,Thursday,0,1,27,EIN,en,Bank account opening,0
cf6877ec-ba0d-4e8a-9a8b-5ad3e09354b3,synth_bf926e7bd525,itin,tabddpm_synthetic,,['en'],EIN,2024-07-25T00:01:00+00:00,100000.0,50000.0,22,0,6,Sunday,0,1,100,EIN,en,Bank account opening,1
617c0669-7469-443f-a6b3-ff3578289ebf,synth_2e9a3b35a3d0,itin,tabddpm_synthetic,,['en'],EIN,2024-03-15T23:11:00+00:00,100.0,23665.33,55,23,0,Monday,90,2000,0,EIN,en,Bank account opening,0
fb1e8420-b0eb-440f-97f7-c06e8ffb9a43,synth_99da2602b810,itin,tabddpm_synthetic,,['en'],EIN,2024-05-31T23:07:00+00:00,100.0,5304.93,55,23,0,Monday,90,2000,0,EIN,en,Bank account opening,0
1b7ebcdf-8b75-498b-a3d9-b23ba8690f95,synth_e1075e11254f,itin,tabddpm_synthetic,,['en'],EIN,2024-11-07T00:11:00+00:00,100000.0,50000.0,22,0,6,Sunday,0,1,100,EIN,en,Bank account opening,0
3b86732c-f964-4819-9711-effd7224917b,synth_dd9f4d65ca02,itin,tabddpm_synthetic,,['es'],EIN,2024-04-23T09:01:00+00:00,100.0,0.06,22,9,1,Tuesday,0,2000,4,EIN,es,Bank account opening,0
de0fc17b-1c20-4bb7-bbb8-81001f2464d2,synth_9ddd59f39d56,itin,tabddpm_synthetic,,['en'],EIN,2024-11-10T23:38:00+00:00,100000.0,50000.0,22,23,6,Sunday,0,1,100,EIN,en,Bank account opening,0
51e77bad-eb50-4aeb-b8a8-f839e6c8cec8,synth_48d23aadac5c,itin,tabddpm_synthetic,,['en'],EIN,2024-01-22T23:34:00+00:00,100.0,7425.09,55,23,0,Monday,90,2000,31,EIN,en,Bank account opening,0
7bab5771-d0c6-4ee0-be24-6088a098a54a,synth_32e9dd4023b6,itin,tabddpm_synthetic,,['en'],EIN,2024-05-23T07:09:00+00:00,11484.2,1074.96,55,7,1,Tuesday,90,2000,12,EIN,en,Bank account opening,0
a25ce1ad-9f49-4920-a511-7674786ba404,synth_d2814c9b788d,itin,tabddpm_synthetic,,['en'],ITIN,2024-03-13T12:53:00+00:00,100.0,0.0,22,12,6,Sunday,7,2000,1,ITIN,en,Bank account opening,0
f95f9a2b-3602-416b-9b80-e09230776404,synth_af016193c5e3,itin,tabddpm_synthetic,,['en'],EIN,2024-12-27T00:53:00+00:00,100.0,0.0,22,0,4,Friday,0,1,2,EIN,en,Bank account opening,0
6fb02919-ae43-4d70-b371-282494ccdcf1,synth_7e309d49e80b,itin,tabddpm_synthetic,,['en'],EIN,2024-07-07T00:38:00+00:00,12233.24,0.0,55,0,6,Sunday,0,1,0,EIN,en,Bank account opening,0
58c73873-0c41-40db-912f-afd4702595ab,synth_a30213152eba,itin,tabddpm_synthetic,,['en'],EIN,2024-02-02T14:15:00+00:00,100.0,258.33,24,14,5,Saturday,53,2000,10,EIN,en,Bank account opening,0
2d4818c5-62d5-4a33-a016-0798204ea8f6,synth_d056834a5a3c,itin,tabddpm_synthetic,,['en'],EIN,2024-05-27T00:20:00+00:00,100.0,0.0,22,0,1,Tuesday,0,767,1,EIN,en,Bank account opening,0
5dd25de4-ac51-462d-82be-5394babb31b8,synth_b5ad76251ae5,itin,tabddpm_synthetic,,['en'],EIN,2024-08-20T23:29:00+00:00,100000.0,49967.88,55,23,6,Sunday,90,1,100,EIN,en,Bank account opening,0
c35ab4b3-972b-4fbd-bcbc-78b3974ce569,synth_0e307e0ae693,itin,tabddpm_synthetic,,['en'],EIN,2024-07-09T00:33:00+00:00,100000.0,50000.0,22,0,6,Sunday,0,1,100,EIN,en,Bank account opening,0
a7f1f5f5-49af-410e-b207-3332e116136f,synth_ea4c536a9604,itin,tabddpm_synthetic,,['en'],EIN,2024-07-27T23:03:00+00:00,100.0,23519.22,55,23,0,Monday,90,2000,0,EIN,en,Bank account opening,0
9f0801c0-fad9-40e3-913c-dee1e14f1748,synth_a2e32858b35c,itin,tabddpm_synthetic,,['en'],EIN,2024-08-20T23:05:00+00:00,100000.0,14765.75,22,23,6,Sunday,22,2000,31,EIN,en,Bank account opening,0
dcb330ff-81c2-4d52-8f26-7c020bcd9a53,synth_66f925ba580c,itin,tabddpm_synthetic,,['en'],EIN,2024-12-23T00:49:00+00:00,100.0,0.0,22,0,5,Saturday,0,1,0,EIN,en,Bank account opening,0
40bf8b95-572c-4b37-85da-4be16370f1b1,synth_bb6ef3b5911d,itin,tabddpm_synthetic,,['en'],EIN,2024-11-15T00:46:00+00:00,100000.0,50000.0,22,0,0,Monday,0,1,100,EIN,en,Bank account opening,0
a9e673cf-e48f-4f48-92ef-0d8a8cde444a,synth_1de11fdb650b,itin,tabddpm_synthetic,,['en'],EIN,2024-09-25T00:38:00+00:00,1154.25,0.0,55,0,6,Sunday,0,1274,0,EIN,en,Bank account opening,0
6cc7a07f-ae32-4655-9060-f5e5007f3622,synth_ba42c67f3f39,itin,tabddpm_synthetic,,['en'],EIN,2024-09-08T00:19:00+00:00,100000.0,50000.0,22,0,0,Monday,30,1,0,EIN,en,Bank account opening,0
1c4819ad-b805-42d0-b7ef-e32561d510b3,synth_e2eb13b3f161,itin,tabddpm_synthetic,,['en'],EIN,2024-01-08T09:26:00+00:00,3775.89,825.36,55,9,0,Monday,90,1,12,EIN,en,Bank account opening,0
f1e1ebb3-6b3f-4f83-8d08-cf134715a151,synth_604a0cf57c1f,itin,tabddpm_synthetic,,['en'],EIN,2024-08-01T23:25:00+00:00,100.0,0.0,22,23,6,Sunday,13,2000,13,EIN,en,Bank account opening,0
99c77817-c8d6-45e1-80b4-96815a639b7d,synth_b4979c1508aa,itin,tabddpm_synthetic,,['en'],EIN,2024-02-03T00:33:00+00:00,100000.0,19048.9,54,0,0,Monday,90,1,100,EIN,en,Bank account opening,0
6a822d83-4b49-4ede-b507-aeb858ec9f92,synth_8538a4ee4e4f,itin,tabddpm_synthetic,,['en'],EIN,2024-11-26T00:57:00+00:00,100000.0,35264.32,22,0,5,Saturday,0,1,100,EIN,en,Bank account opening,0
5b6260f4-5438-49ae-9fad-e4a1e52fc999,synth_161b88d97ff8,itin,tabddpm_synthetic,,['en'],EIN,2024-07-16T00:22:00+00:00,100.0,0.0,22,0,0,Monday,0,1478,0,EIN,en,Bank account opening,0
8d49b70d-28bc-4d26-9979-41ce7cbbf0e8,synth_97afd9261f9a,itin,tabddpm_synthetic,,['en'],EIN,2024-03-08T22:54:00+00:00,100.0,0.0,22,22,6,Sunday,40,2000,7,EIN,en,Bank account opening,0
b00586bd-8fa7-47b8-80fb-7ed58b7f9657,synth_b3b31bbc0788,itin,tabddpm_synthetic,,['en'],EIN,2024-01-03T23:43:00+00:00,100000.0,50000.0,22,23,6,Sunday,0,1,100,EIN,en,Bank account opening,0
fbd4dcad-1d6a-4f96-aa86-18f9ab996df2,synth_028c23bd1d8c,itin,tabddpm_synthetic,,['en'],EIN,2024-12-21T23:18:00+00:00,4571.22,6075.58,22,23,6,Sunday,7,1,100,EIN,en,Bank account opening,1
b15bfb3b-d951-48c8-855b-a75f765dd0a1,synth_a9b61c70ba0a,itin,tabddpm_synthetic,,['en'],EIN,2024-12-08T23:56:00+00:00,10628.83,60.97,22,23,2,Wednesday,0,1,37,EIN,en,Bank account opening,0
38be6ec1-353a-4baa-8e80-af7e7684093d,synth_29c102f17089,itin,tabddpm_synthetic,,['en'],EIN,2024-05-25T00:40:00+00:00,31040.09,1292.6,22,0,6,Sunday,90,1,82,EIN,en,Bank account opening,0
f1c2f3e1-ef63-4c03-aad2-72be438cf759,synth_73c99b298dc2,itin,tabddpm_synthetic,,['en'],EIN,2024-08-28T00:46:00+00:00,5186.94,0.0,22,0,0,Monday,0,1,2,EIN,en,Bank account opening,0
eca2f3d4-54b1-427a-bd62-e419f65accec,synth_f0a0a135a2fe,itin,tabddpm_synthetic,,['en'],EIN,2024-10-01T21:17:00+00:00,100.0,431.3,23,21,6,Sunday,90,2000,14,EIN,en,Bank account opening,0
da95ace6-c29e-4fe7-bb30-d2164900ae9b,synth_ecab507b5f39,itin,tabddpm_synthetic,,['en'],EIN,2024-08-19T23:22:00+00:00,27449.48,0.0,22,23,0,Monday,0,1,93,EIN,en,Bank account opening,0
0be0b202-b985-485e-877a-bcf8598fbe8d,synth_e0579f67580e,itin,tabddpm_synthetic,,['en'],EIN,2024-01-20T00:20:00+00:00,100000.0,50000.0,22,0,6,Sunday,0,1,100,EIN,en,Bank account opening,0
8bd556b7-97ff-42d0-8a2e-87dfa4f018ac,synth_97c345ff1752,itin,tabddpm_synthetic,,['en'],EIN,2024-09-15T11:53:00+00:00,17797.77,299.13,33,11,3,Thursday,0,1,58,EIN,en,Bank account opening,0
a09aed98-6a04-4080-bd28-534211a9b8a4,synth_fc48b1dd0dff,itin,tabddpm_synthetic,,['en'],EIN,2024-03-07T00:14:00+00:00,100000.0,44444.77,22,0,6,Sunday,0,1,100,EIN,en,Bank account opening,1
e3cea11c-d2cc-4bcc-ad7b-4dcb17864af6,synth_e1c821001eff,itin,tabddpm_synthetic,,['en'],EIN,2024-12-09T00:20:00+00:00,100000.0,50000.0,22,0,6,Sunday,0,1,100,EIN,en,Bank account opening,0
0e6b64d3-9dbf-4c9c-b94b-8b8a9bab496b,synth_23b53082bb87,itin,tabddpm_synthetic,,['en'],EIN,2024-01-31T00:42:00+00:00,100.0,0.0,22,0,6,Sunday,0,1,0,EIN,en,Bank account opening,0
a859f4e9-5b04-483e-96a1-773189208a16,synth_858f8e159208,itin,tabddpm_synthetic,,['en'],EIN,2024-12-11T00:10:00+00:00,48373.25,3000.53,55,0,0,Monday,90,1,59,EIN,en,Bank account opening,0
7f701f91-c38a-4bf9-9993-0d94ed6005f9,synth_abbc85b8f0e5,itin,tabddpm_synthetic,,['en'],EIN,2024-01-14T00:39:00+00:00,100.0,3243.35,55,0,6,Sunday,90,2000,0,EIN,en,Bank account opening,0
c6d71ec7-fada-4986-860b-649702cf23e8,synth_72a0360e5f62,itin,tabddpm_synthetic,,['en'],EIN,2024-03-25T00:00:00+00:00,100000.0,50000.0,55,0,0,Monday,90,1,3,EIN,en,Bank account opening,0
d955fd4d-f578-4c8b-ab5d-bff537af7664,synth_28e7aa62acb9,itin,tabddpm_synthetic,,['en'],EIN,2024-02-14T23:42:00+00:00,4235.9,6504.32,22,23,6,Sunday,16,556,100,EIN,en,Bank account opening,0
8e0b2adc-87f8-45be-93e6-621a2a7d6a40,synth_ab0241719968,itin,tabddpm_synthetic,,['en'],EIN,2024-05-01T12:49:00+00:00,100.0,0.0,22,12,3,Thursday,8,2000,8,EIN,en,Bank account opening,0
3f559aff-2269-4210-8c17-d6b44cc18690,synth_df7f4a1aef6c,itin,tabddpm_synthetic,,['en'],EIN,2024-04-30T00:01:00+00:00,100.0,0.0,55,0,6,Sunday,0,1,0,EIN,en,Bank account opening,0
2e0652aa-df4d-46c4-beaf-809c31ca53c2,synth_efba1ffa0234,itin,tabddpm_synthetic,,['en'],EIN,2024-01-24T23:50:00+00:00,100000.0,45154.0,22,23,6,Sunday,0,1,100,EIN,en,Bank account opening,0
670a4993-27cd-4c01-b810-9d5fc72f2087,synth_962e460b6ad7,itin,tabddpm_synthetic,,['en'],EIN,2024-01-24T00:44:00+00:00,100.0,0.0,22,0,1,Tuesday,0,769,0,EIN,en,Bank account opening,0
1c87a86e-2a4c-4952-a663-54a8e8bf5a2d,synth_7f828062e7f8,itin,tabddpm_synthetic,,['en'],EIN,2024-03-19T23:02:00+00:00,4341.08,9583.56,55,23,0,Monday,90,1,100,EIN,en,Bank account opening,0
ca6e12e6-38f7-4246-be80-3c5f3abe8385,synth_e587785be560,itin,tabddpm_synthetic,,['en'],EIN,2024-01-15T00:43:00+00:00,822.2,320.31,49,0,6,Sunday,1,1,54,EIN,en,Bank account opening,0
4287e8cc-83ef-489e-b8ab-96902f505189,synth_fba3b25bde44,itin,tabddpm_synthetic,,['en'],EIN,2024-03-08T00:41:00+00:00,14351.05,132.61,22,0,4,Friday,7,1,65,EIN,en,Bank account opening,0
3f1c120c-74d7-4cfd-979b-392d5a257d24,synth_11c19d47a57e,itin,tabddpm_synthetic,,['en'],EIN,2024-08-11T23:38:00+00:00,100.0,40389.05,55,23,0,Monday,90,2000,0,EIN,en,Bank account opening,0
e260812e-12bf-4627-adcc-baa6f407781a,synth_8bc3d8efa234,itin,tabddpm_synthetic,,['en'],EIN,2024-03-13T23:17:00+00:00,100.0,13507.17,55,23,0,Monday,90,2000,0,EIN,en,Bank account opening,0
3a2d2c98-2748-460b-9107-63827badfa86,synth_842a7ae6f7ba,itin,tabddpm_synthetic,,['en'],EIN,2024-07-18T15:53:00+00:00,100.0,472.73,55,15,6,Sunday,90,2000,3,EIN,en,Bank account opening,0
077c2521-ce8b-4354-8cee-a39ae4ba8f18,synth_c9f31b2bade0,itin,tabddpm_synthetic,,['en'],EIN,2024-04-14T23:47:00+00:00,100.0,17977.17,55,23,0,Monday,90,2000,0,EIN,en,Bank account opening,0
d4421ed0-2484-4c3f-87b3-a808199faf53,synth_148830751ca1,itin,tabddpm_synthetic,,['en'],EIN,2024-07-13T23:49:00+00:00,100000.0,50000.0,22,23,6,Sunday,90,1,100,EIN,en,Bank account opening,0
72fcddc5-dbf2-467a-b628-178cd77addf0,synth_40531f046c4c,itin,tabddpm_synthetic,,['en'],EIN,2024-01-23T17:35:00+00:00,13421.69,188.37,22,17,2,Wednesday,0,1,51,EIN,en,Bank account opening,0
24cfafc4-190a-4d43-ac46-b363dd578207,synth_ac120afd0054,itin,tabddpm_synthetic,,['en'],EIN,2024-02-18T11:55:00+00:00,13850.15,9.54,22,11,0,Monday,2,1,43,EIN,en,Bank account opening,0
ac1760b7-291d-4a8e-a660-5de95a0c1216,synth_dafbf80c58a8,itin,tabddpm_synthetic,,['es'],EIN,2024-05-29T04:19:00+00:00,100.0,0.0,22,4,0,Monday,0,1509,9,EIN,es,Bank account opening,0
e3bd258e-3057-4633-a067-87cb0a2d6c07,synth_9adbb035bbc4,itin,tabddpm_synthetic,,['en'],EIN,2024-05-13T14:41:00+00:00,100.0,826.02,33,14,6,Sunday,90,2000,0,EIN,en,Bank account opening,0
3b48d182-fa23-4ba4-b7c7-6b53aa908ef9,synth_a984d6fb57cc,itin,tabddpm_synthetic,,['en'],EIN,2024-05-02T23:03:00+00:00,100.0,0.0,22,23,6,Sunday,25,2000,16,EIN,en,Bank account opening,0
64032560-d1fb-453f-aff6-4077c6d1f59b,synth_6a1fd8f15fe1,itin,tabddpm_synthetic,,['en'],EIN,2024-11-26T23:55:00+00:00,100000.0,24520.79,22,23,6,Sunday,90,1,100,EIN,en,Bank account opening,0
f99ae7a4-6e2c-4689-a825-81f7c591087a,synth_fc072c465463,itin,tabddpm_synthetic,,['en'],ITIN,2024-03-08T14:16:00+00:00,5658.79,87.34,43,14,1,Tuesday,4,1541,11,ITIN,en,Bank account opening,0
c3025bda-c2ff-434b-aa46-cbd4a52254ad,synth_e3677222e864,itin,tabddpm_synthetic,,['en'],EIN,2024-03-06T23:12:00+00:00,100.0,1107.67,55,23,0,Monday,90,2000,0,EIN,en,Bank account opening,0
500759fe-0724-45a8-b8f6-5147491661c0,synth_a14c8fc8e732,itin,tabddpm_synthetic,,['en'],EIN,2024-04-14T19:57:00+00:00,100.0,0.0,22,19,6,Sunday,7,2000,8,EIN,en,Bank account opening,0
3fa330b5-e163-46f5-9d43-985aae7642fd,synth_f7fd4dcb1830,itin,tabddpm_synthetic,,['en'],EIN,2024-01-08T23:35:00+00:00,100000.0,50000.0,22,23,6,Sunday,0,1,100,EIN,en,Bank account opening,1
b0cc7ff0-679e-417d-ac38-14e16b5a68b9,synth_3a1129df6ced,itin,tabddpm_synthetic,,['en'],EIN,2024-11-12T00:42:00+00:00,18576.07,521.31,22,0,6,Sunday,0,1,79,EIN,en,Bank account opening,0
e0a634de-8953-4aec-bfca-313c790e9d81,synth_446ccb6d39ea,itin,tabddpm_synthetic,,['en'],EIN,2024-07-15T14:17:00+00:00,100.0,42.85,22,14,6,Sunday,36,2000,4,EIN,en,Bank account opening,0
7ce63135-8529-4c63-9fba-adcb7ec06c4f,synth_b80c521270ef,itin,tabddpm_synthetic,,['en'],EIN,2024-08-31T21:40:00+00:00,100.0,0.0,22,21,6,Sunday,13,2000,7,EIN,en,Bank account opening,0
9602d707-85ff-4f63-9360-0337166a5540,synth_a2d533a1b3c2,itin,tabddpm_synthetic,,['en'],EIN,2024-11-30T00:00:00+00:00,100000.0,50000.0,22,0,6,Sunday,0,1,100,EIN,en,Bank account opening,1
f69d41fc-d3d2-4a8e-b69e-c3e165bd7358,synth_6dff37b0242f,itin,tabddpm_synthetic,,['en'],EIN,2024-10-26T07:15:00+00:00,17570.89,0.0,22,7,0,Monday,0,1,66,EIN,en,Bank account opening,0
231a2ce8-2e19-4978-aae9-f2927856c056,synth_88af6a50c086,itin,tabddpm_synthetic,,['en'],EIN,2024-04-21T04:54:00+00:00,2680.15,485.62,22,4,0,Monday,0,2000,8,EIN,en,Bank account opening,0
6b592407-97c0-444d-a90d-1f5ff69f3b5d,synth_02dc3edb6440,itin,tabddpm_synthetic,,['en'],EIN,2024-09-26T23:39:00+00:00,100000.0,50000.0,22,23,6,Sunday,0,1,100,EIN,en,Bank account opening,0
b50a54ff-0400-4da7-a595-53f9053002a4,synth_85ba621ae374,itin,tabddpm_synthetic,,['es'],EIN,2024-06-07T00:40:00+00:00,100.0,0.0,22,0,0,Monday,0,2000,13,EIN,es,Bank account opening,0
d2fb78e9-313d-45a6-b78d-7e24ebb9974a,synth_995dad30d18c,itin,tabddpm_synthetic,,['en'],EIN,2024-09-15T07:30:00+00:00,100.0,0.0,22,7,6,Sunday,39,2000,15,EIN,en,Bank account opening,0
3e71acce-738c-4078-adbc-ed65d53ebf78,synth_2e722f41a82d,itin,tabddpm_synthetic,,['en'],EIN,2024-03-24T13:06:00+00:00,100.0,312.35,22,13,5,Saturday,51,2000,6,EIN,en,Bank account opening,0
61a3d37e-1833-464b-b437-ed422c580f5e,synth_4a3c15c95faa,itin,tabddpm_synthetic,,['en'],EIN,2024-03-21T07:42:00+00:00,100.0,0.0,22,7,6,Sunday,36,2000,3,EIN,en,Bank account opening,0
768fbb47-cb9e-40f2-9d22-8b2f078d48e7,synth_d1b6dd64e910,itin,tabddpm_synthetic,,['en'],EIN,2024-07-13T02:51:00+00:00,13470.56,1119.7,55,2,0,Monday,90,1361,43,EIN,en,Bank account opening,0
acbea476-d005-4357-8ad2-aaaed5d260c4,synth_42b980838df6,itin,tabddpm_synthetic,,['en'],EIN,2024-01-23T23:12:00+00:00,100000.0,17649.66,22,23,6,Sunday,0,1,100,EIN,en,Bank account opening,0
c70963f8-97af-4743-a956-46fb707b3356,synth_943dcac71597,itin,tabddpm_synthetic,,['en'],EIN,2024-07-23T00:45:00+00:00,100.0,519.2,22,0,6,Sunday,0,2000,98,EIN,en,Bank account opening,0
9852b0bf-0973-4033-a7b0-c26225d5faa5,synth_618b1576f719,itin,tabddpm_synthetic,,['en'],EIN,2024-02-10T00:28:00+00:00,100000.0,6485.35,22,0,0,Monday,0,1,100,EIN,en,Bank account opening,0
7fcf12b6-7529-4502-b447-c27ebec22610,synth_978de3604f3b,itin,tabddpm_synthetic,,['en'],EIN,2024-08-02T23:56:00+00:00,100.0,0.0,22,23,6,Sunday,10,148,14,EIN,en,Bank account opening,0
f99cc405-bc28-430f-88f3-0314d62baca2,synth_254945b48248,itin,tabddpm_synthetic,,['en'],EIN,2024-02-21T00:42:00+00:00,100.0,0.0,55,0,6,Sunday,0,1569,0,EIN,en,Bank account opening,0
7b993495-505f-4c24-936b-651c615d0285,synth_7285ae79c5b9,itin,tabddpm_synthetic,,['en'],ITIN,2024-02-26T04:04:00+00:00,18750.4,195.88,22,4,6,Sunday,0,1,91,ITIN,en,Bank account opening,0
f0013cfd-3fcf-40e4-8c80-b98f84356ca8,synth_e317f5d1adf4,itin,tabddpm_synthetic,,['en'],EIN,2024-08-25T23:47:00+00:00,100000.0,50000.0,22,23,6,Sunday,90,1,100,EIN,en,Bank account opening,0
7a1e1b10-c88e-44bc-8279-5aa62c225bc6,synth_3f4996f6d1dd,itin,tabddpm_synthetic,,['en'],EIN,2024-07-22T23:20:00+00:00,100.0,26605.91,55,23,0,Monday,90,2000,0,EIN,en,Bank account opening,0
fc11bc7b-a926-4f88-a100-f84efcea003a,synth_cddecb15e848,itin,tabddpm_synthetic,,['en'],EIN,2024-05-07T03:51:00+00:00,100.0,247.03,22,3,6,Sunday,9,1973,0,EIN,en,Bank account opening,0
a0e41194-6ecf-4d36-9e9c-b71b459889cb,synth_67e1992bf3b4,itin,tabddpm_synthetic,,['en'],EIN,2024-10-07T19:36:00+00:00,100.0,0.0,22,19,6,Sunday,39,2000,15,EIN,en,Bank account opening,0
cb15f6bb-363e-4d95-a9ae-4a32f2e98608,synth_b3c06d4631b7,itin,tabddpm_synthetic,,['en'],EIN,2024-04-25T06:05:00+00:00,6378.38,246.17,22,6,1,Tuesday,7,1539,7,EIN,en,Bank account opening,0
700260cc-e3fa-4be5-b9cd-0d1573ea7d44,synth_51e40b9581ae,itin,tabddpm_synthetic,,['en'],EIN,2024-04-06T23:18:00+00:00,100000.0,9816.86,22,23,0,Monday,0,1,74,EIN,en,Bank account opening,0
f520e787-1b18-46f1-810e-9ca3d5b88f7a,synth_b96a63510715,itin,tabddpm_synthetic,,['en'],EIN,2024-01-15T23:20:00+00:00,23552.65,0.0,22,23,0,Monday,0,1,86,EIN,en,Bank account opening,0
7818bdca-7103-4e40-a08f-0c8cb90333ce,synth_c24e2bd15696,itin,tabddpm_synthetic,,['en'],EIN,2024-09-27T00:40:00+00:00,24952.54,326.83,22,0,5,Saturday,0,1,100,EIN,en,Bank account opening,0
0d5a9135-13a1-4739-973f-01c2fc0545df,synth_c1b5a99371c2,itin,tabddpm_synthetic,,['en'],EIN,2024-09-01T19:12:00+00:00,100.0,0.0,22,19,6,Sunday,32,2000,7,EIN,en,Bank account opening,0
f2c263f6-9ccc-4815-a3ef-714d4205b3c0,synth_15c97032038d,itin,tabddpm_synthetic,,['en'],EIN,2024-05-12T10:24:00+00:00,3181.53,162.46,53,10,6,Sunday,1,174,23,EIN,en,Bank account opening,0
90c321e0-cd2f-4098-87d6-83335362634f,synth_8a3f5996da6b,itin,tabddpm_synthetic,,['en'],EIN,2024-01-06T23:23:00+00:00,100000.0,50000.0,22,23,6,Sunday,90,1,100,EIN,en,Bank account opening,1
dcad71b3-54f1-429d-8373-623901128f4b,synth_b7530d44a23d,itin,tabddpm_synthetic,,['en'],EIN,2024-09-26T23:09:00+00:00,100000.0,50000.0,22,23,6,Sunday,0,1,100,EIN,en,Bank account opening,1
fafee321-0931-41a6-9156-43dfa0310493,synth_7693052b1fe6,itin,tabddpm_synthetic,,['en'],EIN,2024-05-08T23:32:00+00:00,100000.0,50000.0,22,23,6,Sunday,0,1,100,EIN,en,Bank account opening,0
1a16c00d-e690-4bf4-a8eb-52862f8621fa,synth_d8e915042ba6,itin,tabddpm_synthetic,,['en'],EIN,2024-09-25T00:20:00+00:00,100000.0,50000.0,22,0,0,Monday,0,1,100,EIN,en,Bank account opening,0
a0d4677e-c36c-4ae3-9e58-8727f005664d,synth_9384dd0edff4,itin,tabddpm_synthetic,,['en'],EIN,2024-08-18T21:36:00+00:00,100.0,298.34,22,21,6,Sunday,10,2000,26,EIN,en,Bank account opening,0
3b7dd20b-da7b-453e-897f-5c68dccb9b21,synth_5ee4ad4f7636,itin,tabddpm_synthetic,,['en'],EIN,2024-09-28T00:43:00+00:00,100000.0,50000.0,22,0,6,Sunday,0,1,100,EIN,en,Bank account opening,0
ae463cba-2efb-4b67-a375-52c47ae8dc81,synth_2d50176fd0dd,itin,tabddpm_synthetic,,['en'],EIN,2024-09-12T23:26:00+00:00,100000.0,50000.0,22,23,6,Sunday,90,1,100,EIN,en,Bank account opening,0
c0fd0d14-38e9-4f2b-9d81-3859abc9186a,synth_ce1255fd7877,itin,tabddpm_synthetic,,['en'],ITIN,2024-06-13T23:04:00+00:00,2695.53,0.0,22,23,0,Monday,0,1,11,ITIN,en,Bank account opening,0
5c845481-ecb1-4852-8617-718dc7f8812f,synth_a1d9c2b49687,itin,tabddpm_synthetic,,['en'],EIN,2024-11-25T03:37:00+00:00,100.0,0.0,30,3,1,Tuesday,0,1542,4,EIN,en,Bank account opening,0
ddadf584-8616-470c-9151-34df45f186ae,synth_95b9bb281229,itin,tabddpm_synthetic,,['en'],EIN,2024-08-25T00:01:00+00:00,100.0,446.75,22,0,6,Sunday,55,2000,67,EIN,en,Bank account opening,0
306cd2dc-0092-4310-a878-3eb6710385ca,synth_0934adef5293,itin,tabddpm_synthetic,,['en'],EIN,2024-03-08T23:10:00+00:00,100.0,0.0,22,23,6,Sunday,3,2000,13,EIN,en,Bank account opening,0
c1ffe2dc-3cf9-49cc-a190-eb5cebf27b18,synth_971e926a749e,itin,tabddpm_synthetic,,['en'],EIN,2024-12-24T23:57:00+00:00,100.0,2307.63,55,23,6,Sunday,90,2000,0,EIN,en,Bank account opening,0
fc6abb94-1df7-4663-99f9-fd5cebc24c1a,synth_d2377ada9b01,itin,tabddpm_synthetic,,['en'],EIN,2024-02-28T23:30:00+00:00,3701.8,633.32,22,23,6,Sunday,16,305,22,EIN,en,Bank account opening,0
07e012f4-7074-44ac-9697-d1ea4360b8c6,synth_c864e920eea6,itin,tabddpm_synthetic,,['en'],EIN,2024-04-08T16:31:00+00:00,100.0,0.0,22,16,6,Sunday,72,2000,23,EIN,en,Bank account opening,0
0eafbfb0-cc2f-41da-8ecf-2b518bd88eec,synth_65dea849f9e6,itin,tabddpm_synthetic,,['en'],EIN,2024-06-17T00:35:00+00:00,850.93,415.33,22,0,6,Sunday,1,1,23,EIN,en,Bank account opening,0
8036c58a-9a91-45c7-bfbc-3a3609c14e0f,synth_323e55041605,itin,tabddpm_synthetic,,['en'],EIN,2024-10-03T13:29:00+00:00,100.0,0.0,22,13,6,Sunday,90,2000,14,EIN,en,Bank account opening,0
a070a4ab-14d0-4ee9-b082-743bd4cc4ce6,synth_f58e5b7e1424,itin,tabddpm_synthetic,,['en'],EIN,2024-07-06T21:15:00+00:00,100.0,0.0,22,21,6,Sunday,19,2000,12,EIN,en,Bank account opening,0
41d2596c-d63b-4a43-8808-2f090b89739b,synth_554d9f87a3f4,itin,tabddpm_synthetic,,['en'],EIN,2024-01-16T00:41:00+00:00,100.0,0.0,22,0,3,Thursday,0,2000,5,EIN,en,Bank account opening,0
15b8ab8e-12ae-4838-a5b9-01bc2511186b,synth_84efd284ab3f,itin,tabddpm_synthetic,,['en'],EIN,2024-04-12T00:13:00+00:00,100000.0,50000.0,22,0,6,Sunday,90,1,0,EIN,en,Bank account opening,0
8dd83e81-44c0-44c8-8627-89c616b9dd9e,synth_7a363464e49a,itin,tabddpm_synthetic,,['en'],EIN,2024-10-26T19:46:00+00:00,23015.49,854.64,22,19,6,Sunday,0,1,100,EIN,en,Bank account opening,0
fc8d5da4-87e3-4671-b83f-2d3d4d380a11,synth_d1df78509bc5,itin,tabddpm_synthetic,,['en'],EIN,2024-02-20T00:46:00+00:00,100.0,3036.39,55,0,0,Monday,90,1,6,EIN,en,Bank account opening,0
127db0a4-455c-4a73-9e36-be419d2d996c,synth_5529fa38476e,itin,tabddpm_synthetic,,['en'],EIN,2024-05-26T00:36:00+00:00,100000.0,50000.0,22,0,6,Sunday,0,1,100,EIN,en,Bank account opening,0
16f574da-1d5c-40bd-b144-ef9956fdae7b,synth_8f6c940935f1,itin,tabddpm_synthetic,,['en'],EIN,2024-12-23T23:32:00+00:00,100.0,27995.72,55,23,0,Monday,90,2000,100,EIN,en,Bank account opening,0
ae640ec0-f737-4322-8771-c56ad036396b,synth_f4d743c0909e,itin,tabddpm_synthetic,,['en'],EIN,2024-09-23T00:17:00+00:00,100000.0,50000.0,22,0,6,Sunday,0,1,100,EIN,en,Bank account opening,0
fc5a0cea-ed69-465c-996c-3728d2376160,synth_d8c2c3c63dc3,itin,tabddpm_synthetic,,['en'],EIN,2024-04-21T00:19:00+00:00,25563.47,508.07,22,0,6,Sunday,0,1,76,EIN,en,Bank account opening,0
acec9163-dea5-4798-a82c-beeb4a2d3c25,synth_9c56ad9d58f9,itin,tabddpm_synthetic,,['en'],EIN,2024-12-03T00:55:00+00:00,100.0,0.0,22,0,4,Friday,0,1127,1,EIN,en,Bank account opening,0
d4d9a7aa-b3c7-419f-892b-a0c46d3f670d,synth_b8119344d30d,itin,tabddpm_synthetic,,['en'],EIN,2024-11-11T19:29:00+00:00,100.0,232.49,36,19,6,Sunday,74,2000,16,EIN,en,Bank account opening,0
b2f2ab4e-536e-4a66-8d22-b33539eb387c,synth_e6b731aeb678,itin,tabddpm_synthetic,,['en'],EIN,2024-11-16T23:26:00+00:00,100000.0,50000.0,22,23,6,Sunday,90,1,100,EIN,en,Bank account opening,0
46347fcf-ddef-480e-999f-a3d801f7f7a7,synth_4c1c22a0be26,itin,tabddpm_synthetic,,['en'],EIN,2024-03-27T00:08:00+00:00,3276.09,150.87,22,0,6,Sunday,0,1,62,EIN,en,Bank account opening,0
2544c311-d85f-4b75-ad99-17d3133a961f,synth_966b1dcc897f,itin,tabddpm_synthetic,,['en'],EIN,2024-12-22T23:43:00+00:00,100.0,10971.9,55,23,0,Monday,90,2000,0,EIN,en,Bank account opening,0
2a7255bc-98ef-487d-aa5b-86da56351a78,synth_9238e8ccc98c,itin,tabddpm_synthetic,,['en'],EIN,2024-06-20T12:52:00+00:00,121.02,265.78,55,12,2,Wednesday,87,1420,11,EIN,en,Bank account opening,0
8dade094-d8f0-4753-97d0-3d34d66bd174,synth_629d729206df,itin,tabddpm_synthetic,,['en'],EIN,2024-04-20T16:15:00+00:00,100.0,0.0,22,16,6,Sunday,27,2000,4,EIN,en,Bank account opening,0
966066bb-0bde-4e64-a90b-a82c61a1d12f,synth_682823136c1d,itin,tabddpm_synthetic,,['en'],EIN,2024-06-25T20:33:00+00:00,100.0,0.0,22,20,6,Sunday,37,2000,12,EIN,en,Bank account opening,0
2e1bd526-02bd-4f08-b3d0-1d61a6b7a87a,synth_46ab9aa04d18,itin,tabddpm_synthetic,,['en'],EIN,2024-11-14T21:02:00+00:00,100.0,0.0,22,21,6,Sunday,27,2000,8,EIN,en,Bank account opening,0
a679bf67-952b-4497-aed1-e2f17b369911,synth_3b161cc64a2a,itin,tabddpm_synthetic,,['en'],EIN,2024-03-10T12:35:00+00:00,100.0,4851.3,55,12,0,Monday,90,1744,49,EIN,en,Bank account opening,0
73e86a57-fd8a-4345-b7a6-3b961ace24cc,synth_8b1d40982442,itin,tabddpm_synthetic,,['en'],EIN,2024-10-30T00:40:00+00:00,100000.0,50000.0,22,0,6,Sunday,90,1,100,EIN,en,Bank account opening,0
27e046b7-0158-4a54-a4f5-895dba648e2c,synth_26db861c4845,itin,tabddpm_synthetic,,['en'],EIN,2024-10-16T00:41:00+00:00,100.0,0.0,22,0,5,Saturday,0,956,0,EIN,en,Bank account opening,0
44071d0d-5f5f-4d88-ac93-533b4260a6a1,synth_9545c49b71d8,itin,tabddpm_synthetic,,['en'],EIN,2024-10-14T23:03:00+00:00,100000.0,15356.55,22,23,6,Sunday,0,1,100,EIN,en,Bank account opening,0
b0a9c5c7-f4bc-42fb-9c97-93cf7b581e49,synth_5c6017e6d026,itin,tabddpm_synthetic,,['en'],EIN,2024-03-05T17:01:00+00:00,100.0,0.0,22,17,6,Sunday,28,2000,10,EIN,en,Bank account opening,0
f9ff18cc-f418-44fb-b3a7-57f546f8c607,synth_bf20f1e92153,itin,tabddpm_synthetic,,['en'],EIN,2024-09-24T00:52:00+00:00,688.01,0.0,22,0,6,Sunday,0,1,27,EIN,en,Bank account opening,0
1070d924-0ac9-433e-9adc-9220bfb39fbb,synth_1e927c635330,itin,tabddpm_synthetic,,['en'],EIN,2024-07-17T23:52:00+00:00,100.0,2115.02,55,23,0,Monday,90,2000,0,EIN,en,Bank account opening,0
741fe01b-d1ef-4e1e-a966-466bbae3eba0,synth_edd6802363f5,itin,tabddpm_synthetic,,['en'],EIN,2024-03-09T23:48:00+00:00,100000.0,24592.21,22,23,6,Sunday,0,1,100,EIN,en,Bank account opening,1
514e668f-56f3-4450-bc65-c1884ab3fd2f,synth_987620affb86,itin,tabddpm_synthetic,,['en'],EIN,2024-02-04T23:19:00+00:00,100.0,496.07,22,23,6,Sunday,13,2000,44,EIN,en,Bank account opening,1
2185020c-2cc9-413c-a128-c6f2fc0d8bc1,synth_57ed5a1d3c83,itin,tabddpm_synthetic,,['en'],EIN,2024-07-28T23:03:00+00:00,100.0,0.0,22,23,6,Sunday,21,2000,23,EIN,en,Bank account opening,0
927b6210-dcca-4a8c-90f4-7989d0fe6e08,synth_74955b33d83a,itin,tabddpm_synthetic,,['en'],EIN,2024-03-28T23:02:00+00:00,100.0,813.48,55,23,5,Saturday,90,2000,4,EIN,en,Bank account opening,0
2b7ef0a9-2c04-4b05-b56e-6fbdeabfa9c7,synth_776318b8ffc4,itin,tabddpm_synthetic,,['en'],EIN,2024-01-13T23:13:00+00:00,100.0,16468.24,55,23,0,Monday,90,845,100,EIN,en,Bank account opening,0
17ef1f69-252d-4fab-a387-2ba94d93a4dc,synth_4129145020a2,itin,tabddpm_synthetic,,['en'],EIN,2024-12-20T00:56:00+00:00,100.0,570.26,22,0,6,Sunday,47,2000,50,EIN,en,Bank account opening,0
328539b1-e711-436f-9999-3aba99da954f,synth_39f1a95f844f,itin,tabddpm_synthetic,,['en'],EIN,2024-06-04T20:45:00+00:00,100.0,0.0,22,20,1,Tuesday,4,2000,3,EIN,en,Bank account opening,0
0ad6e939-b3e6-4d17-a7f4-e7aec78b416f,synth_c90627033944,itin,tabddpm_synthetic,,['en'],EIN,2024-01-31T23:11:00+00:00,100.0,2332.4,55,23,6,Sunday,90,2000,0,EIN,en,Bank account opening,0
d73db527-9f8e-4446-9c53-e84bc9695dae,synth_6879e6f777c5,itin,tabddpm_synthetic,,['en'],EIN,2024-07-18T00:04:00+00:00,37719.77,1020.43,22,0,6,Sunday,0,1,78,EIN,en,Bank account opening,0
8b9ac37d-1f40-4726-89da-8639b4fba10c,synth_0a0b2840d233,itin,tabddpm_synthetic,,['en'],EIN,2024-12-02T00:15:00+00:00,100000.0,50000.0,55,0,0,Monday,90,1,100,EIN,en,Bank account opening,1
05f9edb4-6400-4d03-9683-b06af483ccf3,synth_b813f30ff1a0,itin,tabddpm_synthetic,,['en'],EIN,2024-04-17T07:38:00+00:00,100.0,377.96,47,7,0,Monday,87,2000,12,EIN,en,Bank account opening,0
0a22eb6e-0d0f-4d8e-aada-7705bb8333fa,synth_95dd311612e4,itin,tabddpm_synthetic,,['en'],EIN,2024-06-17T00:34:00+00:00,100.0,0.0,22,0,0,Monday,0,2000,0,EIN,en,Bank account opening,0
97beb59b-ec9e-4ab9-9b0c-8b25819597d0,synth_7de7e9a09a05,itin,tabddpm_synthetic,,['en'],EIN,2024-06-13T00:57:00+00:00,100.0,153.74,22,0,6,Sunday,43,2000,51,EIN,en,Bank account opening,0
8d745ef7-e9a9-4ecb-9867-65d3a8ab3330,synth_f731cac00a51,itin,tabddpm_synthetic,,['en'],EIN,2024-08-20T23:05:00+00:00,100000.0,50000.0,22,23,6,Sunday,0,1,100,EIN,en,Bank account opening,0
ce5e9405-9cf4-47d4-b03c-1f57fe26fbff,synth_041d9fb78379,itin,tabddpm_synthetic,,['en'],EIN,2024-02-22T01:41:00+00:00,100.0,0.0,55,1,6,Sunday,0,1,29,EIN,en,Bank account opening,0
78c8f95f-312a-4f35-93ab-37a4c51020e5,synth_d33df949db41,itin,tabddpm_synthetic,,['en'],EIN,2024-02-28T15:19:00+00:00,100.0,0.0,22,15,4,Friday,9,2000,10,EIN,en,Bank account opening,0
a1bdb770-7bde-42d7-90b6-258d0c94872d,synth_a3d82183f19b,itin,tabddpm_synthetic,,['en'],EIN,2024-01-10T23:52:00+00:00,100000.0,50000.0,22,23,6,Sunday,0,1,100,EIN,en,Bank account opening,1
dbd0d8bf-d309-4200-b46b-10ff94f6744c,synth_6e01075a6d36,itin,tabddpm_synthetic,,['en'],EIN,2024-11-03T00:10:00+00:00,100000.0,50000.0,22,0,6,Sunday,0,1,100,EIN,en,Bank account opening,0
8883093a-dab5-4fb8-b601-f8529a9000e6,synth_e91eddfbf5fe,itin,tabddpm_synthetic,,['en'],EIN,2024-10-14T23:17:00+00:00,100.0,0.0,22,23,6,Sunday,26,2000,8,EIN,en,Bank account opening,0
727ee93a-5330-461c-bad5-de3a61ba566d,synth_7c2af9de6cdf,itin,tabddpm_synthetic,,['en'],EIN,2024-10-03T23:28:00+00:00,100.0,7532.31,55,23,0,Monday,90,2000,0,EIN,en,Bank account opening,0
ff6062df-23d6-4f66-99fd-876e8f9810bb,synth_2c446b8d8307,itin,tabddpm_synthetic,,['en'],EIN,2024-10-26T00:59:00+00:00,100.0,0.0,31,0,1,Tuesday,0,2000,6,EIN,en,Bank account opening,0
a5a228ae-bdc6-4b3c-b47f-064c6c2e767d,synth_e62da051e89f,itin,tabddpm_synthetic,,['en'],EIN,2024-08-12T01:59:00+00:00,100.0,326.15,22,1,6,Sunday,66,2000,18,EIN,en,Bank account opening,0
0bf4c84e-16c4-441d-90c3-7514190d7ae7,synth_09c3458a4697,itin,tabddpm_synthetic,,['en'],EIN,2024-09-09T00:13:00+00:00,100000.0,50000.0,55,0,0,Monday,90,1,100,EIN,en,Bank account opening,0
e15665b2-ef21-449a-98e2-bcf0f9a11397,synth_79e3d622e5d2,itin,tabddpm_synthetic,,['en'],EIN,2024-07-26T17:50:00+00:00,100.0,7140.36,55,17,0,Monday,90,584,21,EIN,en,Bank account opening,0
11f302b1-9a52-497a-b678-f4ac0a3b4287,synth_3eaff7681c6e,itin,tabddpm_synthetic,,['en'],EIN,2024-04-25T17:26:00+00:00,100.0,0.0,22,17,6,Sunday,89,2000,18,EIN,en,Bank account opening,0
20cbe75b-4710-4ed6-abf0-15a072209c5d,synth_adc1f49d1d99,itin,tabddpm_synthetic,,['en'],EIN,2024-06-01T23:54:00+00:00,100000.0,33231.82,22,23,6,Sunday,0,1,100,EIN,en,Bank account opening,1
a9cad6ea-4ff4-4773-b577-61180e6047a3,synth_d71fa706565d,itin,tabddpm_synthetic,,['en'],EIN,2024-05-03T13:44:00+00:00,100.0,568.26,55,13,0,Monday,90,2000,15,EIN,en,Bank account opening,0
7bde1b30-cd5e-4037-8187-25fd05a1b291,synth_430c7ed6398e,itin,tabddpm_synthetic,,['en'],EIN,2024-01-09T23:39:00+00:00,100.0,0.0,22,23,6,Sunday,12,2000,11,EIN,en,Bank account opening,0
f72710f8-1ba4-4922-b43d-26f9cdfb19d0,synth_45923634c6ee,itin,tabddpm_synthetic,,['en'],EIN,2024-03-19T23:13:00+00:00,100.0,5176.03,55,23,0,Monday,90,812,5,EIN,en,Bank account opening,0
1d4b84e1-57cb-4b85-9bfb-4207e19bdb0e,synth_65aa24910bd2,itin,tabddpm_synthetic,,['en'],EIN,2024-08-12T00:48:00+00:00,100000.0,50000.0,55,0,6,Sunday,90,1,100,EIN,en,Bank account opening,0
2167504a-4c6e-459e-9d9c-ed75703fe133,synth_8352ce636e27,itin,tabddpm_synthetic,,['en'],EIN,2024-05-13T04:27:00+00:00,100.0,0.0,25,4,0,Monday,0,218,1,EIN,en,Bank account opening,0
1d015af4-43f1-4788-8806-bf97c4e3deff,synth_1b02b9b704d6,itin,tabddpm_synthetic,,['en'],EIN,2024-03-16T16:15:00+00:00,100.0,204.28,22,16,3,Thursday,46,2000,6,EIN,en,Bank account opening,0
9c839117-0086-4124-a96a-379a4fe57dc9,synth_48b5862c12b1,itin,tabddpm_synthetic,,['en'],EIN,2024-02-28T00:05:00+00:00,100.0,0.0,22,0,0,Monday,0,1,0,EIN,en,Bank account opening,0
c3601ceb-f9b6-43b4-804b-0de43dd1b5ad,synth_d24efc0f8b50,itin,tabddpm_synthetic,,['en'],EIN,2024-10-30T00:46:00+00:00,100000.0,50000.0,22,0,6,Sunday,90,1,100,EIN,en,Bank account opening,0
d8875903-2704-4d3f-bb31-0ab4fa358491,synth_59915f68162a,itin,tabddpm_synthetic,,['en'],EIN,2024-08-29T09:31:00+00:00,100.0,592.44,22,9,6,Sunday,90,2000,2,EIN,en,Bank account opening,0
568a0e2b-4073-4da5-aecd-16909ff762dd,synth_54b3f7ba60f1,itin,tabddpm_synthetic,,['en'],EIN,2024-08-04T23:24:00+00:00,100.0,7483.3,55,23,0,Monday,90,2000,0,EIN,en,Bank account opening,0
08439615-83e7-4da1-91b3-f777fce982de,synth_74c0e0713fd0,itin,tabddpm_synthetic,,['en'],EIN,2024-07-08T02:07:00+00:00,100.0,217.75,31,2,6,Sunday,65,2000,13,EIN,en,Bank account opening,0
b02b8c85-f385-45a0-af4b-556884ae094a,synth_9aeaf178c3d5,itin,tabddpm_synthetic,,['en'],EIN,2024-01-09T00:22:00+00:00,3199.03,0.0,22,0,0,Monday,0,436,6,EIN,en,Bank account opening,0
1cef3ecd-bed5-4630-aab5-5737853819b1,synth_752d66b95121,itin,tabddpm_synthetic,,['en'],EIN,2024-08-18T00:43:00+00:00,100.0,382.96,30,0,6,Sunday,0,1,15,EIN,en,Bank account opening,0
6b81bf01-3afc-4567-95f4-bedb4d64c73a,synth_2a746aa79e05,itin,tabddpm_synthetic,,['en'],EIN,2024-01-29T13:11:00+00:00,100.0,72.49,22,13,4,Friday,7,2000,4,EIN,en,Bank account opening,0
940de9ba-4322-489f-973e-986165577701,synth_79e382bb8668,itin,tabddpm_synthetic,,['en'],EIN,2024-06-03T23:56:00+00:00,100000.0,50000.0,22,23,6,Sunday,0,1,100,EIN,en,Bank account opening,1
6deb35a4-c63b-43c9-8bbb-e3314c41fcbb,synth_60b0c11992be,itin,tabddpm_synthetic,,['en'],EIN,2024-04-23T00:40:00+00:00,2422.18,0.0,55,0,6,Sunday,0,336,0,EIN,en,Bank account opening,0
0fa86ad4-4c34-4a72-8fd9-dbe0f086f0b7,synth_a30ddc0b277c,itin,tabddpm_synthetic,,['es'],EIN,2024-05-02T11:02:00+00:00,100.0,193.7,32,11,6,Sunday,27,2000,10,EIN,es,Bank account opening,0
35d919ed-2278-455d-9a4c-fe41d79d5033,synth_071d87d39af7,itin,tabddpm_synthetic,,['en'],EIN,2024-07-03T00:47:00+00:00,100.0,0.0,32,0,4,Friday,0,1314,1,EIN,en,Bank account opening,0
ff62666d-4cb9-4b71-9bea-48174f85825a,synth_7c5a1c92130d,itin,tabddpm_synthetic,,['en'],EIN,2024-03-12T23:53:00+00:00,100.0,20514.34,55,23,0,Monday,90,2000,0,EIN,en,Bank account opening,0
d5d4e611-467c-4e30-ad30-7d8d0e16a599,synth_d2a6ea463d95,itin,tabddpm_synthetic,,['en'],EIN,2024-09-30T23:17:00+00:00,100.0,671.23,55,23,0,Monday,90,1,0,EIN,en,Bank account opening,0
4366638b-144b-4116-b2bc-bd33898e3523,synth_a5c3d49de25f,itin,tabddpm_synthetic,,['en'],EIN,2024-04-13T00:23:00+00:00,100.0,0.0,22,0,6,Sunday,73,2000,13,EIN,en,Bank account opening,0
e4d29d51-9fd0-4468-a0ae-8400b8c0516a,synth_f22a728920cd,itin,tabddpm_synthetic,,['en'],EIN,2024-04-15T00:35:00+00:00,100.0,0.0,22,0,6,Sunday,0,1,0,EIN,en,Bank account opening,0
bdd77380-6c18-46c4-abad-564462b149d7,synth_0e588a490731,itin,tabddpm_synthetic,,['en'],EIN,2024-05-04T23:55:00+00:00,100.0,2930.92,55,23,0,Monday,90,2000,0,EIN,en,Bank account opening,0
6cd9d8ef-258c-435b-b171-71f15e2e7ba1,synth_71606d1d679a,itin,tabddpm_synthetic,,['en'],EIN,2024-01-07T23:32:00+00:00,100.0,776.26,55,23,3,Thursday,90,2000,7,EIN,en,Bank account opening,0
79268c68-df71-4fbe-8c48-58d872a6a28e,synth_5697c6362ef5,itin,tabddpm_synthetic,,['en'],EIN,2024-10-20T23:56:00+00:00,100000.0,50000.0,22,23,6,Sunday,0,1,100,EIN,en,Bank account opening,0
8a0d133f-09ed-4d31-966b-91cc6bbb1cde,synth_71009e536244,itin,tabddpm_synthetic,,['en'],EIN,2024-03-08T19:20:00+00:00,100.0,0.0,22,19,6,Sunday,3,2000,3,EIN,en,Bank account opening,0
95a065b8-8414-42ab-892d-14fb7f10941a,synth_bca9acd8ff7f,itin,tabddpm_synthetic,,['en'],EIN,2024-02-06T23:49:00+00:00,100.0,0.0,22,23,6,Sunday,2,2000,15,EIN,en,Bank account opening,0
786b69da-94e6-4e09-a692-009f5430a4f2,synth_7651fa99fa74,itin,tabddpm_synthetic,,['en'],EIN,2024-12-26T23:27:00+00:00,100.0,748.94,55,23,4,Friday,90,2000,0,EIN,en,Bank account opening,0
32994154-a8fb-4ca3-8247-f26d8f36e24e,synth_91e942aae195,itin,tabddpm_synthetic,,['en'],EIN,2024-10-18T00:18:00+00:00,100.0,0.0,55,0,6,Sunday,0,1,0,EIN,en,Bank account opening,0
a620c6e1-0212-48b9-95c9-80ba8d77c229,synth_31acab594f78,itin,tabddpm_synthetic,,['en'],EIN,2024-07-24T02:11:00+00:00,535.01,0.0,52,2,6,Sunday,6,1080,6,EIN,en,Bank account opening,0
af24f733-9c50-4d42-b852-702ad0effb57,synth_b1f47d80edb5,itin,tabddpm_synthetic,,['en'],EIN,2024-02-18T00:15:00+00:00,1035.01,412.8,22,0,6,Sunday,0,1,4,EIN,en,Bank account opening,0
69a05c2a-5b87-4901-8dd8-e842f9cc8566,synth_b0b04542bb0a,itin,tabddpm_synthetic,,['en'],EIN,2024-11-13T23:03:00+00:00,100.0,0.0,22,23,6,Sunday,14,2000,3,EIN,en,Bank account opening,0
f2e57a29-0de1-4dbc-8a97-7a1257e9da24,synth_4c44f09a5063,itin,tabddpm_synthetic,,['en'],EIN,2024-08-12T00:07:00+00:00,100000.0,50000.0,22,0,0,Monday,90,1,100,EIN,en,Bank account opening,0
77d1b622-5237-48c7-bd18-f2a9655634ab,synth_e6af0a208b46,itin,tabddpm_synthetic,,['en'],EIN,2024-10-10T23:59:00+00:00,100000.0,34548.42,22,23,6,Sunday,90,1,100,EIN,en,Bank account opening,0
7555827c-0b77-4796-b157-1bd2b8a025ed,synth_f064d64a3f08,itin,tabddpm_synthetic,,['en'],EIN,2024-06-19T00:28:00+00:00,100.0,64.78,55,0,6,Sunday,0,1,16,EIN,en,Bank account opening,0
dff07d34-7190-45da-af20-a179a21520f0,synth_eac35c5d0359,itin,tabddpm_synthetic,,['en'],EIN,2024-10-09T11:08:00+00:00,32681.19,936.99,22,11,6,Sunday,0,1,100,EIN,en,Bank account opening,0
44d8fea8-9e53-4c49-9fe7-cd53bbbaccff,synth_57c7339d4959,itin,tabddpm_synthetic,,['en'],EIN,2024-05-28T23:38:00+00:00,100000.0,50000.0,22,23,6,Sunday,90,1,100,EIN,en,Bank account opening,1
ba78f6e2-4800-470a-900b-1ae93e9f73e2,synth_ba4806fe4054,itin,tabddpm_synthetic,,['en'],EIN,2024-08-05T23:15:00+00:00,2829.67,585.58,55,23,0,Monday,90,2000,15,EIN,en,Bank account opening,0
d320ab6b-b1be-4b9e-b268-36d542154837,synth_04419c050927,itin,tabddpm_synthetic,,['en'],EIN,2024-07-14T23:48:00+00:00,100.0,0.0,22,23,6,Sunday,8,2000,22,EIN,en,Bank account opening,0
97a0d420-2802-4f90-a14e-a2d392e55f0b,synth_e7e7e6cc66b3,itin,tabddpm_synthetic,,['en'],EIN,2024-02-24T18:12:00+00:00,100.0,60.89,22,18,5,Saturday,10,2000,11,EIN,en,Bank account opening,0
4bf063c9-d5b3-4735-bba7-860018473089,synth_2535302deb91,itin,tabddpm_synthetic,,['en'],EIN,2024-09-11T23:39:00+00:00,100000.0,50000.0,22,23,6,Sunday,0,1,100,EIN,en,Bank account opening,0
23b7a39a-a8ce-4b9b-a6ec-e31fbf6fcab2,synth_c562a0e5c189,itin,tabddpm_synthetic,,['en'],EIN,2024-02-18T00:45:00+00:00,100000.0,50000.0,22,0,6,Sunday,90,1,100,EIN,en,Bank account opening,1
7c4ae87b-1163-430c-80d0-eb5f2f8e5e07,synth_47a3c5d46a13,itin,tabddpm_synthetic,,['en'],EIN,2024-03-02T23:29:00+00:00,100000.0,50000.0,22,23,6,Sunday,0,1,100,EIN,en,Bank account opening,1
d03fca04-4e27-4b84-aaca-6934bcee740f,synth_63fdcc6dfc4e,itin,tabddpm_synthetic,,['en'],EIN,2024-05-23T10:36:00+00:00,100.0,0.0,22,10,6,Sunday,90,2000,11,EIN,en,Bank account opening,0
2b4da963-6941-49bb-8f44-456c9a53d004,synth_7748b4c200d2,itin,tabddpm_synthetic,,['en'],EIN,2024-09-09T07:47:00+00:00,100.0,330.85,22,7,6,Sunday,31,2000,8,EIN,en,Bank account opening,0
e3b8b0be-a01f-46f8-8a04-161514b54d88,synth_bc2484ff56b5,itin,tabddpm_synthetic,,['en'],EIN,2024-08-21T23:36:00+00:00,100.0,0.0,22,23,6,Sunday,4,2000,4,EIN,en,Bank account opening,0
ffcd0b86-9ab7-4543-b62a-1c32ddfc104f,synth_1b7a844be296,itin,tabddpm_synthetic,,['en'],EIN,2024-02-09T17:38:00+00:00,100.0,258.45,22,17,6,Sunday,84,2000,6,EIN,en,Bank account opening,0
369fce02-9825-4eea-9669-64c8388b4598,synth_97817c8b7a48,itin,tabddpm_synthetic,,['en'],EIN,2024-09-25T00:27:00+00:00,6403.75,1276.43,22,0,6,Sunday,0,1,32,EIN,en,Bank account opening,0
7980ae7f-b3e9-4933-9666-9ee7717fb443,synth_5e82690aff19,itin,tabddpm_synthetic,,['en'],EIN,2024-08-28T00:22:00+00:00,100000.0,19337.27,22,0,0,Monday,0,1,100,EIN,en,Bank account opening,0
31293ad2-c6d2-4861-ae26-213c4db17306,synth_02f2c30cdb37,itin,tabddpm_synthetic,,['en'],EIN,2024-02-19T13:01:00+00:00,35030.63,2114.61,22,13,1,Tuesday,9,47,0,EIN,en,Bank account opening,0
35228541-f932-4a5c-a1dd-77cfd231e10e,synth_2e63bbde5c15,itin,tabddpm_synthetic,,['en'],EIN,2024-05-02T23:38:00+00:00,100000.0,28092.78,22,23,6,Sunday,0,1,100,EIN,en,Bank account opening,1
1730cdc7-7510-429b-8c8f-596b7d11caf7,synth_93ee62f37405,itin,tabddpm_synthetic,,['en'],EIN,2024-01-19T23:20:00+00:00,100000.0,50000.0,22,23,6,Sunday,0,1,100,EIN,en,Bank account opening,0
df13ab73-83b5-40be-a837-19b8f4353ebb,synth_713197a822e0,itin,tabddpm_synthetic,,['en'],EIN,2024-12-17T23:00:00+00:00,100.0,0.0,22,23,4,Friday,0,1770,13,EIN,en,Bank account opening,0
741743b5-c9e4-4d57-9e82-55d730d068db,synth_93a15a42e520,itin,tabddpm_synthetic,,['en'],EIN,2024-05-04T15:24:00+00:00,100.0,0.0,22,15,6,Sunday,26,2000,7,EIN,en,Bank account opening,0
2ea8006c-db01-42a5-8bdd-01a8fb2d15cd,synth_015d9b430906,itin,tabddpm_synthetic,,['en'],EIN,2024-07-05T00:14:00+00:00,100.0,0.0,22,0,6,Sunday,0,1,0,EIN,en,Bank account opening,0
585c711f-afeb-4af0-8829-dda527f3ed18,synth_115b58537ae6,itin,tabddpm_synthetic,,['en'],EIN,2024-01-20T23:09:00+00:00,100000.0,50000.0,22,23,6,Sunday,0,1,100,EIN,en,Bank account opening,1
33f05728-c3a3-42f3-a8d2-180eafa1352c,synth_cecedd45d6f4,itin,tabddpm_synthetic,,['en'],EIN,2024-05-11T21:53:00+00:00,100.0,0.0,22,21,6,Sunday,46,2000,16,EIN,en,Bank account opening,0
19b7661e-d367-4e6c-86a2-aa3603675a0b,synth_df6458301145,itin,tabddpm_synthetic,,['en'],EIN,2024-05-30T23:14:00+00:00,100.0,2226.9,39,23,6,Sunday,90,2000,0,EIN,en,Bank account opening,0
1f366d05-3f1e-41c7-b617-e1fc30cd31b7,synth_bb8d4fb18128,itin,tabddpm_synthetic,,['en'],ITIN,2024-09-23T16:15:00+00:00,100.0,0.0,22,16,4,Friday,17,2000,8,ITIN,en,Bank account opening,0
794603e2-65f5-471b-9baf-20de7dead90a,synth_59031a72a61d,itin,tabddpm_synthetic,,['en'],EIN,2024-07-21T00:25:00+00:00,100.0,0.0,22,0,4,Friday,1,1,7,EIN,en,Bank account opening,0
85635230-3355-4bd8-a321-24413f65c0d7,synth_a1eeeaf13f8e,itin,tabddpm_synthetic,,['en'],EIN,2024-04-09T00:54:00+00:00,100.0,858.54,22,0,6,Sunday,8,2000,5,EIN,en,Bank account opening,0
3c810ec6-0624-4dd8-9530-668ddd58c59a,synth_30f65272183a,itin,tabddpm_synthetic,,['en'],ITIN,2024-09-12T11:57:00+00:00,2104.23,478.56,31,11,2,Wednesday,0,2000,9,ITIN,en,Bank account opening,0
e0d7afaa-0e03-4b20-ab7f-55032b7b7705,synth_a9b5e0817e57,itin,tabddpm_synthetic,,['en'],EIN,2024-02-22T00:33:00+00:00,100.0,74.58,22,0,6,Sunday,61,2000,17,EIN,en,Bank account opening,0
3ca40b71-2175-4bb8-9e85-9fdf8c7951b7,synth_b715c006b127,itin,tabddpm_synthetic,,['en'],EIN,2024-06-30T23:41:00+00:00,100.0,1801.71,55,23,0,Monday,90,2000,0,EIN,en,Bank account opening,0
2576fa2f-95a3-41e1-9641-5202707522da,synth_577a924e060b,itin,tabddpm_synthetic,,['en'],EIN,2024-01-05T23:17:00+00:00,100000.0,50000.0,22,23,6,Sunday,0,1,100,EIN,en,Bank account opening,1
b6b67abf-c859-4c98-bc88-856b90b28065,synth_136154219f33,itin,tabddpm_synthetic,,['en'],EIN,2024-03-19T00:26:00+00:00,19500.5,441.86,51,0,0,Monday,90,1,71,EIN,en,Bank account opening,0
efe6df1a-e8ca-4cc2-8569-ac71249959f6,synth_dd87702ab184,itin,tabddpm_synthetic,,['en'],EIN,2024-06-29T17:09:00+00:00,100.0,0.0,22,17,6,Sunday,30,2000,8,EIN,en,Bank account opening,0
116dfba7-c32a-49cd-8725-8a89cc297dd3,synth_d85301b1ccba,itin,tabddpm_synthetic,,['en'],EIN,2024-03-12T00:55:00+00:00,100.0,44.15,22,0,3,Thursday,0,2000,5,EIN,en,Bank account opening,0
388feccc-fc18-4d2a-89f8-88710cc35216,synth_5520ca204aea,itin,tabddpm_synthetic,,['en'],EIN,2024-04-28T00:40:00+00:00,100000.0,50000.0,22,0,6,Sunday,0,1,100,EIN,en,Bank account opening,0
414c9451-266f-44fd-ba3b-050572d9793d,synth_31477643b6b5,itin,tabddpm_synthetic,,['en'],EIN,2024-02-27T00:09:00+00:00,100000.0,50000.0,22,0,6,Sunday,0,1,100,EIN,en,Bank account opening,0
d7579f40-ec5c-4f92-b08c-464becbfc76e,synth_2931350924c2,itin,tabddpm_synthetic,,['en'],EIN,2024-10-03T23:40:00+00:00,100000.0,50000.0,22,23,6,Sunday,0,1,100,EIN,en,Bank account opening,0
09ae9163-c824-47a5-b148-c8d80a941c87,synth_b97d1a7162ef,itin,tabddpm_synthetic,,['en'],EIN,2024-08-26T00:46:00+00:00,100000.0,50000.0,22,0,6,Sunday,0,1,100,EIN,en,Bank account opening,0
58f6c07f-9c3e-46a8-a091-6baf6e16fc9e,synth_4120fce5253e,itin,tabddpm_synthetic,,['en'],EIN,2024-05-24T00:35:00+00:00,100000.0,50000.0,22,0,6,Sunday,0,1,100,EIN,en,Bank account opening,0
9d3386f3-445c-4634-8833-9f2d385ea2bf,synth_3536ac501d66,itin,tabddpm_synthetic,,['en'],EIN,2024-01-02T13:31:00+00:00,100.0,0.0,22,13,6,Sunday,28,2000,5,EIN,en,Bank account opening,0
7206e11d-528c-4dc6-b22d-38414cf142bd,synth_69ea828e9059,itin,tabddpm_synthetic,,['en'],EIN,2024-01-10T00:03:00+00:00,100000.0,50000.0,22,0,6,Sunday,0,1,100,EIN,en,Bank account opening,0
acdb5db1-3f46-4bc0-a292-11a0a6a5f68a,synth_43af90169eef,itin,tabddpm_synthetic,,['en'],EIN,2024-12-30T12:27:00+00:00,100.0,407.3,22,12,6,Sunday,10,2000,18,EIN,en,Bank account opening,0
3f03d372-fe25-49ad-aa92-bdcca442a3ca,synth_6c26571c1aaf,itin,tabddpm_synthetic,,['en'],EIN,2024-05-16T23:35:00+00:00,100000.0,50000.0,22,23,6,Sunday,0,1,100,EIN,en,Bank account opening,1
a2827733-b19e-4000-af05-bb5244ffc3e5,synth_06d9c3b7287a,itin,tabddpm_synthetic,,['en'],EIN,2024-05-06T23:12:00+00:00,100.0,21449.95,55,23,0,Monday,90,2000,0,EIN,en,Bank account opening,0
640778e6-b50f-4ec6-8fc8-20bda280903e,synth_85c377f45596,itin,tabddpm_synthetic,,['en'],EIN,2024-08-06T00:10:00+00:00,2056.12,0.0,22,0,0,Monday,0,1,0,EIN,en,Bank account opening,0
775447cd-cf05-403d-94da-096dc0e96696,synth_bfb253651207,itin,tabddpm_synthetic,,['en'],EIN,2024-03-26T00:38:00+00:00,2513.26,0.0,22,0,3,Thursday,0,1,28,EIN,en,Bank account opening,0
76062943-1f98-4523-a316-73c0d1e693e1,synth_2499aeaa8790,itin,tabddpm_synthetic,,['en'],EIN,2024-05-22T00:18:00+00:00,100.0,0.0,22,0,6,Sunday,0,1,48,EIN,en,Bank account opening,0
77b28611-e74d-498a-90f0-ae5aa9e3a9c8,synth_7ff5d9875405,itin,tabddpm_synthetic,,['en'],EIN,2024-02-29T23:44:00+00:00,100000.0,50000.0,22,23,6,Sunday,0,1,100,EIN,en,Bank account opening,0
27728438-f862-4cc7-97a1-365397c5fa2b,synth_0cac0d4ef839,itin,tabddpm_synthetic,,['en'],EIN,2024-12-11T00:12:00+00:00,100.0,0.0,22,0,2,Wednesday,0,1,0,EIN,en,Bank account opening,0
ca472f50-15ac-4940-9345-3ff4de9db991,synth_d56ebc6959f9,itin,tabddpm_synthetic,,['en'],EIN,2024-04-03T00:53:00+00:00,100000.0,50000.0,22,0,6,Sunday,0,1,100,EIN,en,Bank account opening,1
8edb7949-1d52-44dc-8fb5-01fb5035cbd7,synth_5aebbc2dc603,itin,tabddpm_synthetic,,['en'],EIN,2024-09-29T23:15:00+00:00,6181.38,5394.09,22,23,6,Sunday,23,2000,46,EIN,en,Bank account opening,0
9bad1f63-1bfe-4d6f-b46a-7f0c726bcf13,synth_d9020504024c,itin,tabddpm_synthetic,,['en'],EIN,2024-01-09T00:48:00+00:00,100.0,462.71,22,0,6,Sunday,28,2000,63,EIN,en,Bank account opening,0
d3e346ec-6f59-4c9c-acf5-78771a3bc159,synth_18f10725775e,itin,tabddpm_synthetic,,['en'],EIN,2024-03-16T00:42:00+00:00,2989.51,65.86,30,0,6,Sunday,0,1,54,EIN,en,Bank account opening,0
ea80022f-a4b2-43ab-a2c0-d275890cdeb2,synth_d26a287343e0,itin,tabddpm_synthetic,,['en'],EIN,2024-06-18T10:22:00+00:00,100.0,40.12,22,10,6,Sunday,90,2000,9,EIN,en,Bank account opening,0
666f2fed-a220-4f83-8d59-ea7cc7592b04,synth_067f396f0e9d,itin,tabddpm_synthetic,,['en'],EIN,2024-11-16T00:01:00+00:00,100000.0,50000.0,22,0,0,Monday,90,1,100,EIN,en,Bank account opening,0
cbe74846-1113-4ce5-bbb4-e4f1aa0d07c3,synth_d17ccfda3426,itin,tabddpm_synthetic,,['en'],EIN,2024-04-03T23:08:00+00:00,100000.0,50000.0,22,23,6,Sunday,0,1,100,EIN,en,Bank account opening,0
881b0d01-a63d-442e-8e39-ad8f6816580a,synth_dc868c8d68be,itin,tabddpm_synthetic,,['en'],EIN,2024-01-05T00:31:00+00:00,100000.0,50000.0,22,0,0,Monday,0,1,100,EIN,en,Bank account opening,1
ca19e5d6-d3ed-49f5-bdfe-d34432ee912d,synth_cc4b6c851f08,itin,tabddpm_synthetic,,['en'],EIN,2024-02-10T00:53:00+00:00,79270.15,3184.1,22,0,6,Sunday,0,1,100,EIN,en,Bank account opening,0
7196b6d3-738a-4b30-9a4c-806ef8096561,synth_155b2ad735f4,itin,tabddpm_synthetic,,['en'],EIN,2024-09-26T00:38:00+00:00,100000.0,50000.0,22,0,6,Sunday,0,1,100,EIN,en,Bank account opening,0
1a2838a0-3ca9-4749-a474-35c1e4f6608a,synth_854032c9c075,itin,tabddpm_synthetic,,['en'],EIN,2024-06-26T23:51:00+00:00,100000.0,50000.0,22,23,6,Sunday,0,1,100,EIN,en,Bank account opening,0
c8936b87-7c91-42d5-b1e1-05f53cc96d3b,synth_b2182203c91d,itin,tabddpm_synthetic,,['es'],EIN,2024-10-27T18:30:00+00:00,100.0,0.0,22,18,6,Sunday,11,2000,5,EIN,es,Bank account opening,0
2338d7e9-f09a-466f-bd20-bb7ae37aaf47,synth_661844ff4624,itin,tabddpm_synthetic,,['en'],EIN,2024-02-12T00:59:00+00:00,100000.0,2311.6,22,0,2,Wednesday,0,1,100,EIN,en,Bank account opening,0
af06b558-68f6-46f0-b4a6-4404f257bbed,synth_0f5327c33068,itin,tabddpm_synthetic,,['en'],EIN,2024-08-10T23:10:00+00:00,100000.0,50000.0,22,23,6,Sunday,0,1,100,EIN,en,Bank account opening,0
3be5c6ea-6663-4d2f-98a0-056f5dbeb415,synth_5c22d62ee753,itin,tabddpm_synthetic,,['en'],EIN,2024-06-10T00:55:00+00:00,100.0,0.0,22,0,1,Tuesday,0,2000,0,EIN,en,Bank account opening,0
0297b254-228f-44f5-b628-9eae62870273,synth_7560884a7abf,itin,tabddpm_synthetic,,['en'],EIN,2024-07-03T00:59:00+00:00,225.87,0.0,22,0,3,Thursday,0,140,2,EIN,en,Bank account opening,0
5e4061be-00c2-49e8-89e4-43466be30c20,synth_019111429c02,itin,tabddpm_synthetic,,['en'],EIN,2024-09-21T00:34:00+00:00,100000.0,50000.0,22,0,6,Sunday,0,1,100,EIN,en,Bank account opening,1
5f547fc9-9aa2-428f-9173-421cfbdc8542,synth_5c3df622870d,itin,tabddpm_synthetic,,['en'],EIN,2024-02-08T18:09:00+00:00,2378.67,0.0,37,18,3,Thursday,7,2000,14,EIN,en,Bank account opening,0
984c5dff-9e78-41d5-b186-c12d50d40d18,synth_e5e7d065baff,itin,tabddpm_synthetic,,['en'],EIN,2024-11-01T00:15:00+00:00,100000.0,50000.0,22,0,6,Sunday,0,1,100,EIN,en,Bank account opening,0
773597eb-0ed6-43bc-a54b-6ebc2eb908ee,synth_6a8266293488,itin,tabddpm_synthetic,,['en'],EIN,2024-11-17T00:20:00+00:00,100.0,464.03,22,0,6,Sunday,35,2000,62,EIN,en,Bank account opening,0
9f526851-3bfe-488c-acda-4bdbb4d95269,synth_8a29ebfec9d8,itin,tabddpm_synthetic,,['en'],EIN,2024-04-22T17:20:00+00:00,100.0,0.0,22,17,6,Sunday,29,2000,11,EIN,en,Bank account opening,0
d4b60a01-e196-4407-9351-9709059ad8bb,synth_b6a866715ced,itin,tabddpm_synthetic,,['en'],EIN,2024-02-27T00:18:00+00:00,100000.0,50000.0,22,0,6,Sunday,0,1,100,EIN,en,Bank account opening,0
122a24b3-b51e-4bdb-8364-ac5931ffa212,synth_d4acdcc5fce6,itin,tabddpm_synthetic,,['en'],EIN,2024-03-06T00:22:00+00:00,100000.0,50000.0,22,0,6,Sunday,0,1,100,EIN,en,Bank account opening,0
cf49ee58-4556-4f28-b741-9ee8ebcab54e,synth_0c1067542508,itin,tabddpm_synthetic,,['en'],EIN,2024-02-07T17:55:00+00:00,100.0,2915.25,55,17,0,Monday,90,2000,0,EIN,en,Bank account opening,0
b1da77ec-f9df-4a3e-8408-e416dac6f268,synth_0834162b86ff,itin,tabddpm_synthetic,,['en'],EIN,2024-04-13T23:39:00+00:00,100.0,0.0,22,23,6,Sunday,17,2000,9,EIN,en,Bank account opening,0
6ac16f7a-c07e-410d-a9c1-ced5e1757452,synth_594f6e976071,itin,tabddpm_synthetic,,['en'],EIN,2024-02-29T23:05:00+00:00,100000.0,50000.0,22,23,6,Sunday,0,1,100,EIN,en,Bank account opening,1
900af61b-108a-48ba-81ab-4ba3a97fc0de,synth_2aabd9cc6ced,itin,tabddpm_synthetic,,['en'],EIN,2024-09-12T00:03:00+00:00,100.0,455.1,55,0,6,Sunday,0,1,15,EIN,en,Bank account opening,0
9643ab96-fd9d-4a26-8950-73d81359fae2,synth_9ab9d98c60ad,itin,tabddpm_synthetic,,['en'],EIN,2024-04-18T23:48:00+00:00,100000.0,50000.0,22,23,6,Sunday,90,1,100,EIN,en,Bank account opening,1
e8b3a981-7e2c-45e6-a2a8-590ca7c3502d,synth_28161c748b93,itin,tabddpm_synthetic,,['en'],EIN,2024-12-18T00:59:00+00:00,100.0,0.0,22,0,6,Sunday,0,1,0,EIN,en,Bank account opening,0
3b8f507c-004f-4c05-9d74-fd4d3820edbb,synth_89146d049af0,itin,tabddpm_synthetic,,['en'],EIN,2024-03-31T10:52:00+00:00,100.0,582.45,22,10,6,Sunday,13,2000,9,EIN,en,Bank account opening,0
0e274475-7ca8-4ad1-8a4d-aea9ea103058,synth_2ca466b10f85,itin,tabddpm_synthetic,,['en'],EIN,2024-10-12T00:55:00+00:00,3573.08,369.6,22,0,6,Sunday,0,1,58,EIN,en,Bank account opening,0
c65329d4-4637-4f00-876b-52c56c84f38f,synth_4fa63b90a2ef,itin,tabddpm_synthetic,,['en'],EIN,2024-10-07T23:14:00+00:00,92134.76,2572.87,22,23,0,Monday,0,1,100,EIN,en,Bank account opening,0
5e725778-2990-4fcd-9854-e102a80a15c1,synth_03338ba5b71f,itin,tabddpm_synthetic,,['en'],EIN,2024-12-27T23:41:00+00:00,100000.0,50000.0,22,23,6,Sunday,70,1,100,EIN,en,Bank account opening,0
0c850384-2a98-42d1-90ca-70bfa4625b60,synth_a891913bbbea,itin,tabddpm_synthetic,,['en'],EIN,2024-08-16T23:19:00+00:00,100.0,25731.76,55,23,0,Monday,90,2000,0,EIN,en,Bank account opening,0
581f45f5-0915-4a31-a5c3-135a59dad86f,synth_dc3b7cfcbb74,itin,tabddpm_synthetic,,['en'],EIN,2024-09-01T23:55:00+00:00,100.0,7616.31,55,23,0,Monday,90,1918,17,EIN,en,Bank account opening,0
e3227b00-60f9-4fe1-b0d2-7421dbeba0c4,synth_bf6bee24ca6a,itin,tabddpm_synthetic,,['en'],EIN,2024-08-20T00:15:00+00:00,100000.0,50000.0,22,0,0,Monday,0,1,100,EIN,en,Bank account opening,1
62c23149-751b-402c-a274-a7070ef893e9,synth_5ddefd00e453,itin,tabddpm_synthetic,,['es'],EIN,2024-01-13T22:15:00+00:00,100.0,0.0,22,22,6,Sunday,15,2000,5,EIN,es,Bank account opening,0
5489aeb9-eb08-4b10-93d0-2dc0c45c2749,synth_395cf1e1c3a8,itin,tabddpm_synthetic,,['en'],EIN,2024-01-29T00:07:00+00:00,100000.0,50000.0,22,0,0,Monday,90,1,100,EIN,en,Bank account opening,0
e67afe62-9815-41f0-804b-69fa3a4cba97,synth_c30fd9140c4f,itin,tabddpm_synthetic,,['en'],EIN,2024-06-19T23:23:00+00:00,100.0,3041.96,55,23,0,Monday,90,2000,0,EIN,en,Bank account opening,0
bc7040df-faa5-431d-90e9-5abf4e42f7ac,synth_f03f79ec014b,itin,tabddpm_synthetic,,['en'],EIN,2024-01-22T00:03:00+00:00,3830.11,0.0,22,0,6,Sunday,0,1,7,EIN,en,Bank account opening,0
b98efd5b-e2ab-4921-8e75-53063a23f123,synth_500e25b70ae4,itin,tabddpm_synthetic,,['en'],EIN,2024-10-12T00:28:00+00:00,100.0,0.0,22,0,0,Monday,0,714,0,EIN,en,Bank account opening,0
26cadb72-92bd-48a4-997c-af4b2005ed75,synth_42c20c3daa25,itin,tabddpm_synthetic,,['en'],EIN,2024-02-06T06:34:00+00:00,100.0,0.0,23,6,1,Tuesday,1,1036,5,EIN,en,Bank account opening,0
3cf088f9-67d9-4ec8-9758-d75805998a41,synth_a385a59d9442,itin,tabddpm_synthetic,,['es'],EIN,2024-09-05T00:05:00+00:00,1030.53,1005.82,55,0,0,Monday,90,106,33,EIN,es,Bank account opening,0
2101a861-cc77-432a-8f1a-79fda24d019d,synth_426821ff52bc,itin,tabddpm_synthetic,,['en'],EIN,2024-12-29T00:59:00+00:00,100000.0,5899.88,22,0,6,Sunday,0,1,100,EIN,en,Bank account opening,0
22465c50-74c8-431a-a532-bc84772aa9fe,synth_adf294cc7ada,itin,tabddpm_synthetic,,['en'],EIN,2024-12-26T23:31:00+00:00,100000.0,28219.01,22,23,1,Tuesday,0,1,100,EIN,en,Bank account opening,0
951e0314-0ee9-4c45-ac6a-51565814f172,synth_ef4fcc241016,itin,tabddpm_synthetic,,['en'],EIN,2024-10-31T23:40:00+00:00,100.0,7000.03,55,23,0,Monday,90,2000,0,EIN,en,Bank account opening,0
704b2a49-a263-48c8-baf8-ecb090776690,synth_059ed519ddc4,itin,tabddpm_synthetic,,['en'],EIN,2024-06-12T00:19:00+00:00,100000.0,29654.75,22,0,6,Sunday,0,1,3,EIN,en,Bank account opening,0
b7ded836-dfac-4132-925e-f05083f7d46c,synth_e7ab926329d4,itin,tabddpm_synthetic,,['en'],EIN,2024-01-13T02:44:00+00:00,100.0,55.19,22,2,6,Sunday,12,2000,2,EIN,en,Bank account opening,0
6333822f-b2a1-4666-b63b-abddb12ae416,synth_8877952a2d7d,itin,tabddpm_synthetic,,['en'],EIN,2024-12-25T23:29:00+00:00,100000.0,2100.88,22,23,6,Sunday,0,1,100,EIN,en,Bank account opening,0
95161a79-9761-42e0-bed8-daac2aa20111,synth_63131f567051,itin,tabddpm_synthetic,,['en'],EIN,2024-03-09T23:17:00+00:00,100.0,6945.4,55,23,0,Monday,90,2000,0,EIN,en,Bank account opening,0
2550efd2-2bd8-4fe0-9296-7e070894397f,synth_edc4e120c92d,itin,tabddpm_synthetic,,['es'],EIN,2024-11-09T08:51:00+00:00,100.0,0.0,28,8,0,Monday,0,1289,9,EIN,es,Bank account opening,0
6ac76404-8c83-4bfd-842e-ac5e8b1a8f78,synth_c5363abfb14f,itin,tabddpm_synthetic,,['en'],EIN,2024-12-17T18:51:00+00:00,100.0,0.0,22,18,6,Sunday,24,2000,5,EIN,en,Bank account opening,0
e1b656dc-5524-482d-9ba9-fd70e7ea54f1,synth_88741e7eec3f,itin,tabddpm_synthetic,,['en'],EIN,2024-11-07T00:35:00+00:00,2144.06,0.0,55,0,6,Sunday,0,714,0,EIN,en,Bank account opening,0
07e77265-f188-4142-85b3-1f467dc78271,synth_88106c78efdb,itin,tabddpm_synthetic,,['en'],EIN,2024-07-13T23:36:00+00:00,100.0,3960.23,55,23,0,Monday,90,2000,0,EIN,en,Bank account opening,0
df8e2919-991a-4e90-8794-fbfd733977e1,synth_52ca59648e7e,itin,tabddpm_synthetic,,['en'],EIN,2024-11-02T00:38:00+00:00,100000.0,50000.0,22,0,0,Monday,90,1,100,EIN,en,Bank account opening,0
aa94dee1-d33a-4cd1-ad3c-ec4ccdcdae17,synth_7d4e47373100,itin,tabddpm_synthetic,,['en'],EIN,2024-11-11T00:07:00+00:00,100.0,0.0,22,0,1,Tuesday,0,2000,0,EIN,en,Bank account opening,0
f7f18492-2d1a-48c2-9537-47d1483f0674,synth_1c915ef54305,itin,tabddpm_synthetic,,['en'],EIN,2024-07-12T00:03:00+00:00,100.0,0.0,22,0,5,Saturday,0,2000,0,EIN,en,Bank account opening,0
7ee67680-c4db-456a-8fc1-9976ed070c67,synth_d70959abae66,itin,tabddpm_synthetic,,['en'],EIN,2024-10-04T00:48:00+00:00,1735.18,485.4,34,0,6,Sunday,0,1,50,EIN,en,Bank account opening,0
d6326b41-d9b4-4007-b340-d450dfd8d2f3,synth_a5977e90c315,itin,tabddpm_synthetic,,['en'],EIN,2024-01-13T00:08:00+00:00,80156.57,2437.76,22,0,6,Sunday,0,1,100,EIN,en,Bank account opening,0
373dc089-6e26-4000-89bd-8f02cdcc420d,synth_ffe49d8b0641,itin,tabddpm_synthetic,,['es'],EIN,2024-07-29T15:20:00+00:00,2649.8,159.54,22,15,0,Monday,0,1632,7,EIN,es,Bank account opening,0
dc34ad48-1933-4d55-8e56-06fb1f97d457,synth_0ee62eefa18c,itin,tabddpm_synthetic,,['en'],EIN,2024-02-10T00:49:00+00:00,76498.98,1724.89,22,0,6,Sunday,0,1,100,EIN,en,Bank account opening,0
3293c21e-efe3-49c3-a42a-9677ddebd5bf,synth_159e06769a10,itin,tabddpm_synthetic,,['en'],EIN,2024-05-27T17:41:00+00:00,100.0,214.87,22,17,4,Friday,10,2000,6,EIN,en,Bank account opening,0
71bfa49c-b6cc-4997-a6a1-034a8070ebba,synth_7c8ccfed7f64,itin,tabddpm_synthetic,,['en'],EIN,2024-08-18T23:42:00+00:00,100000.0,49234.39,22,23,6,Sunday,90,1,100,EIN,en,Bank account opening,0
b15a03c4-a150-43d7-84ab-6469800947aa,synth_6ca6e8ce42e2,itin,tabddpm_synthetic,,['en'],EIN,2024-06-08T23:00:00+00:00,100000.0,50000.0,22,23,6,Sunday,90,1,100,EIN,en,Bank account opening,0
3db924f1-f8a6-43c0-b32d-edbf4c230bf8,synth_54bc3555f31a,itin,tabddpm_synthetic,,['en'],EIN,2024-02-28T00:04:00+00:00,6988.28,0.0,55,0,6,Sunday,0,1118,0,EIN,en,Bank account opening,0
8ddaa9b2-fd04-4bb6-a400-8ed40cc8cf07,synth_ae4426e25cdb,itin,tabddpm_synthetic,,['en'],EIN,2024-10-26T23:33:00+00:00,100000.0,50000.0,22,23,6,Sunday,0,1,100,EIN,en,Bank account opening,1
a2b77ad1-608c-4248-bcf9-9eeb52de560e,synth_bfef9544e8b8,itin,tabddpm_synthetic,,['en'],EIN,2024-05-21T23:26:00+00:00,100.0,6490.37,55,23,0,Monday,90,2000,0,EIN,en,Bank account opening,0
baed49e3-1928-444a-87f2-c603d6e09f03,synth_ad318185fe91,itin,tabddpm_synthetic,,['en'],EIN,2024-01-24T23:07:00+00:00,100.0,17995.02,55,23,0,Monday,90,2000,0,EIN,en,Bank account opening,0
5f296fe4-18b1-4efc-9cf5-97b85cddd564,synth_ac1a5adc1967,itin,tabddpm_synthetic,,['en'],EIN,2024-06-09T23:42:00+00:00,100.0,31310.34,55,23,0,Monday,90,2000,0,EIN,en,Bank account opening,0
822c0798-e8d5-4f56-a8cd-ba2e0f0a9307,synth_60f3aac01784,itin,tabddpm_synthetic,,['en'],EIN,2024-10-13T00:36:00+00:00,100000.0,13200.27,55,0,0,Monday,90,1,100,EIN,en,Bank account opening,0
be16e0e1-e561-46fe-a3ef-96efc28dd417,synth_1b342d933e67,itin,tabddpm_synthetic,,['en'],EIN,2024-07-08T00:12:00+00:00,100000.0,50000.0,22,0,6,Sunday,0,1,100,EIN,en,Bank account opening,0
4063e2b0-12ad-4e25-9d95-45e66f6a7e9b,synth_1cd4b6c89e7f,itin,tabddpm_synthetic,,['en'],EIN,2024-04-21T02:03:00+00:00,100.0,63.82,22,2,6,Sunday,30,2000,5,EIN,en,Bank account opening,0
0f38431f-6c26-49ac-9622-a78c4fb57f30,synth_066690d6a7a3,itin,tabddpm_synthetic,,['en'],EIN,2024-08-18T20:59:00+00:00,100.0,0.0,22,20,6,Sunday,17,2000,3,EIN,en,Bank account opening,0
a8f92a86-16ec-4004-b21c-e150efc0ca38,synth_89b82208525d,itin,tabddpm_synthetic,,['es'],EIN,2024-04-26T21:33:00+00:00,4336.27,277.77,28,21,0,Monday,0,733,12,EIN,es,Bank account opening,0
46e8d66e-0055-4486-aa48-b7a62a7f79a1,synth_7df551f475f2,itin,tabddpm_synthetic,,['en'],EIN,2024-10-27T00:40:00+00:00,100.0,1152.41,22,0,6,Sunday,0,2000,99,EIN,en,Bank account opening,0
9f1f9f5b-9ca3-4b18-b85b-3289968787d2,synth_0bab37b30b53,itin,tabddpm_synthetic,,['en'],EIN,2024-09-30T23:50:00+00:00,100000.0,22924.95,22,23,6,Sunday,0,1,100,EIN,en,Bank account opening,1
558d9004-670a-48aa-a5d1-56a8302d4be8,synth_6eb27137b4a3,itin,tabddpm_synthetic,,['en'],EIN,2024-11-28T00:03:00+00:00,100.0,4474.35,55,0,6,Sunday,90,2000,0,EIN,en,Bank account opening,0
0c766d04-56cf-46b6-aea0-e713f4d8961d,synth_7198467c575a,itin,tabddpm_synthetic,,['en'],EIN,2024-05-31T13:19:00+00:00,100.0,0.0,22,13,6,Sunday,20,2000,8,EIN,en,Bank account opening,0
9f619972-f256-4404-9c63-080115934645,synth_c7f7641f6598,itin,tabddpm_synthetic,,['en'],ITIN,2024-04-20T21:11:00+00:00,100.0,0.0,22,21,4,Friday,2,2000,11,ITIN,en,Bank account opening,0
98630946-07d4-4cb6-b43a-8fd288f736d6,synth_ff52af585bd0,itin,tabddpm_synthetic,,['en'],EIN,2024-08-10T00:05:00+00:00,10811.72,0.0,55,0,6,Sunday,0,786,0,EIN,en,Bank account opening,0
01b32388-de96-4994-8e59-93ce0e308874,synth_3c8d577e7a93,itin,tabddpm_synthetic,,['en'],EIN,2024-07-01T00:40:00+00:00,100.0,66.31,55,0,6,Sunday,0,1,0,EIN,en,Bank account opening,0
baa0667c-67a4-49d7-a23a-248b0abf606d,synth_e70ffdfd6536,itin,tabddpm_synthetic,,['en'],ITIN,2024-07-23T00:04:00+00:00,48012.67,1529.17,42,0,0,Monday,15,1,43,ITIN,en,Bank account opening,0
d5b1991c-777b-4d00-9173-c4797c0fa19a,synth_adaa6875356d,itin,tabddpm_synthetic,,['en'],EIN,2024-10-20T07:05:00+00:00,100.0,0.0,22,7,6,Sunday,49,2000,10,EIN,en,Bank account opening,0
46b1c509-2ae2-4d08-a6f6-a0df51db527f,synth_2041216ae08f,itin,tabddpm_synthetic,,['en'],EIN,2024-05-23T00:43:00+00:00,2593.24,0.0,55,0,6,Sunday,0,321,0,EIN,en,Bank account opening,0
d58db6c6-e567-44fa-b699-15ec2514ec77,synth_1178e9a4a756,itin,tabddpm_synthetic,,['en'],EIN,2024-12-17T23:28:00+00:00,100.0,2563.51,55,23,0,Monday,90,2000,0,EIN,en,Bank account opening,0
5c4c637e-24d2-49e6-a64d-7bfa3388b6aa,synth_6b46dab6c74a,itin,tabddpm_synthetic,,['en'],EIN,2024-01-15T08:53:00+00:00,100.0,179.76,22,8,6,Sunday,8,2000,28,EIN,en,Bank account opening,0
6c87df9d-781d-4ae0-b822-f2744fe57b37,synth_b5a715c74797,itin,tabddpm_synthetic,,['en'],EIN,2024-03-12T14:35:00+00:00,100.0,35.51,22,14,6,Sunday,6,2000,9,EIN,en,Bank account opening,0
70b05060-6b68-4aaa-a591-287c0372f8f3,synth_a5f25220e165,itin,tabddpm_synthetic,,['en'],EIN,2024-10-30T00:07:00+00:00,100.0,0.0,55,0,6,Sunday,0,669,0,EIN,en,Bank account opening,0
9f029b83-a60a-4dc7-a562-10f528bd29cc,synth_94690b8141ba,itin,tabddpm_synthetic,,['en'],EIN,2024-11-28T00:59:00+00:00,100.0,0.0,22,0,4,Friday,0,877,0,EIN,en,Bank account opening,0
f7e2fffc-e688-4e4e-a38b-57ae07659aaf,synth_89b49321a1ce,itin,tabddpm_synthetic,,['en'],EIN,2024-12-22T19:41:00+00:00,100.0,1235.07,55,19,0,Monday,90,1,2,EIN,en,Bank account opening,0
3daec014-a898-422b-8f23-d3ff0808d190,synth_4e2466dd8eff,itin,tabddpm_synthetic,,['en'],EIN,2024-07-19T00:59:00+00:00,100.0,0.0,55,0,6,Sunday,0,1,70,EIN,en,Bank account opening,0
c2d9c4fa-b173-4faa-b7a6-941b2dc6916f,synth_64b1ccf596c2,itin,tabddpm_synthetic,,['en'],EIN,2024-11-27T23:19:00+00:00,16871.15,65.63,22,23,0,Monday,0,1,71,EIN,en,Bank account opening,0
844e705a-e2b4-43b8-8957-c29508662b27,synth_ebb1dd28bf28,itin,tabddpm_synthetic,,['en'],EIN,2024-11-02T23:26:00+00:00,61580.55,2039.53,22,23,6,Sunday,6,1,100,EIN,en,Bank account opening,0
8b932c5b-0462-4b4b-a8c4-2f45357e6c51,synth_d8ff60b99f27,itin,tabddpm_synthetic,,['en'],EIN,2024-09-07T23:42:00+00:00,100000.0,45520.64,22,23,6,Sunday,0,1,100,EIN,en,Bank account opening,0
0a934a8e-2ca5-4e6d-964e-58ebb9eae027,synth_1694b901f840,itin,tabddpm_synthetic,,['en'],EIN,2024-08-21T23:03:00+00:00,100.0,5117.88,55,23,0,Monday,90,2000,0,EIN,en,Bank account opening,0
a9bb8b96-add9-4965-8f21-988b28b81397,synth_b3be6ba639a5,itin,tabddpm_synthetic,,['en'],EIN,2024-06-02T03:23:00+00:00,2132.2,0.0,54,3,6,Sunday,0,1,4,EIN,en,Bank account opening,0
733ace22-42a2-4801-b30b-e790c83141f1,synth_7aa03823eb6a,itin,tabddpm_synthetic,,['en'],EIN,2024-05-17T23:11:00+00:00,100000.0,50000.0,22,23,6,Sunday,90,1,100,EIN,en,Bank account opening,1
1199ba2a-e00d-4e3b-9e13-42e4eba99cdd,synth_120c8d41d924,itin,tabddpm_synthetic,,['en'],ITIN,2024-11-23T02:05:00+00:00,4882.56,403.48,42,2,2,Wednesday,0,374,6,ITIN,en,Bank account opening,0
1dee1bf9-c153-45e2-840a-bf0579c882f1,synth_a93ff7961762,itin,tabddpm_synthetic,,['es'],EIN,2024-04-10T08:30:00+00:00,100.0,0.0,28,8,1,Tuesday,0,1971,6,EIN,es,Bank account opening,0
08ebc2e0-812d-46c5-a1a1-d41240c411a6,synth_c496cf1f63cc,itin,tabddpm_synthetic,,['en'],EIN,2024-01-08T00:13:00+00:00,100000.0,50000.0,22,0,0,Monday,0,1,100,EIN,en,Bank account opening,1
5fc2deb8-665c-4ae6-9a2b-aac58ea970ad,synth_c7b225215f8a,itin,tabddpm_synthetic,,['en'],EIN,2024-02-14T01:10:00+00:00,2965.39,0.0,22,1,3,Thursday,0,541,25,EIN,en,Bank account opening,0
79167897-7930-464a-aed7-0bc46fd26051,synth_8d2b568f5bea,itin,tabddpm_synthetic,,['en'],EIN,2024-06-14T23:38:00+00:00,100.0,11890.47,55,23,0,Monday,90,2000,0,EIN,en,Bank account opening,0
02eeb584-a4a3-4505-abee-390453c7f463,synth_a72cc985e9d8,itin,tabddpm_synthetic,,['en'],EIN,2024-11-27T00:27:00+00:00,100.0,831.39,22,0,6,Sunday,0,1,0,EIN,en,Bank account opening,0
01fc53bb-bf66-4a81-9e74-6ca872e52f8f,synth_358782cf4048,itin,tabddpm_synthetic,,['en'],EIN,2024-09-07T00:17:00+00:00,100000.0,50000.0,22,0,6,Sunday,0,1,100,EIN,en,Bank account opening,0
c89d96ba-e4a6-465c-b765-d8bed0b2a6d4,synth_1904fbe28336,itin,tabddpm_synthetic,,['en'],EIN,2024-03-22T00:19:00+00:00,9551.12,312.84,22,0,6,Sunday,0,1,65,EIN,en,Bank account opening,0
ff2d60c0-8913-4d82-ab92-cf95f8478948,synth_2c41ce485b56,itin,tabddpm_synthetic,,['en'],EIN,2024-04-16T06:10:00+00:00,5503.86,497.03,42,6,6,Sunday,3,1,49,EIN,en,Bank account opening,0
ce5a321d-906e-4949-9ade-14f4e87d7a44,synth_2f682c4e22ea,itin,tabddpm_synthetic,,['en'],EIN,2024-12-18T23:56:00+00:00,100000.0,50000.0,22,23,0,Monday,90,1,100,EIN,en,Bank account opening,0
242fbf01-b9b3-4ebd-a25a-d39f8885ea99,synth_339798f57c4a,itin,tabddpm_synthetic,,['en'],EIN,2024-06-17T11:50:00+00:00,50523.93,5492.41,22,11,0,Monday,0,1,4,EIN,en,Bank account opening,0
a1c0affe-b48a-4a22-8203-62fddae96245,synth_54d2137cb9cb,itin,tabddpm_synthetic,,['en'],EIN,2024-05-06T00:27:00+00:00,8407.24,0.0,22,0,0,Monday,0,1,46,EIN,en,Bank account opening,0
376cfdae-546c-49aa-a0c6-59797e161993,synth_ce4dc1bf9f1d,itin,tabddpm_synthetic,,['en'],EIN,2024-02-17T22:20:00+00:00,100.0,0.0,22,22,6,Sunday,16,2000,5,EIN,en,Bank account opening,0
0458ea77-6495-48a9-bb4a-1c9eec95fa0e,synth_56a6cfe2903a,itin,tabddpm_synthetic,,['en'],EIN,2024-06-20T23:59:00+00:00,74538.1,0.0,22,23,0,Monday,0,1,100,EIN,en,Bank account opening,1
0a6f5409-3d0c-4986-8911-ce737574fc7c,synth_a94fe74d1100,itin,tabddpm_synthetic,,['en'],EIN,2024-07-12T23:49:00+00:00,100000.0,50000.0,22,23,6,Sunday,0,1,100,EIN,en,Bank account opening,1
d7f491f3-df2a-492b-b122-ff5e5661eb0c,synth_82d57b4f6c7b,itin,tabddpm_synthetic,,['en'],EIN,2024-09-05T00:58:00+00:00,100.0,0.0,55,0,6,Sunday,0,1,0,EIN,en,Bank account opening,0
ca2eb462-af9c-4d8c-bafd-14271c195aa1,synth_9d2cf8d6410f,itin,tabddpm_synthetic,,['en'],EIN,2024-10-06T00:18:00+00:00,100000.0,6474.47,22,0,6,Sunday,0,1,100,EIN,en,Bank account opening,0
0a2b7280-c02c-4b08-a855-111d74441eb3,synth_1983a566f93b,itin,tabddpm_synthetic,,['en'],EIN,2024-07-01T05:32:00+00:00,100.0,2066.47,55,5,0,Monday,90,1,9,EIN,en,Bank account opening,0
2a095458-8c38-4f73-bac2-6eb82daac172,synth_c363d5b33f99,itin,tabddpm_synthetic,,['en'],EIN,2024-06-24T22:37:00+00:00,100.0,398.46,55,22,6,Sunday,90,2000,0,EIN,en,Bank account opening,0
cf3a258f-c511-4930-a5ec-cb1d7199cb76,synth_7f52832a8da2,itin,tabddpm_synthetic,,['en'],EIN,2024-12-01T23:14:00+00:00,100.0,20834.71,55,23,0,Monday,90,2000,0,EIN,en,Bank account opening,0
c3cc078e-d70b-45fe-aecb-4c3de0005179,synth_620f3d33a725,itin,tabddpm_synthetic,,['en'],EIN,2024-08-02T22:48:00+00:00,100.0,0.0,22,22,6,Sunday,36,2000,9,EIN,en,Bank account opening,0
17db3a85-c20b-404a-985e-6c2675afb234,synth_ce56bde5c3bf,itin,tabddpm_synthetic,,['en'],EIN,2024-08-14T00:13:00+00:00,100000.0,50000.0,22,0,0,Monday,0,1,100,EIN,en,Bank account opening,0
e75e4b37-e354-4d23-8524-184037a50eed,synth_e761e39e9719,itin,tabddpm_synthetic,,['en'],EIN,2024-10-11T19:46:00+00:00,100.0,0.0,22,19,6,Sunday,29,2000,11,EIN,en,Bank account opening,0
60bc0213-7e54-40d2-b3fc-27e3df585e9a,synth_63eb6aeb6745,itin,tabddpm_synthetic,,['en'],EIN,2024-08-10T00:00:00+00:00,100000.0,50000.0,22,0,0,Monday,90,1,100,EIN,en,Bank account opening,0
477ba697-79e6-41c3-beee-8a72b2dc648e,synth_2a5e3775cc3c,itin,tabddpm_synthetic,,['es'],EIN,2024-09-02T10:03:00+00:00,100.0,92.26,28,10,1,Tuesday,14,2000,8,EIN,es,Bank account opening,0
171f17d8-6f5b-4322-9a26-a9381d682cf9,synth_288309bb3529,itin,tabddpm_synthetic,,['en'],EIN,2024-11-29T00:24:00+00:00,100.0,0.0,22,0,2,Wednesday,0,2000,0,EIN,en,Bank account opening,0
d141ccb0-0d3a-45a8-9b44-0647e94fd9d8,synth_5958accda646,itin,tabddpm_synthetic,,['en'],EIN,2024-01-18T23:23:00+00:00,100000.0,50000.0,22,23,6,Sunday,0,1,100,EIN,en,Bank account opening,1
336513c8-6ead-4cb8-827d-bc678d4dd895,synth_035673d59f75,itin,tabddpm_synthetic,,['en'],EIN,2024-05-06T20:21:00+00:00,100.0,1240.91,55,20,6,Sunday,90,2000,0,EIN,en,Bank account opening,0
3df86fd3-069c-4e69-9190-3da3e234aeca,synth_cb7774714d9e,itin,tabddpm_synthetic,,['en'],EIN,2024-02-22T00:12:00+00:00,100000.0,7581.64,22,0,0,Monday,0,1,100,EIN,en,Bank account opening,0
bccd3ab5-8795-43a8-a904-361d70f0dcba,synth_c7488fc6b149,itin,tabddpm_synthetic,,['en'],EIN,2024-09-01T19:44:00+00:00,100.0,135.28,22,19,6,Sunday,16,2000,11,EIN,en,Bank account opening,0
e5d0dcac-b78a-401b-bb1f-9028a01882db,synth_d490bd6bf8a1,itin,tabddpm_synthetic,,['en'],EIN,2024-03-29T23:26:00+00:00,100.0,21028.89,55,23,0,Monday,90,2000,0,EIN,en,Bank account opening,0
bfc75ffc-a695-4952-8ba0-66c25c7c7b7e,synth_c3a0be446dfe,itin,tabddpm_synthetic,,['en'],EIN,2024-10-15T23:15:00+00:00,100000.0,3215.3,22,23,6,Sunday,0,1,100,EIN,en,Bank account opening,0
65bc9ffb-c521-4428-8d07-a2b580f908a4,synth_eeb527a65881,itin,tabddpm_synthetic,,['en'],EIN,2024-06-01T00:12:00+00:00,5808.03,65.05,22,0,6,Sunday,0,1,47,EIN,en,Bank account opening,0
e7237d0c-252d-4829-8700-0f86ca06c24d,synth_82cd365d6c27,itin,tabddpm_synthetic,,['en'],ITIN,2024-05-30T23:45:00+00:00,100000.0,17042.15,22,23,0,Monday,12,1,29,ITIN,en,Bank account opening,0
5c8f2334-8ca1-4232-9f71-2144d6065ceb,synth_6d65486c352f,itin,tabddpm_synthetic,,['en'],EIN,2024-11-17T23:01:00+00:00,100.0,17308.66,55,23,0,Monday,90,2000,0,EIN,en,Bank account opening,0
ca5d3e6c-bfd0-482d-b774-1a6cbe404f8a,synth_8e6c0c924e7f,itin,tabddpm_synthetic,,['en'],EIN,2024-07-15T23:05:00+00:00,100000.0,50000.0,22,23,6,Sunday,0,1,100,EIN,en,Bank account opening,1
5bb685a4-109f-471a-ac76-a4c8bcc3651e,synth_c58aeefd34ef,itin,tabddpm_synthetic,,['en'],EIN,2024-06-09T00:18:00+00:00,100000.0,50000.0,22,0,6,Sunday,0,1,100,EIN,en,Bank account opening,0
91ae3ef5-af46-4306-af32-8bb47d0e06db,synth_07bd5ca247f6,itin,tabddpm_synthetic,,['en'],EIN,2024-09-25T00:15:00+00:00,100000.0,50000.0,22,0,6,Sunday,0,1,100,EIN,en,Bank account opening,0
1c6d8c99-6703-49f5-9316-0b41873cbe37,synth_ed5b4e999c81,itin,tabddpm_synthetic,,['en'],EIN,2024-04-19T23:11:00+00:00,100.0,0.0,22,23,6,Sunday,8,2000,3,EIN,en,Bank account opening,0
e8a2f845-c89c-4cfa-a379-8b7f979f19c9,synth_b4d3376389bf,itin,tabddpm_synthetic,,['en'],EIN,2024-05-23T14:24:00+00:00,100.0,548.08,22,14,6,Sunday,90,2000,10,EIN,en,Bank account opening,0
ee502ca6-a646-485b-ae72-a42cc929f3d5,synth_421ab2954711,itin,tabddpm_synthetic,,['en'],EIN,2024-12-20T23:40:00+00:00,100.0,10013.56,55,23,0,Monday,90,2000,0,EIN,en,Bank account opening,0
bf7bb284-8637-4b5e-b5bd-27b7e98915ac,synth_eccfd96a33b5,itin,tabddpm_synthetic,,['en'],EIN,2024-06-23T00:19:00+00:00,100.0,60.54,44,0,6,Sunday,0,1,18,EIN,en,Bank account opening,0
45f25a71-cedd-484e-87b7-fea19b7a3b3d,synth_2a4310ec36f8,itin,tabddpm_synthetic,,['en'],EIN,2024-05-03T23:15:00+00:00,100000.0,50000.0,22,23,6,Sunday,0,1,100,EIN,en,Bank account opening,1
e407cdd2-292c-4694-9652-a3f423328e0e,synth_05e3c09ebded,itin,tabddpm_synthetic,,['en'],EIN,2024-08-17T00:01:00+00:00,36847.2,1176.16,36,0,2,Wednesday,41,1,100,EIN,en,Bank account opening,0
c895831d-d6de-49dc-8bb4-cf9b5b46dbbd,synth_d97534028ec8,itin,tabddpm_synthetic,,['en'],EIN,2024-05-13T14:38:00+00:00,17956.36,831.76,22,14,6,Sunday,0,1,74,EIN,en,Bank account opening,0
f64b5b05-c52a-4f62-b4ba-82a6fbce4d3e,synth_b6b4961c239b,itin,tabddpm_synthetic,,['en'],EIN,2024-01-19T23:08:00+00:00,100.0,10316.29,55,23,0,Monday,90,2000,0,EIN,en,Bank account opening,0
f1560065-15e2-48dd-ad37-265f180fd7e6,synth_f110e14b05c3,itin,tabddpm_synthetic,,['en'],EIN,2024-07-08T17:49:00+00:00,2441.68,0.0,42,17,1,Tuesday,8,719,9,EIN,en,Bank account opening,0
9ae7ed41-b70a-4e3e-a579-4b874b11b379,synth_06b4ef344cdc,itin,tabddpm_synthetic,,['en'],EIN,2024-11-15T23:01:00+00:00,100.0,364.4,55,23,4,Friday,88,2000,13,EIN,en,Bank account opening,0
23a4f139-7260-4ac5-bc49-2c2bb8fc2ef4,synth_7c48f8dc1dae,itin,tabddpm_synthetic,,['en'],EIN,2024-05-20T23:10:00+00:00,100.0,2220.62,22,23,6,Sunday,89,2000,55,EIN,en,Bank account opening,0
fb861186-a868-4538-8127-db80c4a3c2a2,synth_c9fc6779d2b5,itin,tabddpm_synthetic,,['en'],EIN,2024-12-02T00:39:00+00:00,100.0,72.66,55,0,6,Sunday,5,2000,0,EIN,en,Bank account opening,0
92b3f41f-d437-4e29-8efa-c38f2b7c4a68,synth_9c61a74550f8,itin,tabddpm_synthetic,,['en'],EIN,2024-03-08T23:44:00+00:00,100000.0,50000.0,22,23,6,Sunday,0,1,100,EIN,en,Bank account opening,0
653c1337-6ac3-4f8b-b5df-77e073b5157a,synth_3cbe2ed4cda1,itin,tabddpm_synthetic,,['en'],EIN,2024-08-29T23:30:00+00:00,100000.0,50000.0,22,23,6,Sunday,0,1,100,EIN,en,Bank account opening,0
38a5de56-8992-4e78-89f4-43823a9eeb47,synth_df86693b5abb,itin,tabddpm_synthetic,,['en'],EIN,2024-03-03T16:49:00+00:00,100.0,49.58,22,16,6,Sunday,32,2000,7,EIN,en,Bank account opening,0
e71a35d3-b10c-4d60-a385-edb745d6437b,synth_d54063571235,itin,tabddpm_synthetic,,['en'],EIN,2024-05-04T10:15:00+00:00,100.0,0.0,22,10,6,Sunday,17,2000,6,EIN,en,Bank account opening,0
b766a81a-e272-4585-aa7a-3dd899bc363e,synth_1c52e57bf636,itin,tabddpm_synthetic,,['en'],EIN,2024-04-03T23:16:00+00:00,100.0,2084.81,55,23,0,Monday,90,2000,0,EIN,en,Bank account opening,0
b181df45-8d39-4bb8-adc3-544146164965,synth_35bdbcb2e551,itin,tabddpm_synthetic,,['en'],EIN,2024-06-19T23:59:00+00:00,100.0,3053.63,22,23,6,Sunday,3,2000,100,EIN,en,Bank account opening,1
c7178c3c-ae8c-4dff-af64-82c634e33a21,synth_a6a343bbb6ee,itin,tabddpm_synthetic,,['en'],EIN,2024-07-24T11:21:00+00:00,100.0,0.0,22,11,5,Saturday,9,2000,4,EIN,en,Bank account opening,0
de5503e5-59e6-44d2-b304-95e6007e8612,synth_e2aa79555e6a,itin,tabddpm_synthetic,,['en'],EIN,2024-11-20T23:03:00+00:00,100000.0,50000.0,22,23,0,Monday,90,1,100,EIN,en,Bank account opening,1
6bd2ae5f-4915-40a3-9e02-88b711fec831,synth_b7aba1f3df9c,itin,tabddpm_synthetic,,['en'],EIN,2024-05-24T00:07:00+00:00,12470.7,82.03,22,0,6,Sunday,0,1,37,EIN,en,Bank account opening,0
4bf953ed-4726-45f4-a421-5c90f47245c9,synth_0ef52f80bc7b,itin,tabddpm_synthetic,,['en'],EIN,2024-08-04T00:17:00+00:00,100.0,0.0,22,0,2,Wednesday,0,2000,0,EIN,en,Bank account opening,0
099aa42c-350c-43b5-9f2b-fc6d47a247c3,synth_fa8a24a2061e,itin,tabddpm_synthetic,,['en'],ITIN,2024-01-29T23:04:00+00:00,100.0,117.67,22,23,6,Sunday,16,2000,11,ITIN,en,Bank account opening,0
6d45cf27-b057-48cd-9ac5-1b80f0fcf652,synth_c93bc52a056c,itin,tabddpm_synthetic,,['en'],EIN,2024-08-08T23:22:00+00:00,100.0,0.0,22,23,6,Sunday,4,2000,9,EIN,en,Bank account opening,0
6503c04e-2c6d-4a6e-9f6d-6ee74514b686,synth_25b3b5b5a258,itin,tabddpm_synthetic,,['en'],EIN,2024-12-25T00:51:00+00:00,100.0,133.02,22,0,6,Sunday,23,1271,34,EIN,en,Bank account opening,0
7a53775d-f4fc-46df-b06a-2d17e49888a9,synth_b08ee1c3a5c5,itin,tabddpm_synthetic,,['en'],EIN,2024-03-24T15:27:00+00:00,5428.13,0.0,26,15,0,Monday,0,1,7,EIN,en,Bank account opening,0
eb5e486d-fb81-4c42-9c23-7385e97961b0,synth_ed8defb5dccb,itin,tabddpm_synthetic,,['en'],EIN,2024-10-25T23:31:00+00:00,100.0,2228.1,55,23,0,Monday,90,1,0,EIN,en,Bank account opening,0
e1393f63-9959-4c7f-a514-e766b4e87b7c,synth_e319a697d728,itin,tabddpm_synthetic,,['en'],EIN,2024-04-18T23:41:00+00:00,100.0,2366.72,55,23,4,Friday,90,2000,0,EIN,en,Bank account opening,0
ef20e782-5153-405d-a1fb-a3b6645a5af0,synth_77fe391a7788,itin,tabddpm_synthetic,,['en'],EIN,2024-12-07T23:57:00+00:00,64449.84,0.0,22,23,0,Monday,0,1,100,EIN,en,Bank account opening,0
0f15a2dc-3df6-497b-b8fc-e4e81cfed7b6,synth_6c59b9b61c7f,itin,tabddpm_synthetic,,['en'],EIN,2024-12-17T23:06:00+00:00,100.0,10763.65,55,23,0,Monday,90,2000,0,EIN,en,Bank account opening,0
00938270-c2a2-4b00-bed1-d464ae1139e9,synth_c24bcbf9a1b6,itin,tabddpm_synthetic,,['en'],EIN,2024-12-05T23:24:00+00:00,100.0,8051.91,55,23,0,Monday,90,2000,1,EIN,en,Bank account opening,0
c6c1ccf5-8924-4afe-83a6-007a07af4796,synth_87b60ca3388a,itin,tabddpm_synthetic,,['en'],EIN,2024-03-24T00:51:00+00:00,100000.0,50000.0,22,0,6,Sunday,0,1,100,EIN,en,Bank account opening,1
196c5815-87ae-40ba-9365-8965acaa80b1,synth_d43107527149,itin,tabddpm_synthetic,,['en'],EIN,2024-01-17T00:22:00+00:00,100000.0,14568.37,22,0,0,Monday,0,1,100,EIN,en,Bank account opening,0
56da4cc3-6468-456d-9f94-aa32b605b4fc,synth_4eaaf15b8ac4,itin,tabddpm_synthetic,,['en'],EIN,2024-01-07T23:40:00+00:00,100000.0,50000.0,22,23,6,Sunday,0,1,100,EIN,en,Bank account opening,0
8c3439bd-b3ae-421c-8ebf-264f736665e3,synth_f1be375aca4b,itin,tabddpm_synthetic,,['en'],EIN,2024-10-11T02:08:00+00:00,100.0,1291.93,55,2,0,Monday,90,1,42,EIN,en,Bank account opening,0
26c624b1-9b4b-4ce3-b839-1d292fc9c50a,synth_72a7b686112a,itin,tabddpm_synthetic,,['en'],EIN,2024-12-04T23:25:00+00:00,100.0,498.11,22,23,6,Sunday,1,2000,77,EIN,en,Bank account opening,1
57333c06-a5a1-4440-9574-63787b74b32f,synth_28cd60747e67,itin,tabddpm_synthetic,,['en'],EIN,2024-07-08T00:48:00+00:00,100.0,2879.57,55,0,0,Monday,90,1,37,EIN,en,Bank account opening,0
e7bbeecb-2c52-4730-ba8c-efc9767b7f25,synth_8117811d0ca7,itin,tabddpm_synthetic,,['en'],EIN,2024-04-25T00:34:00+00:00,3771.3,0.0,22,0,4,Friday,0,1,43,EIN,en,Bank account opening,0
6af59f7a-1706-4d4e-9aaf-d1048fde31e9,synth_ab1395d28d9f,itin,tabddpm_synthetic,,['en'],EIN,2024-12-23T15:12:00+00:00,100.0,0.0,22,15,6,Sunday,28,2000,6,EIN,en,Bank account opening,0
264a0717-fec8-4be4-859e-9be3083db905,synth_80f31a603a52,itin,tabddpm_synthetic,,['en'],EIN,2024-12-26T23:54:00+00:00,100.0,13654.08,55,23,0,Monday,90,2000,0,EIN,en,Bank account opening,0
606c4072-239c-4b5d-8e97-5e23e161baa9,synth_368012e73f43,itin,tabddpm_synthetic,,['en'],EIN,2024-03-04T23:33:00+00:00,100000.0,50000.0,55,23,0,Monday,90,1,100,EIN,en,Bank account opening,1
a1b95fcd-c809-4341-8ad4-bc8cc37fcdda,synth_368ff46d2a02,itin,tabddpm_synthetic,,['en'],EIN,2024-07-30T23:14:00+00:00,100.0,18306.19,55,23,0,Monday,90,1,100,EIN,en,Bank account opening,0
7ceea6dc-0a43-488b-9be4-a7286337dfb4,synth_2cececfd20d6,itin,tabddpm_synthetic,,['es'],EIN,2024-10-06T13:42:00+00:00,2901.12,88.14,49,13,1,Tuesday,15,1100,8,EIN,es,Bank account opening,0
45265326-6e52-4d1c-b0d5-1459811762d3,synth_9d96a9d6d705,itin,tabddpm_synthetic,,['en'],EIN,2024-08-30T07:53:00+00:00,100.0,1940.04,55,7,0,Monday,90,1,13,EIN,en,Bank account opening,0
532f48a3-7892-41fa-bd7a-e71fb53bfc70,synth_2e531d8013f2,itin,tabddpm_synthetic,,['en'],EIN,2024-11-08T15:58:00+00:00,598.42,771.94,38,15,6,Sunday,77,2000,0,EIN,en,Bank account opening,0
76b64e06-873e-44cc-9253-451b73ae4a14,synth_e22b7fcccbff,itin,tabddpm_synthetic,,['en'],EIN,2024-02-02T23:35:00+00:00,100.0,16103.43,55,23,0,Monday,90,2000,0,EIN,en,Bank account opening,0
43d4503e-fb47-4b42-869c-3878bf1d3895,synth_1c795918cb66,itin,tabddpm_synthetic,,['en'],EIN,2024-06-13T00:57:00+00:00,100.0,219.8,28,0,6,Sunday,0,1,13,EIN,en,Bank account opening,0
a69cbd34-0ce1-45e8-8273-7468060d01ef,synth_80769e4f0ad7,itin,tabddpm_synthetic,,['en'],EIN,2024-08-16T00:19:00+00:00,100.0,0.0,55,0,6,Sunday,0,1,0,EIN,en,Bank account opening,0
d8756339-3f2a-4e53-b79c-ab3b5a040821,synth_c32a6a412055,itin,tabddpm_synthetic,,['en'],EIN,2024-02-05T00:11:00+00:00,100000.0,50000.0,22,0,6,Sunday,0,1,100,EIN,en,Bank account opening,0
a860ac7d-eea9-4b7e-a219-ed7d829e8e1e,synth_37cf93f02fc0,itin,tabddpm_synthetic,,['en'],EIN,2024-08-28T00:51:00+00:00,6708.54,17.94,22,0,0,Monday,0,562,15,EIN,en,Bank account opening,0
a4009523-402a-49a7-b19c-68a37588885d,synth_d48ca5f2cd22,itin,tabddpm_synthetic,,['en'],EIN,2024-07-07T23:55:00+00:00,100.0,3187.93,55,23,0,Monday,90,2000,0,EIN,en,Bank account opening,0
bb96956e-dc95-4784-a8e7-df0c0836b502,synth_3ffc8a646c27,itin,tabddpm_synthetic,,['en'],EIN,2024-03-05T00:16:00+00:00,100.0,0.0,22,0,6,Sunday,16,2000,68,EIN,en,Bank account opening,0
6db590bd-478b-416d-a9c7-e91bc7abd2f1,synth_184cbd2b8b35,itin,tabddpm_synthetic,,['en'],EIN,2024-02-19T00:47:00+00:00,100.0,0.0,22,0,0,Monday,0,2000,1,EIN,en,Bank account opening,0
a4b69492-a73d-4bbb-8d70-b80969fd09f6,synth_78ac8d948a15,itin,tabddpm_synthetic,,['en'],ITIN,2024-08-19T04:08:00+00:00,100.0,0.0,28,4,3,Thursday,0,2000,5,ITIN,en,Bank account opening,0
3d59a747-f380-4527-af52-9f8342041d39,synth_893ae4a83544,itin,tabddpm_synthetic,,['es'],EIN,2024-08-04T00:05:00+00:00,100.0,482.89,55,0,2,Wednesday,90,1,4,EIN,es,Bank account opening,0
b1f258a1-38c1-40ab-ab63-ff133ed9c9a9,synth_88eec2dab8d8,itin,tabddpm_synthetic,,['en'],EIN,2024-12-08T23:26:00+00:00,100000.0,50000.0,22,23,6,Sunday,0,1,100,EIN,en,Bank account opening,0
ea216934-0f59-408b-beff-8151f9bc8c21,synth_c36d779e6f34,itin,tabddpm_synthetic,,['en'],EIN,2024-08-03T00:49:00+00:00,71628.27,1989.71,22,0,6,Sunday,0,1,100,EIN,en,Bank account opening,0
795fc0d0-0b88-440a-8c61-af863ec237e2,synth_aa65fc8533fe,itin,tabddpm_synthetic,,['en'],EIN,2024-05-15T09:07:00+00:00,100.0,741.74,22,9,6,Sunday,41,2000,47,EIN,en,Bank account opening,0
374d3aa3-4752-4c3c-80cf-0008d10398b9,synth_703235bc83d9,itin,tabddpm_synthetic,,['en'],EIN,2024-04-11T23:30:00+00:00,50091.18,179.41,22,23,0,Monday,0,1,100,EIN,en,Bank account opening,0
f47d4869-b26a-415d-becd-3dcc732972bc,synth_8dba435cad36,itin,tabddpm_synthetic,,['en'],EIN,2024-09-22T00:50:00+00:00,100.0,0.0,49,0,6,Sunday,0,1,15,EIN,en,Bank account opening,0
bdf7aee9-61df-4d68-97aa-f07b97a20ba0,synth_07874fbab390,itin,tabddpm_synthetic,,['en'],EIN,2024-04-04T23:07:00+00:00,100.0,27069.37,55,23,0,Monday,90,2000,0,EIN,en,Bank account opening,0
f5ffac5a-eba3-4213-9549-8df9fcd8a766,synth_16a8612baa72,itin,tabddpm_synthetic,,['en'],EIN,2024-03-28T23:52:00+00:00,42299.79,0.0,22,23,2,Wednesday,0,1,100,EIN,en,Bank account opening,0
7c640552-87e1-4cf1-beb4-df59befedf0e,synth_581ee09e7993,itin,tabddpm_synthetic,,['en'],EIN,2024-12-18T00:33:00+00:00,9914.78,420.91,22,0,6,Sunday,0,1,60,EIN,en,Bank account opening,0
620afbd3-79aa-4b23-b8b7-e3e2a298df3a,synth_6ed1d7b66072,itin,tabddpm_synthetic,,['en'],EIN,2024-10-31T23:49:00+00:00,100000.0,50000.0,22,23,6,Sunday,90,1,100,EIN,en,Bank account opening,0
d556245b-97b2-4696-8949-bdf2b4b9d3c5,synth_935b5e1245a4,itin,tabddpm_synthetic,,['en'],EIN,2024-09-20T00:35:00+00:00,12840.76,268.75,22,0,0,Monday,0,1,15,EIN,en,Bank account opening,0
0fd093d8-1bfe-4c00-b03e-0a1e85d1c6ff,synth_23a9680e08a3,itin,tabddpm_synthetic,,['en'],EIN,2024-08-31T00:40:00+00:00,100000.0,50000.0,22,0,0,Monday,90,1,100,EIN,en,Bank account opening,0
d57e3145-f6fc-4f60-b915-fcd468423100,synth_151a8229ebdc,itin,tabddpm_synthetic,,['en'],EIN,2024-09-15T23:44:00+00:00,100.0,21409.52,55,23,0,Monday,90,2000,0,EIN,en,Bank account opening,0
2a613517-e68c-422d-bb08-e921328ef554,synth_9525825ac1be,itin,tabddpm_synthetic,,['en'],EIN,2024-02-24T23:38:00+00:00,100.0,3906.0,55,23,0,Monday,90,2000,0,EIN,en,Bank account opening,0
b5b920c8-0a49-4ac9-acb7-27d68357d010,synth_601445c71942,itin,tabddpm_synthetic,,['en'],EIN,2024-05-09T23:49:00+00:00,100.0,2676.86,55,23,0,Monday,90,2000,0,EIN,en,Bank account opening,0
74e2e698-6f89-4738-89ad-850390b83324,synth_7eb35b4f9d88,itin,tabddpm_synthetic,,['en'],EIN,2024-07-09T04:04:00+00:00,100.0,356.35,22,4,6,Sunday,24,2000,51,EIN,en,Bank account opening,0
29627cd7-7d31-4231-b0a3-cb5d1e17ac9c,synth_44d301665f32,itin,tabddpm_synthetic,,['en'],EIN,2024-05-06T23:09:00+00:00,100.0,4877.77,55,23,0,Monday,90,1,76,EIN,en,Bank account opening,0
0f5adfc8-2fb0-411a-933f-0dab0a2bae0f,synth_047853cd1bc4,itin,tabddpm_synthetic,,['en'],EIN,2024-06-06T00:41:00+00:00,100000.0,50000.0,22,0,6,Sunday,0,1,100,EIN,en,Bank account opening,1
6ff83d05-7ea2-4ca7-9914-199291aab66b,synth_18b90be23961,itin,tabddpm_synthetic,,['en'],EIN,2024-06-14T11:04:00+00:00,100.0,1379.68,55,11,6,Sunday,90,2000,0,EIN,en,Bank account opening,0
cf6af615-ce68-44c6-ace2-526d80c93f3d,synth_4fe73ce4b371,itin,tabddpm_synthetic,,['en'],EIN,2024-05-22T00:31:00+00:00,100000.0,50000.0,54,0,0,Monday,90,1,51,EIN,en,Bank account opening,0
89ddd488-1d6d-43fa-9b3c-861834bd8d9a,synth_e90bb9d2e723,itin,tabddpm_synthetic,,['en'],ITIN,2024-11-01T04:12:00+00:00,1757.09,0.0,55,4,6,Sunday,0,1396,0,ITIN,en,Bank account opening,0
2d4c0203-089f-47e5-812f-04159e5c6d56,synth_e48596cad4d3,itin,tabddpm_synthetic,,['en'],EIN,2024-08-14T00:20:00+00:00,1582.08,0.0,55,0,6,Sunday,0,1124,0,EIN,en,Bank account opening,0
ae57ff0c-e557-43d1-8aa4-a24d66842709,synth_4922edf01654,itin,tabddpm_synthetic,,['en'],EIN,2024-12-17T00:49:00+00:00,100.0,1097.37,22,0,6,Sunday,27,1,0,EIN,en,Bank account opening,0
06483e69-bad9-49fc-b130-4c037e1b6e0d,synth_1c752ac063f3,itin,tabddpm_synthetic,,['en'],EIN,2024-08-16T23:28:00+00:00,100000.0,50000.0,22,23,6,Sunday,0,1,100,EIN,en,Bank account opening,0
5d4343b6-8b65-47ca-901a-670be8cb70f7,synth_63e85106844d,itin,tabddpm_synthetic,,['en'],EIN,2024-05-11T13:10:00+00:00,100.0,10.24,25,13,1,Tuesday,36,2000,5,EIN,en,Bank account opening,0
2294a8b4-ae57-48f1-b6ee-f1dc49e73f1c,synth_d9a7b314489c,itin,tabddpm_synthetic,,['en'],EIN,2024-01-29T00:22:00+00:00,100.0,0.0,22,0,6,Sunday,0,1,0,EIN,en,Bank account opening,0
3ea34435-be21-4939-873d-b90cb6104212,synth_e5b00610059b,itin,tabddpm_synthetic,,['en'],EIN,2024-07-13T18:42:00+00:00,100.0,0.0,22,18,6,Sunday,56,2000,5,EIN,en,Bank account opening,0
43cb047f-a680-4ad0-a94f-5de40a941821,synth_025731c58c4b,itin,tabddpm_synthetic,,['en'],EIN,2024-03-08T00:39:00+00:00,100000.0,50000.0,22,0,0,Monday,0,1,100,EIN,en,Bank account opening,0
cadd2fd1-bdac-4063-8ed5-7cb56707eb7f,synth_e7b4212662b8,itin,tabddpm_synthetic,,['en'],EIN,2024-07-15T00:56:00+00:00,100000.0,50000.0,22,0,6,Sunday,0,1,100,EIN,en,Bank account opening,0
65002d84-add9-48bb-8fda-bfb8545012fd,synth_f33a4aded8e3,itin,tabddpm_synthetic,,['en'],EIN,2024-12-19T14:28:00+00:00,100.0,0.0,22,14,6,Sunday,11,2000,4,EIN,en,Bank account opening,0
b81ec90d-691c-496e-97df-b3ca149613cc,synth_96dc0ae2bde2,itin,tabddpm_synthetic,,['en'],EIN,2024-04-25T00:49:00+00:00,220.45,0.0,55,0,6,Sunday,0,154,0,EIN,en,Bank account opening,0
4f6da820-d121-4d48-a8bc-a70a04b5c57e,synth_0d7f0553869e,itin,tabddpm_synthetic,,['en'],EIN,2024-09-06T00:17:00+00:00,100000.0,40298.71,55,0,6,Sunday,0,2000,62,EIN,en,Bank account opening,0
b05bb18f-076f-44e6-af4c-a2b49138acfc,synth_a3ae9c5df565,itin,tabddpm_synthetic,,['en'],EIN,2024-11-20T23:29:00+00:00,100.0,50000.0,55,23,0,Monday,90,2000,100,EIN,en,Bank account opening,0
8f35e3cd-da02-44f5-8807-f448416f0b41,synth_2987fd378838,itin,tabddpm_synthetic,,['en'],EIN,2024-02-12T00:43:00+00:00,100.0,0.0,22,0,1,Tuesday,0,1789,12,EIN,en,Bank account opening,0
802bf4a2-1719-43d4-a7b8-1c38dd5a3035,synth_b319aa8931c4,itin,tabddpm_synthetic,,['en'],ITIN,2024-07-15T15:09:00+00:00,1883.74,192.23,55,15,0,Monday,22,1,10,ITIN,en,Bank account opening,0
6e558e10-d77f-46c2-8090-0fb072dc7983,synth_e299120fd119,itin,tabddpm_synthetic,,['en'],EIN,2024-09-26T23:12:00+00:00,100000.0,15968.73,22,23,6,Sunday,0,1297,21,EIN,en,Bank account opening,0
5aa74170-1501-4457-a041-939a5a91b159,synth_842c48903f62,itin,tabddpm_synthetic,,['en'],EIN,2024-08-05T23:19:00+00:00,22660.01,509.83,22,23,1,Tuesday,0,1,84,EIN,en,Bank account opening,0
e563c822-f245-411f-ba0d-982bfdfb2db1,synth_fce630016335,itin,tabddpm_synthetic,,['en'],EIN,2024-01-16T23:32:00+00:00,100.0,7479.66,55,23,0,Monday,90,2000,0,EIN,en,Bank account opening,0
0225e245-590e-4931-af44-457d85bf9ab9,synth_883e69bf0edc,itin,tabddpm_synthetic,,['en'],EIN,2024-11-22T23:37:00+00:00,100000.0,50000.0,22,23,6,Sunday,0,1,100,EIN,en,Bank account opening,0
bb8a9fa1-3f6f-417c-a8cb-5f7e423e400b,synth_724545ec692d,itin,tabddpm_synthetic,,['en'],EIN,2024-11-01T00:22:00+00:00,100.0,0.0,22,0,5,Saturday,0,1,0,EIN,en,Bank account opening,0
d3f007fa-db21-4e36-8a47-c87d496ac2ab,synth_563d6286563a,itin,tabddpm_synthetic,,['en'],EIN,2024-09-14T23:13:00+00:00,100.0,934.1,55,23,5,Saturday,90,2000,14,EIN,en,Bank account opening,0
a5a93d37-df2f-4047-b270-c4f5bc82da86,synth_376be8b56d48,itin,tabddpm_synthetic,,['en'],EIN,2024-04-11T23:35:00+00:00,100.0,27321.71,55,23,0,Monday,90,2000,0,EIN,en,Bank account opening,0
c0faa8d7-3eb8-42d5-b64a-3f361eb72e5f,synth_656979ddc760,itin,tabddpm_synthetic,,['en'],EIN,2024-02-19T00:01:00+00:00,100.0,0.0,23,0,0,Monday,0,1748,10,EIN,en,Bank account opening,0
1127445b-93cd-42aa-a976-5d5968a2e01c,synth_3511b941a4bf,itin,tabddpm_synthetic,,['en'],EIN,2024-11-02T00:39:00+00:00,100000.0,6110.41,22,0,6,Sunday,0,1,100,EIN,en,Bank account opening,0
ab473dbd-ff12-491d-9996-e505ad3a2346,synth_dfd16ecb1c69,itin,tabddpm_synthetic,,['en'],EIN,2024-06-26T23:39:00+00:00,100000.0,50000.0,22,23,6,Sunday,0,1,100,EIN,en,Bank account opening,1
c232d8ba-582e-4b06-b8b7-e62610344e0f,synth_e02647632ce4,itin,tabddpm_synthetic,,['en'],EIN,2024-04-20T21:13:00+00:00,100.0,71.29,55,21,0,Monday,90,1295,8,EIN,en,Bank account opening,0
185ffd20-2e0e-4eb2-a78e-331a72c50687,synth_2d3bfc767db4,itin,tabddpm_synthetic,,['en'],EIN,2024-10-16T00:11:00+00:00,100000.0,50000.0,22,0,6,Sunday,0,1,100,EIN,en,Bank account opening,0
31294784-7e9a-412a-9e23-69c454d0f512,synth_3f7b555bcb33,itin,tabddpm_synthetic,,['en'],EIN,2024-06-05T22:03:00+00:00,100.0,0.0,22,22,6,Sunday,28,2000,5,EIN,en,Bank account opening,0
25ba5706-b319-47dc-88bf-25656fcb06dc,synth_75a703d14e0a,itin,tabddpm_synthetic,,['en'],EIN,2024-04-26T00:56:00+00:00,100000.0,50000.0,22,0,0,Monday,90,1,100,EIN,en,Bank account opening,0
6e590f70-07e8-4ea1-9d8f-db05b680d45a,synth_8b0e536b2c8a,itin,tabddpm_synthetic,,['en'],EIN,2024-02-29T00:01:00+00:00,100000.0,50000.0,22,0,6,Sunday,90,1,100,EIN,en,Bank account opening,0
c5b25f68-3cda-4444-b6b6-064d80357ce2,synth_0731559fce91,itin,tabddpm_synthetic,,['en'],EIN,2024-04-12T23:11:00+00:00,100000.0,5372.8,22,23,0,Monday,0,1,100,EIN,en,Bank account opening,0
816399c4-f126-45dc-8432-f740c415f07f,synth_f34151489428,itin,tabddpm_synthetic,,['en'],EIN,2024-07-13T00:51:00+00:00,100000.0,3089.83,22,0,0,Monday,20,1,100,EIN,en,Bank account opening,0
75f0b23e-b397-4778-a88a-c77ba9a3eff3,synth_2e23ade893d5,itin,tabddpm_synthetic,,['en'],EIN,2024-05-11T00:21:00+00:00,100.0,0.0,22,0,1,Tuesday,0,2000,2,EIN,en,Bank account opening,0
f7ffa1e2-d19a-4848-8fb0-5072b9842d67,synth_ceb23ae230d2,itin,tabddpm_synthetic,,['en'],EIN,2024-08-06T05:09:00+00:00,100.0,98.62,22,5,6,Sunday,8,1070,1,EIN,en,Bank account opening,0
435ab731-aad6-43dc-9183-e058939a6517,synth_00f32c39a928,itin,tabddpm_synthetic,,['en'],EIN,2024-04-16T16:10:00+00:00,100.0,2461.95,55,16,0,Monday,90,1,46,EIN,en,Bank account opening,0
1ea7b65b-57cd-461e-a1b5-dc787603c914,synth_72b56e98aa14,itin,tabddpm_synthetic,,['en'],EIN,2024-12-04T23:16:00+00:00,100.0,27541.81,55,23,0,Monday,90,2000,0,EIN,en,Bank account opening,0
19bf38dd-f7dc-4326-9d3e-32ea3386d92a,synth_1962df6a0b96,itin,tabddpm_synthetic,,['en'],EIN,2024-12-22T23:57:00+00:00,100.0,0.0,22,23,6,Sunday,32,2000,10,EIN,en,Bank account opening,0
1d9ffdce-43cc-4ec6-abaa-b2c26b70d802,synth_563ccfe1bac7,itin,tabddpm_synthetic,,['en'],EIN,2024-08-03T23:18:00+00:00,100000.0,50000.0,22,23,6,Sunday,0,1,100,EIN,en,Bank account opening,0
fa8567cb-763c-4604-8fd8-89a6a0b1777e,synth_841327dc2fd3,itin,tabddpm_synthetic,,['en'],EIN,2024-01-10T10:36:00+00:00,100.0,0.0,22,10,6,Sunday,12,2000,1,EIN,en,Bank account opening,0
1762e21c-a964-4b83-b407-5ccd5c883ca7,synth_a85b58371b26,itin,tabddpm_synthetic,,['en'],ITIN,2024-08-01T19:54:00+00:00,100.0,0.0,38,19,3,Thursday,4,120,9,ITIN,en,Bank account opening,0
949d3da3-b0f6-4c95-8115-370344722ea6,synth_5a8656e426b0,itin,tabddpm_synthetic,,['en'],EIN,2024-11-24T00:20:00+00:00,100.0,0.0,22,0,6,Sunday,0,1,0,EIN,en,Bank account opening,0
2a4291fc-b5f3-4f4e-b92a-56ea15c4df23,synth_2349600c7139,itin,tabddpm_synthetic,,['en'],EIN,2024-02-08T00:14:00+00:00,100000.0,50000.0,22,0,6,Sunday,0,1,100,EIN,en,Bank account opening,0
5ca6e609-5cfc-4ed9-b655-6e342607f76d,synth_4c682defc023,itin,tabddpm_synthetic,,['en'],EIN,2024-07-12T23:40:00+00:00,100.0,1035.81,22,23,6,Sunday,7,2000,100,EIN,en,Bank account opening,1
4d4e02c7-5c1d-48b0-861b-39036cdacb3a,synth_90887a4d013b,itin,tabddpm_synthetic,,['en'],EIN,2024-10-08T23:45:00+00:00,100000.0,50000.0,22,23,0,Monday,90,1,100,EIN,en,Bank account opening,0
b6dbd509-59e3-4840-94e2-545ee4a097f5,synth_efc3320b8b4e,itin,tabddpm_synthetic,,['en'],EIN,2024-02-24T00:24:00+00:00,100.0,0.0,22,0,3,Thursday,0,1,0,EIN,en,Bank account opening,0
37e91920-fbac-4bdd-a7d8-4043ec5f6dac,synth_e17235bdf413,itin,tabddpm_synthetic,,['en'],EIN,2024-01-03T02:40:00+00:00,100.0,0.0,22,2,6,Sunday,10,2000,2,EIN,en,Bank account opening,0
73d5a6ff-5da3-4719-ae95-f0205eb8691b,synth_1e937f178680,itin,tabddpm_synthetic,,['en'],EIN,2024-12-12T12:10:00+00:00,100.0,0.0,22,12,6,Sunday,4,2000,8,EIN,en,Bank account opening,0
f5bf756a-2440-420f-b2cf-4f69c5ccd8d0,synth_5fb748503727,itin,tabddpm_synthetic,,['en'],EIN,2024-04-22T23:20:00+00:00,100000.0,50000.0,22,23,6,Sunday,90,1,100,EIN,en,Bank account opening,0
c2f5eead-fbf0-49de-9be2-3c129b0ad162,synth_06db806ea665,itin,tabddpm_synthetic,,['en'],EIN,2024-01-02T23:28:00+00:00,100000.0,13882.3,22,23,6,Sunday,0,1,100,EIN,en,Bank account opening,0
fc5de354-0561-4f98-992a-cbf01dcac18d,synth_ffdadc73b57d,itin,tabddpm_synthetic,,['en'],EIN,2024-07-24T23:03:00+00:00,100.0,0.0,22,23,6,Sunday,11,2000,15,EIN,en,Bank account opening,0
f5268fba-dc12-4512-b7ab-d920905b23e2,synth_e3ac2b844ff7,itin,tabddpm_synthetic,,['en'],ITIN,2024-11-14T17:24:00+00:00,100.0,107.65,22,17,6,Sunday,26,2000,11,ITIN,en,Bank account opening,0
ac4e979a-6cd4-4c4a-ab0f-41f5ce3e1477,synth_bf346724b43c,itin,tabddpm_synthetic,,['en'],EIN,2024-03-29T00:13:00+00:00,100000.0,50000.0,22,0,6,Sunday,0,1,100,EIN,en,Bank account opening,0
6eb0f210-9c35-4854-877f-91977cb7d376,synth_7a6072369a3f,itin,tabddpm_synthetic,,['en'],EIN,2024-04-04T00:21:00+00:00,100000.0,50000.0,55,0,0,Monday,90,1,100,EIN,en,Bank account opening,0
bad0c52a-c739-4085-8c4e-594aa3252248,synth_bf73a5cd0980,itin,tabddpm_synthetic,,['en'],EIN,2024-06-10T01:12:00+00:00,100.0,328.06,55,1,6,Sunday,20,2000,24,EIN,en,Bank account opening,0
3dfdd06c-0a71-474e-bb0e-b0c1d0d61591,synth_b10d69d6e61b,itin,tabddpm_synthetic,,['en'],EIN,2024-06-30T00:27:00+00:00,100000.0,50000.0,55,0,6,Sunday,90,1,100,EIN,en,Bank account opening,0
ab4d23f0-2813-48c0-9c3e-9a9ad95b9ee5,synth_c7a688461753,itin,tabddpm_synthetic,,['en'],EIN,2024-10-19T00:21:00+00:00,100.0,367.77,22,0,6,Sunday,1,1,8,EIN,en,Bank account opening,0
f87469e0-67fb-4227-b980-cf4c1ba563dd,synth_b986ae442e40,itin,tabddpm_synthetic,,['en'],EIN,2024-05-03T00:07:00+00:00,35060.0,1045.37,22,0,0,Monday,9,1,79,EIN,en,Bank account opening,0
e459c25b-6858-4091-ba58-7af412ace6ee,synth_3000b6893294,itin,tabddpm_synthetic,,['en'],EIN,2024-09-23T16:22:00+00:00,100.0,318.95,55,16,6,Sunday,90,2000,6,EIN,en,Bank account opening,0
1fcbf62b-57b3-4d9b-9d96-4810c96318ed,synth_6399387bf774,itin,tabddpm_synthetic,,['en'],EIN,2024-04-03T00:27:00+00:00,100.0,4067.94,55,0,0,Monday,90,1,86,EIN,en,Bank account opening,0
c24d5197-1237-4aa8-b1f0-07919662797f,synth_5eed27b657e5,itin,tabddpm_synthetic,,['en'],EIN,2024-08-06T00:50:00+00:00,4187.89,2326.44,55,0,0,Monday,90,1,0,EIN,en,Bank account opening,0
781664f8-100d-4a67-8435-9f62c740f2a6,synth_44b3f0bf974c,itin,tabddpm_synthetic,,['en'],EIN,2024-07-15T23:13:00+00:00,100.0,7613.35,55,23,0,Monday,90,2000,0,EIN,en,Bank account opening,0
9f670410-8953-4606-8826-219134b790fb,synth_eb4bf3d40b6c,itin,tabddpm_synthetic,,['en'],EIN,2024-07-29T23:18:00+00:00,100000.0,50000.0,22,23,6,Sunday,90,1,100,EIN,en,Bank account opening,0
c01703ff-c2f8-467d-955c-2f2865867954,synth_6afd023a4e5e,itin,tabddpm_synthetic,,['en'],EIN,2024-11-19T00:09:00+00:00,100.0,0.0,55,0,6,Sunday,0,1,24,EIN,en,Bank account opening,0
8b642d36-845b-4773-b2a2-02b173306815,synth_e0aaecca65c0,itin,tabddpm_synthetic,,['en'],EIN,2024-07-27T23:48:00+00:00,100.0,4318.92,55,23,0,Monday,90,1,50,EIN,en,Bank account opening,0
f47c6f20-7bf9-4a82-bf03-b802dd0abd31,synth_5cc98328c455,itin,tabddpm_synthetic,,['en'],EIN,2024-03-27T23:14:00+00:00,37902.47,504.4,22,23,1,Tuesday,0,1,100,EIN,en,Bank account opening,0
10558d3f-ae15-4cc8-ba73-f51b2dde288b,synth_56a450bb482b,itin,tabddpm_synthetic,,['en'],EIN,2024-07-16T14:17:00+00:00,100.0,0.0,22,14,6,Sunday,19,2000,13,EIN,en,Bank account opening,0
895c2b25-3b59-4bd3-9657-ec09f3d60b15,synth_939f5685ab2f,itin,tabddpm_synthetic,,['en'],EIN,2024-09-04T23:46:00+00:00,100.0,7251.29,55,23,0,Monday,90,2000,0,EIN,en,Bank account opening,0
e1363b00-cac3-4a38-bc25-42fe53aa6274,synth_c8dd6dd2c040,itin,tabddpm_synthetic,,['en'],EIN,2024-08-31T00:23:00+00:00,100.0,3175.71,22,0,6,Sunday,90,2000,0,EIN,en,Bank account opening,0
8985c9f3-9316-420f-ae0a-c52d341d18e5,synth_1e9c454aceda,itin,tabddpm_synthetic,,['en'],EIN,2024-05-19T23:37:00+00:00,100000.0,50000.0,22,23,6,Sunday,0,1,100,EIN,en,Bank account opening,1
0df3b731-622c-4946-bc96-96f12fb507fb,synth_3e7615f5441e,itin,tabddpm_synthetic,,['en'],EIN,2024-06-07T23:36:00+00:00,100000.0,50000.0,22,23,6,Sunday,90,1,100,EIN,en,Bank account opening,0
86faca80-97d9-4a27-901a-3322269d4845,synth_7abc9411eaf0,itin,tabddpm_synthetic,,['en'],EIN,2024-07-20T23:12:00+00:00,100000.0,17089.95,22,23,6,Sunday,82,1,100,EIN,en,Bank account opening,0
ef5e9217-1fed-4978-95bb-2e317bf67a27,synth_a016b446c80a,itin,tabddpm_synthetic,,['en'],EIN,2024-07-31T00:01:00+00:00,100000.0,50000.0,22,0,0,Monday,0,1,100,EIN,en,Bank account opening,0
8df256f5-9a3a-49fd-b2eb-fa48f7137dd3,synth_3ce88997ccf3,itin,tabddpm_synthetic,,['en'],EIN,2024-12-13T23:17:00+00:00,100000.0,20944.43,22,23,6,Sunday,0,1,100,EIN,en,Bank account opening,0
0b887f56-7865-4469-9a15-28ab7bb19db1,synth_a5e556562eff,itin,tabddpm_synthetic,,['es'],EIN,2024-05-25T23:50:00+00:00,100.0,0.0,22,23,0,Monday,6,691,6,EIN,es,Bank account opening,0
98af1119-17e5-4675-8041-aede73e1f41f,synth_a2589f830ef7,itin,tabddpm_synthetic,,['en'],EIN,2024-02-18T23:59:00+00:00,100000.0,50000.0,22,23,6,Sunday,0,1,100,EIN,en,Bank account opening,0
06b90139-dae6-4672-8f8e-1e896d173a8e,synth_c8948fb0914c,itin,tabddpm_synthetic,,['en'],EIN,2024-10-23T23:55:00+00:00,100.0,4902.46,55,23,0,Monday,90,1,42,EIN,en,Bank account opening,0
7dbfa28f-586f-4b30-a901-811865cf845d,synth_ec6ac7cc7dbf,itin,tabddpm_synthetic,,['en'],EIN,2024-08-21T07:40:00+00:00,6782.11,186.72,43,7,1,Tuesday,12,1,10,EIN,en,Bank account opening,0
80fe6504-2eb8-4332-b267-ea214516d224,synth_a469f9951c38,itin,tabddpm_synthetic,,['es'],EIN,2024-04-21T16:39:00+00:00,2627.49,0.0,23,16,1,Tuesday,0,1297,8,EIN,es,Bank account opening,0
01d20d7c-d90b-4304-ad6a-cb8c30967f62,synth_8c131c40861d,itin,tabddpm_synthetic,,['en'],EIN,2024-07-14T21:18:00+00:00,100.0,0.0,22,21,6,Sunday,17,2000,13,EIN,en,Bank account opening,0
86c20a89-adcb-431e-a330-d1db7e7b3a85,synth_e40c22d829a1,itin,tabddpm_synthetic,,['en'],EIN,2024-06-03T23:56:00+00:00,42632.18,522.37,22,23,5,Saturday,0,1,100,EIN,en,Bank account opening,0
d3cc12d2-1f90-49d6-8073-0b9ddddb7e6d,synth_d894b1e54a18,itin,tabddpm_synthetic,,['en'],EIN,2024-10-08T00:51:00+00:00,100000.0,50000.0,22,0,0,Monday,0,1,100,EIN,en,Bank account opening,1
62d70d41-91ef-4a2d-8e83-cfb6aab78267,synth_4a6fb6ada220,itin,tabddpm_synthetic,,['en'],EIN,2024-07-06T14:25:00+00:00,100.0,0.0,55,14,5,Saturday,90,833,5,EIN,en,Bank account opening,0
32689cb1-cef3-4428-abc2-fb6221d69dff,synth_44f089baed0a,itin,tabddpm_synthetic,,['en'],EIN,2024-05-06T08:06:00+00:00,100.0,78.36,22,8,2,Wednesday,0,2000,8,EIN,en,Bank account opening,0
04982b29-1f4a-4ae3-8620-a0132c54fbf1,synth_1764eb5faa62,itin,tabddpm_synthetic,,['en'],EIN,2024-10-29T20:46:00+00:00,100.0,0.0,22,20,6,Sunday,29,2000,12,EIN,en,Bank account opening,0
7d18b4c7-ce71-46c1-8d0b-e61da9a0c730,synth_565e71d145f5,itin,tabddpm_synthetic,,['en'],EIN,2024-12-19T06:18:00+00:00,100.0,4109.67,55,6,0,Monday,90,874,0,EIN,en,Bank account opening,0
f6d191ca-ee20-430c-a6ed-178aae2f0b09,synth_203cc24c29fb,itin,tabddpm_synthetic,,['en'],EIN,2024-10-24T16:00:00+00:00,100.0,445.0,55,16,6,Sunday,90,2000,1,EIN,en,Bank account opening,0
5ad2a1eb-1911-4a15-954c-48705212e0c4,synth_46fe8ae47235,itin,tabddpm_synthetic,,['en'],EIN,2024-07-31T23:00:00+00:00,100000.0,50000.0,22,23,6,Sunday,0,1,100,EIN,en,Bank account opening,0
fa48e07e-5f0a-49f4-91a3-4f63058db0cd,synth_61e33bd9ac32,itin,tabddpm_synthetic,,['en'],EIN,2024-03-20T23:31:00+00:00,100.0,164.67,22,23,6,Sunday,6,2000,41,EIN,en,Bank account opening,0
2d527eda-2018-4a68-ba6a-129705d828f3,synth_40bcff2733e7,itin,tabddpm_synthetic,,['en'],EIN,2024-03-02T23:06:00+00:00,100000.0,50000.0,22,23,6,Sunday,0,1,100,EIN,en,Bank account opening,0
4c0ab8ec-87b0-4e59-a8ba-4fce75331253,synth_de81cad1c986,itin,tabddpm_synthetic,,['en'],EIN,2024-03-08T23:41:00+00:00,23145.46,0.0,22,23,0,Monday,0,1,81,EIN,en,Bank account opening,0
23ead459-37df-4d9a-8e24-51d0da5fd469,synth_27c6a07fab37,itin,tabddpm_synthetic,,['en'],EIN,2024-02-19T23:51:00+00:00,100.0,0.0,22,23,6,Sunday,38,2000,14,EIN,en,Bank account opening,0
a2383b41-a188-42c1-88ec-172975085193,synth_a9a4521e6f72,itin,tabddpm_synthetic,,['en'],EIN,2024-08-12T23:41:00+00:00,100000.0,50000.0,22,23,6,Sunday,0,1,100,EIN,en,Bank account opening,1
1de72e72-26ed-47d7-bf3e-afa91d3c9ecf,synth_1f279ea0908f,itin,tabddpm_synthetic,,['en'],EIN,2024-04-23T00:31:00+00:00,100.0,751.81,22,0,6,Sunday,14,2000,38,EIN,en,Bank account opening,0
2a0e7fad-8ba8-4d68-a1d9-33b69983a907,synth_2e2d254c41f8,itin,tabddpm_synthetic,,['es'],EIN,2024-02-04T00:48:00+00:00,1004.15,226.84,26,0,6,Sunday,5,1692,0,EIN,es,Bank account opening,0
8ab1f804-cfdc-4db6-96e8-75a9675986f8,synth_8b3b8780b169,itin,tabddpm_synthetic,,['en'],EIN,2024-03-11T12:40:00+00:00,100.0,0.0,22,12,6,Sunday,11,2000,9,EIN,en,Bank account opening,0
270a8627-e213-488b-b5c2-97b916813271,synth_b6124e335dca,itin,tabddpm_synthetic,,['en'],EIN,2024-11-22T13:12:00+00:00,690.68,43.84,22,13,6,Sunday,25,2000,0,EIN,en,Bank account opening,0
07b1d20a-715a-43ea-8afb-777ab4c2a111,synth_274b0e09ecb3,itin,tabddpm_synthetic,,['en'],EIN,2024-11-03T23:01:00+00:00,100000.0,50000.0,22,23,6,Sunday,0,1,100,EIN,en,Bank account opening,0
363cb858-d8e7-4d87-81af-47d222ee5314,synth_6c2d6ec34a20,itin,tabddpm_synthetic,,['en'],EIN,2024-03-05T23:32:00+00:00,100000.0,50000.0,22,23,6,Sunday,0,1,100,EIN,en,Bank account opening,0
30e4023c-950a-4d2a-a728-8c3320a478f3,synth_c9e9ab85d9fc,itin,tabddpm_synthetic,,['en'],EIN,2024-11-28T23:53:00+00:00,100000.0,50000.0,22,23,6,Sunday,90,1,100,EIN,en,Bank account opening,0
c5649f7d-dae7-4d0f-b6b3-17091bcc3aa1,synth_a50913a66ba7,itin,tabddpm_synthetic,,['en'],EIN,2024-05-08T23:48:00+00:00,100.0,0.0,22,23,6,Sunday,20,2000,9,EIN,en,Bank account opening,0
614e1245-4d76-49f9-a72b-cf7bf9ef3079,synth_4a132766e0d2,itin,tabddpm_synthetic,,['en'],EIN,2024-05-20T23:56:00+00:00,100000.0,50000.0,22,23,6,Sunday,0,1,100,EIN,en,Bank account opening,1
36b02d02-3a7e-40fa-8034-4877e68f71ef,synth_79d68f794e20,itin,tabddpm_synthetic,,['en'],EIN,2024-09-10T23:19:00+00:00,100.0,10085.0,55,23,0,Monday,90,2000,0,EIN,en,Bank account opening,0
5e05dcec-e0e3-4283-aca0-3891af532d4b,synth_0f1625bf7b79,itin,tabddpm_synthetic,,['en'],EIN,2024-06-26T00:09:00+00:00,22444.88,97.56,22,0,0,Monday,0,1,47,EIN,en,Bank account opening,0
d88adf9f-ced6-4e11-a5b7-b4af0f77c896,synth_8808b4d6441f,itin,tabddpm_synthetic,,['en'],EIN,2024-09-06T00:50:00+00:00,100000.0,50000.0,22,0,6,Sunday,0,1,100,EIN,en,Bank account opening,0
274abdae-67ae-412c-b32d-b98624ec7690,synth_b8beed14d822,itin,tabddpm_synthetic,,['en'],EIN,2024-03-31T00:58:00+00:00,100.0,511.07,22,0,6,Sunday,59,2000,39,EIN,en,Bank account opening,0
953693cd-3b0f-4200-bda2-000bf4a9c3cd,synth_495ce22cd9fb,itin,tabddpm_synthetic,,['en'],EIN,2024-06-29T00:51:00+00:00,100.0,3077.89,22,0,6,Sunday,0,2000,100,EIN,en,Bank account opening,0
a29e4c4e-9ae3-4cd8-8a21-423cd6d7b522,synth_3da890f11840,itin,tabddpm_synthetic,,['en'],EIN,2024-01-27T00:32:00+00:00,100.0,0.0,22,0,0,Monday,0,1638,3,EIN,en,Bank account opening,0
69e3f697-d2c6-4d0d-9d6f-fa63529a673d,synth_e4132f2ed53d,itin,tabddpm_synthetic,,['en'],EIN,2024-06-24T00:16:00+00:00,100.0,1091.97,22,0,6,Sunday,0,1,76,EIN,en,Bank account opening,0
e030ec66-0899-40c9-92d3-ceab149d6275,synth_d1a1e3bf543b,itin,tabddpm_synthetic,,['en'],EIN,2024-08-18T00:09:00+00:00,100000.0,27803.35,22,0,6,Sunday,0,1,100,EIN,en,Bank account opening,0
d3c90af9-ac4a-42a1-a90f-5a7bfe2d0ae9,synth_a6e978b4dbaf,itin,tabddpm_synthetic,,['en'],EIN,2024-03-04T13:22:00+00:00,100.0,222.72,22,13,5,Saturday,9,2000,8,EIN,en,Bank account opening,0
67318ef3-2bc2-4ea0-a109-36e57b78e5a3,synth_0c63bc2adc5f,itin,tabddpm_synthetic,,['en'],EIN,2024-12-03T00:15:00+00:00,100.0,0.0,55,0,6,Sunday,0,1252,0,EIN,en,Bank account opening,0
b7b47905-133e-47ef-9cdb-59cfbb1067fb,synth_a915d17b32df,itin,tabddpm_synthetic,,['en'],EIN,2024-12-06T23:07:00+00:00,100000.0,50000.0,22,23,6,Sunday,90,1,100,EIN,en,Bank account opening,1
59d4ba98-ef32-4b9a-9a7c-61416d73a3d7,synth_82ffadaaa016,itin,tabddpm_synthetic,,['en'],EIN,2024-07-21T18:01:00+00:00,100.0,0.0,22,18,6,Sunday,24,2000,9,EIN,en,Bank account opening,0
1b7d262c-8ebc-4908-b599-7d7e4490c8d8,synth_d4db80df7cd5,itin,tabddpm_synthetic,,['es'],EIN,2024-12-29T00:27:00+00:00,100.0,0.0,22,0,4,Friday,0,354,3,EIN,es,Bank account opening,0
fbfd509f-502b-4bad-8852-a528e9ee898d,synth_239ef07db5cc,itin,tabddpm_synthetic,,['en'],EIN,2024-01-05T00:31:00+00:00,100.0,0.0,55,0,6,Sunday,0,1,53,EIN,en,Bank account opening,1
cd55eadf-03e7-4c50-898e-b6deb476c9e1,synth_58623447b566,itin,tabddpm_synthetic,,['en'],EIN,2024-06-15T23:04:00+00:00,100000.0,9453.45,22,23,6,Sunday,0,1,100,EIN,en,Bank account opening,0
25bb16cf-d6bf-484a-8220-a53f9516bafe,synth_32e91e74cfae,itin,tabddpm_synthetic,,['en'],EIN,2024-11-02T00:45:00+00:00,100.0,0.0,22,0,6,Sunday,0,1,0,EIN,en,Bank account opening,0
43ecaa33-1861-4f3b-8b93-0289776f8c9e,synth_a1aae73ef336,itin,tabddpm_synthetic,,['en'],EIN,2024-11-13T18:29:00+00:00,100.0,199.48,22,18,5,Saturday,16,2000,16,EIN,en,Bank account opening,0
cccbaa2f-c7f2-4943-9aa2-cb2075894b05,synth_29ea9f6d5d32,itin,tabddpm_synthetic,,['en'],EIN,2024-03-30T00:32:00+00:00,100000.0,10373.24,22,0,3,Thursday,0,1,100,EIN,en,Bank account opening,1
e93c2459-a962-4306-80f8-2af19673b8cb,synth_12c25225bd66,itin,tabddpm_synthetic,,['en'],EIN,2024-07-22T00:24:00+00:00,11492.25,0.0,22,0,6,Sunday,0,1,60,EIN,en,Bank account opening,0
af7aa754-909c-42eb-b7a4-bee3f339c73e,synth_01d814f4353a,itin,tabddpm_synthetic,,['en'],EIN,2024-03-03T00:51:00+00:00,100000.0,50000.0,55,0,0,Monday,90,1,100,EIN,en,Bank account opening,0
12d5bbe5-67a8-40f5-9206-18d9e552d817,synth_feadd824ffdc,itin,tabddpm_synthetic,,['en'],EIN,2024-08-01T00:35:00+00:00,100.0,3020.81,55,0,0,Monday,90,1,24,EIN,en,Bank account opening,0
3cf935ff-4456-4b27-87d9-ba420bf3bfa9,synth_2db050388001,itin,tabddpm_synthetic,,['en'],EIN,2024-10-19T23:46:00+00:00,100.0,3443.97,55,23,0,Monday,90,2000,0,EIN,en,Bank account opening,0
3ccd300a-80b7-46b6-bb50-460205688a8c,synth_fc4d0da933dd,itin,tabddpm_synthetic,,['en'],EIN,2024-01-26T05:06:00+00:00,5909.16,632.97,22,5,0,Monday,0,2000,11,EIN,en,Bank account opening,0
776c3632-ff96-4477-9165-6242671b05ba,synth_d2c569ce2ee6,itin,tabddpm_synthetic,,['en'],EIN,2024-07-27T13:32:00+00:00,100.0,0.0,22,13,6,Sunday,58,2000,8,EIN,en,Bank account opening,0
391dffdf-a965-4d99-b85d-9ae0bd9f2766,synth_8b343c48d9a0,itin,tabddpm_synthetic,,['en'],EIN,2024-09-21T19:45:00+00:00,100.0,0.0,22,19,6,Sunday,46,2000,5,EIN,en,Bank account opening,0
0908113f-b11d-4570-8014-9ee4777d7a57,synth_caa6d0ea2f19,itin,tabddpm_synthetic,,['en'],EIN,2024-09-28T23:01:00+00:00,100000.0,50000.0,22,23,6,Sunday,0,1,100,EIN,en,Bank account opening,0
51a37dbd-7a58-48a0-a9ea-21110a72346e,synth_be41fa743d61,itin,tabddpm_synthetic,,['en'],EIN,2024-08-10T23:36:00+00:00,100.0,1676.06,55,23,0,Monday,90,2000,4,EIN,en,Bank account opening,0
e89f78f8-0376-49d6-9877-9d3545c19a06,synth_6adc18628a22,itin,tabddpm_synthetic,,['en'],EIN,2024-06-14T00:42:00+00:00,100000.0,50000.0,22,0,0,Monday,0,1,100,EIN,en,Bank account opening,0
6012bc2b-a51d-4038-85cb-acf9c3d65d6a,synth_6ed1c9beb09c,itin,tabddpm_synthetic,,['es'],EIN,2024-09-02T10:50:00+00:00,23293.37,843.24,30,10,1,Tuesday,4,880,14,EIN,es,Bank account opening,0
52f871a9-cb2c-4bb2-a0ac-e0fac30fb8fb,synth_4fc22e2cc5b9,itin,tabddpm_synthetic,,['en'],EIN,2024-07-23T00:56:00+00:00,100.0,590.33,22,0,6,Sunday,0,2000,98,EIN,en,Bank account opening,0
5a3e983a-bfd5-449f-afee-b2325e046dc3,synth_6e3554164ca0,itin,tabddpm_synthetic,,['en'],EIN,2024-03-27T18:06:00+00:00,100.0,0.0,22,18,6,Sunday,49,2000,9,EIN,en,Bank account opening,0
e4c7feb4-b999-47d8-9732-8e4abba06a77,synth_52a6280f2dde,itin,tabddpm_synthetic,,['en'],EIN,2024-04-21T23:05:00+00:00,100000.0,50000.0,22,23,6,Sunday,0,1,100,EIN,en,Bank account opening,0
9d806883-1ec7-4ac7-b5ae-e4b85042ed78,synth_12255335d632,itin,tabddpm_synthetic,,['en'],EIN,2024-04-26T23:59:00+00:00,100.0,0.0,22,23,2,Wednesday,0,2000,6,EIN,en,Bank account opening,0
78f04d41-ceba-4d0f-a64f-312dc0abe3c6,synth_c22d42f7d861,itin,tabddpm_synthetic,,['en'],EIN,2024-02-07T00:26:00+00:00,100.0,122.98,40,0,6,Sunday,0,1,32,EIN,en,Bank account opening,0
b047dbb7-886c-425e-b3d3-ad82462509f2,synth_66bdbbf07468,itin,tabddpm_synthetic,,['en'],EIN,2024-04-03T23:23:00+00:00,100000.0,50000.0,22,23,6,Sunday,0,1,100,EIN,en,Bank account opening,1
0b750e48-1283-4b01-888e-cc6898714c05,synth_71c922dce0c3,itin,tabddpm_synthetic,,['en'],EIN,2024-12-05T23:53:00+00:00,100.0,7308.51,55,23,0,Monday,90,1,100,EIN,en,Bank account opening,0
ea947458-c992-4b23-82e8-712541fad876,synth_919162a2f1a3,itin,tabddpm_synthetic,,['en'],EIN,2024-05-20T00:38:00+00:00,100.0,0.0,55,0,6,Sunday,0,1,61,EIN,en,Bank account opening,0
933e17e2-cd50-41b5-8eaf-09db3c7e16b6,synth_5c25ca4f7550,itin,tabddpm_synthetic,,['en'],EIN,2024-08-23T23:18:00+00:00,100000.0,50000.0,22,23,6,Sunday,0,1,100,EIN,en,Bank account opening,1
53105ff9-ac53-4ca2-98d7-c3a8d69c0ae6,synth_ed9e6e00ce6c,itin,tabddpm_synthetic,,['en'],EIN,2024-08-10T00:52:00+00:00,100000.0,50000.0,22,0,6,Sunday,0,1,100,EIN,en,Bank account opening,0
da073cc4-0ce6-491d-bd2c-5da827b16adb,synth_1f63a1ce0174,itin,tabddpm_synthetic,,['en'],EIN,2024-06-11T23:39:00+00:00,100000.0,50000.0,22,23,6,Sunday,0,1,100,EIN,en,Bank account opening,0
e797460c-03bd-458f-8e41-7390a833ccc5,synth_6921d855d1a8,itin,tabddpm_synthetic,,['en'],EIN,2024-12-27T23:53:00+00:00,100000.0,6514.37,22,23,6,Sunday,0,1,100,EIN,en,Bank account opening,1
c09983cd-3b23-465e-bb65-7a97582e7e6f,synth_134989a9ef64,itin,tabddpm_synthetic,,['en'],EIN,2024-08-31T00:19:00+00:00,100.0,0.0,22,0,2,Wednesday,0,1312,1,EIN,en,Bank account opening,0
e4471fcb-682e-4d39-8581-c8fafe1266df,synth_0a017a251dbf,itin,tabddpm_synthetic,,['en'],EIN,2024-03-31T05:13:00+00:00,100.0,127.33,22,5,6,Sunday,12,2000,14,EIN,en,Bank account opening,0
7b54760e-3ff2-41aa-bfd4-3d3ee1fec7b9,synth_2f88c4292104,itin,tabddpm_synthetic,,['en'],EIN,2024-12-08T00:08:00+00:00,100.0,555.32,22,0,6,Sunday,10,2000,31,EIN,en,Bank account opening,0
5d88c57c-04c5-4931-9fda-c5b14d89b151,synth_705d2c9f0537,itin,tabddpm_synthetic,,['en'],EIN,2024-12-20T06:14:00+00:00,596.68,0.0,40,6,2,Wednesday,10,1127,4,EIN,en,Bank account opening,0
63925080-361c-49db-bd4f-728217d43db3,synth_1d4492d7ea4d,itin,tabddpm_synthetic,,['en'],EIN,2024-11-16T00:45:00+00:00,100.0,69.06,55,0,6,Sunday,0,1,23,EIN,en,Bank account opening,0
c8debd68-65a5-484f-bac1-4cedeb179bbb,synth_3c10e5843e19,itin,tabddpm_synthetic,,['en'],EIN,2024-12-18T23:48:00+00:00,100000.0,50000.0,22,23,6,Sunday,0,1,100,EIN,en,Bank account opening,0
2a6089dc-37cf-4162-bb94-caae37f5479f,synth_95c0f0da8734,itin,tabddpm_synthetic,,['en'],EIN,2024-10-07T00:08:00+00:00,100000.0,17828.26,22,0,6,Sunday,0,1,0,EIN,en,Bank account opening,0
dfaa3deb-6617-48e0-9db6-e1592a0e5aed,synth_57a32ff611e3,itin,tabddpm_synthetic,,['en'],EIN,2024-06-15T16:52:00+00:00,100.0,89.25,42,16,2,Wednesday,39,2000,1,EIN,en,Bank account opening,0
c6ac3929-f4e5-4905-9e72-530d6feb4d88,synth_f62fda768bcc,itin,tabddpm_synthetic,,['en'],ITIN,2024-01-15T20:54:00+00:00,5272.34,0.0,39,20,0,Monday,12,1,10,ITIN,en,Bank account opening,0
0ce7f876-1d66-4f13-87a2-532743f5f251,synth_f4a447d94197,itin,tabddpm_synthetic,,['en'],EIN,2024-11-24T23:51:00+00:00,100.0,0.0,22,23,6,Sunday,22,2000,5,EIN,en,Bank account opening,0
33f39366-b81e-4328-9220-6fbb065e5fd3,synth_e9e89be714a9,itin,tabddpm_synthetic,,['en'],EIN,2024-07-12T00:48:00+00:00,100000.0,50000.0,22,0,0,Monday,0,1,100,EIN,en,Bank account opening,1
9092fb27-6cea-41ea-84cb-3c0c837aafbc,synth_517b3d170359,itin,tabddpm_synthetic,,['en'],EIN,2024-03-01T23:37:00+00:00,100.0,8726.61,55,23,0,Monday,90,2000,0,EIN,en,Bank account opening,0
112469ab-3eb0-4f4a-a096-d9ce440e983a,synth_f12b335f79e1,itin,tabddpm_synthetic,,['en'],EIN,2024-11-01T23:58:00+00:00,100000.0,14911.51,22,23,0,Monday,0,1,100,EIN,en,Bank account opening,0
47af78e2-58d5-40cc-aeeb-c541666627b5,synth_44b25a32cff6,itin,tabddpm_synthetic,,['en'],EIN,2024-12-27T23:59:00+00:00,100000.0,27965.56,22,23,0,Monday,0,1,100,EIN,en,Bank account opening,0
a83ce02a-4b65-4d27-bab8-aad956bc5fa0,synth_f12f12918861,itin,tabddpm_synthetic,,['en'],EIN,2024-03-11T00:49:00+00:00,46171.76,1421.64,22,0,6,Sunday,0,1,100,EIN,en,Bank account opening,0
3ef1e538-c728-4894-aac8-d75147b1f96f,synth_e0e9e0f56633,itin,tabddpm_synthetic,,['en'],EIN,2024-04-24T23:08:00+00:00,100000.0,24274.26,22,23,6,Sunday,0,1,100,EIN,en,Bank account opening,1
73be2a48-34aa-4541-97b7-51ba9fcd395d,synth_29f922fe4f4b,itin,tabddpm_synthetic,,['en'],EIN,2024-07-12T00:39:00+00:00,100.0,492.74,22,0,6,Sunday,11,888,0,EIN,en,Bank account opening,0
0ef117fb-76d3-4980-a770-467804a7bae3,synth_851001d4c851,itin,tabddpm_synthetic,,['en'],EIN,2024-01-08T11:45:00+00:00,100.0,19.9,22,11,5,Saturday,33,2000,4,EIN,en,Bank account opening,0
e416f4de-915f-4f79-87c0-11fff444e14d,synth_991981cdc653,itin,tabddpm_synthetic,,['en'],ITIN,2024-04-28T14:44:00+00:00,100.0,17.3,35,14,3,Thursday,2,2000,11,ITIN,en,Bank account opening,0
4b6e951d-42b0-4469-8ff2-dc5a4e35c346,synth_6dd0563db9f6,itin,tabddpm_synthetic,,['en'],EIN,2024-02-03T07:52:00+00:00,100.0,146.95,22,7,6,Sunday,20,2000,8,EIN,en,Bank account opening,0
8ddbb786-de51-402b-84b2-2f6d9b92d72f,synth_4db3641a4b2e,itin,tabddpm_synthetic,,['en'],EIN,2024-05-30T00:11:00+00:00,100000.0,50000.0,55,0,0,Monday,90,2000,0,EIN,en,Bank account opening,0
7b29f4ea-0415-4eb4-ba51-4ea3847fd4c8,synth_6c046741102b,itin,tabddpm_synthetic,,['en'],EIN,2024-09-16T12:45:00+00:00,4205.56,258.12,23,12,5,Saturday,6,2000,10,EIN,en,Bank account opening,0
0907b4f2-ec44-4f8e-aea9-ff64ace77a89,synth_746ab9f0c678,itin,tabddpm_synthetic,,['en'],EIN,2024-03-24T14:02:00+00:00,100.0,0.0,22,14,6,Sunday,36,2000,4,EIN,en,Bank account opening,0
2fccf1a2-f62d-42c6-8b28-f0c83c8f5e83,synth_40d52445fe73,itin,tabddpm_synthetic,,['en'],EIN,2024-02-04T00:40:00+00:00,12786.08,779.93,44,0,0,Monday,23,884,21,EIN,en,Bank account opening,0
ccaeda00-eeaf-4159-924f-a16a4063c3de,synth_24dd8442165e,itin,tabddpm_synthetic,,['en'],EIN,2024-03-09T00:50:00+00:00,3648.01,0.0,23,0,5,Saturday,0,163,47,EIN,en,Bank account opening,0
c8e17576-4b86-4c61-8a4f-db1a5d1ecf3a,synth_cc7e97faec82,itin,tabddpm_synthetic,,['en'],EIN,2024-04-13T00:24:00+00:00,100.0,0.0,22,0,6,Sunday,0,83,8,EIN,en,Bank account opening,0
681d9243-9b10-440a-9330-f11f27cefd54,synth_e2f4fd35242d,itin,tabddpm_synthetic,,['en'],EIN,2024-11-23T00:38:00+00:00,17337.51,293.76,55,0,6,Sunday,58,1,82,EIN,en,Bank account opening,0
d061b9f3-911d-4a84-8cf4-52221b4efc9c,synth_81a26dc31b4c,itin,tabddpm_synthetic,,['en'],EIN,2024-02-15T20:24:00+00:00,100.0,0.0,22,20,6,Sunday,18,2000,7,EIN,en,Bank account opening,0
7d30500d-095e-470b-9bf5-6cb92a6bf4af,synth_f5c3b9400e96,itin,tabddpm_synthetic,,['en'],EIN,2024-04-10T23:27:00+00:00,100.0,6428.05,55,23,0,Monday,90,2000,0,EIN,en,Bank account opening,0
616be505-931c-44f2-ac71-12fa6b9e6516,synth_519a9cc23ea9,itin,tabddpm_synthetic,,['en'],EIN,2024-06-19T22:21:00+00:00,100.0,0.0,22,22,6,Sunday,50,2000,9,EIN,en,Bank account opening,0
1eb01a74-e84e-42e4-a139-707ad9fcfcac,synth_aa6003dca579,itin,tabddpm_synthetic,,['es'],EIN,2024-04-22T22:49:00+00:00,100.0,28.22,22,22,6,Sunday,11,2000,7,EIN,es,Bank account opening,0
dc5b7b5c-2437-4bde-ac38-8f0d772c7491,synth_72ce5a235953,itin,tabddpm_synthetic,,['en'],EIN,2024-03-28T00:47:00+00:00,100.0,127.42,22,0,6,Sunday,30,2000,56,EIN,en,Bank account opening,0
a23ff833-dbdb-4002-97c5-cc577d83a95d,synth_1e11708fd8ce,itin,tabddpm_synthetic,,['en'],EIN,2024-01-11T23:51:00+00:00,100000.0,32695.11,22,23,6,Sunday,0,1,100,EIN,en,Bank account opening,1
ee63112b-26be-404c-89f1-687968bb7953,synth_9648b0f0d287,itin,tabddpm_synthetic,,['en'],EIN,2024-05-21T00:59:00+00:00,100000.0,50000.0,22,0,6,Sunday,0,1,100,EIN,en,Bank account opening,0
ebeadeb8-14aa-4798-b205-87d412e26c39,synth_b0f5fd5707fd,itin,tabddpm_synthetic,,['en'],EIN,2024-05-07T00:38:00+00:00,100000.0,26631.74,22,0,6,Sunday,90,1,100,EIN,en,Bank account opening,0
64412f84-2a95-456b-ad2c-d5a954d52bd1,synth_be2cc5d0d320,itin,tabddpm_synthetic,,['en'],EIN,2024-02-14T11:28:00+00:00,100.0,168.62,22,11,4,Friday,41,2000,14,EIN,en,Bank account opening,0
d99bc779-397d-4d3e-8a9c-dcbe9d43742e,synth_24059f0f6557,itin,tabddpm_synthetic,,['en'],EIN,2024-02-11T00:22:00+00:00,100.0,156.14,22,0,6,Sunday,0,1,0,EIN,en,Bank account opening,0
1af75f4b-0f9d-4316-881a-449f54403498,synth_e40e6f663bbe,itin,tabddpm_synthetic,,['en'],EIN,2024-06-15T00:14:00+00:00,100000.0,50000.0,22,0,6,Sunday,0,1,100,EIN,en,Bank account opening,0
a97326fb-5b44-4ab2-b55e-e2dcf640c3a8,synth_1aa0ad26b3e4,itin,tabddpm_synthetic,,['en'],EIN,2024-03-14T23:30:00+00:00,100000.0,38297.83,22,23,6,Sunday,0,1,100,EIN,en,Bank account opening,1
834538db-b66b-43cc-81fd-777d72a8fff7,synth_bf45368943ac,itin,tabddpm_synthetic,,['en'],EIN,2024-11-26T00:21:00+00:00,9928.96,0.0,55,0,6,Sunday,0,526,0,EIN,en,Bank account opening,0
934e93a1-c48d-4f93-912c-bbf76b04c789,synth_156174909eeb,itin,tabddpm_synthetic,,['en'],EIN,2024-01-01T14:37:00+00:00,100.0,421.85,27,14,6,Sunday,90,2000,9,EIN,en,Bank account opening,0
f703b4c6-c2ce-4068-9013-8c9716f58cd2,synth_6292c56d638a,itin,tabddpm_synthetic,,['en'],EIN,2024-03-01T00:17:00+00:00,100.0,0.0,22,0,6,Sunday,0,410,0,EIN,en,Bank account opening,0
a42cbd66-8004-4764-891f-d3eaf6e4cd6e,synth_ddcfdb58d8b3,itin,tabddpm_synthetic,,['en'],EIN,2024-11-10T09:55:00+00:00,3684.09,136.73,22,9,6,Sunday,6,1972,8,EIN,en,Bank account opening,0
6703d514-5926-424e-bc7a-8d7252c77ebe,synth_c56da045aa9a,itin,tabddpm_synthetic,,['en'],EIN,2024-03-05T00:15:00+00:00,100000.0,41331.8,55,0,0,Monday,90,1,1,EIN,en,Bank account opening,0
2e5ce2ee-9363-4c78-ac46-2f9fb0ab841b,synth_a93d9958c65f,itin,tabddpm_synthetic,,['en'],EIN,2024-05-29T23:11:00+00:00,100.0,14478.05,55,23,0,Monday,90,2000,100,EIN,en,Bank account opening,0
debe6016-3e9c-4529-9afb-e7637452d0c5,synth_c7fe1bdecad5,itin,tabddpm_synthetic,,['en'],EIN,2024-03-25T23:47:00+00:00,100.0,6178.54,55,23,0,Monday,90,2000,0,EIN,en,Bank account opening,0
4b4f5a59-fba6-4fdc-9e29-9f7631ba883e,synth_1c5bfbab7f81,itin,tabddpm_synthetic,,['en'],EIN,2024-06-13T20:52:00+00:00,100.0,93.45,22,20,6,Sunday,90,2000,20,EIN,en,Bank account opening,0
a3163cf3-5aef-476a-b6f9-c0bd929abf4e,synth_1368e0ea4388,itin,tabddpm_synthetic,,['en'],EIN,2024-07-14T00:48:00+00:00,8345.04,0.0,55,0,6,Sunday,0,237,0,EIN,en,Bank account opening,0
0f36c4cd-5ef5-4232-b4f9-b724faf99d05,synth_f2341102e32b,itin,tabddpm_synthetic,,['en'],EIN,2024-11-18T23:12:00+00:00,100.0,1505.76,55,23,0,Monday,90,2000,34,EIN,en,Bank account opening,0
79d3687a-1947-4269-ac18-0347b63dc50f,synth_c557f5aabe0b,itin,tabddpm_synthetic,,['en'],EIN,2024-10-02T23:32:00+00:00,100.0,15239.66,55,23,0,Monday,90,2000,32,EIN,en,Bank account opening,1
5d91b4fa-d535-4b65-b824-0d00e2aa06b4,synth_58f45b16a66b,itin,tabddpm_synthetic,,['en'],EIN,2024-08-06T00:30:00+00:00,100000.0,50000.0,22,0,6,Sunday,90,1,100,EIN,en,Bank account opening,0
b19ae515-c3c8-4f3a-a985-5637ab8c1c38,synth_7cc99dd09490,itin,tabddpm_synthetic,,['en'],EIN,2024-12-01T00:03:00+00:00,100.0,0.0,22,0,6,Sunday,32,2000,13,EIN,en,Bank account opening,0
f56a9d8f-2233-48c2-b87d-6d4a272756e2,synth_fad553d2524d,itin,tabddpm_synthetic,,['en'],EIN,2024-05-23T23:16:00+00:00,100.0,0.0,22,23,6,Sunday,17,2000,9,EIN,en,Bank account opening,0
94711059-da63-4125-90ac-3b02f54cb8ef,synth_d11314e3a847,itin,tabddpm_synthetic,,['en'],EIN,2024-01-04T00:41:00+00:00,100.0,315.24,22,0,6,Sunday,25,2000,45,EIN,en,Bank account opening,0
a58bcb8f-388c-4f26-8fd4-d27b930883d6,synth_d645f97319f5,itin,tabddpm_synthetic,,['en'],EIN,2024-05-19T00:46:00+00:00,100.0,0.0,22,0,3,Thursday,0,165,9,EIN,en,Bank account opening,0
fe3aab81-766a-4543-ad07-6dd160a98539,synth_5554d86bdbd8,itin,tabddpm_synthetic,,['en'],EIN,2024-11-06T08:14:00+00:00,100.0,2736.31,55,8,0,Monday,90,1,23,EIN,en,Bank account opening,0
725ca939-7497-42a7-ad5f-619dccbc5575,synth_becdcaee9673,itin,tabddpm_synthetic,,['es'],EIN,2024-11-04T12:11:00+00:00,100.0,0.0,22,12,4,Friday,10,2000,6,EIN,es,Bank account opening,0
23694d71-8aa4-4ad3-bd21-4f2b239cf8f7,synth_f6220b33aaf9,itin,tabddpm_synthetic,,['en'],EIN,2024-12-06T05:39:00+00:00,100.0,1210.15,55,5,2,Wednesday,90,1048,0,EIN,en,Bank account opening,0
ece1b6f6-27bc-4dc2-85b6-051570da73e3,synth_fdb74d31be07,itin,tabddpm_synthetic,,['en'],EIN,2024-08-15T22:49:00+00:00,5298.27,660.54,22,22,6,Sunday,8,56,47,EIN,en,Bank account opening,0
bb883a64-5b20-476d-89b7-bc8907724a91,synth_25428d218857,itin,tabddpm_synthetic,,['en'],EIN,2024-06-24T00:26:00+00:00,7373.93,189.92,22,0,3,Thursday,0,1,57,EIN,en,Bank account opening,0
426ddace-2ed7-4493-9b1a-8014fabb8203,synth_ac224beb1be4,itin,tabddpm_synthetic,,['en'],EIN,2024-10-27T00:44:00+00:00,100.0,0.0,22,0,5,Saturday,0,1596,2,EIN,en,Bank account opening,0
7f632b10-abc8-449f-999c-71375851a60a,synth_3c5b5f0e26e2,itin,tabddpm_synthetic,,['en'],EIN,2024-12-27T00:02:00+00:00,100000.0,50000.0,22,0,6,Sunday,90,1,100,EIN,en,Bank account opening,0
0b1f37d8-488c-4f58-af89-9b918f365719,synth_5fe8ce6ebce4,itin,tabddpm_synthetic,,['en'],EIN,2024-07-10T15:31:00+00:00,100.0,1264.04,55,15,6,Sunday,90,2000,0,EIN,en,Bank account opening,0
0121ea7e-dd6f-42c3-a353-78870f5b9d6e,synth_c08e672f56f4,itin,tabddpm_synthetic,,['en'],EIN,2024-08-09T19:39:00+00:00,100.0,0.0,22,19,6,Sunday,18,2000,13,EIN,en,Bank account opening,0
1c121cf3-ce67-46b6-b986-c2e4249dbb92,synth_73bfe71a21af,itin,tabddpm_synthetic,,['en'],EIN,2024-10-05T23:31:00+00:00,100000.0,50000.0,22,23,6,Sunday,0,1,100,EIN,en,Bank account opening,0
2b68b910-8e64-4d6e-b35a-918b5c9183ae,synth_d4b28c3788a1,itin,tabddpm_synthetic,,['en'],EIN,2024-04-26T15:54:00+00:00,3139.46,0.0,30,15,6,Sunday,41,2000,7,EIN,en,Bank account opening,0
3872a521-fa6a-4f8e-875c-613c4a9e186b,synth_4ca07c5e08d4,itin,tabddpm_synthetic,,['en'],EIN,2024-03-19T23:26:00+00:00,100000.0,37036.24,22,23,6,Sunday,0,1,100,EIN,en,Bank account opening,0
ca9d7931-09ba-47e7-adbb-fcc3479dd1f9,synth_67a876efd07f,itin,tabddpm_synthetic,,['en'],EIN,2024-12-09T00:56:00+00:00,100000.0,50000.0,55,0,0,Monday,0,1,45,EIN,en,Bank account opening,0
a1680ea4-917e-49f3-9cda-3758f22d917d,synth_8898852a887d,itin,tabddpm_synthetic,,['en'],EIN,2024-12-15T23:08:00+00:00,100.0,16098.66,55,23,0,Monday,90,2000,0,EIN,en,Bank account opening,0
7121eaf9-21aa-45c2-a506-0bfda7f78506,synth_7c4a78bb121c,itin,tabddpm_synthetic,,['en'],EIN,2024-09-19T00:00:00+00:00,100000.0,50000.0,22,0,6,Sunday,0,1,100,EIN,en,Bank account opening,0
438feb05-16aa-450b-b022-565872f76eb9,synth_c0270505dedd,itin,tabddpm_synthetic,,['en'],EIN,2024-10-05T18:52:00+00:00,100.0,0.0,22,18,6,Sunday,46,2000,4,EIN,en,Bank account opening,0
d32d733e-a55f-4708-b819-3cf626371022,synth_a9f794b8d352,itin,tabddpm_synthetic,,['en'],EIN,2024-03-18T02:48:00+00:00,258.66,0.0,38,2,0,Monday,1,1309,2,EIN,en,Bank account opening,0
7101b20e-06af-479f-9ae0-847f18a70712,synth_86938147e3af,itin,tabddpm_synthetic,,['en'],EIN,2024-06-15T12:27:00+00:00,100.0,0.0,22,12,6,Sunday,25,2000,4,EIN,en,Bank account opening,0
c5c6b231-9850-402b-b1e9-1078589900bd,synth_b05a9b50a914,itin,tabddpm_synthetic,,['en'],EIN,2024-05-16T14:12:00+00:00,11454.76,1333.13,55,14,0,Monday,90,1,60,EIN,en,Bank account opening,0
5a773c61-144f-4109-9a43-1f3709d454fa,synth_95ec081e2e47,itin,tabddpm_synthetic,,['en'],EIN,2024-05-05T00:52:00+00:00,100000.0,50000.0,55,0,6,Sunday,90,1,100,EIN,en,Bank account opening,0
4810aea8-8ecd-4d07-94ac-c1ac87f31e52,synth_8834105a97de,itin,tabddpm_synthetic,,['en'],EIN,2024-03-08T00:55:00+00:00,100000.0,34118.06,22,0,6,Sunday,0,1,100,EIN,en,Bank account opening,0
cd9cb366-bd76-4b2f-bdbb-2c51cf61cd44,synth_3a3df5ca55f7,itin,tabddpm_synthetic,,['en'],EIN,2024-11-19T23:04:00+00:00,100.0,0.0,22,23,6,Sunday,9,2000,16,EIN,en,Bank account opening,0
b2114592-63ce-4a9a-808d-2eac8736df70,synth_be16e8bf4057,itin,tabddpm_synthetic,,['en'],EIN,2024-12-16T11:01:00+00:00,100.0,225.96,22,11,6,Sunday,13,931,4,EIN,en,Bank account opening,0
859d69b4-6ff0-4f2e-9da8-2740ff91afca,synth_2d82f8640ccf,itin,tabddpm_synthetic,,['en'],EIN,2024-04-11T20:36:00+00:00,100.0,327.56,22,20,4,Friday,44,2000,9,EIN,en,Bank account opening,0
d1b6f738-1482-4be2-b00d-47bb26d688f7,synth_c197683046d2,itin,tabddpm_synthetic,,['en'],EIN,2024-02-02T23:59:00+00:00,100.0,5546.91,55,23,0,Monday,90,2000,0,EIN,en,Bank account opening,0
214a6ac3-c7a5-4a66-98ca-bb2115e3e6bb,synth_782818fabf39,itin,tabddpm_synthetic,,['en'],EIN,2024-05-10T00:27:00+00:00,100.0,0.0,22,0,4,Friday,0,317,0,EIN,en,Bank account opening,0
c87232ae-db9c-433d-b0d1-94d355605b65,synth_88ae8ba32e41,itin,tabddpm_synthetic,,['en'],EIN,2024-04-06T00:18:00+00:00,11336.53,0.0,55,0,6,Sunday,0,1,0,EIN,en,Bank account opening,0
08ef92e6-2c8f-4ebf-89e2-aa92ba5ba579,synth_3671818c3116,itin,tabddpm_synthetic,,['en'],EIN,2024-08-14T00:59:00+00:00,100.0,0.0,22,0,6,Sunday,0,1,0,EIN,en,Bank account opening,0
f60e6725-9734-4760-848c-35cc6992e1c8,synth_6660d6f35ce2,itin,tabddpm_synthetic,,['en'],EIN,2024-08-10T23:40:00+00:00,100000.0,34085.92,22,23,0,Monday,90,1,100,EIN,en,Bank account opening,1
d7192d36-c837-4685-8571-1c66ab0a0efc,synth_58ccf7878f0d,itin,tabddpm_synthetic,,['en'],EIN,2024-01-03T20:44:00+00:00,100.0,381.97,22,20,6,Sunday,10,2000,9,EIN,en,Bank account opening,0
3d65e5d0-7453-4cba-816d-c5da1ff05219,synth_ecba3346b0af,itin,tabddpm_synthetic,,['en'],EIN,2024-02-07T00:17:00+00:00,100000.0,50000.0,55,0,0,Monday,90,1,100,EIN,en,Bank account opening,0
0dcf04c6-1802-449b-b6e5-2e378d40959a,synth_8639040eae2b,itin,tabddpm_synthetic,,['en'],EIN,2024-03-22T00:25:00+00:00,100000.0,8245.36,22,0,6,Sunday,0,1,100,EIN,en,Bank account opening,0
b16e240d-6b73-46fa-9c2e-71c14e810964,synth_22f237fe2719,itin,tabddpm_synthetic,,['en'],EIN,2024-03-13T00:10:00+00:00,21838.98,987.96,22,0,6,Sunday,0,1,88,EIN,en,Bank account opening,0
d03b9032-f637-46c1-81b5-691c2e69b80d,synth_5e85b2843506,itin,tabddpm_synthetic,,['en'],EIN,2024-03-14T00:19:00+00:00,32930.17,1316.81,22,0,0,Monday,0,1,64,EIN,en,Bank account opening,0
b4aa667e-a289-4af6-82c8-2383faff2bac,synth_72fec3a3f40c,itin,tabddpm_synthetic,,['en'],EIN,2024-03-11T12:48:00+00:00,100.0,0.0,22,12,6,Sunday,31,2000,18,EIN,en,Bank account opening,0
4a9fbc15-44d0-441e-96e3-ac36bc6d3ae3,synth_a3b497e10e0a,itin,tabddpm_synthetic,,['en'],EIN,2024-03-11T00:53:00+00:00,14985.72,429.06,39,0,6,Sunday,6,1,64,EIN,en,Bank account opening,0
55e3704d-64ea-4cfb-af14-a761454e180b,synth_0a76559f322d,itin,tabddpm_synthetic,,['en'],EIN,2024-09-15T20:50:00+00:00,100000.0,4622.82,22,20,6,Sunday,0,1,100,EIN,en,Bank account opening,0
b46791f0-fbfe-4c18-bec7-9a01144f44ba,synth_b5e6b14a35b7,itin,tabddpm_synthetic,,['en'],EIN,2024-05-11T00:27:00+00:00,1426.46,204.52,55,0,6,Sunday,0,2000,4,EIN,en,Bank account opening,0
5487550d-aa43-4ed7-aa2c-39d9c8d0cb52,synth_95e16720f07e,itin,tabddpm_synthetic,,['en'],EIN,2024-08-16T00:52:00+00:00,100.0,0.0,22,0,0,Monday,0,2000,0,EIN,en,Bank account opening,0
61faa765-0c6a-4948-a2b2-13337c17b89a,synth_084fec81423a,itin,tabddpm_synthetic,,['en'],EIN,2024-07-03T13:31:00+00:00,100.0,46.09,25,13,3,Thursday,2,2000,9,EIN,en,Bank account opening,0
a240cda8-6f5f-4c7d-8363-9945450bd144,synth_14fd1d036633,itin,tabddpm_synthetic,,['en'],EIN,2024-03-27T00:40:00+00:00,3192.08,0.0,22,0,6,Sunday,0,1,0,EIN,en,Bank account opening,0
a1278ca3-a967-4a5b-baa5-197b76085135,synth_d603ad4201c7,itin,tabddpm_synthetic,,['en'],EIN,2024-09-29T00:03:00+00:00,100.0,0.0,55,0,6,Sunday,0,1,46,EIN,en,Bank account opening,0
db50e5ed-55f2-463d-ae96-7400f71c2c96,synth_5fd681ce367e,itin,tabddpm_synthetic,,['en'],EIN,2024-10-09T11:40:00+00:00,100.0,0.0,23,11,5,Saturday,7,2000,12,EIN,en,Bank account opening,0
f2826f4f-fab2-4ffe-8e86-7481361c303e,synth_83eaf41047e7,itin,tabddpm_synthetic,,['en'],EIN,2024-04-28T00:55:00+00:00,100.0,0.0,22,0,0,Monday,0,2000,0,EIN,en,Bank account opening,0
568cadb5-da3a-4df9-b551-ef2977a272b9,synth_7ffe7478d314,itin,tabddpm_synthetic,,['en'],EIN,2024-09-15T23:15:00+00:00,14039.28,0.0,22,23,0,Monday,10,1,71,EIN,en,Bank account opening,0
0bc40e8a-d2af-4773-861e-817d816b97b9,synth_3455f79beb95,itin,tabddpm_synthetic,,['es'],EIN,2024-08-06T00:31:00+00:00,955.82,0.0,29,0,6,Sunday,1,1,19,EIN,es,Bank account opening,0
39fb21c6-1801-4ff1-b699-c38b990a9547,synth_a23d6f52bc97,itin,tabddpm_synthetic,,['en'],EIN,2024-12-06T00:29:00+00:00,100000.0,50000.0,22,0,6,Sunday,0,1,100,EIN,en,Bank account opening,0
86ceccac-3c90-4b21-847c-97e1b05c6d24,synth_8fe6c6c3c985,itin,tabddpm_synthetic,,['es'],EIN,2024-10-28T12:30:00+00:00,100.0,154.61,53,12,1,Tuesday,3,1726,8,EIN,es,Bank account opening,0
d03aea61-0fa9-42a7-b31a-ad7d1c346d9f,synth_23e12922d8c6,itin,tabddpm_synthetic,,['en'],EIN,2024-12-24T04:23:00+00:00,100.0,53.7,22,4,0,Monday,0,1,0,EIN,en,Bank account opening,0
18f5f1c2-282a-42aa-a43c-f74ec02fb249,synth_f5aba97f4c09,itin,tabddpm_synthetic,,['en'],EIN,2024-06-14T00:36:00+00:00,38214.83,1464.1,22,0,3,Thursday,14,1,99,EIN,en,Bank account opening,0
d1e6e647-ec7e-4bd7-8698-4cb92bfab7c3,synth_9060f7be6001,itin,tabddpm_synthetic,,['en'],EIN,2024-11-17T00:13:00+00:00,3920.24,0.0,55,0,6,Sunday,0,1,0,EIN,en,Bank account opening,0
33f7e0ec-08e9-4496-8153-dab28ff409ee,synth_8742b717c066,itin,tabddpm_synthetic,,['en'],EIN,2024-04-22T00:36:00+00:00,100.0,260.06,38,0,4,Friday,0,675,0,EIN,en,Bank account opening,0
916a60a3-04b8-49a0-839f-932339c5f63f,synth_55133109ed86,itin,tabddpm_synthetic,,['en'],EIN,2024-02-09T00:25:00+00:00,100.0,1067.86,22,0,6,Sunday,90,2000,32,EIN,en,Bank account opening,0
f134b731-b9bc-4ccb-842f-32870b6b8735,synth_cdaf1661d307,itin,tabddpm_synthetic,,['en'],EIN,2024-05-23T00:50:00+00:00,100000.0,50000.0,22,0,6,Sunday,90,1,100,EIN,en,Bank account opening,1
97e4b068-4127-4ed5-8b52-5e963eb3ebb6,synth_f664497572b0,itin,tabddpm_synthetic,,['en'],EIN,2024-11-05T00:56:00+00:00,4109.26,137.8,22,0,6,Sunday,0,1,16,EIN,en,Bank account opening,0
4b68e1a2-cb81-4b53-a361-7663eb6f29ed,synth_67bf54015085,itin,tabddpm_synthetic,,['en'],EIN,2024-11-17T23:39:00+00:00,100000.0,50000.0,22,23,6,Sunday,0,1,100,EIN,en,Bank account opening,0
7f531002-3530-4bf9-8d62-0f6eceb2e1e6,synth_877a3ece14f6,itin,tabddpm_synthetic,,['en'],EIN,2024-02-23T00:31:00+00:00,10092.0,391.57,39,0,6,Sunday,0,1,81,EIN,en,Bank account opening,0
c1b2a9b0-3e87-453f-82b7-2bbf96189fec,synth_8109df73204d,itin,tabddpm_synthetic,,['en'],EIN,2024-04-08T15:45:00+00:00,100.0,0.0,22,15,6,Sunday,55,2000,10,EIN,en,Bank account opening,0
2a983fa9-3cf2-4474-a413-f264d7761dd9,synth_1a7d863b985c,itin,tabddpm_synthetic,,['en'],EIN,2024-10-08T04:39:00+00:00,100.0,551.94,55,4,0,Monday,90,1,11,EIN,en,Bank account opening,0
ec4c8a93-b525-41eb-b3e5-6110e2a060fe,synth_2704eb43cbd9,itin,tabddpm_synthetic,,['en'],EIN,2024-05-02T00:18:00+00:00,100.0,0.0,55,0,6,Sunday,0,87,0,EIN,en,Bank account opening,0
5018ce92-c5ad-4d07-8b40-97f1296eeba7,synth_f7de76467775,itin,tabddpm_synthetic,,['en'],EIN,2024-07-06T23:06:00+00:00,100000.0,50000.0,22,23,6,Sunday,0,1,100,EIN,en,Bank account opening,0
dee243d1-2577-438e-bd24-afd234a5c723,synth_c94c9761a75d,itin,tabddpm_synthetic,,['en'],EIN,2024-05-21T00:55:00+00:00,100.0,0.0,55,0,6,Sunday,0,1,43,EIN,en,Bank account opening,0
909ed965-912c-4ad5-9297-8f494c4c2c51,synth_d5b60a042ea7,itin,tabddpm_synthetic,,['en'],ITIN,2024-11-30T09:53:00+00:00,1559.21,294.79,22,9,2,Wednesday,0,2000,8,ITIN,en,Bank account opening,0
87122b4c-92e8-460e-953b-239b1be36fcf,synth_fefda6eab5e6,itin,tabddpm_synthetic,,['en'],EIN,2024-04-08T03:39:00+00:00,100.0,404.78,22,3,6,Sunday,3,2000,8,EIN,en,Bank account opening,0
bc657051-21cb-401a-a8a7-39efccbb5ea5,synth_010c7308c9cf,itin,tabddpm_synthetic,,['en'],EIN,2024-01-25T00:04:00+00:00,100.0,0.0,22,0,6,Sunday,0,285,0,EIN,en,Bank account opening,0
4af36214-d9ba-4df5-9f76-3ea5c4da61a5,synth_34d32b968242,itin,tabddpm_synthetic,,['en'],EIN,2024-10-02T21:44:00+00:00,100.0,0.0,22,21,6,Sunday,19,2000,4,EIN,en,Bank account opening,0
1a5e9bc3-f4e2-48da-b61e-d2dbf4ade3e3,synth_822c0a9af6c0,itin,tabddpm_synthetic,,['en'],EIN,2024-03-10T09:36:00+00:00,2162.21,130.28,22,9,6,Sunday,24,2000,8,EIN,en,Credit application,0
795e4fde-27a9-4913-b4ae-285c41f1a160,synth_6e8e46c48cff,itin,tabddpm_synthetic,,['en'],EIN,2024-09-16T00:17:00+00:00,69192.27,2133.09,22,0,6,Sunday,0,1,100,EIN,en,Bank account opening,0
68187e23-c32f-4608-af25-78b5e3f0ca75,synth_5fe120543ec1,itin,tabddpm_synthetic,,['en'],EIN,2024-07-16T23:46:00+00:00,100.0,0.0,22,23,6,Sunday,19,2000,4,EIN,en,Bank account opening,0
ddf9c4e8-7b6a-4274-b174-44112f239e6e,synth_5668873149aa,itin,tabddpm_synthetic,,['en'],EIN,2024-07-02T23:47:00+00:00,100.0,14148.33,55,23,0,Monday,90,2000,0,EIN,en,Bank account opening,0
6f35da27-28c7-433b-9338-350509a0a9c6,synth_43b5aaa5a60e,itin,tabddpm_synthetic,,['en'],EIN,2024-10-27T15:58:00+00:00,100.0,25.54,23,15,4,Friday,10,2000,7,EIN,en,Bank account opening,0
b8c9c800-00a5-43bd-8028-2a1a55117e58,synth_c5d08289941d,itin,tabddpm_synthetic,,['en'],EIN,2024-07-12T00:46:00+00:00,100.0,0.0,22,0,0,Monday,0,1821,2,EIN,en,Bank account opening,0
1200efb1-d62f-405a-bd05-419190189228,synth_b7f20d4731ee,itin,tabddpm_synthetic,,['en'],EIN,2024-10-14T00:53:00+00:00,100000.0,42335.83,22,0,6,Sunday,0,1,100,EIN,en,Bank account opening,1
b04fd287-3bde-401a-a839-726b7dde5258,synth_b16e1236ccb1,itin,tabddpm_synthetic,,['en'],EIN,2024-09-18T00:11:00+00:00,100.0,0.0,22,0,4,Friday,0,2000,0,EIN,en,Bank account opening,0
e1f797b5-a4a1-4c8e-8872-3aa17101b6da,synth_2ebc0b53c25d,itin,tabddpm_synthetic,,['en'],EIN,2024-02-27T00:52:00+00:00,100000.0,50000.0,22,0,6,Sunday,0,1,100,EIN,en,Bank account opening,0
b714e31c-fd21-46f1-b140-844c55c12bdb,synth_6e5cedb01a86,itin,tabddpm_synthetic,,['en'],EIN,2024-06-11T00:00:00+00:00,318.2,292.11,31,0,6,Sunday,0,1,16,EIN,en,Bank account opening,0
ebe2d926-b4b3-4d35-af8a-826521158036,synth_8d5ef0e6b877,itin,tabddpm_synthetic,,['es'],EIN,2024-10-25T11:37:00+00:00,1657.82,34.54,38,11,0,Monday,0,1170,7,EIN,es,Bank account opening,0
314bff02-26d4-40b3-a6a6-c8efb27d0226,synth_6631a1e051e2,itin,tabddpm_synthetic,,['en'],EIN,2024-09-15T23:05:00+00:00,100000.0,50000.0,22,23,6,Sunday,0,1,100,EIN,en,Bank account opening,0
39cc1cf1-d150-44fb-8f0b-f0f931284e1c,synth_a0f110df98c8,itin,tabddpm_synthetic,,['en'],EIN,2024-10-22T23:53:00+00:00,100.0,0.0,22,23,2,Wednesday,0,1174,7,EIN,en,Bank account opening,0
72fcbf13-6884-4fb3-b1aa-0f8291dae36e,synth_b8a5a7f2d58a,itin,tabddpm_synthetic,,['en'],EIN,2024-07-28T23:54:00+00:00,100000.0,50000.0,22,23,6,Sunday,0,1,100,EIN,en,Bank account opening,1
6b55f296-0396-4e9b-9299-e7eff2ab25db,synth_2287891f1c2f,itin,tabddpm_synthetic,,['en'],EIN,2024-10-11T19:27:00+00:00,100.0,0.0,22,19,6,Sunday,34,2000,8,EIN,en,Bank account opening,0
39ff5c6d-c7b8-4980-95fb-4ec67d95f141,synth_5b4e68ea898e,itin,tabddpm_synthetic,,['en'],EIN,2024-10-18T13:48:00+00:00,100.0,648.57,22,13,6,Sunday,90,2000,16,EIN,en,Bank account opening,0
96900f8d-9071-4b1c-a056-1fd1b57a8039,synth_416a2f26df5d,itin,tabddpm_synthetic,,['en'],EIN,2024-06-17T09:46:00+00:00,100.0,0.0,22,9,6,Sunday,55,2000,7,EIN,en,Bank account opening,0
bcae3a95-14ca-4dbd-92ca-84600766881f,synth_aac667061473,itin,tabddpm_synthetic,,['en'],EIN,2024-11-28T23:09:00+00:00,100.0,4356.26,55,23,0,Monday,90,2000,84,EIN,en,Bank account opening,0
efb6c1f4-d581-4ee6-9c0f-be6e816aca7a,synth_351e4b1b61f4,itin,tabddpm_synthetic,,['en'],EIN,2024-01-25T00:39:00+00:00,100.0,0.0,22,0,6,Sunday,0,1,0,EIN,en,Bank account opening,0
e75aa53d-973e-4867-a9b7-496d71f733ac,synth_e1624f3b1b5c,itin,tabddpm_synthetic,,['en'],EIN,2024-10-27T23:59:00+00:00,100.0,3743.32,55,23,0,Monday,90,2000,13,EIN,en,Bank account opening,0
d5af9fa9-866b-4759-b1ee-871357f0c185,synth_3ff01627e556,itin,tabddpm_synthetic,,['en'],EIN,2024-08-31T00:32:00+00:00,100.0,25.29,55,0,6,Sunday,0,1,41,EIN,en,Bank account opening,0
2fd3ef2c-e65d-40f7-8b1c-215ab6f79185,synth_06670afd6c73,itin,tabddpm_synthetic,,['en'],EIN,2024-07-24T04:21:00+00:00,100.0,759.44,55,4,3,Thursday,0,1,9,EIN,en,Bank account opening,0
84515031-2334-4563-a5c7-b277d401aedf,synth_b8833448bbb4,itin,tabddpm_synthetic,,['en'],EIN,2024-06-12T00:33:00+00:00,2039.87,1046.38,22,0,3,Thursday,15,1,10,EIN,en,Bank account opening,0
05add545-d24e-4706-ae27-c9f3e085b709,synth_e08a31c16475,itin,tabddpm_synthetic,,['en'],EIN,2024-09-03T23:17:00+00:00,23912.28,0.0,22,23,4,Friday,0,1,75,EIN,en,Bank account opening,0
9c4daa29-fc99-483d-807e-73c92e0e98ea,synth_b4a82380d71b,itin,tabddpm_synthetic,,['en'],EIN,2024-08-30T00:19:00+00:00,18968.41,1059.61,22,0,6,Sunday,0,1,57,EIN,en,Bank account opening,0
c412a913-484e-4c94-bf45-22ae126df51a,synth_2f8f2aab39fb,itin,tabddpm_synthetic,,['en'],EIN,2024-11-10T14:36:00+00:00,100000.0,5523.24,22,14,6,Sunday,58,1,100,EIN,en,Bank account opening,0
49284f0d-8a2d-4170-99a7-b1b43f61ffcb,synth_6e4b6d3816aa,itin,tabddpm_synthetic,,['en'],EIN,2024-02-02T23:37:00+00:00,100000.0,50000.0,22,23,6,Sunday,90,1,100,EIN,en,Bank account opening,0
f7018b11-1c2f-4d48-acf9-719bf27f912a,synth_9c6bba31345b,itin,tabddpm_synthetic,,['en'],EIN,2024-09-05T23:56:00+00:00,100000.0,50000.0,22,23,6,Sunday,0,1,100,EIN,en,Bank account opening,1
d845aab3-554f-49bc-9b4e-0fa9d946c72f,synth_36fbf9ede492,itin,tabddpm_synthetic,,['en'],EIN,2024-03-08T23:49:00+00:00,100.0,5794.02,55,23,0,Monday,90,2000,0,EIN,en,Bank account opening,0
50b90fdb-2fb0-4ced-bbbe-50231bee9e95,synth_04a7a1901a52,itin,tabddpm_synthetic,,['en'],EIN,2024-10-16T00:59:00+00:00,100.0,0.0,22,0,4,Friday,0,1,27,EIN,en,Bank account opening,0
fa82cfb8-97a3-4c3c-916e-82c305436d92,synth_3ce119e9e569,itin,tabddpm_synthetic,,['en'],EIN,2024-11-18T00:01:00+00:00,17848.59,328.55,22,0,6,Sunday,0,1,89,EIN,en,Bank account opening,1
126a4c6a-4893-4336-8a5f-e52ee4ed7125,synth_8fc9fa3f2aa7,itin,tabddpm_synthetic,,['en'],EIN,2024-01-11T08:31:00+00:00,100.0,1200.08,55,8,6,Sunday,90,2000,0,EIN,en,Bank account opening,0
c8537c6e-af82-41cf-b624-5eeaa810a8f0,synth_7ca3eb5b85c8,itin,tabddpm_synthetic,,['en'],EIN,2024-07-10T00:25:00+00:00,100000.0,50000.0,22,0,0,Monday,0,1,100,EIN,en,Bank account opening,0
8f15cebe-369b-4ad4-903b-46dc29eb8bf1,synth_69f7ae8f0dd0,itin,tabddpm_synthetic,,['en'],EIN,2024-10-08T00:07:00+00:00,100000.0,50000.0,22,0,6,Sunday,0,1,100,EIN,en,Bank account opening,0
e86ff00f-3382-4df1-804a-c7aa2fcea5e4,synth_774325728d6a,itin,tabddpm_synthetic,,['en'],EIN,2024-08-03T00:23:00+00:00,100.0,37.18,22,0,5,Saturday,0,1,6,EIN,en,Bank account opening,0
696d903c-7036-498f-bb23-3b0ad238fd3c,synth_36432a3bf5a1,itin,tabddpm_synthetic,,['en'],EIN,2024-09-20T23:08:00+00:00,74301.57,475.34,22,23,0,Monday,0,1,100,EIN,en,Bank account opening,0
b6e000ec-d1d1-4aae-8e13-a9c0dbb76cd5,synth_e727b4de18da,itin,tabddpm_synthetic,,['en'],ITIN,2024-05-03T14:06:00+00:00,100.0,0.0,22,14,6,Sunday,22,2000,8,ITIN,en,Bank account opening,0
748da7e2-fc40-4dea-b985-6ff92f2b7805,synth_cabb8df77a68,itin,tabddpm_synthetic,,['en'],EIN,2024-01-24T23:33:00+00:00,100000.0,50000.0,22,23,6,Sunday,0,1,100,EIN,en,Bank account opening,1
a649aace-5618-49b8-93ff-c816822cbb29,synth_38056ace9eba,itin,tabddpm_synthetic,,['es'],EIN,2024-05-15T00:56:00+00:00,100.0,0.0,50,0,6,Sunday,11,1817,0,EIN,es,Bank account opening,0
fbd4427d-e28e-4c4c-a806-130e3e948b6b,synth_e9e9d85189ca,itin,tabddpm_synthetic,,['en'],EIN,2024-10-30T23:41:00+00:00,100.0,50000.0,55,23,0,Monday,90,2000,17,EIN,en,Bank account opening,0
0191b04d-dc51-4f3b-a194-c751a8f32622,synth_fd629928550d,itin,tabddpm_synthetic,,['en'],EIN,2024-10-15T00:23:00+00:00,100.0,77.42,36,0,6,Sunday,6,1038,12,EIN,en,Bank account opening,0
0124f3b9-1c36-44f3-8057-0d4e8d95a5fc,synth_05bfaa067cdb,itin,tabddpm_synthetic,,['en'],EIN,2024-07-02T00:01:00+00:00,100000.0,50000.0,22,0,6,Sunday,0,1,100,EIN,en,Bank account opening,1
70e6ee03-1ea5-4a0c-942f-98e49a2b2dc8,synth_0501e9d807ca,itin,tabddpm_synthetic,,['en'],EIN,2024-12-03T00:51:00+00:00,100.0,0.0,22,0,0,Monday,0,2000,2,EIN,en,Bank account opening,0
c451e540-af25-4e85-a105-d8dcc7357ef1,synth_4410f07db28e,itin,tabddpm_synthetic,,['en'],EIN,2024-11-12T23:51:00+00:00,100.0,12071.06,55,23,0,Monday,90,2000,0,EIN,en,Bank account opening,0
dcab4c1b-bbd0-499a-b6f1-8b275ae466c8,synth_d45b05a4f5ea,itin,tabddpm_synthetic,,['en'],EIN,2024-08-04T02:36:00+00:00,100.0,597.59,22,2,6,Sunday,90,2000,4,EIN,en,Bank account opening,0
833f0ebf-fd76-4c90-b26f-8f63b9dc6b65,synth_2482d7a387b8,itin,tabddpm_synthetic,,['en'],EIN,2024-07-01T00:23:00+00:00,100.0,0.0,55,0,6,Sunday,0,1,28,EIN,en,Bank account opening,0
ba33c7a0-973d-4630-ac95-b12ffe2c7fad,synth_cfa693405e7f,itin,tabddpm_synthetic,,['en'],EIN,2024-08-06T00:28:00+00:00,9010.79,0.0,55,0,6,Sunday,0,455,0,EIN,en,Bank account opening,0
d0a84b9d-254e-4475-ad23-09976e57777d,synth_6f67510c27f7,itin,tabddpm_synthetic,,['en'],EIN,2024-02-13T23:38:00+00:00,100000.0,50000.0,22,23,6,Sunday,0,1,100,EIN,en,Bank account opening,1
9ede450e-96c7-43c4-8ebe-04fce88b0bc8,synth_d382c387fc47,itin,tabddpm_synthetic,,['en'],EIN,2024-12-21T23:48:00+00:00,100.0,686.66,55,23,6,Sunday,90,2000,29,EIN,en,Bank account opening,0
9fd0897f-6e02-48f9-b7d5-256f0d9fe6f2,synth_defddd2d2983,itin,tabddpm_synthetic,,['en'],EIN,2024-05-19T23:26:00+00:00,100000.0,50000.0,22,23,6,Sunday,0,1,100,EIN,en,Bank account opening,0
6bb0fa65-ebd1-4860-92de-f89a8c7d29c6,synth_18c853c51a6b,itin,tabddpm_synthetic,,['en'],EIN,2024-08-25T12:24:00+00:00,100.0,0.0,22,12,6,Sunday,84,2000,13,EIN,en,Bank account opening,0
2d041961-f663-46ce-ba42-58ca06ebb0ce,synth_62feda911bbb,itin,tabddpm_synthetic,,['en'],EIN,2024-03-19T15:31:00+00:00,100.0,0.0,22,15,6,Sunday,43,2000,10,EIN,en,Bank account opening,0
b638253e-4085-4feb-85e6-7365f6f2fcdf,synth_54eac27b05ab,itin,tabddpm_synthetic,,['en'],EIN,2024-03-11T00:44:00+00:00,3544.3,127.83,22,0,6,Sunday,1,836,10,EIN,en,Bank account opening,0
83edb84f-d57b-45c9-a5c6-e3e1dd58268c,synth_4c7001130bf1,itin,tabddpm_synthetic,,['en'],EIN,2024-03-22T00:59:00+00:00,100000.0,50000.0,22,0,0,Monday,90,1,100,EIN,en,Bank account opening,0
f4bb6e37-95d8-4206-983a-b88c938ae68a,synth_aeecf2622266,itin,tabddpm_synthetic,,['en'],EIN,2024-05-17T00:36:00+00:00,1100.91,0.0,55,0,6,Sunday,0,1216,0,EIN,en,Bank account opening,0
31e2d792-99d7-4788-a636-9f880fd9a548,synth_108f81ee6abc,itin,tabddpm_synthetic,,['en'],EIN,2024-01-18T00:33:00+00:00,313.3,84.55,22,0,0,Monday,0,2000,0,EIN,en,Bank account opening,0
0f14c4b6-0e12-4e77-94e7-b5b0d728976f,synth_b0d428ebc67a,itin,tabddpm_synthetic,,['en'],EIN,2024-11-28T00:26:00+00:00,45314.42,1617.74,22,0,6,Sunday,0,1,79,EIN,en,Bank account opening,0
d80bbd34-492a-479d-8f1d-218c209ddeaf,synth_c6f65ee30790,itin,tabddpm_synthetic,,['en'],EIN,2024-10-30T23:59:00+00:00,100000.0,50000.0,22,23,6,Sunday,0,1,100,EIN,en,Bank account opening,0
f3440d1a-34d8-4d40-be92-be370099919d,synth_cba293950853,itin,tabddpm_synthetic,,['en'],EIN,2024-12-08T23:45:00+00:00,100000.0,50000.0,22,23,6,Sunday,90,1,100,EIN,en,Bank account opening,0
d3f3595f-94c2-4e47-841f-cab051684520,synth_a2a36ba1f0b8,itin,tabddpm_synthetic,,['en'],EIN,2024-06-17T14:31:00+00:00,4788.53,0.0,22,14,6,Sunday,16,2000,5,EIN,en,Bank account opening,0
135713fe-69ef-493d-b818-f641e85d0af7,synth_f33ed980ce42,itin,tabddpm_synthetic,,['en'],EIN,2024-10-23T00:58:00+00:00,100000.0,50000.0,22,0,6,Sunday,0,1,100,EIN,en,Bank account opening,1
e19a461e-6073-4eb5-8ced-104e970d4715,synth_895795a71f33,itin,tabddpm_synthetic,,['en'],EIN,2024-12-23T23:16:00+00:00,24077.18,0.0,22,23,0,Monday,0,1,85,EIN,en,Bank account opening,0
dfb40af0-459c-4376-b5a3-76304ec4a083,synth_38444bbbd512,itin,tabddpm_synthetic,,['en'],EIN,2024-07-04T23:11:00+00:00,100000.0,50000.0,22,23,6,Sunday,0,1,100,EIN,en,Bank account opening,1
3b324b02-f1bc-4498-a34f-3906d8c2866e,synth_11a519ef533b,itin,tabddpm_synthetic,,['en'],EIN,2024-09-18T15:50:00+00:00,100.0,0.0,22,15,6,Sunday,32,2000,9,EIN,en,Bank account opening,0
ffa934e2-ed2c-4014-82fd-819b6e67ace0,synth_99503846c7cb,itin,tabddpm_synthetic,,['en'],EIN,2024-04-14T23:38:00+00:00,738.76,0.0,22,23,0,Monday,1,1632,10,EIN,en,Bank account opening,0
83c87201-91f5-4305-8ef6-87f5840e1a73,synth_741e289cbb95,itin,tabddpm_synthetic,,['en'],EIN,2024-09-23T00:56:00+00:00,51766.16,0.0,22,0,0,Monday,0,1,81,EIN,en,Bank account opening,0
b13c8b65-7fc5-438a-bfb1-7e7ca61f71ae,synth_0d369c37af32,itin,tabddpm_synthetic,,['en'],EIN,2024-06-08T23:42:00+00:00,100.0,20171.18,55,23,0,Monday,90,2000,100,EIN,en,Bank account opening,0
5154d075-089e-4a17-b14b-9375ad4ea139,synth_90edce608fcf,itin,tabddpm_synthetic,,['en'],EIN,2024-07-06T00:35:00+00:00,100000.0,50000.0,22,0,6,Sunday,90,1,100,EIN,en,Bank account opening,0
4bfc05f9-1b1c-460c-babc-77c6c48a0615,synth_84e4d4f073e6,itin,tabddpm_synthetic,,['es'],EIN,2024-06-21T17:15:00+00:00,4528.05,296.78,49,17,4,Friday,13,2000,16,EIN,es,Bank account opening,0
907f9f40-1db3-403e-9485-79e8a79102e1,synth_45fe80f68fe3,itin,tabddpm_synthetic,,['en'],EIN,2024-07-19T23:11:00+00:00,100000.0,50000.0,22,23,6,Sunday,90,1,100,EIN,en,Bank account opening,0
9fc85047-d327-4a13-86ee-4436f652ff36,synth_5c7a7636ef65,itin,tabddpm_synthetic,,['en'],EIN,2024-05-03T00:15:00+00:00,9361.34,452.47,28,0,6,Sunday,0,1,47,EIN,en,Bank account opening,0
ed810a8d-34a0-4ae9-88c0-96cb51d0e9d1,synth_daede32e061c,itin,tabddpm_synthetic,,['en'],EIN,2024-09-19T00:49:00+00:00,28562.96,1248.61,22,0,6,Sunday,0,1,72,EIN,en,Bank account opening,0
57c53479-62ca-41d7-92e3-ee8e2ecf7978,synth_0dbd889ceb2c,itin,tabddpm_synthetic,,['en'],EIN,2024-11-29T23:43:00+00:00,100.0,6293.9,55,23,0,Monday,90,2000,0,EIN,en,Bank account opening,0
4ee7fb93-a83a-46c1-9479-d7d237766f88,synth_ab5530aff73d,itin,tabddpm_synthetic,,['en'],EIN,2024-02-27T00:17:00+00:00,100.0,121.69,55,0,6,Sunday,0,1,16,EIN,en,Bank account opening,0
97dd748a-91d5-43a4-9508-92784a113bdd,synth_c462c2c1757b,itin,tabddpm_synthetic,,['en'],EIN,2024-09-14T00:58:00+00:00,100000.0,50000.0,22,0,6,Sunday,0,1,100,EIN,en,Bank account opening,0
35c44ae0-5bae-4a97-9314-75039cc85d44,synth_8e16f9d20e73,itin,tabddpm_synthetic,,['en'],EIN,2024-08-22T23:47:00+00:00,100.0,13724.52,55,23,0,Monday,90,2000,0,EIN,en,Bank account opening,0
a9129732-dc2e-4139-889e-e4fd8110960f,synth_7418bc15b3ab,itin,tabddpm_synthetic,,['en'],EIN,2024-10-13T23:20:00+00:00,100.0,1266.32,55,23,0,Monday,90,2000,0,EIN,en,Bank account opening,0
bab963a9-37c4-434a-be75-59079ce4d5fe,synth_e057b1564026,itin,tabddpm_synthetic,,['en'],EIN,2024-07-15T00:31:00+00:00,6902.76,0.0,55,0,6,Sunday,0,1539,0,EIN,en,Bank account opening,0
0def024b-9dec-4c61-b6ac-e6c867adc444,synth_83772f719931,itin,tabddpm_synthetic,,['en'],EIN,2024-07-23T23:59:00+00:00,100.0,41189.78,55,23,0,Monday,90,2000,0,EIN,en,Bank account opening,0
b3017a71-c88a-4c71-9939-ecd3f3cefd64,synth_085a25a83244,itin,tabddpm_synthetic,,['en'],EIN,2024-05-14T11:52:00+00:00,100.0,101.8,22,11,6,Sunday,90,2000,3,EIN,en,Bank account opening,0
c6314fdd-43f9-4623-9ba2-50e270e1d5a2,synth_98cc6df7ddf8,itin,tabddpm_synthetic,,['en'],EIN,2024-01-17T00:36:00+00:00,100.0,0.0,55,0,6,Sunday,0,1,40,EIN,en,Bank account opening,0
609d7d3c-64a5-4e5a-b900-d78856398f1a,synth_69e910970ab3,itin,tabddpm_synthetic,,['en'],EIN,2024-08-16T23:38:00+00:00,100000.0,50000.0,22,23,6,Sunday,0,1,100,EIN,en,Bank account opening,0
fc01464a-c0ec-4731-8327-18f472719633,synth_0185583969f2,itin,tabddpm_synthetic,,['en'],EIN,2024-11-24T13:12:00+00:00,1633.94,60.43,55,13,0,Monday,33,1,16,EIN,en,Bank account opening,0
ca12b1dc-f091-47dd-b1a5-a65bc6e032c8,synth_d3d7c670ddcb,itin,tabddpm_synthetic,,['en'],EIN,2024-03-09T00:08:00+00:00,100.0,0.0,22,0,2,Wednesday,0,1243,1,EIN,en,Bank account opening,0
d6c2d223-93db-4c0f-87fd-6068e114171c,synth_aa39d781fbbd,itin,tabddpm_synthetic,,['en'],EIN,2024-08-17T16:32:00+00:00,100.0,0.0,22,16,6,Sunday,16,2000,0,EIN,en,Bank account opening,0
49333d9b-c9b8-4b1d-b2fa-203cd55dd33e,synth_7737625b596d,itin,tabddpm_synthetic,,['en'],EIN,2024-05-25T23:22:00+00:00,100000.0,50000.0,22,23,6,Sunday,90,1,100,EIN,en,Bank account opening,0
3f4333e7-af53-4f00-a687-19470f96c6f3,synth_b4f321ac7c8a,itin,tabddpm_synthetic,,['en'],EIN,2024-07-25T00:42:00+00:00,100.0,0.0,22,0,4,Friday,3,2000,0,EIN,en,Bank account opening,0
6c3069f1-3701-4c31-92c2-ddd488508cd3,synth_55fe92b54d7e,itin,tabddpm_synthetic,,['en'],EIN,2024-08-07T00:51:00+00:00,1989.66,0.0,22,0,0,Monday,0,1088,0,EIN,en,Bank account opening,0
99e48e81-1c23-4ebe-9a8a-7e81cf3b2db0,synth_bebaa224c380,itin,tabddpm_synthetic,,['en'],EIN,2024-06-13T00:57:00+00:00,100.0,0.0,55,0,6,Sunday,0,1,37,EIN,en,Bank account opening,0
1291c263-ace0-4a90-8e5a-79d54832ecd7,synth_3b456378e21d,itin,tabddpm_synthetic,,['en'],EIN,2024-04-17T00:01:00+00:00,7986.76,0.0,22,0,0,Monday,0,1,33,EIN,en,Bank account opening,0
c5b6f850-3346-405e-963f-d1e1bdc5dd72,synth_12e464f44789,itin,tabddpm_synthetic,,['en'],EIN,2024-12-11T19:19:00+00:00,100.0,0.0,28,19,6,Sunday,15,2000,10,EIN,en,Bank account opening,0
34549301-c9c6-44b4-ac66-77e31b0401c5,synth_c4e420117f7b,itin,tabddpm_synthetic,,['en'],EIN,2024-04-27T23:39:00+00:00,100.0,0.0,22,23,3,Thursday,3,2000,10,EIN,en,Bank account opening,0
33288342-f49d-4eb9-b7ed-a1b54f4df133,synth_a30145cf5b65,itin,tabddpm_synthetic,,['en'],EIN,2024-11-23T23:20:00+00:00,100000.0,5598.15,22,23,6,Sunday,0,1,100,EIN,en,Bank account opening,0
463af1da-2e8e-406c-8d71-8c50d631a2c4,synth_86378311c92b,itin,tabddpm_synthetic,,['en'],EIN,2024-12-15T00:05:00+00:00,100000.0,6482.21,22,0,0,Monday,0,1,100,EIN,en,Bank account opening,0
c2b41beb-835b-47dd-b090-771b11199dce,synth_5f1052df5a52,itin,tabddpm_synthetic,,['en'],EIN,2024-01-13T23:47:00+00:00,40830.33,1329.3,22,23,0,Monday,0,1,100,EIN,en,Bank account opening,0
eb4fd0fe-c2e0-49a6-aec7-d76b3b47ce56,synth_b497ed8d8152,itin,tabddpm_synthetic,,['en'],EIN,2024-01-13T23:20:00+00:00,100.0,15427.33,55,23,0,Monday,90,2000,0,EIN,en,Bank account opening,0
758cf63f-36f0-4c2f-a21b-e05b5b81540d,synth_ce52aed4f8ca,itin,tabddpm_synthetic,,['en'],EIN,2024-12-08T18:24:00+00:00,1461.58,0.0,39,18,0,Monday,0,1,3,EIN,en,Bank account opening,0
a48159e5-e264-4696-800d-57f3b5f0ddd1,synth_c2b5354f5ba7,itin,tabddpm_synthetic,,['es'],EIN,2024-08-27T23:19:00+00:00,27677.62,945.83,22,23,0,Monday,0,1,66,EIN,es,Bank account opening,0
230c6d4a-782c-4c8c-b5c0-88b114a6da84,synth_04031d62e666,itin,tabddpm_synthetic,,['en'],EIN,2024-03-08T00:30:00+00:00,100.0,0.0,22,0,6,Sunday,0,846,0,EIN,en,Bank account opening,0
d39ae77e-ebbe-433c-9c40-ed74041ebc69,synth_591ac3e45e0e,itin,tabddpm_synthetic,,['en'],EIN,2024-08-31T15:05:00+00:00,100.0,0.0,22,15,6,Sunday,13,2000,5,EIN,en,Bank account opening,0
8f56806c-2e6d-49e2-a59f-ec861e4d065b,synth_3c8154fd08d6,itin,tabddpm_synthetic,,['en'],ITIN,2024-05-01T15:11:00+00:00,100.0,33.09,22,15,4,Friday,5,1859,8,ITIN,en,Bank account opening,0
ef9d92e2-7b4a-4410-be02-b4c647ab308c,synth_39049673c85a,itin,tabddpm_synthetic,,['en'],EIN,2024-03-08T18:01:00+00:00,100.0,4.18,22,18,6,Sunday,37,2000,8,EIN,en,Bank account opening,0
4eaa495a-7b00-4321-94e8-6fd47aae8e57,synth_2af1a050a94b,itin,tabddpm_synthetic,,['en'],EIN,2024-06-01T16:08:00+00:00,100.0,182.97,55,16,0,Monday,28,1,5,EIN,en,Bank account opening,0
99c34a8a-f814-4ddf-a3f4-a3058a51967e,synth_cf9dfeab6d1c,itin,tabddpm_synthetic,,['en'],EIN,2024-06-29T23:55:00+00:00,100000.0,30343.43,22,23,0,Monday,0,1,100,EIN,en,Bank account opening,0
a2059f43-67f8-4df8-b29b-ab9b278d5347,synth_58cc007c3105,itin,tabddpm_synthetic,,['en'],EIN,2024-05-20T00:08:00+00:00,100000.0,50000.0,55,0,0,Monday,90,1,100,EIN,en,Bank account opening,0
3d8afa64-6e87-4993-838c-bd550bf959d3,synth_2db340cf3c1a,itin,tabddpm_synthetic,,['en'],EIN,2024-01-19T23:42:00+00:00,100.0,0.0,22,23,6,Sunday,15,2000,19,EIN,en,Bank account opening,0
7b1a6e85-f06b-4832-a711-54756b15e4b7,synth_8df85c3210aa,itin,tabddpm_synthetic,,['en'],EIN,2024-04-09T23:51:00+00:00,100.0,18652.78,55,23,0,Monday,90,1,100,EIN,en,Bank account opening,1
bdff1285-0747-47ad-b257-e86ef0af7335,synth_5578886bc280,itin,tabddpm_synthetic,,['en'],EIN,2024-05-22T02:20:00+00:00,100.0,298.12,22,2,6,Sunday,41,2000,0,EIN,en,Bank account opening,0
1114f88b-3758-4a00-b6a1-30caeccae9c8,synth_64bc915d37d3,itin,tabddpm_synthetic,,['en'],EIN,2024-03-18T04:41:00+00:00,100.0,189.77,22,4,6,Sunday,11,2000,35,EIN,en,Bank account opening,0
ebd9466e-9a29-430a-9672-256e1f245618,synth_4dc3e47a87c8,itin,tabddpm_synthetic,,['en'],EIN,2024-12-07T09:40:00+00:00,100.0,0.0,22,9,6,Sunday,90,2000,11,EIN,en,Bank account opening,0
df3a8ca5-f90a-45b3-850d-868d17cf0e36,synth_e9456ab8338c,itin,tabddpm_synthetic,,['en'],EIN,2024-01-05T18:17:00+00:00,100.0,0.0,22,18,6,Sunday,36,2000,11,EIN,en,Bank account opening,0
920e4754-4079-47fb-bf4b-dbc98e0bb49c,synth_bcd983c355f9,itin,tabddpm_synthetic,,['en'],EIN,2024-06-07T00:19:00+00:00,100000.0,50000.0,22,0,0,Monday,0,1,100,EIN,en,Bank account opening,0
c63d2c5d-a7ec-4c74-b8e8-74e3842ec6c9,synth_b2beef6d451f,itin,tabddpm_synthetic,,['en'],EIN,2024-01-19T00:55:00+00:00,100.0,37.15,22,0,2,Wednesday,0,2000,4,EIN,en,Bank account opening,0
41e7eb03-9392-484f-befa-4eae67ab0c35,synth_9fa2055544f7,itin,tabddpm_synthetic,,['en'],EIN,2024-09-05T00:24:00+00:00,100.0,1226.63,55,0,0,Monday,90,430,46,EIN,en,Bank account opening,0
5ec99cd0-88b3-4b53-a037-526f3f07597f,synth_5974d602bc26,itin,tabddpm_synthetic,,['en'],EIN,2024-03-25T00:25:00+00:00,100.0,0.0,22,0,0,Monday,0,2000,0,EIN,en,Bank account opening,0
f7842b39-c223-410c-855f-eac3c395e159,synth_1e933f82db22,itin,tabddpm_synthetic,,['en'],EIN,2024-02-17T00:04:00+00:00,13537.28,398.92,28,0,6,Sunday,0,1,70,EIN,en,Bank account opening,0
c3edde00-ba77-4972-bac7-9d5a18664e12,synth_9d1eaa987ec7,itin,tabddpm_synthetic,,['en'],EIN,2024-06-09T23:59:00+00:00,100000.0,2760.4,22,23,0,Monday,0,1,100,EIN,en,Bank account opening,0
11436e1e-5068-4246-97fc-8d74794c32f4,synth_1e1aae6139f4,itin,tabddpm_synthetic,,['en'],EIN,2024-11-30T00:27:00+00:00,100.0,58.99,22,0,0,Monday,0,1248,5,EIN,en,Bank account opening,0
23a6866a-f3b8-47e8-b1b6-47d3ec46ed8f,synth_0ce14b978c75,itin,tabddpm_synthetic,,['en'],EIN,2024-10-09T03:23:00+00:00,1965.41,403.27,27,3,6,Sunday,6,798,8,EIN,en,Bank account opening,0
dcd91801-3d7e-44c8-854b-6e9170cc2dbf,synth_1dbe5a254f56,itin,tabddpm_synthetic,,['en'],EIN,2024-06-07T19:18:00+00:00,100.0,0.0,22,19,6,Sunday,33,2000,9,EIN,en,Bank account opening,0
3fcc1828-373e-47dd-bb9f-2b5be9f7fa78,synth_abc10f3fb32d,itin,tabddpm_synthetic,,['en'],ITIN,2024-09-19T16:30:00+00:00,100.0,0.0,28,16,2,Wednesday,4,2000,5,ITIN,en,Bank account opening,0
2c5f7913-154f-49dc-b542-9497112cd2a8,synth_1dd026b2c329,itin,tabddpm_synthetic,,['en'],EIN,2024-04-08T23:13:00+00:00,100.0,5537.26,55,23,0,Monday,90,2000,0,EIN,en,Bank account opening,0
85c4891e-23f7-48a6-a617-afbb10a742b1,synth_16f92d64e34a,itin,tabddpm_synthetic,,['en'],EIN,2024-02-18T23:33:00+00:00,100000.0,3320.75,22,23,1,Tuesday,21,1,36,EIN,en,Bank account opening,0
3a242fac-312e-47d8-8d23-97294547f7f2,synth_90e629875640,itin,tabddpm_synthetic,,['en'],EIN,2024-10-06T17:25:00+00:00,100.0,0.0,33,17,4,Friday,27,2000,14,EIN,en,Bank account opening,0
2dba7096-d586-4f6d-899b-4d77f2e14256,synth_23e2df92b560,itin,tabddpm_synthetic,,['en'],EIN,2024-02-05T14:21:00+00:00,100.0,253.41,55,14,0,Monday,90,2000,6,EIN,en,Bank account opening,0
25456cb4-9c0e-46a0-899a-709a63db4395,synth_33bea94ab57e,itin,tabddpm_synthetic,,['en'],EIN,2024-01-11T11:50:00+00:00,100.0,1318.34,55,11,0,Monday,90,354,12,EIN,en,Bank account opening,0
9a9567ed-2f40-401f-92ff-77d2c38d00e0,synth_210996ad120c,itin,tabddpm_synthetic,,['en'],EIN,2024-06-06T00:17:00+00:00,5459.88,0.0,55,0,6,Sunday,0,217,0,EIN,en,Bank account opening,0
6a6d8792-48ec-40b7-a095-1b56842f0044,synth_ef38f6171c49,itin,tabddpm_synthetic,,['en'],EIN,2024-07-30T23:16:00+00:00,100.0,0.0,22,23,6,Sunday,18,2000,8,EIN,en,Bank account opening,0
57bab5a8-c5fe-47d2-839d-1f806a1e85db,synth_022940464802,itin,tabddpm_synthetic,,['en'],EIN,2024-03-27T00:24:00+00:00,100.0,0.0,22,0,2,Wednesday,0,2000,2,EIN,en,Bank account opening,0
3360e35e-ec00-4a52-91e8-12c4c967db75,synth_bdf8d1a08011,itin,tabddpm_synthetic,,['en'],EIN,2024-04-05T00:35:00+00:00,100000.0,50000.0,55,0,6,Sunday,0,1,100,EIN,en,Bank account opening,0
88719110-146f-48f4-a420-7fbb1ffcbefc,synth_32d147dd5ceb,itin,tabddpm_synthetic,,['en'],EIN,2024-05-12T10:50:00+00:00,23397.4,1611.29,43,10,6,Sunday,15,1429,13,EIN,en,Bank account opening,0
71de933e-852d-401d-9a6e-f658dd2a4ba5,synth_081363d52db6,itin,tabddpm_synthetic,,['en'],EIN,2024-02-06T23:54:00+00:00,100.0,22496.22,55,23,0,Monday,90,2000,0,EIN,en,Bank account opening,0
0ceb2bca-2fd6-4b6c-a753-43650af2deb1,synth_3ff4ac967e74,itin,tabddpm_synthetic,,['en'],EIN,2024-10-09T00:25:00+00:00,100000.0,12355.08,22,0,0,Monday,0,1,100,EIN,en,Bank account opening,1
abfd0172-9a2d-425b-9793-ff0fddb230a3,synth_2c56984b6dd1,itin,tabddpm_synthetic,,['en'],EIN,2024-01-04T23:19:00+00:00,100.0,0.0,22,23,6,Sunday,13,2000,8,EIN,en,Bank account opening,0
08cc737e-f3fb-4caf-aef3-65c03449b363,synth_40b66632f8b0,itin,tabddpm_synthetic,,['en'],EIN,2024-11-08T23:05:00+00:00,100000.0,50000.0,55,23,0,Monday,90,1,100,EIN,en,Bank account opening,1
ac9813f9-7bb2-441f-9d39-78de3daa4846,synth_67f36f92f7e2,itin,tabddpm_synthetic,,['en'],EIN,2024-11-02T00:47:00+00:00,100000.0,50000.0,22,0,6,Sunday,0,1,100,EIN,en,Bank account opening,0
80687e29-0b67-46fa-b981-a9de71c478ba,synth_9bfa665fe706,itin,tabddpm_synthetic,,['en'],EIN,2024-04-11T00:07:00+00:00,100000.0,50000.0,22,0,6,Sunday,0,1,100,EIN,en,Bank account opening,0
b96fa294-0f70-423d-9994-98c948566171,synth_acc1e993c7d1,itin,tabddpm_synthetic,,['en'],EIN,2024-01-22T00:17:00+00:00,3667.85,218.26,47,0,6,Sunday,2,413,7,EIN,en,Bank account opening,0
ed46feac-2e5e-4e38-980d-a87229b45984,synth_25a2115e52bc,itin,tabddpm_synthetic,,['en'],EIN,2024-06-26T23:18:00+00:00,100.0,1682.23,55,23,6,Sunday,90,2000,0,EIN,en,Bank account opening,0
300e5758-d281-4093-84f1-23fc1f2d2e88,synth_9eaabcb8258d,itin,tabddpm_synthetic,,['en'],EIN,2024-10-03T18:35:00+00:00,100.0,1556.12,55,18,0,Monday,90,2000,23,EIN,en,Bank account opening,0
5c786c15-9623-4012-949c-e20191e12da0,synth_0ae7139123b7,itin,tabddpm_synthetic,,['en'],EIN,2024-08-22T23:42:00+00:00,100000.0,50000.0,22,23,6,Sunday,0,1,100,EIN,en,Bank account opening,0
9e8ec991-f929-4067-a772-b140d003d316,synth_5c47b1e964e9,itin,tabddpm_synthetic,,['en'],EIN,2024-05-20T00:03:00+00:00,100.0,1061.55,55,0,0,Monday,90,1,30,EIN,en,Bank account opening,0
03fd76b1-f858-4947-85e2-a4133be90fc0,synth_baf85d65c85f,itin,tabddpm_synthetic,,['en'],EIN,2024-06-23T00:55:00+00:00,100.0,772.98,22,0,6,Sunday,71,2000,20,EIN,en,Bank account opening,0
dd3ff1c1-360b-4fba-b187-a19bc6934cf5,synth_7d3f3f50ae9f,itin,tabddpm_synthetic,,['en'],EIN,2024-08-19T23:17:00+00:00,100.0,2370.06,55,23,6,Sunday,90,2000,0,EIN,en,Bank account opening,0
42acc3bf-b6ac-426d-924c-e8914584fd1f,synth_f83f2118025b,itin,tabddpm_synthetic,,['en'],EIN,2024-08-31T00:26:00+00:00,14768.49,944.72,22,0,6,Sunday,0,1,64,EIN,en,Bank account opening,0
e8ad7d8d-a7a1-45e4-8b0e-1756576ad7f8,synth_a365bad8c12f,itin,tabddpm_synthetic,,['en'],EIN,2024-07-19T23:20:00+00:00,100.0,5393.82,55,23,0,Monday,90,2000,0,EIN,en,Bank account opening,0
c80b3756-b0c7-42fc-8f7f-8a3370b5bf64,synth_cdc40d267677,itin,tabddpm_synthetic,,['en'],EIN,2024-04-30T00:47:00+00:00,100.0,0.0,22,0,0,Monday,0,1,0,EIN,en,Bank account opening,0
98d1a660-a081-43bd-8bc0-3fb013aaf6c1,synth_292c9d3738e0,itin,tabddpm_synthetic,,['en'],EIN,2024-03-24T22:52:00+00:00,100.0,1098.62,40,22,6,Sunday,90,2000,8,EIN,en,Bank account opening,0
51a8986f-2f12-4c89-a6cb-f3e89dd14044,synth_e799ed0336ef,itin,tabddpm_synthetic,,['en'],EIN,2024-10-06T00:12:00+00:00,77037.38,17264.96,55,0,0,Monday,90,1,100,EIN,en,Bank account opening,1
0658160d-ddcb-4d29-86d6-1044ec797ca3,synth_3585a0e946e8,itin,tabddpm_synthetic,,['en'],EIN,2024-08-13T05:29:00+00:00,453.7,225.99,52,5,0,Monday,29,1740,10,EIN,en,Bank account opening,0
11b2e51b-5413-4ef8-8458-870254b94ea2,synth_fa3075c2ffbd,itin,tabddpm_synthetic,,['en'],EIN,2024-04-15T00:29:00+00:00,100000.0,50000.0,22,0,6,Sunday,0,1,100,EIN,en,Bank account opening,0
347711a4-742c-4133-aab5-997c4033341c,synth_16497bb71262,itin,tabddpm_synthetic,,['en'],EIN,2024-04-06T00:54:00+00:00,100000.0,50000.0,22,0,0,Monday,0,1,100,EIN,en,Bank account opening,0
ecd3fb1d-4000-42b7-b897-492b88dd0167,synth_567c9ed895e2,itin,tabddpm_synthetic,,['en'],EIN,2024-06-29T13:26:00+00:00,100.0,252.68,22,13,6,Sunday,72,2000,7,EIN,en,Bank account opening,0
f46b1ec9-b8b4-467f-a091-c68894ab326d,synth_260a4c89cd6a,itin,tabddpm_synthetic,,['en'],EIN,2024-10-12T19:41:00+00:00,100.0,117.9,22,19,6,Sunday,16,2000,9,EIN,en,Bank account opening,0
67e2a2a6-3f90-4ed4-8cc3-855455e35155,synth_ffd614cfa5bb,itin,tabddpm_synthetic,,['en'],EIN,2024-03-10T23:50:00+00:00,100000.0,50000.0,22,23,6,Sunday,90,1,100,EIN,en,Bank account opening,0
2295994f-b106-40ee-8ddc-6527916c4432,synth_7abbbb934e28,itin,tabddpm_synthetic,,['en'],EIN,2024-01-31T00:36:00+00:00,10430.47,0.0,22,0,3,Thursday,0,1,0,EIN,en,Bank account opening,0
55e3fa0c-98de-4ccc-952e-5c93b563b3c0,synth_68c4c90dcf45,itin,tabddpm_synthetic,,['en'],EIN,2024-12-03T23:12:00+00:00,100000.0,20705.43,22,23,6,Sunday,0,1,100,EIN,en,Bank account opening,1
74704c26-3198-4bc3-b692-db1436119675,synth_3272edc25e22,itin,tabddpm_synthetic,,['en'],EIN,2024-12-13T10:22:00+00:00,100.0,0.0,47,10,1,Tuesday,20,1878,8,EIN,en,Bank account opening,0
9825efa6-a2b1-494e-a5c2-a3263b300bc3,synth_89d3d827134b,itin,tabddpm_synthetic,,['en'],EIN,2024-03-25T10:55:00+00:00,7253.68,581.81,22,10,6,Sunday,22,2000,16,EIN,en,Bank account opening,0
db4c0a7e-b064-4653-88d9-9db3284d2bcc,synth_37b18857c1f5,itin,tabddpm_synthetic,,['en'],EIN,2024-03-18T23:11:00+00:00,100000.0,4906.66,22,23,0,Monday,0,1,100,EIN,en,Bank account opening,0
eebb582d-9bad-4ff2-90a8-dd19d13344e2,synth_e86a5d13b628,itin,tabddpm_synthetic,,['en'],EIN,2024-10-13T02:13:00+00:00,100.0,335.76,22,2,6,Sunday,84,2000,0,EIN,en,Bank account opening,0
0d3e3b1c-e2da-41d3-9d7f-d17541ac44f6,synth_815f651c0e8f,itin,tabddpm_synthetic,,['en'],EIN,2024-02-15T17:12:00+00:00,100000.0,14297.1,22,17,6,Sunday,0,1,100,EIN,en,Bank account opening,1
bd1544bb-ef7c-4904-8e22-6097fb62f71f,synth_518b6fd6211f,itin,tabddpm_synthetic,,['es'],EIN,2024-12-18T15:57:00+00:00,100.0,0.0,22,15,6,Sunday,10,2000,10,EIN,es,Bank account opening,0
255e951f-e48c-4b23-be8b-1b82e4e9b40e,synth_f43e5f7e7fda,itin,tabddpm_synthetic,,['en'],EIN,2024-06-30T00:14:00+00:00,100000.0,50000.0,22,0,0,Monday,0,1,100,EIN,en,Bank account opening,0
a4c36884-d871-4e22-95af-f21c1fefcaaf,synth_a89f84346e70,itin,tabddpm_synthetic,,['en'],EIN,2024-06-17T23:13:00+00:00,100000.0,50000.0,22,23,6,Sunday,90,1,100,EIN,en,Bank account opening,0
061c478c-60b5-4438-a7e8-2e6df94086ab,synth_3f1123ceec34,itin,tabddpm_synthetic,,['en'],EIN,2024-05-17T01:38:00+00:00,100.0,269.43,22,1,6,Sunday,26,2000,39,EIN,en,Bank account opening,0
8b1affe7-9127-48cb-8100-a08f50e64de9,synth_81636d89feef,itin,tabddpm_synthetic,,['en'],EIN,2024-07-01T23:34:00+00:00,100.0,8979.82,55,23,0,Monday,90,2000,100,EIN,en,Bank account opening,0
b8069ff8-2157-43ba-9eba-e01e18bb380d,synth_8936de445e38,itin,tabddpm_synthetic,,['en'],EIN,2024-03-27T23:23:00+00:00,38028.96,0.0,22,23,0,Monday,0,1,100,EIN,en,Bank account opening,0
f93a8ed0-2dd9-4771-93bc-a7e583b632d2,synth_e00310b5584a,itin,tabddpm_synthetic,,['en'],EIN,2024-03-09T07:38:00+00:00,10780.19,571.83,55,7,0,Monday,90,1,10,EIN,en,Bank account opening,0
3ffe49c7-8e43-448f-bfd2-728a4fe01ca8,synth_98f9305d256d,itin,tabddpm_synthetic,,['en'],EIN,2024-10-17T00:19:00+00:00,100.0,1079.67,48,0,6,Sunday,0,1,26,EIN,en,Bank account opening,0
31af4619-701d-4909-b805-564350ba9432,synth_3e6dd7ff33ed,itin,tabddpm_synthetic,,['en'],EIN,2024-10-28T23:47:00+00:00,100000.0,9507.05,22,23,6,Sunday,0,1,100,EIN,en,Bank account opening,0
59e01b8e-31c2-4d53-b913-31f0b6663bdb,synth_b03ad97c0e9b,itin,tabddpm_synthetic,,['en'],EIN,2024-10-03T11:27:00+00:00,100.0,623.74,53,11,6,Sunday,90,2000,0,EIN,en,Bank account opening,0
12984a99-412d-44a7-968e-062e1cff7564,synth_fac495f38485,itin,tabddpm_synthetic,,['en'],EIN,2024-10-03T23:37:00+00:00,100000.0,50000.0,22,23,6,Sunday,0,1,100,EIN,en,Bank account opening,1
88ee73bd-cd33-47be-aafc-49f97d17e8c0,synth_adeadc37b3b6,itin,tabddpm_synthetic,,['es'],EIN,2024-08-29T18:58:00+00:00,1500.6,228.26,42,18,4,Friday,6,2000,11,EIN,es,Bank account opening,0
6ca19dbf-8417-45f3-992a-d007071ea0ba,synth_638cc5c93c2d,itin,tabddpm_synthetic,,['en'],EIN,2024-11-06T00:32:00+00:00,100000.0,9016.48,22,0,6,Sunday,0,1,100,EIN,en,Bank account opening,0
b6bfa715-ac98-4ec6-b9ec-c329da5dc60a,synth_61f34f71e726,itin,tabddpm_synthetic,,['en'],EIN,2024-04-20T14:49:00+00:00,17063.1,0.0,22,14,0,Monday,0,1,38,EIN,en,Bank account opening,0
7369eaec-eb36-49ab-8e0f-51fb73d8fae1,synth_9795c05e0f5d,itin,tabddpm_synthetic,,['en'],EIN,2024-10-15T13:23:00+00:00,100.0,0.0,22,13,6,Sunday,90,2000,31,EIN,en,Bank account opening,0
9a2acbf9-5316-439d-a036-0ccfc5be0183,synth_adb8215d1123,itin,tabddpm_synthetic,,['en'],EIN,2024-10-20T23:18:00+00:00,100.0,1294.79,55,23,6,Sunday,90,2000,4,EIN,en,Bank account opening,0
a0cff75b-ca03-42d7-b2f3-df6b357ad587,synth_b3b610cbb99e,itin,tabddpm_synthetic,,['en'],EIN,2024-08-23T18:22:00+00:00,100.0,0.0,22,18,6,Sunday,18,2000,9,EIN,en,Bank account opening,0
2c173bd7-3285-4309-9b52-9f1ba0bf3694,synth_a46389678244,itin,tabddpm_synthetic,,['en'],EIN,2024-09-05T23:53:00+00:00,100000.0,50000.0,22,23,6,Sunday,90,1,100,EIN,en,Bank account opening,1
f7968284-d1fd-4ef0-a39d-64cd1f7fac42,synth_b4c6c0cf04b6,itin,tabddpm_synthetic,,['en'],EIN,2024-01-21T10:48:00+00:00,100.0,0.0,55,10,0,Monday,54,1,12,EIN,en,Bank account opening,0
53c1f639-71fb-4093-84da-efa793d56a65,synth_c3a79e43fb5e,itin,tabddpm_synthetic,,['es'],EIN,2024-04-28T12:24:00+00:00,100.0,318.33,33,12,1,Tuesday,74,2000,8,EIN,es,Bank account opening,0
79e49f72-04b5-4998-aab3-574ccf47939c,synth_0fb8041062ab,itin,tabddpm_synthetic,,['en'],EIN,2024-07-14T00:02:00+00:00,100.0,0.0,55,0,6,Sunday,0,545,34,EIN,en,Bank account opening,0
c2c74e89-d0da-4bea-ad1f-85d333dc7709,synth_bb462c69a443,itin,tabddpm_synthetic,,['en'],EIN,2024-09-16T00:32:00+00:00,6720.25,259.08,22,0,6,Sunday,0,1,54,EIN,en,Bank account opening,0
4d6558bd-0330-4b09-a444-d26749938820,synth_3d49b0b0767f,itin,tabddpm_synthetic,,['en'],EIN,2024-04-27T00:28:00+00:00,100.0,0.0,55,0,6,Sunday,0,2000,0,EIN,en,Bank account opening,0
7eb05f44-2f62-4f81-856f-e3b6de2ae644,synth_7134debfde8b,itin,tabddpm_synthetic,,['en'],EIN,2024-04-21T00:16:00+00:00,100000.0,50000.0,22,0,6,Sunday,90,1,100,EIN,en,Bank account opening,1
95559d77-c976-4188-a1a4-5b296b6ed81f,synth_f0a7fe94e6d9,itin,tabddpm_synthetic,,['en'],EIN,2024-01-01T12:36:00+00:00,1667.17,0.49,22,12,0,Monday,1,822,8,EIN,en,Bank account opening,0
a61fae72-fe47-4dbe-80c9-16c1d3f8d715,synth_ad236210a719,itin,tabddpm_synthetic,,['en'],EIN,2024-09-08T23:17:00+00:00,100.0,6896.1,55,23,0,Monday,90,2000,0,EIN,en,Bank account opening,0
e04442bb-0378-4298-9e84-82629833d55b,synth_87509e49d1a5,itin,tabddpm_synthetic,,['en'],EIN,2024-05-02T00:21:00+00:00,100000.0,50000.0,22,0,0,Monday,0,1,100,EIN,en,Bank account opening,0
8d36980c-fdd1-44c5-b4b7-06c9f15ce371,synth_a574467931f4,itin,tabddpm_synthetic,,['en'],EIN,2024-10-31T23:38:00+00:00,100.0,0.0,22,23,6,Sunday,8,2000,4,EIN,en,Bank account opening,0
1b8f9d88-048b-44aa-8e47-d82bc388cee3,synth_c1f81a2dcf2e,itin,tabddpm_synthetic,,['en'],ITIN,2024-09-17T13:20:00+00:00,4533.09,372.62,44,13,5,Saturday,12,2000,2,ITIN,en,Bank account opening,0
e4881a61-f819-4261-9dad-30ff6730268a,synth_00efa05a3a75,itin,tabddpm_synthetic,,['en'],EIN,2024-12-15T13:46:00+00:00,100.0,0.0,22,13,6,Sunday,16,2000,7,EIN,en,Bank account opening,0
66442c13-12a1-4bf2-845f-f4109b2c73a4,synth_23e8e2d2746e,itin,tabddpm_synthetic,,['en'],EIN,2024-03-28T08:18:00+00:00,100.0,347.94,55,8,0,Monday,90,2000,3,EIN,en,Bank account opening,0
6120f29e-94c2-49aa-b364-8b836199500e,synth_e5de67ac5aea,itin,tabddpm_synthetic,,['en'],EIN,2024-04-05T23:09:00+00:00,100000.0,6666.18,22,23,0,Monday,15,1,57,EIN,en,Bank account opening,0
13029f03-96d7-4004-b6fe-04d0cfb4fd4b,synth_2372e4e2831c,itin,tabddpm_synthetic,,['en'],EIN,2024-10-09T23:31:00+00:00,100.0,11632.65,55,23,0,Monday,90,2000,100,EIN,en,Bank account opening,0
367d7d49-a274-44e0-87ab-9b50948df65b,synth_5530c5a3909c,itin,tabddpm_synthetic,,['en'],EIN,2024-10-21T00:55:00+00:00,100000.0,0.0,22,0,0,Monday,0,1,49,EIN,en,Bank account opening,1
1c2f6ebe-2e1a-4d4e-bd23-5756e6a7cb9a,synth_81ecfe4346f0,itin,tabddpm_synthetic,,['en'],EIN,2024-09-17T00:50:00+00:00,100.0,0.0,22,0,2,Wednesday,0,1568,0,EIN,en,Bank account opening,0
69885f69-232c-482e-9ec7-d0ae87f4f0aa,synth_0ffe772880ff,itin,tabddpm_synthetic,,['en'],EIN,2024-05-06T23:08:00+00:00,100000.0,50000.0,22,23,6,Sunday,0,1,100,EIN,en,Bank account opening,0
6f338daa-10fb-496a-8251-8dd582a1c7be,synth_fe8f3b6b6ec5,itin,tabddpm_synthetic,,['en'],EIN,2024-01-20T23:08:00+00:00,100.0,0.0,22,23,6,Sunday,15,2000,3,EIN,en,Bank account opening,0
c0a0c974-16c4-40c1-98b8-3eed912bf8bd,synth_e775e3c7c4ae,itin,tabddpm_synthetic,,['en'],EIN,2024-04-03T23:05:00+00:00,100000.0,50000.0,22,23,6,Sunday,0,1,100,EIN,en,Bank account opening,1
9c7ffdfa-1335-4cb1-a215-dcdd20c9e372,synth_5f6cbab99717,itin,tabddpm_synthetic,,['en'],EIN,2024-07-06T00:48:00+00:00,100000.0,50000.0,22,0,0,Monday,0,1,100,EIN,en,Bank account opening,0
837a689a-8d12-4de3-a5b1-2b82cff8846d,synth_c1b5958f3b95,itin,tabddpm_synthetic,,['en'],EIN,2024-01-13T10:33:00+00:00,43314.21,1985.67,22,10,0,Monday,31,1,84,EIN,en,Bank account opening,0
b56bd55f-52e9-4bdc-8fb3-0966adace8c0,synth_fd34ae487fff,itin,tabddpm_synthetic,,['en'],EIN,2024-10-12T00:25:00+00:00,1171.53,0.0,55,0,6,Sunday,0,463,0,EIN,en,Bank account opening,0
2310dfe0-f2a8-462b-b449-a54b798d9085,synth_1a581fdb1ab8,itin,tabddpm_synthetic,,['en'],EIN,2024-03-01T23:22:00+00:00,100000.0,50000.0,22,23,6,Sunday,0,1,100,EIN,en,Bank account opening,1
df0607a7-f732-4c3f-9b55-d965e76d92a8,synth_4c63c344efdb,itin,tabddpm_synthetic,,['en'],EIN,2024-08-23T07:13:00+00:00,6720.54,233.77,55,7,1,Tuesday,4,2000,6,EIN,en,Bank account opening,0
ee03f32a-56c7-4d33-83e9-312efe51fbe9,synth_c5f690b69213,itin,tabddpm_synthetic,,['en'],EIN,2024-08-04T00:21:00+00:00,100.0,0.0,22,0,0,Monday,0,2000,3,EIN,en,Bank account opening,0
bbcf0a1f-0a98-4944-9c56-470e3eb42f9b,synth_13c159ee7ad8,itin,tabddpm_synthetic,,['en'],EIN,2024-01-23T00:52:00+00:00,100.0,0.0,22,0,0,Monday,0,1737,1,EIN,en,Bank account opening,0
b116062d-bfa1-40ac-97da-63cb88b20c8d,synth_560442fa126c,itin,tabddpm_synthetic,,['en'],EIN,2024-01-19T19:27:00+00:00,1510.72,87.22,55,19,6,Sunday,0,1072,17,EIN,en,Bank account opening,0
e20ffe09-645e-4cd3-a3d7-02cd9f690b74,synth_449c7f987eb3,itin,tabddpm_synthetic,,['en'],EIN,2024-11-21T23:26:00+00:00,100000.0,50000.0,22,23,6,Sunday,90,1,100,EIN,en,Bank account opening,1
44420968-a2bd-419c-af52-b15e31164461,synth_1168e73e6889,itin,tabddpm_synthetic,,['en'],EIN,2024-02-26T00:03:00+00:00,100000.0,50000.0,22,0,6,Sunday,90,1,100,EIN,en,Bank account opening,1
811c9f3d-8321-4700-b04d-1c31e9eb2ac5,synth_ce23668204a7,itin,tabddpm_synthetic,,['en'],EIN,2024-01-11T23:53:00+00:00,100000.0,50000.0,22,23,6,Sunday,0,1,100,EIN,en,Bank account opening,1
0dbad204-3d9c-4129-a2c2-70028c742f83,synth_ec2142b20c61,itin,tabddpm_synthetic,,['en'],EIN,2024-08-07T23:27:00+00:00,100.0,1420.08,55,23,1,Tuesday,90,2000,0,EIN,en,Bank account opening,0
19c3ed2b-5df6-437b-a908-fb7c63ec2d0a,synth_792b57bf5ebd,itin,tabddpm_synthetic,,['en'],EIN,2024-03-07T23:48:00+00:00,100.0,1948.65,55,23,0,Monday,90,2000,16,EIN,en,Bank account opening,0
3ed67c9c-bed0-442f-9bab-f3abb1c5c745,synth_011b03d634d9,itin,tabddpm_synthetic,,['es'],EIN,2024-02-27T00:20:00+00:00,100.0,0.0,22,0,6,Sunday,0,317,32,EIN,es,Bank account opening,0
3b2e092a-679c-4f20-bbc0-1ccb247c8804,synth_6086580236e7,itin,tabddpm_synthetic,,['en'],EIN,2024-03-03T00:47:00+00:00,100000.0,6552.57,22,0,6,Sunday,0,1,100,EIN,en,Bank account opening,0
d25a4150-b62b-496e-9c63-e113c64a1a45,synth_f18073471a5f,itin,tabddpm_synthetic,,['en'],EIN,2024-09-20T00:23:00+00:00,100.0,51.98,22,0,4,Friday,1,1,8,EIN,en,Bank account opening,0
049be266-5c1f-435f-91f5-e11fa66b6721,synth_1f0a2182a0e8,itin,tabddpm_synthetic,,['en'],EIN,2024-08-11T00:16:00+00:00,100000.0,50000.0,22,0,6,Sunday,0,1,100,EIN,en,Bank account opening,0
d62310aa-690a-42d3-a26d-a11462961b4a,synth_37c372846f1f,itin,tabddpm_synthetic,,['en'],EIN,2024-01-24T00:42:00+00:00,100000.0,50000.0,22,0,6,Sunday,0,1,100,EIN,en,Bank account opening,0
79e8a276-dd63-45dc-9db8-7610bb14377c,synth_682653b08bc6,itin,tabddpm_synthetic,,['en'],EIN,2024-05-16T13:05:00+00:00,100.0,136.25,22,13,3,Thursday,31,2000,9,EIN,en,Bank account opening,0
dce491f1-13dc-40ca-aa1e-3f88245b1626,synth_8d2fd0c031b6,itin,tabddpm_synthetic,,['en'],EIN,2024-06-19T10:35:00+00:00,100.0,0.0,22,10,3,Thursday,3,2000,10,EIN,en,Bank account opening,0
0bbd538e-4c4d-4c59-8b27-2604628b9292,synth_81555ece7924,itin,tabddpm_synthetic,,['en'],EIN,2024-10-22T18:33:00+00:00,100.0,0.0,22,18,6,Sunday,30,2000,11,EIN,en,Bank account opening,0
f9a3ce61-eecc-4295-9608-f0b70a4b2f41,synth_eb4a671db911,itin,tabddpm_synthetic,,['en'],EIN,2024-04-14T23:41:00+00:00,100000.0,50000.0,22,23,6,Sunday,0,1,100,EIN,en,Bank account opening,1
1d2c9cb5-2df1-4d4b-808b-6b8440e84fce,synth_c5aee64119b1,itin,tabddpm_synthetic,,['en'],EIN,2024-01-17T23:50:00+00:00,100.0,0.0,22,23,6,Sunday,12,2000,10,EIN,en,Bank account opening,0
b510b81b-6663-4ce8-9bc8-200a569f36ce,synth_43ef78974b2c,itin,tabddpm_synthetic,,['en'],EIN,2024-06-14T11:46:00+00:00,24251.05,1015.6,22,11,6,Sunday,0,1,82,EIN,en,Bank account opening,0
9b28d194-035b-4ffb-941e-a1409380c3e7,synth_5fd8ddb191ff,itin,tabddpm_synthetic,,['en'],EIN,2024-11-20T00:54:00+00:00,100.0,226.63,55,0,6,Sunday,0,1,28,EIN,en,Bank account opening,0
4bad4f05-ad81-455d-8a0c-4e52894d1d18,synth_17e952e3a151,itin,tabddpm_synthetic,,['en'],EIN,2024-06-30T00:05:00+00:00,20165.82,471.9,55,0,0,Monday,59,697,36,EIN,en,Bank account opening,0
79389cdb-3a07-4712-bc79-142b2eab2828,synth_74e5c4627719,itin,tabddpm_synthetic,,['en'],EIN,2024-04-24T14:49:00+00:00,100.0,0.0,22,14,6,Sunday,11,2000,4,EIN,en,Bank account opening,0
6d4fa061-ad90-414e-a6a6-8882e51be86c,synth_5abd0587f224,itin,tabddpm_synthetic,,['es'],EIN,2024-11-23T14:20:00+00:00,100.0,47.83,22,14,6,Sunday,10,2000,8,EIN,es,Bank account opening,0
24597cdf-3b60-4172-8d88-c8c0fc68780b,synth_fc748d55c8cc,itin,tabddpm_synthetic,,['en'],EIN,2024-09-12T23:00:00+00:00,100.0,5662.48,55,23,0,Monday,90,2000,0,EIN,en,Bank account opening,0
3039ae00-8da1-4c39-862c-6e2562403324,synth_4e6b726b7025,itin,tabddpm_synthetic,,['en'],EIN,2024-11-21T00:48:00+00:00,100.0,0.0,22,0,0,Monday,0,939,5,EIN,en,Bank account opening,0
2b0ca5b8-c057-4475-bfad-fea59173f999,synth_34f33840187c,itin,tabddpm_synthetic,,['en'],EIN,2024-04-22T13:26:00+00:00,100.0,2127.57,55,13,0,Monday,90,1,36,EIN,en,Bank account opening,0
e9f15120-6535-4b94-ac5d-b0faf9b5c7a6,synth_448b3813c667,itin,tabddpm_synthetic,,['en'],EIN,2024-02-01T23:56:00+00:00,100000.0,50000.0,22,23,6,Sunday,0,1,100,EIN,en,Bank account opening,1
0babcd59-8723-4c69-b3d2-5951f62a4b4b,synth_ea748a2567f2,itin,tabddpm_synthetic,,['en'],EIN,2024-05-18T00:54:00+00:00,100.0,0.0,55,0,6,Sunday,0,457,15,EIN,en,Bank account opening,0
e4fc6fea-5b19-4abc-84d2-a810756f8946,synth_40491646915f,itin,tabddpm_synthetic,,['en'],EIN,2024-10-09T00:13:00+00:00,100000.0,3566.52,22,0,6,Sunday,0,1,100,EIN,en,Bank account opening,0
01909a5a-c449-4391-bfc2-ec3a44c47641,synth_5ba6a5687fc5,itin,tabddpm_synthetic,,['en'],EIN,2024-03-14T20:37:00+00:00,100.0,0.0,22,20,6,Sunday,12,2000,5,EIN,en,Bank account opening,0
7e333c9b-decc-44b0-b1f8-be68ccf2f10a,synth_3dfb8dad569d,itin,tabddpm_synthetic,,['en'],EIN,2024-04-10T00:33:00+00:00,100000.0,50000.0,22,0,0,Monday,0,1,100,EIN,en,Bank account opening,0
8bba2a5f-ad13-4cd2-93f0-ba6904cf454d,synth_aac851515757,itin,tabddpm_synthetic,,['en'],EIN,2024-08-26T23:50:00+00:00,100.0,6388.65,55,23,0,Monday,90,2000,0,EIN,en,Bank account opening,0
bc7b1060-5c48-4401-854c-e5735f71f61a,synth_297cc7ef1e20,itin,tabddpm_synthetic,,['en'],EIN,2024-12-24T23:16:00+00:00,100000.0,50000.0,22,23,6,Sunday,0,1,100,EIN,en,Bank account opening,0
96735e38-8141-46b8-b327-dd48d1b79ced,synth_8a2990f65586,itin,tabddpm_synthetic,,['en'],EIN,2024-07-19T23:53:00+00:00,100.0,0.0,22,23,6,Sunday,8,2000,5,EIN,en,Bank account opening,0
66cf5a90-7bda-440e-8126-30ca30a4a272,synth_c02ad167ec09,itin,tabddpm_synthetic,,['en'],EIN,2024-05-16T00:00:00+00:00,100000.0,50000.0,22,0,6,Sunday,0,1,100,EIN,en,Bank account opening,0
ec94c9c0-56c5-4341-a6f9-e27feced4487,synth_8f80160db32d,itin,tabddpm_synthetic,,['en'],EIN,2024-05-02T00:14:00+00:00,79807.31,2712.04,22,0,4,Friday,0,1,99,EIN,en,Bank account opening,0
d514895c-de09-4e8b-a938-d7743d7e53e8,synth_e5a63395dfb3,itin,tabddpm_synthetic,,['en'],EIN,2024-03-11T04:36:00+00:00,100.0,70.42,22,4,6,Sunday,59,2000,7,EIN,en,Bank account opening,0
9b2aee88-114e-46f5-bcc7-4245b4d8b222,synth_86dd4ec72aa9,itin,tabddpm_synthetic,,['en'],EIN,2024-03-08T00:34:00+00:00,100.0,1134.91,22,0,6,Sunday,29,2000,77,EIN,en,Bank account opening,0
e46503b4-f7d7-4325-b8bd-9e2e41a8f26b,synth_15d70560c346,itin,tabddpm_synthetic,,['en'],EIN,2024-10-06T23:08:00+00:00,100000.0,50000.0,22,23,6,Sunday,0,1,100,EIN,en,Bank account opening,1
1e1467cc-d8e4-432b-87ee-5ca9fe40f760,synth_6d4cbb699192,itin,tabddpm_synthetic,,['en'],EIN,2024-05-25T23:29:00+00:00,100000.0,50000.0,22,23,6,Sunday,0,1,100,EIN,en,Bank account opening,0
35d1b826-fa10-4b52-b18e-26c61c7cb402,synth_aba91ab881ba,itin,tabddpm_synthetic,,['en'],EIN,2024-08-27T00:19:00+00:00,11106.01,670.48,22,0,6,Sunday,0,1,64,EIN,en,Bank account opening,0
4ad683b0-5544-45e3-aef8-f728edf1e564,synth_c3c3ca4f294b,itin,tabddpm_synthetic,,['en'],EIN,2024-03-01T23:51:00+00:00,100.0,0.0,22,23,6,Sunday,2,1906,8,EIN,en,Bank account opening,0
915645c8-f295-45df-a391-db739d39bd47,synth_82aba490738e,itin,tabddpm_synthetic,,['en'],EIN,2024-11-03T21:40:00+00:00,100.0,277.57,22,21,6,Sunday,8,2000,14,EIN,en,Bank account opening,0
be8daec2-4787-4c6e-9394-1f244a2c5be1,synth_9c91783183dc,itin,tabddpm_synthetic,,['es'],EIN,2024-12-21T07:28:00+00:00,100.0,115.16,23,7,6,Sunday,29,2000,6,EIN,es,Bank account opening,0
eb8a7e42-64cd-4cb7-8c80-27f01cf53c87,synth_5b085610574b,itin,tabddpm_synthetic,,['en'],EIN,2024-04-14T00:46:00+00:00,100000.0,50000.0,22,0,6,Sunday,90,1,100,EIN,en,Bank account opening,1
2c27f8c6-c0fa-460f-96e2-264a84bc31e7,synth_68df01abced7,itin,tabddpm_synthetic,,['en'],EIN,2024-02-07T00:14:00+00:00,100.0,0.0,22,0,5,Saturday,0,1761,0,EIN,en,Bank account opening,0
085e425e-0984-4f16-94c1-e79fccaee8e8,synth_9bd31201727c,itin,tabddpm_synthetic,,['en'],EIN,2024-02-13T13:45:00+00:00,100.0,26.61,22,13,4,Friday,16,2000,5,EIN,en,Bank account opening,0
6cef7d70-3dbd-49db-9567-8434cb3644c8,synth_041344775f70,itin,tabddpm_synthetic,,['en'],EIN,2024-10-30T03:46:00+00:00,100.0,2067.72,55,3,0,Monday,90,1,12,EIN,en,Bank account opening,0
c3b895e3-07eb-4923-a33c-0604ccdc60d0,synth_f5c2af5b61db,itin,tabddpm_synthetic,,['en'],EIN,2024-04-17T00:15:00+00:00,100.0,0.0,22,0,0,Monday,0,2000,0,EIN,en,Bank account opening,0
cf5bec8d-4da1-4a5e-9f5c-f6ba783f92c5,synth_98faa81e5411,itin,tabddpm_synthetic,,['en'],EIN,2024-07-11T14:24:00+00:00,100.0,8.93,22,14,6,Sunday,37,2000,6,EIN,en,Bank account opening,0
f63a8b7b-8e58-4c9d-a105-d5b70b1d88c4,synth_1b6d62e9835e,itin,tabddpm_synthetic,,['en'],EIN,2024-02-17T23:52:00+00:00,100.0,9907.3,55,23,0,Monday,90,2000,0,EIN,en,Bank account opening,0
d16d7e10-f1d1-4aaf-8217-9996800e4d61,synth_d2bc6e7c1482,itin,tabddpm_synthetic,,['en'],EIN,2024-01-15T00:19:00+00:00,100000.0,12792.52,22,0,6,Sunday,0,1,100,EIN,en,Bank account opening,1
aa76a020-271a-4a4c-826d-9db3f599cacf,synth_a02269d0f09f,itin,tabddpm_synthetic,,['en'],EIN,2024-03-01T23:11:00+00:00,100000.0,50000.0,22,23,6,Sunday,90,1,100,EIN,en,Bank account opening,0
e10291dc-65a2-4aab-b1c2-c9d6b58e758e,synth_e80b0c03ba33,itin,tabddpm_synthetic,,['en'],EIN,2024-07-22T07:48:00+00:00,100.0,493.7,22,7,6,Sunday,10,2000,21,EIN,en,Bank account opening,0
456b068f-4f8d-4d7d-8ea9-5c1481859ca0,synth_566d960b8f02,itin,tabddpm_synthetic,,['en'],EIN,2024-11-06T00:52:00+00:00,100.0,0.0,22,0,1,Tuesday,0,2000,0,EIN,en,Bank account opening,0
0d80ef7d-6584-4ada-80de-dec2924b05ea,synth_3f48f4f42571,itin,tabddpm_synthetic,,['en'],EIN,2024-09-20T07:01:00+00:00,100.0,129.41,22,7,6,Sunday,10,1209,14,EIN,en,Bank account opening,0
029c8e1c-b32b-4586-9bed-eb860b857899,synth_2ac27a93a679,itin,tabddpm_synthetic,,['en'],EIN,2024-07-16T00:57:00+00:00,100000.0,50000.0,22,0,0,Monday,0,1,100,EIN,en,Bank account opening,0
689c862f-bcc7-4325-abd8-5db7e7b0b95c,synth_dbd4eca95e68,itin,tabddpm_synthetic,,['en'],EIN,2024-04-28T23:52:00+00:00,23619.76,0.0,22,23,0,Monday,0,1,99,EIN,en,Bank account opening,0
9852fe91-474f-42f9-94bc-afed958d5212,synth_ed00e44abb7c,itin,tabddpm_synthetic,,['en'],EIN,2024-11-28T01:08:00+00:00,4045.82,489.07,33,1,6,Sunday,0,1,70,EIN,en,Bank account opening,0
d6b18db5-aa1f-4a76-a030-e82dcccc6f78,synth_7a54e8022201,itin,tabddpm_synthetic,,['en'],EIN,2024-06-15T06:16:00+00:00,100.0,147.14,23,6,3,Thursday,1,1314,3,EIN,en,Bank account opening,0
e03ef5b0-1e35-4e95-9f7b-3947081b9a8d,synth_dc02cc451154,itin,tabddpm_synthetic,,['en'],EIN,2024-09-30T22:29:00+00:00,100.0,0.0,22,22,6,Sunday,22,2000,12,EIN,en,Bank account opening,0
f8eceed4-fa1a-4300-b1ce-2cbdc22ca8e2,synth_72666e035ee4,itin,tabddpm_synthetic,,['en'],EIN,2024-10-11T00:33:00+00:00,3016.05,0.0,22,0,6,Sunday,0,1,59,EIN,en,Bank account opening,0
f1a23fc5-00d1-4730-92fc-427103d7140d,synth_ff955a4037bc,itin,tabddpm_synthetic,,['en'],EIN,2024-07-13T23:10:00+00:00,100.0,15233.94,55,23,0,Monday,90,2000,0,EIN,en,Bank account opening,0
a1fabb71-e0d4-42fb-9266-fb38e8dab3dc,synth_441faff7853d,itin,tabddpm_synthetic,,['en'],EIN,2024-11-29T00:05:00+00:00,100.0,326.96,22,0,6,Sunday,18,2000,50,EIN,en,Bank account opening,0
16ff5980-fc22-48d0-b129-583da7d4de63,synth_97cb2219a2ab,itin,tabddpm_synthetic,,['en'],EIN,2024-01-10T00:54:00+00:00,100.0,5090.09,55,0,0,Monday,90,1,46,EIN,en,Bank account opening,0
c5fc153e-cf4e-4596-8cce-293de3aeee7b,synth_673b7641ef0b,itin,tabddpm_synthetic,,['en'],EIN,2024-02-02T00:59:00+00:00,100.0,0.0,25,0,0,Monday,0,2000,0,EIN,en,Bank account opening,0
f7788eb4-d3d3-4a0c-a27f-21b2b74c9f97,synth_d9b1b0f5cf77,itin,tabddpm_synthetic,,['es'],EIN,2024-04-29T13:51:00+00:00,4233.87,0.0,29,13,0,Monday,0,1,7,EIN,es,Bank account opening,0
c3719330-7be7-4b85-a0c9-278470ae54a3,synth_287e10f2ce1b,itin,tabddpm_synthetic,,['en'],EIN,2024-01-23T00:40:00+00:00,100000.0,12270.62,22,0,0,Monday,0,1,100,EIN,en,Bank account opening,0
54a3fa8b-6af2-4d63-8a05-e3c82c15bbc0,synth_82229b4a22ab,itin,tabddpm_synthetic,,['en'],EIN,2024-11-29T09:16:00+00:00,100.0,400.65,22,9,6,Sunday,12,1298,0,EIN,en,Bank account opening,0
3305da8e-4678-4395-940e-37699669e971,synth_c4fb00a394b1,itin,tabddpm_synthetic,,['en'],EIN,2024-04-20T23:04:00+00:00,100.0,0.0,22,23,6,Sunday,42,2000,19,EIN,en,Bank account opening,0
1c9db1c7-da99-4dbd-adfb-5e1e5e74082e,synth_7f0358870a32,itin,tabddpm_synthetic,,['en'],EIN,2024-10-11T23:50:00+00:00,8609.54,18.4,22,23,2,Wednesday,0,1,46,EIN,en,Bank account opening,0
05afc3a1-a409-43ba-9f21-93d441008349,synth_6eda8495ac66,itin,tabddpm_synthetic,,['es'],EIN,2024-02-04T13:33:00+00:00,100.0,171.13,22,13,6,Sunday,21,2000,4,EIN,es,Bank account opening,0
6d3acbd4-b037-4b67-9b79-0017018665c5,synth_ae34d167a7f5,itin,tabddpm_synthetic,,['en'],EIN,2024-07-08T05:51:00+00:00,100.0,616.4,22,5,6,Sunday,11,2000,21,EIN,en,Bank account opening,0
f9a72c7d-590f-4a6a-9720-9ef6de5766b6,synth_7013001d4af1,itin,tabddpm_synthetic,,['en'],EIN,2024-03-22T00:51:00+00:00,100000.0,13140.23,22,0,6,Sunday,0,1,100,EIN,en,Bank account opening,0
f61eb2b8-bc83-4006-a497-68565ad880e8,synth_5670c07a122f,itin,tabddpm_synthetic,,['en'],EIN,2024-11-18T00:52:00+00:00,1799.6,0.0,55,0,6,Sunday,0,1,0,EIN,en,Bank account opening,0
9200fb96-31e2-48ea-afe4-d826504c1f02,synth_f9ca2da7f3b7,itin,tabddpm_synthetic,,['en'],EIN,2024-09-01T23:36:00+00:00,100000.0,11970.3,22,23,6,Sunday,0,1,100,EIN,en,Bank account opening,0
9a1f7e0d-be60-4983-84dd-d0e1f9905422,synth_a6253dc91648,itin,tabddpm_synthetic,,['en'],EIN,2024-03-19T23:56:00+00:00,100.0,1151.8,55,23,0,Monday,90,2000,0,EIN,en,Bank account opening,0
cb2c1d4a-1547-4571-9b63-95ddaf13f580,synth_c0650055fce2,itin,tabddpm_synthetic,,['en'],EIN,2024-11-12T00:00:00+00:00,100000.0,50000.0,22,0,6,Sunday,90,1,100,EIN,en,Bank account opening,0
cebc5644-8f89-415c-90fb-0bc21e2bfc5e,synth_19af413a36a1,itin,tabddpm_synthetic,,['en'],EIN,2024-06-02T23:57:00+00:00,39360.47,267.11,22,23,0,Monday,0,1,100,EIN,en,Bank account opening,0
d101be66-bf88-4a49-a65d-34eec5a85f68,synth_5d38359e69c5,itin,tabddpm_synthetic,,['en'],EIN,2024-07-15T00:53:00+00:00,100000.0,50000.0,22,0,6,Sunday,0,1,100,EIN,en,Bank account opening,0
d387e774-34f5-4d73-9445-876b011ee6d5,synth_bf2f6ccbef48,itin,tabddpm_synthetic,,['en'],EIN,2024-03-16T11:42:00+00:00,100.0,183.72,55,11,0,Monday,90,2000,11,EIN,en,Bank account opening,0
7bf4b79d-4ef6-4df8-ab69-1c5bbed947ea,synth_5da545e3abca,itin,tabddpm_synthetic,,['en'],EIN,2024-06-26T23:01:00+00:00,100.0,6088.46,55,23,0,Monday,90,2000,0,EIN,en,Bank account opening,0
e07156b5-bd01-4217-b580-9f47f83b32ee,synth_3d040bfcbcb9,itin,tabddpm_synthetic,,['en'],EIN,2024-11-18T00:59:00+00:00,100000.0,50000.0,22,0,0,Monday,90,1,0,EIN,en,Bank account opening,0
2c405504-7499-4e91-90c9-93e573a8f330,synth_04e02729b9e6,itin,tabddpm_synthetic,,['en'],EIN,2024-02-14T20:14:00+00:00,100.0,0.0,22,20,6,Sunday,20,2000,8,EIN,en,Bank account opening,0
151f5639-6aa3-4604-b7f0-1df9cf46ded6,synth_f38aa58deea1,itin,tabddpm_synthetic,,['en'],EIN,2024-12-18T23:07:00+00:00,100000.0,50000.0,22,23,6,Sunday,0,1,100,EIN,en,Bank account opening,1
c756fcc5-d6bf-438a-a78c-8787f769eab1,synth_6d188365b9f7,itin,tabddpm_synthetic,,['en'],EIN,2024-02-09T15:19:00+00:00,100.0,0.0,22,15,6,Sunday,47,2000,12,EIN,en,Bank account opening,0
3cc2f160-437a-4631-adfe-325651d0500e,synth_3132b6af0b46,itin,tabddpm_synthetic,,['en'],EIN,2024-01-01T23:56:00+00:00,100000.0,50000.0,22,23,6,Sunday,0,1,100,EIN,en,Bank account opening,1
4de5a42b-db19-44fc-8bc6-37fb9bbc46ab,synth_afc03b9e6aa0,itin,tabddpm_synthetic,,['en'],EIN,2024-08-27T21:38:00+00:00,100.0,1155.1,55,21,0,Monday,90,2000,0,EIN,en,Bank account opening,0
a83299da-725e-40ff-8185-8df95dc2c403,synth_24d7d63fe028,itin,tabddpm_synthetic,,['en'],EIN,2024-10-23T23:34:00+00:00,100.0,19322.52,55,23,0,Monday,90,2000,0,EIN,en,Bank account opening,0
c62d9d14-7b1d-41c5-a843-9f18c3114998,synth_69f8dac7a89d,itin,tabddpm_synthetic,,['en'],EIN,2024-08-30T00:27:00+00:00,100000.0,50000.0,22,0,6,Sunday,0,1,100,EIN,en,Bank account opening,0
c087b176-9e06-4252-990a-768d9900d73f,synth_f71fd1a7f4aa,itin,tabddpm_synthetic,,['en'],EIN,2024-07-01T23:38:00+00:00,100.0,3756.24,55,23,0,Monday,90,2000,0,EIN,en,Bank account opening,0
129da57b-1df5-4948-8b55-ab53114251d5,synth_0d185a0dfc0c,itin,tabddpm_synthetic,,['en'],EIN,2024-11-19T23:45:00+00:00,100.0,3388.05,55,23,0,Monday,90,2000,0,EIN,en,Bank account opening,0
8ec16460-09eb-44ba-9750-4f51f113379f,synth_bf073001e965,itin,tabddpm_synthetic,,['en'],EIN,2024-01-05T23:29:00+00:00,100000.0,50000.0,22,23,6,Sunday,90,1,100,EIN,en,Bank account opening,1
4e5b73d4-33b8-41d9-99c3-7022e89fe05c,synth_d4c865299ae0,itin,tabddpm_synthetic,,['en'],EIN,2024-12-01T23:15:00+00:00,100.0,5987.92,55,23,0,Monday,90,2000,0,EIN,en,Bank account opening,0
acdf480d-e4e5-4f4d-9b65-28e902df208f,synth_2d1c06fd886a,itin,tabddpm_synthetic,,['en'],EIN,2024-10-25T00:52:00+00:00,100.0,0.0,22,0,3,Thursday,0,1,2,EIN,en,Bank account opening,0
3f08454d-8dea-479a-9a46-c4f62b647319,synth_cd641a7d42d1,itin,tabddpm_synthetic,,['en'],EIN,2024-12-20T23:20:00+00:00,100.0,20482.6,55,23,0,Monday,90,2000,0,EIN,en,Bank account opening,1
20ae29a6-055d-4df4-ad93-deccf76da09d,synth_bfa495899519,itin,tabddpm_synthetic,,['en'],ITIN,2024-09-24T00:56:00+00:00,100.0,0.0,31,0,1,Tuesday,0,2000,8,ITIN,en,Bank account opening,0
6744212b-3aaa-47a0-93ac-cd865d03161a,synth_db6ea677373d,itin,tabddpm_synthetic,,['en'],EIN,2024-08-28T00:26:00+00:00,100000.0,5831.14,22,0,0,Monday,0,1,100,EIN,en,Bank account opening,0
8b0e6627-af4f-4603-85fa-b846aef373de,synth_c97fc136acdf,itin,tabddpm_synthetic,,['en'],EIN,2024-08-26T00:38:00+00:00,100000.0,50000.0,22,0,0,Monday,90,1,100,EIN,en,Bank account opening,0
373c2895-74ca-4394-9496-e43f6e28042a,synth_ec7e2898d3ac,itin,tabddpm_synthetic,,['en'],EIN,2024-07-31T00:14:00+00:00,100000.0,50000.0,22,0,6,Sunday,0,1,100,EIN,en,Bank account opening,0
928dabb1-5c41-413b-aa22-28ae113eaa1e,synth_ff427c0aea9a,itin,tabddpm_synthetic,,['en'],ITIN,2024-11-27T06:20:00+00:00,2094.81,394.83,22,6,6,Sunday,9,1147,0,ITIN,en,Bank account opening,0
372d48ec-d3d0-4c61-ab44-b0ea0456bda1,synth_7dddeb234e67,itin,tabddpm_synthetic,,['en'],EIN,2024-10-20T06:33:00+00:00,100.0,2174.09,55,6,0,Monday,90,1,0,EIN,en,Bank account opening,0
11f626a8-0c6f-4b94-b5c1-eee9ffdda6fb,synth_47ca2f06ee7a,itin,tabddpm_synthetic,,['es'],EIN,2024-01-02T22:38:00+00:00,100.0,0.0,38,22,6,Sunday,12,2000,23,EIN,es,Bank account opening,0
8b643148-ddac-4f42-a151-6cec5b15cb12,synth_59e26a758208,itin,tabddpm_synthetic,,['en'],EIN,2024-06-21T00:34:00+00:00,100000.0,50000.0,22,0,0,Monday,0,1,100,EIN,en,Bank account opening,0
44a66446-3547-423a-9dc3-c9f296a91412,synth_c529ddabf5c8,itin,tabddpm_synthetic,,['en'],EIN,2024-02-04T00:13:00+00:00,100000.0,50000.0,22,0,0,Monday,0,1,100,EIN,en,Bank account opening,0
3cac9993-3ff6-40b0-8f1b-f14456af109e,synth_e863b62648a5,itin,tabddpm_synthetic,,['en'],EIN,2024-09-07T04:42:00+00:00,100.0,79.92,22,4,6,Sunday,88,2000,6,EIN,en,Bank account opening,0
a694a998-2850-4979-979f-5ef209e78ec0,synth_d7f571bdcc41,itin,tabddpm_synthetic,,['en'],EIN,2024-12-25T23:13:00+00:00,100000.0,50000.0,22,23,6,Sunday,90,1,100,EIN,en,Bank account opening,0
9268baba-83d8-48bf-9f8d-741c0e41cc2a,synth_617dc66d2acc,itin,tabddpm_synthetic,,['en'],EIN,2024-05-16T00:23:00+00:00,100000.0,50000.0,22,0,6,Sunday,0,1,100,EIN,en,Bank account opening,0
623a910f-a2e5-448b-b2d1-06cf40252bf3,synth_0eb3ea550e9f,itin,tabddpm_synthetic,,['en'],EIN,2024-12-29T23:32:00+00:00,100000.0,50000.0,22,23,6,Sunday,0,1,100,EIN,en,Bank account opening,1
2e22306b-2bb3-45c2-98cd-04c37e257137,synth_72e176b4a328,itin,tabddpm_synthetic,,['en'],EIN,2024-05-05T00:30:00+00:00,16694.57,893.63,22,0,0,Monday,90,1,67,EIN,en,Bank account opening,0
4d173512-454c-4e8f-83e9-bf34bd40c611,synth_3fd77ac2ab76,itin,tabddpm_synthetic,,['en'],EIN,2024-12-13T22:28:00+00:00,100.0,0.0,22,22,6,Sunday,3,2000,11,EIN,en,Bank account opening,0
47ef5324-4abd-4af9-b2b2-72663d6e9841,synth_d3d4d0af29ad,itin,tabddpm_synthetic,,['en'],EIN,2024-11-23T00:50:00+00:00,9973.38,679.96,23,0,2,Wednesday,0,624,28,EIN,en,Bank account opening,0
d9ba3afd-b7ce-4352-9b82-2290ec3c8d6a,synth_d10784d0e30b,itin,tabddpm_synthetic,,['en'],EIN,2024-07-12T00:21:00+00:00,9893.98,1101.26,55,0,0,Monday,90,1,100,EIN,en,Bank account opening,0
0ba1a152-7893-4176-b12d-fe2977610954,synth_733b650d3542,itin,tabddpm_synthetic,,['en'],EIN,2024-07-19T00:50:00+00:00,16672.33,0.0,22,0,0,Monday,0,1,2,EIN,en,Bank account opening,1
b85b90cd-02db-4dbb-a83d-4128fb1a3722,synth_3fd6dcb3528f,itin,tabddpm_synthetic,,['en'],EIN,2024-04-30T23:20:00+00:00,100.0,1629.23,55,23,0,Monday,90,2000,0,EIN,en,Bank account opening,0
9a9b6129-1c75-414e-8e0a-7f69b8ae508f,synth_00ccf3bceb18,itin,tabddpm_synthetic,,['en'],EIN,2024-12-22T00:19:00+00:00,55515.61,1855.0,22,0,6,Sunday,0,1,100,EIN,en,Bank account opening,0
6b3913d0-9818-4384-ac53-581674ee2c50,synth_24e86a5eb4ff,itin,tabddpm_synthetic,,['en'],EIN,2024-05-28T23:43:00+00:00,100.0,24438.17,55,23,0,Monday,90,1,100,EIN,en,Bank account opening,1
65416c86-4cc1-4d77-9561-cfdc47a6226c,synth_100353f7543f,itin,tabddpm_synthetic,,['en'],EIN,2024-02-16T23:15:00+00:00,100000.0,50000.0,22,23,6,Sunday,0,1,100,EIN,en,Bank account opening,1
3fbd3a20-a78a-425a-b0a9-e46c362aae48,synth_603f76da8a74,itin,tabddpm_synthetic,,['en'],EIN,2024-04-20T23:07:00+00:00,100.0,10614.98,55,23,0,Monday,90,2000,0,EIN,en,Bank account opening,0
727f7eba-b988-4057-8568-6298246814c4,synth_0d07157f83a3,itin,tabddpm_synthetic,,['en'],EIN,2024-08-03T23:16:00+00:00,100000.0,50000.0,22,23,6,Sunday,0,1,100,EIN,en,Bank account opening,0
e5514e54-a756-4a7f-b7af-35c74454a901,synth_44849b722a7a,itin,tabddpm_synthetic,,['en'],EIN,2024-05-17T00:50:00+00:00,100000.0,50000.0,22,0,6,Sunday,0,1,100,EIN,en,Bank account opening,1
8706f7de-b91d-47d3-a4b3-c04524d5f648,synth_a5db5256e8cb,itin,tabddpm_synthetic,,['en'],EIN,2024-03-01T00:55:00+00:00,100000.0,45728.22,55,0,0,Monday,90,1,100,EIN,en,Bank account opening,0
fb2a6bd3-0ae0-4ab8-b91d-fcbd5a49347a,synth_30ba9eecba03,itin,tabddpm_synthetic,,['en'],EIN,2024-05-18T23:33:00+00:00,100.0,14831.56,55,23,0,Monday,90,2000,100,EIN,en,Bank account opening,0
c099ce75-2be1-4d60-b516-344b634549e1,synth_964f6b6f6b61,itin,tabddpm_synthetic,,['en'],EIN,2024-06-15T23:21:00+00:00,100.0,2146.02,55,23,0,Monday,90,2000,0,EIN,en,Bank account opening,0
535fe7d4-5137-468d-9431-d3a01e93d691,synth_24f0b40185e3,itin,tabddpm_synthetic,,['en'],EIN,2024-05-28T20:45:00+00:00,100.0,0.0,22,20,6,Sunday,18,2000,2,EIN,en,Bank account opening,0
01c654d3-567e-44bd-a8a0-a01a4aeed826,synth_2356ec0fb501,itin,tabddpm_synthetic,,['en'],EIN,2024-11-11T00:27:00+00:00,2059.55,0.0,22,0,0,Monday,0,1,6,EIN,en,Bank account opening,0
277e67dd-dae0-4535-a78d-b1cfe2ab891c,synth_796620d48b1b,itin,tabddpm_synthetic,,['en'],EIN,2024-05-14T00:19:00+00:00,100.0,60.07,22,0,6,Sunday,41,2000,24,EIN,en,Bank account opening,0
78b0619b-06f8-478c-80ea-f3df454e9fab,synth_2048687ede0e,itin,tabddpm_synthetic,,['en'],EIN,2024-09-25T23:28:00+00:00,100.0,10960.85,55,23,0,Monday,90,2000,0,EIN,en,Bank account opening,0
b11da1a5-1de7-4beb-a87e-d70388a190c9,synth_ecac6b060806,itin,tabddpm_synthetic,,['en'],EIN,2024-09-13T00:28:00+00:00,33542.04,679.0,22,0,6,Sunday,0,1,54,EIN,en,Bank account opening,0
83c08b8b-b4c9-4aee-b8af-32b1b4372cda,synth_c3e2d52362bf,itin,tabddpm_synthetic,,['en'],EIN,2024-02-23T13:26:00+00:00,100.0,0.0,22,13,6,Sunday,39,2000,9,EIN,en,Bank account opening,0
01e79e81-5b84-4166-b634-91fb0a0c2fbe,synth_fbde45c59f25,itin,tabddpm_synthetic,,['en'],EIN,2024-11-13T17:33:00+00:00,100.0,174.45,22,17,6,Sunday,45,2000,9,EIN,en,Bank account opening,0
968c5cbe-23bc-411b-a09e-43464c30ed56,synth_fa60d9b9bff1,itin,tabddpm_synthetic,,['en'],EIN,2024-02-06T09:56:00+00:00,100.0,185.45,22,9,6,Sunday,85,2000,6,EIN,en,Bank account opening,0
3554f809-be60-4ea9-8854-57b33759a556,synth_ec443455598f,itin,tabddpm_synthetic,,['en'],EIN,2024-02-14T23:17:00+00:00,25494.11,64.28,22,23,0,Monday,0,1,100,EIN,en,Bank account opening,0
ae677bda-cc14-4084-aa4e-659df3944e53,synth_b1b2636b48ac,itin,tabddpm_synthetic,,['en'],EIN,2024-11-29T23:29:00+00:00,100000.0,50000.0,22,23,6,Sunday,0,1,100,EIN,en,Bank account opening,1
63c2805b-de9b-4cb7-af87-9bff407e2579,synth_6f58d17382e4,itin,tabddpm_synthetic,,['en'],EIN,2024-11-19T00:58:00+00:00,100.0,0.0,22,0,0,Monday,0,690,11,EIN,en,Bank account opening,0
ff506592-b550-4e63-b1fd-17f04f14b867,synth_9453a556f670,itin,tabddpm_synthetic,,['en'],EIN,2024-08-21T00:27:00+00:00,100000.0,12028.5,22,0,6,Sunday,0,1,100,EIN,en,Bank account opening,0
edf400c9-f240-452c-ab1e-ba2eaa35ed55,synth_3de3c85370c5,itin,tabddpm_synthetic,,['en'],EIN,2024-02-14T23:27:00+00:00,100.0,814.08,55,23,0,Monday,90,2000,0,EIN,en,Bank account opening,0
7fb8cb0c-2f64-41de-9a1e-83c34e533142,synth_cbbadca40dd9,itin,tabddpm_synthetic,,['en'],EIN,2024-12-18T03:56:00+00:00,100.0,156.02,22,3,6,Sunday,81,2000,2,EIN,en,Bank account opening,0
ae291952-7c28-4b1e-a8f7-e5b048e6ec94,synth_b9b3e66a57fd,itin,tabddpm_synthetic,,['en'],EIN,2024-09-13T00:35:00+00:00,100000.0,50000.0,22,0,0,Monday,90,1,0,EIN,en,Bank account opening,0
305c52ef-3fc3-4ba0-8aa1-d43d5f899b70,synth_9e94cd1ae386,itin,tabddpm_synthetic,,['en'],EIN,2024-02-07T13:52:00+00:00,100.0,403.83,29,13,0,Monday,38,2000,6,EIN,en,Bank account opening,0
464fb2a1-2de6-477f-88e8-5bbf03598b2a,synth_c095f2e921f6,itin,tabddpm_synthetic,,['en'],EIN,2024-06-13T00:57:00+00:00,100.0,242.93,22,0,6,Sunday,90,2000,35,EIN,en,Bank account opening,0
648f38bc-3068-4844-9afb-5e5962e02d51,synth_67e8d2a2fc74,itin,tabddpm_synthetic,,['en'],EIN,2024-01-09T06:21:00+00:00,100.0,0.0,34,6,0,Monday,0,893,7,EIN,en,Bank account opening,0
4aa5bbd1-6b1b-4fb3-8092-b0717cddf14a,synth_cb033f233ccc,itin,tabddpm_synthetic,,['en'],EIN,2024-11-29T19:56:00+00:00,100.0,0.0,22,19,6,Sunday,20,2000,8,EIN,en,Bank account opening,0
08653126-42d8-4a17-8294-a3fc42ceefd1,synth_8aad5afe8af4,itin,tabddpm_synthetic,,['en'],EIN,2024-10-06T00:55:00+00:00,100.0,0.0,22,0,1,Tuesday,0,513,9,EIN,en,Bank account opening,0
debaf120-34ee-4da7-8f79-de7e7331a128,synth_af8c5e219033,itin,tabddpm_synthetic,,['en'],EIN,2024-01-10T23:24:00+00:00,100000.0,50000.0,22,23,6,Sunday,0,1,100,EIN,en,Bank account opening,1
1b5d27ac-5311-46c5-9d09-831babf7b45a,synth_9a3ed36bc9c8,itin,tabddpm_synthetic,,['en'],ITIN,2024-09-23T15:16:00+00:00,100.0,0.0,22,15,2,Wednesday,4,2000,3,ITIN,en,Bank account opening,0
5726876e-631e-4f23-81cd-72a569faba1e,synth_4f78640fc023,itin,tabddpm_synthetic,,['en'],EIN,2024-01-12T00:56:00+00:00,100000.0,10515.78,22,0,6,Sunday,0,1,100,EIN,en,Bank account opening,0
c7593d63-ae98-4fe3-a1a4-24297aa47ec2,synth_af7fa159acd9,itin,tabddpm_synthetic,,['en'],EIN,2024-07-05T23:04:00+00:00,100000.0,50000.0,22,23,6,Sunday,90,1,100,EIN,en,Bank account opening,0
b5e64e0f-8ff8-49a3-a6f4-ac2a5de7221b,synth_d63c54de8870,itin,tabddpm_synthetic,,['en'],EIN,2024-10-10T23:57:00+00:00,100.0,13545.11,55,23,0,Monday,90,2000,0,EIN,en,Bank account opening,0
d629316f-76df-40dc-ba63-37c4de4b4e15,synth_54a4165462de,itin,tabddpm_synthetic,,['en'],EIN,2024-01-30T00:20:00+00:00,100000.0,50000.0,22,0,0,Monday,0,1,100,EIN,en,Bank account opening,0
8af403e9-a7b3-4525-9cca-9ce3b0ae209a,synth_368254054855,itin,tabddpm_synthetic,,['en'],EIN,2024-11-26T23:26:00+00:00,100.0,11195.76,55,23,0,Monday,90,2000,0,EIN,en,Bank account opening,0
cbb7606a-f792-4090-b45d-bbbea2fbe5b1,synth_70fdf5f0eae7,itin,tabddpm_synthetic,,['en'],EIN,2024-05-28T23:47:00+00:00,100.0,30542.07,55,23,0,Monday,90,2000,0,EIN,en,Bank account opening,0
3a9132e5-d9b5-4cd0-969d-571652a2fcb7,synth_4e74a1fd43f8,itin,tabddpm_synthetic,,['en'],EIN,2024-12-24T10:10:00+00:00,2833.48,0.0,31,10,2,Wednesday,6,1722,8,EIN,en,Bank account opening,0
48cce4bc-f428-496e-a000-a7c8e9482d4b,synth_1b741c20fa5b,itin,tabddpm_synthetic,,['en'],EIN,2024-06-25T23:39:00+00:00,100000.0,50000.0,22,23,6,Sunday,0,1,100,EIN,en,Bank account opening,0
1a476bf2-97f6-4008-989c-c4071e99089a,synth_6d99dec4dd9c,itin,tabddpm_synthetic,,['en'],EIN,2024-09-27T23:50:00+00:00,100000.0,50000.0,55,23,0,Monday,90,1,100,EIN,en,Bank account opening,0
8333e07d-2da5-451b-94db-4f35d0f6f74c,synth_ac923e4d6847,itin,tabddpm_synthetic,,['en'],EIN,2024-10-23T23:37:00+00:00,100000.0,50000.0,22,23,6,Sunday,0,1,100,EIN,en,Bank account opening,0
aa1b3a81-6d5c-4979-8e06-c29a366a3db4,synth_7a5fd2ed8eb4,itin,tabddpm_synthetic,,['en'],EIN,2024-11-17T23:02:00+00:00,100.0,0.0,22,23,6,Sunday,30,2000,5,EIN,en,Bank account opening,0
578db23e-4c14-4993-a4f8-b9ee0c7b11b6,synth_8aae269651ed,itin,tabddpm_synthetic,,['en'],EIN,2024-10-01T00:12:00+00:00,100000.0,50000.0,46,0,0,Monday,90,1,0,EIN,en,Bank account opening,0
c0acff16-e19c-4c97-9d02-41c668693c43,synth_b1be4ce1e62f,itin,tabddpm_synthetic,,['es'],EIN,2024-08-28T23:16:00+00:00,14323.35,0.0,22,23,0,Monday,0,1,53,EIN,es,Bank account opening,0
a99baa62-806b-4ac9-b64e-43cef53fe4da,synth_0c1253fe908e,itin,tabddpm_synthetic,,['en'],EIN,2024-03-22T00:00:00+00:00,26690.61,1169.99,22,0,5,Saturday,0,1,84,EIN,en,Bank account opening,0
4ee0a6eb-1574-4369-a18e-12c25fd2f52c,synth_1c903f17f1fd,itin,tabddpm_synthetic,,['en'],EIN,2024-01-11T00:51:00+00:00,387.79,22.22,22,0,6,Sunday,0,1,0,EIN,en,Bank account opening,0
0e9b7132-609a-481a-b7a6-0d5e75548096,synth_b42ec331f432,itin,tabddpm_synthetic,,['en'],EIN,2024-10-08T23:10:00+00:00,100000.0,50000.0,22,23,6,Sunday,0,1,100,EIN,en,Bank account opening,0
831f0a78-6fdc-464b-a28c-07caf199a9a9,synth_8ff260d2d05c,itin,tabddpm_synthetic,,['en'],EIN,2024-03-18T00:07:00+00:00,28115.21,548.54,22,0,1,Tuesday,0,1,89,EIN,en,Bank account opening,0
4826cc4c-83c1-4cf6-9ab5-4761f8820418,synth_9ab00cdab6a5,itin,tabddpm_synthetic,,['en'],EIN,2024-03-25T09:13:00+00:00,100.0,257.51,46,9,6,Sunday,26,2000,6,EIN,en,Bank account opening,0
6b3b2200-84ec-4c48-bcab-ba377b740ae0,synth_1551eb639fd8,itin,tabddpm_synthetic,,['en'],EIN,2024-11-11T23:30:00+00:00,100.0,0.0,22,23,6,Sunday,28,2000,10,EIN,en,Bank account opening,0
62080fc8-b9f6-4ee4-b238-714ee073cea2,synth_251e60771c5d,itin,tabddpm_synthetic,,['en'],EIN,2024-05-23T12:22:00+00:00,100.0,0.0,22,12,6,Sunday,24,2000,5,EIN,en,Bank account opening,0
92f3e3be-1c39-4aa8-84d8-d34dbe86d1cd,synth_e8c8fce3c0b6,itin,tabddpm_synthetic,,['en'],EIN,2024-03-06T17:42:00+00:00,100.0,0.0,22,17,6,Sunday,21,2000,5,EIN,en,Bank account opening,0
85f9b9b6-8f5a-48b7-a14b-0f2c6491ca40,synth_20d3fcc9e74a,itin,tabddpm_synthetic,,['en'],EIN,2024-04-25T00:02:00+00:00,100.0,0.0,22,0,6,Sunday,0,1,0,EIN,en,Bank account opening,0
2f3fa66a-94bf-4eaa-9910-221c0f051279,synth_201b5b25a3ce,itin,tabddpm_synthetic,,['en'],EIN,2024-12-05T00:31:00+00:00,100.0,0.0,22,0,4,Friday,0,1008,0,EIN,en,Bank account opening,0
f3b7e2f6-d448-42d5-b599-28d6198519fa,synth_daa47926d7be,itin,tabddpm_synthetic,,['en'],EIN,2024-12-20T00:14:00+00:00,3298.32,0.0,55,0,6,Sunday,0,146,0,EIN,en,Bank account opening,0
fc420c53-427f-441b-a4ee-df6f7040b52c,synth_31392711bc80,itin,tabddpm_synthetic,,['en'],EIN,2024-10-15T05:29:00+00:00,100.0,548.78,22,5,6,Sunday,13,2000,28,EIN,en,Bank account opening,0
87ecdee6-be5b-4f3b-bd39-bd5d7caae947,synth_9674088bc8d9,itin,tabddpm_synthetic,,['en'],EIN,2024-09-13T00:38:00+00:00,100000.0,50000.0,55,0,0,Monday,90,1,0,EIN,en,Bank account opening,0
1e886dd7-542b-44b0-b200-d4b428e97499,synth_8626b1db9bdc,itin,tabddpm_synthetic,,['en'],EIN,2024-12-04T00:42:00+00:00,83330.9,2339.84,22,0,6,Sunday,0,1,100,EIN,en,Bank account opening,0
22622773-79d3-4f18-8a74-8db8d1f8af43,synth_94f13443a98a,itin,tabddpm_synthetic,,['en'],EIN,2024-08-15T23:03:00+00:00,100000.0,50000.0,22,23,6,Sunday,90,1,100,EIN,en,Bank account opening,0
c97a147c-cd8c-4241-8846-18162486ccb3,synth_f5f99d7cd279,itin,tabddpm_synthetic,,['en'],EIN,2024-11-25T23:29:00+00:00,100000.0,50000.0,22,23,6,Sunday,0,1,100,EIN,en,Bank account opening,0
97ca325d-0d2a-43ca-9c87-5d50c4ac164d,synth_df109840a6fe,itin,tabddpm_synthetic,,['en'],EIN,2024-02-16T09:45:00+00:00,100.0,101.51,55,9,1,Tuesday,58,637,8,EIN,en,Bank account opening,0
64c63e6e-94bd-418c-95c2-d28d079f326c,synth_2441fd367a90,itin,tabddpm_synthetic,,['en'],EIN,2024-03-26T23:57:00+00:00,100000.0,50000.0,55,23,0,Monday,90,1,100,EIN,en,Bank account opening,0
a3fd0110-15e7-4d7f-a68a-923231a530ed,synth_79a08f29c227,itin,tabddpm_synthetic,,['en'],EIN,2024-02-29T00:40:00+00:00,100.0,118.02,55,0,6,Sunday,0,1,48,EIN,en,Bank account opening,1
1bad5c54-8706-4c53-ba67-8fda52209a36,synth_c0a64848eace,itin,tabddpm_synthetic,,['en'],EIN,2024-01-26T10:00:00+00:00,100.0,0.0,22,10,6,Sunday,38,2000,4,EIN,en,Bank account opening,0
cceb5f02-d381-4338-9bb4-865063d549f6,synth_c069e26e00cd,itin,tabddpm_synthetic,,['en'],EIN,2024-05-17T23:49:00+00:00,100000.0,10460.77,22,23,0,Monday,61,1,79,EIN,en,Bank account opening,0
9dbee53a-efbd-4911-8930-3e7b7eabd1ca,synth_819ea2fe6481,itin,tabddpm_synthetic,,['en'],EIN,2024-07-10T00:21:00+00:00,100.0,0.0,22,0,0,Monday,0,137,3,EIN,en,Bank account opening,0
93924a18-0fda-4507-91ed-09a859f7752c,synth_89f8d7c3acf1,itin,tabddpm_synthetic,,['en'],EIN,2024-10-29T16:35:00+00:00,100.0,411.26,55,16,0,Monday,14,1702,12,EIN,en,Bank account opening,0
f8cf38f3-5bc2-4587-b77d-b2a37f9d86ce,synth_16a374d1c156,itin,tabddpm_synthetic,,['en'],EIN,2024-11-16T23:16:00+00:00,100000.0,50000.0,22,23,6,Sunday,0,1,100,EIN,en,Bank account opening,1
2f8ef488-b0dd-4dd1-97c1-f7d8d5b77993,synth_36c4de43f66c,itin,tabddpm_synthetic,,['en'],EIN,2024-10-24T21:15:00+00:00,100.0,27.32,22,21,6,Sunday,17,2000,0,EIN,en,Bank account opening,0
24b765da-f5ee-4441-8992-a868ac3a33eb,synth_e6a45cc2356b,itin,tabddpm_synthetic,,['en'],EIN,2024-03-03T00:50:00+00:00,4324.81,0.0,55,0,6,Sunday,0,1194,0,EIN,en,Bank account opening,0
bfcf4bb8-74e4-4815-9ae0-e97f2d631404,synth_cfb8e35fe356,itin,tabddpm_synthetic,,['en'],EIN,2024-01-19T00:25:00+00:00,14010.15,354.94,22,0,6,Sunday,0,1,82,EIN,en,Bank account opening,0
7f5740b9-19d5-43de-b9d9-b06c560b03f0,synth_a4dec792aa2f,itin,tabddpm_synthetic,,['en'],EIN,2024-03-13T00:33:00+00:00,100000.0,2987.61,22,0,6,Sunday,0,1,100,EIN,en,Bank account opening,0
13f3cfac-4679-464d-8b94-694c74f75758,synth_b6b8caf2e4c2,itin,tabddpm_synthetic,,['en'],EIN,2024-12-15T00:49:00+00:00,100.0,520.14,55,0,6,Sunday,0,1,31,EIN,en,Bank account opening,0
c602e114-f039-47f4-8514-347fc3beeb22,synth_7aa8c1a4b621,itin,tabddpm_synthetic,,['en'],EIN,2024-08-01T10:52:00+00:00,100.0,339.11,25,10,6,Sunday,25,2000,8,EIN,en,Bank account opening,0
693510ec-fd9f-4c05-8260-1c5e7cdf712b,synth_1e0e1a5dbaa6,itin,tabddpm_synthetic,,['en'],EIN,2024-01-07T13:44:00+00:00,100.0,372.68,55,13,6,Sunday,90,2000,0,EIN,en,Bank account opening,0
ee459346-d388-48b4-afae-f7c7d1044586,synth_9f4e1c841979,itin,tabddpm_synthetic,,['en'],EIN,2024-12-07T23:51:00+00:00,100000.0,50000.0,22,23,6,Sunday,0,1,100,EIN,en,Bank account opening,0
a8a6b46e-13a9-4e55-b07a-18cbed80a83f,synth_b74422aa47e4,itin,tabddpm_synthetic,,['en'],ITIN,2024-04-06T16:03:00+00:00,6137.76,432.8,24,16,6,Sunday,1,1441,16,ITIN,en,Bank account opening,0
d1aafb4f-b216-479b-bb3a-1777f4654ac5,synth_5f19d81f9499,itin,tabddpm_synthetic,,['en'],EIN,2024-06-18T00:36:00+00:00,100000.0,50000.0,22,0,6,Sunday,0,1,100,EIN,en,Bank account opening,0
d070a563-bfc2-4485-a4ad-fdbd070a4fbb,synth_6f33286c9775,itin,tabddpm_synthetic,,['en'],EIN,2024-05-03T23:22:00+00:00,100000.0,50000.0,22,23,6,Sunday,0,1,100,EIN,en,Bank account opening,1
529c05ef-0a2e-4388-bec4-cca92d581a74,synth_de16e9be769f,itin,tabddpm_synthetic,,['en'],EIN,2024-10-08T11:25:00+00:00,2666.01,107.9,22,11,1,Tuesday,0,1,39,EIN,en,Bank account opening,0
e3837b2a-e050-4edb-92d7-47601295504e,synth_cdee8ca4c252,itin,tabddpm_synthetic,,['en'],EIN,2024-11-24T23:47:00+00:00,100000.0,2016.89,22,23,0,Monday,0,1,100,EIN,en,Bank account opening,1
5dc3072a-2312-4582-b28c-b62f85e79f05,synth_45badfb2a088,itin,tabddpm_synthetic,,['en'],EIN,2024-02-18T23:43:00+00:00,100.0,4463.19,55,23,0,Monday,90,2000,0,EIN,en,Bank account opening,0
dd62e90f-b446-475a-ba55-0b1574dd6de3,synth_87c150fe14bb,itin,tabddpm_synthetic,,['en'],EIN,2024-05-11T23:14:00+00:00,100000.0,50000.0,22,23,6,Sunday,90,1,100,EIN,en,Bank account opening,0
d804b42c-9c02-4457-b1d8-9a1af0acf1c9,synth_7e166c908c32,itin,tabddpm_synthetic,,['en'],EIN,2024-07-30T00:54:00+00:00,100000.0,50000.0,55,0,6,Sunday,0,1,100,EIN,en,Bank account opening,0
4de42e32-bf8a-437b-9c52-823a57c0df40,synth_32a75ff38ecf,itin,tabddpm_synthetic,,['en'],EIN,2024-01-09T00:36:00+00:00,45910.35,1344.94,22,0,6,Sunday,14,1,100,EIN,en,Bank account opening,0
11e3e520-1487-4be8-a84f-98edd8251e32,synth_dcd7955b1afa,itin,tabddpm_synthetic,,['en'],EIN,2024-09-20T00:57:00+00:00,100000.0,50000.0,55,0,0,Monday,90,1,100,EIN,en,Bank account opening,0
1b359b41-47e9-43cb-93d7-20dee7591831,synth_e1754e4c04b5,itin,tabddpm_synthetic,,['en'],EIN,2024-09-12T00:59:00+00:00,100000.0,3677.55,22,0,6,Sunday,0,1,100,EIN,en,Bank account opening,0
6dec9743-638d-43ab-b3d9-f3b2b727dd1f,synth_0de599341cd2,itin,tabddpm_synthetic,,['en'],EIN,2024-11-09T00:59:00+00:00,100000.0,50000.0,22,0,6,Sunday,0,1,100,EIN,en,Bank account opening,0
042b956b-feef-4dc2-a0e0-3e6d63e99f03,synth_4720f772ea9a,itin,tabddpm_synthetic,,['en'],EIN,2024-11-27T12:55:00+00:00,100.0,0.0,22,12,3,Thursday,6,2000,11,EIN,en,Bank account opening,0
49148440-3a51-4749-939f-98a41fa20a81,synth_08922b338eb7,itin,tabddpm_synthetic,,['en'],EIN,2024-10-28T00:39:00+00:00,30531.62,1036.42,22,0,0,Monday,0,1,9,EIN,en,Bank account opening,0
a587f884-9234-4d02-82a8-f30fc9b767f6,synth_ad59ccb7472d,itin,tabddpm_synthetic,,['en'],EIN,2024-02-09T23:43:00+00:00,100000.0,3449.7,22,23,0,Monday,0,1,100,EIN,en,Bank account opening,0
914f19f0-0b2a-4517-b83f-7c425eda88e6,synth_fbc41da46d04,itin,tabddpm_synthetic,,['en'],EIN,2024-01-20T00:56:00+00:00,100000.0,50000.0,22,0,6,Sunday,90,1,100,EIN,en,Bank account opening,0
b70c0cc0-78d2-4f8e-908a-7783aac14255,synth_6b6c7d54bedf,itin,tabddpm_synthetic,,['en'],EIN,2024-08-10T00:41:00+00:00,100.0,94.32,22,0,6,Sunday,51,2000,15,EIN,en,Bank account opening,0
c306d2df-b194-4212-a3ae-2eb9a17a2e43,synth_c904603831de,itin,tabddpm_synthetic,,['en'],EIN,2024-03-04T00:48:00+00:00,100.0,245.18,22,0,6,Sunday,33,2000,28,EIN,en,Bank account opening,0
beeafe4d-9969-4871-9480-b6c1fda899f1,synth_af7ee2a2adf0,itin,tabddpm_synthetic,,['en'],EIN,2024-07-24T00:16:00+00:00,100.0,0.0,33,0,6,Sunday,0,1,11,EIN,en,Bank account opening,0
a8217d07-f9a9-475f-989f-064b0edf2fcc,synth_2f4f2f4ea008,itin,tabddpm_synthetic,,['en'],EIN,2024-08-03T00:42:00+00:00,909.92,0.0,32,0,1,Tuesday,0,2000,8,EIN,en,Bank account opening,0
7fd2bfc4-e296-47c7-8e5f-a934c551f09b,synth_4ca6ae03dc7c,itin,tabddpm_synthetic,,['en'],EIN,2024-03-27T23:28:00+00:00,100000.0,50000.0,22,23,6,Sunday,0,1,100,EIN,en,Bank account opening,1
b568a736-6e4b-402e-97a6-0219453853a4,synth_3ab6a639fceb,itin,tabddpm_synthetic,,['en'],EIN,2024-05-26T00:39:00+00:00,100000.0,50000.0,22,0,6,Sunday,0,1,100,EIN,en,Bank account opening,0
839d26db-f709-4aad-a5cc-2fc4f34ba693,synth_7182d7aebcd7,itin,tabddpm_synthetic,,['es'],EIN,2024-12-26T15:23:00+00:00,100.0,193.67,27,15,6,Sunday,6,2000,7,EIN,es,Bank account opening,0
24d844b2-18d1-49e6-9955-8b542fd5236b,synth_545da95136fe,itin,tabddpm_synthetic,,['en'],EIN,2024-10-01T00:58:00+00:00,10794.92,148.65,22,0,6,Sunday,0,1,69,EIN,en,Bank account opening,0
ea146855-3025-4924-b78b-9c788626ff8a,synth_dbf2aa8b860a,itin,tabddpm_synthetic,,['en'],ITIN,2024-05-19T04:04:00+00:00,1748.44,0.0,24,4,6,Sunday,10,2000,8,ITIN,en,Bank account opening,0
0921943d-f35e-4bc5-a98a-e81ccfd00121,synth_8d780a76447d,itin,tabddpm_synthetic,,['en'],EIN,2024-02-17T00:43:00+00:00,100000.0,50000.0,22,0,6,Sunday,0,1,100,EIN,en,Bank account opening,1
d0b00943-e51f-4e62-976a-76156328cf2e,synth_faa2067af44c,itin,tabddpm_synthetic,,['en'],EIN,2024-02-20T13:00:00+00:00,3714.43,333.57,22,13,5,Saturday,16,2000,4,EIN,en,Bank account opening,0
9e37c32c-770a-4a3b-af01-45eb93c32e5d,synth_7ad55d0caac7,itin,tabddpm_synthetic,,['en'],EIN,2024-09-03T00:51:00+00:00,100.0,0.0,22,0,3,Thursday,0,776,1,EIN,en,Bank account opening,0
82888a2a-f5fa-4f41-9250-4e6923001b25,synth_31d5df2b0fd0,itin,tabddpm_synthetic,,['en'],EIN,2024-09-06T20:15:00+00:00,100.0,0.0,22,20,6,Sunday,0,2000,13,EIN,en,Bank account opening,0
353db470-f2bf-4f2c-92c8-707100eaf5d3,synth_71ddb9ab7f28,itin,tabddpm_synthetic,,['en'],EIN,2024-03-26T00:57:00+00:00,3818.24,0.0,55,0,6,Sunday,0,2000,0,EIN,en,Bank account opening,0
10c4cb34-afa1-46f8-b8f9-4ac77c8699a5,synth_3f4a882bece3,itin,tabddpm_synthetic,,['en'],EIN,2024-03-19T01:12:00+00:00,100.0,683.59,55,1,0,Monday,90,1,0,EIN,en,Bank account opening,0
27b908dd-9e31-49df-ab83-641cc45756e5,synth_d1294569a542,itin,tabddpm_synthetic,,['en'],EIN,2024-09-27T00:10:00+00:00,100.0,0.0,22,0,0,Monday,0,2000,6,EIN,en,Bank account opening,0
c5564b9c-1ae1-499a-98a5-120b28ced196,synth_8842ee3be09c,itin,tabddpm_synthetic,,['en'],EIN,2024-01-13T06:17:00+00:00,1047.98,329.39,55,6,5,Saturday,11,2000,8,EIN,en,Bank account opening,0
58a78045-ed58-49bc-9a13-282cf821cee3,synth_7148446af145,itin,tabddpm_synthetic,,['en'],EIN,2024-05-25T00:01:00+00:00,100000.0,50000.0,22,0,0,Monday,0,1,100,EIN,en,Bank account opening,0
c6986b1d-6859-47a1-9587-9ad20eba2615,synth_b7b30d9836ab,itin,tabddpm_synthetic,,['en'],EIN,2024-04-02T23:40:00+00:00,100000.0,50000.0,22,23,6,Sunday,0,1,100,EIN,en,Bank account opening,0
5e851e94-1ef5-4d04-8b9a-66a094e9bec3,synth_884995bc7233,itin,tabddpm_synthetic,,['en'],EIN,2024-03-02T00:53:00+00:00,100.0,0.0,22,0,5,Saturday,0,320,0,EIN,en,Bank account opening,0
244e1baf-98bd-4cc6-b129-90d37b39e2ab,synth_44f2cbe19a86,itin,tabddpm_synthetic,,['en'],EIN,2024-11-13T00:10:00+00:00,100.0,4.3,22,0,6,Sunday,0,496,6,EIN,en,Bank account opening,0
b6465ab5-0c4e-4594-8feb-f283704037d6,synth_d4a46ff74034,itin,tabddpm_synthetic,,['en'],EIN,2024-08-04T13:21:00+00:00,100.0,47.31,22,13,6,Sunday,17,2000,9,EIN,en,Bank account opening,0
9e5a93eb-d442-4143-a05b-e426f44216cb,synth_788e24deb688,itin,tabddpm_synthetic,,['en'],EIN,2024-06-17T16:57:00+00:00,100.0,0.0,22,16,6,Sunday,27,2000,4,EIN,en,Bank account opening,0
57886b42-9f2f-4e8c-affa-d2365920d612,synth_f2ef54927f16,itin,tabddpm_synthetic,,['en'],EIN,2024-03-06T22:06:00+00:00,100.0,0.0,22,22,6,Sunday,28,2000,10,EIN,en,Bank account opening,0
dc73dcbd-8f8a-4cdb-9dd0-79379cdcbf59,synth_d5a2ff6e176e,itin,tabddpm_synthetic,,['en'],EIN,2024-04-01T00:07:00+00:00,34819.62,1640.15,28,0,2,Wednesday,90,1,98,EIN,en,Bank account opening,0
815570b6-57b4-438d-bf50-320fc8b99471,synth_4f6b734677dc,itin,tabddpm_synthetic,,['en'],EIN,2024-08-09T03:44:00+00:00,10824.51,1091.81,40,3,3,Thursday,0,1104,11,EIN,en,Bank account opening,0
0b48a600-a61d-425f-8d27-cf24b02e7cf2,synth_67ad104956e2,itin,tabddpm_synthetic,,['en'],EIN,2024-02-25T00:18:00+00:00,100000.0,50000.0,22,0,6,Sunday,0,1,100,EIN,en,Bank account opening,0
9b4bb6e0-67ff-4642-8f9a-754557a1f678,synth_413deda68587,itin,tabddpm_synthetic,,['en'],EIN,2024-04-08T23:16:00+00:00,100000.0,50000.0,22,23,6,Sunday,0,1,100,EIN,en,Bank account opening,0
de4eb811-d48a-427f-8db7-a646552cc8fe,synth_f26c5be87a8b,itin,tabddpm_synthetic,,['en'],EIN,2024-04-27T17:36:00+00:00,100.0,714.77,55,17,0,Monday,90,2000,0,EIN,en,Bank account opening,0
74b936e9-df8a-4a8f-a0df-25e4f8b40731,synth_b6c0ae5902a7,itin,tabddpm_synthetic,,['en'],EIN,2024-05-12T00:08:00+00:00,20780.33,677.29,22,0,6,Sunday,0,1,56,EIN,en,Bank account opening,0
7b65d9cc-84bb-4724-a5d3-91973d400d02,synth_923fff92e86e,itin,tabddpm_synthetic,,['en'],EIN,2024-08-27T16:05:00+00:00,100.0,3239.84,55,16,0,Monday,90,2000,0,EIN,en,Bank account opening,0
f66b064d-132a-4603-8ec3-0f7acc4f237b,synth_4c040a99c91d,itin,tabddpm_synthetic,,['en'],EIN,2024-09-03T00:51:00+00:00,100.0,0.0,22,0,4,Friday,0,981,0,EIN,en,Bank account opening,0
6bb5ad1e-4299-40d1-a73c-78638d79ba63,synth_3293c1326a4e,itin,tabddpm_synthetic,,['en'],EIN,2024-01-07T22:19:00+00:00,100.0,0.0,22,22,6,Sunday,7,2000,12,EIN,en,Bank account opening,0
369b0dbf-513c-46be-9610-75080a567c88,synth_d3b06bb26503,itin,tabddpm_synthetic,,['en'],ITIN,2024-01-07T00:19:00+00:00,4057.01,59.65,22,0,5,Saturday,0,54,10,ITIN,en,Bank account opening,0
94e039d2-3f29-453b-8113-be2258fcfff7,synth_edfd6fb6ce42,itin,tabddpm_synthetic,,['en'],EIN,2024-07-07T23:40:00+00:00,100.0,0.0,22,23,6,Sunday,3,2000,9,EIN,en,Bank account opening,0
0c5ad0a4-9bef-4cf8-91c1-e497844e7334,synth_78f0e9509235,itin,tabddpm_synthetic,,['en'],EIN,2024-10-22T13:12:00+00:00,100.0,310.28,22,13,6,Sunday,50,2000,7,EIN,en,Bank account opening,0
f80bca16-74eb-493d-9c29-c86f8499ea2a,synth_82fc6c739d2c,itin,tabddpm_synthetic,,['en'],ITIN,2024-02-16T21:36:00+00:00,100.0,387.05,31,21,1,Tuesday,27,2000,12,ITIN,en,Bank account opening,0
56cd8875-679d-4098-babb-8624186e9ff9,synth_60ded025d2d4,itin,tabddpm_synthetic,,['es'],EIN,2024-03-10T09:59:00+00:00,100.0,341.76,55,9,0,Monday,63,2000,8,EIN,es,Bank account opening,0
3b1c2ede-2f3a-4d12-a2e7-fd40d240da0b,synth_7e7c71eb9086,itin,tabddpm_synthetic,,['en'],EIN,2024-01-17T00:38:00+00:00,100.0,300.55,22,0,6,Sunday,33,2000,49,EIN,en,Bank account opening,0
81a822bb-ee3a-4f8e-9e92-05bba878f61c,synth_b61c223e2fa3,itin,tabddpm_synthetic,,['en'],EIN,2024-12-21T16:12:00+00:00,100.0,0.0,22,16,6,Sunday,11,2000,2,EIN,en,Bank account opening,0
0a23e8c3-9be0-463e-bc42-cecf1705fd34,synth_7292db6859f4,itin,tabddpm_synthetic,,['en'],EIN,2024-01-12T00:12:00+00:00,2672.95,0.0,22,0,0,Monday,2,79,0,EIN,en,Bank account opening,0
e4db15c3-b7e8-46cf-9f12-ade5a14b36f2,synth_8e36901d629e,itin,tabddpm_synthetic,,['en'],EIN,2024-08-11T00:43:00+00:00,100.0,0.0,22,0,6,Sunday,77,2000,24,EIN,en,Bank account opening,0
89173f77-99d2-4d79-8551-b13e476b742b,synth_bf5612169fd3,itin,tabddpm_synthetic,,['en'],EIN,2024-11-08T10:08:00+00:00,100.0,83.46,22,10,6,Sunday,90,2000,6,EIN,en,Bank account opening,0
dd06e45b-3204-4dc8-bf73-d4641819dbf5,synth_e73e0226b3bb,itin,tabddpm_synthetic,,['es'],EIN,2024-08-28T19:29:00+00:00,331.21,76.43,22,19,1,Tuesday,8,2000,4,EIN,es,Bank account opening,0
f00aafb3-fa43-4502-8916-9ad64e61adf2,synth_71b00f1b78d3,itin,tabddpm_synthetic,,['en'],EIN,2024-12-15T23:55:00+00:00,100000.0,50000.0,22,23,6,Sunday,0,1,100,EIN,en,Bank account opening,0
096a15bc-f8d5-4225-9e62-cc7f1155e24b,synth_d3a0c642db04,itin,tabddpm_synthetic,,['en'],EIN,2024-02-12T23:24:00+00:00,100000.0,50000.0,22,23,6,Sunday,0,1,100,EIN,en,Bank account opening,0
5b354db5-eb7f-4ca0-871e-77b2e22a4cd4,synth_d322b7c19e19,itin,tabddpm_synthetic,,['en'],EIN,2024-01-19T00:46:00+00:00,100.0,360.87,22,0,6,Sunday,16,2000,10,EIN,en,Bank account opening,0
bf9f761a-379f-4c45-a64d-ab7d325fa127,synth_bd3e36eb3dd8,itin,tabddpm_synthetic,,['en'],EIN,2024-06-15T09:52:00+00:00,100.0,9.86,22,9,6,Sunday,16,1614,2,EIN,en,Bank account opening,0
634b5ec9-1f79-4262-b348-2a7417a5ed33,synth_dfb4be267079,itin,tabddpm_synthetic,,['en'],EIN,2024-07-31T00:27:00+00:00,100000.0,50000.0,55,0,0,Monday,90,1,100,EIN,en,Bank account opening,0
c6d3c433-5ba6-4e26-ab37-f2181b619804,synth_574c686fdef9,itin,tabddpm_synthetic,,['en'],EIN,2024-10-31T23:41:00+00:00,100000.0,35645.56,22,23,6,Sunday,0,1,100,EIN,en,Bank account opening,0
7e4da2e1-c6df-43b5-aa45-adf3be4c7a43,synth_5252de6a91d9,itin,tabddpm_synthetic,,['en'],EIN,2024-08-11T04:26:00+00:00,100.0,0.0,55,4,6,Sunday,0,305,50,EIN,en,Bank account opening,1
54801643-a5a3-45a8-8e63-f3ef2f43328f,synth_6d697735f814,itin,tabddpm_synthetic,,['en'],EIN,2024-12-12T05:45:00+00:00,100.0,71.2,55,5,2,Wednesday,28,2000,5,EIN,en,Bank account opening,0
18b1c4cc-52f2-42f9-9e44-9086810dbf05,synth_fad71902c931,itin,tabddpm_synthetic,,['en'],EIN,2024-06-16T05:50:00+00:00,100.0,145.47,22,5,6,Sunday,90,2000,13,EIN,en,Bank account opening,0
8f2155b4-1ac8-4826-a1cb-1f05069f1eef,synth_d837f0b9ee9b,itin,tabddpm_synthetic,,['en'],EIN,2024-11-27T08:53:00+00:00,100.0,691.11,42,8,6,Sunday,90,2000,0,EIN,en,Bank account opening,0
e8a4ea10-4d0f-4508-9743-bad8f019f613,synth_497b74c2eb71,itin,tabddpm_synthetic,,['en'],EIN,2024-11-11T00:39:00+00:00,67404.83,2352.81,22,0,6,Sunday,0,1,100,EIN,en,Bank account opening,0
f7e5acc3-9739-4f90-a1de-31219c103955,synth_bcb04a6895e5,itin,tabddpm_synthetic,,['en'],EIN,2024-01-28T10:09:00+00:00,2722.05,166.45,55,10,0,Monday,73,1,10,EIN,en,Bank account opening,0
cf312e7e-11b1-4371-9715-87ea62156aba,synth_2c84503e437e,itin,tabddpm_synthetic,,['en'],EIN,2024-01-30T00:00:00+00:00,100000.0,50000.0,22,0,6,Sunday,0,1,100,EIN,en,Bank account opening,0
45f4f5a5-c55a-4e47-8709-2fc5a4194711,synth_119a1f954184,itin,tabddpm_synthetic,,['en'],EIN,2024-05-08T23:07:00+00:00,100000.0,6498.85,22,23,6,Sunday,0,1,100,EIN,en,Bank account opening,0
bb664dc5-5694-4633-8483-cf0639e92929,synth_3f3f3787d586,itin,tabddpm_synthetic,,['en'],EIN,2024-05-12T00:50:00+00:00,432.89,0.0,27,0,0,Monday,2,564,6,EIN,en,Bank account opening,0
e8fdacd9-c013-46ea-8a44-d90181214b32,synth_d600d4edbe93,itin,tabddpm_synthetic,,['en'],EIN,2024-12-10T00:10:00+00:00,100000.0,50000.0,22,0,6,Sunday,0,1,100,EIN,en,Bank account opening,0
9ec937f6-9f89-402c-9e67-e15fc527da23,synth_aa1f3cc6eeca,itin,tabddpm_synthetic,,['en'],EIN,2024-07-23T23:46:00+00:00,100000.0,50000.0,55,23,6,Sunday,90,1,100,EIN,en,Bank account opening,1
d806f2a8-a172-4ac2-8ad7-9472f09f7424,synth_d7269e87df6f,itin,tabddpm_synthetic,,['es'],EIN,2024-02-04T06:09:00+00:00,100.0,127.77,52,6,1,Tuesday,32,170,21,EIN,es,Bank account opening,0
d589b389-8fb5-4ac9-b7fa-d16bc972aed2,synth_4a61559dca9f,itin,tabddpm_synthetic,,['en'],EIN,2024-12-19T00:46:00+00:00,100.0,3.06,22,0,6,Sunday,0,1,0,EIN,en,Bank account opening,0
d06c7158-d44d-4cae-a578-7332edbe2cd1,synth_0adc1e22e181,itin,tabddpm_synthetic,,['en'],EIN,2024-05-28T23:04:00+00:00,100000.0,50000.0,22,23,6,Sunday,0,1,100,EIN,en,Bank account opening,0
90a9434d-aa1c-4d17-a672-d1796f7becd5,synth_0699a9e81170,itin,tabddpm_synthetic,,['en'],EIN,2024-08-16T00:34:00+00:00,100.0,3305.48,55,0,0,Monday,90,1,70,EIN,en,Bank account opening,0
b947c17f-e4cf-4fd7-ad1d-73e5246b65e9,synth_5efb6e36af3b,itin,tabddpm_synthetic,,['es'],EIN,2024-10-22T09:11:00+00:00,806.57,0.0,23,9,1,Tuesday,1,1702,7,EIN,es,Bank account opening,0
9c2738c9-64a7-429a-929f-54e7962baee6,synth_47bb8bb26d41,itin,tabddpm_synthetic,,['en'],EIN,2024-12-04T23:28:00+00:00,40301.37,398.01,22,23,0,Monday,0,1,100,EIN,en,Bank account opening,0
02ae8ea8-b959-4b31-b5ce-d20f15dcb4ac,synth_441d80bfb194,itin,tabddpm_synthetic,,['en'],EIN,2024-07-02T00:16:00+00:00,100000.0,14712.42,22,0,6,Sunday,90,1,100,EIN,en,Bank account opening,0
0cb03b41-d622-47e5-9c52-f87a93fa2cf7,synth_1f9f1ff1b450,itin,tabddpm_synthetic,,['en'],ITIN,2024-10-04T23:22:00+00:00,7891.97,178.8,27,23,0,Monday,1,1,17,ITIN,en,Bank account opening,0
71ebe7ff-0ed4-4964-99b9-3fab11f969f7,synth_1e4c29445e61,itin,tabddpm_synthetic,,['en'],EIN,2024-10-17T20:54:00+00:00,100.0,0.0,22,20,6,Sunday,8,2000,9,EIN,en,Bank account opening,0
ab32cbf1-53de-4dc7-9597-259da5c99192,synth_fa9ba9d41c72,itin,tabddpm_synthetic,,['es'],EIN,2024-05-13T00:25:00+00:00,4527.35,320.69,22,0,0,Monday,1,1,12,EIN,es,Bank account opening,0
a12a6919-a8da-4d5b-864f-dca616b3775c,synth_898b8e8cc844,itin,tabddpm_synthetic,,['es'],EIN,2024-04-10T13:57:00+00:00,12405.52,400.54,55,13,6,Sunday,4,279,26,EIN,es,Bank account opening,0
37a11b0b-7292-4ede-a6e6-e6b9ee2569b3,synth_45ed8434d27a,itin,tabddpm_synthetic,,['en'],EIN,2024-09-01T00:48:00+00:00,100.0,0.0,22,0,3,Thursday,0,671,11,EIN,en,Bank account opening,0
b30546ef-2aef-4554-8800-3dd52ceac41d,synth_55f5d27f1caa,itin,tabddpm_synthetic,,['en'],EIN,2024-12-13T23:58:00+00:00,100000.0,50000.0,22,23,6,Sunday,0,1,100,EIN,en,Bank account opening,0
b7bf0300-4460-4e4d-895a-2b0e23821051,synth_9147fe846e62,itin,tabddpm_synthetic,,['en'],EIN,2024-08-10T23:38:00+00:00,100.0,6281.4,55,23,0,Monday,90,2000,0,EIN,en,Bank account opening,0
49cc238c-1a53-4c87-b33e-fc320a897a78,synth_460ea898e852,itin,tabddpm_synthetic,,['en'],EIN,2024-10-12T15:02:00+00:00,100.0,32.12,22,15,4,Friday,10,2000,3,EIN,en,Bank account opening,0
94ad0bd3-3ad5-43a1-893e-14ec9f589ae4,synth_a32dbe6a1dc3,itin,tabddpm_synthetic,,['en'],EIN,2024-03-24T17:59:00+00:00,100.0,0.0,22,17,6,Sunday,22,2000,5,EIN,en,Bank account opening,0
0ac4d78d-6f38-42a2-bfe2-aa80a354dd6d,synth_cac1d4cbc2e0,itin,tabddpm_synthetic,,['en'],EIN,2024-10-08T00:22:00+00:00,100.0,0.0,22,0,5,Saturday,0,1,0,EIN,en,Bank account opening,1
f68091bf-3c20-40dc-8e8f-d980d33cece4,synth_0c6c4b6ecce8,itin,tabddpm_synthetic,,['en'],EIN,2024-12-27T00:14:00+00:00,513.56,0.0,55,0,6,Sunday,0,1,0,EIN,en,Bank account opening,0
5bff2401-ed69-4209-adf6-d028ab589775,synth_a101671b4230,itin,tabddpm_synthetic,,['en'],EIN,2024-06-06T00:04:00+00:00,100000.0,50000.0,22,0,6,Sunday,0,1,100,EIN,en,Bank account opening,0
9f659741-84ac-4daf-8471-a6a78cdf9291,synth_e1ffb1fd2f99,itin,tabddpm_synthetic,,['en'],EIN,2024-12-25T21:32:00+00:00,100.0,0.0,22,21,6,Sunday,37,2000,11,EIN,en,Bank account opening,0
b6562c7f-1eab-4bd5-9fc7-5e2c7dd44351,synth_9abc5dd8dc6d,itin,tabddpm_synthetic,,['en'],EIN,2024-05-11T02:13:00+00:00,100.0,341.02,22,2,6,Sunday,90,2000,0,EIN,en,Bank account opening,0
5223c7e6-3835-46aa-9c2f-456403976784,synth_fdcd5634ede3,itin,tabddpm_synthetic,,['es'],EIN,2024-11-23T13:32:00+00:00,100.0,73.62,36,13,4,Friday,71,2000,4,EIN,es,Bank account opening,0
d1c53f09-e71e-4ca0-a896-8f0afe0cf2e5,synth_f8c89b6868d0,itin,tabddpm_synthetic,,['en'],EIN,2024-01-27T00:30:00+00:00,100000.0,50000.0,22,0,0,Monday,0,1,100,EIN,en,Bank account opening,0
df63d866-ac1b-4426-a291-da32eeb5588c,synth_90b7a73ea9b6,itin,tabddpm_synthetic,,['en'],EIN,2024-10-24T15:52:00+00:00,100.0,405.88,22,15,6,Sunday,15,2000,23,EIN,en,Bank account opening,0
f1eba2cd-8d18-4014-b5b5-90c68ce8662e,synth_d1d22e223112,itin,tabddpm_synthetic,,['en'],ITIN,2024-10-30T12:05:00+00:00,3045.52,405.04,41,12,5,Saturday,1,1,12,ITIN,en,Bank account opening,0
1da7e3f8-6060-45f6-8dd2-924b44b2a480,synth_ffbe71048f91,itin,tabddpm_synthetic,,['en'],EIN,2024-03-17T18:02:00+00:00,100.0,341.4,22,18,6,Sunday,47,2000,15,EIN,en,Bank account opening,0
c0ee81c5-c257-4f20-93d8-c2b30fdc1fe9,synth_624fe356ba04,itin,tabddpm_synthetic,,['en'],EIN,2024-11-05T00:35:00+00:00,513.58,0.0,55,0,6,Sunday,0,860,0,EIN,en,Bank account opening,0
0dfb9f81-d93f-415f-9f56-7d2d78cbce29,synth_85cb8b2e48b4,itin,tabddpm_synthetic,,['en'],EIN,2024-09-04T00:35:00+00:00,100000.0,50000.0,22,0,6,Sunday,0,1,100,EIN,en,Bank account opening,0
956bd205-abbf-48ae-a684-c95c6c0f9de1,synth_cee541191596,itin,tabddpm_synthetic,,['es'],EIN,2024-06-04T08:39:00+00:00,4231.57,328.43,55,8,6,Sunday,1,785,2,EIN,es,Bank account opening,0
90094dc7-4156-46ff-9354-f376ef6c169a,synth_cfe5dcd72c2c,itin,tabddpm_synthetic,,['en'],EIN,2024-06-28T00:08:00+00:00,100.0,0.0,22,0,0,Monday,0,1,0,EIN,en,Bank account opening,0
d06be395-060b-4b60-8e9c-4b5a784fdf0b,synth_2846df352fc1,itin,tabddpm_synthetic,,['en'],EIN,2024-03-17T23:47:00+00:00,100000.0,50000.0,22,23,6,Sunday,0,1,100,EIN,en,Bank account opening,0
ded65a3d-bb4c-4daa-8d9e-2bd321dac063,synth_4310eb01ad54,itin,tabddpm_synthetic,,['es'],EIN,2024-08-07T20:21:00+00:00,100.0,0.0,22,20,6,Sunday,5,2000,10,EIN,es,Bank account opening,0
85faa29d-1533-4d33-9f1c-f2c31c6e87fd,synth_bfdb2ce51a19,itin,tabddpm_synthetic,,['en'],EIN,2024-09-15T23:38:00+00:00,100.0,0.0,22,23,6,Sunday,19,2000,9,EIN,en,Bank account opening,0
6b39edaa-038f-4fcf-9752-2b211ef77323,synth_e147e11b4fda,itin,tabddpm_synthetic,,['en'],EIN,2024-11-25T23:30:00+00:00,100.0,0.0,22,23,6,Sunday,12,2000,16,EIN,en,Bank account opening,0
3a944d59-0570-4a9d-b80a-1e76486dba80,synth_e59a82a4bbb9,itin,tabddpm_synthetic,,['en'],EIN,2024-04-22T23:07:00+00:00,100.0,0.0,22,23,6,Sunday,15,2000,8,EIN,en,Bank account opening,0
38d4d00e-8bad-47db-aad1-7817739ef1e4,synth_cd1e7a4213d6,itin,tabddpm_synthetic,,['en'],EIN,2024-01-28T21:13:00+00:00,100.0,0.0,22,21,6,Sunday,29,2000,19,EIN,en,Bank account opening,0
8ccc27ff-9b9e-4bc3-a549-091a0335e36f,synth_b8b4e8a5384d,itin,tabddpm_synthetic,,['en'],EIN,2024-03-03T23:33:00+00:00,100.0,8215.29,55,23,0,Monday,90,2000,0,EIN,en,Bank account opening,0
763d1fae-ae75-4d03-8062-c86154f4ab8d,synth_871d0c32d440,itin,tabddpm_synthetic,,['en'],EIN,2024-12-19T00:26:00+00:00,100.0,86.49,22,0,6,Sunday,1,2000,75,EIN,en,Bank account opening,0
e8c9c3c7-cc7d-4d5a-a221-52735e772182,synth_f4f56a7a8784,itin,tabddpm_synthetic,,['en'],EIN,2024-03-20T01:58:00+00:00,100.0,0.0,55,1,6,Sunday,0,1,87,EIN,en,Bank account opening,1
b1928ad8-05c2-4dae-a92e-0f5c42653182,synth_d52d6f3f21e4,itin,tabddpm_synthetic,,['en'],EIN,2024-08-24T00:40:00+00:00,703.12,0.0,51,0,6,Sunday,0,179,2,EIN,en,Bank account opening,0
536be403-6c41-4b71-a37b-a515e3893f9a,synth_f2e9266d7eab,itin,tabddpm_synthetic,,['es'],EIN,2024-06-28T23:01:00+00:00,7613.09,0.0,22,23,0,Monday,14,151,9,EIN,es,Bank account opening,0
e30dfced-1241-439c-8229-e77cf24c056b,synth_4dcfa4063c3d,itin,tabddpm_synthetic,,['en'],EIN,2024-10-10T23:59:00+00:00,100.0,108.49,22,23,6,Sunday,3,2000,7,EIN,en,Bank account opening,0
7461ffc5-f3e0-4329-97b2-52b067c944e9,synth_cc45e1b903a2,itin,tabddpm_synthetic,,['en'],EIN,2024-12-23T18:20:00+00:00,100.0,0.0,22,18,6,Sunday,51,2000,10,EIN,en,Bank account opening,0
44b58bb5-2f8d-4cd9-bffb-0694ea8ac113,synth_c907d8aae756,itin,tabddpm_synthetic,,['en'],EIN,2024-04-21T00:00:00+00:00,100000.0,50000.0,22,0,6,Sunday,0,1,100,EIN,en,Bank account opening,0
a2b14c8d-2b24-4260-ab82-df0625597762,synth_fd903023b283,itin,tabddpm_synthetic,,['en'],EIN,2024-11-18T00:10:00+00:00,100.0,0.0,22,0,4,Friday,0,2000,0,EIN,en,Bank account opening,0
56dae15b-0a8e-4114-a855-3e95cfde82e3,synth_4e3d498b9529,itin,tabddpm_synthetic,,['en'],EIN,2024-06-30T23:36:00+00:00,100000.0,1598.58,22,23,6,Sunday,0,1,100,EIN,en,Bank account opening,0
e61bc627-03bc-46ea-abad-eb6bd7af0c81,synth_41fe6295d46f,itin,tabddpm_synthetic,,['en'],EIN,2024-11-25T23:53:00+00:00,100000.0,50000.0,22,23,6,Sunday,90,1,100,EIN,en,Bank account opening,0
079b44cd-ed61-4ad2-b706-a6598c4a2d7b,synth_06ab4cea6761,itin,tabddpm_synthetic,,['en'],EIN,2024-06-10T23:23:00+00:00,100.0,10152.01,55,23,0,Monday,90,2000,100,EIN,en,Bank account opening,0
deaae951-1e15-4336-80f2-77952928082f,synth_685e9061c7f9,itin,tabddpm_synthetic,,['en'],EIN,2024-12-22T00:08:00+00:00,100000.0,50000.0,55,0,0,Monday,90,1,0,EIN,en,Bank account opening,0
1e62e6a1-95df-45f8-88db-63ed23f10cae,synth_68a38fee6b54,itin,tabddpm_synthetic,,['es'],EIN,2024-09-28T09:28:00+00:00,100.0,17.85,26,9,1,Tuesday,3,2000,7,EIN,es,Bank account opening,0
46f0a918-322e-4ca9-bbee-13ef3b9fad91,synth_30e6ecf08a82,itin,tabddpm_synthetic,,['en'],EIN,2024-07-23T15:37:00+00:00,100.0,0.0,22,15,6,Sunday,71,2000,19,EIN,en,Bank account opening,0
071c40dd-5a5f-4d5e-b688-d71ce2c06252,synth_1b3ff900a47d,itin,tabddpm_synthetic,,['en'],EIN,2024-09-17T02:11:00+00:00,100.0,4851.16,55,2,0,Monday,90,1,73,EIN,en,Bank account opening,0
d9eef2ed-aff4-4304-8b7f-d73a3840a983,synth_99afa08101bd,itin,tabddpm_synthetic,,['en'],EIN,2024-09-23T00:39:00+00:00,100000.0,50000.0,22,0,6,Sunday,0,1,100,EIN,en,Bank account opening,0
2da22748-d089-4294-895d-3191c4c78d83,synth_a6ad8c56b802,itin,tabddpm_synthetic,,['en'],EIN,2024-10-17T23:59:00+00:00,100000.0,50000.0,22,23,6,Sunday,0,1,100,EIN,en,Bank account opening,1
cf4df6b5-7bdd-496e-abde-0e046983c731,synth_1a41d4931b30,itin,tabddpm_synthetic,,['en'],EIN,2024-04-20T23:17:00+00:00,100.0,15017.28,55,23,0,Monday,90,2000,0,EIN,en,Bank account opening,0
d2c27c0e-4331-4ccf-a401-87a56a1e9d57,synth_9461f34e65b1,itin,tabddpm_synthetic,,['en'],EIN,2024-06-19T23:03:00+00:00,100.0,9588.63,55,23,0,Monday,90,2000,0,EIN,en,Bank account opening,0
de06b18f-7a2b-4614-a06b-80aaeef75027,synth_752c85e21a8e,itin,tabddpm_synthetic,,['en'],EIN,2024-12-11T00:43:00+00:00,77273.38,2521.13,22,0,6,Sunday,0,1,100,EIN,en,Bank account opening,1
c779af7f-84e6-4a37-959c-58eeefd860b4,synth_32eb807f4b8c,itin,tabddpm_synthetic,,['en'],EIN,2024-07-15T23:50:00+00:00,100000.0,50000.0,22,23,6,Sunday,90,1,100,EIN,en,Bank account opening,0
70cf8848-ae39-4bb3-a9d9-b558ffe5b614,synth_351868253801,itin,tabddpm_synthetic,,['en'],EIN,2024-11-06T23:35:00+00:00,100.0,467.28,47,23,6,Sunday,90,2000,11,EIN,en,Bank account opening,0
5273afd7-2718-4923-a6ce-3dc0713405d9,synth_71e675f51f8f,itin,tabddpm_synthetic,,['en'],EIN,2024-08-05T23:01:00+00:00,100.0,0.0,22,23,6,Sunday,8,2000,18,EIN,en,Bank account opening,0
1ca23e22-3103-4dc9-9d40-d0d910c1cd90,synth_df5e113e5a18,itin,tabddpm_synthetic,,['en'],EIN,2024-10-06T23:16:00+00:00,100.0,15004.73,55,23,0,Monday,90,2000,0,EIN,en,Bank account opening,0
be0cc946-8fc1-428d-b585-7480fecb7e4d,synth_ca502e92a7cc,itin,tabddpm_synthetic,,['en'],EIN,2024-06-17T23:59:00+00:00,100000.0,50000.0,55,23,0,Monday,90,2000,0,EIN,en,Bank account opening,0
779ac815-4238-4f70-9f1b-d5d3bef7a861,synth_e4b9e93a5abf,itin,tabddpm_synthetic,,['en'],EIN,2024-01-22T15:58:00+00:00,100.0,75.17,22,15,6,Sunday,90,2000,7,EIN,en,Bank account opening,0
31f17767-92b8-49d9-b2a8-0c5e887e4e20,synth_8361cd83a819,itin,tabddpm_synthetic,,['en'],EIN,2024-09-14T23:26:00+00:00,100.0,6705.69,55,23,0,Monday,90,2000,38,EIN,en,Bank account opening,0
41162f2d-ac46-424a-affc-c086b1e4e9fa,synth_58b95846e0a8,itin,tabddpm_synthetic,,['en'],EIN,2024-11-15T23:18:00+00:00,100.0,391.63,22,23,6,Sunday,29,2000,71,EIN,en,Bank account opening,0
befcce1e-6358-4a3c-a236-4c15aeeda699,synth_299e6cd14b1e,itin,tabddpm_synthetic,,['en'],EIN,2024-07-19T23:25:00+00:00,100.0,21961.97,55,23,0,Monday,90,2000,0,EIN,en,Bank account opening,1
0b5f4f47-fc8d-4da1-8395-13c9a590ba7b,synth_7a523bde0de4,itin,tabddpm_synthetic,,['en'],EIN,2024-03-08T23:03:00+00:00,100.0,755.67,55,23,0,Monday,90,2000,0,EIN,en,Bank account opening,0
fe44f525-00e9-409f-a7dc-a7b5fabf48e4,synth_d2c343c6a873,itin,tabddpm_synthetic,,['en'],EIN,2024-06-24T13:30:00+00:00,100.0,199.34,22,13,6,Sunday,68,2000,21,EIN,en,Bank account opening,0
cc092b5a-62dd-44f9-8a8e-0f1a8fdaa0f4,synth_2b6d41210335,itin,tabddpm_synthetic,,['es'],EIN,2024-08-27T07:35:00+00:00,5038.45,211.45,22,7,0,Monday,0,1393,7,EIN,es,Bank account opening,0
bbf6ee1b-74e2-4962-a388-c18efd124e8b,synth_76a7cbb852b1,itin,tabddpm_synthetic,,['en'],EIN,2024-04-30T00:59:00+00:00,100000.0,50000.0,22,0,6,Sunday,0,1,100,EIN,en,Bank account opening,1
1128d20f-0660-498e-80f5-7715dbfd8216,synth_11bb918762e2,itin,tabddpm_synthetic,,['en'],EIN,2024-02-28T00:33:00+00:00,100.0,0.0,22,0,2,Wednesday,0,1375,8,EIN,en,Bank account opening,0
992b1b69-2c61-4369-8508-cf1fa8562719,synth_ec5fc0cf4c34,itin,tabddpm_synthetic,,['en'],EIN,2024-09-22T00:20:00+00:00,100.0,0.0,55,0,6,Sunday,0,1,68,EIN,en,Bank account opening,1
b2c7dec7-ed47-481d-988b-79211ecd68ca,synth_39e5d28c8765,itin,tabddpm_synthetic,,['en'],EIN,2024-11-12T23:55:00+00:00,100000.0,50000.0,55,23,0,Monday,90,1,100,EIN,en,Bank account opening,0
e8b0352c-bcba-45d0-8434-31323f54971a,synth_8005d7456f41,itin,tabddpm_synthetic,,['en'],EIN,2024-11-26T23:51:00+00:00,100.0,5575.66,55,23,0,Monday,90,2000,13,EIN,en,Bank account opening,0
f68679c1-7bb5-4978-bc4f-137f40fb27f9,synth_bf5e9f300ad1,itin,tabddpm_synthetic,,['en'],EIN,2024-07-30T00:05:00+00:00,100000.0,50000.0,22,0,6,Sunday,0,1,100,EIN,en,Bank account opening,0
050ed6e3-e717-44a4-b5b5-994a399baf10,synth_ba9a27fd3d72,itin,tabddpm_synthetic,,['en'],EIN,2024-11-17T23:10:00+00:00,100.0,0.0,22,23,6,Sunday,46,2000,15,EIN,en,Bank account opening,0
f753edbe-f607-414c-b629-59f7bd452045,synth_f432703ccc09,itin,tabddpm_synthetic,,['en'],EIN,2024-03-04T00:25:00+00:00,100.0,0.0,22,0,6,Sunday,0,1,0,EIN,en,Bank account opening,0
507a449b-eeaf-4150-a7f2-2d9d7ac274a3,synth_e43737ab5d06,itin,tabddpm_synthetic,,['en'],EIN,2024-07-26T23:26:00+00:00,100000.0,50000.0,22,23,6,Sunday,90,1,100,EIN,en,Bank account opening,0
f47c9e4c-e093-47d8-90b6-f3838390ec50,synth_8c44dd3a8fe2,itin,tabddpm_synthetic,,['en'],EIN,2024-11-08T13:07:00+00:00,100.0,561.46,50,13,0,Monday,90,2000,14,EIN,en,Bank account opening,0
75e661ba-cd35-417d-b2b6-1fc8ae0a1229,synth_a255683c714a,itin,tabddpm_synthetic,,['en'],EIN,2024-08-19T13:06:00+00:00,100.0,0.0,22,13,6,Sunday,80,2000,16,EIN,en,Bank account opening,0
4d1dcba7-2e88-4a04-9bb8-52356f68360b,synth_3470bd4aef91,itin,tabddpm_synthetic,,['en'],EIN,2024-06-19T00:46:00+00:00,100.0,0.0,22,0,0,Monday,0,357,0,EIN,en,Bank account opening,0
6735516f-9063-40e7-85ec-9a7b7434a472,synth_f3f78b80d62a,itin,tabddpm_synthetic,,['en'],EIN,2024-10-22T00:13:00+00:00,100.0,0.0,22,0,1,Tuesday,0,1309,1,EIN,en,Bank account opening,0
8782e54b-fceb-43cd-a238-6ddd85768466,synth_76a148fc1d5c,itin,tabddpm_synthetic,,['en'],EIN,2024-03-20T00:27:00+00:00,100000.0,50000.0,22,0,6,Sunday,90,1,100,EIN,en,Bank account opening,0
7deaffd8-d277-410f-b57c-a91feb345fe8,synth_bd46aac2c309,itin,tabddpm_synthetic,,['en'],EIN,2024-12-30T00:36:00+00:00,100.0,0.0,22,0,2,Wednesday,0,1779,7,EIN,en,Bank account opening,0
a149e86a-acb2-460a-8cea-bd6f0e55e072,synth_5748b58fe477,itin,tabddpm_synthetic,,['en'],EIN,2024-02-16T00:38:00+00:00,100.0,96.33,32,0,6,Sunday,0,1,18,EIN,en,Bank account opening,0
64e6611b-e58c-4c78-a8d0-9a7f9d9e8b14,synth_17b87522fd65,itin,tabddpm_synthetic,,['en'],EIN,2024-08-09T00:31:00+00:00,10391.63,0.0,22,0,0,Monday,0,1,59,EIN,en,Bank account opening,0
be60e32e-030f-4b2c-8b8c-9c8d0b2d8d13,synth_b2383e83f573,itin,tabddpm_synthetic,,['en'],EIN,2024-02-25T23:50:00+00:00,100.0,3006.21,55,23,0,Monday,90,2000,13,EIN,en,Bank account opening,0
8612e70d-8d74-4b80-8953-10c3f48377d0,synth_079dc9a3b942,itin,tabddpm_synthetic,,['en'],EIN,2024-09-21T23:14:00+00:00,100.0,0.0,22,23,6,Sunday,10,2000,1,EIN,en,Bank account opening,0
eb157a5b-812d-4845-9743-c27df2d5fb0a,synth_0a384809a025,itin,tabddpm_synthetic,,['en'],EIN,2024-10-21T00:48:00+00:00,100.0,0.0,22,0,0,Monday,0,2000,0,EIN,en,Bank account opening,0
538409d1-dd54-46a3-881e-439b25ba3f57,synth_d477964e3168,itin,tabddpm_synthetic,,['en'],EIN,2024-01-18T00:33:00+00:00,100000.0,50000.0,55,0,0,Monday,90,1,46,EIN,en,Bank account opening,0
c5806a6e-031d-48eb-8b04-1c4428ef2493,synth_75e27d13dbe4,itin,tabddpm_synthetic,,['en'],EIN,2024-06-29T23:51:00+00:00,60229.7,704.92,22,23,6,Sunday,0,1,100,EIN,en,Bank account opening,0
c1cae7f0-a9ca-463d-9b2c-689fdd943212,synth_7e62f0e66160,itin,tabddpm_synthetic,,['en'],EIN,2024-04-22T23:57:00+00:00,100000.0,50000.0,22,23,6,Sunday,0,1,100,EIN,en,Bank account opening,1
7b829018-b950-4d85-90e0-446ab6e49a13,synth_e182d79d084b,itin,tabddpm_synthetic,,['en'],EIN,2024-01-20T14:11:00+00:00,100.0,0.0,22,14,6,Sunday,72,2000,16,EIN,en,Bank account opening,0
05ab7b79-bddc-4120-81a2-941ca1ea9a94,synth_462dd235d349,itin,tabddpm_synthetic,,['en'],EIN,2024-08-02T23:11:00+00:00,100.0,1975.96,55,23,0,Monday,90,2000,0,EIN,en,Bank account opening,0
1aed07e7-3ad5-4cb4-b75b-6075427578bb,synth_82d04fa254b3,itin,tabddpm_synthetic,,['en'],EIN,2024-10-18T23:17:00+00:00,100000.0,50000.0,22,23,6,Sunday,0,1,100,EIN,en,Bank account opening,0
534a50c1-6141-42f1-929e-bde4ba2fa9df,synth_9fc70c51e347,itin,tabddpm_synthetic,,['en'],EIN,2024-12-26T00:55:00+00:00,100.0,0.0,28,0,0,Monday,0,2000,9,EIN,en,Bank account opening,0
8be9cbad-f156-49ea-a836-7127fa4932bd,synth_d8c8566c64d7,itin,tabddpm_synthetic,,['en'],EIN,2024-02-29T01:35:00+00:00,5337.71,449.56,22,1,5,Saturday,4,1,7,EIN,en,Bank account opening,0
0f7242f9-c881-4a31-9f99-b8473c617fa0,synth_d3679f12436f,itin,tabddpm_synthetic,,['en'],EIN,2024-08-23T23:39:00+00:00,100.0,22308.61,55,23,0,Monday,90,2000,0,EIN,en,Bank account opening,0
3468dfa5-9748-411d-896b-d86059c502c7,synth_b4005332ebc9,itin,tabddpm_synthetic,,['en'],EIN,2024-09-25T00:42:00+00:00,100.0,0.0,22,0,3,Thursday,0,652,0,EIN,en,Bank account opening,0
a4eac67f-2d95-4460-87fd-b629c27bb3ba,synth_77ff271eff8b,itin,tabddpm_synthetic,,['en'],EIN,2024-08-20T23:39:00+00:00,100000.0,26687.21,22,23,6,Sunday,0,1,100,EIN,en,Bank account opening,0
cd95ff14-879d-4c85-9d59-9caa3967b2f2,synth_ad4529587ffe,itin,tabddpm_synthetic,,['en'],EIN,2024-08-16T00:10:00+00:00,27550.38,1080.57,22,0,6,Sunday,0,1,91,EIN,en,Bank account opening,0
b72b0aa6-c96a-411e-9019-77d7ababd487,synth_cffa44c76193,itin,tabddpm_synthetic,,['en'],EIN,2024-08-03T23:19:00+00:00,100000.0,50000.0,22,23,6,Sunday,0,1,100,EIN,en,Bank account opening,1
6ada0407-8a95-4c24-948d-8a09abd63ae5,synth_c55065b72274,itin,tabddpm_synthetic,,['en'],EIN,2024-04-12T14:46:00+00:00,100.0,0.0,22,14,6,Sunday,19,2000,12,EIN,en,Bank account opening,0
62054c9e-2cbe-4599-9fc4-5b638a15f3df,synth_6cdfd295ef5b,itin,tabddpm_synthetic,,['en'],EIN,2024-11-26T04:12:00+00:00,100.0,689.98,55,4,0,Monday,90,1,21,EIN,en,Bank account opening,0
e61766a7-a2d0-452d-93d8-34f76b4043e5,synth_94f1d5a50bd8,itin,tabddpm_synthetic,,['en'],EIN,2024-06-28T00:33:00+00:00,100.0,0.0,22,0,6,Sunday,0,1,0,EIN,en,Bank account opening,0
d8149969-4ffc-4bbb-8aae-478d68b7d39d,synth_9b2aebff1a42,itin,tabddpm_synthetic,,['en'],EIN,2024-01-19T23:29:00+00:00,100000.0,50000.0,22,23,6,Sunday,0,1,100,EIN,en,Bank account opening,0
61863ed9-c2b2-4262-ab48-fdaed0ca1d75,synth_47d4413f8372,itin,tabddpm_synthetic,,['en'],EIN,2024-09-23T00:10:00+00:00,100.0,364.01,22,0,6,Sunday,17,2000,27,EIN,en,Bank account opening,0
cebade71-bd60-4c03-b581-ec8ceda3d32f,synth_ba3676acd16b,itin,tabddpm_synthetic,,['en'],EIN,2024-09-09T22:46:00+00:00,100.0,400.7,38,22,6,Sunday,90,2000,19,EIN,en,Bank account opening,0
09cd4753-ad6c-4ce5-a565-27df2e64de63,synth_46425eb577ce,itin,tabddpm_synthetic,,['en'],EIN,2024-03-25T23:00:00+00:00,100000.0,50000.0,22,23,6,Sunday,0,1,100,EIN,en,Bank account opening,0
34a0ffe2-0806-4a01-a5dd-fcc43596902e,synth_88123097d3ab,itin,tabddpm_synthetic,,['en'],EIN,2024-10-17T00:44:00+00:00,100000.0,50000.0,22,0,6,Sunday,90,1,100,EIN,en,Bank account opening,0
63cc1626-e436-499f-998d-d8eac0a7694b,synth_094742eef503,itin,tabddpm_synthetic,,['en'],EIN,2024-01-16T19:22:00+00:00,100.0,0.0,55,19,6,Sunday,90,682,6,EIN,en,Bank account opening,0
f5c6ce4b-3a53-4a75-900e-62e79ea96046,synth_ffd25fc74d09,itin,tabddpm_synthetic,,['en'],EIN,2024-06-15T00:12:00+00:00,12866.54,375.57,22,0,6,Sunday,0,1,51,EIN,en,Bank account opening,0
49e058bd-3a7d-4a2d-af89-d9ea4aa85d51,synth_4557d66f65d8,itin,tabddpm_synthetic,,['en'],EIN,2024-09-01T01:54:00+00:00,100.0,0.0,22,1,6,Sunday,21,2000,9,EIN,en,Bank account opening,0
d9990e70-c762-4bb8-b018-405ff6d62c19,synth_9d5dfec36abb,itin,tabddpm_synthetic,,['en'],EIN,2024-05-27T00:59:00+00:00,8227.39,420.28,22,0,6,Sunday,0,1,67,EIN,en,Bank account opening,0
2da9a3cf-140c-406f-ac63-f95f40254b0f,synth_86fee3725c42,itin,tabddpm_synthetic,,['en'],EIN,2024-11-30T23:14:00+00:00,100000.0,6783.97,22,23,0,Monday,20,1,100,EIN,en,Bank account opening,0
c4efda2d-5a05-4d3f-b7d2-97efb91f276b,synth_d08d449286bc,itin,tabddpm_synthetic,,['en'],EIN,2024-11-01T00:11:00+00:00,100.0,0.0,55,0,6,Sunday,0,1,39,EIN,en,Bank account opening,0
6f86496f-018b-4186-b697-c638642b7529,synth_fed684a10ee2,itin,tabddpm_synthetic,,['en'],EIN,2024-01-13T23:37:00+00:00,100.0,0.0,22,23,6,Sunday,15,2000,7,EIN,en,Bank account opening,0
1089ee45-37ce-4e11-a89a-3ba1dd5c6e65,synth_004b0c5f68e4,itin,tabddpm_synthetic,,['en'],EIN,2024-06-19T15:07:00+00:00,100.0,0.0,22,15,6,Sunday,37,2000,10,EIN,en,Bank account opening,0
767ca6e0-9476-41f3-92f8-aabe07473e87,synth_912d9b2eb058,itin,tabddpm_synthetic,,['en'],EIN,2024-10-17T00:09:00+00:00,100000.0,50000.0,22,0,6,Sunday,90,1,100,EIN,en,Bank account opening,0
b56d858a-155b-4f96-a743-2bc9db1d34ec,synth_85d6ae7c98de,itin,tabddpm_synthetic,,['en'],EIN,2024-07-21T14:03:00+00:00,100.0,7518.89,55,14,0,Monday,90,2000,23,EIN,en,Bank account opening,0
e103cfbe-7444-47de-a005-7448068d2d9d,synth_f9dda254d37b,itin,tabddpm_synthetic,,['en'],EIN,2024-01-22T20:38:00+00:00,100.0,2.04,22,20,6,Sunday,8,2000,11,EIN,en,Bank account opening,0
6cb67243-895d-47f4-a369-c7bd2b06597d,synth_30f71f1811dd,itin,tabddpm_synthetic,,['en'],EIN,2024-09-27T00:20:00+00:00,100.0,144.39,22,0,6,Sunday,75,2000,40,EIN,en,Bank account opening,0
ec8cedfe-2109-4668-b035-70717ba0155f,synth_82926ee3ad8a,itin,tabddpm_synthetic,,['en'],EIN,2024-10-05T00:05:00+00:00,100000.0,50000.0,22,0,6,Sunday,90,1,100,EIN,en,Bank account opening,0
132eb1f3-062b-4145-9a72-a090e2cb22de,synth_e9f71f040e69,itin,tabddpm_synthetic,,['en'],EIN,2024-02-05T00:46:00+00:00,100.0,0.0,22,0,5,Saturday,0,1,1,EIN,en,Bank account opening,0
0a2ce0c3-47cb-44ad-b632-f98581338ac5,synth_7b9392c885ef,itin,tabddpm_synthetic,,['en'],EIN,2024-04-30T06:15:00+00:00,100.0,0.0,22,6,6,Sunday,31,2000,3,EIN,en,Bank account opening,0
2469ee37-f728-46d6-9c68-1ecf6f416399,synth_718039b02874,itin,tabddpm_synthetic,,['en'],EIN,2024-09-26T00:05:00+00:00,14245.02,0.0,22,0,1,Tuesday,0,1,71,EIN,en,Bank account opening,0
ee0f1940-0c8c-49f4-8ccf-d655a23981b1,synth_2ee711561d30,itin,tabddpm_synthetic,,['en'],EIN,2024-01-01T00:13:00+00:00,861.1,0.0,55,0,6,Sunday,0,1,0,EIN,en,Bank account opening,0
1d353c63-3de7-4a69-9d83-6ecd84d5e3ed,synth_16e72d142b13,itin,tabddpm_synthetic,,['es'],EIN,2024-03-14T09:56:00+00:00,3827.5,158.11,35,9,0,Monday,0,424,5,EIN,es,Bank account opening,0
a52b2586-0e03-438f-a22b-768f7a70a602,synth_1d5da67abdb7,itin,tabddpm_synthetic,,['en'],EIN,2024-12-18T00:25:00+00:00,3752.71,425.17,55,0,4,Friday,34,451,6,EIN,en,Bank account opening,0
55a91917-8a4a-4888-8871-3b567fb9db56,synth_8b8207acc520,itin,tabddpm_synthetic,,['en'],EIN,2024-05-14T08:06:00+00:00,3461.73,574.29,49,8,6,Sunday,90,2000,6,EIN,en,Bank account opening,0
c60e4fd0-2249-44fc-be66-b7d421bb183a,synth_d4fa53adc7c7,itin,tabddpm_synthetic,,['en'],EIN,2024-04-07T23:09:00+00:00,100.0,0.0,22,23,6,Sunday,35,2000,12,EIN,en,Bank account opening,0
4a633f10-2731-490a-804e-b06413be536c,synth_f2111b830355,itin,tabddpm_synthetic,,['en'],EIN,2024-06-11T21:50:00+00:00,100.0,0.0,22,21,6,Sunday,17,2000,4,EIN,en,Bank account opening,0
60869e73-b39f-4794-96df-bd3bb7a89145,synth_237b504362cf,itin,tabddpm_synthetic,,['en'],EIN,2024-10-10T00:00:00+00:00,100000.0,50000.0,22,0,6,Sunday,0,1,100,EIN,en,Bank account opening,1
e0b6a9dc-6084-4981-b83e-563ef3c268c3,synth_cc4edd99a7ad,itin,tabddpm_synthetic,,['en'],EIN,2024-04-10T00:02:00+00:00,100000.0,50000.0,22,0,0,Monday,0,1,100,EIN,en,Bank account opening,0
542fd838-b23a-43cd-b79c-eeed2c5f1e9b,synth_ba8dc28ecc5d,itin,tabddpm_synthetic,,['en'],EIN,2024-01-18T15:51:00+00:00,100.0,60.05,22,15,6,Sunday,7,2000,18,EIN,en,Bank account opening,0
4e95ae17-f345-40cc-8f7f-e4eadcef0dbe,synth_7d41100def38,itin,tabddpm_synthetic,,['en'],EIN,2024-08-21T23:01:00+00:00,100.0,4663.8,55,23,0,Monday,90,2000,0,EIN,en,Bank account opening,0
7130cd9e-9cbb-4699-89fb-50541e156b86,synth_bce6c020087e,itin,tabddpm_synthetic,,['es'],EIN,2024-09-17T12:22:00+00:00,3515.51,171.19,36,12,6,Sunday,19,777,3,EIN,es,Bank account opening,0
5387f754-35a7-40e1-a4cb-13fa2b8dcdc8,synth_0491816d1d5c,itin,tabddpm_synthetic,,['en'],EIN,2024-03-05T23:40:00+00:00,100.0,6820.38,55,23,0,Monday,90,2000,14,EIN,en,Bank account opening,0
370b225c-ed8d-4bfe-b80b-14f7debe0872,synth_ffa95add3edc,itin,tabddpm_synthetic,,['en'],EIN,2024-12-14T23:45:00+00:00,100000.0,50000.0,22,23,6,Sunday,0,1,100,EIN,en,Bank account opening,0
48a32d9f-fd1c-4791-b238-31dfb9f3d6cc,synth_dd72d8854747,itin,tabddpm_synthetic,,['en'],EIN,2024-08-04T20:49:00+00:00,100.0,280.9,22,20,6,Sunday,12,2000,37,EIN,en,Bank account opening,0
2eb4d43f-06b4-4516-a8bc-b1e7083562c5,synth_4c964b4799c9,itin,tabddpm_synthetic,,['en'],EIN,2024-09-27T00:46:00+00:00,100000.0,50000.0,22,0,0,Monday,90,1,100,EIN,en,Bank account opening,0
cc0a8ece-095e-4cb0-97d8-83a2bf4e04f8,synth_1ebcbafffc33,itin,tabddpm_synthetic,,['en'],EIN,2024-02-09T00:35:00+00:00,100000.0,50000.0,22,0,6,Sunday,0,1,100,EIN,en,Bank account opening,1
d770db8c-29e8-4bd0-977e-9322321a76c5,synth_79ec2e63569a,itin,tabddpm_synthetic,,['en'],EIN,2024-05-22T12:09:00+00:00,7928.64,126.18,33,12,4,Friday,17,1122,14,EIN,en,Bank account opening,0
0969f3f2-adde-4854-8848-90d4382708b2,synth_203684b57f6d,itin,tabddpm_synthetic,,['en'],EIN,2024-06-13T23:02:00+00:00,100000.0,50000.0,22,23,6,Sunday,0,1,100,EIN,en,Bank account opening,1
323e57e1-c0a6-4481-87c7-0ff301397af4,synth_50fad644754e,itin,tabddpm_synthetic,,['en'],EIN,2024-02-27T00:43:00+00:00,100.0,0.0,22,0,0,Monday,0,2000,0,EIN,en,Bank account opening,0
76d0e3e5-0033-400b-80cc-9a9605b6819b,synth_f080c4eee267,itin,tabddpm_synthetic,,['en'],EIN,2024-12-04T00:18:00+00:00,100000.0,50000.0,22,0,6,Sunday,0,1,100,EIN,en,Bank account opening,0
b985a70a-12f5-4fa4-b1dc-b41be6db3de6,synth_5582a9a99894,itin,tabddpm_synthetic,,['en'],EIN,2024-04-09T00:17:00+00:00,100000.0,50000.0,22,0,0,Monday,90,1,100,EIN,en,Bank account opening,0
e6dd0cf0-760f-48b1-a9c4-c4c30c655407,synth_297b94405851,itin,tabddpm_synthetic,,['en'],EIN,2024-01-23T00:09:00+00:00,100.0,0.0,22,0,3,Thursday,0,1,4,EIN,en,Bank account opening,0
d7abd3fa-90ab-4c6b-8d9c-c390d11e5896,synth_f2d5793ca79a,itin,tabddpm_synthetic,,['en'],EIN,2024-03-28T03:49:00+00:00,100.0,0.0,49,3,6,Sunday,0,398,50,EIN,en,Bank account opening,0
040ae086-4bf3-4a06-a222-e3cca88eb4f6,synth_00297d9383b7,itin,tabddpm_synthetic,,['en'],EIN,2024-11-08T14:14:00+00:00,100.0,0.0,29,14,6,Sunday,28,2000,6,EIN,en,Bank account opening,0
df965e68-8f20-49ff-b0ef-86ddcc43bf14,synth_d7fb9de3d2e0,itin,tabddpm_synthetic,,['en'],EIN,2024-08-20T00:39:00+00:00,1793.73,0.0,22,0,1,Tuesday,0,1016,10,EIN,en,Bank account opening,0
c63794c6-c414-4cc4-9dd5-7c83c0f42156,synth_84d082ce38cd,itin,tabddpm_synthetic,,['es'],EIN,2024-11-01T00:10:00+00:00,100.0,0.0,22,0,2,Wednesday,0,2000,8,EIN,es,Bank account opening,0
87180854-8732-4748-9d46-d0d31707f5d5,synth_4155c99464ea,itin,tabddpm_synthetic,,['es'],EIN,2024-07-02T04:43:00+00:00,100.0,118.28,29,4,0,Monday,6,852,10,EIN,es,Bank account opening,0
0e9b8795-d8b1-46fc-9a6e-5a3cb6cb6f9d,synth_a119508d5fc7,itin,tabddpm_synthetic,,['en'],EIN,2024-05-07T23:58:00+00:00,100000.0,50000.0,22,23,6,Sunday,0,1,100,EIN,en,Bank account opening,0
ff131fe9-da23-4b75-bddb-7ecc4068667d,synth_b012b8be954b,itin,tabddpm_synthetic,,['en'],EIN,2024-11-07T00:09:00+00:00,100000.0,17639.43,22,0,6,Sunday,0,1,100,EIN,en,Bank account opening,0
8bcba028-efe4-4882-8fb7-45baf70b1fff,synth_0ebeba4a4fee,itin,tabddpm_synthetic,,['en'],EIN,2024-12-16T21:51:00+00:00,100.0,2461.04,22,21,6,Sunday,0,2000,100,EIN,en,Bank account opening,0
604401fe-02b7-4142-8ffc-914f3eb65539,synth_ff7482d55d18,itin,tabddpm_synthetic,,['en'],EIN,2024-05-14T15:03:00+00:00,100.0,314.76,22,15,6,Sunday,6,2000,13,EIN,en,Bank account opening,0
a87af85e-dc57-45ae-a751-bfc2113ba90d,synth_52a844323aeb,itin,tabddpm_synthetic,,['en'],EIN,2024-09-22T00:32:00+00:00,100.0,0.0,22,0,1,Tuesday,0,2000,3,EIN,en,Bank account opening,0
5bb640be-41e8-4b7f-8eac-d99b3ba18815,synth_9f3bcb7af269,itin,tabddpm_synthetic,,['es'],EIN,2024-10-25T19:59:00+00:00,850.18,139.27,22,19,2,Wednesday,1,2000,8,EIN,es,Bank account opening,0
b3864608-7d83-4add-bd93-8e2eec211503,synth_074717b0ab89,itin,tabddpm_synthetic,,['en'],EIN,2024-10-02T09:46:00+00:00,1984.91,96.91,38,9,1,Tuesday,16,1626,7,EIN,en,Bank account opening,0
b428a897-4c23-4ac6-b8b5-d6ea9835fd7d,synth_a78e713f8e2b,itin,tabddpm_synthetic,,['en'],EIN,2024-05-07T23:12:00+00:00,100000.0,50000.0,22,23,6,Sunday,0,1,100,EIN,en,Bank account opening,0
2f144160-f85c-4888-a8f6-cfe2a528ea1d,synth_57735757f60a,itin,tabddpm_synthetic,,['en'],EIN,2024-11-06T00:25:00+00:00,100000.0,50000.0,22,0,0,Monday,90,1,100,EIN,en,Bank account opening,0
9ae8c3ee-5780-4b5f-bd4a-9c3fd336695e,synth_aa72b33c581a,itin,tabddpm_synthetic,,['en'],EIN,2024-07-20T06:36:00+00:00,100.0,153.95,22,6,6,Sunday,21,2000,0,EIN,en,Bank account opening,0
69dca8ac-bfff-4a9f-915c-3e0a2a6fcd8c,synth_d8b18d22e157,itin,tabddpm_synthetic,,['en'],EIN,2024-02-07T09:16:00+00:00,100.0,233.69,22,9,6,Sunday,65,2000,10,EIN,en,Bank account opening,0
de3fec1c-e5ef-4cd0-8288-036e22c9f736,synth_38c447763ee6,itin,tabddpm_synthetic,,['en'],EIN,2024-07-09T23:38:00+00:00,100.0,5125.27,55,23,0,Monday,90,2000,0,EIN,en,Bank account opening,0
6cc18325-711f-49af-abd9-c3c1605ee777,synth_0cff6da61778,itin,tabddpm_synthetic,,['en'],EIN,2024-08-29T00:52:00+00:00,100.0,133.43,22,0,6,Sunday,0,1,0,EIN,en,Bank account opening,0
7217444b-f074-4c7a-afb4-86bb865835b4,synth_6b79717ddb1e,itin,tabddpm_synthetic,,['en'],EIN,2024-10-23T23:10:00+00:00,100.0,7763.64,55,23,0,Monday,90,2000,0,EIN,en,Bank account opening,0
b75b9a24-86d6-4ec1-abaa-70e171373efd,synth_bcf09d5c4dab,itin,tabddpm_synthetic,,['en'],EIN,2024-01-08T19:30:00+00:00,100.0,0.0,22,19,6,Sunday,20,2000,0,EIN,en,Bank account opening,0
05a9959d-a346-4c0f-8427-eab5a9fd4daa,synth_ef289c2c3dfe,itin,tabddpm_synthetic,,['en'],EIN,2024-02-02T00:33:00+00:00,100000.0,50000.0,22,0,0,Monday,90,1,100,EIN,en,Bank account opening,0
e2156c38-0851-428a-ae77-7479214ce762,synth_75ebf2024f79,itin,tabddpm_synthetic,,['en'],EIN,2024-02-28T19:49:00+00:00,400.72,0.0,29,19,4,Friday,10,2000,10,EIN,en,Bank account opening,0
93a8b0ea-8848-4b53-86c4-7bc3fe514b57,synth_afc647f3a7d0,itin,tabddpm_synthetic,,['en'],EIN,2024-08-25T11:51:00+00:00,100.0,0.0,22,11,6,Sunday,90,2000,13,EIN,en,Bank account opening,0
7c2ef76f-f294-446b-8cf5-436fdb78c783,synth_23dd44c16590,itin,tabddpm_synthetic,,['en'],EIN,2024-06-24T00:28:00+00:00,100000.0,50000.0,22,0,6,Sunday,0,1,100,EIN,en,Bank account opening,0
fb6889a2-07f2-46d3-839e-75d94c331150,synth_f5f832037458,itin,tabddpm_synthetic,,['en'],EIN,2024-06-04T00:30:00+00:00,100.0,0.0,22,0,5,Saturday,0,1694,0,EIN,en,Bank account opening,0
669dc871-a79f-48a2-aa4c-bf151bf97972,synth_ad4fe5452cc6,itin,tabddpm_synthetic,,['en'],EIN,2024-08-09T23:44:00+00:00,100.0,8646.26,55,23,0,Monday,90,2000,0,EIN,en,Bank account opening,0
ea63bcc4-a839-48c8-bb1a-6d3f1d2b435e,synth_368aa49ae770,itin,tabddpm_synthetic,,['en'],EIN,2024-01-30T00:21:00+00:00,100000.0,50000.0,55,0,0,Monday,90,1,100,EIN,en,Bank account opening,0
6fb927fe-2334-48c2-af54-2ec6756a5e79,synth_a3e3d4f94fdf,itin,tabddpm_synthetic,,['en'],EIN,2024-05-29T14:45:00+00:00,8357.84,0.0,22,14,0,Monday,0,1075,23,EIN,en,Bank account opening,0
5b67f771-b5af-4194-b487-ebc57a33902f,synth_eeb8b171fd76,itin,tabddpm_synthetic,,['en'],EIN,2024-05-17T20:10:00+00:00,100.0,0.0,22,20,6,Sunday,40,2000,6,EIN,en,Bank account opening,0
72bcaa5e-53c9-437b-b6f4-60601f722742,synth_a022adeb910e,itin,tabddpm_synthetic,,['en'],EIN,2024-04-24T00:30:00+00:00,100.0,0.0,22,0,0,Monday,0,620,3,EIN,en,Bank account opening,0
bd2d517f-6d09-4eb5-80f5-fa236da9c9f2,synth_288a8ead4d0b,itin,tabddpm_synthetic,,['en'],EIN,2024-01-18T00:47:00+00:00,100.0,0.0,22,0,0,Monday,0,2000,0,EIN,en,Bank account opening,0
4aaa64fb-1880-4213-9c83-52e26517235c,synth_adad9c1e7a3a,itin,tabddpm_synthetic,,['en'],EIN,2024-01-30T00:06:00+00:00,100.0,0.0,22,0,6,Sunday,0,1,4,EIN,en,Bank account opening,0
50e85928-ec07-487a-b73e-4c1a1d4abfae,synth_e52406e5627c,itin,tabddpm_synthetic,,['en'],EIN,2024-04-26T00:38:00+00:00,100000.0,50000.0,22,0,6,Sunday,0,1,100,EIN,en,Bank account opening,0
ca91e1b2-0ddb-4861-b569-20c0a20e56a6,synth_54432498d523,itin,tabddpm_synthetic,,['en'],EIN,2024-03-20T13:58:00+00:00,100.0,0.0,22,13,6,Sunday,28,2000,8,EIN,en,Bank account opening,0
8e32f8db-1544-429f-a742-52ecd470522b,synth_31dd902f1427,itin,tabddpm_synthetic,,['en'],EIN,2024-01-05T23:19:00+00:00,100.0,587.73,55,23,0,Monday,90,1893,4,EIN,en,Bank account opening,0
438257b5-f482-44c5-adf5-62295200c1f7,synth_58b2e642a761,itin,tabddpm_synthetic,,['en'],EIN,2024-10-28T00:52:00+00:00,29392.96,918.22,22,0,6,Sunday,0,1,77,EIN,en,Bank account opening,0
b6889927-0269-45e9-880a-1b9bae4acc63,synth_f23d5b0459da,itin,tabddpm_synthetic,,['en'],EIN,2024-05-03T15:13:00+00:00,100.0,0.0,22,15,6,Sunday,30,2000,6,EIN,en,Bank account opening,0
f27d5285-c9fb-4270-bf30-0dbb6dd548f8,synth_cb6787f15bd5,itin,tabddpm_synthetic,,['en'],EIN,2024-12-14T00:59:00+00:00,100000.0,50000.0,22,0,6,Sunday,0,1,100,EIN,en,Bank account opening,0
9893b207-a009-4fe7-a092-052269acd7f6,synth_3fdcc914bc1f,itin,tabddpm_synthetic,,['en'],EIN,2024-04-10T00:27:00+00:00,100000.0,50000.0,22,0,6,Sunday,0,1,100,EIN,en,Bank account opening,1
7052f354-4cc7-4fa5-b612-b7f47b37d1f9,synth_7ef6ff3607aa,itin,tabddpm_synthetic,,['en'],EIN,2024-06-21T00:54:00+00:00,100000.0,50000.0,22,0,6,Sunday,90,1,100,EIN,en,Bank account opening,1
748fb938-18a4-4a82-b9e6-1fdad3f2f2f9,synth_29596751f13d,itin,tabddpm_synthetic,,['en'],EIN,2024-09-07T06:18:00+00:00,100.0,603.53,55,6,0,Monday,90,1257,1,EIN,en,Bank account opening,0
dea197f1-122c-4c6f-bad1-aa2d4f7ebeec,synth_8d772e5abdfc,itin,tabddpm_synthetic,,['en'],EIN,2024-09-20T00:22:00+00:00,100000.0,50000.0,22,0,6,Sunday,90,1,0,EIN,en,Bank account opening,0
340d477f-e67d-413a-abb3-9c8370130bc9,synth_3355741572d4,itin,tabddpm_synthetic,,['en'],EIN,2024-12-26T23:51:00+00:00,100.0,38415.86,55,23,0,Monday,90,2000,0,EIN,en,Bank account opening,0
d2cccd46-f29e-4790-b48f-0cca6667fecb,synth_767fad67d6fb,itin,tabddpm_synthetic,,['en'],EIN,2024-11-21T23:36:00+00:00,100.0,2947.77,55,23,0,Monday,90,2000,0,EIN,en,Bank account opening,0
b5d478e4-92b0-4bf6-be4d-af3d156c30dd,synth_c4ce6fa1ab2d,itin,tabddpm_synthetic,,['en'],EIN,2024-12-13T23:16:00+00:00,100.0,0.0,22,23,6,Sunday,16,2000,12,EIN,en,Bank account opening,0
6d2dc5b8-ebfd-47dd-9429-78b759776203,synth_0f85d74b0ccc,itin,tabddpm_synthetic,,['en'],EIN,2024-09-28T23:07:00+00:00,100.0,1488.36,55,23,0,Monday,90,2000,0,EIN,en,Bank account opening,0
2d9c7fb9-4b71-4a00-8539-1b30b0753dbb,synth_ba3aee7192b4,itin,tabddpm_synthetic,,['en'],EIN,2024-05-16T00:38:00+00:00,100000.0,9601.92,22,0,0,Monday,0,1,100,EIN,en,Bank account opening,0
8bfc25ea-917d-40bf-9127-6c7a702e38b6,synth_278b72829c09,itin,tabddpm_synthetic,,['en'],EIN,2024-03-14T23:56:00+00:00,100.0,0.0,22,23,6,Sunday,8,2000,6,EIN,en,Bank account opening,0
3e86896c-cc3e-499f-97a0-f60edd3386ec,synth_642e745fd84f,itin,tabddpm_synthetic,,['en'],EIN,2024-08-30T23:58:00+00:00,100.0,6920.58,55,23,0,Monday,90,2000,8,EIN,en,Bank account opening,0
2ffe18cf-4975-4db1-af7d-11b75f1d9190,synth_04f2969f61e0,itin,tabddpm_synthetic,,['en'],EIN,2024-08-25T23:04:00+00:00,48200.5,0.0,22,23,0,Monday,0,1,100,EIN,en,Bank account opening,0
0af9f211-462e-427d-b90e-8b9bcfe1066b,synth_fd1e33df9e17,itin,tabddpm_synthetic,,['en'],EIN,2024-07-10T14:48:00+00:00,100.0,632.25,22,14,6,Sunday,5,1687,43,EIN,en,Bank account opening,0
28a85dea-022d-4d29-bed5-05c804b74d6a,synth_6fcc628cc079,itin,tabddpm_synthetic,,['en'],EIN,2024-08-30T00:01:00+00:00,100.0,30.9,22,0,6,Sunday,40,2000,7,EIN,en,Bank account opening,0
39983869-3300-4154-b175-455962bc0465,synth_9f8dd5f90993,itin,tabddpm_synthetic,,['en'],EIN,2024-09-18T09:05:00+00:00,6450.29,200.17,40,9,5,Saturday,3,521,7,EIN,en,Bank account opening,0
6c5007b8-c8e5-43b0-9bfa-fd1771a08d15,synth_f27f77ac1565,itin,tabddpm_synthetic,,['en'],EIN,2024-12-07T01:06:00+00:00,7155.89,0.0,36,1,2,Wednesday,0,7,0,EIN,en,Bank account opening,0
ee85759d-4670-4751-8f2a-5a211e005196,synth_966c28890d60,itin,tabddpm_synthetic,,['en'],EIN,2024-10-15T15:11:00+00:00,100.0,0.0,22,15,6,Sunday,78,2000,38,EIN,en,Bank account opening,0
b4d3bad6-cf88-4330-9b67-f5495d528558,synth_2ec72a404aee,itin,tabddpm_synthetic,,['en'],EIN,2024-02-28T14:23:00+00:00,100.0,0.0,22,14,6,Sunday,21,2000,11,EIN,en,Bank account opening,0
d0b02a79-4e2a-4106-bd1b-be32c979889b,synth_f88d265263e3,itin,tabddpm_synthetic,,['en'],EIN,2024-08-12T00:34:00+00:00,100000.0,50000.0,22,0,6,Sunday,0,1,100,EIN,en,Bank account opening,0
4e697a69-487a-42eb-9a08-22e2e3281246,synth_8f06420c2578,itin,tabddpm_synthetic,,['en'],EIN,2024-01-25T15:26:00+00:00,100.0,0.0,22,15,6,Sunday,39,2000,4,EIN,en,Bank account opening,0
ac8206ae-dd5e-43ed-8b00-0461ac973153,synth_89cc23211052,itin,tabddpm_synthetic,,['en'],EIN,2024-02-04T00:37:00+00:00,45763.06,837.61,22,0,0,Monday,0,1,86,EIN,en,Bank account opening,0
d7f42375-0cdf-405b-96f6-cdc61897484c,synth_f32346bd33e9,itin,tabddpm_synthetic,,['en'],EIN,2024-01-16T00:34:00+00:00,100000.0,50000.0,22,0,6,Sunday,0,1,100,EIN,en,Bank account opening,0
43b85951-244e-4150-8f29-7b5bf47bdc4e,synth_72b91aebf900,itin,tabddpm_synthetic,,['en'],EIN,2024-08-11T15:52:00+00:00,100.0,0.0,22,15,5,Saturday,42,2000,9,EIN,en,Bank account opening,0
9490152c-1c99-4f89-9603-96a45cda3d90,synth_00b737cc24bb,itin,tabddpm_synthetic,,['en'],EIN,2024-05-17T23:05:00+00:00,100000.0,19769.09,22,23,5,Saturday,0,1,100,EIN,en,Bank account opening,0
f11a0ecf-e92b-44b2-973e-62711be4914a,synth_c025e068b765,itin,tabddpm_synthetic,,['en'],EIN,2024-09-11T23:24:00+00:00,100000.0,50000.0,22,23,6,Sunday,0,1,100,EIN,en,Bank account opening,1
855a73e8-7ba2-4633-ba2c-4a96af4ebe1f,synth_6e20fb2e0ddd,itin,tabddpm_synthetic,,['en'],EIN,2024-03-03T00:52:00+00:00,2916.77,926.87,55,0,0,Monday,90,1,9,EIN,en,Bank account opening,0
5aa7f9f8-e3bf-4ae6-88f2-c32dad795b3d,synth_6238388244e6,itin,tabddpm_synthetic,,['en'],EIN,2024-09-03T07:23:00+00:00,1536.6,416.29,55,7,3,Thursday,90,2000,9,EIN,en,Bank account opening,0
56b62df2-2b44-4bdf-8973-507df5b5dafe,synth_d4aac5048408,itin,tabddpm_synthetic,,['en'],EIN,2024-07-27T23:41:00+00:00,100.0,4019.65,55,23,0,Monday,90,1,40,EIN,en,Bank account opening,0
5b937529-48c6-456b-9b92-2959435d46ce,synth_6555dae9448f,itin,tabddpm_synthetic,,['en'],EIN,2024-09-03T23:39:00+00:00,100000.0,7656.47,22,23,6,Sunday,0,1,100,EIN,en,Bank account opening,1
fb9a0152-e106-4887-81cf-51f6b925c13a,synth_8ca15bd37451,itin,tabddpm_synthetic,,['en'],EIN,2024-08-15T23:37:00+00:00,100000.0,50000.0,22,23,6,Sunday,90,1,100,EIN,en,Bank account opening,1
6fb97a11-1bf6-4d03-a230-4ed734e3faa0,synth_720d7fa69dfe,itin,tabddpm_synthetic,,['es'],EIN,2024-05-19T12:48:00+00:00,100.0,305.87,26,12,6,Sunday,6,2000,3,EIN,es,Bank account opening,0
3ff6833f-9ce1-4eb8-a345-b6efa48239a5,synth_81890014a00a,itin,tabddpm_synthetic,,['en'],EIN,2024-08-27T00:42:00+00:00,100.0,0.0,22,0,6,Sunday,0,1,0,EIN,en,Bank account opening,0
a575f26a-29b1-41b8-8b7d-1de00c9f938d,synth_ad18907a3f3f,itin,tabddpm_synthetic,,['en'],EIN,2024-10-31T23:58:00+00:00,100000.0,50000.0,22,23,6,Sunday,0,1,100,EIN,en,Bank account opening,1
28527519-a7f3-4b08-b0ff-80892b1cc0c8,synth_7123bc3b8eb6,itin,tabddpm_synthetic,,['en'],EIN,2024-06-28T00:04:00+00:00,100000.0,50000.0,22,0,6,Sunday,0,1,100,EIN,en,Bank account opening,1
93ca8009-3890-4a18-b62d-76eac11d06a3,synth_f2bed2c90713,itin,tabddpm_synthetic,,['en'],EIN,2024-11-30T23:46:00+00:00,100000.0,50000.0,22,23,6,Sunday,0,1,100,EIN,en,Bank account opening,0
2a4d3a02-d859-4c16-9255-a5aad7b4ea9a,synth_666c8105140e,itin,tabddpm_synthetic,,['en'],EIN,2024-06-19T00:55:00+00:00,100.0,0.0,24,0,4,Friday,3,2000,4,EIN,en,Bank account opening,0
43602ac8-930f-4467-8ce0-7bd17cde947b,synth_f92db68efe33,itin,tabddpm_synthetic,,['en'],EIN,2024-08-07T23:10:00+00:00,100.0,37483.12,55,23,0,Monday,90,2000,100,EIN,en,Bank account opening,0
e6d664a6-8695-4d37-9166-2ac6eb4abb83,synth_56a031b3f463,itin,tabddpm_synthetic,,['en'],EIN,2024-05-01T23:58:00+00:00,100000.0,50000.0,22,23,6,Sunday,0,1,100,EIN,en,Bank account opening,1
3a70484d-afc0-427e-b431-41eda1c7d806,synth_7a230be2c8a6,itin,tabddpm_synthetic,,['en'],ITIN,2024-04-03T09:38:00+00:00,3406.69,153.38,23,9,3,Thursday,0,2000,4,ITIN,en,Bank account opening,0
66062d9f-d4fc-40e1-a450-bd2402b95c22,synth_46c9a016b89a,itin,tabddpm_synthetic,,['en'],EIN,2024-03-19T22:54:00+00:00,100.0,0.0,22,22,6,Sunday,7,2000,3,EIN,en,Bank account opening,0
ef0f8776-6305-48fe-a2b2-0eed8268a00f,synth_4a0c0d4dea24,itin,tabddpm_synthetic,,['en'],EIN,2024-05-19T00:12:00+00:00,22391.69,360.97,22,0,6,Sunday,0,1,75,EIN,en,Bank account opening,0
14881ac9-2507-41a6-9e02-523fd9d6daec,synth_30d4f2569fb4,itin,tabddpm_synthetic,,['en'],EIN,2024-03-24T23:50:00+00:00,100.0,32820.78,55,23,0,Monday,90,2000,0,EIN,en,Bank account opening,0
d340ef31-79aa-4ef2-bdc6-68bdb02af01d,synth_f9bcd26cc0d8,itin,tabddpm_synthetic,,['en'],EIN,2024-03-18T02:03:00+00:00,100.0,0.0,22,2,6,Sunday,63,2000,22,EIN,en,Bank account opening,0
5503b0d6-5dde-43a0-bc55-3266d582aa84,synth_ef437cf3b78a,itin,tabddpm_synthetic,,['en'],EIN,2024-08-20T23:15:00+00:00,100.0,14855.48,55,23,0,Monday,90,2000,0,EIN,en,Bank account opening,0
be67b529-b471-4b90-871e-1358ad37f299,synth_7afe67699a0e,itin,tabddpm_synthetic,,['en'],EIN,2024-11-23T23:19:00+00:00,100.0,0.0,22,23,6,Sunday,8,2000,12,EIN,en,Bank account opening,0
e171dfac-5217-419c-940f-dbbfd30bb1f2,synth_819b2cb5921e,itin,tabddpm_synthetic,,['en'],EIN,2024-03-24T00:37:00+00:00,100.0,0.0,35,0,6,Sunday,0,1,25,EIN,en,Bank account opening,0
c7aa3415-dba2-4f3c-9fef-73645ce92fe8,synth_17b8c619f946,itin,tabddpm_synthetic,,['en'],EIN,2024-08-23T00:16:00+00:00,100000.0,50000.0,22,0,6,Sunday,90,1,100,EIN,en,Bank account opening,0
d7a9c77a-3357-4411-801f-7b10fac92173,synth_dc1450c59379,itin,tabddpm_synthetic,,['en'],EIN,2024-05-01T00:56:00+00:00,100.0,0.0,53,0,6,Sunday,0,1,0,EIN,en,Bank account opening,0
0d5098a4-a9e0-4f26-af26-6e5386b82e70,synth_014de94e8767,itin,tabddpm_synthetic,,['en'],EIN,2024-02-23T23:32:00+00:00,100000.0,50000.0,22,23,6,Sunday,0,1,100,EIN,en,Bank account opening,1
fa8e0998-5ee4-47a3-9fa7-669ab408dca4,synth_8672485965b8,itin,tabddpm_synthetic,,['en'],EIN,2024-06-02T23:33:00+00:00,100000.0,50000.0,22,23,6,Sunday,0,1,100,EIN,en,Bank account opening,0
1bb76c21-c715-41aa-bcd2-eed0f2247947,synth_142d8a4efd6f,itin,tabddpm_synthetic,,['en'],EIN,2024-11-02T23:17:00+00:00,100.0,28564.41,55,23,0,Monday,90,2000,100,EIN,en,Bank account opening,0
a69657f8-8b37-4f38-8150-382654432217,synth_75de7465b8fb,itin,tabddpm_synthetic,,['en'],EIN,2024-05-12T00:30:00+00:00,100.0,384.26,55,0,6,Sunday,0,1,13,EIN,en,Bank account opening,0
68605948-8be4-4307-8438-3da914c99260,synth_439798eb32b7,itin,tabddpm_synthetic,,['en'],EIN,2024-09-17T00:47:00+00:00,100.0,2586.95,22,0,6,Sunday,2,2000,100,EIN,en,Bank account opening,0
da8d7ba9-57eb-4076-b3f6-3164ef2c6204,synth_2edbaff338e4,itin,tabddpm_synthetic,,['en'],EIN,2024-12-14T00:34:00+00:00,100000.0,50000.0,55,0,0,Monday,90,1,0,EIN,en,Bank account opening,0
f7e42230-cccc-431c-bc95-719d527bbd2f,synth_073e17452818,itin,tabddpm_synthetic,,['en'],EIN,2024-11-01T23:13:00+00:00,100000.0,50000.0,22,23,6,Sunday,0,1,100,EIN,en,Bank account opening,1
da3a3605-4547-4f9c-89de-9842fcadfbc7,synth_454d6be99caf,itin,tabddpm_synthetic,,['en'],EIN,2024-03-28T00:14:00+00:00,100.0,0.0,22,0,6,Sunday,0,1,31,EIN,en,Bank account opening,0
d323a3a5-efba-4567-a7eb-5252dd5b7e43,synth_f87779ce9b47,itin,tabddpm_synthetic,,['en'],EIN,2024-12-28T23:27:00+00:00,100000.0,50000.0,22,23,6,Sunday,0,1,100,EIN,en,Bank account opening,0
6bf209ac-2a8d-4bc0-8860-9a879447a955,synth_9cb9b742808b,itin,tabddpm_synthetic,,['en'],EIN,2024-11-17T00:18:00+00:00,100000.0,10525.89,22,0,6,Sunday,0,1,100,EIN,en,Bank account opening,0
e46663d0-9781-4e86-ab2a-fc35aa6ee3b2,synth_83720c7420a7,itin,tabddpm_synthetic,,['en'],EIN,2024-02-23T23:01:00+00:00,100000.0,50000.0,22,23,6,Sunday,0,1,100,EIN,en,Bank account opening,1
803d8161-cc1a-4319-92b6-ba94032756cf,synth_f72c2b255303,itin,tabddpm_synthetic,,['en'],EIN,2024-11-10T00:35:00+00:00,8971.01,36.97,22,0,0,Monday,0,168,23,EIN,en,Bank account opening,0
00aecf9a-7eaf-4fa9-b837-a789a8193b72,synth_6c98284bb5d5,itin,tabddpm_synthetic,,['en'],EIN,2024-12-10T00:38:00+00:00,100000.0,50000.0,22,0,6,Sunday,0,1,100,EIN,en,Bank account opening,1
f207546c-c2e5-41d4-a99c-a0b448346003,synth_f5e28308e4c8,itin,tabddpm_synthetic,,['en'],EIN,2024-03-09T23:58:00+00:00,100.0,0.0,22,23,6,Sunday,15,2000,13,EIN,en,Bank account opening,0
cc3d0097-c278-4b08-8c17-4b0072d604b7,synth_b5fc795ae03f,itin,tabddpm_synthetic,,['en'],EIN,2024-05-31T02:26:00+00:00,100.0,0.0,32,2,5,Saturday,0,1044,10,EIN,en,Bank account opening,0
e0168138-a10a-4e52-b4b6-cc6e12c7d884,synth_84c2be5c3ad2,itin,tabddpm_synthetic,,['en'],EIN,2024-03-09T00:19:00+00:00,100000.0,50000.0,22,0,6,Sunday,90,1,100,EIN,en,Bank account opening,1
40b4d2b3-ed60-40e1-8128-b5a8d9f80508,synth_66aafbd7f0b6,itin,tabddpm_synthetic,,['en'],EIN,2024-11-04T23:40:00+00:00,100.0,1270.57,55,23,0,Monday,90,402,0,EIN,en,Bank account opening,0
1a679727-2173-40c3-9d94-287254e2da4c,synth_cdd5834e5398,itin,tabddpm_synthetic,,['en'],EIN,2024-07-06T00:35:00+00:00,1521.28,0.0,55,0,6,Sunday,0,720,0,EIN,en,Bank account opening,0
14925c1a-3893-4456-9d44-b4380dcb73ad,synth_c23f81fb6905,itin,tabddpm_synthetic,,['en'],EIN,2024-03-10T00:25:00+00:00,1129.65,0.0,22,0,0,Monday,0,1,3,EIN,en,Bank account opening,0
79aa59df-5aae-45c9-aa3a-e94766e6233d,synth_e3adfc65e6bc,itin,tabddpm_synthetic,,['en'],EIN,2024-06-15T00:24:00+00:00,100.0,0.0,55,0,6,Sunday,0,671,0,EIN,en,Bank account opening,0
b5634023-a646-438a-8d16-0039db370bf8,synth_0b3e066f5f17,itin,tabddpm_synthetic,,['en'],EIN,2024-01-16T23:08:00+00:00,100.0,48210.91,55,23,0,Monday,90,2000,0,EIN,en,Bank account opening,0
d374669a-7b29-47af-ab77-c68e829a71bf,synth_29dfe0098b07,itin,tabddpm_synthetic,,['es'],EIN,2024-03-24T16:42:00+00:00,100.0,0.0,22,16,6,Sunday,42,2000,11,EIN,es,Bank account opening,0
62b42f9a-5061-4808-84ed-abf5dbb027db,synth_aed946d617eb,itin,tabddpm_synthetic,,['en'],EIN,2024-08-05T23:44:00+00:00,100.0,1697.55,55,23,0,Monday,90,2000,14,EIN,en,Bank account opening,0
444f7068-461b-471e-94e1-06a2c41a8df1,synth_452535a4a065,itin,tabddpm_synthetic,,['en'],EIN,2024-07-16T15:01:00+00:00,100.0,0.0,22,15,4,Friday,6,2000,8,EIN,en,Bank account opening,0
46b59b0b-38c9-4e1f-9864-85925f68d36d,synth_7bbd570da941,itin,tabddpm_synthetic,,['en'],EIN,2024-12-05T23:11:00+00:00,100.0,10284.51,55,23,0,Monday,90,2000,0,EIN,en,Bank account opening,1
14905764-826b-4ead-867b-e430d780f4c6,synth_fc6028847a4b,itin,tabddpm_synthetic,,['en'],EIN,2024-11-27T14:52:00+00:00,100.0,0.0,22,14,6,Sunday,90,2000,14,EIN,en,Bank account opening,0
bcfb17a8-d8c2-4573-a8bb-35399a0d96b5,synth_052bbcf884d3,itin,tabddpm_synthetic,,['en'],EIN,2024-10-15T00:03:00+00:00,100.0,0.0,22,0,0,Monday,0,55,4,EIN,en,Bank account opening,0
d83376ad-7dd8-4752-9344-3d39687f0abd,synth_52236ff67fa8,itin,tabddpm_synthetic,,['en'],EIN,2024-11-14T23:16:00+00:00,100.0,3402.0,55,23,0,Monday,90,1,21,EIN,en,Bank account opening,0
9df5137f-79fe-435c-be00-8179b5c2bf91,synth_025608c887b1,itin,tabddpm_synthetic,,['en'],EIN,2024-08-23T23:37:00+00:00,100000.0,50000.0,22,23,6,Sunday,0,1,100,EIN,en,Bank account opening,1
dc302418-87ee-49d7-891c-c5d067a038f0,synth_f82da26f28bd,itin,tabddpm_synthetic,,['en'],EIN,2024-08-23T21:43:00+00:00,100.0,0.0,22,21,6,Sunday,23,2000,19,EIN,en,Bank account opening,0
c3d59a21-4b6d-44ab-ad66-0ab4d8e0d732,synth_4959421bfacd,itin,tabddpm_synthetic,,['en'],EIN,2024-02-17T00:04:00+00:00,100.0,0.0,22,0,0,Monday,0,708,5,EIN,en,Bank account opening,0
352713cb-b15f-46e2-95f5-eca76b2f89f1,synth_aeeaa90be6b3,itin,tabddpm_synthetic,,['en'],EIN,2024-09-02T23:21:00+00:00,100000.0,38228.42,22,23,0,Monday,12,1,100,EIN,en,Bank account opening,0
c3d337cd-f1de-4c3f-8e86-e471715222b3,synth_4a7f1b703dc7,itin,tabddpm_synthetic,,['en'],EIN,2024-10-31T12:13:00+00:00,100.0,207.84,55,12,0,Monday,90,1024,12,EIN,en,Bank account opening,0
37ea91ae-27e4-46be-af46-4accb34f97f8,synth_8371e6a16504,itin,tabddpm_synthetic,,['en'],EIN,2024-01-17T19:11:00+00:00,100.0,571.92,55,19,0,Monday,90,1187,0,EIN,en,Bank account opening,0
7c48ea24-a0d9-401b-999d-dd6b7231693d,synth_2d7f990c4f4b,itin,tabddpm_synthetic,,['en'],EIN,2024-07-02T00:19:00+00:00,100.0,617.42,22,0,6,Sunday,0,1,0,EIN,en,Bank account opening,0
4ac9fe19-0faf-4e7f-80c1-ecde479fa28d,synth_a0b8a41bb552,itin,tabddpm_synthetic,,['en'],EIN,2024-09-17T11:47:00+00:00,100.0,0.0,22,11,6,Sunday,35,2000,7,EIN,en,Bank account opening,0
708fb22c-3d6e-4687-aab6-eed376c7fb7c,synth_02a9b4752568,itin,tabddpm_synthetic,,['en'],EIN,2024-04-27T10:11:00+00:00,100.0,0.0,22,10,6,Sunday,36,2000,3,EIN,en,Bank account opening,0
98ce0a63-aee5-489f-a520-1d90f01fb137,synth_a2da62219ce4,itin,tabddpm_synthetic,,['en'],EIN,2024-03-04T00:34:00+00:00,100000.0,14038.95,22,0,0,Monday,0,1,81,EIN,en,Bank account opening,0
fb6ab39c-0c0f-4ac8-b7fd-997ca240df25,synth_8d3c08bdad24,itin,tabddpm_synthetic,,['en'],EIN,2024-03-21T00:22:00+00:00,605.31,96.97,22,0,6,Sunday,2,967,3,EIN,en,Bank account opening,0
5d9859d3-19c8-4d89-bd4f-c7dfc1a8a5d3,synth_0f69b7743602,itin,tabddpm_synthetic,,['en'],EIN,2024-06-30T06:11:00+00:00,100.0,786.7,55,6,0,Monday,90,1,13,EIN,en,Bank account opening,0
e97f070f-6387-4b00-aaf8-227fe62c6009,synth_75d6045dc0bc,itin,tabddpm_synthetic,,['en'],EIN,2024-04-05T05:52:00+00:00,100.0,0.0,45,5,0,Monday,7,2000,8,EIN,en,Credit application,0
a84b7d61-257d-454a-89c1-c5cea0877cfa,synth_5f27087bdb79,itin,tabddpm_synthetic,,['en'],EIN,2024-01-19T23:08:00+00:00,100.0,0.0,22,23,6,Sunday,25,2000,17,EIN,en,Bank account opening,0
7c808d0b-8005-4e7a-b95d-285cd31e05b8,synth_53ca5d27aa25,itin,tabddpm_synthetic,,['en'],EIN,2024-11-23T03:48:00+00:00,3153.61,100.65,55,3,0,Monday,89,1,11,EIN,en,Bank account opening,0
0aef07e3-0071-4738-8c84-ae2e95c1069a,synth_6b77aad9bc68,itin,tabddpm_synthetic,,['en'],EIN,2024-05-08T22:16:00+00:00,100.0,0.0,22,22,6,Sunday,8,2000,14,EIN,en,Bank account opening,0
a2b5df4f-9d10-480a-9f64-6acc5d625f29,synth_c569fe78dbc6,itin,tabddpm_synthetic,,['en'],EIN,2024-01-22T23:50:00+00:00,100.0,3063.74,55,23,0,Monday,90,2000,0,EIN,en,Bank account opening,0
5b47c2e1-10a7-4442-bdab-6d8c06625e7d,synth_1c9f4715e3b1,itin,tabddpm_synthetic,,['en'],EIN,2024-07-02T00:23:00+00:00,23842.63,698.85,22,0,6,Sunday,0,1,81,EIN,en,Bank account opening,0
51cc0069-4190-4486-99bc-3fd6bd4fee79,synth_28076bfe34e6,itin,tabddpm_synthetic,,['en'],EIN,2024-06-01T23:26:00+00:00,100000.0,50000.0,22,23,6,Sunday,0,1,100,EIN,en,Bank account opening,0
74b1c0c5-0f47-430e-b23a-b0642198d8c3,synth_ccb29a2fcb44,itin,tabddpm_synthetic,,['en'],EIN,2024-08-24T00:13:00+00:00,100.0,0.0,55,0,6,Sunday,0,1,33,EIN,en,Bank account opening,0
f10b14c3-0c53-467d-9d17-3dbead80bd13,synth_70aa82d3397f,itin,tabddpm_synthetic,,['en'],EIN,2024-03-09T00:29:00+00:00,5180.85,6.18,22,0,1,Tuesday,0,1,36,EIN,en,Bank account opening,0
71768b9c-a4e0-4ce8-b3a2-029309360441,synth_954514e92b0e,itin,tabddpm_synthetic,,['en'],EIN,2024-09-04T23:45:00+00:00,100.0,0.0,22,23,6,Sunday,11,2000,13,EIN,en,Bank account opening,0
20fc3b4e-7113-4936-a9b3-41ed6945f976,synth_fd23613f72ae,itin,tabddpm_synthetic,,['en'],EIN,2024-11-18T00:02:00+00:00,100000.0,16043.73,22,0,0,Monday,0,1,100,EIN,en,Bank account opening,1
251eeeb1-31f7-434f-a8ad-b40e44e1976f,synth_dd8aa47a9328,itin,tabddpm_synthetic,,['es'],EIN,2024-05-01T00:53:00+00:00,100.0,0.0,22,0,6,Sunday,33,2000,8,EIN,es,Bank account opening,0
4bc818c6-c562-4d84-898d-984fa6b0bfeb,synth_2c4a4a49ba90,itin,tabddpm_synthetic,,['en'],EIN,2024-06-21T23:05:00+00:00,100000.0,28096.53,22,23,6,Sunday,0,1,100,EIN,en,Bank account opening,0
80e1595e-4abb-45a1-bd3d-d25e34e093c8,synth_ceed3a447873,itin,tabddpm_synthetic,,['en'],EIN,2024-11-21T00:23:00+00:00,100000.0,50000.0,55,0,6,Sunday,0,1,100,EIN,en,Bank account opening,0
e32b5b43-4371-46ed-9c1a-a43b89130eb4,synth_bfcd00b064bb,itin,tabddpm_synthetic,,['en'],EIN,2024-09-13T23:36:00+00:00,100.0,40514.42,55,23,0,Monday,90,2000,100,EIN,en,Bank account opening,1
936e6fc5-b42b-4432-b9f4-a6e65d615d78,synth_2bc77ecb6ce6,itin,tabddpm_synthetic,,['en'],EIN,2024-01-27T00:14:00+00:00,30491.06,1185.86,22,0,6,Sunday,0,1,100,EIN,en,Bank account opening,0
abdc4625-e162-4bd2-a6d9-a2b1bb02e840,synth_8e679f529af0,itin,tabddpm_synthetic,,['en'],EIN,2024-06-28T23:29:00+00:00,100.0,40997.23,55,23,0,Monday,90,1,100,EIN,en,Bank account opening,0
4fad6f41-9f9a-4aa8-833b-aa9f959c9bff,synth_bc7f6834932f,itin,tabddpm_synthetic,,['en'],EIN,2024-02-27T05:21:00+00:00,100.0,0.0,22,5,0,Monday,3,2000,2,EIN,en,Bank account opening,0
e4cafc00-97f4-4b79-8f6b-a6af69a19003,synth_cade43478b33,itin,tabddpm_synthetic,,['en'],EIN,2024-12-04T23:57:00+00:00,100000.0,50000.0,22,23,6,Sunday,0,1,100,EIN,en,Bank account opening,1
cc1aed61-9077-41be-8a2b-b20f5a75c489,synth_95b57c1c015b,itin,tabddpm_synthetic,,['en'],EIN,2024-03-18T23:16:00+00:00,100000.0,5267.99,22,23,6,Sunday,0,1,100,EIN,en,Bank account opening,0
64d1dcac-8277-4301-882b-753344f3646d,synth_204743b8ea48,itin,tabddpm_synthetic,,['en'],EIN,2024-12-27T00:24:00+00:00,100000.0,50000.0,22,0,6,Sunday,0,1,100,EIN,en,Bank account opening,1
6062a3a1-d7e1-45a7-b700-e98eb91fce00,synth_85321b1576aa,itin,tabddpm_synthetic,,['en'],EIN,2024-05-19T23:33:00+00:00,100.0,447.32,55,23,0,Monday,90,142,0,EIN,en,Bank account opening,0
08eda8a6-cdcb-4fac-8bfc-bd61be592b67,synth_56df6bc7fa3c,itin,tabddpm_synthetic,,['en'],EIN,2024-01-30T23:37:00+00:00,100.0,0.0,22,23,6,Sunday,14,2000,8,EIN,en,Bank account opening,0
675a9db1-c769-45a1-b699-349de88f5dd9,synth_e2f4e06aebb8,itin,tabddpm_synthetic,,['en'],ITIN,2024-03-19T03:48:00+00:00,100.0,16.48,41,3,4,Friday,0,692,4,ITIN,en,Bank account opening,0
a277d5e6-ee9c-4017-8cd7-3731025b1e7b,synth_95ed6bb95284,itin,tabddpm_synthetic,,['en'],EIN,2024-12-12T00:53:00+00:00,100.0,0.0,22,0,6,Sunday,0,2000,0,EIN,en,Bank account opening,0
56c525c2-fda1-4798-bf10-48a3cea1b939,synth_6f19db4b3981,itin,tabddpm_synthetic,,['en'],EIN,2024-06-22T16:51:00+00:00,100.0,0.0,22,16,6,Sunday,10,2000,6,EIN,en,Bank account opening,0
b3efabb5-b7d1-4560-8eca-f1c8bffa8647,synth_97a6fe8d5884,itin,tabddpm_synthetic,,['en'],EIN,2024-02-20T00:01:00+00:00,53697.1,2105.22,22,0,6,Sunday,0,1,96,EIN,en,Bank account opening,0
19bf7289-6f38-4829-8b32-4e37784b05b8,synth_85dfd5d8c30d,itin,tabddpm_synthetic,,['es'],EIN,2024-03-08T23:08:00+00:00,18340.53,0.0,22,23,0,Monday,0,1,67,EIN,es,Bank account opening,0
7140edcb-3741-4301-857c-66870bb58851,synth_69dbde2d16e7,itin,tabddpm_synthetic,,['en'],EIN,2024-05-29T00:22:00+00:00,100.0,224.01,55,0,6,Sunday,0,1,20,EIN,en,Bank account opening,0
0f30b9b4-013b-4e6a-b661-147060a84eb2,synth_9d09136485a8,itin,tabddpm_synthetic,,['en'],EIN,2024-11-05T00:58:00+00:00,43549.3,1498.21,22,0,6,Sunday,0,1,100,EIN,en,Bank account opening,0
31fe7840-98ab-4d35-945f-2a08769dcd71,synth_9d1ea8505a8e,itin,tabddpm_synthetic,,['en'],EIN,2024-04-04T00:53:00+00:00,100000.0,50000.0,22,0,6,Sunday,0,1,100,EIN,en,Bank account opening,0
b26c5f8f-59e8-4e9f-b872-0c7162fa9f33,synth_e1bdd573ff7c,itin,tabddpm_synthetic,,['en'],EIN,2024-02-22T23:26:00+00:00,100.0,0.0,22,23,6,Sunday,4,2000,9,EIN,en,Bank account opening,0
1899ae4f-485c-487d-b3b1-be3909eedfd3,synth_2a25da76dfd6,itin,tabddpm_synthetic,,['en'],EIN,2024-04-07T00:06:00+00:00,100.0,0.0,22,0,6,Sunday,0,1,0,EIN,en,Bank account opening,0
177788ba-8b93-43aa-b230-58115c70c7b8,synth_043289217133,itin,tabddpm_synthetic,,['en'],EIN,2024-06-08T23:17:00+00:00,100000.0,50000.0,22,23,6,Sunday,0,1,100,EIN,en,Bank account opening,0
bc068d08-8a29-4c28-bc1f-c2717f960630,synth_cacc6d4a20e9,itin,tabddpm_synthetic,,['en'],EIN,2024-08-01T00:35:00+00:00,100000.0,50000.0,22,0,6,Sunday,0,1,100,EIN,en,Bank account opening,1
99cd66a5-25e1-4669-b0c5-6f5358bbb28d,synth_2cd90e4429d9,itin,tabddpm_synthetic,,['en'],EIN,2024-05-18T23:55:00+00:00,100.0,17578.33,55,23,0,Monday,90,2000,0,EIN,en,Bank account opening,0
95441cc2-b5e8-46f9-99fa-8d375c343e01,synth_cd05c3f24d0c,itin,tabddpm_synthetic,,['en'],EIN,2024-04-06T23:24:00+00:00,17758.84,0.0,22,23,0,Monday,0,1,61,EIN,en,Bank account opening,0
8f1c615c-9682-4408-9df1-aff33f990d52,synth_51b14df9a0ee,itin,tabddpm_synthetic,,['en'],EIN,2024-07-23T00:33:00+00:00,100.0,0.0,22,0,3,Thursday,0,847,7,EIN,en,Bank account opening,0
432ac83f-ed2c-4e5f-98e9-787be3281716,synth_fb70d8f6fcc1,itin,tabddpm_synthetic,,['en'],EIN,2024-05-27T23:26:00+00:00,100.0,8509.23,55,23,0,Monday,90,2000,0,EIN,en,Bank account opening,0
602d1966-5578-4d36-8a2e-7cace5c58003,synth_2edc35d1a979,itin,tabddpm_synthetic,,['en'],EIN,2024-09-15T06:45:00+00:00,100.0,187.87,22,6,6,Sunday,79,2000,24,EIN,en,Bank account opening,0
6e76f1ab-cc87-498a-9191-cb2a87bfb0b5,synth_fdcd7651d0da,itin,tabddpm_synthetic,,['en'],EIN,2024-02-21T03:33:00+00:00,38210.75,1231.16,22,3,4,Friday,47,1,100,EIN,en,Bank account opening,0
15233502-091c-4b72-8e51-653c7c32ff64,synth_8abf6697d544,itin,tabddpm_synthetic,,['en'],EIN,2024-10-05T23:01:00+00:00,100000.0,50000.0,22,23,6,Sunday,0,1,100,EIN,en,Bank account opening,1
5d137ed6-7c7d-4814-bb6b-379f2c7f7a70,synth_cfbc69906517,itin,tabddpm_synthetic,,['en'],EIN,2024-01-23T23:27:00+00:00,100.0,10316.0,55,23,0,Monday,90,2000,0,EIN,en,Bank account opening,0
65d9fffb-8fc8-4864-aba2-e406ae7e7893,synth_a80ed9dc8b40,itin,tabddpm_synthetic,,['en'],ITIN,2024-11-07T14:53:00+00:00,6183.35,380.86,25,14,6,Sunday,9,1825,6,ITIN,en,Bank account opening,0
b8766883-aebd-43a8-8055-01aedf0fff4f,synth_b56040df25ef,itin,tabddpm_synthetic,,['en'],EIN,2024-02-02T00:25:00+00:00,100000.0,25524.55,22,0,6,Sunday,0,1,100,EIN,en,Bank account opening,0
173485cc-f3f2-4302-b7e9-bf5832b5d29e,synth_00641047503b,itin,tabddpm_synthetic,,['en'],EIN,2024-10-12T00:28:00+00:00,100.0,0.0,43,0,6,Sunday,0,1,19,EIN,en,Bank account opening,0
8891019a-4836-4cba-948c-dcc50058fdf4,synth_0f51401c80f3,itin,tabddpm_synthetic,,['es'],EIN,2024-08-08T00:28:00+00:00,100.0,0.0,35,0,0,Monday,0,1,6,EIN,es,Bank account opening,0
83647fe3-8477-44be-8748-363571c1ca37,synth_a68f3a0e9fa8,itin,tabddpm_synthetic,,['en'],EIN,2024-04-30T17:12:00+00:00,100.0,581.36,22,17,6,Sunday,90,2000,16,EIN,en,Bank account opening,0
142d4d0b-e991-4e4d-906f-affb69e77008,synth_1c4350f09610,itin,tabddpm_synthetic,,['en'],EIN,2024-04-23T23:16:00+00:00,100.0,34818.47,55,23,0,Monday,90,2000,0,EIN,en,Bank account opening,0
f6908055-1cd8-4131-b0b9-fb508a4761c9,synth_1d8e37134355,itin,tabddpm_synthetic,,['en'],EIN,2024-12-23T18:01:00+00:00,100.0,530.91,22,18,6,Sunday,90,2000,15,EIN,en,Bank account opening,0
8cd8290d-41f6-46e8-a5e9-dde8e8baf150,synth_6a67303792f6,itin,tabddpm_synthetic,,['en'],EIN,2024-05-09T23:57:00+00:00,100.0,3995.34,55,23,0,Monday,90,2000,0,EIN,en,Bank account opening,0
b1c48915-efaa-4223-9f8d-fce2e13e4b2c,synth_0c403495dfc6,itin,tabddpm_synthetic,,['en'],EIN,2024-10-01T00:36:00+00:00,100000.0,50000.0,22,0,0,Monday,0,1,100,EIN,en,Bank account opening,0
4ecbc3b1-ccb5-4328-be74-7fea0f3e1844,synth_b98bbe34b53a,itin,tabddpm_synthetic,,['en'],EIN,2024-11-28T23:41:00+00:00,100.0,7486.58,55,23,0,Monday,90,2000,0,EIN,en,Bank account opening,0
421efece-695b-434c-9f8b-6eac5f4b9506,synth_f1fe5fe955d4,itin,tabddpm_synthetic,,['en'],EIN,2024-07-28T00:30:00+00:00,100000.0,11683.91,22,0,6,Sunday,0,1,100,EIN,en,Bank account opening,0
181cf7f1-12fd-487d-934f-52ec9c35e071,synth_b8a4ae626f60,itin,tabddpm_synthetic,,['en'],EIN,2024-09-08T23:59:00+00:00,100000.0,50000.0,22,23,6,Sunday,0,1,100,EIN,en,Bank account opening,1
15f6f0fb-b9a8-41a9-b24a-71c3401ce333,synth_fd34c01df315,itin,tabddpm_synthetic,,['en'],EIN,2024-09-18T00:45:00+00:00,100.0,0.0,22,0,3,Thursday,0,1166,5,EIN,en,Bank account opening,0
ace87f69-b43f-41d6-93ef-ab36d49aeb59,synth_79acabce0307,itin,tabddpm_synthetic,,['en'],EIN,2024-01-14T00:37:00+00:00,100000.0,50000.0,22,0,0,Monday,0,1,100,EIN,en,Bank account opening,0
f562c160-1175-4bbc-9679-1eb9af76cf8d,synth_dc1044b27f8f,itin,tabddpm_synthetic,,['en'],EIN,2024-08-04T00:35:00+00:00,100.0,0.0,22,0,3,Thursday,0,2000,0,EIN,en,Bank account opening,0
d1ac0ca4-ced3-42c7-af95-91a3b15edebd,synth_2d52739b04d2,itin,tabddpm_synthetic,,['en'],EIN,2024-12-21T23:32:00+00:00,100000.0,50000.0,22,23,6,Sunday,0,1,100,EIN,en,Bank account opening,0
bc6c7ce4-2eb9-4e25-9bc8-affa7ba9c058,synth_d847c57f9146,itin,tabddpm_synthetic,,['en'],EIN,2024-03-31T00:02:00+00:00,10446.33,0.0,55,0,6,Sunday,0,488,0,EIN,en,Bank account opening,0
209fec79-98ea-43e6-a372-aeba686b6a23,synth_1b923045b6df,itin,tabddpm_synthetic,,['en'],EIN,2024-04-28T23:26:00+00:00,100.0,1510.15,55,23,0,Monday,90,2000,0,EIN,en,Bank account opening,0
eef1ffca-5ec7-4774-9779-a74691f3778b,synth_67fe62a24bcd,itin,tabddpm_synthetic,,['en'],EIN,2024-10-06T16:37:00+00:00,13156.48,862.76,22,16,6,Sunday,1,1,69,EIN,en,Bank account opening,0
26d4c337-88d8-4cf2-ba43-f5c3aeb0e193,synth_00a70c0f17ac,itin,tabddpm_synthetic,,['en'],EIN,2024-11-18T23:24:00+00:00,100000.0,50000.0,22,23,6,Sunday,0,1,100,EIN,en,Bank account opening,0
4b0445d7-2003-4a6b-bc09-b91964192d39,synth_f2ac92e0b0b8,itin,tabddpm_synthetic,,['en'],EIN,2024-01-17T00:08:00+00:00,100000.0,50000.0,22,0,6,Sunday,90,1,100,EIN,en,Bank account opening,0
1ed1bf05-72b7-4fcb-addf-e207530ebee4,synth_a8e6e29a3caa,itin,tabddpm_synthetic,,['en'],EIN,2024-02-05T00:15:00+00:00,100.0,0.0,22,0,0,Monday,0,918,5,EIN,en,Bank account opening,0
2a46bbcb-b440-49fb-bd25-1c0cecdb287b,synth_71e8f3647fa9,itin,tabddpm_synthetic,,['en'],EIN,2024-12-15T12:36:00+00:00,100.0,616.77,22,12,6,Sunday,26,2000,61,EIN,en,Bank account opening,0
33be954d-5242-49e0-9e3d-0363ddc2c085,synth_f108623e9bbd,itin,tabddpm_synthetic,,['en'],EIN,2024-03-08T23:41:00+00:00,100.0,8560.53,55,23,0,Monday,90,2000,0,EIN,en,Bank account opening,0
384912f8-066b-4085-876e-2665eb0e8754,synth_db81bbaedca4,itin,tabddpm_synthetic,,['en'],EIN,2024-03-09T23:54:00+00:00,100.0,0.0,22,23,6,Sunday,6,2000,8,EIN,en,Bank account opening,0
1528573e-510f-4f14-a2e4-c6ed0125feea,synth_0047a6e0b6e0,itin,tabddpm_synthetic,,['en'],EIN,2024-02-06T00:20:00+00:00,30864.01,830.44,22,0,6,Sunday,0,1,73,EIN,en,Bank account opening,0
7ec3cf95-9886-425d-8590-e386c74eee3f,synth_f59045a2d66c,itin,tabddpm_synthetic,,['en'],EIN,2024-03-23T23:39:00+00:00,100000.0,50000.0,22,23,6,Sunday,90,1,100,EIN,en,Bank account opening,0
ad7b6540-6704-4e2f-acc6-2722db7fae95,synth_9c743489ddd4,itin,tabddpm_synthetic,,['en'],EIN,2024-10-01T07:25:00+00:00,100.0,4996.47,55,7,0,Monday,90,2000,18,EIN,en,Bank account opening,0
d3968498-71dd-4882-ab32-e8bb273eb0a5,synth_f179173755e6,itin,tabddpm_synthetic,,['en'],EIN,2024-08-09T23:25:00+00:00,100.0,16583.65,55,23,0,Monday,90,2000,0,EIN,en,Bank account opening,0
494f5c20-4329-4c2b-9131-2c810c9e8338,synth_702412c805b5,itin,tabddpm_synthetic,,['en'],EIN,2024-05-10T14:44:00+00:00,100.0,0.6,27,14,6,Sunday,49,2000,6,EIN,en,Bank account opening,0
fd493e1b-1915-4bfe-870e-ed9474a2e218,synth_5fdfd0b4fd45,itin,tabddpm_synthetic,,['en'],EIN,2024-01-06T00:10:00+00:00,6648.73,448.3,22,0,3,Thursday,0,1,11,EIN,en,Bank account opening,0
5a86754b-7a2b-435a-94da-387155acd583,synth_58095ecab0c0,itin,tabddpm_synthetic,,['en'],EIN,2024-03-14T23:29:00+00:00,75490.18,0.0,22,23,0,Monday,0,1,100,EIN,en,Bank account opening,0
fa3def29-315a-4645-8838-9fb8309a63a7,synth_2e7b15b7ea34,itin,tabddpm_synthetic,,['en'],EIN,2024-11-23T00:30:00+00:00,15925.44,609.15,22,0,3,Thursday,1,1,21,EIN,en,Bank account opening,0
2bcb502d-b410-4bc5-b2c4-3fe0659d5435,synth_50e72f475d1d,itin,tabddpm_synthetic,,['en'],EIN,2024-12-04T23:47:00+00:00,100.0,10892.92,55,23,0,Monday,90,2000,0,EIN,en,Bank account opening,0
d3163990-d6d9-4c97-a1e4-f55240cc3f5a,synth_66ebaec383e2,itin,tabddpm_synthetic,,['en'],EIN,2024-11-06T00:06:00+00:00,100.0,0.0,22,0,6,Sunday,37,2000,17,EIN,en,Bank account opening,0
29739f26-e27b-4738-a692-aeec8ba78dcb,synth_a6edbd86fe19,itin,tabddpm_synthetic,,['en'],EIN,2024-05-06T00:36:00+00:00,100000.0,50000.0,55,0,0,Monday,90,1,63,EIN,en,Bank account opening,0
fb455440-0555-4b69-b76d-acccdcc04486,synth_3b7ab9975e6f,itin,tabddpm_synthetic,,['en'],EIN,2024-04-20T22:14:00+00:00,100.0,0.0,22,22,6,Sunday,20,2000,11,EIN,en,Bank account opening,0
4f44d326-8f2a-4943-a32f-8da7cbfbc05a,synth_cea07408db77,itin,tabddpm_synthetic,,['en'],EIN,2024-11-03T01:20:00+00:00,100.0,2373.61,55,1,0,Monday,90,1,31,EIN,en,Bank account opening,0
5840d876-d182-41b1-8fc4-c5e67db7946a,synth_f5be8f3d28fb,itin,tabddpm_synthetic,,['en'],EIN,2024-09-19T05:57:00+00:00,100.0,1670.86,55,5,6,Sunday,90,2000,0,EIN,en,Bank account opening,0
3e415737-01c4-4e0a-b014-0b07dbf5bb7c,synth_b352925ef155,itin,tabddpm_synthetic,,['en'],EIN,2024-04-02T23:55:00+00:00,100000.0,22524.58,22,23,6,Sunday,0,1,100,EIN,en,Bank account opening,0
da534fe6-5967-42ce-894c-6a4ff76f16a6,synth_13109143887d,itin,tabddpm_synthetic,,['en'],EIN,2024-07-06T00:26:00+00:00,7497.57,0.0,55,0,6,Sunday,0,1,0,EIN,en,Bank account opening,0
845a7d6e-f0f2-4740-b94b-3d1a466cebce,synth_06f308399e64,itin,tabddpm_synthetic,,['en'],EIN,2024-07-26T13:51:00+00:00,100.0,422.19,55,13,6,Sunday,73,2000,7,EIN,en,Bank account opening,0
bd51d95c-5369-4ba6-812b-0ddcfa348baa,synth_16ff4803661d,itin,tabddpm_synthetic,,['en'],EIN,2024-03-28T00:00:00+00:00,100.0,0.0,22,0,4,Friday,0,1750,5,EIN,en,Bank account opening,0
903a1329-b362-4553-aed7-8790984c7972,synth_3a1e4a487d69,itin,tabddpm_synthetic,,['en'],EIN,2024-02-11T23:51:00+00:00,100.0,7631.4,55,23,0,Monday,90,2000,0,EIN,en,Bank account opening,0
c0d8afb9-ce90-458d-896d-476b9dec7bf8,synth_ac76af34a11d,itin,tabddpm_synthetic,,['en'],EIN,2024-02-23T00:03:00+00:00,100.0,0.0,22,0,3,Thursday,0,1,23,EIN,en,Bank account opening,0
334c9d40-f71f-4394-90e5-701003412eab,synth_4255c7b7273b,itin,tabddpm_synthetic,,['en'],EIN,2024-10-11T09:00:00+00:00,100.0,192.5,22,9,6,Sunday,78,2000,9,EIN,en,Bank account opening,0
84d25bed-b302-4b5e-b0dc-d6953a415cf8,synth_4f99fffca087,itin,tabddpm_synthetic,,['en'],EIN,2024-05-16T23:38:00+00:00,100.0,299.35,22,23,6,Sunday,13,2000,14,EIN,en,Bank account opening,0
e0fc32dc-2a48-4154-a159-031119c1af4a,synth_625febacaf9a,itin,tabddpm_synthetic,,['en'],EIN,2024-02-19T17:22:00+00:00,100.0,112.78,22,17,5,Saturday,23,2000,6,EIN,en,Bank account opening,0
39cde59f-fede-45f8-94db-1da8b5bbfc34,synth_0bf815848319,itin,tabddpm_synthetic,,['en'],EIN,2024-04-16T23:46:00+00:00,100.0,5422.65,55,23,0,Monday,90,2000,0,EIN,en,Bank account opening,0
0f8f024b-e3e7-45b2-b3ad-667003036153,synth_dc3bb29c16a9,itin,tabddpm_synthetic,,['en'],EIN,2024-05-01T00:00:00+00:00,3081.14,424.3,55,0,0,Monday,60,928,14,EIN,en,Bank account opening,0
e885a264-b49a-4ed6-825b-3e3f48fcdad1,synth_2e4e6488cd4b,itin,tabddpm_synthetic,,['en'],EIN,2024-12-12T23:54:00+00:00,100.0,1559.86,55,23,6,Sunday,90,2000,0,EIN,en,Bank account opening,0
1dd31f42-97da-4c1a-9a44-4081021c8ecb,synth_6dd1ee804654,itin,tabddpm_synthetic,,['en'],EIN,2024-04-17T23:22:00+00:00,100000.0,4796.1,22,23,6,Sunday,0,1,100,EIN,en,Bank account opening,0
e6885576-7c9e-4d99-8aea-2de95d2168f5,synth_b8444bf83c8f,itin,tabddpm_synthetic,,['en'],EIN,2024-12-06T00:39:00+00:00,100000.0,50000.0,22,0,6,Sunday,0,1,100,EIN,en,Bank account opening,0
2dfeef72-e230-4b58-899c-36a79209d36f,synth_636591e337ab,itin,tabddpm_synthetic,,['en'],EIN,2024-10-03T13:41:00+00:00,4476.65,201.31,35,13,0,Monday,2,1256,14,EIN,en,Bank account opening,0
013f33f7-f33a-4522-add5-e3e41082c328,synth_07436b18712c,itin,tabddpm_synthetic,,['en'],EIN,2024-10-13T23:39:00+00:00,42709.71,0.0,22,23,0,Monday,0,1,100,EIN,en,Bank account opening,0
0fbc35ba-bec8-4009-a9a2-ae8daad45a92,synth_a5ef4c8b40d6,itin,tabddpm_synthetic,,['en'],EIN,2024-02-21T23:05:00+00:00,100000.0,50000.0,22,23,6,Sunday,90,1,100,EIN,en,Bank account opening,0
f09e043b-1d6e-405f-84e3-30bd55b36a72,synth_f2a72a6bfb61,itin,tabddpm_synthetic,,['en'],EIN,2024-10-26T00:35:00+00:00,100000.0,50000.0,22,0,6,Sunday,0,1,100,EIN,en,Bank account opening,0
ccde1519-c3e0-4349-97c2-53d2db854f77,synth_d3073873a1e7,itin,tabddpm_synthetic,,['en'],EIN,2024-02-20T23:03:00+00:00,100.0,7823.58,55,23,0,Monday,90,2000,0,EIN,en,Bank account opening,0
61929cf8-ca5d-4fe8-ad94-e7f539d107e1,synth_7ae7aed52875,itin,tabddpm_synthetic,,['en'],EIN,2024-02-13T20:55:00+00:00,100.0,827.7,55,20,6,Sunday,90,2000,0,EIN,en,Bank account opening,0
56145ee6-9ae0-4db4-9f05-190d5f944fe0,synth_f9af48a28ee3,itin,tabddpm_synthetic,,['es'],EIN,2024-07-03T20:06:00+00:00,100.0,0.0,22,20,6,Sunday,10,2000,8,EIN,es,Bank account opening,0
0f2579b1-eacd-4f84-91e4-bb73e7710708,synth_c9465e3598e6,itin,tabddpm_synthetic,,['en'],EIN,2024-02-21T00:29:00+00:00,100000.0,50000.0,22,0,6,Sunday,0,1,100,EIN,en,Bank account opening,0
adf71e7f-671a-427c-b767-ae67e8950f24,synth_53480236f0a1,itin,tabddpm_synthetic,,['en'],EIN,2024-11-06T00:20:00+00:00,100000.0,9298.65,22,0,6,Sunday,0,1,100,EIN,en,Bank account opening,0
eb3f63fb-1759-421a-a47b-5b8fabc79f2b,synth_cb190e748928,itin,tabddpm_synthetic,,['en'],EIN,2024-08-20T00:10:00+00:00,100000.0,10264.26,22,0,0,Monday,0,1,100,EIN,en,Bank account opening,1
7f46d0d6-8732-461a-a01f-6f39e819c158,synth_ae3d8dda0ea1,itin,tabddpm_synthetic,,['en'],EIN,2024-01-20T23:54:00+00:00,100.0,8877.82,55,23,0,Monday,90,1,82,EIN,en,Bank account opening,0
a3f31bb5-1bed-4ea5-a556-99360edc65ca,synth_d64115fb593b,itin,tabddpm_synthetic,,['en'],EIN,2024-06-07T23:30:00+00:00,100000.0,8531.91,22,23,5,Saturday,0,1,100,EIN,en,Bank account opening,0
09d2d7c9-327f-4dce-883f-9251b09d5e1a,synth_de41649ff23b,itin,tabddpm_synthetic,,['en'],EIN,2024-02-17T23:05:00+00:00,100000.0,50000.0,22,23,6,Sunday,0,1,100,EIN,en,Bank account opening,0
080469b2-363f-40a6-95a6-a51e1cbb9b21,synth_01f921cfa017,itin,tabddpm_synthetic,,['en'],EIN,2024-11-06T00:10:00+00:00,100.0,139.54,22,0,6,Sunday,90,2000,53,EIN,en,Bank account opening,0
303c8e50-84ed-415d-bed7-8e3a1397c68d,synth_70f17853ac10,itin,tabddpm_synthetic,,['en'],EIN,2024-06-28T00:05:00+00:00,100.0,0.0,55,0,6,Sunday,0,1,59,EIN,en,Bank account opening,0
44614f10-6820-481b-aebe-b45a73794a98,synth_d18c8c016c40,itin,tabddpm_synthetic,,['en'],EIN,2024-02-13T08:06:00+00:00,100.0,0.0,22,8,4,Friday,10,2000,9,EIN,en,Bank account opening,0
4b4177ce-037e-4419-a8fe-b548a767dd87,synth_4d8f896c3899,itin,tabddpm_synthetic,,['en'],EIN,2024-09-12T10:24:00+00:00,100.0,152.02,50,10,4,Friday,12,2000,9,EIN,en,Bank account opening,0
348b20ee-5604-4744-a945-bc4f5f42f939,synth_e247703ba6e3,itin,tabddpm_synthetic,,['en'],EIN,2024-06-21T00:15:00+00:00,100.0,0.0,22,0,4,Friday,0,1,1,EIN,en,Bank account opening,0
7c13a9b9-64f2-4ce7-a829-0cf26555e981,synth_5e6fd83157bf,itin,tabddpm_synthetic,,['en'],EIN,2024-09-09T00:18:00+00:00,100000.0,50000.0,22,0,6,Sunday,0,1,100,EIN,en,Bank account opening,1
6e041f31-f1cf-4110-9232-9f8da1445c82,synth_cf68e10656c2,itin,tabddpm_synthetic,,['en'],EIN,2024-07-22T17:16:00+00:00,100.0,514.37,22,17,6,Sunday,13,2000,34,EIN,en,Bank account opening,0
c73959c1-2a71-458a-81c5-24fbdabda283,synth_0ff9af122970,itin,tabddpm_synthetic,,['en'],EIN,2024-10-19T00:57:00+00:00,100.0,312.88,22,0,6,Sunday,4,2000,77,EIN,en,Bank account opening,0
acf2c315-acde-4d07-8095-f58e07a690cb,synth_ea0c62d1bd61,itin,tabddpm_synthetic,,['en'],EIN,2024-12-29T15:17:00+00:00,100.0,313.48,22,15,6,Sunday,64,2000,1,EIN,en,Bank account opening,0
c92b95a1-47eb-4022-b52e-e9873b21918e,synth_8c8f78282a9a,itin,tabddpm_synthetic,,['en'],EIN,2024-06-21T00:15:00+00:00,100.0,0.0,22,0,1,Tuesday,0,2000,6,EIN,en,Bank account opening,0
bc1e29f1-7dd9-48bf-be0e-065fadb5ba0e,synth_4be88317f652,itin,tabddpm_synthetic,,['en'],EIN,2024-05-14T23:54:00+00:00,100000.0,50000.0,22,23,6,Sunday,0,1,100,EIN,en,Bank account opening,0
206a3d6f-55d0-47fc-ae56-cca91edbe57f,synth_d7870e257275,itin,tabddpm_synthetic,,['en'],EIN,2024-12-17T00:36:00+00:00,4191.18,0.0,22,0,0,Monday,0,1,0,EIN,en,Bank account opening,1
65468f64-9302-42b7-aebd-841315f95910,synth_99fd79e3dd3c,itin,tabddpm_synthetic,,['en'],EIN,2024-05-03T23:52:00+00:00,93461.96,2129.28,22,23,6,Sunday,0,1,100,EIN,en,Bank account opening,1
ed71d2fb-4430-4bbe-9047-0e583a2e6f26,synth_2f70fcd06c49,itin,tabddpm_synthetic,,['en'],EIN,2024-05-10T10:56:00+00:00,100.0,335.73,37,10,6,Sunday,86,2000,14,EIN,en,Bank account opening,0
08d64d19-ba76-4280-bd5a-f2c5be74e43b,synth_5a96c005ae85,itin,tabddpm_synthetic,,['en'],EIN,2024-05-24T23:53:00+00:00,100000.0,50000.0,22,23,6,Sunday,0,1,100,EIN,en,Bank account opening,1
65711321-bdc0-4c4c-ab01-0467324a932e,synth_1a059ecd3a5c,itin,tabddpm_synthetic,,['es'],EIN,2024-09-27T07:38:00+00:00,100.0,28.0,37,7,4,Friday,17,2000,12,EIN,es,Bank account opening,0
4b48332d-a21e-40d4-93c4-436ead903261,synth_120d8825c098,itin,tabddpm_synthetic,,['en'],EIN,2024-01-09T00:08:00+00:00,100.0,0.0,22,0,6,Sunday,56,2000,11,EIN,en,Bank account opening,0
1786a3ee-5f57-481d-8748-5babf0c37df9,synth_bb98d90fb0c9,itin,tabddpm_synthetic,,['en'],EIN,2024-04-29T23:00:00+00:00,100.0,933.56,55,23,0,Monday,90,677,2,EIN,en,Bank account opening,0
39d2e3ff-d300-4867-a590-c9c06521f7ff,synth_031d6612922c,itin,tabddpm_synthetic,,['en'],EIN,2024-04-28T00:24:00+00:00,100000.0,50000.0,22,0,6,Sunday,0,1,100,EIN,en,Bank account opening,0
3fd06f01-b227-41b1-898b-b4d47806ab4f,synth_890ed77e927e,itin,tabddpm_synthetic,,['en'],EIN,2024-07-03T23:47:00+00:00,100000.0,50000.0,22,23,6,Sunday,0,1,100,EIN,en,Bank account opening,1
82d36575-9419-482d-bc38-6334c4388730,synth_44e5a2d9c63d,itin,tabddpm_synthetic,,['en'],EIN,2024-01-15T16:48:00+00:00,100.0,0.0,22,16,6,Sunday,32,2000,10,EIN,en,Bank account opening,0
51c85027-3c9d-4663-9822-79b38fd63cb3,synth_b72e97a33c71,itin,tabddpm_synthetic,,['en'],EIN,2024-08-30T10:07:00+00:00,100.0,286.88,22,10,6,Sunday,11,2000,38,EIN,en,Bank account opening,0
e7307a06-c533-477c-b5ec-ba75d0b6ad26,synth_7ee65daf74a7,itin,tabddpm_synthetic,,['en'],EIN,2024-10-06T00:57:00+00:00,67500.58,2298.87,22,0,0,Monday,0,1,100,EIN,en,Bank account opening,0
9d5a42ad-d57a-4082-a0c4-c2e69cd0274e,synth_7807eeeeb0f8,itin,tabddpm_synthetic,,['en'],EIN,2024-02-29T18:13:00+00:00,100000.0,16573.6,22,18,6,Sunday,0,1,100,EIN,en,Bank account opening,0
610f5325-7fcc-4488-bfea-021d420e30de,synth_82c22ebebdd8,itin,tabddpm_synthetic,,['en'],EIN,2024-05-23T16:14:00+00:00,100.0,0.0,22,16,6,Sunday,55,2000,17,EIN,en,Bank account opening,0
bbb4042e-6557-4e92-a4ed-13d45b298292,synth_e20b86031bb5,itin,tabddpm_synthetic,,['en'],EIN,2024-07-29T00:49:00+00:00,100000.0,50000.0,22,0,6,Sunday,0,1,100,EIN,en,Bank account opening,0
d19f03f1-61a3-4b6f-b9ff-edcb4da0d213,synth_0e1361a0c2cc,itin,tabddpm_synthetic,,['en'],EIN,2024-04-22T00:39:00+00:00,100000.0,6083.1,22,0,6,Sunday,0,1,100,EIN,en,Bank account opening,0
be056d30-4d71-4f72-85ea-b13cd2925bf2,synth_1f4ac15bff1b,itin,tabddpm_synthetic,,['es'],EIN,2024-09-27T17:51:00+00:00,100.0,329.19,22,17,6,Sunday,16,2000,12,EIN,es,Bank account opening,0
f7503675-d595-4b8f-8d22-61f2e65f8d80,synth_57f8d58465bd,itin,tabddpm_synthetic,,['en'],EIN,2024-02-16T00:42:00+00:00,100.0,0.0,22,0,5,Saturday,0,1373,2,EIN,en,Bank account opening,0
2a037de7-2bae-4e73-9040-62f2c4d04d8f,synth_315c6d605b91,itin,tabddpm_synthetic,,['es'],EIN,2024-01-02T00:46:00+00:00,100.0,0.0,22,0,3,Thursday,0,2000,2,EIN,es,Bank account opening,0
87acce90-6423-4a97-a219-2702f029e181,synth_3a4e5c3fefdc,itin,tabddpm_synthetic,,['en'],EIN,2024-12-20T11:33:00+00:00,1927.09,21.26,39,11,4,Friday,19,1678,8,EIN,en,Bank account opening,0
e1472365-f65e-4a5f-ae6c-7a4306044488,synth_387cb5ee5cbd,itin,tabddpm_synthetic,,['en'],EIN,2024-05-27T00:15:00+00:00,48328.86,0.0,22,0,0,Monday,0,1,100,EIN,en,Bank account opening,1
643b5661-1caa-4b21-b0f3-9b4a99e537b0,synth_cc0387e4494a,itin,tabddpm_synthetic,,['en'],EIN,2024-09-21T05:46:00+00:00,100.0,0.0,22,5,2,Wednesday,0,2000,6,EIN,en,Bank account opening,0
dec68a79-ea59-49f6-a331-9e76e1d05800,synth_ae5e1dba8215,itin,tabddpm_synthetic,,['en'],EIN,2024-06-02T23:36:00+00:00,15168.77,0.0,22,23,0,Monday,0,1,98,EIN,en,Bank account opening,0
7e2bd347-69ec-41ed-9de1-6aca4bb8e926,synth_2f412b105e6c,itin,tabddpm_synthetic,,['en'],EIN,2024-03-18T23:20:00+00:00,100000.0,8646.13,22,23,6,Sunday,0,1,100,EIN,en,Bank account opening,1
29cbc332-c258-4f53-ac49-0f5185055ce0,synth_ebd03fd8a0d3,itin,tabddpm_synthetic,,['en'],EIN,2024-01-03T15:42:00+00:00,100.0,0.0,22,15,6,Sunday,16,2000,1,EIN,en,Bank account opening,0
af7b9ab8-6e0b-43cf-b642-4eac56575a9e,synth_6a3c497698b5,itin,tabddpm_synthetic,,['en'],EIN,2024-11-12T23:08:00+00:00,100.0,8894.04,55,23,0,Monday,90,2000,0,EIN,en,Bank account opening,0
a3e78869-0868-442d-8dbe-d33a8001b5fc,synth_67c56c0caa5c,itin,tabddpm_synthetic,,['en'],EIN,2024-04-07T23:49:00+00:00,100.0,4646.5,55,23,0,Monday,90,2000,0,EIN,en,Bank account opening,0
78ce27fa-6e5d-481c-8c05-f9f8d828d050,synth_0c5f9936367a,itin,tabddpm_synthetic,,['en'],EIN,2024-09-10T22:09:00+00:00,100.0,0.0,22,22,6,Sunday,30,2000,6,EIN,en,Bank account opening,0
0c40b976-2764-481d-84a3-ef1a5eaaf47e,synth_e7b46cb5d765,itin,tabddpm_synthetic,,['en'],EIN,2024-09-28T23:25:00+00:00,100.0,5992.14,55,23,0,Monday,90,2000,0,EIN,en,Bank account opening,0
2ca94788-ac35-4a0e-9105-81794cad8264,synth_3662ca2d4c7c,itin,tabddpm_synthetic,,['en'],EIN,2024-12-13T23:49:00+00:00,56863.83,1796.14,22,23,0,Monday,0,1,21,EIN,en,Bank account opening,0
8ebad722-f469-44e3-af9c-70c74d81565f,synth_e56debc1071b,itin,tabddpm_synthetic,,['en'],EIN,2024-03-09T23:57:00+00:00,100000.0,50000.0,22,23,6,Sunday,0,1,100,EIN,en,Bank account opening,1
a5b7d6f7-e3c7-4a14-8ff8-2b571f143c88,synth_ce485fc8d7de,itin,tabddpm_synthetic,,['en'],EIN,2024-11-14T00:20:00+00:00,100000.0,50000.0,22,0,6,Sunday,0,1,100,EIN,en,Bank account opening,1
bb3dc41e-c8dd-4003-bed0-935915506bfc,synth_8c880a94d1e6,itin,tabddpm_synthetic,,['en'],EIN,2024-09-10T01:42:00+00:00,7540.98,129.99,55,1,0,Monday,90,283,17,EIN,en,Bank account opening,0
16c3e951-f29a-4127-941d-cbad53714925,synth_3a653eb54b71,itin,tabddpm_synthetic,,['en'],EIN,2024-06-01T23:48:00+00:00,100.0,1419.69,55,23,0,Monday,90,1311,0,EIN,en,Bank account opening,0
d390f032-f2f5-41a4-aa04-f46866a35001,synth_232aa1a51435,itin,tabddpm_synthetic,,['en'],EIN,2024-05-21T00:53:00+00:00,100.0,39.55,55,0,6,Sunday,0,1,36,EIN,en,Bank account opening,0
a5692f6e-8f28-4b51-bb4c-1f9eb2469f4f,synth_f83f5a907539,itin,tabddpm_synthetic,,['en'],EIN,2024-06-03T00:42:00+00:00,100.0,6.72,29,0,1,Tuesday,2,982,6,EIN,en,Bank account opening,0
06833be5-de57-4501-8c0e-0287e8ea3163,synth_57c4ee8222bf,itin,tabddpm_synthetic,,['en'],EIN,2024-03-18T16:31:00+00:00,4916.63,137.86,33,16,0,Monday,0,573,9,EIN,en,Bank account opening,0
9e6b72c9-55d9-496b-b91e-b26194333afc,synth_d395d4886150,itin,tabddpm_synthetic,,['en'],EIN,2024-05-02T00:53:00+00:00,100000.0,4356.82,22,0,6,Sunday,0,1,100,EIN,en,Bank account opening,0
1c9d8f17-34c1-4ced-b7d2-1ba7feda17fb,synth_a73ef7101cfb,itin,tabddpm_synthetic,,['es'],EIN,2024-01-20T05:46:00+00:00,100.0,0.0,26,5,0,Monday,0,231,12,EIN,es,Bank account opening,0
d394e51c-ddf8-40fd-8a97-2e9f01d12f5b,synth_02f723a25e3d,itin,tabddpm_synthetic,,['es'],EIN,2024-12-30T06:14:00+00:00,6014.08,0.0,22,6,0,Monday,0,1,22,EIN,es,Bank account opening,0
a7e331de-360a-4d08-88fc-6bc3155fae87,synth_9cc34ac6ad10,itin,tabddpm_synthetic,,['en'],EIN,2024-05-19T18:57:00+00:00,100.0,0.0,22,18,6,Sunday,11,2000,8,EIN,en,Bank account opening,0
64b7ebeb-23cc-40a3-938a-d1320e6213d1,synth_4c737c2aebaf,itin,tabddpm_synthetic,,['en'],EIN,2024-09-25T08:46:00+00:00,100.0,37.67,22,8,6,Sunday,20,2000,7,EIN,en,Bank account opening,0
ff93a4a1-6040-4582-9315-b29473718ed5,synth_1f11d48b4170,itin,tabddpm_synthetic,,['en'],EIN,2024-07-22T23:32:00+00:00,100000.0,50000.0,22,23,6,Sunday,0,1,100,EIN,en,Bank account opening,0
d69faab6-7221-42e1-bb57-5fa8d2ba3838,synth_a6b776572048,itin,tabddpm_synthetic,,['en'],EIN,2024-10-27T23:45:00+00:00,100.0,0.0,22,23,6,Sunday,22,2000,5,EIN,en,Bank account opening,0
4920d8ea-a8fb-4d95-803f-edb0f1acc77e,synth_c8c12ff97a6b,itin,tabddpm_synthetic,,['en'],EIN,2024-10-27T00:20:00+00:00,5150.26,0.0,55,0,6,Sunday,0,511,0,EIN,en,Bank account opening,0
2c89ac26-72b5-4034-8e8e-47d8a01310b5,synth_e6a92fdc88bd,itin,tabddpm_synthetic,,['en'],EIN,2024-03-26T00:58:00+00:00,100000.0,50000.0,22,0,0,Monday,0,1,100,EIN,en,Bank account opening,0
756cef06-75c0-497b-a415-263f3f05f0dd,synth_831933760606,itin,tabddpm_synthetic,,['en'],EIN,2024-05-22T23:47:00+00:00,100.0,5144.61,55,23,0,Monday,90,2000,0,EIN,en,Bank account opening,0
5154b5b0-5724-4da9-93b7-5f179b8e6ecd,synth_b241c347f30c,itin,tabddpm_synthetic,,['en'],EIN,2024-06-27T23:48:00+00:00,100000.0,50000.0,22,23,6,Sunday,90,1,100,EIN,en,Bank account opening,0
816ad673-98cb-43e2-9c0d-c3227e560b83,synth_19f2872fb220,itin,tabddpm_synthetic,,['en'],EIN,2024-12-15T00:42:00+00:00,100000.0,50000.0,22,0,6,Sunday,0,1,100,EIN,en,Bank account opening,1
300f66ee-109a-4916-9f05-32f2c1ab35fe,synth_1f9ac1489f33,itin,tabddpm_synthetic,,['en'],EIN,2024-11-10T09:08:00+00:00,100.0,0.0,22,9,0,Monday,5,2000,6,EIN,en,Bank account opening,0
9858c48c-25fc-4eaa-8297-e0d40f708ee2,synth_efa743807122,itin,tabddpm_synthetic,,['en'],EIN,2024-05-28T00:01:00+00:00,1096.42,0.0,22,0,0,Monday,0,59,9,EIN,en,Bank account opening,0
50d9daab-7fac-4338-9795-95902e0ee452,synth_870361b3cdb3,itin,tabddpm_synthetic,,['en'],EIN,2024-04-25T23:34:00+00:00,100000.0,50000.0,22,23,6,Sunday,0,2000,100,EIN,en,Bank account opening,0
afc54280-8325-4b62-8492-7b8e9c0ca5c2,synth_5f1d5e396d04,itin,tabddpm_synthetic,,['en'],EIN,2024-10-31T23:11:00+00:00,100000.0,31370.54,22,23,2,Wednesday,11,1,73,EIN,en,Bank account opening,0
72c761e6-6f26-40ff-8871-31cbce8cdb2c,synth_509021871c0e,itin,tabddpm_synthetic,,['en'],EIN,2024-03-11T00:39:00+00:00,100.0,0.0,22,0,0,Monday,0,2000,3,EIN,en,Bank account opening,0
d98811e7-bec9-4082-9820-8b16aec10b56,synth_60240d4f6eb5,itin,tabddpm_synthetic,,['en'],EIN,2024-05-12T19:34:00+00:00,100.0,0.0,22,19,2,Wednesday,3,2000,4,EIN,en,Bank account opening,0
851bd613-29a2-403a-a5e5-aabe2d8b0176,synth_3b40ef0239a5,itin,tabddpm_synthetic,,['en'],EIN,2024-06-14T21:11:00+00:00,100.0,0.0,22,21,6,Sunday,6,2000,6,EIN,en,Bank account opening,0
62086d29-6e71-4b63-ba8d-67f278628887,synth_4df367fc2165,itin,tabddpm_synthetic,,['en'],EIN,2024-02-29T23:47:00+00:00,100.0,9656.91,55,23,0,Monday,90,1,100,EIN,en,Bank account opening,0
3d95e2a4-5ae0-4c02-9d19-fd6d6d1ae395,synth_2d48a756349d,itin,tabddpm_synthetic,,['en'],EIN,2024-03-02T00:33:00+00:00,100.0,0.0,28,0,0,Monday,0,2000,0,EIN,en,Bank account opening,0
68b4a70d-5fe1-4218-9f84-672a7f09b2d3,synth_b732ee474e92,itin,tabddpm_synthetic,,['en'],EIN,2024-12-11T00:46:00+00:00,100.0,0.0,22,0,2,Wednesday,0,1431,0,EIN,en,Bank account opening,0
3afcfad8-26f5-453b-a17a-1aaef62f20b5,synth_73914a911092,itin,tabddpm_synthetic,,['en'],EIN,2024-08-25T23:19:00+00:00,100000.0,50000.0,22,23,6,Sunday,0,1,100,EIN,en,Bank account opening,1
6cfc2c4a-3e86-4fea-b946-7c7a42d5bd3f,synth_b9a01e228097,itin,tabddpm_synthetic,,['en'],EIN,2024-02-18T23:39:00+00:00,100000.0,2720.24,22,23,0,Monday,0,1,100,EIN,en,Bank account opening,0
7961ca57-8f3d-481f-b0d8-edd9a718922f,synth_5eb177f2d0cc,itin,tabddpm_synthetic,,['en'],EIN,2024-05-10T00:40:00+00:00,100.0,0.0,22,0,6,Sunday,1,1426,11,EIN,en,Bank account opening,0
50cef64c-052e-4db5-afcf-8168343dbbf3,synth_dc6fb053366c,itin,tabddpm_synthetic,,['en'],EIN,2024-11-01T15:58:00+00:00,100.0,266.86,22,15,6,Sunday,45,2000,3,EIN,en,Bank account opening,0
665aa569-6fd1-472c-a98f-3159aa5b8ab4,synth_5e7e54018f4d,itin,tabddpm_synthetic,,['en'],EIN,2024-10-30T23:09:00+00:00,100000.0,50000.0,22,23,6,Sunday,0,1,100,EIN,en,Bank account opening,0
377ccace-8cb1-4752-8d69-49d4e375838c,synth_eb9d93e3a8ad,itin,tabddpm_synthetic,,['en'],EIN,2024-09-04T10:12:00+00:00,100.0,8.3,22,10,6,Sunday,0,2000,7,EIN,en,Bank account opening,0
df65acdb-795e-4e54-bc71-5cd009472239,synth_00a43d513752,itin,tabddpm_synthetic,,['en'],EIN,2024-01-24T00:52:00+00:00,100000.0,50000.0,22,0,6,Sunday,90,1,100,EIN,en,Bank account opening,0
3d82cbd7-bc44-4799-8e56-91e4666633a2,synth_8c30cf728efc,itin,tabddpm_synthetic,,['en'],EIN,2024-09-26T23:37:00+00:00,100.0,38686.55,55,23,0,Monday,90,1,100,EIN,en,Bank account opening,0
28b7eb02-d629-4a19-b83c-84f1f2d47606,synth_1798785de54f,itin,tabddpm_synthetic,,['en'],EIN,2024-05-11T00:25:00+00:00,100000.0,50000.0,22,0,6,Sunday,90,1,100,EIN,en,Bank account opening,1
dc8f6a44-65f0-44c4-b22b-37509de95666,synth_99fab9aede5e,itin,tabddpm_synthetic,,['en'],EIN,2024-05-02T15:32:00+00:00,100.0,368.53,22,15,6,Sunday,33,2000,16,EIN,en,Bank account opening,0
80d49749-abaa-4de3-b0d5-b1b8de21a83a,synth_727d9b92b4f4,itin,tabddpm_synthetic,,['en'],EIN,2024-01-02T23:11:00+00:00,100000.0,50000.0,22,23,6,Sunday,0,1,100,EIN,en,Bank account opening,1
72c6aa9a-4771-4a23-913d-2e342b95d4d3,synth_8b41123d5eae,itin,tabddpm_synthetic,,['en'],EIN,2024-03-29T23:27:00+00:00,100.0,12355.92,55,23,0,Monday,90,2000,0,EIN,en,Bank account opening,0
932e7388-7e8b-4715-865b-78e021ccb836,synth_e53a31f03641,itin,tabddpm_synthetic,,['en'],EIN,2024-02-26T00:04:00+00:00,100000.0,50000.0,22,0,6,Sunday,90,1,100,EIN,en,Bank account opening,0
c2324cba-db29-4ffe-884e-9565a12eec6d,synth_6b3821fbf395,itin,tabddpm_synthetic,,['en'],EIN,2024-07-06T00:47:00+00:00,100.0,3923.47,55,0,0,Monday,90,1,0,EIN,en,Bank account opening,0
e577a7c7-2188-43d7-ba34-2a53400d2b28,synth_cb888f0756f8,itin,tabddpm_synthetic,,['en'],EIN,2024-10-06T00:28:00+00:00,100.0,487.24,55,0,6,Sunday,0,1,1,EIN,en,Bank account opening,0
6b53d934-4fe5-43f9-b2c1-39d1ee4c34d1,synth_274f51690cc5,itin,tabddpm_synthetic,,['en'],EIN,2024-12-19T00:55:00+00:00,100000.0,50000.0,22,0,0,Monday,90,1,100,EIN,en,Bank account opening,0
f400bda2-ba60-49ab-b1b6-aadd16136115,synth_eeec5fe07e5d,itin,tabddpm_synthetic,,['en'],EIN,2024-08-15T00:57:00+00:00,50188.74,1288.63,22,0,6,Sunday,0,1,100,EIN,en,Bank account opening,0
99da3871-f9f5-49a8-bf3b-296cf9ab6214,synth_3fdc3e4b5799,itin,tabddpm_synthetic,,['en'],EIN,2024-09-09T00:37:00+00:00,5532.92,0.0,22,0,0,Monday,0,1,7,EIN,en,Bank account opening,0
8f3ad1ba-7a8e-433d-b148-f5a0bc41d709,synth_816c744e2bd2,itin,tabddpm_synthetic,,['en'],EIN,2024-07-10T00:25:00+00:00,3581.26,446.11,55,0,0,Monday,90,2000,17,EIN,en,Bank account opening,0
7554cff2-b101-4b59-b582-387c3daa1624,synth_dee77144cced,itin,tabddpm_synthetic,,['es'],EIN,2024-12-07T17:07:00+00:00,10898.06,371.05,22,17,6,Sunday,19,2000,10,EIN,es,Bank account opening,0
45d80e31-f7b0-4ca0-b5cc-896b33338a92,synth_0224f947a1db,itin,tabddpm_synthetic,,['en'],EIN,2024-10-04T01:11:00+00:00,100.0,0.0,22,1,6,Sunday,18,2000,0,EIN,en,Bank account opening,0
610c996a-8bd7-4a63-a73b-ba9ad61ddb6f,synth_1c4bae556528,itin,tabddpm_synthetic,,['en'],EIN,2024-03-10T23:09:00+00:00,100.0,28920.56,55,23,0,Monday,90,2000,0,EIN,en,Bank account opening,0
b6eb1030-1cce-4219-b0e9-d2956218c30e,synth_c6d368b6540d,itin,tabddpm_synthetic,,['en'],EIN,2024-05-05T23:28:00+00:00,100.0,6136.97,55,23,0,Monday,90,2000,0,EIN,en,Bank account opening,0
df6b5136-64b3-4a84-bb0c-a6aac3959036,synth_d4ff70af96a7,itin,tabddpm_synthetic,,['en'],EIN,2024-09-10T11:46:00+00:00,100.0,0.0,22,11,6,Sunday,90,2000,29,EIN,en,Bank account opening,0
94d25db4-cb2b-4cfd-8dca-296866ffd2a1,synth_363395b05c01,itin,tabddpm_synthetic,,['en'],EIN,2024-08-25T02:18:00+00:00,100.0,164.4,22,2,6,Sunday,29,2000,14,EIN,en,Bank account opening,0
c47831c4-2fdb-42ba-afcf-26c982a17d60,synth_873e9674746c,itin,tabddpm_synthetic,,['en'],EIN,2024-01-09T23:58:00+00:00,100000.0,50000.0,22,23,6,Sunday,0,1,100,EIN,en,Bank account opening,1
22aec566-57eb-46c1-b03d-903c786bf7ce,synth_c1c6cbc23f31,itin,tabddpm_synthetic,,['en'],EIN,2024-02-12T23:11:00+00:00,100000.0,50000.0,22,23,6,Sunday,90,1,100,EIN,en,Bank account opening,0
57fce3a2-795a-4b70-94c0-2300bde05399,synth_a249d538a0cc,itin,tabddpm_synthetic,,['en'],EIN,2024-06-01T23:48:00+00:00,100.0,9238.88,55,23,0,Monday,90,2000,0,EIN,en,Bank account opening,0
555ec4c2-b2b3-4006-beaa-baafb9d51232,synth_4316e93f6fe9,itin,tabddpm_synthetic,,['en'],EIN,2024-08-09T23:05:00+00:00,100.0,33953.22,55,23,0,Monday,90,2000,0,EIN,en,Bank account opening,0
d27d3ce5-3fd7-4296-b56d-ad0fc3515166,synth_86f06bfb1d6f,itin,tabddpm_synthetic,,['en'],EIN,2024-04-10T00:56:00+00:00,10747.84,144.35,22,0,6,Sunday,0,1,67,EIN,en,Bank account opening,0
cac535d3-79b0-4ea5-84eb-f30d7528ed4b,synth_0d4f7c850d25,itin,tabddpm_synthetic,,['en'],EIN,2024-04-29T23:48:00+00:00,100000.0,4919.34,22,23,0,Monday,0,1,100,EIN,en,Bank account opening,0
d8ba8840-0542-40fb-99c1-a08b539b067d,synth_b457b85f4f3a,itin,tabddpm_synthetic,,['en'],EIN,2024-05-03T00:12:00+00:00,100000.0,2933.21,22,0,6,Sunday,0,1,100,EIN,en,Bank account opening,0
516e1023-a15d-48dd-b37d-f96b0eef3980,synth_1d159ef8b01a,itin,tabddpm_synthetic,,['en'],EIN,2024-11-21T23:24:00+00:00,100.0,1186.54,55,23,0,Monday,90,2000,1,EIN,en,Bank account opening,0
bb18784e-2d13-4b34-a5b4-9a01faa00896,synth_953706b4dcef,itin,tabddpm_synthetic,,['en'],EIN,2024-11-25T22:11:00+00:00,100.0,1021.54,22,22,6,Sunday,22,2000,48,EIN,en,Bank account opening,0
cfe302d2-0145-4546-9dc4-647faa95e8f0,synth_1a73ee602e5a,itin,tabddpm_synthetic,,['en'],EIN,2024-06-10T00:35:00+00:00,99262.8,4196.77,55,0,0,Monday,90,1,17,EIN,en,Bank account opening,0
840b3d31-5458-4ecc-b228-30306cfd08cf,synth_cedc6658c954,itin,tabddpm_synthetic,,['en'],EIN,2024-11-04T00:35:00+00:00,1490.98,312.8,22,0,2,Wednesday,0,1,3,EIN,en,Bank account opening,0
9f4753cb-7a08-495a-95f7-5b8d57b26b28,synth_dff5c7fa2ec5,itin,tabddpm_synthetic,,['en'],EIN,2024-09-11T00:10:00+00:00,100.0,0.0,35,0,6,Sunday,0,1,19,EIN,en,Bank account opening,0
b0bda7af-113f-40c7-9b85-865f3a2801f7,synth_cf067dbdc332,itin,tabddpm_synthetic,,['en'],EIN,2024-08-14T00:30:00+00:00,100000.0,13877.51,22,0,6,Sunday,0,1,100,EIN,en,Bank account opening,0
15aee0b2-0068-4cc9-a03e-504050f85fab,synth_06e6d6342ae6,itin,tabddpm_synthetic,,['en'],EIN,2024-10-04T23:17:00+00:00,100.0,0.0,22,23,6,Sunday,28,2000,7,EIN,en,Bank account opening,0
0947ee14-f34a-4fcd-afa2-43d46789140c,synth_5d0435eaf9c0,itin,tabddpm_synthetic,,['en'],EIN,2024-11-01T00:10:00+00:00,100000.0,50000.0,22,0,0,Monday,90,1,100,EIN,en,Bank account opening,0
52afea91-6393-4076-a2cd-e4e14aea2c0e,synth_8a4231bd082b,itin,tabddpm_synthetic,,['en'],EIN,2024-11-12T23:09:00+00:00,100.0,19617.68,55,23,0,Monday,90,2000,0,EIN,en,Bank account opening,0
fc0f92a8-2b49-40f7-b889-ebe52dfeb993,synth_b66d4e0faf8f,itin,tabddpm_synthetic,,['en'],EIN,2024-11-01T00:20:00+00:00,24781.92,0.0,22,0,0,Monday,0,1,0,EIN,en,Bank account opening,0
ce765c12-913e-463a-a38a-b10350f054e2,synth_190771053ca7,itin,tabddpm_synthetic,,['en'],EIN,2024-04-15T12:57:00+00:00,4478.08,0.0,22,12,1,Tuesday,0,284,23,EIN,en,Bank account opening,0
3bf8e06d-5f15-4ef8-b3d0-57e8d7f4f34f,synth_2ce9f1b96042,itin,tabddpm_synthetic,,['en'],EIN,2024-09-06T14:47:00+00:00,100.0,0.0,22,14,6,Sunday,43,2000,9,EIN,en,Bank account opening,0
bf2327ce-42a4-4ac9-80c9-c4e98f6273bc,synth_29f5b1a82e4e,itin,tabddpm_synthetic,,['en'],EIN,2024-05-25T00:53:00+00:00,100.0,0.0,22,0,6,Sunday,0,1,45,EIN,en,Bank account opening,0
d93b81f0-a8d8-4713-a6de-0c6c5130673f,synth_173fcda4f665,itin,tabddpm_synthetic,,['en'],EIN,2024-12-22T00:25:00+00:00,100.0,5.99,55,0,6,Sunday,0,1,3,EIN,en,Bank account opening,0
84c6bf5e-799a-454d-ac4c-ccf74e178e9a,synth_311fde66ef35,itin,tabddpm_synthetic,,['en'],EIN,2024-08-24T00:18:00+00:00,11050.16,94.48,55,0,0,Monday,73,1,100,EIN,en,Bank account opening,0
40df3fac-145e-454d-91bb-774859b4fc91,synth_0bd906a90474,itin,tabddpm_synthetic,,['en'],EIN,2024-09-11T23:19:00+00:00,100000.0,50000.0,22,23,6,Sunday,90,1,100,EIN,en,Bank account opening,0
6e434b35-ec31-46fb-8f7d-0f9f5d795218,synth_b10deea47651,itin,tabddpm_synthetic,,['en'],EIN,2024-09-16T00:06:00+00:00,100.0,126.83,22,0,3,Thursday,0,1,8,EIN,en,Bank account opening,0
9eda2570-58bb-4cf2-a58d-e3a2d3e468fa,synth_e12799415b07,itin,tabddpm_synthetic,,['en'],EIN,2024-01-23T14:06:00+00:00,100.0,105.35,22,14,6,Sunday,90,2000,9,EIN,en,Bank account opening,0
605e5179-eb74-47cb-9768-df858b781936,synth_3fbf85019c8c,itin,tabddpm_synthetic,,['en'],EIN,2024-03-20T23:33:00+00:00,100.0,5316.55,55,23,0,Monday,90,2000,0,EIN,en,Bank account opening,0
4a4cb4d3-636e-4de5-865a-82aed00d91e0,synth_ab3f674d4f25,itin,tabddpm_synthetic,,['en'],EIN,2024-01-15T00:23:00+00:00,100000.0,50000.0,22,0,0,Monday,90,1,100,EIN,en,Bank account opening,0
275eca16-4303-472a-824d-4d0029f1d45e,synth_e5658c7ef235,itin,tabddpm_synthetic,,['en'],EIN,2024-06-12T04:44:00+00:00,100.0,4365.74,55,4,6,Sunday,90,2000,0,EIN,en,Bank account opening,0
aba41e37-953f-42ef-980a-cf2f0e6ed464,synth_060aa3b857ae,itin,tabddpm_synthetic,,['en'],ITIN,2024-10-17T08:02:00+00:00,1768.16,118.22,52,8,0,Monday,20,1560,4,ITIN,en,Bank account opening,0
94c2abe6-fab7-4f75-a5ac-2e5512cd58b5,synth_bc8962e1d5a8,itin,tabddpm_synthetic,,['en'],EIN,2024-09-26T00:02:00+00:00,100.0,807.66,50,0,6,Sunday,0,1,33,EIN,en,Bank account opening,0
9ab92ad1-5471-461d-9889-e2c4a0fa641f,synth_1e717bb0852f,itin,tabddpm_synthetic,,['en'],EIN,2024-11-23T00:49:00+00:00,100.0,1941.64,55,0,6,Sunday,90,2000,0,EIN,en,Bank account opening,0
f7b824a7-f6c3-4e44-aa74-cc6956de3e9d,synth_f8a331d892f9,itin,tabddpm_synthetic,,['en'],EIN,2024-08-11T10:55:00+00:00,100.0,50.17,22,10,5,Saturday,17,2000,5,EIN,en,Bank account opening,0
4a435d01-dcf0-4d24-97a2-3e9119073f6f,synth_868f034bd6e9,itin,tabddpm_synthetic,,['en'],EIN,2024-10-01T00:26:00+00:00,100.0,0.0,22,0,1,Tuesday,0,617,7,EIN,en,Bank account opening,0
e9ac0dc9-cc6a-4cc1-8401-f5ba9aac5adc,synth_07508b8f93a7,itin,tabddpm_synthetic,,['en'],EIN,2024-11-16T02:24:00+00:00,100.0,1433.01,22,2,6,Sunday,90,2000,44,EIN,en,Bank account opening,0
a8f1f510-c14e-4ca4-9bde-f4c3cea89cfc,synth_11f8bcd6b8b3,itin,tabddpm_synthetic,,['en'],EIN,2024-11-08T00:58:00+00:00,100000.0,50000.0,22,0,6,Sunday,0,1,100,EIN,en,Bank account opening,0
f1f9c2ab-3b86-46d4-89de-950de1aa3606,synth_c0ea7c0d75d3,itin,tabddpm_synthetic,,['en'],EIN,2024-10-19T00:00:00+00:00,100000.0,50000.0,22,0,6,Sunday,0,1,100,EIN,en,Bank account opening,0
595b2745-dd46-4209-8a91-0de7bfdece9b,synth_f6c53db56c35,itin,tabddpm_synthetic,,['en'],EIN,2024-04-02T00:55:00+00:00,100.0,0.0,55,0,6,Sunday,0,1300,12,EIN,en,Bank account opening,0
3da7c631-fefa-4158-ba09-489effc41675,synth_5d4ed79bb5fe,itin,tabddpm_synthetic,,['en'],EIN,2024-05-31T13:12:00+00:00,100.0,356.35,22,13,6,Sunday,24,2000,7,EIN,en,Bank account opening,0
289c9299-5ca7-4ff3-93d1-33077fc02d57,synth_1a5dfbfa0830,itin,tabddpm_synthetic,,['en'],EIN,2024-03-15T23:00:00+00:00,100.0,6380.91,55,23,0,Monday,90,2000,0,EIN,en,Bank account opening,0
f691cb65-ad0e-42fe-870e-a6fcec6bb7f8,synth_907e360b0539,itin,tabddpm_synthetic,,['en'],EIN,2024-08-28T20:38:00+00:00,100.0,0.0,22,20,6,Sunday,14,2000,4,EIN,en,Bank account opening,0
21b704ca-9279-408b-8102-4d2479d9743c,synth_c0642731cfd4,itin,tabddpm_synthetic,,['en'],EIN,2024-02-09T23:13:00+00:00,100.0,8004.67,55,23,0,Monday,90,2000,0,EIN,en,Bank account opening,0
5c69536b-e9e8-4930-a712-a22d1169a80a,synth_3271a315122a,itin,tabddpm_synthetic,,['en'],EIN,2024-11-23T20:01:00+00:00,100.0,0.0,22,20,5,Saturday,5,2000,0,EIN,en,Bank account opening,0
fafcc40a-c091-4ef1-8219-fde99a780ff1,synth_1440f79296cc,itin,tabddpm_synthetic,,['en'],EIN,2024-12-04T23:08:00+00:00,100.0,0.0,22,23,6,Sunday,17,2000,7,EIN,en,Bank account opening,0
c9d37b43-54f7-4a24-bf97-c82f7c32ae29,synth_be080767469c,itin,tabddpm_synthetic,,['en'],EIN,2024-10-28T12:04:00+00:00,100.0,323.56,22,12,6,Sunday,90,2000,10,EIN,en,Bank account opening,0
92123165-c85f-4025-82e1-33c21d096e9b,synth_7ac437b0b987,itin,tabddpm_synthetic,,['en'],EIN,2024-08-20T23:15:00+00:00,100000.0,2603.54,22,23,6,Sunday,0,1,100,EIN,en,Bank account opening,0
b9522f78-8dd0-4754-b7fe-52739cd17943,synth_70943656fae2,itin,tabddpm_synthetic,,['en'],EIN,2024-12-24T19:34:00+00:00,100.0,68.54,22,19,6,Sunday,9,2000,10,EIN,en,Bank account opening,0
9aed4261-1abc-44be-8bd1-4341d03b4de5,synth_5c9baf44aaad,itin,tabddpm_synthetic,,['en'],EIN,2024-02-04T23:39:00+00:00,100000.0,15448.85,22,23,6,Sunday,0,1,100,EIN,en,Bank account opening,0
75f5f5f5-3b6c-4e55-8554-0555f6ea1ff4,synth_c93807b8f9dc,itin,tabddpm_synthetic,,['en'],EIN,2024-08-04T00:20:00+00:00,100000.0,50000.0,22,0,0,Monday,90,1,100,EIN,en,Bank account opening,0
4435bc85-3595-43d3-b387-7b0f6f490733,synth_0e44061093a4,itin,tabddpm_synthetic,,['en'],EIN,2024-05-16T03:33:00+00:00,3418.64,355.37,37,3,0,Monday,3,1742,8,EIN,en,Bank account opening,0
e5e73a00-4d66-47f8-9a5e-bf42e1743447,synth_7ef29fafd3a7,itin,tabddpm_synthetic,,['en'],EIN,2024-05-29T00:42:00+00:00,42898.35,541.47,22,0,0,Monday,0,1,88,EIN,en,Bank account opening,0
98827b81-ab2a-41e0-9f01-e0956271c1ea,synth_70120eafa0bd,itin,tabddpm_synthetic,,['en'],EIN,2024-10-11T00:06:00+00:00,6247.05,81.35,22,0,0,Monday,33,1,48,EIN,en,Bank account opening,0
716d162c-9fdd-4d38-b3a5-984b7ff36350,synth_3f1c92ed86ad,itin,tabddpm_synthetic,,['en'],EIN,2024-04-20T23:46:00+00:00,100000.0,50000.0,22,23,6,Sunday,0,1,100,EIN,en,Bank account opening,1
cb2bbc10-8e82-415a-b2b1-34c91aed1eee,synth_f8dbb10902cf,itin,tabddpm_synthetic,,['en'],EIN,2024-07-04T12:57:00+00:00,100.0,17.44,22,12,6,Sunday,61,2000,8,EIN,en,Bank account opening,0
8715b394-8dd1-4131-a217-3323c266bed3,synth_139086659220,itin,tabddpm_synthetic,,['en'],EIN,2024-02-11T02:58:00+00:00,100.0,311.61,22,2,6,Sunday,90,2000,1,EIN,en,Bank account opening,0
a5868f3c-ed36-4a5c-842b-d249a90593dc,synth_04dbc1952453,itin,tabddpm_synthetic,,['en'],EIN,2024-03-01T00:13:00+00:00,100000.0,50000.0,22,0,6,Sunday,0,1,100,EIN,en,Bank account opening,0
e1dfa153-96a3-46c2-895d-8a89683e3329,synth_238fc51d9036,itin,tabddpm_synthetic,,['en'],EIN,2024-07-18T23:42:00+00:00,100000.0,50000.0,22,23,6,Sunday,0,1,100,EIN,en,Bank account opening,0
edd899d1-70f7-4d7b-99e4-cbdfcbf1ddd8,synth_03db593b8900,itin,tabddpm_synthetic,,['en'],EIN,2024-03-11T23:06:00+00:00,100.0,0.0,22,23,6,Sunday,0,2000,8,EIN,en,Bank account opening,0
377fbddd-7b75-4d64-bc15-bef2bd29d151,synth_6a34699b0e34,itin,tabddpm_synthetic,,['en'],EIN,2024-08-16T23:44:00+00:00,100000.0,50000.0,22,23,6,Sunday,0,1,100,EIN,en,Bank account opening,1
356ae5e3-8f9c-4cf9-9ed2-fa9ed1db6328,synth_e9c91554fd45,itin,tabddpm_synthetic,,['en'],EIN,2024-07-04T00:08:00+00:00,100.0,500.95,22,0,6,Sunday,3,2000,32,EIN,en,Bank account opening,0
d3bd3c05-fafc-4cc8-86f8-6c96d6142f0a,synth_16a37536f7ca,itin,tabddpm_synthetic,,['en'],EIN,2024-02-21T00:52:00+00:00,100000.0,50000.0,55,0,6,Sunday,0,1,100,EIN,en,Bank account opening,0
94f33730-6487-4fdf-a65a-4d68509e4dcd,synth_895da4650368,itin,tabddpm_synthetic,,['en'],EIN,2024-04-17T23:23:00+00:00,100000.0,50000.0,22,23,6,Sunday,0,1,100,EIN,en,Bank account opening,0
46e7aa83-b5ca-4010-acdf-62e86b6ed964,synth_36203b9e38c5,itin,tabddpm_synthetic,,['en'],EIN,2024-08-11T15:39:00+00:00,100.0,0.0,22,15,6,Sunday,28,2000,7,EIN,en,Bank account opening,0
f3f6f648-7bf6-4a25-98ed-96f76743e295,synth_1bee3e3fe69d,itin,tabddpm_synthetic,,['en'],ITIN,2024-05-21T10:08:00+00:00,2927.37,270.97,41,10,6,Sunday,4,1693,10,ITIN,en,Bank account opening,0
0fb15a00-1bfd-46ee-b3e2-4d5f3d06aa3c,synth_f69f3018149f,itin,tabddpm_synthetic,,['en'],EIN,2024-11-02T05:20:00+00:00,100.0,1642.88,55,5,6,Sunday,90,2000,0,EIN,en,Bank account opening,0
2375142f-5cf2-44a5-ba44-8126aff1c54f,synth_390ed2b4a814,itin,tabddpm_synthetic,,['en'],ITIN,2024-02-23T08:35:00+00:00,5502.53,3.16,50,8,0,Monday,2,1456,5,ITIN,en,Bank account opening,0
5ef05570-3da0-4440-ba3b-f802d3b36973,synth_2f278b1cb14f,itin,tabddpm_synthetic,,['en'],EIN,2024-04-16T00:18:00+00:00,10719.84,0.0,55,0,6,Sunday,0,1,0,EIN,en,Bank account opening,0
f26c1aa5-c97c-4e91-8d58-0259acdebb10,synth_2fd72e8e9e68,itin,tabddpm_synthetic,,['en'],EIN,2024-09-09T01:16:00+00:00,100.0,0.0,22,1,6,Sunday,88,2000,10,EIN,en,Bank account opening,0
948609bb-fa92-499b-9110-3151235ae401,synth_73b2801203df,itin,tabddpm_synthetic,,['en'],ITIN,2024-10-15T00:12:00+00:00,100.0,0.0,22,0,6,Sunday,0,1,0,ITIN,en,Bank account opening,0
1429b307-5bc7-439e-ad0d-a2d83c22b440,synth_aabd6342993a,itin,tabddpm_synthetic,,['en'],EIN,2024-09-16T03:57:00+00:00,2896.63,305.22,55,3,6,Sunday,19,866,1,EIN,en,Bank account opening,0
0d2ff985-a468-47a1-85f2-abc1f22dd70a,synth_137978bcbdee,itin,tabddpm_synthetic,,['en'],EIN,2024-07-26T00:44:00+00:00,100000.0,50000.0,22,0,6,Sunday,90,1,100,EIN,en,Bank account opening,0
0247eb2a-704e-42a2-ba4a-f3c2e2f892fa,synth_c97e78fa9ce8,itin,tabddpm_synthetic,,['en'],EIN,2024-09-05T00:24:00+00:00,100.0,0.0,22,0,6,Sunday,0,1,0,EIN,en,Bank account opening,0
e5e2dddc-68e8-494f-9213-caaea452dced,synth_f628cb295be1,itin,tabddpm_synthetic,,['en'],EIN,2024-05-13T16:41:00+00:00,100.0,0.0,22,16,6,Sunday,28,2000,7,EIN,en,Bank account opening,0
224ebd22-2835-4950-a583-62b2fab654c7,synth_8f7f336bd970,itin,tabddpm_synthetic,,['en'],EIN,2024-12-24T00:49:00+00:00,1732.17,0.0,47,0,6,Sunday,0,829,0,EIN,en,Bank account opening,0
b8f40b39-7460-4d63-a8e2-4298a08fa653,synth_3b6ec1895831,itin,tabddpm_synthetic,,['en'],EIN,2024-08-19T23:57:00+00:00,100000.0,50000.0,22,23,6,Sunday,0,1,100,EIN,en,Bank account opening,1
80169c19-717c-47f2-b4c4-90ea410316d2,synth_0cf5a522fe42,itin,tabddpm_synthetic,,['en'],EIN,2024-07-26T09:25:00+00:00,100.0,1831.36,55,9,0,Monday,90,1,21,EIN,en,Bank account opening,0
d8094d47-2626-4429-bd43-013339ca50f9,synth_6f093bc0b926,itin,tabddpm_synthetic,,['en'],EIN,2024-02-18T00:37:00+00:00,100000.0,50000.0,22,0,6,Sunday,90,1,100,EIN,en,Bank account opening,0
65276807-a09d-40bc-903f-421217bdc29a,synth_dfbfdb693935,itin,tabddpm_synthetic,,['en'],EIN,2024-06-06T23:49:00+00:00,100.0,49582.0,55,23,0,Monday,90,2000,0,EIN,en,Bank account opening,0
15c2ac0e-d456-4543-a246-e58560940f1d,synth_5fa246a49f7d,itin,tabddpm_synthetic,,['en'],EIN,2024-08-31T19:21:00+00:00,100.0,0.0,24,19,5,Saturday,12,2000,6,EIN,en,Bank account opening,0
68deecba-ceeb-49c5-927a-cb51c5cc9582,synth_5d40ec1f0425,itin,tabddpm_synthetic,,['en'],EIN,2024-05-07T00:51:00+00:00,100.0,0.0,55,0,6,Sunday,0,1,30,EIN,en,Bank account opening,0
4af01752-4c3d-4627-a831-21561748f910,synth_5b55d31a83da,itin,tabddpm_synthetic,,['en'],EIN,2024-07-25T23:08:00+00:00,100.0,1398.28,55,23,0,Monday,90,2000,0,EIN,en,Bank account opening,0
44f77eeb-39c0-4119-8440-3c1f8fa74b29,synth_eff653c14e28,itin,tabddpm_synthetic,,['en'],EIN,2024-04-24T23:12:00+00:00,100.0,9029.9,55,23,0,Monday,90,2000,0,EIN,en,Bank account opening,0
b36ccc20-5517-477c-aa20-e65c331b99a1,synth_a3fc33653f2b,itin,tabddpm_synthetic,,['en'],EIN,2024-05-17T00:49:00+00:00,100.0,451.49,22,0,6,Sunday,11,540,0,EIN,en,Bank account opening,0
3cee0937-a122-4e55-8efa-c0ea536fc59c,synth_bfe4590e07c8,itin,tabddpm_synthetic,,['en'],EIN,2024-10-16T03:55:00+00:00,100.0,1669.28,55,3,0,Monday,90,1067,20,EIN,en,Bank account opening,0
a48c0e78-66dd-42bd-a74b-81abdafdd5f9,synth_bf91cd24d52b,itin,tabddpm_synthetic,,['en'],EIN,2024-10-26T00:45:00+00:00,100.0,644.02,52,0,6,Sunday,0,1,14,EIN,en,Bank account opening,0
c2944a52-f20f-4112-af03-57acd6498560,synth_ce4059b9ad44,itin,tabddpm_synthetic,,['en'],EIN,2024-03-23T23:06:00+00:00,100.0,3833.79,55,23,0,Monday,90,2000,28,EIN,en,Bank account opening,0
e93f9a1d-73a5-4e5d-825b-fa48265ac1c5,synth_9f839c17f2f3,itin,tabddpm_synthetic,,['en'],EIN,2024-12-18T15:02:00+00:00,100.0,235.46,55,15,6,Sunday,90,640,2,EIN,en,Bank account opening,0
a91b4220-29bb-42b7-abf2-bfc587fc05d6,synth_8a959e704c9c,itin,tabddpm_synthetic,,['en'],EIN,2024-07-11T23:37:00+00:00,100.0,2719.9,55,23,0,Monday,90,2000,0,EIN,en,Bank account opening,0
9c71f2c4-489c-44fb-b2ba-5192b195ef18,synth_ae9ec40e0da2,itin,tabddpm_synthetic,,['en'],EIN,2024-07-04T23:56:00+00:00,100000.0,43493.89,22,23,6,Sunday,0,1,100,EIN,en,Bank account opening,0
f1818567-0667-4b1a-82d3-0e46d097195f,synth_2b60479f0266,itin,tabddpm_synthetic,,['en'],EIN,2024-03-18T00:09:00+00:00,100.0,0.0,55,0,6,Sunday,0,1,0,EIN,en,Bank account opening,0
2c8bdd6e-74c4-4d5c-a9c9-2dfc2284d6c7,synth_084123885093,itin,tabddpm_synthetic,,['en'],EIN,2024-03-28T00:11:00+00:00,100000.0,50000.0,55,0,0,Monday,90,1,0,EIN,en,Bank account opening,0
afca5991-9a22-4e17-a25c-775277d440f5,synth_19042d0694ab,itin,tabddpm_synthetic,,['en'],EIN,2024-01-08T23:15:00+00:00,100.0,18540.58,55,23,0,Monday,90,2000,0,EIN,en,Bank account opening,0
00da8465-0192-423a-b5b3-9a1ec2f10502,synth_8c356994804c,itin,tabddpm_synthetic,,['en'],EIN,2024-01-30T13:53:00+00:00,16810.63,0.0,22,13,0,Monday,0,1,54,EIN,en,Bank account opening,0
5bc4ca84-1131-4059-a010-3977258b149c,synth_3a60f766c8f1,itin,tabddpm_synthetic,,['en'],EIN,2024-12-12T15:46:00+00:00,100.0,1461.16,22,15,6,Sunday,15,2000,54,EIN,en,Bank account opening,0
5917e073-3542-4989-b3ba-4396e4726b35,synth_6fe63268d45f,itin,tabddpm_synthetic,,['en'],EIN,2024-11-16T23:22:00+00:00,100.0,15448.37,55,23,0,Monday,90,2000,12,EIN,en,Bank account opening,0
4972e8ac-e1ad-4f98-9e3e-4ae2cdf4b961,synth_b6b0688b5c08,itin,tabddpm_synthetic,,['en'],EIN,2024-03-23T00:20:00+00:00,3720.56,0.0,55,0,6,Sunday,0,1789,0,EIN,en,Bank account opening,0
3c34de9c-6388-4096-a591-60568f13c33e,synth_952575ba508e,itin,tabddpm_synthetic,,['es'],EIN,2024-06-10T22:07:00+00:00,239.15,0.0,35,22,1,Tuesday,10,892,5,EIN,es,Bank account opening,0
087757cb-04b0-4e05-a655-f895832b6454,synth_9abd7b95f03e,itin,tabddpm_synthetic,,['en'],EIN,2024-12-22T01:18:00+00:00,100.0,0.0,26,1,6,Sunday,3,1815,29,EIN,en,Bank account opening,0
ec136434-c1d6-4cb5-8193-9803d3ddf35d,synth_3875bb122a09,itin,tabddpm_synthetic,,['en'],EIN,2024-01-17T19:14:00+00:00,100.0,2242.08,55,19,5,Saturday,90,2000,0,EIN,en,Bank account opening,0
f72cf42d-7102-44aa-b05d-e812f112376c,synth_63a3c37f90e0,itin,tabddpm_synthetic,,['en'],ITIN,2024-04-11T23:04:00+00:00,100.0,62.17,22,23,6,Sunday,7,2000,15,ITIN,en,Bank account opening,0
205fd6f4-782e-40ee-8c87-4a4eb35452bd,synth_65595d9b3104,itin,tabddpm_synthetic,,['en'],EIN,2024-06-15T23:07:00+00:00,100.0,8303.64,55,23,0,Monday,90,2000,66,EIN,en,Bank account opening,0
c16d781d-0694-4e22-a5c3-66dd0de708d6,synth_86eca27351a9,itin,tabddpm_synthetic,,['en'],EIN,2024-09-14T18:46:00+00:00,100.0,212.01,45,18,6,Sunday,39,2000,10,EIN,en,Bank account opening,0
6fe474f2-fd87-43e3-a5d1-c1490b411aa6,synth_0c3523af1f46,itin,tabddpm_synthetic,,['en'],EIN,2024-03-27T23:40:00+00:00,100000.0,2307.4,22,23,0,Monday,0,1,100,EIN,en,Bank account opening,0
4caaeced-dd0e-43a9-856e-865056991af4,synth_e30c972e951e,itin,tabddpm_synthetic,,['en'],EIN,2024-08-07T23:09:00+00:00,100.0,1789.82,55,23,0,Monday,90,2000,0,EIN,en,Bank account opening,0
9c11512f-7875-4b12-b029-8cf718609890,synth_d6b370dc3687,itin,tabddpm_synthetic,,['en'],EIN,2024-01-30T23:29:00+00:00,100000.0,50000.0,22,23,6,Sunday,0,1,100,EIN,en,Bank account opening,1
6c837ff6-42b6-4f6f-a039-4ee47c2f7d4c,synth_4a3590f33850,itin,tabddpm_synthetic,,['en'],EIN,2024-07-08T00:38:00+00:00,2064.64,0.0,55,0,6,Sunday,0,1257,0,EIN,en,Bank account opening,0
ecc5c32f-9ed3-478a-892f-7e9f62ff9acc,synth_7fac5ece9b21,itin,tabddpm_synthetic,,['en'],EIN,2024-01-29T18:28:00+00:00,100.0,0.0,22,18,6,Sunday,33,2000,24,EIN,en,Bank account opening,0
ff2f08bc-3ad4-4cb7-8569-9cd46f27194c,synth_12d3fac7cf9b,itin,tabddpm_synthetic,,['en'],EIN,2024-09-18T23:27:00+00:00,100.0,2537.72,55,23,0,Monday,90,2000,0,EIN,en,Bank account opening,0
b8012da8-1cfd-4bf9-b42d-8e5c1de93658,synth_0834af6bfb9b,itin,tabddpm_synthetic,,['en'],EIN,2024-11-16T00:37:00+00:00,100.0,5.61,22,0,2,Wednesday,0,2000,3,EIN,en,Bank account opening,0
344430b8-a43a-4701-8b9c-5ed26047f237,synth_6ae66d51db3e,itin,tabddpm_synthetic,,['en'],EIN,2024-11-10T23:35:00+00:00,100.0,510.19,55,23,6,Sunday,90,2000,1,EIN,en,Bank account opening,0
5d5c0ba1-5a98-45d8-a1ee-79fab13b95e7,synth_123017d7f597,itin,tabddpm_synthetic,,['en'],EIN,2024-08-01T00:56:00+00:00,100000.0,50000.0,22,0,6,Sunday,90,1,100,EIN,en,Bank account opening,0
9c75cd73-d7af-41a7-a009-e2f4bb1517d1,synth_9a3154570ec8,itin,tabddpm_synthetic,,['en'],EIN,2024-07-12T23:28:00+00:00,19436.68,0.0,22,23,0,Monday,0,1,100,EIN,en,Bank account opening,0
d1e731a8-9f3b-4b43-8d7c-feb8a91ffa32,synth_45671780ac02,itin,tabddpm_synthetic,,['en'],EIN,2024-03-27T00:37:00+00:00,1977.98,0.0,22,0,0,Monday,43,1,28,EIN,en,Bank account opening,0
e73be584-a1a8-4aaa-9040-a2d8c4e27ac4,synth_56fc3b6f5472,itin,tabddpm_synthetic,,['en'],EIN,2024-07-08T00:50:00+00:00,405.82,0.0,22,0,0,Monday,0,1,4,EIN,en,Bank account opening,1
12e259e0-7ca6-4e70-9c43-734e6761e290,synth_e21ef5bcd6b7,itin,tabddpm_synthetic,,['es'],EIN,2024-03-09T01:35:00+00:00,100.0,0.0,39,1,6,Sunday,2,605,4,EIN,es,Bank account opening,0
f55b513d-edfe-4091-869b-0c76c4719b46,synth_77c8469b83fa,itin,tabddpm_synthetic,,['en'],EIN,2024-06-29T03:38:00+00:00,968.32,287.33,24,3,6,Sunday,10,1226,0,EIN,en,Bank account opening,0
2f47138b-61cf-4e20-bbfb-3919e89e782d,synth_611f7f985b2e,itin,tabddpm_synthetic,,['en'],EIN,2024-11-25T15:30:00+00:00,20251.22,0.0,22,15,0,Monday,0,1,73,EIN,en,Bank account opening,0
89519865-d9a6-455e-9944-8f4cf231164b,synth_b02906c61258,itin,tabddpm_synthetic,,['en'],EIN,2024-10-29T04:02:00+00:00,1945.52,55.95,40,4,6,Sunday,4,1302,0,EIN,en,Bank account opening,0
93f9bd8b-b73e-4259-bb74-dff8b0d5713d,synth_b4f1c9745615,itin,tabddpm_synthetic,,['en'],EIN,2024-01-01T00:02:00+00:00,100.0,272.83,22,0,6,Sunday,0,1,2,EIN,en,Bank account opening,0
953e519d-5742-4ff8-a8e4-d65427cb9364,synth_7d83e7085395,itin,tabddpm_synthetic,,['en'],EIN,2024-08-17T18:42:00+00:00,100.0,0.0,22,18,5,Saturday,0,2000,13,EIN,en,Bank account opening,0
4a817484-efe1-4baa-acb8-8a05286eff81,synth_7b9406ee4175,itin,tabddpm_synthetic,,['en'],EIN,2024-05-20T23:57:00+00:00,100000.0,1054.51,22,23,1,Tuesday,0,1,100,EIN,en,Bank account opening,0
ac31c739-35dc-42fd-8c2e-b7dbc2750cd7,synth_77127cc6d6c0,itin,tabddpm_synthetic,,['en'],EIN,2024-01-13T10:10:00+00:00,224.46,56.05,30,10,4,Friday,3,2000,5,EIN,en,Bank account opening,0
861737ec-f484-46ff-80ca-b9abf1c14378,synth_be3344b8b922,itin,tabddpm_synthetic,,['en'],EIN,2024-07-13T06:36:00+00:00,100.0,117.93,22,6,6,Sunday,50,2000,25,EIN,en,Bank account opening,0
d6b9a595-1720-4329-b730-f43205970e1c,synth_c71bd6845e6b,itin,tabddpm_synthetic,,['en'],EIN,2024-07-13T23:39:00+00:00,100.0,1767.69,22,23,6,Sunday,0,2000,100,EIN,en,Bank account opening,1
77fa72af-7bab-41a7-a6ba-dbe465b79fae,synth_f87e41bd8a3b,itin,tabddpm_synthetic,,['en'],EIN,2024-03-22T09:51:00+00:00,100.0,149.36,22,9,6,Sunday,53,2000,2,EIN,en,Bank account opening,0
6698189d-0bd6-40b1-95c3-616509dfc494,synth_c167114e928c,itin,tabddpm_synthetic,,['en'],EIN,2024-12-05T23:07:00+00:00,100.0,24561.29,55,23,0,Monday,90,1,100,EIN,en,Bank account opening,0
1cffc31a-a7eb-46da-91e9-4db34d1c60bf,synth_9de4383da620,itin,tabddpm_synthetic,,['en'],EIN,2024-02-20T00:05:00+00:00,100000.0,50000.0,22,0,6,Sunday,0,1,100,EIN,en,Bank account opening,1
f5c6c240-a706-40d8-91a2-61a12a606178,synth_5588c33ba1e5,itin,tabddpm_synthetic,,['en'],EIN,2024-03-23T23:43:00+00:00,100000.0,50000.0,22,23,6,Sunday,0,1,100,EIN,en,Bank account opening,1
2555e123-d273-4aa8-b207-4633298e5a8b,synth_854821a43ab6,itin,tabddpm_synthetic,,['en'],EIN,2024-01-11T22:29:00+00:00,100.0,159.82,55,22,0,Monday,90,2000,13,EIN,en,Bank account opening,0
08586ea8-bc20-4376-801d-8f2de79d06e4,synth_5299aa1d066f,itin,tabddpm_synthetic,,['en'],EIN,2024-07-14T23:05:00+00:00,100.0,19124.65,55,23,0,Monday,90,2000,0,EIN,en,Bank account opening,0
4cab1a6f-5eb3-4b06-a0a5-f23e7ff4af69,synth_231c19a8e28d,itin,tabddpm_synthetic,,['es'],EIN,2024-11-08T00:22:00+00:00,100.0,0.0,22,0,0,Monday,0,1,5,EIN,es,Bank account opening,0
4832e6e4-70f9-4d6c-88ab-2358fcfbca10,synth_7b0a513192c0,itin,tabddpm_synthetic,,['en'],EIN,2024-02-24T00:43:00+00:00,100000.0,19567.76,55,0,0,Monday,90,1,100,EIN,en,Bank account opening,0
37e99cce-4262-4ba8-a215-2a631771cfed,synth_3ecca4547f5a,itin,tabddpm_synthetic,,['en'],EIN,2024-01-20T04:33:00+00:00,459.71,134.12,34,4,4,Friday,0,646,21,EIN,en,Bank account opening,0
8c106134-1f5a-42fe-9a40-2f4a9071763b,synth_900c8c2d9955,itin,tabddpm_synthetic,,['en'],EIN,2024-06-19T23:06:00+00:00,100.0,21557.71,55,23,0,Monday,90,262,100,EIN,en,Bank account opening,1
06304bcb-d34f-436e-b990-8cb18a0e1887,synth_3cf9389f60fd,itin,tabddpm_synthetic,,['en'],EIN,2024-07-23T00:10:00+00:00,100.0,189.03,55,0,6,Sunday,0,1,41,EIN,en,Bank account opening,0
cda035bd-a44a-4e91-b1fb-a2ea6bccda9f,synth_526328bdd112,itin,tabddpm_synthetic,,['en'],EIN,2024-01-02T23:45:00+00:00,100.0,0.0,22,23,6,Sunday,27,2000,15,EIN,en,Bank account opening,0
e8a4041f-2c3e-4368-ba59-000450cdeb3d,synth_6af67041d29f,itin,tabddpm_synthetic,,['en'],EIN,2024-06-16T00:38:00+00:00,100000.0,50000.0,22,0,6,Sunday,0,1,100,EIN,en,Bank account opening,0
72c2a4fb-7d35-4229-a4f6-78aa7a713eae,synth_a17b1177366e,itin,tabddpm_synthetic,,['en'],EIN,2024-03-30T00:45:00+00:00,100000.0,50000.0,22,0,6,Sunday,0,1,100,EIN,en,Bank account opening,0
053a290c-2639-44f6-b413-9efa800d299b,synth_1e1678813138,itin,tabddpm_synthetic,,['en'],EIN,2024-11-13T23:05:00+00:00,100.0,0.0,22,23,6,Sunday,11,2000,6,EIN,en,Bank account opening,0
45f75134-6c39-4a1b-9055-1362c817a2b7,synth_02feadb5af1d,itin,tabddpm_synthetic,,['en'],EIN,2024-12-21T00:30:00+00:00,100000.0,50000.0,22,0,6,Sunday,0,1,100,EIN,en,Bank account opening,0
3db77047-7a5e-4458-bec3-cfdb325ff6f4,synth_5439664e721b,itin,tabddpm_synthetic,,['en'],EIN,2024-06-06T23:24:00+00:00,100000.0,50000.0,22,23,6,Sunday,0,1,100,EIN,en,Bank account opening,1
7ba1b56d-c6f7-4b2e-b927-ce92c49b66ce,synth_e84794256ca5,itin,tabddpm_synthetic,,['en'],EIN,2024-09-14T23:45:00+00:00,100.0,4463.62,55,23,0,Monday,90,835,59,EIN,en,Bank account opening,1
6f1760cd-a276-4a43-a012-6856eca3a274,synth_cb7c5a9ae0e5,itin,tabddpm_synthetic,,['en'],EIN,2024-12-26T07:46:00+00:00,100.0,0.0,22,7,6,Sunday,11,2000,26,EIN,en,Bank account opening,0
5daa84c1-609a-497d-98e5-6e58b52fb79d,synth_aff0d172c860,itin,tabddpm_synthetic,,['en'],EIN,2024-09-05T23:03:00+00:00,38906.87,1225.98,43,23,2,Wednesday,26,1,100,EIN,en,Bank account opening,0
68cc66fd-acdc-4184-a604-b481996590d3,synth_8bf1079e4335,itin,tabddpm_synthetic,,['en'],EIN,2024-04-16T00:41:00+00:00,100.0,0.0,22,0,2,Wednesday,0,2000,0,EIN,en,Bank account opening,0
8fcba135-3ff0-49d4-8320-b2e2eeee3dd3,synth_81b5b824f753,itin,tabddpm_synthetic,,['en'],EIN,2024-08-27T23:28:00+00:00,100.0,0.0,22,23,6,Sunday,12,2000,9,EIN,en,Bank account opening,0
3490ae7b-555f-4b96-ad15-b8a64c5c000b,synth_f2bb3aa7c5ef,itin,tabddpm_synthetic,,['en'],EIN,2024-08-21T00:00:00+00:00,100000.0,50000.0,22,0,0,Monday,90,1,100,EIN,en,Bank account opening,1
e36aec76-ce43-431d-8ada-5b258e4baaa1,synth_afaf678bef23,itin,tabddpm_synthetic,,['en'],EIN,2024-04-07T00:36:00+00:00,100.0,0.0,22,0,6,Sunday,0,1,0,EIN,en,Bank account opening,0
519d7eb9-6c74-4441-b56e-ca300edad0eb,synth_b820c77765ae,itin,tabddpm_synthetic,,['en'],EIN,2024-04-30T23:17:00+00:00,100.0,5569.42,55,23,0,Monday,90,2000,0,EIN,en,Bank account opening,0
10cbda32-08dc-4653-9ef3-452173891e13,synth_105456320406,itin,tabddpm_synthetic,,['en'],EIN,2024-10-29T23:21:00+00:00,100000.0,40781.33,22,23,6,Sunday,0,1,100,EIN,en,Bank account opening,1
0b5f0c83-a66a-4a1f-a77f-49a2f34a13a3,synth_7a1086152009,itin,tabddpm_synthetic,,['en'],EIN,2024-07-02T00:25:00+00:00,100000.0,50000.0,22,0,6,Sunday,0,1,100,EIN,en,Bank account opening,0
1cfd87b9-bd67-4b0f-9a1b-25016a9f6f6b,synth_6af916ad0498,itin,tabddpm_synthetic,,['en'],EIN,2024-12-02T00:43:00+00:00,100.0,0.0,22,0,0,Monday,0,2000,0,EIN,en,Bank account opening,0
6acb84d3-67b9-477c-9f95-11a8bfc19ea1,synth_1971b8c2f6f0,itin,tabddpm_synthetic,,['en'],EIN,2024-04-14T23:50:00+00:00,100.0,4205.43,55,23,0,Monday,90,2000,0,EIN,en,Bank account opening,0
43fb9a8f-cb3f-427d-a9c7-a8d8c52a3874,synth_e5254ae98cac,itin,tabddpm_synthetic,,['en'],EIN,2024-02-07T07:14:00+00:00,36002.11,774.26,22,7,6,Sunday,28,1,100,EIN,en,Bank account opening,0
d23af611-d7bc-47cb-9bf4-82a053c36ee6,synth_1a34d255cace,itin,tabddpm_synthetic,,['es'],EIN,2024-04-02T23:16:00+00:00,3581.27,0.0,22,23,4,Friday,2,2000,1,EIN,es,Bank account opening,0
1eadf109-25d6-4939-899d-232253a75730,synth_86b310725d1d,itin,tabddpm_synthetic,,['en'],EIN,2024-07-03T19:28:00+00:00,97386.02,1903.91,22,19,6,Sunday,55,1,100,EIN,en,Bank account opening,0
430ae488-4c00-4635-a5b2-b689b2038ddd,synth_c8933743e795,itin,tabddpm_synthetic,,['en'],EIN,2024-09-11T23:54:00+00:00,100.0,0.0,22,23,6,Sunday,28,2000,14,EIN,en,Bank account opening,0
ca932127-7635-4467-904c-53ae0b5dc2c9,synth_7cbb1033fc83,itin,tabddpm_synthetic,,['en'],EIN,2024-01-14T23:08:00+00:00,100.0,9293.59,55,23,0,Monday,90,2000,0,EIN,en,Bank account opening,0
34e03bb0-ed8a-463b-8c34-abf672981b24,synth_21579f0288fd,itin,tabddpm_synthetic,,['en'],EIN,2024-09-29T23:50:00+00:00,100000.0,50000.0,22,23,6,Sunday,90,1,100,EIN,en,Bank account opening,0
d2279c88-0101-4923-8822-dd9f536cffd2,synth_5859dadd5b09,itin,tabddpm_synthetic,,['en'],EIN,2024-04-18T13:47:00+00:00,2405.75,0.0,22,13,1,Tuesday,0,2000,8,EIN,en,Bank account opening,0
dd1687bb-aa10-4dc0-876f-34dab850386c,synth_29b3cbeee238,itin,tabddpm_synthetic,,['en'],EIN,2024-07-20T00:33:00+00:00,100000.0,50000.0,22,0,6,Sunday,0,1,100,EIN,en,Bank account opening,0
27c5eaa1-4513-4b49-9122-213c27ad455c,synth_2d985fdae0f7,itin,tabddpm_synthetic,,['en'],EIN,2024-11-21T23:44:00+00:00,100.0,8086.39,55,23,0,Monday,90,2000,0,EIN,en,Bank account opening,0
ecc97bc8-b6c3-4f3d-a0a3-6d9e60125d03,synth_2df646e761f5,itin,tabddpm_synthetic,,['en'],EIN,2024-08-07T08:51:00+00:00,100.0,0.0,22,8,6,Sunday,90,2000,17,EIN,en,Bank account opening,0
ddd9670e-4656-48b3-8983-18a82ed40993,synth_e0da66f6628c,itin,tabddpm_synthetic,,['en'],EIN,2024-08-05T23:53:00+00:00,100000.0,50000.0,22,23,6,Sunday,0,1,100,EIN,en,Bank account opening,1
9d700c16-e54d-4e91-9340-d8fa8acc6fe0,synth_a067ee6e08af,itin,tabddpm_synthetic,,['en'],EIN,2024-11-11T23:38:00+00:00,100000.0,50000.0,22,23,6,Sunday,0,1,100,EIN,en,Bank account opening,1
d33aa577-fb8e-44b3-9558-df4e19e5e35f,synth_931908b977d6,itin,tabddpm_synthetic,,['en'],EIN,2024-08-06T00:45:00+00:00,100.0,1559.18,22,0,6,Sunday,0,1,6,EIN,en,Bank account opening,0
2821e295-44d0-4bbf-a428-18acc6429dd7,synth_309bec3abcdc,itin,tabddpm_synthetic,,['en'],EIN,2024-02-16T23:15:00+00:00,100.0,13511.24,55,23,0,Monday,90,2000,0,EIN,en,Bank account opening,0
5820fddc-9546-40b7-8c10-16e41e1762ce,synth_5361e68ec201,itin,tabddpm_synthetic,,['en'],EIN,2024-04-24T00:36:00+00:00,100.0,0.0,22,0,0,Monday,0,1518,2,EIN,en,Bank account opening,0
061ffb1c-5811-4561-959f-f88763ae7040,synth_2497a7d5a89b,itin,tabddpm_synthetic,,['en'],EIN,2024-01-09T23:29:00+00:00,100.0,2335.46,55,23,0,Monday,90,2000,7,EIN,en,Bank account opening,0
7f639ac8-007b-412d-9f9d-f6701541e104,synth_2c97491b68b3,itin,tabddpm_synthetic,,['en'],EIN,2024-12-27T23:34:00+00:00,100.0,7864.44,55,23,0,Monday,90,2000,0,EIN,en,Bank account opening,0
bf7866a9-5567-4a0f-b9c6-37b5f1b77594,synth_7197ab628d58,itin,tabddpm_synthetic,,['en'],EIN,2024-10-26T00:01:00+00:00,100.0,0.0,55,0,6,Sunday,0,1521,0,EIN,en,Bank account opening,0
bc32d089-9451-4945-93bd-182ebe0cbb90,synth_a9677a40d802,itin,tabddpm_synthetic,,['en'],EIN,2024-03-04T00:41:00+00:00,100000.0,2728.84,22,0,6,Sunday,1,1,100,EIN,en,Bank account opening,0
06f31c05-0e24-4434-b895-172dcb3d9fd6,synth_91ffd9212fe7,itin,tabddpm_synthetic,,['en'],EIN,2024-09-27T06:36:00+00:00,100.0,373.51,22,6,6,Sunday,90,2000,1,EIN,en,Bank account opening,0
92424c15-cd12-41e8-9368-a992b7c24faf,synth_2b1a390e8d58,itin,tabddpm_synthetic,,['en'],EIN,2024-07-23T23:42:00+00:00,100000.0,50000.0,22,23,6,Sunday,0,1,100,EIN,en,Bank account opening,0
a9e77b2f-410f-4bb3-80e0-672439012ca6,synth_0f5d8c7f1223,itin,tabddpm_synthetic,,['en'],EIN,2024-10-09T00:02:00+00:00,100000.0,50000.0,22,0,6,Sunday,90,1,100,EIN,en,Bank account opening,0
97061dfd-2991-4c44-8d46-7af503067a7a,synth_c5af8ff2c1c7,itin,tabddpm_synthetic,,['en'],EIN,2024-07-18T00:04:00+00:00,100000.0,50000.0,22,0,6,Sunday,0,1,100,EIN,en,Bank account opening,0
5eafaf70-6d9d-444f-8d31-59816e473497,synth_8e26a7ba25d5,itin,tabddpm_synthetic,,['en'],EIN,2024-06-04T23:21:00+00:00,67227.8,1668.47,22,23,6,Sunday,0,1,100,EIN,en,Bank account opening,0
b75508d1-4bfa-4e9b-8414-997dcb605390,synth_aaee2574e443,itin,tabddpm_synthetic,,['en'],EIN,2024-06-22T00:13:00+00:00,100.0,0.0,23,0,1,Tuesday,0,1500,1,EIN,en,Bank account opening,0
5893112e-09af-4cc3-8f19-df6065e9febb,synth_07f23733e83d,itin,tabddpm_synthetic,,['en'],EIN,2024-07-31T00:27:00+00:00,100.0,33.83,22,0,6,Sunday,59,2000,21,EIN,en,Bank account opening,0
43272c03-92e1-4a66-85b9-68d22b99197d,synth_29778aa03462,itin,tabddpm_synthetic,,['en'],EIN,2024-03-04T00:05:00+00:00,100000.0,50000.0,22,0,6,Sunday,0,1,100,EIN,en,Bank account opening,0
acc3d94b-c046-4c65-a45a-acf153452b08,synth_ab33a96e0626,itin,tabddpm_synthetic,,['en'],EIN,2024-03-05T00:49:00+00:00,100.0,0.0,22,0,2,Wednesday,0,735,5,EIN,en,Bank account opening,0
f03ed3c1-083d-4451-8bf7-baf0923aaa8f,synth_92a8484990c2,itin,tabddpm_synthetic,,['en'],EIN,2024-01-07T17:08:00+00:00,100.0,1224.75,55,17,0,Monday,90,544,12,EIN,en,Bank account opening,0
ad4f2670-03ad-4259-a1b3-fa4d69f259ca,synth_a3a1e757fc67,itin,tabddpm_synthetic,,['en'],EIN,2024-06-11T23:13:00+00:00,100.0,0.0,22,23,6,Sunday,6,2000,12,EIN,en,Bank account opening,0
2105ac7b-cf0e-4a05-87dd-59805bea31a4,synth_599340dceccb,itin,tabddpm_synthetic,,['en'],EIN,2024-04-21T00:06:00+00:00,2874.55,0.0,22,0,5,Saturday,0,1,0,EIN,en,Bank account opening,0
ca38b55f-7179-4390-baa5-4d6ef1976ad1,synth_dbdf80538324,itin,tabddpm_synthetic,,['en'],EIN,2024-04-20T00:12:00+00:00,100.0,0.0,37,0,6,Sunday,0,1,1,EIN,en,Bank account opening,0
21413d06-3fdc-421e-be2f-ae0b0d39b2ef,synth_87a49df678d2,itin,tabddpm_synthetic,,['en'],EIN,2024-08-05T00:19:00+00:00,1787.66,188.68,22,0,6,Sunday,0,1,0,EIN,en,Bank account opening,0
3cc94025-cf0e-40e7-9123-cd3d4cec4a9c,synth_7fdf66a335b5,itin,tabddpm_synthetic,,['en'],EIN,2024-08-03T00:28:00+00:00,100000.0,50000.0,22,0,0,Monday,0,1,100,EIN,en,Bank account opening,1
25a8d430-e8a0-4367-b704-ee72d43ad5e4,synth_4d1559918470,itin,tabddpm_synthetic,,['en'],EIN,2024-03-07T23:34:00+00:00,100.0,7109.78,55,23,0,Monday,90,2000,0,EIN,en,Bank account opening,0
68610d39-39cf-4917-8ac1-9d090820c375,synth_bc2d4818e4a6,itin,tabddpm_synthetic,,['en'],EIN,2024-06-09T05:18:00+00:00,100.0,316.36,22,5,6,Sunday,0,2000,97,EIN,en,Bank account opening,0
62ae338b-ad1c-4277-b33e-df4905cc6e34,synth_359a884fec9a,itin,tabddpm_synthetic,,['en'],EIN,2024-09-01T09:17:00+00:00,1743.91,0.0,55,9,6,Sunday,0,439,0,EIN,en,Bank account opening,0
bac9cf25-6eac-4d2f-bd86-cf40cd67a121,synth_0a5d30b75713,itin,tabddpm_synthetic,,['en'],EIN,2024-01-11T23:30:00+00:00,100000.0,50000.0,22,23,0,Monday,0,1,100,EIN,en,Bank account opening,0
d461089c-1dda-43a4-9d51-c3c70f710991,synth_bb8e40d6dd76,itin,tabddpm_synthetic,,['en'],EIN,2024-06-05T23:12:00+00:00,100000.0,50000.0,22,23,6,Sunday,0,1,100,EIN,en,Bank account opening,1
263453b2-e4bf-47b7-92eb-a07df5bcdfed,synth_af2b68dff0af,itin,tabddpm_synthetic,,['en'],EIN,2024-01-28T01:56:00+00:00,5825.25,264.19,29,1,6,Sunday,0,1,33,EIN,en,Bank account opening,0
0ca3bc27-6ff1-407c-adbd-499183f9762c,synth_df0384d08984,itin,tabddpm_synthetic,,['en'],EIN,2024-01-22T00:35:00+00:00,100000.0,50000.0,55,0,0,Monday,90,1,100,EIN,en,Bank account opening,0
46cb74a2-84c8-448e-bd4a-d0ebd1a05a2d,synth_44b7f90e6ac2,itin,tabddpm_synthetic,,['es'],EIN,2024-09-03T13:24:00+00:00,1914.66,217.28,41,13,0,Monday,33,1,17,EIN,es,Bank account opening,0
d0aa4c2a-60f5-40c6-a3bd-7bd32d2a66c1,synth_c02233d19271,itin,tabddpm_synthetic,,['en'],EIN,2024-12-13T23:15:00+00:00,100.0,2812.75,55,23,0,Monday,90,2000,0,EIN,en,Bank account opening,0
887d24c0-0daf-4922-933c-52a404fb7d8b,synth_4478d585e850,itin,tabddpm_synthetic,,['en'],EIN,2024-03-29T00:04:00+00:00,100000.0,50000.0,22,0,0,Monday,0,1,100,EIN,en,Bank account opening,0
b199bce4-e3e9-4fd3-a3b7-47ee913999b4,synth_e6f121b60c59,itin,tabddpm_synthetic,,['en'],EIN,2024-11-14T18:12:00+00:00,100.0,40.12,22,18,4,Friday,14,2000,10,EIN,en,Bank account opening,0
c873d65f-febf-4c6c-a397-1c45cdd4eae3,synth_5affcc43ae4f,itin,tabddpm_synthetic,,['en'],EIN,2024-07-17T00:06:00+00:00,5442.98,0.0,55,0,6,Sunday,0,72,0,EIN,en,Bank account opening,0
bcdd5387-d166-4f6f-8865-41581db26af7,synth_45bbbf3161a0,itin,tabddpm_synthetic,,['en'],EIN,2024-04-20T00:00:00+00:00,100.0,0.0,22,0,1,Tuesday,0,2000,5,EIN,en,Bank account opening,0
58245d40-1732-46dc-a543-0f627186ddef,synth_e0174ae6574b,itin,tabddpm_synthetic,,['en'],EIN,2024-03-29T23:21:00+00:00,100.0,0.0,22,23,6,Sunday,20,2000,12,EIN,en,Bank account opening,0
a0538fc2-a6fa-4601-9f83-37091f367840,synth_77be425d45f0,itin,tabddpm_synthetic,,['en'],EIN,2024-10-20T00:55:00+00:00,33928.23,352.49,22,0,6,Sunday,0,1,100,EIN,en,Bank account opening,0
37a89037-7ab8-4a88-85a2-e926000e6816,synth_6c0794c16396,itin,tabddpm_synthetic,,['en'],EIN,2024-01-13T23:58:00+00:00,100000.0,50000.0,22,23,6,Sunday,0,1,100,EIN,en,Bank account opening,1
97a501cf-4342-488f-902b-8d01910b499a,synth_6f2d49a66a58,itin,tabddpm_synthetic,,['en'],EIN,2024-10-17T16:25:00+00:00,100.0,256.82,28,16,5,Saturday,13,2000,11,EIN,en,Bank account opening,0
1672b6fc-10aa-4ae1-8e18-3ad13f86cbf3,synth_2247ba366409,itin,tabddpm_synthetic,,['en'],EIN,2024-05-07T23:01:00+00:00,100000.0,17984.42,22,23,0,Monday,0,1,100,EIN,en,Bank account opening,0
f64ba947-4282-474b-b9b1-20022e9c9eef,synth_5be85b22641c,itin,tabddpm_synthetic,,['en'],EIN,2024-06-02T00:16:00+00:00,100.0,0.0,55,0,6,Sunday,0,1,8,EIN,en,Bank account opening,0
37505e8c-13f4-4a4d-95f2-61a660e3c051,synth_4253b04aab7b,itin,tabddpm_synthetic,,['en'],EIN,2024-07-22T17:25:00+00:00,2786.81,82.82,22,17,5,Saturday,4,2000,14,EIN,en,Bank account opening,0
8fd8a09c-75a5-4001-963c-7f8edc411eec,synth_7eae31c5c2fb,itin,tabddpm_synthetic,,['en'],EIN,2024-01-20T14:17:00+00:00,100.0,125.49,22,14,6,Sunday,42,2000,10,EIN,en,Bank account opening,0
d7cd7754-05c8-4863-a0d6-cb61d0cdafe6,synth_0ccfc212da8c,itin,tabddpm_synthetic,,['en'],EIN,2024-09-25T12:43:00+00:00,100.0,824.77,22,12,6,Sunday,90,2000,0,EIN,en,Bank account opening,0
83670cc5-dd43-4586-bf36-e4ad545f211b,synth_1d2415a0af57,itin,tabddpm_synthetic,,['en'],EIN,2024-03-13T23:13:00+00:00,39455.0,145.86,22,23,0,Monday,0,1,100,EIN,en,Bank account opening,0
c76bb758-afa7-443d-a246-6174c09d9b86,synth_a6a80f9e2e2b,itin,tabddpm_synthetic,,['en'],EIN,2024-01-03T22:16:00+00:00,6333.05,0.0,37,22,0,Monday,0,1,11,EIN,en,Bank account opening,0
88ec9402-7a9a-4dea-9876-beafea1b9876,synth_954fdc0a7539,itin,tabddpm_synthetic,,['en'],EIN,2024-04-10T20:01:00+00:00,100.0,838.84,55,20,0,Monday,90,1050,0,EIN,en,Bank account opening,0
aa1bb3e5-fdd9-4584-810e-8144c837dcd6,synth_57027628c0c7,itin,tabddpm_synthetic,,['en'],EIN,2024-05-31T00:33:00+00:00,100000.0,50000.0,22,0,6,Sunday,90,1,100,EIN,en,Bank account opening,0
6ffd095c-0b36-48cc-9ed4-a89b7ecc2505,synth_5ab1d352bd6e,itin,tabddpm_synthetic,,['en'],EIN,2024-12-11T10:01:00+00:00,100.0,61.93,22,10,6,Sunday,15,2000,13,EIN,en,Bank account opening,0
0ff9fbeb-6db4-47f5-9b59-f774dc6b41c5,synth_53a40b2369f5,itin,tabddpm_synthetic,,['en'],EIN,2024-10-12T03:03:00+00:00,100.0,1120.83,55,3,0,Monday,90,1,15,EIN,en,Bank account opening,0
ac18b035-6203-4f3f-8b74-0834f0831d1b,synth_137be9e1bf9e,itin,tabddpm_synthetic,,['en'],EIN,2024-01-25T23:58:00+00:00,100.0,5945.18,55,23,0,Monday,90,2000,100,EIN,en,Bank account opening,1
4fc69fa5-9d3a-4b61-b745-faad0d9f67b9,synth_ce941a280c3a,itin,tabddpm_synthetic,,['en'],EIN,2024-07-31T00:37:00+00:00,100.0,0.0,48,0,6,Sunday,0,1,20,EIN,en,Bank account opening,0
0612497a-bca7-46f2-9d80-b9adfafde6ab,synth_a4fd954d0b68,itin,tabddpm_synthetic,,['en'],EIN,2024-03-29T00:33:00+00:00,100.0,95.61,22,0,6,Sunday,58,2000,39,EIN,en,Bank account opening,0
28ae2266-3d62-442f-a157-ee889889adec,synth_fca79c009c42,itin,tabddpm_synthetic,,['en'],EIN,2024-10-01T23:34:00+00:00,100.0,50000.0,55,23,0,Monday,90,1,100,EIN,en,Bank account opening,0
47be5c72-7d16-4dd4-87f6-d85b57aac7e1,synth_a0461ebf7983,itin,tabddpm_synthetic,,['en'],EIN,2024-07-20T00:42:00+00:00,100000.0,50000.0,22,0,0,Monday,90,1,100,EIN,en,Bank account opening,0
1c773e91-f17c-4d07-9e4e-1f768feb7ba3,synth_d28f5c06b9f3,itin,tabddpm_synthetic,,['en'],EIN,2024-11-19T19:03:00+00:00,100.0,0.0,22,19,6,Sunday,65,2000,13,EIN,en,Bank account opening,0
4c9483fc-eca3-4b24-b79e-811325ef8f01,synth_8188144b3f5e,itin,tabddpm_synthetic,,['en'],EIN,2024-01-29T00:21:00+00:00,100.0,0.0,55,0,6,Sunday,0,1148,0,EIN,en,Bank account opening,0
0e63346a-691a-4d13-aae4-7468c9599661,synth_88c03cdfd493,itin,tabddpm_synthetic,,['en'],EIN,2024-10-09T00:50:00+00:00,100000.0,45905.5,22,0,6,Sunday,90,1,100,EIN,en,Bank account opening,0
3ee2e5eb-899c-4026-b4b0-c8bc26eac0d6,synth_f33ad33b1309,itin,tabddpm_synthetic,,['en'],EIN,2024-06-18T22:02:00+00:00,100.0,0.0,22,22,6,Sunday,13,2000,1,EIN,en,Bank account opening,0
860859f0-7a03-41c9-8646-902b768f2185,synth_7caf0f498e59,itin,tabddpm_synthetic,,['en'],EIN,2024-07-31T21:55:00+00:00,100.0,0.0,22,21,6,Sunday,15,2000,9,EIN,en,Bank account opening,0
3b63abec-bffb-47f2-bc42-d2bef33f3a67,synth_d69477331669,itin,tabddpm_synthetic,,['en'],EIN,2024-10-26T23:44:00+00:00,100.0,13560.09,55,23,0,Monday,90,2000,0,EIN,en,Bank account opening,0
4e9b097b-1bac-4a74-824d-6dd385028842,synth_b6c6f2c8ab32,itin,tabddpm_synthetic,,['en'],EIN,2024-08-31T23:03:00+00:00,100.0,8712.99,55,23,0,Monday,90,2000,0,EIN,en,Bank account opening,0
896d227b-b4ef-4857-a948-60f6e9c55189,synth_3ca4aeb4eb22,itin,tabddpm_synthetic,,['en'],EIN,2024-04-06T17:50:00+00:00,100.0,500.4,22,17,6,Sunday,90,2000,0,EIN,en,Bank account opening,0
1b7c45e2-689c-48ad-9a39-a5d4548e886e,synth_a748fe473d57,itin,tabddpm_synthetic,,['en'],EIN,2024-05-11T23:25:00+00:00,100.0,14269.45,55,23,0,Monday,90,2000,0,EIN,en,Bank account opening,0
d15b59e4-b6c0-4ee3-aafb-9f17b0e204c6,synth_3abc7a337090,itin,tabddpm_synthetic,,['en'],EIN,2024-09-23T00:11:00+00:00,98194.6,2797.57,22,0,6,Sunday,75,1,100,EIN,en,Bank account opening,0
be746af4-0a4f-4ab0-9b60-1fa536b85d6a,synth_1048112d7fe5,itin,tabddpm_synthetic,,['en'],EIN,2024-11-27T23:59:00+00:00,100.0,0.0,22,23,6,Sunday,0,2000,15,EIN,en,Bank account opening,0
3c17c6ce-4064-4aa7-9bad-19a24b1a74d5,synth_50c9818f96ba,itin,tabddpm_synthetic,,['en'],EIN,2024-02-07T10:16:00+00:00,100.0,0.0,47,10,6,Sunday,84,2000,5,EIN,en,Bank account opening,0
d23bbc75-69ab-4aec-a748-27bbd225f876,synth_1f83f7e0a82e,itin,tabddpm_synthetic,,['en'],EIN,2024-12-21T23:56:00+00:00,100.0,8229.23,55,23,0,Monday,90,559,51,EIN,en,Bank account opening,0
fb4645f5-c9df-4488-ab0b-12124f13cd26,synth_fb9c0fa949fb,itin,tabddpm_synthetic,,['en'],EIN,2024-11-09T23:45:00+00:00,100000.0,5982.91,22,23,0,Monday,0,1,100,EIN,en,Bank account opening,0
5ade361c-9e5b-47fd-bc0c-ded660056e08,synth_7848b484c9b8,itin,tabddpm_synthetic,,['en'],EIN,2024-06-25T00:01:00+00:00,100000.0,16767.0,22,0,0,Monday,0,1,100,EIN,en,Bank account opening,1
0e2db91d-93e1-4796-9498-02e5d94ddfa2,synth_d6a6f68f8c60,itin,tabddpm_synthetic,,['en'],EIN,2024-04-24T23:08:00+00:00,100.0,6730.42,55,23,0,Monday,90,2000,0,EIN,en,Bank account opening,0
94aaa0bb-65bb-42e4-a826-7abd9dff938e,synth_e251c153d543,itin,tabddpm_synthetic,,['en'],EIN,2024-03-07T00:01:00+00:00,100000.0,50000.0,22,0,6,Sunday,90,1,100,EIN,en,Bank account opening,0
f2df7a4c-1342-49e7-9c36-e3b218bed18f,synth_993fe805d09c,itin,tabddpm_synthetic,,['en'],EIN,2024-11-04T00:01:00+00:00,100.0,0.0,22,0,2,Wednesday,0,2000,0,EIN,en,Bank account opening,0
a271bdc0-4756-4c66-96a0-e550020c65f6,synth_f4369235f951,itin,tabddpm_synthetic,,['en'],EIN,2024-09-19T00:35:00+00:00,100000.0,50000.0,22,0,6,Sunday,0,1,100,EIN,en,Bank account opening,1
e62981b6-3255-4f78-95bf-a777b174ba07,synth_d3230bbe8a60,itin,tabddpm_synthetic,,['en'],EIN,2024-09-10T13:59:00+00:00,100.0,1051.29,22,13,6,Sunday,38,2000,41,EIN,en,Bank account opening,0
70c8f3d8-0eb3-4004-8e26-afd9c96afd24,synth_71448b3b97f8,itin,tabddpm_synthetic,,['en'],EIN,2024-05-04T23:38:00+00:00,100.0,4209.24,55,23,0,Monday,90,2000,19,EIN,en,Bank account opening,0
4a806475-1a16-4670-bc47-f8c8c7411ed5,synth_2bef320fc55c,itin,tabddpm_synthetic,,['en'],EIN,2024-08-27T00:14:00+00:00,100.0,0.0,22,0,6,Sunday,0,1,0,EIN,en,Bank account opening,0
6c10e6e0-fadf-47a7-8608-154eb1538a30,synth_b148470f9599,itin,tabddpm_synthetic,,['en'],EIN,2024-04-01T23:00:00+00:00,100.0,7042.71,55,23,0,Monday,90,2000,0,EIN,en,Bank account opening,0
d579912c-fe87-4802-aab3-700927ee6ef1,synth_150ac68b26b4,itin,tabddpm_synthetic,,['en'],EIN,2024-06-08T00:09:00+00:00,100.0,0.0,29,0,5,Saturday,1,61,31,EIN,en,Bank account opening,0
aea98507-2103-4169-9c4d-ec13455fffec,synth_3259962cd289,itin,tabddpm_synthetic,,['en'],EIN,2024-07-11T00:11:00+00:00,100000.0,50000.0,22,0,6,Sunday,90,1,100,EIN,en,Bank account opening,0
696bfd06-84f6-4af2-bc51-39f0bb34168a,synth_023abdac6789,itin,tabddpm_synthetic,,['en'],EIN,2024-08-03T00:44:00+00:00,100000.0,50000.0,22,0,6,Sunday,0,1,100,EIN,en,Bank account opening,0
e1fce212-9e8b-49a9-b8f7-fd1a0f7621c3,synth_33649aa9eeba,itin,tabddpm_synthetic,,['en'],EIN,2024-05-03T00:45:00+00:00,100000.0,50000.0,22,0,6,Sunday,0,1,100,EIN,en,Bank account opening,1
47d2caf6-5c4a-4318-8747-8ab4483a9e22,synth_c1f16bf0b834,itin,tabddpm_synthetic,,['en'],EIN,2024-02-11T00:49:00+00:00,100000.0,10569.46,22,0,6,Sunday,40,1,100,EIN,en,Bank account opening,0
5af911a3-4fb2-4c4b-ae9d-242cd4bcc8e7,synth_1b2eb64efdad,itin,tabddpm_synthetic,,['en'],EIN,2024-03-22T00:01:00+00:00,814.52,121.82,22,0,5,Saturday,0,1,0,EIN,en,Bank account opening,0
5640d518-cc9d-4918-b17c-9fbc8ac024a9,synth_1ed243ae314b,itin,tabddpm_synthetic,,['en'],EIN,2024-06-02T11:15:00+00:00,100.0,0.0,22,11,6,Sunday,49,2000,11,EIN,en,Bank account opening,0
560485e8-34b5-4a28-8845-cd2da796120c,synth_32492aafb3cf,itin,tabddpm_synthetic,,['en'],EIN,2024-10-31T07:39:00+00:00,397.13,1495.19,55,7,0,Monday,90,1,56,EIN,en,Bank account opening,0
e0500b1b-bb71-480f-a3d7-57cb290e9b3d,synth_bd4e654d7cf0,itin,tabddpm_synthetic,,['en'],EIN,2024-11-21T00:26:00+00:00,1495.01,0.0,22,0,4,Friday,0,1,9,EIN,en,Bank account opening,0
561cdb7e-f20b-47af-bc02-9491b23e6595,synth_130e264df29c,itin,tabddpm_synthetic,,['en'],EIN,2024-08-12T00:12:00+00:00,100.0,0.0,55,0,6,Sunday,0,1,26,EIN,en,Bank account opening,0
b71fef22-a82f-454f-b734-c25ed449c22f,synth_3c0cb421e85f,itin,tabddpm_synthetic,,['en'],EIN,2024-01-07T17:51:00+00:00,47370.27,841.8,22,17,6,Sunday,0,1,100,EIN,en,Bank account opening,0
0f43086b-c0b3-4db8-81e1-8be95b288362,synth_96c73427bc6c,itin,tabddpm_synthetic,,['en'],EIN,2024-04-06T11:22:00+00:00,100.0,179.95,22,11,6,Sunday,7,2000,50,EIN,en,Bank account opening,0
ca425ebb-b83e-4801-954d-5ef9deda5445,synth_a59f3516b03b,itin,tabddpm_synthetic,,['en'],EIN,2024-03-04T00:07:00+00:00,100000.0,50000.0,22,0,6,Sunday,0,1,100,EIN,en,Bank account opening,1
51b4cc79-0d90-4fc4-89b2-e0683e3b56d8,synth_74ce815ab93c,itin,tabddpm_synthetic,,['en'],EIN,2024-04-01T00:17:00+00:00,100.0,0.0,22,0,2,Wednesday,0,1169,1,EIN,en,Bank account opening,0
0eab7405-8a36-44fb-8b24-aa971d8ef173,synth_5dcf3fcb4144,itin,tabddpm_synthetic,,['en'],EIN,2024-03-21T23:32:00+00:00,100000.0,50000.0,22,23,6,Sunday,0,1,100,EIN,en,Bank account opening,0
265dbf63-599e-4607-a16d-45d3074b554e,synth_d5a3f53ae555,itin,tabddpm_synthetic,,['en'],EIN,2024-01-02T23:07:00+00:00,100000.0,50000.0,22,23,0,Monday,83,1,100,EIN,en,Bank account opening,0
b8f18358-93f2-481b-9369-1cd819f5cd35,synth_eaa0b4395510,itin,tabddpm_synthetic,,['en'],EIN,2024-03-07T00:26:00+00:00,100000.0,50000.0,55,0,0,Monday,90,1,50,EIN,en,Bank account opening,0
560c5e5d-98b4-4293-bb9f-54e810bcf768,synth_a38223f95f1f,itin,tabddpm_synthetic,,['en'],EIN,2024-02-18T23:44:00+00:00,100000.0,50000.0,22,23,6,Sunday,0,1,100,EIN,en,Bank account opening,1
319adfea-6ef0-4c27-becf-bbd99c17ac12,synth_15936aad6df5,itin,tabddpm_synthetic,,['en'],EIN,2024-05-02T19:17:00+00:00,100.0,864.23,55,19,0,Monday,90,2000,0,EIN,en,Bank account opening,0
68b517db-dc32-40e9-ab4b-b63187233f82,synth_2bf3b2f5290b,itin,tabddpm_synthetic,,['es'],EIN,2024-05-11T00:44:00+00:00,100.0,0.0,22,0,2,Wednesday,0,2000,2,EIN,es,Bank account opening,0
15b7d58c-cb6c-461c-8a46-4edb01205e78,synth_c0da1ac64676,itin,tabddpm_synthetic,,['en'],EIN,2024-12-05T23:19:00+00:00,100000.0,50000.0,55,23,0,Monday,90,1,43,EIN,en,Bank account opening,0
311c99a8-f845-4184-8e1f-6a0adde6b31b,synth_ae69acf3482c,itin,tabddpm_synthetic,,['en'],EIN,2024-06-21T23:59:00+00:00,100.0,2636.08,55,23,0,Monday,90,2000,0,EIN,en,Bank account opening,0
fed38753-1285-43d2-b80c-b68f9b57326e,synth_b774e1236b16,itin,tabddpm_synthetic,,['en'],EIN,2024-07-17T16:14:00+00:00,16284.83,0.0,22,16,0,Monday,0,1,56,EIN,en,Bank account opening,0
1ddf9b13-60fe-4169-84d1-1a931b41cf18,synth_d44e0cd4a0eb,itin,tabddpm_synthetic,,['en'],EIN,2024-04-13T22:14:00+00:00,5871.42,386.69,22,22,2,Wednesday,1,1679,6,EIN,en,Bank account opening,0
50202554-667f-495f-b822-4983bea0ca16,synth_ac38d6ba373d,itin,tabddpm_synthetic,,['en'],EIN,2024-06-04T23:05:00+00:00,100.0,7229.93,55,23,0,Monday,90,1,100,EIN,en,Bank account opening,1
923d8d4f-7384-45c1-a029-3aa9bd878934,synth_1e22895bef75,itin,tabddpm_synthetic,,['en'],EIN,2024-10-07T23:04:00+00:00,100.0,3039.14,55,23,0,Monday,90,2000,0,EIN,en,Bank account opening,0
9f303221-ff9a-4f24-b296-07ea88b9deb3,synth_b25134789b01,itin,tabddpm_synthetic,,['en'],EIN,2024-01-27T00:53:00+00:00,100000.0,50000.0,22,0,0,Monday,90,1,100,EIN,en,Bank account opening,0
34abc0b4-5966-4be0-9616-5275e8e0ecee,synth_95569d8589b3,itin,tabddpm_synthetic,,['en'],EIN,2024-09-18T00:41:00+00:00,3113.28,436.16,22,0,0,Monday,1,1,14,EIN,en,Bank account opening,0
15ea7dea-0acd-401d-95ed-fe614c59cfa5,synth_eec5bd47760a,itin,tabddpm_synthetic,,['en'],EIN,2024-01-18T09:45:00+00:00,10571.2,469.38,22,9,6,Sunday,0,1,62,EIN,en,Bank account opening,0
ee18411d-7500-4686-bb95-80338f67e95a,synth_9d1564c226cc,itin,tabddpm_synthetic,,['en'],EIN,2024-09-02T16:25:00+00:00,100.0,0.0,22,16,6,Sunday,44,2000,16,EIN,en,Bank account opening,0
c6bfa42e-bff1-4c55-82b6-69f01ae0277f,synth_60eeb83a57fc,itin,tabddpm_synthetic,,['en'],EIN,2024-03-25T00:53:00+00:00,32820.83,1142.03,22,0,0,Monday,0,1,76,EIN,en,Bank account opening,0
8e8d03ab-698b-4f92-bfe9-1bf6f744c0ab,synth_f6fd558ee615,itin,tabddpm_synthetic,,['es'],EIN,2024-06-29T17:16:00+00:00,1726.52,246.44,27,17,4,Friday,5,2000,11,EIN,es,Bank account opening,0
7eb3269c-d1ef-4d44-a051-def515c01669,synth_d51d2d8edbb9,itin,tabddpm_synthetic,,['es'],EIN,2024-04-23T09:30:00+00:00,29780.65,1109.54,36,9,0,Monday,8,1214,56,EIN,es,Bank account opening,0
5f739ab3-0963-45ed-b613-1cb7e36ea7b6,synth_87c90f5e7692,itin,tabddpm_synthetic,,['en'],EIN,2024-06-17T00:03:00+00:00,26534.87,677.5,22,0,3,Thursday,0,1,94,EIN,en,Bank account opening,0
d0dbb1b2-0087-477c-a0d6-7ff18d72ab92,synth_39ee279eda35,itin,tabddpm_synthetic,,['en'],EIN,2024-12-20T23:49:00+00:00,100000.0,50000.0,22,23,6,Sunday,0,1,100,EIN,en,Bank account opening,1
3d76e3b7-e178-4889-9d47-cff24d5bda32,synth_e8dd961177e0,itin,tabddpm_synthetic,,['en'],EIN,2024-02-20T13:23:00+00:00,100000.0,3793.66,22,13,6,Sunday,0,1,100,EIN,en,Bank account opening,0
a72d71c8-58d4-4372-a8cf-8c6ceb46c842,synth_b4e1aea438e7,itin,tabddpm_synthetic,,['en'],ITIN,2024-09-17T12:20:00+00:00,4032.75,119.02,55,12,0,Monday,43,410,11,ITIN,en,Bank account opening,0
487971a3-3f00-400d-b4e9-64a6d492f380,synth_f3aec3d2e235,itin,tabddpm_synthetic,,['en'],EIN,2024-09-14T23:18:00+00:00,100.0,30203.07,55,23,0,Monday,90,2000,100,EIN,en,Bank account opening,0
1e8cc23c-1d0d-4c8f-8d71-fb9c0ff184cf,synth_23c619f6fbf7,itin,tabddpm_synthetic,,['en'],EIN,2024-01-13T00:45:00+00:00,8103.27,0.0,55,0,6,Sunday,0,371,0,EIN,en,Bank account opening,0
dff3f3fb-eb01-408a-9bcc-7aec52dfd7ad,synth_a03587ecc23f,itin,tabddpm_synthetic,,['en'],EIN,2024-02-25T14:47:00+00:00,100.0,0.0,22,14,6,Sunday,32,2000,6,EIN,en,Bank account opening,0
e6ce112b-d493-4a4a-ae36-e63f3b3d8bad,synth_469284ad4d55,itin,tabddpm_synthetic,,['en'],EIN,2024-10-03T00:47:00+00:00,4144.79,289.21,22,0,6,Sunday,38,2000,0,EIN,en,Bank account opening,0
955b99ed-6534-4f4a-a555-c684a662d393,synth_eac6ff1e3309,itin,tabddpm_synthetic,,['en'],EIN,2024-08-01T00:34:00+00:00,64636.48,1634.58,22,0,6,Sunday,0,1,100,EIN,en,Bank account opening,0
f28b27ab-488a-4ba3-b359-d6c0b13c4018,synth_55bcd0ed4eef,itin,tabddpm_synthetic,,['en'],EIN,2024-10-30T00:05:00+00:00,100000.0,50000.0,22,0,6,Sunday,0,1,100,EIN,en,Bank account opening,0
d91c1ceb-f1b3-4e00-a50c-39cf5995ac08,synth_2005eaeace1a,itin,tabddpm_synthetic,,['en'],ITIN,2024-06-15T00:34:00+00:00,100.0,0.0,24,0,1,Tuesday,0,2000,0,ITIN,en,Bank account opening,0
a0290073-42cb-4ab1-9e4c-bff0b14e6159,synth_543420899599,itin,tabddpm_synthetic,,['en'],EIN,2024-03-04T00:59:00+00:00,100.0,0.0,22,0,3,Thursday,0,215,2,EIN,en,Bank account opening,0
67d919e7-89d9-483f-90e3-a200e810000c,synth_97565c066e8a,itin,tabddpm_synthetic,,['es'],EIN,2024-03-10T00:47:00+00:00,100.0,0.0,22,0,0,Monday,0,2000,0,EIN,es,Bank account opening,0
8ceecadc-1f02-43ca-8a53-d7e10258b8c8,synth_6f981b19b89d,itin,tabddpm_synthetic,,['en'],EIN,2024-05-18T00:13:00+00:00,100000.0,50000.0,22,0,0,Monday,0,1,100,EIN,en,Bank account opening,0
9b041a5a-f062-493c-a10b-22a2278ed229,synth_7033b26a597b,itin,tabddpm_synthetic,,['en'],EIN,2024-10-26T23:24:00+00:00,99297.38,4494.39,22,23,0,Monday,0,1,27,EIN,en,Bank account opening,0
d2b47058-3ad4-4d61-a7d0-56be65aa675c,synth_172987c35982,itin,tabddpm_synthetic,,['en'],EIN,2024-08-30T23:44:00+00:00,100.0,12929.05,55,23,0,Monday,90,2000,5,EIN,en,Bank account opening,0
f8dfef70-4394-4060-bb0a-03900066c466,synth_7b53e5c86363,itin,tabddpm_synthetic,,['en'],EIN,2024-02-10T12:10:00+00:00,3980.89,490.09,51,12,3,Thursday,1,752,8,EIN,en,Bank account opening,0
9b3f7abf-1e28-4e0b-9afb-94fdc062ac43,synth_32b04c3fb309,itin,tabddpm_synthetic,,['en'],EIN,2024-03-23T00:25:00+00:00,5576.65,349.26,30,0,6,Sunday,0,1,46,EIN,en,Bank account opening,0
19cea1b0-0eb0-4e36-a1ae-de3016c932ba,synth_95e07a0af070,itin,tabddpm_synthetic,,['en'],EIN,2024-08-02T19:27:00+00:00,100.0,148.33,22,19,6,Sunday,22,2000,2,EIN,en,Bank account opening,0
ef04d105-988d-4d7b-81a5-07e0c1ef39ca,synth_9ad6d106d2bd,itin,tabddpm_synthetic,,['en'],EIN,2024-07-19T00:42:00+00:00,22263.86,1009.44,22,0,5,Saturday,0,1,99,EIN,en,Bank account opening,0
67ae1a74-1287-47ab-9ecd-a3873492ba41,synth_9bcd82c2af58,itin,tabddpm_synthetic,,['en'],EIN,2024-04-10T23:18:00+00:00,100000.0,50000.0,22,23,6,Sunday,0,1,100,EIN,en,Bank account opening,0
8dd32d22-7b7f-405d-89f0-cf59e0d4d4a7,synth_dde668614916,itin,tabddpm_synthetic,,['en'],EIN,2024-09-05T00:14:00+00:00,11604.05,0.0,55,0,6,Sunday,0,1,0,EIN,en,Bank account opening,0
6753e5f4-e7d5-46de-b5a8-de2f4e65765f,synth_8f7a7d12c3cf,itin,tabddpm_synthetic,,['en'],EIN,2024-07-20T00:22:00+00:00,100.0,0.0,22,0,3,Thursday,0,1209,6,EIN,en,Bank account opening,0
1ffc2baa-0189-4b3d-9e7a-63098d35aa40,synth_3514a83eacf1,itin,tabddpm_synthetic,,['en'],EIN,2024-12-28T23:13:00+00:00,100.0,24306.38,55,23,0,Monday,90,2000,0,EIN,en,Bank account opening,0
81fd6843-d1c9-45dc-bbb6-9f34cf6b81bb,synth_800aa850ae26,itin,tabddpm_synthetic,,['en'],EIN,2024-01-06T23:13:00+00:00,100000.0,50000.0,22,23,6,Sunday,0,1,100,EIN,en,Bank account opening,0
0e24d608-4f2e-4090-ad0a-2c947429fada,synth_1be100cac87e,itin,tabddpm_synthetic,,['en'],EIN,2024-01-09T00:46:00+00:00,100000.0,3975.04,22,0,0,Monday,0,1,54,EIN,en,Bank account opening,0
9d07f46a-ce69-4b67-be66-af8564ef8d1d,synth_f95d33531c79,itin,tabddpm_synthetic,,['en'],EIN,2024-10-04T22:58:00+00:00,100.0,911.53,55,22,0,Monday,90,1342,3,EIN,en,Bank account opening,0
0eba1f80-2cb6-45bc-9967-e348ee213f75,synth_67f725e9834c,itin,tabddpm_synthetic,,['en'],EIN,2024-11-26T23:59:00+00:00,100000.0,50000.0,22,23,6,Sunday,0,1,100,EIN,en,Bank account opening,1
85007492-7cc7-4375-8808-ecf1d8ee81e0,synth_60700896e09f,itin,tabddpm_synthetic,,['en'],EIN,2024-01-12T00:46:00+00:00,100.0,120.27,22,0,6,Sunday,0,1,0,EIN,en,Bank account opening,0
88a4e0b9-f0f3-4e04-af4d-a3991026ab63,synth_19970c989dcb,itin,tabddpm_synthetic,,['en'],EIN,2024-12-03T18:13:00+00:00,100.0,0.0,22,18,6,Sunday,37,2000,7,EIN,en,Bank account opening,0
03a9c309-cd8f-4b74-9e37-f1b328338c10,synth_082189223cdb,itin,tabddpm_synthetic,,['en'],EIN,2024-06-05T19:07:00+00:00,100.0,0.0,22,19,6,Sunday,24,2000,8,EIN,en,Bank account opening,0
acf8870f-670e-4175-b6bc-4f3b1e82c476,synth_5cf12e7c3d10,itin,tabddpm_synthetic,,['en'],EIN,2024-06-28T00:59:00+00:00,100000.0,43811.98,22,0,0,Monday,0,1,100,EIN,en,Bank account opening,1
e0d4f4a9-66c4-42c5-8299-0c488916858c,synth_0671032ab7ed,itin,tabddpm_synthetic,,['en'],EIN,2024-02-03T23:17:00+00:00,100.0,7220.8,55,23,0,Monday,90,2000,0,EIN,en,Bank account opening,0
1e133910-b11f-4c33-b385-e3177d6e7bb7,synth_e201d0e92657,itin,tabddpm_synthetic,,['en'],EIN,2024-02-25T00:06:00+00:00,100.0,4351.58,55,0,6,Sunday,90,2000,0,EIN,en,Bank account opening,0
c46191e9-0985-4c1c-9791-23b97be93096,synth_0f69db2d7458,itin,tabddpm_synthetic,,['en'],EIN,2024-06-18T23:37:00+00:00,100.0,19309.98,55,23,0,Monday,90,2000,0,EIN,en,Bank account opening,0
29a3910f-f8d3-414a-b5b1-8536ff2f3407,synth_d63a880e41c8,itin,tabddpm_synthetic,,['en'],EIN,2024-05-05T00:17:00+00:00,41112.7,973.77,22,0,6,Sunday,0,1,100,EIN,en,Bank account opening,0
95ef93b2-dd99-4731-859c-47a9ecae96fe,synth_d048b5cf36e4,itin,tabddpm_synthetic,,['en'],EIN,2024-01-16T05:31:00+00:00,100.0,104.74,22,5,6,Sunday,57,2000,20,EIN,en,Bank account opening,0
ba4ebd5a-cc41-4b16-8d00-07b6bc9105bb,synth_6eca5ebd9d0d,itin,tabddpm_synthetic,,['en'],EIN,2024-12-14T03:20:00+00:00,100.0,1650.11,55,3,6,Sunday,90,2000,0,EIN,en,Bank account opening,0
5b546f34-c5b7-46ba-b767-ec97a86deaa0,synth_91ccc638509d,itin,tabddpm_synthetic,,['en'],EIN,2024-03-31T23:54:00+00:00,100000.0,50000.0,22,23,6,Sunday,14,1,100,EIN,en,Bank account opening,1
ef8699fa-fcd9-4590-9b97-ce2332f533fc,synth_15353fc09133,itin,tabddpm_synthetic,,['en'],EIN,2024-03-23T00:52:00+00:00,100000.0,50000.0,55,0,0,Monday,90,1,100,EIN,en,Bank account opening,0
2c259da8-06a0-460b-bd37-4234fcbf7a05,synth_59f8cd3c13ea,itin,tabddpm_synthetic,,['en'],EIN,2024-01-31T09:43:00+00:00,100.0,0.0,30,9,3,Thursday,4,2000,25,EIN,en,Bank account opening,0
b1092cc6-1387-414b-b65f-080fc95175c7,synth_90ff692867b0,itin,tabddpm_synthetic,,['en'],EIN,2024-07-22T23:39:00+00:00,100.0,5016.27,55,23,0,Monday,90,2000,0,EIN,en,Bank account opening,0
d5122e94-b884-41af-8fc2-8e17b893d1bd,synth_4be4ee038b09,itin,tabddpm_synthetic,,['en'],EIN,2024-11-02T00:19:00+00:00,1877.22,528.82,22,0,6,Sunday,0,1,24,EIN,en,Bank account opening,0
d4fc5393-49ce-4beb-9088-ba03b3bc0f85,synth_b05db81bacda,itin,tabddpm_synthetic,,['en'],EIN,2024-09-10T14:52:00+00:00,15388.66,0.0,22,14,0,Monday,0,1,45,EIN,en,Bank account opening,0
319beda2-15c5-49ec-9386-10ebdcbc6e28,synth_6ff76a200fb0,itin,tabddpm_synthetic,,['en'],EIN,2024-10-29T00:37:00+00:00,54478.7,438.95,22,0,0,Monday,0,1,92,EIN,en,Bank account opening,0
40badbcd-5c35-4dae-af05-3a5e40b22a8e,synth_79aadd1b6f7b,itin,tabddpm_synthetic,,['en'],EIN,2024-10-25T00:39:00+00:00,100000.0,50000.0,22,0,0,Monday,0,1,100,EIN,en,Bank account opening,1
cd72878e-35d9-4cde-883b-4730845d70f6,synth_b4132d0156f7,itin,tabddpm_synthetic,,['en'],EIN,2024-01-23T23:31:00+00:00,2087.16,0.0,22,23,4,Friday,0,1349,13,EIN,en,Bank account opening,0
69a600d4-9735-4175-ae6c-2c6e7c3b7c11,synth_0e32e5e8baa4,itin,tabddpm_synthetic,,['en'],EIN,2024-04-14T23:25:00+00:00,100.0,3726.72,55,23,0,Monday,90,2000,49,EIN,en,Bank account opening,0
ffdce978-aabe-428d-8d33-ac1b55ca9742,synth_6a3ede330dd5,itin,tabddpm_synthetic,,['en'],EIN,2024-06-01T08:01:00+00:00,100.0,5063.52,55,8,0,Monday,90,2000,23,EIN,en,Bank account opening,0
7c7d04a2-1b4a-47f6-a6a6-65434c00037f,synth_c7d7ee739ad6,itin,tabddpm_synthetic,,['en'],EIN,2024-01-10T00:30:00+00:00,100.0,0.0,55,0,6,Sunday,0,1,80,EIN,en,Bank account opening,0
ae6dc26a-973f-4595-9b43-5c4364a27294,synth_b209faa6771f,itin,tabddpm_synthetic,,['en'],EIN,2024-05-10T23:51:00+00:00,100000.0,50000.0,22,23,6,Sunday,0,1,100,EIN,en,Bank account opening,0
e1015b8f-4e21-463f-b96e-2b4565de2d4a,synth_c75b201890bb,itin,tabddpm_synthetic,,['en'],EIN,2024-07-13T14:00:00+00:00,100.0,97.47,24,14,6,Sunday,48,2000,8,EIN,en,Bank account opening,0
92f73970-7950-4d0c-a55f-0ec7249b2a1d,synth_1984d2e92c7f,itin,tabddpm_synthetic,,['en'],EIN,2024-12-28T09:50:00+00:00,100.0,206.9,55,9,0,Monday,36,1,6,EIN,en,Bank account opening,0
b4eaa972-ec3b-4baf-a40b-4ec9c1519a61,synth_6704e17d291d,itin,tabddpm_synthetic,,['en'],EIN,2024-07-21T00:04:00+00:00,6286.18,784.73,22,0,3,Thursday,0,182,4,EIN,en,Bank account opening,0
8a34bff2-9b80-4ef1-b274-c0a4165f36c0,synth_228f935594b8,itin,tabddpm_synthetic,,['en'],EIN,2024-12-11T12:35:00+00:00,100.0,254.28,41,12,6,Sunday,11,1429,9,EIN,en,Bank account opening,0
8fe78fea-4988-4719-a7b7-1526819b10db,synth_840d28561e89,itin,tabddpm_synthetic,,['en'],EIN,2024-04-23T23:54:00+00:00,100000.0,16242.31,22,23,6,Sunday,0,1,100,EIN,en,Bank account opening,0
006b5bd0-9552-4aed-9ea0-7831ad2527f1,synth_839aa49e30e7,itin,tabddpm_synthetic,,['en'],EIN,2024-09-02T00:00:00+00:00,100000.0,50000.0,22,0,6,Sunday,0,1,100,EIN,en,Bank account opening,0
bd84bf37-0427-4040-9cbc-1b6887117a08,synth_4daeac4c086d,itin,tabddpm_synthetic,,['en'],EIN,2024-05-28T23:27:00+00:00,24449.77,86.86,22,23,0,Monday,0,1,85,EIN,en,Bank account opening,0
16019495-7638-47c3-95ba-34033d5d9303,synth_22ad8a383d8c,itin,tabddpm_synthetic,,['en'],EIN,2024-05-15T15:39:00+00:00,100.0,0.0,22,15,6,Sunday,39,2000,13,EIN,en,Bank account opening,0
65da32e2-b99c-4661-ba75-0fc8b285ca5d,synth_44b9dbc21680,itin,tabddpm_synthetic,,['en'],EIN,2024-03-24T23:22:00+00:00,100000.0,50000.0,22,23,6,Sunday,0,1,100,EIN,en,Bank account opening,0
d5f21f97-6cd3-4742-a91b-aa0512623641,synth_9d325965ba6a,itin,tabddpm_synthetic,,['en'],EIN,2024-08-30T23:47:00+00:00,100.0,15023.48,55,23,0,Monday,90,2000,0,EIN,en,Bank account opening,0
ce0ffbce-254f-4faa-a7b6-04c7370df300,synth_510531a59f4f,itin,tabddpm_synthetic,,['en'],EIN,2024-09-10T22:36:00+00:00,2887.44,39.12,34,22,3,Thursday,0,1,43,EIN,en,Bank account opening,0
969bfe7a-9e0c-45f7-bb5d-435e40b52ba0,synth_dd0fda2bb5c0,itin,tabddpm_synthetic,,['en'],EIN,2024-04-20T23:08:00+00:00,100.0,770.07,55,23,0,Monday,90,1,0,EIN,en,Bank account opening,0
32c32637-a0fa-4841-be1d-69ae4d498c96,synth_074f1e4a8c25,itin,tabddpm_synthetic,,['en'],EIN,2024-06-29T23:01:00+00:00,100.0,26613.71,55,23,0,Monday,90,2000,0,EIN,en,Bank account opening,0
ab9d1ac1-cee7-45c0-8f5d-90415065196d,synth_2cbd2554944d,itin,tabddpm_synthetic,,['en'],EIN,2024-05-13T00:23:00+00:00,47158.78,3642.71,22,0,0,Monday,0,1,3,EIN,en,Bank account opening,0
8e9cb916-fb3a-4f6c-bc79-4a673335a693,synth_42206bec37c7,itin,tabddpm_synthetic,,['en'],EIN,2024-01-11T00:34:00+00:00,100.0,3999.37,22,0,6,Sunday,90,2000,0,EIN,en,Bank account opening,0
97491fc7-17e2-485f-aed0-246ac3809e20,synth_0eb1aea55ad6,itin,tabddpm_synthetic,,['en'],EIN,2024-10-06T00:21:00+00:00,100.0,0.0,47,0,6,Sunday,0,379,19,EIN,en,Bank account opening,0
597f9dec-136c-4dc9-99b3-7e9546118b98,synth_2fc572ff20ef,itin,tabddpm_synthetic,,['en'],EIN,2024-02-29T20:17:00+00:00,100.0,26.45,22,20,4,Friday,6,2000,7,EIN,en,Bank account opening,0
22f80cc3-36d9-46f7-9b02-94dbb7b088be,synth_d1aa58811ef9,itin,tabddpm_synthetic,,['en'],EIN,2024-10-13T06:41:00+00:00,100.0,2804.19,22,6,6,Sunday,0,2000,100,EIN,en,Bank account opening,0
508940c3-7b0f-4219-a479-45c600a868f2,synth_5719343e703b,itin,tabddpm_synthetic,,['en'],EIN,2024-08-10T00:51:00+00:00,100000.0,11201.02,22,0,6,Sunday,0,1,100,EIN,en,Bank account opening,0
9ab20fe7-6b0c-4522-acbd-52e87d4632b5,synth_d10bf9d4fc8b,itin,tabddpm_synthetic,,['en'],EIN,2024-07-20T00:38:00+00:00,41955.05,1377.19,22,0,6,Sunday,0,1,100,EIN,en,Bank account opening,0
545b8717-8b3f-41d6-a4f5-de44697b368e,synth_d4e253a5a513,itin,tabddpm_synthetic,,['en'],EIN,2024-10-08T23:00:00+00:00,100000.0,50000.0,22,23,6,Sunday,0,1,100,EIN,en,Bank account opening,0
6c5f5b9a-ddc4-49e9-9758-d180a0e1ea34,synth_a22ee3ac8db1,itin,tabddpm_synthetic,,['en'],EIN,2024-11-12T00:32:00+00:00,100000.0,50000.0,22,0,6,Sunday,0,1,100,EIN,en,Bank account opening,1
12f4ec8c-2308-4f60-90ee-93f17d720864,synth_a4f42744f992,itin,tabddpm_synthetic,,['en'],EIN,2024-03-04T00:57:00+00:00,100.0,668.0,55,0,6,Sunday,0,1,9,EIN,en,Bank account opening,0
b650b441-b0f7-4e3d-bb72-82140e89dda3,synth_384c86159541,itin,tabddpm_synthetic,,['en'],EIN,2024-08-16T23:55:00+00:00,100000.0,3920.89,22,23,0,Monday,0,1,100,EIN,en,Bank account opening,0
90763f34-067e-49fa-9f02-12e9a0da0123,synth_2dadadd1e366,itin,tabddpm_synthetic,,['en'],EIN,2024-03-09T00:56:00+00:00,100.0,699.94,47,0,6,Sunday,0,1,23,EIN,en,Bank account opening,0
f1d2a8a8-b36f-47b3-aef9-b8562e5194aa,synth_312979b6117e,itin,tabddpm_synthetic,,['en'],EIN,2024-05-05T00:13:00+00:00,100000.0,17560.42,22,0,6,Sunday,0,1,100,EIN,en,Bank account opening,0
a793bf5c-de2d-4a78-8f61-19050abdfc67,synth_e3fa709bce65,itin,tabddpm_synthetic,,['en'],EIN,2024-04-30T23:23:00+00:00,100000.0,50000.0,22,23,6,Sunday,0,1,100,EIN,en,Bank account opening,0
f463c59a-3903-4c8f-ae04-d33622ae2069,synth_8476939dd732,itin,tabddpm_synthetic,,['en'],EIN,2024-01-06T23:01:00+00:00,100000.0,50000.0,22,23,6,Sunday,67,2000,100,EIN,en,Bank account opening,0
81bb799b-3d6c-4fcf-8fcf-923a0adf1494,synth_4828dfa6e956,itin,tabddpm_synthetic,,['en'],EIN,2024-07-08T04:37:00+00:00,100.0,0.0,22,4,1,Tuesday,0,1847,8,EIN,en,Bank account opening,0
81dd1c8e-7e68-4266-87e7-e6cab1e56c33,synth_496e4282b8a9,itin,tabddpm_synthetic,,['en'],EIN,2024-10-20T16:10:00+00:00,10385.09,0.0,22,16,0,Monday,0,1,47,EIN,en,Bank account opening,0
dcfa679c-4ed8-4048-9b9c-52f4f0c28045,synth_842b2433be0f,itin,tabddpm_synthetic,,['en'],EIN,2024-10-30T23:58:00+00:00,100000.0,50000.0,22,23,6,Sunday,0,1,100,EIN,en,Bank account opening,0
ed6dd489-28bb-4af5-ae4b-ebd68193bdeb,synth_53b19ffa8497,itin,tabddpm_synthetic,,['en'],EIN,2024-01-11T00:52:00+00:00,29269.68,732.88,22,0,2,Wednesday,0,1,61,EIN,en,Bank account opening,0
33fc4d71-dac7-42d7-a700-2ba8c91f0a42,synth_4ab382eb0bd9,itin,tabddpm_synthetic,,['en'],EIN,2024-10-13T23:22:00+00:00,100000.0,4656.51,22,23,6,Sunday,0,1,100,EIN,en,Bank account opening,0
db4c449f-7a19-4fac-a144-e03cc97b72e7,synth_d42cd4b755ff,itin,tabddpm_synthetic,,['en'],EIN,2024-05-08T00:37:00+00:00,100.0,0.0,22,0,2,Wednesday,0,1393,7,EIN,en,Bank account opening,0
ea6eae73-63b2-4da6-bf34-b1bbcfc08d17,synth_d97740880ec5,itin,tabddpm_synthetic,,['en'],EIN,2024-05-15T00:51:00+00:00,100.0,0.0,55,0,6,Sunday,0,25,0,EIN,en,Bank account opening,0
07a7cff6-77bd-44e4-ba3a-6bbae45353e0,synth_fc65661766a9,itin,tabddpm_synthetic,,['en'],EIN,2024-12-19T00:07:00+00:00,100000.0,50000.0,22,0,6,Sunday,0,1,100,EIN,en,Bank account opening,0
57bb9c82-ac70-4e1e-a2e9-d39d3c1ddb2c,synth_3ec4a59ab77f,itin,tabddpm_synthetic,,['en'],EIN,2024-09-29T00:04:00+00:00,100.0,1054.5,22,0,6,Sunday,17,2000,50,EIN,en,Bank account opening,0
b2a2e56d-b46d-4e71-a468-0ba361e18a68,synth_55522427a298,itin,tabddpm_synthetic,,['en'],EIN,2024-03-17T08:11:00+00:00,100.0,2930.3,55,8,0,Monday,90,1,18,EIN,en,Bank account opening,0
e44f0f61-77b1-474a-90bc-80a04b706d75,synth_ad734c0164e6,itin,tabddpm_synthetic,,['en'],EIN,2024-12-16T23:34:00+00:00,100.0,50000.0,55,23,0,Monday,90,2000,0,EIN,en,Bank account opening,0
7618d1db-9f7e-4eb0-b47a-f3c5708765f5,synth_4c034547a579,itin,tabddpm_synthetic,,['en'],EIN,2024-08-14T23:50:00+00:00,100.0,5326.32,55,23,0,Monday,90,2000,0,EIN,en,Bank account opening,0
10fb3e4c-a3f9-4ff0-a11f-44f2d274b123,synth_04a96ae888b2,itin,tabddpm_synthetic,,['en'],EIN,2024-08-25T00:02:00+00:00,6881.66,125.67,55,0,6,Sunday,0,1,75,EIN,en,Bank account opening,0
22ce774e-8de9-40bf-8b7a-9b46bba12e08,synth_a49c9072210e,itin,tabddpm_synthetic,,['en'],EIN,2024-10-24T16:43:00+00:00,100.0,554.54,22,16,6,Sunday,90,2000,13,EIN,en,Bank account opening,0
fed2f34c-af6c-4160-93f9-8023faf4f886,synth_35a2f07d5157,itin,tabddpm_synthetic,,['en'],EIN,2024-08-05T00:25:00+00:00,100.0,0.0,22,0,0,Monday,0,1,2,EIN,en,Bank account opening,0
a3ee96d1-3933-420f-9158-57e48a6c2b72,synth_f931559e53f5,itin,tabddpm_synthetic,,['en'],EIN,2024-05-17T00:12:00+00:00,100000.0,50000.0,22,0,6,Sunday,0,1,100,EIN,en,Bank account opening,0
8ad97e6e-5881-4258-bb5e-d6dfe0351e8e,synth_11f4568b167d,itin,tabddpm_synthetic,,['en'],EIN,2024-09-22T00:58:00+00:00,100000.0,50000.0,22,0,6,Sunday,0,1,100,EIN,en,Bank account opening,0
e527991d-1bab-42e9-932e-56642171bf28,synth_0e134b43f3c7,itin,tabddpm_synthetic,,['en'],EIN,2024-08-06T00:30:00+00:00,442.71,0.0,55,0,6,Sunday,0,818,0,EIN,en,Bank account opening,0
06e12edc-cc26-46f0-8cc7-bc5f0bc13dc5,synth_dec28f527f5c,itin,tabddpm_synthetic,,['en'],EIN,2024-04-30T00:40:00+00:00,38798.86,1572.43,22,0,6,Sunday,0,1,100,EIN,en,Bank account opening,0
2afe4d8d-734f-4b39-9dfe-e708402d379f,synth_07596764f111,itin,tabddpm_synthetic,,['en'],EIN,2024-04-13T00:16:00+00:00,100.0,0.0,55,0,6,Sunday,0,353,0,EIN,en,Bank account opening,0
50623f70-ab1b-4968-b71b-cef96944a178,synth_34c4767ec5fc,itin,tabddpm_synthetic,,['en'],EIN,2024-03-29T23:51:00+00:00,100000.0,50000.0,22,23,6,Sunday,0,1,100,EIN,en,Bank account opening,1
2b4322fc-59c6-477d-bc25-5608b3229074,synth_5de3acea9a6d,itin,tabddpm_synthetic,,['en'],EIN,2024-03-12T10:12:00+00:00,100.0,190.73,22,10,6,Sunday,18,2000,1,EIN,en,Bank account opening,0
90044d78-5f98-4ced-9289-7ae811cc8582,synth_8ff284b5ae83,itin,tabddpm_synthetic,,['en'],EIN,2024-09-26T23:38:00+00:00,100.0,0.0,22,23,6,Sunday,24,2000,13,EIN,en,Bank account opening,0
67057c45-6a01-4a4a-a3d6-5095fe6f7574,synth_9153b1ec3d75,itin,tabddpm_synthetic,,['en'],EIN,2024-12-11T00:30:00+00:00,100000.0,14524.32,22,0,0,Monday,9,1,0,EIN,en,Bank account opening,0
2dd521d6-5d76-458d-9c94-10cdf31026c4,synth_2fac156e8ca7,itin,tabddpm_synthetic,,['en'],EIN,2024-03-29T00:03:00+00:00,219.42,0.0,22,0,3,Thursday,0,158,9,EIN,en,Bank account opening,0
461f3c78-d864-4f0b-8a6e-7e75f0ea7d09,synth_fcc36c9fed10,itin,tabddpm_synthetic,,['en'],EIN,2024-10-10T06:22:00+00:00,100.0,488.56,22,6,6,Sunday,36,2000,33,EIN,en,Bank account opening,0
ae329809-61e5-4bb3-bc3b-d0cda10dfca7,synth_f31fc96ba666,itin,tabddpm_synthetic,,['en'],EIN,2024-10-28T00:06:00+00:00,30382.7,800.4,22,0,0,Monday,0,1,57,EIN,en,Bank account opening,0
a63ff0ca-2cf3-4f0d-950f-117fb5fcc87b,synth_0771623631fc,itin,tabddpm_synthetic,,['en'],EIN,2024-12-27T23:32:00+00:00,100.0,6083.75,55,23,0,Monday,90,2000,0,EIN,en,Bank account opening,0
d789d41b-ae24-4a92-b582-0c2997e4f3d0,synth_83c51f2739fc,itin,tabddpm_synthetic,,['en'],EIN,2024-03-28T00:25:00+00:00,100.0,0.0,22,0,1,Tuesday,0,2000,0,EIN,en,Bank account opening,0
d084cd38-a0ca-4b90-8899-e2ca2894f026,synth_cf388ca95d6e,itin,tabddpm_synthetic,,['en'],EIN,2024-10-27T19:36:00+00:00,100.0,0.0,40,19,3,Thursday,10,2000,15,EIN,en,Bank account opening,0
6ac4720f-f81a-4568-98e6-4e18993f2b1c,synth_8132c788b50c,itin,tabddpm_synthetic,,['es'],EIN,2024-01-05T22:44:00+00:00,100.0,548.71,55,22,3,Thursday,77,1,2,EIN,es,Bank account opening,0
6df664a2-e182-4ae3-b343-fa023d6a88cf,synth_6df077056887,itin,tabddpm_synthetic,,['en'],EIN,2024-02-25T23:31:00+00:00,100000.0,11495.65,22,23,6,Sunday,90,1,100,EIN,en,Bank account opening,0
4128bc12-23cd-4033-a747-e695bd23f740,synth_eaf6cf616c85,itin,tabddpm_synthetic,,['es'],EIN,2024-05-24T16:24:00+00:00,100.0,106.37,22,16,6,Sunday,3,2000,11,EIN,es,Bank account opening,0
fb0e2f6b-e5de-4912-a1b1-8b9eb30047d1,synth_6bd2d03bd3fb,itin,tabddpm_synthetic,,['en'],EIN,2024-02-26T00:01:00+00:00,100.0,0.0,22,0,2,Wednesday,0,2000,6,EIN,en,Bank account opening,0
e5c743a5-3390-49e6-b2fa-922f992f19ed,synth_64cfe5f996d8,itin,tabddpm_synthetic,,['en'],EIN,2024-03-24T23:50:00+00:00,100000.0,50000.0,22,23,6,Sunday,90,1,100,EIN,en,Bank account opening,0
5ba76011-f033-4d28-b8a2-a9354fd1c0a9,synth_eb6960ebcf53,itin,tabddpm_synthetic,,['en'],EIN,2024-03-09T00:51:00+00:00,41853.99,0.0,22,0,0,Monday,0,1,0,EIN,en,Bank account opening,1
14c6bd0f-9552-4888-91a3-e8dd810b8cea,synth_8c2663221c14,itin,tabddpm_synthetic,,['en'],EIN,2024-12-22T23:10:00+00:00,100000.0,50000.0,22,23,6,Sunday,0,1,100,EIN,en,Bank account opening,0
5123347d-0066-4ecc-a621-a62a27f5cdea,synth_22580cfdc45a,itin,tabddpm_synthetic,,['en'],EIN,2024-08-07T00:58:00+00:00,100000.0,50000.0,22,0,0,Monday,0,1,100,EIN,en,Bank account opening,0
55647411-d47d-4590-bb19-7a1ab97fab0f,synth_89bfc886a363,itin,tabddpm_synthetic,,['en'],EIN,2024-09-21T00:59:00+00:00,100.0,0.0,22,0,0,Monday,0,241,2,EIN,en,Bank account opening,0
224d1a54-b1d3-41e6-8879-1261a870e4c2,synth_96bb4805e012,itin,tabddpm_synthetic,,['en'],EIN,2024-04-25T23:44:00+00:00,100.0,7491.08,55,23,0,Monday,90,2000,0,EIN,en,Bank account opening,0
dbb0f4b6-fb9c-4e7f-816e-52f87eb5c4d4,synth_47e1fba90ff4,itin,tabddpm_synthetic,,['en'],EIN,2024-01-03T23:55:00+00:00,100.0,4202.28,55,23,0,Monday,90,2000,0,EIN,en,Bank account opening,0
3456ee4b-ddc9-4c8c-a376-e5fc29c02fd2,synth_0b68cb29871a,itin,tabddpm_synthetic,,['en'],EIN,2024-06-25T13:24:00+00:00,646.42,32.3,55,13,0,Monday,51,1613,5,EIN,en,Bank account opening,0
c1bd37d5-d042-4d88-a89a-4473d6222b15,synth_1b89238b2eb0,itin,tabddpm_synthetic,,['en'],EIN,2024-01-13T12:18:00+00:00,100.0,0.0,22,12,6,Sunday,46,2000,11,EIN,en,Bank account opening,0
494ae5fa-cafb-4d5c-9e1d-849916d9c139,synth_f9966ae5b0c4,itin,tabddpm_synthetic,,['en'],EIN,2024-10-21T00:16:00+00:00,100000.0,50000.0,22,0,6,Sunday,0,1,100,EIN,en,Bank account opening,1
598ac356-bc3f-408d-ba57-5822341a8b8c,synth_5a6f86d633d1,itin,tabddpm_synthetic,,['en'],EIN,2024-02-23T23:24:00+00:00,100000.0,50000.0,22,23,6,Sunday,0,1,100,EIN,en,Bank account opening,1
3c5f4d77-a8ff-4c1d-8f9f-54ec3c81189a,synth_a06ed9eb76cd,itin,tabddpm_synthetic,,['en'],EIN,2024-09-08T23:34:00+00:00,100000.0,50000.0,22,23,6,Sunday,0,1,100,EIN,en,Bank account opening,1
015430ba-045e-465c-82e3-5e9f02336320,synth_3160c23db9a4,itin,tabddpm_synthetic,,['en'],EIN,2024-11-09T00:09:00+00:00,100.0,56.17,22,0,6,Sunday,23,2000,21,EIN,en,Bank account opening,0
bda00d04-dec3-4003-8d70-0ffba17fd4d7,synth_7fd55a13698a,itin,tabddpm_synthetic,,['en'],EIN,2024-04-10T21:30:00+00:00,5174.97,141.22,22,21,4,Friday,4,2000,11,EIN,en,Bank account opening,0
89f73a5d-2425-454f-aaba-9966c8212670,synth_3fe16b3c61b1,itin,tabddpm_synthetic,,['en'],EIN,2024-11-24T23:17:00+00:00,1370.9,124.41,22,23,4,Friday,0,2000,11,EIN,en,Bank account opening,0
20d6fa40-41c4-4f6d-ae54-ab22062aa0fd,synth_840ea0a55cd0,itin,tabddpm_synthetic,,['en'],EIN,2024-06-24T08:06:00+00:00,7293.3,197.11,24,8,1,Tuesday,55,1105,13,EIN,en,Bank account opening,0
89822b26-e7a9-43b9-ab57-4309afc63f1b,synth_905fe18d75a1,itin,tabddpm_synthetic,,['en'],EIN,2024-04-25T23:53:00+00:00,100.0,18089.39,55,23,0,Monday,90,2000,0,EIN,en,Bank account opening,0
ca88b414-8818-45d7-b759-07d00903420f,synth_8a113a75f926,itin,tabddpm_synthetic,,['en'],EIN,2024-05-01T00:07:00+00:00,100.0,0.0,22,0,2,Wednesday,0,1234,0,EIN,en,Bank account opening,0
c774d862-0d3e-4e19-ab71-00bcdb61aeee,synth_a25be7fdb979,itin,tabddpm_synthetic,,['en'],EIN,2024-05-25T17:05:00+00:00,100.0,561.04,55,17,5,Saturday,90,2000,3,EIN,en,Bank account opening,0
83cbb873-6ff3-43c5-9d24-63a1c20209ab,synth_216d392925cc,itin,tabddpm_synthetic,,['en'],EIN,2024-08-26T00:16:00+00:00,100.0,0.0,22,0,6,Sunday,35,2000,22,EIN,en,Bank account opening,0
b904b90d-9043-4a8f-8c2b-342991fc1df2,synth_bd376fd81bc4,itin,tabddpm_synthetic,,['en'],EIN,2024-06-07T14:31:00+00:00,100.0,0.0,22,14,2,Wednesday,4,2000,6,EIN,en,Bank account opening,0
614af57a-e980-48fb-8584-206ff5e3b12b,synth_7c60f3e46e78,itin,tabddpm_synthetic,,['en'],EIN,2024-07-14T23:28:00+00:00,100.0,0.0,22,23,6,Sunday,6,2000,10,EIN,en,Bank account opening,0
e12355b6-bae0-40d4-bd9b-5cc785a4f940,synth_eaa3df664fb4,itin,tabddpm_synthetic,,['en'],ITIN,2024-06-04T04:00:00+00:00,4064.14,0.0,32,4,0,Monday,0,1066,5,ITIN,en,Bank account opening,0
7e92d069-afaf-450b-beb6-a1e603d2e151,synth_bd4d4c18c27e,itin,tabddpm_synthetic,,['en'],EIN,2024-04-04T00:23:00+00:00,3985.46,569.25,22,0,5,Saturday,0,1,4,EIN,en,Bank account opening,0
9369039a-899d-4925-a80f-22ba7f6f72a3,synth_07ac6d41d800,itin,tabddpm_synthetic,,['en'],EIN,2024-11-21T23:36:00+00:00,100.0,13343.48,55,23,0,Monday,90,2000,49,EIN,en,Bank account opening,0
a30801f9-4b1a-43aa-a337-86a463064a21,synth_a89fd99376bc,itin,tabddpm_synthetic,,['en'],EIN,2024-09-15T00:42:00+00:00,17154.43,294.32,22,0,6,Sunday,0,1,72,EIN,en,Bank account opening,0
7c7c9771-4760-4cfd-8a3d-eb590d557b1b,synth_5dc0e3d3d2b5,itin,tabddpm_synthetic,,['en'],EIN,2024-01-24T10:54:00+00:00,100.0,0.0,22,10,6,Sunday,90,2000,16,EIN,en,Bank account opening,0
74903c17-8eb4-4c19-915f-cd4df0c49eb5,synth_aef87f303a62,itin,tabddpm_synthetic,,['en'],EIN,2024-04-15T00:47:00+00:00,100000.0,50000.0,22,0,6,Sunday,0,1,100,EIN,en,Bank account opening,1
300f6d8e-555a-40ea-9ddb-7cf818ed43a2,synth_6a1bae209f8e,itin,tabddpm_synthetic,,['en'],EIN,2024-06-10T00:24:00+00:00,100.0,0.0,22,0,1,Tuesday,0,2000,0,EIN,en,Bank account opening,0
970c008a-c79c-40cc-98d4-b60e921de14b,synth_f8d9771d3cbb,itin,tabddpm_synthetic,,['en'],EIN,2024-07-20T00:35:00+00:00,100000.0,5591.67,22,0,6,Sunday,0,1,100,EIN,en,Bank account opening,0
a2205ad8-a790-4513-a450-b99e883791ef,synth_f3b3653959d6,itin,tabddpm_synthetic,,['en'],EIN,2024-09-30T13:15:00+00:00,100.0,0.0,22,13,3,Thursday,9,2000,6,EIN,en,Bank account opening,0
c5076fb5-0807-4f89-ad1c-16500cdc1bd0,synth_57520f67aba6,itin,tabddpm_synthetic,,['en'],EIN,2024-03-13T16:47:00+00:00,100.0,0.0,22,16,6,Sunday,8,2000,6,EIN,en,Bank account opening,0
73fa5b56-8ad0-49b3-87ba-ca480a452fd9,synth_fc6f8f96fc27,itin,tabddpm_synthetic,,['en'],EIN,2024-08-28T23:38:00+00:00,100.0,2001.28,55,23,0,Monday,90,1,28,EIN,en,Bank account opening,0
bbeae8d1-081b-4cd0-b2dd-5cfd50a3c2ab,synth_f75e24ab567c,itin,tabddpm_synthetic,,['en'],EIN,2024-10-31T23:23:00+00:00,100000.0,50000.0,22,23,6,Sunday,0,1,100,EIN,en,Bank account opening,1
0d7b8442-7380-4134-99f4-100efeb94734,synth_7a5337a9001e,itin,tabddpm_synthetic,,['en'],EIN,2024-10-06T00:36:00+00:00,100000.0,50000.0,22,0,6,Sunday,0,1,100,EIN,en,Bank account opening,0
8363b4f1-3c03-4186-8d94-a8c617e04a19,synth_74100219f26d,itin,tabddpm_synthetic,,['en'],EIN,2024-05-26T23:53:00+00:00,22913.58,0.0,22,23,0,Monday,0,1,78,EIN,en,Bank account opening,0
ca7ad4f5-4fdd-4f35-934c-9e420646d835,synth_14b378910db6,itin,tabddpm_synthetic,,['en'],EIN,2024-06-24T15:54:00+00:00,100.0,169.5,45,15,4,Friday,30,2000,7,EIN,en,Bank account opening,0
4432ab51-38cd-4c4b-a946-2d3d96d40146,synth_b79ed292cd9f,itin,tabddpm_synthetic,,['en'],EIN,2024-12-11T22:13:00+00:00,1076.35,33.55,33,22,2,Wednesday,0,2000,10,EIN,en,Bank account opening,0
3a576237-6e77-4948-b57a-2696b52e58d0,synth_8642f37f4056,itin,tabddpm_synthetic,,['en'],EIN,2024-04-22T00:17:00+00:00,9420.15,275.74,22,0,0,Monday,0,1,34,EIN,en,Bank account opening,0
55f70de6-3cf5-451f-95a9-38a5b15d0873,synth_ea12ffdb6b34,itin,tabddpm_synthetic,,['en'],EIN,2024-04-17T23:34:00+00:00,100.0,4113.49,55,23,0,Monday,90,2000,0,EIN,en,Bank account opening,0
cbc01f2d-00a7-40b1-93a1-8ba374eda84d,synth_24148b0c8ed8,itin,tabddpm_synthetic,,['en'],EIN,2024-05-24T23:31:00+00:00,100000.0,50000.0,22,23,6,Sunday,0,1,100,EIN,en,Bank account opening,1
06bba488-066d-4a28-a1f1-41365a6db340,synth_bd9bf1f33de4,itin,tabddpm_synthetic,,['en'],EIN,2024-09-05T23:03:00+00:00,100.0,0.0,22,23,6,Sunday,12,2000,12,EIN,en,Bank account opening,0
525dbe4b-276f-441d-bfc5-c09b04c7ecd6,synth_bf18b78e3c6b,itin,tabddpm_synthetic,,['en'],EIN,2024-07-28T00:43:00+00:00,100000.0,50000.0,22,0,6,Sunday,0,1,100,EIN,en,Bank account opening,0
8e229b9f-0943-4895-924c-c378ffa8e9a0,synth_bb60742a8b88,itin,tabddpm_synthetic,,['en'],EIN,2024-07-12T23:22:00+00:00,100000.0,50000.0,22,23,6,Sunday,0,1,100,EIN,en,Bank account opening,1
1e5cba71-8dc6-495e-b648-da5ed9943f3c,synth_b511f3e96807,itin,tabddpm_synthetic,,['en'],EIN,2024-05-31T07:54:00+00:00,100.0,0.0,22,7,6,Sunday,42,2000,4,EIN,en,Bank account opening,0
e022bb68-7ed3-4997-892d-058243cbe709,synth_0d24fccc5e44,itin,tabddpm_synthetic,,['es'],EIN,2024-02-22T08:03:00+00:00,2056.69,0.0,42,8,4,Friday,5,325,4,EIN,es,Bank account opening,0
be21dbbb-ea66-4cb0-ae7d-0f8afa587f65,synth_2ed6cdb679e4,itin,tabddpm_synthetic,,['en'],EIN,2024-12-23T12:49:00+00:00,6574.57,0.0,31,12,0,Monday,1,124,18,EIN,en,Bank account opening,0
54d15a7f-2c0f-445f-84ac-4ea1644e3ad6,synth_e3d94aa6507f,itin,tabddpm_synthetic,,['en'],EIN,2024-09-09T16:17:00+00:00,100.0,1874.3,55,16,0,Monday,90,1,38,EIN,en,Bank account opening,0
35d73aed-acd4-4a5f-acc6-805d987fb290,synth_67b7667b8d2d,itin,tabddpm_synthetic,,['en'],EIN,2024-04-16T23:25:00+00:00,2520.33,0.0,22,23,3,Thursday,8,1246,9,EIN,en,Bank account opening,0
f9746a05-52e0-4055-aecb-ddafade023ee,synth_85e22ede3613,itin,tabddpm_synthetic,,['en'],EIN,2024-07-09T05:49:00+00:00,100.0,825.05,22,5,6,Sunday,90,2000,0,EIN,en,Bank account opening,0
7b1d5c79-6836-465b-b704-d67a03195bc8,synth_421f9cc14db8,itin,tabddpm_synthetic,,['en'],EIN,2024-11-13T00:21:00+00:00,100000.0,50000.0,22,0,6,Sunday,0,1,100,EIN,en,Bank account opening,0
becd8f96-8e21-47f5-a11c-250490c808d6,synth_2154f504152f,itin,tabddpm_synthetic,,['en'],EIN,2024-12-09T23:49:00+00:00,100000.0,50000.0,22,23,6,Sunday,90,1,100,EIN,en,Bank account opening,1
400b24fb-ce2a-4102-a404-d8731195bd3d,synth_5f3c5723360e,itin,tabddpm_synthetic,,['en'],EIN,2024-01-02T23:49:00+00:00,100000.0,50000.0,22,23,6,Sunday,0,1,100,EIN,en,Bank account opening,1
92b4471b-4a86-445c-9beb-8970492dbafd,synth_18fc8acd3e4c,itin,tabddpm_synthetic,,['en'],EIN,2024-12-27T23:11:00+00:00,100.0,50000.0,55,23,0,Monday,90,2000,0,EIN,en,Bank account opening,0
be5724da-b02f-4b9c-9681-5fd62f289959,synth_26fe2eaf5719,itin,tabddpm_synthetic,,['en'],EIN,2024-03-22T18:47:00+00:00,100.0,0.0,22,18,6,Sunday,26,2000,8,EIN,en,Bank account opening,0
4ddaac2a-1ec0-4acd-83da-8943700f2b8b,synth_5984e1cb5eb5,itin,tabddpm_synthetic,,['en'],EIN,2024-12-25T00:37:00+00:00,100.0,0.0,55,0,6,Sunday,0,552,0,EIN,en,Bank account opening,0
f4aaa989-7a2f-410b-a4dd-612b6929a647,synth_685ad2249858,itin,tabddpm_synthetic,,['en'],EIN,2024-02-08T00:05:00+00:00,100.0,0.0,55,0,6,Sunday,0,1,49,EIN,en,Bank account opening,0
fbe5b562-be86-4597-b4ea-0cfc8c19cf61,synth_090904487f2a,itin,tabddpm_synthetic,,['en'],EIN,2024-07-01T00:18:00+00:00,100.0,0.0,55,0,6,Sunday,0,963,2,EIN,en,Bank account opening,0
1100d530-69fe-447a-975c-6ecbebbc8f99,synth_530d0024b4cc,itin,tabddpm_synthetic,,['en'],EIN,2024-12-02T00:17:00+00:00,4221.24,354.67,55,0,0,Monday,90,1,18,EIN,en,Bank account opening,0
4267be0b-ee65-41d5-9806-890dbd8d7935,synth_cd6499c68a1c,itin,tabddpm_synthetic,,['en'],EIN,2024-11-16T22:24:00+00:00,1749.3,193.12,22,22,6,Sunday,3,2000,19,EIN,en,Bank account opening,0
65467c85-8ab3-433b-837c-8bd087a2f863,synth_3da901449db1,itin,tabddpm_synthetic,,['en'],EIN,2024-10-01T00:15:00+00:00,13299.02,555.95,22,0,6,Sunday,0,1,64,EIN,en,Bank account opening,0
4b8037b0-f32a-446c-9013-16de1d948ffd,synth_18217371723b,itin,tabddpm_synthetic,,['en'],EIN,2024-10-14T23:56:00+00:00,100.0,0.0,22,23,6,Sunday,19,2000,5,EIN,en,Bank account opening,0
4ce337ec-ced9-4a13-88fb-59205a1e815b,synth_84e23f12dbe8,itin,tabddpm_synthetic,,['en'],EIN,2024-08-05T23:41:00+00:00,40534.27,104.35,22,23,6,Sunday,0,1,100,EIN,en,Bank account opening,0
79fce0db-0d1d-4551-bbb0-91bd275483f6,synth_1bbaf8fa1dad,itin,tabddpm_synthetic,,['en'],EIN,2024-09-30T00:14:00+00:00,4094.18,0.0,55,0,6,Sunday,0,1262,0,EIN,en,Bank account opening,0
ec5ed8c3-c53e-425d-9727-063844659dcb,synth_f44766c48845,itin,tabddpm_synthetic,,['en'],EIN,2024-11-18T23:21:00+00:00,100.0,505.67,22,23,6,Sunday,30,2000,58,EIN,en,Bank account opening,0
2eef5c82-8d81-4cc8-9687-e9819a3f88b3,synth_601afe4c85af,itin,tabddpm_synthetic,,['en'],EIN,2024-12-17T23:25:00+00:00,7893.53,0.0,22,23,0,Monday,0,1,66,EIN,en,Bank account opening,0
cce7d066-71d2-44d2-aa1f-5e1b710159fc,synth_84c5f0d83b7f,itin,tabddpm_synthetic,,['en'],EIN,2024-02-16T23:15:00+00:00,100000.0,27736.46,22,23,6,Sunday,0,1,100,EIN,en,Bank account opening,1
11c9c73e-17a1-4ee8-97ab-b1bc330ebcea,synth_b4aa07546651,itin,tabddpm_synthetic,,['en'],ITIN,2024-12-09T23:13:00+00:00,21401.5,288.85,22,23,1,Tuesday,0,1,69,ITIN,en,Bank account opening,0
811431d6-2e55-4d9b-bde3-dcf48630282f,synth_918b35e9dd58,itin,tabddpm_synthetic,,['en'],EIN,2024-05-28T15:06:00+00:00,355.65,0.0,23,15,2,Wednesday,5,2000,9,EIN,en,Bank account opening,0
930bc066-c3aa-440d-9414-434dbdc01f27,synth_80d5f250804a,itin,tabddpm_synthetic,,['en'],EIN,2024-12-29T10:08:00+00:00,100.0,277.76,55,10,0,Monday,90,1,7,EIN,en,Bank account opening,0
c345e5a7-c4a2-4151-862b-54e4838fa1a0,synth_c56d4406f772,itin,tabddpm_synthetic,,['en'],EIN,2024-11-29T16:27:00+00:00,100.0,0.0,22,16,6,Sunday,47,2000,5,EIN,en,Bank account opening,0
426a47c4-0a00-4cac-a126-268508e944aa,synth_deae14680e0c,itin,tabddpm_synthetic,,['en'],EIN,2024-12-19T00:15:00+00:00,100000.0,50000.0,22,0,0,Monday,90,1,57,EIN,en,Bank account opening,0
d2e4f0bd-5427-4e2d-9917-aef0a085c1aa,synth_246555742a92,itin,tabddpm_synthetic,,['en'],EIN,2024-07-16T19:33:00+00:00,100.0,446.39,55,19,0,Monday,90,49,0,EIN,en,Bank account opening,0
619368d1-7594-44a3-8764-db5120c35629,synth_3ff2cb3c333f,itin,tabddpm_synthetic,,['en'],EIN,2024-08-05T00:59:00+00:00,100000.0,50000.0,22,0,6,Sunday,0,1,100,EIN,en,Bank account opening,0
2c026f42-0e02-41e0-b0e6-377e9c45ac22,synth_99693ddca345,itin,tabddpm_synthetic,,['en'],EIN,2024-05-17T23:45:00+00:00,100.0,816.92,55,23,0,Monday,90,2000,0,EIN,en,Bank account opening,0
cc726f3e-9877-4071-bb9d-85c06344d173,synth_76d970363b11,itin,tabddpm_synthetic,,['en'],EIN,2024-06-20T14:02:00+00:00,100.0,0.0,22,14,6,Sunday,8,2000,4,EIN,en,Bank account opening,0
a3d99d76-f3bf-4adf-b327-006d7adae0e6,synth_d924033ce646,itin,tabddpm_synthetic,,['en'],EIN,2024-01-11T23:48:00+00:00,100000.0,2375.73,22,23,6,Sunday,0,1,100,EIN,en,Bank account opening,0
dd58091a-c298-449f-a296-9074329d45da,synth_3da8ebfd66e3,itin,tabddpm_synthetic,,['en'],EIN,2024-12-13T14:00:00+00:00,100.0,80.3,22,14,4,Friday,16,2000,7,EIN,en,Bank account opening,0
678b570f-6310-40cb-b2c1-d3da3449c0cc,synth_dc4ce1a62d61,itin,tabddpm_synthetic,,['en'],EIN,2024-03-01T23:21:00+00:00,100.0,0.0,22,23,6,Sunday,28,2000,10,EIN,en,Bank account opening,0
1079c3c6-b152-4550-9ce1-06b4e9da64ca,synth_ecb229b411e6,itin,tabddpm_synthetic,,['en'],EIN,2024-06-01T23:18:00+00:00,100000.0,50000.0,22,23,6,Sunday,0,1,100,EIN,en,Bank account opening,1
b758674d-0f65-479b-960a-36025e5850f0,synth_d9493bb7048d,itin,tabddpm_synthetic,,['en'],EIN,2024-01-14T12:35:00+00:00,2307.2,187.32,52,12,1,Tuesday,61,2000,7,EIN,en,Bank account opening,0
f7db947b-2d0b-4aeb-8883-1ce7f733cb60,synth_d135c9885a8b,itin,tabddpm_synthetic,,['en'],EIN,2024-09-16T20:03:00+00:00,100.0,0.0,22,20,6,Sunday,15,2000,5,EIN,en,Bank account opening,0
98395e94-b2a7-414c-adeb-0d933f755cf9,synth_c3bcdfd55335,itin,tabddpm_synthetic,,['en'],EIN,2024-03-19T00:28:00+00:00,100000.0,50000.0,22,0,6,Sunday,0,1,100,EIN,en,Bank account opening,0
5a0282ad-f215-41a9-97dc-e30e455c6370,synth_e63f89ee4a83,itin,tabddpm_synthetic,,['en'],EIN,2024-07-26T23:22:00+00:00,100.0,1499.84,55,23,0,Monday,90,2000,0,EIN,en,Bank account opening,0
019ca1a8-60ad-4613-a43f-d6978b523fce,synth_413b4e6c340c,itin,tabddpm_synthetic,,['en'],EIN,2024-02-14T23:55:00+00:00,100.0,2565.5,55,23,0,Monday,90,2000,0,EIN,en,Bank account opening,0
f06486ea-eead-4c90-86cf-e7739ee0b754,synth_c7715e71a3ed,itin,tabddpm_synthetic,,['en'],EIN,2024-06-18T23:01:00+00:00,100.0,1233.6,55,23,0,Monday,90,2000,12,EIN,en,Bank account opening,0
552e6353-661d-4956-9ce3-a093421cf4c1,synth_389533db9e44,itin,tabddpm_synthetic,,['en'],EIN,2024-09-26T00:57:00+00:00,100.0,0.0,55,0,6,Sunday,0,1,61,EIN,en,Bank account opening,0
1cc52668-47b3-4601-bd0a-d17c1c2806d0,synth_9c49d5a61947,itin,tabddpm_synthetic,,['en'],EIN,2024-02-06T00:53:00+00:00,100000.0,50000.0,22,0,6,Sunday,0,1,100,EIN,en,Bank account opening,1
b9e203db-7604-4118-8dd5-5f8a4dbb7f69,synth_e1ddf6e45fe5,itin,tabddpm_synthetic,,['en'],EIN,2024-03-21T18:06:00+00:00,11917.94,60.5,22,18,4,Friday,0,1,48,EIN,en,Bank account opening,0
e2beb70d-d4d2-4011-bb8a-b3b90057e737,synth_ec4c94ae2b9e,itin,tabddpm_synthetic,,['en'],EIN,2024-10-05T08:50:00+00:00,5981.02,1648.71,55,8,6,Sunday,0,1,12,EIN,en,Bank account opening,0
4f1332f4-3ab9-4b48-a6e2-a26e85bb8e51,synth_19e98d5285ff,itin,tabddpm_synthetic,,['en'],EIN,2024-03-04T23:51:00+00:00,100000.0,50000.0,22,23,6,Sunday,0,1,100,EIN,en,Bank account opening,0
6dab4916-fe43-47f7-8ede-483a7735e844,synth_1661c3afee3c,itin,tabddpm_synthetic,,['en'],EIN,2024-09-12T02:23:00+00:00,100.0,276.33,22,2,6,Sunday,23,2000,20,EIN,en,Bank account opening,0
ff098bf1-1c6b-4ec9-9ca3-a4dc41b1144f,synth_73f776a9aae9,itin,tabddpm_synthetic,,['en'],EIN,2024-10-24T23:26:00+00:00,100.0,28771.94,55,23,0,Monday,90,1,100,EIN,en,Bank account opening,0
e3fcffda-dfda-45b0-8017-ba837a7dfca5,synth_36fdee66717a,itin,tabddpm_synthetic,,['en'],EIN,2024-10-13T23:10:00+00:00,100000.0,50000.0,22,23,6,Sunday,0,1,100,EIN,en,Bank account opening,1
d9c0f79d-d594-4b2f-9afd-cd4a42225ff5,synth_192a5fe4c917,itin,tabddpm_synthetic,,['en'],EIN,2024-12-24T00:21:00+00:00,100.0,163.45,22,0,3,Thursday,0,2000,3,EIN,en,Bank account opening,0
91af439c-04ab-4885-bf22-2aff111b6793,synth_1e08b4c420eb,itin,tabddpm_synthetic,,['en'],EIN,2024-05-23T06:29:00+00:00,1728.38,0.0,22,6,0,Monday,3,1237,8,EIN,en,Bank account opening,0
42ce043d-464c-41d1-8c77-2846bb90e5ed,synth_836299fb5800,itin,tabddpm_synthetic,,['en'],EIN,2024-04-23T04:44:00+00:00,100.0,828.07,22,4,6,Sunday,4,2000,70,EIN,en,Bank account opening,0
cbc015fd-acf1-4d0a-bc1b-64ee7dd35128,synth_2401a7ff86b4,itin,tabddpm_synthetic,,['en'],EIN,2024-02-02T20:12:00+00:00,100.0,0.0,22,20,6,Sunday,30,2000,12,EIN,en,Bank account opening,0
67965dcc-23b0-49e7-9b40-f669cab748ad,synth_4217e8c81fcf,itin,tabddpm_synthetic,,['en'],EIN,2024-05-19T17:51:00+00:00,100.0,0.92,22,17,6,Sunday,11,2000,4,EIN,en,Bank account opening,0
c28e2265-0b25-411a-842c-7790e11c1be3,synth_11d6f02e8a22,itin,tabddpm_synthetic,,['en'],EIN,2024-10-03T00:56:00+00:00,100000.0,50000.0,22,0,6,Sunday,90,1,100,EIN,en,Bank account opening,0
41bd3f81-c1f9-4877-a1db-be233ecfe849,synth_005570757cae,itin,tabddpm_synthetic,,['en'],EIN,2024-10-25T00:16:00+00:00,617.64,352.44,31,0,6,Sunday,0,1,44,EIN,en,Bank account opening,0
940b5009-ea38-4c43-9662-cae5649efd29,synth_bcb965e5d537,itin,tabddpm_synthetic,,['en'],EIN,2024-11-30T00:01:00+00:00,63459.81,534.77,22,0,0,Monday,0,1,65,EIN,en,Bank account opening,1
a31758d5-358a-4682-a22a-dd704f4fc39c,synth_65a6080860ee,itin,tabddpm_synthetic,,['en'],EIN,2024-05-17T23:55:00+00:00,100.0,5624.35,55,23,0,Monday,90,2000,0,EIN,en,Bank account opening,0
0a8a8a76-2dd9-462e-ad36-636917505b13,synth_7589100b6995,itin,tabddpm_synthetic,,['en'],EIN,2024-11-05T00:02:00+00:00,100.0,0.0,22,0,0,Monday,0,2000,2,EIN,en,Bank account opening,0
ca367a3d-14bc-4a4a-b682-a470e9940026,synth_b7047b142ce6,itin,tabddpm_synthetic,,['en'],EIN,2024-06-27T00:12:00+00:00,43786.48,1890.19,22,0,6,Sunday,0,1,60,EIN,en,Bank account opening,0
8606c37b-69c5-452d-a56f-d77d4d6516ca,synth_8e2de0575fd0,itin,tabddpm_synthetic,,['en'],EIN,2024-10-04T11:35:00+00:00,100.0,269.11,22,11,6,Sunday,90,2000,0,EIN,en,Bank account opening,0
e7682f9c-5c8e-4cf4-92f8-3441e6e9b06e,synth_5cef4e52124f,itin,tabddpm_synthetic,,['es'],EIN,2024-06-04T06:14:00+00:00,3523.76,1.41,41,6,1,Tuesday,14,1696,3,EIN,es,Bank account opening,0
15139326-21a8-43e4-81c1-ce2ec3c02e2d,synth_1203da441452,itin,tabddpm_synthetic,,['en'],EIN,2024-09-23T23:06:00+00:00,100.0,5896.34,55,23,0,Monday,90,2000,0,EIN,en,Bank account opening,0
8d543abd-15d4-41fb-bd2e-5744df2655f3,synth_f8352f4b3de9,itin,tabddpm_synthetic,,['en'],EIN,2024-06-20T17:01:00+00:00,100.0,274.0,29,17,3,Thursday,0,1652,7,EIN,en,Bank account opening,0
edc57d99-b256-482d-82d0-4cf9b7950334,synth_d9f72c8dec21,itin,tabddpm_synthetic,,['en'],EIN,2024-06-01T23:56:00+00:00,100000.0,50000.0,22,23,6,Sunday,0,1,100,EIN,en,Bank account opening,0
b877705f-44cb-4001-ba19-a13cfd3bd2fa,synth_b7b8915897eb,itin,tabddpm_synthetic,,['en'],EIN,2024-08-11T23:20:00+00:00,100000.0,50000.0,22,23,6,Sunday,0,1,100,EIN,en,Bank account opening,0
687d8b72-339c-40a2-9004-e10bd4f1ecd6,synth_abb5fbd55967,itin,tabddpm_synthetic,,['en'],EIN,2024-04-03T02:59:00+00:00,100.0,21351.17,55,2,0,Monday,90,1,100,EIN,en,Bank account opening,0
ec7f1940-1eb5-4feb-b3fc-caac1d365f96,synth_4c4104092b6d,itin,tabddpm_synthetic,,['en'],EIN,2024-01-04T23:29:00+00:00,100000.0,50000.0,55,23,6,Sunday,90,1,100,EIN,en,Bank account opening,1
fa56903e-4712-46f4-9181-af3db481b8ab,synth_c19612cbf367,itin,tabddpm_synthetic,,['en'],EIN,2024-11-02T04:06:00+00:00,100.0,947.94,22,4,6,Sunday,90,2000,0,EIN,en,Bank account opening,0
3e40a8fc-5965-4500-b3fa-773992020ca2,synth_96c21f405e61,itin,tabddpm_synthetic,,['en'],EIN,2024-07-30T12:53:00+00:00,100.0,0.0,22,12,6,Sunday,61,2000,9,EIN,en,Bank account opening,0
4ca1c021-a0f5-43cc-b123-88891a78d839,synth_053c538186ed,itin,tabddpm_synthetic,,['en'],EIN,2024-03-04T00:34:00+00:00,100000.0,50000.0,55,0,6,Sunday,90,1,100,EIN,en,Bank account opening,0
d835d960-e4b9-4ddc-af75-9808709bd063,synth_01914d42f02e,itin,tabddpm_synthetic,,['en'],EIN,2024-05-29T01:38:00+00:00,10676.62,2074.31,55,1,0,Monday,90,1,90,EIN,en,Bank account opening,0
fc11db96-b39f-4c4b-a0e9-20278080a5f1,synth_b99aa03167b1,itin,tabddpm_synthetic,,['en'],EIN,2024-08-01T23:36:00+00:00,100000.0,50000.0,22,23,6,Sunday,0,1,100,EIN,en,Bank account opening,0
d5875839-f7c7-4f88-8806-ee86eb639d14,synth_fb6bd32bc790,itin,tabddpm_synthetic,,['en'],EIN,2024-11-10T00:45:00+00:00,4839.4,0.0,55,0,6,Sunday,0,1,0,EIN,en,Bank account opening,1
5d5e7937-04e6-4055-be35-f0a750f9667a,synth_967ad7e3cee0,itin,tabddpm_synthetic,,['es'],EIN,2024-11-21T10:27:00+00:00,8140.92,718.01,31,10,0,Monday,7,1750,9,EIN,es,Bank account opening,0
404b28a9-39b4-48ca-84ee-8fd11d0f64e0,synth_7e784a429f1f,itin,tabddpm_synthetic,,['en'],EIN,2024-06-08T23:52:00+00:00,100000.0,50000.0,22,23,6,Sunday,0,1,100,EIN,en,Bank account opening,1
12ad99b8-1571-440a-94ad-8eab23dd7793,synth_47f633fd4d15,itin,tabddpm_synthetic,,['en'],EIN,2024-05-02T00:07:00+00:00,100.0,0.0,22,0,6,Sunday,0,1,0,EIN,en,Bank account opening,0
6a61288a-5932-4b0e-abe3-da53fa2ffbd2,synth_42233b405fa6,itin,tabddpm_synthetic,,['en'],EIN,2024-01-17T23:10:00+00:00,100000.0,20565.72,22,23,6,Sunday,54,1,100,EIN,en,Bank account opening,0
2e84057c-dcb7-4f28-8563-0f69e19c59d7,synth_974957d0e0b0,itin,tabddpm_synthetic,,['en'],EIN,2024-07-19T00:58:00+00:00,100000.0,50000.0,22,0,6,Sunday,0,1,100,EIN,en,Bank account opening,1
107b4b48-a846-420d-972a-437010f6c1e1,synth_604cd41550cc,itin,tabddpm_synthetic,,['en'],EIN,2024-09-26T00:22:00+00:00,100.0,0.0,22,0,0,Monday,0,1,0,EIN,en,Bank account opening,0
5aba36db-b9b8-4957-8b7c-87c837887ef0,synth_6ca62f61eb54,itin,tabddpm_synthetic,,['en'],EIN,2024-10-02T07:05:00+00:00,100.0,497.05,22,7,6,Sunday,2,2000,41,EIN,en,Bank account opening,0
bc22ec23-66bb-40c7-a42e-28aa56a26cdb,synth_531a595eca77,itin,tabddpm_synthetic,,['en'],EIN,2024-10-21T23:40:00+00:00,100.0,4350.51,55,23,0,Monday,90,1,46,EIN,en,Bank account opening,0
8b5c8026-4df2-426f-ba21-55e7c2c86122,synth_2bebd5bbd618,itin,tabddpm_synthetic,,['en'],EIN,2024-05-19T21:59:00+00:00,100.0,0.0,22,21,6,Sunday,22,2000,17,EIN,en,Bank account opening,0
dd52978d-9709-4cd4-b410-8b8e8eb1b4ec,synth_cb01958dfc1f,itin,tabddpm_synthetic,,['en'],EIN,2024-02-14T00:51:00+00:00,100.0,0.0,55,0,6,Sunday,0,1,42,EIN,en,Bank account opening,0
ccff39c4-c4ca-434b-9297-a62ad0feb16b,synth_8213f9baa8df,itin,tabddpm_synthetic,,['en'],EIN,2024-11-28T02:58:00+00:00,4067.52,490.67,55,2,0,Monday,90,1,11,EIN,en,Bank account opening,0
830399a1-3033-4f7a-b45a-c1ff913c2e34,synth_a0f7148c8d43,itin,tabddpm_synthetic,,['en'],EIN,2024-04-14T18:26:00+00:00,100.0,0.0,22,18,6,Sunday,22,2000,7,EIN,en,Bank account opening,0
89f44612-8ab4-49b4-82b6-dd3f64a34979,synth_9409f60f1b3c,itin,tabddpm_synthetic,,['en'],EIN,2024-10-28T23:46:00+00:00,100.0,7213.59,55,23,0,Monday,90,2000,0,EIN,en,Bank account opening,0
a731e4f0-f2c0-41f7-aeef-bc9f9c2044c0,synth_b1d64642de17,itin,tabddpm_synthetic,,['en'],EIN,2024-03-04T23:56:00+00:00,100000.0,50000.0,22,23,6,Sunday,0,1,100,EIN,en,Bank account opening,0
f2ed20e8-fc88-4965-9771-ec708c9a5afc,synth_6ba734233502,itin,tabddpm_synthetic,,['en'],EIN,2024-12-26T00:24:00+00:00,100000.0,50000.0,22,0,6,Sunday,0,1,100,EIN,en,Bank account opening,1
1828240a-94c7-48d3-84ad-92342fc30391,synth_e66e66830523,itin,tabddpm_synthetic,,['en'],EIN,2024-02-04T00:58:00+00:00,12716.0,3847.88,22,0,6,Sunday,90,1,0,EIN,en,Bank account opening,0
ff79adf4-e1d7-4642-aee4-af17f69cfcd8,synth_343950a5153e,itin,tabddpm_synthetic,,['en'],EIN,2024-03-27T00:21:00+00:00,100000.0,11612.3,22,0,0,Monday,0,1,100,EIN,en,Bank account opening,0
3ffa14e6-086c-4388-b880-aad1e194e794,synth_3b8eb9086f9a,itin,tabddpm_synthetic,,['en'],EIN,2024-10-18T23:26:00+00:00,100000.0,50000.0,55,23,0,Monday,90,1,22,EIN,en,Bank account opening,0
74a00633-871b-474b-be4c-137c5da21dba,synth_1d4fbb9cfd91,itin,tabddpm_synthetic,,['en'],EIN,2024-02-17T23:14:00+00:00,100.0,13699.76,55,23,0,Monday,90,2000,68,EIN,en,Bank account opening,0
4ded07a8-3341-4145-90cd-014994e66d6d,synth_6d37d5b0db8b,itin,tabddpm_synthetic,,['en'],EIN,2024-09-30T00:44:00+00:00,100000.0,50000.0,55,0,0,Monday,90,1,22,EIN,en,Bank account opening,0
120660ce-ebcc-40e6-99e6-0ef96d0f45c8,synth_a2ccd302f037,itin,tabddpm_synthetic,,['en'],EIN,2024-04-23T23:27:00+00:00,100000.0,50000.0,22,23,6,Sunday,0,1,100,EIN,en,Bank account opening,0
e1efb48c-7164-494c-a20d-267414418527,synth_4bbc20a93110,itin,tabddpm_synthetic,,['en'],EIN,2024-05-16T00:29:00+00:00,100000.0,50000.0,22,0,6,Sunday,0,1,100,EIN,en,Bank account opening,0
36f644c7-f8bd-42dc-9dbf-5b8a8e081465,synth_c5210d2e335f,itin,tabddpm_synthetic,,['en'],EIN,2024-10-18T00:04:00+00:00,100.0,371.51,22,0,6,Sunday,13,2000,42,EIN,en,Bank account opening,0
5d40ea9b-e468-4629-81c4-b806e351ca5d,synth_c80a6eb0737c,itin,tabddpm_synthetic,,['en'],EIN,2024-08-18T09:37:00+00:00,100.0,16.66,22,9,6,Sunday,90,2000,15,EIN,en,Bank account opening,0
bc3a2019-b289-4b1c-8d97-6b355e47aa19,synth_9f8b13089012,itin,tabddpm_synthetic,,['en'],EIN,2024-03-27T00:19:00+00:00,100000.0,50000.0,55,0,0,Monday,90,1,100,EIN,en,Bank account opening,0
3c35cbad-82e9-4147-b9d2-294f0db255a0,synth_67b13e09a5ba,itin,tabddpm_synthetic,,['en'],EIN,2024-10-10T00:56:00+00:00,100.0,0.0,22,0,3,Thursday,0,1392,0,EIN,en,Bank account opening,0
91517860-17e2-4399-9734-33ee842b165e,synth_2c483d45a099,itin,tabddpm_synthetic,,['en'],EIN,2024-12-13T00:37:00+00:00,100.0,0.0,22,0,1,Tuesday,0,1,31,EIN,en,Bank account opening,0
0960ef1b-794b-463b-ba8f-ad79965357fa,synth_fa1155795df0,itin,tabddpm_synthetic,,['en'],EIN,2024-08-11T15:24:00+00:00,100.0,125.86,22,15,2,Wednesday,26,2000,7,EIN,en,Bank account opening,0
8d402780-7a8f-4e67-8617-dd8a1ceca622,synth_1f548c579cf4,itin,tabddpm_synthetic,,['en'],EIN,2024-10-27T00:20:00+00:00,8221.26,0.0,22,0,0,Monday,0,1,0,EIN,en,Bank account opening,0
178a8105-6a58-4773-a8b9-4c31ab27f8c2,synth_d3a92fc824f7,itin,tabddpm_synthetic,,['es'],EIN,2024-04-11T07:38:00+00:00,100.0,0.0,48,7,1,Tuesday,2,1542,8,EIN,es,Bank account opening,0
4e972879-5d8b-424c-9172-7ce23897a369,synth_a2b016611af8,itin,tabddpm_synthetic,,['en'],ITIN,2024-11-03T03:43:00+00:00,8045.22,351.74,38,3,2,Wednesday,19,1743,14,ITIN,en,Bank account opening,0
0020ee8d-6aff-460d-a5fd-26aa2d77c97a,synth_300a9020398d,itin,tabddpm_synthetic,,['en'],EIN,2024-08-05T23:13:00+00:00,100000.0,50000.0,22,23,6,Sunday,0,1,100,EIN,en,Bank account opening,1
52f44854-1aa9-48ec-b968-fdfb127b3643,synth_7502db473e48,itin,tabddpm_synthetic,,['en'],EIN,2024-07-09T00:33:00+00:00,100.0,0.0,22,0,6,Sunday,0,1,18,EIN,en,Bank account opening,0
d13aaa77-14a3-487c-9016-77b2b9218a00,synth_bca259237212,itin,tabddpm_synthetic,,['en'],EIN,2024-07-20T14:49:00+00:00,100.0,32.35,25,14,6,Sunday,62,2000,6,EIN,en,Bank account opening,0
a806913a-f6ea-4701-af55-a7f4c9f46c4c,synth_0cb8e9fed29d,itin,tabddpm_synthetic,,['en'],EIN,2024-02-06T00:54:00+00:00,1393.21,0.0,22,0,0,Monday,0,1084,7,EIN,en,Bank account opening,0
fc6ebfbc-319f-4a26-b212-ecde86fbabbb,synth_7df80111ec1e,itin,tabddpm_synthetic,,['en'],EIN,2024-08-09T13:32:00+00:00,100.0,315.9,33,13,6,Sunday,7,1703,8,EIN,en,Bank account opening,0
d983c9fb-9f15-493c-8007-3a75dccfe3d1,synth_4ba0b300c002,itin,tabddpm_synthetic,,['en'],EIN,2024-05-27T00:19:00+00:00,100.0,0.0,22,0,6,Sunday,0,1,0,EIN,en,Bank account opening,0
1fbe19f0-d067-4d2f-bf74-84e854d34683,synth_e56cdf71d541,itin,tabddpm_synthetic,,['en'],EIN,2024-02-07T00:57:00+00:00,100.0,0.0,22,0,2,Wednesday,0,1,0,EIN,en,Bank account opening,0
d0f14d44-310a-4c9d-a6fd-c61227034143,synth_a6b5bbc6b7ff,itin,tabddpm_synthetic,,['en'],EIN,2024-09-25T23:33:00+00:00,100.0,11324.33,55,23,0,Monday,90,2000,0,EIN,en,Bank account opening,0
f50f5491-d4a5-40b8-95e2-cc6b29fd8ac4,synth_81ada76bc499,itin,tabddpm_synthetic,,['en'],EIN,2024-11-17T00:21:00+00:00,100000.0,50000.0,22,0,6,Sunday,0,1,100,EIN,en,Bank account opening,0
0bad25cb-dbf9-4874-8706-66d2f8ac3d9b,synth_437e57cbcadd,itin,tabddpm_synthetic,,['en'],EIN,2024-02-13T00:41:00+00:00,100000.0,50000.0,22,0,6,Sunday,90,1,100,EIN,en,Bank account opening,0
2ab2409d-f77d-469b-82c0-27a75f46714a,synth_ea76d414e059,itin,tabddpm_synthetic,,['en'],EIN,2024-01-20T00:20:00+00:00,2388.23,0.0,55,0,6,Sunday,0,257,0,EIN,en,Bank account opening,0
05597149-1fc5-4fe0-ba3c-9a4074c3b3b0,synth_2b84db943cf8,itin,tabddpm_synthetic,,['en'],EIN,2024-05-20T18:18:00+00:00,5929.23,97.62,22,18,0,Monday,1,1013,7,EIN,en,Bank account opening,0
e56fbbd8-e1fe-423a-a4bd-044dea6f623e,synth_8f778174a1e1,itin,tabddpm_synthetic,,['en'],EIN,2024-02-15T23:31:00+00:00,100.0,23494.64,55,23,0,Monday,90,2000,0,EIN,en,Bank account opening,0
330b4f1a-303d-4c31-be09-388840bb14ab,synth_10a3dd4ec35f,itin,tabddpm_synthetic,,['en'],EIN,2024-02-09T23:01:00+00:00,100.0,46589.18,55,23,0,Monday,90,1,100,EIN,en,Bank account opening,1
3195d0fd-27cc-4937-a684-4219ee5a649a,synth_28cb74f3f13f,itin,tabddpm_synthetic,,['en'],EIN,2024-10-12T23:42:00+00:00,100.0,5466.01,55,23,0,Monday,90,2000,0,EIN,en,Bank account opening,0
71e75711-0963-438b-aa4a-ea87f23b0353,synth_fc324737895c,itin,tabddpm_synthetic,,['en'],EIN,2024-02-04T00:33:00+00:00,100.0,0.0,22,0,0,Monday,0,596,4,EIN,en,Bank account opening,0
8c3a890b-af54-4210-a544-d00e99211813,synth_489c074bb70d,itin,tabddpm_synthetic,,['en'],EIN,2024-03-21T17:48:00+00:00,100.0,739.16,55,17,6,Sunday,90,2000,0,EIN,en,Bank account opening,0
0e57e8c3-55ab-4f60-8f41-fa5d3c5dc81e,synth_292f7f323161,itin,tabddpm_synthetic,,['en'],EIN,2024-09-13T23:22:00+00:00,100000.0,50000.0,22,23,0,Monday,90,1,100,EIN,en,Bank account opening,0
91b7dfa6-f70c-4275-94e1-0a4d8db0aed9,synth_ba4208f26f7f,itin,tabddpm_synthetic,,['en'],EIN,2024-09-29T00:15:00+00:00,100000.0,50000.0,22,0,6,Sunday,90,1,100,EIN,en,Bank account opening,0
ecfd4e2a-2afb-43b1-b104-bb07d4218954,synth_8791ec1beeef,itin,tabddpm_synthetic,,['en'],EIN,2024-03-21T17:24:00+00:00,100.0,0.0,22,17,6,Sunday,44,2000,10,EIN,en,Bank account opening,0
1c0e661c-122a-4ed6-8d0e-d31f7263665e,synth_f4bc78d60d34,itin,tabddpm_synthetic,,['en'],EIN,2024-03-09T00:39:00+00:00,7877.07,1492.91,50,0,6,Sunday,90,1,100,EIN,en,Bank account opening,0
f9d20802-b29f-4662-a999-7512e04784a3,synth_36b3c24c1842,itin,tabddpm_synthetic,,['en'],EIN,2024-12-29T23:39:00+00:00,100000.0,50000.0,22,23,6,Sunday,0,1,100,EIN,en,Bank account opening,0
5c00c9b0-8962-41a3-b062-6912a84b2aed,synth_4822a699dd0f,itin,tabddpm_synthetic,,['en'],EIN,2024-05-16T23:51:00+00:00,100.0,0.0,22,23,6,Sunday,0,2000,21,EIN,en,Bank account opening,0
c04ca0af-01af-440a-9f1a-a417de1d89fd,synth_f440c067ac6b,itin,tabddpm_synthetic,,['en'],EIN,2024-12-12T00:53:00+00:00,13125.7,198.97,22,0,6,Sunday,0,1,49,EIN,en,Bank account opening,0
49f82f5e-a9f4-4b94-aa85-3a4a9d57892f,synth_a2142572b91f,itin,tabddpm_synthetic,,['en'],EIN,2024-02-29T23:06:00+00:00,100000.0,50000.0,22,23,6,Sunday,90,1,100,EIN,en,Bank account opening,0
d40f50c3-5819-4e76-b1e8-1d7ccdab8d00,synth_ee2ac1681ca1,itin,tabddpm_synthetic,,['en'],EIN,2024-05-22T23:56:00+00:00,100.0,1735.49,55,23,0,Monday,90,2000,0,EIN,en,Bank account opening,0
2f75cd96-ab24-4064-ae9d-bc208bdedce1,synth_909ac254cd22,itin,tabddpm_synthetic,,['en'],EIN,2024-03-11T17:35:00+00:00,100.0,0.0,22,17,6,Sunday,36,2000,3,EIN,en,Bank account opening,0
7bb1388a-9d38-436f-97e7-574e9b368064,synth_35c439cb4f6e,itin,tabddpm_synthetic,,['es'],EIN,2024-11-15T07:49:00+00:00,3876.77,0.0,50,7,0,Monday,9,1,20,EIN,es,Bank account opening,0
c4f4ce61-d657-43be-ac2c-7fc93fbb4ec3,synth_90cf049ba329,itin,tabddpm_synthetic,,['en'],EIN,2024-11-18T02:33:00+00:00,2486.71,0.0,42,2,0,Monday,0,738,5,EIN,en,Bank account opening,0
ffad674d-3617-4799-9da7-a7a64d2c2f6e,synth_2deee35cbb7f,itin,tabddpm_synthetic,,['en'],EIN,2024-12-02T23:40:00+00:00,100000.0,50000.0,22,23,6,Sunday,0,1,100,EIN,en,Bank account opening,1
3da2cc66-1ab3-40e6-8a04-967d2938d2d7,synth_8e642a641847,itin,tabddpm_synthetic,,['en'],EIN,2024-04-08T23:45:00+00:00,2173.91,0.0,22,23,1,Tuesday,0,2000,7,EIN,en,Bank account opening,0
11b484ee-2962-4d3f-ad0b-fd7bdc1e2f9f,synth_7e6ef1de8618,itin,tabddpm_synthetic,,['en'],EIN,2024-12-16T23:42:00+00:00,100.0,0.0,22,23,6,Sunday,33,2000,13,EIN,en,Bank account opening,0
791db616-fe37-4fbd-8f5e-3cc0a6b2137f,synth_5cea4d2bfc4d,itin,tabddpm_synthetic,,['en'],EIN,2024-06-05T04:32:00+00:00,100.0,1082.23,22,4,6,Sunday,83,2000,30,EIN,en,Bank account opening,0
bc003c07-3d46-4c9c-8495-c2903060b06e,synth_acf76fbaf477,itin,tabddpm_synthetic,,['en'],EIN,2024-09-21T13:06:00+00:00,100.0,47.4,22,13,6,Sunday,80,2000,5,EIN,en,Bank account opening,0
b1baa6df-ea15-4b5f-acef-eaab7f46104d,synth_bb678c2fa50e,itin,tabddpm_synthetic,,['en'],EIN,2024-10-13T23:03:00+00:00,100000.0,5749.11,22,23,6,Sunday,0,1,100,EIN,en,Bank account opening,0
65941a79-29d8-4702-80e6-f9f8301a787a,synth_5680539b2a7b,itin,tabddpm_synthetic,,['en'],EIN,2024-07-14T00:08:00+00:00,100000.0,50000.0,55,0,0,Monday,90,1,100,EIN,en,Bank account opening,0
711def88-8c63-4a18-a4bb-f2e9d4209068,synth_400e7c24067d,itin,tabddpm_synthetic,,['en'],EIN,2024-07-04T23:34:00+00:00,100000.0,50000.0,22,23,6,Sunday,0,1,100,EIN,en,Bank account opening,0
661eeb0e-2b86-486c-bbd9-ab99cf3d3f4c,synth_e3352e01f258,itin,tabddpm_synthetic,,['en'],EIN,2024-10-26T23:47:00+00:00,100000.0,50000.0,22,23,6,Sunday,28,1,100,EIN,en,Bank account opening,1
fae1186e-4ae4-4ef4-b766-0c40ddff6297,synth_bcfeb46211be,itin,tabddpm_synthetic,,['en'],EIN,2024-10-22T00:28:00+00:00,100000.0,50000.0,22,0,6,Sunday,90,1,0,EIN,en,Bank account opening,0
28ccc5ae-0001-4e78-99e6-c944012d9c2d,synth_5911054033b4,itin,tabddpm_synthetic,,['en'],ITIN,2024-12-24T23:18:00+00:00,100.0,0.0,22,23,6,Sunday,21,2000,7,ITIN,en,Bank account opening,0
1c875edf-2fcf-4fb7-af86-ca805dda02df,synth_210a1ad6096d,itin,tabddpm_synthetic,,['en'],EIN,2024-10-27T00:56:00+00:00,100000.0,40549.75,22,0,6,Sunday,0,1,100,EIN,en,Bank account opening,1
32f6a91e-4c9c-483e-8230-646c1fd801ed,synth_2920e1eb80f1,itin,tabddpm_synthetic,,['en'],EIN,2024-07-24T00:42:00+00:00,100000.0,50000.0,22,0,6,Sunday,71,1,100,EIN,en,Bank account opening,0
a9fa6c24-ecf7-48f2-b7c8-743aee12efc5,synth_041ddf86b3d9,itin,tabddpm_synthetic,,['en'],EIN,2024-10-27T16:04:00+00:00,100.0,217.31,22,16,6,Sunday,13,2000,8,EIN,en,Bank account opening,0
35aad27d-e499-4b70-af04-c2927d8e0e46,synth_0e6d039114d6,itin,tabddpm_synthetic,,['en'],EIN,2024-07-18T15:00:00+00:00,100.0,0.0,22,15,6,Sunday,61,2000,12,EIN,en,Bank account opening,0
419f1eb1-13c3-452b-b6a5-7a27dee34752,synth_13746694bbb1,itin,tabddpm_synthetic,,['en'],EIN,2024-11-25T00:25:00+00:00,100.0,0.0,22,0,4,Friday,0,2000,0,EIN,en,Bank account opening,0
1a145ace-3b33-48df-bdaa-7ecc36840513,synth_86a09f5dfca6,itin,tabddpm_synthetic,,['en'],EIN,2024-05-21T23:58:00+00:00,100.0,3690.25,22,23,6,Sunday,0,1714,100,EIN,en,Bank account opening,1
f33902e9-5c85-4fa1-b38b-251365e4a069,synth_ff28810880d7,itin,tabddpm_synthetic,,['en'],EIN,2024-04-21T23:39:00+00:00,100.0,0.0,22,23,6,Sunday,16,2000,4,EIN,en,Bank account opening,0
af2feea0-c504-41cb-b5b2-bc554a04b9c8,synth_78b6af02d081,itin,tabddpm_synthetic,,['en'],EIN,2024-08-19T00:27:00+00:00,100.0,0.0,22,0,1,Tuesday,0,1872,4,EIN,en,Bank account opening,0
79cf62d6-7ecf-4b85-be8e-cf98f2c1b200,synth_c4767d9a4b8d,itin,tabddpm_synthetic,,['en'],EIN,2024-06-19T00:23:00+00:00,100.0,0.0,22,0,1,Tuesday,0,2000,5,EIN,en,Bank account opening,0
bf348029-fc01-4217-a5cb-486c8b5cad42,synth_e02a66479ac2,itin,tabddpm_synthetic,,['en'],EIN,2024-07-24T00:00:00+00:00,100000.0,50000.0,55,0,0,Monday,90,1,100,EIN,en,Bank account opening,0
4d40e8b0-b93a-468f-b81f-8751eaa74714,synth_7277422ca3dd,itin,tabddpm_synthetic,,['en'],EIN,2024-07-27T16:48:00+00:00,100.0,0.0,22,16,6,Sunday,29,2000,12,EIN,en,Bank account opening,0
610215e1-b889-4dd5-84da-2a371fafba2f,synth_7d57ede41b2a,itin,tabddpm_synthetic,,['en'],EIN,2024-08-03T00:19:00+00:00,100000.0,50000.0,22,0,6,Sunday,0,1,100,EIN,en,Bank account opening,0
e5559377-c5d7-46ff-a8ad-7f20d6a231ce,synth_4e55dec77c3d,itin,tabddpm_synthetic,,['en'],EIN,2024-07-06T00:48:00+00:00,100000.0,50000.0,22,0,6,Sunday,90,1,100,EIN,en,Bank account opening,0
ab987f9d-0155-4895-a742-75b173b51f10,synth_0324fa9f189b,itin,tabddpm_synthetic,,['en'],EIN,2024-03-29T00:27:00+00:00,100.0,1463.8,39,0,4,Friday,46,1,3,EIN,en,Bank account opening,0
804da67f-577b-4fce-8287-9be7c1b4d79f,synth_a9bb1b33ac61,itin,tabddpm_synthetic,,['en'],EIN,2024-07-23T22:51:00+00:00,2726.28,1459.92,22,22,6,Sunday,24,1242,23,EIN,en,Bank account opening,0
8069e1b3-ba59-4874-a658-af677e809fc6,synth_6fdc60526a00,itin,tabddpm_synthetic,,['en'],EIN,2024-11-02T00:33:00+00:00,100.0,0.0,22,0,5,Saturday,0,401,0,EIN,en,Bank account opening,0
cee1f6b8-736b-4131-975f-5c150b975301,synth_6bb549270ebe,itin,tabddpm_synthetic,,['en'],ITIN,2024-07-26T00:52:00+00:00,5759.05,159.12,37,0,0,Monday,3,949,7,ITIN,en,Bank account opening,0
6b1fa524-9b34-4fdc-aca9-6ab2508e36be,synth_59c022f94135,itin,tabddpm_synthetic,,['en'],EIN,2024-12-09T00:33:00+00:00,100000.0,50000.0,22,0,6,Sunday,90,1,100,EIN,en,Bank account opening,1
ced470a4-43cf-4d7f-8709-5d27de90f2e2,synth_e115d9d34f17,itin,tabddpm_synthetic,,['es'],EIN,2024-04-17T06:02:00+00:00,100.0,0.0,27,6,0,Monday,8,1643,11,EIN,es,Bank account opening,0
259ff88c-a90c-4ac6-baa1-7f0bbd30b13d,synth_6ba9d6a42ab7,itin,tabddpm_synthetic,,['en'],EIN,2024-02-09T23:15:00+00:00,100.0,26405.03,55,23,0,Monday,90,2000,100,EIN,en,Bank account opening,0
cb912e81-68f1-4f71-b8d1-6391f21e74e8,synth_108f37e4bd0a,itin,tabddpm_synthetic,,['es'],EIN,2024-11-13T00:26:00+00:00,100.0,103.06,22,0,3,Thursday,2,1,4,EIN,es,Bank account opening,0
4b030656-8d4a-4f2b-8b9b-4673c8b8de32,synth_21939f479d7d,itin,tabddpm_synthetic,,['en'],EIN,2024-03-12T00:05:00+00:00,100000.0,12654.74,22,0,0,Monday,0,1,100,EIN,en,Bank account opening,0
4dbb890f-89f3-44ce-9279-72fa6096b83f,synth_d024f225618e,itin,tabddpm_synthetic,,['en'],EIN,2024-11-21T12:48:00+00:00,4202.65,337.87,37,12,3,Thursday,1,929,11,EIN,en,Bank account opening,0
ac7e9bf0-f350-48d5-bf00-a95f870a4a80,synth_01113cdcbca3,itin,tabddpm_synthetic,,['en'],EIN,2024-09-16T16:51:00+00:00,100.0,363.41,55,16,6,Sunday,90,2000,0,EIN,en,Bank account opening,0
1cf0388f-a74c-4ca7-b66d-452cde1ce89f,synth_509554349dab,itin,tabddpm_synthetic,,['en'],EIN,2024-06-28T00:28:00+00:00,100000.0,50000.0,22,0,6,Sunday,0,1,100,EIN,en,Bank account opening,0
187e5aee-3ccb-443e-8808-c529a147b229,synth_e6a407a7ceaa,itin,tabddpm_synthetic,,['en'],EIN,2024-11-08T00:08:00+00:00,100.0,0.0,22,0,6,Sunday,36,2000,25,EIN,en,Bank account opening,0
ad504cc3-eb15-46be-aa6b-cf4084ecd205,synth_72cd4fc9ceb1,itin,tabddpm_synthetic,,['en'],EIN,2024-10-18T05:33:00+00:00,100.0,1440.54,55,5,0,Monday,90,1,7,EIN,en,Bank account opening,0
8e84f762-6c12-42e6-bd44-e74318b9adb2,synth_0de6ea00daf5,itin,tabddpm_synthetic,,['en'],EIN,2024-02-16T01:48:00+00:00,92640.26,2227.52,22,1,6,Sunday,0,1,100,EIN,en,Bank account opening,0
ea6c8b71-f781-4f06-a94e-2e39931ae338,synth_2cecac9f368b,itin,tabddpm_synthetic,,['en'],EIN,2024-03-31T23:03:00+00:00,100.0,9214.41,55,23,0,Monday,90,261,41,EIN,en,Bank account opening,0
0215c7c6-2cfc-4485-aa95-7c348b14e1b1,synth_8560e5befec0,itin,tabddpm_synthetic,,['en'],EIN,2024-04-12T23:15:00+00:00,100.0,10363.73,55,23,0,Monday,90,2000,0,EIN,en,Bank account opening,0
d2bc2ddb-e495-4dc9-947e-93933432f305,synth_00004478b256,itin,tabddpm_synthetic,,['en'],EIN,2024-01-10T00:20:00+00:00,100000.0,50000.0,22,0,6,Sunday,0,1,100,EIN,en,Bank account opening,1
6757b75f-937b-45b7-b1e4-8faa8c5fb555,synth_5e6019e6d9af,itin,tabddpm_synthetic,,['en'],EIN,2024-08-25T00:27:00+00:00,100.0,0.0,22,0,4,Friday,0,1337,0,EIN,en,Bank account opening,0
6e166a2d-3cdc-421d-8df5-2f5427c41e3e,synth_7134877f4e24,itin,tabddpm_synthetic,,['en'],EIN,2024-04-16T20:49:00+00:00,100.0,0.0,24,20,6,Sunday,14,2000,12,EIN,en,Bank account opening,0
c55b81f9-a43e-4550-b69a-702e0e93943c,synth_9f31317fff52,itin,tabddpm_synthetic,,['en'],EIN,2024-03-05T00:01:00+00:00,100000.0,12743.87,22,0,6,Sunday,0,1,100,EIN,en,Bank account opening,0
25528a50-3f61-4d0c-bd7b-c60b3d47135a,synth_c9df41e61c51,itin,tabddpm_synthetic,,['en'],EIN,2024-11-15T00:27:00+00:00,100.0,0.0,22,0,1,Tuesday,0,1832,3,EIN,en,Bank account opening,0
44df682a-d045-454a-bd74-18762b30fcc1,synth_4657614182dc,itin,tabddpm_synthetic,,['en'],EIN,2024-11-24T23:37:00+00:00,100.0,0.0,22,23,6,Sunday,1,1363,10,EIN,en,Bank account opening,0
2d8a59f6-d0ad-4391-a056-2921dd96f43e,synth_2836969d70d4,itin,tabddpm_synthetic,,['en'],EIN,2024-05-23T00:35:00+00:00,100000.0,7734.35,22,0,6,Sunday,90,1,100,EIN,en,Bank account opening,0
c3083367-fc24-4ab7-9987-60e77cefd851,synth_5cc5735e1b33,itin,tabddpm_synthetic,,['en'],EIN,2024-03-01T23:22:00+00:00,100000.0,50000.0,22,23,6,Sunday,0,1,100,EIN,en,Bank account opening,1
4553eed1-7801-488d-9d6b-c68d5ec7fef5,synth_34f6ae8798da,itin,tabddpm_synthetic,,['en'],EIN,2024-08-22T15:57:00+00:00,100.0,82.1,22,15,6,Sunday,52,2000,15,EIN,en,Bank account opening,0
6417e861-b800-4575-95d2-cc88e34ad8ba,synth_d37f5c3e2265,itin,tabddpm_synthetic,,['en'],EIN,2024-07-01T13:27:00+00:00,100.0,22.68,37,13,6,Sunday,4,2000,6,EIN,en,Bank account opening,0
20938534-d371-4d55-89da-99d3fd34c404,synth_b88794cd1fc8,itin,tabddpm_synthetic,,['en'],EIN,2024-10-23T00:42:00+00:00,1719.99,0.0,55,0,6,Sunday,0,1,0,EIN,en,Bank account opening,0
accb81ab-4b3f-4c27-afd8-8e0ddc929a0d,synth_09f46c13f53c,itin,tabddpm_synthetic,,['es'],EIN,2024-11-19T04:13:00+00:00,100.0,350.41,55,4,0,Monday,90,1,12,EIN,es,Bank account opening,0
9b40108a-84ab-4c2b-aea2-d2dbb7b1f539,synth_7e3a35c28240,itin,tabddpm_synthetic,,['en'],EIN,2024-02-23T00:33:00+00:00,100000.0,50000.0,55,0,0,Monday,90,1,100,EIN,en,Bank account opening,1
581da8ab-20c7-4f9f-87f2-17974c0f2f8c,synth_0e4326d7b30d,itin,tabddpm_synthetic,,['en'],EIN,2024-02-11T17:34:00+00:00,100.0,3017.57,55,17,0,Monday,90,2000,0,EIN,en,Bank account opening,0
6f189c20-92eb-46bd-963e-8bb7277e01e5,synth_2201eb02adf5,itin,tabddpm_synthetic,,['en'],ITIN,2024-03-07T06:27:00+00:00,576.44,41.01,51,6,5,Saturday,7,541,7,ITIN,en,Bank account opening,0
73cf7b41-437f-47c0-9c8a-fe2f9f1e3fe9,synth_6734b176aac4,itin,tabddpm_synthetic,,['en'],EIN,2024-02-12T00:02:00+00:00,100000.0,50000.0,55,0,0,Monday,90,1,100,EIN,en,Bank account opening,0
b83423ae-12bd-4ae9-b52f-fa42781754fc,synth_f37c24cb372f,itin,tabddpm_synthetic,,['en'],EIN,2024-03-31T00:20:00+00:00,100000.0,50000.0,22,0,6,Sunday,0,1,100,EIN,en,Bank account opening,0
9cfa7ffc-5b88-4bd3-86ef-8245680563f9,synth_8b6da3914581,itin,tabddpm_synthetic,,['en'],EIN,2024-11-01T23:13:00+00:00,42807.34,296.93,22,23,0,Monday,0,1,100,EIN,en,Bank account opening,0
f6a3b6a4-ee56-478f-879c-f6cc2b0ec9b5,synth_d695bbe66c87,itin,tabddpm_synthetic,,['en'],EIN,2024-03-31T00:30:00+00:00,100000.0,50000.0,22,0,6,Sunday,0,1,100,EIN,en,Bank account opening,0
416b6ec5-b38b-49e4-984f-341db49ed30a,synth_41e81ecac065,itin,tabddpm_synthetic,,['en'],EIN,2024-01-26T23:45:00+00:00,100000.0,14654.24,22,23,6,Sunday,0,1,100,EIN,en,Bank account opening,0
b387d41e-54b2-4e81-ba60-9c49ffd30d26,synth_9ab8f3d9e35d,itin,tabddpm_synthetic,,['en'],EIN,2024-06-21T00:20:00+00:00,100000.0,50000.0,22,0,6,Sunday,0,1,100,EIN,en,Bank account opening,1
5643ee8f-2cd5-475d-bac6-6ce53fb0f03d,synth_ec7bbdc4288e,itin,tabddpm_synthetic,,['en'],EIN,2024-03-19T23:27:00+00:00,100000.0,50000.0,22,23,6,Sunday,0,1,100,EIN,en,Bank account opening,1
322c93ad-d6e6-4ce4-b3c6-16bce35c3b4a,synth_66005c0c290d,itin,tabddpm_synthetic,,['en'],EIN,2024-03-30T05:16:00+00:00,100.0,101.19,22,5,6,Sunday,48,2000,5,EIN,en,Bank account opening,0
4bb76154-9f14-4d1b-86c0-7a396b6720e1,synth_348055dff176,itin,tabddpm_synthetic,,['en'],EIN,2024-12-28T23:29:00+00:00,74344.99,8159.82,22,23,6,Sunday,35,1,100,EIN,en,Bank account opening,1
8b9d0c2a-0352-4d96-975e-b960a1b6c611,synth_d0d80ef9a805,itin,tabddpm_synthetic,,['en'],EIN,2024-08-24T23:07:00+00:00,100.0,0.0,22,23,6,Sunday,9,2000,7,EIN,en,Bank account opening,0
bd49cbcb-43f7-4bca-89ce-c38dbb1452d1,synth_af6e85888228,itin,tabddpm_synthetic,,['en'],EIN,2024-10-30T23:50:00+00:00,100000.0,50000.0,22,23,6,Sunday,0,1,100,EIN,en,Bank account opening,1
d8c6aa4c-63bd-4901-99dc-3897d82631eb,synth_4cc261b856f2,itin,tabddpm_synthetic,,['en'],EIN,2024-10-02T23:25:00+00:00,100000.0,50000.0,22,23,6,Sunday,0,1,100,EIN,en,Bank account opening,1
dd92b275-2781-41e1-878f-3474a2107a26,synth_a86ac80d3eec,itin,tabddpm_synthetic,,['en'],EIN,2024-12-12T23:23:00+00:00,100000.0,50000.0,22,23,6,Sunday,0,1,100,EIN,en,Bank account opening,0
c61c8072-dad1-40a5-a39a-501c51a65b0a,synth_4557656e9537,itin,tabddpm_synthetic,,['en'],EIN,2024-04-10T23:34:00+00:00,36455.35,26.4,22,23,0,Monday,0,1,100,EIN,en,Bank account opening,0
61510b61-34bc-4d5a-ad1b-bc0de0595d52,synth_e4543b9a7292,itin,tabddpm_synthetic,,['en'],EIN,2024-12-21T00:51:00+00:00,100000.0,50000.0,22,0,6,Sunday,90,1,100,EIN,en,Bank account opening,0
3062e3df-cbab-436c-9260-1cf351426d52,synth_f01bbebc4ba8,itin,tabddpm_synthetic,,['en'],EIN,2024-10-07T23:44:00+00:00,100000.0,50000.0,55,23,0,Monday,90,1,100,EIN,en,Bank account opening,0
612d2653-3255-4064-9c3f-cc4b1722820b,synth_869b8d963b99,itin,tabddpm_synthetic,,['en'],EIN,2024-10-28T00:09:00+00:00,6588.82,0.0,55,0,6,Sunday,0,117,0,EIN,en,Bank account opening,0
62ed6a3b-4732-4f94-91db-3d1b667a14e5,synth_febeb5f5268f,itin,tabddpm_synthetic,,['en'],EIN,2024-07-19T23:05:00+00:00,100.0,0.0,22,23,6,Sunday,16,2000,14,EIN,en,Bank account opening,0
a974a614-9e20-41ca-9f03-c83a1788e3d9,synth_4d4f80a81fb5,itin,tabddpm_synthetic,,['es'],EIN,2024-03-04T07:43:00+00:00,100.0,0.0,22,7,6,Sunday,46,2000,7,EIN,es,Bank account opening,0
866048a4-37cb-46e5-a385-6234f5c2e002,synth_c1e3d9357e89,itin,tabddpm_synthetic,,['en'],ITIN,2024-09-08T09:14:00+00:00,3543.94,175.36,35,9,2,Wednesday,2,369,17,ITIN,en,Bank account opening,0
0c1d4df2-0a42-43c7-908b-bfc57846c0ff,synth_65ea62e198c8,itin,tabddpm_synthetic,,['en'],ITIN,2024-02-05T17:16:00+00:00,100.0,0.0,23,17,3,Thursday,4,2000,3,ITIN,en,Bank account opening,0
09647f1b-796f-4674-8680-322496f3f186,synth_f37daac650e8,itin,tabddpm_synthetic,,['en'],EIN,2024-02-26T19:03:00+00:00,100.0,1890.17,55,19,0,Monday,90,2000,0,EIN,en,Bank account opening,0
d147eca9-3dce-4c69-9f31-31379a6681b5,synth_4d50658c89c3,itin,tabddpm_synthetic,,['en'],EIN,2024-11-16T00:30:00+00:00,100.0,886.46,22,0,6,Sunday,90,2000,63,EIN,en,Bank account opening,0
31eb8623-f742-4675-bdeb-27e02b0814bc,synth_c964502e9b42,itin,tabddpm_synthetic,,['en'],EIN,2024-05-09T09:22:00+00:00,1159.64,109.15,55,9,0,Monday,90,1,13,EIN,en,Bank account opening,0
bbe366bf-7128-4d77-abdc-a055dae6e67d,synth_c338a7f82948,itin,tabddpm_synthetic,,['en'],EIN,2024-05-06T00:58:00+00:00,100.0,0.0,22,0,6,Sunday,0,1,0,EIN,en,Bank account opening,0
0f4d5dce-7690-4209-93c6-1ce3c72d25d7,synth_9c78bb6d04bb,itin,tabddpm_synthetic,,['en'],EIN,2024-01-06T23:40:00+00:00,100.0,12141.59,55,23,0,Monday,90,1,100,EIN,en,Bank account opening,0
78ee4103-3e63-4c32-93c1-a636e04cbbb5,synth_c594740a642e,itin,tabddpm_synthetic,,['en'],EIN,2024-12-17T23:09:00+00:00,100000.0,50000.0,22,23,6,Sunday,90,1,100,EIN,en,Bank account opening,1
cbcd269a-24f4-4c75-93fe-7176fe00a74f,synth_a36f89f01d2d,itin,tabddpm_synthetic,,['en'],EIN,2024-10-22T00:02:00+00:00,100000.0,50000.0,22,0,6,Sunday,0,1,100,EIN,en,Bank account opening,1
3564b163-a328-416f-8983-0ff3f55f8e67,synth_bd66b4516faa,itin,tabddpm_synthetic,,['en'],EIN,2024-11-13T00:50:00+00:00,100.0,0.0,22,0,6,Sunday,5,2000,28,EIN,en,Bank account opening,0
ab654dc6-e202-425a-84a5-efdcc33afd83,synth_aee637495319,itin,tabddpm_synthetic,,['en'],EIN,2024-12-17T00:07:00+00:00,100.0,0.0,22,0,0,Monday,0,2000,0,EIN,en,Bank account opening,0
030f16a9-f53d-4165-ad88-e4adf1102a33,synth_d2f5eaf75cdb,itin,tabddpm_synthetic,,['en'],EIN,2024-08-16T00:41:00+00:00,100.0,25.13,55,0,6,Sunday,0,2000,4,EIN,en,Bank account opening,0
2ae5487d-f398-4f15-a798-48034982fa40,synth_19b5e1ca0eb5,itin,tabddpm_synthetic,,['en'],EIN,2024-12-30T00:53:00+00:00,100.0,0.0,22,0,6,Sunday,0,1,0,EIN,en,Bank account opening,0
fa6e45e3-7400-4890-a9d9-2335c6f1261c,synth_08c6c0e99e25,itin,tabddpm_synthetic,,['en'],EIN,2024-04-29T00:34:00+00:00,100000.0,50000.0,22,0,6,Sunday,0,1,100,EIN,en,Bank account opening,0
78b3a46e-77d2-4640-9411-79c41422de81,synth_2dcaa5f24b2e,itin,tabddpm_synthetic,,['en'],EIN,2024-07-14T00:08:00+00:00,100.0,127.7,22,0,6,Sunday,13,2000,49,EIN,en,Bank account opening,0
824721f7-5a44-4259-978b-2a65b1318eae,synth_075a782a1ede,itin,tabddpm_synthetic,,['en'],EIN,2024-08-12T00:06:00+00:00,100000.0,50000.0,55,0,0,Monday,90,1,100,EIN,en,Bank account opening,0
c44ba28f-66e1-4dcf-bcf1-93de69911da1,synth_dc52a8c2b65f,itin,tabddpm_synthetic,,['en'],EIN,2024-02-22T23:50:00+00:00,100000.0,46012.75,22,23,6,Sunday,0,1,100,EIN,en,Bank account opening,0
64808d98-1077-4394-b6b1-b9cfa21502de,synth_0c7e845d5909,itin,tabddpm_synthetic,,['en'],EIN,2024-08-25T10:04:00+00:00,100.0,0.0,22,10,0,Monday,4,2000,3,EIN,en,Bank account opening,0
391dcb2b-0520-450f-b401-5e91ea5adf87,synth_ec0437fe7ea4,itin,tabddpm_synthetic,,['en'],EIN,2024-12-16T00:55:00+00:00,100.0,0.0,55,0,6,Sunday,0,1788,0,EIN,en,Bank account opening,0
6c4ca00f-217e-4f28-b0da-433eb56446a1,synth_e03c3520cd23,itin,tabddpm_synthetic,,['en'],EIN,2024-03-02T23:25:00+00:00,100000.0,5445.03,22,23,6,Sunday,0,1,100,EIN,en,Bank account opening,0
1ecf2c57-64ba-4772-8d69-b6e95ecf6a1d,synth_58975fb671d6,itin,tabddpm_synthetic,,['en'],EIN,2024-07-23T23:54:00+00:00,100000.0,50000.0,22,23,6,Sunday,0,1,100,EIN,en,Bank account opening,1
6883c0f9-2033-4ac9-ac91-89d3263ea666,synth_ef639960db77,itin,tabddpm_synthetic,,['en'],EIN,2024-05-30T21:23:00+00:00,100.0,0.0,22,21,6,Sunday,5,2000,9,EIN,en,Bank account opening,0
4affdca4-4ac3-4373-bba9-ce82e5f6b585,synth_5a490a6a7dbe,itin,tabddpm_synthetic,,['en'],EIN,2024-12-22T23:54:00+00:00,100.0,0.0,22,23,5,Saturday,1,2000,6,EIN,en,Bank account opening,0
44de914b-6a3c-492c-a2c1-4bcfae5b1679,synth_5320a851e545,itin,tabddpm_synthetic,,['en'],EIN,2024-07-03T04:35:00+00:00,6129.36,363.35,34,4,6,Sunday,0,1,42,EIN,en,Bank account opening,0
24f215b6-344e-432d-81f1-b57a97e129e3,synth_9c0c9a5becd6,itin,tabddpm_synthetic,,['en'],EIN,2024-07-30T06:33:00+00:00,100000.0,6136.63,22,6,6,Sunday,85,1,100,EIN,en,Bank account opening,0
b422b551-a45f-44f2-9ded-a2d27a59d34a,synth_fb4e2418861b,itin,tabddpm_synthetic,,['en'],EIN,2024-09-28T00:14:00+00:00,3558.07,0.0,22,0,0,Monday,0,1,37,EIN,en,Bank account opening,0
342e60e8-10ce-4d91-be8d-687bce257879,synth_f2d24df537f7,itin,tabddpm_synthetic,,['en'],EIN,2024-02-27T15:41:00+00:00,100.0,0.0,22,15,6,Sunday,39,2000,8,EIN,en,Bank account opening,0
06a991de-3e22-48d5-a94d-46a1589c3dfb,synth_9f9e6bee5203,itin,tabddpm_synthetic,,['en'],EIN,2024-05-03T11:08:00+00:00,100.0,101.6,22,11,6,Sunday,36,2000,6,EIN,en,Bank account opening,0
a816ea76-70ad-40f7-909e-f5dd58c74601,synth_7ffb94dc92ff,itin,tabddpm_synthetic,,['en'],EIN,2024-02-17T00:32:00+00:00,100.0,0.0,24,0,0,Monday,0,2000,0,EIN,en,Bank account opening,0
7d511ebf-afac-4959-91d4-4a3d1547370a,synth_b80c87f1bcb4,itin,tabddpm_synthetic,,['en'],EIN,2024-08-18T00:08:00+00:00,100000.0,50000.0,22,0,6,Sunday,0,1,100,EIN,en,Bank account opening,1
566d256d-11ff-4fbb-88ac-95954010970f,synth_e03eab342fd7,itin,tabddpm_synthetic,,['en'],EIN,2024-10-24T00:34:00+00:00,4374.4,205.11,22,0,0,Monday,0,1,30,EIN,en,Bank account opening,0
33883078-59e8-42e4-a196-42fbbed6e789,synth_9fdb184eaf49,itin,tabddpm_synthetic,,['en'],EIN,2024-02-28T12:41:00+00:00,13829.96,426.86,55,12,0,Monday,90,1755,18,EIN,en,Bank account opening,0
7feaa107-4630-4760-8e31-ce023f85b6c5,synth_1c4febda5dee,itin,tabddpm_synthetic,,['en'],EIN,2024-05-10T00:58:00+00:00,100.0,1721.77,55,0,3,Thursday,90,1,3,EIN,en,Bank account opening,0
13bf37dc-3584-4bb9-8661-ff65236804fa,synth_53cffa5bc81c,itin,tabddpm_synthetic,,['en'],EIN,2024-08-11T00:24:00+00:00,100000.0,20085.6,22,0,6,Sunday,0,1,100,EIN,en,Bank account opening,1
991c4a4a-b1c4-4df4-8002-3f9f39b28ba1,synth_09c6947c4bb6,itin,tabddpm_synthetic,,['en'],EIN,2024-01-25T23:24:00+00:00,100.0,408.96,55,23,4,Friday,65,2000,11,EIN,en,Bank account opening,0
22260898-594a-4e4b-bc30-90a4273a5828,synth_da43b8b0ca70,itin,tabddpm_synthetic,,['en'],EIN,2024-02-18T23:49:00+00:00,100.0,0.0,51,23,0,Monday,0,1,14,EIN,en,Bank account opening,0
0803f8c6-f188-4b0d-9f92-764b5df0d45d,synth_05c3007a25e1,itin,tabddpm_synthetic,,['en'],EIN,2024-04-25T19:09:00+00:00,100.0,0.0,22,19,6,Sunday,8,2000,5,EIN,en,Bank account opening,0
c904a3c1-e45d-4029-b0cd-598983b26721,synth_466b3f786684,itin,tabddpm_synthetic,,['en'],EIN,2024-06-19T00:48:00+00:00,100000.0,4384.01,22,0,0,Monday,0,1,100,EIN,en,Bank account opening,0
aaef7113-0446-4fe4-aaeb-b4c5300b2a31,synth_1980f70f6fef,itin,tabddpm_synthetic,,['en'],EIN,2024-02-11T23:16:00+00:00,100000.0,50000.0,22,23,6,Sunday,0,1,100,EIN,en,Bank account opening,1
c6e28d05-9c36-4eb6-9c2d-9b06e583f503,synth_da1d2802a7aa,itin,tabddpm_synthetic,,['en'],EIN,2024-02-18T18:19:00+00:00,15773.25,0.0,22,18,0,Monday,0,1,44,EIN,en,Bank account opening,0
0e1d3b03-8a0e-4f8f-aa87-20d491e20688,synth_5676067a74f1,itin,tabddpm_synthetic,,['en'],EIN,2024-12-21T00:59:00+00:00,4183.23,0.0,55,0,6,Sunday,0,1,0,EIN,en,Bank account opening,0
16addffe-bd36-4252-8ed6-00b4b7f538da,synth_9f47463954d2,itin,tabddpm_synthetic,,['es'],EIN,2024-04-10T15:35:00+00:00,100.0,0.0,22,15,6,Sunday,33,2000,9,EIN,es,Bank account opening,0
701867ff-2428-477a-97aa-45aa6b61ef86,synth_d96dc5b996d3,itin,tabddpm_synthetic,,['en'],EIN,2024-03-13T23:28:00+00:00,91781.31,2808.04,22,23,6,Sunday,32,1,100,EIN,en,Bank account opening,0
5aa87997-bcba-4ad4-a6ab-cfb02c947619,synth_72929446a64b,itin,tabddpm_synthetic,,['en'],EIN,2024-04-20T23:53:00+00:00,100.0,2216.61,55,23,0,Monday,90,2000,0,EIN,en,Bank account opening,0
7e88b306-5d86-47cb-a4c2-83c537aaea68,synth_e4207e2062d2,itin,tabddpm_synthetic,,['en'],EIN,2024-12-05T00:22:00+00:00,3758.98,0.0,55,0,6,Sunday,0,1495,0,EIN,en,Bank account opening,0
3c6c20c6-42d0-4966-a2d8-978b734306f6,synth_667a69078994,itin,tabddpm_synthetic,,['en'],EIN,2024-10-01T23:33:00+00:00,9533.06,0.0,38,23,4,Friday,9,311,12,EIN,en,Bank account opening,0
1f374f21-19b4-4b93-ad05-0d480f1803c2,synth_3bd38c98cc61,itin,tabddpm_synthetic,,['en'],EIN,2024-01-11T00:44:00+00:00,100.0,0.0,22,0,1,Tuesday,0,2000,6,EIN,en,Bank account opening,0
88992598-5b24-44e1-831b-dbb8c924da26,synth_97f99331dfc4,itin,tabddpm_synthetic,,['en'],EIN,2024-04-11T00:34:00+00:00,7653.92,0.0,55,0,6,Sunday,0,316,0,EIN,en,Bank account opening,0
038bea91-07f7-42b2-92d8-a99a7516f036,synth_f6de6d4e2559,itin,tabddpm_synthetic,,['en'],EIN,2024-07-26T00:04:00+00:00,100000.0,50000.0,22,0,6,Sunday,0,1,100,EIN,en,Bank account opening,1
0eb456b4-67d5-4066-b667-8817cb969189,synth_f2d729c98709,itin,tabddpm_synthetic,,['en'],EIN,2024-08-18T00:44:00+00:00,100000.0,50000.0,22,0,0,Monday,90,1,100,EIN,en,Bank account opening,0
4f76847f-1f65-4ce5-98bd-c68367d8faca,synth_62b5cdf1d39f,itin,tabddpm_synthetic,,['en'],EIN,2024-08-03T07:01:00+00:00,100.0,11359.0,55,7,0,Monday,90,1,100,EIN,en,Bank account opening,0
0e622459-38f9-40a2-9e32-79fb9dfcedfd,synth_2dcde29d3d7c,itin,tabddpm_synthetic,,['en'],EIN,2024-11-21T16:52:00+00:00,100.0,0.0,22,16,6,Sunday,17,2000,4,EIN,en,Bank account opening,0
ecd97c1c-64b0-4f34-ae77-a565c4fec4be,synth_988b1b5e0a1f,itin,tabddpm_synthetic,,['en'],EIN,2024-03-14T02:35:00+00:00,100.0,386.15,22,2,6,Sunday,5,2000,4,EIN,en,Bank account opening,0
dfcbffab-5772-449b-9229-d7e85937ac86,synth_b854d2f67eae,itin,tabddpm_synthetic,,['en'],EIN,2024-11-20T23:22:00+00:00,100000.0,50000.0,22,23,6,Sunday,0,1,100,EIN,en,Bank account opening,1
e74a88d0-6143-4ff4-af10-3ff44cc26208,synth_60393775fe22,itin,tabddpm_synthetic,,['en'],EIN,2024-02-18T00:17:00+00:00,100000.0,8837.26,22,0,6,Sunday,0,1,100,EIN,en,Bank account opening,0
ec4283b9-0798-4e3c-9577-3fda3f705cb8,synth_c49a8e3418e9,itin,tabddpm_synthetic,,['en'],EIN,2024-12-13T00:42:00+00:00,6877.36,11.23,22,0,2,Wednesday,0,1,18,EIN,en,Bank account opening,0
a3a4248a-ac0a-4443-b76b-afb7006ff3d0,synth_1d9a944c5b9d,itin,tabddpm_synthetic,,['en'],EIN,2024-11-18T23:43:00+00:00,100.0,12408.49,55,23,0,Monday,90,2000,0,EIN,en,Bank account opening,0
e17f0bb8-9a68-4fa2-9fa7-7516cf271b2a,synth_50e76898621e,itin,tabddpm_synthetic,,['en'],EIN,2024-11-28T23:10:00+00:00,100000.0,1140.81,22,23,0,Monday,0,1,100,EIN,en,Bank account opening,0
4689ed63-6b2b-4c47-9584-2111047ccb87,synth_459b22abeb8e,itin,tabddpm_synthetic,,['en'],EIN,2024-12-25T23:25:00+00:00,100.0,4261.65,55,23,0,Monday,90,2000,0,EIN,en,Bank account opening,0
f08be593-4238-4d7e-935b-2e11a4ebbbf8,synth_60830f7e88f5,itin,tabddpm_synthetic,,['en'],EIN,2024-12-02T00:42:00+00:00,100000.0,50000.0,22,0,6,Sunday,0,1,100,EIN,en,Bank account opening,0
ff0fddae-51c9-4d83-8668-89d62a17b416,synth_0c7d0bfc0d33,itin,tabddpm_synthetic,,['en'],EIN,2024-08-04T00:00:00+00:00,100000.0,50000.0,22,0,0,Monday,90,1,100,EIN,en,Bank account opening,0
283719ac-0c9d-421e-b6ad-a9ead991df5d,synth_71fe2370b9ce,itin,tabddpm_synthetic,,['en'],ITIN,2024-01-20T21:44:00+00:00,10164.92,170.11,22,21,0,Monday,0,1,29,ITIN,en,Bank account opening,0
f4aa3707-8f3a-4aca-8f17-79a982301637,synth_6ab4df9b539d,itin,tabddpm_synthetic,,['en'],EIN,2024-07-17T23:49:00+00:00,100.0,8853.81,55,23,0,Monday,90,2000,0,EIN,en,Bank account opening,0
2e776ce6-dba7-415e-a0de-93160c0d4ab9,synth_437e292e2839,itin,tabddpm_synthetic,,['en'],EIN,2024-04-27T02:31:00+00:00,3530.1,0.0,55,2,6,Sunday,0,1087,2,EIN,en,Bank account opening,0
f18fadb3-65c8-42a8-a721-954c9527dc10,synth_72433e3ab705,itin,tabddpm_synthetic,,['en'],EIN,2024-08-08T23:54:00+00:00,100000.0,50000.0,22,23,6,Sunday,0,1,100,EIN,en,Bank account opening,1
3d1d0c82-a51a-4f7d-9c67-228c628febbe,synth_7a8316a8ffa4,itin,tabddpm_synthetic,,['en'],EIN,2024-10-20T16:41:00+00:00,100.0,0.0,22,16,6,Sunday,40,2000,21,EIN,en,Bank account opening,0
a99a19da-aae4-4c1c-a10f-3f255e397867,synth_8e0141bdc15e,itin,tabddpm_synthetic,,['en'],EIN,2024-10-06T23:12:00+00:00,100000.0,32120.98,22,23,1,Tuesday,0,1,100,EIN,en,Bank account opening,0
aae1e934-fcd7-4f66-8b6e-5600ff5e8fee,synth_4959c2ec193e,itin,tabddpm_synthetic,,['en'],EIN,2024-04-14T00:12:00+00:00,76395.78,3685.58,22,0,6,Sunday,4,1,100,EIN,en,Bank account opening,0
991b6879-5734-430f-a4bb-3da3c25dc78f,synth_0f07cdffbf93,itin,tabddpm_synthetic,,['es'],EIN,2024-06-21T00:41:00+00:00,100.0,0.0,28,0,6,Sunday,9,915,6,EIN,es,Bank account opening,0
d3d2207a-22a1-45b9-ab3f-6e68441985a4,synth_15295dbca415,itin,tabddpm_synthetic,,['en'],EIN,2024-08-10T23:49:00+00:00,100.0,3923.42,55,23,0,Monday,90,2000,0,EIN,en,Bank account opening,0
1e2207f4-5f1a-4c6e-bdae-a6a93b4f847a,synth_6e6647a63490,itin,tabddpm_synthetic,,['en'],EIN,2024-07-28T00:39:00+00:00,100000.0,50000.0,22,0,6,Sunday,0,1,100,EIN,en,Bank account opening,0
8a270aa4-9b8c-49f0-83c8-258d92fdecd5,synth_89ea1adc9aaa,itin,tabddpm_synthetic,,['en'],EIN,2024-09-24T00:57:00+00:00,100000.0,50000.0,22,0,6,Sunday,0,1,100,EIN,en,Bank account opening,1
a78756dd-67dc-49cd-a6a5-56b965951a72,synth_86d0c27f912b,itin,tabddpm_synthetic,,['en'],EIN,2024-05-05T00:14:00+00:00,100.0,0.0,22,0,0,Monday,0,466,3,EIN,en,Bank account opening,0
f38b7b48-5767-4cc0-99f7-dd49e45bdf0e,synth_5579f099ed40,itin,tabddpm_synthetic,,['en'],EIN,2024-01-11T00:34:00+00:00,100000.0,50000.0,22,0,6,Sunday,0,1,100,EIN,en,Bank account opening,0
d0cb352e-40de-4477-9cc7-e6a1ca172016,synth_f9763c4a5c00,itin,tabddpm_synthetic,,['en'],EIN,2024-03-24T17:08:00+00:00,100.0,0.0,22,17,6,Sunday,90,2000,8,EIN,en,Bank account opening,0
b2127299-5a87-4f2c-9391-00cf76465687,synth_6d46c2a02bf4,itin,tabddpm_synthetic,,['en'],EIN,2024-11-21T03:06:00+00:00,100.0,215.57,22,3,6,Sunday,6,2000,3,EIN,en,Bank account opening,0
45e9c8d9-b8a0-4714-afcf-ddb9bb06f3be,synth_b493e8544650,itin,tabddpm_synthetic,,['en'],EIN,2024-03-16T23:30:00+00:00,19087.74,56.22,22,23,0,Monday,0,1,93,EIN,en,Bank account opening,0
96ba3ccd-ad86-4462-b4fd-27ac6198afc4,synth_fe3f56c9ede6,itin,tabddpm_synthetic,,['en'],EIN,2024-10-02T19:25:00+00:00,100.0,0.0,22,19,4,Friday,26,2000,4,EIN,en,Bank account opening,0
8116c44f-6a4a-40ba-bd09-bf745515ad7e,synth_4a855161c11a,itin,tabddpm_synthetic,,['en'],EIN,2024-12-06T11:48:00+00:00,1810.19,88.08,22,11,2,Wednesday,4,2000,3,EIN,en,Bank account opening,0
7475ea76-d796-4309-8aa9-e7b999371f8d,synth_5de817d30c40,itin,tabddpm_synthetic,,['en'],EIN,2024-06-13T00:47:00+00:00,100.0,0.0,22,0,6,Sunday,0,755,12,EIN,en,Bank account opening,0
8a7f685c-414d-4564-adff-7aed5a12046a,synth_181b07c18fa0,itin,tabddpm_synthetic,,['en'],EIN,2024-01-20T23:40:00+00:00,100.0,4378.39,55,23,0,Monday,90,2000,42,EIN,en,Bank account opening,0
6bd7e31b-8d95-4c7e-a635-f3ba20952cc9,synth_990ec2dffd93,itin,tabddpm_synthetic,,['en'],EIN,2024-06-18T00:15:00+00:00,6112.1,194.13,22,0,0,Monday,0,94,4,EIN,en,Bank account opening,0
267c3847-09fa-4aca-98b0-95fa80e1c6c9,synth_be371c4d7e5c,itin,tabddpm_synthetic,,['en'],EIN,2024-07-30T00:17:00+00:00,100.0,0.0,22,0,6,Sunday,0,1,0,EIN,en,Bank account opening,0
0d8daa11-5e92-48c9-b019-da272fc9b87a,synth_c630eda7a546,itin,tabddpm_synthetic,,['en'],EIN,2024-10-31T23:12:00+00:00,100.0,13606.22,55,23,0,Monday,90,2000,0,EIN,en,Bank account opening,0
adde92d9-756f-4b14-89fd-435706c825a7,synth_f73ee959c285,itin,tabddpm_synthetic,,['en'],EIN,2024-03-14T00:05:00+00:00,3226.88,384.43,33,0,6,Sunday,0,1,37,EIN,en,Bank account opening,0
473dba77-9aab-479d-9575-fb91f3c4f59b,synth_100014f62d02,itin,tabddpm_synthetic,,['en'],EIN,2024-11-12T22:07:00+00:00,100.0,0.0,22,22,6,Sunday,17,2000,9,EIN,en,Bank account opening,0
177e4b31-0ce6-4fc9-84b9-d8267151cda4,synth_237e6a6ccfc3,itin,tabddpm_synthetic,,['en'],EIN,2024-08-30T00:00:00+00:00,30403.98,496.91,22,0,6,Sunday,0,1,83,EIN,en,Bank account opening,0
4ac3f68d-9946-46bd-af28-52d5caa131ad,synth_c15eae823ca8,itin,tabddpm_synthetic,,['en'],EIN,2024-05-05T00:55:00+00:00,100.0,0.0,22,0,6,Sunday,0,1,41,EIN,en,Bank account opening,0
7662a221-7b42-45b0-8292-49c5f5e4378f,synth_3a56d7f39caf,itin,tabddpm_synthetic,,['en'],EIN,2024-08-11T15:27:00+00:00,100.0,10.5,26,15,6,Sunday,9,2000,6,EIN,en,Bank account opening,0
8a5a5296-08de-4e27-88b2-02f87220840a,synth_47c4c6cf3b97,itin,tabddpm_synthetic,,['en'],EIN,2024-08-16T23:24:00+00:00,100000.0,4877.6,22,23,6,Sunday,0,1,100,EIN,en,Bank account opening,0
5148bdc4-635a-49cc-ab40-4b408019c861,synth_f9f4d52bf826,itin,tabddpm_synthetic,,['en'],EIN,2024-11-05T09:09:00+00:00,25356.33,1262.5,22,9,6,Sunday,0,1,100,EIN,en,Bank account opening,0
106e36bd-c2d8-4e76-b056-7e4bd34e7ce4,synth_cbd2527133b0,itin,tabddpm_synthetic,,['en'],EIN,2024-11-14T00:04:00+00:00,100000.0,11188.99,22,0,6,Sunday,0,1,100,EIN,en,Bank account opening,0
f7418896-b9d7-41e7-948a-feab10a5a85e,synth_bbc3dfb8974f,itin,tabddpm_synthetic,,['en'],EIN,2024-01-24T00:40:00+00:00,100.0,0.0,34,0,4,Friday,0,1,9,EIN,en,Bank account opening,0
65fb8b86-a784-40f2-8cea-141d579b1a96,synth_b89d0f6f36e6,itin,tabddpm_synthetic,,['en'],EIN,2024-08-21T00:31:00+00:00,4524.68,21.17,22,0,5,Saturday,0,1,1,EIN,en,Bank account opening,0
0503bfaf-d5d4-45c1-a031-d2a3cd1b737e,synth_f0c646667432,itin,tabddpm_synthetic,,['en'],EIN,2024-03-17T23:06:00+00:00,8280.54,0.0,22,23,0,Monday,0,1,32,EIN,en,Bank account opening,0
afd71b29-1d27-434f-87e2-5cd26e295bac,synth_95a31c01ce3b,itin,tabddpm_synthetic,,['en'],EIN,2024-09-24T00:56:00+00:00,8882.09,0.0,22,0,0,Monday,0,1,10,EIN,en,Bank account opening,0
432fab76-bb37-4f84-99eb-293e8616640c,synth_bce2704a2bfc,itin,tabddpm_synthetic,,['en'],EIN,2024-12-18T00:06:00+00:00,485.47,175.75,22,0,6,Sunday,0,1,0,EIN,en,Bank account opening,0
e71117f7-3a94-4bd6-9d8d-eefc0facbcc8,synth_129489a5f577,itin,tabddpm_synthetic,,['en'],EIN,2024-08-12T03:16:00+00:00,14485.38,432.63,55,3,0,Monday,90,1,36,EIN,en,Bank account opening,0
df98798a-3e8e-4b67-ac00-05d464ad10cc,synth_d51192d2e56d,itin,tabddpm_synthetic,,['en'],EIN,2024-11-16T23:28:00+00:00,100.0,18813.5,55,23,0,Monday,90,2000,0,EIN,en,Bank account opening,0
d82edc7e-6f5b-4cfc-a4b2-39a3c9e3f569,synth_eea92ba8c4bd,itin,tabddpm_synthetic,,['en'],EIN,2024-02-12T12:24:00+00:00,100.0,0.0,22,12,6,Sunday,34,2000,13,EIN,en,Bank account opening,0
65041017-2203-4927-b4c2-ce186b7bec02,synth_52249e92b835,itin,tabddpm_synthetic,,['en'],EIN,2024-03-19T23:23:00+00:00,100000.0,50000.0,22,23,6,Sunday,90,1,0,EIN,en,Bank account opening,0
d16f37ab-03d1-4611-845b-505aa9efa4aa,synth_32505b1713ad,itin,tabddpm_synthetic,,['en'],EIN,2024-01-29T23:52:00+00:00,100.0,16667.48,55,23,0,Monday,90,2000,0,EIN,en,Bank account opening,0
0f6f317d-4dc6-48c2-8c9b-c67c0705a119,synth_1f37b640c5aa,itin,tabddpm_synthetic,,['en'],EIN,2024-03-06T00:20:00+00:00,100000.0,50000.0,55,0,6,Sunday,0,1,100,EIN,en,Bank account opening,0
1f954f96-38fe-4428-acc9-7d06cd88a099,synth_0ef47e957e67,itin,tabddpm_synthetic,,['es'],EIN,2024-01-01T09:39:00+00:00,100.0,0.0,55,9,0,Monday,90,1,16,EIN,es,Bank account opening,0
b9b64de9-d31f-4451-a64f-2e732f944130,synth_9ab98612e8dd,itin,tabddpm_synthetic,,['en'],EIN,2024-11-03T00:20:00+00:00,100.0,0.0,22,0,2,Wednesday,0,2000,0,EIN,en,Bank account opening,0
77dd18c4-21a9-4541-b031-e46cdca1a06f,synth_73e142e78859,itin,tabddpm_synthetic,,['es'],EIN,2024-11-08T13:30:00+00:00,100.0,311.41,49,13,6,Sunday,90,2000,0,EIN,es,Bank account opening,0
97a40b63-240b-4737-a96e-945b1a16f4e3,synth_76343fad35e0,itin,tabddpm_synthetic,,['en'],EIN,2024-04-15T11:13:00+00:00,100.0,0.0,22,11,6,Sunday,24,2000,7,EIN,en,Bank account opening,0
bacc463e-3a6d-476a-861c-a39ee92ff583,synth_0a3b11155aff,itin,tabddpm_synthetic,,['en'],EIN,2024-11-28T21:03:00+00:00,100.0,0.0,22,21,6,Sunday,25,2000,7,EIN,en,Bank account opening,0
71642789-0703-48f8-b03b-1d49045aef79,synth_c40f661ed7f1,itin,tabddpm_synthetic,,['en'],EIN,2024-06-05T00:01:00+00:00,100.0,452.5,55,0,6,Sunday,0,1,24,EIN,en,Bank account opening,0
155fef1c-db49-4e78-bf18-0fe101619341,synth_c75259ab3062,itin,tabddpm_synthetic,,['en'],EIN,2024-04-28T00:09:00+00:00,38171.99,1016.71,22,0,3,Thursday,0,1,98,EIN,en,Bank account opening,0
7c0741b9-1099-4812-a6f7-b4a6d83d4c31,synth_fe56b8704d51,itin,tabddpm_synthetic,,['en'],EIN,2024-11-16T23:31:00+00:00,100.0,1768.66,22,23,6,Sunday,16,2000,54,EIN,en,Bank account opening,0
9140c51b-76d7-4ee3-ac9a-6da665dfd3ff,synth_de7fdd528a4a,itin,tabddpm_synthetic,,['en'],EIN,2024-04-19T10:09:00+00:00,4543.59,710.14,55,10,0,Monday,90,1,28,EIN,en,Bank account opening,0
ace77e1e-e251-4ec6-9e7b-2a0f5ec2db70,synth_df656a4a1485,itin,tabddpm_synthetic,,['en'],EIN,2024-01-12T23:12:00+00:00,100.0,11257.2,55,23,0,Monday,90,2000,0,EIN,en,Bank account opening,0
91de1a48-bc36-469d-b1e3-bb4bae1b7940,synth_9187c1bcdc6a,itin,tabddpm_synthetic,,['en'],EIN,2024-03-17T22:58:00+00:00,100.0,0.0,22,22,6,Sunday,47,2000,14,EIN,en,Bank account opening,0
3610be3e-1f1e-4e94-a6e6-a78e6698ad0a,synth_7c1c256b16c9,itin,tabddpm_synthetic,,['en'],EIN,2024-06-29T15:42:00+00:00,100.0,0.0,22,15,6,Sunday,90,2000,16,EIN,en,Bank account opening,0
1ebd5606-e488-4809-88c5-d5db5691e549,synth_765881d1e52b,itin,tabddpm_synthetic,,['es'],EIN,2024-05-01T19:52:00+00:00,957.69,236.87,28,19,3,Thursday,30,2000,6,EIN,es,Bank account opening,0
3e80d5cc-763e-4bd7-bc55-e3526d8ee146,synth_152ddcbaaa69,itin,tabddpm_synthetic,,['en'],EIN,2024-05-07T23:06:00+00:00,100.0,4568.99,55,23,0,Monday,90,2000,0,EIN,en,Bank account opening,0
4325e95c-f620-4b02-b3fd-7993813b440d,synth_f0a81dcf7d4b,itin,tabddpm_synthetic,,['en'],EIN,2024-04-25T14:18:00+00:00,100.0,0.0,48,14,6,Sunday,29,2000,17,EIN,en,Bank account opening,0
b4cec3bc-6d8c-459b-bee4-6821acda912d,synth_6265d84c733b,itin,tabddpm_synthetic,,['en'],EIN,2024-05-05T00:55:00+00:00,100000.0,50000.0,22,0,6,Sunday,0,1,100,EIN,en,Bank account opening,0
7945273b-0a55-4dcf-82bd-02ce623de15d,synth_e7507c321652,itin,tabddpm_synthetic,,['en'],EIN,2024-07-15T00:12:00+00:00,100.0,0.0,55,0,6,Sunday,0,1,65,EIN,en,Bank account opening,0
e6f05ba9-b547-4f35-a391-9707defbd7a7,synth_4e50b9d4f22a,itin,tabddpm_synthetic,,['en'],EIN,2024-05-15T19:21:00+00:00,100.0,0.0,22,19,6,Sunday,10,2000,6,EIN,en,Bank account opening,0
27a26a7b-9d1b-4415-ae37-213f464e72a9,synth_be6d655b802b,itin,tabddpm_synthetic,,['en'],EIN,2024-11-20T00:03:00+00:00,100.0,233.89,22,0,6,Sunday,16,2000,1,EIN,en,Bank account opening,0
fe289e94-b0ee-47b9-9f83-55c6bfcf6817,synth_a25c084aa01e,itin,tabddpm_synthetic,,['en'],EIN,2024-02-14T23:25:00+00:00,100.0,50000.0,55,23,0,Monday,90,2000,0,EIN,en,Bank account opening,0
26f436c0-2a70-4641-a8db-fc8e1f9bf7d3,synth_a3b4c8a270c8,itin,tabddpm_synthetic,,['en'],EIN,2024-11-30T03:52:00+00:00,100000.0,50000.0,22,3,6,Sunday,0,1,100,EIN,en,Bank account opening,0
18b2baaa-c438-46cb-a5b8-f3fd06db8b10,synth_b30b7b3a9653,itin,tabddpm_synthetic,,['en'],EIN,2024-05-14T22:57:00+00:00,100.0,0.0,22,22,6,Sunday,19,2000,2,EIN,en,Bank account opening,0
ee349b25-77fb-4911-a0da-ef277e0897e7,synth_6c98f21af21a,itin,tabddpm_synthetic,,['en'],EIN,2024-01-09T13:52:00+00:00,71325.94,965.24,22,13,6,Sunday,1,1,100,EIN,en,Bank account opening,0
bfa2f037-4786-4741-86cc-732e153db0f4,synth_599c18d0c519,itin,tabddpm_synthetic,,['en'],EIN,2024-05-26T14:57:00+00:00,100.0,152.82,36,14,2,Wednesday,8,2000,10,EIN,en,Bank account opening,0
fc092cc9-ec63-43b7-83af-7317787d329c,synth_1e4ab0dced01,itin,tabddpm_synthetic,,['en'],EIN,2024-08-07T16:57:00+00:00,100.0,251.2,55,16,0,Monday,90,1,7,EIN,en,Bank account opening,0
ca1e24a7-8212-451e-a2d6-18b9d9c4aa5c,synth_9bd1fea87fcf,itin,tabddpm_synthetic,,['en'],EIN,2024-03-22T00:51:00+00:00,100000.0,50000.0,22,0,6,Sunday,0,1,100,EIN,en,Bank account opening,0
291b9692-d60c-4a97-96ac-f7f36758153f,synth_f384adf82bfd,itin,tabddpm_synthetic,,['en'],EIN,2024-02-04T00:40:00+00:00,45398.22,1671.73,22,0,0,Monday,0,1,100,EIN,en,Bank account opening,0
6e552ec0-c38b-425a-957e-3301e9ba8924,synth_24e9a6c0916c,itin,tabddpm_synthetic,,['en'],EIN,2024-04-07T23:08:00+00:00,100.0,10779.07,55,23,0,Monday,90,2000,0,EIN,en,Bank account opening,0
9e2d36dc-a967-4537-b1a0-e4d343f4ec7d,synth_b25882b37300,itin,tabddpm_synthetic,,['en'],EIN,2024-03-02T00:44:00+00:00,100.0,0.0,22,0,0,Monday,2,2000,0,EIN,en,Bank account opening,0
7ac1c721-e294-4b54-af48-c613946db9d5,synth_ecb5e8c98d2b,itin,tabddpm_synthetic,,['en'],EIN,2024-10-29T00:22:00+00:00,2536.78,0.0,22,0,0,Monday,0,309,3,EIN,en,Bank account opening,0
80983a2f-a3bc-477d-97d4-e039ad0b2e5f,synth_6a89e32ef45a,itin,tabddpm_synthetic,,['en'],EIN,2024-08-13T14:55:00+00:00,100.0,27.19,23,14,6,Sunday,36,2000,10,EIN,en,Bank account opening,0
c4057717-0c00-4ccf-9714-7c4ed814de01,synth_098898cff73f,itin,tabddpm_synthetic,,['en'],EIN,2024-09-30T11:53:00+00:00,6858.51,205.55,34,11,0,Monday,11,233,7,EIN,en,Bank account opening,0
ada5bbad-504c-49bb-9cb7-f7fa6dc4ad04,synth_b7aa9f9c5414,itin,tabddpm_synthetic,,['en'],EIN,2024-08-02T00:46:00+00:00,100000.0,50000.0,55,0,0,Monday,90,1,100,EIN,en,Bank account opening,0
63c6421f-7159-4448-86a3-2f68bf094e5f,synth_eaa707002826,itin,tabddpm_synthetic,,['en'],EIN,2024-12-26T16:48:00+00:00,100.0,0.0,22,16,6,Sunday,39,2000,11,EIN,en,Bank account opening,0
a75cb586-e41a-4d92-8392-10ea62a3a617,synth_2a65605fdcfa,itin,tabddpm_synthetic,,['en'],EIN,2024-04-04T23:58:00+00:00,100.0,0.0,22,23,6,Sunday,0,1906,23,EIN,en,Bank account opening,0
7b72c18f-0b60-454e-af81-a7c38af560ab,synth_8b158dcd1859,itin,tabddpm_synthetic,,['en'],EIN,2024-01-29T00:39:00+00:00,1249.69,0.0,55,0,6,Sunday,5,2000,5,EIN,en,Bank account opening,0
eb8a4e79-5078-4220-805f-21a9c531c7b4,synth_81a398b81127,itin,tabddpm_synthetic,,['en'],EIN,2024-07-03T19:19:00+00:00,100.0,148.43,22,19,6,Sunday,15,2000,18,EIN,en,Bank account opening,0
3a6d7608-cb82-40fc-a9f7-b4593afda2c8,synth_ba4511a3190c,itin,tabddpm_synthetic,,['en'],EIN,2024-12-24T22:17:00+00:00,100.0,1596.24,55,22,6,Sunday,90,2000,6,EIN,en,Bank account opening,0
fef0c0b9-9896-4260-85aa-bd255d67502f,synth_36ea800fe9e0,itin,tabddpm_synthetic,,['en'],EIN,2024-11-05T00:15:00+00:00,100.0,288.87,55,0,6,Sunday,0,1,19,EIN,en,Bank account opening,0
c3e805fb-ed7a-4dd8-b5cd-c3b3930b11ca,synth_4f9193909b35,itin,tabddpm_synthetic,,['en'],EIN,2024-04-24T00:44:00+00:00,100.0,0.0,55,0,6,Sunday,0,1,75,EIN,en,Bank account opening,0
a3b680cf-d261-4904-95b6-0fb6bac0e55b,synth_c19b67f00b7f,itin,tabddpm_synthetic,,['en'],EIN,2024-09-04T00:16:00+00:00,100.0,0.0,22,0,5,Saturday,0,2000,0,EIN,en,Bank account opening,0
c0641ef6-3082-4cf4-8870-c17729497f8b,synth_6f3102a259b0,itin,tabddpm_synthetic,,['en'],EIN,2024-06-10T08:24:00+00:00,100.0,45.14,22,8,6,Sunday,19,2000,21,EIN,en,Bank account opening,0
ebe92e49-d7ee-44a4-aa7d-046343881c77,synth_16fd6c4c0dce,itin,tabddpm_synthetic,,['en'],EIN,2024-09-11T20:57:00+00:00,100.0,979.08,22,20,6,Sunday,90,2000,0,EIN,en,Bank account opening,0
1b1d2a34-ec03-4101-be81-3243b1ccccb9,synth_d662a665521f,itin,tabddpm_synthetic,,['en'],EIN,2024-05-29T00:17:00+00:00,11611.75,0.0,55,0,6,Sunday,0,1445,0,EIN,en,Bank account opening,0
f20eb478-b18e-4703-b41e-6108665609c3,synth_3fe6ea6977ff,itin,tabddpm_synthetic,,['en'],EIN,2024-09-03T00:08:00+00:00,100000.0,50000.0,22,0,0,Monday,0,1,100,EIN,en,Bank account opening,1
c63afd77-80d9-4a4a-a682-eebb2201388e,synth_a82038a5b410,itin,tabddpm_synthetic,,['en'],EIN,2024-01-08T23:12:00+00:00,100000.0,50000.0,22,23,6,Sunday,90,1,100,EIN,en,Bank account opening,1
43d2a726-1c29-46e7-a50b-da07549490b0,synth_f26a0970c08f,itin,tabddpm_synthetic,,['en'],EIN,2024-04-18T00:16:00+00:00,100000.0,50000.0,22,0,0,Monday,90,1,100,EIN,en,Bank account opening,0
d4a42a7c-bbef-4603-a581-459445c46dfa,synth_3256e142ef59,itin,tabddpm_synthetic,,['en'],EIN,2024-09-01T09:27:00+00:00,100.0,223.15,22,9,6,Sunday,0,2000,39,EIN,en,Bank account opening,0
409b55f6-bc84-42bf-8701-432d6a1895be,synth_74d71293d839,itin,tabddpm_synthetic,,['en'],EIN,2024-04-09T00:37:00+00:00,100.0,325.85,22,0,6,Sunday,64,2000,34,EIN,en,Bank account opening,0
6c2f6b73-ddb0-493a-a5db-c7392d69ce5b,synth_a4d9ab6ad216,itin,tabddpm_synthetic,,['en'],EIN,2024-06-24T00:30:00+00:00,2759.2,257.64,22,0,3,Thursday,0,1,0,EIN,en,Bank account opening,0
ef8e4267-fc6f-4de1-83fe-8ca3981624ae,synth_d45deeb25024,itin,tabddpm_synthetic,,['en'],EIN,2024-10-25T07:37:00+00:00,100.0,0.0,36,7,0,Monday,0,1819,3,EIN,en,Bank account opening,0
b4069aea-e771-4989-9645-a68f06f6ba4b,synth_e94f11b5b8b3,itin,tabddpm_synthetic,,['en'],EIN,2024-10-10T00:09:00+00:00,100000.0,50000.0,22,0,1,Tuesday,0,1,100,EIN,en,Bank account opening,1
d2b152bf-1aee-420b-9c01-64ef83d87454,synth_afa2526cdaa7,itin,tabddpm_synthetic,,['en'],EIN,2024-11-16T23:17:00+00:00,100000.0,50000.0,22,23,6,Sunday,0,1,100,EIN,en,Bank account opening,0
4e388236-3d96-4a93-b1a8-c056a590fb3b,synth_b3e35377aee6,itin,tabddpm_synthetic,,['en'],EIN,2024-02-28T23:38:00+00:00,100.0,11276.9,55,23,0,Monday,90,2000,0,EIN,en,Bank account opening,0
d00c1072-bd92-401d-8cee-e0633bb198e4,synth_0cf1b79f4628,itin,tabddpm_synthetic,,['en'],EIN,2024-10-10T00:37:00+00:00,100.0,492.24,22,0,6,Sunday,8,2000,73,EIN,en,Bank account opening,0
3197e8e3-b0cc-4e96-b2b2-72d12688b950,synth_7c57f238b99e,itin,tabddpm_synthetic,,['en'],EIN,2024-12-01T05:33:00+00:00,5531.38,397.03,31,5,0,Monday,0,2000,6,EIN,en,Bank account opening,0
9e047003-bbec-41f4-9345-2a5d62355621,synth_0400de8995c6,itin,tabddpm_synthetic,,['en'],EIN,2024-10-16T08:50:00+00:00,100000.0,10953.42,22,8,6,Sunday,0,1,100,EIN,en,Bank account opening,0
78300cbf-1bbf-4836-9c3b-7eb2c259615a,synth_f262b73dd896,itin,tabddpm_synthetic,,['en'],EIN,2024-07-25T23:35:00+00:00,100.0,15606.62,55,23,0,Monday,90,2000,23,EIN,en,Bank account opening,0
83425813-4e7a-4422-bd64-b1052902fa2a,synth_7cfa38450dd0,itin,tabddpm_synthetic,,['en'],EIN,2024-10-05T23:05:00+00:00,100.0,8811.02,55,23,0,Monday,90,1300,46,EIN,en,Bank account opening,0
5e269e39-2a6b-4908-bde1-64d000bac63a,synth_dccf74e97658,itin,tabddpm_synthetic,,['en'],EIN,2024-12-19T00:45:00+00:00,100000.0,50000.0,55,0,0,Monday,90,1,100,EIN,en,Bank account opening,0
306dfc0f-7da0-4e46-a429-c119b9db3515,synth_6c7cec5191a8,itin,tabddpm_synthetic,,['en'],EIN,2024-12-22T00:38:00+00:00,100000.0,50000.0,22,0,0,Monday,71,1,100,EIN,en,Bank account opening,0
df1d1ce9-be23-48cb-9820-e9ecbf0f758f,synth_f6572deb1db3,itin,tabddpm_synthetic,,['en'],EIN,2024-08-27T23:47:00+00:00,100.0,12108.35,55,23,0,Monday,90,2000,0,EIN,en,Bank account opening,0
51482e02-fded-44cd-8d70-cb8c739d418c,synth_85dee3455545,itin,tabddpm_synthetic,,['en'],EIN,2024-05-23T00:39:00+00:00,51077.87,6626.68,55,0,0,Monday,90,1,100,EIN,en,Bank account opening,0
c4e5855a-8904-4714-ab87-63239b8634cb,synth_cf9a60b30858,itin,tabddpm_synthetic,,['en'],EIN,2024-01-06T17:33:00+00:00,100.0,60.15,22,17,6,Sunday,49,2000,5,EIN,en,Bank account opening,0
7516cb0f-b2c2-4d04-890e-bba08d202b04,synth_7f71fe01bdbb,itin,tabddpm_synthetic,,['en'],EIN,2024-10-12T23:32:00+00:00,100.0,8981.17,55,23,0,Monday,90,2000,0,EIN,en,Bank account opening,0
a0abe444-8177-414c-83ad-12235c4c001d,synth_27cf86241aa6,itin,tabddpm_synthetic,,['en'],EIN,2024-02-08T23:32:00+00:00,13533.06,0.0,22,23,0,Monday,0,1,66,EIN,en,Bank account opening,0
785bc09b-9b80-4676-adb8-9f797fc4c534,synth_8c835fa98321,itin,tabddpm_synthetic,,['en'],EIN,2024-07-28T00:06:00+00:00,100000.0,50000.0,22,0,6,Sunday,1,1,100,EIN,en,Bank account opening,0
5dfc64ff-ffe2-40e4-8e69-cb77f72b3f8f,synth_861b9e276717,itin,tabddpm_synthetic,,['en'],EIN,2024-11-06T07:02:00+00:00,100.0,0.0,22,7,2,Wednesday,12,2000,3,EIN,en,Bank account opening,0
747d4be5-68c8-45de-9380-7b9aa7b44bd2,synth_32f9a40765d0,itin,tabddpm_synthetic,,['en'],EIN,2024-12-03T00:26:00+00:00,4838.0,412.14,22,0,6,Sunday,0,1,33,EIN,en,Bank account opening,0
adc566dd-9592-4bd9-a76a-76ac8cf863d4,synth_838d1242dc21,itin,tabddpm_synthetic,,['en'],EIN,2024-03-07T00:38:00+00:00,100000.0,38465.24,22,0,6,Sunday,0,1,100,EIN,en,Bank account opening,0
55cf019f-66b2-4ac5-bc77-7dbddebce89e,synth_9a774d02c54c,itin,tabddpm_synthetic,,['en'],EIN,2024-08-06T23:58:00+00:00,100.0,2911.8,55,23,0,Monday,90,2000,0,EIN,en,Bank account opening,0
204afa45-2d3d-4cc0-8d21-41d5384a3103,synth_1f86df9a28cd,itin,tabddpm_synthetic,,['en'],EIN,2024-03-04T00:40:00+00:00,100.0,0.0,22,0,0,Monday,0,2000,4,EIN,en,Bank account opening,0
e3174b0f-ffe5-4de0-a908-82f72269bf36,synth_59efee52f147,itin,tabddpm_synthetic,,['en'],EIN,2024-03-22T22:42:00+00:00,100.0,0.0,22,22,6,Sunday,19,2000,13,EIN,en,Bank account opening,0
a42fa04c-1df1-4271-8a8e-edb4281604fd,synth_fce8b25785bd,itin,tabddpm_synthetic,,['en'],EIN,2024-11-03T00:28:00+00:00,37240.06,1171.44,22,0,6,Sunday,0,1,91,EIN,en,Bank account opening,0
644c947d-90e3-4b70-b76c-8f248ab292ba,synth_91b3ba446d8f,itin,tabddpm_synthetic,,['en'],EIN,2024-06-06T23:41:00+00:00,100.0,4211.77,55,23,0,Monday,90,2000,0,EIN,en,Bank account opening,0
6bdb9ec5-3d2b-4666-bc80-924137596820,synth_6ef91c79b595,itin,tabddpm_synthetic,,['en'],EIN,2024-04-08T00:44:00+00:00,89175.38,0.0,22,0,0,Monday,0,1,14,EIN,en,Bank account opening,1
5267e1fa-b5c3-4481-8342-9bb751f6845c,synth_ab22e9e17c6e,itin,tabddpm_synthetic,,['en'],EIN,2024-07-16T23:25:00+00:00,100.0,2294.5,55,23,0,Monday,90,2000,0,EIN,en,Bank account opening,0
ba78bc23-e6bc-4b2b-9636-ed185126ef03,synth_2c5b23470ae9,itin,tabddpm_synthetic,,['en'],EIN,2024-01-08T03:23:00+00:00,100.0,379.08,22,3,6,Sunday,5,2000,2,EIN,en,Bank account opening,0
633e4823-053c-439e-bfe1-0d0f63f63267,synth_a9c9e50bbd1e,itin,tabddpm_synthetic,,['en'],EIN,2024-01-13T00:34:00+00:00,46640.26,1801.03,22,0,6,Sunday,0,1,76,EIN,en,Bank account opening,0
274c7382-3092-4f35-ab3a-9aee9a508c5d,synth_e634e3a61f69,itin,tabddpm_synthetic,,['es'],EIN,2024-10-24T00:40:00+00:00,100.0,0.0,22,0,0,Monday,0,1,12,EIN,es,Bank account opening,0
bd49b18d-ecdb-4e54-8067-02cd8cd4a4c7,synth_9c20fe2a1d07,itin,tabddpm_synthetic,,['en'],EIN,2024-07-07T18:54:00+00:00,100.0,101.3,55,18,0,Monday,56,2000,16,EIN,en,Bank account opening,0
84c59407-fd7e-49a4-a733-a2c6a22d0629,synth_f4be5c0a3f28,itin,tabddpm_synthetic,,['en'],EIN,2024-01-09T23:45:00+00:00,100000.0,50000.0,22,23,6,Sunday,0,1,100,EIN,en,Bank account opening,0
2b739ee0-0a55-4bc6-8a86-99bd12badcf8,synth_d49b50b2a838,itin,tabddpm_synthetic,,['en'],EIN,2024-12-13T23:20:00+00:00,100.0,2626.06,55,23,0,Monday,90,2000,0,EIN,en,Bank account opening,0
a44d5621-4a30-4cd4-ad02-856749d8883c,synth_6b5f63874db8,itin,tabddpm_synthetic,,['en'],EIN,2024-10-31T12:59:00+00:00,100.0,0.0,22,12,6,Sunday,37,2000,14,EIN,en,Bank account opening,0
eaefe4ee-bffd-495b-9231-2bbba063ddf0,synth_0669505a33ce,itin,tabddpm_synthetic,,['en'],EIN,2024-08-30T11:26:00+00:00,100.0,0.0,28,11,6,Sunday,25,2000,6,EIN,en,Bank account opening,0
a7c14763-3ffd-4741-91ac-5763c469269e,synth_045e9d00eb65,itin,tabddpm_synthetic,,['en'],EIN,2024-12-27T00:20:00+00:00,100000.0,50000.0,22,0,6,Sunday,0,1,100,EIN,en,Bank account opening,0
9db5776b-9dce-4b07-8fa2-3eca10173aab,synth_66c00197f6c0,itin,tabddpm_synthetic,,['en'],EIN,2024-04-06T08:30:00+00:00,100.0,91.9,22,8,6,Sunday,90,2000,10,EIN,en,Bank account opening,0
8d8065db-fe5c-4b11-8413-a824d5b1c3e4,synth_882852a32926,itin,tabddpm_synthetic,,['en'],EIN,2024-03-05T23:21:00+00:00,100000.0,50000.0,55,23,6,Sunday,90,1,51,EIN,en,Bank account opening,0
a48d792c-9c53-40d7-b2fe-f9de0795887a,synth_46d86127984f,itin,tabddpm_synthetic,,['en'],EIN,2024-09-20T00:16:00+00:00,100000.0,50000.0,22,0,6,Sunday,90,1,100,EIN,en,Bank account opening,0
e2339755-2755-420d-850f-d0deef474fef,synth_0a2ccb636bc7,itin,tabddpm_synthetic,,['en'],EIN,2024-11-18T23:32:00+00:00,100.0,919.93,55,23,0,Monday,90,2000,0,EIN,en,Bank account opening,0
0cd62c9d-cf69-499c-a2d8-a1ebdd7ad0d2,synth_0240cee3d7b3,itin,tabddpm_synthetic,,['en'],EIN,2024-02-09T00:34:00+00:00,100.0,757.98,22,0,6,Sunday,10,2000,41,EIN,en,Bank account opening,0
9c4d41ee-63c4-473d-9cb4-bd74c5d87cb5,synth_1a80e26422b4,itin,tabddpm_synthetic,,['en'],EIN,2024-05-03T17:37:00+00:00,100.0,1444.81,55,17,0,Monday,90,2000,6,EIN,en,Bank account opening,0
48849759-04c6-4938-be23-f52a38f739f3,synth_0b8634b3be4f,itin,tabddpm_synthetic,,['en'],EIN,2024-12-27T23:25:00+00:00,100.0,0.0,22,23,6,Sunday,4,2000,1,EIN,en,Bank account opening,0
f5ed225b-9ffe-4391-9b4f-65d58a387709,synth_617218594852,itin,tabddpm_synthetic,,['en'],EIN,2024-05-28T00:59:00+00:00,100000.0,50000.0,22,0,6,Sunday,90,1,100,EIN,en,Bank account opening,0
848ae7a1-4ab1-4774-b918-adbded79d2bb,synth_a82c413ddb9c,itin,tabddpm_synthetic,,['en'],EIN,2024-11-23T00:40:00+00:00,100000.0,0.0,55,0,0,Monday,90,1,0,EIN,en,Bank account opening,0
02d4e28e-c1bb-4658-8cf5-070f7dc7beab,synth_c0d8c8659283,itin,tabddpm_synthetic,,['en'],EIN,2024-05-05T23:10:00+00:00,100.0,9.24,22,23,6,Sunday,5,2000,11,EIN,en,Bank account opening,0
bddf2119-4f2f-409c-9b3f-4fd0f1d8b538,synth_05be77306792,itin,tabddpm_synthetic,,['en'],EIN,2024-07-27T09:29:00+00:00,100.0,0.0,22,9,6,Sunday,39,2000,8,EIN,en,Bank account opening,0
8d6fe102-14be-4556-b525-845fc59b27ed,synth_c745e5436d33,itin,tabddpm_synthetic,,['en'],EIN,2024-12-07T23:07:00+00:00,83123.51,1886.82,22,23,0,Monday,0,1,100,EIN,en,Bank account opening,0
3151d21c-ec31-41bd-8dc0-d84d0ef5feb1,synth_0a713b4f1c07,itin,tabddpm_synthetic,,['en'],EIN,2024-09-30T19:35:00+00:00,100.0,0.0,25,19,6,Sunday,23,2000,6,EIN,en,Bank account opening,0
4e6424a1-4a0b-48f9-ae90-73b167f19045,synth_9fb5b16a8295,itin,tabddpm_synthetic,,['en'],EIN,2024-06-10T23:12:00+00:00,100000.0,45926.18,22,23,6,Sunday,0,2000,100,EIN,en,Bank account opening,0
116d939e-3294-47ac-9695-a2aecba14300,synth_98f7ab60b1e7,itin,tabddpm_synthetic,,['en'],EIN,2024-04-28T14:45:00+00:00,100.0,72.45,25,14,6,Sunday,19,2000,10,EIN,en,Bank account opening,0
e425b00d-fc20-4373-aa71-241a62d23607,synth_53725689f1c8,itin,tabddpm_synthetic,,['es'],EIN,2024-05-04T00:39:00+00:00,100.0,0.0,22,0,1,Tuesday,0,599,2,EIN,es,Bank account opening,0
b599d15e-40e7-441c-bc7b-a4b851a4fdb7,synth_172000d11791,itin,tabddpm_synthetic,,['en'],EIN,2024-12-19T14:18:00+00:00,100.0,1.1,22,14,6,Sunday,53,2000,13,EIN,en,Bank account opening,0
f7f5ba13-02d8-4834-8535-999e1396bcb4,synth_5cd93630e993,itin,tabddpm_synthetic,,['en'],EIN,2024-10-04T12:43:00+00:00,100.0,0.0,22,12,6,Sunday,49,2000,9,EIN,en,Bank account opening,0
62c39444-6684-478a-99f9-c39c75551848,synth_c5a4a8bc3b57,itin,tabddpm_synthetic,,['en'],EIN,2024-04-25T06:25:00+00:00,100.0,0.0,22,6,6,Sunday,25,2000,8,EIN,en,Bank account opening,0
c0d504e8-9ff9-43c4-b1f5-a67dce9d0e8e,synth_842ded32a90f,itin,tabddpm_synthetic,,['en'],EIN,2024-12-02T00:26:00+00:00,100000.0,20348.03,55,0,0,Monday,90,1,100,EIN,en,Bank account opening,1
60f46d76-3f2c-40dd-9bdf-76bfecdf2028,synth_964a3035a6d8,itin,tabddpm_synthetic,,['en'],EIN,2024-05-03T09:34:00+00:00,100000.0,45713.03,22,9,6,Sunday,0,1,100,EIN,en,Bank account opening,1
b94638fc-f02e-4aa9-84e7-6342a63630c5,synth_915ab1f4aa0a,itin,tabddpm_synthetic,,['en'],EIN,2024-08-30T23:42:00+00:00,100.0,46516.2,55,23,0,Monday,90,2000,100,EIN,en,Bank account opening,0
457bb971-3d6c-4183-a6bf-f23c4d5a20ff,synth_67cefb8010a2,itin,tabddpm_synthetic,,['en'],EIN,2024-01-14T00:00:00+00:00,100000.0,31624.68,22,0,0,Monday,0,1,100,EIN,en,Bank account opening,1
3ec415f0-d48b-4624-9e88-a5745dde5cba,synth_2a38f71fa55a,itin,tabddpm_synthetic,,['en'],EIN,2024-07-22T00:45:00+00:00,100000.0,50000.0,55,0,0,Monday,90,1,100,EIN,en,Bank account opening,0
e010f142-7287-4054-993d-f1228a1ad6f7,synth_c1d2a5e5b150,itin,tabddpm_synthetic,,['en'],EIN,2024-02-02T19:56:00+00:00,100.0,344.56,22,19,6,Sunday,8,2000,7,EIN,en,Bank account opening,0
b448b2ea-c9ff-492f-8eb0-d46f10755e4b,synth_0e44ad32f99a,itin,tabddpm_synthetic,,['en'],EIN,2024-08-03T00:09:00+00:00,100000.0,50000.0,22,0,6,Sunday,0,1,100,EIN,en,Bank account opening,1
fe4d0c96-8713-42b7-8033-7a1cb5af8018,synth_c3b55949311d,itin,tabddpm_synthetic,,['en'],EIN,2024-10-17T00:40:00+00:00,100000.0,50000.0,22,0,6,Sunday,0,1,100,EIN,en,Bank account opening,0
2a10fe52-9b4c-48b9-b10d-11b2ddeeaa69,synth_59a67a3ab3b4,itin,tabddpm_synthetic,,['en'],EIN,2024-01-29T23:57:00+00:00,100.0,0.0,22,23,6,Sunday,25,2000,11,EIN,en,Bank account opening,0
ec82cad6-d050-48e4-af31-f9e02246deaa,synth_7b97466bd7cb,itin,tabddpm_synthetic,,['en'],EIN,2024-08-18T20:22:00+00:00,100.0,0.0,55,20,6,Sunday,4,183,69,EIN,en,Bank account opening,1
b3b0a197-cf3c-4cc3-a2ad-eaa9af0abfc3,synth_153d5c459d10,itin,tabddpm_synthetic,,['en'],EIN,2024-04-19T23:07:00+00:00,100000.0,5371.51,22,23,0,Monday,0,1,100,EIN,en,Bank account opening,0
7e7cb2ad-0ebb-478e-9824-64b9fd2281d0,synth_c44bb6d4f9dd,itin,tabddpm_synthetic,,['en'],EIN,2024-04-19T23:56:00+00:00,100000.0,1549.43,22,23,6,Sunday,0,1,100,EIN,en,Bank account opening,0
d6c36325-fa36-4360-9536-4693c72182ba,synth_c3991b358d06,itin,tabddpm_synthetic,,['en'],EIN,2024-01-01T06:48:00+00:00,28084.73,1213.37,22,6,2,Wednesday,0,1,82,EIN,en,Bank account opening,0
ef337774-64bd-43d8-a303-e857a2f70063,synth_bd11e5efb128,itin,tabddpm_synthetic,,['en'],EIN,2024-08-15T23:02:00+00:00,100.0,6502.91,55,23,0,Monday,90,2000,0,EIN,en,Bank account opening,0
c26d1a6f-bf45-426f-aced-e6d3740db771,synth_64970875b982,itin,tabddpm_synthetic,,['en'],EIN,2024-09-04T00:35:00+00:00,8678.89,365.1,22,0,4,Friday,0,1,48,EIN,en,Bank account opening,1
dbf086de-3969-4c31-89e7-4e5f79510c5d,synth_7c8a8c360d9e,itin,tabddpm_synthetic,,['en'],EIN,2024-05-18T16:57:00+00:00,26472.68,391.64,22,16,4,Friday,0,1,80,EIN,en,Bank account opening,0
cc184477-aff8-4da7-bfe3-3fe247c13526,synth_70d95e6989f8,itin,tabddpm_synthetic,,['en'],EIN,2024-07-20T23:52:00+00:00,100.0,0.0,22,23,6,Sunday,16,2000,12,EIN,en,Bank account opening,0
33284235-ca5f-4090-9aa6-ff9e8165cd53,synth_ced3dd606eea,itin,tabddpm_synthetic,,['en'],EIN,2024-10-10T00:33:00+00:00,100000.0,50000.0,22,0,6,Sunday,0,1,100,EIN,en,Bank account opening,0
6dc4cf1f-3c4d-4172-95e1-8fea7e91d3b4,synth_623bc232849b,itin,tabddpm_synthetic,,['en'],EIN,2024-08-09T00:38:00+00:00,78583.13,2796.3,22,0,1,Tuesday,0,1,61,EIN,en,Bank account opening,0
435679b1-b47d-4ee7-bddf-2b0d622a7383,synth_d1dd702a7368,itin,tabddpm_synthetic,,['en'],EIN,2024-12-03T23:51:00+00:00,100.0,3013.46,55,23,0,Monday,90,2000,0,EIN,en,Bank account opening,0
7801882d-23bd-4930-a679-fd4ee480c16a,synth_f06fe5c0196e,itin,tabddpm_synthetic,,['en'],EIN,2024-11-29T00:04:00+00:00,100000.0,50000.0,55,0,0,Monday,90,1,100,EIN,en,Bank account opening,0
543a3f57-6a77-44ec-a36e-222d938dc112,synth_6e788338a642,itin,tabddpm_synthetic,,['en'],EIN,2024-11-10T23:11:00+00:00,100000.0,50000.0,22,23,6,Sunday,0,1,100,EIN,en,Bank account opening,0
3636009f-f53c-42d0-a079-2976a1f26ec8,synth_18fac15f424e,itin,tabddpm_synthetic,,['en'],EIN,2024-09-19T00:47:00+00:00,100.0,0.0,22,0,2,Wednesday,0,404,3,EIN,en,Bank account opening,0
17131a66-de9e-4aa2-82c4-da81191fce12,synth_8f986309ca55,itin,tabddpm_synthetic,,['en'],EIN,2024-09-18T00:55:00+00:00,5766.97,33.47,22,0,0,Monday,0,1,43,EIN,en,Bank account opening,0
ba040ba7-5950-4d1f-9013-d9a5e9b8e2c2,synth_46897d23caf4,itin,tabddpm_synthetic,,['en'],EIN,2024-03-25T23:19:00+00:00,100.0,0.0,22,23,6,Sunday,22,2000,2,EIN,en,Bank account opening,0
9ff1c1f9-8a91-462f-b1a6-710e87e18de2,synth_658b843bd295,itin,tabddpm_synthetic,,['en'],EIN,2024-11-14T00:54:00+00:00,100.0,0.0,22,0,1,Tuesday,0,1324,8,EIN,en,Bank account opening,0
552015be-2918-41ff-bae7-b9772c7e1a9c,synth_144533a5ded9,itin,tabddpm_synthetic,,['en'],EIN,2024-06-30T00:18:00+00:00,100.0,0.0,22,0,1,Tuesday,0,1,1,EIN,en,Bank account opening,0
f3a6235c-923a-4bda-b9c6-c64a360a4cfd,synth_44d1016a1816,itin,tabddpm_synthetic,,['en'],EIN,2024-04-08T23:10:00+00:00,100000.0,50000.0,22,23,0,Monday,90,1,100,EIN,en,Bank account opening,0
3f299332-9ca8-4be0-baae-912a83024b33,synth_2df0b60a143a,itin,tabddpm_synthetic,,['en'],EIN,2024-06-06T00:36:00+00:00,100000.0,50000.0,22,0,6,Sunday,90,1,100,EIN,en,Bank account opening,0
309cf946-9e8d-401c-a94c-b99223f9d1fd,synth_d9d4d0173102,itin,tabddpm_synthetic,,['en'],EIN,2024-11-20T23:38:00+00:00,100.0,0.0,22,23,6,Sunday,14,2000,9,EIN,en,Bank account opening,0
bc5f1365-f338-44c1-942f-30d97d800e0a,synth_71423d20262d,itin,tabddpm_synthetic,,['en'],EIN,2024-02-24T00:44:00+00:00,100.0,0.0,22,0,0,Monday,0,1395,0,EIN,en,Bank account opening,0
5dc57ea4-103c-44b9-b142-2690c236c3ce,synth_87287ea692db,itin,tabddpm_synthetic,,['en'],EIN,2024-08-28T00:02:00+00:00,100.0,301.17,22,0,6,Sunday,65,2000,23,EIN,en,Bank account opening,0
1092c4f1-7310-4f65-8d8c-90482805e3f3,synth_9e946f67c16d,itin,tabddpm_synthetic,,['en'],EIN,2024-04-19T20:22:00+00:00,100.0,0.0,22,20,6,Sunday,14,2000,2,EIN,en,Bank account opening,0
088fadb8-af77-4484-a8df-9353889ce428,synth_a47ed50ba4ce,itin,tabddpm_synthetic,,['en'],EIN,2024-12-20T23:03:00+00:00,100.0,8927.4,55,23,0,Monday,90,2000,0,EIN,en,Bank account opening,0
b1b67e4d-d1db-4e58-a688-f3a4f0bb7a30,synth_49ce2cc9abaa,itin,tabddpm_synthetic,,['en'],EIN,2024-09-02T00:26:00+00:00,9838.35,106.89,55,0,6,Sunday,56,1,72,EIN,en,Bank account opening,0
15bda8ab-694b-4746-9be0-3ff303edbefc,synth_ac18c7b2187f,itin,tabddpm_synthetic,,['en'],EIN,2024-02-06T23:24:00+00:00,100.0,4722.34,55,23,0,Monday,90,2000,0,EIN,en,Bank account opening,0
814f8bb6-6f65-44c9-b068-a55f1430bedd,synth_b78d2f3ca77d,itin,tabddpm_synthetic,,['en'],EIN,2024-04-09T23:33:00+00:00,100.0,0.0,22,23,6,Sunday,5,2000,9,EIN,en,Bank account opening,0
dfb23eb0-30bd-4867-8a11-7124c6654a0c,synth_fac4cf445da2,itin,tabddpm_synthetic,,['en'],EIN,2024-08-31T00:06:00+00:00,100000.0,50000.0,22,0,6,Sunday,90,1,100,EIN,en,Bank account opening,0
8bb74398-680b-4ce8-9f33-b05da95ca02b,synth_a17d35b9c422,itin,tabddpm_synthetic,,['en'],EIN,2024-08-23T23:25:00+00:00,100000.0,18782.18,22,23,6,Sunday,61,1,100,EIN,en,Bank account opening,0
0584ae5b-5fb9-4cc2-b1df-c926db8e5acb,synth_cbfa253dcbc8,itin,tabddpm_synthetic,,['en'],EIN,2024-09-09T19:34:00+00:00,100.0,0.0,22,19,6,Sunday,25,2000,8,EIN,en,Bank account opening,0
fd09d37a-55e6-4e14-80d2-94dfdec2ae4a,synth_349816c3840d,itin,tabddpm_synthetic,,['en'],EIN,2024-03-27T00:25:00+00:00,100000.0,50000.0,22,0,0,Monday,0,1,100,EIN,en,Bank account opening,1
7ea004c0-2cc9-421a-b5ec-b5b6d13d2f70,synth_81d325eb8927,itin,tabddpm_synthetic,,['en'],EIN,2024-02-03T19:01:00+00:00,100.0,1294.22,55,19,0,Monday,90,2000,0,EIN,en,Bank account opening,0
59342c89-d744-45f0-ae97-769a5aa7f532,synth_4a92dda12d51,itin,tabddpm_synthetic,,['en'],EIN,2024-05-30T23:29:00+00:00,100.0,0.0,22,23,6,Sunday,5,2000,5,EIN,en,Bank account opening,0
31c357fc-2692-429c-b3f1-e12977e12e40,synth_7f81668b8691,itin,tabddpm_synthetic,,['en'],EIN,2024-10-05T00:09:00+00:00,100000.0,50000.0,22,0,0,Monday,90,1,100,EIN,en,Bank account opening,0
8e36ae42-fd0d-476a-815c-0c7f36b3e1cf,synth_998b422c9e30,itin,tabddpm_synthetic,,['en'],ITIN,2024-04-27T23:59:00+00:00,13743.96,183.82,22,23,0,Monday,2,1,54,ITIN,en,Bank account opening,0
d69fe531-4306-4ca3-97be-8968d11357af,synth_4a3bbe2e0e55,itin,tabddpm_synthetic,,['en'],EIN,2024-10-21T16:12:00+00:00,7752.03,882.49,41,16,2,Wednesday,0,717,8,EIN,en,Bank account opening,0
4fbdf73f-3691-405f-8391-667eddc81cbf,synth_2683439fb2d7,itin,tabddpm_synthetic,,['es'],EIN,2024-02-21T14:38:00+00:00,100.0,207.84,55,14,0,Monday,59,2000,4,EIN,es,Bank account opening,0
ceeea072-e5be-4a28-95a8-6f467f1c0c79,synth_d404585e03b0,itin,tabddpm_synthetic,,['en'],EIN,2024-11-15T00:09:00+00:00,100000.0,50000.0,22,0,6,Sunday,0,1,100,EIN,en,Bank account opening,0
3355c60d-7920-4f16-b60c-4d93d5c7135f,synth_05919ccb7f87,itin,tabddpm_synthetic,,['en'],EIN,2024-06-09T23:30:00+00:00,100000.0,50000.0,22,23,0,Monday,90,1,100,EIN,en,Bank account opening,0
7dec5a0a-2850-4605-b997-90f1ae6b7dd4,synth_5cee0ff02374,itin,tabddpm_synthetic,,['en'],EIN,2024-08-17T23:57:00+00:00,100.0,4343.73,55,23,0,Monday,90,2000,0,EIN,en,Bank account opening,0
89ba6e6d-a14c-4dfb-a162-67ee142288b6,synth_71196ead02dd,itin,tabddpm_synthetic,,['en'],EIN,2024-05-11T00:39:00+00:00,100.0,153.35,22,0,6,Sunday,31,2000,21,EIN,en,Bank account opening,0
19a8ea49-b6e5-446a-a7f8-8f74a47c616e,synth_bb7b9c376c7c,itin,tabddpm_synthetic,,['en'],EIN,2024-06-19T23:13:00+00:00,100.0,1997.72,55,23,6,Sunday,90,2000,0,EIN,en,Bank account opening,0
c826a798-d235-418f-9f37-88bcae0a322f,synth_ecd85bba96a4,itin,tabddpm_synthetic,,['en'],EIN,2024-07-03T00:57:00+00:00,100000.0,10727.39,22,0,6,Sunday,0,1,95,EIN,en,Bank account opening,0
d7ef8fe7-b774-4671-aa56-db040e2b6dca,synth_a12506e7f56e,itin,tabddpm_synthetic,,['en'],EIN,2024-12-16T00:26:00+00:00,100000.0,50000.0,22,0,0,Monday,90,1,14,EIN,en,Bank account opening,0
6c96e501-9b26-405b-932a-d8d05e484540,synth_8cfff4485d05,itin,tabddpm_synthetic,,['en'],EIN,2024-06-08T00:56:00+00:00,100.0,0.0,22,0,0,Monday,0,1,1,EIN,en,Bank account opening,1
b603ac7c-e1ef-43c8-9d40-f9b876a20fea,synth_fa29300415d6,itin,tabddpm_synthetic,,['en'],ITIN,2024-01-24T13:25:00+00:00,100.0,102.88,22,13,2,Wednesday,1,2000,10,ITIN,en,Bank account opening,0
84dc5886-c96f-401b-97d5-c61aaecaafe4,synth_b94d67fc6bdd,itin,tabddpm_synthetic,,['en'],EIN,2024-06-23T23:17:00+00:00,100.0,2681.44,22,23,6,Sunday,54,2000,76,EIN,en,Bank account opening,1
e39f6fad-3c60-4a38-8cb0-daa8220ac0fd,synth_a38252dacd1e,itin,tabddpm_synthetic,,['en'],EIN,2024-01-21T23:21:00+00:00,100.0,5283.6,55,23,0,Monday,90,2000,0,EIN,en,Bank account opening,0
a332786f-eda1-4d09-94c5-707e49e9041f,synth_a324b3a43879,itin,tabddpm_synthetic,,['en'],EIN,2024-09-19T00:25:00+00:00,100000.0,50000.0,22,0,0,Monday,90,1,100,EIN,en,Bank account opening,1
6e337a6f-b23e-49f6-b2e2-f4e7daeabf9e,synth_1c01df027c7a,itin,tabddpm_synthetic,,['en'],EIN,2024-10-02T00:01:00+00:00,100000.0,50000.0,55,0,0,Monday,90,1,100,EIN,en,Bank account opening,0
023cb918-e08c-4960-985f-6fab6fded876,synth_a3648da45a88,itin,tabddpm_synthetic,,['en'],EIN,2024-06-03T18:13:00+00:00,20628.8,0.0,22,18,0,Monday,0,1,61,EIN,en,Bank account opening,0
6a7f6086-c7e9-4afd-a5ae-4b1714824968,synth_d20e173e2664,itin,tabddpm_synthetic,,['en'],EIN,2024-03-28T20:38:00+00:00,100.0,731.63,55,20,0,Monday,90,2000,16,EIN,en,Bank account opening,0
d3c1ea05-35f1-4bc3-b99a-77ff2f0f9cfd,synth_4675673bcc24,itin,tabddpm_synthetic,,['en'],EIN,2024-06-27T23:21:00+00:00,100.0,0.0,22,23,6,Sunday,15,2000,19,EIN,en,Bank account opening,0
63431b62-20ae-4ae6-ba8d-f075668f3e86,synth_e041dee7f3b0,itin,tabddpm_synthetic,,['en'],EIN,2024-12-16T00:22:00+00:00,100.0,4783.55,55,0,0,Monday,90,1,4,EIN,en,Bank account opening,0
76d0b80b-5ecb-48ae-9e1b-70e589f6b918,synth_95be843e6c60,itin,tabddpm_synthetic,,['en'],EIN,2024-11-30T00:16:00+00:00,100000.0,50000.0,55,0,6,Sunday,90,1,100,EIN,en,Bank account opening,0
e5210014-f9d7-493a-957e-f475ec814f81,synth_70203f88a1fc,itin,tabddpm_synthetic,,['en'],EIN,2024-08-22T00:35:00+00:00,100000.0,50000.0,22,0,6,Sunday,90,1,100,EIN,en,Bank account opening,0
d8daea18-df22-47ca-9c3d-2715c712b0b5,synth_5e052a6c43b1,itin,tabddpm_synthetic,,['en'],EIN,2024-11-02T00:38:00+00:00,255.99,98.95,22,0,1,Tuesday,0,2000,10,EIN,en,Bank account opening,0
edd32bf0-cc40-493b-b3c1-622f7bcfa66b,synth_654f9a757dfb,itin,tabddpm_synthetic,,['en'],EIN,2024-02-11T00:11:00+00:00,100.0,178.13,22,0,6,Sunday,61,2000,39,EIN,en,Bank account opening,0
0c20aef5-3014-4e10-894c-83f4960b252d,synth_51a31e6466c9,itin,tabddpm_synthetic,,['en'],EIN,2024-04-05T23:09:00+00:00,16525.74,0.0,22,23,0,Monday,0,1,65,EIN,en,Bank account opening,0
6f1d6021-9551-4557-b477-d458af4d7903,synth_d83ac83c3e8d,itin,tabddpm_synthetic,,['en'],EIN,2024-09-22T00:21:00+00:00,100000.0,50000.0,22,0,6,Sunday,0,1,100,EIN,en,Bank account opening,1
b22a6aba-8793-4de3-aae0-fba9f981c079,synth_5dbd4b51c4ef,itin,tabddpm_synthetic,,['en'],EIN,2024-10-21T00:08:00+00:00,100.0,209.78,55,0,6,Sunday,0,1087,1,EIN,en,Bank account opening,0
5f66fcdd-98b1-4d8a-9c66-7a499466ab29,synth_0005b426f0a3,itin,tabddpm_synthetic,,['en'],EIN,2024-07-14T23:22:00+00:00,100.0,286.06,22,23,6,Sunday,79,2000,23,EIN,en,Bank account opening,0
858d8a26-d541-4c2a-8297-3d2534a8a816,synth_997e7c7dc9ad,itin,tabddpm_synthetic,,['en'],EIN,2024-09-28T23:32:00+00:00,100000.0,50000.0,22,23,6,Sunday,0,1,100,EIN,en,Bank account opening,0
45b0e8fa-be34-4474-afe0-c4afcd1c0163,synth_ca31eb787401,itin,tabddpm_synthetic,,['en'],EIN,2024-03-23T20:13:00+00:00,100.0,0.0,22,20,6,Sunday,15,2000,5,EIN,en,Bank account opening,0
5f04729b-7e07-48e1-9675-a1087b0b27d2,synth_1be80ce1788e,itin,tabddpm_synthetic,,['en'],EIN,2024-05-08T23:13:00+00:00,100.0,2555.73,55,23,0,Monday,90,2000,0,EIN,en,Bank account opening,0
fbb9726f-6211-4060-8b59-6f026fdc7eec,synth_86de0eb1b1e8,itin,tabddpm_synthetic,,['en'],EIN,2024-01-27T00:48:00+00:00,100000.0,4186.64,22,0,1,Tuesday,0,1,100,EIN,en,Bank account opening,0
eacaf997-6aad-4556-8108-931ead319f3b,synth_7ba1301ee28f,itin,tabddpm_synthetic,,['en'],EIN,2024-04-09T23:09:00+00:00,100.0,6578.61,55,23,0,Monday,90,1,40,EIN,en,Bank account opening,0
3a0d0811-70f6-4d90-a93f-9caf26879b67,synth_7d6e46011d3c,itin,tabddpm_synthetic,,['en'],EIN,2024-03-25T00:23:00+00:00,38206.53,887.16,25,0,6,Sunday,0,1,100,EIN,en,Bank account opening,0
e668cc6b-673f-4697-83c5-7f967c807ef1,synth_c32f27dfe53f,itin,tabddpm_synthetic,,['en'],EIN,2024-06-05T00:41:00+00:00,100.0,0.0,26,0,6,Sunday,0,1,0,EIN,en,Bank account opening,0
ddb898c8-31fd-4388-8771-1766b4c6143e,synth_9177388f85be,itin,tabddpm_synthetic,,['en'],ITIN,2024-11-08T18:35:00+00:00,100.0,120.34,31,18,1,Tuesday,8,701,13,ITIN,en,Bank account opening,0
ceb79e02-11c8-41c2-8aef-9a3e9a00fcd6,synth_07a8fcc9a398,itin,tabddpm_synthetic,,['en'],EIN,2024-06-20T04:29:00+00:00,100.0,1700.09,55,4,0,Monday,90,1,20,EIN,en,Bank account opening,0
0bddfb0e-c71e-468a-8832-518329ca8d00,synth_0b4c8741cee7,itin,tabddpm_synthetic,,['en'],EIN,2024-12-12T23:00:00+00:00,10514.46,0.0,26,23,0,Monday,0,1,13,EIN,en,Bank account opening,0
48946d4c-7082-4e9f-bfdd-67f55cbca317,synth_bd26a7ef4545,itin,tabddpm_synthetic,,['en'],EIN,2024-08-24T00:02:00+00:00,100000.0,50000.0,22,0,6,Sunday,90,1,100,EIN,en,Bank account opening,0
b7cacd1c-4f69-4daa-8660-6b09b4087f9d,synth_39326fece644,itin,tabddpm_synthetic,,['en'],EIN,2024-03-26T10:01:00+00:00,100.0,0.0,22,10,6,Sunday,90,2000,15,EIN,en,Bank account opening,0
16701c15-7f8b-48a6-ae03-a7aca785c444,synth_f3b1f98e0633,itin,tabddpm_synthetic,,['en'],EIN,2024-03-08T00:27:00+00:00,27807.12,3617.22,55,0,6,Sunday,90,1,100,EIN,en,Bank account opening,0
c727ed2c-4037-406f-bef5-ec358d8a0acd,synth_cbe3ab40397b,itin,tabddpm_synthetic,,['en'],EIN,2024-08-28T00:06:00+00:00,100.0,0.0,22,0,1,Tuesday,0,1,0,EIN,en,Bank account opening,0
077671ee-bbf7-4d7f-910d-d49c75a62b51,synth_8d9af751f695,itin,tabddpm_synthetic,,['en'],EIN,2024-01-09T23:00:00+00:00,100000.0,50000.0,22,23,6,Sunday,0,1,100,EIN,en,Bank account opening,1
4a85b8ed-7e4e-4a73-b23a-8ef12e930fc0,synth_18a727811ed2,itin,tabddpm_synthetic,,['en'],EIN,2024-04-29T21:20:00+00:00,100.0,445.6,55,21,1,Tuesday,90,2000,8,EIN,en,Bank account opening,0
a5a56c02-1003-4645-9a92-19642c5cbffa,synth_258566c53a98,itin,tabddpm_synthetic,,['en'],EIN,2024-08-15T00:49:00+00:00,100000.0,5040.24,22,0,6,Sunday,0,1,100,EIN,en,Bank account opening,0
ec196f10-3ef4-4d6f-aeb5-3e20bdc13f83,synth_6a561c41f83f,itin,tabddpm_synthetic,,['en'],EIN,2024-11-06T15:25:00+00:00,100.0,369.28,22,15,6,Sunday,48,2000,11,EIN,en,Bank account opening,0
6d2cea92-31b8-4167-afd7-0e047d465919,synth_7b08fc59e47b,itin,tabddpm_synthetic,,['en'],EIN,2024-03-31T23:15:00+00:00,100000.0,50000.0,22,23,6,Sunday,0,1,100,EIN,en,Bank account opening,1
4d299569-a7a9-4820-83d9-3446302d451e,synth_8f6f0238373b,itin,tabddpm_synthetic,,['en'],EIN,2024-12-15T00:12:00+00:00,100.0,0.0,22,0,2,Wednesday,0,711,5,EIN,en,Bank account opening,0
0fa89a23-a75f-4fda-bddc-647d0b449f65,synth_7dfed63abf7a,itin,tabddpm_synthetic,,['en'],EIN,2024-05-30T00:00:00+00:00,100000.0,50000.0,22,0,6,Sunday,0,1,100,EIN,en,Bank account opening,1
39d3bea8-3fe2-4f7b-94ce-f6c0a1d2a9ad,synth_4a13f51f1bfd,itin,tabddpm_synthetic,,['en'],EIN,2024-07-01T23:31:00+00:00,100.0,33372.8,55,23,0,Monday,90,2000,89,EIN,en,Bank account opening,0
914fe320-1371-4fae-b8e7-7cc551b07025,synth_fbb3ae79c9e4,itin,tabddpm_synthetic,,['en'],EIN,2024-06-25T22:34:00+00:00,100.0,25844.6,55,22,0,Monday,90,2000,99,EIN,en,Bank account opening,0
3e66918c-0b6c-45d0-87ae-435a3aaf9e5a,synth_d52c89dd8ef2,itin,tabddpm_synthetic,,['en'],EIN,2024-02-02T00:05:00+00:00,100000.0,50000.0,55,0,0,Monday,90,1,100,EIN,en,Bank account opening,0
446ba796-056d-4731-9a0c-70f182f1ea1e,synth_afca6860d74d,itin,tabddpm_synthetic,,['en'],EIN,2024-06-15T17:02:00+00:00,5516.21,135.89,22,17,0,Monday,0,1,17,EIN,en,Bank account opening,0
3960bd23-29af-49fe-b149-68697b2700dd,synth_80318f7405b9,itin,tabddpm_synthetic,,['en'],EIN,2024-06-19T00:57:00+00:00,100.0,0.0,38,0,6,Sunday,0,1,0,EIN,en,Bank account opening,0
6a42ad2a-f810-4fbe-bbfe-fd0b06c32434,synth_9f31822b5615,itin,tabddpm_synthetic,,['en'],EIN,2024-03-14T00:12:00+00:00,4121.31,188.54,33,0,1,Tuesday,0,2000,12,EIN,en,Bank account opening,0
60ea9e24-967f-4188-a87f-31cee87f9c10,synth_4e86ccd27033,itin,tabddpm_synthetic,,['en'],EIN,2024-12-16T09:27:00+00:00,100.0,0.0,22,9,6,Sunday,90,2000,19,EIN,en,Bank account opening,0
732627cb-475a-4012-92e8-a7e23537773b,synth_61f7ca91d6f4,itin,tabddpm_synthetic,,['en'],EIN,2024-02-22T23:27:00+00:00,100000.0,50000.0,22,23,6,Sunday,0,1,100,EIN,en,Bank account opening,0
8b52b9b4-4361-4172-928d-d469758f0bdb,synth_bc34df4d2e43,itin,tabddpm_synthetic,,['en'],EIN,2024-05-13T23:13:00+00:00,100.0,1459.87,55,23,6,Sunday,90,2000,0,EIN,en,Bank account opening,0
1f97a935-fcd8-4f97-9943-0f22d8888fc9,synth_2bad43985ba0,itin,tabddpm_synthetic,,['en'],EIN,2024-04-01T00:33:00+00:00,100000.0,50000.0,22,0,0,Monday,85,1,0,EIN,en,Bank account opening,0
1c613517-a6a9-4982-840f-aa2e96d9e0a1,synth_61cb68a4e938,itin,tabddpm_synthetic,,['es'],EIN,2024-12-19T16:48:00+00:00,1754.5,152.25,27,16,0,Monday,11,2000,8,EIN,es,Bank account opening,0
2b603ac3-9233-481e-8e2f-d800f01a1cb2,synth_b95387873e0d,itin,tabddpm_synthetic,,['en'],EIN,2024-11-01T00:28:00+00:00,100000.0,3818.21,22,0,6,Sunday,0,1,100,EIN,en,Bank account opening,1
d96f305d-292a-461a-ab8a-801515157ef5,synth_0af4dd4b6270,itin,tabddpm_synthetic,,['en'],EIN,2024-02-25T00:30:00+00:00,100000.0,32485.96,22,0,0,Monday,0,1,100,EIN,en,Bank account opening,1
c96dfd62-173a-467a-967c-8e65825ae4da,synth_c1941fd97a9b,itin,tabddpm_synthetic,,['en'],EIN,2024-02-15T12:11:00+00:00,2936.46,69.15,52,12,0,Monday,9,2000,10,EIN,en,Bank account opening,0
208d5d94-015d-4cda-8154-75e6cfd15bfc,synth_ca0ab89a8a4e,itin,tabddpm_synthetic,,['en'],EIN,2024-08-06T00:28:00+00:00,72117.49,1941.47,22,0,6,Sunday,0,1,100,EIN,en,Bank account opening,0
565b8316-3933-4537-b621-7c5012187e4e,synth_656386f9b40a,itin,tabddpm_synthetic,,['en'],EIN,2024-01-04T15:22:00+00:00,100.0,198.8,34,15,1,Tuesday,7,2000,7,EIN,en,Bank account opening,0
f229c002-5152-4c63-ac6a-8d7251b13586,synth_c1ee78076e34,itin,tabddpm_synthetic,,['en'],EIN,2024-02-13T09:56:00+00:00,21992.6,0.0,22,9,0,Monday,0,1,67,EIN,en,Bank account opening,0
5c3e9fa6-5d39-4983-ac6c-de0934bb44cc,synth_e69569a20703,itin,tabddpm_synthetic,,['en'],EIN,2024-11-03T23:20:00+00:00,100.0,3798.79,55,23,0,Monday,90,2000,0,EIN,en,Bank account opening,0
aac37038-ecd0-42f0-92bf-9088c1313fe5,synth_b58274225d29,itin,tabddpm_synthetic,,['en'],EIN,2024-07-02T00:23:00+00:00,100000.0,50000.0,22,0,6,Sunday,0,1,100,EIN,en,Bank account opening,0
89e39a5a-f2c9-4ba1-998a-8388391f9b0c,synth_32be735828ce,itin,tabddpm_synthetic,,['en'],EIN,2024-10-23T23:22:00+00:00,100.0,9010.17,55,23,0,Monday,90,2000,0,EIN,en,Bank account opening,0
9a75a1b3-c2ca-4b39-bdcc-ce7faf62c6ad,synth_695d84d37212,itin,tabddpm_synthetic,,['en'],EIN,2024-03-16T23:31:00+00:00,100.0,329.13,22,23,6,Sunday,8,2000,16,EIN,en,Bank account opening,0
fec02715-eb5b-4422-8398-10135a6b1d1e,synth_207dca133aad,itin,tabddpm_synthetic,,['en'],EIN,2024-02-10T21:59:00+00:00,100.0,0.0,22,21,6,Sunday,5,2000,10,EIN,en,Bank account opening,0
d136aeb1-48a3-4814-8bd0-168da8f6b24e,synth_15b15c9cea85,itin,tabddpm_synthetic,,['en'],EIN,2024-09-25T23:46:00+00:00,100.0,0.0,22,23,6,Sunday,3,799,17,EIN,en,Bank account opening,0
ef526d1e-574e-466d-8d91-eb2c638f0927,synth_1bef5327f16d,itin,tabddpm_synthetic,,['en'],EIN,2024-01-02T00:18:00+00:00,100.0,436.79,22,0,6,Sunday,1,1,0,EIN,en,Bank account opening,0
ff93cf8a-3d99-4aa9-81fc-1316d713cac9,synth_751ce77778ae,itin,tabddpm_synthetic,,['en'],EIN,2024-12-17T23:32:00+00:00,100.0,0.0,22,23,2,Wednesday,2,2000,16,EIN,en,Bank account opening,0
cad99a11-5f72-42d9-baa7-b70f9aac0aa4,synth_c76c91e7f0ae,itin,tabddpm_synthetic,,['en'],EIN,2024-05-06T00:03:00+00:00,100.0,0.0,22,0,0,Monday,0,1812,4,EIN,en,Bank account opening,0
2d4748eb-5d22-4fe3-97ae-642b3882c001,synth_67ed4c459f5f,itin,tabddpm_synthetic,,['en'],EIN,2024-02-16T00:29:00+00:00,1735.85,363.23,22,0,5,Saturday,0,1,24,EIN,en,Bank account opening,0
b02264de-6b15-4094-b96b-e1f90644aa38,synth_ca6fe1d68079,itin,tabddpm_synthetic,,['en'],EIN,2024-12-20T04:30:00+00:00,100.0,4824.27,55,4,6,Sunday,90,2000,0,EIN,en,Bank account opening,0
a8b700ea-0f30-4ac9-82d6-da928425af0a,synth_97cdfd64599f,itin,tabddpm_synthetic,,['en'],EIN,2024-09-15T23:20:00+00:00,100000.0,50000.0,22,23,2,Wednesday,0,1,100,EIN,en,Bank account opening,0
ac8f9d92-42d9-448b-82f9-c5bcfd8a0f89,synth_f367b84e9723,itin,tabddpm_synthetic,,['en'],EIN,2024-09-19T00:49:00+00:00,100000.0,16572.63,22,0,6,Sunday,0,1,100,EIN,en,Bank account opening,0
16d08b24-583b-4695-be6e-1f07c82577e0,synth_8fa33e09d215,itin,tabddpm_synthetic,,['en'],EIN,2024-09-25T07:59:00+00:00,7883.49,103.14,26,7,0,Monday,0,872,10,EIN,en,Bank account opening,0
d724296c-cea8-488e-893a-1958e97b40b2,synth_b1d90eda5fe6,itin,tabddpm_synthetic,,['es'],EIN,2024-07-17T22:17:00+00:00,1041.1,0.0,22,22,0,Monday,0,1940,13,EIN,es,Bank account opening,0
f3581a55-5a24-4bb0-80f0-a2407237aeac,synth_565b5491e240,itin,tabddpm_synthetic,,['es'],EIN,2024-10-22T00:12:00+00:00,100.0,0.0,23,0,0,Monday,0,2000,5,EIN,es,Bank account opening,0
67de9e5b-0688-4ecf-80d6-649ff537969d,synth_a623141c141b,itin,tabddpm_synthetic,,['en'],EIN,2024-06-09T23:35:00+00:00,100000.0,50000.0,55,23,0,Monday,90,2000,100,EIN,en,Bank account opening,0
c1d97e5a-f331-4d21-aa46-b81e0d570e94,synth_a0ede9805b6f,itin,tabddpm_synthetic,,['en'],EIN,2024-10-08T00:50:00+00:00,100000.0,50000.0,55,0,0,Monday,90,1,0,EIN,en,Bank account opening,0
c27b3d99-ec15-482a-823d-71ab773330ec,synth_fc51a9195635,itin,tabddpm_synthetic,,['en'],EIN,2024-05-23T00:38:00+00:00,100.0,261.62,22,0,6,Sunday,62,2000,37,EIN,en,Bank account opening,0
de4f21df-b8c8-40bf-a82b-0e53a045c046,synth_d364549bfde3,itin,tabddpm_synthetic,,['en'],EIN,2024-12-26T20:39:00+00:00,100.0,0.0,22,20,6,Sunday,25,2000,9,EIN,en,Bank account opening,0
bb38f8fb-daaf-49ef-b3a2-71a2db631d47,synth_eb667581d141,itin,tabddpm_synthetic,,['en'],ITIN,2024-09-20T14:00:00+00:00,100.0,46.78,55,14,5,Saturday,0,2000,12,ITIN,en,Bank account opening,0
562db028-c548-4f57-a930-78c2ecde303e,synth_5118bbef25ec,itin,tabddpm_synthetic,,['en'],EIN,2024-05-23T00:19:00+00:00,100000.0,50000.0,22,0,6,Sunday,0,1,100,EIN,en,Bank account opening,0
08ad796a-3f48-4b5e-8e8e-095b9f636189,synth_c199327563e0,itin,tabddpm_synthetic,,['en'],EIN,2024-03-15T00:31:00+00:00,100000.0,50000.0,22,0,0,Monday,0,1,100,EIN,en,Bank account opening,0
ae5204d5-11f9-454c-acef-99354f8678fd,synth_d7e804a3589f,itin,tabddpm_synthetic,,['en'],EIN,2024-01-04T00:18:00+00:00,100000.0,50000.0,55,0,0,Monday,90,1,100,EIN,en,Bank account opening,0
b1d3db67-b51f-4ce1-a9d9-3f3f37a75649,synth_28340ce54175,itin,tabddpm_synthetic,,['en'],EIN,2024-12-13T20:13:00+00:00,100.0,0.0,22,20,6,Sunday,10,2000,5,EIN,en,Bank account opening,0
acb64ea4-3227-45ca-a1be-a23568ba4adf,synth_0462b0c8b6a2,itin,tabddpm_synthetic,,['es'],EIN,2024-04-21T00:01:00+00:00,100.0,280.86,55,0,1,Tuesday,44,467,11,EIN,es,Bank account opening,0
14ad328f-4c9a-462f-8f84-412a4581e078,synth_59d7af00c21f,itin,tabddpm_synthetic,,['en'],EIN,2024-06-09T00:22:00+00:00,100000.0,50000.0,22,0,6,Sunday,0,1,100,EIN,en,Bank account opening,1
67ef49fc-9f0f-4ec8-ba31-55baade84602,synth_4af3b55b8032,itin,tabddpm_synthetic,,['en'],EIN,2024-02-10T17:03:00+00:00,100.0,1451.23,55,17,0,Monday,90,1,0,EIN,en,Bank account opening,0
c5c59cea-6e3a-4251-91fa-11a9b6d2bdff,synth_59faab567d88,itin,tabddpm_synthetic,,['en'],EIN,2024-05-26T00:38:00+00:00,100000.0,50000.0,22,0,0,Monday,0,1,100,EIN,en,Bank account opening,1
87d2285d-6052-4b9c-9fcb-1d47901d7501,synth_e92cf6f7be51,itin,tabddpm_synthetic,,['en'],EIN,2024-09-28T23:58:00+00:00,100000.0,50000.0,22,23,6,Sunday,0,1,100,EIN,en,Bank account opening,0
4c3e211c-d345-4d69-9011-56190baeae3c,synth_12b76e540d50,itin,tabddpm_synthetic,,['en'],EIN,2024-02-15T23:53:00+00:00,100.0,45705.0,55,23,0,Monday,90,2000,0,EIN,en,Bank account opening,0
69818fac-51f0-4e14-9a20-7d1fef19e90b,synth_2418c55b03db,itin,tabddpm_synthetic,,['en'],EIN,2024-09-02T23:33:00+00:00,100000.0,5829.77,22,23,6,Sunday,0,1,100,EIN,en,Bank account opening,0
d7ccbf13-4774-492e-903d-002719165a1d,synth_b31aeb082453,itin,tabddpm_synthetic,,['en'],EIN,2024-05-15T23:40:00+00:00,100000.0,26289.64,22,23,6,Sunday,90,1,100,EIN,en,Bank account opening,0
7f9af268-38cb-4951-b1bc-dac7b507f557,synth_bcbb5a5586b4,itin,tabddpm_synthetic,,['en'],EIN,2024-11-14T00:06:00+00:00,100000.0,50000.0,36,0,0,Monday,0,1,36,EIN,en,Bank account opening,0
85c19c4c-142b-4c10-80d2-6ac3892deb55,synth_2a0a0f5c0766,itin,tabddpm_synthetic,,['en'],EIN,2024-07-26T00:07:00+00:00,100000.0,50000.0,55,0,6,Sunday,90,1,100,EIN,en,Bank account opening,0
07afb140-24c1-4287-a012-ebc00184b565,synth_d5a6690f1d23,itin,tabddpm_synthetic,,['en'],EIN,2024-01-11T23:52:00+00:00,100000.0,37954.09,22,23,6,Sunday,90,1,100,EIN,en,Bank account opening,1
41625409-cf31-4b93-aedc-fd81ee896432,synth_a1daf33cb955,itin,tabddpm_synthetic,,['en'],EIN,2024-03-16T00:30:00+00:00,100.0,4757.67,55,0,6,Sunday,90,2000,0,EIN,en,Bank account opening,0
c2e57891-49cb-4d02-acdd-e22b291a9882,synth_e9e9c3f5eac9,itin,tabddpm_synthetic,,['en'],EIN,2024-12-03T00:24:00+00:00,100.0,156.85,42,0,6,Sunday,0,1,17,EIN,en,Bank account opening,0
0ea5b22f-1125-4a2b-b642-f86e12f704f1,synth_f6872f8a631c,itin,tabddpm_synthetic,,['en'],EIN,2024-06-09T23:48:00+00:00,100.0,0.0,22,23,6,Sunday,40,2000,18,EIN,en,Bank account opening,0
4c2f4a27-05b5-4338-97cb-47b61e227919,synth_5d4a53cfa980,itin,tabddpm_synthetic,,['en'],EIN,2024-11-15T00:28:00+00:00,100000.0,50000.0,55,0,0,Monday,90,1,0,EIN,en,Bank account opening,0
bc2a1d73-6318-44f5-842a-f33bb074f098,synth_289e5cd8a7dd,itin,tabddpm_synthetic,,['en'],EIN,2024-06-16T00:44:00+00:00,100000.0,50000.0,22,0,6,Sunday,0,1,100,EIN,en,Bank account opening,0
0e76a9f3-cb25-49c3-aaec-5465e1048e6c,synth_843f6c30daf3,itin,tabddpm_synthetic,,['en'],EIN,2024-05-02T00:02:00+00:00,100.0,0.0,40,0,6,Sunday,0,1,23,EIN,en,Bank account opening,0
ccbb7ddd-e4f6-4f41-8ae5-9d9410c32f5e,synth_991d12e887f7,itin,tabddpm_synthetic,,['en'],EIN,2024-03-25T00:28:00+00:00,8885.25,1886.63,55,0,0,Monday,90,1,36,EIN,en,Bank account opening,0
d6bed3ec-2b76-457e-a3e9-69534119f75a,synth_3d47a3b08866,itin,tabddpm_synthetic,,['en'],EIN,2024-04-29T00:43:00+00:00,94660.76,2816.68,22,0,6,Sunday,0,1,100,EIN,en,Bank account opening,0
904a4496-769f-443d-9f03-1242d746c1ba,synth_0eceecfc2cc5,itin,tabddpm_synthetic,,['en'],EIN,2024-08-07T23:44:00+00:00,100000.0,50000.0,22,23,6,Sunday,0,1,100,EIN,en,Bank account opening,1
8a779b35-4fe0-42a0-814e-e6b02bc0106c,synth_ceec06c69613,itin,tabddpm_synthetic,,['en'],EIN,2024-12-15T23:25:00+00:00,100.0,0.0,22,23,6,Sunday,15,2000,9,EIN,en,Bank account opening,0
78e8771f-ebd4-488a-8b3f-6f76c6881440,synth_55902fe0685b,itin,tabddpm_synthetic,,['en'],EIN,2024-10-30T00:33:00+00:00,100.0,0.0,22,0,6,Sunday,0,1,0,EIN,en,Bank account opening,0
4e0dc137-9fe0-4a84-9a77-5b651ff5a14b,synth_89649f7e009f,itin,tabddpm_synthetic,,['en'],EIN,2024-02-23T03:44:00+00:00,100.0,0.0,27,3,4,Friday,0,1713,8,EIN,en,Bank account opening,0
0c6fcbd7-694a-4213-aa38-0441b443ea88,synth_3e95c69e8b12,itin,tabddpm_synthetic,,['en'],EIN,2024-07-21T23:53:00+00:00,100000.0,50000.0,22,23,6,Sunday,0,1,100,EIN,en,Bank account opening,0
3ea96f80-6fef-4a89-9355-08574cae5d7c,synth_f93d671af352,itin,tabddpm_synthetic,,['en'],EIN,2024-08-12T23:52:00+00:00,100.0,0.0,22,23,6,Sunday,24,2000,5,EIN,en,Bank account opening,0
b302172a-9b11-40b6-81f5-a04202fee4c1,synth_d24394ed9746,itin,tabddpm_synthetic,,['en'],EIN,2024-04-29T23:10:00+00:00,100.0,7215.2,55,23,0,Monday,90,2000,0,EIN,en,Bank account opening,0
c7364e75-563a-4c43-b0f2-1ec37358f958,synth_5e34bbbe3c26,itin,tabddpm_synthetic,,['en'],EIN,2024-11-11T00:06:00+00:00,100.0,0.0,22,0,0,Monday,0,2000,0,EIN,en,Bank account opening,0
e1ca76c7-0273-4a8a-91b5-c335045409b8,synth_c17abc26c7c9,itin,tabddpm_synthetic,,['en'],EIN,2024-02-14T00:55:00+00:00,100000.0,50000.0,22,0,6,Sunday,0,1,100,EIN,en,Bank account opening,0
b55c40af-89ed-4d39-be3d-92b1c35c4a59,synth_a87d8a871a93,itin,tabddpm_synthetic,,['en'],EIN,2024-05-27T00:42:00+00:00,100000.0,50000.0,22,0,0,Monday,90,1,100,EIN,en,Bank account opening,0
d3b53887-5e34-4d72-b4f0-822bb5e8f148,synth_b7faf4e7ffe8,itin,tabddpm_synthetic,,['en'],EIN,2024-11-06T00:53:00+00:00,100000.0,50000.0,55,0,0,Monday,90,1,100,EIN,en,Bank account opening,0
eb33b244-f8f1-409e-8a68-fd22747ffd3c,synth_0d8c309377b5,itin,tabddpm_synthetic,,['en'],EIN,2024-07-02T00:12:00+00:00,100.0,310.34,22,0,6,Sunday,0,1,40,EIN,en,Bank account opening,0
7c467308-c83b-4811-98fe-767dca403240,synth_c325eb833196,itin,tabddpm_synthetic,,['en'],EIN,2024-07-08T00:05:00+00:00,22749.21,1112.56,22,0,6,Sunday,0,1,77,EIN,en,Bank account opening,0
0cc1d2ec-917f-4a06-9c8f-e28b9878f241,synth_4e5e8c1f692f,itin,tabddpm_synthetic,,['en'],EIN,2024-01-16T23:00:00+00:00,100000.0,50000.0,22,23,6,Sunday,0,1,100,EIN,en,Bank account opening,1
876c047f-e7e9-414e-943b-306c1a34f4ec,synth_6652b545e1b9,itin,tabddpm_synthetic,,['en'],EIN,2024-12-17T23:16:00+00:00,100.0,1869.03,55,23,0,Monday,90,2000,0,EIN,en,Bank account opening,0
2be25a21-c1cd-46ee-b17c-77be43e7e979,synth_6639ff87e660,itin,tabddpm_synthetic,,['en'],EIN,2024-01-29T23:05:00+00:00,100000.0,50000.0,22,23,6,Sunday,0,1,100,EIN,en,Bank account opening,1
aa920ad6-79ed-4ae6-9328-56a833a6ba74,synth_09c356455e56,itin,tabddpm_synthetic,,['en'],EIN,2024-02-13T00:54:00+00:00,100000.0,50000.0,22,0,6,Sunday,90,1,100,EIN,en,Bank account opening,1
134d70cc-9955-4658-9579-86392c7fa852,synth_f2cfa4f78341,itin,tabddpm_synthetic,,['en'],EIN,2024-06-05T00:56:00+00:00,100.0,0.0,22,0,0,Monday,0,991,7,EIN,en,Bank account opening,0
cc032a37-62f1-4695-b914-af8d4fa53239,synth_9ff4cf5c5ebf,itin,tabddpm_synthetic,,['es'],EIN,2024-01-12T18:06:00+00:00,100.0,0.0,22,18,5,Saturday,13,2000,6,EIN,es,Bank account opening,0
c33935fe-269c-46b3-8baf-f8c9f209113b,synth_4840e3e7965a,itin,tabddpm_synthetic,,['en'],EIN,2024-10-16T00:19:00+00:00,100.0,557.83,22,0,6,Sunday,21,2000,28,EIN,en,Bank account opening,0
ece13711-f550-4d86-b9d4-f65deacf0900,synth_2b90566af5ae,itin,tabddpm_synthetic,,['en'],EIN,2024-05-08T00:23:00+00:00,100.0,0.0,22,0,6,Sunday,0,1,22,EIN,en,Bank account opening,0
20cf35a9-71df-4fb0-9096-630bf40e1a26,synth_c33d3f971d0a,itin,tabddpm_synthetic,,['en'],EIN,2024-08-17T00:11:00+00:00,100.0,0.0,22,0,1,Tuesday,0,2000,0,EIN,en,Bank account opening,0
8eb4d0d6-1755-44ff-a5b3-b3e3181ba1d2,synth_98c0264ae401,itin,tabddpm_synthetic,,['en'],EIN,2024-09-04T06:05:00+00:00,100.0,735.48,55,6,0,Monday,90,1,25,EIN,en,Bank account opening,0
f489cd5b-2ebe-4605-9a48-c6fa5828927f,synth_4cbde991e681,itin,tabddpm_synthetic,,['en'],EIN,2024-03-09T00:13:00+00:00,100000.0,50000.0,22,0,0,Monday,0,1,100,EIN,en,Bank account opening,0
b431aaaa-9b8c-4973-98ce-bdc7c00a9ea2,synth_3a18a52888e1,itin,tabddpm_synthetic,,['en'],EIN,2024-11-27T00:52:00+00:00,100000.0,50000.0,22,0,0,Monday,90,1,100,EIN,en,Bank account opening,0
43044cec-1e4e-4514-9c92-69529697b1df,synth_171ad283d4b8,itin,tabddpm_synthetic,,['en'],EIN,2024-10-14T05:55:00+00:00,100.0,1151.67,55,5,6,Sunday,90,2000,0,EIN,en,Bank account opening,0
0824898b-134b-4385-8f11-7a6cc48a45f3,synth_667daa2fb56a,itin,tabddpm_synthetic,,['en'],EIN,2024-08-02T23:33:00+00:00,100.0,9993.39,55,23,0,Monday,90,2000,0,EIN,en,Bank account opening,0
7829dd9e-ce58-43cb-8a5a-277e691bddd7,synth_f1be28871a69,itin,tabddpm_synthetic,,['en'],EIN,2024-05-15T00:21:00+00:00,26305.78,869.84,22,0,6,Sunday,0,1,73,EIN,en,Bank account opening,0
fdc3233c-cb8c-4147-9aa5-99026ddcd432,synth_0ba55655b082,itin,tabddpm_synthetic,,['en'],EIN,2024-01-05T10:00:00+00:00,4104.85,420.05,55,10,0,Monday,13,2000,17,EIN,en,Bank account opening,0
933d3324-4551-4b56-bfe5-9e423e7677eb,synth_b935b3929834,itin,tabddpm_synthetic,,['en'],EIN,2024-09-22T22:30:00+00:00,100.0,0.0,22,22,6,Sunday,38,2000,11,EIN,en,Bank account opening,0
8f26b286-0d05-48a4-b6c8-08cb34b33ba3,synth_876e6378e711,itin,tabddpm_synthetic,,['en'],EIN,2024-04-05T00:25:00+00:00,100000.0,50000.0,22,0,6,Sunday,90,1,100,EIN,en,Bank account opening,0
8a7cdb72-0cef-457d-95a5-e33b38e33450,synth_5bed0b649b63,itin,tabddpm_synthetic,,['en'],EIN,2024-12-07T00:35:00+00:00,100000.0,50000.0,55,0,0,Monday,90,1,100,EIN,en,Bank account opening,0
13c3422c-3976-4459-8bbc-684e2f91cc3c,synth_adf9a134763f,itin,tabddpm_synthetic,,['en'],EIN,2024-09-07T00:18:00+00:00,100.0,0.0,22,0,0,Monday,0,2000,4,EIN,en,Bank account opening,0
cd308549-04a1-43e6-b0a9-9baf8c649113,synth_ee7967591bdd,itin,tabddpm_synthetic,,['en'],EIN,2024-08-22T00:48:00+00:00,100.0,0.0,55,0,6,Sunday,0,1970,0,EIN,en,Bank account opening,0
df198192-af8b-44ba-a3b5-9007b80de875,synth_29644dd90b25,itin,tabddpm_synthetic,,['en'],EIN,2024-05-01T00:54:00+00:00,100.0,736.49,22,0,6,Sunday,16,1,0,EIN,en,Bank account opening,0
4160da43-946d-4d26-be9e-451a06bd76e1,synth_8daf314c9a8b,itin,tabddpm_synthetic,,['en'],EIN,2024-06-17T23:39:00+00:00,100.0,2473.91,55,23,0,Monday,90,2000,0,EIN,en,Bank account opening,0
3a3411eb-626a-4bd3-a1d7-f01e6ce9e081,synth_a395db8a7b6b,itin,tabddpm_synthetic,,['en'],EIN,2024-01-07T23:19:00+00:00,100.0,3010.3,55,23,0,Monday,90,2000,0,EIN,en,Bank account opening,0
3be792b8-68d0-4282-a041-97a6842d6a97,synth_f48f84e4ee95,itin,tabddpm_synthetic,,['en'],EIN,2024-09-23T00:49:00+00:00,100.0,0.0,22,0,0,Monday,0,1,8,EIN,en,Bank account opening,0
16092826-ee85-48b0-ab1d-28a5661c7735,synth_577efccb548a,itin,tabddpm_synthetic,,['en'],EIN,2024-12-03T00:08:00+00:00,100000.0,8144.06,22,0,0,Monday,0,1,100,EIN,en,Bank account opening,1
134e0b37-5c8e-48d7-bc22-b657f85b5edc,synth_0c28d1e16309,itin,tabddpm_synthetic,,['en'],EIN,2024-09-06T23:55:00+00:00,100.0,751.71,55,23,0,Monday,90,2000,6,EIN,en,Bank account opening,0
6602cb23-8d21-42ed-9b8b-48625f1a6597,synth_1ffa7c3be22c,itin,tabddpm_synthetic,,['en'],EIN,2024-02-15T18:31:00+00:00,100.0,0.0,22,18,6,Sunday,11,2000,6,EIN,en,Bank account opening,0
eb680a64-6ad3-41bc-b7ae-de7fc230557f,synth_b572c7d70500,itin,tabddpm_synthetic,,['en'],EIN,2024-12-14T00:32:00+00:00,100000.0,50000.0,22,0,0,Monday,90,1,41,EIN,en,Bank account opening,0
ce9b9846-6212-4c8f-91ec-0fea66971e46,synth_a7c58dff290e,itin,tabddpm_synthetic,,['en'],EIN,2024-07-22T00:12:00+00:00,100000.0,9371.06,22,0,6,Sunday,0,1,100,EIN,en,Bank account opening,0
5a600048-10e1-4d5f-a547-91093b7db274,synth_99507504d423,itin,tabddpm_synthetic,,['en'],EIN,2024-10-01T00:09:00+00:00,100.0,4822.86,55,0,0,Monday,90,1,100,EIN,en,Bank account opening,0
e914bb0e-b7f8-4db8-8bbf-a8afc0ba267a,synth_5f5c9453790c,itin,tabddpm_synthetic,,['en'],EIN,2024-04-25T23:54:00+00:00,100.0,10286.75,55,23,0,Monday,90,2000,0,EIN,en,Bank account opening,0
6b84ffa7-c9cd-4998-8de9-e414a8f451c9,synth_21959790ade9,itin,tabddpm_synthetic,,['en'],EIN,2024-04-09T00:01:00+00:00,100000.0,50000.0,22,0,0,Monday,90,1,100,EIN,en,Bank account opening,0
7d1287f0-9092-4811-865d-240fdf60f0cb,synth_6a43625f9563,itin,tabddpm_synthetic,,['en'],EIN,2024-02-29T00:25:00+00:00,100000.0,50000.0,22,0,0,Monday,0,1,100,EIN,en,Bank account opening,0
b64bd8b4-47d6-41ae-8530-45d929709a7c,synth_fb8e5be87fd5,itin,tabddpm_synthetic,,['en'],EIN,2024-08-17T00:52:00+00:00,6855.5,0.0,22,0,2,Wednesday,0,1,0,EIN,en,Bank account opening,0
4fe167bf-b75b-4511-ac33-9b1825caae0d,synth_11abda5d173f,itin,tabddpm_synthetic,,['en'],EIN,2024-06-09T23:47:00+00:00,100.0,0.0,22,23,6,Sunday,19,2000,13,EIN,en,Bank account opening,0
83a06b38-d0bf-4bc4-a052-bc58e3ed3994,synth_90f51f8866f5,itin,tabddpm_synthetic,,['en'],EIN,2024-08-29T23:59:00+00:00,100000.0,50000.0,22,23,6,Sunday,0,1,100,EIN,en,Bank account opening,1
56d0c09d-49ef-4a3b-bbef-01d550255cba,synth_584781c33df2,itin,tabddpm_synthetic,,['en'],EIN,2024-02-29T23:50:00+00:00,100.0,13651.92,55,23,0,Monday,90,2000,0,EIN,en,Bank account opening,0
7b19f598-206b-4361-a094-a2cc0b3b0e42,synth_5eb6d7d34afa,itin,tabddpm_synthetic,,['en'],EIN,2024-07-13T18:45:00+00:00,100.0,0.0,28,18,1,Tuesday,11,2000,7,EIN,en,Bank account opening,0
a8089726-c73a-45ef-8642-39f192568622,synth_e36d77f50f40,itin,tabddpm_synthetic,,['en'],EIN,2024-01-16T23:47:00+00:00,100.0,5526.04,55,23,0,Monday,90,2000,0,EIN,en,Bank account opening,0
6f8f8447-feb9-4875-85f2-fdce9d0b0018,synth_54f8c1832ec0,itin,tabddpm_synthetic,,['en'],EIN,2024-06-11T09:15:00+00:00,100.0,194.27,22,9,6,Sunday,33,2000,45,EIN,en,Bank account opening,0
1a368309-f954-4570-bccf-e77022422599,synth_8d47d75d0335,itin,tabddpm_synthetic,,['en'],EIN,2024-04-30T00:11:00+00:00,100000.0,50000.0,22,0,6,Sunday,0,1,100,EIN,en,Bank account opening,0
60224870-a861-4345-a889-6ee450877399,synth_665564fa398b,itin,tabddpm_synthetic,,['en'],EIN,2024-08-29T13:16:00+00:00,100.0,316.67,22,13,6,Sunday,19,2000,4,EIN,en,Bank account opening,0
c954b769-044c-4a35-a2d1-52769d33d9e1,synth_208e11ec94dd,itin,tabddpm_synthetic,,['en'],EIN,2024-04-13T23:35:00+00:00,100.0,6233.14,55,23,0,Monday,90,2000,26,EIN,en,Bank account opening,0
c236e08f-65d6-447c-aa98-a55d68414163,synth_e6e30c563194,itin,tabddpm_synthetic,,['en'],EIN,2024-12-17T00:07:00+00:00,100.0,0.0,22,0,4,Friday,0,1225,1,EIN,en,Bank account opening,0
5c880218-8cbf-45be-b21f-e6db94682fe4,synth_20f4a8a7dd63,itin,tabddpm_synthetic,,['en'],EIN,2024-10-17T12:52:00+00:00,100.0,0.0,22,12,6,Sunday,24,2000,5,EIN,en,Bank account opening,0
7cbc2775-0f68-44f2-99b5-b1c14388e247,synth_62e4df0ecf94,itin,tabddpm_synthetic,,['en'],EIN,2024-12-24T00:09:00+00:00,100000.0,10236.72,22,0,6,Sunday,0,1,100,EIN,en,Bank account opening,1
ea134280-1d94-4502-b308-09d2c8f32d1a,synth_728843589f8e,itin,tabddpm_synthetic,,['en'],EIN,2024-10-14T23:23:00+00:00,100.0,6838.18,55,23,0,Monday,90,1,51,EIN,en,Bank account opening,0
6c28e63a-b947-4eb1-aee3-185ce7fc7d0f,synth_177c3d3204fb,itin,tabddpm_synthetic,,['es'],EIN,2024-09-16T12:59:00+00:00,821.45,0.0,39,12,2,Wednesday,0,942,5,EIN,es,Bank account opening,0
cb244cae-f5eb-44d8-8862-3c3ef062ac46,synth_2f347d2eb15f,itin,tabddpm_synthetic,,['en'],EIN,2024-09-29T23:28:00+00:00,100.0,13092.65,55,23,0,Monday,90,2000,0,EIN,en,Bank account opening,0
836643b2-3274-4ef1-b237-221ad865a8c3,synth_0651baf7fac3,itin,tabddpm_synthetic,,['en'],EIN,2024-12-12T01:38:00+00:00,100.0,415.14,22,1,6,Sunday,40,2000,26,EIN,en,Bank account opening,0
2848064a-f76c-4ee2-bb93-3e94832743ea,synth_46f0151d2ceb,itin,tabddpm_synthetic,,['es'],EIN,2024-02-22T16:13:00+00:00,100.0,12.74,22,16,5,Saturday,13,2000,12,EIN,es,Bank account opening,0
3eb599ef-686c-4b29-9352-9c1e08a21dfd,synth_80cef86376fe,itin,tabddpm_synthetic,,['en'],EIN,2024-04-19T00:20:00+00:00,100.0,0.0,22,0,4,Friday,1,2000,0,EIN,en,Bank account opening,0
49e9fb8f-2dcb-41ec-a673-05bcb8d4ca06,synth_f0f64531db72,itin,tabddpm_synthetic,,['en'],EIN,2024-07-18T11:14:00+00:00,100.0,4381.67,55,11,0,Monday,90,1,83,EIN,en,Bank account opening,0
4b065ddc-f5c6-43fe-9baf-f0dd52266fd0,synth_03d951ab4091,itin,tabddpm_synthetic,,['en'],EIN,2024-08-17T23:11:00+00:00,100.0,0.0,22,23,6,Sunday,12,2000,17,EIN,en,Bank account opening,0
a0a22138-e82d-41d9-bac5-14af52df2b5d,synth_e229c3cad9ee,itin,tabddpm_synthetic,,['en'],EIN,2024-04-09T00:47:00+00:00,100000.0,50000.0,22,0,0,Monday,0,1,100,EIN,en,Bank account opening,1
c1dfee47-84fa-4c8a-bbe5-5a126e3da3af,synth_ccd75c921336,itin,tabddpm_synthetic,,['en'],EIN,2024-01-28T23:54:00+00:00,100.0,1185.35,55,23,0,Monday,90,2000,3,EIN,en,Bank account opening,0
b4c8cac4-3904-4927-b133-a5ad1771bf8b,synth_ea68556a15e6,itin,tabddpm_synthetic,,['en'],EIN,2024-09-24T23:35:00+00:00,100000.0,50000.0,22,23,6,Sunday,90,2000,100,EIN,en,Bank account opening,0
77d976f3-f842-43d5-9627-7fcb7e022d4a,synth_d96e24f4ef06,itin,tabddpm_synthetic,,['en'],EIN,2024-12-25T10:29:00+00:00,404.06,0.0,55,10,1,Tuesday,90,1,1,EIN,en,Bank account opening,0
36e94235-a96a-4a25-bf89-42c37877e18b,synth_060214618491,itin,tabddpm_synthetic,,['en'],EIN,2024-09-28T00:28:00+00:00,100.0,0.0,55,0,6,Sunday,0,1,89,EIN,en,Bank account opening,1
a42c8733-74f1-4353-b840-4f4ddfe39cd3,synth_ad0cee947b49,itin,tabddpm_synthetic,,['en'],EIN,2024-12-25T00:54:00+00:00,7935.29,0.0,22,0,0,Monday,0,1,2,EIN,en,Bank account opening,0
7ddd09e9-e4d3-4c9d-840e-32dc531c861f,synth_a6669c8c8228,itin,tabddpm_synthetic,,['en'],EIN,2024-08-15T00:15:00+00:00,100.0,0.0,22,0,0,Monday,0,2000,0,EIN,en,Bank account opening,0
5c042116-5dd0-41cc-aedb-dedcd675cd37,synth_7cf77b742fe8,itin,tabddpm_synthetic,,['en'],EIN,2024-10-16T12:11:00+00:00,100.0,11.43,22,12,5,Saturday,10,2000,13,EIN,en,Bank account opening,0
c47e9a0e-eef9-4d20-86aa-a30f293d9ec2,synth_c92231e3a221,itin,tabddpm_synthetic,,['en'],EIN,2024-12-05T15:58:00+00:00,100.0,4273.76,55,15,0,Monday,90,1,59,EIN,en,Bank account opening,0
6560e593-88bd-42b1-bd82-ead71d219ef4,synth_8c0bf54cefd4,itin,tabddpm_synthetic,,['en'],EIN,2024-03-24T13:51:00+00:00,100.0,415.69,24,13,6,Sunday,90,2000,6,EIN,en,Bank account opening,0
ab7e0b5e-17cf-4388-bddc-aed40693ffa2,synth_8954ccd49370,itin,tabddpm_synthetic,,['en'],EIN,2024-02-22T08:39:00+00:00,100.0,1883.16,55,8,0,Monday,90,1,35,EIN,en,Bank account opening,0
c2e947fd-1661-4e62-838d-7c4b7263228c,synth_755d9277f15a,itin,tabddpm_synthetic,,['en'],EIN,2024-08-04T00:21:00+00:00,100.0,247.18,41,0,6,Sunday,0,1,19,EIN,en,Bank account opening,0
37cac59d-286a-4aab-ab59-4133e9faa953,synth_c28b73527539,itin,tabddpm_synthetic,,['en'],EIN,2024-05-18T00:55:00+00:00,100000.0,50000.0,22,0,6,Sunday,0,1,100,EIN,en,Bank account opening,0
0134af61-f82b-4b8b-a3e6-86c5aaf2c86a,synth_790417a5c552,itin,tabddpm_synthetic,,['en'],EIN,2024-05-22T23:27:00+00:00,100000.0,50000.0,22,23,6,Sunday,0,1,100,EIN,en,Bank account opening,0
00a5b4f8-3600-48c0-a929-afa058cbb28a,synth_e973db3f81dd,itin,tabddpm_synthetic,,['en'],EIN,2024-09-04T15:56:00+00:00,1296.66,443.79,55,15,0,Monday,90,1,27,EIN,en,Bank account opening,0
547e1be4-1efb-43c5-8459-90de99ca0619,synth_9f2b814afc9d,itin,tabddpm_synthetic,,['en'],EIN,2024-02-04T23:23:00+00:00,100.0,25327.59,55,23,0,Monday,90,2000,27,EIN,en,Bank account opening,1
43f9ecdf-c3f5-4f80-8ca7-00f1ca791b33,synth_06f7ecccee0f,itin,tabddpm_synthetic,,['en'],EIN,2024-10-17T23:54:00+00:00,100000.0,50000.0,22,23,6,Sunday,0,1,100,EIN,en,Bank account opening,0
8412b0ff-48cc-4b7c-b3ed-afd7dd1a160f,synth_86b59d6c892d,itin,tabddpm_synthetic,,['en'],EIN,2024-03-10T00:08:00+00:00,531.2,37.86,22,0,1,Tuesday,0,1,0,EIN,en,Bank account opening,0
3ac6160b-1a60-447d-b3f4-b04e54affced,synth_fdfae216fcdc,itin,tabddpm_synthetic,,['en'],EIN,2024-08-03T00:57:00+00:00,100.0,0.0,22,0,6,Sunday,0,2000,31,EIN,en,Bank account opening,0
7ae6d20c-ea10-4b9c-af61-bc43affa255a,synth_95585a6ff852,itin,tabddpm_synthetic,,['en'],EIN,2024-05-08T23:33:00+00:00,100.0,336.52,55,23,0,Monday,90,1,28,EIN,en,Bank account opening,1
5c666fb9-66cf-4ec3-b64c-9e1d998b6220,synth_7e46c4e42cc5,itin,tabddpm_synthetic,,['en'],EIN,2024-04-24T23:03:00+00:00,100000.0,11546.14,22,23,6,Sunday,28,1,100,EIN,en,Bank account opening,0
af99fcf0-4f43-4f71-9d3f-d34f20023007,synth_c01e50ab6d09,itin,tabddpm_synthetic,,['en'],EIN,2024-07-11T11:49:00+00:00,37646.74,911.17,22,11,2,Wednesday,35,1,100,EIN,en,Bank account opening,0
59a5b4f7-a568-4252-99a0-57b6cc98c05d,synth_e8a06e6ac862,itin,tabddpm_synthetic,,['en'],EIN,2024-07-17T23:37:00+00:00,100000.0,26663.25,22,23,6,Sunday,0,1,100,EIN,en,Bank account opening,0
40a774bd-a7f9-43aa-9d58-2a47ff3c7e9b,synth_e59612f57c90,itin,tabddpm_synthetic,,['en'],EIN,2024-01-19T04:54:00+00:00,100.0,316.28,22,4,6,Sunday,13,2000,0,EIN,en,Bank account opening,0
b67224ce-a384-4faa-83b5-8fbdbeb9472c,synth_eda74c3a8ef3,itin,tabddpm_synthetic,,['en'],EIN,2024-10-10T00:02:00+00:00,15959.16,758.49,22,0,6,Sunday,0,1,59,EIN,en,Bank account opening,0
ae836ae5-b290-458c-9004-7f9e420bce78,synth_b03e8792fd0c,itin,tabddpm_synthetic,,['en'],EIN,2024-05-29T23:56:00+00:00,100.0,4162.31,55,23,0,Monday,90,2000,0,EIN,en,Bank account opening,0
d961d607-6f2e-42d2-8c7b-c65632a559b7,synth_3e779aed8689,itin,tabddpm_synthetic,,['en'],EIN,2024-01-14T05:50:00+00:00,100.0,0.0,22,5,6,Sunday,67,2000,1,EIN,en,Bank account opening,0
97c40be8-6906-426c-8abe-29719e0b8b58,synth_09cb4f9e62fb,itin,tabddpm_synthetic,,['en'],EIN,2024-01-14T00:08:00+00:00,100000.0,50000.0,22,0,6,Sunday,90,1,100,EIN,en,Bank account opening,1
dfffced8-8be7-4cf2-8520-d75d67513325,synth_60291a22b631,itin,tabddpm_synthetic,,['en'],EIN,2024-02-03T23:22:00+00:00,100.0,21347.39,55,23,0,Monday,90,2000,0,EIN,en,Bank account opening,0
866905d0-6d1c-4f2b-99c9-2a1b151fc8b4,synth_65a1b1d4a463,itin,tabddpm_synthetic,,['en'],EIN,2024-08-24T00:27:00+00:00,100000.0,50000.0,22,0,0,Monday,90,1,100,EIN,en,Bank account opening,0
a757fdf8-3d88-412c-9037-f2272afdbe11,synth_2d6c7309ae23,itin,tabddpm_synthetic,,['en'],EIN,2024-05-27T12:32:00+00:00,1945.92,92.68,31,12,0,Monday,6,1907,9,EIN,en,Bank account opening,0
89912c67-1fbb-4323-8e45-ea98979e681c,synth_ba9cd82be48a,itin,tabddpm_synthetic,,['en'],EIN,2024-08-15T00:40:00+00:00,1574.05,184.2,22,0,2,Wednesday,0,1,5,EIN,en,Bank account opening,0
70822459-d59c-44cc-8ba1-241dc721fd4c,synth_242b4175edab,itin,tabddpm_synthetic,,['en'],EIN,2024-10-26T05:00:00+00:00,100.0,0.0,26,5,5,Saturday,5,1799,6,EIN,en,Bank account opening,0
b5e8f21c-f23d-4133-a5f4-31b91df8d5fe,synth_834f2737378c,itin,tabddpm_synthetic,,['en'],EIN,2024-03-06T18:01:00+00:00,3008.32,147.74,43,18,0,Monday,4,976,8,EIN,en,Bank account opening,0
a7faea8f-1891-4694-8992-0d8503207051,synth_ed641fde7d25,itin,tabddpm_synthetic,,['en'],EIN,2024-02-20T00:07:00+00:00,11266.17,0.0,55,0,6,Sunday,0,1,0,EIN,en,Bank account opening,0
4ac789f4-812f-44b2-ba7e-3d084ecf989a,synth_bb3ebf7cd234,itin,tabddpm_synthetic,,['en'],EIN,2024-05-01T20:43:00+00:00,100.0,6.68,22,20,6,Sunday,14,2000,17,EIN,en,Bank account opening,0
fca4fec9-88eb-48c5-88fb-a2d4f1c253b5,synth_099c3c273b8d,itin,tabddpm_synthetic,,['en'],EIN,2024-10-13T23:52:00+00:00,100000.0,50000.0,22,23,6,Sunday,0,1,100,EIN,en,Bank account opening,0
57b2933c-01cf-4420-acd8-026e1e8471f6,synth_d85f35e6ecf0,itin,tabddpm_synthetic,,['es'],EIN,2024-04-30T12:18:00+00:00,1977.66,0.0,43,12,0,Monday,0,1047,10,EIN,es,Bank account opening,0
7c2144d5-e071-4c76-829e-d042c7700160,synth_c57b471381c1,itin,tabddpm_synthetic,,['en'],EIN,2024-03-24T23:08:00+00:00,100.0,0.0,22,23,6,Sunday,7,2000,4,EIN,en,Bank account opening,0
481bb16e-2ac0-4239-b947-9c5b5e00c3d8,synth_57558ed593e7,itin,tabddpm_synthetic,,['en'],EIN,2024-10-23T21:37:00+00:00,100.0,0.0,22,21,6,Sunday,5,2000,8,EIN,en,Bank account opening,0
971c3d11-f5c2-4762-841a-b4aabcc778bf,synth_574e3728c9b6,itin,tabddpm_synthetic,,['en'],EIN,2024-04-28T23:32:00+00:00,100000.0,41153.85,22,23,0,Monday,90,1,100,EIN,en,Bank account opening,0
a072e23f-261a-4c9b-bd81-41987e3cfa70,synth_353e3860da33,itin,tabddpm_synthetic,,['en'],EIN,2024-12-07T23:05:00+00:00,100000.0,21608.95,22,23,6,Sunday,0,1,100,EIN,en,Bank account opening,0
da77f0fc-2809-47c5-9b5b-f88d550f2f05,synth_345389cad7db,itin,tabddpm_synthetic,,['en'],EIN,2024-04-28T23:12:00+00:00,100000.0,50000.0,22,23,6,Sunday,0,1,100,EIN,en,Bank account opening,1
18d8a00b-fba6-49ac-adba-ab46f64ae8c3,synth_192198a4e184,itin,tabddpm_synthetic,,['en'],EIN,2024-01-11T00:53:00+00:00,4206.4,0.0,22,0,2,Wednesday,0,1,0,EIN,en,Bank account opening,0
018b6852-283b-424c-af37-ab07d003753d,synth_24757082ffce,itin,tabddpm_synthetic,,['en'],EIN,2024-06-22T00:59:00+00:00,100000.0,50000.0,55,0,0,Monday,90,1,100,EIN,en,Bank account opening,1
55e459df-979c-41e9-8b98-d0e902b6eee9,synth_c833099cf781,itin,tabddpm_synthetic,,['en'],EIN,2024-12-24T12:19:00+00:00,100.0,12.96,27,12,0,Monday,15,2000,4,EIN,en,Bank account opening,0
a60092c7-5a5f-4fc0-9616-dd27e0005b17,synth_8826a830f03b,itin,tabddpm_synthetic,,['en'],EIN,2024-11-07T00:53:00+00:00,100000.0,50000.0,22,0,6,Sunday,0,1,100,EIN,en,Bank account opening,1
8d73987a-f39b-42ca-bb8c-d7e5bd8b36ed,synth_cefc5c20ab12,itin,tabddpm_synthetic,,['en'],EIN,2024-08-19T14:16:00+00:00,1109.7,372.34,55,14,0,Monday,90,1,4,EIN,en,Bank account opening,0
43875547-3117-4f4c-9c33-8d14f440bc11,synth_6e11860a3692,itin,tabddpm_synthetic,,['en'],EIN,2024-02-23T16:27:00+00:00,100.0,509.48,55,16,0,Monday,90,2000,8,EIN,en,Bank account opening,0
4c9687a9-d6cc-42c9-bc41-8e1c3cbfce66,synth_619a16b6bd6b,itin,tabddpm_synthetic,,['en'],EIN,2024-02-28T23:30:00+00:00,100000.0,50000.0,55,23,0,Monday,90,1,100,EIN,en,Bank account opening,1
638f02bd-ca87-4678-85ce-376b8e996feb,synth_548fe13a0d27,itin,tabddpm_synthetic,,['en'],EIN,2024-08-14T23:31:00+00:00,100.0,0.0,22,23,6,Sunday,8,2000,8,EIN,en,Bank account opening,0
4a2b029b-65a0-4cf7-b57f-3253f464b947,synth_e7ae1c91a632,itin,tabddpm_synthetic,,['en'],EIN,2024-07-03T14:46:00+00:00,100.0,2430.32,55,14,0,Monday,90,812,16,EIN,en,Bank account opening,0
c25cae84-c592-450f-bdd0-e70b3f79fa93,synth_5e759a35f2c6,itin,tabddpm_synthetic,,['en'],EIN,2024-08-17T13:44:00+00:00,100.0,399.28,22,13,6,Sunday,12,2000,8,EIN,en,Bank account opening,0
ed372d26-2519-4858-a565-23bcb2fae540,synth_4245740bdc9e,itin,tabddpm_synthetic,,['en'],EIN,2024-01-10T00:24:00+00:00,100.0,0.0,22,0,6,Sunday,0,1,3,EIN,en,Bank account opening,0
abf9ada5-cb06-45bc-ad8b-3b307dbf7e69,synth_b0baf34c4de5,itin,tabddpm_synthetic,,['en'],EIN,2024-12-04T11:24:00+00:00,100.0,229.79,22,11,6,Sunday,90,2000,15,EIN,en,Bank account opening,0
a7b354e0-543f-4b26-a04b-0475ed6245b4,synth_c91fd63b79ed,itin,tabddpm_synthetic,,['en'],EIN,2024-01-07T21:40:00+00:00,100.0,0.0,22,21,6,Sunday,5,2000,7,EIN,en,Bank account opening,0
49919419-8699-47ef-b42b-9fbdb79fb58b,synth_547ea9a977e7,itin,tabddpm_synthetic,,['en'],EIN,2024-05-29T23:55:00+00:00,100000.0,50000.0,22,23,6,Sunday,0,1,100,EIN,en,Bank account opening,1
ffb140ef-c81e-401d-870c-a44e094d0b9c,synth_14ac2320d1f2,itin,tabddpm_synthetic,,['en'],EIN,2024-05-22T08:11:00+00:00,100.0,4383.38,55,8,0,Monday,90,2000,6,EIN,en,Bank account opening,0
d086416e-fd8c-4784-93c6-c27cb9ec6fd5,synth_d266c8dde231,itin,tabddpm_synthetic,,['en'],EIN,2024-10-13T23:19:00+00:00,100.0,8528.07,55,23,0,Monday,90,2000,0,EIN,en,Bank account opening,0
40f55349-54a2-4257-88b7-788c29f9e6a6,synth_e29e1a40866d,itin,tabddpm_synthetic,,['en'],EIN,2024-02-18T19:01:00+00:00,100.0,0.0,22,19,6,Sunday,5,2000,3,EIN,en,Bank account opening,0
4042accc-b161-4eee-ba1e-141adc57616a,synth_f1361437dd32,itin,tabddpm_synthetic,,['en'],EIN,2024-05-05T23:56:00+00:00,100.0,7149.55,55,23,0,Monday,90,2000,0,EIN,en,Bank account opening,0
18a58f20-121a-42d7-b5f0-ddbe44f8d3c0,synth_c189ab01c8d8,itin,tabddpm_synthetic,,['en'],EIN,2024-05-11T23:23:00+00:00,100.0,1328.44,55,23,0,Monday,90,2000,4,EIN,en,Bank account opening,0
71467b45-3bfa-4abf-a324-d6132cb69677,synth_473709f55054,itin,tabddpm_synthetic,,['en'],EIN,2024-08-11T15:44:00+00:00,100.0,0.0,22,15,6,Sunday,21,2000,6,EIN,en,Bank account opening,0
399af6ec-d4a7-417a-aa3c-9dda9d97b8c5,synth_5f651619827a,itin,tabddpm_synthetic,,['en'],EIN,2024-06-26T00:42:00+00:00,2130.59,0.0,22,0,3,Thursday,0,1,4,EIN,en,Bank account opening,0
e345bec6-749e-4c0e-a827-6109095aac40,synth_5b42bc2c0c59,itin,tabddpm_synthetic,,['en'],EIN,2024-01-11T00:07:00+00:00,1215.03,0.0,36,0,0,Monday,0,900,12,EIN,en,Bank account opening,0
3a24c5b4-ff1f-4a00-a849-7e277d13f938,synth_70ce69ddf92a,itin,tabddpm_synthetic,,['en'],EIN,2024-10-27T00:52:00+00:00,100000.0,50000.0,22,0,6,Sunday,90,1,100,EIN,en,Bank account opening,0
ae671a86-0c8a-464d-bd93-0a166feaa590,synth_5b1e3c7d52fa,itin,tabddpm_synthetic,,['en'],EIN,2024-12-15T01:42:00+00:00,100.0,94.96,22,1,6,Sunday,21,2000,12,EIN,en,Bank account opening,0
f276637d-3e90-4f23-a822-7e13c1d1da0e,synth_46ab3ef431cc,itin,tabddpm_synthetic,,['en'],EIN,2024-08-28T23:04:00+00:00,7148.26,3294.09,22,23,6,Sunday,7,2000,26,EIN,en,Bank account opening,0
bc00c865-6b28-4ced-85f5-ef51e8052586,synth_139f24fdb4ae,itin,tabddpm_synthetic,,['en'],EIN,2024-10-26T00:07:00+00:00,100.0,0.0,22,0,1,Tuesday,0,2000,5,EIN,en,Bank account opening,0
285aef84-4264-4134-9590-13e5c26f58b9,synth_a4ed879f2d2f,itin,tabddpm_synthetic,,['en'],EIN,2024-12-02T23:08:00+00:00,100.0,13017.26,55,23,0,Monday,90,2000,7,EIN,en,Bank account opening,0
0489a5f8-499a-4247-bd49-6fa3f2ba0f45,synth_052fbdef0a49,itin,tabddpm_synthetic,,['en'],EIN,2024-12-28T23:47:00+00:00,100000.0,3001.49,22,23,6,Sunday,0,1,100,EIN,en,Bank account opening,0
ead9aa20-4281-475d-8e22-8b787f2e8c37,synth_93e3d11b34bc,itin,tabddpm_synthetic,,['en'],EIN,2024-01-20T23:32:00+00:00,100000.0,50000.0,22,23,6,Sunday,0,1,100,EIN,en,Bank account opening,1
8d7c3b30-3a6b-409b-8056-4517bd6d61cf,synth_f522ab9a4451,itin,tabddpm_synthetic,,['en'],EIN,2024-05-01T01:55:00+00:00,84664.59,1620.61,22,1,6,Sunday,21,1,100,EIN,en,Bank account opening,0
db3f6908-652a-42de-a6cb-4f72ae829d22,synth_42124ef02fae,itin,tabddpm_synthetic,,['en'],EIN,2024-03-03T13:24:00+00:00,100.0,380.81,55,13,0,Monday,90,1979,18,EIN,en,Bank account opening,0
2cac6767-2d8f-4f13-8b02-09257a6b20ef,synth_376cf4fffb66,itin,tabddpm_synthetic,,['en'],EIN,2024-08-27T14:22:00+00:00,100.0,0.0,22,14,6,Sunday,22,2000,8,EIN,en,Bank account opening,0
4a2b8594-8695-4970-a59b-233593084847,synth_81558956356e,itin,tabddpm_synthetic,,['en'],EIN,2024-07-27T23:24:00+00:00,100.0,0.0,22,23,6,Sunday,12,2000,10,EIN,en,Bank account opening,0
ce9ee0ab-d7a7-4c46-b6e1-5608f06f9cef,synth_74161d3f330e,itin,tabddpm_synthetic,,['en'],EIN,2024-05-06T00:06:00+00:00,100000.0,38009.78,22,0,0,Monday,0,1,100,EIN,en,Bank account opening,1
140c2f97-3e27-4178-b315-0d3f36786df8,synth_2ea50bfdd4d3,itin,tabddpm_synthetic,,['en'],EIN,2024-02-16T00:49:00+00:00,100000.0,50000.0,22,0,0,Monday,0,1,100,EIN,en,Bank account opening,0
6beae4f4-ab5c-481e-bad4-f711bfb31991,synth_37a041cd3430,itin,tabddpm_synthetic,,['en'],EIN,2024-11-15T00:10:00+00:00,100.0,0.0,22,0,0,Monday,0,2000,3,EIN,en,Bank account opening,0
21624d32-6013-40a4-b68b-e302a94dcc2e,synth_d6afd4494511,itin,tabddpm_synthetic,,['en'],EIN,2024-11-11T00:40:00+00:00,100000.0,1071.99,22,0,0,Monday,0,1,100,EIN,en,Bank account opening,1
f62b2e99-d025-48d0-848d-a9c29fb35518,synth_a8674cd7649a,itin,tabddpm_synthetic,,['en'],EIN,2024-09-30T23:46:00+00:00,100.0,0.0,22,23,6,Sunday,12,2000,12,EIN,en,Bank account opening,0
e8566631-113a-44a6-b2f3-d3d974ed4325,synth_a883d9b6389d,itin,tabddpm_synthetic,,['en'],EIN,2024-01-13T23:00:00+00:00,100000.0,16111.51,22,23,0,Monday,0,1,100,EIN,en,Bank account opening,0
b5eb75e3-3ab4-46fc-ae26-d2db86729ddb,synth_b77804e8b8c5,itin,tabddpm_synthetic,,['en'],EIN,2024-06-08T00:10:00+00:00,100.0,0.0,22,0,6,Sunday,0,1,0,EIN,en,Bank account opening,0
de3cec51-0972-44fb-8547-53f4f3d5ee80,synth_3f89d45a830c,itin,tabddpm_synthetic,,['en'],EIN,2024-06-06T23:20:00+00:00,37916.82,374.67,22,23,0,Monday,0,1,100,EIN,en,Bank account opening,0
102c2e4b-2019-4181-a1bd-0e915a6342d7,synth_3455620cd294,itin,tabddpm_synthetic,,['en'],EIN,2024-05-01T22:57:00+00:00,15447.03,92.85,22,22,4,Friday,0,1,49,EIN,en,Bank account opening,0
45adc17a-67a6-4e64-8475-8c3829960d93,synth_da0d014b0006,itin,tabddpm_synthetic,,['en'],EIN,2024-12-26T00:08:00+00:00,100000.0,50000.0,22,0,6,Sunday,0,1,100,EIN,en,Bank account opening,0
14b392a7-9137-4c8a-9cb5-d2ae0acc5289,synth_b7e97ea77cd1,itin,tabddpm_synthetic,,['en'],EIN,2024-08-25T23:11:00+00:00,100.0,0.0,22,23,6,Sunday,14,2000,12,EIN,en,Bank account opening,0
98cdd099-432d-4e67-943f-c9a977e5d3c3,synth_80116d816a91,itin,tabddpm_synthetic,,['en'],EIN,2024-07-03T23:40:00+00:00,100.0,0.0,22,23,6,Sunday,12,2000,5,EIN,en,Bank account opening,0
b588d18d-9af2-4105-bdee-e974bde621b9,synth_b66a95ed9d23,itin,tabddpm_synthetic,,['en'],EIN,2024-05-19T23:29:00+00:00,100000.0,50000.0,22,23,6,Sunday,0,1,100,EIN,en,Bank account opening,0
7fd98022-db88-40df-9cc2-6fceed73a89d,synth_2dd39d120715,itin,tabddpm_synthetic,,['en'],EIN,2024-01-09T15:40:00+00:00,100.0,66.22,22,15,6,Sunday,47,2000,14,EIN,en,Bank account opening,0
a8457a8a-e880-4563-b334-fea6d674de72,synth_350f7acc90c5,itin,tabddpm_synthetic,,['en'],EIN,2024-03-07T23:47:00+00:00,100000.0,50000.0,22,23,6,Sunday,0,1,100,EIN,en,Bank account opening,0
e2bd39e0-7b65-4bc3-96eb-830f8a8597fa,synth_f9b8c75c932f,itin,tabddpm_synthetic,,['en'],EIN,2024-05-24T23:35:00+00:00,100.0,12424.76,55,23,0,Monday,90,2000,67,EIN,en,Bank account opening,0
2e0f6337-6b77-4e6f-9939-5dd9700a4adb,synth_a0a71ade3614,itin,tabddpm_synthetic,,['en'],EIN,2024-03-30T00:37:00+00:00,20901.97,647.86,22,0,6,Sunday,0,1,78,EIN,en,Bank account opening,0
9673e531-5c72-42b7-a71f-f731f07f02d7,synth_b7ba1cd2d7f3,itin,tabddpm_synthetic,,['en'],EIN,2024-06-25T23:06:00+00:00,59788.01,1309.93,22,23,0,Monday,0,1,100,EIN,en,Bank account opening,0
f55565de-5591-466d-bc5e-09107e22a113,synth_b64a48dc6aa8,itin,tabddpm_synthetic,,['en'],EIN,2024-05-07T23:59:00+00:00,100.0,17448.29,55,23,0,Monday,90,2000,0,EIN,en,Bank account opening,0
44c53bdc-a44b-430a-a12a-26692737e403,synth_d38f122b0243,itin,tabddpm_synthetic,,['en'],EIN,2024-05-01T23:47:00+00:00,100.0,697.31,55,23,0,Monday,90,2000,5,EIN,en,Bank account opening,0
73e617fd-6a20-471c-88cf-082f5de09068,synth_ed1b49a08bec,itin,tabddpm_synthetic,,['en'],EIN,2024-03-20T00:46:00+00:00,100000.0,50000.0,22,0,6,Sunday,0,1,100,EIN,en,Bank account opening,0
baa9cccc-5609-4108-af87-f31d96f4a93d,synth_f3d497f677bb,itin,tabddpm_synthetic,,['en'],EIN,2024-09-12T23:50:00+00:00,100000.0,50000.0,22,23,6,Sunday,0,1,100,EIN,en,Bank account opening,0
5751d3eb-13b9-4f96-aab7-e2dbbc7196cd,synth_4e1100e920c1,itin,tabddpm_synthetic,,['en'],EIN,2024-11-13T23:14:00+00:00,100.0,9040.72,55,23,0,Monday,90,843,99,EIN,en,Bank account opening,0
7c09fe76-5516-42e3-bcf4-17625488cca2,synth_0ec32013de2e,itin,tabddpm_synthetic,,['en'],EIN,2024-05-07T00:05:00+00:00,2014.12,112.84,27,0,0,Monday,0,38,1,EIN,en,Bank account opening,0
9ac69a17-3b89-40b9-b7db-55c3e0fb73e4,synth_826642571d47,itin,tabddpm_synthetic,,['en'],EIN,2024-12-29T08:46:00+00:00,100.0,656.73,22,8,6,Sunday,68,2000,60,EIN,en,Bank account opening,0
c480ac5b-990e-401a-bb61-f4da9fbb3288,synth_0c8ac74bf17e,itin,tabddpm_synthetic,,['en'],EIN,2024-08-03T00:54:00+00:00,100000.0,15557.56,22,0,0,Monday,0,1,100,EIN,en,Bank account opening,0
d2e2de4e-be2b-4475-ad98-188b6e355d5e,synth_0530b6964ead,itin,tabddpm_synthetic,,['en'],EIN,2024-09-21T22:59:00+00:00,100.0,442.12,55,22,0,Monday,90,2000,0,EIN,en,Bank account opening,0
a37548e6-792c-4231-8a79-4b02cf9e7417,synth_9da659058110,itin,tabddpm_synthetic,,['en'],EIN,2024-08-27T00:19:00+00:00,100000.0,20212.07,22,0,6,Sunday,0,1,100,EIN,en,Bank account opening,0
c1cbde42-aa1c-46d1-b4da-dafe7aad67b3,synth_e574af61a14e,itin,tabddpm_synthetic,,['en'],EIN,2024-10-23T23:26:00+00:00,100000.0,50000.0,22,23,6,Sunday,90,1,100,EIN,en,Bank account opening,1
a6dba8a0-2dfe-4742-83f9-9c448e1fcb07,synth_774bad24fb7e,itin,tabddpm_synthetic,,['en'],EIN,2024-07-06T07:36:00+00:00,1652.96,110.29,41,7,6,Sunday,0,246,5,EIN,en,Bank account opening,0
81a77cd8-4a62-4b23-bb29-dd3ab8a89cbb,synth_59a01768a350,itin,tabddpm_synthetic,,['en'],EIN,2024-03-06T00:40:00+00:00,100.0,250.84,22,0,6,Sunday,24,2000,19,EIN,en,Bank account opening,0
5b8e55ab-d522-4595-a558-0752a0108556,synth_ac730d4ab170,itin,tabddpm_synthetic,,['en'],EIN,2024-11-25T00:01:00+00:00,97464.66,2043.18,22,0,6,Sunday,0,1,100,EIN,en,Bank account opening,0
95fe1b9c-768f-415c-a868-e6c470a4d02a,synth_eb5df035d34b,itin,tabddpm_synthetic,,['en'],EIN,2024-01-19T23:43:00+00:00,100.0,8387.23,55,23,0,Monday,90,2000,0,EIN,en,Bank account opening,0
b5daaa2e-d8c2-49a4-9856-5bcf1f0585c9,synth_ebe2ae00b992,itin,tabddpm_synthetic,,['en'],EIN,2024-08-05T07:51:00+00:00,100.0,0.0,55,7,6,Sunday,0,668,27,EIN,en,Bank account opening,0
89869763-5657-4186-b9c6-12f11df2c6a9,synth_3c257d0a121b,itin,tabddpm_synthetic,,['en'],EIN,2024-05-13T14:02:00+00:00,100.0,161.33,22,14,6,Sunday,90,2000,19,EIN,en,Bank account opening,0
588ad419-3905-4bc3-8ffb-68c9bb3dc6b0,synth_0cb0b515609c,itin,tabddpm_synthetic,,['en'],ITIN,2024-12-11T05:07:00+00:00,100.0,107.04,22,5,6,Sunday,11,2000,0,ITIN,en,Bank account opening,0
a45b5080-00cf-42d8-aa12-f5c436b7f71e,synth_276d04383d69,itin,tabddpm_synthetic,,['en'],EIN,2024-01-05T04:57:00+00:00,100.0,7996.0,55,4,0,Monday,90,2000,0,EIN,en,Bank account opening,0
a46cd883-ea4a-4360-b90d-546fc474d146,synth_debc87ca54b9,itin,tabddpm_synthetic,,['en'],EIN,2024-09-17T23:18:00+00:00,100.0,17606.53,55,23,0,Monday,90,2000,0,EIN,en,Bank account opening,0
75f81ff5-44dc-4302-9c49-11917d03d3cc,synth_d47960aada6d,itin,tabddpm_synthetic,,['en'],EIN,2024-04-10T00:06:00+00:00,3366.31,0.0,55,0,6,Sunday,0,1302,0,EIN,en,Bank account opening,0
4a968c00-6f77-4aea-be2e-ac3b18d42424,synth_db85fa42d069,itin,tabddpm_synthetic,,['en'],EIN,2024-10-15T23:05:00+00:00,100000.0,13498.03,22,23,6,Sunday,0,1,100,EIN,en,Bank account opening,0
50bfbf62-f1b0-4b5b-944a-73bff0cb8d81,synth_15992ac2c6d6,itin,tabddpm_synthetic,,['en'],EIN,2024-04-15T00:12:00+00:00,100000.0,50000.0,22,0,6,Sunday,0,1,100,EIN,en,Bank account opening,1
db4aebe7-768a-4fb3-b64b-f21811c6737e,synth_b2fef97c882f,itin,tabddpm_synthetic,,['en'],EIN,2024-12-06T23:05:00+00:00,100000.0,12722.0,22,23,6,Sunday,0,1,100,EIN,en,Bank account opening,0
10d7a993-a35f-4b34-91dd-1fdd69e53425,synth_b1ab8e4dd5ee,itin,tabddpm_synthetic,,['en'],EIN,2024-12-05T18:27:00+00:00,100000.0,21113.57,22,18,6,Sunday,90,1,100,EIN,en,Bank account opening,0
abe8e10e-20f1-4bbc-aa93-0df00af7fc90,synth_24d87647b345,itin,tabddpm_synthetic,,['en'],EIN,2024-09-25T14:19:00+00:00,954.5,177.95,45,14,0,Monday,7,335,8,EIN,en,Bank account opening,0
75534f1f-540c-4de3-8e84-08cd40f2260d,synth_7fdd87c0e399,itin,tabddpm_synthetic,,['en'],EIN,2024-11-06T00:36:00+00:00,2982.57,0.0,55,0,6,Sunday,0,1529,0,EIN,en,Bank account opening,0
4ce4eb19-c4de-4ff2-bf3e-b2ee650bd93d,synth_b8d7eb79fae1,itin,tabddpm_synthetic,,['en'],EIN,2024-08-30T23:18:00+00:00,100.0,12724.7,55,23,0,Monday,90,2000,0,EIN,en,Bank account opening,0
902b4b0e-a386-4f3b-b5fc-277da606bd59,synth_44e11d100576,itin,tabddpm_synthetic,,['en'],EIN,2024-10-19T23:46:00+00:00,100.0,0.0,22,23,6,Sunday,25,2000,6,EIN,en,Bank account opening,0
e5826f8a-06d1-41ad-a76f-7262eafd94ae,synth_a5be39c72ba6,itin,tabddpm_synthetic,,['en'],EIN,2024-09-02T23:40:00+00:00,100000.0,24749.6,22,23,6,Sunday,0,1,100,EIN,en,Bank account opening,1
2d1c7f7f-2ce8-4113-b81c-728a292e4009,synth_ddaaf2a13906,itin,tabddpm_synthetic,,['en'],EIN,2024-03-22T00:32:00+00:00,100000.0,9721.79,22,0,0,Monday,0,1,100,EIN,en,Bank account opening,1
ac35a445-ade0-4c3b-8173-4d20c7489fb3,synth_967f8e3979c8,itin,tabddpm_synthetic,,['en'],EIN,2024-11-11T23:52:00+00:00,100000.0,50000.0,22,23,6,Sunday,0,1,100,EIN,en,Bank account opening,0
9c5e3c4a-920b-43d1-8d4f-36207d15d5e7,synth_5cfbd7f1372c,itin,tabddpm_synthetic,,['en'],EIN,2024-10-02T00:54:00+00:00,100000.0,50000.0,22,0,0,Monday,0,1,100,EIN,en,Bank account opening,0
9ddceee0-b55f-4be1-97c9-3301f653c16b,synth_478919bd2454,itin,tabddpm_synthetic,,['en'],EIN,2024-03-09T00:54:00+00:00,100000.0,50000.0,22,0,6,Sunday,0,1,100,EIN,en,Bank account opening,0
a287fac9-6469-4e5c-bbfa-d4013bbc0632,synth_0125521cb273,itin,tabddpm_synthetic,,['en'],EIN,2024-11-26T23:00:00+00:00,100000.0,50000.0,22,23,6,Sunday,0,1,100,EIN,en,Bank account opening,0
4b625ef4-2f38-44de-b524-ac71d4c890b9,synth_f2b05d105e72,itin,tabddpm_synthetic,,['en'],EIN,2024-02-07T23:01:00+00:00,100.0,0.0,22,23,6,Sunday,18,2000,13,EIN,en,Bank account opening,0
cc2b9918-eda2-408c-a940-118d16046ebe,synth_436d8fe4e340,itin,tabddpm_synthetic,,['en'],ITIN,2024-08-17T13:55:00+00:00,3731.45,154.44,41,13,2,Wednesday,11,727,7,ITIN,en,Bank account opening,0
9366ceb5-a31f-4f98-9120-abf5678d7b54,synth_145e06b23462,itin,tabddpm_synthetic,,['en'],EIN,2024-10-01T23:29:00+00:00,100000.0,50000.0,22,23,6,Sunday,0,1,100,EIN,en,Bank account opening,1
ad72ff4e-8935-480d-960f-28c3133eb929,synth_fb60222d53ef,itin,tabddpm_synthetic,,['en'],EIN,2024-04-29T12:15:00+00:00,100.0,0.0,22,12,5,Saturday,6,2000,5,EIN,en,Bank account opening,0
cfa71294-abe2-416c-bd3b-f66e58e68f93,synth_29eca85baa22,itin,tabddpm_synthetic,,['en'],EIN,2024-04-16T23:25:00+00:00,100.0,0.0,22,23,6,Sunday,1,2000,15,EIN,en,Bank account opening,0
ad47f4d4-51c0-42a5-8f82-205806808400,synth_c45e6a15757e,itin,tabddpm_synthetic,,['en'],EIN,2024-08-28T23:39:00+00:00,100.0,1382.67,55,23,0,Monday,90,1,53,EIN,en,Bank account opening,0
bb464845-b060-4db8-b465-ef4633b9f450,synth_08dc7f315be1,itin,tabddpm_synthetic,,['en'],EIN,2024-06-30T00:51:00+00:00,9644.44,0.0,55,0,6,Sunday,0,1584,0,EIN,en,Bank account opening,0
c2be8a5b-b188-4f71-b5b1-8d8007caf28f,synth_23626af44789,itin,tabddpm_synthetic,,['en'],EIN,2024-05-11T00:55:00+00:00,100000.0,50000.0,22,0,6,Sunday,0,1,100,EIN,en,Bank account opening,1
d1f3b5a8-4c21-4cdb-81e3-1c0babb18fa9,synth_adc238c56bd8,itin,tabddpm_synthetic,,['en'],EIN,2024-03-16T02:26:00+00:00,100.0,0.99,46,2,5,Saturday,2,838,0,EIN,en,Bank account opening,0
fe5333a9-3aa6-42d8-9ce7-74a48b1e8a48,synth_8a6a97d01d2e,itin,tabddpm_synthetic,,['en'],ITIN,2024-10-07T09:42:00+00:00,902.67,242.1,38,9,0,Monday,4,2000,8,ITIN,en,Bank account opening,0
6a3e01d3-89d6-4650-8347-4c54d2221bfd,synth_ab573d5f65f4,itin,tabddpm_synthetic,,['en'],EIN,2024-01-18T23:27:00+00:00,100000.0,6135.27,22,23,0,Monday,0,1,100,EIN,en,Bank account opening,0
1340f0d8-2d4e-4dce-9afe-b2cdc4589dae,synth_70d8579587e4,itin,tabddpm_synthetic,,['en'],EIN,2024-04-12T00:57:00+00:00,100.0,0.0,54,0,6,Sunday,0,1,28,EIN,en,Bank account opening,0
2a8787bc-fbec-489e-a889-d36e66126f12,synth_947af7639b2d,itin,tabddpm_synthetic,,['en'],EIN,2024-01-06T23:13:00+00:00,100000.0,50000.0,22,23,6,Sunday,90,1,100,EIN,en,Bank account opening,0
ed7fa4fc-89c1-4d61-b516-44969e438561,synth_d3e76d63d920,itin,tabddpm_synthetic,,['es'],EIN,2024-06-06T17:44:00+00:00,100.0,311.09,55,17,0,Monday,90,2000,12,EIN,es,Bank account opening,0
007ee889-c093-4361-ac44-8b9dbe99d506,synth_e8e17a9ca8fa,itin,tabddpm_synthetic,,['en'],EIN,2024-03-23T23:50:00+00:00,100.0,2325.01,55,23,0,Monday,90,2000,0,EIN,en,Bank account opening,0
aff6acf9-90a5-4bb0-9f9f-7c06ad017b65,synth_c3142c07769a,itin,tabddpm_synthetic,,['en'],EIN,2024-03-25T23:40:00+00:00,21621.37,0.0,22,23,0,Monday,0,1,93,EIN,en,Bank account opening,0
f1edd629-df22-4235-bd3f-23101789bba2,synth_b2c93e1ff62d,itin,tabddpm_synthetic,,['en'],EIN,2024-04-30T00:44:00+00:00,100000.0,50000.0,22,0,6,Sunday,0,1,100,EIN,en,Bank account opening,1
f84db650-8d81-450b-960a-37fcbac8e134,synth_78f6876c090d,itin,tabddpm_synthetic,,['en'],EIN,2024-09-04T00:15:00+00:00,100000.0,46473.84,22,0,6,Sunday,90,1,100,EIN,en,Bank account opening,0
40d82aea-6a20-40be-9be1-96afc4ee4ad6,synth_559c912bda28,itin,tabddpm_synthetic,,['en'],EIN,2024-06-25T00:43:00+00:00,100.0,0.0,22,0,0,Monday,0,1352,0,EIN,en,Bank account opening,0
7ecdfd52-f870-4ca3-a92f-e9c90361047d,synth_6b2b27c9bd41,itin,tabddpm_synthetic,,['en'],EIN,2024-11-02T00:07:00+00:00,100.0,0.0,22,0,0,Monday,0,2000,5,EIN,en,Bank account opening,0
2f6666cd-759b-4a64-97fe-15fd57622c52,synth_2e76acaa3f53,itin,tabddpm_synthetic,,['en'],EIN,2024-12-13T00:17:00+00:00,100000.0,50000.0,55,0,0,Monday,90,1,0,EIN,en,Bank account opening,1
87703f5f-0964-4ab9-a7ce-80ce12839486,synth_c5946a008e85,itin,tabddpm_synthetic,,['en'],EIN,2024-11-14T00:07:00+00:00,100000.0,50000.0,55,0,0,Monday,90,1,32,EIN,en,Bank account opening,0
b9a6fcac-256f-4d9c-9fd7-bf039720e9a2,synth_6b9c0c94433e,itin,tabddpm_synthetic,,['en'],EIN,2024-10-30T00:19:00+00:00,100000.0,50000.0,22,0,6,Sunday,0,1,100,EIN,en,Bank account opening,1
e20173a1-0022-4a7b-acc3-40df7d4c77b4,synth_f97eef167b04,itin,tabddpm_synthetic,,['en'],EIN,2024-01-22T18:09:00+00:00,5679.94,514.76,55,18,4,Friday,3,127,16,EIN,en,Bank account opening,0
22d19e0a-d720-434c-b64f-29871525afa5,synth_aaef0c4b3b8c,itin,tabddpm_synthetic,,['en'],EIN,2024-02-10T03:33:00+00:00,100.0,386.28,22,3,6,Sunday,33,2000,31,EIN,en,Bank account opening,0
d2ebdecb-461e-49f5-a948-f35e5805661b,synth_8ab07f40b762,itin,tabddpm_synthetic,,['en'],EIN,2024-02-28T02:32:00+00:00,100.0,0.0,22,2,6,Sunday,0,2000,70,EIN,en,Bank account opening,0
0f8b1a83-ddaf-478b-84a5-de14f2f87e65,synth_b9ef04f6fa42,itin,tabddpm_synthetic,,['en'],EIN,2024-07-18T19:23:00+00:00,100.0,177.44,55,19,0,Monday,33,1277,15,EIN,en,Bank account opening,0
1fbee9bb-1d5e-469c-9d19-590b14484fda,synth_d60fc2c1347e,itin,tabddpm_synthetic,,['en'],EIN,2024-07-11T00:34:00+00:00,100.0,0.0,22,0,0,Monday,0,2000,2,EIN,en,Bank account opening,0
6747c689-8fec-4cc6-b0ee-9eca359d9ab9,synth_515cf0319e2f,itin,tabddpm_synthetic,,['en'],EIN,2024-01-31T00:26:00+00:00,100.0,244.01,22,0,6,Sunday,52,2000,29,EIN,en,Bank account opening,0
3bb4a0fb-974e-4cb8-83b9-d4db7bd95226,synth_c5fccf342117,itin,tabddpm_synthetic,,['en'],EIN,2024-06-24T19:31:00+00:00,100.0,0.0,22,19,6,Sunday,5,2000,8,EIN,en,Bank account opening,0
aeb31f18-d547-40ad-be9d-d942bad408b6,synth_4ee0b48517f6,itin,tabddpm_synthetic,,['en'],EIN,2024-06-20T05:59:00+00:00,100.0,1146.96,55,5,5,Saturday,90,1256,0,EIN,en,Bank account opening,0
d4a42803-d4e4-4e94-ac43-4ea7a142bdab,synth_608a792f5942,itin,tabddpm_synthetic,,['en'],EIN,2024-06-16T00:17:00+00:00,100000.0,50000.0,22,0,6,Sunday,0,1,100,EIN,en,Bank account opening,1
077db583-00ab-4e39-be52-df599d4ebd08,synth_0dc6901124cb,itin,tabddpm_synthetic,,['en'],EIN,2024-12-07T16:32:00+00:00,2038.59,102.94,42,16,0,Monday,3,365,18,EIN,en,Bank account opening,0
16e9900c-37ad-4a85-95d7-abac139c77d6,synth_a459e7517cfc,itin,tabddpm_synthetic,,['en'],ITIN,2024-08-10T00:40:00+00:00,2555.06,0.0,50,0,3,Thursday,0,1904,4,ITIN,en,Bank account opening,0
0d41edc7-80f1-48e1-be51-3b349f0c5bbe,synth_bb8517533550,itin,tabddpm_synthetic,,['en'],ITIN,2024-05-29T18:52:00+00:00,100.0,464.68,22,18,6,Sunday,11,2000,20,ITIN,en,Bank account opening,0
82ecc648-1666-45d6-902f-26f4535c78b6,synth_10669c19d928,itin,tabddpm_synthetic,,['en'],EIN,2024-11-07T00:20:00+00:00,100000.0,50000.0,22,0,6,Sunday,90,1,100,EIN,en,Bank account opening,0
bd9928a7-33a6-47ee-aa46-4c30817ec771,synth_b8d437fff13e,itin,tabddpm_synthetic,,['en'],EIN,2024-12-14T00:34:00+00:00,100000.0,50000.0,22,0,0,Monday,0,1,100,EIN,en,Bank account opening,0
9eed5f87-b6f6-4fca-9889-1ff6aae845e8,synth_f0999e7d6606,itin,tabddpm_synthetic,,['en'],EIN,2024-02-21T00:47:00+00:00,2316.82,0.0,55,0,6,Sunday,0,1,0,EIN,en,Bank account opening,0
d16e79fc-c805-4bcc-8f2d-81612c499bd2,synth_f1573bb3b72a,itin,tabddpm_synthetic,,['en'],EIN,2024-02-28T23:44:00+00:00,100000.0,50000.0,22,23,6,Sunday,0,1,100,EIN,en,Bank account opening,0
095293b9-73a3-454d-b7ef-d14e18a825e6,synth_ac5766dfd564,itin,tabddpm_synthetic,,['es'],EIN,2024-11-16T09:49:00+00:00,100.0,0.0,35,9,3,Thursday,8,934,19,EIN,es,Bank account opening,0
9f88ae1a-34d2-4868-a04c-145300bfbdda,synth_14e4e47a081c,itin,tabddpm_synthetic,,['en'],EIN,2024-02-16T17:36:00+00:00,1706.55,0.0,22,17,3,Thursday,2,807,13,EIN,en,Bank account opening,0
0c2437ce-3ced-4d52-a4ae-9f2b87a2c6d1,synth_9c4e1f1ac2d2,itin,tabddpm_synthetic,,['en'],EIN,2024-05-25T23:39:00+00:00,100000.0,50000.0,22,23,6,Sunday,0,1,100,EIN,en,Bank account opening,1
c6a0bdbe-35e5-4c32-9008-a05a37cd7dae,synth_f542a73fa34a,itin,tabddpm_synthetic,,['en'],EIN,2024-02-10T23:47:00+00:00,100.0,0.0,22,23,6,Sunday,10,2000,5,EIN,en,Bank account opening,0
000d0104-c3e4-432b-969c-68119f36fbc7,synth_b1ba6a3af47f,itin,tabddpm_synthetic,,['en'],EIN,2024-02-22T00:14:00+00:00,100.0,0.0,22,0,0,Monday,0,1334,6,EIN,en,Bank account opening,0
a5d1dde5-fddb-4581-bf3a-3f0e471f7845,synth_5ffda7272fb4,itin,tabddpm_synthetic,,['en'],ITIN,2024-02-29T00:40:00+00:00,100.0,139.3,22,0,4,Friday,0,1,10,ITIN,en,Bank account opening,0
266f2414-3ece-46fd-b603-4a2cadc06143,synth_a3bc45d6e3ce,itin,tabddpm_synthetic,,['en'],EIN,2024-07-17T23:30:00+00:00,100.0,7292.15,55,23,0,Monday,90,2000,8,EIN,en,Bank account opening,0
e2e1aba8-bbdf-4b56-9770-3646a238204b,synth_c087684a9262,itin,tabddpm_synthetic,,['en'],EIN,2024-11-06T23:56:00+00:00,100.0,1068.94,55,23,0,Monday,90,2000,1,EIN,en,Bank account opening,0
b2ff282b-1d4c-4e8b-b267-485c811554ba,synth_79bbeaf97927,itin,tabddpm_synthetic,,['en'],ITIN,2024-08-06T11:54:00+00:00,100.0,0.0,47,11,4,Friday,0,174,11,ITIN,en,Bank account opening,0
9e922549-26ad-4c35-9a5c-0659af29664d,synth_3248df501905,itin,tabddpm_synthetic,,['en'],EIN,2024-04-29T00:38:00+00:00,21898.4,146.63,22,0,6,Sunday,0,1,61,EIN,en,Bank account opening,0
759b2c39-4f7c-4aac-9697-c25fab679bff,synth_d3135eeab967,itin,tabddpm_synthetic,,['en'],EIN,2024-08-17T13:40:00+00:00,100.0,67.55,22,13,5,Saturday,9,2000,9,EIN,en,Bank account opening,0
0fbc2efc-2ff7-4e58-9a07-5ddcdf2377bf,synth_84977bc17eef,itin,tabddpm_synthetic,,['en'],EIN,2024-05-19T08:28:00+00:00,1441.39,665.27,55,8,0,Monday,90,101,17,EIN,en,Bank account opening,0
8e1daddb-3632-4c36-9801-3ae52f264d2e,synth_c49aaa6ce7f7,itin,tabddpm_synthetic,,['en'],EIN,2024-08-12T00:42:00+00:00,3446.24,0.0,22,0,3,Thursday,0,31,2,EIN,en,Bank account opening,0
da744223-08e9-43ed-8fd1-98ef911d6551,synth_accb73be83e0,itin,tabddpm_synthetic,,['en'],EIN,2024-04-26T23:12:00+00:00,100.0,4550.84,55,23,0,Monday,90,2000,0,EIN,en,Bank account opening,0
6a30c3b6-9684-4ce1-8cd7-1c534de3ac3e,synth_ef23e2ae73c2,itin,tabddpm_synthetic,,['en'],EIN,2024-09-16T23:01:00+00:00,100.0,92.99,22,23,6,Sunday,17,2000,25,EIN,en,Bank account opening,0
7fd57b00-f473-4993-a5cd-0b03b108aa68,synth_4bfe862e9d54,itin,tabddpm_synthetic,,['en'],EIN,2024-01-28T11:36:00+00:00,100.0,372.77,22,11,6,Sunday,15,1994,11,EIN,en,Bank account opening,0
d4b3a3f0-dd59-43f8-bf00-b91d314debcf,synth_ca41953d9318,itin,tabddpm_synthetic,,['en'],EIN,2024-02-25T00:24:00+00:00,100000.0,4701.82,22,0,6,Sunday,0,1,100,EIN,en,Bank account opening,0
eb1318be-0d4e-40ea-ba40-0311f427bfa8,synth_ae2824a1a5d3,itin,tabddpm_synthetic,,['en'],EIN,2024-05-19T15:08:00+00:00,100.0,0.0,22,15,6,Sunday,34,2000,9,EIN,en,Bank account opening,0
66480e8e-a92c-4593-8fd5-50ea4bf67765,synth_a67675645ed7,itin,tabddpm_synthetic,,['en'],EIN,2024-12-01T13:45:00+00:00,100.0,33.85,22,13,6,Sunday,32,2000,10,EIN,en,Bank account opening,0
5b661041-d6be-4418-bdbc-e7a9f99936b3,synth_fb0a78c2e77e,itin,tabddpm_synthetic,,['en'],ITIN,2024-07-23T23:29:00+00:00,23565.96,282.81,22,23,0,Monday,0,1,78,ITIN,en,Bank account opening,0
b6f09662-1c77-409d-8a48-6c5b31f906e4,synth_3cd94283d3fa,itin,tabddpm_synthetic,,['en'],EIN,2024-07-11T00:54:00+00:00,88417.68,3250.75,22,0,6,Sunday,0,1,100,EIN,en,Bank account opening,0
64f0d401-451a-4893-b184-78daea3a0f11,synth_b962d3290ce9,itin,tabddpm_synthetic,,['en'],EIN,2024-02-29T00:18:00+00:00,100000.0,50000.0,22,0,0,Monday,0,1,100,EIN,en,Bank account opening,0
a34cbb1e-173d-47dd-b4dc-bee568c01661,synth_5af26ec0706b,itin,tabddpm_synthetic,,['en'],EIN,2024-10-07T00:44:00+00:00,96671.23,1805.87,22,0,0,Monday,34,1,100,EIN,en,Bank account opening,0
63daa900-3bb4-44e0-9e78-f582dbfb7150,synth_d2a7ba395aef,itin,tabddpm_synthetic,,['en'],EIN,2024-08-16T23:01:00+00:00,100000.0,39643.01,22,23,6,Sunday,0,1,100,EIN,en,Bank account opening,1
91b245f8-e34a-4f05-aacd-da5763fd5cd9,synth_08c429b6770b,itin,tabddpm_synthetic,,['en'],EIN,2024-05-05T00:01:00+00:00,100000.0,6893.16,22,0,0,Monday,0,1,100,EIN,en,Bank account opening,0
4ca2b753-5f48-4bb8-8e52-e18361229685,synth_38f65ec25cae,itin,tabddpm_synthetic,,['en'],EIN,2024-06-11T23:04:00+00:00,100.0,50000.0,55,23,0,Monday,90,2000,100,EIN,en,Bank account opening,0
5c949b70-8319-4301-976a-eb79f0358ea0,synth_cce0e2c7965b,itin,tabddpm_synthetic,,['en'],EIN,2024-05-31T00:47:00+00:00,100000.0,50000.0,22,0,6,Sunday,0,1,100,EIN,en,Bank account opening,0
df4ee552-eee5-403d-918b-1e1d84eed942,synth_7682c47e6c33,itin,tabddpm_synthetic,,['en'],EIN,2024-04-26T23:04:00+00:00,100.0,1222.76,55,23,0,Monday,90,2000,5,EIN,en,Bank account opening,0
62460350-e8a8-4456-9df6-f40af27e73db,synth_f32605e354ec,itin,tabddpm_synthetic,,['en'],EIN,2024-06-29T23:28:00+00:00,100000.0,50000.0,22,23,6,Sunday,0,1,100,EIN,en,Bank account opening,0
7c54b590-c633-41be-9410-ef6358d0aa10,synth_f70275546dd1,itin,tabddpm_synthetic,,['en'],EIN,2024-03-22T23:35:00+00:00,100000.0,50000.0,22,23,6,Sunday,0,1,100,EIN,en,Bank account opening,0
d870d44e-1353-4478-97f6-476768042168,synth_f519c47ffa9b,itin,tabddpm_synthetic,,['en'],EIN,2024-01-07T00:29:00+00:00,6252.0,293.89,22,0,3,Thursday,2,135,24,EIN,en,Bank account opening,0
6c44f463-646f-4e72-90f6-f43e593d8c68,synth_8add9d3c2840,itin,tabddpm_synthetic,,['en'],EIN,2024-06-21T02:50:00+00:00,37505.61,1023.58,22,2,6,Sunday,0,1,100,EIN,en,Bank account opening,0
2eab0bb5-db87-4e03-bd67-570d85b04dd1,synth_9a37b2bd5a69,itin,tabddpm_synthetic,,['en'],EIN,2024-11-03T00:50:00+00:00,4202.62,296.65,22,0,5,Saturday,0,1,22,EIN,en,Bank account opening,0
66374bc6-a4d5-4ca1-837c-c34f23056a12,synth_287a76f0f99f,itin,tabddpm_synthetic,,['en'],EIN,2024-06-16T00:12:00+00:00,7660.3,1327.16,22,0,6,Sunday,0,1,15,EIN,en,Bank account opening,0
85cc6e47-b979-4ffa-b748-d5aff113ca61,synth_0d3437545a20,itin,tabddpm_synthetic,,['en'],EIN,2024-12-20T00:31:00+00:00,100.0,2968.26,55,0,0,Monday,90,1,11,EIN,en,Bank account opening,0
2044ae9c-0eb4-4c7b-864c-77fa68733373,synth_e4471f276364,itin,tabddpm_synthetic,,['en'],EIN,2024-05-27T23:12:00+00:00,2459.32,0.0,22,23,5,Saturday,4,1,14,EIN,en,Bank account opening,0
18e7e0bd-0821-4a55-bc47-f86530755a6f,synth_db58b070bd19,itin,tabddpm_synthetic,,['en'],EIN,2024-11-06T18:35:00+00:00,100.0,309.23,22,18,3,Thursday,15,2000,11,EIN,en,Bank account opening,0
7a0c9959-8f4e-40f3-bcf8-9c50de623dd9,synth_e0b1bf82a3ac,itin,tabddpm_synthetic,,['en'],EIN,2024-01-23T00:52:00+00:00,100.0,0.0,22,0,0,Monday,0,2000,0,EIN,en,Bank account opening,0
2c4c634f-f612-47e7-ae6f-a49cb7c9769f,synth_2f5250706fcb,itin,tabddpm_synthetic,,['en'],EIN,2024-07-05T00:37:00+00:00,100000.0,50000.0,22,0,6,Sunday,0,1,100,EIN,en,Bank account opening,0
1fcfeb0a-ea56-4227-a22c-8cae6a73a56d,synth_1dbe2fc56bb0,itin,tabddpm_synthetic,,['en'],EIN,2024-03-18T20:30:00+00:00,100.0,175.8,22,20,6,Sunday,22,2000,38,EIN,en,Bank account opening,0
815376ac-e1a8-492f-a7e6-3aeced173fb4,synth_69d4b70b8897,itin,tabddpm_synthetic,,['en'],EIN,2024-08-16T23:18:00+00:00,100.0,4155.06,55,23,0,Monday,90,2000,0,EIN,en,Bank account opening,0
de0307f1-d94a-4692-9743-c523c1aa721d,synth_420e32e0383b,itin,tabddpm_synthetic,,['en'],EIN,2024-12-13T00:39:00+00:00,86463.43,1298.59,22,0,0,Monday,0,1,99,EIN,en,Bank account opening,0
61c0f51c-4607-42d9-a739-8c230dbe0760,synth_6b2606e06fc3,itin,tabddpm_synthetic,,['en'],EIN,2024-11-08T00:29:00+00:00,10288.87,102.77,22,0,6,Sunday,0,1,58,EIN,en,Bank account opening,0
17c7cf59-9ad9-4c97-862b-924730761284,synth_b7fe902bec79,itin,tabddpm_synthetic,,['en'],EIN,2024-11-07T10:51:00+00:00,100.0,0.0,22,10,6,Sunday,81,2000,14,EIN,en,Bank account opening,0
ef7da8cb-9094-46d7-8ab3-cf869ff9a9d7,synth_bd5c31b693b7,itin,tabddpm_synthetic,,['en'],EIN,2024-04-21T23:01:00+00:00,25483.11,172.99,22,23,3,Thursday,0,1,91,EIN,en,Bank account opening,0
a9c48876-4ef0-4547-8da6-9ff2c0f136ed,synth_f3c501dd144d,itin,tabddpm_synthetic,,['en'],EIN,2024-04-04T05:38:00+00:00,100.0,644.52,55,5,6,Sunday,90,1,37,EIN,en,Bank account opening,0
acfe9c5f-1d3f-4621-9bb5-bd721d251f82,synth_99554893c186,itin,tabddpm_synthetic,,['en'],EIN,2024-05-17T23:38:00+00:00,100.0,18442.9,55,23,0,Monday,90,2000,0,EIN,en,Bank account opening,0
57a3d160-fce0-4fc5-9018-e56bf5d6ce13,synth_971f998cd6f8,itin,tabddpm_synthetic,,['en'],EIN,2024-09-17T00:48:00+00:00,100000.0,50000.0,22,0,6,Sunday,90,1,100,EIN,en,Bank account opening,0
dbd8c5d7-40c3-46ea-9002-1df3169c3c7e,synth_5021b12dfb64,itin,tabddpm_synthetic,,['en'],EIN,2024-06-03T22:28:00+00:00,8230.02,0.0,22,22,0,Monday,0,1,63,EIN,en,Bank account opening,0
525d186f-22c2-4812-ab00-1b41e7c434d2,synth_f7f5a0f5b609,itin,tabddpm_synthetic,,['en'],EIN,2024-06-08T00:39:00+00:00,100.0,0.0,22,0,6,Sunday,0,1,49,EIN,en,Bank account opening,1
5dadf4bc-f36a-4ed3-951a-4eb31a585896,synth_536f1fd71eea,itin,tabddpm_synthetic,,['en'],EIN,2024-08-01T00:06:00+00:00,100000.0,46833.53,22,0,6,Sunday,0,1,100,EIN,en,Bank account opening,1
39aa0804-e703-4863-8d2c-487097025d9a,synth_b20ea5af6a68,itin,tabddpm_synthetic,,['en'],EIN,2024-12-10T23:33:00+00:00,100000.0,50000.0,22,23,6,Sunday,0,1,100,EIN,en,Bank account opening,0
8bb59534-c953-4359-a588-5c2055bbf9b3,synth_036e20f7feaa,itin,tabddpm_synthetic,,['en'],EIN,2024-02-22T23:59:00+00:00,100000.0,50000.0,22,23,6,Sunday,0,1,100,EIN,en,Bank account opening,1
a9124fa1-a768-4fc8-a567-1b4daa0e62aa,synth_3c220704e985,itin,tabddpm_synthetic,,['en'],EIN,2024-01-07T23:42:00+00:00,52459.54,0.0,22,23,0,Monday,0,1,100,EIN,en,Bank account opening,0
63c587af-f0d5-45f0-b2d4-79efe233078b,synth_e963b295c811,itin,tabddpm_synthetic,,['en'],EIN,2024-02-11T23:01:00+00:00,100000.0,50000.0,22,23,6,Sunday,90,2000,100,EIN,en,Bank account opening,0
741f9aec-296e-41e4-ada8-a582914bf52b,synth_3080c9b179a4,itin,tabddpm_synthetic,,['en'],EIN,2024-08-08T00:19:00+00:00,100.0,0.0,23,0,6,Sunday,0,1,24,EIN,en,Bank account opening,0
33c4a232-e66a-4ca8-9387-3ce9474e8fe7,synth_71704b0c6556,itin,tabddpm_synthetic,,['en'],EIN,2024-06-12T23:01:00+00:00,100.0,7324.31,55,23,0,Monday,90,2000,0,EIN,en,Bank account opening,0
1bb333be-de73-43d1-bae8-fd6e28250a19,synth_e1a00d2ec774,itin,tabddpm_synthetic,,['en'],EIN,2024-12-30T00:10:00+00:00,52642.32,911.82,22,0,0,Monday,0,1,85,EIN,en,Bank account opening,0
a852d16e-29fe-4878-afda-2d6c5756a4ea,synth_4fed63b852e8,itin,tabddpm_synthetic,,['en'],EIN,2024-01-31T00:46:00+00:00,24499.0,977.17,22,0,6,Sunday,0,1,96,EIN,en,Bank account opening,0
a3893abe-c81d-4a6f-a6cf-f9d640efc2d5,synth_48ac5bc27033,itin,tabddpm_synthetic,,['en'],EIN,2024-06-23T11:56:00+00:00,100.0,0.0,22,11,6,Sunday,43,2000,7,EIN,en,Bank account opening,0
1afe04a0-5664-4e73-83a6-6a300c9eee31,synth_04404508c986,itin,tabddpm_synthetic,,['en'],EIN,2024-12-03T17:25:00+00:00,100.0,0.0,22,17,6,Sunday,6,2000,8,EIN,en,Bank account opening,0
0f76bcfa-5231-4cd4-b2f7-762718f1f3b4,synth_361f102e736e,itin,tabddpm_synthetic,,['en'],EIN,2024-05-07T00:48:00+00:00,100.0,0.0,55,0,6,Sunday,0,1,56,EIN,en,Bank account opening,0
e8a7d8ad-ed10-45ce-8112-019ff5f000fd,synth_90e5e70ebaf1,itin,tabddpm_synthetic,,['en'],EIN,2024-07-27T17:34:00+00:00,5529.43,250.7,37,17,3,Thursday,0,1698,16,EIN,en,Bank account opening,0
0a3ab83a-bf84-4928-b133-b4261691609c,synth_f3548946ba96,itin,tabddpm_synthetic,,['es'],EIN,2024-03-25T11:52:00+00:00,100.0,51.59,33,11,5,Saturday,9,2000,10,EIN,es,Bank account opening,0
0999a604-68c0-4d77-b50f-5ee5489c7a99,synth_c71ef08f85eb,itin,tabddpm_synthetic,,['en'],EIN,2024-02-23T23:56:00+00:00,100.0,7547.46,55,23,0,Monday,90,2000,0,EIN,en,Bank account opening,0
d64c77e5-ef7f-4450-9ba6-22e53b4f5edd,synth_16868b856d40,itin,tabddpm_synthetic,,['en'],EIN,2024-10-23T00:13:00+00:00,2615.4,0.0,22,0,0,Monday,0,1,20,EIN,en,Bank account opening,0
a733a288-52ad-4b4a-8348-108ccf35f099,synth_c5d2f535db8c,itin,tabddpm_synthetic,,['en'],EIN,2024-11-20T19:10:00+00:00,769.38,74.6,33,19,0,Monday,2,1669,14,EIN,en,Bank account opening,0
81c3b5d0-4db1-497d-926f-024606965a92,synth_0a2c8db039e2,itin,tabddpm_synthetic,,['en'],EIN,2024-11-02T23:06:00+00:00,100.0,6327.94,55,23,0,Monday,90,2000,0,EIN,en,Bank account opening,0
d9e380dc-4cbc-4a3a-915f-d086e57ccfeb,synth_f71ce4734eef,itin,tabddpm_synthetic,,['en'],EIN,2024-02-23T00:35:00+00:00,14774.4,0.0,22,0,0,Monday,0,1,40,EIN,en,Bank account opening,0
123321eb-acd8-4d2e-9573-c69d6fb64eae,synth_fed94196f7ae,itin,tabddpm_synthetic,,['en'],EIN,2024-12-14T00:27:00+00:00,100000.0,50000.0,22,0,0,Monday,0,1,100,EIN,en,Bank account opening,0
347991ed-70ee-4fac-9851-a7fee5eb7396,synth_424142cacc14,itin,tabddpm_synthetic,,['en'],EIN,2024-05-14T23:25:00+00:00,100000.0,9312.65,22,23,6,Sunday,0,1,100,EIN,en,Bank account opening,0
8ef0c4f0-58ab-4463-8194-d513955a7553,synth_28e35d4d611e,itin,tabddpm_synthetic,,['en'],EIN,2024-01-08T00:18:00+00:00,100000.0,50000.0,22,0,6,Sunday,0,1,100,EIN,en,Bank account opening,0
1b4ce626-0a85-42b4-aa76-4af0366727eb,synth_dab6e08e94a4,itin,tabddpm_synthetic,,['en'],EIN,2024-01-01T22:29:00+00:00,100000.0,50000.0,22,22,6,Sunday,0,1,100,EIN,en,Bank account opening,0
79d03f9c-da8d-44f5-ba01-800ef9d9dfba,synth_ab7fb34660fc,itin,tabddpm_synthetic,,['en'],EIN,2024-07-06T23:37:00+00:00,100.0,0.0,22,23,2,Wednesday,0,2000,14,EIN,en,Bank account opening,0
bf773fde-f777-4b7f-8389-d7e9cb50d625,synth_1784830e2c1d,itin,tabddpm_synthetic,,['en'],EIN,2024-10-03T14:28:00+00:00,100.0,0.0,30,14,6,Sunday,5,2000,11,EIN,en,Bank account opening,0
fa742074-9b68-49f3-a6bd-61d8dbdbf2a0,synth_737780c352af,itin,tabddpm_synthetic,,['en'],EIN,2024-04-19T23:04:00+00:00,100.0,24472.03,55,23,0,Monday,90,2000,0,EIN,en,Bank account opening,0
f523bd92-079d-4fe9-93a5-428b09980706,synth_8e894995cc15,itin,tabddpm_synthetic,,['en'],EIN,2024-06-11T23:58:00+00:00,100.0,681.19,55,23,0,Monday,90,2000,1,EIN,en,Bank account opening,0
9e116411-cbe7-4151-854b-4997be64d99c,synth_6973702b68be,itin,tabddpm_synthetic,,['en'],EIN,2024-06-25T04:29:00+00:00,100.0,0.0,22,4,2,Wednesday,0,2000,2,EIN,en,Bank account opening,0
0bd3632f-e7c6-42c2-b49d-4622ec1d4337,synth_f829c1ddf03a,itin,tabddpm_synthetic,,['en'],EIN,2024-02-12T00:26:00+00:00,100.0,0.0,22,0,1,Tuesday,0,2000,0,EIN,en,Bank account opening,0
e4c69a65-1756-461e-8e9e-31b78227dd30,synth_f396c421bdf2,itin,tabddpm_synthetic,,['en'],EIN,2024-02-27T23:20:00+00:00,100000.0,26237.69,22,23,0,Monday,0,1,100,EIN,en,Bank account opening,0
b2ef578c-c63d-47ff-9ff5-b76759ddbe56,synth_227a54d5a5a7,itin,tabddpm_synthetic,,['en'],EIN,2024-07-10T00:12:00+00:00,100.0,0.0,22,0,4,Friday,0,1,0,EIN,en,Bank account opening,0
396d5add-86d0-4c11-a26e-96877bea157a,synth_02daad4a6b82,itin,tabddpm_synthetic,,['en'],EIN,2024-12-07T00:15:00+00:00,58361.11,1534.46,22,0,6,Sunday,0,1,100,EIN,en,Bank account opening,0
06b36357-8a2f-47f3-9e8c-0b81e0a71993,synth_6783c240d669,itin,tabddpm_synthetic,,['en'],EIN,2024-05-23T23:18:00+00:00,100000.0,50000.0,22,23,6,Sunday,90,1,100,EIN,en,Bank account opening,1
72f4b997-3e8e-468a-a4c8-1e342b5af7e8,synth_66fe7b24792d,itin,tabddpm_synthetic,,['en'],EIN,2024-06-28T23:16:00+00:00,50982.9,364.28,22,23,0,Monday,0,1,100,EIN,en,Bank account opening,0
97afff10-2c3e-49dd-a60a-ca5858ce18cd,synth_84d557b5305f,itin,tabddpm_synthetic,,['en'],EIN,2024-03-01T23:20:00+00:00,100.0,1805.06,55,23,0,Monday,90,2000,10,EIN,en,Bank account opening,0
ba9fb53d-fb08-41e0-ba94-d575a1bfa4db,synth_7fd878d0b948,itin,tabddpm_synthetic,,['en'],EIN,2024-11-01T00:08:00+00:00,100.0,0.0,22,0,2,Wednesday,0,2000,0,EIN,en,Bank account opening,0
53763e92-f2a0-4f08-8f5a-be6b40f65f9b,synth_a06569035be6,itin,tabddpm_synthetic,,['en'],EIN,2024-06-26T00:42:00+00:00,100000.0,50000.0,22,0,6,Sunday,0,1,100,EIN,en,Bank account opening,1
7b237a6d-4544-4997-88f3-2f071453b966,synth_4b774ef73d2c,itin,tabddpm_synthetic,,['en'],EIN,2024-01-02T00:52:00+00:00,100000.0,50000.0,22,0,6,Sunday,0,1,100,EIN,en,Bank account opening,0
a8a456de-8dff-4731-865c-63713c0a15af,synth_bfebd4d07937,itin,tabddpm_synthetic,,['en'],EIN,2024-01-04T00:37:00+00:00,3673.88,0.0,55,0,6,Sunday,0,478,0,EIN,en,Bank account opening,0
e6b183aa-c3f2-412d-8c96-13094a3b736f,synth_85b21caab496,itin,tabddpm_synthetic,,['en'],EIN,2024-12-03T23:13:00+00:00,100.0,13837.56,55,23,0,Monday,90,2000,0,EIN,en,Bank account opening,0
d1c02400-d008-4bc6-9c14-74d387173e67,synth_8ba44b4d2a48,itin,tabddpm_synthetic,,['en'],EIN,2024-08-21T00:15:00+00:00,100000.0,6877.12,22,0,0,Monday,0,1,100,EIN,en,Bank account opening,0
c1c0abae-b72a-4c7b-a02c-7b54e43fd35e,synth_a03af94612d9,itin,tabddpm_synthetic,,['en'],EIN,2024-03-29T05:09:00+00:00,100.0,2281.75,55,5,0,Monday,90,1,0,EIN,en,Bank account opening,0
7bb9828c-5aec-4064-a4d0-b3d17c0dc900,synth_6c5db3d6cb39,itin,tabddpm_synthetic,,['en'],EIN,2024-05-15T00:01:00+00:00,100.0,0.0,22,0,6,Sunday,0,1,25,EIN,en,Bank account opening,0
382efb9d-8ca6-45bb-ba9a-f2b96419d2fa,synth_50adfbdf4f0b,itin,tabddpm_synthetic,,['en'],EIN,2024-07-12T00:44:00+00:00,100000.0,45436.95,22,0,6,Sunday,0,1,100,EIN,en,Bank account opening,1
2868b088-b07c-4398-8fce-f22093de308c,synth_74ab8665feb6,itin,tabddpm_synthetic,,['en'],EIN,2024-10-07T23:58:00+00:00,8505.16,3908.22,55,23,0,Monday,90,1891,73,EIN,en,Bank account opening,0
51b5b230-e9d4-471b-ad45-5871dcc38b1d,synth_2200facbcaf1,itin,tabddpm_synthetic,,['en'],EIN,2024-12-24T00:16:00+00:00,100.0,0.0,22,0,3,Thursday,1,2000,1,EIN,en,Bank account opening,0
f8d747f2-b5bf-4eac-87b9-0958fc77c884,synth_c70eeb3abda2,itin,tabddpm_synthetic,,['en'],EIN,2024-10-04T23:32:00+00:00,82950.32,1102.31,22,23,6,Sunday,0,1,100,EIN,en,Bank account opening,0
6ad5cc00-c859-4463-bd26-9279617bc40d,synth_5e8a04601bb8,itin,tabddpm_synthetic,,['en'],EIN,2024-04-03T00:18:00+00:00,60702.15,1867.51,22,0,6,Sunday,0,1,100,EIN,en,Bank account opening,0
febad63a-f57b-4381-8e5b-b89e768506c5,synth_404db5615985,itin,tabddpm_synthetic,,['en'],EIN,2024-01-07T22:23:00+00:00,100.0,80.17,22,22,6,Sunday,6,2000,12,EIN,en,Bank account opening,0
224f1327-f1f0-4afd-acb0-f2b84caf6e96,synth_0223f577e2be,itin,tabddpm_synthetic,,['en'],EIN,2024-02-25T19:55:00+00:00,100.0,97.37,25,19,6,Sunday,21,2000,16,EIN,en,Bank account opening,0
35501f8f-7a60-4c84-947f-8a58060d626e,synth_bf694808b90e,itin,tabddpm_synthetic,,['en'],EIN,2024-10-20T23:52:00+00:00,100000.0,32413.56,22,23,6,Sunday,0,1,100,EIN,en,Bank account opening,1
fd98b27d-16df-4ce8-80e1-e3970b481698,synth_351bb914c39f,itin,tabddpm_synthetic,,['en'],EIN,2024-04-24T00:10:00+00:00,100.0,80.18,44,0,6,Sunday,0,1,31,EIN,en,Bank account opening,0
62ac2141-0e4a-47ce-aa51-1de0e15e29bb,synth_46b6f0f1d57b,itin,tabddpm_synthetic,,['en'],EIN,2024-02-27T00:26:00+00:00,100000.0,50000.0,22,0,0,Monday,0,1,100,EIN,en,Bank account opening,0
45378919-45bc-49cc-9d6a-8cb846a48967,synth_b5acbcb86208,itin,tabddpm_synthetic,,['en'],EIN,2024-08-05T00:49:00+00:00,100000.0,50000.0,22,0,6,Sunday,0,1,100,EIN,en,Bank account opening,1
6a7de73b-7a35-4a93-b062-c5d4ff6a4c8e,synth_454fe46c106e,itin,tabddpm_synthetic,,['en'],EIN,2024-02-07T22:08:00+00:00,100.0,0.0,22,22,6,Sunday,10,2000,1,EIN,en,Bank account opening,0
2d055b29-2d7d-49b4-a7de-321348ed0638,synth_62987633ac52,itin,tabddpm_synthetic,,['en'],EIN,2024-04-04T23:20:00+00:00,100.0,6288.49,55,23,0,Monday,90,2000,0,EIN,en,Bank account opening,0
78fbf40a-9675-4308-b64d-da3e04e20966,synth_5c1784716186,itin,tabddpm_synthetic,,['en'],EIN,2024-04-25T15:57:00+00:00,2709.26,120.87,31,15,6,Sunday,70,2000,4,EIN,en,Bank account opening,0
f0998960-1313-41c7-9a61-f1de49d6058d,synth_afeaeb257f74,itin,tabddpm_synthetic,,['en'],EIN,2024-04-13T00:56:00+00:00,71300.7,2388.05,22,0,6,Sunday,0,1,70,EIN,en,Bank account opening,0
0dc73cdc-4180-4854-acba-7ec43aabb4c1,synth_d0fc287a4343,itin,tabddpm_synthetic,,['en'],EIN,2024-04-07T17:21:00+00:00,100.0,790.63,55,17,6,Sunday,90,2000,0,EIN,en,Bank account opening,0
3e10c821-8758-4c77-b738-e4f8a7350262,synth_1880202ea4c1,itin,tabddpm_synthetic,,['en'],EIN,2024-04-18T03:52:00+00:00,100.0,1977.93,55,3,6,Sunday,90,2000,0,EIN,en,Bank account opening,0
9a6ba9a7-eac2-4cf1-8b62-8f67961946c5,synth_03a77fdd83ba,itin,tabddpm_synthetic,,['en'],EIN,2024-06-12T00:46:00+00:00,100.0,504.29,22,0,6,Sunday,0,1,7,EIN,en,Bank account opening,0
9df864c1-ac6f-4055-abc6-b35c4ddd1150,synth_8365347aa531,itin,tabddpm_synthetic,,['en'],EIN,2024-12-21T00:56:00+00:00,100000.0,50000.0,22,0,0,Monday,90,1,12,EIN,en,Bank account opening,0
167e0779-7e66-48df-ba16-2ec67c212792,synth_b2a89ea38cfa,itin,tabddpm_synthetic,,['en'],EIN,2024-02-09T16:05:00+00:00,100.0,0.0,22,16,6,Sunday,0,2000,9,EIN,en,Bank account opening,0
bb6c3a4f-620e-49bd-bf94-51a07b8ccfa9,synth_5250f8dca5d6,itin,tabddpm_synthetic,,['en'],EIN,2024-04-24T00:49:00+00:00,100.0,399.58,22,0,6,Sunday,17,430,0,EIN,en,Bank account opening,0
d246356f-0cf9-4190-8044-059859b5ee72,synth_f37668338967,itin,tabddpm_synthetic,,['en'],EIN,2024-11-24T00:27:00+00:00,100000.0,50000.0,22,0,0,Monday,0,1,100,EIN,en,Bank account opening,0
11152325-7e53-4e2a-a23f-f97425b772bb,synth_13f0b60a7ff7,itin,tabddpm_synthetic,,['en'],EIN,2024-08-06T06:13:00+00:00,8202.28,0.0,22,6,0,Monday,6,1,37,EIN,en,Bank account opening,0
659c5cbb-d7f1-449e-a114-8714d7269f65,synth_f6687d309539,itin,tabddpm_synthetic,,['en'],EIN,2024-05-12T23:21:00+00:00,100.0,11143.43,55,23,0,Monday,90,2000,0,EIN,en,Bank account opening,0
0e33741d-a48a-4b7a-9baa-3959f59ef25b,synth_eafe84f3224e,itin,tabddpm_synthetic,,['en'],EIN,2024-04-18T00:24:00+00:00,100000.0,29940.82,22,0,0,Monday,0,1,100,EIN,en,Bank account opening,1
1fbdc8ec-3fad-420f-993c-a5998437213a,synth_8131f38e46db,itin,tabddpm_synthetic,,['en'],EIN,2024-09-11T23:47:00+00:00,100.0,0.0,22,23,6,Sunday,8,1259,19,EIN,en,Bank account opening,0
156f5fd3-fa73-4910-afad-d9fd70c19d69,synth_7a56029fadf9,itin,tabddpm_synthetic,,['en'],EIN,2024-12-04T20:08:00+00:00,100.0,0.0,22,20,6,Sunday,27,2000,16,EIN,en,Bank account opening,0
dab57bc0-9164-43fd-a842-df1598ab9910,synth_cd05257e1013,itin,tabddpm_synthetic,,['en'],EIN,2024-06-03T09:53:00+00:00,100.0,705.03,22,9,6,Sunday,90,2000,12,EIN,en,Bank account opening,0
51ec119d-bda1-4049-99ce-e67324836662,synth_152b9647858b,itin,tabddpm_synthetic,,['en'],EIN,2024-09-02T00:22:00+00:00,672.01,1584.26,55,0,0,Monday,90,1022,25,EIN,en,Bank account opening,0
1058c8f1-007f-4ec1-a2ca-17d894425956,synth_62085d01fb12,itin,tabddpm_synthetic,,['en'],EIN,2024-07-20T23:52:00+00:00,100.0,4373.3,55,23,0,Monday,90,2000,0,EIN,en,Bank account opening,0
e04c41e0-56a2-4be1-805c-6ff6e5a9a7c4,synth_08bc0c561944,itin,tabddpm_synthetic,,['en'],EIN,2024-11-21T23:55:00+00:00,100.0,0.0,22,23,6,Sunday,18,2000,9,EIN,en,Bank account opening,0
aa83e98c-7e2b-4094-abce-9db21d3b1353,synth_3c850369e833,itin,tabddpm_synthetic,,['en'],EIN,2024-05-14T00:48:00+00:00,100.0,918.21,22,0,6,Sunday,13,1220,0,EIN,en,Bank account opening,0
7aec7c0a-aaf6-4f78-b1c7-bf73b2c27878,synth_dec7d25eac90,itin,tabddpm_synthetic,,['en'],EIN,2024-11-30T00:33:00+00:00,100000.0,50000.0,22,0,6,Sunday,0,1,100,EIN,en,Bank account opening,1
b49b5a5b-6404-4227-a0b7-3615e00987e5,synth_99bab47c788c,itin,tabddpm_synthetic,,['en'],EIN,2024-06-13T22:46:00+00:00,100.0,0.0,22,22,6,Sunday,23,2000,10,EIN,en,Bank account opening,0
e850a41d-1d7a-4ab8-a436-d20937f8d072,synth_2d725d698f0f,itin,tabddpm_synthetic,,['en'],EIN,2024-02-09T23:26:00+00:00,100.0,7771.52,55,23,0,Monday,90,2000,0,EIN,en,Bank account opening,0
91ad3cb0-7012-441b-aa47-9a3ff748b91c,synth_b2674622ee69,itin,tabddpm_synthetic,,['en'],EIN,2024-11-14T12:10:00+00:00,100.0,0.0,22,12,6,Sunday,57,2000,9,EIN,en,Bank account opening,0
9ddec4a3-99c9-4cc5-9e97-4493c65684cc,synth_38f26785d855,itin,tabddpm_synthetic,,['en'],EIN,2024-07-30T00:20:00+00:00,100000.0,43385.02,22,0,6,Sunday,0,1,100,EIN,en,Bank account opening,1
f5e7799a-524b-4e8b-811a-9cc834e44f25,synth_bdba3a802f3d,itin,tabddpm_synthetic,,['en'],ITIN,2024-10-26T17:11:00+00:00,4417.99,604.06,22,17,6,Sunday,9,2000,23,ITIN,en,Bank account opening,0
48600e54-e2e2-44ae-b1d8-032685756037,synth_f6e0208d9e4d,itin,tabddpm_synthetic,,['en'],EIN,2024-09-04T20:23:00+00:00,100.0,3013.69,55,20,6,Sunday,90,2000,0,EIN,en,Bank account opening,0
e7e8f4ab-7efb-4019-8d86-48f7ec12d236,synth_d1b75de5e381,itin,tabddpm_synthetic,,['en'],EIN,2024-07-11T23:32:00+00:00,100.0,3162.89,55,23,0,Monday,90,1,36,EIN,en,Bank account opening,0
36c91175-a2c2-452f-93b9-ccb919a9b942,synth_9cbd70fbd947,itin,tabddpm_synthetic,,['en'],EIN,2024-12-05T00:07:00+00:00,100.0,0.0,22,0,5,Saturday,0,2000,0,EIN,en,Bank account opening,0
30c0ab47-2162-4864-949f-5d4d526fdf61,synth_11cf6b925a1f,itin,tabddpm_synthetic,,['en'],EIN,2024-10-11T23:43:00+00:00,100000.0,9902.96,22,23,0,Monday,0,1,100,EIN,en,Bank account opening,0
65419300-bf59-4335-b629-3a34458b9409,synth_300ebd75a0f2,itin,tabddpm_synthetic,,['en'],EIN,2024-12-06T00:45:00+00:00,100000.0,50000.0,55,0,0,Monday,90,1,100,EIN,en,Bank account opening,0
d154c0dc-ff03-499e-9005-5ce919154f92,synth_a0c17aee616a,itin,tabddpm_synthetic,,['en'],EIN,2024-02-26T00:52:00+00:00,100000.0,50000.0,55,0,6,Sunday,90,1,100,EIN,en,Bank account opening,0
fa28ea1b-ef34-4129-b033-a7f02a7b57b8,synth_a373efbc562e,itin,tabddpm_synthetic,,['en'],EIN,2024-07-15T00:04:00+00:00,100.0,0.0,22,0,6,Sunday,0,124,9,EIN,en,Bank account opening,0
71af63d8-c137-4f72-beae-5174a4c4f017,synth_ffb91345d9d1,itin,tabddpm_synthetic,,['en'],EIN,2024-02-24T16:20:00+00:00,100.0,78.59,23,16,5,Saturday,16,2000,10,EIN,en,Bank account opening,0
401aa681-610f-464f-b6d5-fc0bc4078aa7,synth_a8f708013a04,itin,tabddpm_synthetic,,['en'],EIN,2024-05-17T00:13:00+00:00,100000.0,50000.0,22,0,0,Monday,0,1,84,EIN,en,Bank account opening,0
05da05b0-0ccc-45ca-b752-e423860df260,synth_9527370e3a6e,itin,tabddpm_synthetic,,['en'],EIN,2024-10-31T00:54:00+00:00,100.0,0.0,28,0,0,Monday,0,2000,3,EIN,en,Bank account opening,0
c55cf1e4-9906-4131-a73c-3c5213eb6c15,synth_397198d7d829,itin,tabddpm_synthetic,,['en'],EIN,2024-10-27T23:54:00+00:00,100.0,0.0,31,23,5,Saturday,0,1,13,EIN,en,Bank account opening,0
9bca134b-a352-4385-972d-a6df8bee9c94,synth_f655d5176f54,itin,tabddpm_synthetic,,['en'],EIN,2024-01-22T21:28:00+00:00,100.0,36.52,22,21,6,Sunday,19,2000,8,EIN,en,Bank account opening,0
ab0b9c15-e741-4aa7-be2b-9fe3957a8201,synth_1f462dea2d90,itin,tabddpm_synthetic,,['en'],EIN,2024-09-12T17:23:00+00:00,100.0,41.24,22,17,6,Sunday,16,2000,5,EIN,en,Bank account opening,0
6a70b33c-ba06-4952-bdc2-71af3f83a79d,synth_11b6621435bf,itin,tabddpm_synthetic,,['en'],EIN,2024-06-22T23:43:00+00:00,100000.0,50000.0,22,23,6,Sunday,90,1,100,EIN,en,Bank account opening,0
4d8f0c94-5203-4ae7-ae20-2b5f39b40bfd,synth_9169fc068277,itin,tabddpm_synthetic,,['en'],EIN,2024-11-20T12:24:00+00:00,100.0,1125.16,22,12,6,Sunday,90,2000,44,EIN,en,Bank account opening,0
f05b01bf-3108-4fef-94d5-2f064d7e11fd,synth_0d21a23dce68,itin,tabddpm_synthetic,,['en'],EIN,2024-11-29T01:40:00+00:00,100.0,225.3,22,1,6,Sunday,58,2000,24,EIN,en,Bank account opening,0
d449bee1-2b60-4fa3-b6e6-1d020fd95329,synth_ec31c74e36f5,itin,tabddpm_synthetic,,['en'],EIN,2024-02-07T13:45:00+00:00,100.0,187.19,29,13,6,Sunday,27,2000,1,EIN,en,Bank account opening,0
ab8ae29b-6433-4b74-b929-e8ba30d129cc,synth_06d8ba31b0fc,itin,tabddpm_synthetic,,['en'],EIN,2024-01-24T02:43:00+00:00,100.0,2299.89,55,2,6,Sunday,90,2000,0,EIN,en,Bank account opening,0
6a64026f-f93a-4aea-8bbd-414000d48b8a,synth_34b33dfab857,itin,tabddpm_synthetic,,['en'],EIN,2024-07-04T00:56:00+00:00,100000.0,50000.0,22,0,6,Sunday,0,1,100,EIN,en,Bank account opening,0
0799dbad-d05a-464a-8bfa-738aa380b657,synth_92e3a1d7139f,itin,tabddpm_synthetic,,['en'],EIN,2024-06-22T23:23:00+00:00,100000.0,50000.0,22,23,6,Sunday,90,1,100,EIN,en,Bank account opening,0
16c59e4e-d4ce-4e8b-8c7f-c13802c6086d,synth_867b91786479,itin,tabddpm_synthetic,,['en'],EIN,2024-05-08T00:14:00+00:00,2091.5,0.0,55,0,6,Sunday,0,1,0,EIN,en,Bank account opening,0
23c972c5-f4cf-47e2-b2a7-4da8653bd9bc,synth_01cad5947483,itin,tabddpm_synthetic,,['en'],EIN,2024-11-19T23:00:00+00:00,100.0,2199.41,55,23,0,Monday,90,2000,0,EIN,en,Bank account opening,0
b78639d3-015d-40e9-a587-29cadbba3291,synth_81e5155639fd,itin,tabddpm_synthetic,,['en'],EIN,2024-12-04T00:12:00+00:00,100000.0,50000.0,22,0,6,Sunday,90,1,100,EIN,en,Bank account opening,0
a024bfac-4b42-4f23-b942-f0c4d8e1af02,synth_294cf8ebbf37,itin,tabddpm_synthetic,,['en'],EIN,2024-01-11T23:09:00+00:00,100000.0,50000.0,22,23,6,Sunday,90,1,100,EIN,en,Bank account opening,0
06f04022-79c6-4836-a7c9-229663595906,synth_fb5fde36ab66,itin,tabddpm_synthetic,,['en'],EIN,2024-12-20T23:10:00+00:00,100.0,6735.59,55,23,0,Monday,90,2000,0,EIN,en,Bank account opening,0
8bfbdd09-f898-4eaa-9c07-9a22e1f044cd,synth_ad0f8f1c34f7,itin,tabddpm_synthetic,,['en'],EIN,2024-03-18T00:42:00+00:00,98327.08,3589.17,22,0,6,Sunday,0,1,100,EIN,en,Bank account opening,0
b6b3d40b-cd68-415b-b941-b8d4eedf207c,synth_c518556769fd,itin,tabddpm_synthetic,,['en'],EIN,2024-03-30T07:52:00+00:00,7883.45,190.62,22,7,0,Monday,2,1,8,EIN,en,Bank account opening,0
1d1dcd43-2315-451a-814b-f19accccf463,synth_90ba1f4b41b4,itin,tabddpm_synthetic,,['en'],EIN,2024-12-24T17:52:00+00:00,100.0,78.2,22,17,6,Sunday,12,2000,11,EIN,en,Bank account opening,0
88023c76-f40f-44df-8c83-c78726671f5a,synth_f8366b5d1c0e,itin,tabddpm_synthetic,,['en'],EIN,2024-06-07T09:56:00+00:00,100.0,0.0,22,9,6,Sunday,34,2000,5,EIN,en,Bank account opening,0
bbaf3408-25db-4d01-8c6e-bd79a012f8f2,synth_52b7f732d0f8,itin,tabddpm_synthetic,,['en'],EIN,2024-11-23T23:20:00+00:00,100.0,6521.74,55,23,0,Monday,90,2000,0,EIN,en,Bank account opening,0
86f5b2ed-572f-4d9c-8e84-a4d173c45f2e,synth_fe82085a619e,itin,tabddpm_synthetic,,['en'],EIN,2024-08-16T23:26:00+00:00,100000.0,50000.0,22,23,6,Sunday,0,1,100,EIN,en,Bank account opening,0
f7c1eff0-2754-42cf-8c5c-cedd657b3a2d,synth_30e22f75704c,itin,tabddpm_synthetic,,['en'],EIN,2024-04-15T23:00:00+00:00,100000.0,50000.0,22,23,6,Sunday,90,1,100,EIN,en,Bank account opening,0
38530234-9ecb-4551-ae76-68f8f1b30a79,synth_b384a6dddce5,itin,tabddpm_synthetic,,['en'],EIN,2024-07-19T23:32:00+00:00,100000.0,50000.0,22,23,6,Sunday,90,1,100,EIN,en,Bank account opening,0
5fc29bdd-63a9-4936-ba0e-12c5879dfc24,synth_c862325566a6,itin,tabddpm_synthetic,,['en'],EIN,2024-05-21T00:01:00+00:00,100000.0,50000.0,22,0,0,Monday,0,1,100,EIN,en,Bank account opening,1
e521c4ab-5c31-4dc8-a7d4-d2c351571b05,synth_8e455f777d23,itin,tabddpm_synthetic,,['en'],EIN,2024-08-21T19:29:00+00:00,100.0,0.0,22,19,6,Sunday,57,2000,10,EIN,en,Bank account opening,0
63b84819-eada-4333-a9a9-167a846fb4ff,synth_b100110e1290,itin,tabddpm_synthetic,,['en'],EIN,2024-09-17T23:07:00+00:00,100.0,5006.32,55,23,0,Monday,90,2000,0,EIN,en,Bank account opening,0
cc66cdb2-6671-49fd-aebb-c401d8b4ec40,synth_dfb2b62a15ec,itin,tabddpm_synthetic,,['en'],EIN,2024-11-13T23:23:00+00:00,100.0,31036.76,55,23,0,Monday,90,2000,0,EIN,en,Bank account opening,0
ff2e94f1-027e-4c01-b600-d713e32b259e,synth_1181aab9bcaa,itin,tabddpm_synthetic,,['en'],EIN,2024-04-09T10:36:00+00:00,100.0,152.82,49,10,6,Sunday,67,2000,9,EIN,en,Bank account opening,0
0b7802ab-4568-4abe-abe2-3608c83d5653,synth_f145a03b1e09,itin,tabddpm_synthetic,,['en'],EIN,2024-09-03T13:35:00+00:00,4723.85,558.78,26,13,6,Sunday,48,2000,21,EIN,en,Bank account opening,0
9cfaf612-def4-42ee-98ae-99ce1c4718f5,synth_3e575822c1e1,itin,tabddpm_synthetic,,['en'],EIN,2024-11-04T00:50:00+00:00,100.0,0.0,22,0,0,Monday,0,1342,0,EIN,en,Bank account opening,0
8e02bfab-adcd-4732-8a62-da773baf3231,synth_81cd50fc91d5,itin,tabddpm_synthetic,,['en'],EIN,2024-07-23T00:26:00+00:00,100000.0,50000.0,22,0,6,Sunday,0,1,100,EIN,en,Bank account opening,0
65eb2dc5-bf0b-4a53-908c-c99318eca1a1,synth_40eacc337e73,itin,tabddpm_synthetic,,['en'],EIN,2024-01-10T00:48:00+00:00,100.0,498.87,55,0,6,Sunday,0,1,42,EIN,en,Bank account opening,1
ad752b88-e332-435f-b9f9-d432fd9d12f5,synth_d6538c975541,itin,tabddpm_synthetic,,['en'],EIN,2024-03-05T05:14:00+00:00,100.0,0.0,22,5,6,Sunday,4,2000,23,EIN,en,Bank account opening,0
75404350-0728-4189-8910-0afa4ec88150,synth_9b306b29cfc4,itin,tabddpm_synthetic,,['en'],EIN,2024-12-08T04:15:00+00:00,100.0,245.25,22,4,6,Sunday,0,1451,82,EIN,en,Bank account opening,0
cebda25a-96fc-4774-8ed5-4e2f5891d98c,synth_90bd4482e97f,itin,tabddpm_synthetic,,['en'],EIN,2024-01-07T22:42:00+00:00,100.0,84.83,22,22,6,Sunday,9,2000,11,EIN,en,Bank account opening,0
8c771924-504e-4b6e-8139-1040850ea6f6,synth_f06fc27b5643,itin,tabddpm_synthetic,,['en'],EIN,2024-09-26T23:52:00+00:00,100000.0,6087.48,22,23,0,Monday,0,1,100,EIN,en,Bank account opening,0
d1eb4cbc-de6c-45a7-aa57-83d173b32826,synth_68690bd0a1b2,itin,tabddpm_synthetic,,['en'],EIN,2024-03-20T00:17:00+00:00,100000.0,50000.0,22,0,6,Sunday,0,1,100,EIN,en,Bank account opening,1
b819b86b-c8cb-41e7-9e2a-dfe57ff8ce53,synth_c307dee57375,itin,tabddpm_synthetic,,['en'],EIN,2024-06-20T17:33:00+00:00,100.0,0.0,50,17,0,Monday,26,2000,9,EIN,en,Bank account opening,0
d6fa4441-5a10-4b63-a9cb-aad79168d5d2,synth_afa0fda03e9b,itin,tabddpm_synthetic,,['en'],EIN,2024-06-11T00:55:00+00:00,100.0,0.0,22,0,2,Wednesday,0,77,2,EIN,en,Bank account opening,0
874044d7-5b65-4186-8697-74f9ea776742,synth_a22f57ec46f6,itin,tabddpm_synthetic,,['en'],EIN,2024-09-09T00:02:00+00:00,100.0,898.15,55,0,0,Monday,90,1,46,EIN,en,Bank account opening,0
78b20781-7ea4-45d2-9c1e-ffb2845093e0,synth_a2d10b87ae6a,itin,tabddpm_synthetic,,['en'],EIN,2024-05-28T00:00:00+00:00,100.0,0.0,22,0,6,Sunday,0,1,0,EIN,en,Bank account opening,0
6806b387-d704-4734-8e3b-17100af8febc,synth_9671b415fef9,itin,tabddpm_synthetic,,['en'],EIN,2024-11-07T00:03:00+00:00,100000.0,50000.0,22,0,6,Sunday,0,1,100,EIN,en,Bank account opening,1
63a31c05-2e8d-4ce1-8743-2b18109cb4a2,synth_91d30702489a,itin,tabddpm_synthetic,,['en'],EIN,2024-10-03T00:53:00+00:00,100000.0,27904.84,22,0,0,Monday,24,1,0,EIN,en,Bank account opening,0
22dda507-809d-41f5-b5cf-b567122653ae,synth_d09322cd90b2,itin,tabddpm_synthetic,,['en'],EIN,2024-01-12T00:38:00+00:00,100.0,0.0,23,0,1,Tuesday,0,2000,9,EIN,en,Bank account opening,0
7be10243-7015-4c33-835e-d0acedf54688,synth_4c7c48e0cc00,itin,tabddpm_synthetic,,['en'],EIN,2024-03-10T05:09:00+00:00,100.0,2949.23,55,5,0,Monday,90,1,43,EIN,en,Bank account opening,0
670c94bc-a05c-47bc-abf3-1f9e5fab7535,synth_26ba4db5c5dd,itin,tabddpm_synthetic,,['en'],EIN,2024-02-07T00:22:00+00:00,100.0,0.0,22,0,0,Monday,0,1739,0,EIN,en,Bank account opening,0
871c7c80-2307-4a90-9beb-04071680452f,synth_b73336fe4556,itin,tabddpm_synthetic,,['en'],EIN,2024-08-11T23:29:00+00:00,100000.0,5377.28,22,23,0,Monday,0,1,100,EIN,en,Bank account opening,0
cc172112-f12f-4de4-b6a5-3458b28340bd,synth_5f0ef23d9de4,itin,tabddpm_synthetic,,['en'],EIN,2024-01-21T23:26:00+00:00,100000.0,50000.0,22,23,6,Sunday,90,1,100,EIN,en,Bank account opening,0
aded30f3-26e0-48b3-806e-b6c13d3c7535,synth_f47c9c51b82b,itin,tabddpm_synthetic,,['en'],EIN,2024-11-10T00:53:00+00:00,91523.65,3344.67,22,0,6,Sunday,0,1,100,EIN,en,Bank account opening,0
fe7a48ea-8a80-4a51-87ae-0e453decac10,synth_69a29c548b65,itin,tabddpm_synthetic,,['en'],EIN,2024-03-30T00:27:00+00:00,100000.0,50000.0,22,0,6,Sunday,90,1,100,EIN,en,Bank account opening,0
521c03e4-b0a8-40b6-8aad-3b6a3fed8e05,synth_d1e770944479,itin,tabddpm_synthetic,,['en'],EIN,2024-01-21T00:03:00+00:00,100.0,0.0,22,0,0,Monday,0,2000,2,EIN,en,Bank account opening,0
addc4173-0306-4c2a-bd0e-134e320fe7a8,synth_b93b621a0fbb,itin,tabddpm_synthetic,,['en'],EIN,2024-01-25T23:00:00+00:00,100.0,23180.84,55,23,0,Monday,90,2000,0,EIN,en,Bank account opening,0
4fbc69da-dc2b-4510-b5b7-75f00c57f188,synth_fef3a22573be,itin,tabddpm_synthetic,,['en'],EIN,2024-09-07T23:12:00+00:00,100.0,0.0,22,23,2,Wednesday,1,2000,13,EIN,en,Bank account opening,0
02392112-aa7c-427c-a51e-0a25c1f7468f,synth_e198ee92fc94,itin,tabddpm_synthetic,,['en'],EIN,2024-08-03T23:21:00+00:00,100000.0,50000.0,22,23,6,Sunday,0,1,100,EIN,en,Bank account opening,0
e77a8516-6e07-49d9-96b2-ce750ce6c28f,synth_dc816c5483c1,itin,tabddpm_synthetic,,['es'],EIN,2024-12-19T12:55:00+00:00,1062.95,23.3,22,12,1,Tuesday,0,1172,5,EIN,es,Bank account opening,0
df847b66-c924-4202-845b-ae4bc4c442ab,synth_bd70fd7bfe62,itin,tabddpm_synthetic,,['en'],ITIN,2024-04-15T10:21:00+00:00,3684.96,329.13,55,10,0,Monday,90,1,20,ITIN,en,Bank account opening,0
3dd56be2-a759-427b-8c08-c16564850db3,synth_3a53fa65eb4b,itin,tabddpm_synthetic,,['en'],EIN,2024-04-26T17:00:00+00:00,100.0,0.0,22,17,6,Sunday,27,2000,24,EIN,en,Bank account opening,0
12e3b68d-0066-45ba-8e0d-109f981109ce,synth_af674102e1e6,itin,tabddpm_synthetic,,['en'],EIN,2024-06-27T00:43:00+00:00,100.0,0.0,55,0,6,Sunday,0,719,0,EIN,en,Bank account opening,0
49c6e1a9-db74-403c-8e89-46175a4fc736,synth_6c5862670c40,itin,tabddpm_synthetic,,['en'],EIN,2024-10-13T00:33:00+00:00,100.0,0.0,55,0,6,Sunday,0,1718,0,EIN,en,Bank account opening,0
e4bbe1ae-d480-4c22-b58b-6b753f7ffd32,synth_91ae17df8f86,itin,tabddpm_synthetic,,['en'],EIN,2024-08-18T06:22:00+00:00,3620.74,146.79,22,6,1,Tuesday,0,1195,6,EIN,en,Bank account opening,0
5294a866-d8c2-441e-b334-9e6235c29a77,synth_668bda9fcaad,itin,tabddpm_synthetic,,['en'],EIN,2024-04-01T09:05:00+00:00,1846.56,486.98,55,9,6,Sunday,90,568,1,EIN,en,Bank account opening,0
85160802-be67-4b98-bdfe-cce20a37fd05,synth_c64c3a871a7d,itin,tabddpm_synthetic,,['en'],EIN,2024-03-11T17:22:00+00:00,100.0,0.0,22,17,6,Sunday,73,2000,7,EIN,en,Bank account opening,0
7ad78fac-5b1d-451f-9252-63c731971733,synth_3acb0fc5f441,itin,tabddpm_synthetic,,['en'],EIN,2024-01-18T17:52:00+00:00,5967.89,2.72,32,17,0,Monday,9,1,17,EIN,en,Bank account opening,0
13b7f4bb-8d6c-4496-8da8-6514792d3062,synth_9e2dd7744ddc,itin,tabddpm_synthetic,,['en'],EIN,2024-11-29T23:17:00+00:00,100.0,1066.0,55,23,6,Sunday,90,2000,0,EIN,en,Bank account opening,0
791638c7-48a8-4767-bfaf-86626142c5bf,synth_165f55341c68,itin,tabddpm_synthetic,,['en'],EIN,2024-08-07T00:35:00+00:00,100000.0,9639.03,22,0,0,Monday,0,1,100,EIN,en,Bank account opening,0
4ac7fb27-0ba1-46e6-add7-e74993fe6591,synth_7af1194f4835,itin,tabddpm_synthetic,,['en'],EIN,2024-06-21T00:03:00+00:00,100.0,0.0,22,0,6,Sunday,1,1527,17,EIN,en,Bank account opening,0
210ded05-b283-483d-9386-fb28567d72aa,synth_399bcdb27b32,itin,tabddpm_synthetic,,['en'],EIN,2024-06-25T16:53:00+00:00,100.0,0.0,22,16,6,Sunday,90,2000,23,EIN,en,Bank account opening,0
3fc94b3c-0e12-4a82-8963-9a9585293130,synth_b4847dfc25df,itin,tabddpm_synthetic,,['en'],EIN,2024-07-15T00:36:00+00:00,100.0,0.0,55,0,6,Sunday,0,1,81,EIN,en,Bank account opening,1
3af70f81-aeea-472f-86c8-c2d6a4e0e82e,synth_a4806e7e3124,itin,tabddpm_synthetic,,['en'],EIN,2024-12-18T00:06:00+00:00,9525.85,0.0,22,0,4,Friday,0,1,38,EIN,en,Bank account opening,0
8b65485a-dc1e-4df3-80f6-3df5ca822bc5,synth_87b3f803511d,itin,tabddpm_synthetic,,['en'],EIN,2024-08-07T09:54:00+00:00,100.0,182.01,22,9,6,Sunday,55,2000,38,EIN,en,Bank account opening,0
440753af-50d9-4c13-8c3b-c248f67800a0,synth_a7e05d0fc31b,itin,tabddpm_synthetic,,['en'],EIN,2024-03-02T00:30:00+00:00,20261.75,889.07,22,0,6,Sunday,0,1,59,EIN,en,Bank account opening,0
43550fd7-5240-483f-ae95-e6e9fbe37808,synth_010ab028c16c,itin,tabddpm_synthetic,,['en'],EIN,2024-01-08T08:42:00+00:00,100.0,0.0,22,8,6,Sunday,90,2000,15,EIN,en,Bank account opening,0
a4227461-87fc-4379-a6eb-65e9e2d7206e,synth_c745c5c0b588,itin,tabddpm_synthetic,,['en'],EIN,2024-06-28T23:51:00+00:00,100.0,10196.96,55,23,0,Monday,90,2000,0,EIN,en,Bank account opening,0
38dd6277-9bb1-4289-8472-a3a1b60bd5d3,synth_4a7e1cafc7e2,itin,tabddpm_synthetic,,['en'],EIN,2024-11-12T23:16:00+00:00,100.0,27608.06,55,23,0,Monday,90,2000,0,EIN,en,Bank account opening,0
3d990e5e-02b5-408c-acf7-72e6e874e3ab,synth_16cc673a989e,itin,tabddpm_synthetic,,['en'],EIN,2024-08-13T13:36:00+00:00,100.0,926.66,55,13,0,Monday,90,1,0,EIN,en,Bank account opening,0
9c1115b8-5fb5-4f5b-8e3d-fd92611a7f72,synth_499ff1a0aa3d,itin,tabddpm_synthetic,,['en'],EIN,2024-04-28T08:06:00+00:00,7338.51,0.0,41,8,4,Friday,2,1652,3,EIN,en,Bank account opening,0
277fe202-1b7b-4eec-bdcc-68335cd21bfe,synth_151848540204,itin,tabddpm_synthetic,,['en'],EIN,2024-10-09T11:32:00+00:00,100.0,115.6,22,11,6,Sunday,26,2000,10,EIN,en,Bank account opening,0
1bc35a67-90ed-4bbd-9b0f-fe0fd3967390,synth_78468627963a,itin,tabddpm_synthetic,,['en'],EIN,2024-01-15T00:45:00+00:00,100000.0,7330.69,22,0,0,Monday,0,1,100,EIN,en,Bank account opening,0
2e7046ca-e58c-47b4-86e9-d6e0b5cfb9ca,synth_2f9ea716e628,itin,tabddpm_synthetic,,['en'],EIN,2024-12-01T23:30:00+00:00,100.0,0.0,22,23,6,Sunday,8,2000,12,EIN,en,Bank account opening,0
15f01d95-0b65-497c-9788-dd46ae77116e,synth_bd91a3a2087c,itin,tabddpm_synthetic,,['en'],EIN,2024-06-11T23:24:00+00:00,100.0,13901.81,55,23,0,Monday,90,2000,0,EIN,en,Bank account opening,0
280e2673-40ee-4940-8d8e-23e5faccd641,synth_6b10b19df1cd,itin,tabddpm_synthetic,,['en'],EIN,2024-11-08T08:36:00+00:00,100.0,69.28,22,8,6,Sunday,56,2000,16,EIN,en,Bank account opening,0
e0ab855b-5071-47ae-9c96-a484ad6de142,synth_034cbac45fb3,itin,tabddpm_synthetic,,['en'],EIN,2024-09-23T23:43:00+00:00,100000.0,50000.0,22,23,6,Sunday,0,1,100,EIN,en,Bank account opening,1
ff071222-e75c-4d10-a7b5-2e0fddcb7043,synth_bd300e5208b6,itin,tabddpm_synthetic,,['en'],EIN,2024-04-19T00:20:00+00:00,100.0,0.0,55,0,6,Sunday,0,1,28,EIN,en,Bank account opening,0
5ee252d4-547b-442e-b5be-2068a3917eea,synth_12edf3496d96,itin,tabddpm_synthetic,,['en'],EIN,2024-08-16T00:33:00+00:00,100000.0,50000.0,55,0,0,Monday,90,1,100,EIN,en,Bank account opening,0
542daaa4-9ac7-409d-b8ab-5893b6961105,synth_a3bbc7ad36b8,itin,tabddpm_synthetic,,['en'],EIN,2024-04-09T23:45:00+00:00,100000.0,17093.74,22,23,6,Sunday,0,1,100,EIN,en,Bank account opening,0
08c44246-1c41-40a7-be95-bb3cb417d5cd,synth_9402ef5271d4,itin,tabddpm_synthetic,,['en'],EIN,2024-07-29T00:05:00+00:00,100000.0,15954.01,22,0,6,Sunday,0,1,100,EIN,en,Bank account opening,0
377cf049-cc59-4e40-8b47-77c23e4e32f7,synth_259796b1c3e0,itin,tabddpm_synthetic,,['en'],EIN,2024-10-20T23:35:00+00:00,100.0,15396.24,55,23,0,Monday,90,2000,0,EIN,en,Bank account opening,0
dcf4a7de-e6b8-4e04-a2e1-3e1a35472d7c,synth_9c7f64693b13,itin,tabddpm_synthetic,,['es'],EIN,2024-10-29T00:05:00+00:00,100.0,0.0,22,0,0,Monday,0,438,3,EIN,es,Bank account opening,0
6100718d-1f22-4a6f-9749-a5facce2a6de,synth_3df0dba1433d,itin,tabddpm_synthetic,,['en'],EIN,2024-06-14T00:53:00+00:00,100000.0,50000.0,22,0,6,Sunday,0,1,100,EIN,en,Bank account opening,1
adb4e999-8e7a-4015-a1c8-9382e534d3c4,synth_da9d5140d505,itin,tabddpm_synthetic,,['en'],EIN,2024-05-26T00:49:00+00:00,100000.0,50000.0,55,0,6,Sunday,90,1,100,EIN,en,Bank account opening,1
886a9f88-0785-4b4d-8153-06bb27e02dce,synth_5fda121dc256,itin,tabddpm_synthetic,,['en'],EIN,2024-07-22T17:18:00+00:00,100.0,126.04,22,17,6,Sunday,16,2000,4,EIN,en,Bank account opening,0
9d86a3af-268c-488e-b595-13f533eb3090,synth_d828ebd0de3b,itin,tabddpm_synthetic,,['en'],EIN,2024-01-16T03:54:00+00:00,100.0,4828.72,55,3,0,Monday,90,1,54,EIN,en,Bank account opening,0
a73bdf0a-47bb-4725-a4fd-ed2a950e972d,synth_fd2ddc619be5,itin,tabddpm_synthetic,,['en'],EIN,2024-11-20T00:20:00+00:00,100000.0,23493.16,22,0,6,Sunday,0,1,42,EIN,en,Bank account opening,0
a40f8218-2545-4572-b8aa-622a26b159e0,synth_350eb70dffc7,itin,tabddpm_synthetic,,['en'],EIN,2024-10-19T19:48:00+00:00,60367.93,0.0,22,19,6,Sunday,0,1,100,EIN,en,Bank account opening,0
70154d68-f809-45c2-82be-8c14cb9c552f,synth_b52bc02d3140,itin,tabddpm_synthetic,,['en'],EIN,2024-12-24T03:25:00+00:00,11108.39,1192.88,55,3,0,Monday,90,1,37,EIN,en,Bank account opening,0
26799546-8ba3-4d34-91b6-a60392ff2ac3,synth_e027f92fddb6,itin,tabddpm_synthetic,,['en'],EIN,2024-01-07T00:32:00+00:00,100.0,331.71,22,0,6,Sunday,11,2000,77,EIN,en,Bank account opening,0
87b6b567-ab8c-4fa9-98a8-b89361a989cc,synth_cf6ba25e0b0f,itin,tabddpm_synthetic,,['en'],EIN,2024-11-24T00:44:00+00:00,100.0,61.4,22,0,0,Monday,2,180,24,EIN,en,Bank account opening,0
dce4728d-5228-4a85-8eea-945696968caa,synth_d7857cab6ef3,itin,tabddpm_synthetic,,['es'],EIN,2024-08-27T05:19:00+00:00,1138.92,131.9,55,5,6,Sunday,10,1482,7,EIN,es,Bank account opening,0
dc267abf-cbee-46e7-aa3d-3d1b2429d4d7,synth_8874846df8c7,itin,tabddpm_synthetic,,['en'],EIN,2024-02-09T23:07:00+00:00,100000.0,50000.0,22,23,6,Sunday,90,1,100,EIN,en,Bank account opening,0
fbe61f5a-0524-4e94-8049-96fb468a790d,synth_e0085b4b6142,itin,tabddpm_synthetic,,['en'],EIN,2024-12-09T00:30:00+00:00,100000.0,18485.29,22,0,6,Sunday,0,1,100,EIN,en,Bank account opening,0
19017a8d-ef15-4c1d-9eac-f017194d85f5,synth_d9f02a48c530,itin,tabddpm_synthetic,,['en'],EIN,2024-05-29T23:43:00+00:00,100.0,1314.69,55,23,0,Monday,90,1139,0,EIN,en,Bank account opening,0
7cbe6b04-5178-49b7-93f0-dcb87bbd1aef,synth_eee4ffe3d590,itin,tabddpm_synthetic,,['en'],EIN,2024-03-17T23:30:00+00:00,100.0,14571.5,55,23,6,Sunday,0,1,18,EIN,en,Bank account opening,1
17edddb7-d9c0-4fbc-8b89-a20e2bf18f8b,synth_2dd758424a88,itin,tabddpm_synthetic,,['en'],EIN,2024-01-12T00:48:00+00:00,100000.0,50000.0,22,0,6,Sunday,0,1,100,EIN,en,Bank account opening,0
dc767338-fe10-4a20-9ac5-e8966b53498e,synth_4554a7e4b364,itin,tabddpm_synthetic,,['en'],EIN,2024-07-19T00:57:00+00:00,88366.18,2186.2,22,0,6,Sunday,0,1,100,EIN,en,Bank account opening,0
01df5b32-e5bb-491f-8c0b-780ba71aa6cc,synth_5121514e988b,itin,tabddpm_synthetic,,['en'],EIN,2024-07-23T00:43:00+00:00,100.0,1035.48,22,0,6,Sunday,11,2000,63,EIN,en,Bank account opening,0
a7564355-ef47-4e7d-a6a8-dfb0d78d5ee3,synth_4d5cdc893345,itin,tabddpm_synthetic,,['en'],EIN,2024-04-10T23:45:00+00:00,100.0,0.0,22,23,6,Sunday,12,2000,3,EIN,en,Bank account opening,0
32e3685d-f3ac-47d3-940f-f51a72b75461,synth_275558aaa959,itin,tabddpm_synthetic,,['en'],EIN,2024-11-11T23:31:00+00:00,100.0,29025.01,55,23,0,Monday,90,2000,0,EIN,en,Bank account opening,0
b4d13dd5-72f7-4ea6-9122-f538d0ae7e5a,synth_908de02caf6f,itin,tabddpm_synthetic,,['en'],EIN,2024-07-03T13:24:00+00:00,15290.58,263.83,22,13,3,Thursday,3,1,37,EIN,en,Bank account opening,0
6790ac3c-7760-4780-b528-8cf6723dcc19,synth_ca43e0d2f306,itin,tabddpm_synthetic,,['en'],EIN,2024-01-03T00:16:00+00:00,100.0,276.89,55,0,0,Monday,90,642,67,EIN,en,Bank account opening,0
77d3626c-4dd8-4d7b-86e4-413cc3b0bbc1,synth_4ca2cb8aebc3,itin,tabddpm_synthetic,,['en'],EIN,2024-03-07T00:53:00+00:00,100000.0,4103.34,22,0,0,Monday,0,1,100,EIN,en,Bank account opening,0
fa12a13b-4b3e-49f8-98a5-83b879d2541e,synth_a55b50c702c7,itin,tabddpm_synthetic,,['en'],EIN,2024-11-22T00:50:00+00:00,100.0,0.0,22,0,4,Friday,0,1,1,EIN,en,Bank account opening,0
d71c8ccb-2259-444d-8aed-250f77b054e8,synth_44a0c456b4fa,itin,tabddpm_synthetic,,['es'],EIN,2024-01-07T01:06:00+00:00,100.0,0.0,22,1,5,Saturday,0,1815,13,EIN,es,Bank account opening,0
20a1b2b4-a162-4cce-b13f-14ba2c96212e,synth_f604d30e271c,itin,tabddpm_synthetic,,['en'],EIN,2024-12-28T23:18:00+00:00,100.0,4248.15,55,23,0,Monday,90,2000,0,EIN,en,Bank account opening,0
fb781174-1279-406c-906b-46b377e0ffec,synth_de9745b2b9e9,itin,tabddpm_synthetic,,['en'],EIN,2024-12-18T00:36:00+00:00,100000.0,50000.0,22,0,6,Sunday,0,1,100,EIN,en,Bank account opening,0
8469b098-04a5-40d4-aa2e-5fc979e4f4d2,synth_69de888ab21a,itin,tabddpm_synthetic,,['en'],EIN,2024-05-16T15:00:00+00:00,100.0,0.0,22,15,6,Sunday,20,2000,8,EIN,en,Bank account opening,0
2e6e8c24-5670-408d-a26a-42476b286b14,synth_70b88d9cc446,itin,tabddpm_synthetic,,['en'],EIN,2024-10-09T00:04:00+00:00,100000.0,50000.0,22,0,6,Sunday,0,1,100,EIN,en,Bank account opening,1
a9c30915-68a6-4d1f-984d-6d03a4778331,synth_af8345e24f06,itin,tabddpm_synthetic,,['en'],EIN,2024-06-16T13:49:00+00:00,100.0,231.62,22,13,6,Sunday,34,2000,22,EIN,en,Bank account opening,0
5c9bd87e-6078-45a4-aff9-2edd55106566,synth_cb50ed75d198,itin,tabddpm_synthetic,,['en'],EIN,2024-09-28T23:26:00+00:00,100.0,1691.29,22,23,6,Sunday,16,2000,100,EIN,en,Bank account opening,1
a1c4c40c-0d4c-4109-978a-a193ade8d4e0,synth_132e4fe22451,itin,tabddpm_synthetic,,['en'],EIN,2024-08-29T23:55:00+00:00,100.0,21818.76,55,23,0,Monday,90,1,100,EIN,en,Bank account opening,0
9f6fc33e-28ed-4f36-bfd0-513e003760eb,synth_9034183d1284,itin,tabddpm_synthetic,,['en'],EIN,2024-11-03T00:05:00+00:00,100000.0,50000.0,22,0,0,Monday,90,1,100,EIN,en,Bank account opening,0
1bec81b0-dbf0-466d-a618-890ef9950073,synth_c1a6ae8ae670,itin,tabddpm_synthetic,,['en'],EIN,2024-01-24T00:34:00+00:00,100.0,576.44,22,0,6,Sunday,26,2000,20,EIN,en,Bank account opening,0
ebff2cb6-70f5-4633-a3a5-b9c31db4cc40,synth_610264c6cf3b,itin,tabddpm_synthetic,,['en'],EIN,2024-08-05T14:05:00+00:00,100.0,0.0,22,14,6,Sunday,28,2000,8,EIN,en,Bank account opening,0
946680fd-d859-4dff-8190-5a203af9b2b9,synth_b86ebb3c91ea,itin,tabddpm_synthetic,,['en'],EIN,2024-03-23T00:31:00+00:00,100.0,0.0,22,0,4,Friday,0,1,2,EIN,en,Bank account opening,0
c5c5f19a-03df-4794-9590-1317da8816ef,synth_a4f7d3616ec9,itin,tabddpm_synthetic,,['en'],EIN,2024-05-25T23:52:00+00:00,100000.0,50000.0,22,23,6,Sunday,0,1,100,EIN,en,Bank account opening,0
db4c7f86-60af-43a5-9574-ecf3597daed6,synth_f0e7b4809639,itin,tabddpm_synthetic,,['en'],EIN,2024-02-24T23:38:00+00:00,100.0,4852.03,55,23,0,Monday,90,2000,0,EIN,en,Bank account opening,0
8248e97b-e60f-4c1c-a83d-865d692551ca,synth_7053510abf64,itin,tabddpm_synthetic,,['en'],EIN,2024-12-10T23:08:00+00:00,100000.0,50000.0,22,23,6,Sunday,0,1,100,EIN,en,Bank account opening,1
08544721-4c86-4a1d-9f65-3d51fe051f2d,synth_d5699de2ee37,itin,tabddpm_synthetic,,['en'],EIN,2024-10-26T23:40:00+00:00,100000.0,50000.0,22,23,6,Sunday,0,1,100,EIN,en,Bank account opening,0
e29d802d-c318-49ec-a9a6-a381cf3631c8,synth_8f438cd3dce7,itin,tabddpm_synthetic,,['en'],EIN,2024-08-19T23:55:00+00:00,100.0,0.0,22,23,6,Sunday,0,2000,11,EIN,en,Bank account opening,0
8dddc76c-7c4b-49fe-bc91-dd389dc7cafa,synth_416f0e172d60,itin,tabddpm_synthetic,,['en'],EIN,2024-02-29T00:01:00+00:00,100.0,0.0,22,0,0,Monday,0,2000,0,EIN,en,Bank account opening,0
04a988a9-442c-48c7-9652-e572e2090221,synth_693c478c3818,itin,tabddpm_synthetic,,['en'],EIN,2024-11-30T23:32:00+00:00,100.0,50000.0,55,23,0,Monday,90,1,100,EIN,en,Bank account opening,0
1396e8d4-699a-4f72-9d21-57b8580f7820,synth_624a72647cc1,itin,tabddpm_synthetic,,['en'],EIN,2024-07-05T15:25:00+00:00,2677.71,0.0,23,15,6,Sunday,15,2000,7,EIN,en,Bank account opening,0
ddbbdac6-9ae8-4c79-9416-8d83ac8e47e3,synth_e1305bd7acac,itin,tabddpm_synthetic,,['en'],EIN,2024-02-29T23:57:00+00:00,100.0,6754.16,55,23,0,Monday,90,2000,0,EIN,en,Bank account opening,0
82514045-d116-4040-b562-df514a373fcf,synth_6c28e7cccf9a,itin,tabddpm_synthetic,,['en'],EIN,2024-09-18T23:06:00+00:00,100.0,23447.53,55,23,0,Monday,90,2000,0,EIN,en,Bank account opening,0
6270c98b-47f2-4da6-8128-4ba422c4fcda,synth_b707e0316672,itin,tabddpm_synthetic,,['en'],EIN,2024-11-05T00:08:00+00:00,100.0,0.0,55,0,6,Sunday,0,634,0,EIN,en,Bank account opening,0
feff0838-bb9e-4add-80b8-7b2818e935dd,synth_930bf79fa95e,itin,tabddpm_synthetic,,['en'],EIN,2024-04-23T19:48:00+00:00,100000.0,10200.35,22,19,6,Sunday,90,1,100,EIN,en,Bank account opening,0
79c9235c-9bdf-4c26-bb9d-e4f8e7ec5f58,synth_3fd93ea08b07,itin,tabddpm_synthetic,,['en'],EIN,2024-07-26T00:48:00+00:00,100000.0,50000.0,22,0,0,Monday,90,1,100,EIN,en,Bank account opening,0
03c088fa-3fb8-4992-8b3a-c346138a4628,synth_cece11943fd2,itin,tabddpm_synthetic,,['en'],EIN,2024-04-08T13:20:00+00:00,100.0,481.49,22,13,6,Sunday,0,2000,56,EIN,en,Bank account opening,0
2d6c29f2-bec8-4e83-9cbf-63e5274a269e,synth_90e746d6f6de,itin,tabddpm_synthetic,,['en'],EIN,2024-03-13T00:43:00+00:00,100.0,0.0,22,0,1,Tuesday,0,2000,9,EIN,en,Bank account opening,0
a6e48b3c-a2ea-46b2-bf01-fc86dc1036cd,synth_0a276727cc3a,itin,tabddpm_synthetic,,['en'],EIN,2024-07-20T00:45:00+00:00,9480.03,2741.1,42,0,0,Monday,90,1,35,EIN,en,Bank account opening,0
960742f2-0a10-46bf-85af-ee9e93453cf1,synth_268394cf0e47,itin,tabddpm_synthetic,,['en'],EIN,2024-08-25T16:35:00+00:00,100.0,0.0,22,16,6,Sunday,40,2000,11,EIN,en,Bank account opening,0
0e9100d0-d1d3-4df7-90d7-53eb31c267bd,synth_8d588426e9fd,itin,tabddpm_synthetic,,['en'],EIN,2024-08-13T00:44:00+00:00,59498.37,1729.9,22,0,1,Tuesday,0,1,100,EIN,en,Bank account opening,0
a1916269-050a-453c-8dc9-0cd24876cf8b,synth_7f8c47757b04,itin,tabddpm_synthetic,,['en'],EIN,2024-04-23T00:52:00+00:00,100000.0,50000.0,22,0,6,Sunday,0,1,100,EIN,en,Bank account opening,0
07183330-a5c9-40d8-99ef-3ab877733541,synth_23a999235bf3,itin,tabddpm_synthetic,,['en'],EIN,2024-11-18T00:12:00+00:00,100000.0,11525.27,22,0,0,Monday,0,1,100,EIN,en,Bank account opening,1
940dda94-d7c9-4294-9fdd-23271ba9bc40,synth_2d7a072a2c80,itin,tabddpm_synthetic,,['en'],EIN,2024-02-23T00:13:00+00:00,8617.71,435.55,48,0,0,Monday,32,756,25,EIN,en,Bank account opening,0
31d3aa5b-3fcb-4a7b-a100-0ee9fe894e9a,synth_e9323ccad068,itin,tabddpm_synthetic,,['en'],EIN,2024-10-21T00:56:00+00:00,100.0,0.0,22,0,4,Friday,0,1,0,EIN,en,Bank account opening,0
8be9885c-95e4-4349-8dbc-088e8ab38c15,synth_534e9f8ced54,itin,tabddpm_synthetic,,['en'],EIN,2024-11-23T19:33:00+00:00,100.0,0.0,22,19,6,Sunday,38,2000,0,EIN,en,Bank account opening,0
f9cde1db-95b8-411b-bb70-dc0355296fc3,synth_d8d8534a2e19,itin,tabddpm_synthetic,,['en'],EIN,2024-12-19T00:41:00+00:00,100.0,0.0,55,0,6,Sunday,0,315,40,EIN,en,Bank account opening,0
a0c9d8b7-4a2d-4399-837b-be545ac5c794,synth_292b6e5a6122,itin,tabddpm_synthetic,,['en'],EIN,2024-04-28T23:46:00+00:00,100000.0,50000.0,22,23,6,Sunday,0,1,100,EIN,en,Bank account opening,0
e1eb40a7-b878-4ec7-8fd6-38f71666b655,synth_90834ab5afb4,itin,tabddpm_synthetic,,['en'],EIN,2024-11-02T17:38:00+00:00,100.0,0.0,22,17,6,Sunday,70,2000,1,EIN,en,Bank account opening,0
d9782d39-0af2-47d6-8a1b-6d8e164b512e,synth_743ca2d64f69,itin,tabddpm_synthetic,,['en'],EIN,2024-03-24T23:28:00+00:00,100000.0,40605.65,22,23,6,Sunday,0,1,100,EIN,en,Bank account opening,0
e44d7ab9-bd21-4196-90d8-04f9cf4041c3,synth_4c5bc7fae6dc,itin,tabddpm_synthetic,,['en'],EIN,2024-07-01T00:10:00+00:00,830.3,0.0,55,0,6,Sunday,0,1626,0,EIN,en,Bank account opening,0
5bab16fc-7aa6-4bfc-917c-42801a88b1b0,synth_c07ef5bf53f6,itin,tabddpm_synthetic,,['en'],EIN,2024-11-02T23:23:00+00:00,100.0,16429.69,55,23,0,Monday,90,2000,0,EIN,en,Bank account opening,0
29e8338b-6fe9-46b0-9c74-526f01f2dac2,synth_968d0e7b4d76,itin,tabddpm_synthetic,,['en'],EIN,2024-05-15T00:38:00+00:00,100000.0,4980.72,22,0,0,Monday,0,1,100,EIN,en,Bank account opening,0
e7bdc15b-1318-4a77-8800-1112b6cdd264,synth_bc77363eafaa,itin,tabddpm_synthetic,,['en'],EIN,2024-10-19T00:36:00+00:00,100.0,291.48,50,0,6,Sunday,0,1,12,EIN,en,Bank account opening,0
1a71e76b-5d53-48e2-b072-41fd7b906f26,synth_5f57a4be79b2,itin,tabddpm_synthetic,,['en'],EIN,2024-09-18T23:13:00+00:00,100000.0,50000.0,22,23,0,Monday,90,1,100,EIN,en,Bank account opening,0
3b01867f-422f-4b15-9fb4-cc84d4e60c2b,synth_21eb081e0bc8,itin,tabddpm_synthetic,,['en'],EIN,2024-07-01T23:56:00+00:00,37944.28,334.21,22,23,6,Sunday,0,1,100,EIN,en,Bank account opening,0
30b13af1-d362-454f-b87b-a4a7488faa0b,synth_ce0034581f3c,itin,tabddpm_synthetic,,['en'],EIN,2024-12-27T00:54:00+00:00,249.95,0.0,26,0,2,Wednesday,0,1592,16,EIN,en,Bank account opening,0
5a042adb-e6a5-4191-9671-9fa6953b507a,synth_a87dcd7ae143,itin,tabddpm_synthetic,,['en'],EIN,2024-05-25T23:52:00+00:00,100000.0,4503.98,23,23,6,Sunday,0,1,100,EIN,en,Bank account opening,1
0b93873f-ac4a-406f-a3be-f1bc872ef442,synth_6c0cd3a1aa5b,itin,tabddpm_synthetic,,['en'],EIN,2024-04-17T00:07:00+00:00,100000.0,50000.0,22,0,6,Sunday,0,1,100,EIN,en,Bank account opening,1
efbe496d-81b5-4355-9f40-30748b3f8263,synth_a560eb163fbf,itin,tabddpm_synthetic,,['en'],EIN,2024-10-16T23:20:00+00:00,100.0,9157.5,55,23,0,Monday,90,2000,0,EIN,en,Bank account opening,0
8ed1d2cd-2b74-42da-b40d-e99099d940de,synth_c70aff5c1d86,itin,tabddpm_synthetic,,['en'],EIN,2024-10-08T16:04:00+00:00,100.0,0.0,22,16,6,Sunday,29,2000,8,EIN,en,Bank account opening,0
a74a177d-765c-4d25-928f-956180ec2c3a,synth_b87cc1ae2f2d,itin,tabddpm_synthetic,,['en'],EIN,2024-06-17T00:40:00+00:00,61689.74,1943.93,22,0,0,Monday,0,1,23,EIN,en,Bank account opening,0
fb62d3e8-41ca-47e8-a5b1-f0b327b547c7,synth_7d6a452fffdb,itin,tabddpm_synthetic,,['en'],EIN,2024-06-05T23:50:00+00:00,100.0,24510.15,55,23,0,Monday,90,2000,0,EIN,en,Bank account opening,0
e855578c-3210-4027-bb72-bb9cfa3abe16,synth_ce4a2b3363e0,itin,tabddpm_synthetic,,['en'],EIN,2024-02-17T00:02:00+00:00,100.0,4152.71,55,0,0,Monday,90,1,17,EIN,en,Bank account opening,0
8aa608d9-7e11-4149-afe2-06fad06d3bad,synth_61ccbdc8a047,itin,tabddpm_synthetic,,['en'],EIN,2024-11-11T16:53:00+00:00,100.0,711.28,55,16,6,Sunday,90,1050,0,EIN,en,Bank account opening,0
9de58cef-e413-4998-808b-cddc7df34064,synth_aa6c0b297ea6,itin,tabddpm_synthetic,,['en'],EIN,2024-06-11T14:47:00+00:00,100.0,570.84,22,14,6,Sunday,9,2000,43,EIN,en,Bank account opening,0
889c8501-2061-46f8-812d-fe04d9bce1c2,synth_6630aff28093,itin,tabddpm_synthetic,,['en'],EIN,2024-08-31T00:55:00+00:00,11058.37,0.0,22,0,0,Monday,0,1,39,EIN,en,Bank account opening,0
c930e70f-1b0e-40de-92dc-52a42128e71d,synth_60d7a9617070,itin,tabddpm_synthetic,,['en'],EIN,2024-02-29T00:50:00+00:00,100000.0,31920.91,22,0,0,Monday,20,1,100,EIN,en,Bank account opening,0
6ca6a597-9eeb-46a0-9f12-e1197c978146,synth_08e0e95f6cfd,itin,tabddpm_synthetic,,['en'],EIN,2024-01-10T00:42:00+00:00,100000.0,50000.0,55,0,0,Monday,90,1,8,EIN,en,Bank account opening,0
97fb93ed-17b7-4850-8145-bfa486358784,synth_72c7d6f0e211,itin,tabddpm_synthetic,,['en'],EIN,2024-01-09T23:55:00+00:00,71509.41,0.0,22,23,6,Sunday,0,1,100,EIN,en,Bank account opening,0
8fa13cf5-dbca-4fbe-b922-abde9cb63136,synth_9a3039d0e76a,itin,tabddpm_synthetic,,['en'],EIN,2024-09-21T23:50:00+00:00,100000.0,37672.21,22,23,6,Sunday,0,1,100,EIN,en,Bank account opening,0
c8fa9dfd-aa1e-430e-a691-5450d270b5a2,synth_ffe41203b01c,itin,tabddpm_synthetic,,['en'],EIN,2024-01-27T19:54:00+00:00,79172.83,10707.29,22,19,6,Sunday,53,1,0,EIN,en,Bank account opening,0
8239fc38-264e-479b-95da-f869d4f6242b,synth_0141e285188b,itin,tabddpm_synthetic,,['en'],EIN,2024-11-10T20:31:00+00:00,100.0,0.0,22,20,6,Sunday,34,2000,4,EIN,en,Bank account opening,0
7494e4ae-3942-4459-957c-7f0a934c11fc,synth_6e74cdc335cc,itin,tabddpm_synthetic,,['en'],EIN,2024-10-20T23:37:00+00:00,100000.0,50000.0,22,23,6,Sunday,0,1,100,EIN,en,Bank account opening,0
9a72eb7d-5f44-4d48-b687-850f4a855382,synth_fc5715fc4b07,itin,tabddpm_synthetic,,['es'],EIN,2024-02-02T23:20:00+00:00,100.0,27.61,22,23,3,Thursday,5,2000,5,EIN,es,Bank account opening,0
53bdcc66-cd50-4469-8aca-62cedb520525,synth_19059222e406,itin,tabddpm_synthetic,,['en'],EIN,2024-06-26T00:02:00+00:00,100000.0,12312.47,22,0,0,Monday,0,1,100,EIN,en,Bank account opening,0
48c1c6ce-ad26-49b7-a2ee-fd02e6a543cb,synth_2d15be59421e,itin,tabddpm_synthetic,,['en'],EIN,2024-11-20T23:09:00+00:00,100.0,2884.64,55,23,0,Monday,90,2000,0,EIN,en,Bank account opening,0
646f6851-8ca5-4dcf-8a50-81118eb66275,synth_f4075e8ba569,itin,tabddpm_synthetic,,['en'],EIN,2024-01-25T00:27:00+00:00,100000.0,50000.0,55,0,0,Monday,90,1,100,EIN,en,Bank account opening,0
8ef18c1c-1ba3-4d30-ab3f-349adab2d005,synth_e8c0ca74f92e,itin,tabddpm_synthetic,,['en'],EIN,2024-06-25T06:14:00+00:00,100.0,0.0,22,6,6,Sunday,87,2000,10,EIN,en,Bank account opening,0
6fe0355f-81d5-4ce6-a0e6-b808b80a32c7,synth_d83c7533d5c8,itin,tabddpm_synthetic,,['en'],EIN,2024-11-14T14:25:00+00:00,100.0,11857.02,55,14,0,Monday,90,2000,27,EIN,en,Bank account opening,0
e9c9b4f7-4ec4-4563-adba-0293e48ff760,synth_e59b78cf06f7,itin,tabddpm_synthetic,,['en'],EIN,2024-12-15T00:28:00+00:00,100000.0,2867.65,22,0,6,Sunday,0,1,100,EIN,en,Bank account opening,0
76d27567-9d78-4577-949f-e17a7f7967a6,synth_752fa87373a7,itin,tabddpm_synthetic,,['en'],EIN,2024-08-18T17:43:00+00:00,100.0,113.31,22,17,6,Sunday,14,2000,16,EIN,en,Bank account opening,0
734bb556-504b-4cc7-9943-a92a238265c7,synth_588700a6d6c4,itin,tabddpm_synthetic,,['en'],EIN,2024-03-21T03:37:00+00:00,70027.21,1474.06,22,3,4,Friday,0,1,100,EIN,en,Bank account opening,0
2c1b5e83-820a-4b25-a6bc-7afc4b3be2f3,synth_45eceff37f50,itin,tabddpm_synthetic,,['en'],EIN,2024-01-04T23:49:00+00:00,13851.5,0.0,22,23,0,Monday,0,1,88,EIN,en,Bank account opening,0
a015eb59-fd15-442b-8ed1-e389c68d9a98,synth_b0c25ca94044,itin,tabddpm_synthetic,,['en'],EIN,2024-09-28T23:40:00+00:00,100000.0,18429.53,22,23,2,Wednesday,0,1,100,EIN,en,Bank account opening,0
fcb339bd-c1a8-42c6-a1d6-f5ce341acbf4,synth_60caec70b971,itin,tabddpm_synthetic,,['en'],EIN,2024-10-21T00:23:00+00:00,100.0,585.91,22,0,6,Sunday,6,1081,0,EIN,en,Bank account opening,0
0ab2f8a8-dc0b-4fdf-b5f8-a4bb7702d782,synth_b6400f08ffc3,itin,tabddpm_synthetic,,['en'],EIN,2024-05-16T00:31:00+00:00,100000.0,50000.0,22,0,6,Sunday,0,1,100,EIN,en,Bank account opening,1
e8b7d1ed-02c4-440b-942c-f76cd8e76172,synth_421c095a427b,itin,tabddpm_synthetic,,['en'],EIN,2024-04-20T00:09:00+00:00,100000.0,23558.27,55,0,0,Monday,90,1,0,EIN,en,Bank account opening,0
b418df19-7738-462d-a24f-22f084df5c23,synth_6f899e8e2df2,itin,tabddpm_synthetic,,['en'],EIN,2024-05-31T23:57:00+00:00,100000.0,50000.0,22,23,6,Sunday,0,1,100,EIN,en,Bank account opening,1
8560cf2d-7654-49bf-901e-264e82aca01c,synth_11af1f5d692c,itin,tabddpm_synthetic,,['en'],EIN,2024-01-06T00:46:00+00:00,100000.0,19920.83,22,0,6,Sunday,0,1,100,EIN,en,Bank account opening,0
bed07994-0354-404b-af71-d9ef017cf408,synth_0b9ef7e3adfa,itin,tabddpm_synthetic,,['en'],EIN,2024-02-18T07:13:00+00:00,100.0,136.92,22,7,6,Sunday,14,2000,10,EIN,en,Bank account opening,0
8952801a-8b2f-42ca-826a-3c7aca866928,synth_540cbec4c441,itin,tabddpm_synthetic,,['en'],EIN,2024-07-13T23:52:00+00:00,100.0,5986.51,55,23,0,Monday,90,2000,0,EIN,en,Bank account opening,0
772f214f-7cb6-4e93-9293-e824f3b340a5,synth_3f9b58871190,itin,tabddpm_synthetic,,['es'],EIN,2024-06-27T00:17:00+00:00,2649.94,334.91,22,0,6,Sunday,0,509,15,EIN,es,Bank account opening,0
4e675400-2530-4b05-86aa-022bf9aa1d9f,synth_18f68ffc5137,itin,tabddpm_synthetic,,['en'],EIN,2024-08-07T04:03:00+00:00,100.0,0.0,55,4,6,Sunday,0,494,3,EIN,en,Bank account opening,0
e93eb69d-ccc1-47d5-a1a6-2bdce834fab6,synth_d9f8dd4c413e,itin,tabddpm_synthetic,,['en'],EIN,2024-03-19T23:07:00+00:00,100.0,924.29,55,23,0,Monday,90,2000,5,EIN,en,Bank account opening,0
d7033e86-356e-4e5c-86e8-65a839282836,synth_de5da0b67cb6,itin,tabddpm_synthetic,,['en'],EIN,2024-03-20T00:31:00+00:00,100000.0,50000.0,22,0,6,Sunday,0,1,100,EIN,en,Bank account opening,0
ffda5a4a-7e8e-42e9-9e94-da15b718c3da,synth_a85f7c784547,itin,tabddpm_synthetic,,['en'],EIN,2024-07-11T16:59:00+00:00,100.0,101.39,26,16,2,Wednesday,26,2000,12,EIN,en,Bank account opening,0
8cc35599-03b1-4043-8285-b108218239f4,synth_3dc319231a61,itin,tabddpm_synthetic,,['en'],EIN,2024-03-20T00:22:00+00:00,100000.0,50000.0,22,0,6,Sunday,0,1,100,EIN,en,Bank account opening,1
19f3f211-e780-4bd4-b27f-2500d12c77f9,synth_f29a6d6ee380,itin,tabddpm_synthetic,,['en'],EIN,2024-11-28T00:01:00+00:00,100.0,0.0,55,0,6,Sunday,0,1,41,EIN,en,Bank account opening,0
8e64b54f-d15f-476a-9358-4b1c02c74d28,synth_30b9018d53be,itin,tabddpm_synthetic,,['en'],EIN,2024-01-12T23:44:00+00:00,100.0,1588.13,55,23,0,Monday,90,2000,0,EIN,en,Bank account opening,0
c8b82fc5-d09c-4443-86bd-46c9d2b66526,synth_eb672153e669,itin,tabddpm_synthetic,,['en'],EIN,2024-02-08T23:10:00+00:00,100000.0,50000.0,22,23,6,Sunday,90,1,100,EIN,en,Bank account opening,1
a6d40404-d274-40c3-9e2f-28a022cff363,synth_baedc3eaa1fd,itin,tabddpm_synthetic,,['en'],EIN,2024-10-08T19:48:00+00:00,100.0,3585.6,55,19,6,Sunday,90,2000,0,EIN,en,Bank account opening,0
ad22ec08-fb68-4752-a462-06eaaefbed02,synth_91ba3cc92506,itin,tabddpm_synthetic,,['en'],EIN,2024-12-10T00:19:00+00:00,100.0,0.0,55,0,6,Sunday,0,1067,0,EIN,en,Bank account opening,0
c2b0c02c-1c76-4c59-af7b-f9661b9b91cd,synth_cb9f4449c255,itin,tabddpm_synthetic,,['en'],EIN,2024-10-02T14:34:00+00:00,100.0,0.0,22,14,6,Sunday,45,2000,11,EIN,en,Bank account opening,0
fa32cc01-2ebf-42b7-bf1e-2fbe3fce9876,synth_f10504abe5e3,itin,tabddpm_synthetic,,['en'],EIN,2024-09-18T16:23:00+00:00,371.72,0.0,27,16,1,Tuesday,12,2000,9,EIN,en,Bank account opening,0
5bcd8772-cbb0-4504-a6b4-124619048b96,synth_e07b431c9202,itin,tabddpm_synthetic,,['en'],EIN,2024-07-28T23:20:00+00:00,100000.0,50000.0,22,23,6,Sunday,90,1,100,EIN,en,Bank account opening,1
cf2f137f-a5c9-4686-b57a-4a826f438f9d,synth_b45a5beaec71,itin,tabddpm_synthetic,,['en'],EIN,2024-01-24T00:27:00+00:00,1903.77,0.0,22,0,0,Monday,0,1,17,EIN,en,Bank account opening,0
ff8a24fa-ea18-4c4e-8502-40b3a8f8f50a,synth_d5af282c30b4,itin,tabddpm_synthetic,,['en'],EIN,2024-03-27T23:57:00+00:00,100000.0,8491.5,22,23,6,Sunday,0,1,100,EIN,en,Bank account opening,0
17885cda-08f0-4979-81e6-329007cae05c,synth_622521d5755a,itin,tabddpm_synthetic,,['en'],EIN,2024-04-30T00:47:00+00:00,100.0,0.0,55,0,6,Sunday,0,1,26,EIN,en,Bank account opening,0
3c5ef7cb-826b-4a56-bf8a-0e645f8b1313,synth_a8141e2fed13,itin,tabddpm_synthetic,,['en'],EIN,2024-12-03T10:46:00+00:00,100.0,0.0,22,10,6,Sunday,58,2000,2,EIN,en,Bank account opening,0
5a6a09d4-e01f-4ddc-bf33-6eed4404c461,synth_a71af2bd7200,itin,tabddpm_synthetic,,['en'],EIN,2024-04-29T23:45:00+00:00,100.0,4543.63,55,23,0,Monday,90,2000,0,EIN,en,Bank account opening,0
5b5b48d4-fc03-4cf4-bbed-26e2db7cfc96,synth_3c317a3687c0,itin,tabddpm_synthetic,,['en'],EIN,2024-06-01T00:13:00+00:00,100.0,212.26,22,0,6,Sunday,0,2000,52,EIN,en,Bank account opening,0
060ca970-563b-4e80-97e1-ac6affcf2e87,synth_a46a90d2e25d,itin,tabddpm_synthetic,,['en'],EIN,2024-12-12T00:37:00+00:00,58678.1,10135.52,55,0,0,Monday,90,1,11,EIN,en,Bank account opening,1
4028af19-dcff-4683-b5fb-5550ed977831,synth_090b72775408,itin,tabddpm_synthetic,,['en'],EIN,2024-01-18T01:40:00+00:00,100.0,532.13,55,1,0,Monday,90,161,11,EIN,en,Bank account opening,0
ae7b7ed8-14fb-496a-afb7-c72ed9973c2d,synth_d7ec6a38d7dc,itin,tabddpm_synthetic,,['en'],EIN,2024-05-31T00:34:00+00:00,100000.0,50000.0,22,0,6,Sunday,22,1,100,EIN,en,Bank account opening,0
eba317f8-fdaa-433e-a7dd-5177b6ba515a,synth_ea3253bb5f34,itin,tabddpm_synthetic,,['en'],EIN,2024-11-18T15:29:00+00:00,100.0,212.77,22,15,6,Sunday,50,2000,8,EIN,en,Bank account opening,0
9d5b98bb-4776-4249-ace6-59e00334ea44,synth_ac8c2089a041,itin,tabddpm_synthetic,,['en'],EIN,2024-01-20T23:54:00+00:00,100.0,1061.69,55,23,0,Monday,90,2000,2,EIN,en,Bank account opening,0
1122a2b5-a7df-482b-95ef-ecc0eece7857,synth_6a29a8eb858f,itin,tabddpm_synthetic,,['en'],EIN,2024-11-05T23:42:00+00:00,100000.0,50000.0,55,23,0,Monday,90,1,100,EIN,en,Bank account opening,0
2af98c08-58a9-444e-9fde-ebf1cdbc9752,synth_65af8c010733,itin,tabddpm_synthetic,,['en'],EIN,2024-02-15T23:25:00+00:00,100000.0,50000.0,22,23,6,Sunday,0,1,100,EIN,en,Bank account opening,1
c8e6e64a-ddfd-43e7-b0fa-e22d4fea63ea,synth_c2f8334b0c6b,itin,tabddpm_synthetic,,['en'],EIN,2024-12-22T23:06:00+00:00,100.0,9372.12,55,23,0,Monday,90,2000,0,EIN,en,Bank account opening,0
9f416bda-02e8-4423-a406-9a896c894fee,synth_63ea04ffad7a,itin,tabddpm_synthetic,,['en'],EIN,2024-05-19T00:50:00+00:00,100.0,1037.61,33,0,6,Sunday,0,1,6,EIN,en,Bank account opening,0
aa78c33e-5b5a-4f69-ac46-e060bfb40a43,synth_911bd82c2e05,itin,tabddpm_synthetic,,['en'],EIN,2024-09-05T00:03:00+00:00,44755.84,1089.35,22,0,1,Tuesday,0,1,87,EIN,en,Bank account opening,0
cc8fd2ef-6d8a-49d7-91cd-9fceeee6bda5,synth_236344d72074,itin,tabddpm_synthetic,,['en'],EIN,2024-12-22T22:00:00+00:00,100.0,0.0,22,22,6,Sunday,5,2000,4,EIN,en,Bank account opening,0
043ec46e-aa7b-4669-a1c4-47cb27153e56,synth_3f80d045b175,itin,tabddpm_synthetic,,['en'],EIN,2024-03-27T23:40:00+00:00,100000.0,50000.0,22,23,6,Sunday,90,1,100,EIN,en,Bank account opening,1
15ff8468-b089-467b-b091-90c28a716587,synth_3041ebd82009,itin,tabddpm_synthetic,,['en'],EIN,2024-06-19T20:33:00+00:00,100.0,0.0,22,20,6,Sunday,48,2000,11,EIN,en,Bank account opening,0
1e412367-ef5e-414e-bcef-50d7e8724c1d,synth_3b5658f1b8f1,itin,tabddpm_synthetic,,['en'],EIN,2024-05-07T00:00:00+00:00,100000.0,50000.0,22,0,0,Monday,0,1,56,EIN,en,Bank account opening,0
907a01bd-9751-4ab6-be9a-cb5d82db0630,synth_8b574b5910ba,itin,tabddpm_synthetic,,['en'],EIN,2024-08-08T00:39:00+00:00,100000.0,50000.0,22,0,6,Sunday,0,1,100,EIN,en,Bank account opening,1
b9266517-3336-4df1-adf5-8feb080d804a,synth_b836de1f4f25,itin,tabddpm_synthetic,,['en'],EIN,2024-05-16T00:46:00+00:00,100.0,0.0,30,0,6,Sunday,0,1,11,EIN,en,Bank account opening,0
3ff178de-673e-49a1-a33a-21b71f901ef6,synth_176303faf9ab,itin,tabddpm_synthetic,,['en'],EIN,2024-11-18T23:06:00+00:00,100000.0,21427.76,22,23,6,Sunday,0,1,100,EIN,en,Bank account opening,0
aa62b4cf-52d1-44a9-a6a5-d9147885bcf4,synth_d7d111e68ea9,itin,tabddpm_synthetic,,['en'],EIN,2024-06-18T23:42:00+00:00,100000.0,50000.0,22,23,6,Sunday,90,1,100,EIN,en,Bank account opening,1
416154a1-e2ff-4808-8ed2-dc2aee5d09b4,synth_99731ff6673a,itin,tabddpm_synthetic,,['en'],EIN,2024-02-01T00:48:00+00:00,100.0,95.04,55,0,6,Sunday,0,1,23,EIN,en,Bank account opening,0
81233c35-3e6b-45f1-b548-4cde6bf2b7de,synth_1ea4d0dc1312,itin,tabddpm_synthetic,,['en'],EIN,2024-01-30T01:55:00+00:00,100.0,86.12,22,1,6,Sunday,6,2000,54,EIN,en,Bank account opening,0
0cc33580-8f7a-4d26-8046-fcdc02422052,synth_2937e0922044,itin,tabddpm_synthetic,,['en'],EIN,2024-11-13T00:44:00+00:00,100.0,412.26,55,0,6,Sunday,0,1,14,EIN,en,Bank account opening,0
bec835be-aba8-42fd-9aad-b35064a502d8,synth_db14ba588586,itin,tabddpm_synthetic,,['en'],EIN,2024-09-25T00:43:00+00:00,100000.0,50000.0,22,0,0,Monday,90,1,100,EIN,en,Bank account opening,0
4fa67a7a-16c5-442e-a655-7ebb5394efa5,synth_21f516f08562,itin,tabddpm_synthetic,,['en'],EIN,2024-02-18T00:34:00+00:00,4948.09,214.17,22,0,6,Sunday,0,1,38,EIN,en,Bank account opening,0
21cdbb4d-3d10-4096-ad9d-ef6d4ce5a885,synth_0aa47f4e31c0,itin,tabddpm_synthetic,,['en'],EIN,2024-10-09T00:51:00+00:00,100000.0,50000.0,22,0,6,Sunday,90,1,100,EIN,en,Bank account opening,0
540d7aaf-3db1-4726-ad56-3ef227355300,synth_6d606f04bd41,itin,tabddpm_synthetic,,['en'],EIN,2024-10-24T23:26:00+00:00,100000.0,50000.0,22,23,6,Sunday,0,1,100,EIN,en,Bank account opening,1
7ba59a1a-8772-4f46-8dde-abe7c2afd137,synth_85b68b68996c,itin,tabddpm_synthetic,,['en'],EIN,2024-01-08T00:40:00+00:00,100000.0,50000.0,22,0,0,Monday,90,1,100,EIN,en,Bank account opening,0
451a82cc-7f95-45aa-a6e0-de6f3d765f39,synth_29fc6527300b,itin,tabddpm_synthetic,,['en'],EIN,2024-11-10T23:08:00+00:00,30221.49,0.0,22,23,0,Monday,0,1,100,EIN,en,Bank account opening,0
b7f2752d-9931-4330-be87-f42c25bccfa5,synth_bb7c63a382c9,itin,tabddpm_synthetic,,['en'],EIN,2024-06-14T00:30:00+00:00,100000.0,50000.0,22,0,0,Monday,0,1,100,EIN,en,Bank account opening,0
b2a7d356-1998-4272-a641-c3fd1d22ea1c,synth_9bae3567d73b,itin,tabddpm_synthetic,,['en'],EIN,2024-06-24T23:33:00+00:00,100.0,6380.54,55,23,0,Monday,90,2000,0,EIN,en,Bank account opening,0
b425f7e6-d592-457a-9b38-4011ded4582e,synth_04f748def8fa,itin,tabddpm_synthetic,,['en'],EIN,2024-02-05T00:10:00+00:00,100000.0,50000.0,22,0,6,Sunday,0,1,100,EIN,en,Bank account opening,0
aaeaf4dd-7f52-404b-b484-c26e080075c8,synth_de99739a24b4,itin,tabddpm_synthetic,,['en'],EIN,2024-04-10T13:34:00+00:00,12446.29,677.49,22,13,0,Monday,2,396,10,EIN,en,Bank account opening,0
71cef535-5cb4-4efa-bb70-95cbf7790499,synth_a92dd42f0867,itin,tabddpm_synthetic,,['en'],EIN,2024-12-05T00:58:00+00:00,100.0,0.0,32,0,3,Thursday,0,363,5,EIN,en,Bank account opening,0
7fcdfed9-62ac-49a8-bcbb-cab114f76fa8,synth_bb7aa99207f6,itin,tabddpm_synthetic,,['en'],EIN,2024-11-18T00:41:00+00:00,100000.0,50000.0,22,0,0,Monday,90,1,100,EIN,en,Bank account opening,0
0ef57bb9-8c54-4aac-a698-1ed8149b06db,synth_bbaab6462afe,itin,tabddpm_synthetic,,['en'],EIN,2024-12-20T16:14:00+00:00,1680.22,639.01,55,16,0,Monday,90,2000,0,EIN,en,Bank account opening,0
7fe9468a-2de4-4567-a448-43194a810634,synth_6999e7a3567c,itin,tabddpm_synthetic,,['en'],EIN,2024-11-04T23:09:00+00:00,100000.0,50000.0,22,23,0,Monday,0,1,100,EIN,en,Bank account opening,0
b34fd6f4-53e5-4652-8171-2a378648dc66,synth_ca8dc8ef1dda,itin,tabddpm_synthetic,,['en'],EIN,2024-01-06T00:35:00+00:00,100000.0,50000.0,22,0,0,Monday,90,1,9,EIN,en,Bank account opening,0
e3a37263-fd6c-4b16-8a40-4d0730f46e04,synth_072dca9a400b,itin,tabddpm_synthetic,,['en'],EIN,2024-01-06T00:40:00+00:00,100000.0,16013.6,55,0,0,Monday,90,1,90,EIN,en,Bank account opening,0
5c7c465c-caec-4c2c-8ab7-0a5ff9af5f44,synth_8a70d8fda76d,itin,tabddpm_synthetic,,['es'],EIN,2024-05-24T14:49:00+00:00,11044.8,246.4,55,14,0,Monday,90,1190,10,EIN,es,Bank account opening,0
ab6f9e9d-04fb-4f8b-8f77-b35477f0ef29,synth_d57cd8066f61,itin,tabddpm_synthetic,,['en'],EIN,2024-07-25T23:32:00+00:00,100.0,15944.85,55,23,0,Monday,90,2000,46,EIN,en,Bank account opening,0
b6c37d97-875e-4740-a930-3126716358b1,synth_18ec0a7db7d7,itin,tabddpm_synthetic,,['en'],EIN,2024-01-12T00:54:00+00:00,100000.0,50000.0,22,0,6,Sunday,0,1,100,EIN,en,Bank account opening,0
e7faa1b1-e623-484c-88ba-573efffb4361,synth_0eb4d2f3fa97,itin,tabddpm_synthetic,,['en'],EIN,2024-04-18T00:46:00+00:00,100000.0,35404.49,55,0,0,Monday,90,1,0,EIN,en,Bank account opening,0
079f2e9b-4533-4da4-ad71-b6d5d90626bd,synth_a662e2cfa59c,itin,tabddpm_synthetic,,['en'],EIN,2024-03-06T00:59:00+00:00,100000.0,50000.0,22,0,0,Monday,90,1,100,EIN,en,Bank account opening,0
eacc269c-81a8-4f35-9197-953d70df100f,synth_5cd5f41ba035,itin,tabddpm_synthetic,,['en'],EIN,2024-11-06T23:24:00+00:00,100000.0,1611.72,22,23,0,Monday,0,1,100,EIN,en,Bank account opening,0
4857f610-a2a2-43ce-bce9-763ddbba82b0,synth_7cce6e5213d0,itin,tabddpm_synthetic,,['en'],EIN,2024-07-19T00:22:00+00:00,100000.0,18886.46,22,0,0,Monday,0,1,100,EIN,en,Bank account opening,1
4f3b768f-ff2a-4b2c-a2b6-cbc2a2ec4424,synth_7cd7f090adf0,itin,tabddpm_synthetic,,['es'],EIN,2024-05-16T00:36:00+00:00,15495.14,956.35,22,0,2,Wednesday,0,1,73,EIN,es,Bank account opening,0
24f5c052-8515-4549-9a20-46d5599ea368,synth_4242ac4083e6,itin,tabddpm_synthetic,,['en'],EIN,2024-05-31T00:31:00+00:00,100000.0,50000.0,55,0,0,Monday,90,1,100,EIN,en,Bank account opening,1
910e8b9e-65f8-48e4-80c0-3e285ecc4ef5,synth_bb50f48fc0fe,itin,tabddpm_synthetic,,['en'],EIN,2024-07-08T23:22:00+00:00,100000.0,33474.04,22,23,0,Monday,0,1,100,EIN,en,Bank account opening,0
d5274e60-43cb-40f7-842a-d651a5121400,synth_c117b19ba637,itin,tabddpm_synthetic,,['en'],EIN,2024-05-31T03:31:00+00:00,100.0,273.17,22,3,6,Sunday,27,2000,3,EIN,en,Bank account opening,0
cd746a20-a3e3-4f7a-9908-139219dc11e3,synth_f86643e3401e,itin,tabddpm_synthetic,,['en'],EIN,2024-01-11T00:47:00+00:00,4283.18,0.0,22,0,0,Monday,0,1,44,EIN,en,Bank account opening,0
3792e576-9c51-485f-970c-b107aa456717,synth_a1d95ef3217b,itin,tabddpm_synthetic,,['en'],EIN,2024-09-29T23:52:00+00:00,100.0,31856.04,55,23,0,Monday,90,2000,0,EIN,en,Bank account opening,0
eb5bae75-b27f-4f37-aac8-73382b965753,synth_56be02115b36,itin,tabddpm_synthetic,,['en'],EIN,2024-02-03T23:08:00+00:00,7813.49,27.79,39,23,0,Monday,6,1,22,EIN,en,Bank account opening,0
b94dbe3a-3666-4bb5-ac98-bdf4013123a5,synth_1401a81cd000,itin,tabddpm_synthetic,,['en'],EIN,2024-08-24T05:08:00+00:00,1663.92,43.49,22,5,1,Tuesday,5,2000,7,EIN,en,Bank account opening,0
48b00512-42e2-4588-9914-31753323fd8d,synth_457dd580f412,itin,tabddpm_synthetic,,['en'],EIN,2024-05-07T06:56:00+00:00,62491.9,2726.58,22,6,6,Sunday,0,1,100,EIN,en,Bank account opening,0
086365af-ab6a-42c1-a676-4c49125dc5ce,synth_734636652fd9,itin,tabddpm_synthetic,,['en'],EIN,2024-11-16T00:18:00+00:00,100.0,0.0,55,0,6,Sunday,0,1,0,EIN,en,Bank account opening,0
ef3f9386-dab5-423f-a2f0-d0ec6a6f0712,synth_f5877dd063a7,itin,tabddpm_synthetic,,['en'],EIN,2024-03-09T23:49:00+00:00,100000.0,50000.0,22,23,6,Sunday,0,1,100,EIN,en,Bank account opening,1
6536d25c-6de1-44bb-886a-9e7c9119c888,synth_9456a6b3c7c1,itin,tabddpm_synthetic,,['en'],EIN,2024-06-26T00:17:00+00:00,6017.58,403.81,22,0,6,Sunday,0,1,49,EIN,en,Bank account opening,0
598f5fd6-1409-44ea-b07f-8d3065fc2aa6,synth_afa7c7218fce,itin,tabddpm_synthetic,,['en'],EIN,2024-06-13T00:50:00+00:00,100000.0,7151.36,22,0,6,Sunday,0,1,100,EIN,en,Bank account opening,0
4f660146-502a-4f62-b328-a8fca1f6c2fd,synth_ca4c68e6a07b,itin,tabddpm_synthetic,,['en'],EIN,2024-10-21T17:19:00+00:00,100.0,0.0,22,17,6,Sunday,47,2000,8,EIN,en,Bank account opening,0
bbd86dc8-0993-4f85-9553-7ac5acad51b4,synth_a58192966b34,itin,tabddpm_synthetic,,['en'],EIN,2024-10-24T12:43:00+00:00,100.0,0.0,22,12,6,Sunday,47,2000,9,EIN,en,Bank account opening,0
56960c91-dd5f-49e4-a4ba-c3cd7efac8d3,synth_e4d716bbcc67,itin,tabddpm_synthetic,,['en'],EIN,2024-04-02T13:29:00+00:00,100.0,21.22,22,13,6,Sunday,17,2000,3,EIN,en,Bank account opening,0
7b0662e1-ed0e-41b3-89bd-08a650ffec56,synth_82af5bd87d66,itin,tabddpm_synthetic,,['en'],EIN,2024-09-07T23:42:00+00:00,100000.0,50000.0,55,23,3,Thursday,90,1,100,EIN,en,Bank account opening,0
7dcb34ac-52e1-4df0-a306-a0b420b4bdc5,synth_7276baed5fb6,itin,tabddpm_synthetic,,['en'],EIN,2024-10-08T00:20:00+00:00,19366.94,0.0,22,0,0,Monday,0,1,11,EIN,en,Bank account opening,1
ab85ce8c-9cdf-4100-80c8-c9c7b6214da3,synth_a61c895930fa,itin,tabddpm_synthetic,,['en'],EIN,2024-10-02T10:20:00+00:00,100.0,2847.39,55,10,6,Sunday,90,2000,0,EIN,en,Bank account opening,0
94465a77-a29b-447e-a9b1-3a972e9d3940,synth_ce8ef658b03b,itin,tabddpm_synthetic,,['en'],EIN,2024-07-05T00:43:00+00:00,100.0,341.32,22,0,6,Sunday,0,1,1,EIN,en,Bank account opening,0
4f19767c-018d-4aa3-b314-70b139577196,synth_50405b4878af,itin,tabddpm_synthetic,,['en'],EIN,2024-10-29T17:59:00+00:00,100.0,74.95,22,17,6,Sunday,36,2000,9,EIN,en,Bank account opening,0
f7fdc109-05e4-4a9e-b797-9645d06f6266,synth_30770613b0cb,itin,tabddpm_synthetic,,['en'],ITIN,2024-02-24T00:31:00+00:00,23899.7,420.25,43,0,3,Thursday,12,1,98,ITIN,en,Bank account opening,0
e31dcf93-bb99-4988-930a-9273051fcf30,synth_bef58216ceb8,itin,tabddpm_synthetic,,['en'],EIN,2024-09-25T23:46:00+00:00,33823.01,0.0,22,23,0,Monday,0,1,100,EIN,en,Bank account opening,0
64274ef2-aec6-4339-a09f-86c69bcca549,synth_907be7ee8301,itin,tabddpm_synthetic,,['en'],EIN,2024-02-10T23:55:00+00:00,100.0,15560.17,55,23,0,Monday,90,2000,0,EIN,en,Bank account opening,0
ef90a229-ca19-42bc-afb0-2330e8a74118,synth_48b7feceb303,itin,tabddpm_synthetic,,['en'],EIN,2024-11-21T23:19:00+00:00,100.0,17166.59,55,23,0,Monday,90,1,100,EIN,en,Bank account opening,0
dfaa3545-7e2e-4a48-92f6-d4ce03334655,synth_98a9f14bfcc0,itin,tabddpm_synthetic,,['en'],EIN,2024-11-10T23:30:00+00:00,100.0,0.0,22,23,6,Sunday,18,2000,11,EIN,en,Bank account opening,0
0dfe7e0a-de91-43e7-be32-b0bb3cd83410,synth_da08b7026527,itin,tabddpm_synthetic,,['en'],EIN,2024-07-13T23:49:00+00:00,100000.0,2787.02,22,23,0,Monday,0,1,100,EIN,en,Bank account opening,0
7e17db10-09d9-4b73-bce0-1ede4df5e381,synth_c0f4b2fe620d,itin,tabddpm_synthetic,,['en'],EIN,2024-01-14T00:28:00+00:00,100000.0,50000.0,22,0,0,Monday,0,1,100,EIN,en,Bank account opening,1
25acdbd1-9b88-477a-817c-441c8fc829d0,synth_5b3f5266420c,itin,tabddpm_synthetic,,['en'],EIN,2024-01-18T23:15:00+00:00,100.0,5533.6,55,23,0,Monday,90,2000,0,EIN,en,Bank account opening,0
ee09c2eb-7081-4d66-8e78-cdf47b7a3d77,synth_e1b702fe6580,itin,tabddpm_synthetic,,['en'],EIN,2024-10-17T23:09:00+00:00,100000.0,50000.0,22,23,6,Sunday,90,1,100,EIN,en,Bank account opening,1
2bed1e04-c82a-4cab-b2c2-142ea36dc759,synth_e1fbbd8b01bf,itin,tabddpm_synthetic,,['en'],EIN,2024-04-24T00:56:00+00:00,100.0,592.58,22,0,6,Sunday,9,1259,0,EIN,en,Bank account opening,0
1e112cf6-2e14-4c64-b8ff-c6bf2d546205,synth_67eb21e1f4a7,itin,tabddpm_synthetic,,['en'],EIN,2024-02-23T23:14:00+00:00,100.0,24723.58,55,23,0,Monday,90,2000,0,EIN,en,Bank account opening,1
e425f143-a2f4-49ef-9e6e-221c10fca4dd,synth_aa62b7d68b6d,itin,tabddpm_synthetic,,['en'],EIN,2024-07-16T00:06:00+00:00,6187.94,0.0,54,0,6,Sunday,0,561,0,EIN,en,Bank account opening,0
238ecd38-5701-41d0-9c6d-cc4bbc353e58,synth_2a20ce08e54d,itin,tabddpm_synthetic,,['en'],EIN,2024-11-24T23:03:00+00:00,100000.0,50000.0,22,23,6,Sunday,0,1,100,EIN,en,Bank account opening,0
a5bc2e59-f1ca-46a0-a378-cb1d32684388,synth_8d63754ba5ae,itin,tabddpm_synthetic,,['en'],EIN,2024-07-28T09:38:00+00:00,1592.73,339.02,22,9,4,Friday,4,191,3,EIN,en,Bank account opening,0
877db760-1841-498a-b2fa-bb8b9ff06f1c,synth_b72684234961,itin,tabddpm_synthetic,,['en'],EIN,2024-06-15T00:28:00+00:00,2519.2,753.04,55,0,0,Monday,90,2000,10,EIN,en,Bank account opening,0
11b0158a-5109-4898-96bf-2f2fca005f47,synth_4d79ddfd047d,itin,tabddpm_synthetic,,['en'],EIN,2024-08-04T23:18:00+00:00,100.0,494.61,55,23,0,Monday,90,2000,0,EIN,en,Bank account opening,0
683be591-8d2c-4603-bb61-9dcbcd0c4215,synth_cf5c0907d2da,itin,tabddpm_synthetic,,['en'],EIN,2024-07-11T23:50:00+00:00,100.0,8167.66,55,23,0,Monday,90,2000,0,EIN,en,Bank account opening,0
98825bd0-e2bb-4ea4-8121-f4e626939643,synth_4b152b477592,itin,tabddpm_synthetic,,['en'],EIN,2024-06-28T00:51:00+00:00,24031.37,583.75,22,0,2,Wednesday,0,1,62,EIN,en,Bank account opening,0
5e56f4c1-461d-48bf-a67b-10c992624b97,synth_ac7d07fe4d7b,itin,tabddpm_synthetic,,['en'],EIN,2024-04-03T00:46:00+00:00,100.0,0.0,22,0,0,Monday,0,2000,0,EIN,en,Bank account opening,0
a2ee500b-f15b-4d76-ae5c-4106f33a6827,synth_002ba840ccf5,itin,tabddpm_synthetic,,['en'],EIN,2024-02-13T23:55:00+00:00,5986.33,0.0,22,23,6,Sunday,10,791,15,EIN,en,Bank account opening,0
af266124-06b6-4708-8a5f-26b1324dbb01,synth_e3eca676180e,itin,tabddpm_synthetic,,['en'],EIN,2024-09-28T16:52:00+00:00,100.0,3321.55,55,16,0,Monday,90,1,25,EIN,en,Bank account opening,0
7b7da01a-c97d-49fa-98c2-e027e11419ca,synth_d7f315490a38,itin,tabddpm_synthetic,,['en'],EIN,2024-01-01T00:36:00+00:00,100.0,0.0,22,0,5,Saturday,0,1,0,EIN,en,Bank account opening,0
8959b429-e519-4fce-9c89-c9e3ba4eb330,synth_f7aee8ff47bf,itin,tabddpm_synthetic,,['en'],EIN,2024-06-11T23:31:00+00:00,100.0,507.88,22,23,6,Sunday,11,2000,46,EIN,en,Bank account opening,0
b9c8feb4-7dde-4588-b4fb-f38b93fc9546,synth_d323cee1c675,itin,tabddpm_synthetic,,['en'],EIN,2024-06-19T00:23:00+00:00,100.0,159.53,22,0,6,Sunday,0,1,9,EIN,en,Bank account opening,0
838733d6-b49a-4db6-8610-ac3db3fb328d,synth_b09db0d23deb,itin,tabddpm_synthetic,,['en'],EIN,2024-04-03T02:39:00+00:00,3705.21,0.0,55,2,6,Sunday,0,1223,2,EIN,en,Bank account opening,0
65a4d085-2668-4daa-927b-63b5963485ec,synth_5800e4d9929b,itin,tabddpm_synthetic,,['en'],EIN,2024-12-09T20:52:00+00:00,100.0,5396.61,55,20,0,Monday,90,2000,0,EIN,en,Bank account opening,0
2a933828-dea5-4699-9061-adc7c925dd65,synth_3250b29ff254,itin,tabddpm_synthetic,,['en'],EIN,2024-03-17T00:26:00+00:00,100.0,372.18,22,0,6,Sunday,36,2000,36,EIN,en,Bank account opening,0
5dbd13e9-9b32-4bd4-a8f7-2493c707c12b,synth_71593cd05202,itin,tabddpm_synthetic,,['en'],EIN,2024-09-03T23:12:00+00:00,100000.0,15152.23,22,23,6,Sunday,90,1,100,EIN,en,Bank account opening,0
11eddfe4-5da4-4b25-badf-57588f90cb1f,synth_44a466b74dd9,itin,tabddpm_synthetic,,['es'],EIN,2024-11-19T00:09:00+00:00,7989.4,205.92,55,0,0,Monday,84,1,14,EIN,es,Bank account opening,0
b3284a11-a43a-4128-9519-76adfa47b2bd,synth_68bb0cac87aa,itin,tabddpm_synthetic,,['en'],EIN,2024-04-15T00:31:00+00:00,50527.09,2015.7,22,0,6,Sunday,0,1,100,EIN,en,Bank account opening,0
9d297969-2e82-452e-8c4e-10f1d6200e07,synth_48f4203603a8,itin,tabddpm_synthetic,,['en'],EIN,2024-05-08T00:37:00+00:00,100000.0,11860.11,22,0,6,Sunday,0,1,100,EIN,en,Bank account opening,0
9dafd185-5875-47ab-bffd-8877664b5c7c,synth_7e5d428a094b,itin,tabddpm_synthetic,,['en'],EIN,2024-01-26T00:51:00+00:00,100.0,0.0,22,0,5,Saturday,0,2000,0,EIN,en,Bank account opening,0
57d71522-12d8-485f-afd3-b751a7b6cc02,synth_de1de3cb7c4a,itin,tabddpm_synthetic,,['en'],EIN,2024-12-27T00:07:00+00:00,100.0,0.0,22,0,4,Friday,0,266,5,EIN,en,Bank account opening,0
ee3929b7-1c04-4632-b5d7-618005513ef4,synth_842d917be869,itin,tabddpm_synthetic,,['en'],EIN,2024-05-08T15:02:00+00:00,100.0,0.0,22,15,6,Sunday,35,2000,11,EIN,en,Bank account opening,0
8de5fc66-1419-432c-96fc-7bd3438ccb23,synth_0c47fbc3b2ad,itin,tabddpm_synthetic,,['en'],EIN,2024-04-15T16:42:00+00:00,100.0,0.0,22,16,6,Sunday,11,2000,5,EIN,en,Bank account opening,0
7f98e967-86aa-44d9-a0a7-5cda4f7b6126,synth_5f59da4701bd,itin,tabddpm_synthetic,,['en'],EIN,2024-04-11T00:03:00+00:00,100.0,233.44,54,0,6,Sunday,0,1,22,EIN,en,Bank account opening,0
115349cd-7bf6-4286-be3e-d4028797368b,synth_7845210c3e29,itin,tabddpm_synthetic,,['en'],EIN,2024-07-30T04:46:00+00:00,100.0,0.0,55,4,6,Sunday,0,766,43,EIN,en,Bank account opening,0
ccca5c75-5fe0-4d6c-be67-5bd7ed792474,synth_2d1ed844ae9e,itin,tabddpm_synthetic,,['en'],EIN,2024-09-17T23:16:00+00:00,100000.0,50000.0,22,23,6,Sunday,0,1,100,EIN,en,Bank account opening,0
f5afd589-d886-4ff2-8726-ca96b8b9f86c,synth_d49d10bfbf50,itin,tabddpm_synthetic,,['en'],EIN,2024-06-14T00:08:00+00:00,100.0,0.0,22,0,0,Monday,0,292,9,EIN,en,Bank account opening,0
3ddac597-e7f5-4f19-b853-42c8621e5d16,synth_a35fc99bae89,itin,tabddpm_synthetic,,['es'],EIN,2024-04-04T00:30:00+00:00,100.0,0.0,22,0,0,Monday,0,1142,2,EIN,es,Bank account opening,0
f9348d36-d95b-413f-978d-1fe4e139c664,synth_34f5a7311fff,itin,tabddpm_synthetic,,['en'],EIN,2024-01-01T06:54:00+00:00,100.0,0.0,22,6,6,Sunday,90,2000,11,EIN,en,Bank account opening,0
2b054ab7-cd56-437f-baac-c665a0e66e34,synth_0e5f4d03542f,itin,tabddpm_synthetic,,['en'],EIN,2024-10-07T23:52:00+00:00,100000.0,50000.0,55,23,0,Monday,90,2000,77,EIN,en,Bank account opening,0
c16eb310-6ff9-4fa1-ab3e-2c4a6677d3d4,synth_488ebe8b9773,itin,tabddpm_synthetic,,['en'],EIN,2024-11-04T07:39:00+00:00,100.0,210.66,22,7,6,Sunday,14,2000,0,EIN,en,Bank account opening,0
df39ba30-7994-4088-a833-36132e2788d2,synth_44fd5f782cf8,itin,tabddpm_synthetic,,['en'],EIN,2024-07-01T23:59:00+00:00,100.0,0.0,22,23,6,Sunday,20,2000,11,EIN,en,Bank account opening,0
65507ff3-cad7-46ca-b636-dcfe57b880e3,synth_dcdacb3b70aa,itin,tabddpm_synthetic,,['en'],EIN,2024-02-06T17:14:00+00:00,100.0,0.0,22,17,6,Sunday,10,2000,10,EIN,en,Bank account opening,0
bf9fd41c-55ca-45a8-9970-b95e3605e2b4,synth_fd4b91f0c473,itin,tabddpm_synthetic,,['en'],EIN,2024-07-25T23:02:00+00:00,19417.5,0.0,22,23,0,Monday,0,1,69,EIN,en,Bank account opening,0
979bb7d4-3d0a-446e-a6cf-4df7f5edfbb4,synth_df878480501a,itin,tabddpm_synthetic,,['en'],EIN,2024-06-21T15:02:00+00:00,100.0,3388.48,55,15,6,Sunday,90,2000,0,EIN,en,Bank account opening,0
d5078330-cb30-4b42-8056-3254560ba168,synth_aff8e96ee1af,itin,tabddpm_synthetic,,['en'],EIN,2024-11-20T23:23:00+00:00,100000.0,50000.0,22,23,6,Sunday,0,1,100,EIN,en,Bank account opening,1
871a9f32-9a13-44ba-bb4c-16f2bd208185,synth_5368cb55c699,itin,tabddpm_synthetic,,['en'],EIN,2024-11-02T00:21:00+00:00,100000.0,50000.0,22,0,0,Monday,90,1,0,EIN,en,Bank account opening,0
0f2caa71-4bd5-492a-89af-2377b53780b6,synth_b96e77df0a1b,itin,tabddpm_synthetic,,['en'],ITIN,2024-06-06T08:13:00+00:00,100.0,0.0,47,8,3,Thursday,0,1876,9,ITIN,en,Bank account opening,0
94271854-aa22-43b7-a97e-e10ee2151f66,synth_7ca4bf55d1aa,itin,tabddpm_synthetic,,['en'],EIN,2024-02-03T23:37:00+00:00,100.0,15618.41,55,23,0,Monday,90,2000,0,EIN,en,Bank account opening,0
949e1bef-8f51-4351-b472-82b96262b267,synth_ca281ddbf553,itin,tabddpm_synthetic,,['en'],EIN,2024-09-03T00:40:00+00:00,100.0,0.0,22,0,6,Sunday,48,2000,15,EIN,en,Bank account opening,0
69929139-6953-4203-a3db-7e1af4893d8c,synth_142fdbf7b551,itin,tabddpm_synthetic,,['en'],EIN,2024-05-18T23:47:00+00:00,100000.0,26048.59,22,23,6,Sunday,0,1,100,EIN,en,Bank account opening,0
aeca1cdd-0106-4696-8e2c-fd00f4fb60b5,synth_faf669c3a628,itin,tabddpm_synthetic,,['en'],EIN,2024-08-30T16:01:00+00:00,100.0,0.0,22,16,6,Sunday,37,2000,9,EIN,en,Bank account opening,0
7b3bc357-3b06-486b-b3f3-28460e53c510,synth_16ff90350d47,itin,tabddpm_synthetic,,['en'],EIN,2024-05-23T00:04:00+00:00,100000.0,50000.0,22,0,6,Sunday,90,1,100,EIN,en,Bank account opening,0
47aec7ed-3ced-4c40-946b-dda9989b1697,synth_22da7fe71998,itin,tabddpm_synthetic,,['en'],EIN,2024-05-31T00:44:00+00:00,33934.38,1129.38,22,0,6,Sunday,0,1,74,EIN,en,Bank account opening,0
71ccd1c9-bafb-41b3-b6a3-f9682359a7ce,synth_d7c09df374cc,itin,tabddpm_synthetic,,['en'],EIN,2024-03-13T00:11:00+00:00,100.0,0.0,22,0,0,Monday,0,2000,0,EIN,en,Bank account opening,0
eb7dbed2-f3db-47dd-bac6-7e46c6defd7d,synth_0d82cc39634a,itin,tabddpm_synthetic,,['en'],EIN,2024-11-02T23:51:00+00:00,100.0,1878.4,22,23,6,Sunday,90,2000,43,EIN,en,Bank account opening,0
3c27f2ad-9247-4a9e-9e2f-fd79f2aba5c9,synth_242d11c3bfb9,itin,tabddpm_synthetic,,['en'],EIN,2024-03-08T00:53:00+00:00,100000.0,3648.34,22,0,6,Sunday,0,1,100,EIN,en,Bank account opening,1
b454713a-0a4c-41c3-a65b-f61bf1244d62,synth_85455293db31,itin,tabddpm_synthetic,,['es'],EIN,2024-09-13T13:16:00+00:00,100.0,122.89,22,13,6,Sunday,26,2000,4,EIN,es,Bank account opening,0
25dc31c0-e702-423d-9fed-4e3e9521c629,synth_6dbb8b4e45e8,itin,tabddpm_synthetic,,['en'],EIN,2024-07-26T23:44:00+00:00,100.0,2545.65,55,23,0,Monday,90,2000,0,EIN,en,Bank account opening,0
a983e138-9663-4965-8765-21ce79f8bfeb,synth_eb5f9677a2d8,itin,tabddpm_synthetic,,['en'],EIN,2024-04-25T23:06:00+00:00,100000.0,50000.0,22,23,6,Sunday,90,1,100,EIN,en,Bank account opening,0
c86060f8-99ed-4e58-8223-f4f2f618fe2a,synth_eaf75a82f3fa,itin,tabddpm_synthetic,,['en'],EIN,2024-12-29T03:20:00+00:00,7022.33,1026.23,55,3,1,Tuesday,47,2000,8,EIN,en,Bank account opening,0
5f8448ec-08ff-419f-a4fd-6f8e7713f13e,synth_d3e8a8116501,itin,tabddpm_synthetic,,['en'],EIN,2024-09-02T13:56:00+00:00,100.0,181.88,22,13,6,Sunday,42,2000,8,EIN,en,Bank account opening,0
4dd56c04-9e6b-4ae1-b059-769b02757aac,synth_3cf496506a20,itin,tabddpm_synthetic,,['en'],EIN,2024-03-11T18:53:00+00:00,100.0,6.6,28,18,6,Sunday,12,2000,8,EIN,en,Bank account opening,0
78bb2f3e-9cda-432b-9e83-2e67fc3331f4,synth_7dfd33c695c5,itin,tabddpm_synthetic,,['en'],EIN,2024-11-28T20:12:00+00:00,100.0,0.0,22,20,6,Sunday,7,2000,9,EIN,en,Bank account opening,0
fe330c7c-db39-4c97-a813-e95669b7d25f,synth_af2cd9d3bb31,itin,tabddpm_synthetic,,['es'],EIN,2024-01-16T04:32:00+00:00,2839.26,114.97,55,4,2,Wednesday,49,8,9,EIN,es,Bank account opening,0
720c083f-e5f2-436a-b752-20f976ba046c,synth_fac0a5f77a78,itin,tabddpm_synthetic,,['en'],EIN,2024-05-16T00:34:00+00:00,100000.0,50000.0,22,0,6,Sunday,0,1,100,EIN,en,Bank account opening,0
02813c43-ca8e-432f-9664-d7d3690fa82c,synth_7ebb2aa0dcc5,itin,tabddpm_synthetic,,['en'],EIN,2024-10-10T14:15:00+00:00,100.0,5148.87,55,14,0,Monday,90,1,40,EIN,en,Bank account opening,0
0566cea1-592b-43ce-9236-db791459f62d,synth_dc4949a27be7,itin,tabddpm_synthetic,,['en'],EIN,2024-12-21T16:36:00+00:00,100.0,0.0,22,16,6,Sunday,66,2000,16,EIN,en,Bank account opening,0
e34608b8-b158-4666-9440-cd857ee93276,synth_10b314387c3d,itin,tabddpm_synthetic,,['en'],EIN,2024-10-04T00:28:00+00:00,100.0,1276.96,22,0,6,Sunday,11,2000,27,EIN,en,Bank account opening,0
a131ed64-391f-4aaf-8826-3370885111ea,synth_f68e7afd3d3c,itin,tabddpm_synthetic,,['en'],EIN,2024-08-04T00:59:00+00:00,3724.89,517.92,55,0,0,Monday,61,1043,5,EIN,en,Bank account opening,0
e28a5df0-1aaa-4895-bfe8-a0dd697f02b1,synth_044b4643453d,itin,tabddpm_synthetic,,['en'],EIN,2024-10-15T06:52:00+00:00,100.0,140.86,22,6,6,Sunday,23,2000,26,EIN,en,Bank account opening,0
d6bb63ea-6270-469d-9c8e-a8da6cc16c36,synth_561651593083,itin,tabddpm_synthetic,,['en'],EIN,2024-01-27T23:01:00+00:00,100.0,24391.79,55,23,0,Monday,90,2000,0,EIN,en,Bank account opening,0
9974a64f-736b-4d01-9fa6-6ccfe83eda97,synth_8319410c8632,itin,tabddpm_synthetic,,['en'],EIN,2024-03-16T00:39:00+00:00,6338.75,0.0,55,0,6,Sunday,0,1,0,EIN,en,Bank account opening,0
739625a7-8406-49ae-8d63-4133b28d3e04,synth_dffc83364f92,itin,tabddpm_synthetic,,['en'],EIN,2024-04-05T23:40:00+00:00,100000.0,50000.0,22,23,6,Sunday,0,1,100,EIN,en,Bank account opening,0
6f40d101-906c-4cfd-aecb-f6bcf05d9ac0,synth_2a18e5764eb5,itin,tabddpm_synthetic,,['en'],EIN,2024-12-02T00:52:00+00:00,7096.01,0.0,55,0,6,Sunday,0,1,0,EIN,en,Bank account opening,0
291b9e23-df00-4cde-8208-31f9c78ff6e0,synth_934642f3450f,itin,tabddpm_synthetic,,['en'],EIN,2024-10-25T23:57:00+00:00,42419.51,0.0,22,23,0,Monday,0,1,100,EIN,en,Bank account opening,0
cdeab393-0b57-433a-91e9-cee2188ee852,synth_b71193299959,itin,tabddpm_synthetic,,['en'],EIN,2024-03-08T00:39:00+00:00,67443.28,1394.69,22,0,6,Sunday,3,1,100,EIN,en,Bank account opening,0
6f2c6e50-38fc-4f7b-8843-8b1fedf59788,synth_48a81b72aa43,itin,tabddpm_synthetic,,['en'],EIN,2024-10-19T23:38:00+00:00,100.0,9504.13,55,23,0,Monday,90,2000,0,EIN,en,Bank account opening,0
d12b1473-ae98-4247-bd4c-20482d0fca01,synth_bb1a3d9dd69a,itin,tabddpm_synthetic,,['en'],EIN,2024-06-20T11:04:00+00:00,100.0,0.0,34,11,6,Sunday,16,2000,9,EIN,en,Bank account opening,0
9a3bdee7-6f86-4334-9643-4d69fb824b26,synth_51cc1c4772b8,itin,tabddpm_synthetic,,['en'],EIN,2024-08-22T23:26:00+00:00,3651.98,0.0,22,23,0,Monday,0,180,19,EIN,en,Bank account opening,0
299b65ae-8b67-4b44-b9df-a027cea03771,synth_c4fbc51a9ba6,itin,tabddpm_synthetic,,['en'],EIN,2024-07-02T00:42:00+00:00,100000.0,50000.0,22,0,6,Sunday,0,1,100,EIN,en,Bank account opening,1
9f50c4fb-19aa-4261-81ca-373ee8878e7a,synth_a0005cb4f675,itin,tabddpm_synthetic,,['en'],EIN,2024-10-04T00:39:00+00:00,100.0,208.3,22,0,6,Sunday,45,2000,38,EIN,en,Bank account opening,0
c01111cb-1c4c-46ea-b750-1d3a32573f29,synth_a27613d27ef0,itin,tabddpm_synthetic,,['en'],ITIN,2024-04-18T13:39:00+00:00,604.58,64.47,22,13,6,Sunday,4,2000,9,ITIN,en,Bank account opening,0
79350779-6be3-41be-95c6-aeb4e800401b,synth_08c3ebe13579,itin,tabddpm_synthetic,,['en'],EIN,2024-05-21T23:26:00+00:00,100000.0,50000.0,22,23,6,Sunday,0,1,100,EIN,en,Bank account opening,1
45abf2ed-e456-4670-b355-5da2ff0c7b39,synth_fc80fa2c88b9,itin,tabddpm_synthetic,,['en'],EIN,2024-08-13T16:15:00+00:00,100.0,24.28,22,16,5,Saturday,23,2000,7,EIN,en,Bank account opening,0
5a7cab0a-f99c-411d-afab-0025a152793c,synth_867feba1f7aa,itin,tabddpm_synthetic,,['en'],EIN,2024-09-10T00:19:00+00:00,100.0,0.0,50,0,6,Sunday,0,1,20,EIN,en,Bank account opening,0
99eef8c0-a3d8-4d0e-a664-f43f18832292,synth_876efbb3f04e,itin,tabddpm_synthetic,,['en'],EIN,2024-03-25T00:08:00+00:00,100.0,552.92,55,0,0,Monday,90,1,18,EIN,en,Bank account opening,0
1a2ce6c5-042c-456e-9602-3674fcde1e6a,synth_44b80c739ac4,itin,tabddpm_synthetic,,['en'],EIN,2024-01-20T00:43:00+00:00,100.0,0.0,22,0,2,Wednesday,0,2000,0,EIN,en,Bank account opening,0
8bb7f11e-bbdc-4b36-b967-7d6358561de4,synth_0daa48082c98,itin,tabddpm_synthetic,,['en'],EIN,2024-10-23T00:58:00+00:00,100000.0,50000.0,22,0,6,Sunday,0,1,100,EIN,en,Bank account opening,0
7c0486d2-cdcc-42f1-9a85-4151b6386a56,synth_0b4c6b5e0429,itin,tabddpm_synthetic,,['en'],EIN,2024-10-18T00:56:00+00:00,406.86,1100.59,55,0,0,Monday,90,1,11,EIN,en,Bank account opening,0
bac94b27-4b83-446e-95be-81aeb0d0b412,synth_44468e24b616,itin,tabddpm_synthetic,,['en'],EIN,2024-08-02T23:29:00+00:00,100000.0,50000.0,22,23,6,Sunday,0,1,100,EIN,en,Bank account opening,0
0825ca70-7f0f-4f99-bd7a-61f23c79374a,synth_bb7ec2d45055,itin,tabddpm_synthetic,,['en'],EIN,2024-01-09T00:06:00+00:00,100.0,0.72,22,0,6,Sunday,0,1,4,EIN,en,Bank account opening,0
7fbb99da-6f73-4c04-9b7a-298ea5da6a6c,synth_50f1662a2103,itin,tabddpm_synthetic,,['en'],EIN,2024-06-14T23:38:00+00:00,100000.0,24506.82,22,23,2,Wednesday,0,1,100,EIN,en,Bank account opening,0
54cdc9aa-974d-4df2-96be-33cf65e6d376,synth_ce276b91bb33,itin,tabddpm_synthetic,,['en'],EIN,2024-12-24T21:20:00+00:00,13710.06,0.0,22,21,0,Monday,0,1,50,EIN,en,Bank account opening,0
0dce0746-97cc-4591-bb0e-b8ddf9b8d82a,synth_ebb46798673f,itin,tabddpm_synthetic,,['en'],EIN,2024-05-17T00:31:00+00:00,51390.13,694.04,22,0,0,Monday,0,1,100,EIN,en,Bank account opening,0
3819daf9-f0de-43a5-80b0-0c0a95247e47,synth_bc969fc57e48,itin,tabddpm_synthetic,,['en'],EIN,2024-02-26T00:32:00+00:00,100.0,0.0,22,0,3,Thursday,0,591,0,EIN,en,Bank account opening,0
081f8965-d348-467a-bcdb-a50c6ac58a47,synth_aeb84322c579,itin,tabddpm_synthetic,,['en'],EIN,2024-01-27T23:58:00+00:00,100.0,4185.36,55,23,0,Monday,90,2000,0,EIN,en,Bank account opening,0
0fb81b67-e7c3-49f9-82d5-753c5a020eac,synth_b6978bce9401,itin,tabddpm_synthetic,,['en'],EIN,2024-11-25T00:11:00+00:00,100000.0,50000.0,22,0,6,Sunday,0,1,100,EIN,en,Bank account opening,0
1358c83d-ee5d-470d-842a-207df73e4e5e,synth_7999b9575e6b,itin,tabddpm_synthetic,,['en'],EIN,2024-02-15T22:12:00+00:00,100.0,0.0,22,22,6,Sunday,73,2000,17,EIN,en,Bank account opening,0
fe4624a7-4f59-4f4e-879f-bc9fb3dcb40d,synth_f7c1456a8c88,itin,tabddpm_synthetic,,['en'],EIN,2024-12-06T00:45:00+00:00,100.0,164.16,22,0,6,Sunday,32,2000,21,EIN,en,Bank account opening,0
207c4cfa-01c1-41b7-a823-79efd18cdc81,synth_976b703018bc,itin,tabddpm_synthetic,,['en'],EIN,2024-08-13T07:16:00+00:00,100.0,131.93,22,7,6,Sunday,31,2000,6,EIN,en,Bank account opening,0
ca97c4e5-e146-4de7-b8b6-536e06eec7a0,synth_f411b942bf61,itin,tabddpm_synthetic,,['en'],EIN,2024-02-13T00:07:00+00:00,100000.0,50000.0,22,0,6,Sunday,0,1,100,EIN,en,Bank account opening,0
01eccf95-7021-4be0-8604-2d2616c9d967,synth_e9f7be02eec1,itin,tabddpm_synthetic,,['en'],EIN,2024-03-09T23:42:00+00:00,100.0,0.0,22,23,6,Sunday,21,2000,7,EIN,en,Bank account opening,0
6b9d0dbf-d7fc-4d0f-a405-9fec107b6811,synth_280a3eff4a4b,itin,tabddpm_synthetic,,['en'],EIN,2024-03-23T13:08:00+00:00,100.0,335.43,22,13,6,Sunday,90,2000,10,EIN,en,Bank account opening,0
a8028b6f-b76b-4910-b3a4-6460b532782b,synth_d65401dd8efe,itin,tabddpm_synthetic,,['en'],EIN,2024-06-02T23:49:00+00:00,100000.0,32752.38,22,23,6,Sunday,0,1,100,EIN,en,Bank account opening,0
46461d46-0dd0-4693-a436-ff18348095fb,synth_137554e9685d,itin,tabddpm_synthetic,,['en'],EIN,2024-07-14T23:05:00+00:00,100.0,3073.65,55,23,0,Monday,90,2000,3,EIN,en,Bank account opening,0
917babd6-4c12-4946-99eb-3836e1eadc85,synth_54b01802deda,itin,tabddpm_synthetic,,['en'],EIN,2024-08-08T00:46:00+00:00,52725.65,1437.39,33,0,6,Sunday,0,1,100,EIN,en,Bank account opening,0
f2cf2ad2-539a-4903-bafd-a9763dd775d5,synth_cc7bf55867c3,itin,tabddpm_synthetic,,['en'],EIN,2024-02-15T23:39:00+00:00,100.0,0.0,22,23,6,Sunday,0,1381,13,EIN,en,Bank account opening,0
f2bf2503-49fc-43aa-b8c1-a1ce32a5f64e,synth_c66ee182ad86,itin,tabddpm_synthetic,,['en'],EIN,2024-11-11T09:49:00+00:00,100.0,968.42,22,9,6,Sunday,86,2000,21,EIN,en,Bank account opening,0
9ed650ed-a50f-40f0-b871-fd8c61b905f9,synth_e53ad2f777f8,itin,tabddpm_synthetic,,['en'],EIN,2024-02-17T09:20:00+00:00,100.0,218.7,22,9,6,Sunday,90,2000,18,EIN,en,Bank account opening,0
5df6f4fc-4ac9-427d-908b-a826a3e3330e,synth_96f0dd556df9,itin,tabddpm_synthetic,,['en'],EIN,2024-03-05T23:31:00+00:00,100000.0,50000.0,22,23,6,Sunday,0,1,100,EIN,en,Bank account opening,1
c30deb20-9b7b-4e79-a806-7ff7efa482b7,synth_99b36a9e13cd,itin,tabddpm_synthetic,,['en'],EIN,2024-06-13T00:24:00+00:00,100.0,0.0,22,0,0,Monday,0,2000,4,EIN,en,Bank account opening,0
a132a4a4-dce3-4221-879c-3dce03563fe3,synth_b256b223d8fd,itin,tabddpm_synthetic,,['en'],EIN,2024-10-25T20:20:00+00:00,100.0,0.0,22,20,6,Sunday,6,2000,6,EIN,en,Bank account opening,0
e3b9e6ae-30ed-4115-86ca-8c3da7015bdd,synth_bba8a768a0be,itin,tabddpm_synthetic,,['en'],EIN,2024-05-04T00:54:00+00:00,100000.0,50000.0,22,0,0,Monday,26,1,68,EIN,en,Bank account opening,0
665cac3d-6464-4c26-ad4e-ecb1e1e72b9f,synth_f2b055571214,itin,tabddpm_synthetic,,['en'],EIN,2024-02-12T23:46:00+00:00,100.0,19499.59,55,23,0,Monday,90,2000,0,EIN,en,Bank account opening,0
8415469e-0f0a-43f9-bccb-366f0e97f7bb,synth_8c2667f76c4c,itin,tabddpm_synthetic,,['es'],EIN,2024-06-11T12:12:00+00:00,2689.23,0.0,29,12,0,Monday,14,1520,10,EIN,es,Bank account opening,0
ed3e950f-893e-46f9-9026-9147015e71ad,synth_1f80ef75ad0f,itin,tabddpm_synthetic,,['en'],EIN,2024-04-15T00:00:00+00:00,100000.0,34192.11,22,0,6,Sunday,0,1,100,EIN,en,Bank account opening,0
8b0d61c2-f7f1-4be6-89c7-8c31c4b63682,synth_40acbbeaefbb,itin,tabddpm_synthetic,,['en'],EIN,2024-11-16T00:51:00+00:00,100000.0,50000.0,22,0,6,Sunday,0,1,100,EIN,en,Bank account opening,0
d8f67fe3-e610-47dd-af78-0c9658139d47,synth_ae19bd1e6022,itin,tabddpm_synthetic,,['en'],EIN,2024-08-01T23:18:00+00:00,100000.0,50000.0,22,23,6,Sunday,0,1,100,EIN,en,Bank account opening,1
119c6520-152a-415c-bc43-9319645e40a9,synth_aa61549ce9da,itin,tabddpm_synthetic,,['es'],EIN,2024-08-14T23:48:00+00:00,100.0,800.68,55,23,0,Monday,90,290,9,EIN,es,Bank account opening,0
6c81d47a-dd7b-4be0-9f3a-8a9e16e03b30,synth_e9630983710b,itin,tabddpm_synthetic,,['en'],EIN,2024-03-06T17:27:00+00:00,100.0,0.0,22,17,6,Sunday,34,2000,13,EIN,en,Bank account opening,0
dd41319f-c8a9-4e1c-9141-8f755f81d918,synth_d08911243f3f,itin,tabddpm_synthetic,,['en'],EIN,2024-04-10T00:16:00+00:00,100.0,16.58,55,0,6,Sunday,0,68,26,EIN,en,Bank account opening,0
ea7219bc-cc50-43cc-9742-51f158305af1,synth_06005f949076,itin,tabddpm_synthetic,,['en'],EIN,2024-02-28T23:57:00+00:00,100000.0,50000.0,22,23,6,Sunday,0,1,100,EIN,en,Bank account opening,0
5fa5fd4e-8b22-46eb-9b7b-bf6a6476e3d9,synth_50d82f69db4f,itin,tabddpm_synthetic,,['en'],EIN,2024-06-06T23:45:00+00:00,100.0,0.0,22,23,6,Sunday,12,2000,5,EIN,en,Bank account opening,0
c75ecf61-f9ba-465b-8b81-7cd7c9fd2f10,synth_3e4875dfb0a4,itin,tabddpm_synthetic,,['en'],EIN,2024-02-11T19:54:00+00:00,100.0,0.0,22,19,6,Sunday,62,2000,25,EIN,en,Bank account opening,0
36774269-3f24-4584-9c86-a82585f05898,synth_c35ea3063948,itin,tabddpm_synthetic,,['en'],EIN,2024-08-11T17:29:00+00:00,100.0,5285.5,55,17,0,Monday,90,307,32,EIN,en,Bank account opening,0
da34a323-4123-43c0-bca4-2b9dc0e3718a,synth_ea1542ab1f4d,itin,tabddpm_synthetic,,['en'],EIN,2024-09-27T23:59:00+00:00,100.0,2843.27,55,23,0,Monday,90,2000,0,EIN,en,Bank account opening,0
cd7ed891-6bc0-4e57-bbcd-bf966000f87b,synth_fcd3956f7968,itin,tabddpm_synthetic,,['en'],EIN,2024-03-27T06:18:00+00:00,5974.17,325.25,35,6,6,Sunday,6,1,53,EIN,en,Bank account opening,0
3d3917d6-dd44-4b35-8d8c-98808b973833,synth_5dec9e7f3667,itin,tabddpm_synthetic,,['en'],EIN,2024-09-04T00:52:00+00:00,44500.75,1442.41,22,0,6,Sunday,0,1,100,EIN,en,Bank account opening,0
7ddc9f5a-cefe-44e9-aadc-04d1353210d0,synth_59f624fd58a4,itin,tabddpm_synthetic,,['en'],EIN,2024-06-29T09:31:00+00:00,100.0,59.95,55,9,0,Monday,90,287,1,EIN,en,Bank account opening,0
1e45ce5e-1629-44e4-ae3e-28adb37dc496,synth_cc18fa6a38ea,itin,tabddpm_synthetic,,['en'],EIN,2024-03-12T00:48:00+00:00,33554.53,438.37,22,0,0,Monday,0,1,54,EIN,en,Bank account opening,0
0b94e35c-2974-46e9-8d0b-851c792cbbc0,synth_9d5eaae6be58,itin,tabddpm_synthetic,,['en'],EIN,2024-02-22T13:24:00+00:00,100.0,0.0,22,13,6,Sunday,40,2000,8,EIN,en,Bank account opening,0
f7e86cef-42e0-4ce0-b8f2-e0590f411288,synth_95c5843ed50a,itin,tabddpm_synthetic,,['en'],EIN,2024-01-08T23:15:00+00:00,100000.0,50000.0,22,23,6,Sunday,0,1,100,EIN,en,Bank account opening,0
c567b64d-374a-43d8-af07-d7cb2e8ece94,synth_a491f72e1217,itin,tabddpm_synthetic,,['en'],EIN,2024-09-22T23:20:00+00:00,100.0,7954.04,55,23,0,Monday,90,2000,0,EIN,en,Bank account opening,0
67447fbc-6d3a-41b1-8a3c-8dd4edbbc4dc,synth_ebd885ac91e9,itin,tabddpm_synthetic,,['en'],ITIN,2024-09-09T16:35:00+00:00,100.0,0.0,40,16,5,Saturday,9,2000,5,ITIN,en,Bank account opening,0
c879fe98-c536-4064-8068-cf96e525e10f,synth_6ebc01119e29,itin,tabddpm_synthetic,,['en'],EIN,2024-07-20T00:48:00+00:00,4213.04,1195.23,22,0,6,Sunday,0,1,22,EIN,en,Bank account opening,0
3bfa3856-cad1-4b84-8ea1-b8d899a11a02,synth_a90663fc2de5,itin,tabddpm_synthetic,,['en'],EIN,2024-03-07T20:26:00+00:00,100.0,0.0,22,20,6,Sunday,42,2000,15,EIN,en,Bank account opening,0
57347529-df4e-497d-9cd5-187cf9300736,synth_bbc40e651d38,itin,tabddpm_synthetic,,['en'],EIN,2024-06-07T00:15:00+00:00,100.0,13.38,22,0,6,Sunday,0,1,22,EIN,en,Bank account opening,0
050aecb1-8bd3-4674-879f-f0cc0698f259,synth_f78121719a0d,itin,tabddpm_synthetic,,['en'],EIN,2024-06-01T23:20:00+00:00,100000.0,50000.0,22,23,6,Sunday,0,1,100,EIN,en,Bank account opening,0
b2959ad4-0bfd-4bf9-b481-a533451af191,synth_8468d0e6a589,itin,tabddpm_synthetic,,['en'],EIN,2024-08-31T00:43:00+00:00,100.0,0.0,22,0,3,Thursday,0,1,7,EIN,en,Bank account opening,0
24a59301-3fff-4549-a66a-b980f347cf42,synth_53b80619338e,itin,tabddpm_synthetic,,['en'],EIN,2024-02-16T00:09:00+00:00,100000.0,50000.0,22,0,6,Sunday,0,1,100,EIN,en,Bank account opening,0
f1e2b17b-3370-473b-ab1b-8b4618d7a333,synth_60c31e0c1cd9,itin,tabddpm_synthetic,,['en'],EIN,2024-06-04T23:38:00+00:00,100000.0,50000.0,22,23,6,Sunday,0,1,100,EIN,en,Bank account opening,1
40ac8755-1ea8-4e4b-a77c-9abfce93a435,synth_874296e41ae3,itin,tabddpm_synthetic,,['en'],EIN,2024-09-30T00:02:00+00:00,100.0,511.5,55,0,6,Sunday,0,1,21,EIN,en,Bank account opening,0
7b697af4-db78-4f1a-a300-8356de179e3d,synth_07af25a2a93a,itin,tabddpm_synthetic,,['en'],EIN,2024-03-04T23:58:00+00:00,100.0,19742.77,55,23,0,Monday,90,2000,0,EIN,en,Bank account opening,0
556e74bc-c2c8-4aed-8a61-e998e438645c,synth_1d94ea2eaccc,itin,tabddpm_synthetic,,['en'],EIN,2024-05-24T00:32:00+00:00,3823.35,0.0,22,0,0,Monday,0,1,5,EIN,en,Bank account opening,0
85c4cc9b-3ab6-4dc5-964f-15f419a16488,synth_bdb5ea1f188c,itin,tabddpm_synthetic,,['en'],EIN,2024-07-10T23:11:00+00:00,963.02,0.0,25,23,5,Saturday,4,1656,15,EIN,en,Bank account opening,0
c8a42bf6-5755-42ad-952b-236cb29a82ff,synth_4f821c5aa85f,itin,tabddpm_synthetic,,['en'],EIN,2024-02-23T23:17:00+00:00,100.0,1855.62,55,23,0,Monday,90,2000,0,EIN,en,Bank account opening,0
5a5b58eb-7370-48f9-81bb-0b6698055d96,synth_4e4a7d3c88e8,itin,tabddpm_synthetic,,['en'],EIN,2024-01-25T00:07:00+00:00,800.13,0.0,55,0,6,Sunday,0,1006,0,EIN,en,Bank account opening,0
5433506a-995d-4062-83bb-8c127fe1058e,synth_ea3e9c70e8f4,itin,tabddpm_synthetic,,['en'],EIN,2024-10-23T00:48:00+00:00,100000.0,50000.0,22,0,0,Monday,90,1,100,EIN,en,Bank account opening,0
e69b2db3-a5aa-483f-8526-45c840b73742,synth_0344ad983500,itin,tabddpm_synthetic,,['en'],EIN,2024-12-15T23:04:00+00:00,100.0,0.0,22,23,6,Sunday,34,2000,7,EIN,en,Bank account opening,0
6435c613-6332-4878-95a2-3b679ba68942,synth_d936d88341c6,itin,tabddpm_synthetic,,['en'],EIN,2024-08-15T00:47:00+00:00,100.0,14419.6,22,0,6,Sunday,90,2000,0,EIN,en,Bank account opening,0
1432868a-c14a-4e04-8ead-1fcb2aa50fd4,synth_d7264005531e,itin,tabddpm_synthetic,,['en'],EIN,2024-05-23T20:45:00+00:00,100.0,973.67,47,20,4,Friday,90,2000,10,EIN,en,Bank account opening,0
a9e18b34-5e78-4d45-9d23-567fe583c136,synth_96d3263182e3,itin,tabddpm_synthetic,,['en'],EIN,2024-07-02T00:57:00+00:00,3611.07,188.16,22,0,0,Monday,0,1785,8,EIN,en,Bank account opening,0
b5d4d425-8559-4bb2-adb0-296c3eb8c4e2,synth_322a4edf183e,itin,tabddpm_synthetic,,['en'],EIN,2024-01-15T23:58:00+00:00,100.0,635.61,39,23,6,Sunday,62,2000,36,EIN,en,Bank account opening,0
57861ffd-4804-4641-b4d2-6d73103167d0,synth_4cc50ee93b6c,itin,tabddpm_synthetic,,['en'],EIN,2024-03-13T23:36:00+00:00,100000.0,35091.39,22,23,6,Sunday,0,1,100,EIN,en,Bank account opening,1
9b63cf8e-6cba-4742-bf54-34b83db495a8,synth_9b70714425b3,itin,tabddpm_synthetic,,['en'],EIN,2024-05-31T17:45:00+00:00,100000.0,50000.0,22,17,6,Sunday,0,1,100,EIN,en,Bank account opening,1
1e86e09a-03ef-4ade-b7c9-faa10f521d93,synth_a69b9b5596f4,itin,tabddpm_synthetic,,['en'],EIN,2024-04-05T11:16:00+00:00,100.0,59.7,22,11,6,Sunday,19,2000,9,EIN,en,Bank account opening,0
53f8350e-b389-4ea3-9911-dac850f7730a,synth_6b5b5896737d,itin,tabddpm_synthetic,,['en'],EIN,2024-07-22T12:51:00+00:00,100.0,0.0,22,12,6,Sunday,36,2000,16,EIN,en,Bank account opening,0
7e8ee0e2-4c9c-4486-a8d6-704520f45ba7,synth_96571eb7ae3f,itin,tabddpm_synthetic,,['en'],EIN,2024-05-31T23:17:00+00:00,100.0,5735.57,55,23,0,Monday,90,2000,0,EIN,en,Bank account opening,0
df6bd296-f1f3-4b30-b61a-2482adbaabc1,synth_071a3a92da7b,itin,tabddpm_synthetic,,['en'],EIN,2024-04-04T00:07:00+00:00,100.0,0.0,44,0,6,Sunday,0,1,32,EIN,en,Bank account opening,0
9524681b-d8ec-4977-bbb5-c2ff52481af6,synth_0d07d146272f,itin,tabddpm_synthetic,,['es'],EIN,2024-09-05T19:29:00+00:00,2611.29,191.47,35,19,6,Sunday,10,469,27,EIN,es,Bank account opening,0
fa4561dc-9fd4-4779-81ec-6ec7e1ab0a5a,synth_394701fe53ce,itin,tabddpm_synthetic,,['en'],EIN,2024-07-22T03:00:00+00:00,100.0,1394.5,22,3,6,Sunday,0,2000,100,EIN,en,Bank account opening,0
665e8f53-5b6e-49c6-93ac-a3ab5ddab27d,synth_68a287dcf8d6,itin,tabddpm_synthetic,,['en'],EIN,2024-09-10T23:51:00+00:00,87463.67,1814.49,22,23,0,Monday,0,1,100,EIN,en,Bank account opening,0
08496269-a27a-4862-84e9-b3290b8329b1,synth_6058e6e70610,itin,tabddpm_synthetic,,['en'],EIN,2024-05-13T00:12:00+00:00,61404.84,1273.09,22,0,6,Sunday,0,1,100,EIN,en,Bank account opening,0
5c199993-35a7-400b-97a3-22a82a549799,synth_f13c7a3a6cd3,itin,tabddpm_synthetic,,['en'],EIN,2024-02-04T00:44:00+00:00,36446.26,1756.59,22,0,6,Sunday,0,1,100,EIN,en,Bank account opening,0
bc729ea2-6d1e-4715-b671-be7d8eb78115,synth_87ab3eb1c681,itin,tabddpm_synthetic,,['en'],EIN,2024-03-20T00:31:00+00:00,100000.0,50000.0,22,0,6,Sunday,0,1,100,EIN,en,Bank account opening,0
8115baea-73fd-4430-868c-727d55cbb382,synth_dd23d77dac65,itin,tabddpm_synthetic,,['en'],ITIN,2024-05-10T16:50:00+00:00,100.0,116.25,22,16,1,Tuesday,10,2000,5,ITIN,en,Bank account opening,0
79704b7d-29ce-4788-a67a-41622c5d3e8c,synth_310a8d975602,itin,tabddpm_synthetic,,['en'],EIN,2024-02-11T07:56:00+00:00,37979.16,1343.82,22,7,5,Saturday,0,1,86,EIN,en,Bank account opening,0
655ed81c-3c1e-4e79-b073-242360171936,synth_ed12ec4ad6ee,itin,tabddpm_synthetic,,['en'],EIN,2024-07-19T00:02:00+00:00,43329.72,1361.3,22,0,3,Thursday,0,1,97,EIN,en,Bank account opening,0
b8fdecc4-2013-4c21-a664-fe6d371f4705,synth_ef1b041ead0e,itin,tabddpm_synthetic,,['en'],EIN,2024-08-04T12:33:00+00:00,100.0,8.78,33,12,6,Sunday,67,2000,11,EIN,en,Bank account opening,0
48a3b6cb-c9e3-4e9b-88a9-852baa6be12b,synth_55a4c4152ec9,itin,tabddpm_synthetic,,['en'],EIN,2024-12-27T23:02:00+00:00,100.0,0.0,22,23,6,Sunday,34,2000,32,EIN,en,Bank account opening,0
c10a8d62-4f36-42a9-a1ae-5fdd831e3ada,synth_ca8824b918ee,itin,tabddpm_synthetic,,['en'],EIN,2024-07-31T00:44:00+00:00,100000.0,6083.87,22,0,0,Monday,0,1,100,EIN,en,Bank account opening,1
c0da58b3-a254-4de9-a6f4-ee810677b6b9,synth_ae5e15470d5d,itin,tabddpm_synthetic,,['en'],EIN,2024-08-24T00:16:00+00:00,4643.94,225.93,30,0,2,Wednesday,0,1124,32,EIN,en,Bank account opening,0
b165894f-c1e8-4f88-9437-d7f93bc8b644,synth_c96fd4a1cd18,itin,tabddpm_synthetic,,['en'],EIN,2024-02-10T10:10:00+00:00,100.0,7346.41,55,10,0,Monday,90,2000,3,EIN,en,Bank account opening,0
f816e9e5-2c79-4ce9-bfaf-c782b96216b6,synth_a4428b5b8674,itin,tabddpm_synthetic,,['en'],EIN,2024-08-05T09:12:00+00:00,100.0,136.63,28,9,6,Sunday,43,2000,3,EIN,en,Bank account opening,0
58aaa142-8d53-4c0f-b1f1-d09a0a8c6e43,synth_97822f1ae783,itin,tabddpm_synthetic,,['en'],EIN,2024-06-10T23:35:00+00:00,100000.0,50000.0,22,23,6,Sunday,0,1,100,EIN,en,Bank account opening,0
60acb1cb-89ae-42b1-a78d-9747e3ba8094,synth_c6abf390e907,itin,tabddpm_synthetic,,['en'],EIN,2024-08-03T00:38:00+00:00,100000.0,50000.0,22,0,6,Sunday,0,1,100,EIN,en,Bank account opening,1
f7f2ba3f-479e-4f92-b779-c9d1e2e01a13,synth_f0bee8a3ba1c,itin,tabddpm_synthetic,,['en'],EIN,2024-05-28T00:48:00+00:00,100000.0,50000.0,22,0,0,Monday,90,1,100,EIN,en,Bank account opening,0
549f3c59-cd60-4906-a737-39b7b798c53d,synth_ba31e0e11e05,itin,tabddpm_synthetic,,['en'],EIN,2024-10-23T23:39:00+00:00,100.0,20069.51,55,23,0,Monday,90,1,98,EIN,en,Bank account opening,0
e78fbcdc-93f8-4827-bfcf-2088b692aaa4,synth_ce4b6d0b949f,itin,tabddpm_synthetic,,['en'],EIN,2024-06-29T23:58:00+00:00,100000.0,24284.31,22,23,6,Sunday,0,1,100,EIN,en,Bank account opening,0
f355d17f-f769-4d88-bbcc-158142a40cd9,synth_dbfaf6d70793,itin,tabddpm_synthetic,,['en'],EIN,2024-07-11T00:13:00+00:00,100000.0,50000.0,55,0,0,Monday,90,1,13,EIN,en,Bank account opening,0
51da5956-40f7-42b7-89fa-f457496b7e6e,synth_f146d09ae201,itin,tabddpm_synthetic,,['en'],EIN,2024-12-01T23:12:00+00:00,100000.0,50000.0,22,23,6,Sunday,0,1,100,EIN,en,Bank account opening,1
9defa3a2-7cf8-4036-9975-4dd89efa1a62,synth_5c83aa289b2c,itin,tabddpm_synthetic,,['en'],EIN,2024-02-26T23:22:00+00:00,6594.03,0.0,22,23,0,Monday,0,95,21,EIN,en,Bank account opening,0
30e9522b-456a-4ea9-9b55-5b4b11d31176,synth_0291687c1337,itin,tabddpm_synthetic,,['en'],EIN,2024-03-05T00:36:00+00:00,5460.31,0.0,22,0,0,Monday,0,866,8,EIN,en,Bank account opening,0
8a64ba80-6d7c-49d2-b3d8-0d444857a150,synth_45f6b0c80bb9,itin,tabddpm_synthetic,,['en'],EIN,2024-05-02T00:15:00+00:00,8112.78,186.82,22,0,6,Sunday,0,1,52,EIN,en,Bank account opening,0
df9a60cd-4ba9-47bd-9800-939a4cf48b9b,synth_1b23fafc5148,itin,tabddpm_synthetic,,['en'],EIN,2024-06-21T04:28:00+00:00,100.0,305.99,22,4,6,Sunday,65,2000,19,EIN,en,Bank account opening,0
b3dc5ba9-2eeb-4dac-a2ec-394d1b2b64cd,synth_9fd0a8d1a31d,itin,tabddpm_synthetic,,['en'],EIN,2024-11-21T23:27:00+00:00,100000.0,50000.0,55,23,0,Monday,90,1,100,EIN,en,Bank account opening,0
07b63331-11e6-48cb-8519-b1fc35f06c25,synth_35572da5abd3,itin,tabddpm_synthetic,,['en'],EIN,2024-04-12T09:49:00+00:00,100.0,17.1,34,9,2,Wednesday,2,1601,4,EIN,en,Bank account opening,0
985de860-9438-48c2-a63c-d69cab765c82,synth_fc6a5e0ee23b,itin,tabddpm_synthetic,,['en'],EIN,2024-05-09T12:35:00+00:00,100.0,1093.47,22,12,6,Sunday,90,2000,2,EIN,en,Bank account opening,0
f347eaa0-6e51-4b10-bf87-3571b9050ffe,synth_c3c48229547c,itin,tabddpm_synthetic,,['en'],EIN,2024-10-02T00:32:00+00:00,100.0,0.0,22,0,6,Sunday,0,1,0,EIN,en,Bank account opening,0
adb36d1c-65c0-43ed-8f1b-e8724f62c1f5,synth_01979c28857a,itin,tabddpm_synthetic,,['en'],EIN,2024-07-10T23:41:00+00:00,100000.0,2581.32,22,23,0,Monday,0,1,100,EIN,en,Bank account opening,0
245b6023-76e6-47fa-9442-eba66b135eb4,synth_8a470954aa2c,itin,tabddpm_synthetic,,['es'],EIN,2024-02-12T11:47:00+00:00,100.0,0.0,22,11,6,Sunday,15,2000,7,EIN,es,Bank account opening,0
71dc0687-d1f4-48d3-8613-1cfbf483659c,synth_c762813bc5c3,itin,tabddpm_synthetic,,['en'],EIN,2024-05-22T00:34:00+00:00,100.0,0.0,22,0,0,Monday,0,2000,0,EIN,en,Bank account opening,0
e31901b9-1a9a-42af-a519-3d36357fdf96,synth_ed7027b938a6,itin,tabddpm_synthetic,,['en'],EIN,2024-06-22T00:04:00+00:00,100.0,0.0,55,0,6,Sunday,0,1,0,EIN,en,Bank account opening,0
cc42bbd5-058d-4b8b-a023-07dad148221a,synth_cf1924e079fc,itin,tabddpm_synthetic,,['en'],EIN,2024-03-16T00:26:00+00:00,100.0,0.0,22,0,0,Monday,0,2000,0,EIN,en,Bank account opening,0
7b99b25f-59cd-4594-8ccf-cd97c2eede8c,synth_d5a2725e8f9f,itin,tabddpm_synthetic,,['en'],EIN,2024-09-20T00:00:00+00:00,100000.0,50000.0,22,0,6,Sunday,0,1,100,EIN,en,Bank account opening,0
357e62a2-3641-4e5f-80a2-1b85cbb34ca4,synth_ba0b6e0fb253,itin,tabddpm_synthetic,,['en'],EIN,2024-02-03T00:08:00+00:00,100.0,0.0,22,0,4,Friday,0,1143,6,EIN,en,Bank account opening,0
154910e1-e0d5-43cb-820d-097e6b76b691,synth_2f824d02e8c6,itin,tabddpm_synthetic,,['en'],EIN,2024-05-18T10:43:00+00:00,100.0,203.37,37,10,5,Saturday,34,2000,8,EIN,en,Bank account opening,0
3160e59a-bb6f-43e5-bc57-01a8333bc291,synth_dbea17155fa1,itin,tabddpm_synthetic,,['en'],EIN,2024-02-06T00:39:00+00:00,100.0,2.79,55,0,6,Sunday,0,825,0,EIN,en,Bank account opening,0
0fd181b8-b511-41e0-845c-ca7f0efa8406,synth_c2cd7fa3da47,itin,tabddpm_synthetic,,['en'],EIN,2024-06-10T00:12:00+00:00,100.0,51.93,22,0,6,Sunday,18,2000,25,EIN,en,Bank account opening,0
23a6bf8e-d9bd-404d-9532-96eaa595cb61,synth_f039a20096d3,itin,tabddpm_synthetic,,['en'],EIN,2024-07-28T23:31:00+00:00,100.0,618.82,55,23,4,Friday,90,2000,2,EIN,en,Bank account opening,0
f3ce6233-95f9-4939-86d0-ed600bb76a4c,synth_bb6f099c4b16,itin,tabddpm_synthetic,,['en'],EIN,2024-10-09T00:23:00+00:00,100.0,0.0,22,0,0,Monday,0,2000,4,EIN,en,Bank account opening,0
c9408743-ab6e-40a9-807d-72e0d7f41c1e,synth_fd483e8f257e,itin,tabddpm_synthetic,,['en'],EIN,2024-09-03T23:46:00+00:00,100.0,1086.05,55,23,0,Monday,90,2000,0,EIN,en,Bank account opening,0
c052f15b-7ea0-4ea3-bdf6-3df251ea6557,synth_a4d8a75508ea,itin,tabddpm_synthetic,,['en'],EIN,2024-12-09T23:31:00+00:00,100.0,16238.46,55,23,0,Monday,90,2000,0,EIN,en,Bank account opening,0
01491d20-75a7-4d3a-b3ed-b59aceab739a,synth_1e950b7e679d,itin,tabddpm_synthetic,,['en'],EIN,2024-09-01T23:53:00+00:00,100.0,0.0,22,23,6,Sunday,14,2000,0,EIN,en,Bank account opening,0
4dd0af63-2644-4a16-9238-d863dfb3f68f,synth_5a770d21ccdb,itin,tabddpm_synthetic,,['en'],EIN,2024-05-25T23:40:00+00:00,100.0,0.0,22,23,6,Sunday,12,2000,3,EIN,en,Bank account opening,0
84bb319d-b09a-46a8-aa6f-6743d04e600d,synth_ba59e9049de0,itin,tabddpm_synthetic,,['en'],EIN,2024-10-03T23:45:00+00:00,100.0,1395.59,55,23,0,Monday,90,2000,0,EIN,en,Bank account opening,0
0636b7bd-8fcf-402d-bb3f-802e3be3972d,synth_a8dfb753a5d2,itin,tabddpm_synthetic,,['en'],EIN,2024-08-27T14:52:00+00:00,100.0,0.0,22,14,6,Sunday,33,2000,8,EIN,en,Bank account opening,0
d3115f55-a725-4763-a408-a043d45e68d3,synth_9ee3329126c9,itin,tabddpm_synthetic,,['en'],EIN,2024-06-11T23:20:00+00:00,100.0,9532.64,55,23,0,Monday,90,2000,64,EIN,en,Bank account opening,0
4d0fb9e6-6ee3-47ee-91c2-6f31d0d07792,synth_c89e6e465107,itin,tabddpm_synthetic,,['es'],EIN,2024-12-04T12:07:00+00:00,7934.27,166.95,22,12,0,Monday,16,1,16,EIN,es,Bank account opening,0
d01f2767-ef57-42f6-aee4-c3f8dbab4961,synth_c61fdf52de16,itin,tabddpm_synthetic,,['en'],EIN,2024-12-01T22:13:00+00:00,100.0,0.0,22,22,6,Sunday,24,2000,1,EIN,en,Bank account opening,0
d96d1c3c-d6d9-45c6-90ed-678d054acf84,synth_28080a8cc753,itin,tabddpm_synthetic,,['en'],EIN,2024-02-23T23:50:00+00:00,100.0,7096.52,55,23,0,Monday,90,1,100,EIN,en,Bank account opening,0
9b8c406f-971f-4aa0-b3b0-e317dcd2b539,synth_37f50659fc0c,itin,tabddpm_synthetic,,['en'],EIN,2024-09-19T23:02:00+00:00,100000.0,50000.0,22,23,6,Sunday,0,1,100,EIN,en,Bank account opening,0
d680df57-ce3a-460b-ac59-96841ad1f010,synth_183423d74c54,itin,tabddpm_synthetic,,['en'],EIN,2024-03-03T01:18:00+00:00,100.0,0.0,23,1,6,Sunday,17,1972,41,EIN,en,Bank account opening,0
d84351a1-23e9-4e13-a294-55ce56df8815,synth_6e9557bd67d4,itin,tabddpm_synthetic,,['en'],EIN,2024-05-24T23:11:00+00:00,100000.0,23913.29,22,23,6,Sunday,0,1,100,EIN,en,Bank account opening,0
b0813643-59e9-4c5a-a6d0-9ee4429614f6,synth_8d67920b65bb,itin,tabddpm_synthetic,,['en'],EIN,2024-04-10T00:42:00+00:00,100.0,2776.89,55,0,6,Sunday,90,2000,0,EIN,en,Bank account opening,0
d31ec582-7676-4951-a3c5-f8e5f7bff25e,synth_86b3e48af9dc,itin,tabddpm_synthetic,,['en'],EIN,2024-11-13T23:28:00+00:00,12972.73,239.13,36,23,0,Monday,4,1,17,EIN,en,Bank account opening,0
eeba7e63-9ffc-435a-863d-32ddaf5f2baf,synth_352452987b75,itin,tabddpm_synthetic,,['en'],EIN,2024-01-09T23:51:00+00:00,100.0,0.0,22,23,6,Sunday,0,738,8,EIN,en,Bank account opening,0
9e5392da-5107-4de6-b8d9-7b7378e1ed53,synth_aad255341707,itin,tabddpm_synthetic,,['en'],EIN,2024-01-26T23:30:00+00:00,100.0,8087.39,55,23,0,Monday,90,2000,0,EIN,en,Bank account opening,0
043e741c-8b84-4726-850e-6c94f2be6492,synth_97dc8e169d49,itin,tabddpm_synthetic,,['en'],EIN,2024-01-22T12:54:00+00:00,100.0,222.02,22,12,6,Sunday,54,2000,9,EIN,en,Bank account opening,0
0f3b8883-2fb9-4dd3-acd0-25bd6350d5ee,synth_2b1950e5c290,itin,tabddpm_synthetic,,['en'],EIN,2024-12-09T23:23:00+00:00,100.0,1534.36,55,23,0,Monday,90,2000,0,EIN,en,Bank account opening,0
1fd8868c-5b72-4863-b92e-80ef732107ef,synth_8ae95b4bee01,itin,tabddpm_synthetic,,['en'],EIN,2024-08-31T23:31:00+00:00,100.0,5697.91,55,23,0,Monday,90,2000,0,EIN,en,Bank account opening,0
3471b24f-56df-417d-bc46-35e1f15ee710,synth_05194e3a352e,itin,tabddpm_synthetic,,['en'],EIN,2024-08-26T00:35:00+00:00,100.0,0.0,22,0,0,Monday,0,1,0,EIN,en,Bank account opening,0
1ce19a7a-c8e0-4315-9ecd-24914ff7fc40,synth_e9b8e073c618,itin,tabddpm_synthetic,,['en'],EIN,2024-05-15T00:04:00+00:00,4522.04,0.0,55,0,6,Sunday,0,207,0,EIN,en,Bank account opening,0
0506c077-b34c-4fd6-bb51-861e97c01fec,synth_c485b4acdf86,itin,tabddpm_synthetic,,['en'],EIN,2024-08-03T23:11:00+00:00,100.0,2427.76,55,23,0,Monday,90,1,0,EIN,en,Bank account opening,0
94e6b764-5f1f-446a-9bf4-08c0ea234ca0,synth_e9e32e27d967,itin,tabddpm_synthetic,,['en'],EIN,2024-10-11T00:49:00+00:00,9710.37,430.14,22,0,6,Sunday,0,1,36,EIN,en,Bank account opening,0
102ba356-801b-437d-abd7-ca2f2c7c7a23,synth_b3e563640744,itin,tabddpm_synthetic,,['en'],EIN,2024-06-21T23:32:00+00:00,100000.0,19550.59,22,23,6,Sunday,0,1,100,EIN,en,Bank account opening,0
669fbb18-e71d-40a3-aeb8-08626e491af8,synth_7fadf7225602,itin,tabddpm_synthetic,,['en'],EIN,2024-10-29T00:37:00+00:00,100000.0,50000.0,22,0,0,Monday,90,1,43,EIN,en,Bank account opening,0
489d967a-f89d-4f6a-872c-97323e7f511b,synth_40829dd6085c,itin,tabddpm_synthetic,,['en'],EIN,2024-09-10T23:22:00+00:00,1653.21,101.29,22,23,6,Sunday,0,1592,17,EIN,en,Bank account opening,0
ee79c6fa-0301-4eff-949b-e8104457fc9b,synth_bbd35a7d6c48,itin,tabddpm_synthetic,,['en'],EIN,2024-12-24T00:26:00+00:00,31803.81,1514.44,22,0,6,Sunday,0,1,100,EIN,en,Bank account opening,0
de994bc1-d94b-4a8e-8a50-426461912509,synth_2baf79aa1ad7,itin,tabddpm_synthetic,,['en'],EIN,2024-07-26T00:12:00+00:00,3021.43,0.0,55,0,6,Sunday,0,1,0,EIN,en,Bank account opening,0
fbb5338f-dd52-4f23-aab1-f270f26793c2,synth_1719ec572cfa,itin,tabddpm_synthetic,,['en'],EIN,2024-09-18T00:49:00+00:00,100000.0,50000.0,22,0,6,Sunday,0,1,100,EIN,en,Bank account opening,0
5e150dad-64fa-43de-913a-283e82de7797,synth_cb5714dfc433,itin,tabddpm_synthetic,,['en'],EIN,2024-11-17T23:48:00+00:00,100.0,0.0,22,23,6,Sunday,20,2000,2,EIN,en,Bank account opening,0
d6d09295-1341-40c6-92c1-b552ae122e7d,synth_4db5fa3cfe67,itin,tabddpm_synthetic,,['en'],EIN,2024-10-08T23:48:00+00:00,100.0,5255.96,55,23,0,Monday,90,2000,50,EIN,en,Bank account opening,0
77d05b75-bfff-49d1-ad4d-800507a8b59a,synth_716f18c3031e,itin,tabddpm_synthetic,,['es'],EIN,2024-03-13T15:38:00+00:00,887.56,64.47,45,15,0,Monday,0,861,14,EIN,es,Bank account opening,0
e4412396-a42f-45d3-8147-3c3974d7657a,synth_5348fb203335,itin,tabddpm_synthetic,,['en'],EIN,2024-06-12T23:36:00+00:00,100.0,5578.3,55,23,0,Monday,90,2000,0,EIN,en,Bank account opening,0
60eda3c0-a2b9-4c6e-b906-a1b9ff9039a1,synth_bf2151d33e6b,itin,tabddpm_synthetic,,['en'],EIN,2024-10-24T23:38:00+00:00,100000.0,50000.0,22,23,6,Sunday,90,1,100,EIN,en,Bank account opening,1
2aac308c-cbe9-496a-8230-f060681857a9,synth_479bd6b39338,itin,tabddpm_synthetic,,['en'],EIN,2024-08-12T23:02:00+00:00,100.0,44186.64,55,23,0,Monday,90,2000,0,EIN,en,Bank account opening,0
993ac2f2-5fb9-4c9c-8cf4-401161ac23de,synth_ee254e5a9f1f,itin,tabddpm_synthetic,,['en'],EIN,2024-04-30T22:30:00+00:00,100.0,0.0,22,22,6,Sunday,8,2000,7,EIN,en,Bank account opening,0
594d1460-c132-47c2-80da-fd8c6e31f97b,synth_dd2d38f5589e,itin,tabddpm_synthetic,,['en'],EIN,2024-04-05T22:44:00+00:00,100.0,0.0,22,22,6,Sunday,33,2000,9,EIN,en,Bank account opening,0
227074ea-9f31-4018-b961-1d6df38ea232,synth_a4fc14446f33,itin,tabddpm_synthetic,,['en'],EIN,2024-04-18T23:49:00+00:00,100.0,318.89,22,23,6,Sunday,0,2000,40,EIN,en,Bank account opening,1
d84d21f7-1144-437f-8dfe-9fccce3b5bbf,synth_3c65da5462cb,itin,tabddpm_synthetic,,['en'],EIN,2024-11-19T00:26:00+00:00,100000.0,50000.0,22,0,0,Monday,0,1,100,EIN,en,Bank account opening,1
4f19faac-59f0-4298-9352-9153e123a1f3,synth_cf0fd31fec84,itin,tabddpm_synthetic,,['en'],EIN,2024-08-11T00:41:00+00:00,100.0,0.0,22,0,0,Monday,0,191,6,EIN,en,Bank account opening,0
6a3e51b8-2e81-46b0-a15e-7814c57f36a2,synth_6f611baa3d71,itin,tabddpm_synthetic,,['en'],EIN,2024-09-06T01:13:00+00:00,100.0,381.98,22,1,6,Sunday,42,2000,24,EIN,en,Bank account opening,0
2f252d78-ac70-4083-9538-6a52945b7b2a,synth_f8f708267e36,itin,tabddpm_synthetic,,['en'],EIN,2024-04-02T11:39:00+00:00,100.0,1932.52,22,11,6,Sunday,90,2000,23,EIN,en,Bank account opening,0
1c43bac1-9410-4cce-a331-46619068b252,synth_1a1457a9ade1,itin,tabddpm_synthetic,,['en'],EIN,2024-06-16T23:12:00+00:00,100.0,1512.67,55,23,0,Monday,90,2000,0,EIN,en,Bank account opening,0
4cb4339d-8cc2-4dcc-b504-ddf7cd4626bc,synth_b2053d6712ed,itin,tabddpm_synthetic,,['en'],EIN,2024-10-31T23:27:00+00:00,60190.59,994.41,22,23,6,Sunday,0,1,100,EIN,en,Bank account opening,0
27442695-a978-4d39-899a-0e7d30252d18,synth_c4fd282dbed1,itin,tabddpm_synthetic,,['en'],EIN,2024-02-28T01:31:00+00:00,100.0,1496.9,55,1,6,Sunday,90,685,11,EIN,en,Bank account opening,0
335b3c21-dff4-4bc7-96a4-7a52e1552976,synth_de6a2ade70dc,itin,tabddpm_synthetic,,['en'],EIN,2024-08-20T23:31:00+00:00,100.0,4445.5,55,23,0,Monday,90,2000,11,EIN,en,Bank account opening,0
df793cda-7e05-459c-a82f-fa89c6ad3277,synth_6f193ed1039d,itin,tabddpm_synthetic,,['en'],EIN,2024-01-17T00:13:00+00:00,100.0,264.06,22,0,6,Sunday,2,2000,20,EIN,en,Bank account opening,0
30caf9ca-3351-4223-a396-8132691dc068,synth_3ed0b0096b48,itin,tabddpm_synthetic,,['en'],EIN,2024-04-16T00:40:00+00:00,3048.7,0.0,22,0,1,Tuesday,0,1,6,EIN,en,Bank account opening,0
a9d4deaf-5d45-4531-9de5-4436d3841dfb,synth_106df7ad20dd,itin,tabddpm_synthetic,,['en'],EIN,2024-11-22T00:07:00+00:00,100000.0,50000.0,22,0,0,Monday,0,1,100,EIN,en,Bank account opening,0
158b3ecc-cbfa-4b54-b4ae-5bbe4d4e245c,synth_bb6bfeaf0ca0,itin,tabddpm_synthetic,,['en'],EIN,2024-03-07T00:23:00+00:00,100000.0,50000.0,22,0,6,Sunday,0,1,100,EIN,en,Bank account opening,0
97baf906-021f-4c8f-aa42-7c72d1d4b464,synth_cb0af51126b6,itin,tabddpm_synthetic,,['en'],EIN,2024-12-10T06:52:00+00:00,100.0,66.63,22,6,1,Tuesday,7,2000,13,EIN,en,Bank account opening,0
0c9e91b4-549f-46bc-9b8f-6e681f1b0f4f,synth_acee1f6501a5,itin,tabddpm_synthetic,,['en'],EIN,2024-10-25T00:21:00+00:00,100.0,63.9,44,0,6,Sunday,0,2000,0,EIN,en,Bank account opening,0
7b252cde-7a8d-43b0-bdb3-4744a2c1a626,synth_ce252cdec7f1,itin,tabddpm_synthetic,,['es'],EIN,2024-10-26T13:15:00+00:00,100.0,0.0,53,13,4,Friday,36,1989,4,EIN,es,Bank account opening,0
5725724b-f96c-46c4-bd47-915a534358fc,synth_c38df18ecd7a,itin,tabddpm_synthetic,,['en'],EIN,2024-07-06T23:34:00+00:00,100.0,6879.27,55,23,0,Monday,90,2000,13,EIN,en,Bank account opening,0
9e1abdda-54e7-4c9e-b780-a049b7b1ac6b,synth_d28959c0eeb4,itin,tabddpm_synthetic,,['en'],EIN,2024-04-23T00:02:00+00:00,100000.0,50000.0,22,0,0,Monday,90,1,100,EIN,en,Bank account opening,0
9d2c636d-4c76-4a50-8fef-75983b869b8b,synth_49c862a64348,itin,tabddpm_synthetic,,['en'],EIN,2024-11-21T12:37:00+00:00,1859.63,0.0,32,12,0,Monday,2,2000,7,EIN,en,Bank account opening,0
8aed2298-cae0-40b7-be87-f3b9da8a073b,synth_e76dbb3f63c9,itin,tabddpm_synthetic,,['en'],EIN,2024-06-20T00:06:00+00:00,100000.0,50000.0,22,0,6,Sunday,0,1,100,EIN,en,Bank account opening,0
6d54f853-1108-40d2-a30a-0c52b187bba0,synth_4bc063f74ed7,itin,tabddpm_synthetic,,['en'],EIN,2024-03-05T20:20:00+00:00,100.0,0.0,22,20,6,Sunday,11,2000,12,EIN,en,Bank account opening,0
1585b679-7ca3-422a-97ea-8be24d4cb001,synth_bb716f34f03b,itin,tabddpm_synthetic,,['en'],EIN,2024-02-01T00:16:00+00:00,100.0,0.0,53,0,6,Sunday,0,1,0,EIN,en,Bank account opening,1
707ab9e7-23cd-4c45-8f7b-25273e7d5163,synth_4758423ec4c3,itin,tabddpm_synthetic,,['en'],EIN,2024-06-12T00:26:00+00:00,100.0,11503.94,22,0,6,Sunday,90,2000,0,EIN,en,Bank account opening,0
eb449de3-d7fa-45cf-b344-ffd91339ce9d,synth_fbc74fb881e7,itin,tabddpm_synthetic,,['en'],EIN,2024-12-18T13:46:00+00:00,100.0,2205.62,55,13,0,Monday,90,2000,0,EIN,en,Bank account opening,0
c49740e7-0887-4865-9266-3e03a3a17adf,synth_f1aea94d53db,itin,tabddpm_synthetic,,['en'],EIN,2024-02-01T23:08:00+00:00,100.0,12553.5,55,23,0,Monday,90,2000,0,EIN,en,Bank account opening,0
4367850b-4f1a-492e-8f4f-7ecbbfe46a9e,synth_f3ca98fe00f7,itin,tabddpm_synthetic,,['en'],EIN,2024-03-19T00:12:00+00:00,100000.0,50000.0,22,0,0,Monday,90,1,100,EIN,en,Bank account opening,0
184c7b2b-d1da-49d7-a7e5-82754b52e695,synth_076c3ec89984,itin,tabddpm_synthetic,,['en'],EIN,2024-11-02T23:29:00+00:00,100.0,0.0,22,23,6,Sunday,22,2000,9,EIN,en,Bank account opening,0
fba8aeca-d543-4861-88b6-84fbf23c1c53,synth_adc22f2017a9,itin,tabddpm_synthetic,,['en'],EIN,2024-01-29T00:43:00+00:00,5526.88,0.0,22,0,0,Monday,0,1,15,EIN,en,Bank account opening,0
03c3bfcd-2a1b-4bf2-9667-48c20d734c5d,synth_388a73a1d078,itin,tabddpm_synthetic,,['en'],EIN,2024-01-12T23:11:00+00:00,100000.0,20719.28,22,23,6,Sunday,0,1,100,EIN,en,Bank account opening,0
85d7159d-7c35-49fc-a3a6-9270f75c90f3,synth_6afff9f26285,itin,tabddpm_synthetic,,['en'],EIN,2024-09-19T00:42:00+00:00,100000.0,6399.01,22,0,0,Monday,0,1,64,EIN,en,Bank account opening,0
cf1011f7-1d3e-4c8e-bfd8-d5b19fcc9a06,synth_7f71e0d21d36,itin,tabddpm_synthetic,,['en'],EIN,2024-04-22T23:17:00+00:00,100000.0,50000.0,22,23,6,Sunday,0,1,100,EIN,en,Bank account opening,0
f7533f5a-74ee-466c-933a-7c3dc570b481,synth_dda5328a1c63,itin,tabddpm_synthetic,,['en'],EIN,2024-07-20T00:58:00+00:00,100.0,67.72,22,0,6,Sunday,18,2000,39,EIN,en,Bank account opening,0
cc6f090f-e942-4c64-bdc0-e24048195059,synth_92dc2fe5ba3e,itin,tabddpm_synthetic,,['en'],EIN,2024-07-09T00:45:00+00:00,100000.0,50000.0,22,0,6,Sunday,0,1,100,EIN,en,Bank account opening,1
34c0fa49-deff-4764-a0bb-a807ba2c18dd,synth_9184c8a3b529,itin,tabddpm_synthetic,,['en'],EIN,2024-11-04T00:07:00+00:00,100.0,0.0,22,0,1,Tuesday,0,1104,2,EIN,en,Bank account opening,0
aa5d593f-86a5-4833-8463-ea9c6d6c429f,synth_57f31081b105,itin,tabddpm_synthetic,,['en'],EIN,2024-12-17T23:11:00+00:00,100000.0,50000.0,22,23,6,Sunday,0,1,100,EIN,en,Bank account opening,0
657f093b-3ec0-4690-939f-91b2384c2a1e,synth_a8e408bc28ca,itin,tabddpm_synthetic,,['en'],EIN,2024-10-28T23:12:00+00:00,100.0,15985.61,55,23,0,Monday,90,2000,0,EIN,en,Bank account opening,0
2b25aee4-69a1-49e8-af92-eac696f51565,synth_84dfe436680d,itin,tabddpm_synthetic,,['en'],EIN,2024-09-23T13:21:00+00:00,100.0,97.45,22,13,5,Saturday,38,2000,6,EIN,en,Bank account opening,0
2cd3a0ae-aaf0-495d-a2bf-0b58ed7d4a5e,synth_e7205df73a57,itin,tabddpm_synthetic,,['es'],EIN,2024-03-24T15:15:00+00:00,100.0,0.0,22,15,6,Sunday,19,2000,8,EIN,es,Bank account opening,0
78ffd0e7-6fb2-4b18-9d3a-471b1e3e864f,synth_0ccdb22a7a39,itin,tabddpm_synthetic,,['en'],EIN,2024-01-15T20:15:00+00:00,100.0,0.0,22,20,2,Wednesday,4,2000,3,EIN,en,Bank account opening,0
26b68d9a-baa4-4c25-858e-eec4789e2831,synth_214f94c50f08,itin,tabddpm_synthetic,,['en'],EIN,2024-12-24T10:18:00+00:00,647.43,38.97,39,10,2,Wednesday,0,2000,5,EIN,en,Bank account opening,0
04316eda-0fa7-44b9-9e22-d3837f5b0fea,synth_fc298d11bf39,itin,tabddpm_synthetic,,['en'],EIN,2024-09-18T23:58:00+00:00,100000.0,49493.53,22,23,6,Sunday,0,1,100,EIN,en,Bank account opening,1
f43da0ae-00be-495e-b6bf-5f03e99ca6f4,synth_b0c58d27f323,itin,tabddpm_synthetic,,['en'],EIN,2024-07-12T23:08:00+00:00,100.0,0.0,22,23,6,Sunday,0,2000,45,EIN,en,Bank account opening,1
93042e69-6240-427c-afe3-fffe0e09ef17,synth_a4f73f00ea82,itin,tabddpm_synthetic,,['en'],EIN,2024-10-25T23:46:00+00:00,100.0,50000.0,55,23,0,Monday,90,2000,0,EIN,en,Bank account opening,0
5ffd8b6f-410e-4aa6-b814-b8daf0a02e18,synth_114c1ac83b31,itin,tabddpm_synthetic,,['en'],ITIN,2024-08-26T09:35:00+00:00,100.0,269.22,55,9,3,Thursday,90,961,2,ITIN,en,Bank account opening,0
d2620a91-dfcd-4c2a-b5b7-d90f07ca2050,synth_11d770d36093,itin,tabddpm_synthetic,,['en'],EIN,2024-11-04T00:12:00+00:00,100000.0,50000.0,22,0,6,Sunday,0,1,100,EIN,en,Bank account opening,0
97d2f194-fcb6-44b7-b630-9a666abe956b,synth_b7d88a0ef9bc,itin,tabddpm_synthetic,,['en'],EIN,2024-03-12T00:48:00+00:00,100000.0,50000.0,22,0,0,Monday,0,1,97,EIN,en,Bank account opening,0
ee1fea3a-9478-490a-8674-81738a499eaa,synth_54edc871e286,itin,tabddpm_synthetic,,['en'],EIN,2024-12-03T09:42:00+00:00,3032.62,305.12,22,9,2,Wednesday,0,1,30,EIN,en,Bank account opening,0
7f49bd14-48f9-41ba-8112-39e5e7f547aa,synth_044eb7cfaa91,itin,tabddpm_synthetic,,['en'],EIN,2024-05-27T23:34:00+00:00,100000.0,50000.0,22,23,6,Sunday,0,1,100,EIN,en,Bank account opening,0
b13c5847-063f-4934-85b1-92f98cdccbb9,synth_c415a3985826,itin,tabddpm_synthetic,,['en'],EIN,2024-02-28T09:51:00+00:00,100.0,452.45,32,9,6,Sunday,1,2000,12,EIN,en,Bank account opening,0
d3c14717-039c-4807-a5f5-ffb70138ef51,synth_6d475d7bc113,itin,tabddpm_synthetic,,['en'],EIN,2024-07-07T00:24:00+00:00,100.0,6437.09,55,0,0,Monday,90,1,0,EIN,en,Bank account opening,0
04620104-7e00-4c42-a260-265dd79bbf24,synth_ab19faaa4ac9,itin,tabddpm_synthetic,,['en'],EIN,2024-11-04T23:59:00+00:00,100.0,971.59,55,23,0,Monday,90,783,5,EIN,en,Bank account opening,0
8efe734f-e577-4ec5-b55c-12a94f97ca4a,synth_b232cfe30559,itin,tabddpm_synthetic,,['en'],EIN,2024-04-23T00:27:00+00:00,100.0,2034.96,55,0,0,Monday,90,2000,32,EIN,en,Bank account opening,0
a8033bd5-f9f5-4d11-9681-5d22982e746c,synth_b4025a6e64d1,itin,tabddpm_synthetic,,['en'],EIN,2024-07-31T23:47:00+00:00,100000.0,50000.0,22,23,6,Sunday,0,1,100,EIN,en,Bank account opening,0
73514ebd-37be-483f-ae51-0806b7b07bcc,synth_37aede412ffe,itin,tabddpm_synthetic,,['en'],EIN,2024-10-31T11:38:00+00:00,100.0,68.08,22,11,3,Thursday,30,2000,12,EIN,en,Bank account opening,0
cad31293-883a-4f76-8da0-d55492d2c485,synth_c0c4da6a942a,itin,tabddpm_synthetic,,['en'],EIN,2024-11-30T20:39:00+00:00,100.0,0.0,22,20,6,Sunday,30,2000,5,EIN,en,Bank account opening,0
a187c439-7be2-405a-99dc-8f462e0366d9,synth_146d528c0692,itin,tabddpm_synthetic,,['en'],EIN,2024-04-22T00:56:00+00:00,100.0,0.0,22,0,6,Sunday,0,1,0,EIN,en,Bank account opening,0
e74c4f5e-18d2-46a0-920c-f0b6c663bb9e,synth_a678da7774ae,itin,tabddpm_synthetic,,['en'],EIN,2024-05-22T06:58:00+00:00,100.0,338.6,55,6,0,Monday,90,1,8,EIN,en,Bank account opening,0
6df3df3e-823c-49f9-bf97-f755d1d0474e,synth_c7b3401fcc72,itin,tabddpm_synthetic,,['en'],EIN,2024-05-16T23:15:00+00:00,100000.0,50000.0,22,23,6,Sunday,0,1,100,EIN,en,Bank account opening,1
8b9f372f-37f3-4108-bb65-2ab9a497f667,synth_f5f0e61ed170,itin,tabddpm_synthetic,,['en'],EIN,2024-06-03T23:32:00+00:00,100000.0,33171.75,22,23,6,Sunday,0,1,100,EIN,en,Bank account opening,1
1ff8fe7b-6184-44a2-b31b-2a8a4a3e34a8,synth_7af3215eec47,itin,tabddpm_synthetic,,['en'],EIN,2024-11-01T00:50:00+00:00,100000.0,50000.0,22,0,6,Sunday,0,1,100,EIN,en,Bank account opening,0
54529bf9-7727-40d2-94af-c9992ce21aac,synth_fc496feffe44,itin,tabddpm_synthetic,,['en'],EIN,2024-07-08T23:59:00+00:00,100000.0,24072.66,22,23,6,Sunday,0,1,100,EIN,en,Bank account opening,0
85bf587f-6b0a-41b7-a04a-3ae4ae54db10,synth_11f12a1e60cf,itin,tabddpm_synthetic,,['en'],EIN,2024-06-27T00:08:00+00:00,100000.0,50000.0,55,0,6,Sunday,90,1,100,EIN,en,Bank account opening,0
f35f631c-831e-4e89-9d99-56638741fbfe,synth_6c478e2193de,itin,tabddpm_synthetic,,['en'],EIN,2024-03-09T00:10:00+00:00,100000.0,50000.0,22,0,6,Sunday,90,1,4,EIN,en,Bank account opening,0
17702b00-217a-49f8-9636-24eea4073364,synth_3ae6b4cc0c3b,itin,tabddpm_synthetic,,['en'],EIN,2024-08-16T23:52:00+00:00,100.0,531.52,55,23,1,Tuesday,90,2000,20,EIN,en,Bank account opening,0
f2884dd6-d5d4-43f9-a80f-b36c3dbcf8d3,synth_8a3243d14533,itin,tabddpm_synthetic,,['en'],EIN,2024-06-20T09:38:00+00:00,100.0,331.29,30,9,6,Sunday,14,2000,7,EIN,en,Bank account opening,0
ba90d295-13c9-42ca-abed-19c3772b65db,synth_c1c436a7ceeb,itin,tabddpm_synthetic,,['en'],EIN,2024-01-06T23:29:00+00:00,100000.0,16825.84,22,23,3,Thursday,0,1,100,EIN,en,Bank account opening,0
4584b26e-b931-4c74-9744-942cb6be6d93,synth_fd91a68f8049,itin,tabddpm_synthetic,,['en'],EIN,2024-02-22T00:11:00+00:00,100.0,0.0,22,0,6,Sunday,0,1,0,EIN,en,Bank account opening,0
3dc75636-42d4-45f2-8d1c-e36df5c56007,synth_95dd7205741e,itin,tabddpm_synthetic,,['en'],EIN,2024-09-03T13:02:00+00:00,100.0,4752.01,55,13,0,Monday,90,2000,0,EIN,en,Bank account opening,0
75f12f7e-f2dc-4d84-b927-6222ff049cc0,synth_6f0eda14b198,itin,tabddpm_synthetic,,['en'],EIN,2024-12-23T22:10:00+00:00,100.0,126.55,22,22,6,Sunday,8,2000,16,EIN,en,Bank account opening,0
332ac5af-6fe4-41d7-9468-706424e02d0b,synth_8eae7fbd7755,itin,tabddpm_synthetic,,['en'],EIN,2024-10-26T14:34:00+00:00,100.0,388.22,35,14,3,Thursday,0,616,18,EIN,en,Bank account opening,0
eaf3b892-c86c-4fbb-b7a1-3f77f3336d0e,synth_a367462a78b0,itin,tabddpm_synthetic,,['en'],EIN,2024-03-14T00:29:00+00:00,100000.0,8065.66,22,0,0,Monday,0,1,19,EIN,en,Bank account opening,0
337ed6ae-593e-465e-ab40-216cc15bab03,synth_13f41affeaee,itin,tabddpm_synthetic,,['en'],EIN,2024-03-22T09:03:00+00:00,100.0,0.0,22,9,6,Sunday,19,2000,5,EIN,en,Bank account opening,0
5d09e68c-0532-4fab-829b-f4ebab4fe29c,synth_691de65b7625,itin,tabddpm_synthetic,,['en'],EIN,2024-09-06T23:42:00+00:00,100000.0,50000.0,22,23,6,Sunday,0,1,100,EIN,en,Bank account opening,1
709976e6-17b3-4967-bde1-add28a7e354e,synth_2e0f7601a5cb,itin,tabddpm_synthetic,,['en'],EIN,2024-06-16T00:27:00+00:00,100000.0,4434.62,22,0,0,Monday,0,1,100,EIN,en,Bank account opening,1
4fe18510-addd-4620-8ace-09b8efdeed36,synth_f10c565b0087,itin,tabddpm_synthetic,,['en'],EIN,2024-11-28T00:35:00+00:00,100000.0,33180.38,55,0,6,Sunday,0,2000,14,EIN,en,Bank account opening,0
7e754ebf-3a81-4de5-9977-3ae443729a6f,synth_55746429cba4,itin,tabddpm_synthetic,,['en'],EIN,2024-10-06T00:19:00+00:00,100.0,0.0,22,0,3,Thursday,0,1,3,EIN,en,Bank account opening,0
54637cc9-6f1c-4b6b-93e1-760b7777a5ef,synth_452a9a148b85,itin,tabddpm_synthetic,,['en'],EIN,2024-02-17T00:07:00+00:00,100000.0,6123.38,22,0,6,Sunday,0,1,100,EIN,en,Bank account opening,0
23280a29-f16a-4bdc-b7e6-38cffe9d5258,synth_21a98a5f9713,itin,tabddpm_synthetic,,['en'],EIN,2024-09-19T23:22:00+00:00,100.0,1704.75,55,23,0,Monday,90,2000,0,EIN,en,Bank account opening,0
6a43831b-875d-459f-9ff3-8ec8658b2c59,synth_f0f412086a8f,itin,tabddpm_synthetic,,['en'],EIN,2024-11-23T00:41:00+00:00,100.0,0.0,55,0,6,Sunday,0,1,49,EIN,en,Bank account opening,0
43579739-fc49-4353-9f5c-fe191d562402,synth_42006678848f,itin,tabddpm_synthetic,,['es'],EIN,2024-04-15T20:03:00+00:00,100.0,0.0,22,20,6,Sunday,17,2000,8,EIN,es,Bank account opening,0
58c07e01-68d7-42a5-8daa-621961603e4d,synth_45f99d19dec8,itin,tabddpm_synthetic,,['en'],EIN,2024-01-22T00:00:00+00:00,100.0,190.67,22,0,6,Sunday,0,1,0,EIN,en,Bank account opening,0
8b2832b0-f6d6-4d63-a961-3b2c1d9f5413,synth_dea4016ef0a4,itin,tabddpm_synthetic,,['es'],EIN,2024-12-11T11:10:00+00:00,100.0,13.7,22,11,5,Saturday,23,2000,7,EIN,es,Bank account opening,0
e98e5572-d65e-4f1a-885d-94214043ea86,synth_fa67a68a1ce9,itin,tabddpm_synthetic,,['en'],EIN,2024-05-23T23:44:00+00:00,100000.0,50000.0,22,23,6,Sunday,0,1,100,EIN,en,Bank account opening,1
b274073c-5b0a-47c0-b970-3ed741ae6fc9,synth_1a9e765f0d88,itin,tabddpm_synthetic,,['en'],EIN,2024-04-14T00:57:00+00:00,100.0,0.0,22,0,5,Saturday,0,1830,3,EIN,en,Bank account opening,0
520378eb-53fa-4507-bbba-c5ac21ad9247,synth_9da827e76815,itin,tabddpm_synthetic,,['en'],EIN,2024-05-24T23:14:00+00:00,100.0,1447.12,55,23,6,Sunday,90,2000,0,EIN,en,Bank account opening,0
b584d3c6-834c-458b-87c4-bb48407426b3,synth_e9e0155a358c,itin,tabddpm_synthetic,,['en'],EIN,2024-08-07T23:00:00+00:00,100.0,8810.29,55,23,0,Monday,90,2000,0,EIN,en,Bank account opening,0
610d358a-643e-4f9e-8d8c-0aecd2a52b14,synth_ac41a72e1447,itin,tabddpm_synthetic,,['en'],EIN,2024-04-26T23:38:00+00:00,100000.0,10880.76,22,23,6,Sunday,0,1,100,EIN,en,Bank account opening,0
8e35960a-8b25-4d47-8fb9-57b44eeee10f,synth_466da4268888,itin,tabddpm_synthetic,,['en'],EIN,2024-12-06T23:30:00+00:00,100.0,603.78,55,23,0,Monday,90,2000,1,EIN,en,Bank account opening,0
ad8c9499-e236-474d-a6a2-e7feacc0c977,synth_d2c7d3cb5421,itin,tabddpm_synthetic,,['en'],EIN,2024-10-05T22:05:00+00:00,100.0,25.55,22,22,6,Sunday,13,2000,8,EIN,en,Bank account opening,0
2a44a15f-0d34-49ef-9c9f-6bbdc57a68fe,synth_df89e565c4f6,itin,tabddpm_synthetic,,['en'],EIN,2024-10-20T18:42:00+00:00,100.0,0.0,22,18,6,Sunday,8,2000,7,EIN,en,Bank account opening,0
696ecb91-dbbd-47c5-83bf-884182de0203,synth_d298d1500d1e,itin,tabddpm_synthetic,,['en'],EIN,2024-10-31T23:05:00+00:00,100.0,743.88,55,23,0,Monday,90,1,0,EIN,en,Bank account opening,0
cfcbd190-0dce-466d-a6d4-b06976d7b7c4,synth_53e49bfd9199,itin,tabddpm_synthetic,,['en'],EIN,2024-04-18T15:39:00+00:00,100.0,94.45,22,15,6,Sunday,63,2000,10,EIN,en,Bank account opening,0
dda3b41c-22dc-4c34-9986-050183da1094,synth_65178de25db3,itin,tabddpm_synthetic,,['en'],EIN,2024-10-21T20:35:00+00:00,100.0,792.15,22,20,6,Sunday,8,2000,42,EIN,en,Bank account opening,0
6cd2a4ab-9e7c-4d1a-8f98-bbd91f53ed0b,synth_6a4556a2b1bf,itin,tabddpm_synthetic,,['en'],EIN,2024-12-02T00:01:00+00:00,100.0,786.54,22,0,6,Sunday,2,1386,2,EIN,en,Bank account opening,0
9de5364d-88fe-4592-baf7-dcaa4908d576,synth_6a85ddc5578e,itin,tabddpm_synthetic,,['es'],EIN,2024-05-11T21:21:00+00:00,100.0,0.0,31,21,6,Sunday,0,345,24,EIN,es,Bank account opening,0
682983b1-ce8a-41f2-933d-997af7767bb3,synth_6baaefd75688,itin,tabddpm_synthetic,,['en'],EIN,2024-08-11T00:20:00+00:00,100.0,11579.82,55,0,0,Monday,90,2000,48,EIN,en,Bank account opening,0
66ccb544-ee2f-45cd-ac79-ebbd99d2241c,synth_ad6ea0dad4d3,itin,tabddpm_synthetic,,['en'],EIN,2024-03-14T21:38:00+00:00,100.0,1854.92,55,21,3,Thursday,90,2000,0,EIN,en,Bank account opening,0
4f36593d-93eb-4473-a17e-f85306f56fca,synth_5da0e98d306c,itin,tabddpm_synthetic,,['en'],EIN,2024-01-16T15:36:00+00:00,100.0,46.47,42,15,0,Monday,57,2000,11,EIN,en,Bank account opening,0
382468a2-1c74-421c-8f64-a746aa1788bf,synth_8e978e2a24af,itin,tabddpm_synthetic,,['en'],EIN,2024-01-22T10:58:00+00:00,1503.64,190.55,22,10,1,Tuesday,0,1985,9,EIN,en,Bank account opening,0
09377891-66f9-4585-ad5d-ba07911c2e19,synth_3277960325f0,itin,tabddpm_synthetic,,['en'],EIN,2024-01-01T23:31:00+00:00,100.0,0.0,22,23,6,Sunday,23,2000,2,EIN,en,Bank account opening,0
7ec690f1-31fd-4daf-a209-0190f1b40288,synth_e168d81bc8d6,itin,tabddpm_synthetic,,['en'],EIN,2024-12-15T00:38:00+00:00,747.8,0.0,22,0,3,Thursday,0,32,2,EIN,en,Bank account opening,0
64e3fbf1-f5a4-46ab-9092-e6f29a5b6359,synth_e84ba437f681,itin,tabddpm_synthetic,,['en'],EIN,2024-06-11T00:59:00+00:00,100000.0,15117.88,22,0,2,Wednesday,90,1,0,EIN,en,Bank account opening,0
ebf17196-80ef-45d7-8458-0ace97b81bab,synth_19c04cfe33d8,itin,tabddpm_synthetic,,['en'],EIN,2024-12-30T00:36:00+00:00,100000.0,50000.0,22,0,6,Sunday,0,1,100,EIN,en,Bank account opening,0
2534eb96-87c0-415a-87a1-33b5a5793814,synth_16ae8f59ba2a,itin,tabddpm_synthetic,,['en'],EIN,2024-06-06T00:24:00+00:00,24054.08,1075.7,22,0,6,Sunday,0,1,64,EIN,en,Bank account opening,0
2174959e-64df-4cb8-923d-9f218c1ae562,synth_9608173b92da,itin,tabddpm_synthetic,,['en'],EIN,2024-12-14T00:58:00+00:00,100.0,0.0,33,0,6,Sunday,0,1,18,EIN,en,Bank account opening,0
3b89280f-4e49-4940-b690-fd39093d8c86,synth_c0f037d8b695,itin,tabddpm_synthetic,,['en'],EIN,2024-02-06T00:42:00+00:00,100.0,2106.36,22,0,6,Sunday,90,2000,0,EIN,en,Bank account opening,0
b0304d09-3a77-48e5-8fe9-a2e6a27eaf5f,synth_8c1423dc9312,itin,tabddpm_synthetic,,['en'],EIN,2024-01-27T00:23:00+00:00,100.0,0.0,22,0,1,Tuesday,0,2000,0,EIN,en,Bank account opening,0
bfb7bc84-0282-47e7-896f-df84f64d619d,synth_be7c27deadc1,itin,tabddpm_synthetic,,['en'],EIN,2024-02-18T17:14:00+00:00,100.0,80.38,55,17,2,Wednesday,46,2000,15,EIN,en,Bank account opening,0
3b143c37-6b40-49d6-bd73-a640a225add2,synth_0b5f93326202,itin,tabddpm_synthetic,,['es'],EIN,2024-02-23T00:30:00+00:00,100.0,0.0,22,0,3,Thursday,0,1,6,EIN,es,Bank account opening,0
c034e759-2ec8-4780-8c70-1a34a7175eed,synth_e6c30a3ee430,itin,tabddpm_synthetic,,['en'],EIN,2024-11-30T00:55:00+00:00,100.0,330.98,22,0,6,Sunday,28,2000,56,EIN,en,Bank account opening,0
9175e444-181c-4bf2-b974-f6ed47696fd7,synth_8e74790e479f,itin,tabddpm_synthetic,,['en'],EIN,2024-02-22T00:32:00+00:00,100.0,0.0,22,0,5,Saturday,0,2000,0,EIN,en,Bank account opening,0
af55566b-14d8-4595-b520-110e221e611a,synth_01c81eb5fcbd,itin,tabddpm_synthetic,,['en'],EIN,2024-10-31T00:16:00+00:00,100.0,0.0,24,0,1,Tuesday,0,2000,5,EIN,en,Bank account opening,0
04e5f3f2-4af8-4d48-8f08-cb50ae0c6bee,synth_d61c583f0d15,itin,tabddpm_synthetic,,['en'],EIN,2024-03-03T23:43:00+00:00,100.0,0.0,22,23,6,Sunday,42,2000,7,EIN,en,Bank account opening,0
1d1f08d5-a186-4531-8d84-2a961a971cec,synth_80f10264f116,itin,tabddpm_synthetic,,['en'],EIN,2024-02-10T13:48:00+00:00,100.0,388.03,22,13,6,Sunday,10,2000,8,EIN,en,Bank account opening,0
183b00e4-ef09-4b29-bfdb-75783623195c,synth_8f56f20f45c3,itin,tabddpm_synthetic,,['en'],EIN,2024-08-30T23:49:00+00:00,21797.67,0.0,22,23,0,Monday,0,1,58,EIN,en,Bank account opening,0
2409192b-96c5-4135-a850-d73dd7630e96,synth_bc0f89aa283f,itin,tabddpm_synthetic,,['en'],EIN,2024-10-13T00:19:00+00:00,100.0,0.0,22,0,6,Sunday,90,2000,25,EIN,en,Bank account opening,0
ba230f7a-811f-4b5b-9a49-540ddca024a7,synth_c78593c69ab6,itin,tabddpm_synthetic,,['en'],EIN,2024-11-08T00:46:00+00:00,100000.0,50000.0,55,0,0,Monday,90,1,100,EIN,en,Bank account opening,0
5aad4ec6-4633-44ed-8b98-7d4bceec6eb8,synth_2330f7ccb024,itin,tabddpm_synthetic,,['en'],EIN,2024-05-20T21:20:00+00:00,100.0,0.0,22,21,6,Sunday,32,2000,15,EIN,en,Bank account opening,0
4a5916f1-7751-4e10-9ffe-a4566679cf09,synth_02bb12b8e6d8,itin,tabddpm_synthetic,,['en'],EIN,2024-12-26T23:35:00+00:00,100.0,5053.6,55,23,0,Monday,90,2000,0,EIN,en,Bank account opening,0
2657ec43-8ac8-4d60-96b8-76a368d8cfff,synth_ee1597338632,itin,tabddpm_synthetic,,['en'],EIN,2024-06-02T23:28:00+00:00,100.0,0.0,22,23,6,Sunday,24,2000,7,EIN,en,Bank account opening,0
15cedf87-bf1c-468f-be1d-c1d29817fa1c,synth_d7f95ffda662,itin,tabddpm_synthetic,,['en'],EIN,2024-09-10T19:34:00+00:00,100.0,62.68,22,19,6,Sunday,54,2000,13,EIN,en,Bank account opening,0
5877ad39-a9c0-4773-a6d5-520ef104bbad,synth_c7296af294af,itin,tabddpm_synthetic,,['en'],EIN,2024-03-03T21:43:00+00:00,100.0,302.57,55,21,6,Sunday,90,2000,0,EIN,en,Bank account opening,0
a6acb8f3-ecb8-49b8-b5c6-d29e4ef23b4e,synth_f204740f5ab3,itin,tabddpm_synthetic,,['en'],EIN,2024-11-04T23:07:00+00:00,97717.77,957.8,22,23,0,Monday,0,1,100,EIN,en,Bank account opening,0
798b002b-af49-4e08-94f6-08aa79795555,synth_02aa1df7ea0b,itin,tabddpm_synthetic,,['en'],EIN,2024-05-13T23:53:00+00:00,100.0,786.11,22,23,6,Sunday,28,2000,63,EIN,en,Bank account opening,1
ff470711-cd9f-4c64-a06c-60b68618e219,synth_5f1804cb9b4c,itin,tabddpm_synthetic,,['es'],EIN,2024-03-21T01:42:00+00:00,100.0,29.31,22,1,6,Sunday,32,2000,0,EIN,es,Bank account opening,0
15dabac4-2f7f-4d79-a454-9a265469557a,synth_39c4bd4627ae,itin,tabddpm_synthetic,,['en'],EIN,2024-06-19T00:19:00+00:00,100000.0,50000.0,22,0,6,Sunday,90,1,100,EIN,en,Bank account opening,1
de12d077-33fe-421c-934e-ce6b9cb4df93,synth_1b661bd317f4,itin,tabddpm_synthetic,,['en'],EIN,2024-09-21T23:53:00+00:00,100.0,4230.55,55,23,0,Monday,90,2000,0,EIN,en,Bank account opening,0
1fd3642d-3537-4a22-a980-dac299aa513e,synth_68af4e029234,itin,tabddpm_synthetic,,['es'],EIN,2024-07-15T04:17:00+00:00,100.0,157.84,22,4,6,Sunday,19,2000,6,EIN,es,Bank account opening,0
f35eba9c-d343-47fa-8fed-efc9e28cffe8,synth_bd81c58aef49,itin,tabddpm_synthetic,,['en'],EIN,2024-09-11T00:23:00+00:00,100000.0,50000.0,22,0,0,Monday,90,1,100,EIN,en,Bank account opening,0
b28ff544-3ca4-4b6e-8cd2-45352cc61b50,synth_d74e876157f4,itin,tabddpm_synthetic,,['en'],EIN,2024-01-05T23:02:00+00:00,100.0,1162.58,22,23,6,Sunday,0,2000,76,EIN,en,Bank account opening,0
ca38f6e9-941a-4bf4-a043-4839b74eb7c4,synth_089d09708ca3,itin,tabddpm_synthetic,,['en'],EIN,2024-06-07T23:22:00+00:00,100.0,11166.26,55,23,0,Monday,90,2000,0,EIN,en,Bank account opening,0
051174b3-c97f-4c7d-9d37-446e2d68d827,synth_d2a63f8cef85,itin,tabddpm_synthetic,,['en'],EIN,2024-06-21T01:37:00+00:00,100.0,334.59,22,1,6,Sunday,0,56,44,EIN,en,Bank account opening,0
30b13bf6-e054-4cb5-b9c5-8a86c2b06152,synth_d5a7176bb57e,itin,tabddpm_synthetic,,['en'],EIN,2024-02-29T23:45:00+00:00,100.0,36297.0,55,23,0,Monday,90,2000,43,EIN,en,Bank account opening,1
075691f0-7617-4288-b8e7-8a18a3e7c14c,synth_f776b477f83d,itin,tabddpm_synthetic,,['en'],EIN,2024-08-10T00:17:00+00:00,100000.0,9360.72,22,0,6,Sunday,0,1,100,EIN,en,Bank account opening,0
4e4d77ba-a079-4410-88a0-9b979a36dfa6,synth_6b927da44345,itin,tabddpm_synthetic,,['en'],EIN,2024-10-06T00:28:00+00:00,100000.0,50000.0,22,0,6,Sunday,0,1,100,EIN,en,Bank account opening,0
5b49d8b2-a391-4f10-bc81-12e37f94b62f,synth_403a07b5202d,itin,tabddpm_synthetic,,['en'],EIN,2024-01-29T00:29:00+00:00,5552.81,0.0,22,0,0,Monday,0,1,28,EIN,en,Bank account opening,0
bcd1df4a-168f-492c-bb94-05621f91925d,synth_a336e182d06a,itin,tabddpm_synthetic,,['en'],EIN,2024-03-11T00:51:00+00:00,100.0,0.0,22,0,0,Monday,0,2000,5,EIN,en,Bank account opening,0
ed09ef1d-6809-457f-85c0-66496fe7294d,synth_a519409edaf1,itin,tabddpm_synthetic,,['en'],EIN,2024-12-19T00:00:00+00:00,100.0,0.0,22,0,2,Wednesday,0,2000,0,EIN,en,Bank account opening,0
eaafdc8b-425a-4ebd-a0ff-5e0d0c530a53,synth_740397462413,itin,tabddpm_synthetic,,['en'],EIN,2024-08-02T23:29:00+00:00,2740.52,0.0,44,23,0,Monday,0,1,5,EIN,en,Bank account opening,0
3148f2da-371c-42ca-8fdc-687d2acf5373,synth_ffba49b382f2,itin,tabddpm_synthetic,,['en'],EIN,2024-12-05T23:35:00+00:00,100.0,381.37,55,23,6,Sunday,90,2000,19,EIN,en,Bank account opening,0
6e122118-62ad-4f82-a5db-2a2a55f92505,synth_cb702f2b96f0,itin,tabddpm_synthetic,,['en'],EIN,2024-10-26T07:07:00+00:00,5218.91,199.78,55,7,0,Monday,90,1,7,EIN,en,Bank account opening,0
e485060f-b1e2-4796-b568-1245151d1a2a,synth_08b19df17857,itin,tabddpm_synthetic,,['en'],EIN,2024-07-17T00:27:00+00:00,100.0,0.0,22,0,1,Tuesday,0,2000,7,EIN,en,Bank account opening,0
f62ef285-3098-439d-ab8e-a66dc9084a36,synth_d7cdb3256918,itin,tabddpm_synthetic,,['en'],EIN,2024-11-21T00:33:00+00:00,100000.0,50000.0,22,0,0,Monday,0,1,100,EIN,en,Bank account opening,1
960c23a4-62e9-4562-9a28-3593cd194309,synth_e7b60329cd7a,itin,tabddpm_synthetic,,['en'],EIN,2024-06-24T10:22:00+00:00,100.0,171.18,22,10,4,Friday,58,2000,9,EIN,en,Bank account opening,0
80daba4b-4e77-4cd7-86cc-c78118d51386,synth_ead204423983,itin,tabddpm_synthetic,,['en'],EIN,2024-01-23T23:35:00+00:00,17634.25,0.0,22,23,0,Monday,0,1,76,EIN,en,Bank account opening,0
2c724be3-705b-4f93-bf35-300243325560,synth_bab74fd1773a,itin,tabddpm_synthetic,,['en'],EIN,2024-03-14T00:43:00+00:00,100.0,0.0,22,0,4,Friday,0,2000,5,EIN,en,Bank account opening,0
dea05a5d-c7cc-421e-a639-aeb014c2fa1f,synth_34e2d6fcedf1,itin,tabddpm_synthetic,,['en'],EIN,2024-09-03T18:02:00+00:00,100.0,0.0,22,18,6,Sunday,16,2000,7,EIN,en,Bank account opening,0
4b019919-abb4-4d27-9f20-6f1661893401,synth_7711e9cfae90,itin,tabddpm_synthetic,,['en'],EIN,2024-06-01T23:40:00+00:00,100.0,1181.44,55,23,0,Monday,90,1,0,EIN,en,Bank account opening,0
a127c94b-0b32-4db6-9375-6ef1e884815b,synth_48f0c0279ef3,itin,tabddpm_synthetic,,['en'],EIN,2024-02-14T23:13:00+00:00,100.0,1487.74,55,23,6,Sunday,90,2000,0,EIN,en,Bank account opening,0
2d86a7eb-96fd-4fc5-b3d0-0e26babba57a,synth_429f4f7fe897,itin,tabddpm_synthetic,,['en'],EIN,2024-08-24T17:45:00+00:00,100.0,0.0,22,17,6,Sunday,49,2000,7,EIN,en,Bank account opening,0
297e8e69-e842-43a3-b1ce-199f8c647eac,synth_2a34f2c607cf,itin,tabddpm_synthetic,,['en'],EIN,2024-03-08T23:55:00+00:00,100.0,14963.52,55,23,0,Monday,90,2000,0,EIN,en,Bank account opening,0
3b87dcc2-d764-44bf-a158-e250091ea5dd,synth_0d5858c5e181,itin,tabddpm_synthetic,,['en'],EIN,2024-10-25T23:56:00+00:00,100000.0,50000.0,55,23,0,Monday,90,2000,0,EIN,en,Bank account opening,0
c7a3a5d6-d965-4549-af66-7ae0892da517,synth_4304d25ba7ee,itin,tabddpm_synthetic,,['en'],EIN,2024-07-12T23:32:00+00:00,100.0,6785.58,55,23,0,Monday,90,2000,20,EIN,en,Bank account opening,0
4118c6eb-9ed1-472e-b4a6-4080ea6b9d85,synth_8e3eb45ae1a7,itin,tabddpm_synthetic,,['en'],EIN,2024-01-13T23:14:00+00:00,100000.0,27853.22,22,23,6,Sunday,0,1,100,EIN,en,Bank account opening,0
4590cb48-256b-4f7a-9d38-e07ef769d48a,synth_33d480de25c8,itin,tabddpm_synthetic,,['en'],EIN,2024-08-25T23:11:00+00:00,100000.0,50000.0,22,23,6,Sunday,0,1,100,EIN,en,Bank account opening,0
2f7b55ff-ec60-4a68-8029-5e9df4119d92,synth_92b3d1a7450a,itin,tabddpm_synthetic,,['en'],EIN,2024-09-19T14:23:00+00:00,100.0,196.18,22,14,6,Sunday,62,2000,11,EIN,en,Bank account opening,0
a10f0af5-4c82-4a96-9ca5-dd1efd7cc639,synth_8ecc98f0461c,itin,tabddpm_synthetic,,['en'],EIN,2024-06-12T23:01:00+00:00,100.0,5821.97,55,23,0,Monday,90,2000,0,EIN,en,Bank account opening,0
3a9970e6-6afc-4f14-bf25-c5018bacebe5,synth_78cde0300354,itin,tabddpm_synthetic,,['en'],EIN,2024-08-14T07:32:00+00:00,100.0,163.79,55,7,6,Sunday,13,2000,19,EIN,en,Bank account opening,0
ede3b623-8eb1-4728-84f5-c6117e65c204,synth_7e2d02997f61,itin,tabddpm_synthetic,,['en'],EIN,2024-07-16T23:09:00+00:00,100000.0,46347.65,22,23,6,Sunday,0,1,100,EIN,en,Bank account opening,1
9cb37c84-5a82-4181-a166-9f62b524a29e,synth_5c7207ad2154,itin,tabddpm_synthetic,,['en'],EIN,2024-01-18T00:19:00+00:00,100000.0,50000.0,22,0,6,Sunday,0,1,100,EIN,en,Bank account opening,0
5af81f79-f622-40d5-8502-bed420e6c64b,synth_7f9fcf739ed6,itin,tabddpm_synthetic,,['en'],EIN,2024-07-28T23:03:00+00:00,18273.88,0.0,22,23,0,Monday,0,1,100,EIN,en,Bank account opening,0
c8832394-7833-42d0-b8ee-f35d98f00965,synth_34971c70ef1f,itin,tabddpm_synthetic,,['en'],EIN,2024-05-06T23:11:00+00:00,100000.0,50000.0,22,23,6,Sunday,0,1,100,EIN,en,Bank account opening,1
9da062f8-515f-4bd6-aa45-6afa3ad53b9a,synth_d319eae42e56,itin,tabddpm_synthetic,,['en'],EIN,2024-11-28T23:48:00+00:00,100.0,388.71,55,23,0,Monday,90,2000,0,EIN,en,Bank account opening,0
615c7c88-f90c-4bde-8a34-ca2b8afe99fa,synth_892a86ed7141,itin,tabddpm_synthetic,,['en'],EIN,2024-02-10T00:20:00+00:00,27495.58,755.16,22,0,0,Monday,0,1,56,EIN,en,Bank account opening,0
d9a75ab9-0f6b-4ead-bb94-f8c6edf3fe3b,synth_18ed68d099e5,itin,tabddpm_synthetic,,['en'],EIN,2024-04-15T00:24:00+00:00,42391.73,0.0,22,0,0,Monday,0,1,10,EIN,en,Bank account opening,1
2baa8c8f-c344-4a15-9a19-d53d24a18c6c,synth_1435ab48ea35,itin,tabddpm_synthetic,,['en'],EIN,2024-07-11T11:52:00+00:00,3567.5,154.36,32,11,6,Sunday,0,815,10,EIN,en,Bank account opening,0
1672e805-5674-4c64-b3d8-b23e2cf0e1cc,synth_8a7184412bcb,itin,tabddpm_synthetic,,['en'],EIN,2024-05-29T12:29:00+00:00,100.0,489.75,31,12,6,Sunday,90,2000,5,EIN,en,Bank account opening,0
a074aab5-2592-4211-81bc-3c6d883d7953,synth_55562ae0f09f,itin,tabddpm_synthetic,,['en'],EIN,2024-01-16T23:22:00+00:00,100.0,3082.65,55,23,0,Monday,90,682,8,EIN,en,Bank account opening,0
7f22f6e1-0d00-42df-9801-1aa6d5849fb4,synth_18912e0dbd03,itin,tabddpm_synthetic,,['en'],EIN,2024-04-27T23:59:00+00:00,100.0,7521.88,55,23,0,Monday,90,2000,30,EIN,en,Bank account opening,0
807200d5-b97c-402c-af14-07c566b7d84b,synth_74cf9e3a7ade,itin,tabddpm_synthetic,,['en'],EIN,2024-10-06T23:02:00+00:00,100.0,1033.11,55,23,0,Monday,90,2000,0,EIN,en,Bank account opening,0
8077b499-640c-4bde-a813-4611caf0e621,synth_8c83d62221b9,itin,tabddpm_synthetic,,['en'],EIN,2024-11-04T12:23:00+00:00,2446.72,149.2,34,12,6,Sunday,25,452,3,EIN,en,Bank account opening,0
91114916-de52-4590-823b-d7b31f0a59fc,synth_bff42acc849c,itin,tabddpm_synthetic,,['en'],EIN,2024-10-30T23:17:00+00:00,100000.0,3883.28,22,23,0,Monday,0,1,100,EIN,en,Bank account opening,0
e49cc380-0e58-4628-a22b-1c642bf38ab3,synth_e0ea323d3c93,itin,tabddpm_synthetic,,['en'],EIN,2024-06-22T23:21:00+00:00,100.0,39374.23,55,23,0,Monday,90,2000,100,EIN,en,Bank account opening,0
22efffaa-f2a7-4985-806a-dfd710a52bef,synth_266db4278234,itin,tabddpm_synthetic,,['en'],EIN,2024-12-02T00:37:00+00:00,100.0,0.0,22,0,2,Wednesday,0,2000,2,EIN,en,Bank account opening,0
f21574cd-01b7-42c1-b750-10bd9ee5c16d,synth_4b118f2ee142,itin,tabddpm_synthetic,,['en'],EIN,2024-08-09T00:14:00+00:00,100000.0,50000.0,22,0,6,Sunday,90,1,100,EIN,en,Bank account opening,0
2c072a4b-69e8-407e-bac7-bf01276de1f6,synth_f15b97fea71e,itin,tabddpm_synthetic,,['en'],EIN,2024-06-09T02:07:00+00:00,100.0,0.0,22,2,6,Sunday,7,1161,9,EIN,en,Bank account opening,0
8739efa1-5a20-4a76-9a37-4d0f117ccf4b,synth_941a8db85173,itin,tabddpm_synthetic,,['en'],EIN,2024-10-10T23:36:00+00:00,15901.0,0.0,22,23,0,Monday,0,1,75,EIN,en,Bank account opening,0
2814636f-f9f8-4840-9503-f53b03869f21,synth_d67fc3a20010,itin,tabddpm_synthetic,,['en'],EIN,2024-08-20T23:34:00+00:00,100.0,4823.51,55,23,0,Monday,90,2000,0,EIN,en,Bank account opening,0
c01470c4-0c05-4322-8af8-c609588fa6b3,synth_1b3d92982d3a,itin,tabddpm_synthetic,,['en'],EIN,2024-03-21T23:14:00+00:00,100000.0,14163.39,22,23,0,Monday,0,1,100,EIN,en,Bank account opening,0
e52c5b3b-9029-41bd-aa42-6295667e981f,synth_960aed895ee5,itin,tabddpm_synthetic,,['en'],ITIN,2024-03-21T15:54:00+00:00,6071.45,343.61,48,15,1,Tuesday,2,1982,1,ITIN,en,Bank account opening,0
1a3b30de-2a64-48a6-b83c-ae6d5d2c8c9b,synth_e300025092fd,itin,tabddpm_synthetic,,['en'],EIN,2024-03-07T23:01:00+00:00,100.0,0.0,22,23,6,Sunday,3,2000,8,EIN,en,Bank account opening,0
b7d25db6-07dc-4dcf-9f1a-8f156ddd620e,synth_e1055ff8f471,itin,tabddpm_synthetic,,['en'],EIN,2024-10-26T00:25:00+00:00,1976.83,0.0,30,0,4,Friday,1,1,0,EIN,en,Bank account opening,0
971928ef-e4b4-4205-886e-d7d2d5e4a564,synth_8e9180986e96,itin,tabddpm_synthetic,,['en'],EIN,2024-09-29T23:46:00+00:00,100000.0,50000.0,22,23,6,Sunday,0,1,100,EIN,en,Bank account opening,1
755fff66-0255-4d3d-bd02-19cd96261e6a,synth_5f3ea8398abd,itin,tabddpm_synthetic,,['en'],EIN,2024-06-24T00:20:00+00:00,100000.0,50000.0,22,0,0,Monday,0,1,78,EIN,en,Bank account opening,0
7fde30e0-1b2f-4d9f-b11a-15e1ee774387,synth_4b1869c9df92,itin,tabddpm_synthetic,,['en'],EIN,2024-05-28T10:26:00+00:00,100.0,386.65,41,10,6,Sunday,90,2000,0,EIN,en,Bank account opening,0
da9bfaf5-cf62-4999-8812-d530ada7d8d2,synth_bc740568b669,itin,tabddpm_synthetic,,['en'],EIN,2024-01-04T00:30:00+00:00,100000.0,50000.0,22,0,6,Sunday,0,1,100,EIN,en,Bank account opening,0
41d76b49-d40c-4ea4-80ee-0793fdcec8fd,synth_478232673354,itin,tabddpm_synthetic,,['en'],EIN,2024-06-08T00:42:00+00:00,100.0,0.0,22,0,2,Wednesday,0,888,0,EIN,en,Bank account opening,0
9c23c6fa-ef76-49a1-ab26-d891054130d4,synth_4cd852b25c1a,itin,tabddpm_synthetic,,['en'],EIN,2024-10-26T23:51:00+00:00,100000.0,50000.0,22,23,6,Sunday,0,1,100,EIN,en,Bank account opening,0
4ae3371b-cb66-4ec3-a4b5-045eeadb325c,synth_cb8a4be9a1bd,itin,tabddpm_synthetic,,['en'],EIN,2024-06-22T23:43:00+00:00,100000.0,30937.67,22,23,6,Sunday,0,1,100,EIN,en,Bank account opening,0
d7458ee7-f447-44d9-96e4-6129531d8de0,synth_76f9c893f6c4,itin,tabddpm_synthetic,,['es'],EIN,2024-02-13T16:24:00+00:00,100.0,239.81,22,16,6,Sunday,50,2000,10,EIN,es,Bank account opening,0
30206984-4192-4f7e-aaa7-8f26f63a70f7,synth_f905bd60aeb9,itin,tabddpm_synthetic,,['en'],EIN,2024-10-29T23:51:00+00:00,100000.0,50000.0,22,23,6,Sunday,0,1,100,EIN,en,Bank account opening,0
444b8079-bfd5-4ab9-8a03-29dfa7e59239,synth_7f257d56f156,itin,tabddpm_synthetic,,['en'],EIN,2024-01-16T00:01:00+00:00,53279.48,1827.04,22,0,0,Monday,0,1,100,EIN,en,Bank account opening,0
5214e1a6-96ac-4181-8cf5-c08ee355cf28,synth_a99a96337cb9,itin,tabddpm_synthetic,,['en'],EIN,2024-10-31T23:20:00+00:00,100000.0,50000.0,22,23,6,Sunday,0,1,100,EIN,en,Bank account opening,1
be192a87-84f6-479b-b780-3f457a3125ac,synth_5313d4bf15f8,itin,tabddpm_synthetic,,['en'],EIN,2024-03-02T00:43:00+00:00,58858.03,2216.36,55,0,0,Monday,90,1,100,EIN,en,Bank account opening,0
e059c652-e529-4354-bd05-fe393ea75023,synth_8a37d0bf2dca,itin,tabddpm_synthetic,,['en'],EIN,2024-06-27T00:09:00+00:00,100000.0,50000.0,22,0,0,Monday,90,1,100,EIN,en,Bank account opening,0
cd6a5bca-9908-4c65-b56b-c5bca8da583d,synth_253e25783411,itin,tabddpm_synthetic,,['en'],EIN,2024-07-17T12:35:00+00:00,100.0,282.54,40,12,6,Sunday,19,2000,16,EIN,en,Bank account opening,0
03297998-e534-4e22-8a3d-346f8c4e2898,synth_69d3fae8ffad,itin,tabddpm_synthetic,,['en'],EIN,2024-09-21T11:35:00+00:00,934.87,364.31,22,11,6,Sunday,17,2000,13,EIN,en,Bank account opening,0
71399243-52f4-4be0-9e03-f37c63024ead,synth_a673da5beacd,itin,tabddpm_synthetic,,['en'],EIN,2024-11-14T13:34:00+00:00,100.0,0.0,22,13,6,Sunday,85,2000,8,EIN,en,Bank account opening,0
18d61b3a-db4f-40ef-9f69-a70dc927caad,synth_11e3f30a2d02,itin,tabddpm_synthetic,,['en'],EIN,2024-05-07T23:52:00+00:00,100000.0,50000.0,22,23,6,Sunday,90,1,100,EIN,en,Bank account opening,0
6000cdd8-5012-402a-9f62-7682a2903986,synth_4416c98c91a5,itin,tabddpm_synthetic,,['en'],EIN,2024-12-25T00:17:00+00:00,1034.76,0.0,51,0,6,Sunday,0,511,15,EIN,en,Bank account opening,0
b848269f-3828-4ae3-9c5d-8b3580f8ad4b,synth_57378d25a2a3,itin,tabddpm_synthetic,,['en'],EIN,2024-01-14T00:26:00+00:00,100000.0,50000.0,22,0,6,Sunday,0,1,100,EIN,en,Bank account opening,0
a99c3e7a-3178-4bdf-9056-ae0c81e94588,synth_2ceb4ba85c2a,itin,tabddpm_synthetic,,['en'],EIN,2024-06-01T22:30:00+00:00,100.0,0.0,22,22,6,Sunday,9,2000,11,EIN,en,Bank account opening,0
7063e010-2a23-4e80-956a-8d3299a72cd4,synth_256c6dbc5328,itin,tabddpm_synthetic,,['en'],EIN,2024-11-27T23:57:00+00:00,100000.0,50000.0,22,23,0,Monday,0,1,100,EIN,en,Bank account opening,0
7761d109-ffbd-4ddb-b84e-ecf5597bcf15,synth_c474b9ff46d8,itin,tabddpm_synthetic,,['en'],EIN,2024-07-02T23:24:00+00:00,100.0,20486.23,55,23,0,Monday,90,1,100,EIN,en,Bank account opening,0
bc17f9f4-4e42-4eee-93be-58c2ee71a2e9,synth_2390748d0119,itin,tabddpm_synthetic,,['en'],EIN,2024-06-23T23:59:00+00:00,100000.0,50000.0,22,23,6,Sunday,0,1,100,EIN,en,Bank account opening,0
1cd65ea3-c0c2-4d37-839f-38c47ed619fd,synth_14797363d430,itin,tabddpm_synthetic,,['en'],EIN,2024-07-06T11:58:00+00:00,100.0,131.11,35,11,2,Wednesday,5,2000,5,EIN,en,Bank account opening,0
1372e379-bfd3-480e-9c71-b5085417f3bf,synth_4907a563d8c3,itin,tabddpm_synthetic,,['en'],EIN,2024-03-25T09:53:00+00:00,100.0,2539.86,55,9,0,Monday,90,1,10,EIN,en,Bank account opening,0
980288f6-a479-4dca-8c53-fc7ad0f21cb6,synth_b1f27c020e67,itin,tabddpm_synthetic,,['en'],EIN,2024-12-01T00:46:00+00:00,7123.15,0.0,22,0,0,Monday,0,1,48,EIN,en,Bank account opening,0
f309f3ee-969b-45c0-bbaf-4fcbb27fd7f6,synth_06cea8d64277,itin,tabddpm_synthetic,,['en'],EIN,2024-11-08T23:48:00+00:00,100.0,39556.29,55,23,0,Monday,90,2000,0,EIN,en,Bank account opening,0
d19e71e2-27e7-47e7-9636-8bc17267f982,synth_0658d53e7acf,itin,tabddpm_synthetic,,['en'],EIN,2024-04-24T22:32:00+00:00,100.0,0.0,22,22,6,Sunday,35,2000,14,EIN,en,Bank account opening,0
85f8a61e-34e7-4a9a-8440-527ddca42e8c,synth_e305e52db760,itin,tabddpm_synthetic,,['en'],EIN,2024-06-28T00:24:00+00:00,100.0,0.0,22,0,6,Sunday,61,2000,7,EIN,en,Bank account opening,0
45f39e70-049e-4ec2-9730-17866a6662f7,synth_2ee20ba953db,itin,tabddpm_synthetic,,['en'],EIN,2024-01-10T00:49:00+00:00,100000.0,50000.0,22,0,6,Sunday,0,1,100,EIN,en,Bank account opening,0
7824a5e6-8a76-4748-95c0-61f525a638f4,synth_5f1f2d354732,itin,tabddpm_synthetic,,['en'],EIN,2024-03-20T23:16:00+00:00,100.0,417.35,55,23,0,Monday,90,2000,14,EIN,en,Bank account opening,0
d66aeba5-9109-4563-ba0e-d01fad9cda6e,synth_ca54df05120c,itin,tabddpm_synthetic,,['en'],EIN,2024-03-19T00:40:00+00:00,100.0,0.0,25,0,6,Sunday,0,1,20,EIN,en,Bank account opening,0
f16c70e1-9f11-4e8b-92dc-3de431357cd2,synth_3c9c3bfc7e91,itin,tabddpm_synthetic,,['en'],EIN,2024-11-11T12:34:00+00:00,100.0,91.39,25,12,6,Sunday,90,2000,13,EIN,en,Bank account opening,0
ddc14a38-b025-4afd-aed4-8735d3ad1fd4,synth_4a3933f785d8,itin,tabddpm_synthetic,,['en'],EIN,2024-10-13T00:29:00+00:00,100000.0,50000.0,22,0,6,Sunday,0,1,100,EIN,en,Bank account opening,0
3bbd2a69-353e-4623-8e08-6ab53aa72133,synth_462bf213d09d,itin,tabddpm_synthetic,,['en'],EIN,2024-12-12T23:43:00+00:00,100000.0,50000.0,22,23,6,Sunday,0,1,100,EIN,en,Bank account opening,1
c92d2224-4621-4687-9c2c-65c148cf688a,synth_8f30807c2406,itin,tabddpm_synthetic,,['en'],EIN,2024-12-14T00:49:00+00:00,100000.0,50000.0,22,0,0,Monday,0,1,100,EIN,en,Bank account opening,1
3b7ca411-c19f-4401-ad7f-0e5067223614,synth_f62682f8fcb1,itin,tabddpm_synthetic,,['en'],EIN,2024-12-04T00:59:00+00:00,100.0,0.0,22,0,1,Tuesday,0,1120,5,EIN,en,Bank account opening,0
b2d60911-35ee-4d86-9ae1-2f3e6eb2e061,synth_ea9ebc3135cb,itin,tabddpm_synthetic,,['en'],EIN,2024-10-18T15:28:00+00:00,100.0,452.74,37,15,5,Saturday,90,2000,9,EIN,en,Bank account opening,0
a5624ca5-eb93-49bf-a3ac-13b406d9f83c,synth_06320b2fff66,itin,tabddpm_synthetic,,['en'],EIN,2024-06-24T19:55:00+00:00,100.0,0.0,22,19,6,Sunday,14,2000,12,EIN,en,Bank account opening,0
0dae8b07-7741-4dd0-9cf9-65c5edb983bc,synth_9fd95dc1a2aa,itin,tabddpm_synthetic,,['en'],EIN,2024-10-18T23:08:00+00:00,100000.0,22888.62,22,23,6,Sunday,0,1,100,EIN,en,Bank account opening,0
abb141f6-059b-4cfb-90bb-e74a54ed55fd,synth_814be9ef0747,itin,tabddpm_synthetic,,['en'],EIN,2024-05-15T00:12:00+00:00,100.0,0.0,22,0,2,Wednesday,0,2000,0,EIN,en,Bank account opening,0
49f51c13-3e00-4e4d-bba9-487ca092ba70,synth_442e31b85015,itin,tabddpm_synthetic,,['en'],EIN,2024-11-25T17:17:00+00:00,100.0,0.0,22,17,6,Sunday,26,2000,2,EIN,en,Bank account opening,0
96aba034-afcc-4f5c-a2a8-335a2e371388,synth_a7e441115aad,itin,tabddpm_synthetic,,['en'],EIN,2024-05-12T23:53:00+00:00,33816.94,0.0,22,23,0,Monday,0,1,100,EIN,en,Bank account opening,0
0ca9d507-3eef-4193-86ac-4c1932645fd6,synth_c86c51ec06fc,itin,tabddpm_synthetic,,['en'],EIN,2024-02-14T00:41:00+00:00,100.0,4342.71,28,0,6,Sunday,90,2000,0,EIN,en,Bank account opening,0
72c3e049-667d-4b01-89ac-034d6bfd9999,synth_aad5bc74b623,itin,tabddpm_synthetic,,['en'],EIN,2024-11-30T00:51:00+00:00,100000.0,50000.0,22,0,0,Monday,90,1,100,EIN,en,Bank account opening,0
b9bc6abe-ee5b-4599-8a66-4af8c9a7d099,synth_e183a4e04993,itin,tabddpm_synthetic,,['en'],EIN,2024-05-26T00:56:00+00:00,100000.0,50000.0,55,0,0,Monday,90,1,100,EIN,en,Bank account opening,0
4622d441-3eb4-4e8b-9908-6646e0140bbd,synth_1857d3a514de,itin,tabddpm_synthetic,,['en'],EIN,2024-05-13T12:42:00+00:00,100.0,0.0,30,12,6,Sunday,16,2000,6,EIN,en,Bank account opening,0
612b2599-3aea-4e60-92b7-faf795ebf815,synth_d2e7a4168f8e,itin,tabddpm_synthetic,,['en'],EIN,2024-10-16T04:56:00+00:00,100.0,0.0,28,4,2,Wednesday,1,2000,7,EIN,en,Bank account opening,0
7d7e54fd-7b03-46d7-86fa-d5f00af53874,synth_ee3fcf2c316e,itin,tabddpm_synthetic,,['en'],EIN,2024-10-01T02:46:00+00:00,6473.02,0.0,26,2,0,Monday,0,1691,5,EIN,en,Bank account opening,0
ef328648-f982-4d79-a347-9527fa7467c4,synth_da6f4e6de5aa,itin,tabddpm_synthetic,,['en'],EIN,2024-09-28T23:04:00+00:00,100000.0,50000.0,22,23,6,Sunday,90,1,100,EIN,en,Bank account opening,0
9e795bea-a520-41f2-80a9-b90dd6dc0692,synth_261785a6dd2b,itin,tabddpm_synthetic,,['en'],EIN,2024-06-14T00:30:00+00:00,100.0,0.0,27,0,4,Friday,0,201,0,EIN,en,Bank account opening,0
2571c1b7-f7f2-476b-9671-45528c08b094,synth_8ba5ce7fe552,itin,tabddpm_synthetic,,['en'],EIN,2024-10-17T23:03:00+00:00,100.0,2668.51,55,23,0,Monday,90,2000,0,EIN,en,Bank account opening,0
43b8fb9c-4f01-4ca6-a793-323092dac2d8,synth_126ab02aa6e2,itin,tabddpm_synthetic,,['en'],EIN,2024-11-07T23:47:00+00:00,100.0,6854.75,55,23,0,Monday,90,2000,0,EIN,en,Bank account opening,0
7292000f-0517-46b2-9b4b-4a3a1771bf3d,synth_17c41b20faa4,itin,tabddpm_synthetic,,['en'],EIN,2024-03-29T23:58:00+00:00,100000.0,50000.0,22,23,6,Sunday,0,1,100,EIN,en,Bank account opening,0
2948dc67-a586-4dcb-945c-3644101a8d5b,synth_aed180da2a9b,itin,tabddpm_synthetic,,['en'],EIN,2024-01-01T00:40:00+00:00,100000.0,50000.0,22,0,0,Monday,0,1,100,EIN,en,Bank account opening,0
3b5d8bc8-4c33-46b6-998d-8765ba3a9e54,synth_4eb047bf0952,itin,tabddpm_synthetic,,['en'],EIN,2024-04-12T00:25:00+00:00,100.0,0.0,22,0,0,Monday,0,2000,0,EIN,en,Bank account opening,0
c257481d-3dbe-497e-9232-a988442bff3f,synth_186fd10f2a88,itin,tabddpm_synthetic,,['en'],EIN,2024-06-04T23:25:00+00:00,100.0,20371.19,55,23,0,Monday,90,2000,0,EIN,en,Bank account opening,0
7922a643-0b69-49a9-828f-ad7503a4f593,synth_5896bd66e5b4,itin,tabddpm_synthetic,,['en'],EIN,2024-09-25T10:32:00+00:00,100.0,26.7,22,10,6,Sunday,8,2000,8,EIN,en,Bank account opening,0
65efa602-6d5c-4e5d-83db-dae5d52738b5,synth_55cee733a119,itin,tabddpm_synthetic,,['en'],ITIN,2024-02-12T13:25:00+00:00,3101.43,162.17,23,13,6,Sunday,3,2000,15,ITIN,en,Bank account opening,0
054bc984-f90c-42e7-9f07-09ca09ce67d6,synth_513c9cd21deb,itin,tabddpm_synthetic,,['en'],EIN,2024-01-31T19:14:00+00:00,100.0,175.25,22,19,6,Sunday,17,2000,11,EIN,en,Bank account opening,0
a525a2f5-db2c-4a1f-8e7c-7d1110ee3b1b,synth_692e0ad2dbad,itin,tabddpm_synthetic,,['en'],EIN,2024-03-18T23:21:00+00:00,100.0,5110.87,55,23,0,Monday,90,2000,0,EIN,en,Bank account opening,0
d767768a-9007-493a-a480-8e39a9007ea8,synth_0b464e078828,itin,tabddpm_synthetic,,['en'],EIN,2024-06-18T23:58:00+00:00,100.0,0.0,22,23,6,Sunday,13,2000,15,EIN,en,Bank account opening,0
b268e18a-c3f1-4724-a64a-0fe330e07042,synth_7a83659ea536,itin,tabddpm_synthetic,,['en'],EIN,2024-10-14T23:00:00+00:00,100.0,0.0,22,23,6,Sunday,10,2000,6,EIN,en,Bank account opening,0
1f06a109-bcb6-4d52-9106-c162bf56916d,synth_98813d6de4a2,itin,tabddpm_synthetic,,['en'],EIN,2024-06-23T00:19:00+00:00,100.0,0.0,55,0,6,Sunday,0,1,36,EIN,en,Bank account opening,0
86bb5696-1965-41f6-a2e1-0082c9f11859,synth_e38e1942fa9e,itin,tabddpm_synthetic,,['en'],EIN,2024-03-28T23:13:00+00:00,100000.0,50000.0,22,23,6,Sunday,0,1,100,EIN,en,Bank account opening,1
2843f125-a6d6-4ca5-bf69-75059d789ce9,synth_eb9dedcf1044,itin,tabddpm_synthetic,,['en'],EIN,2024-11-21T23:32:00+00:00,100000.0,50000.0,22,23,6,Sunday,0,1,100,EIN,en,Bank account opening,1
184d8634-7e9f-4ebf-a166-887ca2ca9921,synth_315a08813cb9,itin,tabddpm_synthetic,,['en'],EIN,2024-06-09T00:22:00+00:00,100.0,0.0,28,0,6,Sunday,0,1,17,EIN,en,Bank account opening,0
8580dd22-13f8-42e4-9baa-a6a9222f0449,synth_4028ff3e81bb,itin,tabddpm_synthetic,,['en'],EIN,2024-11-10T00:39:00+00:00,93348.07,2502.75,22,0,6,Sunday,0,1,100,EIN,en,Bank account opening,0
cec5fc84-52c2-4801-8d6f-2aedfee8284b,synth_c16e7c49b9b3,itin,tabddpm_synthetic,,['en'],EIN,2024-10-30T00:28:00+00:00,100000.0,16656.74,22,0,6,Sunday,0,1,100,EIN,en,Bank account opening,0
df255f51-a2ed-4e14-b502-3a8767b52ada,synth_45efc3ab8855,itin,tabddpm_synthetic,,['en'],EIN,2024-01-04T00:27:00+00:00,100.0,0.0,22,0,1,Tuesday,0,2000,0,EIN,en,Bank account opening,0
b445e562-8860-4626-9d66-d051dec93e55,synth_daef0e649fe9,itin,tabddpm_synthetic,,['en'],EIN,2024-07-15T21:09:00+00:00,100.0,0.0,22,21,6,Sunday,30,2000,2,EIN,en,Bank account opening,0
4409b1ce-881c-48cb-9712-1451b1b297e4,synth_7cd8bc75844b,itin,tabddpm_synthetic,,['en'],EIN,2024-05-16T14:03:00+00:00,100.0,0.0,24,14,1,Tuesday,5,2000,5,EIN,en,Bank account opening,0
2d32fc84-6ad5-4359-81c7-095b12742b63,synth_b6de9bcb7d05,itin,tabddpm_synthetic,,['en'],EIN,2024-02-07T22:06:00+00:00,1085.58,0.0,27,22,6,Sunday,7,1020,15,EIN,en,Bank account opening,0
caf20d83-f7c2-4f92-97c7-36186d75eba8,synth_c513f3a56fc2,itin,tabddpm_synthetic,,['en'],EIN,2024-02-01T20:31:00+00:00,100.0,209.52,22,20,6,Sunday,5,2000,16,EIN,en,Bank account opening,0
efa8695d-e52b-46e1-8f7c-fa10449bfc9e,synth_5878378325e9,itin,tabddpm_synthetic,,['en'],EIN,2024-06-12T23:42:00+00:00,100000.0,50000.0,55,23,0,Monday,90,1,100,EIN,en,Bank account opening,0
6064b323-a781-4826-a717-1f8c536787f0,synth_b85d73c606d0,itin,tabddpm_synthetic,,['en'],EIN,2024-07-25T23:14:00+00:00,100000.0,50000.0,22,23,6,Sunday,90,1,100,EIN,en,Bank account opening,0
9d148e69-3abd-412f-9548-49ac73c15510,synth_22c6d422ca9d,itin,tabddpm_synthetic,,['en'],EIN,2024-10-11T07:46:00+00:00,100.0,974.94,22,7,6,Sunday,37,2000,77,EIN,en,Bank account opening,0
6befc881-5b96-4212-b8b9-61013bc1a46d,synth_07798ffa9d47,itin,tabddpm_synthetic,,['en'],EIN,2024-08-12T23:38:00+00:00,100000.0,50000.0,22,23,6,Sunday,0,1,100,EIN,en,Bank account opening,0
9ca9facf-831e-4776-9f01-2ba8993e41ec,synth_094b354bd0e8,itin,tabddpm_synthetic,,['en'],EIN,2024-01-20T23:22:00+00:00,100000.0,50000.0,22,23,6,Sunday,0,1,100,EIN,en,Bank account opening,0
31a6a808-fc09-43bf-9e09-45a204b6e3db,synth_03e825a9cd41,itin,tabddpm_synthetic,,['en'],EIN,2024-08-18T23:53:00+00:00,11837.02,0.0,22,23,0,Monday,0,1,57,EIN,en,Bank account opening,0
aa272ab7-4640-4124-9f7f-62e8fbe406b2,synth_c934d18797fa,itin,tabddpm_synthetic,,['en'],EIN,2024-09-27T19:54:00+00:00,100.0,490.7,55,19,0,Monday,90,1,0,EIN,en,Bank account opening,0
61cd3eb6-7c57-4691-82f5-678c219b71d7,synth_5666f25cda1b,itin,tabddpm_synthetic,,['en'],EIN,2024-01-08T00:00:00+00:00,100.0,0.0,22,0,6,Sunday,0,1,0,EIN,en,Bank account opening,0
16d50650-5cc0-4702-9db4-29ed35334a52,synth_b4a6c006cfca,itin,tabddpm_synthetic,,['en'],EIN,2024-10-24T23:52:00+00:00,100.0,1017.15,55,23,0,Monday,90,1,0,EIN,en,Bank account opening,0
7fea0403-15fa-4d4b-b5a3-63d97976f040,synth_5e33e7236b05,itin,tabddpm_synthetic,,['en'],EIN,2024-07-22T00:47:00+00:00,100000.0,4720.33,22,0,0,Monday,0,1,100,EIN,en,Bank account opening,0
7dfbb49b-27d7-4cb6-a509-4f696391cce8,synth_ee8744732542,itin,tabddpm_synthetic,,['en'],EIN,2024-07-25T00:27:00+00:00,100000.0,50000.0,22,0,6,Sunday,0,1,100,EIN,en,Bank account opening,0
b92ba8a4-bb9f-4b2f-a45b-ffab11b03960,synth_c5ff5993eaac,itin,tabddpm_synthetic,,['en'],EIN,2024-01-04T00:26:00+00:00,100.0,0.0,22,0,0,Monday,0,2000,1,EIN,en,Bank account opening,0
f62d62d0-45c2-4f25-a515-acaba9155e13,synth_e0c0608845bf,itin,tabddpm_synthetic,,['en'],EIN,2024-11-16T16:43:00+00:00,167.08,49.65,43,16,6,Sunday,4,1336,12,EIN,en,Bank account opening,0
a46fb140-1d79-45a7-8bb4-f0e0f2c3a400,synth_9107deedd997,itin,tabddpm_synthetic,,['en'],EIN,2024-10-22T00:57:00+00:00,28275.81,1197.49,22,0,6,Sunday,0,1,100,EIN,en,Bank account opening,0
bea8d3cb-ed23-440f-a932-f29040ba520f,synth_102e5dd18285,itin,tabddpm_synthetic,,['en'],EIN,2024-10-15T16:06:00+00:00,100.0,142.55,22,16,6,Sunday,90,2000,5,EIN,en,Bank account opening,0
01a4c3c5-b662-400e-96b4-affd4f364bc5,synth_67ab0d1a7fa7,itin,tabddpm_synthetic,,['en'],EIN,2024-02-24T00:13:00+00:00,100.0,0.0,22,0,6,Sunday,29,2000,21,EIN,en,Bank account opening,0
c4cc9338-3693-4e47-a901-3df98a41795f,synth_b0bc2c3d7fb6,itin,tabddpm_synthetic,,['en'],EIN,2024-02-10T00:17:00+00:00,100000.0,50000.0,55,0,6,Sunday,90,1,100,EIN,en,Bank account opening,1
0d65b049-43d1-4ff6-98cc-9823577ab36c,synth_49cc238fb67b,itin,tabddpm_synthetic,,['en'],EIN,2024-08-25T00:24:00+00:00,100.0,0.0,22,0,5,Saturday,0,2000,0,EIN,en,Bank account opening,0
e94c8c27-1340-4d2b-9de6-cc65ab332417,synth_08e9c65fff95,itin,tabddpm_synthetic,,['en'],EIN,2024-07-30T22:03:00+00:00,20901.72,708.45,22,22,0,Monday,0,1,69,EIN,en,Bank account opening,0
816cc8c5-0680-4967-9750-853167e96f27,synth_6d19aafd2ff2,itin,tabddpm_synthetic,,['en'],EIN,2024-10-30T00:54:00+00:00,2558.66,30.36,33,0,2,Wednesday,0,2000,4,EIN,en,Bank account opening,0
d92ccf32-80ff-4c3f-b56a-d9aa5edcda40,synth_24ed72fc0165,itin,tabddpm_synthetic,,['en'],EIN,2024-01-27T00:14:00+00:00,100000.0,50000.0,22,0,6,Sunday,90,1,100,EIN,en,Bank account opening,0
bdac0ea8-6697-4c39-8efb-0681a2b25881,synth_cb0c44071611,itin,tabddpm_synthetic,,['en'],EIN,2024-10-12T23:16:00+00:00,100.0,219.77,22,23,6,Sunday,3,1262,65,EIN,en,Bank account opening,1
32b93c77-f592-4e32-a390-457345c0407c,synth_9b2e1b34514c,itin,tabddpm_synthetic,,['en'],EIN,2024-12-19T00:57:00+00:00,100000.0,50000.0,22,0,6,Sunday,0,1,100,EIN,en,Bank account opening,0
2f69a113-ac45-4958-8ec6-fb4b6b595cb8,synth_72e47f515d4d,itin,tabddpm_synthetic,,['en'],EIN,2024-01-30T00:48:00+00:00,100.0,0.0,22,0,6,Sunday,0,1622,36,EIN,en,Bank account opening,0
33789b68-4aa3-45c1-ab6f-1449543c5e6d,synth_0966c52af703,itin,tabddpm_synthetic,,['en'],EIN,2024-06-23T00:14:00+00:00,100000.0,50000.0,22,0,6,Sunday,0,1,100,EIN,en,Bank account opening,0
ac535680-6842-462a-8378-72735b86fb29,synth_b408426f3418,itin,tabddpm_synthetic,,['en'],EIN,2024-08-11T23:05:00+00:00,100.0,4154.65,55,23,0,Monday,90,2000,0,EIN,en,Bank account opening,0
99b83a61-8ade-4b7f-96d1-d153820a7dcc,synth_b200ca32ccb6,itin,tabddpm_synthetic,,['es'],EIN,2024-05-18T09:11:00+00:00,100.0,0.0,27,9,6,Sunday,20,2000,17,EIN,es,Bank account opening,0
8b85b4dd-5417-420b-9058-dcdeaa5f933d,synth_2018a1d09394,itin,tabddpm_synthetic,,['en'],EIN,2024-03-31T22:13:00+00:00,100.0,0.0,22,22,6,Sunday,18,2000,7,EIN,en,Bank account opening,0
f3268b68-813f-41e0-a27a-bba27bd1c858,synth_a78e85a0f272,itin,tabddpm_synthetic,,['en'],EIN,2024-04-12T11:11:00+00:00,100.0,393.21,41,11,0,Monday,90,2000,15,EIN,en,Bank account opening,0
3a2a5668-e190-4308-b349-3a9a412b2d25,synth_16bfb52c5c22,itin,tabddpm_synthetic,,['en'],EIN,2024-04-27T00:36:00+00:00,28238.86,1283.2,22,0,6,Sunday,0,1,70,EIN,en,Bank account opening,0
0f4a93c2-edf3-4366-9e69-bf05861f53c2,synth_d6fe5e9cbc45,itin,tabddpm_synthetic,,['en'],EIN,2024-02-21T00:49:00+00:00,100000.0,7851.17,22,0,6,Sunday,0,1,100,EIN,en,Bank account opening,0
1f282214-196e-4fb9-8024-b3fecfd05956,synth_0b899b5fc9e2,itin,tabddpm_synthetic,,['en'],EIN,2024-07-26T00:46:00+00:00,100.0,0.0,22,0,5,Saturday,0,611,13,EIN,en,Bank account opening,0
0f7e7a9d-5b7c-4a5a-b68e-bb801af721ff,synth_a651eefc0bd6,itin,tabddpm_synthetic,,['es'],EIN,2024-01-17T14:54:00+00:00,6948.5,495.68,53,14,6,Sunday,13,1766,10,EIN,es,Bank account opening,0
ea681f0c-04a0-4e74-b2cc-a5aeff34e422,synth_0c59fee4c7a8,itin,tabddpm_synthetic,,['en'],EIN,2024-07-20T23:19:00+00:00,100000.0,50000.0,22,23,0,Monday,50,1,50,EIN,en,Bank account opening,0
67c4d2a3-878b-42b1-a62d-32306806a001,synth_09d761c7a616,itin,tabddpm_synthetic,,['en'],EIN,2024-03-18T08:38:00+00:00,100.0,32.33,22,8,6,Sunday,56,2000,14,EIN,en,Bank account opening,0
5fce4e96-f63e-4721-967d-44b8ce4b21dd,synth_bc8db77acf84,itin,tabddpm_synthetic,,['en'],EIN,2024-08-04T00:51:00+00:00,6330.39,0.0,55,0,6,Sunday,0,855,0,EIN,en,Bank account opening,0
b62b623b-06a6-4f5a-8937-f8a29bd3aba1,synth_2394628f109e,itin,tabddpm_synthetic,,['en'],EIN,2024-01-11T00:26:00+00:00,100.0,83.5,22,0,6,Sunday,3,2000,28,EIN,en,Bank account opening,0
18500f31-c50a-48cd-acbc-70fd93695fa6,synth_ca3cc7348689,itin,tabddpm_synthetic,,['en'],EIN,2024-10-02T20:00:00+00:00,100.0,0.0,22,20,6,Sunday,42,2000,16,EIN,en,Bank account opening,0
082988d4-cce8-479d-b7b6-4c44c2fa0164,synth_910d9af3da92,itin,tabddpm_synthetic,,['en'],EIN,2024-05-03T23:13:00+00:00,100.0,0.0,22,23,6,Sunday,12,2000,7,EIN,en,Bank account opening,0
e457d7be-9723-4a48-ad4f-7a85d961781a,synth_82397abec3f9,itin,tabddpm_synthetic,,['en'],EIN,2024-01-29T00:45:00+00:00,100000.0,50000.0,22,0,6,Sunday,90,1,100,EIN,en,Bank account opening,0
e76258fa-d34b-4366-90b4-3b4d9c1a45fa,synth_4fa9dd6bce42,itin,tabddpm_synthetic,,['en'],ITIN,2024-06-15T23:56:00+00:00,24257.9,0.0,22,23,0,Monday,0,1,75,ITIN,en,Bank account opening,0
9dab73e6-c951-44b5-9f94-4bbbbb33d4fa,synth_bbbaea6a3ceb,itin,tabddpm_synthetic,,['en'],EIN,2024-01-24T00:27:00+00:00,100000.0,50000.0,22,0,6,Sunday,0,1,100,EIN,en,Bank account opening,1
3a4313d6-d60b-4d8b-8618-fbd3f79ea893,synth_d4de9d53ff03,itin,tabddpm_synthetic,,['en'],EIN,2024-01-31T00:47:00+00:00,100.0,0.0,22,0,5,Saturday,0,1,0,EIN,en,Bank account opening,0
dc8c45ab-c369-45d1-8278-4b301fd35e53,synth_f96454ade706,itin,tabddpm_synthetic,,['en'],EIN,2024-11-13T20:22:00+00:00,100.0,0.0,22,20,3,Thursday,41,2000,12,EIN,en,Bank account opening,0
6bed3449-f79f-4b83-b9e7-de9af0e2d4be,synth_6526241dc79a,itin,tabddpm_synthetic,,['en'],EIN,2024-03-01T00:16:00+00:00,100000.0,50000.0,22,0,6,Sunday,0,1,100,EIN,en,Bank account opening,0
490c5ab8-47ac-4cc0-969c-836e7993cf53,synth_51c198eb0c16,itin,tabddpm_synthetic,,['en'],EIN,2024-05-14T23:44:00+00:00,100.0,23356.47,55,23,0,Monday,90,2000,0,EIN,en,Bank account opening,0
26415d53-8fc8-499c-9695-7baf1898f607,synth_07da1610d3e6,itin,tabddpm_synthetic,,['en'],ITIN,2024-05-13T00:28:00+00:00,100.0,366.57,23,0,3,Thursday,0,1,3,ITIN,en,Bank account opening,0
5269637c-fbb7-4a0b-87a4-f31c5252d531,synth_83a2c6aa3592,itin,tabddpm_synthetic,,['en'],EIN,2024-03-21T00:33:00+00:00,100.0,6291.49,55,0,0,Monday,90,1,30,EIN,en,Bank account opening,0
0de8b582-62c6-420a-b250-3ba0f8f6d049,synth_57d7050b15c1,itin,tabddpm_synthetic,,['en'],EIN,2024-04-20T00:11:00+00:00,3733.24,290.64,22,0,5,Saturday,0,1,7,EIN,en,Bank account opening,0
85a3a481-c05e-4c7d-a865-462dcfaa1795,synth_3e83d9ef6050,itin,tabddpm_synthetic,,['en'],EIN,2024-10-27T08:35:00+00:00,13323.38,465.58,49,8,1,Tuesday,64,2000,10,EIN,en,Bank account opening,0
272d2f0c-7c34-4e01-9f53-b9665f736fbf,synth_01d996bb1147,itin,tabddpm_synthetic,,['en'],EIN,2024-04-17T18:18:00+00:00,100.0,0.0,22,18,6,Sunday,8,2000,5,EIN,en,Bank account opening,0
9e5e6109-3f6f-4023-8467-7715c3642f7e,synth_b6962f7db5dc,itin,tabddpm_synthetic,,['en'],EIN,2024-02-16T00:28:00+00:00,9338.79,3863.54,55,0,0,Monday,90,1,0,EIN,en,Bank account opening,0
80a00ff1-706c-4c7e-bf3e-8f8ccae319db,synth_52a423d15400,itin,tabddpm_synthetic,,['en'],EIN,2024-06-02T00:55:00+00:00,100.0,23.17,22,0,6,Sunday,64,2000,36,EIN,en,Bank account opening,0
c9168e4e-41f8-4442-ae82-818457c2698c,synth_d5ca64251a93,itin,tabddpm_synthetic,,['en'],ITIN,2024-12-02T00:34:00+00:00,3611.14,470.03,22,0,6,Sunday,0,1,9,ITIN,en,Bank account opening,0
43cdc0f8-8a0b-49aa-9fa6-40af13d681a8,synth_5d72ce2b3e9f,itin,tabddpm_synthetic,,['en'],EIN,2024-06-10T00:46:00+00:00,100000.0,50000.0,22,0,6,Sunday,0,1,100,EIN,en,Bank account opening,0
cd029030-38cf-450f-8366-fc50858c32b9,synth_9cee0b96dabc,itin,tabddpm_synthetic,,['en'],EIN,2024-08-31T15:39:00+00:00,100.0,0.0,22,15,6,Sunday,24,2000,8,EIN,en,Bank account opening,0
88cfdc05-987e-4176-9b1e-e7dacd9b78de,synth_ed875d203950,itin,tabddpm_synthetic,,['en'],EIN,2024-11-26T23:33:00+00:00,100.0,0.0,22,23,6,Sunday,17,2000,30,EIN,en,Bank account opening,0
8a53ea87-0b41-4c03-9a8d-add52eed15e1,synth_6d6b82de5515,itin,tabddpm_synthetic,,['en'],EIN,2024-03-29T20:11:00+00:00,100.0,0.0,22,20,6,Sunday,2,2000,10,EIN,en,Bank account opening,0
644ddc60-15d0-4d6e-9e0f-1916ec8208e3,synth_0cb510422050,itin,tabddpm_synthetic,,['es'],EIN,2024-06-22T06:18:00+00:00,4231.9,121.3,27,6,0,Monday,0,1,15,EIN,es,Bank account opening,0
96d69ffd-47fa-47e6-bbc3-fd8e50ab69b2,synth_1966b7cab692,itin,tabddpm_synthetic,,['en'],EIN,2024-08-28T00:44:00+00:00,100000.0,22504.33,22,0,0,Monday,0,1,100,EIN,en,Bank account opening,1
103f7629-f70b-423e-943c-98246e0a1f1f,synth_2a47559d5fd3,itin,tabddpm_synthetic,,['es'],EIN,2024-02-03T05:06:00+00:00,5793.36,202.15,39,5,0,Monday,0,323,14,EIN,es,Bank account opening,0
0c446ab3-99ec-461a-b374-e67997c206cb,synth_4a4671905db3,itin,tabddpm_synthetic,,['en'],EIN,2024-07-01T00:07:00+00:00,100.0,0.0,25,0,2,Wednesday,0,2000,0,EIN,en,Bank account opening,0
3f96adc4-037c-40e3-8346-126a2eba8a91,synth_f7edeada681c,itin,tabddpm_synthetic,,['en'],EIN,2024-10-23T00:27:00+00:00,3045.26,127.98,22,0,0,Monday,0,1,6,EIN,en,Bank account opening,0
0c05392e-7a32-4b6b-b6d6-3ef00a1c227c,synth_5fe19a648650,itin,tabddpm_synthetic,,['en'],EIN,2024-12-08T21:45:00+00:00,4667.44,462.4,24,21,6,Sunday,0,200,39,EIN,en,Bank account opening,0
7c3cc22c-b983-4073-b30f-3f80b8ca3221,synth_7ed6170fff18,itin,tabddpm_synthetic,,['en'],EIN,2024-07-29T23:01:00+00:00,100.0,1701.91,55,23,0,Monday,90,2000,0,EIN,en,Bank account opening,0
e45dcc5b-7f88-4cb5-aaa5-17df3725dade,synth_dc85bc49d5ea,itin,tabddpm_synthetic,,['en'],EIN,2024-05-21T00:45:00+00:00,100.0,0.0,22,0,0,Monday,0,1621,7,EIN,en,Bank account opening,0
3b3def3f-3429-4ad1-8773-f5ff26114f68,synth_6600e4782797,itin,tabddpm_synthetic,,['en'],EIN,2024-04-28T23:55:00+00:00,100000.0,50000.0,22,23,6,Sunday,90,1,34,EIN,en,Bank account opening,0
24ae83b9-7bc2-4d50-a034-71bec7909443,synth_9f825b684f95,itin,tabddpm_synthetic,,['en'],EIN,2024-01-11T21:40:00+00:00,100000.0,17354.7,22,21,6,Sunday,4,2000,22,EIN,en,Bank account opening,0
1bd7e07f-dad8-4545-8249-6374829db665,synth_92aa6695a833,itin,tabddpm_synthetic,,['en'],EIN,2024-10-25T00:35:00+00:00,20374.37,983.83,22,0,1,Tuesday,0,1,74,EIN,en,Bank account opening,0
e766f5b7-e5f5-4d36-a3f7-4deb8d149961,synth_7efdfc424679,itin,tabddpm_synthetic,,['en'],EIN,2024-05-26T00:11:00+00:00,100.0,0.0,29,0,1,Tuesday,0,2000,7,EIN,en,Bank account opening,0
9ee715d5-35a8-413e-9960-c30b6d67f081,synth_0e32bf3b6934,itin,tabddpm_synthetic,,['en'],EIN,2024-01-28T14:07:00+00:00,100.0,2845.61,55,14,6,Sunday,90,2000,0,EIN,en,Bank account opening,0
0b2e940e-bbae-4ee5-ac9a-b1b2dd247c25,synth_d946deaa79c7,itin,tabddpm_synthetic,,['en'],EIN,2024-02-28T04:49:00+00:00,972.27,0.0,41,4,2,Wednesday,0,959,7,EIN,en,Bank account opening,0
58186314-b63a-4e07-9af7-4e1b65987cc7,synth_ac887481284a,itin,tabddpm_synthetic,,['en'],EIN,2024-09-14T00:07:00+00:00,100000.0,50000.0,22,0,0,Monday,0,1,100,EIN,en,Bank account opening,1
c0537f22-63d5-4b99-b895-d6f7006672ce,synth_296c56c8e4db,itin,tabddpm_synthetic,,['en'],EIN,2024-10-15T23:22:00+00:00,100.0,5646.67,55,23,0,Monday,90,2000,0,EIN,en,Bank account opening,0
d14dd930-ab49-4b9a-8ee7-4d344127d019,synth_5044bae482d9,itin,tabddpm_synthetic,,['en'],ITIN,2024-05-08T00:16:00+00:00,100.0,0.0,25,0,0,Monday,0,2000,7,ITIN,en,Bank account opening,0
5643306d-a640-4502-9470-50a88d94906d,synth_1e65f8cb30da,itin,tabddpm_synthetic,,['en'],EIN,2024-08-17T17:17:00+00:00,100.0,0.0,22,17,6,Sunday,15,2000,6,EIN,en,Bank account opening,0
fcd63333-5554-4352-90cd-1d4b9bc2c331,synth_67ffdb8fc255,itin,tabddpm_synthetic,,['en'],EIN,2024-10-23T23:27:00+00:00,100.0,1641.41,55,23,0,Monday,90,2000,7,EIN,en,Bank account opening,0
299b09f6-b9b2-49e1-9bbc-0978482ce767,synth_449d282b0e46,itin,tabddpm_synthetic,,['en'],EIN,2024-02-07T00:43:00+00:00,100000.0,50000.0,22,0,0,Monday,90,1,100,EIN,en,Bank account opening,1
b7434488-e30a-4c7d-acfb-2031e4750c93,synth_6b5281ad4a6b,itin,tabddpm_synthetic,,['en'],EIN,2024-08-21T23:52:00+00:00,100.0,1217.06,55,23,0,Monday,90,2000,2,EIN,en,Bank account opening,0
114901cd-d203-4528-a736-f624ec9cb3f1,synth_eb122a98731c,itin,tabddpm_synthetic,,['en'],EIN,2024-12-19T23:12:00+00:00,100000.0,50000.0,22,23,6,Sunday,0,1,100,EIN,en,Bank account opening,0
c82c8ad8-4418-4fdd-9f31-86bf81dc0413,synth_5ecaead09c28,itin,tabddpm_synthetic,,['en'],EIN,2024-12-05T00:58:00+00:00,100000.0,50000.0,22,0,6,Sunday,0,1,100,EIN,en,Bank account opening,0
cdb9c8a2-56e9-44a4-a1c6-eeeec4525431,synth_b88607b5f232,itin,tabddpm_synthetic,,['en'],EIN,2024-08-18T16:23:00+00:00,100.0,0.0,22,16,6,Sunday,27,2000,7,EIN,en,Bank account opening,0
62df8f36-ebf9-4d5a-97fc-e0bf45885142,synth_100a3647368a,itin,tabddpm_synthetic,,['en'],EIN,2024-06-21T23:43:00+00:00,100000.0,50000.0,22,23,6,Sunday,0,1,100,EIN,en,Bank account opening,0
663cde8a-43d6-4a89-913d-79a3c6b5a07a,synth_c33817836a5c,itin,tabddpm_synthetic,,['en'],EIN,2024-04-25T09:52:00+00:00,100.0,0.0,22,9,6,Sunday,55,2000,11,EIN,en,Bank account opening,0
d57fd16f-ca79-4fdb-8b07-de33ec3ea74b,synth_f9728a9bcd71,itin,tabddpm_synthetic,,['en'],EIN,2024-01-27T14:18:00+00:00,100.0,0.0,22,14,6,Sunday,90,2000,23,EIN,en,Bank account opening,0
77b1be1b-6838-47bf-93bc-221a2b2730b9,synth_d49e453a6c7c,itin,tabddpm_synthetic,,['en'],EIN,2024-08-27T23:47:00+00:00,100.0,18012.62,55,23,0,Monday,90,2000,0,EIN,en,Bank account opening,0
10fbc471-662c-4386-8ab6-cc905323ed5a,synth_47180a31aada,itin,tabddpm_synthetic,,['en'],EIN,2024-05-31T08:30:00+00:00,100.0,569.1,55,8,6,Sunday,90,1494,0,EIN,en,Bank account opening,0
4ccd4fbe-57e9-4036-949a-165c2816de58,synth_6898638f151b,itin,tabddpm_synthetic,,['en'],EIN,2024-10-25T00:25:00+00:00,3709.11,574.03,22,0,6,Sunday,0,1,19,EIN,en,Bank account opening,0
34dc6998-7065-49e6-8339-1751798a9e62,synth_542860d9f264,itin,tabddpm_synthetic,,['en'],EIN,2024-06-15T23:13:00+00:00,100.0,12471.46,55,23,0,Monday,90,2000,0,EIN,en,Bank account opening,0
9d3dc2cf-ffe8-4ac7-830c-03e817b4a90d,synth_78732a73aba8,itin,tabddpm_synthetic,,['en'],EIN,2024-01-31T23:50:00+00:00,100.0,3809.78,55,23,0,Monday,90,2000,0,EIN,en,Bank account opening,0
d7b4b3a0-2eac-4a18-a09d-24a794cc2afb,synth_570819862972,itin,tabddpm_synthetic,,['es'],EIN,2024-04-07T14:23:00+00:00,5006.5,181.17,29,14,2,Wednesday,3,1621,16,EIN,es,Bank account opening,0
7d0d6dac-cd55-4965-a6db-d9c942daea71,synth_b7d211e5c430,itin,tabddpm_synthetic,,['en'],EIN,2024-08-12T06:22:00+00:00,100.0,216.48,22,6,6,Sunday,13,1530,0,EIN,en,Bank account opening,0
e9e82a6f-4660-4b82-af8b-d7dbbc2464e3,synth_70f2f05f7453,itin,tabddpm_synthetic,,['en'],EIN,2024-10-29T18:40:00+00:00,100.0,0.0,22,18,6,Sunday,15,2000,10,EIN,en,Bank account opening,0
37410622-5a28-4eb7-b30f-f004158ec276,synth_8592ed4edd13,itin,tabddpm_synthetic,,['en'],EIN,2024-11-01T23:10:00+00:00,100000.0,15581.07,22,23,0,Monday,0,1,100,EIN,en,Bank account opening,1
1fa7f6d9-0175-4281-bd7b-d0ef19ecbf05,synth_ecc12f4d885e,itin,tabddpm_synthetic,,['es'],EIN,2024-02-21T00:35:00+00:00,100.0,0.0,22,0,6,Sunday,1,604,3,EIN,es,Bank account opening,0
dac9884f-c699-4789-91e7-41415ae4fd0b,synth_c9abc60b323c,itin,tabddpm_synthetic,,['en'],EIN,2024-11-15T23:28:00+00:00,100000.0,870.61,22,23,0,Monday,0,1,100,EIN,en,Bank account opening,0
4beb0656-b3f6-41ed-b7e7-d9fc87f92151,synth_39b10ff9253f,itin,tabddpm_synthetic,,['en'],EIN,2024-05-18T00:22:00+00:00,100000.0,34590.57,22,0,6,Sunday,90,1,100,EIN,en,Bank account opening,0
e5587468-7a9a-4f78-92e4-7b9c96ad3cce,synth_6a2cf6af43d9,itin,tabddpm_synthetic,,['en'],EIN,2024-10-25T00:19:00+00:00,100000.0,50000.0,22,0,6,Sunday,0,1,100,EIN,en,Bank account opening,0
c762e8b0-4e61-439d-98ee-205d809aa637,synth_737fa82c78a2,itin,tabddpm_synthetic,,['en'],EIN,2024-06-29T00:40:00+00:00,100.0,0.0,22,0,6,Sunday,58,2000,19,EIN,en,Bank account opening,0
ca9a6cd2-3125-4329-9661-ff6cd27c262f,synth_93b36de4071b,itin,tabddpm_synthetic,,['en'],EIN,2024-01-09T02:23:00+00:00,100.0,4129.29,55,2,0,Monday,90,2000,64,EIN,en,Bank account opening,0
af0da0a1-30f2-4818-ac33-0fcfbae34025,synth_662f64cbd8d0,itin,tabddpm_synthetic,,['en'],EIN,2024-04-16T00:50:00+00:00,100.0,0.0,31,0,0,Monday,0,1875,4,EIN,en,Bank account opening,0
010ae1f8-a2b5-4251-84a0-896a26cf46b6,synth_f6f5783e0871,itin,tabddpm_synthetic,,['en'],EIN,2024-06-26T23:22:00+00:00,100000.0,42020.25,22,23,0,Monday,0,1,100,EIN,en,Bank account opening,0
a180bcc0-a8f2-4a1a-83d6-be2c5245002b,synth_eb40a1aa5ce2,itin,tabddpm_synthetic,,['en'],EIN,2024-07-28T04:59:00+00:00,100.0,0.0,22,4,6,Sunday,18,2000,4,EIN,en,Bank account opening,0
82e74704-ff6c-49cc-9fb0-5d592f1728f2,synth_d63a111cade1,itin,tabddpm_synthetic,,['en'],EIN,2024-03-07T23:50:00+00:00,100000.0,50000.0,22,23,6,Sunday,0,1,100,EIN,en,Bank account opening,0
6dbe4799-6e16-455a-b34b-b00b0088d89a,synth_019949b8357b,itin,tabddpm_synthetic,,['en'],EIN,2024-10-06T07:01:00+00:00,26114.34,3601.35,22,7,1,Tuesday,20,1764,16,EIN,en,Bank account opening,0
b776c8f5-09c7-43ee-ac76-4da7c4dc347b,synth_a5a6b6e45a2c,itin,tabddpm_synthetic,,['en'],EIN,2024-11-01T00:34:00+00:00,100.0,0.0,55,0,6,Sunday,0,1,49,EIN,en,Bank account opening,0
5f7babde-5b82-4d6a-aa6c-2258a6d07670,synth_1203a6e964bc,itin,tabddpm_synthetic,,['en'],EIN,2024-06-17T12:28:00+00:00,100.0,43.6,22,12,6,Sunday,13,2000,5,EIN,en,Bank account opening,0
8a155376-7502-425f-af1c-182163ccb0d4,synth_12a3bc2fe2b0,itin,tabddpm_synthetic,,['en'],EIN,2024-02-11T00:16:00+00:00,927.82,0.0,22,0,1,Tuesday,0,833,6,EIN,en,Bank account opening,0
adb87e64-2d7e-4608-8953-2a90cdab951c,synth_0fb9db160669,itin,tabddpm_synthetic,,['en'],EIN,2024-08-15T00:09:00+00:00,100.0,0.0,55,0,6,Sunday,0,1,35,EIN,en,Bank account opening,0
fc25110c-1036-4e65-b823-91cdf0bb8e90,synth_84dfd24e0990,itin,tabddpm_synthetic,,['en'],EIN,2024-03-01T00:51:00+00:00,100000.0,44179.48,22,0,6,Sunday,0,1,100,EIN,en,Bank account opening,1
e11aef52-7d7f-499d-9fdd-1bae4b00a7fa,synth_e686c24efbb1,itin,tabddpm_synthetic,,['en'],EIN,2024-04-07T23:26:00+00:00,100.0,6054.38,55,23,0,Monday,90,2000,0,EIN,en,Bank account opening,0
bdf762d9-39b8-431a-8266-76414d2dced0,synth_702122c0395d,itin,tabddpm_synthetic,,['en'],EIN,2024-06-22T00:56:00+00:00,100000.0,12777.1,22,0,0,Monday,0,1,100,EIN,en,Bank account opening,1
269b88c7-0df6-42ef-a009-6650df21fe3a,synth_c5b1b428ce15,itin,tabddpm_synthetic,,['en'],EIN,2024-08-16T00:14:00+00:00,100000.0,7189.23,22,0,6,Sunday,0,1,100,EIN,en,Bank account opening,0
8c639079-7171-41fb-b607-cf142b61bf90,synth_1d498cacd485,itin,tabddpm_synthetic,,['en'],EIN,2024-03-20T10:21:00+00:00,100.0,3670.92,55,10,0,Monday,90,1,19,EIN,en,Bank account opening,0
6e932d77-0dc0-4533-a293-c0fd8f068c3a,synth_3ab016bd5d19,itin,tabddpm_synthetic,,['en'],EIN,2024-10-29T23:33:00+00:00,100000.0,50000.0,22,23,6,Sunday,90,1,100,EIN,en,Bank account opening,1
cb2b9059-2927-46d3-93b3-7b0d857d3ee0,synth_b2ecad50e1d2,itin,tabddpm_synthetic,,['en'],EIN,2024-03-25T23:05:00+00:00,100.0,68.76,22,23,6,Sunday,6,2000,13,EIN,en,Bank account opening,0
c6201237-e99d-4349-9452-c73101f174d3,synth_69fad34d6a53,itin,tabddpm_synthetic,,['en'],EIN,2024-03-12T11:12:00+00:00,100.0,0.0,22,11,6,Sunday,44,2000,11,EIN,en,Bank account opening,0
2c57629b-1e3f-4bd3-8f07-696dace5cf0c,synth_d03b50a7f952,itin,tabddpm_synthetic,,['en'],EIN,2024-11-16T07:41:00+00:00,100.0,9.27,22,7,6,Sunday,25,2000,6,EIN,en,Bank account opening,0
22f03086-09ee-4606-b372-a31a0d7d3c36,synth_8223eb85e259,itin,tabddpm_synthetic,,['en'],EIN,2024-01-23T23:03:00+00:00,100.0,0.0,22,23,6,Sunday,16,2000,7,EIN,en,Bank account opening,0
58a0b703-729b-465d-a54d-ae486b9333c9,synth_fe893f3190ae,itin,tabddpm_synthetic,,['en'],EIN,2024-06-24T09:23:00+00:00,100.0,0.0,22,9,6,Sunday,19,2000,10,EIN,en,Bank account opening,0
f7c7d566-a714-47bf-975a-569eae63a76b,synth_668c987c0612,itin,tabddpm_synthetic,,['en'],EIN,2024-11-30T23:58:00+00:00,100000.0,50000.0,22,23,6,Sunday,90,2000,100,EIN,en,Bank account opening,0
13a08385-c52a-449c-8f8f-4f3c50066da0,synth_dcadbbbf12f2,itin,tabddpm_synthetic,,['en'],EIN,2024-05-01T23:10:00+00:00,100.0,5094.77,55,23,0,Monday,90,2000,0,EIN,en,Bank account opening,0
bb1f12f9-1540-4d5e-9dfb-23e364381004,synth_d1f160f46014,itin,tabddpm_synthetic,,['en'],EIN,2024-01-15T00:20:00+00:00,100000.0,42069.15,22,0,6,Sunday,0,1,100,EIN,en,Bank account opening,0
d4a2cdc7-07e8-4e62-9530-2741351448b2,synth_958e2d014267,itin,tabddpm_synthetic,,['en'],EIN,2024-08-27T23:28:00+00:00,100.0,1528.99,55,23,0,Monday,90,2000,0,EIN,en,Bank account opening,0
3731e0ca-51af-4d7d-810e-a0b8dd09198d,synth_ac9a765694cc,itin,tabddpm_synthetic,,['es'],EIN,2024-03-01T11:35:00+00:00,6650.65,165.74,30,11,0,Monday,3,1296,23,EIN,es,Bank account opening,0
f3e0dfd3-3909-433e-bf96-21355597b01c,synth_befd3086a743,itin,tabddpm_synthetic,,['en'],EIN,2024-03-11T00:21:00+00:00,100.0,0.0,22,0,2,Wednesday,0,1572,5,EIN,en,Bank account opening,0
5a356ad8-60ea-4fe6-a8d9-15f6b598eb17,synth_40970640fdbe,itin,tabddpm_synthetic,,['en'],EIN,2024-04-25T00:18:00+00:00,100000.0,4919.74,22,0,0,Monday,0,1,100,EIN,en,Bank account opening,0
38319595-7515-4e21-a10e-2d9e8a1aca91,synth_f6c05ad0b5f4,itin,tabddpm_synthetic,,['en'],EIN,2024-10-10T00:18:00+00:00,100.0,0.0,22,0,6,Sunday,39,2000,26,EIN,en,Bank account opening,0
85e49353-ab77-4c95-8aef-0245a8075cac,synth_8d307199d177,itin,tabddpm_synthetic,,['en'],EIN,2024-04-04T16:07:00+00:00,354.23,0.0,22,16,2,Wednesday,4,2000,11,EIN,en,Bank account opening,0
f7379264-aac0-42b2-acd6-2d45ad8135ac,synth_ff82afb9cefe,itin,tabddpm_synthetic,,['en'],EIN,2024-02-18T00:10:00+00:00,100000.0,18213.06,22,0,4,Friday,0,1,100,EIN,en,Bank account opening,0
9c337848-b7d2-405e-877f-c7672f5f5a28,synth_2b8f5cdc7ed5,itin,tabddpm_synthetic,,['en'],EIN,2024-01-11T03:44:00+00:00,100.0,3162.82,22,3,6,Sunday,0,1095,100,EIN,en,Bank account opening,0
99a0d9e1-d484-4642-95b9-7629b7d29d6c,synth_85afeec8302e,itin,tabddpm_synthetic,,['en'],ITIN,2024-08-11T07:05:00+00:00,5323.59,286.04,22,7,1,Tuesday,4,663,5,ITIN,en,Bank account opening,0
21119b21-c4ab-423f-ab64-10d151773aff,synth_067fc094bf91,itin,tabddpm_synthetic,,['en'],EIN,2024-06-19T23:06:00+00:00,100.0,969.27,55,23,6,Sunday,90,2000,0,EIN,en,Bank account opening,0
44718014-9d59-4f1a-aab5-4ef20ddbf8da,synth_930930c2f3d5,itin,tabddpm_synthetic,,['en'],EIN,2024-02-11T23:52:00+00:00,100.0,36834.28,55,23,0,Monday,90,2000,0,EIN,en,Bank account opening,0
c6d5f19b-79f7-4603-bd4d-83862386f56c,synth_add4516788b0,itin,tabddpm_synthetic,,['en'],EIN,2024-11-14T00:52:00+00:00,100000.0,50000.0,55,0,0,Monday,90,1,0,EIN,en,Bank account opening,0
52433359-af6f-4e4e-8b7f-e30d75ebc057,synth_661dfc6205a8,itin,tabddpm_synthetic,,['en'],EIN,2024-03-19T00:19:00+00:00,100.0,455.06,22,0,6,Sunday,0,2000,63,EIN,en,Bank account opening,0
31803d49-9b24-436d-9324-65c4950b6129,synth_6d155e1ede8f,itin,tabddpm_synthetic,,['en'],EIN,2024-04-02T00:29:00+00:00,100.0,0.0,22,0,0,Monday,0,1920,4,EIN,en,Bank account opening,0
057ad879-4861-4b4e-9c17-12091e60afb4,synth_f8294fb980cc,itin,tabddpm_synthetic,,['en'],EIN,2024-01-11T05:52:00+00:00,100.0,195.53,22,5,6,Sunday,23,2000,5,EIN,en,Bank account opening,0
14161844-e1c0-410f-a72f-fcf40cd4b163,synth_1ba5a296b20a,itin,tabddpm_synthetic,,['en'],EIN,2024-10-31T19:30:00+00:00,100.0,0.0,22,19,6,Sunday,13,2000,5,EIN,en,Bank account opening,0
b90ac34c-3a6c-458e-876b-d469740592e1,synth_0fe1bebeeeb6,itin,tabddpm_synthetic,,['en'],EIN,2024-02-07T00:20:00+00:00,100000.0,50000.0,22,0,6,Sunday,90,1,100,EIN,en,Bank account opening,0
55c9c937-1d2f-4f3b-b426-3be36d33769b,synth_10d8e1e92f5e,itin,tabddpm_synthetic,,['en'],EIN,2024-12-10T23:02:00+00:00,100000.0,50000.0,22,23,6,Sunday,0,1,100,EIN,en,Bank account opening,0
83cf8274-aa3c-4eda-8170-17db79172795,synth_dc1eed984bb7,itin,tabddpm_synthetic,,['en'],EIN,2024-05-28T00:55:00+00:00,100.0,8733.43,55,0,0,Monday,90,1,100,EIN,en,Bank account opening,0
76a6e5cf-ff69-4538-9208-f7806a636dc9,synth_4aae9f5a10b0,itin,tabddpm_synthetic,,['en'],EIN,2024-12-11T23:16:00+00:00,100.0,3560.64,55,23,0,Monday,90,2000,0,EIN,en,Bank account opening,0
8b24476f-2e2a-4434-b749-c55725c793ae,synth_74028be2020e,itin,tabddpm_synthetic,,['en'],EIN,2024-09-10T16:52:00+00:00,100.0,0.0,22,16,6,Sunday,38,2000,10,EIN,en,Bank account opening,0
2c1cd700-2e16-4f60-b402-610e91788f5c,synth_dfe52b4afd46,itin,tabddpm_synthetic,,['en'],EIN,2024-01-26T00:45:00+00:00,100000.0,50000.0,22,0,6,Sunday,90,1,100,EIN,en,Bank account opening,0
032453cd-8f23-4125-9a7f-e9b74b0bf0cb,synth_e566dfdedce4,itin,tabddpm_synthetic,,['en'],EIN,2024-11-06T17:53:00+00:00,100.0,1439.73,55,17,6,Sunday,90,2000,0,EIN,en,Bank account opening,0
aa467d71-bbf7-418c-9b60-9ab87a854f49,synth_f134b751a91b,itin,tabddpm_synthetic,,['en'],EIN,2024-10-02T23:42:00+00:00,3789.03,0.0,22,23,2,Wednesday,0,2000,2,EIN,en,Bank account opening,0
6ccc58d9-103a-4396-a949-e466effe0349,synth_177c047d050f,itin,tabddpm_synthetic,,['en'],EIN,2024-11-25T23:24:00+00:00,100.0,76.69,35,23,6,Sunday,90,2000,54,EIN,en,Bank account opening,0
a437c711-b493-4f3b-86e2-ec0f8c7c3699,synth_c2bbd1d26328,itin,tabddpm_synthetic,,['en'],EIN,2024-11-03T00:20:00+00:00,100.0,81.25,22,0,6,Sunday,22,2000,25,EIN,en,Bank account opening,0
3b1e3dd5-0c59-46a1-ac03-523156178a97,synth_b99a0a3ecff3,itin,tabddpm_synthetic,,['en'],EIN,2024-10-13T23:21:00+00:00,100.0,0.0,22,23,6,Sunday,10,2000,9,EIN,en,Bank account opening,0
43447104-d209-42c9-b7a2-7b382a6903d3,synth_5d5b2599ab1c,itin,tabddpm_synthetic,,['en'],EIN,2024-10-04T23:20:00+00:00,1214.2,0.0,22,23,6,Sunday,0,626,8,EIN,en,Bank account opening,0
f72a7f11-1656-41ed-908c-4e0934230d55,synth_f1b8e06a9f5f,itin,tabddpm_synthetic,,['en'],EIN,2024-03-13T00:14:00+00:00,100.0,0.0,22,0,0,Monday,0,86,9,EIN,en,Bank account opening,0
3b97df37-9224-4ce3-aa6a-b883a605bdf5,synth_54fbabe1316a,itin,tabddpm_synthetic,,['en'],EIN,2024-06-25T23:35:00+00:00,100.0,11215.7,55,23,0,Monday,90,2000,0,EIN,en,Bank account opening,0
a6a263b6-93f0-4e5f-96fe-741a67f1d481,synth_0dbaf7345fc3,itin,tabddpm_synthetic,,['en'],EIN,2024-12-28T00:27:00+00:00,100.0,0.0,38,0,3,Thursday,0,829,3,EIN,en,Bank account opening,0
c0904fa1-8069-4b51-bd96-c1698b2a21ca,synth_f95aeb76ac74,itin,tabddpm_synthetic,,['en'],EIN,2024-04-03T00:22:00+00:00,100000.0,50000.0,22,0,6,Sunday,0,1,100,EIN,en,Bank account opening,1
95cbcce7-94e7-46a6-8f83-686616198f50,synth_f346f79a6a25,itin,tabddpm_synthetic,,['en'],EIN,2024-10-27T22:28:00+00:00,100.0,708.95,22,22,6,Sunday,70,2000,22,EIN,en,Bank account opening,0
75842cfd-5a62-4816-b675-0c8859a815a8,synth_aac5347c80f7,itin,tabddpm_synthetic,,['en'],EIN,2024-03-25T23:56:00+00:00,100.0,3756.8,55,23,6,Sunday,90,2000,0,EIN,en,Bank account opening,0
2ec71d73-5e98-44f3-af84-7c79525d7206,synth_e35baa6e7f4e,itin,tabddpm_synthetic,,['en'],EIN,2024-09-10T00:53:00+00:00,100000.0,50000.0,22,0,0,Monday,0,1,100,EIN,en,Bank account opening,0
0e574891-f8b4-4f78-a64b-e76c1323b99c,synth_4b97a6a71546,itin,tabddpm_synthetic,,['en'],EIN,2024-10-09T23:14:00+00:00,100000.0,50000.0,22,23,6,Sunday,0,1,100,EIN,en,Bank account opening,1
26f47912-48c6-4b44-b6e4-54b1312e5c38,synth_4196d619f805,itin,tabddpm_synthetic,,['en'],EIN,2024-04-11T00:02:00+00:00,100000.0,50000.0,22,0,6,Sunday,0,1,100,EIN,en,Bank account opening,0
dcfa4ffc-ef60-4484-9346-95a657f4bcd7,synth_7522f46484a9,itin,tabddpm_synthetic,,['en'],EIN,2024-01-05T00:33:00+00:00,7384.96,0.0,22,0,0,Monday,0,1,34,EIN,en,Bank account opening,0
a4b4bf60-9ff8-46e6-a079-426029ef98e1,synth_306fccc1bc30,itin,tabddpm_synthetic,,['en'],EIN,2024-06-15T00:41:00+00:00,100.0,0.0,22,0,4,Friday,0,2000,0,EIN,en,Bank account opening,0
29e36e9e-c572-490f-bd22-54ce109903f0,synth_c50a03b0079b,itin,tabddpm_synthetic,,['en'],EIN,2024-02-24T00:41:00+00:00,100.0,1112.54,22,0,6,Sunday,90,2000,0,EIN,en,Bank account opening,0
dbe9222d-ce88-4d08-9619-45d4d1b99455,synth_afdf13f3aacb,itin,tabddpm_synthetic,,['en'],EIN,2024-04-01T23:52:00+00:00,100.0,0.0,22,23,6,Sunday,0,1063,19,EIN,en,Bank account opening,0
00ea7fa0-b552-4272-9165-0c781b8e39e0,synth_2df6fd17b10f,itin,tabddpm_synthetic,,['en'],EIN,2024-01-05T00:28:00+00:00,100000.0,1983.95,22,0,0,Monday,0,1,100,EIN,en,Bank account opening,0
af4dbee6-a659-4c1f-96b4-2414f0e3b4cd,synth_e063bb610587,itin,tabddpm_synthetic,,['en'],EIN,2024-06-03T00:20:00+00:00,100000.0,50000.0,22,0,6,Sunday,0,1,100,EIN,en,Bank account opening,1
df341cfd-48d9-476b-9e5d-1ffd3218fb49,synth_2897a393ff9e,itin,tabddpm_synthetic,,['en'],EIN,2024-04-12T23:17:00+00:00,23583.21,3293.31,22,23,6,Sunday,11,2000,14,EIN,en,Bank account opening,0
6992eda2-1fcf-4eec-9412-5f6a4b70a6d2,synth_8f0b73c2e039,itin,tabddpm_synthetic,,['en'],EIN,2024-10-17T00:58:00+00:00,100.0,1187.81,55,0,0,Monday,90,287,12,EIN,en,Bank account opening,0
5d492dd3-bcf3-4a63-a698-7ab422bf65b6,synth_499696c78961,itin,tabddpm_synthetic,,['en'],EIN,2024-12-10T11:51:00+00:00,12910.73,224.76,22,11,0,Monday,0,1,35,EIN,en,Bank account opening,0
62185ada-eb64-4843-ada2-e558ed9d63e4,synth_12bbafcc6f7a,itin,tabddpm_synthetic,,['en'],EIN,2024-04-11T00:07:00+00:00,100000.0,50000.0,22,0,6,Sunday,90,1,100,EIN,en,Bank account opening,0
84b9c5ff-5a9c-4932-9583-3ccb25c268ff,synth_d2bbb48303a4,itin,tabddpm_synthetic,,['en'],EIN,2024-08-21T00:18:00+00:00,7446.69,0.0,22,0,2,Wednesday,0,1,0,EIN,en,Bank account opening,0
670fe1e1-cd0d-4736-bf6e-a90aa49c6071,synth_0565d55b5d94,itin,tabddpm_synthetic,,['en'],EIN,2024-07-04T23:07:00+00:00,100.0,19717.31,55,23,0,Monday,90,2000,0,EIN,en,Bank account opening,0
d5cc046c-9d59-4da2-b257-7b5ea2a7b7e0,synth_f82d728785a9,itin,tabddpm_synthetic,,['en'],EIN,2024-01-08T23:41:00+00:00,100000.0,21158.11,22,23,6,Sunday,0,1,100,EIN,en,Bank account opening,0
afa0a669-f47b-403a-8e0c-98af37784545,synth_7735f5c08a8b,itin,tabddpm_synthetic,,['en'],EIN,2024-12-09T23:31:00+00:00,100.0,8066.61,55,23,0,Monday,90,1,77,EIN,en,Bank account opening,0
b4ead1ba-3d4d-42d6-b60d-2843d6c25624,synth_4abda119ee5c,itin,tabddpm_synthetic,,['en'],EIN,2024-09-29T00:22:00+00:00,100.0,275.89,22,0,6,Sunday,42,2000,27,EIN,en,Bank account opening,0
454d8042-d7f1-4bea-a2af-3a57a045eca4,synth_6be0884dbc1f,itin,tabddpm_synthetic,,['en'],EIN,2024-12-02T00:47:00+00:00,11921.92,12271.64,55,0,0,Monday,90,1,100,EIN,en,Bank account opening,0
4a603446-7be2-4619-8a19-13f5596c7372,synth_80a47c67836e,itin,tabddpm_synthetic,,['en'],EIN,2024-07-21T12:53:00+00:00,100.0,6.81,22,12,6,Sunday,30,2000,25,EIN,en,Bank account opening,0
50487b84-5a54-4878-9864-c797279a77ab,synth_8e0088e8395a,itin,tabddpm_synthetic,,['en'],EIN,2024-07-14T10:51:00+00:00,100.0,55.83,22,10,6,Sunday,44,2000,6,EIN,en,Bank account opening,0
b488b0f0-4519-411f-88df-4614daa775b0,synth_91f8932f685f,itin,tabddpm_synthetic,,['en'],EIN,2024-11-04T06:50:00+00:00,100.0,0.0,39,6,3,Thursday,5,2000,1,EIN,en,Bank account opening,0
2715e1a5-6abb-497c-88aa-aedfbef27566,synth_1a8f9c92b3b1,itin,tabddpm_synthetic,,['en'],ITIN,2024-08-21T23:35:00+00:00,8928.37,0.0,22,23,0,Monday,0,1,62,ITIN,en,Bank account opening,0
20227d92-dc8c-455a-9344-e59a261fcf4c,synth_2960d817ba7d,itin,tabddpm_synthetic,,['en'],EIN,2024-02-13T23:58:00+00:00,100.0,43689.55,55,23,0,Monday,90,2000,100,EIN,en,Bank account opening,0
e0bb2a49-12e2-4754-8326-4a9dc77fca4e,synth_63a4585340be,itin,tabddpm_synthetic,,['en'],EIN,2024-04-22T14:38:00+00:00,100.0,199.66,42,14,4,Friday,58,2000,8,EIN,en,Bank account opening,0
a2461b43-c53f-445d-afdf-3734429080ef,synth_081d58fb370f,itin,tabddpm_synthetic,,['en'],EIN,2024-06-11T19:03:00+00:00,100.0,0.0,22,19,6,Sunday,25,2000,6,EIN,en,Bank account opening,0
81168693-6bcc-4420-a8e4-758027b50711,synth_6b3b85486c16,itin,tabddpm_synthetic,,['en'],EIN,2024-09-15T23:07:00+00:00,100000.0,50000.0,22,23,6,Sunday,0,1,100,EIN,en,Bank account opening,1
a76c79ae-58be-4d3d-9d00-6ba5fa54b59c,synth_6de0b91e0470,itin,tabddpm_synthetic,,['en'],EIN,2024-03-14T00:30:00+00:00,100.0,0.0,22,0,6,Sunday,35,2000,34,EIN,en,Bank account opening,0
1f459a84-9c19-4f42-b4ab-e1931f950da9,synth_00ed8117ff32,itin,tabddpm_synthetic,,['en'],EIN,2024-01-14T00:33:00+00:00,100.0,805.6,22,0,6,Sunday,0,1,5,EIN,en,Bank account opening,0
52fd3a34-ecdf-483b-ab58-ca3c894febc9,synth_cafc4d4d3e08,itin,tabddpm_synthetic,,['es'],EIN,2024-05-23T11:31:00+00:00,100.0,117.6,29,11,5,Saturday,12,2000,9,EIN,es,Bank account opening,0
e9a835e4-7d2a-4195-927c-858864aa940e,synth_ba847609d6ed,itin,tabddpm_synthetic,,['en'],EIN,2024-09-11T00:53:00+00:00,10450.52,744.51,22,0,1,Tuesday,2,1,14,EIN,en,Bank account opening,0
e6e04168-e67b-4576-9bc7-61a8670a396f,synth_d9e5e03b6838,itin,tabddpm_synthetic,,['en'],EIN,2024-03-21T00:32:00+00:00,100.0,0.0,37,0,6,Sunday,0,9,0,EIN,en,Bank account opening,0
ce6343b8-f98e-449d-b481-7976c8723522,synth_d0c947c4dedb,itin,tabddpm_synthetic,,['es'],EIN,2024-12-29T06:31:00+00:00,5210.94,0.12,42,6,5,Saturday,0,895,2,EIN,es,Bank account opening,0
09fc8d37-011c-4693-8655-027c738fe57a,synth_33feae521e77,itin,tabddpm_synthetic,,['en'],EIN,2024-07-11T00:40:00+00:00,50230.31,749.84,22,0,6,Sunday,0,1,91,EIN,en,Bank account opening,0
f4c85a5d-9216-4375-a249-5060da1f8fa3,synth_2cbae4e48aa9,itin,tabddpm_synthetic,,['en'],EIN,2024-01-21T00:05:00+00:00,100.0,203.92,22,0,6,Sunday,45,2000,26,EIN,en,Bank account opening,0
d2d6d45c-954f-4b5e-bebb-57606f2ccf1e,synth_665fc81bf750,itin,tabddpm_synthetic,,['en'],EIN,2024-12-28T23:50:00+00:00,42203.11,533.49,22,23,6,Sunday,0,1,100,EIN,en,Bank account opening,0
816b3d78-768d-4420-976b-065a8c85a349,synth_ce9874e882f5,itin,tabddpm_synthetic,,['en'],EIN,2024-01-19T11:10:00+00:00,100.0,0.0,22,11,6,Sunday,41,2000,9,EIN,en,Bank account opening,0
9265a179-f78a-44e7-9ca4-6d61acf8a011,synth_c544f360dc18,itin,tabddpm_synthetic,,['en'],EIN,2024-05-29T00:10:00+00:00,100.0,9.96,22,0,6,Sunday,0,1513,56,EIN,en,Bank account opening,0
eff1086f-8eb3-4a60-a6b8-fcfaf07f27de,synth_50811b631fd0,itin,tabddpm_synthetic,,['en'],EIN,2024-11-18T00:03:00+00:00,8676.25,1122.79,22,0,0,Monday,0,1,0,EIN,en,Bank account opening,0
0a209f64-3ae8-44a3-8c5a-31901718da33,synth_0a98cedcef17,itin,tabddpm_synthetic,,['en'],EIN,2024-06-30T17:27:00+00:00,100.0,1075.74,55,17,0,Monday,90,921,16,EIN,en,Bank account opening,0
e85e8467-f1aa-4ba6-81e9-f8b5a713acfc,synth_9d0d444a7c37,itin,tabddpm_synthetic,,['en'],EIN,2024-07-20T01:02:00+00:00,1226.43,147.41,55,1,0,Monday,33,1726,9,EIN,en,Bank account opening,0
f9dd2aca-cbb9-422e-8c59-f1a698b82eee,synth_190267628cdd,itin,tabddpm_synthetic,,['en'],EIN,2024-02-17T13:37:00+00:00,100.0,0.0,22,13,6,Sunday,57,2000,12,EIN,en,Bank account opening,0
dcdb8218-7b39-4ddd-9d4a-b04f94697f52,synth_6e6308881ece,itin,tabddpm_synthetic,,['en'],EIN,2024-01-30T11:27:00+00:00,100.0,291.65,44,11,6,Sunday,56,2000,13,EIN,en,Bank account opening,0
7c3a1806-e331-4f76-b434-1c59548199ff,synth_5b22262625d4,itin,tabddpm_synthetic,,['en'],EIN,2024-10-07T00:10:00+00:00,100.0,1913.56,55,0,0,Monday,90,1,53,EIN,en,Bank account opening,0
0486a1e5-d55d-4144-a843-803997c62878,synth_67fc25bc685c,itin,tabddpm_synthetic,,['en'],EIN,2024-09-17T08:16:00+00:00,100000.0,50000.0,55,8,0,Monday,90,1,100,EIN,en,Bank account opening,1
81873446-da50-405b-a003-8cc81be7b7c1,synth_8fa3ff2a1ae0,itin,tabddpm_synthetic,,['en'],EIN,2024-08-25T23:18:00+00:00,100.0,87.19,55,23,0,Monday,90,2000,6,EIN,en,Bank account opening,0
f4bfaf6a-0b0e-46c7-837a-6ba3569cf425,synth_b085c832535e,itin,tabddpm_synthetic,,['en'],EIN,2024-02-16T23:28:00+00:00,100000.0,50000.0,22,23,6,Sunday,0,1,100,EIN,en,Bank account opening,1
bb76d946-3fdf-4c08-8185-01d9d0834d2c,synth_9ff3dbb11811,itin,tabddpm_synthetic,,['en'],EIN,2024-04-01T23:41:00+00:00,100000.0,50000.0,22,23,6,Sunday,0,1,100,EIN,en,Bank account opening,0
d2744577-61a1-40c3-9664-b58483a7e962,synth_92dd7852f7a4,itin,tabddpm_synthetic,,['en'],EIN,2024-03-14T11:31:00+00:00,100.0,0.0,22,11,6,Sunday,55,2000,12,EIN,en,Bank account opening,0
0ee05030-8ddd-4c91-af7a-50150d5137cf,synth_398cf05ea901,itin,tabddpm_synthetic,,['en'],EIN,2024-09-14T23:35:00+00:00,100.0,18436.84,55,23,0,Monday,90,2000,0,EIN,en,Bank account opening,0
156c9ecc-5862-47b1-adba-2dfe37ab1465,synth_f56f25405972,itin,tabddpm_synthetic,,['en'],EIN,2024-08-26T00:56:00+00:00,1367.19,0.0,55,0,6,Sunday,0,1030,0,EIN,en,Bank account opening,0
2ad10b89-45d6-4376-9afa-b45f95f51e5a,synth_15071a839fdf,itin,tabddpm_synthetic,,['en'],EIN,2024-07-26T00:14:00+00:00,100000.0,50000.0,22,0,6,Sunday,0,1,100,EIN,en,Bank account opening,0
d9fbc2c0-1131-4cf0-b558-19b36e099939,synth_5e66b7c3b683,itin,tabddpm_synthetic,,['en'],EIN,2024-08-11T23:22:00+00:00,100.0,23819.04,55,23,0,Monday,90,2000,100,EIN,en,Bank account opening,0
eeb25283-16a5-4052-8646-d47e94cf2ae5,synth_59a1a10c7f03,itin,tabddpm_synthetic,,['en'],EIN,2024-12-26T23:28:00+00:00,100000.0,50000.0,22,23,6,Sunday,0,1,100,EIN,en,Bank account opening,1
f164c2ff-18cf-4e8e-ad74-2b7bd372911b,synth_dfc3269deaca,itin,tabddpm_synthetic,,['es'],EIN,2024-03-07T12:05:00+00:00,100.0,0.18,32,12,6,Sunday,45,2000,5,EIN,es,Bank account opening,0
798efbd8-c5f2-42e0-9ec2-ce1fab2a89a3,synth_1d08a5b66151,itin,tabddpm_synthetic,,['en'],EIN,2024-09-16T13:24:00+00:00,100.0,387.6,22,13,6,Sunday,47,2000,8,EIN,en,Bank account opening,0
7e1b45d9-eedc-4932-8e40-874298e2cff8,synth_4ec7be63455a,itin,tabddpm_synthetic,,['en'],EIN,2024-08-22T00:15:00+00:00,100.0,0.0,22,0,0,Monday,0,2000,3,EIN,en,Bank account opening,0
8faf2135-4f1e-464b-a323-4aa9620fa2bf,synth_a24c84829c71,itin,tabddpm_synthetic,,['en'],EIN,2024-07-03T23:33:00+00:00,100.0,1854.71,55,23,6,Sunday,0,1,44,EIN,en,Bank account opening,1
387bd82a-6f25-4bb5-8cc8-dbd4e7b3644c,synth_105848354ac4,itin,tabddpm_synthetic,,['en'],EIN,2024-04-16T23:23:00+00:00,100.0,19784.45,55,23,0,Monday,90,2000,0,EIN,en,Bank account opening,0
50872f49-9862-4ab7-a133-924414eed727,synth_0ae539084520,itin,tabddpm_synthetic,,['en'],EIN,2024-05-26T19:16:00+00:00,100.0,9817.95,55,19,0,Monday,90,2000,13,EIN,en,Bank account opening,0
5fdaecc1-62d4-4823-acfc-7e84bc6dc865,synth_fd08af0ace66,itin,tabddpm_synthetic,,['en'],EIN,2024-09-19T23:40:00+00:00,100.0,0.0,22,23,6,Sunday,11,2000,12,EIN,en,Bank account opening,0
a5f812e1-3d70-4083-84f6-75e5be771b89,synth_970d5eede5eb,itin,tabddpm_synthetic,,['en'],EIN,2024-02-10T10:25:00+00:00,100.0,0.0,22,10,6,Sunday,38,2000,10,EIN,en,Bank account opening,0
f37a743f-7994-48f6-94d4-369168fde231,synth_5456f7b5fa44,itin,tabddpm_synthetic,,['en'],EIN,2024-09-17T00:23:00+00:00,100.0,4903.57,55,0,0,Monday,90,1,84,EIN,en,Bank account opening,0
8f5e7fc8-8141-4e8b-9b52-9fe5524dce60,synth_d9dc098b1e84,itin,tabddpm_synthetic,,['en'],EIN,2024-11-02T00:34:00+00:00,100.0,0.0,22,0,6,Sunday,0,1,0,EIN,en,Bank account opening,0
369836c6-c4b3-4629-932f-0225285c5ca6,synth_9cbf169af955,itin,tabddpm_synthetic,,['en'],EIN,2024-02-18T17:36:00+00:00,100.0,0.0,30,17,4,Friday,0,573,7,EIN,en,Bank account opening,0
64aba4f8-de71-4d34-979a-0c3eb1c6cb80,synth_74ac57fe8135,itin,tabddpm_synthetic,,['en'],EIN,2024-09-20T23:20:00+00:00,100000.0,50000.0,55,23,0,Monday,90,1,100,EIN,en,Bank account opening,0
3c26ae43-5675-41fc-acae-e9ea03b0aeb7,synth_4e903d70408b,itin,tabddpm_synthetic,,['en'],EIN,2024-11-19T23:31:00+00:00,100000.0,11188.82,22,23,6,Sunday,0,1,100,EIN,en,Bank account opening,1
7eaec9b0-2f78-4015-990a-fc6dc398d075,synth_75e630dba65f,itin,tabddpm_synthetic,,['en'],EIN,2024-05-24T23:32:00+00:00,64742.39,2051.88,22,23,0,Monday,4,1,100,EIN,en,Bank account opening,0
3824fdbc-7349-445e-b11c-f8935f990c72,synth_97abd196e9df,itin,tabddpm_synthetic,,['en'],EIN,2024-01-19T18:19:00+00:00,100.0,513.97,55,18,1,Tuesday,90,2000,3,EIN,en,Bank account opening,0
71304bcd-0375-41a2-863e-95982eb3e3f7,synth_a65e031d6ebf,itin,tabddpm_synthetic,,['en'],EIN,2024-01-06T23:49:00+00:00,100000.0,50000.0,22,23,6,Sunday,0,1,100,EIN,en,Bank account opening,0
1d04dfc4-0a98-4cd8-a1ad-934e80667c30,synth_c6a76ab7efcf,itin,tabddpm_synthetic,,['en'],EIN,2024-08-20T00:56:00+00:00,100.0,0.0,48,0,6,Sunday,0,1,36,EIN,en,Bank account opening,0
ce830dc2-4717-4d1b-af56-1e956408818e,synth_043227fd876d,itin,tabddpm_synthetic,,['en'],EIN,2024-02-17T06:53:00+00:00,100.0,3662.18,55,6,0,Monday,90,2000,0,EIN,en,Bank account opening,0
a88473d0-54e2-47ca-8775-683fd28682ba,synth_31c098448c81,itin,tabddpm_synthetic,,['en'],EIN,2024-05-16T14:29:00+00:00,100.0,0.0,22,14,6,Sunday,34,2000,3,EIN,en,Bank account opening,0
f01f871d-7336-47f1-a47c-2c5761588ac6,synth_12a517b76eb8,itin,tabddpm_synthetic,,['en'],EIN,2024-05-20T00:28:00+00:00,100.0,0.0,22,0,0,Monday,0,2000,0,EIN,en,Bank account opening,0
1f083fd3-d868-40e0-9c3e-0124b08e6391,synth_0b01ec82666b,itin,tabddpm_synthetic,,['en'],EIN,2024-11-01T23:24:00+00:00,100000.0,8059.55,22,23,6,Sunday,0,1,100,EIN,en,Bank account opening,1
f891239d-37e2-4dd3-8e5c-7d423ce99b57,synth_4fdabcbe806b,itin,tabddpm_synthetic,,['en'],EIN,2024-12-25T00:21:00+00:00,100000.0,50000.0,55,0,0,Monday,90,1,100,EIN,en,Bank account opening,0
0decbc87-5e93-4220-8209-81e5f29365b4,synth_8f970eb33026,itin,tabddpm_synthetic,,['en'],EIN,2024-02-12T00:48:00+00:00,100.0,0.0,22,0,2,Wednesday,0,573,0,EIN,en,Bank account opening,0
ca5a5b07-c943-48fc-9b60-8e91a8cbe390,synth_4a016eb5e660,itin,tabddpm_synthetic,,['en'],EIN,2024-01-28T00:33:00+00:00,5783.99,0.0,55,0,6,Sunday,0,1,0,EIN,en,Bank account opening,0
5e51739b-0343-43fb-9449-b80bb7dbc534,synth_b1d8fa81fc4e,itin,tabddpm_synthetic,,['en'],EIN,2024-01-29T00:16:00+00:00,100000.0,50000.0,22,0,6,Sunday,0,1,100,EIN,en,Bank account opening,0
839bb07c-3c04-49ef-b8d9-ae2d6b93bd1f,synth_a08ed56aa3ea,itin,tabddpm_synthetic,,['en'],EIN,2024-06-10T23:31:00+00:00,100.0,22353.43,55,23,0,Monday,90,2000,71,EIN,en,Bank account opening,1
88b12521-eecd-4fb3-b929-206803429ae3,synth_1f855790c590,itin,tabddpm_synthetic,,['en'],EIN,2024-08-31T12:29:00+00:00,14882.24,636.2,55,12,0,Monday,90,2000,10,EIN,en,Bank account opening,0
6730cd9a-483e-4b01-bcc5-b7927d68d82c,synth_7092a3963432,itin,tabddpm_synthetic,,['en'],EIN,2024-12-03T16:18:00+00:00,100.0,0.0,22,16,5,Saturday,13,2000,11,EIN,en,Bank account opening,0
0e5276df-fc18-4f00-bb39-bd2a7a3869c7,synth_e25822b2b29f,itin,tabddpm_synthetic,,['en'],EIN,2024-03-25T23:40:00+00:00,100.0,38989.37,55,23,0,Monday,90,2000,100,EIN,en,Bank account opening,0
3f15573e-1bd4-4b95-ab6b-c03fd76665b3,synth_2419b9bcd0ab,itin,tabddpm_synthetic,,['en'],EIN,2024-07-10T00:01:00+00:00,100.0,9820.46,55,0,6,Sunday,90,2000,0,EIN,en,Bank account opening,0
eb5e6eb7-7662-4a7e-b8ff-59b7cde4e531,synth_c8dac800e4f8,itin,tabddpm_synthetic,,['en'],EIN,2024-03-17T23:48:00+00:00,100000.0,50000.0,22,23,6,Sunday,90,1,100,EIN,en,Bank account opening,0
c34f68f8-ec3e-40ec-9618-8bad8d93d170,synth_4bfd72f3c82f,itin,tabddpm_synthetic,,['en'],EIN,2024-08-26T12:37:00+00:00,100.0,0.0,22,12,6,Sunday,47,2000,6,EIN,en,Bank account opening,0
fb8e7f3a-9896-4c08-8ebc-414ea14b7b37,synth_41ed482da3f0,itin,tabddpm_synthetic,,['en'],EIN,2024-11-21T00:06:00+00:00,100.0,0.0,22,0,6,Sunday,1,1,13,EIN,en,Bank account opening,0
c0713022-b50d-4515-b303-8fb560b32a99,synth_e9682c353ae4,itin,tabddpm_synthetic,,['en'],EIN,2024-07-23T19:58:00+00:00,100.0,0.0,22,19,6,Sunday,84,2000,9,EIN,en,Bank account opening,0
15e8bfd8-2b2b-4e5a-8f9a-f7da5b6988a8,synth_2c482e08f610,itin,tabddpm_synthetic,,['en'],ITIN,2024-03-17T00:20:00+00:00,100.0,0.0,36,0,6,Sunday,0,211,4,ITIN,en,Bank account opening,0
7c48ba3e-a19c-480d-bfcf-fa51e12727d4,synth_b1b890353676,itin,tabddpm_synthetic,,['en'],ITIN,2024-01-10T21:53:00+00:00,5440.58,359.66,25,21,6,Sunday,0,440,29,ITIN,en,Bank account opening,0
6a9aca12-be2c-4964-9a44-dafe4fe75dc7,synth_caf6b00978c8,itin,tabddpm_synthetic,,['en'],EIN,2024-06-27T16:03:00+00:00,100.0,0.0,22,16,3,Thursday,51,2000,10,EIN,en,Bank account opening,0
4a4e287a-c160-49f6-ab53-611b72b7580a,synth_b3d81d694832,itin,tabddpm_synthetic,,['en'],EIN,2024-11-16T00:28:00+00:00,3064.33,511.52,39,0,4,Friday,15,222,13,EIN,en,Bank account opening,0
3bfcbe14-73e5-4548-a87b-7543b82401ed,synth_af74768f572f,itin,tabddpm_synthetic,,['en'],EIN,2024-10-17T11:26:00+00:00,100.0,0.0,22,11,6,Sunday,35,2000,9,EIN,en,Bank account opening,0
e4572d49-9bd4-4871-91a9-0f368846e177,synth_57454a99a2ab,itin,tabddpm_synthetic,,['en'],EIN,2024-09-04T23:51:00+00:00,100.0,3186.08,55,23,0,Monday,90,2000,0,EIN,en,Bank account opening,0
387f6dc4-c4d3-4913-b087-a786d1fb9f54,synth_563e7260b4a2,itin,tabddpm_synthetic,,['en'],EIN,2024-06-28T02:58:00+00:00,100.0,11675.35,55,2,6,Sunday,90,2000,0,EIN,en,Bank account opening,0
b40ada6b-c1bb-46d8-b7b3-717cfa5fdef2,synth_317566dc1305,itin,tabddpm_synthetic,,['en'],EIN,2024-11-18T00:15:00+00:00,100000.0,50000.0,22,0,0,Monday,0,1,100,EIN,en,Bank account opening,1
7188b14c-df3e-4001-bc9d-a5bf7461355a,synth_6532fb4e043e,itin,tabddpm_synthetic,,['en'],EIN,2024-09-18T08:22:00+00:00,100.0,0.0,22,8,6,Sunday,61,2000,3,EIN,en,Bank account opening,0
da4b16ee-a1b2-4968-a460-60c6fe486533,synth_8c5be31e208f,itin,tabddpm_synthetic,,['en'],EIN,2024-06-10T23:49:00+00:00,100.0,5083.6,55,23,0,Monday,90,1,30,EIN,en,Bank account opening,0
97958866-0126-4a39-89a8-8efb78435a2b,synth_21b812ecf9b2,itin,tabddpm_synthetic,,['en'],EIN,2024-04-23T23:33:00+00:00,100.0,0.0,22,23,6,Sunday,27,2000,11,EIN,en,Bank account opening,0
7e447c62-d7fa-4003-af7a-5fe800c705b9,synth_3670afdb4343,itin,tabddpm_synthetic,,['en'],EIN,2024-06-07T00:43:00+00:00,100.0,378.08,55,0,6,Sunday,0,1,17,EIN,en,Bank account opening,0
e17592c4-2472-4f6b-8a29-160019581d20,synth_e5223399e107,itin,tabddpm_synthetic,,['en'],EIN,2024-07-06T00:38:00+00:00,100.0,639.7,52,0,6,Sunday,0,1,17,EIN,en,Bank account opening,0
68fdfc84-2fc5-4ed4-8dd9-b3189b8f1295,synth_61612ad7d6c3,itin,tabddpm_synthetic,,['en'],EIN,2024-01-27T00:59:00+00:00,100000.0,14113.75,22,0,6,Sunday,90,1,0,EIN,en,Bank account opening,0
6cbc0c7a-6f0a-4999-a560-47a6184a662f,synth_1fe580baa689,itin,tabddpm_synthetic,,['en'],EIN,2024-09-09T00:41:00+00:00,100000.0,50000.0,22,0,0,Monday,0,1,100,EIN,en,Bank account opening,1
47f98669-6fe8-4afb-bf73-d9b32baaf87b,synth_e4dab8ccf242,itin,tabddpm_synthetic,,['en'],EIN,2024-02-22T21:39:00+00:00,100.0,2923.81,55,21,0,Monday,90,2000,30,EIN,en,Bank account opening,0
4de5fec0-3ef1-4cfb-8e9d-d2f197537a2a,synth_dad36148ebd7,itin,tabddpm_synthetic,,['en'],EIN,2024-12-23T02:56:00+00:00,100000.0,34035.84,22,2,6,Sunday,90,1,100,EIN,en,Bank account opening,0
f9e1c102-9a02-44cc-80ed-d3d6789fb2b3,synth_c2250d4c3939,itin,tabddpm_synthetic,,['en'],EIN,2024-03-22T23:12:00+00:00,100.0,17274.44,55,23,0,Monday,90,2000,0,EIN,en,Bank account opening,0
e8064265-2204-41bc-b381-9eea843717fa,synth_0e2945f56eab,itin,tabddpm_synthetic,,['en'],EIN,2024-11-10T23:40:00+00:00,100000.0,50000.0,22,23,6,Sunday,0,1,100,EIN,en,Bank account opening,0
d60be88c-17d6-4aea-bb66-fc90fe77458a,synth_8ff291b5d825,itin,tabddpm_synthetic,,['en'],EIN,2024-04-26T16:16:00+00:00,100.0,28.41,22,16,6,Sunday,47,2000,10,EIN,en,Bank account opening,0
c52e386d-d894-4959-9c0e-0c67910fb530,synth_b714f79799f3,itin,tabddpm_synthetic,,['en'],EIN,2024-07-27T00:57:00+00:00,100000.0,24456.3,22,0,0,Monday,0,1,100,EIN,en,Bank account opening,1
e16f7cd2-18e2-4b4a-a94e-cd59294a93c2,synth_cefcc3a6139b,itin,tabddpm_synthetic,,['en'],EIN,2024-11-15T23:26:00+00:00,100000.0,50000.0,22,23,6,Sunday,0,1,100,EIN,en,Bank account opening,0
148c12e4-5337-4723-9bca-64da532bf050,synth_6f39654beef8,itin,tabddpm_synthetic,,['en'],EIN,2024-10-06T00:55:00+00:00,8709.54,258.59,22,0,0,Monday,0,205,0,EIN,en,Bank account opening,0
c31a7a61-715a-4ca6-b43a-59cab3ecefd8,synth_04db1d5a5afd,itin,tabddpm_synthetic,,['en'],EIN,2024-03-12T23:07:00+00:00,100000.0,50000.0,22,23,6,Sunday,19,1,100,EIN,en,Bank account opening,1
746186e8-ad14-4acc-a0b0-75e1b8027731,synth_4bcefaeeb158,itin,tabddpm_synthetic,,['en'],EIN,2024-03-16T21:35:00+00:00,3021.19,147.49,22,21,1,Tuesday,0,1441,12,EIN,en,Bank account opening,0
d154dc97-c37d-4f80-b24b-007a19483857,synth_be2a707b8c4a,itin,tabddpm_synthetic,,['en'],EIN,2024-11-08T00:04:00+00:00,100.0,0.0,22,0,6,Sunday,0,1,0,EIN,en,Bank account opening,0
09e40e80-db03-4503-a366-474568d9c3b6,synth_f37026b47736,itin,tabddpm_synthetic,,['en'],EIN,2024-03-20T23:32:00+00:00,100.0,20238.38,55,23,0,Monday,90,2000,0,EIN,en,Bank account opening,0
fc4a0b38-d732-4ee1-acc0-7731e4886e73,synth_bbfbfd1d84d0,itin,tabddpm_synthetic,,['en'],EIN,2024-06-12T00:34:00+00:00,100000.0,50000.0,22,0,6,Sunday,0,1,100,EIN,en,Bank account opening,0
0c50bd26-42d2-496f-8435-001e74da22c4,synth_ea129125b085,itin,tabddpm_synthetic,,['en'],EIN,2024-02-06T00:00:00+00:00,100000.0,50000.0,22,0,0,Monday,0,1,100,EIN,en,Bank account opening,1
7b8c8d1f-24cc-4a9b-892e-44eaeb0ceed8,synth_d12130b0ff0d,itin,tabddpm_synthetic,,['en'],EIN,2024-03-08T23:56:00+00:00,100.0,0.0,22,23,6,Sunday,0,2000,18,EIN,en,Bank account opening,0
faa6e38a-9e7e-4b39-ad29-5266906958c7,synth_0170c2bf42eb,itin,tabddpm_synthetic,,['en'],EIN,2024-01-30T06:33:00+00:00,100.0,230.75,22,6,6,Sunday,21,2000,15,EIN,en,Bank account opening,0
2f6965c7-9c72-4c32-b73e-1955e981c4f6,synth_24d354f3084b,itin,tabddpm_synthetic,,['en'],EIN,2024-08-23T00:14:00+00:00,100.0,5854.37,22,0,6,Sunday,90,2000,0,EIN,en,Bank account opening,0
275fd326-2ac0-438d-a6e0-e8130bda9a8a,synth_55a020a616cc,itin,tabddpm_synthetic,,['es'],EIN,2024-10-17T13:13:00+00:00,100.0,799.61,41,13,6,Sunday,80,2000,7,EIN,es,Bank account opening,0
4e022e1c-e126-4455-8bab-b0c1891b0041,synth_aa6ceffcb40c,itin,tabddpm_synthetic,,['en'],EIN,2024-11-10T23:47:00+00:00,57017.29,1321.48,22,23,6,Sunday,0,1,100,EIN,en,Bank account opening,0
33760129-8fcc-4d52-9639-1ba34da5abd5,synth_ce19efc94cb8,itin,tabddpm_synthetic,,['en'],EIN,2024-09-10T08:55:00+00:00,383.62,815.75,55,8,6,Sunday,90,958,0,EIN,en,Bank account opening,0
d813de0a-3fe1-4f95-b6b0-dc39ac390999,synth_9a9afb4a1904,itin,tabddpm_synthetic,,['en'],EIN,2024-09-13T10:32:00+00:00,100.0,0.0,31,10,6,Sunday,9,2000,10,EIN,en,Bank account opening,0
bd7c2be8-81a9-4903-8ebf-28e0fe9c0096,synth_8c08eced8119,itin,tabddpm_synthetic,,['en'],EIN,2024-07-11T00:38:00+00:00,100.0,0.0,55,0,6,Sunday,0,1897,0,EIN,en,Bank account opening,0
3b71baa0-15d7-49ab-9eac-6c76936c4bf2,synth_1eddd9bb1dd2,itin,tabddpm_synthetic,,['en'],EIN,2024-03-29T23:14:00+00:00,100000.0,50000.0,22,23,6,Sunday,0,1,100,EIN,en,Bank account opening,0
d8e85ff4-f596-4927-9e20-7c0e25da4d29,synth_eb07165b842d,itin,tabddpm_synthetic,,['en'],EIN,2024-09-28T09:30:00+00:00,100.0,220.68,22,9,6,Sunday,33,2000,7,EIN,en,Bank account opening,0
321219d8-0cfe-4493-8099-df37fe861f1c,synth_2ed0d3a2b40a,itin,tabddpm_synthetic,,['en'],EIN,2024-01-25T00:31:00+00:00,100.0,18.51,22,0,6,Sunday,15,2000,41,EIN,en,Bank account opening,0
fc29d364-30b9-45b4-a16f-096454c29633,synth_1089fb2ee65c,itin,tabddpm_synthetic,,['en'],EIN,2024-08-28T21:56:00+00:00,100.0,0.0,22,21,5,Saturday,0,2000,10,EIN,en,Bank account opening,0
0c1a3941-6599-4f5a-b92f-abf2f70eaad4,synth_c24ab3d57d30,itin,tabddpm_synthetic,,['en'],EIN,2024-03-02T23:17:00+00:00,100000.0,50000.0,55,23,6,Sunday,90,1,100,EIN,en,Bank account opening,0
4d15912d-ff8e-4571-9879-65e72d92a3a6,synth_716ce9f2b53e,itin,tabddpm_synthetic,,['en'],EIN,2024-01-20T09:49:00+00:00,5387.74,491.51,44,9,0,Monday,4,2000,9,EIN,en,Bank account opening,0
9bb8b7fe-3f65-4136-84aa-16b23243fdd6,synth_d55e309d68d2,itin,tabddpm_synthetic,,['en'],EIN,2024-11-14T02:05:00+00:00,100.0,0.0,23,2,0,Monday,0,2000,1,EIN,en,Bank account opening,0
2517432d-5923-49ab-84a9-85b4b7076cbb,synth_d4fe198a24d4,itin,tabddpm_synthetic,,['en'],EIN,2024-06-28T15:35:00+00:00,100.0,0.0,22,15,6,Sunday,15,2000,7,EIN,en,Bank account opening,0
63ae8bef-42b8-467b-84d2-007b98fce145,synth_e37ba40c10c2,itin,tabddpm_synthetic,,['en'],EIN,2024-06-04T00:07:00+00:00,100000.0,50000.0,22,0,6,Sunday,90,1,100,EIN,en,Bank account opening,0
dfda85ff-ffd4-479a-ad6e-22e0e69d5b11,synth_5aa2f4a290df,itin,tabddpm_synthetic,,['en'],EIN,2024-12-05T17:33:00+00:00,100.0,0.0,22,17,6,Sunday,20,2000,7,EIN,en,Bank account opening,0
484b4a2d-4362-47af-acd0-7f21df5022dc,synth_516d711f1ac8,itin,tabddpm_synthetic,,['en'],EIN,2024-06-10T17:04:00+00:00,100.0,294.62,48,17,6,Sunday,79,2000,12,EIN,en,Bank account opening,0
1a83110b-82d1-425b-9297-217659d1cac3,synth_3b52e32750cc,itin,tabddpm_synthetic,,['en'],EIN,2024-09-18T05:34:00+00:00,100.0,919.94,22,5,6,Sunday,90,2000,22,EIN,en,Bank account opening,0
6267509f-b0af-4820-981b-b88ec4f35dfd,synth_0fc159107ac3,itin,tabddpm_synthetic,,['en'],EIN,2024-11-25T00:59:00+00:00,100.0,0.0,22,0,6,Sunday,0,1,9,EIN,en,Bank account opening,0
a0664bc1-e374-43af-bad2-ee70bcf9f274,synth_98fdaf868e63,itin,tabddpm_synthetic,,['en'],EIN,2024-02-21T23:07:00+00:00,100000.0,22625.81,22,23,6,Sunday,0,1,100,EIN,en,Bank account opening,0
025a05f0-dcfc-430c-b4ed-7f7a9b590f7f,synth_29d5a7411bd6,itin,tabddpm_synthetic,,['en'],EIN,2024-04-06T00:32:00+00:00,100.0,275.3,22,0,6,Sunday,0,1,0,EIN,en,Bank account opening,0
a40adebf-8018-43ee-afbf-7734858ced6e,synth_2d78a444e9f4,itin,tabddpm_synthetic,,['en'],EIN,2024-12-18T23:21:00+00:00,100000.0,50000.0,22,23,6,Sunday,0,1,100,EIN,en,Bank account opening,0
732343b9-a864-4315-be06-4006dcf8485e,synth_726c90f8b9fb,itin,tabddpm_synthetic,,['en'],EIN,2024-03-27T00:38:00+00:00,100000.0,50000.0,22,0,0,Monday,90,1,100,EIN,en,Bank account opening,0
2e12dd6f-6640-47bc-8a18-c8b2dbf19f23,synth_da6c995a6e82,itin,tabddpm_synthetic,,['en'],EIN,2024-08-27T00:13:00+00:00,100.0,0.0,22,0,6,Sunday,0,2000,61,EIN,en,Bank account opening,0
6aa70ee0-48c8-42d3-b5ab-146406768b69,synth_a28e08a351ec,itin,tabddpm_synthetic,,['en'],EIN,2024-12-27T00:36:00+00:00,100.0,0.0,55,0,6,Sunday,0,1,33,EIN,en,Bank account opening,0
286d0f4e-1d4f-47d9-bb96-8f3d23528e3e,synth_bec37b264ccb,itin,tabddpm_synthetic,,['en'],EIN,2024-04-03T23:19:00+00:00,100.0,0.0,22,23,6,Sunday,47,2000,21,EIN,en,Bank account opening,0
358cdc25-2492-4fec-a070-ff4c7427c3fc,synth_80deadf65ab1,itin,tabddpm_synthetic,,['en'],EIN,2024-04-02T11:34:00+00:00,100.0,125.89,22,11,6,Sunday,42,2000,10,EIN,en,Bank account opening,0
9dc4951c-4da5-4983-bd9a-30f76c9b7786,synth_beadc3c48f68,itin,tabddpm_synthetic,,['en'],EIN,2024-02-05T23:36:00+00:00,100.0,4336.15,55,23,0,Monday,90,2000,0,EIN,en,Bank account opening,0
2812a603-d4f3-4b9f-8639-00abdde231df,synth_6ddbbe8194c0,itin,tabddpm_synthetic,,['en'],EIN,2024-03-20T23:52:00+00:00,100000.0,50000.0,22,23,6,Sunday,0,1,100,EIN,en,Bank account opening,0
1eb59763-27ec-462e-aa11-ce844952f6af,synth_6b9e5c862d69,itin,tabddpm_synthetic,,['en'],EIN,2024-08-01T10:17:00+00:00,100.0,266.46,22,10,6,Sunday,90,2000,2,EIN,en,Bank account opening,0
e5f194b5-e477-4cf3-a6af-7b1d69671c64,synth_c569618505c7,itin,tabddpm_synthetic,,['en'],EIN,2024-07-31T00:27:00+00:00,100.0,2377.71,22,0,6,Sunday,90,2000,0,EIN,en,Bank account opening,0
ad1df9f1-2faf-4feb-9d8d-23ee66d328ff,synth_7478fc116937,itin,tabddpm_synthetic,,['en'],EIN,2024-07-20T23:21:00+00:00,100.0,0.0,22,23,6,Sunday,1,2000,16,EIN,en,Bank account opening,0
5770f0bf-f6a3-4655-a733-63097227a730,synth_a09971177d8e,itin,tabddpm_synthetic,,['en'],EIN,2024-05-09T00:01:00+00:00,3802.99,0.0,55,0,6,Sunday,0,979,0,EIN,en,Bank account opening,0
635276d5-93ef-4ca7-967f-35d6ffd6c3ba,synth_344638f9cd05,itin,tabddpm_synthetic,,['en'],EIN,2024-06-01T23:45:00+00:00,100000.0,50000.0,22,23,6,Sunday,0,1,100,EIN,en,Bank account opening,0
31ca51f0-37cc-4510-a55d-2bb6c3a1dfa4,synth_31eef94e6448,itin,tabddpm_synthetic,,['en'],EIN,2024-12-14T17:38:00+00:00,862.61,389.0,24,17,5,Saturday,46,2000,6,EIN,en,Bank account opening,0
00bacf9b-7022-43e5-bfb2-c4ccb448a984,synth_a63f6fd87148,itin,tabddpm_synthetic,,['en'],EIN,2024-06-04T00:25:00+00:00,100000.0,9773.41,55,0,0,Monday,90,1,100,EIN,en,Bank account opening,1
4669c3ad-b089-44ff-a9c0-5c34a8748ccc,synth_61fc48165f12,itin,tabddpm_synthetic,,['en'],EIN,2024-05-17T00:59:00+00:00,100000.0,5313.12,22,0,6,Sunday,0,1,100,EIN,en,Bank account opening,0
fcfabb96-46d8-43cf-a3a5-d32d2fc69636,synth_4bc346154567,itin,tabddpm_synthetic,,['es'],EIN,2024-11-15T14:59:00+00:00,100.0,0.0,22,14,6,Sunday,34,2000,8,EIN,es,Bank account opening,0
b30274fd-8849-4130-87cf-8370bfb3437f,synth_b0e10e8a879d,itin,tabddpm_synthetic,,['en'],EIN,2024-07-14T00:55:00+00:00,1667.88,0.0,55,0,6,Sunday,0,1144,0,EIN,en,Bank account opening,0
3b28b882-9b09-41f8-b0e8-96554fd82246,synth_b4be4c7b31a7,itin,tabddpm_synthetic,,['en'],EIN,2024-01-31T00:39:00+00:00,100000.0,50000.0,22,0,6,Sunday,0,1,100,EIN,en,Bank account opening,0
40a46b39-c421-4d27-b73d-c0626579ca25,synth_60571c1f94c0,itin,tabddpm_synthetic,,['en'],EIN,2024-02-05T23:59:00+00:00,100000.0,3691.86,22,23,0,Monday,0,1,100,EIN,en,Bank account opening,0
0a65458e-29a3-4d1d-83cf-dbe595b576a2,synth_53de87b2c02c,itin,tabddpm_synthetic,,['en'],EIN,2024-03-28T00:46:00+00:00,18793.39,343.69,22,0,6,Sunday,0,1,63,EIN,en,Bank account opening,0
f72e4d2e-251c-4e2b-8f39-bf7bcc56a65d,synth_478329c21162,itin,tabddpm_synthetic,,['en'],EIN,2024-06-07T22:44:00+00:00,100.0,497.31,33,22,0,Monday,90,2000,14,EIN,en,Bank account opening,0
d0d4609f-f3c9-4317-a6f7-9bf036e5b242,synth_1958a114c6d5,itin,tabddpm_synthetic,,['en'],EIN,2024-08-03T00:57:00+00:00,100000.0,50000.0,22,0,6,Sunday,0,1,100,EIN,en,Bank account opening,0
6d5343cb-3764-4fd1-9fc1-4d6b55a190bd,synth_a7a9e75a7579,itin,tabddpm_synthetic,,['en'],EIN,2024-01-29T23:16:00+00:00,100000.0,50000.0,22,23,6,Sunday,0,1,100,EIN,en,Bank account opening,1
e82ec7a8-84e1-46ec-a19d-4387ba17b0a0,synth_b28f0f01c83c,itin,tabddpm_synthetic,,['en'],EIN,2024-11-25T23:16:00+00:00,100.0,0.0,22,23,6,Sunday,0,2000,16,EIN,en,Bank account opening,0
16bd63a7-5a18-40e2-bee4-9d353b655aa8,synth_9378b64dca2e,itin,tabddpm_synthetic,,['en'],EIN,2024-11-30T03:57:00+00:00,100.0,0.0,55,3,5,Saturday,90,997,10,EIN,en,Bank account opening,0
138a8728-e192-424e-a3d5-ec77ac80e565,synth_f51a7858f02c,itin,tabddpm_synthetic,,['en'],EIN,2024-07-21T08:12:00+00:00,100.0,341.37,33,8,6,Sunday,16,2000,8,EIN,en,Bank account opening,0
02d8bcce-77cc-47eb-b80d-dcf8d47371fe,synth_aa69f1a9d5dd,itin,tabddpm_synthetic,,['en'],EIN,2024-03-18T00:58:00+00:00,100000.0,8582.06,22,0,0,Monday,0,1,7,EIN,en,Bank account opening,0
643c3ceb-e0fb-49f1-9c49-9086a4f2e9b6,synth_cba2761577c8,itin,tabddpm_synthetic,,['en'],EIN,2024-06-01T23:41:00+00:00,100.0,0.0,22,23,6,Sunday,43,2000,17,EIN,en,Bank account opening,0
db8aed20-80de-45ca-a768-9b5583945413,synth_ded2c55fc6d9,itin,tabddpm_synthetic,,['en'],EIN,2024-05-25T00:38:00+00:00,59458.08,1956.12,22,0,6,Sunday,0,1,100,EIN,en,Bank account opening,0
33c43c92-4ac0-4c08-a6c9-09ab3fd3c33b,synth_cbe32da30f6c,itin,tabddpm_synthetic,,['en'],EIN,2024-06-01T23:28:00+00:00,100.0,8974.55,55,23,0,Monday,90,2000,0,EIN,en,Bank account opening,0
8c377115-cf18-4675-b177-14495cde3966,synth_1cc8414814ec,itin,tabddpm_synthetic,,['en'],EIN,2024-11-04T13:41:00+00:00,100.0,30.66,22,13,6,Sunday,60,2000,16,EIN,en,Bank account opening,0
5138d6b9-f529-4193-9f15-a0df4ed9e948,synth_39b36fa52517,itin,tabddpm_synthetic,,['en'],EIN,2024-10-08T00:55:00+00:00,100.0,0.0,31,0,6,Sunday,0,1603,40,EIN,en,Bank account opening,0
b8cba095-5fd9-45c4-ae5a-ce962f1977e3,synth_5574ea437630,itin,tabddpm_synthetic,,['en'],EIN,2024-08-22T00:21:00+00:00,100000.0,50000.0,22,0,6,Sunday,0,1,100,EIN,en,Bank account opening,0
7904e1ca-a828-46b3-8216-a9d323107467,synth_4ccd39a05858,itin,tabddpm_synthetic,,['en'],EIN,2024-03-15T00:33:00+00:00,100.0,119.92,22,0,6,Sunday,0,1,7,EIN,en,Bank account opening,0
37202af2-64c5-40e0-b7cd-0f459e28bfb5,synth_fdd8ea42cded,itin,tabddpm_synthetic,,['en'],EIN,2024-06-24T23:51:00+00:00,100.0,22669.85,55,23,0,Monday,90,2000,0,EIN,en,Bank account opening,0
2a8d32bf-a29e-4c16-b838-cc0adcedd24c,synth_3f58bf7cda1e,itin,tabddpm_synthetic,,['en'],EIN,2024-07-19T23:19:00+00:00,100000.0,9449.49,22,23,6,Sunday,0,1,100,EIN,en,Bank account opening,1
fbcc0c15-7fc6-4e0e-abcc-429196f7b052,synth_1d822119f15e,itin,tabddpm_synthetic,,['en'],EIN,2024-01-28T21:56:00+00:00,33756.8,266.01,25,21,1,Tuesday,3,1,100,EIN,en,Bank account opening,0
1ce57e38-e062-4f47-ab21-b884c1ede995,synth_a758e5fa0377,itin,tabddpm_synthetic,,['en'],EIN,2024-09-03T00:51:00+00:00,100.0,0.0,55,0,6,Sunday,0,1,68,EIN,en,Bank account opening,0
b13c2c00-b846-4b8a-90bf-9759a41057d4,synth_07054755424d,itin,tabddpm_synthetic,,['en'],EIN,2024-01-15T18:09:00+00:00,100.0,0.0,22,18,6,Sunday,50,2000,19,EIN,en,Bank account opening,0
c5504237-efe4-4c2c-9fac-eaa2870a1957,synth_27d0a238d7d5,itin,tabddpm_synthetic,,['en'],EIN,2024-03-07T00:22:00+00:00,100.0,0.0,55,0,6,Sunday,0,1,34,EIN,en,Bank account opening,0
1ec6ae13-3b9a-4fc1-844e-5869bce73779,synth_0d884f0a1017,itin,tabddpm_synthetic,,['en'],EIN,2024-09-06T20:48:00+00:00,100.0,541.89,55,20,6,Sunday,90,2000,0,EIN,en,Bank account opening,0
781707b1-6e18-40d8-a345-313a6ee5949d,synth_dfc73ebb23ad,itin,tabddpm_synthetic,,['en'],EIN,2024-08-18T19:03:00+00:00,100.0,18.74,22,19,6,Sunday,3,2000,9,EIN,en,Bank account opening,0
3e193495-0b69-4339-b0e2-724019ae0920,synth_d517936a19f5,itin,tabddpm_synthetic,,['en'],EIN,2024-08-16T23:19:00+00:00,100000.0,50000.0,55,23,0,Monday,90,1,100,EIN,en,Bank account opening,0
db03006b-0862-4363-b088-d49429e05b55,synth_b9401f22b7c2,itin,tabddpm_synthetic,,['en'],EIN,2024-11-20T00:28:00+00:00,100.0,0.0,26,0,2,Wednesday,0,1611,8,EIN,en,Bank account opening,0
6107a679-8b75-46ce-8811-fd0d13b55246,synth_a0fd31e9b232,itin,tabddpm_synthetic,,['en'],EIN,2024-10-16T00:46:00+00:00,54952.84,1731.38,22,0,5,Saturday,0,1,100,EIN,en,Bank account opening,0
22201a74-b830-4d4a-b486-d245e1b451f5,synth_f9710403bd33,itin,tabddpm_synthetic,,['en'],EIN,2024-06-21T23:58:00+00:00,100.0,34389.51,55,23,0,Monday,90,2000,0,EIN,en,Bank account opening,0
4e5bf8df-9eb6-40c1-9438-77795e955e2e,synth_c3730b26f7d4,itin,tabddpm_synthetic,,['en'],EIN,2024-07-07T18:13:00+00:00,100.0,0.0,22,18,6,Sunday,48,2000,17,EIN,en,Bank account opening,0
dafa813f-5747-4234-80b4-0adaa3463df5,synth_43208195111a,itin,tabddpm_synthetic,,['en'],EIN,2024-07-28T00:20:00+00:00,100.0,0.0,22,0,3,Thursday,0,1,0,EIN,en,Bank account opening,0
57bda14e-88ba-4940-877b-6fd8debfa3a1,synth_abc267518580,itin,tabddpm_synthetic,,['en'],EIN,2024-08-17T15:44:00+00:00,100.0,0.0,22,15,6,Sunday,32,2000,9,EIN,en,Bank account opening,0
dcbfd11c-d674-442f-8fa0-6e853a1c103b,synth_637e66a67bbf,itin,tabddpm_synthetic,,['en'],EIN,2024-07-26T00:28:00+00:00,100000.0,50000.0,55,0,0,Monday,90,1,100,EIN,en,Bank account opening,0
ac0e0b11-7989-42e5-a381-d1de0bd9db76,synth_caadeaaf64e6,itin,tabddpm_synthetic,,['en'],EIN,2024-06-18T05:43:00+00:00,3459.89,103.16,36,5,4,Friday,0,1785,11,EIN,en,Bank account opening,0
552de4c5-434e-4bd9-9b2f-c29d030dea7d,synth_c396605fdf45,itin,tabddpm_synthetic,,['en'],EIN,2024-11-26T00:46:00+00:00,100.0,0.0,22,0,5,Saturday,0,1623,0,EIN,en,Bank account opening,0
7a2b65a6-bb6d-4293-9fc6-afe3837b6e88,synth_6d79a3fdb389,itin,tabddpm_synthetic,,['en'],EIN,2024-10-01T00:45:00+00:00,100000.0,50000.0,22,0,6,Sunday,90,1,100,EIN,en,Bank account opening,0
110b3883-bdf1-4484-9a2f-91a190216691,synth_56d5c09150dc,itin,tabddpm_synthetic,,['en'],EIN,2024-10-11T17:01:00+00:00,100.0,0.0,47,17,4,Friday,5,2000,9,EIN,en,Bank account opening,0
f41bd5e8-0d31-4521-b161-eef40060f8a6,synth_fae9e1bf481b,itin,tabddpm_synthetic,,['en'],EIN,2024-01-27T00:10:00+00:00,100.0,73.41,22,0,6,Sunday,0,1,17,EIN,en,Bank account opening,0
0c258505-6f7f-4b85-9a1b-ec8b0b3adb69,synth_adf25feaf8c1,itin,tabddpm_synthetic,,['en'],EIN,2024-01-26T23:55:00+00:00,100.0,7868.94,55,23,0,Monday,90,2000,0,EIN,en,Bank account opening,0
a3e34ce5-75ea-4bb3-a514-e93c6faf1256,synth_ca8659aae129,itin,tabddpm_synthetic,,['en'],EIN,2024-08-19T21:04:00+00:00,100.0,47.31,22,21,6,Sunday,7,2000,4,EIN,en,Bank account opening,0
52845fbc-8eb9-43a6-b745-88625f93ee98,synth_17ad2f33f887,itin,tabddpm_synthetic,,['en'],EIN,2024-07-11T00:04:00+00:00,100000.0,15808.2,55,0,0,Monday,90,1,100,EIN,en,Bank account opening,0
8a6ec1fb-91c2-448e-96e2-6359a5e6a2ff,synth_e93cf2411132,itin,tabddpm_synthetic,,['en'],EIN,2024-08-11T23:58:00+00:00,85731.38,0.0,22,23,0,Monday,0,1,100,EIN,en,Bank account opening,0
68ef4dd9-9474-4766-a9c5-5463631f1777,synth_26333be3a8de,itin,tabddpm_synthetic,,['en'],EIN,2024-07-21T00:56:00+00:00,100000.0,50000.0,22,0,6,Sunday,0,1,100,EIN,en,Bank account opening,1
038fbd73-1a46-48d9-8590-f0a04fcd840d,synth_277f12d6f4f6,itin,tabddpm_synthetic,,['en'],EIN,2024-10-13T21:32:00+00:00,100.0,0.0,22,21,6,Sunday,12,2000,6,EIN,en,Bank account opening,0
957a7420-10e9-4fc1-81c7-80e90a698627,synth_77e877cb9d03,itin,tabddpm_synthetic,,['en'],EIN,2024-12-25T00:11:00+00:00,31335.51,983.91,22,0,2,Wednesday,0,1,66,EIN,en,Bank account opening,0
c6d8e073-7cc6-448d-8a29-4741893bb37e,synth_eb731459191e,itin,tabddpm_synthetic,,['en'],EIN,2024-06-27T23:29:00+00:00,100000.0,34573.81,22,23,6,Sunday,0,1,100,EIN,en,Bank account opening,0
b6b813a2-7e31-4b3f-9db2-85189b633f0e,synth_63bdc6a1ee0f,itin,tabddpm_synthetic,,['en'],EIN,2024-08-01T23:54:00+00:00,100.0,10377.58,55,23,0,Monday,90,2000,0,EIN,en,Bank account opening,0
258bcc68-af5f-48c0-8876-5000cc5dc749,synth_84c5e8272eb6,itin,tabddpm_synthetic,,['en'],EIN,2024-03-18T00:40:00+00:00,7075.34,0.0,22,0,3,Thursday,0,1,0,EIN,en,Bank account opening,0
ff35433d-99a1-4e9e-9124-4e99412308f7,synth_2a740ea50f5f,itin,tabddpm_synthetic,,['en'],EIN,2024-03-21T11:30:00+00:00,673.71,0.0,25,11,6,Sunday,0,1421,1,EIN,en,Bank account opening,0
52495aa4-6707-4027-9c1a-0e351850b87e,synth_21670272528a,itin,tabddpm_synthetic,,['en'],EIN,2024-07-31T21:27:00+00:00,100.0,604.54,55,21,2,Wednesday,90,2000,5,EIN,en,Bank account opening,0
dd55fce4-dac1-446d-bbbc-886036ebf043,synth_18295204786a,itin,tabddpm_synthetic,,['en'],EIN,2024-10-04T17:24:00+00:00,100.0,440.69,45,17,6,Sunday,90,2000,0,EIN,en,Bank account opening,0
950eb6e1-07ae-4ef8-a336-554c89fd1fa4,synth_6d4d946154bd,itin,tabddpm_synthetic,,['en'],EIN,2024-03-13T23:18:00+00:00,100.0,1727.99,47,23,6,Sunday,90,2000,0,EIN,en,Bank account opening,0
9a1a3603-5076-42c6-9620-0c97e5678c5b,synth_143a0be43822,itin,tabddpm_synthetic,,['en'],ITIN,2024-06-11T00:29:00+00:00,535.56,0.0,22,0,4,Friday,0,1221,11,ITIN,en,Bank account opening,0
8e31bb66-2da2-4b56-9061-a113d43a43cf,synth_497ca3ab6ca7,itin,tabddpm_synthetic,,['en'],EIN,2024-04-14T23:48:00+00:00,100000.0,50000.0,22,23,6,Sunday,0,1,100,EIN,en,Bank account opening,0
d52e2231-a2f3-44ec-8339-7fb0e1abd719,synth_b7bcf6d4dda5,itin,tabddpm_synthetic,,['en'],EIN,2024-06-25T23:28:00+00:00,100.0,19126.23,55,23,6,Sunday,0,1,35,EIN,en,Bank account opening,1
2c1f2d77-b7c3-4670-8686-5b5dc1f383dd,synth_c1159412d2aa,itin,tabddpm_synthetic,,['en'],EIN,2024-05-30T23:25:00+00:00,100000.0,50000.0,22,23,6,Sunday,0,1,100,EIN,en,Bank account opening,0
dd27c5d8-9cd7-4418-95de-c7c2b119adca,synth_88fbad49d4d3,itin,tabddpm_synthetic,,['en'],ITIN,2024-04-13T00:09:00+00:00,1846.22,39.0,22,0,3,Thursday,0,1,0,ITIN,en,Bank account opening,0
08d54107-b02f-4508-95b2-3abe5f5ad265,synth_ea2b394621e8,itin,tabddpm_synthetic,,['en'],EIN,2024-04-16T08:02:00+00:00,100.0,112.54,22,8,6,Sunday,56,2000,3,EIN,en,Bank account opening,0
9b4e875b-803e-4f4d-8707-b7d4a3a0aa2f,synth_29c26cf95fca,itin,tabddpm_synthetic,,['en'],EIN,2024-07-03T00:15:00+00:00,100.0,0.0,22,0,6,Sunday,61,2000,22,EIN,en,Bank account opening,0
75dde633-fa47-48ce-bb27-756f54673581,synth_305503c26711,itin,tabddpm_synthetic,,['en'],EIN,2024-12-07T23:28:00+00:00,100000.0,50000.0,22,23,6,Sunday,0,1,100,EIN,en,Bank account opening,0
1cfe00dc-b21b-49ae-bea3-f5faf041946b,synth_868594da689f,itin,tabddpm_synthetic,,['en'],EIN,2024-07-05T23:07:00+00:00,100000.0,17303.7,22,23,6,Sunday,0,1,100,EIN,en,Bank account opening,0
b10a0220-fcaa-432e-b550-54f54d9ec0d9,synth_3f565b154739,itin,tabddpm_synthetic,,['en'],EIN,2024-12-04T23:10:00+00:00,100.0,0.0,22,23,6,Sunday,34,2000,16,EIN,en,Bank account opening,0
f9bd1c10-5c31-436a-9344-64e36e9e6d43,synth_0a041f274f3f,itin,tabddpm_synthetic,,['en'],EIN,2024-11-04T00:44:00+00:00,100.0,0.0,55,0,6,Sunday,0,531,0,EIN,en,Bank account opening,0
eaac653c-fcc1-47eb-bc26-c36c63cc0d3a,synth_3bd0ced72a92,itin,tabddpm_synthetic,,['en'],EIN,2024-06-01T00:23:00+00:00,7691.29,0.0,55,0,6,Sunday,0,515,0,EIN,en,Bank account opening,0
48ef6bc8-7f1a-4693-b206-3c78e9dad91e,synth_b8bff7a8afac,itin,tabddpm_synthetic,,['en'],EIN,2024-07-27T13:21:00+00:00,31658.52,777.91,22,13,3,Thursday,0,1,99,EIN,en,Bank account opening,0
433acb4e-5440-437a-9bac-b7cdf1fbd05a,synth_8592a1d559d1,itin,tabddpm_synthetic,,['en'],EIN,2024-05-04T00:21:00+00:00,100.0,35.43,22,0,6,Sunday,0,1,0,EIN,en,Bank account opening,0
a9070224-4b31-47bf-acf2-40bac3b32a08,synth_d63b28348990,itin,tabddpm_synthetic,,['en'],EIN,2024-04-11T00:32:00+00:00,100.0,0.0,22,0,0,Monday,0,2000,0,EIN,en,Bank account opening,0
3d2adeb3-4d97-4b0d-ab9f-14c7e5f75c21,synth_73df09a50813,itin,tabddpm_synthetic,,['en'],EIN,2024-03-19T07:01:00+00:00,100.0,0.0,40,7,0,Monday,6,796,8,EIN,en,Bank account opening,0
efefe56a-9e46-4684-b929-d799fe7f5aad,synth_10293adf0dbb,itin,tabddpm_synthetic,,['en'],EIN,2024-08-04T00:10:00+00:00,100000.0,50000.0,22,0,6,Sunday,0,1,100,EIN,en,Bank account opening,0
e276f8ab-7ecf-4be5-bb02-912d7ad6c541,synth_e5f559cd7233,itin,tabddpm_synthetic,,['en'],EIN,2024-04-25T00:07:00+00:00,100.0,0.0,22,0,1,Tuesday,0,1,0,EIN,en,Bank account opening,0
b11a992e-630b-47bd-a76f-bbcc630778e4,synth_42cd35778eac,itin,tabddpm_synthetic,,['en'],EIN,2024-09-19T18:42:00+00:00,100000.0,50000.0,55,18,0,Monday,90,1,100,EIN,en,Bank account opening,0
4a4edcc2-a12f-4a73-b3fc-d31743dbd7a0,synth_b871748a903c,itin,tabddpm_synthetic,,['en'],EIN,2024-04-21T00:37:00+00:00,100.0,0.0,55,0,6,Sunday,0,1173,70,EIN,en,Bank account opening,0
66004462-52ba-4461-8c99-178b4635d9f2,synth_7b7ede47c420,itin,tabddpm_synthetic,,['en'],EIN,2024-02-13T00:38:00+00:00,100000.0,50000.0,22,0,0,Monday,0,1,83,EIN,en,Bank account opening,0
bff43699-aa34-4c4f-84c0-26530e6b5aa9,synth_f6b48fc78b8d,itin,tabddpm_synthetic,,['en'],EIN,2024-03-14T15:26:00+00:00,100.0,3051.71,55,15,0,Monday,90,1,24,EIN,en,Bank account opening,0
119c11b1-7da9-4573-8da5-7400730b9c11,synth_0f2faa99401c,itin,tabddpm_synthetic,,['en'],EIN,2024-03-13T23:01:00+00:00,100.0,1954.1,55,23,6,Sunday,90,2000,0,EIN,en,Bank account opening,0
1992e2e9-09a3-4c80-8ada-4c70cdacd0af,synth_40e57ad545f4,itin,tabddpm_synthetic,,['en'],EIN,2024-02-01T00:01:00+00:00,100.0,0.0,22,0,3,Thursday,0,1,0,EIN,en,Bank account opening,0
6196f71b-a69d-475f-a706-ef41896a7d05,synth_dd60e099f55a,itin,tabddpm_synthetic,,['en'],ITIN,2024-10-15T04:34:00+00:00,6621.5,0.0,22,4,0,Monday,0,1,43,ITIN,en,Bank account opening,0
dd3b4cc6-2956-49c4-8fd6-e482c7c2d8ea,synth_44072c733b4b,itin,tabddpm_synthetic,,['en'],EIN,2024-12-09T23:57:00+00:00,100000.0,42687.77,22,23,6,Sunday,0,1,100,EIN,en,Bank account opening,0
69d05ba3-6de1-4fbc-965b-2d28a1793098,synth_1b80e699a5f9,itin,tabddpm_synthetic,,['en'],EIN,2024-10-05T23:28:00+00:00,100.0,24302.63,55,23,0,Monday,90,2000,100,EIN,en,Bank account opening,0
5c5e9ad3-b662-4255-a133-c255daca0ac6,synth_9484f8cdfddb,itin,tabddpm_synthetic,,['en'],EIN,2024-03-03T00:31:00+00:00,100.0,0.0,22,0,1,Tuesday,0,2000,7,EIN,en,Bank account opening,0
5522e9cb-e454-4989-98d5-8fb121b6e7a8,synth_d73043efd757,itin,tabddpm_synthetic,,['en'],EIN,2024-10-28T00:16:00+00:00,100000.0,50000.0,55,0,0,Monday,90,1,100,EIN,en,Bank account opening,0
fa5ed94b-bf37-458b-b66f-a732ad1b59e3,synth_eae189121d5a,itin,tabddpm_synthetic,,['en'],EIN,2024-02-20T17:27:00+00:00,100.0,0.0,22,17,6,Sunday,29,2000,2,EIN,en,Bank account opening,0
4ab02a33-a3ba-4963-aa52-2d23976accdf,synth_09dadc93b161,itin,tabddpm_synthetic,,['en'],EIN,2024-08-01T07:16:00+00:00,100.0,71.88,22,7,5,Saturday,15,2000,8,EIN,en,Bank account opening,0
9e218c95-bad5-4f6c-a7d7-9a8b6d833ab2,synth_a590bbd40072,itin,tabddpm_synthetic,,['en'],EIN,2024-05-25T23:50:00+00:00,100000.0,50000.0,22,23,6,Sunday,0,1,100,EIN,en,Bank account opening,0
6d11c8e2-6b52-454c-a691-d0e551276fc4,synth_fdaa1ca70c9b,itin,tabddpm_synthetic,,['en'],EIN,2024-03-03T13:42:00+00:00,1478.89,169.92,55,13,0,Monday,90,1,11,EIN,en,Bank account opening,0
3ff695e8-c396-4330-afc4-7cc893888f01,synth_729d061c009d,itin,tabddpm_synthetic,,['en'],EIN,2024-03-13T00:49:00+00:00,5534.79,184.61,22,0,1,Tuesday,0,1,5,EIN,en,Bank account opening,0
78c4afa9-fb77-4c85-94f3-6d93f2673ddf,synth_d8d30778d6d4,itin,tabddpm_synthetic,,['en'],EIN,2024-07-19T23:55:00+00:00,100.0,4326.48,55,23,0,Monday,90,2000,0,EIN,en,Bank account opening,0
c7519632-544a-4113-bad2-dd6245b941a1,synth_de013d459736,itin,tabddpm_synthetic,,['en'],EIN,2024-02-14T00:22:00+00:00,100000.0,50000.0,22,0,0,Monday,0,1,100,EIN,en,Bank account opening,1
96f18e56-14de-4476-a2cf-7fef8e40e3a7,synth_7575da642f18,itin,tabddpm_synthetic,,['en'],EIN,2024-05-25T00:53:00+00:00,100.0,0.0,26,0,2,Wednesday,0,319,8,EIN,en,Bank account opening,0
ff96850f-5a23-4bf3-b7ef-feca8490a314,synth_c2940cdea636,itin,tabddpm_synthetic,,['en'],EIN,2024-10-01T00:08:00+00:00,100.0,67.88,55,0,6,Sunday,0,547,0,EIN,en,Bank account opening,0
e994faf1-f6c1-41cb-bb93-04e5c2e0a4ec,synth_0efa10f92501,itin,tabddpm_synthetic,,['en'],EIN,2024-09-24T00:17:00+00:00,100000.0,50000.0,55,0,0,Monday,90,1,100,EIN,en,Bank account opening,1
c32fa991-ae21-4269-85db-506af2369ce3,synth_091cd8d6de5a,itin,tabddpm_synthetic,,['en'],EIN,2024-12-03T12:35:00+00:00,5334.83,525.99,22,12,3,Thursday,7,1503,1,EIN,en,Bank account opening,0
685a3a93-9dc4-42de-b0e4-54fa30b8f36d,synth_0770d2168bce,itin,tabddpm_synthetic,,['en'],EIN,2024-11-03T23:04:00+00:00,100.0,25791.88,55,23,0,Monday,90,2000,0,EIN,en,Bank account opening,0
4c667c36-f74f-41d4-bab0-90a0dac3480e,synth_cbb39a47286a,itin,tabddpm_synthetic,,['en'],EIN,2024-10-11T00:59:00+00:00,100.0,3.88,22,0,6,Sunday,16,2000,41,EIN,en,Bank account opening,0
d4d6a9f5-3f0c-4eb4-a6a7-53930de66fde,synth_46b11de5bbf0,itin,tabddpm_synthetic,,['en'],EIN,2024-08-04T00:11:00+00:00,100.0,0.0,22,0,5,Saturday,0,2000,0,EIN,en,Bank account opening,0
b80048dd-3c9b-4df1-b203-130c0c9c5ab1,synth_55b92d8e3f95,itin,tabddpm_synthetic,,['en'],EIN,2024-08-27T23:12:00+00:00,100000.0,50000.0,55,23,6,Sunday,90,1,65,EIN,en,Bank account opening,0
88b3e5f4-3076-43e7-a338-0c9f6e356174,synth_86610f144bd5,itin,tabddpm_synthetic,,['en'],EIN,2024-03-23T00:04:00+00:00,100000.0,50000.0,22,0,0,Monday,0,1,100,EIN,en,Bank account opening,1
8926da56-db04-443e-b3ab-fedf0d1cf9e7,synth_ef214c71c1a6,itin,tabddpm_synthetic,,['en'],EIN,2024-07-23T00:27:00+00:00,100.0,535.98,55,0,6,Sunday,0,1,3,EIN,en,Bank account opening,0
3a10cffb-16c5-4df5-a79b-3a8558c304dc,synth_3169bca68b1d,itin,tabddpm_synthetic,,['en'],EIN,2024-06-06T13:28:00+00:00,100.0,785.56,55,13,4,Friday,90,925,3,EIN,en,Bank account opening,0
933458d6-c134-408c-b458-d52251c3810b,synth_6c461160a552,itin,tabddpm_synthetic,,['en'],EIN,2024-08-08T19:06:00+00:00,100.0,6819.88,22,19,6,Sunday,90,2000,31,EIN,en,Bank account opening,0
33c01ee2-3269-40b7-b4be-0b32e266ee3f,synth_acd47704826b,itin,tabddpm_synthetic,,['en'],EIN,2024-05-09T23:55:00+00:00,100000.0,50000.0,22,23,6,Sunday,0,1,100,EIN,en,Bank account opening,0
bdf6457c-d2e8-4776-9f59-923990399034,synth_7997ce0c0a12,itin,tabddpm_synthetic,,['en'],EIN,2024-07-18T23:19:00+00:00,100.0,7594.47,55,23,0,Monday,90,2000,0,EIN,en,Bank account opening,0
43528d81-2c8d-4629-becd-be64d36c0f01,synth_218e70412469,itin,tabddpm_synthetic,,['en'],EIN,2024-03-15T00:41:00+00:00,100.0,300.18,55,0,6,Sunday,0,1,0,EIN,en,Bank account opening,0
fcc4b275-c71a-4e90-8b94-93aa49eed17b,synth_5485db718ac3,itin,tabddpm_synthetic,,['en'],EIN,2024-07-07T15:34:00+00:00,100.0,0.0,22,15,6,Sunday,34,2000,6,EIN,en,Bank account opening,0
a4f687c9-31d2-41ff-bcf4-ab0eeca0da86,synth_9f235ab42c81,itin,tabddpm_synthetic,,['en'],EIN,2024-03-15T23:13:00+00:00,100000.0,50000.0,22,23,6,Sunday,0,1,100,EIN,en,Bank account opening,0
8dc3d7d9-6b5b-41cf-b926-9a2d7dbea01b,synth_d2778dcc1e09,itin,tabddpm_synthetic,,['en'],EIN,2024-12-23T00:55:00+00:00,100000.0,50000.0,22,0,6,Sunday,0,1,100,EIN,en,Bank account opening,0
6d64855e-53b1-4f01-ae28-0e7e5fe2dd88,synth_40c3ad949786,itin,tabddpm_synthetic,,['en'],EIN,2024-06-01T21:19:00+00:00,100.0,0.0,22,21,6,Sunday,18,2000,10,EIN,en,Bank account opening,0
87fe4f34-e493-46b2-a6d2-4383ccc62ade,synth_002d572eef75,itin,tabddpm_synthetic,,['en'],EIN,2024-04-29T18:20:00+00:00,100.0,61.6,22,18,4,Friday,34,2000,6,EIN,en,Bank account opening,0
4b46ead7-5b90-4c7c-a636-3781b787de07,synth_65b9665d0c9a,itin,tabddpm_synthetic,,['en'],EIN,2024-08-04T23:57:00+00:00,100000.0,50000.0,22,23,6,Sunday,0,1,100,EIN,en,Bank account opening,0
1adbcf2a-db77-4255-a817-406191834ccd,synth_cfb6953a267d,itin,tabddpm_synthetic,,['en'],EIN,2024-10-20T23:27:00+00:00,100000.0,50000.0,22,23,6,Sunday,0,1,100,EIN,en,Bank account opening,1
366cb103-ab6f-4300-8f7b-1540223f1ab6,synth_784afb680f82,itin,tabddpm_synthetic,,['es'],EIN,2024-05-04T00:01:00+00:00,100.0,0.0,55,0,6,Sunday,0,195,0,EIN,es,Bank account opening,0
0fbda8ad-8585-4767-bec2-bf9a02137b57,synth_25b5c4097476,itin,tabddpm_synthetic,,['en'],EIN,2024-04-11T14:20:00+00:00,2998.12,168.7,34,14,1,Tuesday,5,1849,9,EIN,en,Bank account opening,0
323e833b-cf33-4390-828e-c3f071d6f15a,synth_d9fe2b1d3cbc,itin,tabddpm_synthetic,,['en'],EIN,2024-05-02T00:54:00+00:00,100000.0,50000.0,22,0,0,Monday,0,1,100,EIN,en,Bank account opening,0
2bb0359c-e65c-476a-a842-ec42a4d0a631,synth_22ab821ed75a,itin,tabddpm_synthetic,,['en'],EIN,2024-08-13T00:59:00+00:00,3192.89,0.0,55,0,6,Sunday,0,307,0,EIN,en,Bank account opening,0
c5ef5d56-4cd1-4637-b325-75229d896195,synth_1c46aa00f9b9,itin,tabddpm_synthetic,,['en'],EIN,2024-05-17T23:25:00+00:00,100000.0,50000.0,55,23,0,Monday,90,1,100,EIN,en,Bank account opening,0
bc389cdb-7678-4180-87c1-2c8c900d30c5,synth_7cc23fb8db11,itin,tabddpm_synthetic,,['en'],EIN,2024-03-30T23:40:00+00:00,100.0,1135.06,55,23,4,Friday,90,2000,0,EIN,en,Bank account opening,0
cbdd9073-3937-4bdd-8d90-3afffb65dc3b,synth_b05ac5d91356,itin,tabddpm_synthetic,,['en'],EIN,2024-04-03T00:52:00+00:00,100.0,0.0,22,0,3,Thursday,0,1585,0,EIN,en,Bank account opening,0
a37506c0-0913-4569-8953-6fbc1b277d2a,synth_e5c8d0377e64,itin,tabddpm_synthetic,,['en'],EIN,2024-01-05T00:17:00+00:00,100000.0,6652.48,22,0,6,Sunday,0,1,100,EIN,en,Bank account opening,0
5127f083-751f-4936-9b31-a0870b2a1b54,synth_2e5a53054d91,itin,tabddpm_synthetic,,['en'],EIN,2024-08-23T23:04:00+00:00,100.0,0.0,22,23,6,Sunday,20,2000,7,EIN,en,Bank account opening,0
035893ce-61af-4932-9931-8cdb9c0f52a1,synth_2fa25f43317a,itin,tabddpm_synthetic,,['en'],EIN,2024-03-30T23:21:00+00:00,100000.0,50000.0,22,23,6,Sunday,0,1,100,EIN,en,Bank account opening,1
4f902442-883b-4047-864e-d4100f25ff9c,synth_2c44f47b8feb,itin,tabddpm_synthetic,,['en'],EIN,2024-02-28T23:00:00+00:00,100.0,1163.96,55,23,0,Monday,90,2000,19,EIN,en,Bank account opening,0
377658d1-c1f0-4dbf-a0e3-e978583c0101,synth_d04c3c75718e,itin,tabddpm_synthetic,,['en'],EIN,2024-08-05T23:06:00+00:00,100.0,23544.64,55,23,0,Monday,90,2000,0,EIN,en,Bank account opening,0
62dd4cd4-048e-48b0-b9e7-c3de8777d9bf,synth_1a20b196e14e,itin,tabddpm_synthetic,,['en'],EIN,2024-12-17T23:24:00+00:00,100000.0,50000.0,22,23,6,Sunday,90,1,100,EIN,en,Bank account opening,0
3d2d8ab1-687b-42f7-850c-39664f3decd3,synth_b42116a33a1e,itin,tabddpm_synthetic,,['en'],EIN,2024-03-14T23:16:00+00:00,100000.0,29067.88,22,23,6,Sunday,0,1,100,EIN,en,Bank account opening,0
2d27d9ab-a506-48dc-a60f-edebd893898f,synth_de0de9415b27,itin,tabddpm_synthetic,,['es'],EIN,2024-12-24T00:00:00+00:00,3139.2,0.0,22,0,1,Tuesday,0,1,9,EIN,es,Bank account opening,0
f5469408-f2c5-44e3-93d7-8f50c1812cf2,synth_4093076bad69,itin,tabddpm_synthetic,,['en'],EIN,2024-01-19T23:25:00+00:00,100000.0,50000.0,22,23,6,Sunday,0,1,100,EIN,en,Bank account opening,0
b1c830be-bf44-48a8-ac7a-c8aa4f3321c7,synth_8113c5757113,itin,tabddpm_synthetic,,['en'],EIN,2024-02-24T00:29:00+00:00,100.0,0.0,22,0,6,Sunday,8,2000,36,EIN,en,Bank account opening,0
806faeee-64fa-4bb7-a9a0-58f83bcf62b1,synth_1879d24da258,itin,tabddpm_synthetic,,['en'],EIN,2024-01-17T00:32:00+00:00,100.0,0.0,22,0,6,Sunday,0,1,0,EIN,en,Bank account opening,0
4a6fc881-551c-46f8-aaba-1b9a71853a00,synth_394bc0e377ba,itin,tabddpm_synthetic,,['en'],EIN,2024-01-13T00:54:00+00:00,24963.6,1166.52,22,0,6,Sunday,0,1,59,EIN,en,Bank account opening,0
0975c8c7-37ba-4b32-803b-d2f22ed24022,synth_aa416afa3bde,itin,tabddpm_synthetic,,['en'],EIN,2024-11-04T21:22:00+00:00,100.0,167.42,32,21,5,Saturday,5,2000,8,EIN,en,Bank account opening,0
85021974-4549-45ea-abba-02a91186553f,synth_3fc917950177,itin,tabddpm_synthetic,,['en'],EIN,2024-07-19T23:45:00+00:00,100000.0,50000.0,22,23,6,Sunday,0,1,100,EIN,en,Bank account opening,0
47d8ca0f-a6f0-4057-85a3-d55ce39052b1,synth_d700e7bb69ff,itin,tabddpm_synthetic,,['en'],EIN,2024-06-22T23:34:00+00:00,7233.35,0.0,22,23,4,Friday,6,871,8,EIN,en,Bank account opening,0
dc720965-b4e3-405c-865a-fa4067089574,synth_5eac15fa5268,itin,tabddpm_synthetic,,['en'],EIN,2024-01-18T23:17:00+00:00,100.0,3311.28,55,23,0,Monday,90,2000,0,EIN,en,Bank account opening,0
1006bfa3-4a9a-46e4-aced-b2c501e77367,synth_d7a697d4fda0,itin,tabddpm_synthetic,,['es'],EIN,2024-07-10T00:04:00+00:00,1867.67,68.52,35,0,0,Monday,0,1156,6,EIN,es,Bank account opening,0
d264acbf-bf5f-48fd-9038-cec34e887c63,synth_41f1260df741,itin,tabddpm_synthetic,,['en'],EIN,2024-10-19T00:43:00+00:00,100000.0,50000.0,22,0,0,Monday,90,1,100,EIN,en,Bank account opening,0
132fa7e0-0a4b-4639-984f-177a1c4162c6,synth_4e7495642227,itin,tabddpm_synthetic,,['en'],EIN,2024-12-10T23:10:00+00:00,23848.2,5104.13,55,23,0,Monday,90,1,100,EIN,en,Bank account opening,0
b823ff79-477a-466c-b2a0-74aadc2f2349,synth_c9b82f6f8ec6,itin,tabddpm_synthetic,,['en'],EIN,2024-08-17T00:18:00+00:00,100000.0,50000.0,22,0,0,Monday,0,1,100,EIN,en,Bank account opening,1
15828a4d-194c-4234-86f2-2f2e03513992,synth_a30b90d560e6,itin,tabddpm_synthetic,,['en'],EIN,2024-04-11T12:27:00+00:00,100.0,0.0,22,12,6,Sunday,29,2000,7,EIN,en,Bank account opening,0
04b888fc-4659-4152-921d-348350d00623,synth_3000bd3aaaf4,itin,tabddpm_synthetic,,['en'],EIN,2024-07-18T00:51:00+00:00,100000.0,14549.38,55,0,0,Monday,90,1,100,EIN,en,Bank account opening,0
7f55b206-ab31-4367-b1a1-6bcad21a6e22,synth_dc8d8835d8ed,itin,tabddpm_synthetic,,['en'],EIN,2024-03-22T23:53:00+00:00,100000.0,50000.0,22,23,6,Sunday,0,1,100,EIN,en,Bank account opening,0
f75029a4-88b1-4ba6-a955-11f18764ecc5,synth_69af90f94405,itin,tabddpm_synthetic,,['en'],EIN,2024-04-27T00:21:00+00:00,5503.22,864.5,55,0,2,Wednesday,53,2000,11,EIN,en,Bank account opening,0
955c276f-faa8-4551-bece-9e60c4089625,synth_3da7dd12a84c,itin,tabddpm_synthetic,,['en'],EIN,2024-09-17T22:37:00+00:00,100.0,0.0,24,22,3,Thursday,15,2000,12,EIN,en,Bank account opening,0
0412988f-390b-404c-a254-5ca1f57b9c77,synth_67e8c3ad323d,itin,tabddpm_synthetic,,['en'],EIN,2024-07-21T15:21:00+00:00,7092.28,602.64,32,15,1,Tuesday,6,1533,3,EIN,en,Bank account opening,0
51a26ef6-28f9-4abc-bd51-218cff1294fe,synth_798274add018,itin,tabddpm_synthetic,,['en'],EIN,2024-08-31T00:26:00+00:00,100000.0,50000.0,22,0,0,Monday,90,1,100,EIN,en,Bank account opening,0
93e4c763-a4ea-4578-8bb3-3479b12dcb7f,synth_c293a2d2c298,itin,tabddpm_synthetic,,['en'],EIN,2024-06-21T23:34:00+00:00,100.0,11883.44,55,23,0,Monday,90,2000,0,EIN,en,Bank account opening,0
f72a48fd-647e-4630-8b5a-39563124003d,synth_c5f3ab5cadb4,itin,tabddpm_synthetic,,['en'],EIN,2024-04-13T23:57:00+00:00,100000.0,50000.0,55,23,6,Sunday,0,1,100,EIN,en,Bank account opening,0
6258fabf-0712-4e3a-83d6-d77e54008b41,synth_2c531156861d,itin,tabddpm_synthetic,,['en'],EIN,2024-11-19T00:53:00+00:00,11822.16,0.0,22,0,0,Monday,0,1,3,EIN,en,Bank account opening,0
2a4b307d-0dab-4c75-8c57-b00de001a340,synth_68ffae7f3097,itin,tabddpm_synthetic,,['en'],EIN,2024-06-24T23:20:00+00:00,100000.0,50000.0,22,23,6,Sunday,0,1,100,EIN,en,Bank account opening,1
7df49219-af6c-4f10-9c78-01e8c6ba89a9,synth_ce06b73cd821,itin,tabddpm_synthetic,,['en'],EIN,2024-12-03T00:55:00+00:00,100.0,864.87,22,0,6,Sunday,63,2000,29,EIN,en,Bank account opening,0
2c265ef5-fe73-4074-8de0-6c573b386cb6,synth_390c0f3a77d9,itin,tabddpm_synthetic,,['en'],EIN,2024-07-11T23:48:00+00:00,47045.58,0.0,22,23,0,Monday,0,1,100,EIN,en,Bank account opening,0
34b947c0-30fe-49d8-9209-9cd8c9f50b6d,synth_7791d8d2aa32,itin,tabddpm_synthetic,,['en'],EIN,2024-11-19T03:15:00+00:00,100.0,0.0,22,3,6,Sunday,3,1689,11,EIN,en,Bank account opening,0
c51e85af-83aa-43e3-b95d-235fde719320,synth_941096046813,itin,tabddpm_synthetic,,['en'],EIN,2024-05-13T23:26:00+00:00,100000.0,50000.0,22,23,6,Sunday,0,1,100,EIN,en,Bank account opening,0
2539acd3-46e6-400d-8e7b-b3d3e09d755c,synth_2930117d4e50,itin,tabddpm_synthetic,,['en'],EIN,2024-12-11T11:53:00+00:00,100.0,0.0,22,11,6,Sunday,54,2000,8,EIN,en,Bank account opening,0
05839282-e6e7-4645-b2d2-59627b3b03e3,synth_e884897f273c,itin,tabddpm_synthetic,,['en'],EIN,2024-04-22T16:13:00+00:00,100.0,59.43,23,16,6,Sunday,17,2000,4,EIN,en,Bank account opening,0
4a6ee558-6c2b-4650-b672-fcfbd4f0539c,synth_1b2550f51349,itin,tabddpm_synthetic,,['en'],EIN,2024-01-09T23:32:00+00:00,100.0,5467.83,55,23,0,Monday,90,2000,0,EIN,en,Bank account opening,0
16995926-5756-41a2-b587-c14424d58c7f,synth_a7c696fa918d,itin,tabddpm_synthetic,,['en'],EIN,2024-04-11T07:31:00+00:00,1847.43,402.83,23,7,6,Sunday,24,2000,5,EIN,en,Bank account opening,0
3660254a-3438-478c-8dbd-bad45bc3bcec,synth_7d0731029ecc,itin,tabddpm_synthetic,,['en'],EIN,2024-02-25T00:07:00+00:00,100.0,0.0,22,0,6,Sunday,0,1,8,EIN,en,Bank account opening,0
81b882a7-e0c7-4f89-8157-eb0e960c1f93,synth_f8fef7117f88,itin,tabddpm_synthetic,,['en'],EIN,2024-11-11T00:18:00+00:00,100000.0,32191.28,22,0,6,Sunday,0,1,100,EIN,en,Bank account opening,0
18e2704e-d805-4b6e-bfc9-d1c59ec2bef9,synth_2aa165ab138f,itin,tabddpm_synthetic,,['en'],EIN,2024-09-01T00:33:00+00:00,3964.69,145.86,22,0,3,Thursday,0,1,0,EIN,en,Bank account opening,0
e284be1c-10aa-4b6a-823b-a4a2e680806d,synth_eda2cd325052,itin,tabddpm_synthetic,,['en'],EIN,2024-08-20T17:51:00+00:00,46313.88,1447.73,49,17,6,Sunday,9,572,34,EIN,en,Bank account opening,0
46cd6714-9851-46b2-bd21-c3685a78c327,synth_090eda444c77,itin,tabddpm_synthetic,,['en'],EIN,2024-06-17T00:13:00+00:00,100.0,193.94,22,0,6,Sunday,0,1,0,EIN,en,Bank account opening,0
06f2a5b4-6b05-404e-8797-eccb50ae4fbd,synth_e5c10eae6095,itin,tabddpm_synthetic,,['en'],EIN,2024-08-04T00:51:00+00:00,100.0,298.36,55,0,6,Sunday,0,1,3,EIN,en,Bank account opening,0
f6d388fc-9524-4cab-b930-75912959842b,synth_3d81e87603ed,itin,tabddpm_synthetic,,['en'],EIN,2024-08-10T23:22:00+00:00,42470.55,0.0,22,23,4,Friday,0,1,100,EIN,en,Bank account opening,0
4968f016-bdaf-42dd-a6c7-dffdefae4992,synth_4fa48c63d3e9,itin,tabddpm_synthetic,,['en'],EIN,2024-01-09T23:43:00+00:00,46490.15,491.79,22,23,0,Monday,0,1,100,EIN,en,Bank account opening,0
44b40171-385e-4987-b1df-6447f334b8d5,synth_497925e40244,itin,tabddpm_synthetic,,['en'],EIN,2024-11-03T00:33:00+00:00,1112.14,0.0,22,0,0,Monday,0,1185,7,EIN,en,Bank account opening,0
f1d828f7-30a3-49f3-9926-f217322114c2,synth_6d90bc69d3da,itin,tabddpm_synthetic,,['en'],EIN,2024-09-01T00:56:00+00:00,100000.0,50000.0,22,0,0,Monday,0,1,100,EIN,en,Bank account opening,0
bccf0b6e-894f-4ac4-b1ef-09f75f1b61c7,synth_475d608ab136,itin,tabddpm_synthetic,,['en'],EIN,2024-12-11T00:52:00+00:00,100000.0,50000.0,22,0,0,Monday,90,1,100,EIN,en,Bank account opening,1
44d42f9c-d835-4787-843f-2f27fa7be21a,synth_549a0d49bcd6,itin,tabddpm_synthetic,,['en'],EIN,2024-02-22T00:57:00+00:00,12250.07,913.13,36,0,6,Sunday,17,193,4,EIN,en,Bank account opening,0
9bd41ddd-2916-443c-bdbb-beb00ad8414d,synth_b6b574171052,itin,tabddpm_synthetic,,['en'],EIN,2024-09-14T23:47:00+00:00,100000.0,50000.0,22,23,6,Sunday,90,1,100,EIN,en,Bank account opening,0
21c4147d-08b2-47d0-ba77-0288f277a6b1,synth_59ef812fc8ab,itin,tabddpm_synthetic,,['en'],EIN,2024-04-08T00:35:00+00:00,100.0,0.0,22,0,6,Sunday,0,1,24,EIN,en,Bank account opening,0
058ef211-e84c-42a6-9318-7082b96ece03,synth_14f79aa38fc6,itin,tabddpm_synthetic,,['en'],EIN,2024-09-16T00:27:00+00:00,100.0,0.0,22,0,4,Friday,0,215,12,EIN,en,Bank account opening,0
3c8dfe14-69cc-42b4-93be-3a65133dcfd6,synth_4df6b8a10d0c,itin,tabddpm_synthetic,,['en'],EIN,2024-11-10T23:07:00+00:00,98300.45,0.0,22,23,0,Monday,0,1,100,EIN,en,Bank account opening,1
d0d4198e-982d-4d04-bf00-758db252ade0,synth_7990e95565d9,itin,tabddpm_synthetic,,['en'],EIN,2024-04-24T00:54:00+00:00,100.0,0.0,22,0,0,Monday,0,1,2,EIN,en,Bank account opening,0
b9bc0e54-eea6-4ef3-82dc-8dbe0ff249fd,synth_dc56a655881c,itin,tabddpm_synthetic,,['en'],EIN,2024-04-14T00:56:00+00:00,100.0,340.41,22,0,6,Sunday,37,2000,35,EIN,en,Bank account opening,0
03be7f14-ac8d-4a31-8a21-29a2ef2d04fd,synth_49b45eb70863,itin,tabddpm_synthetic,,['en'],EIN,2024-04-06T19:56:00+00:00,100.0,0.0,22,19,6,Sunday,8,2000,3,EIN,en,Bank account opening,0
80dddcb7-3524-4ce7-b0d2-71f54f56e3bb,synth_5d9e7b0a20ba,itin,tabddpm_synthetic,,['en'],EIN,2024-03-03T12:17:00+00:00,100.0,0.0,22,12,6,Sunday,77,2000,16,EIN,en,Bank account opening,0
ad4b48c6-53fe-4f74-8a7c-1393b7c5e4c4,synth_d23a3d1eeae1,itin,tabddpm_synthetic,,['en'],EIN,2024-06-06T23:59:00+00:00,100000.0,13587.9,22,23,6,Sunday,0,1,100,EIN,en,Bank account opening,0
032f9fdc-4464-4816-877b-f2db30ebd1ba,synth_eaf81b1952cd,itin,tabddpm_synthetic,,['en'],EIN,2024-07-15T00:04:00+00:00,100.0,0.0,22,0,6,Sunday,0,1,1,EIN,en,Bank account opening,0
a90ff675-d1ef-44ea-ad4e-8ed16f294074,synth_9e36d0aff490,itin,tabddpm_synthetic,,['en'],EIN,2024-02-06T00:29:00+00:00,3782.23,0.0,55,0,6,Sunday,0,241,0,EIN,en,Bank account opening,0
0b71964c-9e35-487c-888d-fa5bd7e65a55,synth_73d1601891b0,itin,tabddpm_synthetic,,['en'],EIN,2024-03-13T00:01:00+00:00,6147.16,0.0,22,0,0,Monday,0,462,7,EIN,en,Bank account opening,0
40e8d57f-5139-4ac2-bbdc-ae37cdfc74b7,synth_04da723c29c7,itin,tabddpm_synthetic,,['en'],ITIN,2024-04-07T00:27:00+00:00,1743.74,0.0,22,0,0,Monday,0,235,6,ITIN,en,Bank account opening,0
43e90906-9305-4d12-9163-09680571ddc3,synth_1e93084adc88,itin,tabddpm_synthetic,,['en'],EIN,2024-08-05T23:24:00+00:00,100000.0,50000.0,22,23,6,Sunday,0,1,100,EIN,en,Bank account opening,1
d60de6b0-8e3f-4f90-b020-4f1c2e01dab1,synth_c9a743067ec2,itin,tabddpm_synthetic,,['en'],EIN,2024-09-15T23:10:00+00:00,100000.0,7926.14,22,23,6,Sunday,0,1,100,EIN,en,Bank account opening,0
7641fe0c-2c75-4c56-8771-075d1ddfdce9,synth_a2ca95ba05cf,itin,tabddpm_synthetic,,['en'],EIN,2024-01-09T18:31:00+00:00,100.0,111.86,22,18,6,Sunday,17,2000,34,EIN,en,Bank account opening,0
61cbae2a-c003-48e7-9fe0-faaf3c1ec419,synth_1c55618eb89d,itin,tabddpm_synthetic,,['es'],EIN,2024-04-06T02:31:00+00:00,3000.7,227.04,32,2,0,Monday,36,2000,10,EIN,es,Bank account opening,0
3db2c0f0-1777-4850-851c-dfde1bc10507,synth_8d1e1ed3b710,itin,tabddpm_synthetic,,['en'],EIN,2024-06-09T00:54:00+00:00,100.0,432.5,22,0,6,Sunday,13,2000,1,EIN,en,Bank account opening,0
5a63093f-ddc0-4adc-8fa3-e6ce60813ad0,synth_ceb1caa13ea4,itin,tabddpm_synthetic,,['en'],EIN,2024-11-07T23:06:00+00:00,100.0,3652.48,55,23,0,Monday,90,2000,0,EIN,en,Bank account opening,0
240830f6-960b-4b02-8b76-ea48dda5491e,synth_4f90c29ca1c5,itin,tabddpm_synthetic,,['en'],EIN,2024-11-15T00:10:00+00:00,100000.0,33560.54,22,0,0,Monday,0,1,100,EIN,en,Bank account opening,0
1c5f3999-d169-4ec9-8a67-43a952205761,synth_32ae1c9530f3,itin,tabddpm_synthetic,,['en'],EIN,2024-06-06T07:03:00+00:00,100.0,0.0,28,7,0,Monday,21,1041,12,EIN,en,Bank account opening,0
4e96e2e1-a72d-47b7-8f5d-5b9c07e971c3,synth_43ed9afd79ac,itin,tabddpm_synthetic,,['en'],EIN,2024-12-22T13:56:00+00:00,100.0,1100.37,55,13,6,Sunday,90,2000,0,EIN,en,Bank account opening,0
e7f12c7c-2ad5-4f90-ba8f-525263f6a1bf,synth_ace01060338c,itin,tabddpm_synthetic,,['en'],EIN,2024-11-10T23:03:00+00:00,100000.0,50000.0,22,23,6,Sunday,90,1,100,EIN,en,Bank account opening,1
efd744f4-bccc-4162-83e8-df5211e5a7dc,synth_e1181698c1ff,itin,tabddpm_synthetic,,['en'],EIN,2024-10-30T23:46:00+00:00,100.0,3703.18,55,23,0,Monday,90,2000,0,EIN,en,Bank account opening,0
65ba6885-a2ce-48dc-bf88-44ec26c0a329,synth_f58472af0b72,itin,tabddpm_synthetic,,['en'],EIN,2024-01-07T23:30:00+00:00,100.0,8194.1,55,23,0,Monday,90,1,100,EIN,en,Bank account opening,0
01401f99-502b-48b3-a1ff-94793757c531,synth_fdef246500cd,itin,tabddpm_synthetic,,['en'],EIN,2024-05-09T12:56:00+00:00,100.0,0.0,22,12,6,Sunday,41,2000,7,EIN,en,Bank account opening,0
20e5432d-7400-457f-bce1-4017d249f976,synth_964b1107fff8,itin,tabddpm_synthetic,,['en'],EIN,2024-09-28T13:40:00+00:00,1653.62,178.39,29,13,5,Saturday,15,2000,12,EIN,en,Bank account opening,0
4f2ab8b6-c00c-4624-9638-e4e371fdaf5f,synth_51afa6b7fe93,itin,tabddpm_synthetic,,['en'],EIN,2024-08-29T23:20:00+00:00,100.0,12920.0,55,23,0,Monday,90,2000,20,EIN,en,Bank account opening,0
28cc5727-8660-49f0-83ff-650d4d5faa51,synth_d61748ae30b9,itin,tabddpm_synthetic,,['en'],EIN,2024-12-18T10:32:00+00:00,100.0,0.0,25,10,6,Sunday,45,2000,3,EIN,en,Bank account opening,0
c5bd4a0b-70a2-44c0-9cdc-62c9b4096abc,synth_a2a1eba85895,itin,tabddpm_synthetic,,['en'],EIN,2024-01-02T00:23:00+00:00,100000.0,50000.0,22,0,0,Monday,0,1,100,EIN,en,Bank account opening,0
4e08105c-f0d5-4ba9-83be-2179300d7e1a,synth_4c221e6dacce,itin,tabddpm_synthetic,,['en'],EIN,2024-03-20T23:36:00+00:00,100.0,15177.6,55,23,0,Monday,90,2000,0,EIN,en,Bank account opening,0
57242aba-ee4d-4ece-872a-68e882ea3024,synth_f7073e0b8568,itin,tabddpm_synthetic,,['en'],EIN,2024-07-01T00:31:00+00:00,14685.63,48.72,22,0,2,Wednesday,0,1,60,EIN,en,Bank account opening,0
b26a8054-aea2-436d-9c7d-b2443d51b8f9,synth_043c2d095910,itin,tabddpm_synthetic,,['en'],EIN,2024-09-10T11:36:00+00:00,100.0,131.0,22,11,6,Sunday,47,2000,4,EIN,en,Bank account opening,0
b7ee3a79-831d-470e-ab2d-018f83e13fe2,synth_6916acbb4f92,itin,tabddpm_synthetic,,['es'],EIN,2024-07-02T00:21:00+00:00,100.0,0.0,22,0,0,Monday,0,2000,3,EIN,es,Bank account opening,0
aae6622c-9ce4-4974-b165-f5eadcfce884,synth_b0d905e85473,itin,tabddpm_synthetic,,['en'],EIN,2024-07-11T00:50:00+00:00,100000.0,50000.0,22,0,6,Sunday,0,1,100,EIN,en,Bank account opening,0
79a331af-2f80-464b-9542-864d80e4a59c,synth_aada0524775a,itin,tabddpm_synthetic,,['en'],EIN,2024-12-23T18:42:00+00:00,100.0,174.99,22,18,6,Sunday,14,2000,8,EIN,en,Bank account opening,0
d1e6ac0d-dc60-4de6-a4b2-8630c5b81660,synth_2e52e8083a60,itin,tabddpm_synthetic,,['en'],EIN,2024-04-02T00:30:00+00:00,100.0,0.0,22,0,2,Wednesday,0,2000,0,EIN,en,Bank account opening,0
f946340e-e4b4-4b77-80f4-76cebce28d1f,synth_ee1ef7f889eb,itin,tabddpm_synthetic,,['en'],EIN,2024-10-04T23:19:00+00:00,100.0,7250.88,55,23,0,Monday,90,2000,0,EIN,en,Bank account opening,0
a1a6fc80-a0f1-4232-8d59-3b276424aaca,synth_d9f53d0a112b,itin,tabddpm_synthetic,,['en'],EIN,2024-12-24T10:00:00+00:00,13448.03,1041.73,55,10,0,Monday,90,1,32,EIN,en,Bank account opening,0
8b9c7874-aadd-4b75-97ba-fb69a4077a73,synth_a622805a3511,itin,tabddpm_synthetic,,['en'],EIN,2024-12-06T00:44:00+00:00,2408.73,109.57,45,0,6,Sunday,0,1,52,EIN,en,Bank account opening,0
a51cfa7b-f8e8-4559-b6f4-f5269ac96978,synth_c61b6d0b35b1,itin,tabddpm_synthetic,,['en'],EIN,2024-02-24T21:07:00+00:00,100.0,0.0,22,21,6,Sunday,83,2000,23,EIN,en,Bank account opening,0
00731a82-4e4b-4c04-8aa2-945902a8f00d,synth_e20951c82b2c,itin,tabddpm_synthetic,,['en'],EIN,2024-12-18T17:32:00+00:00,100.0,82.44,24,17,6,Sunday,34,2000,7,EIN,en,Bank account opening,0
c8963665-7fd6-4e12-b2e6-21b1083d5842,synth_3ae4a30a24a6,itin,tabddpm_synthetic,,['en'],EIN,2024-07-29T23:58:00+00:00,100000.0,50000.0,22,23,6,Sunday,0,1,100,EIN,en,Bank account opening,0
2bae2491-3c28-477a-bd93-78f7413c422c,synth_1b2094600931,itin,tabddpm_synthetic,,['en'],EIN,2024-09-05T00:55:00+00:00,100.0,0.0,22,0,2,Wednesday,0,2000,0,EIN,en,Bank account opening,0
bdc7024b-9f97-4e41-b06b-2ee9fac619a4,synth_82e90536f3d2,itin,tabddpm_synthetic,,['en'],EIN,2024-04-26T23:33:00+00:00,100.0,7133.47,55,23,0,Monday,90,2000,0,EIN,en,Bank account opening,0
3008376e-f6af-45aa-afd5-8e50640f101e,synth_feca6cbb6102,itin,tabddpm_synthetic,,['en'],EIN,2024-05-10T00:50:00+00:00,100.0,0.0,22,0,5,Saturday,0,1,0,EIN,en,Bank account opening,0
892cc401-529b-47b8-8162-cd48ea2a2685,synth_c8a1ee1cc98f,itin,tabddpm_synthetic,,['en'],EIN,2024-10-13T23:51:00+00:00,100.0,0.0,22,23,6,Sunday,25,2000,10,EIN,en,Bank account opening,0
7e51c1fa-674b-4ac7-b7a1-1190a83cd654,synth_efbcbbbb23c6,itin,tabddpm_synthetic,,['en'],EIN,2024-01-22T00:36:00+00:00,100.0,0.0,22,0,6,Sunday,0,1,0,EIN,en,Bank account opening,0
b3240784-82d8-496d-8e87-05a4742b1357,synth_1ad1e9eeeed4,itin,tabddpm_synthetic,,['en'],EIN,2024-05-28T09:51:00+00:00,100.0,63.83,23,9,4,Friday,12,2000,10,EIN,en,Bank account opening,0
86c7319b-3a0c-4987-b1fa-ba314d79d176,synth_37e8386963b7,itin,tabddpm_synthetic,,['en'],EIN,2024-12-19T00:34:00+00:00,100000.0,50000.0,55,0,0,Monday,90,1,0,EIN,en,Bank account opening,0
523f06fa-b4c8-4580-9856-5c9a9692ea2c,synth_6865fcf6c1b1,itin,tabddpm_synthetic,,['en'],EIN,2024-07-11T00:28:00+00:00,100000.0,50000.0,22,0,6,Sunday,0,1,100,EIN,en,Bank account opening,0
93ccdd38-e0ee-418d-a2c4-c1832edeea29,synth_4d0dfc03c20a,itin,tabddpm_synthetic,,['en'],EIN,2024-09-29T23:34:00+00:00,100000.0,14497.87,22,23,6,Sunday,13,2000,24,EIN,en,Bank account opening,0
4978fafa-a5c3-4c92-abe7-fec35dacba9a,synth_1dc73000cbec,itin,tabddpm_synthetic,,['en'],EIN,2024-01-07T00:58:00+00:00,4855.95,2190.75,22,0,6,Sunday,8,1,0,EIN,en,Bank account opening,0
2897ed6e-a685-42b4-ad56-f43526470351,synth_d227b304c325,itin,tabddpm_synthetic,,['en'],EIN,2024-10-11T14:15:00+00:00,100.0,406.21,42,14,1,Tuesday,10,2000,14,EIN,en,Bank account opening,0
4e95fc15-2408-49e0-8efa-44482cbbe2d0,synth_bf9e090a3f94,itin,tabddpm_synthetic,,['en'],EIN,2024-09-21T00:53:00+00:00,4825.68,0.0,22,0,2,Wednesday,0,389,9,EIN,en,Bank account opening,0
f47f0c5a-530c-494a-849b-5e1d43386adf,synth_ec03011d9004,itin,tabddpm_synthetic,,['es'],EIN,2024-02-15T13:30:00+00:00,5935.75,429.61,22,13,0,Monday,0,1215,0,EIN,es,Bank account opening,0
1151470d-b3dd-42e0-a6b3-6f6d966750b9,synth_d58153646f99,itin,tabddpm_synthetic,,['en'],ITIN,2024-06-11T09:30:00+00:00,3329.58,158.33,48,9,0,Monday,15,2000,8,ITIN,en,Bank account opening,0
837d1f7b-5a3a-42f8-8cfe-d069561f2c96,synth_c09eb4fae52c,itin,tabddpm_synthetic,,['en'],EIN,2024-07-28T23:48:00+00:00,100.0,5710.2,55,23,0,Monday,90,2000,0,EIN,en,Bank account opening,0
c0b5bbb2-f95f-42ab-b4bb-94e9ac9bdf58,synth_8b7341083acc,itin,tabddpm_synthetic,,['en'],EIN,2024-05-29T00:21:00+00:00,2887.64,0.0,22,0,6,Sunday,0,1,0,EIN,en,Bank account opening,0
babfac1d-c96a-4761-902e-d1c1ac5ff611,synth_1e91dd5fe6bd,itin,tabddpm_synthetic,,['en'],EIN,2024-06-23T23:37:00+00:00,100.0,0.0,22,23,6,Sunday,30,2000,7,EIN,en,Bank account opening,0
157fbd69-3286-48ca-8193-8d53ce3cc95a,synth_079f4996dde0,itin,tabddpm_synthetic,,['en'],EIN,2024-07-17T00:42:00+00:00,5735.2,81.68,22,0,6,Sunday,0,1,67,EIN,en,Bank account opening,0
29610db9-c47d-4e17-bb1d-b913adce15f0,synth_da75c5288316,itin,tabddpm_synthetic,,['en'],EIN,2024-02-12T00:21:00+00:00,101.24,0.0,32,0,4,Friday,0,1,0,EIN,en,Bank account opening,0
06c40421-c849-4165-a395-df0473e184f0,synth_db208bcb9a6a,itin,tabddpm_synthetic,,['en'],EIN,2024-10-24T00:29:00+00:00,100.0,0.0,22,0,2,Wednesday,0,1324,2,EIN,en,Bank account opening,0
4a5f9ab9-2d78-4b38-95bf-4c319add02d3,synth_947bec899077,itin,tabddpm_synthetic,,['en'],EIN,2024-07-13T11:46:00+00:00,100.0,0.0,22,11,6,Sunday,11,2000,6,EIN,en,Bank account opening,0
d583eafb-e5ca-4e23-bf2d-1b94cd40f5d0,synth_89743a92336a,itin,tabddpm_synthetic,,['en'],EIN,2024-07-04T00:57:00+00:00,100000.0,50000.0,22,0,6,Sunday,90,1,100,EIN,en,Bank account opening,0
a2625030-e280-49b9-9dcb-4220ce41e021,synth_cf912b58e61d,itin,tabddpm_synthetic,,['en'],EIN,2024-09-10T23:14:00+00:00,100.0,34790.53,55,23,0,Monday,90,2000,0,EIN,en,Bank account opening,0
d00301ec-bf5e-42be-ad3e-cdf2972de2a8,synth_390f5fbf64ea,itin,tabddpm_synthetic,,['en'],EIN,2024-09-19T08:47:00+00:00,100.0,0.0,22,8,6,Sunday,0,2000,69,EIN,en,Bank account opening,0
c1257329-9984-4adf-a8a5-059ede511e62,synth_8d75ac0e909f,itin,tabddpm_synthetic,,['en'],EIN,2024-07-28T23:52:00+00:00,100000.0,50000.0,22,23,6,Sunday,0,1,100,EIN,en,Bank account opening,1
1f8fd083-1009-4854-b3af-fda3570d94bc,synth_7b22274e853e,itin,tabddpm_synthetic,,['en'],EIN,2024-11-28T00:52:00+00:00,100.0,0.0,22,0,6,Sunday,0,340,0,EIN,en,Bank account opening,0
6398d23d-ac60-4ae8-9380-fc03c7b85e13,synth_4f0ce6fd906a,itin,tabddpm_synthetic,,['en'],EIN,2024-06-04T18:31:00+00:00,50597.31,1020.65,22,18,6,Sunday,0,1,100,EIN,en,Bank account opening,0
c9a6b472-896a-400f-88dc-2721f5e3fc7f,synth_2afbbf72f957,itin,tabddpm_synthetic,,['en'],EIN,2024-03-05T04:32:00+00:00,100.0,143.18,22,4,6,Sunday,41,2000,59,EIN,en,Bank account opening,0
4391a5f2-7c6d-4d6a-9fa5-1f7de437e72c,synth_e5e89866f8af,itin,tabddpm_synthetic,,['en'],EIN,2024-08-14T13:42:00+00:00,100.0,42.35,55,13,0,Monday,90,1,6,EIN,en,Bank account opening,0
978fdc58-9595-4cf5-8e15-9fe63eae7c55,synth_8272e29f505e,itin,tabddpm_synthetic,,['en'],EIN,2024-02-13T11:13:00+00:00,100.0,428.96,55,11,6,Sunday,90,2000,3,EIN,en,Bank account opening,0
35f45ff3-d963-4686-9a3a-0795a46e4cbb,synth_80d820762731,itin,tabddpm_synthetic,,['en'],ITIN,2024-12-23T00:18:00+00:00,100.0,0.0,22,0,2,Wednesday,0,564,4,ITIN,en,Bank account opening,0
5aff435b-632b-4c2f-be8c-9e2c3888bec4,synth_7dffe920e593,itin,tabddpm_synthetic,,['en'],EIN,2024-08-08T00:17:00+00:00,70513.93,2452.57,22,0,6,Sunday,0,1,100,EIN,en,Bank account opening,0
b1454f12-e76a-4ee8-90b5-8495037ba67f,synth_d51b67404880,itin,tabddpm_synthetic,,['en'],EIN,2024-07-09T00:21:00+00:00,4209.65,7183.75,55,0,0,Monday,90,1,11,EIN,en,Bank account opening,0
b42581e9-8c5d-44fa-969c-f5f5ebe04999,synth_44687d43be85,itin,tabddpm_synthetic,,['en'],EIN,2024-03-22T23:19:00+00:00,100.0,3342.23,55,23,0,Monday,90,2000,0,EIN,en,Bank account opening,0
49be267d-db37-4e56-bb81-bc2fd9b8a642,synth_d31bdec2809d,itin,tabddpm_synthetic,,['en'],EIN,2024-07-30T23:46:00+00:00,100000.0,50000.0,22,23,6,Sunday,0,1,100,EIN,en,Bank account opening,1
97314c7e-b139-4abc-bd8b-bd31a0f60dba,synth_6eca7be7a4b9,itin,tabddpm_synthetic,,['en'],EIN,2024-07-18T23:20:00+00:00,100.0,15389.1,55,23,0,Monday,90,2000,0,EIN,en,Bank account opening,0
bd7d84fc-8e3c-4fb2-9bb4-16789fd1d830,synth_22b58b79312f,itin,tabddpm_synthetic,,['en'],EIN,2024-08-30T23:05:00+00:00,100000.0,7793.58,50,23,0,Monday,32,1,100,EIN,en,Bank account opening,0
d1105b5d-f4b2-40f0-80e7-e8dc39bea1ef,synth_6e57820af907,itin,tabddpm_synthetic,,['en'],EIN,2024-07-24T23:03:00+00:00,100000.0,50000.0,55,23,0,Monday,0,1,100,EIN,en,Bank account opening,0
1b0d22bb-1bac-4ad1-8ef4-3b0c2c958d1b,synth_ab274417e475,itin,tabddpm_synthetic,,['en'],EIN,2024-08-24T12:57:00+00:00,100.0,0.0,22,12,6,Sunday,26,2000,4,EIN,en,Bank account opening,0
6ce81f30-d800-4558-8625-e82484b0fe5a,synth_8abdfd664e7d,itin,tabddpm_synthetic,,['en'],EIN,2024-06-20T02:58:00+00:00,17328.97,227.42,22,2,6,Sunday,0,1,69,EIN,en,Bank account opening,0
dbe97212-5938-4aec-af4c-c7a4a6b6fc3b,synth_563a94df7db4,itin,tabddpm_synthetic,,['en'],EIN,2024-05-19T00:32:00+00:00,100.0,0.0,37,0,0,Monday,17,31,40,EIN,en,Bank account opening,0
30d0b77c-bd1b-4052-a8a4-c496f3bae567,synth_31a34f54a5d0,itin,tabddpm_synthetic,,['en'],EIN,2024-12-30T00:24:00+00:00,100000.0,11475.39,22,0,0,Monday,0,1,100,EIN,en,Bank account opening,0
5a43ade8-04fa-493b-920c-b4379f2d6f32,synth_50bd330d96e2,itin,tabddpm_synthetic,,['en'],EIN,2024-08-13T00:22:00+00:00,100000.0,50000.0,22,0,6,Sunday,0,1,100,EIN,en,Bank account opening,1
39412b3a-038d-4a90-900a-a998610f5a6e,synth_ab45840bcce4,itin,tabddpm_synthetic,,['en'],ITIN,2024-01-12T02:11:00+00:00,989.45,98.47,22,2,6,Sunday,4,1787,2,ITIN,en,Bank account opening,0
970a983b-1632-4aa4-8584-e92c5e2b5adc,synth_bba5075ce904,itin,tabddpm_synthetic,,['es'],EIN,2024-01-28T23:50:00+00:00,15873.58,0.0,22,23,0,Monday,0,1,63,EIN,es,Bank account opening,0
f5ed4ad2-311c-49e7-b269-0f8a33cfba71,synth_454e8e5f2aa0,itin,tabddpm_synthetic,,['es'],EIN,2024-01-27T00:30:00+00:00,100.0,0.0,22,0,4,Friday,0,2000,5,EIN,es,Bank account opening,0
783deb96-03b6-423e-a86b-0f9b0769f645,synth_abde2f40a19c,itin,tabddpm_synthetic,,['en'],EIN,2024-05-12T23:04:00+00:00,100000.0,50000.0,22,23,6,Sunday,90,1,100,EIN,en,Bank account opening,0
f5d94f24-c5d7-4b0f-83a7-bcd0884c6946,synth_4dc3dcb4da1a,itin,tabddpm_synthetic,,['en'],EIN,2024-12-07T23:26:00+00:00,100000.0,7261.21,22,23,6,Sunday,0,1,100,EIN,en,Bank account opening,1
a42e955b-4629-4e85-99d0-e64c84a878c9,synth_acd04e7171dd,itin,tabddpm_synthetic,,['en'],EIN,2024-08-31T15:23:00+00:00,100.0,0.0,22,15,6,Sunday,66,2000,0,EIN,en,Bank account opening,0
dd2010ac-e0f3-4b89-9e80-411f923f79ce,synth_a955b50b4ff8,itin,tabddpm_synthetic,,['en'],EIN,2024-05-04T23:18:00+00:00,100.0,0.0,22,23,6,Sunday,1,2000,15,EIN,en,Bank account opening,0
f1b3fbbc-c084-44f8-9ab1-ae9b1d4d849f,synth_0ba18cd4b2df,itin,tabddpm_synthetic,,['en'],EIN,2024-07-05T23:41:00+00:00,100.0,22885.47,55,23,0,Monday,90,2000,0,EIN,en,Bank account opening,0
9c644329-a0db-4182-a24b-dccf05d95747,synth_691930efb811,itin,tabddpm_synthetic,,['en'],EIN,2024-10-10T23:36:00+00:00,100000.0,50000.0,22,23,6,Sunday,90,1,100,EIN,en,Bank account opening,0
7d51204a-1942-46f0-b499-d1b2b837ae9d,synth_0f633917d06a,itin,tabddpm_synthetic,,['en'],EIN,2024-01-02T23:28:00+00:00,100000.0,50000.0,22,23,6,Sunday,0,1,100,EIN,en,Bank account opening,1
7b1fce7f-495b-4c9d-b96c-671fd7bcf8fc,synth_379e8e06f53e,itin,tabddpm_synthetic,,['en'],EIN,2024-09-03T00:44:00+00:00,100000.0,26415.77,22,0,4,Friday,62,1,0,EIN,en,Bank account opening,0
40cc5a33-37b8-4c88-b73f-9690a2ce7652,synth_d69579f386a0,itin,tabddpm_synthetic,,['en'],EIN,2024-08-13T23:18:00+00:00,100000.0,50000.0,22,23,6,Sunday,0,1,100,EIN,en,Bank account opening,0
42d0a226-069f-49cf-b234-b141dd77645f,synth_33481953ed94,itin,tabddpm_synthetic,,['en'],EIN,2024-05-03T23:49:00+00:00,62201.4,977.7,22,23,6,Sunday,0,1,100,EIN,en,Bank account opening,0
468abc7b-9bcb-4d70-a15f-44a1cb3da272,synth_0020ab15af21,itin,tabddpm_synthetic,,['en'],EIN,2024-07-16T23:50:00+00:00,100.0,12833.46,55,23,0,Monday,90,2000,0,EIN,en,Bank account opening,0
92498397-e298-4a06-9f00-6cdbe55feb7e,synth_27d05dfc9ab2,itin,tabddpm_synthetic,,['en'],EIN,2024-05-22T20:06:00+00:00,100.0,1498.25,55,20,0,Monday,90,1,12,EIN,en,Bank account opening,0
01f28f39-2aec-4d36-b469-073fa46d73a6,synth_7c64cde5d596,itin,tabddpm_synthetic,,['en'],EIN,2024-06-26T00:18:00+00:00,100.0,6783.13,55,0,6,Sunday,90,2000,0,EIN,en,Bank account opening,1
7ed71796-349b-496c-8e96-e2f807cc5ac0,synth_7e5f69e23258,itin,tabddpm_synthetic,,['en'],EIN,2024-07-17T23:01:00+00:00,100000.0,50000.0,22,23,6,Sunday,0,1,100,EIN,en,Bank account opening,1
8f533de6-f9f8-4fff-8c38-a9ec257f2198,synth_ebcb6c9e9b47,itin,tabddpm_synthetic,,['en'],EIN,2024-12-29T18:43:00+00:00,100.0,0.0,22,18,6,Sunday,20,2000,5,EIN,en,Bank account opening,0
51a1ae7b-9bc0-4751-90b8-961247fa279d,synth_4c0d4c86df97,itin,tabddpm_synthetic,,['en'],EIN,2024-01-08T18:49:00+00:00,100.0,0.0,22,18,6,Sunday,44,2000,8,EIN,en,Bank account opening,0
ded45595-41a0-47bf-8c73-6996358010bb,synth_3b16f180013c,itin,tabddpm_synthetic,,['en'],EIN,2024-02-11T00:54:00+00:00,100.0,5710.32,55,0,6,Sunday,90,2000,0,EIN,en,Bank account opening,0
225fdd77-6ac7-419f-931b-c90d1c17bc1c,synth_b59bd3bb51b5,itin,tabddpm_synthetic,,['en'],EIN,2024-01-20T16:48:00+00:00,100.0,1459.24,38,16,6,Sunday,90,2000,0,EIN,en,Bank account opening,0
a25a26b3-23ca-4df4-8fd3-5aaf8382e9c6,synth_b146327f2419,itin,tabddpm_synthetic,,['en'],EIN,2024-02-27T00:13:00+00:00,100000.0,4629.49,22,0,0,Monday,0,1,100,EIN,en,Bank account opening,0
8884a8e9-a056-4a5a-a569-900574a15883,synth_3a5f87e19bc5,itin,tabddpm_synthetic,,['en'],EIN,2024-10-18T00:44:00+00:00,100.0,205.74,22,0,6,Sunday,39,2000,19,EIN,en,Bank account opening,0
5fc52f8c-f197-47c2-b3a1-7f4f7e1d3d46,synth_24dbe854b6fd,itin,tabddpm_synthetic,,['en'],EIN,2024-12-28T00:59:00+00:00,100.0,0.0,22,0,1,Tuesday,0,1,3,EIN,en,Bank account opening,0
66fc41fa-1200-47ba-81f5-a792c1de6a36,synth_a02339af1c16,itin,tabddpm_synthetic,,['en'],EIN,2024-03-04T02:44:00+00:00,100.0,5660.22,55,2,6,Sunday,90,2000,0,EIN,en,Bank account opening,0
eba2d7a2-d131-4465-80c5-709900fd7662,synth_ad68283f5b51,itin,tabddpm_synthetic,,['en'],ITIN,2024-05-19T11:34:00+00:00,100.0,43.65,22,11,6,Sunday,15,2000,4,ITIN,en,Bank account opening,0
f2abd0c3-58c2-43d4-b068-8e8f35b44db6,synth_36214983723b,itin,tabddpm_synthetic,,['en'],EIN,2024-01-07T23:23:00+00:00,97478.73,1529.47,22,23,5,Saturday,0,1,100,EIN,en,Bank account opening,0
ea02e29d-f8d0-4ffc-b44f-fbc3fccc96f2,synth_7b5b2cca9d56,itin,tabddpm_synthetic,,['en'],EIN,2024-12-22T17:02:00+00:00,100.0,658.96,29,17,2,Wednesday,90,2000,17,EIN,en,Bank account opening,0
be848df4-3371-4c70-8f1d-8184201d3d5c,synth_01475b10e68d,itin,tabddpm_synthetic,,['en'],EIN,2024-07-30T08:46:00+00:00,100.0,230.98,22,8,6,Sunday,11,1994,1,EIN,en,Bank account opening,0
55ec9c0f-4fbc-42a8-894f-fe0905033376,synth_b17601cf5033,itin,tabddpm_synthetic,,['en'],EIN,2024-09-06T23:43:00+00:00,100.0,3579.33,55,23,0,Monday,90,2000,0,EIN,en,Bank account opening,0
7ac28559-3435-47d4-b5cf-4cc521044441,synth_b738ce6c3415,itin,tabddpm_synthetic,,['en'],EIN,2024-10-29T23:19:00+00:00,100.0,24750.35,55,23,0,Monday,90,2000,0,EIN,en,Bank account opening,0
054c14f6-3678-4696-891b-78d586611ccb,synth_05bb3c78650a,itin,tabddpm_synthetic,,['en'],EIN,2024-01-14T23:58:00+00:00,100000.0,0.0,22,23,0,Monday,0,1,100,EIN,en,Bank account opening,0
0fb0bb2c-a5db-401c-9e34-afd8316e630b,synth_d84d657b604a,itin,tabddpm_synthetic,,['en'],EIN,2024-03-07T21:47:00+00:00,100.0,135.77,42,21,6,Sunday,6,1742,9,EIN,en,Bank account opening,0
dc6d711b-0f5a-430c-926d-fe1ceb8a0fe5,synth_f4cd489c4bc6,itin,tabddpm_synthetic,,['en'],EIN,2024-05-16T00:03:00+00:00,100.0,0.0,22,0,1,Tuesday,0,2000,2,EIN,en,Bank account opening,0
65d75c30-5a12-4a82-99a4-a91e366798e5,synth_d5bfdc519b82,itin,tabddpm_synthetic,,['en'],EIN,2024-11-20T00:48:00+00:00,30554.94,261.17,22,0,6,Sunday,0,1,82,EIN,en,Bank account opening,1
623b2d7d-c111-461e-a336-8bfcbf2232f5,synth_168ce0907202,itin,tabddpm_synthetic,,['en'],EIN,2024-08-02T23:14:00+00:00,100.0,0.0,22,23,6,Sunday,0,2000,14,EIN,en,Bank account opening,0
c3b0c7cf-fa44-4e59-98dc-87c46e3c5b14,synth_8a68b33ca67e,itin,tabddpm_synthetic,,['en'],EIN,2024-10-23T00:44:00+00:00,2248.78,592.32,22,0,6,Sunday,3,1,5,EIN,en,Bank account opening,0
e7bdb6a0-9440-441d-8168-0b92479ead2e,synth_bb73dfb51219,itin,tabddpm_synthetic,,['en'],EIN,2024-08-31T21:14:00+00:00,100000.0,50000.0,55,21,0,Monday,90,1,52,EIN,en,Bank account opening,0
17868cdc-ca08-4d0d-a06b-204e0aa4aeb7,synth_2329aad7c53e,itin,tabddpm_synthetic,,['en'],EIN,2024-08-17T00:06:00+00:00,100000.0,50000.0,22,0,0,Monday,90,1,100,EIN,en,Bank account opening,0
8058e853-78b0-4ca5-8c06-1950620a7b7e,synth_434e07e1545e,itin,tabddpm_synthetic,,['en'],EIN,2024-01-13T23:23:00+00:00,100000.0,50000.0,22,23,6,Sunday,90,1,100,EIN,en,Bank account opening,0
fa726bac-496c-43c6-80fb-b5239ca558a2,synth_f8873ad1c42d,itin,tabddpm_synthetic,,['en'],EIN,2024-03-15T07:00:00+00:00,100.0,564.62,55,7,6,Sunday,90,2000,0,EIN,en,Bank account opening,0
d7cb9cea-8db2-4bd7-99d8-5bf7fdf955d1,synth_699bd852290a,itin,tabddpm_synthetic,,['en'],EIN,2024-02-21T23:17:00+00:00,100.0,927.64,55,23,6,Sunday,90,2000,0,EIN,en,Bank account opening,0
32f98684-3aa5-4700-9491-fb7c7589adf1,synth_53256e155c2f,itin,tabddpm_synthetic,,['en'],EIN,2024-02-17T17:09:00+00:00,2708.29,121.21,55,17,6,Sunday,0,1995,11,EIN,en,Bank account opening,0
ced423f4-ae38-4952-8c00-f2e039de2cd9,synth_eefeaaeac221,itin,tabddpm_synthetic,,['en'],EIN,2024-01-05T00:47:00+00:00,100000.0,50000.0,22,0,0,Monday,0,1,100,EIN,en,Bank account opening,0
4a92af2c-ceb0-4c9b-91bb-4b3bf4f3db5d,synth_7af23f2aef6b,itin,tabddpm_synthetic,,['en'],EIN,2024-04-12T23:29:00+00:00,4745.86,0.0,22,23,0,Monday,0,1,21,EIN,en,Bank account opening,0
0398a58e-a3f8-4927-a014-52b608fbcb9a,synth_aebb5c423ebe,itin,tabddpm_synthetic,,['en'],EIN,2024-07-17T00:02:00+00:00,100.0,0.0,22,0,6,Sunday,0,1,42,EIN,en,Bank account opening,0
9312c7c0-87fe-48e0-9eea-0c5d0d9e3b2f,synth_89b213a7eb87,itin,tabddpm_synthetic,,['en'],EIN,2024-07-05T23:58:00+00:00,100000.0,1729.49,22,23,0,Monday,0,1,100,EIN,en,Bank account opening,0
716170f1-9ed0-44de-b292-b32168ba774b,synth_2950bcf7fc53,itin,tabddpm_synthetic,,['en'],EIN,2024-02-13T15:54:00+00:00,70110.88,3373.67,22,15,6,Sunday,0,1,100,EIN,en,Bank account opening,0
881cb8e0-ec1d-4e83-9826-8e8dad67d5c6,synth_6802e72d5d8f,itin,tabddpm_synthetic,,['en'],EIN,2024-03-21T00:28:00+00:00,100000.0,50000.0,22,0,0,Monday,90,1,100,EIN,en,Bank account opening,0
cded8640-72f0-4a41-861d-4326bf319296,synth_a6e7a6a3be40,itin,tabddpm_synthetic,,['en'],EIN,2024-01-24T00:30:00+00:00,100000.0,50000.0,22,0,6,Sunday,90,1,100,EIN,en,Bank account opening,1
090a6087-3d00-41ae-b9e6-58b360475000,synth_ff7169ebc9b8,itin,tabddpm_synthetic,,['en'],EIN,2024-06-25T23:20:00+00:00,100.0,0.0,22,23,6,Sunday,10,2000,11,EIN,en,Bank account opening,0
350457fd-8516-4742-9936-798ac0585e63,synth_256d334808dc,itin,tabddpm_synthetic,,['en'],ITIN,2024-03-16T14:57:00+00:00,100.0,27.09,22,14,3,Thursday,6,2000,6,ITIN,en,Bank account opening,0
ae94dc81-a6ad-47de-b2cb-63436a64eaca,synth_b6b96929006f,itin,tabddpm_synthetic,,['en'],EIN,2024-11-12T23:24:00+00:00,100.0,3452.0,55,23,0,Monday,90,2000,0,EIN,en,Bank account opening,0
3e3f3aa1-a1e7-4f04-93d9-ced25ccb0b7c,synth_57f0aaa7ca52,itin,tabddpm_synthetic,,['en'],ITIN,2024-05-13T10:58:00+00:00,8385.3,483.57,49,10,0,Monday,8,2000,9,ITIN,en,Bank account opening,0
abd29383-bdd0-49b5-8e20-b765656ca2c3,synth_050f9f083fc9,itin,tabddpm_synthetic,,['es'],EIN,2024-07-15T00:14:00+00:00,6729.42,131.91,22,0,0,Monday,0,1,25,EIN,es,Bank account opening,0
172be7eb-49c7-45ca-af32-e3593f115382,synth_d597eb8d1f98,itin,tabddpm_synthetic,,['en'],EIN,2024-06-02T00:29:00+00:00,100000.0,50000.0,22,0,6,Sunday,0,1,100,EIN,en,Bank account opening,0
a8fe1c15-b69a-4744-ad97-f5083c25dbf1,synth_fbbb3dbedbf3,itin,tabddpm_synthetic,,['en'],EIN,2024-12-18T10:30:00+00:00,100.0,271.74,22,10,6,Sunday,90,2000,6,EIN,en,Bank account opening,0
68f4ad33-7041-401b-80a9-39645dff8b11,synth_2fc0858bfbbd,itin,tabddpm_synthetic,,['en'],EIN,2024-02-03T23:42:00+00:00,100000.0,50000.0,55,23,0,Monday,90,1,100,EIN,en,Bank account opening,0
9052b47e-e8b4-483e-8bc4-010c98ab3ff0,synth_a2f5a785b5a8,itin,tabddpm_synthetic,,['en'],EIN,2024-08-11T23:16:00+00:00,100000.0,7973.09,22,23,6,Sunday,0,1,100,EIN,en,Bank account opening,0
6dc9112a-cc61-4f09-ae21-9815972c36fa,synth_a4b93101163a,itin,tabddpm_synthetic,,['en'],EIN,2024-07-14T23:55:00+00:00,100000.0,50000.0,22,23,6,Sunday,0,1,100,EIN,en,Bank account opening,1
e7d02e05-8016-44e1-83b5-2369f025bc71,synth_d2fb1dd1265a,itin,tabddpm_synthetic,,['en'],EIN,2024-05-19T00:43:00+00:00,100.0,0.0,22,0,1,Tuesday,0,1479,5,EIN,en,Bank account opening,0
c6b7de8f-98aa-4b43-a7df-29be5a0de2b8,synth_00e3c8179edc,itin,tabddpm_synthetic,,['en'],EIN,2024-09-14T23:27:00+00:00,100000.0,50000.0,22,23,6,Sunday,0,1,100,EIN,en,Bank account opening,0
b29b94df-f1da-4e3a-ab6e-451b5bd9d767,synth_03bcfa51cbc0,itin,tabddpm_synthetic,,['en'],EIN,2024-12-07T23:53:00+00:00,15687.99,162.52,22,23,0,Monday,0,1,37,EIN,en,Bank account opening,0
16a177c8-ae7e-4957-8f16-8d60b6eaf8fd,synth_60c8217cd095,itin,tabddpm_synthetic,,['en'],EIN,2024-04-06T13:18:00+00:00,2860.69,0.0,22,13,0,Monday,4,1,29,EIN,en,Bank account opening,0
3fcd0f3b-bce5-46f7-b8f5-d821737b6150,synth_f12e8e159bf5,itin,tabddpm_synthetic,,['en'],EIN,2024-03-15T00:15:00+00:00,100.0,1549.8,40,0,6,Sunday,0,1,12,EIN,en,Bank account opening,0
b5ebae3a-88ba-4995-a615-a2caaf0b53b6,synth_0ba877798d7c,itin,tabddpm_synthetic,,['en'],EIN,2024-09-26T14:37:00+00:00,100.0,109.54,22,14,6,Sunday,46,2000,13,EIN,en,Bank account opening,0
e27430d4-1efa-4445-8e42-774e98e0764e,synth_0afd4834afd7,itin,tabddpm_synthetic,,['en'],EIN,2024-12-09T00:30:00+00:00,100.0,0.0,55,0,6,Sunday,0,1,100,EIN,en,Bank account opening,1
d93dd18b-2c72-4a14-8c1b-bf1503f84c12,synth_4b2da6c37256,itin,tabddpm_synthetic,,['en'],EIN,2024-07-25T13:12:00+00:00,100.0,0.0,22,13,6,Sunday,90,2000,20,EIN,en,Bank account opening,0
9ab14899-65e3-4b53-babe-141ba7b8cb86,synth_67cbffd5dbbb,itin,tabddpm_synthetic,,['en'],EIN,2024-01-02T00:25:00+00:00,100000.0,50000.0,22,0,0,Monday,0,1,100,EIN,en,Bank account opening,1
86efc203-40c4-4215-82f8-a0014e58a4a2,synth_7c09cee00a22,itin,tabddpm_synthetic,,['en'],EIN,2024-03-27T23:14:00+00:00,100.0,3407.92,55,23,0,Monday,90,2000,0,EIN,en,Bank account opening,0
7c0a86cd-8360-4553-8c8e-d91395635b5e,synth_97aaaa7e7c28,itin,tabddpm_synthetic,,['en'],EIN,2024-03-16T22:13:00+00:00,100.0,0.0,22,22,6,Sunday,14,2000,6,EIN,en,Bank account opening,0
27f204da-2a32-4af7-ba96-ce1b8ff1576e,synth_dbc2980cfd0f,itin,tabddpm_synthetic,,['en'],EIN,2024-12-23T23:32:00+00:00,100000.0,50000.0,22,23,6,Sunday,0,1,100,EIN,en,Bank account opening,0
174788ac-c364-41f1-9858-a32efac6883c,synth_0854727b788a,itin,tabddpm_synthetic,,['en'],EIN,2024-01-03T00:06:00+00:00,100.0,0.0,22,0,6,Sunday,0,981,12,EIN,en,Bank account opening,0
4411209c-5310-4c00-9dc0-be5e77abe3cc,synth_8a2232e3f6a4,itin,tabddpm_synthetic,,['en'],EIN,2024-06-12T00:51:00+00:00,100000.0,50000.0,55,0,6,Sunday,0,1,100,EIN,en,Bank account opening,0
0e3d6b4e-b0bb-4918-a571-3b602becc32a,synth_0c7ecfaf47f1,itin,tabddpm_synthetic,,['en'],EIN,2024-03-14T11:18:00+00:00,7465.85,197.09,23,11,0,Monday,1,1,33,EIN,en,Bank account opening,0
131c56e8-1808-4f9e-a244-1fa79177008e,synth_487d37b20c8d,itin,tabddpm_synthetic,,['en'],EIN,2024-11-05T20:34:00+00:00,100.0,0.0,22,20,6,Sunday,17,2000,5,EIN,en,Bank account opening,0
e413bec6-d63d-4f94-9f61-4fc913e94f0d,synth_84e5aed508db,itin,tabddpm_synthetic,,['en'],EIN,2024-06-24T00:37:00+00:00,8748.71,1135.91,55,0,6,Sunday,0,1,20,EIN,en,Bank account opening,0
ffb507e0-07d7-45b8-8d6f-5288f927abcc,synth_5bf0c5f5c6ae,itin,tabddpm_synthetic,,['en'],EIN,2024-08-19T11:06:00+00:00,100.0,0.0,22,11,6,Sunday,43,2000,14,EIN,en,Bank account opening,0
d849cd18-90be-46bf-8731-94df3342bcec,synth_198738890b41,itin,tabddpm_synthetic,,['en'],EIN,2024-03-17T00:44:00+00:00,100000.0,50000.0,22,0,6,Sunday,0,1,100,EIN,en,Bank account opening,1
46e339c5-12e8-43e3-93b7-fad8809cfca2,synth_a4dd8ffd36d7,itin,tabddpm_synthetic,,['en'],EIN,2024-02-10T23:36:00+00:00,100.0,34.99,23,23,6,Sunday,90,2000,12,EIN,en,Bank account opening,0
2d28aa1a-7263-428b-9330-c61da5b9877a,synth_6d65ea59314f,itin,tabddpm_synthetic,,['en'],EIN,2024-04-18T23:52:00+00:00,100000.0,50000.0,22,23,6,Sunday,0,1,100,EIN,en,Bank account opening,0
922e2ab3-0b38-4f4b-9790-2984792f0982,synth_76797ef18ce1,itin,tabddpm_synthetic,,['en'],EIN,2024-12-20T23:59:00+00:00,100000.0,50000.0,22,23,6,Sunday,90,1,100,EIN,en,Bank account opening,1
5ef9c294-27e4-4086-abf6-97cfbdcede1c,synth_5dac288d1de6,itin,tabddpm_synthetic,,['en'],EIN,2024-10-12T23:00:00+00:00,100000.0,7283.47,22,23,0,Monday,0,1,100,EIN,en,Bank account opening,0
21d94b71-65ea-4fc6-ab85-53fdf4cf6b48,synth_dfcb1259554e,itin,tabddpm_synthetic,,['en'],EIN,2024-09-15T23:54:00+00:00,100000.0,50000.0,22,23,6,Sunday,0,1,100,EIN,en,Bank account opening,1
4262066c-d1dd-4078-82f5-1cac08d65ab8,synth_c02a7da08e64,itin,tabddpm_synthetic,,['en'],EIN,2024-05-24T23:03:00+00:00,100.0,9906.4,55,23,0,Monday,90,2000,0,EIN,en,Bank account opening,0
43657064-1a8c-40d0-972c-c1cf324004f1,synth_74370324c85f,itin,tabddpm_synthetic,,['en'],EIN,2024-07-31T00:51:00+00:00,100.0,0.0,22,0,2,Wednesday,0,911,1,EIN,en,Bank account opening,0
9042c7e8-a65b-445b-b0c1-40cbe1a424ed,synth_01c376b398e8,itin,tabddpm_synthetic,,['en'],EIN,2024-04-12T23:24:00+00:00,100.0,9704.04,55,23,0,Monday,90,2000,0,EIN,en,Bank account opening,1
f4f35788-f949-401b-bcb5-bf1893325bd9,synth_d8aba7885050,itin,tabddpm_synthetic,,['en'],EIN,2024-07-30T00:10:00+00:00,100.0,347.85,38,0,6,Sunday,0,1,5,EIN,en,Bank account opening,0
e1b156eb-bee0-4146-9c23-615e0eafcf03,synth_05f3a9a6089d,itin,tabddpm_synthetic,,['en'],EIN,2024-05-13T00:14:00+00:00,100000.0,50000.0,22,0,0,Monday,90,1,100,EIN,en,Bank account opening,0
fcfb3df0-2794-44cc-8e9b-6a71f8a59693,synth_8ac30c4c927b,itin,tabddpm_synthetic,,['en'],EIN,2024-05-28T00:17:00+00:00,100.0,0.0,22,0,0,Monday,0,2000,0,EIN,en,Bank account opening,0
3ebb8de1-6654-4dc4-ba0b-c686a3b96ee8,synth_9c5e97b6c11e,itin,tabddpm_synthetic,,['en'],EIN,2024-07-12T23:42:00+00:00,16125.18,0.0,22,23,0,Monday,0,1,56,EIN,en,Bank account opening,0
517e0130-8475-4110-ab50-6d8296db0672,synth_3db88695444f,itin,tabddpm_synthetic,,['en'],EIN,2024-08-18T00:10:00+00:00,100.0,0.0,22,0,0,Monday,0,2000,2,EIN,en,Bank account opening,0
de4d8e00-c15c-48fd-85ed-8c12b540b321,synth_8d9f0df12e2e,itin,tabddpm_synthetic,,['en'],EIN,2024-04-24T23:24:00+00:00,100.0,21354.22,55,23,0,Monday,90,2000,0,EIN,en,Bank account opening,0
913a9a94-25b9-4069-8a67-e546ab74286d,synth_4c7fc8bdf5ce,itin,tabddpm_synthetic,,['en'],EIN,2024-10-17T14:25:00+00:00,100.0,874.26,55,14,0,Monday,90,1436,16,EIN,en,Bank account opening,0
fcf89828-f4b2-46c9-b4eb-62be9272decc,synth_2743a2e17ed6,itin,tabddpm_synthetic,,['en'],EIN,2024-08-06T00:55:00+00:00,100000.0,11905.55,22,0,6,Sunday,0,1,100,EIN,en,Bank account opening,1
c3eb38b5-7cf8-4b33-af5b-8b5756641742,synth_33f4fe5ac284,itin,tabddpm_synthetic,,['en'],EIN,2024-01-14T23:35:00+00:00,100.0,17032.47,55,23,0,Monday,90,2000,0,EIN,en,Bank account opening,0
b21d9b09-8e94-496c-9706-09ff37ec10d9,synth_32c6d631f259,itin,tabddpm_synthetic,,['en'],EIN,2024-06-13T00:05:00+00:00,6503.52,0.0,55,0,6,Sunday,0,437,0,EIN,en,Bank account opening,0
79739c2a-c48a-4ccd-bb38-6b8ed22cf12c,synth_08e263a3ba7b,itin,tabddpm_synthetic,,['en'],EIN,2024-10-30T00:39:00+00:00,100000.0,7583.02,22,0,6,Sunday,0,1,100,EIN,en,Bank account opening,0
60c662ab-0353-4d20-ba74-be320c669fe9,synth_4305fd88e1c2,itin,tabddpm_synthetic,,['en'],EIN,2024-10-25T16:22:00+00:00,100.0,0.0,32,16,0,Monday,3,750,1,EIN,en,Bank account opening,0
97589d20-23ab-45ed-a76b-e28896fe7f27,synth_3e3da97efbf4,itin,tabddpm_synthetic,,['en'],EIN,2024-02-20T05:20:00+00:00,100.0,3775.95,55,5,0,Monday,90,481,0,EIN,en,Bank account opening,0
152204e5-a0cc-429e-8675-475b6a94ed2d,synth_c49fbf98b683,itin,tabddpm_synthetic,,['en'],EIN,2024-02-02T23:29:00+00:00,100.0,714.66,22,23,6,Sunday,9,2000,67,EIN,en,Bank account opening,1
7044f673-35bd-464e-862d-b0dd0cbeea5e,synth_a2470a380bb7,itin,tabddpm_synthetic,,['en'],EIN,2024-10-13T00:28:00+00:00,2797.45,0.0,22,0,0,Monday,0,1,0,EIN,en,Bank account opening,0
9509326c-ddfc-4f51-86f3-dc90bf84ab6e,synth_97e73795d069,itin,tabddpm_synthetic,,['en'],EIN,2024-05-11T00:38:00+00:00,100.0,0.0,22,0,0,Monday,0,2000,2,EIN,en,Bank account opening,0
f9279323-7638-4c0b-96cc-c451d79d8280,synth_9358bcf82cf4,itin,tabddpm_synthetic,,['en'],EIN,2024-07-19T23:26:00+00:00,100.0,15060.98,55,23,0,Monday,90,2000,0,EIN,en,Bank account opening,0
828c7143-ab3a-408c-a78a-41a8041e7a72,synth_e14382ff16b1,itin,tabddpm_synthetic,,['en'],EIN,2024-07-06T23:10:00+00:00,100000.0,50000.0,22,23,6,Sunday,0,1,100,EIN,en,Bank account opening,0
46351d76-1218-41ac-8aaf-12129a98b532,synth_cd22a85a5009,itin,tabddpm_synthetic,,['en'],EIN,2024-03-22T23:20:00+00:00,100.0,10608.63,55,23,0,Monday,90,2000,0,EIN,en,Bank account opening,0
6c704cbf-a2ec-40da-9537-ccdafaeb2f95,synth_0d82d9f40f57,itin,tabddpm_synthetic,,['en'],EIN,2024-01-30T23:35:00+00:00,100.0,6794.7,55,23,0,Monday,90,2000,0,EIN,en,Bank account opening,0
fb14315c-5ccb-4ae8-b525-40b7ebdd4d1d,synth_6510d388c407,itin,tabddpm_synthetic,,['en'],EIN,2024-03-27T19:01:00+00:00,100.0,1244.43,55,19,6,Sunday,90,2000,0,EIN,en,Bank account opening,0
f96197b8-0b4f-4ccf-aefd-5bacabd8cc68,synth_6419da8ecca4,itin,tabddpm_synthetic,,['en'],EIN,2024-07-10T00:57:00+00:00,100000.0,2029.03,22,0,0,Monday,0,1,13,EIN,en,Bank account opening,0
05b60824-3958-42d4-a623-1058dcaf65cc,synth_320f641c9c02,itin,tabddpm_synthetic,,['en'],EIN,2024-03-26T23:31:00+00:00,100.0,28382.0,55,23,0,Monday,90,2000,0,EIN,en,Bank account opening,1
7be73f21-9633-4ec8-b2d9-6512bc7f6e68,synth_edca98d0e365,itin,tabddpm_synthetic,,['en'],EIN,2024-06-07T23:38:00+00:00,100000.0,50000.0,22,23,6,Sunday,0,1,100,EIN,en,Bank account opening,1
b04c9bf1-a160-4a1c-aa28-d356b1b045e5,synth_15bf982534e5,itin,tabddpm_synthetic,,['en'],EIN,2024-12-29T23:02:00+00:00,100.0,2299.47,55,23,0,Monday,90,1,0,EIN,en,Bank account opening,0
3a9c0c9b-d192-41d2-94bc-e3df8a5b3747,synth_d6280f89c0c2,itin,tabddpm_synthetic,,['en'],EIN,2024-05-19T23:07:00+00:00,100.0,4977.76,55,23,0,Monday,90,2000,0,EIN,en,Bank account opening,0
f9f6108b-633f-46ce-8415-eb8ffa34a572,synth_14f372300fd9,itin,tabddpm_synthetic,,['en'],EIN,2024-07-15T14:39:00+00:00,100.0,1067.68,55,14,0,Monday,90,1125,0,EIN,en,Bank account opening,0
35f07a47-c860-4c85-83cc-fa67f4eabc94,synth_b9a15a1995ee,itin,tabddpm_synthetic,,['es'],EIN,2024-01-22T22:16:00+00:00,19289.75,63.65,22,22,0,Monday,0,298,8,EIN,es,Bank account opening,0
ab7f642c-20bb-438f-8276-8a0af224623f,synth_c78fa2f849e7,itin,tabddpm_synthetic,,['en'],EIN,2024-02-01T23:37:00+00:00,100.0,14293.45,55,23,0,Monday,90,2000,0,EIN,en,Bank account opening,0
b5c21829-9b11-4210-b8ba-3b39e40a0e62,synth_e33bcc6891c7,itin,tabddpm_synthetic,,['en'],EIN,2024-06-18T00:11:00+00:00,8728.37,607.96,22,0,3,Thursday,0,1,0,EIN,en,Bank account opening,0
ef8c6fa2-0347-4504-a384-48d72b640d1d,synth_977dd19b3b9e,itin,tabddpm_synthetic,,['es'],EIN,2024-07-10T03:48:00+00:00,100.0,0.0,29,3,1,Tuesday,3,72,5,EIN,es,Bank account opening,0
2e6f786c-eb14-4b37-b168-5b1b862ae948,synth_346bf3879168,itin,tabddpm_synthetic,,['en'],EIN,2024-10-21T00:29:00+00:00,100000.0,0.0,22,0,0,Monday,0,1,36,EIN,en,Bank account opening,1
52a912fe-cfd0-4979-b666-86a3407b5ee1,synth_440dd4f7877c,itin,tabddpm_synthetic,,['en'],EIN,2024-09-13T15:47:00+00:00,100.0,541.74,22,15,6,Sunday,14,2000,7,EIN,en,Bank account opening,0
b93a37c2-7eed-43ff-ba3a-d3843272dd86,synth_a7f376593ef4,itin,tabddpm_synthetic,,['en'],EIN,2024-05-09T00:29:00+00:00,100.0,428.72,55,0,3,Thursday,90,1,15,EIN,en,Bank account opening,0
e404a721-c75e-4714-abca-faeb985ce182,synth_4a7ae2816743,itin,tabddpm_synthetic,,['en'],EIN,2024-10-17T00:56:00+00:00,100.0,664.96,22,0,6,Sunday,37,2000,39,EIN,en,Bank account opening,0
c8e0b656-8220-4f4d-a586-bbe0a134ad4b,synth_694e9e6a34af,itin,tabddpm_synthetic,,['en'],EIN,2024-03-26T00:26:00+00:00,100.0,525.98,55,0,6,Sunday,0,1,16,EIN,en,Bank account opening,0
de17b5b1-7b21-4a05-b1c1-6cfd708dc942,synth_90e70ac93eb7,itin,tabddpm_synthetic,,['en'],EIN,2024-04-22T23:20:00+00:00,100000.0,38718.33,22,23,6,Sunday,0,1,28,EIN,en,Bank account opening,0
dc6e9a2c-4cf3-43eb-9f0c-7511effc26c2,synth_0ef93a257e9b,itin,tabddpm_synthetic,,['en'],EIN,2024-05-31T23:32:00+00:00,100000.0,50000.0,22,23,6,Sunday,0,1,100,EIN,en,Bank account opening,0
e49fb881-bc68-4a71-a2c5-e1b3f5086626,synth_dfedf78fa5e9,itin,tabddpm_synthetic,,['en'],EIN,2024-04-10T23:55:00+00:00,100.0,14804.45,55,23,0,Monday,90,2000,0,EIN,en,Bank account opening,0
ce8fa4d0-5dd1-4091-b123-d6af24bfdb62,synth_fb1cbc9de570,itin,tabddpm_synthetic,,['en'],EIN,2024-12-06T00:18:00+00:00,10681.83,1205.75,55,0,0,Monday,90,173,3,EIN,en,Bank account opening,0
5cf3e9ef-dc2b-459d-b1ad-82c0cf878b24,synth_7baf99ce6403,itin,tabddpm_synthetic,,['en'],EIN,2024-12-28T00:02:00+00:00,100.0,0.0,26,0,2,Wednesday,0,1,0,EIN,en,Bank account opening,0
ae7721f7-2c07-4fcf-898e-9b2074f85ba6,synth_cd060d01fb68,itin,tabddpm_synthetic,,['en'],EIN,2024-12-30T00:44:00+00:00,100.0,0.0,22,0,3,Thursday,0,2000,2,EIN,en,Bank account opening,0
1be7b71b-f783-4076-8bb6-af13a9eeab35,synth_1bed68f303cd,itin,tabddpm_synthetic,,['en'],EIN,2024-12-11T23:19:00+00:00,100.0,2682.11,55,23,0,Monday,90,2000,7,EIN,en,Bank account opening,0
a76558b3-6792-465b-9cc9-63f4d3db0370,synth_d5a105680402,itin,tabddpm_synthetic,,['en'],EIN,2024-03-26T14:11:00+00:00,9025.17,478.34,42,14,0,Monday,4,451,14,EIN,en,Bank account opening,0
b8b6c7c3-d697-4d9b-8678-3c50d5e21af0,synth_96dba741072f,itin,tabddpm_synthetic,,['en'],EIN,2024-11-27T12:15:00+00:00,100.0,1072.86,55,12,6,Sunday,90,2000,0,EIN,en,Bank account opening,0
880954de-406a-4bb3-9439-8732c8673bd6,synth_031e65cfddd8,itin,tabddpm_synthetic,,['en'],EIN,2024-10-29T23:37:00+00:00,100.0,0.0,22,23,6,Sunday,6,2000,6,EIN,en,Bank account opening,0
97a404c8-97a3-494e-b8d1-9bcd469b16d9,synth_b3532da868b4,itin,tabddpm_synthetic,,['en'],EIN,2024-03-07T00:36:00+00:00,100000.0,50000.0,22,0,6,Sunday,0,1,100,EIN,en,Bank account opening,0
883265b0-4122-4e65-8be6-376e329b2094,synth_7eac64dd8f25,itin,tabddpm_synthetic,,['en'],EIN,2024-08-02T00:09:00+00:00,100000.0,50000.0,55,0,6,Sunday,0,2000,48,EIN,en,Bank account opening,0
1771839b-e835-45c1-9dd9-834c94fdbdd6,synth_d2869d73fedf,itin,tabddpm_synthetic,,['en'],EIN,2024-10-31T23:06:00+00:00,100.0,0.0,22,23,6,Sunday,14,2000,11,EIN,en,Bank account opening,0
fd7251c7-2501-4d6c-bc30-ae0a05c84d62,synth_8f55525cdda5,itin,tabddpm_synthetic,,['en'],EIN,2024-01-03T23:46:00+00:00,100.0,3134.37,55,23,0,Monday,90,2000,0,EIN,en,Bank account opening,0
7b9d9749-572d-4c22-b431-4e7dcc70fdaa,synth_8323bdbf8723,itin,tabddpm_synthetic,,['en'],EIN,2024-11-04T23:17:00+00:00,100.0,32569.83,55,23,0,Monday,90,2000,0,EIN,en,Bank account opening,1
d8dfb3e0-a68c-4a92-8497-45f8fb979392,synth_db0f0f207b68,itin,tabddpm_synthetic,,['en'],EIN,2024-07-06T00:37:00+00:00,100000.0,50000.0,22,0,0,Monday,90,1,100,EIN,en,Bank account opening,0
dc3094bb-2c9f-476b-98a2-90409dd316ca,synth_0db5bc239f84,itin,tabddpm_synthetic,,['en'],EIN,2024-03-16T00:10:00+00:00,100.0,1044.34,22,0,6,Sunday,90,2000,0,EIN,en,Bank account opening,0
ff051c73-c206-415e-b90f-7e82a819d09d,synth_6843aa09baf1,itin,tabddpm_synthetic,,['en'],EIN,2024-11-27T00:18:00+00:00,100.0,0.0,22,0,0,Monday,47,1,65,EIN,en,Bank account opening,0
61db4ae9-2528-44a7-8059-d94f027153f3,synth_9124b4d35767,itin,tabddpm_synthetic,,['en'],EIN,2024-03-18T00:59:00+00:00,100000.0,50000.0,22,0,0,Monday,90,1,19,EIN,en,Bank account opening,0
65238d0a-4cc5-4421-aa68-b4d5124430e5,synth_87791b970f53,itin,tabddpm_synthetic,,['en'],EIN,2024-01-14T23:29:00+00:00,100.0,18168.82,55,23,0,Monday,90,2000,0,EIN,en,Bank account opening,0
a6756595-7c4d-4d5a-a0fb-950e466c6d7e,synth_fe15c0b4cf0c,itin,tabddpm_synthetic,,['en'],EIN,2024-04-22T23:22:00+00:00,100.0,0.0,22,23,6,Sunday,17,2000,9,EIN,en,Bank account opening,0
efaeea32-8a1c-45d4-82e9-7879868c3773,synth_6d3c26384b4b,itin,tabddpm_synthetic,,['en'],EIN,2024-05-19T00:43:00+00:00,100.0,0.0,22,0,3,Thursday,0,1,1,EIN,en,Bank account opening,0
2a541011-d165-4d89-88f9-625cb6f659d9,synth_cf35ef30f504,itin,tabddpm_synthetic,,['en'],EIN,2024-12-29T10:46:00+00:00,2360.37,198.95,23,10,2,Wednesday,0,49,24,EIN,en,Bank account opening,0
33a93f86-0e71-495c-9b61-1459580f2223,synth_b5b00192db3d,itin,tabddpm_synthetic,,['en'],EIN,2024-12-22T23:40:00+00:00,100.0,10356.36,55,23,0,Monday,90,2000,82,EIN,en,Bank account opening,0
df3b557b-0bcd-4ec4-9b7e-eaca7c8b3e58,synth_2b22050f0466,itin,tabddpm_synthetic,,['en'],EIN,2024-09-15T23:03:00+00:00,100.0,2167.32,55,23,0,Monday,90,2000,0,EIN,en,Bank account opening,0
0a0ebc02-027c-4966-b800-ad42a582c3c6,synth_4081cf034be1,itin,tabddpm_synthetic,,['en'],ITIN,2024-11-05T05:06:00+00:00,100.0,0.0,27,5,1,Tuesday,1,565,10,ITIN,en,Bank account opening,0
a7aadbaa-287d-478c-806b-485c71f886c4,synth_11a535ac45da,itin,tabddpm_synthetic,,['en'],EIN,2024-05-26T00:16:00+00:00,100000.0,38594.41,22,0,6,Sunday,0,1,100,EIN,en,Bank account opening,0
d37a5776-446c-4f4d-a942-eb376decdee3,synth_bb10a2d5efc4,itin,tabddpm_synthetic,,['en'],EIN,2024-06-11T05:40:00+00:00,4289.76,84.25,36,5,1,Tuesday,2,1322,9,EIN,en,Bank account opening,0
7dda7070-aa8b-4ba7-8d1f-20648857e7e0,synth_ee7abcde2e28,itin,tabddpm_synthetic,,['en'],EIN,2024-10-22T23:16:00+00:00,100000.0,50000.0,22,23,6,Sunday,90,1,100,EIN,en,Bank account opening,0
230a42af-2ac2-4bcc-b72d-d6eac35624a9,synth_45d1562e4f43,itin,tabddpm_synthetic,,['en'],EIN,2024-05-26T00:16:00+00:00,14598.65,429.17,22,0,6,Sunday,0,1,77,EIN,en,Bank account opening,0
1a7505af-5670-4c90-973f-472f7237cf09,synth_35c9f7dea84e,itin,tabddpm_synthetic,,['en'],EIN,2024-05-10T23:07:00+00:00,100.0,18681.91,55,23,0,Monday,90,2000,0,EIN,en,Bank account opening,0
0092bfad-449b-4127-907f-d4094aa99594,synth_0f36983de573,itin,tabddpm_synthetic,,['en'],EIN,2024-03-11T00:31:00+00:00,100000.0,5026.54,22,0,6,Sunday,0,1,100,EIN,en,Bank account opening,0
93d91172-7ddf-4048-a9af-ec1c9af0beda,synth_b9dc6ffce0a8,itin,tabddpm_synthetic,,['es'],EIN,2024-08-04T19:54:00+00:00,1243.48,68.81,55,19,0,Monday,10,408,10,EIN,es,Bank account opening,0
94fa8ab6-9e0f-410e-b5be-615a809000ab,synth_9d34fee8ceb4,itin,tabddpm_synthetic,,['en'],EIN,2024-02-05T19:08:00+00:00,100.0,102.13,22,19,6,Sunday,6,2000,8,EIN,en,Bank account opening,0
fbde9b75-ea40-4a72-a9dc-87f359cc2c46,synth_049348766c55,itin,tabddpm_synthetic,,['en'],EIN,2024-06-06T23:48:00+00:00,100.0,1283.43,55,23,0,Monday,90,2000,16,EIN,en,Bank account opening,0
396f4c89-d887-4e1d-88b1-2ff0489c2999,synth_71f8cf8c23a2,itin,tabddpm_synthetic,,['en'],EIN,2024-10-16T00:34:00+00:00,100.0,184.55,46,0,6,Sunday,0,1,33,EIN,en,Bank account opening,0
d98ad716-9d3d-41b1-8eea-14eaed8294af,synth_b97b31b230cd,itin,tabddpm_synthetic,,['en'],EIN,2024-10-26T00:54:00+00:00,100.0,866.14,55,0,0,Monday,90,1,24,EIN,en,Bank account opening,0
3919470d-1266-4d90-ac00-d37f307d8381,synth_e4d34a2c5852,itin,tabddpm_synthetic,,['en'],EIN,2024-02-28T00:30:00+00:00,100000.0,50000.0,22,0,0,Monday,0,1,100,EIN,en,Bank account opening,0
e95a9b22-a9ce-42ea-b6e1-cc5c9361e303,synth_8091ee6c19e6,itin,tabddpm_synthetic,,['en'],EIN,2024-03-23T00:07:00+00:00,100.0,0.0,43,0,6,Sunday,0,241,39,EIN,en,Bank account opening,0
43360b02-5ce8-4cc1-bfec-dd86dd587920,synth_58cf9dcaec74,itin,tabddpm_synthetic,,['en'],EIN,2024-05-01T23:58:00+00:00,100000.0,50000.0,22,23,6,Sunday,0,1,100,EIN,en,Bank account opening,0
a47980a5-f2cc-453a-b50c-0e0f2be3ec54,synth_5c8cfb766c2b,itin,tabddpm_synthetic,,['en'],EIN,2024-03-16T07:59:00+00:00,100.0,12.02,27,7,6,Sunday,1,1673,10,EIN,en,Bank account opening,0
d0f2c710-0311-4163-b232-3c7f8ab01c3c,synth_a148700d4fb2,itin,tabddpm_synthetic,,['en'],EIN,2024-01-05T17:04:00+00:00,100.0,0.0,22,17,6,Sunday,7,2000,4,EIN,en,Bank account opening,0
79d12f64-c4fe-4f13-822c-a211762687ee,synth_6705d95bf0a9,itin,tabddpm_synthetic,,['en'],EIN,2024-10-10T21:32:00+00:00,100.0,340.81,22,21,6,Sunday,79,2000,15,EIN,en,Bank account opening,0
1407caf0-3fc0-43b3-8042-cb97821aebcb,synth_1b0db2a7e0d5,itin,tabddpm_synthetic,,['en'],EIN,2024-02-24T00:44:00+00:00,100.0,1696.68,22,0,6,Sunday,0,358,35,EIN,en,Bank account opening,0
fd726d4c-00e8-4a00-ab3a-e04bb118c393,synth_e8c3e64a5465,itin,tabddpm_synthetic,,['en'],EIN,2024-11-17T23:17:00+00:00,100000.0,50000.0,55,23,0,Monday,90,1,100,EIN,en,Bank account opening,0
32645cb3-f8a8-42cd-965b-0b8ed7323f78,synth_dfba60c6d0b4,itin,tabddpm_synthetic,,['en'],EIN,2024-06-22T00:40:00+00:00,100.0,0.0,22,0,2,Wednesday,0,2000,1,EIN,en,Bank account opening,0
2050d7a3-a0e4-4f32-a84c-c429876ce0a6,synth_56db6e489111,itin,tabddpm_synthetic,,['en'],EIN,2024-06-28T00:55:00+00:00,100000.0,50000.0,22,0,0,Monday,0,1,100,EIN,en,Bank account opening,0
8754e3a0-71f3-48cb-98d4-220c9e433800,synth_c70308a3057c,itin,tabddpm_synthetic,,['en'],EIN,2024-09-16T23:10:00+00:00,100000.0,29212.19,22,23,6,Sunday,0,1,100,EIN,en,Bank account opening,0
1036535c-c076-472a-9ed2-10c5fa7ba2fa,synth_8e6880451e93,itin,tabddpm_synthetic,,['en'],EIN,2024-01-30T00:00:00+00:00,14982.0,338.22,22,0,0,Monday,0,1,58,EIN,en,Bank account opening,0
735037cc-acba-4788-b93f-48b29144182d,synth_00e696fa0be0,itin,tabddpm_synthetic,,['en'],EIN,2024-10-15T13:56:00+00:00,100.0,316.99,22,13,6,Sunday,12,1382,28,EIN,en,Bank account opening,0
fc4f67a9-9aab-424a-96b6-08133411e2d7,synth_05efbf67dbf7,itin,tabddpm_synthetic,,['en'],EIN,2024-02-29T00:39:00+00:00,4080.59,255.13,22,0,6,Sunday,0,1,0,EIN,en,Bank account opening,0
e7842059-f607-491f-96cb-cc0eec7b6d5b,synth_3df7ddbea377,itin,tabddpm_synthetic,,['en'],EIN,2024-10-16T23:24:00+00:00,100000.0,50000.0,22,23,6,Sunday,0,1,100,EIN,en,Bank account opening,1
4c3d8c0a-dd1c-42dc-9b07-45c65d32a0ff,synth_9872136ac19a,itin,tabddpm_synthetic,,['en'],EIN,2024-07-05T23:36:00+00:00,100000.0,50000.0,22,23,6,Sunday,0,1,100,EIN,en,Bank account opening,0
62fd4a9a-8334-4bc1-9909-38bcb7a0e720,synth_15065d95f58a,itin,tabddpm_synthetic,,['en'],EIN,2024-08-19T23:14:00+00:00,100.0,13350.87,55,23,0,Monday,90,2000,0,EIN,en,Bank account opening,0
fd750584-7b7c-471f-b2a2-5afc9f2e3270,synth_eb9559b8dafb,itin,tabddpm_synthetic,,['en'],EIN,2024-07-17T00:26:00+00:00,100000.0,50000.0,22,0,6,Sunday,90,1,100,EIN,en,Bank account opening,0
57475c75-173e-454e-9b7a-0ec7d3609368,synth_b668e645f38b,itin,tabddpm_synthetic,,['en'],EIN,2024-01-25T10:21:00+00:00,100.0,0.0,22,10,6,Sunday,38,2000,7,EIN,en,Bank account opening,0
34e234b3-e786-4df5-8902-db543ae20110,synth_456e4046de68,itin,tabddpm_synthetic,,['en'],EIN,2024-11-16T23:40:00+00:00,100000.0,50000.0,22,23,6,Sunday,90,1,100,EIN,en,Bank account opening,0
6b823358-ba01-4fe5-8cbe-858ca6cd25be,synth_a002679b7de3,itin,tabddpm_synthetic,,['en'],EIN,2024-02-25T00:28:00+00:00,100000.0,50000.0,55,0,6,Sunday,90,1,100,EIN,en,Bank account opening,0
126fa2c5-863b-4cd6-8033-ac575a6113c9,synth_e80e38aa7a39,itin,tabddpm_synthetic,,['en'],EIN,2024-01-09T23:17:00+00:00,100000.0,6418.96,22,23,0,Monday,0,1,100,EIN,en,Bank account opening,0
bd3dc64d-ee69-4b3f-ae96-9f6fc3b0592b,synth_e41344a4cb9f,itin,tabddpm_synthetic,,['en'],EIN,2024-01-27T00:07:00+00:00,100000.0,4096.37,22,0,0,Monday,0,1,87,EIN,en,Bank account opening,1
01b21321-53ec-4549-b898-b55f6391299a,synth_6b4b00c08d16,itin,tabddpm_synthetic,,['en'],EIN,2024-07-17T23:42:00+00:00,100000.0,50000.0,22,23,6,Sunday,0,1,100,EIN,en,Bank account opening,1
a76c53bd-9d40-4343-91d4-391ccb866eb6,synth_5650ad56f60d,itin,tabddpm_synthetic,,['en'],EIN,2024-05-23T23:25:00+00:00,100.0,13686.36,55,23,0,Monday,90,1,100,EIN,en,Bank account opening,0
ba6fa483-6486-4184-89a3-5e70fb153797,synth_a8d6767e3613,itin,tabddpm_synthetic,,['en'],EIN,2024-09-05T23:21:00+00:00,100.0,2488.84,55,23,4,Friday,90,2000,0,EIN,en,Bank account opening,0
bb8c296a-6906-42c9-bc09-c78828703452,synth_5f7c0008dedc,itin,tabddpm_synthetic,,['en'],EIN,2024-07-24T05:04:00+00:00,5882.77,97.27,51,5,5,Saturday,0,1413,6,EIN,en,Bank account opening,0
3ac1ad46-944a-4bfe-a4d8-207e005486ae,synth_006d056b9444,itin,tabddpm_synthetic,,['en'],EIN,2024-03-21T07:45:00+00:00,100.0,1655.49,55,7,6,Sunday,90,2000,0,EIN,en,Bank account opening,0
af0a12c7-9cfb-41c2-96ac-a142f1db62c7,synth_ce41b84eaa30,itin,tabddpm_synthetic,,['es'],EIN,2024-06-08T14:52:00+00:00,100.0,0.0,22,14,6,Sunday,21,2000,7,EIN,es,Bank account opening,0
add074cd-561a-41b0-8e2c-f1865293fb36,synth_3752da63c7c3,itin,tabddpm_synthetic,,['en'],EIN,2024-11-04T11:14:00+00:00,9867.29,1433.72,55,11,0,Monday,90,1,22,EIN,en,Bank account opening,0
631966a6-b8fa-476c-bd17-7e7a6bba42d3,synth_801a4d561a6f,itin,tabddpm_synthetic,,['en'],EIN,2024-08-07T23:50:00+00:00,100.0,9076.2,55,23,0,Monday,90,2000,0,EIN,en,Bank account opening,0
345e8e84-aed0-4e50-8816-c1e72f8d9327,synth_89912c905233,itin,tabddpm_synthetic,,['en'],EIN,2024-03-12T00:49:00+00:00,100000.0,50000.0,22,0,6,Sunday,90,1,100,EIN,en,Bank account opening,1
da7911a5-f980-40ff-9784-f26f23169806,synth_61e2dca57815,itin,tabddpm_synthetic,,['en'],EIN,2024-01-30T00:19:00+00:00,100000.0,4267.48,22,0,2,Wednesday,0,1,100,EIN,en,Bank account opening,0
2cbe51b1-c6bf-4bfd-b0b6-93f353af1afd,synth_aa124fc02492,itin,tabddpm_synthetic,,['en'],EIN,2024-09-06T23:56:00+00:00,100.0,7296.79,55,23,0,Monday,90,2000,0,EIN,en,Bank account opening,0
7af11497-2138-4b96-b82a-bd06d319f318,synth_b483a673bdd5,itin,tabddpm_synthetic,,['en'],EIN,2024-09-24T00:48:00+00:00,100000.0,7182.69,22,0,0,Monday,0,1,100,EIN,en,Bank account opening,0
4659538f-1881-4afa-b04d-fb0fc46c4683,synth_d7e062dfa7a9,itin,tabddpm_synthetic,,['en'],EIN,2024-10-25T00:37:00+00:00,100000.0,50000.0,22,0,6,Sunday,0,1,100,EIN,en,Bank account opening,0
473baab5-872a-4fe8-92db-1da52102fee9,synth_94937382927d,itin,tabddpm_synthetic,,['en'],EIN,2024-12-15T20:02:00+00:00,100.0,0.0,22,20,6,Sunday,36,2000,9,EIN,en,Bank account opening,0
38f72428-a5c6-4e8e-8131-31d17c780e32,synth_0d3e4c24b963,itin,tabddpm_synthetic,,['en'],EIN,2024-02-01T23:41:00+00:00,100000.0,50000.0,22,23,6,Sunday,86,1,100,EIN,en,Bank account opening,0
6bd8ae0a-0050-47c7-a8db-d9d39abf5ffc,synth_c43bb169d852,itin,tabddpm_synthetic,,['en'],EIN,2024-06-23T00:01:00+00:00,100.0,7704.34,55,0,6,Sunday,90,2000,0,EIN,en,Bank account opening,0
7d804c30-f25e-4a10-b004-6325013fabe3,synth_709e0f9cde5c,itin,tabddpm_synthetic,,['en'],EIN,2024-08-02T23:34:00+00:00,100000.0,50000.0,22,23,6,Sunday,0,1,100,EIN,en,Bank account opening,0
f69e058e-bdfb-4f0a-aca1-265bbb47a226,synth_8eea2a2ca60f,itin,tabddpm_synthetic,,['en'],EIN,2024-12-27T00:56:00+00:00,100000.0,50000.0,22,0,0,Monday,90,1,100,EIN,en,Bank account opening,0
a645217d-88ef-462e-bc46-8a2638af73f6,synth_4562461bd1e3,itin,tabddpm_synthetic,,['en'],EIN,2024-03-26T00:45:00+00:00,100000.0,50000.0,22,0,6,Sunday,0,1,100,EIN,en,Bank account opening,0
eb887fdf-8da3-455f-b9dc-fa89eea731ed,synth_ed90d6505130,itin,tabddpm_synthetic,,['en'],EIN,2024-10-28T06:17:00+00:00,100.0,0.0,22,6,6,Sunday,26,2000,18,EIN,en,Bank account opening,0
4cf9bf00-a827-483c-ae0f-4a5c41cfe8e6,synth_ef7bedc17e0f,itin,tabddpm_synthetic,,['en'],EIN,2024-04-16T23:08:00+00:00,100.0,18013.71,55,23,0,Monday,90,2000,0,EIN,en,Bank account opening,0
b7a4b2ad-a5a5-40f3-b4a8-121f276e538d,synth_adc3faec4eac,itin,tabddpm_synthetic,,['en'],EIN,2024-11-21T00:33:00+00:00,1331.7,0.0,22,0,0,Monday,0,1,12,EIN,en,Bank account opening,1
68544aca-6f64-4746-8ad6-dcab37e5f512,synth_9e2575970bbb,itin,tabddpm_synthetic,,['en'],EIN,2024-01-12T06:58:00+00:00,100.0,62.7,41,6,4,Friday,4,2000,15,EIN,en,Bank account opening,0
f2f8654c-cffb-48e7-baff-93e2734b4c64,synth_ba2a62b6464b,itin,tabddpm_synthetic,,['en'],EIN,2024-03-19T00:49:00+00:00,100000.0,50000.0,22,0,0,Monday,0,1,100,EIN,en,Bank account opening,1
cbf590f5-84b6-4ee2-a25d-a0247703d89d,synth_133b8f71d934,itin,tabddpm_synthetic,,['en'],EIN,2024-01-27T23:06:00+00:00,100000.0,50000.0,22,23,6,Sunday,0,1,100,EIN,en,Bank account opening,0
c6c525aa-898a-4be0-8733-0ca05104a339,synth_5c3a26c84ae0,itin,tabddpm_synthetic,,['en'],EIN,2024-03-15T04:23:00+00:00,100.0,788.6,55,4,0,Monday,90,1,18,EIN,en,Bank account opening,0
9790f1f4-075e-47b6-ae22-7566f6f8b747,synth_f8b449dde815,itin,tabddpm_synthetic,,['en'],EIN,2024-02-18T02:05:00+00:00,100.0,173.26,22,2,6,Sunday,37,2000,10,EIN,en,Bank account opening,0
8c3ac28e-cb07-449a-a0c7-40b1abfe42dc,synth_67ee5d90849d,itin,tabddpm_synthetic,,['en'],EIN,2024-02-29T23:17:00+00:00,100000.0,50000.0,22,23,6,Sunday,0,1,100,EIN,en,Bank account opening,1
89f8cc0e-0cfb-49e7-a219-a89f01b8b0d9,synth_d20390f7a401,itin,tabddpm_synthetic,,['en'],EIN,2024-11-16T00:57:00+00:00,5170.21,105.14,22,0,0,Monday,4,1,19,EIN,en,Bank account opening,0
ac4ea2ea-d8ea-4c17-8c9e-76f83ef2d24d,synth_0a455904a4a6,itin,tabddpm_synthetic,,['en'],EIN,2024-04-14T00:58:00+00:00,100.0,110.62,54,0,6,Sunday,0,1,36,EIN,en,Bank account opening,0
36774f6f-1a75-466b-8714-44a031de61ff,synth_b669cd850687,itin,tabddpm_synthetic,,['en'],EIN,2024-12-10T00:39:00+00:00,100000.0,50000.0,22,0,6,Sunday,90,1,100,EIN,en,Bank account opening,0
9c4a5376-8ed2-45d7-a372-940415da5fb2,synth_fe59181fa872,itin,tabddpm_synthetic,,['en'],EIN,2024-03-29T23:11:00+00:00,100.0,25903.36,55,23,0,Monday,90,2000,0,EIN,en,Bank account opening,0
c6e8f34c-c2e3-4091-a3b3-9fff15daf10b,synth_9e8a1dc5cc4d,itin,tabddpm_synthetic,,['en'],EIN,2024-03-31T23:27:00+00:00,100.0,1748.84,55,23,0,Monday,90,2000,0,EIN,en,Bank account opening,0
b6cd42d5-0c97-46ce-9875-17af218fe471,synth_232eac990685,itin,tabddpm_synthetic,,['en'],EIN,2024-09-04T00:01:00+00:00,100.0,0.0,55,0,6,Sunday,0,1,84,EIN,en,Bank account opening,0
183602e1-1b70-4183-96fb-bf500e265dbd,synth_c3ff8a055143,itin,tabddpm_synthetic,,['en'],EIN,2024-04-03T17:26:00+00:00,100.0,402.55,55,17,6,Sunday,90,2000,8,EIN,en,Bank account opening,0
b8090892-996e-42ba-8bf0-dd833a51092a,synth_0b93d388af09,itin,tabddpm_synthetic,,['en'],EIN,2024-01-05T00:53:00+00:00,100000.0,50000.0,22,0,6,Sunday,90,1,100,EIN,en,Bank account opening,0
6462f2bb-060e-4b9c-af4e-1ba5db91c6fe,synth_ee20919a929d,itin,tabddpm_synthetic,,['en'],EIN,2024-08-17T19:49:00+00:00,100.0,252.98,31,19,6,Sunday,5,2000,4,EIN,en,Bank account opening,0
ebbacc84-44e7-4653-ad55-d0224cc495d7,synth_2b142a38391d,itin,tabddpm_synthetic,,['en'],EIN,2024-10-08T22:50:00+00:00,100.0,2158.63,55,22,0,Monday,90,2000,13,EIN,en,Bank account opening,0
8fce90d5-0d0a-40fb-bf44-c54d0f432ca5,synth_d4ef96d67d4d,itin,tabddpm_synthetic,,['en'],EIN,2024-01-27T11:44:00+00:00,7202.12,495.31,35,11,2,Wednesday,8,742,19,EIN,en,Bank account opening,0
cef4e7e3-906f-4446-b9fc-53448bee9aa0,synth_c44603bd136d,itin,tabddpm_synthetic,,['en'],EIN,2024-11-30T23:58:00+00:00,72489.99,335.61,22,23,0,Monday,0,1,100,EIN,en,Bank account opening,0
2ede69fe-b3af-4b86-9ee0-303b6010f663,synth_70cc8a9be3d3,itin,tabddpm_synthetic,,['en'],EIN,2024-07-23T00:28:00+00:00,100000.0,50000.0,22,0,6,Sunday,0,1,100,EIN,en,Bank account opening,0
29867947-9889-42e7-aa71-19702d51c52a,synth_7dd8e0177b16,itin,tabddpm_synthetic,,['en'],EIN,2024-04-20T13:31:00+00:00,100.0,168.38,22,13,0,Monday,23,2000,9,EIN,en,Bank account opening,0
230f95a9-e0ae-4895-9258-08fcfa677357,synth_c49691a67a15,itin,tabddpm_synthetic,,['en'],EIN,2024-08-24T00:48:00+00:00,100.0,0.0,55,0,6,Sunday,0,1117,12,EIN,en,Bank account opening,0
fc14f6ed-e28c-409d-9d5b-8e9878f933f0,synth_e387aee8acc4,itin,tabddpm_synthetic,,['en'],EIN,2024-08-04T23:03:00+00:00,100000.0,50000.0,22,23,6,Sunday,0,1,100,EIN,en,Bank account opening,0
aaa337d9-62e1-4671-a6f2-0fa8b77f40b6,synth_5170c1593379,itin,tabddpm_synthetic,,['en'],EIN,2024-07-18T00:52:00+00:00,3044.37,0.0,22,0,0,Monday,0,1,5,EIN,en,Bank account opening,0
