data_uuid,id,archetype,source,narrative_text,detected_language_hints,fraud_vector_hint,record_timestamp,transaction_amount_usd,fee_amount_usd,sender_age,hour_of_day,day_of_week,day_of_week_name,days_since_last_txn,account_age_days,txn_count_30d,fraud_vector,language,instrument,is_fraud
634c2355-b8f2-4db0-9a73-1dc0bd3978d1,synth_cccd49fdafd6,unbanked,tabddpm_synthetic,,['en'],advance fee,2024-05-04T00:05:00+00:00,3000.0,1500.0,20,0,6,Sunday,0,1,100,advance fee,en,Bill pay kiosk,0
3c1ded7e-16c1-4d94-8fe5-218351c8231f,synth_46ee5a64947e,unbanked,tabddpm_synthetic,,['en'],advance fee,2024-11-24T12:56:00+00:00,10.0,0.0,20,12,0,Monday,90,1,39,advance fee,en,Bill pay kiosk,0
a6b1e095-b339-472e-8681-72c9b0e63404,synth_b58151ad31d0,unbanked,tabddpm_synthetic,,['en'],advance fee,2024-05-29T23:10:00+00:00,3000.0,1500.0,20,23,6,Sunday,0,1,100,advance fee,en,Bill pay kiosk,0
a29520c6-beca-446a-b4f6-84f8a613ec81,synth_505ad34e59e7,unbanked,tabddpm_synthetic,,['en'],advance fee,2024-11-01T12:50:00+00:00,290.74,35.98,37,12,0,Monday,0,1143,9,advance fee,en,Bill pay kiosk,0
5a5c352e-1f1d-411c-8c82-ff9be456fb28,synth_6540f1bd3b97,unbanked,tabddpm_synthetic,,['en'],advance fee,2024-07-31T23:07:00+00:00,3000.0,1500.0,20,23,0,Monday,90,1,100,advance fee,en,Bill pay kiosk,0
3c768fd5-7789-41ef-a185-88149ed8739a,synth_d8fbfb561f9c,unbanked,tabddpm_synthetic,,['en'],advance fee,2024-09-14T23:17:00+00:00,3000.0,1500.0,20,23,0,Monday,90,1,100,advance fee,en,Bill pay kiosk,0
c7a3e70e-e40f-45e0-ad6a-f20b78210913,synth_9c7b7b4d088e,unbanked,tabddpm_synthetic,,['en'],advance fee,2024-09-17T23:02:00+00:00,3000.0,1500.0,20,23,6,Sunday,0,1,100,advance fee,en,Bill pay kiosk,0
356b4f87-8add-40dc-9300-50a583d4c209,synth_1a459243cc3f,unbanked,tabddpm_synthetic,,['en'],advance fee,2024-05-30T17:37:00+00:00,315.87,17.83,34,17,0,Monday,1,1141,7,advance fee,en,Bill pay kiosk,0
60863c25-c491-43ce-bf7b-7dc4713cae06,synth_10b149d8f27d,unbanked,tabddpm_synthetic,,['en'],advance fee,2024-07-16T11:19:00+00:00,126.25,23.54,20,11,0,Monday,11,773,6,advance fee,en,Bill pay kiosk,0
90b48b2b-6be5-43d1-9cf6-e07a5996556c,synth_23db49055e4b,unbanked,tabddpm_synthetic,,['en'],advance fee,2024-02-29T02:01:00+00:00,345.29,44.72,20,2,0,Monday,60,1279,9,advance fee,en,Bill pay kiosk,0
981c28d0-daf0-4dd6-a041-afeb05294643,synth_5c09d2161731,unbanked,tabddpm_synthetic,,['en'],advance fee,2024-01-29T00:13:00+00:00,3000.0,1500.0,60,0,0,Monday,13,1,100,advance fee,en,Bill pay kiosk,1
a88057ff-031f-44a0-a6bf-c0a13726b724,synth_bb6386dab968,unbanked,tabddpm_synthetic,,['en'],advance fee,2024-03-21T23:09:00+00:00,3000.0,1500.0,20,23,0,Monday,26,1,100,advance fee,en,Bill pay kiosk,0
5bf3b11f-db78-4e94-9259-e72c1afb6b82,synth_789c9ae4a22c,unbanked,tabddpm_synthetic,,['en'],advance fee,2024-03-10T23:01:00+00:00,3000.0,1500.0,60,23,0,Monday,47,1,100,advance fee,en,Bill pay kiosk,0
da587ba2-9631-48ca-80f6-f97973ce3b06,synth_c29128727317,unbanked,tabddpm_synthetic,,['en'],advance fee,2024-09-12T00:25:00+00:00,1139.1,101.78,60,0,0,Monday,0,2000,13,advance fee,en,Bill pay kiosk,0
5b960d0e-b099-45b3-8d42-4d584c243cae,synth_49f62d3e01c1,unbanked,tabddpm_synthetic,,['en'],advance fee,2024-04-08T23:33:00+00:00,3000.0,1500.0,20,23,6,Sunday,0,1,100,advance fee,en,Bill pay kiosk,0
757e6a9b-2c2d-47e1-bafa-6470d1e52293,synth_120a0cdb1ee8,unbanked,tabddpm_synthetic,,['en'],advance fee,2024-11-27T07:13:00+00:00,234.45,6.0,23,7,3,Thursday,18,718,17,advance fee,en,Bill pay kiosk,0
f87376cb-0257-4484-b09b-d0e1b8f534bb,synth_67fb5e9d920e,unbanked,tabddpm_synthetic,,['en'],advance fee,2024-11-03T05:32:00+00:00,311.53,8.29,26,5,0,Monday,12,1829,2,advance fee,en,Bill pay kiosk,0
72cd4c9a-015b-4477-bf5c-d28d7b47274e,synth_543926ee093d,unbanked,tabddpm_synthetic,,['en'],advance fee,2024-10-06T23:43:00+00:00,3000.0,1500.0,20,23,6,Sunday,90,1,100,advance fee,en,Bill pay kiosk,1
ef5a3465-bb85-4a82-ba02-b9fbf94da837,synth_86363be24d52,unbanked,tabddpm_synthetic,,['en'],advance fee,2024-01-30T23:53:00+00:00,3000.0,1500.0,20,23,6,Sunday,90,1,100,advance fee,en,Bill pay kiosk,0
909ad0fe-8a51-4f70-a31b-b22220594aca,synth_d1c9f1a2d18b,unbanked,tabddpm_synthetic,,['en'],advance fee,2024-07-29T10:49:00+00:00,10.0,0.0,20,10,0,Monday,90,1,100,advance fee,en,Bill pay kiosk,0
8823e7d6-8566-4126-a754-8e11baeaab94,synth_99c25cff5d9e,unbanked,tabddpm_synthetic,,['en'],advance fee,2024-08-29T23:11:00+00:00,3000.0,1500.0,20,23,0,Monday,90,1,100,advance fee,en,Bill pay kiosk,1
64844e86-db73-4614-a5d1-0e21bd5e0649,synth_eaaa3812f80b,unbanked,tabddpm_synthetic,,['en'],advance fee,2024-05-09T23:32:00+00:00,3000.0,1500.0,20,23,0,Monday,90,1,100,advance fee,en,Bill pay kiosk,0
3478cca8-bcdf-4020-b083-acba99c46877,synth_985af632be84,unbanked,tabddpm_synthetic,,['en'],advance fee,2024-10-07T23:00:00+00:00,3000.0,1500.0,20,23,6,Sunday,57,1,100,advance fee,en,Bill pay kiosk,0
ce1b91c9-dbba-4851-a192-77b289a1f655,synth_f984d177dc95,unbanked,tabddpm_synthetic,,['en'],advance fee,2024-03-05T20:43:00+00:00,3000.0,1500.0,35,20,0,Monday,44,1,51,advance fee,en,Bill pay kiosk,0
339dd407-55a4-473a-a547-11c87ec3ee64,synth_46c190d008e3,unbanked,tabddpm_synthetic,,['en'],advance fee,2024-09-02T14:28:00+00:00,410.18,35.0,20,14,0,Monday,14,2000,6,advance fee,en,Bill pay kiosk,0
e8060691-5577-4421-8f3d-fdf16b393c2e,synth_e823b1908ce7,unbanked,tabddpm_synthetic,,['en'],advance fee,2024-07-27T23:18:00+00:00,3000.0,1500.0,60,23,0,Monday,0,1,100,advance fee,en,Bill pay kiosk,0
ebe1de59-c209-4cb7-ae57-57fc6e609b11,synth_99842df25a98,unbanked,tabddpm_synthetic,,['en'],advance fee,2024-03-10T23:43:00+00:00,3000.0,1500.0,20,23,0,Monday,90,1,100,advance fee,en,Bill pay kiosk,0
ce33c918-fd6d-40a7-9c38-df5efac9621a,synth_2c31fb5de5df,unbanked,tabddpm_synthetic,,['en'],advance fee,2024-08-11T00:52:00+00:00,3000.0,1500.0,20,0,6,Sunday,0,1,100,advance fee,en,Bill pay kiosk,0
00292680-9fc6-432d-8dea-e1e1693293b4,synth_2bd5651b033c,unbanked,tabddpm_synthetic,,['en'],advance fee,2024-10-01T12:13:00+00:00,313.3,21.02,21,12,0,Monday,16,448,6,advance fee,en,Bill pay kiosk,0
00690563-8a96-41b7-b676-fead3e42612b,synth_77ce83bbfc07,unbanked,tabddpm_synthetic,,['en'],advance fee,2024-07-15T23:13:00+00:00,3000.0,1500.0,20,23,6,Sunday,81,1,100,advance fee,en,Bill pay kiosk,0
3de1382e-9447-4277-81a0-f3616ce7a5df,synth_d053e4a29fd8,unbanked,tabddpm_synthetic,,['en'],advance fee,2024-05-11T13:03:00+00:00,526.34,55.64,45,13,0,Monday,2,941,9,advance fee,en,Bill pay kiosk,0
e1216af7-a203-486c-9e8e-22793d3a313a,synth_27019206715f,unbanked,tabddpm_synthetic,,['en'],advance fee,2024-05-01T05:36:00+00:00,3000.0,892.91,60,5,6,Sunday,0,1,27,advance fee,en,Bill pay kiosk,0
af5c4044-91de-471d-b7c6-22dae4848fa8,synth_15cd7729d734,unbanked,tabddpm_synthetic,,['en'],advance fee,2024-04-30T23:46:00+00:00,3000.0,1500.0,20,23,6,Sunday,90,1,100,advance fee,en,Bill pay kiosk,0
de121597-1bfc-496f-b09c-71a8e483d152,synth_0bed439553ac,unbanked,tabddpm_synthetic,,['en'],advance fee,2024-03-09T00:53:00+00:00,934.57,81.3,60,0,0,Monday,7,355,35,advance fee,en,Bill pay kiosk,1
783609d2-8ee0-45bf-8bf1-b1476a599bd9,synth_b405f3f10be7,unbanked,tabddpm_synthetic,,['en'],advance fee,2024-01-31T23:56:00+00:00,3000.0,1500.0,20,23,6,Sunday,0,1,100,advance fee,en,Bill pay kiosk,0
1e7e014b-9095-4a9b-9a40-ebadc5ea2a3b,synth_d521b31f9832,unbanked,tabddpm_synthetic,,['en'],advance fee,2024-02-24T23:00:00+00:00,3000.0,1500.0,20,23,6,Sunday,0,1,100,advance fee,en,Bill pay kiosk,0
09f32f39-b0b2-42c2-89a4-df12443e08fd,synth_69e9e2b78228,unbanked,tabddpm_synthetic,,['es'],advance fee,2024-10-26T05:02:00+00:00,171.62,31.93,29,5,0,Monday,2,1038,8,advance fee,es,Bill pay kiosk,0
c49a7f48-8f1a-428b-ab72-6aa0717893b6,synth_c6dace520554,unbanked,tabddpm_synthetic,,['en'],advance fee,2024-01-12T03:54:00+00:00,156.31,26.46,56,3,0,Monday,3,968,9,advance fee,en,Bill pay kiosk,0
3c93acb6-b401-4345-b7a6-ed4d2bfb1457,synth_234ccfe49e84,unbanked,tabddpm_synthetic,,['en'],advance fee,2024-04-14T00:38:00+00:00,3000.0,1500.0,20,0,6,Sunday,0,1,100,advance fee,en,Bill pay kiosk,0
f6793545-c497-4fc9-9ef2-9f1f71fe11d7,synth_c40ac8750c6a,unbanked,tabddpm_synthetic,,['en'],advance fee,2024-11-13T23:04:00+00:00,3000.0,1500.0,20,23,0,Monday,90,1,100,advance fee,en,Bill pay kiosk,0
dcd7f628-91e5-4add-b9e8-6b0fdf0dab88,synth_9f7f9dddbd86,unbanked,tabddpm_synthetic,,['en'],advance fee,2024-03-04T07:14:00+00:00,10.0,0.0,20,7,0,Monday,90,1,33,advance fee,en,Bill pay kiosk,0
75f27a3f-a0df-429a-b49d-07cd0fdc16d0,synth_d04a79a105a3,unbanked,tabddpm_synthetic,,['en'],advance fee,2024-04-25T23:26:00+00:00,3000.0,1500.0,20,23,0,Monday,90,1,100,advance fee,en,Bill pay kiosk,0
6ddfb10e-63c6-4348-b434-b2557e2e17f4,synth_120c2e40c1c4,unbanked,tabddpm_synthetic,,['en'],advance fee,2024-08-11T23:16:00+00:00,3000.0,1500.0,20,23,0,Monday,90,1,100,advance fee,en,Bill pay kiosk,1
ecfd3041-871b-4793-914a-24e0508df022,synth_43adb9172929,unbanked,tabddpm_synthetic,,['en'],fake loan,2024-08-20T09:20:00+00:00,105.04,14.57,49,9,0,Monday,32,1115,7,fake loan,en,Bill pay kiosk,0
b3e42e2e-3f09-4e96-9162-69c8c1641e7a,synth_faf106e1e752,unbanked,tabddpm_synthetic,,['en'],advance fee,2024-04-12T23:46:00+00:00,3000.0,1500.0,20,23,0,Monday,67,1,100,advance fee,en,Bill pay kiosk,0
43074a05-7155-44fb-9e01-ca7dc2a4693f,synth_db81255fc6eb,unbanked,tabddpm_synthetic,,['en'],advance fee,2024-05-15T23:07:00+00:00,3000.0,1500.0,20,23,6,Sunday,90,1,75,advance fee,en,Bill pay kiosk,0
4a5e45d7-9377-4f80-8799-09c490a631a6,synth_f5c30650a461,unbanked,tabddpm_synthetic,,['en'],advance fee,2024-02-18T00:55:00+00:00,240.18,47.31,60,0,0,Monday,0,2000,7,advance fee,en,Bill pay kiosk,0
7558a941-4a6d-463f-bb63-3000be134d8a,synth_fa5a3f7eb3fc,unbanked,tabddpm_synthetic,,['en'],advance fee,2024-04-25T00:52:00+00:00,1656.74,0.0,20,0,1,Tuesday,90,406,45,advance fee,en,Bill pay kiosk,0
345caa8a-1224-45c9-a1a6-3a59e21d1c5e,synth_3ad2ee822a26,unbanked,tabddpm_synthetic,,['en'],advance fee,2024-06-11T23:31:00+00:00,3000.0,1500.0,20,23,0,Monday,90,1,100,advance fee,en,Bill pay kiosk,0
b606357a-af15-42fe-8ffd-68d84bdbd889,synth_10826ff5cf9e,unbanked,tabddpm_synthetic,,['en'],advance fee,2024-03-27T23:34:00+00:00,3000.0,1500.0,20,23,6,Sunday,0,1,100,advance fee,en,Bill pay kiosk,0
e074fa05-9dd1-42eb-aab5-5ae878f57888,synth_d99e3931e640,unbanked,tabddpm_synthetic,,['en'],fake loan,2024-11-22T15:46:00+00:00,10.0,0.89,60,15,4,Friday,5,559,3,fake loan,en,Bill pay kiosk,0
ec0acdba-277e-45b0-8126-679b01105929,synth_359c6e5768c9,unbanked,tabddpm_synthetic,,['en'],advance fee,2024-07-23T04:32:00+00:00,189.5,27.56,20,4,0,Monday,48,2000,14,advance fee,en,Bill pay kiosk,0
c67155d8-0efb-4a1a-8f6c-9534497ab314,synth_73d9927cb10f,unbanked,tabddpm_synthetic,,['en'],advance fee,2024-05-04T19:27:00+00:00,654.15,0.0,20,19,6,Sunday,90,1,62,advance fee,en,Bill pay kiosk,0
91f63d9a-8e24-48a5-a66b-098fb65ed0b2,synth_e7e9e769e047,unbanked,tabddpm_synthetic,,['en'],advance fee,2024-09-24T02:33:00+00:00,10.0,0.0,38,2,0,Monday,50,1001,10,advance fee,en,Bill pay kiosk,0
d8a57ba5-022a-4d5a-92ac-a4a85614d95f,synth_cceab1c6ffc9,unbanked,tabddpm_synthetic,,['en'],advance fee,2024-08-17T23:08:00+00:00,3000.0,1500.0,20,23,0,Monday,90,1,100,advance fee,en,Bill pay kiosk,0
c49dcf85-19ce-4ecb-ac07-dcf5284036f2,synth_b08a72597afa,unbanked,tabddpm_synthetic,,['en'],advance fee,2024-03-05T23:53:00+00:00,2461.08,320.57,27,23,0,Monday,6,1,46,advance fee,en,Bill pay kiosk,1
f6d6535a-8b1c-4c8a-b860-e3a5c42becb0,synth_468a89819995,unbanked,tabddpm_synthetic,,['en'],advance fee,2024-04-28T18:13:00+00:00,10.0,0.0,20,18,0,Monday,90,1,40,advance fee,en,Bill pay kiosk,0
f58fcc12-bbd9-4ee4-b48c-fbe5c5c10855,synth_549cfaf09356,unbanked,tabddpm_synthetic,,['en'],advance fee,2024-03-10T12:09:00+00:00,1179.81,71.42,20,12,6,Sunday,7,1,10,advance fee,en,Bill pay kiosk,0
01ee21b1-13fb-49b8-8c33-08ae45972017,synth_fe93d7300b5e,unbanked,tabddpm_synthetic,,['en'],advance fee,2024-08-10T00:30:00+00:00,3000.0,1500.0,20,0,6,Sunday,0,1,97,advance fee,en,Bill pay kiosk,0
5a923513-bf6f-4ac6-8bf9-1c713309bc0d,synth_e3c5a74da098,unbanked,tabddpm_synthetic,,['en'],fake loan,2024-06-21T00:00:00+00:00,620.18,43.1,41,0,0,Monday,0,2000,11,fake loan,en,Bill pay kiosk,0
a02e9d32-aa00-4c34-92e7-a9c94ed56fcd,synth_44c4867f5124,unbanked,tabddpm_synthetic,,['en'],advance fee,2024-03-02T10:33:00+00:00,485.91,55.18,20,10,0,Monday,34,1112,3,advance fee,en,Bill pay kiosk,0
5ecfa870-0b0e-478b-9662-186cf3117f45,synth_66ee1877be82,unbanked,tabddpm_synthetic,,['en'],advance fee,2024-11-25T22:21:00+00:00,10.0,0.0,20,22,0,Monday,90,1,100,advance fee,en,Bill pay kiosk,0
d001c8f5-f0cf-4494-8927-2d395bfda56a,synth_d2f8c36dc108,unbanked,tabddpm_synthetic,,['en'],advance fee,2024-04-07T00:26:00+00:00,312.43,13.27,60,0,0,Monday,0,2000,9,advance fee,en,Bill pay kiosk,0
6aaf7acb-aa52-441d-a4c6-7326d762d3b5,synth_ad26e01fc52c,unbanked,tabddpm_synthetic,,['en'],advance fee,2024-07-07T09:21:00+00:00,219.82,24.11,20,9,0,Monday,4,1016,5,advance fee,en,Bill pay kiosk,0
384ca615-aa34-4f55-8d2d-aff7af79daf8,synth_174312e41471,unbanked,tabddpm_synthetic,,['en'],advance fee,2024-07-16T09:01:00+00:00,78.93,5.85,20,9,6,Sunday,73,1228,3,advance fee,en,Bill pay kiosk,0
62716f04-bc53-4b12-830f-8bf3760812d9,synth_ebfbc73b53c4,unbanked,tabddpm_synthetic,,['en'],advance fee,2024-06-28T07:47:00+00:00,71.54,0.0,29,7,2,Wednesday,70,1402,9,advance fee,en,Bill pay kiosk,0
5a887c12-17fa-4d22-9721-2d403e30aa57,synth_7324596b7687,unbanked,tabddpm_synthetic,,['en'],advance fee,2024-03-30T23:31:00+00:00,3000.0,1500.0,20,23,0,Monday,90,1,100,advance fee,en,Bill pay kiosk,0
e1d1f9ff-24ba-459d-94ab-8163f94915c3,synth_9b35d3113d4a,unbanked,tabddpm_synthetic,,['en'],advance fee,2024-04-17T11:47:00+00:00,422.62,49.8,25,11,0,Monday,19,1367,9,advance fee,en,Bill pay kiosk,0
ea69eecb-83f7-4167-8623-0ac927954465,synth_cc7641e39f66,unbanked,tabddpm_synthetic,,['en'],advance fee,2024-08-24T10:00:00+00:00,363.07,70.0,20,10,0,Monday,20,1997,7,advance fee,en,Bill pay kiosk,0
d7286a57-4893-42f2-91e3-b9426c62d6fe,synth_38f80a94af3c,unbanked,tabddpm_synthetic,,['en'],advance fee,2024-03-22T00:21:00+00:00,3000.0,391.59,20,0,0,Monday,7,137,18,advance fee,en,Bill pay kiosk,0
4fc01b9a-b2cc-436e-aeed-bc2883302073,synth_e95d121906f1,unbanked,tabddpm_synthetic,,['en'],advance fee,2024-10-14T11:19:00+00:00,343.46,37.55,20,11,0,Monday,40,1672,12,advance fee,en,Bill pay kiosk,0
c330368d-3a75-4e51-9e19-397e11dfcf94,synth_c3a2da073848,unbanked,tabddpm_synthetic,,['en'],advance fee,2024-05-06T23:07:00+00:00,3000.0,1500.0,20,23,6,Sunday,0,1,100,advance fee,en,Bill pay kiosk,0
5c1a6f51-421f-4385-bf2f-8b1efb255019,synth_43bbe1e4a8d7,unbanked,tabddpm_synthetic,,['en'],advance fee,2024-05-13T14:50:00+00:00,3000.0,432.85,20,14,0,Monday,7,542,20,advance fee,en,Bill pay kiosk,0
55d0ffa6-d176-42e3-8681-4b2b30673f9c,synth_26613cc96ef1,unbanked,tabddpm_synthetic,,['en'],advance fee,2024-08-19T23:28:00+00:00,3000.0,1500.0,20,23,0,Monday,87,1,100,advance fee,en,Bill pay kiosk,0
472805fa-564e-4e10-a64f-ba91095c39b9,synth_0b43004470f9,unbanked,tabddpm_synthetic,,['en'],advance fee,2024-04-21T23:03:00+00:00,3000.0,1500.0,20,23,0,Monday,90,1,100,advance fee,en,Bill pay kiosk,0
615b4473-a8e4-490a-aa12-9b0bde586c2f,synth_8d3469c4eabc,unbanked,tabddpm_synthetic,,['en'],advance fee,2024-07-18T03:14:00+00:00,453.12,57.53,25,3,0,Monday,45,511,14,advance fee,en,Bill pay kiosk,0
dffa615b-5af9-4f80-9508-de117f6dd3f8,synth_e4251dd38cbe,unbanked,tabddpm_synthetic,,['en'],advance fee,2024-03-10T23:04:00+00:00,3000.0,1500.0,20,23,0,Monday,90,1,100,advance fee,en,Bill pay kiosk,0
1fa1098b-96c6-4cc2-bf4a-1f761eb2fd11,synth_f571e4f081e8,unbanked,tabddpm_synthetic,,['en'],advance fee,2024-10-22T09:09:00+00:00,281.49,42.84,20,9,0,Monday,12,2000,1,advance fee,en,Bill pay kiosk,0
e3c50ff5-4362-4b94-8534-059089bff9c4,synth_e80e7239cc10,unbanked,tabddpm_synthetic,,['en'],advance fee,2024-03-31T14:03:00+00:00,265.93,60.92,20,14,0,Monday,17,2000,5,advance fee,en,Bill pay kiosk,0
a54dde37-8618-452c-9090-e896162f0b7d,synth_237a8739327e,unbanked,tabddpm_synthetic,,['en'],advance fee,2024-09-28T10:45:00+00:00,769.19,90.73,20,10,2,Wednesday,2,1118,5,advance fee,en,Bill pay kiosk,0
c2c378ae-1312-4c71-b1bc-6c0b3b8ed9b3,synth_c79b3420b931,unbanked,tabddpm_synthetic,,['en'],advance fee,2024-09-06T02:40:00+00:00,10.0,0.0,20,2,0,Monday,90,709,25,advance fee,en,Bill pay kiosk,0
ac64c8e5-5478-4511-802d-3eeba02547c7,synth_e33eaecc1321,unbanked,tabddpm_synthetic,,['en'],advance fee,2024-06-20T07:13:00+00:00,318.24,46.15,20,7,0,Monday,10,1716,7,advance fee,en,Bill pay kiosk,0
1076f490-afaa-4b9e-9575-78314b76ae8f,synth_be74da906ab3,unbanked,tabddpm_synthetic,,['es'],advance fee,2024-01-04T11:47:00+00:00,10.0,7.66,59,11,2,Wednesday,0,98,6,advance fee,es,Bill pay kiosk,0
0c4be260-5e55-435b-be4b-0ec98ebdb917,synth_8481d1d28251,unbanked,tabddpm_synthetic,,['en'],advance fee,2024-06-27T15:37:00+00:00,10.0,0.0,20,15,0,Monday,90,1,100,advance fee,en,Bill pay kiosk,0
b1233716-bce3-454c-aff1-f0e5448d5c52,synth_7328feffe2a9,unbanked,tabddpm_synthetic,,['en'],advance fee,2024-10-06T00:50:00+00:00,1593.55,94.95,60,0,0,Monday,8,2000,4,advance fee,en,Bill pay kiosk,0
3e31c1e3-2e94-4ac9-aeb1-1d91cc633f84,synth_e024e377356a,unbanked,tabddpm_synthetic,,['en'],advance fee,2024-06-08T23:42:00+00:00,3000.0,1500.0,60,23,0,Monday,0,1,100,advance fee,en,Bill pay kiosk,0
069b998d-bb27-4779-b8ae-bc56bcddf4b6,synth_4450ca9214de,unbanked,tabddpm_synthetic,,['en'],advance fee,2024-01-11T23:11:00+00:00,3000.0,1500.0,20,23,0,Monday,90,1,100,advance fee,en,Bill pay kiosk,0
2fd98837-02ca-4203-be1c-dc2f81b7d039,synth_e68d875b874c,unbanked,tabddpm_synthetic,,['en'],advance fee,2024-06-22T00:54:00+00:00,487.02,50.29,25,0,0,Monday,0,2000,9,advance fee,en,Bill pay kiosk,0
751a5950-b7fe-489d-9eb0-f6787bc1d272,synth_044cc1b00dd9,unbanked,tabddpm_synthetic,,['en'],advance fee,2024-01-11T00:22:00+00:00,173.22,9.04,53,0,0,Monday,34,498,9,advance fee,en,Bill pay kiosk,0
831084de-b4ea-4239-b035-2304cbbe5dd1,synth_ad689bece0ab,unbanked,tabddpm_synthetic,,['en'],advance fee,2024-09-04T05:25:00+00:00,245.45,49.03,20,5,0,Monday,90,1584,15,advance fee,en,Bill pay kiosk,0
c4c99aea-ddee-4b30-817c-ff09a78128d2,synth_a362ca9e0f4a,unbanked,tabddpm_synthetic,,['en'],advance fee,2024-01-26T09:57:00+00:00,595.67,0.0,20,9,0,Monday,90,1485,24,advance fee,en,Bill pay kiosk,0
8d650595-68bb-4f5a-a7fa-c821dcc20fc9,synth_808e4c353deb,unbanked,tabddpm_synthetic,,['en'],advance fee,2024-11-04T03:22:00+00:00,198.56,33.6,24,3,0,Monday,0,2000,11,advance fee,en,Bill pay kiosk,0
4cd2e34b-04eb-44bc-be4a-1983a7dd8951,synth_e0997a24122b,unbanked,tabddpm_synthetic,,['en'],advance fee,2024-01-31T15:07:00+00:00,735.74,87.88,45,15,1,Tuesday,0,517,1,advance fee,en,Bill pay kiosk,0
030544c4-7169-40b1-970d-d0d58ef4b08f,synth_1a842fdac971,unbanked,tabddpm_synthetic,,['en'],advance fee,2024-01-29T10:11:00+00:00,601.99,30.66,31,10,3,Thursday,2,1244,4,advance fee,en,Bill pay kiosk,0
bba7aa88-7102-4794-b11a-94989eeb7ca7,synth_7c496813e747,unbanked,tabddpm_synthetic,,['en'],advance fee,2024-02-06T07:36:00+00:00,10.0,32.26,20,7,0,Monday,17,2000,4,advance fee,en,Bill pay kiosk,0
17293341-c80c-4b3a-bc1e-39d2075d6921,synth_2ddaef4bcbb7,unbanked,tabddpm_synthetic,,['en'],advance fee,2024-02-28T00:35:00+00:00,347.16,58.09,60,0,0,Monday,10,1189,12,advance fee,en,Bill pay kiosk,0
0ea593c6-0f1d-4d6c-a984-aaac7a8b91ba,synth_b54cd211b0c4,unbanked,tabddpm_synthetic,,['en'],advance fee,2024-03-24T00:32:00+00:00,377.25,21.85,20,0,0,Monday,0,2000,6,advance fee,en,Bill pay kiosk,0
b571c7b5-8fa0-4e3c-9e5e-b1381e8e201e,synth_8891ab9e5e9f,unbanked,tabddpm_synthetic,,['en'],advance fee,2024-08-28T08:00:00+00:00,10.0,0.0,20,8,5,Saturday,90,747,7,advance fee,en,Bill pay kiosk,0
8c7cae18-da47-4b0d-8e6c-8566e5fac5b6,synth_374dfc834db3,unbanked,tabddpm_synthetic,,['en'],advance fee,2024-10-19T23:25:00+00:00,3000.0,1500.0,20,23,6,Sunday,0,1,100,advance fee,en,Bill pay kiosk,0
853005dc-a206-4a8c-932d-2bede8da81ef,synth_ebe41b7cbdf4,unbanked,tabddpm_synthetic,,['en'],advance fee,2024-03-08T00:54:00+00:00,1151.8,19.25,20,0,3,Thursday,0,1,10,advance fee,en,Bill pay kiosk,0
840bc0b7-ea09-448e-b628-6c5ef2c20837,synth_f17e6fe3de67,unbanked,tabddpm_synthetic,,['en'],advance fee,2024-03-31T23:35:00+00:00,3000.0,940.63,51,23,1,Tuesday,4,63,30,advance fee,en,Bill pay kiosk,0
1551203b-0969-4327-9966-63c6ea398242,synth_aba6c29f9b7e,unbanked,tabddpm_synthetic,,['en'],advance fee,2024-06-19T07:54:00+00:00,305.86,34.61,20,7,0,Monday,31,1836,3,advance fee,en,Bill pay kiosk,0
fc4917c5-cad5-403f-8e85-760b61579968,synth_6b489bd9f880,unbanked,tabddpm_synthetic,,['en'],advance fee,2024-12-05T00:11:00+00:00,450.05,2.48,23,0,0,Monday,0,2000,8,advance fee,en,Bill pay kiosk,0
56683e33-57d4-4da7-a629-864e02784a35,synth_bec862467865,unbanked,tabddpm_synthetic,,['en'],advance fee,2024-07-28T23:30:00+00:00,3000.0,1500.0,20,23,0,Monday,90,1,100,advance fee,en,Bill pay kiosk,1
0e88d8d7-25bf-4427-a4a5-ccdf11ae3f80,synth_fa4ec8b2f3db,unbanked,tabddpm_synthetic,,['en'],advance fee,2024-02-16T15:49:00+00:00,10.0,22.93,20,15,0,Monday,1,1067,1,advance fee,en,Bill pay kiosk,0
e23aaa8a-1002-4ee1-9783-485b78fba10d,synth_f5c4f160cae8,unbanked,tabddpm_synthetic,,['en'],advance fee,2024-11-07T09:08:00+00:00,1262.97,120.41,20,9,4,Friday,0,1103,7,advance fee,en,Bill pay kiosk,0
3bc9464e-4e9e-4983-b99a-7c689b668014,synth_55127c15e7bf,unbanked,tabddpm_synthetic,,['es'],advance fee,2024-11-14T04:48:00+00:00,619.04,56.67,20,4,0,Monday,0,2000,5,advance fee,es,Bill pay kiosk,0
d90fb5ac-eede-4444-bad5-a76ed04b52c8,synth_446758d60316,unbanked,tabddpm_synthetic,,['en'],advance fee,2024-01-27T09:10:00+00:00,3000.0,297.36,20,9,6,Sunday,0,1,19,advance fee,en,Bill pay kiosk,0
b8815759-8ebf-4ade-8042-37e4ff5fe1c1,synth_60a7275915dc,unbanked,tabddpm_synthetic,,['en'],advance fee,2024-09-30T23:43:00+00:00,3000.0,1500.0,60,23,0,Monday,78,1,100,advance fee,en,Bill pay kiosk,0
e1489a97-2963-4c23-994f-69e47e1d78a2,synth_b8db3aa86453,unbanked,tabddpm_synthetic,,['en'],advance fee,2024-03-06T04:37:00+00:00,3000.0,967.8,38,4,6,Sunday,0,1,58,advance fee,en,Bill pay kiosk,0
348a1e8b-e95e-462a-8a5d-8efb7c7566c8,synth_14f5ff4e38e5,unbanked,tabddpm_synthetic,,['en'],advance fee,2024-02-15T08:54:00+00:00,10.0,0.0,20,8,0,Monday,90,204,15,advance fee,en,Bill pay kiosk,0
e9c80141-920c-417f-a312-ee6f501b4f62,synth_96bb4e4100e3,unbanked,tabddpm_synthetic,,['en'],advance fee,2024-09-12T10:14:00+00:00,222.28,26.02,48,10,2,Wednesday,12,441,1,advance fee,en,Bill pay kiosk,0
a76cb8a1-d9d0-4ef3-abf3-ea9c6ec96918,synth_d905c86196e0,unbanked,tabddpm_synthetic,,['es'],advance fee,2024-02-23T11:10:00+00:00,149.13,5.59,23,11,0,Monday,2,779,3,advance fee,es,Bill pay kiosk,0
f116fee2-59ba-4bf6-a018-c21b2cfd899c,synth_4f2e0087f7d6,unbanked,tabddpm_synthetic,,['en'],advance fee,2024-06-11T23:52:00+00:00,3000.0,1500.0,20,23,6,Sunday,0,1,100,advance fee,en,Bill pay kiosk,0
a25b5a84-4657-4fac-bce9-2d42cb27b4f9,synth_f35b9be322ef,unbanked,tabddpm_synthetic,,['en'],advance fee,2024-06-16T11:30:00+00:00,313.8,23.99,20,11,0,Monday,18,2000,7,advance fee,en,Bill pay kiosk,0
bc91864a-2a56-4572-9068-ccc544b9a6a0,synth_61afe8e52eb7,unbanked,tabddpm_synthetic,,['en'],advance fee,2024-04-03T07:34:00+00:00,10.0,0.0,20,7,0,Monday,90,1,39,advance fee,en,Bill pay kiosk,0
2a0d0b99-01e2-4765-bc51-32e2fa9eda35,synth_5bd371e55a9a,unbanked,tabddpm_synthetic,,['en'],advance fee,2024-11-14T14:47:00+00:00,315.36,18.88,28,14,0,Monday,13,1,4,advance fee,en,Bill pay kiosk,0
c82a1f1b-181b-458e-8c1d-974149f2888c,synth_ece8cb1d5026,unbanked,tabddpm_synthetic,,['en'],advance fee,2024-12-02T23:43:00+00:00,3000.0,1500.0,60,23,0,Monday,0,1,79,advance fee,en,Bill pay kiosk,0
e258ae46-bdff-44b2-a067-c37cf10eb27b,synth_7fd3aa9907a8,unbanked,tabddpm_synthetic,,['en'],advance fee,2024-11-21T00:27:00+00:00,1223.82,79.4,22,0,0,Monday,67,344,73,advance fee,en,Bill pay kiosk,1
260f91cd-d4cc-42bc-9abf-1309355bb868,synth_7a454be3efed,unbanked,tabddpm_synthetic,,['en'],advance fee,2024-07-13T08:24:00+00:00,201.13,31.72,47,8,0,Monday,4,971,1,advance fee,en,Bill pay kiosk,0
4472abf4-cf5d-4cf4-920a-26cd9d6d7fb7,synth_87d863953c5a,unbanked,tabddpm_synthetic,,['en'],advance fee,2024-01-03T00:14:00+00:00,3000.0,1500.0,20,0,6,Sunday,9,1,86,advance fee,en,Bill pay kiosk,0
f84ef45c-b7a7-4bf5-803a-0b701887c43e,synth_1282c4f3e0eb,unbanked,tabddpm_synthetic,,['en'],advance fee,2024-11-28T06:03:00+00:00,10.0,0.0,20,6,0,Monday,90,891,14,advance fee,en,Bill pay kiosk,0
108c6ebb-79c1-48a6-9a3b-61ef2b91fceb,synth_c835d708034b,unbanked,tabddpm_synthetic,,['en'],advance fee,2024-11-02T12:17:00+00:00,158.81,12.23,35,12,0,Monday,3,932,12,advance fee,en,Bill pay kiosk,0
9ca995b8-f345-499b-8ee6-8a341de578f9,synth_80aa23def98e,unbanked,tabddpm_synthetic,,['en'],advance fee,2024-06-29T00:50:00+00:00,3000.0,1500.0,60,0,0,Monday,33,1,100,advance fee,en,Bill pay kiosk,0
b61ef4a9-dcec-4554-9630-281cd983b6c7,synth_bffffbaa422d,unbanked,tabddpm_synthetic,,['en'],advance fee,2024-09-27T08:33:00+00:00,10.0,0.0,20,8,1,Tuesday,90,6,3,advance fee,en,Bill pay kiosk,0
9f64d12a-0eea-435a-9919-9ca93ebdef95,synth_f384875e0f47,unbanked,tabddpm_synthetic,,['en'],advance fee,2024-03-26T16:12:00+00:00,975.86,99.54,20,16,0,Monday,23,1041,7,advance fee,en,Bill pay kiosk,0
a548bed1-f5b0-474e-a47f-bd2ff06ce1aa,synth_484db6516b85,unbanked,tabddpm_synthetic,,['en'],advance fee,2024-05-14T19:59:00+00:00,62.13,0.59,60,19,3,Thursday,2,478,12,advance fee,en,Bill pay kiosk,0
0661a342-8346-4865-9d24-a56b638e7134,synth_1501aa85c4fa,unbanked,tabddpm_synthetic,,['en'],advance fee,2024-06-11T00:15:00+00:00,401.42,54.48,20,0,0,Monday,0,2000,9,advance fee,en,Bill pay kiosk,0
c07f214d-d99d-44ef-bd6d-fa1652404444,synth_e1fd2412d233,unbanked,tabddpm_synthetic,,['en'],advance fee,2024-02-15T13:13:00+00:00,332.62,20.52,20,13,4,Friday,4,2000,3,advance fee,en,Bill pay kiosk,0
f4c18814-a686-4c8e-a9f0-d7ca16e0b71a,synth_7ef38d0cc02f,unbanked,tabddpm_synthetic,,['en'],advance fee,2024-08-03T19:51:00+00:00,2523.99,259.96,20,19,0,Monday,90,154,14,advance fee,en,Bill pay kiosk,0
b24a0fec-beac-474d-b5bb-bee6819a4f1b,synth_67e52595e36e,unbanked,tabddpm_synthetic,,['en'],advance fee,2024-09-04T00:43:00+00:00,3000.0,348.55,20,0,6,Sunday,84,1,100,advance fee,en,Bill pay kiosk,1
99dc942b-7efe-49b1-9857-b7ce27f8c21a,synth_d435215a4e58,unbanked,tabddpm_synthetic,,['en'],advance fee,2024-07-02T23:48:00+00:00,10.0,0.0,20,23,0,Monday,90,1,56,advance fee,en,Bill pay kiosk,0
868a72c8-97a9-48af-ad65-4ab55379932f,synth_481e70164f66,unbanked,tabddpm_synthetic,,['en'],advance fee,2024-05-18T13:42:00+00:00,391.2,46.51,20,13,0,Monday,13,1303,11,advance fee,en,Bill pay kiosk,0
4f80bbe4-4df4-400a-bb50-8158696a8fcb,synth_d3e69d55c73a,unbanked,tabddpm_synthetic,,['en'],advance fee,2024-06-23T01:32:00+00:00,911.87,49.92,20,1,0,Monday,66,1604,22,advance fee,en,Bill pay kiosk,0
30f2296e-589a-44f4-adf0-44ee7ec2e708,synth_4c983fcea78f,unbanked,tabddpm_synthetic,,['en'],advance fee,2024-02-08T23:48:00+00:00,3000.0,1500.0,20,23,0,Monday,90,1,100,advance fee,en,Bill pay kiosk,0
dc7d9dbc-2ccd-4c65-a725-c4ce48b612b6,synth_4c12633213d8,unbanked,tabddpm_synthetic,,['en'],advance fee,2024-04-23T20:41:00+00:00,2792.14,312.27,20,20,6,Sunday,0,1133,5,advance fee,en,Bill pay kiosk,0
a3866f8d-1613-4d03-a64b-c1f15ce78213,synth_dcfca06b8dea,unbanked,tabddpm_synthetic,,['en'],advance fee,2024-05-18T06:47:00+00:00,985.48,69.19,20,6,0,Monday,90,1941,16,advance fee,en,Bill pay kiosk,0
38de18f4-f932-407a-b84a-6f4e5b2c51e5,synth_f6dd8089b008,unbanked,tabddpm_synthetic,,['en'],advance fee,2024-03-04T00:16:00+00:00,236.53,0.0,20,0,6,Sunday,90,254,16,advance fee,en,Bill pay kiosk,0
2a90a443-ce89-4703-9a50-8d1ac8fa2e18,synth_73f8119525d6,unbanked,tabddpm_synthetic,,['en'],advance fee,2024-04-13T23:31:00+00:00,3000.0,346.27,60,23,0,Monday,0,1,17,advance fee,en,Bill pay kiosk,0
59893f50-34a8-4141-a1dc-056926d205da,synth_59b51ef207a4,unbanked,tabddpm_synthetic,,['en'],advance fee,2024-04-05T16:51:00+00:00,717.56,60.96,20,16,0,Monday,18,1808,7,advance fee,en,Bill pay kiosk,0
0c54506f-e270-4d1e-afc7-09c9226d5772,synth_b1e64b65757b,unbanked,tabddpm_synthetic,,['en'],advance fee,2024-03-12T23:45:00+00:00,10.0,0.0,20,23,0,Monday,90,1,100,advance fee,en,Bill pay kiosk,0
605fc7f3-4710-4ec7-89c1-309cb8e02867,synth_95f173a9ce6c,unbanked,tabddpm_synthetic,,['en'],advance fee,2024-10-30T11:43:00+00:00,10.0,0.0,20,11,0,Monday,90,1,100,advance fee,en,Bill pay kiosk,0
fc66c7ae-ee97-4fae-b839-37774a00d913,synth_5e0f3d9bd0cd,unbanked,tabddpm_synthetic,,['en'],advance fee,2024-04-20T23:05:00+00:00,3000.0,1500.0,20,23,0,Monday,90,1,100,advance fee,en,Bill pay kiosk,0
a6b56a70-eee8-4b87-8049-e3edcd1db3f2,synth_22dd942f2ece,unbanked,tabddpm_synthetic,,['en'],advance fee,2024-10-02T07:23:00+00:00,3000.0,534.65,60,7,0,Monday,5,804,21,advance fee,en,Bill pay kiosk,0
9775d79e-cece-4572-99b2-9899c5146b76,synth_3e2c2ce2c434,unbanked,tabddpm_synthetic,,['en'],advance fee,2024-04-12T23:53:00+00:00,152.64,0.0,20,23,0,Monday,90,1,100,advance fee,en,Bill pay kiosk,0
3f24d265-8e56-41a9-a5ae-fcaede3c9ee9,synth_a4d248357495,unbanked,tabddpm_synthetic,,['en'],advance fee,2024-02-21T23:45:00+00:00,3000.0,1500.0,20,23,0,Monday,90,1,100,advance fee,en,Bill pay kiosk,0
e8daa7a8-7529-400e-a554-aeffa875fb8a,synth_3db444051dbf,unbanked,tabddpm_synthetic,,['en'],advance fee,2024-07-26T00:55:00+00:00,410.65,68.98,22,0,0,Monday,0,2000,5,advance fee,en,Bill pay kiosk,0
9175c49e-b0be-45ad-afee-2d48628c97f2,synth_2c2623775a68,unbanked,tabddpm_synthetic,,['en'],advance fee,2024-08-17T01:59:00+00:00,330.55,13.23,23,1,0,Monday,16,1,2,advance fee,en,Bill pay kiosk,0
46c23cd7-ba19-457a-a4ef-caf296aa1421,synth_2207ecc1f5fc,unbanked,tabddpm_synthetic,,['en'],advance fee,2024-11-14T13:17:00+00:00,109.82,11.08,30,13,2,Wednesday,1,373,3,advance fee,en,Bill pay kiosk,0
cf1bea29-e6a7-4238-ac9d-029aded9ebfc,synth_ca8eedb3c491,unbanked,tabddpm_synthetic,,['en'],advance fee,2024-07-09T13:34:00+00:00,111.04,0.0,59,13,0,Monday,1,757,8,advance fee,en,Bill pay kiosk,0
814310d5-d86f-457e-bc36-0c7e48af2ee8,synth_2f6b2270bad6,unbanked,tabddpm_synthetic,,['en'],advance fee,2024-03-29T09:05:00+00:00,270.35,80.25,20,9,0,Monday,67,2000,7,advance fee,en,Bill pay kiosk,0
d7056288-13c1-4975-b5fa-84d30808371d,synth_effabbaf2699,unbanked,tabddpm_synthetic,,['en'],advance fee,2024-09-30T10:20:00+00:00,426.9,53.13,28,10,0,Monday,66,312,12,advance fee,en,Bill pay kiosk,0
3a7ef3fa-0bad-4621-ad15-d6dd29b94c6e,synth_39d421f62031,unbanked,tabddpm_synthetic,,['en'],advance fee,2024-08-18T23:54:00+00:00,3000.0,1500.0,20,23,0,Monday,90,1,100,advance fee,en,Bill pay kiosk,0
35c5d1fe-c0e8-4a1f-9b62-ae3b677a0a14,synth_e889372e6599,unbanked,tabddpm_synthetic,,['en'],advance fee,2024-07-19T23:08:00+00:00,3000.0,1500.0,20,23,6,Sunday,71,1,98,advance fee,en,Bill pay kiosk,0
c6d7bf2d-c6db-40c0-8384-13657493575d,synth_d2eae35a5863,unbanked,tabddpm_synthetic,,['en'],advance fee,2024-07-30T18:43:00+00:00,10.0,0.0,20,18,0,Monday,90,1,48,advance fee,en,Bill pay kiosk,0
888a1a5c-571d-4cbd-838c-c31dcbe14189,synth_85eded9ea526,unbanked,tabddpm_synthetic,,['en'],advance fee,2024-10-09T09:57:00+00:00,10.0,39.7,20,9,0,Monday,6,2000,5,advance fee,en,Bill pay kiosk,0
dd6b7431-4eb9-4f04-a0a3-35c59679f166,synth_e9b1070a4a80,unbanked,tabddpm_synthetic,,['en'],advance fee,2024-10-22T03:45:00+00:00,1169.02,43.92,20,3,0,Monday,90,1776,23,advance fee,en,Bill pay kiosk,0
c5352f0e-19c2-4d76-90e7-f043edb1742c,synth_6f755a4a05d2,unbanked,tabddpm_synthetic,,['en'],advance fee,2024-02-19T12:09:00+00:00,549.33,95.84,20,12,0,Monday,36,398,10,advance fee,en,Bill pay kiosk,0
1b74e20e-0d2f-40ae-9331-d96eee056aa6,synth_11a13d6790aa,unbanked,tabddpm_synthetic,,['en'],advance fee,2024-11-28T00:54:00+00:00,176.07,0.0,20,0,1,Tuesday,64,1719,4,advance fee,en,Bill pay kiosk,0
ac7d0c27-4ce2-4e27-943a-29383920e8de,synth_84efd5224ecb,unbanked,tabddpm_synthetic,,['en'],advance fee,2024-06-07T23:16:00+00:00,10.0,0.0,20,23,0,Monday,90,1,100,advance fee,en,Bill pay kiosk,0
8c53b62f-fb26-4b3c-a217-ec9b9053c47a,synth_7150ab8effa2,unbanked,tabddpm_synthetic,,['en'],advance fee,2024-08-20T04:30:00+00:00,10.0,0.0,20,4,0,Monday,90,656,9,advance fee,en,Bill pay kiosk,0
3237acd4-87cd-43c7-a2cc-5e1a512b0660,synth_0cfc81214922,unbanked,tabddpm_synthetic,,['en'],advance fee,2024-09-25T23:09:00+00:00,3000.0,1500.0,60,23,0,Monday,52,1,100,advance fee,en,Bill pay kiosk,0
f87da048-9b7a-4f1b-bea8-34bbf9f3b12f,synth_6e07ffe0bec3,unbanked,tabddpm_synthetic,,['en'],advance fee,2024-03-13T07:14:00+00:00,311.13,48.36,31,7,0,Monday,5,1613,11,advance fee,en,Bill pay kiosk,0
248765c1-c4e9-4b3e-80c0-78b332de5b59,synth_566982269b87,unbanked,tabddpm_synthetic,,['en'],advance fee,2024-09-14T16:22:00+00:00,69.35,7.76,25,16,1,Tuesday,0,1387,18,advance fee,en,Bill pay kiosk,0
7f67a4c4-89a3-4259-b7a1-65b2e00cafee,synth_0a091fd2bfbd,unbanked,tabddpm_synthetic,,['en'],advance fee,2024-12-12T00:30:00+00:00,949.99,77.72,20,0,0,Monday,0,1,18,advance fee,en,Bill pay kiosk,0
416d350f-7317-4d87-9504-0ec27b462d28,synth_1254adb843e7,unbanked,tabddpm_synthetic,,['en'],advance fee,2024-09-28T00:06:00+00:00,2062.81,205.46,60,0,0,Monday,5,1335,42,advance fee,en,Bill pay kiosk,1
2619608c-a272-47d7-877f-1bcbe8ca533c,synth_3d558b4d570c,unbanked,tabddpm_synthetic,,['en'],advance fee,2024-02-29T00:28:00+00:00,3000.0,348.57,38,0,0,Monday,0,2000,7,advance fee,en,Bill pay kiosk,0
b7010b20-d930-4214-b04f-641f3553e179,synth_a677996016f8,unbanked,tabddpm_synthetic,,['en'],advance fee,2024-03-02T23:46:00+00:00,3000.0,1500.0,20,23,6,Sunday,0,1,100,advance fee,en,Bill pay kiosk,1
f32e7601-3aea-4e96-a66c-3d71760810dc,synth_285f4453c7ef,unbanked,tabddpm_synthetic,,['en'],advance fee,2024-09-23T23:11:00+00:00,3000.0,1500.0,20,23,6,Sunday,90,1,100,advance fee,en,Bill pay kiosk,0
e59d7229-44fd-4942-a368-223c17837cb0,synth_2314bb7b6fda,unbanked,tabddpm_synthetic,,['en'],advance fee,2024-10-30T07:50:00+00:00,672.78,51.48,20,7,2,Wednesday,7,558,12,advance fee,en,Bill pay kiosk,0
62d1df3e-8d93-41b7-b5f2-09154dc8c702,synth_1724c6ff5043,unbanked,tabddpm_synthetic,,['es'],advance fee,2024-11-13T09:36:00+00:00,18.34,4.28,21,9,0,Monday,8,1371,8,advance fee,es,Bill pay kiosk,0
4521fa4f-09e5-4d6f-b146-09cd2aaaca6e,synth_3e88bc3ab163,unbanked,tabddpm_synthetic,,['en'],advance fee,2024-12-25T12:04:00+00:00,1000.32,45.43,40,12,0,Monday,1,869,1,advance fee,en,Bill pay kiosk,0
adebfb1d-fafa-48b8-bfbe-9f79db911f37,synth_1c7031cadac2,unbanked,tabddpm_synthetic,,['en'],advance fee,2024-12-24T13:55:00+00:00,1095.81,97.62,37,13,0,Monday,0,1666,3,advance fee,en,Bill pay kiosk,0
4d1cb621-a328-4664-860e-c24d0c760049,synth_ad35c4531428,unbanked,tabddpm_synthetic,,['en'],advance fee,2024-08-18T08:10:00+00:00,226.67,51.89,20,8,0,Monday,46,1285,9,advance fee,en,Bill pay kiosk,0
fd6fee6f-8726-4202-804e-bb8cb2180698,synth_0efef64458be,unbanked,tabddpm_synthetic,,['en'],advance fee,2024-05-06T02:18:00+00:00,10.0,0.0,32,2,0,Monday,86,603,8,advance fee,en,Bill pay kiosk,0
ee538786-06f1-4a6a-bd28-c22f82f98c18,synth_e5780fbe2e61,unbanked,tabddpm_synthetic,,['en'],advance fee,2024-03-15T23:40:00+00:00,3000.0,1500.0,20,23,6,Sunday,0,1,100,advance fee,en,Bill pay kiosk,0
0c394254-96e3-43f8-a2b6-42812c0eb977,synth_669f99a8228d,unbanked,tabddpm_synthetic,,['en'],advance fee,2024-07-01T01:32:00+00:00,3000.0,1500.0,60,1,0,Monday,0,1,49,advance fee,en,Bill pay kiosk,0
a48301b7-bba3-4a2f-8d50-43bca61e8c61,synth_d48a68488e1b,unbanked,tabddpm_synthetic,,['en'],advance fee,2024-01-15T23:51:00+00:00,3000.0,1500.0,20,23,0,Monday,90,1,100,advance fee,en,Bill pay kiosk,0
58a9d8ea-7b64-4c81-894c-c8bfc1e35e50,synth_707611f18ba2,unbanked,tabddpm_synthetic,,['en'],advance fee,2024-04-24T15:37:00+00:00,2536.26,244.69,20,15,0,Monday,90,1167,10,advance fee,en,Bill pay kiosk,0
a7c03aca-c338-496b-aa60-7fd5e3f63fed,synth_ea65cb35e542,unbanked,tabddpm_synthetic,,['en'],advance fee,2024-06-01T12:28:00+00:00,432.65,41.54,20,12,0,Monday,4,955,9,advance fee,en,Bill pay kiosk,0
42af1fa1-18fe-4007-8b23-907332978f9e,synth_b5241ed3d875,unbanked,tabddpm_synthetic,,['en'],advance fee,2024-06-10T12:19:00+00:00,10.0,0.0,20,12,6,Sunday,90,536,14,advance fee,en,Bill pay kiosk,0
2bf4a29f-2192-43e4-b363-f1108acad7ca,synth_9f11acb82957,unbanked,tabddpm_synthetic,,['en'],advance fee,2024-10-07T00:16:00+00:00,3000.0,829.59,60,0,0,Monday,27,1,100,advance fee,en,Bill pay kiosk,1
4c0c1093-21f9-4580-96a1-481babf0c4d5,synth_d37ee080ec14,unbanked,tabddpm_synthetic,,['en'],advance fee,2024-01-12T16:01:00+00:00,10.0,0.0,20,16,0,Monday,90,1,43,advance fee,en,Bill pay kiosk,0
5590dbb4-d0f6-441b-bab3-e759c682c42a,synth_3c0e87eda83e,unbanked,tabddpm_synthetic,,['en'],advance fee,2024-07-24T23:54:00+00:00,3000.0,1500.0,20,23,0,Monday,90,1,100,advance fee,en,Bill pay kiosk,0
94c94959-527c-4b35-b49b-447947d4904d,synth_560ce5d6941a,unbanked,tabddpm_synthetic,,['en'],advance fee,2024-06-04T23:43:00+00:00,3000.0,1500.0,60,23,0,Monday,90,1,100,advance fee,en,Bill pay kiosk,0
f0d33759-abf3-4fae-be32-8b2d5b1ca070,synth_94a81e15927b,unbanked,tabddpm_synthetic,,['en'],fake loan,2024-02-29T11:30:00+00:00,554.03,47.38,29,11,1,Tuesday,13,252,5,fake loan,en,Bill pay kiosk,0
e58d29cb-b838-4ec1-86bb-4c284b67fdaf,synth_41fd76cadbd9,unbanked,tabddpm_synthetic,,['en'],advance fee,2024-02-07T12:00:00+00:00,627.84,44.26,20,12,0,Monday,5,1,3,advance fee,en,Bill pay kiosk,0
ffcdc322-a805-4600-b30e-71f93cb8a025,synth_dff2bb8699c0,unbanked,tabddpm_synthetic,,['en'],advance fee,2024-07-01T23:00:00+00:00,3000.0,1500.0,20,23,0,Monday,53,1,65,advance fee,en,Bill pay kiosk,0
cfd37e2d-45db-4e8d-9159-409c82b7592d,synth_fc514606429f,unbanked,tabddpm_synthetic,,['en'],advance fee,2024-10-21T05:15:00+00:00,506.91,48.13,20,5,1,Tuesday,51,1097,12,advance fee,en,Bill pay kiosk,0
71ebd09f-0581-4693-a459-4f4cc77fdb15,synth_97607f93a578,unbanked,tabddpm_synthetic,,['en'],advance fee,2024-03-13T05:01:00+00:00,401.53,39.54,20,5,2,Wednesday,13,1500,5,advance fee,en,Bill pay kiosk,0
f32658dc-5ead-48a3-931c-79f228240613,synth_da351aa18b90,unbanked,tabddpm_synthetic,,['en'],advance fee,2024-04-14T08:13:00+00:00,10.0,0.0,20,8,0,Monday,90,1,36,advance fee,en,Bill pay kiosk,0
3e21d4d4-fa42-410a-9019-c8ffa981d5d0,synth_e58a0eb228e6,unbanked,tabddpm_synthetic,,['en'],advance fee,2024-10-17T12:31:00+00:00,156.49,21.92,26,12,0,Monday,6,479,7,advance fee,en,Bill pay kiosk,0
2019d045-e3f3-4a36-af8d-e5a4e0534543,synth_c3a467a29bfa,unbanked,tabddpm_synthetic,,['en'],advance fee,2024-03-23T07:05:00+00:00,481.9,25.73,20,7,0,Monday,25,1358,11,advance fee,en,Bill pay kiosk,0
202598ae-0ff6-4414-9411-7ccc74410854,synth_27a7b31136e1,unbanked,tabddpm_synthetic,,['en'],advance fee,2024-06-05T09:57:00+00:00,305.86,38.3,20,9,0,Monday,50,2000,8,advance fee,en,Bill pay kiosk,0
0e795c14-30e1-45c4-9849-5c538e5ee80e,synth_ee70b5d69d4e,unbanked,tabddpm_synthetic,,['en'],advance fee,2024-10-14T23:09:00+00:00,3000.0,1500.0,20,23,0,Monday,90,1,100,advance fee,en,Bill pay kiosk,0
909adc5e-5cff-4953-a8b2-0cd1c8c41544,synth_a364a25367bc,unbanked,tabddpm_synthetic,,['en'],advance fee,2024-10-24T23:37:00+00:00,3000.0,873.72,20,23,0,Monday,90,1,38,advance fee,en,Bill pay kiosk,0
5aa3d809-ac58-408a-b160-9761bfe04d67,synth_a8dbfea5cea5,unbanked,tabddpm_synthetic,,['en'],advance fee,2024-11-04T23:12:00+00:00,3000.0,1500.0,20,23,6,Sunday,0,1,100,advance fee,en,Bill pay kiosk,0
6a3e78ba-b6c8-4aa1-9a41-423fc1ee14f3,synth_505dd3a33aae,unbanked,tabddpm_synthetic,,['en'],advance fee,2024-09-27T07:38:00+00:00,3000.0,1500.0,20,7,6,Sunday,90,1,100,advance fee,en,Bill pay kiosk,0
3a4bdee4-e04c-456c-891c-dd153d9ba6a6,synth_eb965c2dd82a,unbanked,tabddpm_synthetic,,['en'],advance fee,2024-10-06T00:24:00+00:00,2960.94,236.01,33,0,0,Monday,3,2000,11,advance fee,en,Bill pay kiosk,0
22b04618-4fb5-4d17-b4c7-a01d477002bb,synth_827958511075,unbanked,tabddpm_synthetic,,['en'],advance fee,2024-07-14T23:55:00+00:00,3000.0,1500.0,20,23,0,Monday,90,1,100,advance fee,en,Bill pay kiosk,0
1c85ae51-f79e-43d1-b815-fdd00e2f359e,synth_d3d41f01532b,unbanked,tabddpm_synthetic,,['en'],advance fee,2024-02-08T10:01:00+00:00,100.04,4.78,60,10,0,Monday,2,1574,7,advance fee,en,Bill pay kiosk,0
e3d6c596-cbc4-48bf-8d96-bbbcd156c54e,synth_fd79cb9c5c10,unbanked,tabddpm_synthetic,,['en'],advance fee,2024-02-04T00:11:00+00:00,10.0,0.0,33,0,0,Monday,0,455,6,advance fee,en,Bill pay kiosk,0
c6c75f17-7f92-41cb-a4ec-fff0030d5d50,synth_362c013a06bf,unbanked,tabddpm_synthetic,,['en'],advance fee,2024-09-21T23:48:00+00:00,3000.0,1500.0,20,23,0,Monday,90,1,100,advance fee,en,Bill pay kiosk,0
08e8a94d-0723-4d27-a990-06dc04a2138f,synth_f051c8acc787,unbanked,tabddpm_synthetic,,['en'],advance fee,2024-11-12T03:09:00+00:00,1215.45,43.97,23,3,0,Monday,0,2000,7,advance fee,en,Bill pay kiosk,0
a089fdbb-35d6-4541-beec-eda0bb7ccfc4,synth_8698ad143995,unbanked,tabddpm_synthetic,,['en'],advance fee,2024-07-23T23:07:00+00:00,3000.0,1500.0,20,23,0,Monday,90,1,100,advance fee,en,Bill pay kiosk,0
467c06e2-0ca5-4eb8-8876-48f96d4582c0,synth_384718cc7d1e,unbanked,tabddpm_synthetic,,['en'],advance fee,2024-01-27T00:51:00+00:00,573.33,77.7,31,0,0,Monday,0,1787,13,advance fee,en,Bill pay kiosk,0
6b07304b-2a42-4e09-b75e-f1b696ccbbb8,synth_251344ce3d9b,unbanked,tabddpm_synthetic,,['en'],fake loan,2024-03-11T13:31:00+00:00,12.02,0.0,39,13,0,Monday,2,1841,6,fake loan,en,Bill pay kiosk,0
76704f36-cf07-49dd-99f6-2a17fcf2171e,synth_a0fa46f0f996,unbanked,tabddpm_synthetic,,['en'],advance fee,2024-11-14T06:27:00+00:00,93.83,19.96,31,6,0,Monday,15,1180,5,advance fee,en,Bill pay kiosk,0
ab20c360-e99b-477d-b0cd-7db65cae509c,synth_dabe73f56c24,unbanked,tabddpm_synthetic,,['en'],advance fee,2024-06-06T23:01:00+00:00,3000.0,1500.0,20,23,0,Monday,90,1,100,advance fee,en,Bill pay kiosk,0
41a92404-0d0e-44c7-af99-ff890daf399d,synth_855b8411dfd1,unbanked,tabddpm_synthetic,,['en'],advance fee,2024-09-28T02:40:00+00:00,813.34,112.58,46,2,0,Monday,4,2000,9,advance fee,en,Bill pay kiosk,0
6962add3-d623-4bc7-9617-a0bddd7b04d0,synth_c7d87d13cd1b,unbanked,tabddpm_synthetic,,['en'],advance fee,2024-04-05T09:41:00+00:00,10.0,0.0,20,9,0,Monday,90,1,63,advance fee,en,Bill pay kiosk,0
5041a0e5-cfe9-4902-8abd-b09b9108937f,synth_55c310f9da8e,unbanked,tabddpm_synthetic,,['en'],advance fee,2024-10-13T08:45:00+00:00,431.66,30.65,41,8,0,Monday,16,1399,15,advance fee,en,Bill pay kiosk,0
4a2473be-600d-4138-907f-05caa7c758d6,synth_c3bca0129a1e,unbanked,tabddpm_synthetic,,['en'],advance fee,2024-01-31T13:36:00+00:00,298.08,30.5,29,13,2,Wednesday,10,816,0,advance fee,en,Bill pay kiosk,0
f809ed26-241a-4a7c-845c-626515efbe4f,synth_341e4ce20e29,unbanked,tabddpm_synthetic,,['en'],advance fee,2024-08-01T23:34:00+00:00,3000.0,1500.0,20,23,6,Sunday,0,1,100,advance fee,en,Bill pay kiosk,0
cd07bc52-7614-4c92-8634-9b8733937fb1,synth_890143d312b8,unbanked,tabddpm_synthetic,,['en'],advance fee,2024-08-04T23:23:00+00:00,3000.0,1500.0,60,23,0,Monday,90,1,100,advance fee,en,Bill pay kiosk,1
288e10e3-45aa-45e6-bc55-79a9842d3e55,synth_885419b843fc,unbanked,tabddpm_synthetic,,['en'],advance fee,2024-04-10T06:49:00+00:00,86.04,0.0,20,6,2,Wednesday,90,1,25,advance fee,en,Bill pay kiosk,0
21d11bb3-c096-4c5e-8a20-e33156aa2049,synth_474971faec38,unbanked,tabddpm_synthetic,,['en'],fake loan,2024-02-26T13:50:00+00:00,543.77,70.58,20,13,0,Monday,22,2000,1,fake loan,en,Bill pay kiosk,0
fc19575a-7279-4ba7-831e-82fca8718ed0,synth_31087280d39e,unbanked,tabddpm_synthetic,,['en'],advance fee,2024-11-04T23:24:00+00:00,3000.0,1500.0,60,23,0,Monday,17,1,100,advance fee,en,Bill pay kiosk,0
01369dd8-482a-41af-ae5d-8028b2577f82,synth_15985dac2237,unbanked,tabddpm_synthetic,,['en'],advance fee,2024-05-02T23:20:00+00:00,3000.0,1500.0,60,23,6,Sunday,0,1,100,advance fee,en,Bill pay kiosk,1
2b70c5f4-9102-4dc0-ae3e-4d7421ee37ad,synth_bc132f89af15,unbanked,tabddpm_synthetic,,['en'],advance fee,2024-06-03T03:18:00+00:00,344.14,13.94,20,3,0,Monday,17,2000,3,advance fee,en,Bill pay kiosk,0
566a277f-2ab2-4dce-a781-f346fad3b8bd,synth_1181271af89e,unbanked,tabddpm_synthetic,,['en'],advance fee,2024-10-30T00:59:00+00:00,3000.0,1500.0,60,0,0,Monday,0,1,100,advance fee,en,Bill pay kiosk,0
5ba0157b-0376-4a5b-8ec0-38006e1e34e3,synth_711a6adece48,unbanked,tabddpm_synthetic,,['en'],advance fee,2024-08-18T12:03:00+00:00,10.0,35.85,20,12,0,Monday,0,782,1,advance fee,en,Bill pay kiosk,0
3a925e4f-1d3b-4361-8643-b522e40b2bb2,synth_851a9f472353,unbanked,tabddpm_synthetic,,['en'],advance fee,2024-04-19T23:52:00+00:00,3000.0,1500.0,20,23,0,Monday,90,1,100,advance fee,en,Bill pay kiosk,0
d7d82fae-be1d-4860-9ed6-362460dc84ee,synth_1469d9c0a05b,unbanked,tabddpm_synthetic,,['en'],advance fee,2024-07-28T23:58:00+00:00,3000.0,1500.0,60,23,0,Monday,0,1,100,advance fee,en,Bill pay kiosk,0
d24705e9-44ad-4bc1-a44a-bf115b8bd5bf,synth_436c30fbc722,unbanked,tabddpm_synthetic,,['en'],advance fee,2024-09-09T07:52:00+00:00,724.18,58.06,27,7,0,Monday,3,938,9,advance fee,en,Bill pay kiosk,0
d8df352d-67f4-4865-a8b4-b6dfab2f028c,synth_23d223caf9ca,unbanked,tabddpm_synthetic,,['en'],advance fee,2024-01-09T07:13:00+00:00,425.41,21.87,20,7,0,Monday,20,1511,3,advance fee,en,Bill pay kiosk,0
e5013451-4a3f-4173-963e-dca27b6f71d3,synth_719b8fb49783,unbanked,tabddpm_synthetic,,['en'],advance fee,2024-09-23T08:14:00+00:00,1149.3,62.16,42,8,3,Thursday,4,809,18,advance fee,en,Bill pay kiosk,0
08720b69-ae84-456e-b677-c50e148eb318,synth_8affb67f3fd1,unbanked,tabddpm_synthetic,,['en'],advance fee,2024-03-13T23:39:00+00:00,3000.0,1500.0,20,23,0,Monday,90,1,100,advance fee,en,Bill pay kiosk,0
46378866-6ec2-4e14-a873-9c21915cfe1d,synth_b7c11d6b6a89,unbanked,tabddpm_synthetic,,['en'],advance fee,2024-04-26T23:51:00+00:00,3000.0,1500.0,20,23,6,Sunday,0,1,100,advance fee,en,Bill pay kiosk,0
ae771a74-519e-46d7-baa5-0467cbc846c5,synth_71e63471824f,unbanked,tabddpm_synthetic,,['en'],advance fee,2024-09-18T02:47:00+00:00,10.0,0.0,20,2,0,Monday,90,1,52,advance fee,en,Bill pay kiosk,0
2a9460b9-c611-47ff-9b4e-f15377ae918a,synth_d078da8b248a,unbanked,tabddpm_synthetic,,['en'],advance fee,2024-11-16T12:55:00+00:00,295.01,32.65,20,12,0,Monday,6,1328,5,advance fee,en,Bill pay kiosk,0
878f870e-704b-4dd7-ac58-2474a0299e4c,synth_b9caa591866c,unbanked,tabddpm_synthetic,,['en'],advance fee,2024-03-19T00:36:00+00:00,718.57,68.82,43,0,0,Monday,0,1561,9,advance fee,en,Bill pay kiosk,0
cbbdbfc2-888d-4537-8b3e-335b4f49042c,synth_7313e8ce2e4d,unbanked,tabddpm_synthetic,,['en'],fake loan,2024-08-27T11:30:00+00:00,66.01,2.4,20,11,0,Monday,17,1156,8,fake loan,en,Bill pay kiosk,0
85cecf91-a24c-4505-ac5e-0a54163019cd,synth_df506b105e94,unbanked,tabddpm_synthetic,,['en'],advance fee,2024-01-23T00:27:00+00:00,297.82,12.34,48,0,0,Monday,0,2000,6,advance fee,en,Bill pay kiosk,0
fb595b3e-2a24-4e5c-906c-6429af259080,synth_ce37122adc4b,unbanked,tabddpm_synthetic,,['en'],advance fee,2024-02-26T04:29:00+00:00,3000.0,1500.0,20,4,6,Sunday,0,1,100,advance fee,en,Bill pay kiosk,0
7d3bc0b5-7a52-46d2-8c99-8155d7ef1b7c,synth_26c9405b6f34,unbanked,tabddpm_synthetic,,['en'],advance fee,2024-10-31T14:56:00+00:00,285.66,41.1,20,14,0,Monday,6,1117,5,advance fee,en,Bill pay kiosk,0
051ba375-4b2c-4185-a3ab-5652115965bc,synth_bf23ede28225,unbanked,tabddpm_synthetic,,['en'],advance fee,2024-01-30T00:36:00+00:00,925.49,120.33,20,0,0,Monday,90,1743,34,advance fee,en,Bill pay kiosk,0
f4ba2672-bc0c-4ce0-b1c1-6928c476a15b,synth_69d13b130525,unbanked,tabddpm_synthetic,,['en'],advance fee,2024-03-06T09:15:00+00:00,307.94,69.31,20,9,0,Monday,57,2000,3,advance fee,en,Bill pay kiosk,0
7a6d2e0a-23d0-4930-8d97-8ced33dfcf15,synth_5f2eff1495ac,unbanked,tabddpm_synthetic,,['en'],advance fee,2024-05-14T00:41:00+00:00,3000.0,297.6,40,0,0,Monday,4,1,44,advance fee,en,Bill pay kiosk,0
f04e8a63-da2d-461b-8bf3-c7565f15734e,synth_41ab4837ef5c,unbanked,tabddpm_synthetic,,['en'],advance fee,2024-03-10T15:32:00+00:00,850.63,83.62,20,15,0,Monday,26,1320,9,advance fee,en,Bill pay kiosk,0
282d2a9d-5c3c-4d4b-98a8-a5feb21bf000,synth_4dcf9ae12f34,unbanked,tabddpm_synthetic,,['en'],advance fee,2024-05-16T00:58:00+00:00,306.24,23.84,25,0,0,Monday,0,1959,10,advance fee,en,Bill pay kiosk,0
0510be2a-832a-4411-b01e-7973ca03035c,synth_0e3a44b9e436,unbanked,tabddpm_synthetic,,['en'],advance fee,2024-09-24T09:35:00+00:00,10.0,17.24,20,9,0,Monday,17,2000,13,advance fee,en,Bill pay kiosk,0
dace17a7-74b0-41a1-84cb-0cd79d232c2f,synth_daa857fa944d,unbanked,tabddpm_synthetic,,['en'],advance fee,2024-06-11T04:28:00+00:00,10.0,0.0,60,4,0,Monday,37,880,8,advance fee,en,Bill pay kiosk,0
57923b0b-9125-4a80-86a8-ddfcc5938a95,synth_ecc6b4acfbd3,unbanked,tabddpm_synthetic,,['en'],advance fee,2024-06-20T23:17:00+00:00,3000.0,1500.0,20,23,0,Monday,90,1,100,advance fee,en,Bill pay kiosk,0
cc73508f-4f48-4b5c-8cb4-58525a788126,synth_9edf8c44d21b,unbanked,tabddpm_synthetic,,['en'],advance fee,2024-04-26T13:15:00+00:00,70.63,0.0,20,13,0,Monday,0,1357,4,advance fee,en,Bill pay kiosk,0
f68a7063-25a9-4027-b403-b417606ebdcb,synth_0ac66c8d64fc,unbanked,tabddpm_synthetic,,['en'],advance fee,2024-09-01T10:45:00+00:00,172.75,3.4,20,10,0,Monday,11,689,3,advance fee,en,Bill pay kiosk,0
f64564c6-ac69-4953-be7c-ac614d1b4fd7,synth_115553c63afd,unbanked,tabddpm_synthetic,,['en'],advance fee,2024-11-16T23:54:00+00:00,3000.0,1500.0,20,23,6,Sunday,0,1,100,advance fee,en,Bill pay kiosk,0
b0ff3cf5-3710-401c-969d-501dd2a8fc7e,synth_34408c51f7a9,unbanked,tabddpm_synthetic,,['es'],advance fee,2024-10-21T07:38:00+00:00,54.25,12.88,25,7,0,Monday,0,1100,7,advance fee,es,Bill pay kiosk,0
bb2db333-c1e3-4f6d-818d-ffac1e7cfbfb,synth_d185aa649331,unbanked,tabddpm_synthetic,,['en'],advance fee,2024-09-29T05:30:00+00:00,256.95,16.55,20,5,0,Monday,14,1627,8,advance fee,en,Bill pay kiosk,0
7751fe2b-393b-44b0-bc85-60bae23c320b,synth_e636e0225f7f,unbanked,tabddpm_synthetic,,['en'],advance fee,2024-06-13T23:43:00+00:00,3000.0,1500.0,20,23,6,Sunday,0,1,100,advance fee,en,Bill pay kiosk,0
8331de46-1fb4-4e71-b141-815f531d6568,synth_d83d171b1253,unbanked,tabddpm_synthetic,,['en'],advance fee,2024-09-13T00:07:00+00:00,2415.94,200.69,37,0,0,Monday,0,1,38,advance fee,en,Bill pay kiosk,1
6181545e-2a54-4608-855e-f102d28a6636,synth_cb5bb3f7e0bc,unbanked,tabddpm_synthetic,,['en'],advance fee,2024-07-11T10:28:00+00:00,143.63,17.16,39,10,2,Wednesday,73,1327,13,advance fee,en,Bill pay kiosk,0
437296c5-6234-462c-af1b-da554ca755dc,synth_e6c42d4b07fe,unbanked,tabddpm_synthetic,,['en'],advance fee,2024-08-15T00:56:00+00:00,10.0,0.0,20,0,0,Monday,90,1138,32,advance fee,en,Bill pay kiosk,0
0c99cfc8-faf6-4f44-9282-b4f9e76a02f6,synth_8ec12d0dc690,unbanked,tabddpm_synthetic,,['en'],advance fee,2024-03-21T00:44:00+00:00,3000.0,1111.34,20,0,0,Monday,71,1,100,advance fee,en,Bill pay kiosk,1
41c45671-4416-4cf5-b91e-56fa2d9e90a8,synth_697112186a99,unbanked,tabddpm_synthetic,,['en'],advance fee,2024-04-18T06:12:00+00:00,217.85,91.43,20,6,0,Monday,88,2000,3,advance fee,en,Bill pay kiosk,0
4d3447a0-821a-4e61-adc3-26b5f2419f22,synth_afd62bb0b0fc,unbanked,tabddpm_synthetic,,['en'],advance fee,2024-10-10T23:57:00+00:00,3000.0,1500.0,20,23,6,Sunday,90,1,100,advance fee,en,Bill pay kiosk,0
ededf652-1b84-4e18-a9ec-79bb5b86a6dd,synth_2577ed14ca92,unbanked,tabddpm_synthetic,,['en'],advance fee,2024-06-02T23:23:00+00:00,3000.0,1500.0,20,23,0,Monday,90,1,100,advance fee,en,Bill pay kiosk,0
05e7f150-f3d4-4439-8f04-9e7831ed4d30,synth_1e3de8e4f3eb,unbanked,tabddpm_synthetic,,['en'],fake loan,2024-06-27T10:43:00+00:00,10.0,14.07,35,10,0,Monday,23,1130,5,fake loan,en,Bill pay kiosk,0
d64ab2f2-373a-48e1-bd7d-0a40ea551c1c,synth_d16b68c3a185,unbanked,tabddpm_synthetic,,['en'],advance fee,2024-03-07T23:53:00+00:00,3000.0,1500.0,20,23,0,Monday,90,1,100,advance fee,en,Bill pay kiosk,0
825beb5b-64b2-46e3-b047-854dfa793cfd,synth_e2b1729776f5,unbanked,tabddpm_synthetic,,['en'],advance fee,2024-01-22T23:57:00+00:00,3000.0,1500.0,60,23,0,Monday,28,1,100,advance fee,en,Bill pay kiosk,0
f11a33e8-9ac0-4d5e-a48d-2ab2131924e6,synth_26ad0bc3e054,unbanked,tabddpm_synthetic,,['en'],advance fee,2024-06-25T14:55:00+00:00,386.66,26.5,20,14,2,Wednesday,7,927,9,advance fee,en,Bill pay kiosk,0
dfdfffb9-a8ec-46cc-9614-3207868c23be,synth_8a5d5d2e48e1,unbanked,tabddpm_synthetic,,['en'],advance fee,2024-02-13T23:06:00+00:00,3000.0,0.0,20,23,6,Sunday,90,1,100,advance fee,en,Bill pay kiosk,0
c0b1d0c7-a415-4e4d-bfea-35e9c8ac0885,synth_2e2c17c8d474,unbanked,tabddpm_synthetic,,['en'],advance fee,2024-12-14T23:26:00+00:00,3000.0,1500.0,20,23,6,Sunday,0,1,100,advance fee,en,Bill pay kiosk,0
097b70b5-3311-4618-ae63-fd84bd18f1e6,synth_7d2a5d72fff5,unbanked,tabddpm_synthetic,,['en'],advance fee,2024-02-15T05:10:00+00:00,614.58,35.1,60,5,0,Monday,5,71,3,advance fee,en,Bill pay kiosk,0
977b935a-a6ef-4807-87fc-6e816da787c8,synth_e70b1fef0309,unbanked,tabddpm_synthetic,,['en'],advance fee,2024-09-21T23:34:00+00:00,3000.0,1500.0,20,23,0,Monday,90,1,100,advance fee,en,Bill pay kiosk,0
5879523f-1f31-4891-a0a3-b6593f378ab9,synth_c4bb4d29326b,unbanked,tabddpm_synthetic,,['en'],advance fee,2024-12-02T02:10:00+00:00,389.7,17.75,30,2,0,Monday,67,1654,13,advance fee,en,Bill pay kiosk,0
a93589b9-db90-4cc5-9287-9e6813d3a5e4,synth_08824647b264,unbanked,tabddpm_synthetic,,['en'],advance fee,2024-05-15T23:51:00+00:00,3000.0,743.12,20,23,6,Sunday,0,1,20,advance fee,en,Bill pay kiosk,0
cd77af33-8bdc-4a03-a946-98c9fccaca4a,synth_82ddcb36db18,unbanked,tabddpm_synthetic,,['en'],advance fee,2024-05-30T00:37:00+00:00,3000.0,1500.0,20,0,6,Sunday,0,1,100,advance fee,en,Bill pay kiosk,0
76906a09-afe7-47bd-b0ef-74684ae69743,synth_f9c04ce24983,unbanked,tabddpm_synthetic,,['en'],advance fee,2024-08-30T01:01:00+00:00,327.56,20.44,20,1,3,Thursday,90,895,16,advance fee,en,Bill pay kiosk,0
01070182-de0e-4fff-b3db-94ec6fdfd143,synth_6a8ece18e0ce,unbanked,tabddpm_synthetic,,['en'],advance fee,2024-09-22T03:16:00+00:00,474.07,14.24,36,3,0,Monday,0,718,2,advance fee,en,Bill pay kiosk,0
ef49a2f6-2e1e-4f75-892b-c06c0e85169e,synth_2cf044dd8bdf,unbanked,tabddpm_synthetic,,['en'],advance fee,2024-09-04T12:59:00+00:00,10.0,0.0,20,12,0,Monday,90,775,14,advance fee,en,Bill pay kiosk,0
48bfe256-2f51-428a-9a06-03b7d2a4ddbc,synth_2457db0f2d78,unbanked,tabddpm_synthetic,,['en'],advance fee,2024-08-28T23:23:00+00:00,3000.0,1500.0,20,23,6,Sunday,0,1,100,advance fee,en,Bill pay kiosk,1
15865975-e280-4079-8197-1770f5de5911,synth_dfbfa2c44b4e,unbanked,tabddpm_synthetic,,['en'],advance fee,2024-04-06T07:38:00+00:00,550.37,66.94,20,7,0,Monday,82,2000,14,advance fee,en,Bill pay kiosk,0
2492fc6b-f624-4b96-aa78-f07e2afbb49a,synth_8bb3a94f6e40,unbanked,tabddpm_synthetic,,['en'],advance fee,2024-10-28T23:46:00+00:00,3000.0,1500.0,20,23,0,Monday,90,1,100,advance fee,en,Bill pay kiosk,0
fa1a053f-5649-4410-b7cb-8698a18e8fff,synth_a0e8c669c521,unbanked,tabddpm_synthetic,,['en'],advance fee,2024-08-23T12:19:00+00:00,568.08,42.6,60,12,0,Monday,0,1337,2,advance fee,en,Bill pay kiosk,0
a2e110e1-dd50-406c-9660-699615939bc6,synth_8356c5b24f66,unbanked,tabddpm_synthetic,,['en'],advance fee,2024-11-11T23:26:00+00:00,3000.0,1500.0,20,23,0,Monday,90,1,100,advance fee,en,Bill pay kiosk,1
de0b0d39-216d-486d-8ad8-38b746295884,synth_93f5775e5024,unbanked,tabddpm_synthetic,,['en'],advance fee,2024-12-25T10:02:00+00:00,660.64,82.21,20,10,0,Monday,41,2000,1,advance fee,en,Bill pay kiosk,0
ad711431-2404-4385-9e7a-ab8f0df8574b,synth_4f9afcf95269,unbanked,tabddpm_synthetic,,['en'],advance fee,2024-05-03T07:24:00+00:00,290.45,22.53,24,7,0,Monday,2,1234,9,advance fee,en,Bill pay kiosk,0
2c2ec1dd-4d6c-43a8-96f1-417a46105597,synth_90f8e5db450e,unbanked,tabddpm_synthetic,,['en'],advance fee,2024-08-06T04:23:00+00:00,183.49,0.0,20,4,0,Monday,90,1438,20,advance fee,en,Bill pay kiosk,0
77bb08e5-091b-4e4e-99e5-1e20cb8b2a89,synth_e8d1c1700fa3,unbanked,tabddpm_synthetic,,['en'],advance fee,2024-04-14T00:15:00+00:00,767.68,0.0,20,0,6,Sunday,90,1,69,advance fee,en,Bill pay kiosk,0
e921a104-8f9d-4b9a-ab6a-41a65c3216be,synth_c2ee1efa8487,unbanked,tabddpm_synthetic,,['en'],advance fee,2024-12-10T10:11:00+00:00,189.33,27.87,20,10,0,Monday,10,1007,1,advance fee,en,Bill pay kiosk,0
0fe9e114-f309-41b3-aa44-0eaf289415f0,synth_f987c6b1bf02,unbanked,tabddpm_synthetic,,['en'],advance fee,2024-02-17T00:30:00+00:00,82.48,18.73,45,0,0,Monday,0,1953,12,advance fee,en,Bill pay kiosk,0
937ae6b0-fd6e-4971-bee9-da6d4ad41786,synth_651c5ea043ae,unbanked,tabddpm_synthetic,,['en'],advance fee,2024-06-11T23:56:00+00:00,3000.0,1500.0,20,23,0,Monday,90,1,100,advance fee,en,Bill pay kiosk,1
9bcf3628-9900-4b1d-87b4-0e87aa73ea87,synth_3bc24dfc5bcb,unbanked,tabddpm_synthetic,,['en'],advance fee,2024-10-16T23:16:00+00:00,3000.0,1500.0,20,23,6,Sunday,0,1,100,advance fee,en,Bill pay kiosk,0
4fd48a48-438d-480c-b860-9fe50c3e8e7a,synth_bc41c9d80253,unbanked,tabddpm_synthetic,,['en'],advance fee,2024-12-28T23:40:00+00:00,3000.0,1500.0,20,23,6,Sunday,90,1,100,advance fee,en,Bill pay kiosk,0
f3134c99-5609-4a23-bf18-3fa0b3bc6136,synth_1f834f67e1d7,unbanked,tabddpm_synthetic,,['en'],advance fee,2024-05-12T00:30:00+00:00,333.28,34.05,60,0,0,Monday,3,1281,11,advance fee,en,Bill pay kiosk,0
1e53f5f0-b5e6-4d55-8276-43366de53969,synth_c03b47073026,unbanked,tabddpm_synthetic,,['en'],advance fee,2024-04-19T23:29:00+00:00,3000.0,1500.0,20,23,6,Sunday,0,1,100,advance fee,en,Bill pay kiosk,0
3590db00-f533-4727-9fba-4cf9fc10d752,synth_ab76c6490af2,unbanked,tabddpm_synthetic,,['en'],advance fee,2024-08-28T05:24:00+00:00,108.59,44.58,20,5,1,Tuesday,74,296,10,advance fee,en,Bill pay kiosk,0
cd8b4aa6-3d32-4311-b5bf-7535c918713b,synth_7a5d85513edd,unbanked,tabddpm_synthetic,,['en'],advance fee,2024-05-11T23:33:00+00:00,10.0,0.0,20,23,0,Monday,90,1,100,advance fee,en,Bill pay kiosk,0
e84e1d3b-1968-4de0-a148-b93641a63a2e,synth_c1e1cbf28a49,unbanked,tabddpm_synthetic,,['en'],advance fee,2024-10-07T00:50:00+00:00,3000.0,905.09,21,0,0,Monday,46,1,78,advance fee,en,Bill pay kiosk,0
c54fa336-020e-4ce5-b613-b1b1657f964e,synth_2dd0ae717666,unbanked,tabddpm_synthetic,,['en'],advance fee,2024-05-11T23:01:00+00:00,3000.0,1500.0,20,23,0,Monday,90,1,100,advance fee,en,Bill pay kiosk,0
d72f993e-d29f-4ccb-ba86-bade529fc471,synth_3e3786d32b7b,unbanked,tabddpm_synthetic,,['en'],advance fee,2024-01-02T11:52:00+00:00,10.0,0.0,20,11,0,Monday,90,1034,8,advance fee,en,Bill pay kiosk,0
594c2101-263d-47c7-a7ca-ff074436a576,synth_cd3464dae43a,unbanked,tabddpm_synthetic,,['en'],fake loan,2024-07-17T09:26:00+00:00,407.5,25.71,49,9,2,Wednesday,4,1473,5,fake loan,en,Cash (informal),0
19bc5326-88fa-4416-99ea-d53de1ba0c1f,synth_e795be8f79f9,unbanked,tabddpm_synthetic,,['en'],advance fee,2024-08-07T12:48:00+00:00,535.91,70.12,20,12,0,Monday,8,244,3,advance fee,en,Bill pay kiosk,0
c4cd2584-3354-4efe-a67e-52f15d7a0cb7,synth_7893338dc436,unbanked,tabddpm_synthetic,,['en'],advance fee,2024-11-17T23:27:00+00:00,3000.0,1500.0,20,23,6,Sunday,90,1,100,advance fee,en,Bill pay kiosk,0
6afdfed9-595a-40e7-9c5c-cde6ae331d93,synth_adf156290055,unbanked,tabddpm_synthetic,,['en'],advance fee,2024-07-08T23:22:00+00:00,3000.0,1500.0,20,23,0,Monday,90,1,100,advance fee,en,Bill pay kiosk,0
f291702b-cc43-414d-8b6a-96a33f3599db,synth_5ce02cb834cc,unbanked,tabddpm_synthetic,,['en'],advance fee,2024-11-20T08:29:00+00:00,296.15,21.27,44,8,0,Monday,2,1752,6,advance fee,en,Bill pay kiosk,0
35456196-4e90-49a8-a141-1e8651faf85e,synth_644b5102e47a,unbanked,tabddpm_synthetic,,['en'],advance fee,2024-03-31T23:55:00+00:00,3000.0,1500.0,20,23,6,Sunday,0,1,100,advance fee,en,Bill pay kiosk,0
5badcaa8-fb22-4c1a-886b-a58a3a4ece0d,synth_6b3bf5148cd8,unbanked,tabddpm_synthetic,,['en'],advance fee,2024-08-06T15:41:00+00:00,614.26,34.19,28,15,3,Thursday,4,338,15,advance fee,en,Bill pay kiosk,0
f2b150aa-220d-4e21-b355-e7b86e77b2fc,synth_aa570f18592c,unbanked,tabddpm_synthetic,,['en'],advance fee,2024-01-24T23:24:00+00:00,3000.0,1500.0,20,23,0,Monday,90,1,100,advance fee,en,Bill pay kiosk,1
98378e64-bb7c-4f71-b176-d061b93defa1,synth_7367a072fdd4,unbanked,tabddpm_synthetic,,['en'],advance fee,2024-11-08T23:33:00+00:00,3000.0,1500.0,20,23,0,Monday,90,1,100,advance fee,en,Bill pay kiosk,0
6470d084-b9db-47a1-92f0-8084f4da11e9,synth_5092072145be,unbanked,tabddpm_synthetic,,['en'],advance fee,2024-04-02T23:52:00+00:00,3000.0,1500.0,20,23,0,Monday,90,1,100,advance fee,en,Bill pay kiosk,1
2fe4ab00-55c8-4aaf-9b50-2c9057f8d193,synth_9b72cc210d7b,unbanked,tabddpm_synthetic,,['en'],advance fee,2024-01-20T23:41:00+00:00,3000.0,584.91,20,23,6,Sunday,0,1,11,advance fee,en,Bill pay kiosk,0
c3d90147-0d4b-499a-893a-69badb59f355,synth_b1b3007a6d28,unbanked,tabddpm_synthetic,,['en'],advance fee,2024-03-27T00:52:00+00:00,3000.0,1083.17,42,0,0,Monday,7,1,65,advance fee,en,Bill pay kiosk,0
294af6bc-2e9b-4d5b-b2aa-6f170078a8e3,synth_c16ac5cd30c6,unbanked,tabddpm_synthetic,,['en'],advance fee,2024-01-20T09:38:00+00:00,316.06,27.67,26,9,0,Monday,11,2000,9,advance fee,en,Bill pay kiosk,0
4a2155d5-0f5c-4914-a8e2-ed9ab5d11fd8,synth_acc76ac0cf16,unbanked,tabddpm_synthetic,,['en'],advance fee,2024-09-26T23:39:00+00:00,3000.0,1500.0,20,23,0,Monday,90,1,100,advance fee,en,Bill pay kiosk,0
2fad06a7-f461-46c4-8ca1-bc8d9df94873,synth_154a27439075,unbanked,tabddpm_synthetic,,['en'],advance fee,2024-06-23T23:22:00+00:00,3000.0,1500.0,20,23,0,Monday,90,1,100,advance fee,en,Bill pay kiosk,0
f9840db4-8b0e-4c9d-9819-cc04a042a7ff,synth_990cc6d63f17,unbanked,tabddpm_synthetic,,['en'],advance fee,2024-03-09T01:37:00+00:00,362.33,42.23,20,1,0,Monday,53,1493,15,advance fee,en,Bill pay kiosk,0
7f5e6fc7-27da-4281-8e28-1e85d25d022f,synth_37b98d1d96eb,unbanked,tabddpm_synthetic,,['en'],advance fee,2024-12-09T00:34:00+00:00,3000.0,334.79,20,0,0,Monday,82,1,76,advance fee,en,Bill pay kiosk,1
6c2db322-9a17-4dd3-8fb0-cd3b7430ccf9,synth_1547bf1d2afc,unbanked,tabddpm_synthetic,,['en'],advance fee,2024-06-30T02:41:00+00:00,10.0,0.0,20,2,0,Monday,90,216,15,advance fee,en,Bill pay kiosk,0
362d67a8-bd72-40ca-bfa3-8e4536129479,synth_9093c0a7289d,unbanked,tabddpm_synthetic,,['en'],advance fee,2024-12-16T08:03:00+00:00,10.0,0.0,20,8,2,Wednesday,75,338,15,advance fee,en,Bill pay kiosk,0
21750da1-6f2a-4cb0-8271-62209f62f325,synth_bf5c4e639f45,unbanked,tabddpm_synthetic,,['en'],advance fee,2024-11-03T17:22:00+00:00,678.39,70.11,20,17,3,Thursday,2,1,3,advance fee,en,Bill pay kiosk,0
ef31d56d-dd8b-4d12-a233-a8c704842d09,synth_cacee9f55d80,unbanked,tabddpm_synthetic,,['en'],advance fee,2024-09-03T00:11:00+00:00,138.49,21.77,37,0,0,Monday,0,216,7,advance fee,en,Bill pay kiosk,0
feece538-1aea-4f07-9ecc-67ba8925ff32,synth_756f1d7f0fbc,unbanked,tabddpm_synthetic,,['en'],advance fee,2024-11-28T00:04:00+00:00,481.98,35.13,35,0,0,Monday,0,333,8,advance fee,en,Bill pay kiosk,0
d440ec62-0aa4-43c8-978e-5c265da1f061,synth_d10f06c5a932,unbanked,tabddpm_synthetic,,['en'],advance fee,2024-08-06T07:12:00+00:00,3000.0,1500.0,20,7,6,Sunday,0,1,100,advance fee,en,Bill pay kiosk,0
a3dfc3b6-02af-48cb-a4cf-dfaa634fefc7,synth_94f7eb2367df,unbanked,tabddpm_synthetic,,['en'],advance fee,2024-02-19T23:10:00+00:00,3000.0,1500.0,20,23,0,Monday,90,1,100,advance fee,en,Bill pay kiosk,0
6c30ea70-edfa-4dba-b649-e1aa05cb4fdc,synth_beae729b1286,unbanked,tabddpm_synthetic,,['en'],advance fee,2024-07-25T00:06:00+00:00,160.29,26.83,20,0,0,Monday,0,2000,15,advance fee,en,Bill pay kiosk,0
eb6f505a-e94f-457b-addf-52b26e9867b8,synth_dadaf559b677,unbanked,tabddpm_synthetic,,['en'],advance fee,2024-04-17T10:53:00+00:00,1761.05,0.0,20,10,0,Monday,90,1,67,advance fee,en,Bill pay kiosk,0
6456342f-9041-47aa-ba64-3122d58a7642,synth_dd97524e3cc6,unbanked,tabddpm_synthetic,,['en'],advance fee,2024-12-19T23:39:00+00:00,3000.0,1500.0,20,23,0,Monday,90,1,100,advance fee,en,Bill pay kiosk,0
5552f599-d336-4f92-b912-7f4148536e9a,synth_a9d9f065fd5b,unbanked,tabddpm_synthetic,,['en'],advance fee,2024-04-20T23:34:00+00:00,3000.0,1500.0,20,23,0,Monday,90,1,100,advance fee,en,Bill pay kiosk,0
1a3213be-4330-4345-8088-c2d5c16449c1,synth_20629b269756,unbanked,tabddpm_synthetic,,['en'],advance fee,2024-02-18T23:12:00+00:00,2049.96,0.0,20,23,6,Sunday,90,1,100,advance fee,en,Bill pay kiosk,0
9572ded4-6460-4f40-a064-7bedeb9d424e,synth_ed1d8963088e,unbanked,tabddpm_synthetic,,['en'],advance fee,2024-01-30T00:01:00+00:00,3000.0,1500.0,40,0,0,Monday,32,1,100,advance fee,en,Bill pay kiosk,1
e517f65a-1e78-4d46-9681-aa653c119d71,synth_afcf2492087e,unbanked,tabddpm_synthetic,,['en'],advance fee,2024-10-10T10:13:00+00:00,108.05,64.47,20,10,0,Monday,46,2000,4,advance fee,en,Bill pay kiosk,0
4507b65c-095a-4f5c-ab73-6fb9ed949afd,synth_4dacac800442,unbanked,tabddpm_synthetic,,['en'],advance fee,2024-04-10T00:22:00+00:00,182.83,21.2,20,0,0,Monday,0,1609,9,advance fee,en,Bill pay kiosk,0
919cfd72-330d-478b-99d1-c5e9acb3dc13,synth_6ad5c7dba4e1,unbanked,tabddpm_synthetic,,['en'],advance fee,2024-02-03T14:27:00+00:00,559.43,59.16,30,14,0,Monday,7,2000,6,advance fee,en,Bill pay kiosk,0
4c29ac4b-feb0-4c1a-8361-639408739d26,synth_3c62b8c1faaa,unbanked,tabddpm_synthetic,,['en'],advance fee,2024-12-02T12:26:00+00:00,3000.0,402.4,20,12,4,Friday,10,1,24,advance fee,en,Bill pay kiosk,0
2fb44ae9-3f0c-4be4-bf75-68854388da8c,synth_bbc326653d3e,unbanked,tabddpm_synthetic,,['en'],advance fee,2024-09-29T23:40:00+00:00,3000.0,1500.0,20,23,0,Monday,10,1,100,advance fee,en,Bill pay kiosk,0
a6ad87f4-4159-41cc-934f-6af4c856b7b0,synth_207f9d574526,unbanked,tabddpm_synthetic,,['en'],advance fee,2024-05-18T00:05:00+00:00,3000.0,1500.0,60,0,6,Sunday,0,1,100,advance fee,en,Bill pay kiosk,0
a1844dbf-1ad2-474b-ba7e-67d90691f2b5,synth_476c21d61a71,unbanked,tabddpm_synthetic,,['en'],advance fee,2024-06-29T09:55:00+00:00,885.69,23.16,20,9,1,Tuesday,90,1212,4,advance fee,en,Bill pay kiosk,0
a17df414-44b1-4dfd-a186-febfc64380bc,synth_9f494d17d553,unbanked,tabddpm_synthetic,,['en'],advance fee,2024-01-17T23:03:00+00:00,10.0,0.0,20,23,0,Monday,90,1,100,advance fee,en,Bill pay kiosk,0
272f943d-7a2e-42e6-993c-4de657895c9b,synth_55e8121b7e1a,unbanked,tabddpm_synthetic,,['en'],advance fee,2024-10-27T23:07:00+00:00,3000.0,1500.0,60,23,6,Sunday,0,1,100,advance fee,en,Bill pay kiosk,0
c436d424-2206-46cc-bd83-20e77b3bad60,synth_f40df1881c85,unbanked,tabddpm_synthetic,,['en'],advance fee,2024-11-07T10:12:00+00:00,278.42,46.18,20,10,0,Monday,33,1557,7,advance fee,en,Bill pay kiosk,0
f50ab066-67b0-4fe1-9fd9-fa46c4b53057,synth_9dfbfd0a8c57,unbanked,tabddpm_synthetic,,['en'],advance fee,2024-04-02T00:25:00+00:00,3000.0,1500.0,20,0,6,Sunday,0,1,100,advance fee,en,Bill pay kiosk,0
2fa62e59-d823-4f70-ad43-739fd7dd2d49,synth_9a84b4cf3f84,unbanked,tabddpm_synthetic,,['en'],advance fee,2024-06-26T23:08:00+00:00,10.0,0.0,20,23,0,Monday,90,1,100,advance fee,en,Bill pay kiosk,0
f934b417-2766-4a1c-938a-13a80c19b381,synth_d53317d0c674,unbanked,tabddpm_synthetic,,['en'],fake loan,2024-01-05T12:02:00+00:00,148.84,26.29,20,12,0,Monday,9,983,8,fake loan,en,Bill pay kiosk,0
954c312f-cae2-40d5-98dc-939f8de15525,synth_ace3a7d5d294,unbanked,tabddpm_synthetic,,['en'],advance fee,2024-07-16T23:07:00+00:00,3000.0,1500.0,20,23,6,Sunday,0,1,100,advance fee,en,Bill pay kiosk,0
b31c1f66-0773-4c09-9ec5-d7c0b4ca1473,synth_84751ff131eb,unbanked,tabddpm_synthetic,,['en'],advance fee,2024-04-27T20:11:00+00:00,380.59,0.0,20,20,0,Monday,90,1,100,advance fee,en,Bill pay kiosk,0
6b1bbb60-58f3-406a-8c18-8baa43dc5b5b,synth_74cdc61e5741,unbanked,tabddpm_synthetic,,['en'],advance fee,2024-06-14T13:22:00+00:00,372.26,47.73,20,13,0,Monday,28,2000,5,advance fee,en,Bill pay kiosk,0
92159284-427c-49f7-bd3e-a8a464f367c6,synth_d24c81e3f2ca,unbanked,tabddpm_synthetic,,['en'],advance fee,2024-12-01T11:39:00+00:00,287.55,18.12,28,11,5,Saturday,16,37,3,advance fee,en,Bill pay kiosk,0
56c57b90-dd46-4026-9684-84da34daebec,synth_c926e769186b,unbanked,tabddpm_synthetic,,['en'],advance fee,2024-03-11T23:15:00+00:00,3000.0,1500.0,20,23,0,Monday,90,1,100,advance fee,en,Bill pay kiosk,0
d5da3af2-20be-4245-b7bf-3bccc5b1dedb,synth_15d8f8225bfc,unbanked,tabddpm_synthetic,,['en'],advance fee,2024-09-04T00:12:00+00:00,226.01,29.57,20,0,0,Monday,0,2000,12,advance fee,en,Bill pay kiosk,0
9a0006f8-f17c-460b-b29f-49b6468f6a70,synth_f607c681cf8e,unbanked,tabddpm_synthetic,,['en'],advance fee,2024-04-15T00:39:00+00:00,3000.0,1500.0,20,0,6,Sunday,0,1,100,advance fee,en,Bill pay kiosk,0
70107dba-d70f-4c2b-8eee-f958da2dc146,synth_331ee0aa2815,unbanked,tabddpm_synthetic,,['en'],advance fee,2024-06-21T00:41:00+00:00,3000.0,1500.0,60,0,0,Monday,69,1,100,advance fee,en,Bill pay kiosk,1
c4e74058-324b-4e99-b77c-50a69232ceb6,synth_d863b0999c5f,unbanked,tabddpm_synthetic,,['en'],advance fee,2024-10-27T11:25:00+00:00,278.19,64.42,20,11,0,Monday,52,1790,5,advance fee,en,Bill pay kiosk,0
591b15c9-763a-41c2-94a2-480ba52b0ba0,synth_bc2ae5d0bcfa,unbanked,tabddpm_synthetic,,['en'],advance fee,2024-10-21T14:37:00+00:00,178.33,22.47,25,14,0,Monday,0,1618,13,advance fee,en,Cash (informal),0
935d2f08-33fe-4533-bdd4-eeeb7ca2861b,synth_e78138b493b6,unbanked,tabddpm_synthetic,,['en'],advance fee,2024-08-11T23:08:00+00:00,3000.0,1500.0,20,23,6,Sunday,0,1,100,advance fee,en,Bill pay kiosk,1
65d100f8-4f73-40a5-a3c4-1ebcab4f1a0b,synth_15e2a5c2d5ef,unbanked,tabddpm_synthetic,,['en'],advance fee,2024-01-14T00:53:00+00:00,3000.0,1500.0,20,0,6,Sunday,55,1,100,advance fee,en,Bill pay kiosk,1
833029a3-3fb9-4993-a023-1378030ae8b1,synth_59a40c3e3ab0,unbanked,tabddpm_synthetic,,['en'],fake loan,2024-05-21T09:11:00+00:00,594.76,39.62,20,9,0,Monday,3,539,9,fake loan,en,Bill pay kiosk,0
d828271b-c9b6-439e-8fcc-19db671677f9,synth_d39f767d8803,unbanked,tabddpm_synthetic,,['en'],advance fee,2024-05-12T09:07:00+00:00,361.92,85.8,20,9,0,Monday,47,2000,8,advance fee,en,Bill pay kiosk,0
0a37337a-5473-4a68-b818-4ebace98dff4,synth_20128765fc8a,unbanked,tabddpm_synthetic,,['en'],advance fee,2024-08-25T01:15:00+00:00,2940.31,328.76,60,1,0,Monday,0,1815,6,advance fee,en,Bill pay kiosk,0
4be9b9dd-b9bd-4d5d-b0cc-28adcaab5fc2,synth_06ea7f00091c,unbanked,tabddpm_synthetic,,['en'],advance fee,2024-08-05T05:33:00+00:00,438.87,77.38,20,5,0,Monday,90,2000,5,advance fee,en,Bill pay kiosk,0
e8adcfcd-2849-458c-8e0d-f0e179c1ac16,synth_8c502d1867f6,unbanked,tabddpm_synthetic,,['en'],advance fee,2024-10-29T11:22:00+00:00,10.0,9.84,39,11,0,Monday,12,650,8,advance fee,en,Bill pay kiosk,0
7ae1ac67-1a88-4120-89ec-b6c681a216c7,synth_3a459d97f1dc,unbanked,tabddpm_synthetic,,['en'],advance fee,2024-10-17T14:34:00+00:00,260.69,0.38,23,14,0,Monday,19,150,9,advance fee,en,Bill pay kiosk,0
ac46ad7f-9ba3-4af0-a883-498f1da1b7be,synth_08e085a8906d,unbanked,tabddpm_synthetic,,['en'],advance fee,2024-05-26T00:56:00+00:00,10.0,2.11,20,0,1,Tuesday,87,995,8,advance fee,en,Bill pay kiosk,0
980cda5d-136a-4f13-af38-6c121c3b327b,synth_f59502657ba7,unbanked,tabddpm_synthetic,,['en'],advance fee,2024-09-14T06:57:00+00:00,10.0,0.0,20,6,0,Monday,90,1,22,advance fee,en,Bill pay kiosk,0
6e1b5f9e-e76d-4eeb-ba0c-50bc798354d1,synth_954c0ff43f30,unbanked,tabddpm_synthetic,,['en'],advance fee,2024-06-15T13:04:00+00:00,172.64,18.36,50,13,0,Monday,6,858,10,advance fee,en,Bill pay kiosk,0
25017b49-6378-4423-8538-26205f32a9a7,synth_fa19b6339b3a,unbanked,tabddpm_synthetic,,['en'],advance fee,2024-01-17T01:46:00+00:00,182.78,72.51,20,1,0,Monday,66,2000,2,advance fee,en,Bill pay kiosk,0
2572934d-c30c-46a9-a285-0f382f633372,synth_74517a1498c3,unbanked,tabddpm_synthetic,,['en'],advance fee,2024-01-05T02:27:00+00:00,87.79,0.0,37,2,2,Wednesday,1,1,11,advance fee,en,Bill pay kiosk,0
eef33808-1f1d-42e0-9993-58042fe8649c,synth_e002945348d2,unbanked,tabddpm_synthetic,,['en'],advance fee,2024-08-30T13:39:00+00:00,3000.0,676.7,60,13,0,Monday,4,1072,20,advance fee,en,Bill pay kiosk,0
fe1a4301-523b-494c-82d2-ebf65d2ab693,synth_4580a39cb737,unbanked,tabddpm_synthetic,,['en'],advance fee,2024-03-19T07:36:00+00:00,10.0,2.48,36,7,0,Monday,3,78,7,advance fee,en,Bill pay kiosk,0
35ac75c1-c61f-4c49-8d1f-cdfc6acf9a7e,synth_05aeeac869a5,unbanked,tabddpm_synthetic,,['en'],advance fee,2024-02-02T09:16:00+00:00,369.57,39.78,21,9,5,Saturday,12,1081,8,advance fee,en,Bill pay kiosk,0
0a4a392f-b59e-4cce-af6b-f540a1b8fbda,synth_b2a409833d0d,unbanked,tabddpm_synthetic,,['en'],advance fee,2024-07-11T06:56:00+00:00,287.4,45.07,32,6,1,Tuesday,11,2000,11,advance fee,en,Bill pay kiosk,0
fadb2d33-5b02-4324-be58-164d0dcda47e,synth_3016d65e1177,unbanked,tabddpm_synthetic,,['en'],advance fee,2024-03-25T18:31:00+00:00,3000.0,276.0,23,18,6,Sunday,0,699,2,advance fee,en,Bill pay kiosk,0
52793186-b7a2-49aa-8f1f-a30655d9e290,synth_e71d3a39d510,unbanked,tabddpm_synthetic,,['en'],advance fee,2024-06-29T23:56:00+00:00,3000.0,1500.0,20,23,0,Monday,90,1,100,advance fee,en,Bill pay kiosk,0
a539581f-217f-40a6-8655-1612511b92e2,synth_e6d675187ae3,unbanked,tabddpm_synthetic,,['en'],advance fee,2024-08-04T19:43:00+00:00,404.14,22.2,58,19,0,Monday,1,1562,13,advance fee,en,Bill pay kiosk,0
095b1bec-e5d3-4aa6-a11a-04bed11ed5cd,synth_db0e2826a26f,unbanked,tabddpm_synthetic,,['en'],advance fee,2024-12-05T00:00:00+00:00,254.8,0.0,20,0,0,Monday,90,646,17,advance fee,en,Bill pay kiosk,0
9c03475d-e8d1-4ab4-b0a8-c2ec41803430,synth_45f84738ea19,unbanked,tabddpm_synthetic,,['en'],fake loan,2024-02-12T00:07:00+00:00,3000.0,355.49,42,0,5,Saturday,1,1,19,fake loan,en,Bill pay kiosk,0
388c2039-bd3c-46b7-a048-691bec7357ff,synth_9c01b6244238,unbanked,tabddpm_synthetic,,['en'],advance fee,2024-08-21T09:39:00+00:00,10.0,0.0,20,9,0,Monday,90,945,10,advance fee,en,Bill pay kiosk,0
c6f1978f-d4c3-4227-b843-2c922f60ce21,synth_9fdd4fa719ab,unbanked,tabddpm_synthetic,,['en'],advance fee,2024-12-11T23:13:00+00:00,3000.0,1500.0,20,23,0,Monday,90,1,100,advance fee,en,Bill pay kiosk,0
43b86dc9-0d0a-46c5-bc5b-328147d28d7a,synth_1dcb291f63a7,unbanked,tabddpm_synthetic,,['en'],fake loan,2024-02-02T19:37:00+00:00,88.02,51.17,20,19,1,Tuesday,25,921,11,fake loan,en,Bill pay kiosk,0
25e6600a-5661-4b4d-88df-e6443a0bc212,synth_e14343afa3eb,unbanked,tabddpm_synthetic,,['en'],advance fee,2024-06-16T11:40:00+00:00,820.85,48.99,20,11,5,Saturday,1,1467,10,advance fee,en,Bill pay kiosk,0
c2e4ebd4-d682-4348-a969-9da2ac256b59,synth_d020f16e5db0,unbanked,tabddpm_synthetic,,['en'],advance fee,2024-03-20T00:52:00+00:00,3000.0,1500.0,20,0,0,Monday,46,1,100,advance fee,en,Bill pay kiosk,0
5473c56a-fe6e-4398-9b41-887e1313940a,synth_41660f9187e3,unbanked,tabddpm_synthetic,,['en'],advance fee,2024-05-21T23:20:00+00:00,3000.0,1242.14,60,23,6,Sunday,0,1,49,advance fee,en,Bill pay kiosk,0
acd25431-4208-44af-9237-3f46c1533748,synth_df6feb027059,unbanked,tabddpm_synthetic,,['en'],advance fee,2024-03-12T23:16:00+00:00,3000.0,1500.0,20,23,6,Sunday,0,1,100,advance fee,en,Bill pay kiosk,0
fae8ebd2-66aa-40f6-9be5-760c90940934,synth_7f7870189c99,unbanked,tabddpm_synthetic,,['en'],advance fee,2024-03-02T08:59:00+00:00,366.17,20.51,20,8,0,Monday,11,1705,6,advance fee,en,Bill pay kiosk,0
a415921e-c29d-458a-82b6-2d53b962cfa7,synth_3adbad54c404,unbanked,tabddpm_synthetic,,['en'],advance fee,2024-05-27T05:09:00+00:00,924.53,51.49,20,5,0,Monday,0,1846,5,advance fee,en,Bill pay kiosk,0
a3971eab-1f6a-4e84-baee-2c6194cd1b7f,synth_eb73798428ec,unbanked,tabddpm_synthetic,,['en'],advance fee,2024-01-29T14:38:00+00:00,577.28,28.0,20,14,0,Monday,10,1,3,advance fee,en,Bill pay kiosk,0
70163d45-df81-4d39-8d0c-06e439b8a85b,synth_68a5a4f81a1d,unbanked,tabddpm_synthetic,,['en'],advance fee,2024-05-05T10:50:00+00:00,96.81,38.03,20,10,6,Sunday,3,2000,2,advance fee,en,Bill pay kiosk,0
914f1998-d9a3-45da-9d64-47a1f08583a9,synth_509f354c45f6,unbanked,tabddpm_synthetic,,['en'],advance fee,2024-07-27T23:24:00+00:00,3000.0,1500.0,20,23,0,Monday,90,1,100,advance fee,en,Bill pay kiosk,0
95bdc9f3-a60c-4944-b963-10fe5ce36ea2,synth_c7a911b16737,unbanked,tabddpm_synthetic,,['en'],advance fee,2024-01-03T00:08:00+00:00,3000.0,1500.0,60,0,0,Monday,0,1,100,advance fee,en,Bill pay kiosk,0
cb5c7b31-ae64-4474-843b-f35fbe9690aa,synth_89d7faf113f1,unbanked,tabddpm_synthetic,,['en'],advance fee,2024-12-17T23:30:00+00:00,3000.0,1500.0,20,23,6,Sunday,90,1,100,advance fee,en,Bill pay kiosk,1
f97bcbf2-9a67-46ca-93b3-9fcc244e3cee,synth_2bfb252b0f4a,unbanked,tabddpm_synthetic,,['en'],advance fee,2024-04-29T04:28:00+00:00,337.48,85.48,20,4,0,Monday,90,2000,9,advance fee,en,Bill pay kiosk,0
68c614e7-9209-44b0-b674-89c60cf41d51,synth_8080a54b0103,unbanked,tabddpm_synthetic,,['en'],advance fee,2024-10-23T20:44:00+00:00,169.04,0.0,20,20,3,Thursday,19,514,12,advance fee,en,Bill pay kiosk,0
15fce48c-d387-4875-9aa3-13e24ffb2f92,synth_0c7ece2865df,unbanked,tabddpm_synthetic,,['en'],advance fee,2024-05-21T23:50:00+00:00,3000.0,1500.0,60,23,0,Monday,84,1,100,advance fee,en,Bill pay kiosk,0
8c8adfed-df3f-4f92-88ed-8099e0aed4c7,synth_02c126ba335b,unbanked,tabddpm_synthetic,,['en'],advance fee,2024-11-20T04:38:00+00:00,265.73,40.54,39,4,0,Monday,3,1373,6,advance fee,en,Bill pay kiosk,0
54b9536a-6436-401a-a814-b28e65f81b65,synth_dc8d6200ea4b,unbanked,tabddpm_synthetic,,['en'],advance fee,2024-11-27T23:46:00+00:00,3000.0,0.0,20,23,6,Sunday,90,1,100,advance fee,en,Bill pay kiosk,0
e200d89f-e629-40ef-9ba0-51ca125eac92,synth_8e9a30c0216e,unbanked,tabddpm_synthetic,,['en'],advance fee,2024-12-06T00:52:00+00:00,414.64,30.43,20,0,0,Monday,0,2000,10,advance fee,en,Bill pay kiosk,0
0219e918-e944-4ae1-a912-631a57ccb62e,synth_232bf5e018a5,unbanked,tabddpm_synthetic,,['en'],advance fee,2024-05-04T23:48:00+00:00,3000.0,1500.0,20,23,6,Sunday,0,1,100,advance fee,en,Bill pay kiosk,0
3fe87737-ce6a-41a6-a425-9839d272744b,synth_6ed5d328f704,unbanked,tabddpm_synthetic,,['en'],advance fee,2024-06-21T23:50:00+00:00,3000.0,1500.0,20,23,0,Monday,90,1,100,advance fee,en,Bill pay kiosk,0
67347907-c660-4112-8a9f-4a1116dba85b,synth_d2de45071eaf,unbanked,tabddpm_synthetic,,['en'],advance fee,2024-02-29T23:16:00+00:00,3000.0,1500.0,60,23,0,Monday,90,1,100,advance fee,en,Bill pay kiosk,1
649fef34-378b-4bc9-bb16-94ba6af88c45,synth_6a7898711aa0,unbanked,tabddpm_synthetic,,['en'],advance fee,2024-01-04T19:55:00+00:00,10.0,0.0,20,19,0,Monday,90,1,100,advance fee,en,Bill pay kiosk,0
d40b107e-fa4f-4433-8e29-99b2ddf6bd24,synth_6d1a91225789,unbanked,tabddpm_synthetic,,['en'],advance fee,2024-06-07T23:45:00+00:00,3000.0,1500.0,20,23,0,Monday,90,1,100,advance fee,en,Bill pay kiosk,0
9c3e4099-151e-47f4-a4c7-09c6f9de8393,synth_4e5beecf9031,unbanked,tabddpm_synthetic,,['en'],advance fee,2024-09-09T23:42:00+00:00,1821.48,127.49,42,23,0,Monday,11,1,56,advance fee,en,Bill pay kiosk,1
6383d3ed-e4c2-4aff-9dbc-af67104d8b0e,synth_5ebc5378985e,unbanked,tabddpm_synthetic,,['en'],advance fee,2024-05-10T00:52:00+00:00,999.31,102.75,20,0,0,Monday,0,2000,9,advance fee,en,Bill pay kiosk,0
23a96b28-d469-4de2-9814-31900bc24a03,synth_b10edee374b9,unbanked,tabddpm_synthetic,,['en'],advance fee,2024-08-21T23:56:00+00:00,3000.0,1500.0,20,23,0,Monday,90,1,100,advance fee,en,Bill pay kiosk,1
80c996bf-1720-4c72-8199-9c76526a4bd5,synth_3a58e1edf196,unbanked,tabddpm_synthetic,,['en'],advance fee,2024-08-28T23:30:00+00:00,3000.0,1500.0,20,23,0,Monday,90,1,100,advance fee,en,Bill pay kiosk,1
f207e6e2-20a0-41fd-9c5e-d34b87a8be1c,synth_cc41ca01f467,unbanked,tabddpm_synthetic,,['en'],advance fee,2024-05-09T00:57:00+00:00,3000.0,1500.0,49,0,6,Sunday,0,1,100,advance fee,en,Bill pay kiosk,0
223faa52-5772-445d-a4fb-77454d85caeb,synth_973f0bcac476,unbanked,tabddpm_synthetic,,['en'],advance fee,2024-11-09T22:52:00+00:00,3000.0,1500.0,20,22,6,Sunday,0,1,100,advance fee,en,Bill pay kiosk,0
ae512b07-96bf-4824-a632-5395840aafba,synth_4f9e71f532db,unbanked,tabddpm_synthetic,,['en'],advance fee,2024-12-26T12:42:00+00:00,320.69,0.0,20,12,6,Sunday,90,161,16,advance fee,en,Bill pay kiosk,0
eabd1d55-3880-460a-8da0-2581bc0dce98,synth_536c2551a48d,unbanked,tabddpm_synthetic,,['en'],advance fee,2024-04-15T23:01:00+00:00,3000.0,1500.0,60,23,0,Monday,90,1,100,advance fee,en,Bill pay kiosk,0
ac8d4af2-631b-42b2-9d26-5fedcdc655be,synth_41ae1d03d5d1,unbanked,tabddpm_synthetic,,['en'],advance fee,2024-01-31T23:50:00+00:00,3000.0,1500.0,20,23,6,Sunday,90,1,100,advance fee,en,Bill pay kiosk,0
b1342c00-6bfc-4ceb-aefe-04490bdc6099,synth_89f9b65c9d71,unbanked,tabddpm_synthetic,,['en'],advance fee,2024-01-01T00:29:00+00:00,150.46,40.08,34,0,0,Monday,0,1584,6,advance fee,en,Bill pay kiosk,0
dc959bb3-0e1c-46a9-a05a-ba0dafca2891,synth_a8ab8555e30b,unbanked,tabddpm_synthetic,,['en'],advance fee,2024-03-09T00:29:00+00:00,3000.0,1500.0,60,0,0,Monday,0,1,100,advance fee,en,Bill pay kiosk,0
de7942f7-3886-417c-a3ac-12490d373f99,synth_e0fdaededc35,unbanked,tabddpm_synthetic,,['en'],advance fee,2024-02-02T02:46:00+00:00,781.59,55.48,38,2,0,Monday,54,453,6,advance fee,en,Bill pay kiosk,0
bfab4dee-e9eb-43e6-b38c-1c1876c5638d,synth_a7249e4d11bc,unbanked,tabddpm_synthetic,,['en'],advance fee,2024-07-27T00:53:00+00:00,177.49,14.81,25,0,0,Monday,0,803,9,advance fee,en,Bill pay kiosk,0
90c35c89-09e5-4581-88c1-e37127488354,synth_d8f96ad6d898,unbanked,tabddpm_synthetic,,['en'],advance fee,2024-07-29T00:44:00+00:00,3000.0,1500.0,60,0,0,Monday,90,1,100,advance fee,en,Bill pay kiosk,1
96f08e00-7e63-47c4-a321-a305b8e9fc15,synth_e823f5f2ce0d,unbanked,tabddpm_synthetic,,['en'],advance fee,2024-08-25T23:11:00+00:00,3000.0,1500.0,20,23,0,Monday,90,1,100,advance fee,en,Bill pay kiosk,0
b7854587-d77b-496e-b242-edb84f315407,synth_6ac9bc0ed103,unbanked,tabddpm_synthetic,,['en'],advance fee,2024-10-28T00:30:00+00:00,12.96,5.13,20,0,0,Monday,61,1674,15,advance fee,en,Bill pay kiosk,0
48df45c7-e529-4a2d-8f83-29265218d6fd,synth_82f5872657e9,unbanked,tabddpm_synthetic,,['en'],advance fee,2024-10-12T00:42:00+00:00,3000.0,1500.0,20,0,0,Monday,7,1,100,advance fee,en,Bill pay kiosk,0
40434fbb-8854-4a38-8ac5-15fccf6a9bce,synth_ae1991e5b6d5,unbanked,tabddpm_synthetic,,['en'],advance fee,2024-03-04T23:48:00+00:00,3000.0,1500.0,20,23,0,Monday,90,1,100,advance fee,en,Bill pay kiosk,0
bea07cd7-5172-4d18-b7a4-7cd5456ef95a,synth_c9eacf0cec2e,unbanked,tabddpm_synthetic,,['en'],fake loan,2024-05-19T00:03:00+00:00,702.63,55.05,20,0,0,Monday,66,680,12,fake loan,en,Bill pay kiosk,0
94456c93-f203-4ead-b3a8-3a2b123c941d,synth_086a0080284c,unbanked,tabddpm_synthetic,,['en'],advance fee,2024-07-14T08:21:00+00:00,145.19,14.89,20,8,1,Tuesday,10,1401,9,advance fee,en,Bill pay kiosk,0
e1f549c3-5db6-4ec8-839b-1ec1af86eae9,synth_91dbc8ffdcfc,unbanked,tabddpm_synthetic,,['en'],advance fee,2024-12-08T01:46:00+00:00,324.33,36.44,20,1,0,Monday,0,2000,6,advance fee,en,Bill pay kiosk,0
0f116dc5-3175-47e7-83bf-71a170b1e5be,synth_d6dad567ae72,unbanked,tabddpm_synthetic,,['en'],advance fee,2024-07-28T00:13:00+00:00,3000.0,1500.0,20,0,6,Sunday,0,1,100,advance fee,en,Bill pay kiosk,0
c364108a-61be-458d-bdab-3766614a2b53,synth_263c081bf74d,unbanked,tabddpm_synthetic,,['en'],advance fee,2024-05-29T23:16:00+00:00,3000.0,1500.0,20,23,0,Monday,57,1,100,advance fee,en,Bill pay kiosk,0
9c481c28-60eb-49f3-8794-d756b67f956d,synth_afe9ebb0e6a7,unbanked,tabddpm_synthetic,,['es'],advance fee,2024-11-07T08:59:00+00:00,304.97,23.32,21,8,0,Monday,0,1564,8,advance fee,es,Bill pay kiosk,0
36b9bf4a-afe0-48be-91fb-256eebc30455,synth_1b21ab41e4f1,unbanked,tabddpm_synthetic,,['en'],advance fee,2024-07-12T18:48:00+00:00,734.81,75.05,20,18,4,Friday,22,972,2,advance fee,en,Bill pay kiosk,0
9d15ab98-3a9a-42d4-9fb3-dd2f259ea727,synth_21c16873ea09,unbanked,tabddpm_synthetic,,['en'],advance fee,2024-04-18T00:09:00+00:00,3000.0,1432.94,20,0,6,Sunday,0,1,95,advance fee,en,Bill pay kiosk,0
efe1651d-beb3-4c7e-8f3e-880851a63a0e,synth_f29ca8396b6e,unbanked,tabddpm_synthetic,,['en'],advance fee,2024-12-24T02:33:00+00:00,298.16,9.16,45,2,0,Monday,6,1,14,advance fee,en,Bill pay kiosk,0
bc5f959a-2fd1-4f37-91aa-9bac8c830352,synth_841ff12f233d,unbanked,tabddpm_synthetic,,['en'],advance fee,2024-05-12T12:26:00+00:00,643.45,52.15,20,12,0,Monday,7,1588,11,advance fee,en,Bill pay kiosk,0
bdd1fee0-37db-4278-874b-d72223d2ef3f,synth_f73c68fddeb2,unbanked,tabddpm_synthetic,,['en'],advance fee,2024-07-06T09:41:00+00:00,580.77,59.91,20,9,0,Monday,22,1640,4,advance fee,en,Bill pay kiosk,0
27f73c89-01fa-4172-be46-020d662a5045,synth_29a1f795d0d8,unbanked,tabddpm_synthetic,,['en'],advance fee,2024-08-11T00:39:00+00:00,3000.0,622.91,21,0,0,Monday,0,1,65,advance fee,en,Bill pay kiosk,0
c6c4080a-55bd-4f51-83d6-bf855aa1e64c,synth_e2a70dda0eb1,unbanked,tabddpm_synthetic,,['en'],advance fee,2024-12-27T23:09:00+00:00,3000.0,0.0,20,23,6,Sunday,90,1,100,advance fee,en,Bill pay kiosk,0
3034d3bc-a0a8-4ca2-8844-8646568f6372,synth_5223c7597316,unbanked,tabddpm_synthetic,,['en'],fake loan,2024-11-04T14:14:00+00:00,416.18,25.45,45,14,0,Monday,3,2000,4,fake loan,en,Bill pay kiosk,0
627f9e6c-4880-4363-9d74-9b363327633c,synth_a050fdabec0d,unbanked,tabddpm_synthetic,,['en'],advance fee,2024-10-29T09:15:00+00:00,22.1,9.61,30,9,0,Monday,63,890,5,advance fee,en,Bill pay kiosk,0
751f5c1e-e4a7-42ef-a8cb-b2fa5044476c,synth_3fda3bab4bd2,unbanked,tabddpm_synthetic,,['en'],advance fee,2024-10-01T00:32:00+00:00,10.0,0.0,20,0,0,Monday,90,636,16,advance fee,en,Bill pay kiosk,0
5365d95c-bd2e-41c8-834a-7db326074f17,synth_f69b3c8b11b4,unbanked,tabddpm_synthetic,,['en'],advance fee,2024-01-25T00:12:00+00:00,1013.53,130.61,60,0,0,Monday,0,1082,11,advance fee,en,Bill pay kiosk,0
c64f8dc0-a301-47b5-a5e9-b5345be1bfdc,synth_01021cfc3bd2,unbanked,tabddpm_synthetic,,['en'],advance fee,2024-06-14T09:50:00+00:00,274.91,58.46,20,9,0,Monday,55,2000,11,advance fee,en,Bill pay kiosk,0
6b79ba6a-bc7a-42dd-a0e8-831ee2f05b5e,synth_dbcdf4ee7294,unbanked,tabddpm_synthetic,,['en'],advance fee,2024-08-21T00:54:00+00:00,275.07,44.62,20,0,0,Monday,0,2000,11,advance fee,en,Bill pay kiosk,0
41053c1f-2cd3-440a-9832-3740524c27ad,synth_d303ebae5b77,unbanked,tabddpm_synthetic,,['en'],advance fee,2024-01-14T23:18:00+00:00,3000.0,1500.0,20,23,0,Monday,90,1,100,advance fee,en,Bill pay kiosk,1
de0163bf-9018-4706-9cb7-7f3b7c537586,synth_cc9b99a32890,unbanked,tabddpm_synthetic,,['en'],advance fee,2024-09-30T10:28:00+00:00,10.0,38.69,20,10,1,Tuesday,80,1135,14,advance fee,en,Bill pay kiosk,0
403c0f30-eb6b-4686-bcdc-ba1606cb3770,synth_952c8359f71c,unbanked,tabddpm_synthetic,,['en'],advance fee,2024-06-10T00:03:00+00:00,3000.0,1500.0,60,0,0,Monday,48,1,100,advance fee,en,Bill pay kiosk,1
17451dff-cfc8-4dda-b176-4afb3707c161,synth_27bfb5b20e41,unbanked,tabddpm_synthetic,,['en'],advance fee,2024-10-29T10:07:00+00:00,320.25,22.89,20,10,0,Monday,5,2000,8,advance fee,en,Bill pay kiosk,0
bc437a20-6193-4935-9e77-c4ab69a2af9a,synth_17d895cf24d0,unbanked,tabddpm_synthetic,,['en'],advance fee,2024-04-21T23:56:00+00:00,3000.0,1500.0,20,23,6,Sunday,0,1,100,advance fee,en,Bill pay kiosk,0
4dbd8a07-da98-4002-ad44-9aab52960841,synth_2263f84c0075,unbanked,tabddpm_synthetic,,['en'],advance fee,2024-01-11T01:24:00+00:00,10.0,0.0,20,1,0,Monday,90,353,22,advance fee,en,Bill pay kiosk,0
c6d6398f-856a-4c3a-a0b9-f821d5e9e70b,synth_bc5bf3b29914,unbanked,tabddpm_synthetic,,['en'],advance fee,2024-05-30T23:00:00+00:00,3000.0,1500.0,20,23,6,Sunday,0,1,100,advance fee,en,Bill pay kiosk,0
e34b3629-a2d9-43fa-a0f0-329fc8ecbc1f,synth_0ca67176c06d,unbanked,tabddpm_synthetic,,['en'],advance fee,2024-05-21T21:21:00+00:00,66.41,7.95,32,21,1,Tuesday,7,286,18,advance fee,en,Bill pay kiosk,0
88f88c9c-d246-47f8-b284-ff41908449e1,synth_55c06623ec44,unbanked,tabddpm_synthetic,,['en'],advance fee,2024-07-09T00:21:00+00:00,2521.75,128.03,29,0,0,Monday,16,1,22,advance fee,en,Bill pay kiosk,0
7624d559-e571-4ce3-97d5-72191f6a40c2,synth_a1529c1634d4,unbanked,tabddpm_synthetic,,['en'],advance fee,2024-12-21T23:32:00+00:00,3000.0,1500.0,20,23,0,Monday,90,1,100,advance fee,en,Bill pay kiosk,0
193c3f02-4e21-4161-9b93-3c02beeba1d3,synth_d0d112f9f701,unbanked,tabddpm_synthetic,,['en'],advance fee,2024-05-09T00:23:00+00:00,3000.0,1500.0,20,0,6,Sunday,0,1,100,advance fee,en,Bill pay kiosk,0
8823740c-29f2-4c6c-b75b-2bf24a6e0286,synth_fac7bf3c203e,unbanked,tabddpm_synthetic,,['en'],advance fee,2024-01-22T06:30:00+00:00,83.07,0.0,22,6,0,Monday,45,966,0,advance fee,en,Bill pay kiosk,0
096d9bb7-a202-4b06-a61a-66b1eb896cee,synth_ce867a258ade,unbanked,tabddpm_synthetic,,['en'],advance fee,2024-04-19T23:05:00+00:00,3000.0,1092.11,60,23,0,Monday,19,1,33,advance fee,en,Bill pay kiosk,0
cc22ccb0-6183-4492-9ec4-d0c0b7bc70c4,synth_de619155f35a,unbanked,tabddpm_synthetic,,['en'],advance fee,2024-02-21T00:50:00+00:00,133.67,66.12,49,0,0,Monday,0,2000,9,advance fee,en,Bill pay kiosk,0
e09cd43e-464f-4bcd-8d1f-24e3ec1a73cd,synth_4e5780e4a4fe,unbanked,tabddpm_synthetic,,['en'],advance fee,2024-11-01T00:28:00+00:00,902.01,54.69,45,0,0,Monday,26,1953,13,advance fee,en,Bill pay kiosk,0
c8b2cd3f-c292-4d6c-b60b-4a35b2966c6f,synth_98a8b0339c83,unbanked,tabddpm_synthetic,,['en'],fake loan,2024-08-22T12:14:00+00:00,672.21,57.76,20,12,0,Monday,5,891,8,fake loan,en,Bill pay kiosk,0
4fa4b954-0d0b-4ba8-9026-73c4ec59f623,synth_a59eb1a185e5,unbanked,tabddpm_synthetic,,['en'],advance fee,2024-01-07T23:09:00+00:00,3000.0,1500.0,20,23,0,Monday,90,1,100,advance fee,en,Bill pay kiosk,0
0689d7ba-ac41-4594-93f5-483d981e2714,synth_4be38e686ece,unbanked,tabddpm_synthetic,,['en'],advance fee,2024-12-21T00:57:00+00:00,495.55,13.88,20,0,0,Monday,90,686,12,advance fee,en,Bill pay kiosk,0
10edc3ae-de5f-4167-920b-99e8f6b06871,synth_52cdae76231f,unbanked,tabddpm_synthetic,,['en'],advance fee,2024-04-02T00:51:00+00:00,77.93,25.96,20,0,0,Monday,0,2000,12,advance fee,en,Bill pay kiosk,0
e2fac350-e8bf-4126-af82-500472bccb53,synth_f73dbe2f301b,unbanked,tabddpm_synthetic,,['en'],advance fee,2024-02-29T13:28:00+00:00,1117.29,91.95,20,13,0,Monday,8,707,12,advance fee,en,Bill pay kiosk,0
145c11bb-2f3d-4bbe-87eb-465a258d83fb,synth_5aa3e42b9fcf,unbanked,tabddpm_synthetic,,['en'],advance fee,2024-11-15T07:26:00+00:00,731.1,69.09,20,7,1,Tuesday,62,2000,6,advance fee,en,Bill pay kiosk,0
c5e07806-b595-47f6-a5ca-1c6ca8a554c6,synth_980755cc7dbf,unbanked,tabddpm_synthetic,,['en'],advance fee,2024-11-26T23:14:00+00:00,3000.0,1500.0,20,23,0,Monday,90,1,100,advance fee,en,Bill pay kiosk,0
9bcbe77f-bf7b-46a1-a87e-0a862d91776d,synth_998f89868921,unbanked,tabddpm_synthetic,,['en'],advance fee,2024-02-21T15:14:00+00:00,10.0,0.0,20,15,0,Monday,90,1,100,advance fee,en,Bill pay kiosk,0
fce19a6e-34b3-4876-b0e2-a238fb0e4a0a,synth_402844787e49,unbanked,tabddpm_synthetic,,['en'],fake loan,2024-08-03T14:43:00+00:00,364.72,5.5,26,14,0,Monday,3,540,2,fake loan,en,Bill pay kiosk,0
adbbeaed-372a-4d0f-af1c-d0718020c5f6,synth_ec35f9ec7d34,unbanked,tabddpm_synthetic,,['en'],advance fee,2024-07-10T00:14:00+00:00,1941.51,38.33,20,0,1,Tuesday,90,374,49,advance fee,en,Bill pay kiosk,0
8017de18-a61d-43e3-9ddc-cdd731b33f22,synth_5fec37266324,unbanked,tabddpm_synthetic,,['en'],advance fee,2024-05-15T11:09:00+00:00,125.28,22.16,20,11,0,Monday,10,1866,7,advance fee,en,Bill pay kiosk,0
bff38e27-9126-4c66-9ef6-4c9f3751f8cb,synth_68ecbdb0c682,unbanked,tabddpm_synthetic,,['en'],advance fee,2024-02-01T07:04:00+00:00,554.75,0.0,20,7,6,Sunday,90,1,38,advance fee,en,Bill pay kiosk,0
c5a8cd65-af4a-4a2e-9344-bf601067683d,synth_e97677cdd461,unbanked,tabddpm_synthetic,,['en'],advance fee,2024-12-11T00:28:00+00:00,10.0,31.29,25,0,0,Monday,1,158,11,advance fee,en,Bill pay kiosk,0
b77157b5-c003-4bb3-86ea-320651d15eeb,synth_8e1c6e332804,unbanked,tabddpm_synthetic,,['en'],advance fee,2024-08-17T06:31:00+00:00,1745.0,239.53,20,6,5,Saturday,23,49,7,advance fee,en,Bill pay kiosk,0
815d4844-0741-47e8-aacc-4a4cb0f8bb4f,synth_c7f07a0f6972,unbanked,tabddpm_synthetic,,['en'],fake loan,2024-06-15T04:42:00+00:00,10.0,8.31,20,4,0,Monday,2,715,8,fake loan,en,Bill pay kiosk,0
abccbdec-0de8-44f7-a18f-12d808035399,synth_1781032b7967,unbanked,tabddpm_synthetic,,['en'],advance fee,2024-09-12T00:42:00+00:00,3000.0,1500.0,60,0,0,Monday,90,1,100,advance fee,en,Bill pay kiosk,1
468ed4af-611e-4bcb-95e8-9f9b909c6eea,synth_4e85dddeb500,unbanked,tabddpm_synthetic,,['en'],advance fee,2024-08-17T23:03:00+00:00,3000.0,1500.0,20,23,0,Monday,90,1,100,advance fee,en,Bill pay kiosk,0
6a873320-a3b5-4a4e-ad3f-4e6e2519ce73,synth_bf2c12f28130,unbanked,tabddpm_synthetic,,['en'],advance fee,2024-08-27T00:23:00+00:00,10.0,0.0,20,0,0,Monday,90,906,24,advance fee,en,Bill pay kiosk,0
683296d6-250a-4509-9376-1827dd75fde8,synth_b53f88efefed,unbanked,tabddpm_synthetic,,['en'],advance fee,2024-04-10T23:54:00+00:00,2151.63,231.97,34,23,0,Monday,13,1,12,advance fee,en,Bill pay kiosk,0
2e54c315-1f5d-4de7-8308-0e488a67c170,synth_2f613e7ec7b4,unbanked,tabddpm_synthetic,,['en'],advance fee,2024-09-20T23:44:00+00:00,3000.0,1500.0,20,23,0,Monday,90,1,100,advance fee,en,Bill pay kiosk,0
56548d96-e070-4e48-8b69-1fd743e2fb8e,synth_379e2c615259,unbanked,tabddpm_synthetic,,['en'],advance fee,2024-11-25T12:17:00+00:00,1031.68,132.37,20,12,3,Thursday,18,2000,3,advance fee,en,Bill pay kiosk,0
1d5e5d51-0d74-47e1-a1f8-3560285f9d08,synth_d9c88891a03b,unbanked,tabddpm_synthetic,,['en'],advance fee,2024-05-01T00:04:00+00:00,3000.0,1500.0,20,0,6,Sunday,0,1,100,advance fee,en,Bill pay kiosk,0
af39ee76-cfe2-41fb-9152-9b7762f188da,synth_5773c3d89787,unbanked,tabddpm_synthetic,,['en'],advance fee,2024-07-08T00:13:00+00:00,373.26,0.0,20,0,0,Monday,90,1255,29,advance fee,en,Bill pay kiosk,0
38159eb9-4b13-4aae-97b7-20bbe76470b5,synth_8816b1aef747,unbanked,tabddpm_synthetic,,['en'],advance fee,2024-08-12T22:18:00+00:00,10.0,0.0,20,22,0,Monday,90,1,86,advance fee,en,Bill pay kiosk,0
1c8d966b-5fd0-4ca6-b8ab-d8286f3845ec,synth_bad96510a184,unbanked,tabddpm_synthetic,,['en'],advance fee,2024-10-29T07:12:00+00:00,195.73,0.0,20,7,0,Monday,90,1,26,advance fee,en,Bill pay kiosk,0
d0ad1ec8-0915-42f1-8382-5eeb33ba38e7,synth_e8bbde5c18b4,unbanked,tabddpm_synthetic,,['en'],advance fee,2024-01-16T00:36:00+00:00,3000.0,1500.0,20,0,3,Thursday,90,1,100,advance fee,en,Bill pay kiosk,0
9f7e2594-d568-47b6-be37-2155e4950b29,synth_fd2ec0115796,unbanked,tabddpm_synthetic,,['en'],advance fee,2024-12-29T23:21:00+00:00,3000.0,1500.0,20,23,0,Monday,90,1,100,advance fee,en,Bill pay kiosk,1
eefd3f7d-020f-4660-9e58-19890f448ee9,synth_ae0b0fd99d9f,unbanked,tabddpm_synthetic,,['en'],advance fee,2024-04-22T00:07:00+00:00,10.0,0.0,20,0,0,Monday,90,1162,28,advance fee,en,Bill pay kiosk,0
c446f770-59c1-4c32-9ed3-d1d1bf894149,synth_3aeb8f07719b,unbanked,tabddpm_synthetic,,['en'],advance fee,2024-11-04T12:40:00+00:00,771.1,64.28,20,12,0,Monday,8,1372,1,advance fee,en,Bill pay kiosk,0
a68aa363-5cdd-4b89-b743-40c36656f438,synth_9f56439c5b77,unbanked,tabddpm_synthetic,,['en'],advance fee,2024-08-19T23:19:00+00:00,3000.0,1500.0,20,23,0,Monday,90,1,100,advance fee,en,Bill pay kiosk,0
49442131-cdd9-4aee-a200-e6285d2e70d9,synth_b6807d88a884,unbanked,tabddpm_synthetic,,['en'],advance fee,2024-07-19T23:14:00+00:00,3000.0,1500.0,20,23,0,Monday,90,1,100,advance fee,en,Bill pay kiosk,0
480b9e14-429e-492b-a8ee-f33e0a0171ac,synth_53f30d66c8fd,unbanked,tabddpm_synthetic,,['en'],advance fee,2024-12-13T23:57:00+00:00,3000.0,1500.0,20,23,0,Monday,90,1,100,advance fee,en,Bill pay kiosk,0
2fa43e3c-bf05-4a42-ac64-ac8d6cb1daf0,synth_3ed60dc3446a,unbanked,tabddpm_synthetic,,['en'],advance fee,2024-06-13T12:43:00+00:00,592.7,48.98,49,12,0,Monday,6,2000,9,advance fee,en,Bill pay kiosk,0
a534f674-a928-4442-a9ef-f13d05b8609b,synth_b9a2f0dec73a,unbanked,tabddpm_synthetic,,['en'],advance fee,2024-07-20T10:40:00+00:00,10.0,0.0,58,10,0,Monday,6,1622,5,advance fee,en,Bill pay kiosk,0
e41d8145-f423-40fa-9ab2-f5b204b747c4,synth_3c60a3986bf0,unbanked,tabddpm_synthetic,,['en'],advance fee,2024-12-07T14:58:00+00:00,1020.08,0.0,20,14,6,Sunday,90,1,55,advance fee,en,Bill pay kiosk,0
f10c53d6-e9bf-48cd-ad8f-36c62e0602f7,synth_88d27b50af3a,unbanked,tabddpm_synthetic,,['en'],advance fee,2024-04-27T13:56:00+00:00,1547.03,133.67,20,13,6,Sunday,0,1926,4,advance fee,en,Bill pay kiosk,0
37ae3d10-e776-468c-a574-ab67193a2ce2,synth_93171b6d9386,unbanked,tabddpm_synthetic,,['en'],advance fee,2024-11-15T00:58:00+00:00,1583.87,155.75,60,0,0,Monday,0,2000,7,advance fee,en,Bill pay kiosk,0
8883078b-c3ec-4d7c-94f4-974ad8a04bd2,synth_3308a0cf705a,unbanked,tabddpm_synthetic,,['en'],advance fee,2024-07-15T23:32:00+00:00,3000.0,1500.0,20,23,0,Monday,90,1,100,advance fee,en,Bill pay kiosk,1
80e74a18-a795-4ce1-9aac-49530cefe109,synth_5f6be967ca01,unbanked,tabddpm_synthetic,,['en'],advance fee,2024-07-09T23:25:00+00:00,3000.0,1500.0,60,23,0,Monday,0,1,100,advance fee,en,Bill pay kiosk,0
93e60919-9b47-40d7-a1a0-a911db689be7,synth_e532b0f8abc6,unbanked,tabddpm_synthetic,,['en'],advance fee,2024-05-20T23:19:00+00:00,3000.0,1500.0,20,23,0,Monday,90,1,100,advance fee,en,Bill pay kiosk,1
a385b79b-8d4b-4ce7-8257-394afd3b25c4,synth_3b1c4948078a,unbanked,tabddpm_synthetic,,['en'],advance fee,2024-06-09T00:32:00+00:00,391.53,29.56,57,0,0,Monday,0,2000,5,advance fee,en,Bill pay kiosk,0
ae3a440a-9be3-4b06-9841-cafbe873bb8d,synth_7ec32775e203,unbanked,tabddpm_synthetic,,['en'],advance fee,2024-01-30T00:42:00+00:00,284.16,31.62,42,0,0,Monday,0,1757,7,advance fee,en,Bill pay kiosk,0
c00ddc83-4fe4-413d-8dea-f2ed7ccd6a6c,synth_453d9a0941d2,unbanked,tabddpm_synthetic,,['en'],advance fee,2024-10-15T00:26:00+00:00,3000.0,1500.0,20,0,0,Monday,72,1,100,advance fee,en,Bill pay kiosk,1
67252278-d65b-48e4-9bb1-c4273d960524,synth_5e3794ad21a4,unbanked,tabddpm_synthetic,,['en'],advance fee,2024-02-19T16:49:00+00:00,2261.5,108.66,51,16,3,Thursday,2,462,9,advance fee,en,Bill pay kiosk,0
533debf6-8249-455f-a396-c24067773d88,synth_4b17d0a00057,unbanked,tabddpm_synthetic,,['en'],advance fee,2024-10-27T00:44:00+00:00,502.04,16.65,20,0,0,Monday,0,2000,4,advance fee,en,Bill pay kiosk,0
77280b04-1db9-4178-beff-6a79ab1d2305,synth_1405b640adea,unbanked,tabddpm_synthetic,,['en'],advance fee,2024-02-08T00:52:00+00:00,3000.0,1500.0,20,0,6,Sunday,0,1,100,advance fee,en,Bill pay kiosk,0
3bf82ec7-e09c-4614-b349-be702e78c490,synth_110c595e3c1a,unbanked,tabddpm_synthetic,,['en'],advance fee,2024-02-13T23:10:00+00:00,3000.0,1500.0,60,23,0,Monday,90,1,100,advance fee,en,Bill pay kiosk,0
680c6913-4a63-42a7-a831-fc16c1cd55e2,synth_5b8cdab14460,unbanked,tabddpm_synthetic,,['en'],advance fee,2024-10-01T23:20:00+00:00,3000.0,1500.0,20,23,6,Sunday,52,1,100,advance fee,en,Bill pay kiosk,0
04892428-62f1-43f8-819a-c2b467761012,synth_3667d288fff7,unbanked,tabddpm_synthetic,,['en'],advance fee,2024-02-09T14:51:00+00:00,564.88,15.37,38,14,0,Monday,0,1,10,advance fee,en,Bill pay kiosk,0
b767fc5e-e860-442a-b6d5-939d506e55a6,synth_eff49929c94c,unbanked,tabddpm_synthetic,,['en'],advance fee,2024-07-31T21:02:00+00:00,230.73,11.05,56,21,0,Monday,5,2000,10,advance fee,en,Bill pay kiosk,0
1fd770cd-fe60-4f13-bb9e-5958c0dd8116,synth_34810b7fedc8,unbanked,tabddpm_synthetic,,['en'],advance fee,2024-10-11T07:56:00+00:00,2768.34,141.62,20,7,0,Monday,1,1,14,advance fee,en,Bill pay kiosk,0
f9992d37-d06a-4b83-a3d6-dbd1a9bb4094,synth_24e78b2cda4d,unbanked,tabddpm_synthetic,,['en'],advance fee,2024-04-05T06:02:00+00:00,2353.08,0.0,20,6,0,Monday,90,1396,31,advance fee,en,Bill pay kiosk,0
b3562d1d-3acb-4c9e-bb25-90862db11de7,synth_ad989313d06d,unbanked,tabddpm_synthetic,,['en'],advance fee,2024-04-29T08:10:00+00:00,310.46,40.7,20,8,6,Sunday,15,527,2,advance fee,en,Bill pay kiosk,0
f5056ad1-37f1-4989-a526-132dcac8b009,synth_5bbc3706b954,unbanked,tabddpm_synthetic,,['en'],advance fee,2024-10-22T23:24:00+00:00,3000.0,1500.0,20,23,0,Monday,90,1,100,advance fee,en,Bill pay kiosk,0
d996e13a-be67-40c2-9dd0-a8bf18cd2c31,synth_df2e46378113,unbanked,tabddpm_synthetic,,['en'],advance fee,2024-08-25T11:51:00+00:00,142.11,4.76,20,11,0,Monday,20,1296,11,advance fee,en,Bill pay kiosk,0
937d8a86-0018-488c-b1ac-8ab19748307e,synth_4942090dcd46,unbanked,tabddpm_synthetic,,['en'],advance fee,2024-01-21T23:52:00+00:00,3000.0,1500.0,60,23,0,Monday,0,1,100,advance fee,en,Bill pay kiosk,0
afda8dac-1617-4907-9782-c6c1e45285e2,synth_c00c410ec804,unbanked,tabddpm_synthetic,,['en'],advance fee,2024-02-10T23:38:00+00:00,3000.0,1500.0,20,23,6,Sunday,0,1,100,advance fee,en,Bill pay kiosk,0
cbaaaffb-7a53-4836-a57f-63bedf098ab7,synth_b90d262b521b,unbanked,tabddpm_synthetic,,['en'],advance fee,2024-10-14T23:50:00+00:00,3000.0,1500.0,20,23,0,Monday,90,1,100,advance fee,en,Bill pay kiosk,0
a09c68c1-c305-46c2-a3e7-e91196fa306c,synth_e53a07d86873,unbanked,tabddpm_synthetic,,['en'],advance fee,2024-03-07T00:36:00+00:00,918.98,43.86,60,0,0,Monday,3,146,15,advance fee,en,Bill pay kiosk,0
2bcb9025-f849-4008-93d8-5e6e0c1a60a9,synth_900a2a4bb85c,unbanked,tabddpm_synthetic,,['en'],advance fee,2024-09-02T03:10:00+00:00,48.48,0.0,20,3,0,Monday,90,1,38,advance fee,en,Bill pay kiosk,0
bf4a25ce-a645-49d2-940b-bf4433768e96,synth_1c781b5cd01f,unbanked,tabddpm_synthetic,,['en'],advance fee,2024-12-18T23:52:00+00:00,3000.0,1500.0,20,23,0,Monday,90,1,100,advance fee,en,Bill pay kiosk,0
90187466-b9f0-4c04-9273-4ab0966e2809,synth_76cf22cfa227,unbanked,tabddpm_synthetic,,['en'],advance fee,2024-12-26T04:59:00+00:00,10.0,0.0,20,4,0,Monday,90,1,45,advance fee,en,Bill pay kiosk,0
01951f13-bb37-4b0e-8684-973ba8625642,synth_19320d88982d,unbanked,tabddpm_synthetic,,['en'],advance fee,2024-09-07T07:24:00+00:00,10.0,0.0,20,7,0,Monday,90,1,57,advance fee,en,Bill pay kiosk,0
fe3b17b3-6f35-4017-ae02-21d2a12d7518,synth_758219ea7696,unbanked,tabddpm_synthetic,,['en'],advance fee,2024-12-07T03:24:00+00:00,10.0,0.0,20,3,0,Monday,90,215,20,advance fee,en,Bill pay kiosk,0
0d49aa1e-6081-4134-9328-47c152473591,synth_a2649277d831,unbanked,tabddpm_synthetic,,['en'],advance fee,2024-07-30T23:41:00+00:00,3000.0,1500.0,20,23,6,Sunday,0,1,100,advance fee,en,Bill pay kiosk,0
64d0da0a-7109-46a1-b556-7ee6b12cb429,synth_f609d1a11aed,unbanked,tabddpm_synthetic,,['en'],advance fee,2024-10-27T08:05:00+00:00,239.07,21.09,20,8,0,Monday,2,1991,9,advance fee,en,Bill pay kiosk,0
4183850a-d375-432e-80f6-88b849151ba4,synth_197a50f3908a,unbanked,tabddpm_synthetic,,['en'],advance fee,2024-01-19T23:28:00+00:00,3000.0,1500.0,20,23,6,Sunday,90,1,100,advance fee,en,Bill pay kiosk,0
39440cf8-2232-4364-a6b2-1ae20fad83d4,synth_4689db9730df,unbanked,tabddpm_synthetic,,['en'],advance fee,2024-11-25T23:11:00+00:00,3000.0,1500.0,20,23,6,Sunday,0,1,100,advance fee,en,Bill pay kiosk,0
de0848df-a318-46d1-893e-55f9def1ba26,synth_f6808340929d,unbanked,tabddpm_synthetic,,['en'],advance fee,2024-11-02T12:48:00+00:00,557.06,49.64,35,12,3,Thursday,0,712,4,advance fee,en,Bill pay kiosk,0
3476aa34-f17c-43b9-b67d-4a52cfd26d99,synth_15c5dfc1eaed,unbanked,tabddpm_synthetic,,['en'],advance fee,2024-03-14T00:45:00+00:00,3000.0,1500.0,20,0,6,Sunday,0,1,100,advance fee,en,Bill pay kiosk,0
95098bf4-9005-4c95-9e87-181914bdc21a,synth_ca108c265c60,unbanked,tabddpm_synthetic,,['en'],advance fee,2024-07-01T15:03:00+00:00,2664.48,0.0,20,15,0,Monday,90,1,76,advance fee,en,Bill pay kiosk,0
7b5aea60-a576-40ca-917d-85c26e7b57b3,synth_a5039efaf0a6,unbanked,tabddpm_synthetic,,['en'],fake loan,2024-04-02T10:52:00+00:00,148.26,47.11,20,10,0,Monday,15,1535,8,fake loan,en,Bill pay kiosk,0
47c7c06f-d791-4c11-b43c-a388a5021b39,synth_9470fce2a130,unbanked,tabddpm_synthetic,,['en'],advance fee,2024-08-01T12:45:00+00:00,10.0,1.15,20,12,2,Wednesday,13,367,8,advance fee,en,Bill pay kiosk,0
b842aca1-b266-4238-a0a9-507a3016c5f9,synth_fe87767abe56,unbanked,tabddpm_synthetic,,['en'],advance fee,2024-03-26T06:50:00+00:00,10.0,0.0,20,6,0,Monday,90,19,30,advance fee,en,Bill pay kiosk,0
15440123-232b-4d95-86cf-550357579e9d,synth_60c9584b1ea3,unbanked,tabddpm_synthetic,,['en'],advance fee,2024-06-03T00:20:00+00:00,3000.0,331.52,57,0,0,Monday,37,1,100,advance fee,en,Bill pay kiosk,1
7b24211b-f7d6-4207-ae13-84a5d1e5598d,synth_c0cd54e47670,unbanked,tabddpm_synthetic,,['en'],advance fee,2024-01-17T00:39:00+00:00,10.0,0.0,48,0,0,Monday,35,2000,5,advance fee,en,Bill pay kiosk,0
0ceb547d-959d-4038-8d0b-945abe812006,synth_1ee2f09eda8d,unbanked,tabddpm_synthetic,,['en'],advance fee,2024-10-11T23:34:00+00:00,3000.0,1500.0,20,23,6,Sunday,0,1,100,advance fee,en,Bill pay kiosk,0
92dbdde0-bf92-44d7-b0da-0786650c5366,synth_7cb18c604d00,unbanked,tabddpm_synthetic,,['en'],advance fee,2024-10-22T00:28:00+00:00,10.0,15.3,24,0,0,Monday,0,1334,5,advance fee,en,Bill pay kiosk,0
dfc7d5ad-e4cd-4d2c-b4e6-1bdc50e8d369,synth_72c11b858118,unbanked,tabddpm_synthetic,,['en'],advance fee,2024-08-05T00:11:00+00:00,3000.0,559.49,23,0,0,Monday,35,1,72,advance fee,en,Bill pay kiosk,0
d07567e6-969e-468d-b285-b9ae554236ef,synth_8d258d235e0f,unbanked,tabddpm_synthetic,,['en'],advance fee,2024-01-13T06:07:00+00:00,195.22,0.0,42,6,0,Monday,0,2000,8,advance fee,en,Bill pay kiosk,0
79403488-602d-48f2-a4fe-8b43d8c36116,synth_8ee98431c0a7,unbanked,tabddpm_synthetic,,['en'],advance fee,2024-01-15T01:00:00+00:00,10.0,0.0,20,1,0,Monday,90,383,6,advance fee,en,Bill pay kiosk,0
c1ddac82-fe70-4f7a-9031-42d54fa0577f,synth_d2b8d669e2d5,unbanked,tabddpm_synthetic,,['en'],advance fee,2024-04-02T23:27:00+00:00,3000.0,1500.0,20,23,6,Sunday,0,1,100,advance fee,en,Bill pay kiosk,0
24d0b01f-3fd6-4140-b8db-846a9dd8438b,synth_59f50d507d2e,unbanked,tabddpm_synthetic,,['en'],advance fee,2024-02-27T00:31:00+00:00,3000.0,287.99,60,0,0,Monday,20,1,46,advance fee,en,Bill pay kiosk,0
186fa303-a5bf-4e11-876c-a45d6a0a3cac,synth_319806574b3c,unbanked,tabddpm_synthetic,,['en'],advance fee,2024-10-15T12:44:00+00:00,382.38,22.74,51,12,0,Monday,3,613,8,advance fee,en,Bill pay kiosk,0
d02cbd76-e67c-41a4-b7fd-2f29720e24c8,synth_d4722f151655,unbanked,tabddpm_synthetic,,['en'],advance fee,2024-10-09T11:25:00+00:00,10.0,0.0,20,11,5,Saturday,90,1,21,advance fee,en,Bill pay kiosk,0
6a154ec2-ad6c-47ab-926d-650f5056b350,synth_b73be8fce9ce,unbanked,tabddpm_synthetic,,['en'],advance fee,2024-12-14T00:01:00+00:00,3000.0,1500.0,60,0,0,Monday,0,1,100,advance fee,en,Bill pay kiosk,0
9c5c0cae-af63-4311-94c5-3998495a0370,synth_d1d5bb56d5af,unbanked,tabddpm_synthetic,,['en'],advance fee,2024-10-17T05:14:00+00:00,351.12,50.1,29,5,0,Monday,5,465,6,advance fee,en,Bill pay kiosk,0
96783ee3-9616-477c-88d4-86a175f9fe9c,synth_d4e6371b9529,unbanked,tabddpm_synthetic,,['en'],advance fee,2024-12-13T04:31:00+00:00,224.97,8.05,42,4,0,Monday,0,1,10,advance fee,en,Bill pay kiosk,0
b6a3a542-b050-472f-9b6e-38830661d744,synth_b297a5b8f991,unbanked,tabddpm_synthetic,,['en'],advance fee,2024-11-14T12:48:00+00:00,138.67,9.69,21,12,3,Thursday,3,326,7,advance fee,en,Bill pay kiosk,0
0b783ff7-df43-449b-9589-54a61fed14a3,synth_7795817f2100,unbanked,tabddpm_synthetic,,['en'],advance fee,2024-03-11T23:46:00+00:00,3000.0,1500.0,20,23,0,Monday,90,1,100,advance fee,en,Bill pay kiosk,0
8fac9b4a-747c-47aa-8646-e7b7968d1c1e,synth_bef8f488fe21,unbanked,tabddpm_synthetic,,['en'],advance fee,2024-01-12T00:48:00+00:00,895.66,31.86,20,0,0,Monday,90,1760,51,advance fee,en,Bill pay kiosk,1
ac9edc49-c8e8-4f89-9e8f-ae5902178411,synth_8581080b69db,unbanked,tabddpm_synthetic,,['en'],advance fee,2024-10-22T23:40:00+00:00,3000.0,1500.0,20,23,0,Monday,90,1,100,advance fee,en,Bill pay kiosk,0
98418cd9-32c0-426e-8ed6-ab47fe50cdff,synth_5cb1a677e518,unbanked,tabddpm_synthetic,,['en'],advance fee,2024-06-02T14:44:00+00:00,606.44,95.63,20,14,0,Monday,20,1720,13,advance fee,en,Bill pay kiosk,0
41727ff9-6003-48c7-89f7-9f9c118fbdc2,synth_5d0be5ab298e,unbanked,tabddpm_synthetic,,['en'],advance fee,2024-10-06T23:45:00+00:00,3000.0,1500.0,20,23,6,Sunday,16,1,62,advance fee,en,Bill pay kiosk,0
13e33635-2c5a-46fb-af05-e4cba902a019,synth_72095156b27d,unbanked,tabddpm_synthetic,,['en'],advance fee,2024-07-11T00:06:00+00:00,3000.0,0.0,20,0,0,Monday,90,1,100,advance fee,en,Bill pay kiosk,0
f100e5cf-a2d9-477f-9ebb-8560098253f6,synth_52ea42dcd1a4,unbanked,tabddpm_synthetic,,['en'],advance fee,2024-06-16T10:52:00+00:00,789.16,63.09,20,10,6,Sunday,5,1542,8,advance fee,en,Bill pay kiosk,0
17c1636c-fcca-4aff-9c36-8ee29950bcb3,synth_4398b00785e2,unbanked,tabddpm_synthetic,,['en'],advance fee,2024-11-05T00:45:00+00:00,82.84,27.19,20,0,0,Monday,0,2000,10,advance fee,en,Bill pay kiosk,0
3c44ac38-f234-44de-b0fa-62588a84a861,synth_4a473a18dccf,unbanked,tabddpm_synthetic,,['en'],advance fee,2024-10-12T00:56:00+00:00,799.5,41.87,40,0,0,Monday,0,1,23,advance fee,en,Bill pay kiosk,0
bbb0de63-51ff-4a76-b6ba-771ea91e69e3,synth_a59fa2a86259,unbanked,tabddpm_synthetic,,['en'],advance fee,2024-02-02T00:33:00+00:00,3000.0,1500.0,60,0,0,Monday,75,1,100,advance fee,en,Bill pay kiosk,1
21196ada-d96d-4d8a-be16-0c79dc2dcae3,synth_76270914ea8b,unbanked,tabddpm_synthetic,,['en'],advance fee,2024-05-18T00:20:00+00:00,1256.22,135.55,60,0,0,Monday,0,1993,12,advance fee,en,Bill pay kiosk,0
f558c87a-0cc9-4e16-a2a2-ae569b58b250,synth_1fadcf0fdfe5,unbanked,tabddpm_synthetic,,['en'],advance fee,2024-12-19T00:37:00+00:00,3000.0,1470.06,20,0,6,Sunday,0,1,100,advance fee,en,Bill pay kiosk,0
099043b4-1716-4f4b-be4a-8e5bab4e9452,synth_db3f1cce9f4b,unbanked,tabddpm_synthetic,,['en'],fake loan,2024-07-05T21:51:00+00:00,2324.75,208.62,20,21,2,Wednesday,14,652,12,fake loan,en,Bill pay kiosk,0
79ea7ac3-82c9-469a-bb3f-205fcb763853,synth_7bc8d00d5c3e,unbanked,tabddpm_synthetic,,['en'],advance fee,2024-10-15T23:50:00+00:00,3000.0,1500.0,20,23,0,Monday,90,1,100,advance fee,en,Bill pay kiosk,0
662a8b38-e4c6-4d4d-92b6-27c3abe1aa6e,synth_9a864141a7e3,unbanked,tabddpm_synthetic,,['en'],advance fee,2024-01-14T13:00:00+00:00,246.69,23.32,20,13,3,Thursday,5,2000,9,advance fee,en,Bill pay kiosk,0
5d3fa014-65e3-4c58-a878-7f11e48e78bc,synth_66c89ac7124c,unbanked,tabddpm_synthetic,,['en'],advance fee,2024-10-05T23:06:00+00:00,3000.0,1500.0,20,23,6,Sunday,0,1,100,advance fee,en,Bill pay kiosk,0
ecc054ff-3aa3-4152-9825-5c1380247629,synth_ee9a72459160,unbanked,tabddpm_synthetic,,['en'],advance fee,2024-03-20T23:04:00+00:00,3000.0,1500.0,20,23,6,Sunday,0,1,100,advance fee,en,Bill pay kiosk,1
29aa5e64-f9e7-4187-ae30-38d3ca211a45,synth_83ec9f021b14,unbanked,tabddpm_synthetic,,['en'],advance fee,2024-06-06T00:31:00+00:00,1201.07,91.41,41,0,3,Thursday,21,614,26,advance fee,en,Bill pay kiosk,0
8714410c-9da1-4f39-a76e-5b6377d169e5,synth_1969de263762,unbanked,tabddpm_synthetic,,['en'],advance fee,2024-08-24T00:51:00+00:00,731.62,57.06,47,0,0,Monday,53,1948,14,advance fee,en,Bill pay kiosk,0
661ddb35-7e95-4360-8190-337d383c9aa0,synth_c17680bda7d3,unbanked,tabddpm_synthetic,,['en'],advance fee,2024-11-29T00:52:00+00:00,3000.0,1212.66,20,0,6,Sunday,0,1,74,advance fee,en,Bill pay kiosk,0
9b292d3d-bbac-4fad-a05f-dacefc816162,synth_4eb61a177647,unbanked,tabddpm_synthetic,,['en'],advance fee,2024-07-12T23:40:00+00:00,3000.0,1313.35,20,23,6,Sunday,84,1,32,advance fee,en,Bill pay kiosk,0
00c5d94b-0b0a-4984-acf8-37e0a9c95ca5,synth_3af5ac6f34fe,unbanked,tabddpm_synthetic,,['en'],advance fee,2024-04-12T00:03:00+00:00,436.73,20.02,25,0,0,Monday,1,816,10,advance fee,en,Bill pay kiosk,0
ba81f3ab-6fe8-4653-8d3b-d06e0ee54300,synth_bd8ffc707881,unbanked,tabddpm_synthetic,,['en'],advance fee,2024-09-26T13:45:00+00:00,290.72,56.15,20,13,0,Monday,6,237,6,advance fee,en,Bill pay kiosk,0
134bd763-0035-4b01-8b4a-17ddd3bd09ac,synth_769772824b23,unbanked,tabddpm_synthetic,,['en'],advance fee,2024-07-18T15:48:00+00:00,216.63,4.01,41,15,0,Monday,22,1706,6,advance fee,en,Bill pay kiosk,0
a4150e07-13b7-43c6-8bf3-609b9aa1a2a6,synth_83bb3fa8504b,unbanked,tabddpm_synthetic,,['en'],advance fee,2024-09-09T13:37:00+00:00,10.0,0.0,20,13,0,Monday,90,2000,8,advance fee,en,Bill pay kiosk,0
89860bf2-db4b-4f21-b69f-6a1e9e9d235d,synth_7aa274a01e2d,unbanked,tabddpm_synthetic,,['en'],advance fee,2024-10-02T13:39:00+00:00,3000.0,617.65,60,13,0,Monday,50,174,23,advance fee,en,Bill pay kiosk,0
460040ee-e0c5-4726-9ff9-f9e07b316c1a,synth_ab55cb3ef081,unbanked,tabddpm_synthetic,,['en'],advance fee,2024-05-25T23:26:00+00:00,3000.0,1500.0,20,23,0,Monday,90,1,100,advance fee,en,Bill pay kiosk,0
39c5c8a7-0ab0-4fe4-ade9-a823fcc3d7c4,synth_1e10ae5788ee,unbanked,tabddpm_synthetic,,['en'],advance fee,2024-10-11T12:45:00+00:00,106.51,0.0,49,12,0,Monday,0,79,8,advance fee,en,Bill pay kiosk,0
6d2a5115-7087-48b4-88a0-d65d4572c71a,synth_4f3d757e577f,unbanked,tabddpm_synthetic,,['en'],advance fee,2024-10-26T13:31:00+00:00,273.02,33.97,20,13,0,Monday,40,1734,6,advance fee,en,Bill pay kiosk,0
2bacc6e9-14b7-4c73-8695-348cfafaf751,synth_6ac5753c164b,unbanked,tabddpm_synthetic,,['en'],advance fee,2024-12-11T00:53:00+00:00,3000.0,337.87,52,0,2,Wednesday,52,1,100,advance fee,en,Bill pay kiosk,1
1d439700-1c00-4468-9919-c12db9162835,synth_f01ec951e1c3,unbanked,tabddpm_synthetic,,['en'],advance fee,2024-05-03T00:40:00+00:00,3000.0,1500.0,20,0,6,Sunday,0,1,100,advance fee,en,Bill pay kiosk,0
17570561-6514-4586-a173-77dbb14374fa,synth_b174365fb619,unbanked,tabddpm_synthetic,,['en'],advance fee,2024-03-24T00:06:00+00:00,1091.19,132.91,22,0,5,Saturday,29,1,92,advance fee,en,Bill pay kiosk,1
7d579ffd-7297-4fa3-88f7-e65dffebcd67,synth_7ae913c06c93,unbanked,tabddpm_synthetic,,['en'],advance fee,2024-03-08T23:49:00+00:00,3000.0,1500.0,20,23,0,Monday,90,1,100,advance fee,en,Bill pay kiosk,0
ad8841cb-0193-4ab6-aa62-986b3f3acf25,synth_139bbb8a9a44,unbanked,tabddpm_synthetic,,['en'],advance fee,2024-07-18T13:42:00+00:00,3000.0,435.38,20,13,6,Sunday,3,1038,13,advance fee,en,Bill pay kiosk,0
4c7880af-9e3e-4947-86a8-e8f963cd9b10,synth_b9d30f3bb0b9,unbanked,tabddpm_synthetic,,['en'],advance fee,2024-09-09T01:16:00+00:00,143.62,5.16,20,1,0,Monday,22,1538,2,advance fee,en,Bill pay kiosk,0
399f7549-204a-4114-917c-0fc782d3773a,synth_effd328c9019,unbanked,tabddpm_synthetic,,['en'],advance fee,2024-03-17T09:57:00+00:00,373.96,57.01,38,9,0,Monday,5,1397,3,advance fee,en,Bill pay kiosk,0
5aed1d17-077d-4581-bf69-1f66af20eba1,synth_f16f3383a727,unbanked,tabddpm_synthetic,,['en'],advance fee,2024-12-11T00:30:00+00:00,676.83,66.58,41,0,0,Monday,0,2000,11,advance fee,en,Bill pay kiosk,0
e95f4404-afb6-4c18-852c-c8f8ef9af36a,synth_65e601e8ab6b,unbanked,tabddpm_synthetic,,['en'],advance fee,2024-04-17T23:47:00+00:00,3000.0,1500.0,20,23,6,Sunday,0,1,100,advance fee,en,Bill pay kiosk,0
3f17c6d0-02c2-42f5-9072-b08d26504ad0,synth_650b2a819184,unbanked,tabddpm_synthetic,,['en'],advance fee,2024-07-20T23:05:00+00:00,3000.0,1500.0,20,23,6,Sunday,0,1,100,advance fee,en,Bill pay kiosk,0
af818577-bb74-480a-afb3-b896c337eec0,synth_db6cc94c8e9f,unbanked,tabddpm_synthetic,,['en'],advance fee,2024-09-20T23:30:00+00:00,3000.0,1500.0,20,23,0,Monday,90,1,100,advance fee,en,Bill pay kiosk,1
131a5292-0491-4e36-9717-4c6a072c9088,synth_a8d362837330,unbanked,tabddpm_synthetic,,['en'],advance fee,2024-11-15T23:21:00+00:00,3000.0,1500.0,60,23,6,Sunday,0,1,100,advance fee,en,Bill pay kiosk,0
a65b6251-68ec-4bde-aaae-cec882a39495,synth_970ee284fd6d,unbanked,tabddpm_synthetic,,['en'],advance fee,2024-09-13T00:38:00+00:00,493.08,49.6,35,0,0,Monday,0,1733,4,advance fee,en,Bill pay kiosk,0
b428acbf-3406-4e6c-ab38-1812eec965bd,synth_562efc66418f,unbanked,tabddpm_synthetic,,['en'],advance fee,2024-04-18T00:03:00+00:00,567.83,22.95,20,0,0,Monday,86,752,25,advance fee,en,Bill pay kiosk,0
9dcc3438-ed8f-4ea5-8f64-a6880275f1ac,synth_4fef99f366b2,unbanked,tabddpm_synthetic,,['en'],advance fee,2024-02-24T07:36:00+00:00,66.09,0.0,20,7,0,Monday,53,1365,17,advance fee,en,Bill pay kiosk,0
f0ebf0e3-fac8-437c-828a-7308109c617e,synth_82d109f3d60c,unbanked,tabddpm_synthetic,,['en'],advance fee,2024-04-05T18:03:00+00:00,1254.47,101.56,20,18,6,Sunday,7,1,5,advance fee,en,Bill pay kiosk,0
b5c6a095-d3f5-484a-a945-12076b1bf53f,synth_5ccbba8485d4,unbanked,tabddpm_synthetic,,['en'],advance fee,2024-02-27T00:55:00+00:00,2505.67,203.74,34,0,0,Monday,0,1267,10,advance fee,en,Bill pay kiosk,0
f4330fa2-579a-4996-8f59-a79695f89c18,synth_f11fcd45f869,unbanked,tabddpm_synthetic,,['en'],advance fee,2024-12-13T04:43:00+00:00,306.71,0.0,41,4,1,Tuesday,52,797,9,advance fee,en,Bill pay kiosk,0
104e1dbd-9b84-4e5f-9f12-44cca4d2b1a6,synth_3a4ae3887c96,unbanked,tabddpm_synthetic,,['en'],advance fee,2024-03-06T11:27:00+00:00,49.26,11.59,20,11,4,Friday,3,1846,2,advance fee,en,Bill pay kiosk,0
8a1a4d25-a7c7-4ff6-8fc4-875927fd2054,synth_324bd37a7482,unbanked,tabddpm_synthetic,,['en'],advance fee,2024-05-30T23:03:00+00:00,3000.0,1500.0,20,23,6,Sunday,0,1,100,advance fee,en,Bill pay kiosk,0
da95bb56-8f6e-4729-86d6-d37d280a47d2,synth_75689a27184f,unbanked,tabddpm_synthetic,,['en'],advance fee,2024-09-27T23:30:00+00:00,3000.0,1500.0,20,23,0,Monday,90,1,100,advance fee,en,Bill pay kiosk,0
3cb29f98-16f1-4fbf-b3c6-ebc922612572,synth_2ae4a9f4ab19,unbanked,tabddpm_synthetic,,['en'],advance fee,2024-12-01T15:09:00+00:00,481.82,60.11,37,15,5,Saturday,0,2000,6,advance fee,en,Bill pay kiosk,0
e82d97ef-ca47-4afc-8794-bf2e24dae204,synth_efc8a5ab8423,unbanked,tabddpm_synthetic,,['en'],advance fee,2024-01-27T23:52:00+00:00,3000.0,996.67,20,23,6,Sunday,4,1,35,advance fee,en,Bill pay kiosk,0
18807c8a-f0c0-455f-ba9b-13509418a362,synth_76041b8358cc,unbanked,tabddpm_synthetic,,['en'],advance fee,2024-11-19T23:29:00+00:00,3000.0,1500.0,20,23,0,Monday,90,1,100,advance fee,en,Bill pay kiosk,0
21d096e7-3dca-4b5e-b06e-a5e024e29856,synth_88eb474d806a,unbanked,tabddpm_synthetic,,['en'],advance fee,2024-06-04T23:13:00+00:00,325.61,0.0,20,23,6,Sunday,90,1,91,advance fee,en,Bill pay kiosk,0
ffa47fd7-b7ee-4e90-9b90-5711961cc506,synth_f8b63fd5c656,unbanked,tabddpm_synthetic,,['en'],advance fee,2024-06-09T10:09:00+00:00,381.3,0.0,52,10,3,Thursday,19,274,13,advance fee,en,Bill pay kiosk,0
2453255d-c2d0-49d0-87eb-fdab0d1953de,synth_a982ae6713be,unbanked,tabddpm_synthetic,,['en'],advance fee,2024-04-07T00:51:00+00:00,3000.0,914.21,20,0,6,Sunday,0,1,72,advance fee,en,Bill pay kiosk,0
74b42f50-c8b1-4481-a98b-51a65c204a3b,synth_45dd417fac11,unbanked,tabddpm_synthetic,,['en'],advance fee,2024-06-14T23:39:00+00:00,3000.0,1500.0,60,23,0,Monday,0,1,93,advance fee,en,Bill pay kiosk,0
5ce632c7-9fa6-48c8-8fb2-b705d6ed22ac,synth_288b7ba1dafb,unbanked,tabddpm_synthetic,,['en'],advance fee,2024-12-28T10:32:00+00:00,257.43,13.39,25,10,0,Monday,14,305,9,advance fee,en,Bill pay kiosk,0
5bdcf873-4faa-4c68-ac5f-f93992cf071f,synth_cf7e256315c3,unbanked,tabddpm_synthetic,,['en'],advance fee,2024-05-01T11:03:00+00:00,64.35,0.0,20,11,6,Sunday,90,1,37,advance fee,en,Bill pay kiosk,0
b6ee5a0b-f0ae-4bcb-8a6b-4825900775e9,synth_9f6ff11ed8cb,unbanked,tabddpm_synthetic,,['en'],advance fee,2024-01-02T00:42:00+00:00,242.79,37.04,20,0,0,Monday,0,2000,14,advance fee,en,Bill pay kiosk,0
840f7651-63b8-42af-9bea-5b52ee0e0d3e,synth_95a2cb800a93,unbanked,tabddpm_synthetic,,['en'],advance fee,2024-08-01T00:30:00+00:00,10.0,0.0,28,0,0,Monday,47,1112,14,advance fee,en,Bill pay kiosk,0
3314ed3f-b391-4a54-9ac6-d3de2bbfd48d,synth_74ee372d93fe,unbanked,tabddpm_synthetic,,['en'],advance fee,2024-06-03T03:18:00+00:00,669.65,65.04,47,3,0,Monday,8,1163,11,advance fee,en,Bill pay kiosk,0
cf937658-dabe-4778-83ef-4027e09f1d79,synth_42f8e8f3a3fc,unbanked,tabddpm_synthetic,,['en'],advance fee,2024-12-30T23:57:00+00:00,3000.0,1500.0,20,23,0,Monday,90,1,100,advance fee,en,Bill pay kiosk,1
a8ffefba-6253-4767-9cd6-864578f00dc2,synth_a6d457f8dce0,unbanked,tabddpm_synthetic,,['en'],advance fee,2024-03-16T23:39:00+00:00,3000.0,1500.0,60,23,0,Monday,0,1,95,advance fee,en,Bill pay kiosk,0
c29296c9-8bdf-4066-bdb3-c9b8561294e0,synth_fe6ef8bd5b80,unbanked,tabddpm_synthetic,,['en'],advance fee,2024-04-16T18:48:00+00:00,3000.0,971.17,60,18,0,Monday,3,1,46,advance fee,en,Bill pay kiosk,0
011f949f-dac3-487d-ae4e-9f259d0ca951,synth_f7e1fc2fa4a6,unbanked,tabddpm_synthetic,,['en'],advance fee,2024-02-10T11:49:00+00:00,240.77,12.35,26,11,0,Monday,0,1776,9,advance fee,en,Bill pay kiosk,0
61444550-eb2d-4e56-b944-5ff88bf390bf,synth_c596b98047ba,unbanked,tabddpm_synthetic,,['en'],advance fee,2024-12-15T23:06:00+00:00,3000.0,1500.0,20,23,6,Sunday,0,1,100,advance fee,en,Bill pay kiosk,0
18aac5f5-4b41-4b3a-85ea-c751c713a8e4,synth_085473276fe4,unbanked,tabddpm_synthetic,,['en'],advance fee,2024-10-04T15:27:00+00:00,1501.87,94.57,36,15,4,Friday,0,1262,11,advance fee,en,Bill pay kiosk,0
6c120d54-b198-4047-b3d3-de861ee3758f,synth_c8355cf52f20,unbanked,tabddpm_synthetic,,['en'],advance fee,2024-09-19T04:01:00+00:00,515.4,43.16,45,4,0,Monday,3,678,6,advance fee,en,Bill pay kiosk,0
c4375d16-46d7-4a1a-931a-6206637ff8df,synth_bee58fe04420,unbanked,tabddpm_synthetic,,['en'],advance fee,2024-03-14T01:09:00+00:00,10.0,0.0,20,1,0,Monday,90,1,53,advance fee,en,Bill pay kiosk,0
ff36951e-11a0-4293-9c20-06048a5757ee,synth_cfb001c3c287,unbanked,tabddpm_synthetic,,['en'],fake loan,2024-11-24T00:55:00+00:00,334.14,10.9,25,0,0,Monday,3,2000,9,fake loan,en,Bill pay kiosk,0
0a089588-a219-4052-b4c3-4f1304ea0827,synth_2ed5dd4d0e64,unbanked,tabddpm_synthetic,,['en'],advance fee,2024-05-30T23:15:00+00:00,3000.0,1500.0,20,23,6,Sunday,0,1,100,advance fee,en,Bill pay kiosk,0
851950d4-58e9-4c50-bcd6-a74de83064d8,synth_cbf3f4e421c6,unbanked,tabddpm_synthetic,,['en'],advance fee,2024-02-13T00:03:00+00:00,833.05,30.18,25,0,0,Monday,0,1650,4,advance fee,en,Bill pay kiosk,0
f6ccdb1a-6c15-4a8d-89a0-d9a7fae9aa85,synth_e2b9bd2e44be,unbanked,tabddpm_synthetic,,['en'],advance fee,2024-07-03T23:01:00+00:00,3000.0,1500.0,20,23,3,Thursday,90,1,100,advance fee,en,Bill pay kiosk,0
9fdce71c-6da4-4c35-906a-bb4c41fc8d3d,synth_561ad79b382b,unbanked,tabddpm_synthetic,,['en'],advance fee,2024-01-05T20:42:00+00:00,588.16,36.63,20,20,1,Tuesday,7,803,23,advance fee,en,Bill pay kiosk,1
b269a20a-69ee-4e14-aaf0-68242d62ec46,synth_55f86774534a,unbanked,tabddpm_synthetic,,['en'],advance fee,2024-02-05T00:46:00+00:00,256.45,50.59,51,0,0,Monday,0,2000,10,advance fee,en,Bill pay kiosk,0
afe78998-3043-4635-99bb-c6096963a477,synth_a7f4c9cc5099,unbanked,tabddpm_synthetic,,['en'],advance fee,2024-02-15T12:46:00+00:00,615.88,61.74,20,12,0,Monday,12,1167,5,advance fee,en,Bill pay kiosk,0
f985734f-cbc4-4fe2-8820-801e80f3d52c,synth_e86eac6c54cd,unbanked,tabddpm_synthetic,,['en'],advance fee,2024-10-29T21:15:00+00:00,1474.53,28.05,20,21,0,Monday,90,963,7,advance fee,en,Bill pay kiosk,0
148debab-e980-48a0-a1fb-095023acc14c,synth_b8d9c48ef7c3,unbanked,tabddpm_synthetic,,['en'],advance fee,2024-02-24T00:14:00+00:00,1932.68,209.84,20,0,0,Monday,0,148,28,advance fee,en,Bill pay kiosk,1
8133b2f3-99b9-4805-8ce5-8ad4cf085e43,synth_c91a5021c9fa,unbanked,tabddpm_synthetic,,['en'],advance fee,2024-03-03T12:55:00+00:00,116.5,34.53,20,12,0,Monday,56,773,4,advance fee,en,Bill pay kiosk,0
500646bf-85b7-45f2-a23d-705ec1512daf,synth_2ff7293986de,unbanked,tabddpm_synthetic,,['en'],advance fee,2024-08-14T00:55:00+00:00,3000.0,667.74,56,0,0,Monday,27,1,77,advance fee,en,Bill pay kiosk,0
4a69ffe8-811e-4ca8-9159-6b86cf6dbdf0,synth_bcc5333a42d4,unbanked,tabddpm_synthetic,,['en'],advance fee,2024-03-31T07:45:00+00:00,640.72,89.66,20,7,1,Tuesday,29,1613,6,advance fee,en,Bill pay kiosk,0
924ba603-6d37-4489-bdce-7a4ccd7d9011,synth_5c4d2839c4be,unbanked,tabddpm_synthetic,,['en'],advance fee,2024-01-01T04:46:00+00:00,3000.0,1500.0,20,4,6,Sunday,0,1,100,advance fee,en,Bill pay kiosk,0
bfafc05c-4f29-42d5-b4c9-d1de81ea5e9b,synth_f5499988561a,unbanked,tabddpm_synthetic,,['en'],advance fee,2024-03-13T04:38:00+00:00,3000.0,262.62,58,4,0,Monday,7,506,20,advance fee,en,Bill pay kiosk,0
7ceb39f4-a9b4-4715-bb13-bda5eec10eed,synth_9341a215d838,unbanked,tabddpm_synthetic,,['en'],advance fee,2024-04-29T23:15:00+00:00,872.59,0.0,20,23,6,Sunday,90,1,100,advance fee,en,Bill pay kiosk,0
a34f03fe-ece3-4f91-8725-0cd0e123e371,synth_f6d2e65c5740,unbanked,tabddpm_synthetic,,['en'],advance fee,2024-09-11T00:30:00+00:00,3000.0,941.23,44,0,0,Monday,10,1,100,advance fee,en,Bill pay kiosk,0
e646fd09-9a30-4314-b2c5-8d293ffa15e1,synth_92e4d6fe701e,unbanked,tabddpm_synthetic,,['en'],advance fee,2024-06-13T23:27:00+00:00,3000.0,1500.0,20,23,6,Sunday,0,1,100,advance fee,en,Bill pay kiosk,0
f722f3bb-72fa-4ef0-91fb-52fa4b693144,synth_ccf388057f9b,unbanked,tabddpm_synthetic,,['en'],advance fee,2024-04-13T23:39:00+00:00,723.01,49.41,20,23,6,Sunday,35,164,27,advance fee,en,Bill pay kiosk,0
d4df2b82-3c97-49ed-bbc3-673013df7513,synth_1fd06aa19709,unbanked,tabddpm_synthetic,,['en'],advance fee,2024-01-09T23:09:00+00:00,3000.0,1500.0,20,23,6,Sunday,0,1,100,advance fee,en,Bill pay kiosk,0
a4be037b-a630-4472-9e0b-bd715af9c70e,synth_f5393946b2bd,unbanked,tabddpm_synthetic,,['en'],advance fee,2024-07-30T10:22:00+00:00,3000.0,1500.0,20,10,6,Sunday,0,1,100,advance fee,en,Bill pay kiosk,0
e21bf00f-649b-46e4-8270-d154a58b66ce,synth_bedf4bb88951,unbanked,tabddpm_synthetic,,['en'],advance fee,2024-09-07T10:40:00+00:00,10.0,0.0,20,10,0,Monday,90,995,16,advance fee,en,Bill pay kiosk,0
d2005afd-bee2-4fe6-9265-353b5b6575c2,synth_345e46198931,unbanked,tabddpm_synthetic,,['en'],advance fee,2024-11-21T23:20:00+00:00,3000.0,1500.0,20,23,0,Monday,90,1,100,advance fee,en,Bill pay kiosk,1
3b3657c8-71bf-44b5-b308-793fa4f5f52a,synth_50e8f75455d3,unbanked,tabddpm_synthetic,,['en'],advance fee,2024-02-08T03:09:00+00:00,142.23,26.89,23,3,0,Monday,8,1762,7,advance fee,en,Bill pay kiosk,0
8a0002fd-decd-42c0-94b4-0aca696814c4,synth_eb9a3a8c8e65,unbanked,tabddpm_synthetic,,['en'],advance fee,2024-10-18T11:08:00+00:00,10.0,0.0,20,11,6,Sunday,90,1,24,advance fee,en,Bill pay kiosk,0
913920fd-90b8-4e1e-b49b-27fa7ea37a02,synth_6227d2c9bde7,unbanked,tabddpm_synthetic,,['en'],advance fee,2024-05-08T23:50:00+00:00,3000.0,1500.0,20,23,6,Sunday,0,1,100,advance fee,en,Bill pay kiosk,0
cf806b8d-fa55-49d1-80ac-e089579edeea,synth_87613e70aa56,unbanked,tabddpm_synthetic,,['en'],advance fee,2024-04-07T23:42:00+00:00,3000.0,1500.0,60,23,0,Monday,0,1,100,advance fee,en,Bill pay kiosk,1
166e176d-7186-47e3-a397-e44686816fb8,synth_227f8667497e,unbanked,tabddpm_synthetic,,['en'],advance fee,2024-06-01T00:53:00+00:00,3000.0,850.5,60,0,0,Monday,23,1,100,advance fee,en,Bill pay kiosk,1
1944a23d-dd12-4bfb-accf-409ad6115af7,synth_4a8753eb9ce9,unbanked,tabddpm_synthetic,,['en'],advance fee,2024-07-04T10:12:00+00:00,332.99,19.3,39,10,2,Wednesday,9,390,5,advance fee,en,Cash (informal),0
85f6786f-e4c3-4b5c-957f-0d1a179464f1,synth_54b00b477448,unbanked,tabddpm_synthetic,,['en'],advance fee,2024-03-30T23:32:00+00:00,3000.0,1500.0,20,23,6,Sunday,90,1,100,advance fee,en,Bill pay kiosk,0
11ea0bfe-ef4f-428b-b401-103b6ebfba63,synth_de38081091b2,unbanked,tabddpm_synthetic,,['en'],advance fee,2024-02-16T12:24:00+00:00,342.2,24.95,20,12,0,Monday,3,358,0,advance fee,en,Bill pay kiosk,0
dec8b178-1ba7-484f-90c9-0c6f432f268b,synth_c037f7cff612,unbanked,tabddpm_synthetic,,['en'],advance fee,2024-01-07T00:46:00+00:00,3000.0,1500.0,20,0,0,Monday,90,1,100,advance fee,en,Bill pay kiosk,1
f8e0feec-fcb8-405b-884b-f89a5af6819a,synth_7fbc0b830794,unbanked,tabddpm_synthetic,,['en'],advance fee,2024-09-17T05:42:00+00:00,3000.0,1500.0,20,5,6,Sunday,0,1,100,advance fee,en,Bill pay kiosk,0
2c90a2b3-ae0e-43ff-b0e5-3e719988315a,synth_6e9ba6322855,unbanked,tabddpm_synthetic,,['en'],advance fee,2024-02-26T12:43:00+00:00,1133.83,81.58,20,12,0,Monday,10,927,5,advance fee,en,Bill pay kiosk,0
c07a4cc4-c5b3-45b3-a772-27f8fa49aa74,synth_043809630f42,unbanked,tabddpm_synthetic,,['en'],advance fee,2024-08-18T06:49:00+00:00,119.45,0.0,34,6,2,Wednesday,0,311,9,advance fee,en,Bill pay kiosk,0
3618cb85-3bdd-4f5a-a0cf-e0b9fb58a943,synth_6eee522a73ae,unbanked,tabddpm_synthetic,,['en'],advance fee,2024-06-25T23:56:00+00:00,279.63,0.0,20,23,0,Monday,90,1,100,advance fee,en,Bill pay kiosk,0
bf2dbe4d-77b7-4cac-8e09-01636f639a26,synth_8c3a31ebbf5a,unbanked,tabddpm_synthetic,,['en'],advance fee,2024-04-15T08:25:00+00:00,218.99,17.74,24,8,0,Monday,11,1775,4,advance fee,en,Cash (informal),0
0232a617-b690-4c14-b03e-f758afeb0d81,synth_4a5f2d979496,unbanked,tabddpm_synthetic,,['en'],advance fee,2024-08-19T00:05:00+00:00,3000.0,1500.0,60,0,0,Monday,90,1,100,advance fee,en,Bill pay kiosk,1
8d20edd0-916f-4205-828a-b69c8313fed8,synth_c964bf76122b,unbanked,tabddpm_synthetic,,['en'],advance fee,2024-07-25T01:50:00+00:00,10.0,0.0,20,1,0,Monday,90,1834,23,advance fee,en,Bill pay kiosk,0
d02a05fe-98f0-4ad9-9610-8325c7c77412,synth_4026cc496f79,unbanked,tabddpm_synthetic,,['en'],advance fee,2024-06-27T07:46:00+00:00,145.54,0.0,40,7,2,Wednesday,6,1,8,advance fee,en,Bill pay kiosk,0
359b9335-4eac-40f0-8a6f-114706085d8a,synth_c5cffef5a235,unbanked,tabddpm_synthetic,,['en'],advance fee,2024-02-03T00:27:00+00:00,3000.0,1287.46,54,0,0,Monday,31,1,100,advance fee,en,Bill pay kiosk,0
a3b3e596-69b5-471e-861e-b01db6d5f486,synth_73a6cde81b0e,unbanked,tabddpm_synthetic,,['en'],advance fee,2024-10-02T23:37:00+00:00,3000.0,1500.0,20,23,0,Monday,81,1,100,advance fee,en,Bill pay kiosk,0
58676156-39f3-4cbb-9803-a53f3eb06f50,synth_e81985876d32,unbanked,tabddpm_synthetic,,['en'],advance fee,2024-06-19T23:52:00+00:00,3000.0,1500.0,20,23,6,Sunday,0,1,100,advance fee,en,Bill pay kiosk,0
48817533-f85f-47f5-a115-416b5d1e2787,synth_9a87275577fd,unbanked,tabddpm_synthetic,,['en'],advance fee,2024-12-19T08:27:00+00:00,54.33,0.0,32,8,0,Monday,8,771,6,advance fee,en,Bill pay kiosk,0
9e47a4e7-fde9-46e7-8263-2947e595e885,synth_307069023f1f,unbanked,tabddpm_synthetic,,['en'],advance fee,2024-05-10T23:54:00+00:00,3000.0,1500.0,20,23,6,Sunday,0,1,100,advance fee,en,Bill pay kiosk,0
41406326-9c98-4cee-b497-d885631f2caf,synth_7960271a11f8,unbanked,tabddpm_synthetic,,['en'],advance fee,2024-07-19T08:55:00+00:00,10.0,0.0,20,8,0,Monday,90,1643,9,advance fee,en,Bill pay kiosk,0
7d2ba51d-d311-4185-b381-f61b79fcb285,synth_3ecd9845cb9f,unbanked,tabddpm_synthetic,,['en'],advance fee,2024-09-20T23:31:00+00:00,3000.0,1500.0,20,23,0,Monday,90,1,100,advance fee,en,Bill pay kiosk,0
9ebc0e3f-3040-48dd-8baa-a7afa8816f22,synth_b4d33b50e57c,unbanked,tabddpm_synthetic,,['en'],advance fee,2024-09-04T23:34:00+00:00,3000.0,1500.0,60,23,0,Monday,0,1,100,advance fee,en,Bill pay kiosk,0
499cacd8-6f5a-4bdb-9d24-bb7f5e248fe4,synth_bdca4162ca1b,unbanked,tabddpm_synthetic,,['en'],advance fee,2024-03-15T00:20:00+00:00,154.87,16.35,45,0,0,Monday,0,194,10,advance fee,en,Bill pay kiosk,0
b9d0cb85-eaa2-4993-bb28-97a9ceab2b3d,synth_103444f71b00,unbanked,tabddpm_synthetic,,['en'],advance fee,2024-09-26T00:17:00+00:00,1087.69,96.22,43,0,0,Monday,60,937,23,advance fee,en,Bill pay kiosk,0
d4e20357-1c82-41c4-b740-d38f165c69ce,synth_3ad36b42a598,unbanked,tabddpm_synthetic,,['en'],advance fee,2024-04-30T00:37:00+00:00,3000.0,1022.48,20,0,4,Friday,0,1,97,advance fee,en,Bill pay kiosk,0
73c90ecc-0412-445f-837d-fa487a7d3ceb,synth_bd47949be6f2,unbanked,tabddpm_synthetic,,['en'],advance fee,2024-11-11T09:11:00+00:00,202.97,17.9,40,9,0,Monday,4,920,10,advance fee,en,Cash (informal),0
64c933ce-c70d-404f-a9ef-2cfc1828f59e,synth_3db1dced706a,unbanked,tabddpm_synthetic,,['en'],advance fee,2024-02-02T00:32:00+00:00,3000.0,234.51,20,0,1,Tuesday,0,1,20,advance fee,en,Bill pay kiosk,0
b2b25ce1-2c4e-4ea7-981c-dd35c71dec91,synth_e546cd6e8296,unbanked,tabddpm_synthetic,,['en'],fake loan,2024-09-17T09:00:00+00:00,703.99,60.14,35,9,1,Tuesday,3,1027,8,fake loan,en,Bill pay kiosk,0
44a4aebe-b6e4-4c4d-af3a-061078e8ad7e,synth_b13428977fe2,unbanked,tabddpm_synthetic,,['es'],advance fee,2024-05-26T13:06:00+00:00,575.51,56.66,40,13,2,Wednesday,2,1802,9,advance fee,es,Bill pay kiosk,0
7922ce39-e7f6-492c-b868-dcfcaefa65b9,synth_b0b2b0382d4a,unbanked,tabddpm_synthetic,,['en'],advance fee,2024-02-07T14:10:00+00:00,408.08,67.88,20,14,0,Monday,73,2000,3,advance fee,en,Bill pay kiosk,0
b07aec51-8604-4aca-b4fd-6ae1169e2abf,synth_930913a6dfdf,unbanked,tabddpm_synthetic,,['en'],advance fee,2024-09-14T02:17:00+00:00,10.0,0.0,20,2,0,Monday,90,470,30,advance fee,en,Bill pay kiosk,0
befefd67-1e11-4ebb-a4a4-5aa880d1564a,synth_faf72e4f16f0,unbanked,tabddpm_synthetic,,['en'],advance fee,2024-04-22T09:39:00+00:00,10.0,0.0,20,9,0,Monday,90,1,48,advance fee,en,Bill pay kiosk,0
b916e5ba-09f5-4dcf-abd3-3e037a82ff6c,synth_797bcb7cae77,unbanked,tabddpm_synthetic,,['en'],advance fee,2024-09-26T23:29:00+00:00,3000.0,1500.0,20,23,6,Sunday,0,1,100,advance fee,en,Bill pay kiosk,0
5ab4f53c-951a-4110-b68b-f96a8115dae0,synth_7890126f27c0,unbanked,tabddpm_synthetic,,['en'],advance fee,2024-06-07T08:05:00+00:00,456.98,82.56,20,8,0,Monday,70,1393,6,advance fee,en,Bill pay kiosk,0
4a787b02-08c6-4228-a478-bc2d2eed0831,synth_5b483cf7496f,unbanked,tabddpm_synthetic,,['en'],advance fee,2024-04-14T20:35:00+00:00,932.87,79.97,20,20,6,Sunday,0,1,0,advance fee,en,Bill pay kiosk,0
1443a417-7467-4650-aade-acceeba6df32,synth_26100393fe1a,unbanked,tabddpm_synthetic,,['en'],advance fee,2024-08-20T14:10:00+00:00,342.78,28.32,24,14,0,Monday,8,67,5,advance fee,en,Bill pay kiosk,0
144645d8-db17-46df-8f08-84e34d062ab8,synth_5f85a59c5a43,unbanked,tabddpm_synthetic,,['en'],advance fee,2024-07-16T06:58:00+00:00,197.37,0.0,20,6,0,Monday,90,1356,15,advance fee,en,Bill pay kiosk,0
f1f889c7-8cdd-4eb6-b027-998ca892277f,synth_fe358f98e17d,unbanked,tabddpm_synthetic,,['en'],advance fee,2024-01-10T15:18:00+00:00,318.06,42.66,20,15,1,Tuesday,13,1763,5,advance fee,en,Bill pay kiosk,0
5f40f5f9-7854-4573-b463-4ac9cfe1efe3,synth_cd0a7f33d6da,unbanked,tabddpm_synthetic,,['en'],advance fee,2024-08-22T23:56:00+00:00,3000.0,1500.0,20,23,0,Monday,90,1,100,advance fee,en,Bill pay kiosk,1
662d0537-80ff-4059-a30b-02a0278c4112,synth_85ae8827de30,unbanked,tabddpm_synthetic,,['en'],advance fee,2024-07-19T11:08:00+00:00,223.28,32.02,20,11,0,Monday,44,2000,7,advance fee,en,Bill pay kiosk,0
f28dd903-c4ce-4ad0-9f4a-b280ad16e506,synth_8288cdf0de08,unbanked,tabddpm_synthetic,,['en'],advance fee,2024-11-11T03:48:00+00:00,10.0,15.4,46,3,0,Monday,5,1501,8,advance fee,en,Bill pay kiosk,0
bc095972-d01e-4b9a-be06-871d943abf54,synth_95013302bc76,unbanked,tabddpm_synthetic,,['en'],advance fee,2024-07-04T07:07:00+00:00,10.0,0.0,20,7,0,Monday,90,1,23,advance fee,en,Bill pay kiosk,0
0f8ada46-f879-4662-ad21-79562f9afdb4,synth_aa789702f2f6,unbanked,tabddpm_synthetic,,['es'],advance fee,2024-08-01T12:14:00+00:00,210.83,23.88,26,12,6,Sunday,7,1024,7,advance fee,es,Bill pay kiosk,0
2e950dc9-b152-4313-bb96-139f2d14241c,synth_674a2ac0701d,unbanked,tabddpm_synthetic,,['en'],advance fee,2024-03-23T00:37:00+00:00,468.64,25.63,60,0,0,Monday,0,2000,9,advance fee,en,Bill pay kiosk,0
34795170-4f11-48db-b55f-4de9d1a6e77d,synth_ac7330a98ec9,unbanked,tabddpm_synthetic,,['en'],advance fee,2024-10-07T23:54:00+00:00,3000.0,1500.0,20,23,0,Monday,90,1,100,advance fee,en,Bill pay kiosk,0
53cba244-0875-4446-835b-211245c5571c,synth_45f19c676b06,unbanked,tabddpm_synthetic,,['en'],advance fee,2024-09-17T23:16:00+00:00,3000.0,1500.0,20,23,0,Monday,90,1,100,advance fee,en,Bill pay kiosk,0
abea5ad2-ec80-4db9-8ccc-eaf7add6044f,synth_14ff6b5081bb,unbanked,tabddpm_synthetic,,['en'],advance fee,2024-05-08T23:13:00+00:00,3000.0,1500.0,20,23,6,Sunday,0,1,100,advance fee,en,Bill pay kiosk,0
4a1274b1-56d3-4c25-bd42-3a1ae90310de,synth_6cdb10e68314,unbanked,tabddpm_synthetic,,['en'],advance fee,2024-04-19T07:19:00+00:00,409.2,21.53,22,7,0,Monday,25,1497,4,advance fee,en,Bill pay kiosk,0
f9b59214-7b2e-42be-bf45-4faeee1fa624,synth_e86f636d4806,unbanked,tabddpm_synthetic,,['en'],advance fee,2024-06-28T00:29:00+00:00,3000.0,1360.9,20,0,4,Friday,55,1,100,advance fee,en,Bill pay kiosk,0
d8102154-e041-4b20-a0cc-d2e657cffc05,synth_6cc087e960a0,unbanked,tabddpm_synthetic,,['en'],advance fee,2024-02-17T09:42:00+00:00,297.06,3.0,20,9,0,Monday,18,1166,3,advance fee,en,Bill pay kiosk,0
2aa8de53-2729-4550-b73c-d85cb1f14d16,synth_b0a355a77887,unbanked,tabddpm_synthetic,,['en'],advance fee,2024-10-22T23:15:00+00:00,10.0,0.0,20,23,0,Monday,90,1,100,advance fee,en,Bill pay kiosk,1
fc08dad4-a8f5-468f-b9fd-3b1e8dfcb581,synth_38ea5c6a1250,unbanked,tabddpm_synthetic,,['en'],advance fee,2024-03-02T04:23:00+00:00,878.74,0.0,20,4,6,Sunday,90,1,39,advance fee,en,Bill pay kiosk,0
7f642303-9a00-4a46-9505-321d31444bae,synth_f0431cd56ac3,unbanked,tabddpm_synthetic,,['en'],advance fee,2024-05-12T23:36:00+00:00,3000.0,1500.0,60,23,0,Monday,90,1,100,advance fee,en,Bill pay kiosk,0
511dbfe0-f8bb-4ddd-bfa8-f33def7b0ce5,synth_fbf2726e2eb4,unbanked,tabddpm_synthetic,,['en'],advance fee,2024-12-22T23:09:00+00:00,3000.0,1500.0,60,23,0,Monday,0,1,100,advance fee,en,Bill pay kiosk,0
367d3363-ab3f-4c07-be87-8ed4b3ade57b,synth_da12e68c3ef4,unbanked,tabddpm_synthetic,,['en'],advance fee,2024-09-03T23:09:00+00:00,3000.0,1500.0,20,23,6,Sunday,0,1,100,advance fee,en,Bill pay kiosk,0
42309c83-79fe-4706-9463-c3b0c61d5fb7,synth_822691d1ba67,unbanked,tabddpm_synthetic,,['en'],advance fee,2024-10-31T11:53:00+00:00,286.56,17.5,20,11,0,Monday,7,698,4,advance fee,en,Bill pay kiosk,0
7735541e-463e-4d8c-973c-438a2ab2e319,synth_a488e0b5c3fa,unbanked,tabddpm_synthetic,,['en'],advance fee,2024-09-06T05:23:00+00:00,10.0,0.0,20,5,0,Monday,90,1,26,advance fee,en,Bill pay kiosk,0
352f95ea-344a-4e7f-a333-c6ab519dfd21,synth_b444a12014eb,unbanked,tabddpm_synthetic,,['en'],advance fee,2024-10-11T10:19:00+00:00,10.0,0.0,20,10,3,Thursday,90,731,11,advance fee,en,Bill pay kiosk,0
d043f884-0e19-41cd-8e56-951d2e553830,synth_7fd6c18bc82a,unbanked,tabddpm_synthetic,,['en'],advance fee,2024-02-06T23:23:00+00:00,3000.0,1500.0,20,23,6,Sunday,0,1,100,advance fee,en,Bill pay kiosk,0
e3751758-e5db-415f-b2e1-17b2a472caf5,synth_7b439dffe0c2,unbanked,tabddpm_synthetic,,['en'],advance fee,2024-02-15T00:33:00+00:00,2224.56,142.97,20,0,0,Monday,77,1772,37,advance fee,en,Bill pay kiosk,0
4d08e57a-e273-467d-b833-ef3575bd4c14,synth_8fe9c4d7c9ce,unbanked,tabddpm_synthetic,,['en'],advance fee,2024-09-04T00:21:00+00:00,2839.79,201.97,51,0,0,Monday,38,1,100,advance fee,en,Bill pay kiosk,1
5d77e61f-a392-45a0-b630-4ee2f5b345aa,synth_fa89e865d6d0,unbanked,tabddpm_synthetic,,['en'],advance fee,2024-05-07T23:56:00+00:00,3000.0,1500.0,20,23,6,Sunday,90,1,92,advance fee,en,Bill pay kiosk,0
4ab73829-ca1d-47a1-8b01-7909a306cd53,synth_cfdc7a378acd,unbanked,tabddpm_synthetic,,['en'],advance fee,2024-11-08T15:02:00+00:00,1007.11,146.13,38,15,0,Monday,0,221,9,advance fee,en,Bill pay kiosk,0
c4685247-83a2-47d6-a328-a2ef0e686512,synth_6bc06538a996,unbanked,tabddpm_synthetic,,['en'],advance fee,2024-04-23T23:46:00+00:00,3000.0,1500.0,20,23,0,Monday,90,1,100,advance fee,en,Bill pay kiosk,0
f7314805-ea5e-457b-b65e-c2dd7b99405f,synth_415616973b58,unbanked,tabddpm_synthetic,,['en'],advance fee,2024-11-22T00:00:00+00:00,604.63,58.43,54,0,0,Monday,4,2000,9,advance fee,en,Bill pay kiosk,0
3bb8ebca-40b0-4a7f-95b9-116598a0d778,synth_1f5252763426,unbanked,tabddpm_synthetic,,['en'],advance fee,2024-02-20T00:51:00+00:00,3000.0,1500.0,60,0,0,Monday,89,1,100,advance fee,en,Bill pay kiosk,1
5b7b3b4c-aec1-43ca-aecc-b65593fcb675,synth_858df06c4a60,unbanked,tabddpm_synthetic,,['en'],advance fee,2024-05-19T00:28:00+00:00,3000.0,343.79,60,0,0,Monday,0,1,44,advance fee,en,Bill pay kiosk,1
e453fe15-7972-4419-bee3-8617ea6237ab,synth_0aa99f4308ef,unbanked,tabddpm_synthetic,,['en'],advance fee,2024-12-16T00:07:00+00:00,1843.33,153.8,27,0,0,Monday,0,1,16,advance fee,en,Bill pay kiosk,0
5a8e2d1e-5220-4e41-a4d4-66c73520573b,synth_36c7f677d13e,unbanked,tabddpm_synthetic,,['en'],advance fee,2024-01-09T00:55:00+00:00,10.0,73.26,20,0,0,Monday,0,469,10,advance fee,en,Bill pay kiosk,0
10c83598-9c07-4454-8130-8307b1e446d0,synth_9f8267cc211d,unbanked,tabddpm_synthetic,,['en'],advance fee,2024-01-24T00:55:00+00:00,3000.0,1500.0,60,0,0,Monday,90,1,100,advance fee,en,Bill pay kiosk,1
0c9591dd-4c35-4e2c-8842-251fe9b844e6,synth_d277dc42c06d,unbanked,tabddpm_synthetic,,['en'],advance fee,2024-07-20T08:40:00+00:00,10.0,0.0,20,8,0,Monday,90,454,18,advance fee,en,Bill pay kiosk,0
5e2bb539-4f6a-4b93-822e-11ce094928b6,synth_fb1aaeee5b35,unbanked,tabddpm_synthetic,,['en'],advance fee,2024-09-01T00:32:00+00:00,3000.0,1427.21,60,0,6,Sunday,0,1,91,advance fee,en,Bill pay kiosk,0
c6d8d579-8d24-4ecb-a5a0-76ca46281c5c,synth_120b9a0a88bb,unbanked,tabddpm_synthetic,,['en'],advance fee,2024-02-17T00:09:00+00:00,1520.53,22.49,20,0,0,Monday,90,992,64,advance fee,en,Bill pay kiosk,0
8b2947f6-b653-4f47-ab69-21a4d780f068,synth_ae837f5be50f,unbanked,tabddpm_synthetic,,['en'],advance fee,2024-03-14T00:00:00+00:00,278.13,27.68,28,0,0,Monday,0,1535,9,advance fee,en,Bill pay kiosk,0
e9f7e05b-7ac3-4be9-b3c4-b068a3c76adb,synth_ea3fd71cef78,unbanked,tabddpm_synthetic,,['en'],advance fee,2024-05-12T23:36:00+00:00,3000.0,1500.0,20,23,0,Monday,90,1,100,advance fee,en,Bill pay kiosk,1
1ea3a38b-2e10-4521-836c-a2460d9b9754,synth_69b64da32d9c,unbanked,tabddpm_synthetic,,['en'],advance fee,2024-09-14T08:43:00+00:00,106.97,0.0,45,8,0,Monday,0,1324,8,advance fee,en,Bill pay kiosk,0
6ecb8d48-c988-4faf-b8c0-b27d57a3624e,synth_6b60ce7c46e4,unbanked,tabddpm_synthetic,,['en'],advance fee,2024-03-29T23:09:00+00:00,3000.0,1500.0,60,23,0,Monday,0,1,100,advance fee,en,Bill pay kiosk,0
230d7c4d-0a54-43ab-a4b9-07414029d29b,synth_905cbebbc843,unbanked,tabddpm_synthetic,,['en'],advance fee,2024-10-25T00:49:00+00:00,10.0,0.0,20,0,0,Monday,90,1,47,advance fee,en,Bill pay kiosk,0
0eb76eb6-ecaa-4ffb-94f2-ab82da70c499,synth_14a1d7258d07,unbanked,tabddpm_synthetic,,['en'],advance fee,2024-05-09T00:19:00+00:00,3000.0,1500.0,20,0,6,Sunday,90,1,100,advance fee,en,Bill pay kiosk,0
c444308a-10cb-4142-8b97-d83eb38e0a95,synth_b9ca89d9e142,unbanked,tabddpm_synthetic,,['en'],advance fee,2024-09-09T23:13:00+00:00,339.61,28.43,58,23,2,Wednesday,2,631,8,advance fee,en,Bill pay kiosk,0
61eb3691-3391-43cc-9499-2461beb5eaa2,synth_d752578f48ac,unbanked,tabddpm_synthetic,,['en'],advance fee,2024-07-25T09:53:00+00:00,117.88,22.89,21,9,0,Monday,23,1803,5,advance fee,en,Bill pay kiosk,0
e936ffcb-6bc5-42a6-923e-50fbab8d7df7,synth_f528daf02844,unbanked,tabddpm_synthetic,,['en'],advance fee,2024-03-10T06:40:00+00:00,264.94,4.01,44,6,0,Monday,30,2000,3,advance fee,en,Bill pay kiosk,0
9c5697ce-7abc-4136-9268-2f642ab871c4,synth_34f764c8b839,unbanked,tabddpm_synthetic,,['en'],advance fee,2024-08-17T00:29:00+00:00,360.62,8.0,22,0,0,Monday,0,681,5,advance fee,en,Bill pay kiosk,0
c2d2b4c5-5c05-4cba-b114-e9909848237a,synth_d5011783a4a9,unbanked,tabddpm_synthetic,,['en'],advance fee,2024-12-27T23:14:00+00:00,3000.0,1500.0,20,23,0,Monday,90,1,100,advance fee,en,Bill pay kiosk,0
6a4db0e1-848c-4763-aa20-b06ce745b950,synth_79ece8721678,unbanked,tabddpm_synthetic,,['en'],advance fee,2024-08-18T16:42:00+00:00,2331.94,149.6,60,16,0,Monday,3,211,9,advance fee,en,Bill pay kiosk,0
0daa4fad-72f9-48e8-9462-19c8770c5e55,synth_135ad53b30a2,unbanked,tabddpm_synthetic,,['en'],advance fee,2024-01-14T00:07:00+00:00,876.94,54.16,58,0,1,Tuesday,9,1047,5,advance fee,en,Bill pay kiosk,0
bbb4a1ec-a0f0-43ec-b369-57a664f9fd0e,synth_f750cc1919be,unbanked,tabddpm_synthetic,,['en'],advance fee,2024-11-26T23:14:00+00:00,3000.0,1500.0,20,23,0,Monday,90,1,100,advance fee,en,Bill pay kiosk,0
5dde8b89-a327-4ee2-bfcd-0214aac42c5b,synth_b2fbab393119,unbanked,tabddpm_synthetic,,['en'],advance fee,2024-05-27T06:39:00+00:00,214.51,2.34,20,6,6,Sunday,24,655,8,advance fee,en,Bill pay kiosk,0
3f9b65a4-6b0c-4d42-b4cd-798816583734,synth_140520a2b1e0,unbanked,tabddpm_synthetic,,['en'],advance fee,2024-06-16T23:31:00+00:00,3000.0,1500.0,20,23,0,Monday,90,1,100,advance fee,en,Bill pay kiosk,0
9c990799-7678-48a9-a9cc-7c6dc0459471,synth_376611c8bf13,unbanked,tabddpm_synthetic,,['en'],advance fee,2024-12-16T23:26:00+00:00,3000.0,1500.0,60,23,0,Monday,90,1,100,advance fee,en,Bill pay kiosk,1
95c48abd-508e-4338-b771-c7196c78d3a9,synth_57cfa0e71835,unbanked,tabddpm_synthetic,,['en'],advance fee,2024-10-05T06:34:00+00:00,217.32,20.7,20,6,0,Monday,11,1433,6,advance fee,en,Bill pay kiosk,0
2dd49ccb-4543-4ba4-b1ec-3c5a711dfe98,synth_59ee081180b6,unbanked,tabddpm_synthetic,,['en'],advance fee,2024-11-24T13:22:00+00:00,359.24,42.11,20,13,0,Monday,16,1824,6,advance fee,en,Bill pay kiosk,0
74626651-33cf-4335-b55d-4adab19984dc,synth_d0bf3c7bb10c,unbanked,tabddpm_synthetic,,['en'],advance fee,2024-01-09T23:46:00+00:00,3000.0,1500.0,20,23,0,Monday,90,1,100,advance fee,en,Bill pay kiosk,0
a41117c2-007c-40f6-92d2-8808401369e8,synth_b34950d92212,unbanked,tabddpm_synthetic,,['en'],advance fee,2024-10-27T00:10:00+00:00,3000.0,1500.0,60,0,6,Sunday,0,1,100,advance fee,en,Bill pay kiosk,0
8b64d7c6-e96c-4e3f-9ad6-73fd773aaddf,synth_00b88a94a89f,unbanked,tabddpm_synthetic,,['en'],advance fee,2024-11-18T03:48:00+00:00,10.0,0.0,20,3,0,Monday,90,1,23,advance fee,en,Bill pay kiosk,0
4c31bda1-a891-4a2d-a27a-666609a7357b,synth_f7153ef5601e,unbanked,tabddpm_synthetic,,['en'],advance fee,2024-06-06T00:21:00+00:00,10.0,0.0,20,0,0,Monday,90,525,27,advance fee,en,Bill pay kiosk,0
7302c58a-015a-445c-abda-9f9db29dc96f,synth_975619a680a6,unbanked,tabddpm_synthetic,,['en'],advance fee,2024-12-20T16:04:00+00:00,368.4,11.39,20,16,0,Monday,2,1383,8,advance fee,en,Bill pay kiosk,0
1f6be01f-7f51-4f43-bea5-b53d0d2c159f,synth_922ebb0333fc,unbanked,tabddpm_synthetic,,['en'],advance fee,2024-06-22T23:12:00+00:00,10.0,0.0,20,23,0,Monday,90,1,100,advance fee,en,Bill pay kiosk,0
407aaebf-fd39-4edf-ba71-997f5e69dc77,synth_cd65721bea74,unbanked,tabddpm_synthetic,,['en'],advance fee,2024-09-12T00:08:00+00:00,3000.0,1149.35,60,0,0,Monday,0,1,89,advance fee,en,Bill pay kiosk,0
110f73e3-885c-43e9-8245-55945cd6a1bd,synth_88f60628ee2d,unbanked,tabddpm_synthetic,,['en'],advance fee,2024-09-01T12:53:00+00:00,331.25,75.9,20,12,0,Monday,43,2000,6,advance fee,en,Bill pay kiosk,0
02b6b998-548a-4aad-8b68-349f88aed024,synth_cc6f62043c39,unbanked,tabddpm_synthetic,,['en'],advance fee,2024-03-24T00:37:00+00:00,17.52,0.0,20,0,0,Monday,90,483,12,advance fee,en,Bill pay kiosk,0
660ed9cc-6fd9-4c8f-83fc-f4f6dcb88462,synth_1836efe74881,unbanked,tabddpm_synthetic,,['en'],fake loan,2024-11-04T10:13:00+00:00,98.05,52.75,20,10,6,Sunday,5,2000,2,fake loan,en,Bill pay kiosk,0
856f57b4-3aa1-438f-8a9c-29426ba3ece2,synth_0916301f5027,unbanked,tabddpm_synthetic,,['en'],advance fee,2024-05-28T00:00:00+00:00,3000.0,1500.0,60,0,6,Sunday,0,1,100,advance fee,en,Bill pay kiosk,0
541ce815-156e-4984-9027-92d3836b814a,synth_e0cedb5132a1,unbanked,tabddpm_synthetic,,['en'],advance fee,2024-01-10T00:03:00+00:00,3000.0,1500.0,60,0,0,Monday,90,1,100,advance fee,en,Bill pay kiosk,1
734d3d40-45bf-4570-99d4-d5401e41a844,synth_cca418290a86,unbanked,tabddpm_synthetic,,['en'],advance fee,2024-05-21T14:58:00+00:00,194.39,18.11,20,14,0,Monday,27,1335,10,advance fee,en,Bill pay kiosk,0
8da705ea-a448-494c-ad26-a43b6925086e,synth_b44e5884d36f,unbanked,tabddpm_synthetic,,['en'],advance fee,2024-04-09T08:30:00+00:00,366.41,69.73,20,8,0,Monday,60,2000,5,advance fee,en,Bill pay kiosk,0
0b293967-c782-41fa-b716-dfcfd62132d0,synth_e4ec99c62328,unbanked,tabddpm_synthetic,,['en'],advance fee,2024-01-22T09:46:00+00:00,289.12,50.04,20,9,0,Monday,53,2000,0,advance fee,en,Bill pay kiosk,0
056f382f-4e00-4c94-8157-7c1fd29b4aba,synth_f9356820aff2,unbanked,tabddpm_synthetic,,['en'],advance fee,2024-03-19T00:32:00+00:00,412.43,13.54,42,0,0,Monday,0,2000,7,advance fee,en,Bill pay kiosk,0
f6c20527-4f97-4892-b85d-fe8fb09951ac,synth_025780c670af,unbanked,tabddpm_synthetic,,['en'],advance fee,2024-02-12T12:23:00+00:00,2202.03,192.73,20,12,0,Monday,0,1,17,advance fee,en,Bill pay kiosk,0
d1e75e2d-8973-4a25-808a-8aa2d6c6222e,synth_6231f9768a33,unbanked,tabddpm_synthetic,,['en'],advance fee,2024-07-08T21:26:00+00:00,3000.0,767.5,55,21,6,Sunday,0,1,55,advance fee,en,Bill pay kiosk,0
c1601b18-03a5-4f52-8e1f-cf6913539dac,synth_6655ca52924a,unbanked,tabddpm_synthetic,,['en'],advance fee,2024-02-21T05:26:00+00:00,573.32,82.1,20,5,0,Monday,71,2000,9,advance fee,en,Bill pay kiosk,0
7a59cd83-9cf5-4cec-8058-20799ba8cfb3,synth_ade02367a958,unbanked,tabddpm_synthetic,,['en'],advance fee,2024-01-01T00:45:00+00:00,3000.0,1500.0,20,0,0,Monday,90,1,100,advance fee,en,Bill pay kiosk,0
5ffd9195-6712-41c1-a7fd-7769cad7d55d,synth_6b36ff599fcb,unbanked,tabddpm_synthetic,,['en'],fake loan,2024-01-13T00:24:00+00:00,1661.37,169.68,56,0,0,Monday,47,532,29,fake loan,en,Bill pay kiosk,0
4b23fdd4-fbb1-42f5-8b73-c2f72f437fde,synth_8b2925086960,unbanked,tabddpm_synthetic,,['en'],advance fee,2024-04-29T00:19:00+00:00,3000.0,1500.0,38,0,0,Monday,90,1,100,advance fee,en,Bill pay kiosk,1
4d041c4b-6a5f-4c23-8b01-93dcb70e6f95,synth_c5e2ca4405b6,unbanked,tabddpm_synthetic,,['en'],advance fee,2024-11-10T11:25:00+00:00,459.8,56.44,20,11,0,Monday,39,1649,1,advance fee,en,Bill pay kiosk,0
6826be28-188c-4e96-9fb7-c12cfb652077,synth_b5b4d8e15472,unbanked,tabddpm_synthetic,,['en'],advance fee,2024-07-10T00:06:00+00:00,997.22,71.06,53,0,0,Monday,0,140,11,advance fee,en,Bill pay kiosk,0
f328d6de-43aa-4632-88b5-183c8e5e876c,synth_a8674d78e8b8,unbanked,tabddpm_synthetic,,['en'],advance fee,2024-01-18T00:42:00+00:00,3000.0,342.45,52,0,0,Monday,22,1,100,advance fee,en,Bill pay kiosk,1
e0bad7db-64d3-4da0-b915-8af10edd2723,synth_50f79c3c1ce1,unbanked,tabddpm_synthetic,,['en'],advance fee,2024-08-30T23:07:00+00:00,3000.0,1500.0,20,23,6,Sunday,0,1,100,advance fee,en,Bill pay kiosk,0
40bbc734-4591-4a5f-9af1-ab6b15af50e4,synth_b6bc19c7f0d8,unbanked,tabddpm_synthetic,,['en'],advance fee,2024-08-23T14:20:00+00:00,361.94,12.2,40,14,0,Monday,0,446,2,advance fee,en,Bill pay kiosk,0
988c86e0-252e-43fa-8e1a-ccc0dabce151,synth_8ce78454ab7e,unbanked,tabddpm_synthetic,,['en'],advance fee,2024-10-10T00:23:00+00:00,2866.0,251.44,60,0,0,Monday,23,1,100,advance fee,en,Bill pay kiosk,1
03e5ef36-08b2-4985-a69b-acb827a94503,synth_a90f877c786c,unbanked,tabddpm_synthetic,,['en'],advance fee,2024-06-23T23:55:00+00:00,3000.0,1500.0,60,23,0,Monday,90,1,100,advance fee,en,Bill pay kiosk,1
b4e56873-3e70-43d4-a7b2-af3992f3b0e7,synth_985d96603755,unbanked,tabddpm_synthetic,,['en'],advance fee,2024-06-18T23:14:00+00:00,3000.0,1500.0,20,23,6,Sunday,30,1,16,advance fee,en,Bill pay kiosk,0
c76954ff-cd85-4182-87b0-657d17f47266,synth_176d4aa37e88,unbanked,tabddpm_synthetic,,['en'],advance fee,2024-01-07T00:58:00+00:00,3000.0,1500.0,20,0,6,Sunday,0,1,100,advance fee,en,Bill pay kiosk,0
05455538-e4f0-45e6-be3c-47cf69e47dd8,synth_c863adf86c95,unbanked,tabddpm_synthetic,,['en'],advance fee,2024-11-29T00:00:00+00:00,2579.77,192.6,60,0,0,Monday,12,163,27,advance fee,en,Bill pay kiosk,0
812ccdfc-9e0c-433a-a43f-0b5cff3131d6,synth_8e939364b428,unbanked,tabddpm_synthetic,,['en'],fake loan,2024-09-14T00:57:00+00:00,732.68,74.92,35,0,0,Monday,0,27,9,fake loan,en,Bill pay kiosk,0
3f9cdd36-b944-4d2a-bdd4-c49c3d563939,synth_a6d660f0d94d,unbanked,tabddpm_synthetic,,['en'],advance fee,2024-04-28T23:46:00+00:00,3000.0,1500.0,20,23,0,Monday,90,1,100,advance fee,en,Bill pay kiosk,0
dd7e2b8c-abce-48e1-9be6-340285365db6,synth_e749ae4dcd26,unbanked,tabddpm_synthetic,,['en'],advance fee,2024-04-18T00:09:00+00:00,626.38,0.0,20,0,0,Monday,90,236,41,advance fee,en,Bill pay kiosk,0
7ee72b8b-e44e-4e1e-8b27-da4457067362,synth_739f808e47db,unbanked,tabddpm_synthetic,,['en'],advance fee,2024-03-14T23:22:00+00:00,3000.0,807.75,60,23,1,Tuesday,0,1,100,advance fee,en,Bill pay kiosk,1
2169d149-aa59-4ddc-9827-94f439f58359,synth_f02a80b5f020,unbanked,tabddpm_synthetic,,['en'],advance fee,2024-08-29T09:31:00+00:00,162.44,29.52,27,9,0,Monday,21,1495,3,advance fee,en,Bill pay kiosk,0
3cd49d92-7184-4c96-9958-32136f7a27b8,synth_1604591af336,unbanked,tabddpm_synthetic,,['en'],advance fee,2024-07-27T04:15:00+00:00,449.18,73.95,20,4,0,Monday,53,2000,7,advance fee,en,Bill pay kiosk,0
49ba39a9-a6f3-453f-b49e-38dcc632eb2f,synth_8cfbd3402751,unbanked,tabddpm_synthetic,,['en'],advance fee,2024-01-29T09:16:00+00:00,1400.55,155.09,24,9,1,Tuesday,0,1266,10,advance fee,en,Bill pay kiosk,0
9a37e6c7-5300-48b5-bf9a-47ffea6d97d7,synth_6748489bf621,unbanked,tabddpm_synthetic,,['en'],advance fee,2024-05-08T23:51:00+00:00,3000.0,1500.0,20,23,6,Sunday,0,1,100,advance fee,en,Bill pay kiosk,0
51b18440-22b9-4426-9070-062c01c64b3b,synth_f2a4ef2374df,unbanked,tabddpm_synthetic,,['en'],advance fee,2024-07-02T00:40:00+00:00,3000.0,1494.94,45,0,0,Monday,68,1,100,advance fee,en,Bill pay kiosk,1
73d46043-f473-47fa-a452-2bab2ae8b9d0,synth_b09433ef3e81,unbanked,tabddpm_synthetic,,['en'],advance fee,2024-11-10T23:26:00+00:00,3000.0,1500.0,20,23,6,Sunday,90,1,100,advance fee,en,Bill pay kiosk,0
b364b9e1-b879-4ddd-abff-f45a93b17ff4,synth_122376ce0d11,unbanked,tabddpm_synthetic,,['en'],advance fee,2024-12-01T00:09:00+00:00,41.97,42.39,20,0,0,Monday,0,1461,8,advance fee,en,Bill pay kiosk,0
cd067cce-81e3-4d24-95d7-51c5615f60fd,synth_fc23b3d9b8a8,unbanked,tabddpm_synthetic,,['en'],advance fee,2024-03-21T07:39:00+00:00,10.0,0.0,20,7,0,Monday,90,1,33,advance fee,en,Bill pay kiosk,0
6cac5cdd-6f5e-40e7-993d-e9b98ab1fca1,synth_e23f1927fecd,unbanked,tabddpm_synthetic,,['en'],advance fee,2024-04-15T00:47:00+00:00,111.04,0.0,22,0,0,Monday,0,1855,14,advance fee,en,Bill pay kiosk,0
63b7dc23-04c7-48af-a212-9103d6bc825a,synth_4177af86a841,unbanked,tabddpm_synthetic,,['en'],advance fee,2024-09-28T23:04:00+00:00,3000.0,1500.0,60,23,0,Monday,90,1,100,advance fee,en,Bill pay kiosk,0
442912a7-a7c5-4d67-aa3c-9ff01f29575e,synth_91010ace0dce,unbanked,tabddpm_synthetic,,['en'],advance fee,2024-06-04T23:53:00+00:00,3000.0,1500.0,20,23,6,Sunday,0,1,100,advance fee,en,Bill pay kiosk,0
f52a03fe-7dde-41a6-a419-3f62cdee42f2,synth_26cd4ab34a27,unbanked,tabddpm_synthetic,,['en'],advance fee,2024-08-13T23:38:00+00:00,3000.0,1500.0,20,23,0,Monday,90,1,100,advance fee,en,Bill pay kiosk,0
231d21c9-46dd-417f-b215-a3f97dadae23,synth_daebbfd0a923,unbanked,tabddpm_synthetic,,['en'],advance fee,2024-07-16T00:48:00+00:00,3000.0,1500.0,20,0,1,Tuesday,43,1,100,advance fee,en,Bill pay kiosk,0
bb3edb74-b069-4b6a-9922-02f3e3b47208,synth_9c6873dcea69,unbanked,tabddpm_synthetic,,['en'],fake loan,2024-08-30T10:31:00+00:00,29.41,23.11,20,10,0,Monday,11,884,3,fake loan,en,Bill pay kiosk,0
fce15de2-fbb0-4d52-bceb-5bd059bb0f2f,synth_c58a8c388c77,unbanked,tabddpm_synthetic,,['en'],advance fee,2024-08-19T23:19:00+00:00,3000.0,1500.0,20,23,6,Sunday,70,1,100,advance fee,en,Bill pay kiosk,0
0e7e555d-6e99-4fe5-b6dd-c47f9b1e9535,synth_d82e1b9ce405,unbanked,tabddpm_synthetic,,['en'],advance fee,2024-08-12T23:25:00+00:00,3000.0,1500.0,20,23,0,Monday,90,1,100,advance fee,en,Bill pay kiosk,1
e74f9f8f-2245-41e4-a5d4-ea1632e6dd90,synth_dc9b840e704c,unbanked,tabddpm_synthetic,,['en'],advance fee,2024-05-17T00:05:00+00:00,1245.04,33.75,22,0,0,Monday,0,1,18,advance fee,en,Bill pay kiosk,0
00397f41-a3b1-48d9-a243-c1d58f493a97,synth_b4a8398fb296,unbanked,tabddpm_synthetic,,['en'],advance fee,2024-09-16T00:51:00+00:00,3000.0,1500.0,20,0,0,Monday,90,1,100,advance fee,en,Bill pay kiosk,1
3128a99d-a3fa-4b45-8671-673c6641f8ba,synth_94fa0e82b560,unbanked,tabddpm_synthetic,,['en'],advance fee,2024-02-09T09:41:00+00:00,264.6,15.78,35,9,0,Monday,32,734,3,advance fee,en,Bill pay kiosk,0
3299ec61-eb96-4764-9eba-6745238c1d97,synth_efc5411d945d,unbanked,tabddpm_synthetic,,['en'],advance fee,2024-11-02T09:02:00+00:00,641.28,38.69,20,9,0,Monday,28,2000,2,advance fee,en,Bill pay kiosk,0
f7f84db2-7192-45f5-b0c0-1c64303b00b8,synth_f7107a4f8cd7,unbanked,tabddpm_synthetic,,['en'],advance fee,2024-02-26T10:31:00+00:00,146.06,42.05,20,10,5,Saturday,66,1635,7,advance fee,en,Bill pay kiosk,0
d70839e3-ec76-4e4e-9c2c-a2374081b051,synth_d6595e9ede04,unbanked,tabddpm_synthetic,,['en'],advance fee,2024-02-20T11:18:00+00:00,10.0,0.0,20,11,0,Monday,90,1,69,advance fee,en,Bill pay kiosk,0
7640f4d7-ad4b-42ba-9f8d-225aa6264c95,synth_5da2a60ed0eb,unbanked,tabddpm_synthetic,,['en'],advance fee,2024-07-06T11:49:00+00:00,1684.22,61.79,38,11,4,Friday,0,805,15,advance fee,en,Bill pay kiosk,0
a689ea83-961e-4b2a-b202-d1e526f5ff3d,synth_38ea60574a0d,unbanked,tabddpm_synthetic,,['en'],advance fee,2024-11-26T10:34:00+00:00,256.14,43.17,20,10,0,Monday,20,1273,10,advance fee,en,Bill pay kiosk,0
91c76699-bea8-499f-9fb9-74641d13d88b,synth_a55acab67e9f,unbanked,tabddpm_synthetic,,['en'],advance fee,2024-11-13T23:58:00+00:00,3000.0,1500.0,20,23,0,Monday,0,1,100,advance fee,en,Bill pay kiosk,0
48386bec-a337-42b3-98ce-1a8aee27f290,synth_1a9e1161ec07,unbanked,tabddpm_synthetic,,['en'],advance fee,2024-06-04T00:07:00+00:00,93.99,4.92,30,0,0,Monday,0,2000,8,advance fee,en,Bill pay kiosk,0
f292caaa-759f-47df-ad3e-99a66c9fc666,synth_bd2bd29d5e68,unbanked,tabddpm_synthetic,,['en'],advance fee,2024-09-08T00:50:00+00:00,2622.0,173.25,60,0,0,Monday,23,1,76,advance fee,en,Bill pay kiosk,1
5a897121-6df8-4a66-9fbb-768da7c1f0ad,synth_977b52d9ce2a,unbanked,tabddpm_synthetic,,['en'],fake loan,2024-02-26T11:10:00+00:00,441.83,3.15,26,11,0,Monday,15,451,6,fake loan,en,Bill pay kiosk,0
a67aa5b9-6c57-48d5-851f-a0ae06922f93,synth_4a11d48dcbda,unbanked,tabddpm_synthetic,,['en'],advance fee,2024-11-16T23:19:00+00:00,3000.0,1500.0,20,23,0,Monday,90,1,100,advance fee,en,Bill pay kiosk,0
9354afc3-c1b9-4c66-a46a-1b07b0151103,synth_846ddc7556a5,unbanked,tabddpm_synthetic,,['en'],advance fee,2024-01-31T00:12:00+00:00,3000.0,1500.0,20,0,1,Tuesday,0,1,100,advance fee,en,Bill pay kiosk,0
6ec97c32-0f78-4ed1-b8b3-0805c207592e,synth_dc1c2d3a6482,unbanked,tabddpm_synthetic,,['en'],advance fee,2024-05-16T16:47:00+00:00,17.16,0.0,27,16,0,Monday,9,778,13,advance fee,en,Bill pay kiosk,0
57f11f2e-7279-431c-978f-17acc0a1ce97,synth_d1b96817eb0a,unbanked,tabddpm_synthetic,,['en'],advance fee,2024-10-26T23:40:00+00:00,3000.0,1500.0,20,23,6,Sunday,0,1,100,advance fee,en,Bill pay kiosk,1
d8ed091d-3e81-4b6f-8baa-f9a9acf712a4,synth_814e27f8d663,unbanked,tabddpm_synthetic,,['en'],advance fee,2024-05-15T23:55:00+00:00,3000.0,1500.0,20,23,6,Sunday,41,1,100,advance fee,en,Bill pay kiosk,0
9f1fa677-f234-4e6a-83d7-3ea2f8478a0a,synth_755eccd4bc54,unbanked,tabddpm_synthetic,,['en'],advance fee,2024-10-29T09:08:00+00:00,370.59,0.0,20,9,0,Monday,90,1,65,advance fee,en,Bill pay kiosk,0
f21df266-5ce0-4d7a-a73b-333210ca16b6,synth_0c6a68136a0a,unbanked,tabddpm_synthetic,,['en'],advance fee,2024-08-08T05:57:00+00:00,1445.02,0.0,20,5,0,Monday,90,1,89,advance fee,en,Bill pay kiosk,0
28ee7b6a-3652-4da3-b7ab-f09c884fc640,synth_d6641035d1c0,unbanked,tabddpm_synthetic,,['en'],advance fee,2024-08-18T00:30:00+00:00,289.37,29.14,23,0,0,Monday,0,1449,13,advance fee,en,Bill pay kiosk,0
ed56b57e-b251-47b3-a494-43afa0b17e9b,synth_a8f5d880bb86,unbanked,tabddpm_synthetic,,['en'],advance fee,2024-09-21T08:05:00+00:00,2788.28,219.35,20,8,6,Sunday,0,57,7,advance fee,en,Bill pay kiosk,0
03b0e5b6-08bb-440e-82b2-f71c3642881d,synth_d1a84f4facef,unbanked,tabddpm_synthetic,,['en'],advance fee,2024-04-04T13:33:00+00:00,1386.92,125.39,59,13,0,Monday,5,1387,7,advance fee,en,Bill pay kiosk,0
04e33866-fc15-46f0-8967-15c0106df87f,synth_ad93b5b8eaa8,unbanked,tabddpm_synthetic,,['en'],advance fee,2024-06-27T00:50:00+00:00,3000.0,1500.0,60,0,0,Monday,90,1,100,advance fee,en,Bill pay kiosk,1
3360a300-68e8-42d6-ac6c-1ac33e05df2f,synth_c1a9891e4065,unbanked,tabddpm_synthetic,,['en'],fake loan,2024-03-24T05:09:00+00:00,915.51,66.53,20,5,0,Monday,2,381,10,fake loan,en,Bill pay kiosk,0
1f3c6eb2-5866-4357-a25f-ba47afa5a772,synth_35b08bf926a0,unbanked,tabddpm_synthetic,,['en'],advance fee,2024-02-19T07:20:00+00:00,57.85,13.59,46,7,0,Monday,17,762,9,advance fee,en,Bill pay kiosk,0
cc941402-6f71-490b-89b7-9bbf655ebc1c,synth_63769e9d9fda,unbanked,tabddpm_synthetic,,['en'],advance fee,2024-11-11T23:42:00+00:00,3000.0,1500.0,20,23,6,Sunday,0,1,100,advance fee,en,Bill pay kiosk,0
1d64afe2-ae9d-4cc5-b65f-85742e8cb88e,synth_ee7efd0c0da6,unbanked,tabddpm_synthetic,,['en'],advance fee,2024-12-20T23:23:00+00:00,3000.0,1500.0,60,23,0,Monday,0,1136,56,advance fee,en,Bill pay kiosk,0
d556a57b-7078-4fcb-a4e9-8fe0081508b9,synth_71778094caf6,unbanked,tabddpm_synthetic,,['en'],advance fee,2024-03-28T10:42:00+00:00,247.48,9.94,33,10,0,Monday,3,1,4,advance fee,en,Bill pay kiosk,0
5aa41160-d6c7-4a17-9438-d70d75fbfa35,synth_2aa29942f00b,unbanked,tabddpm_synthetic,,['en'],advance fee,2024-11-09T07:11:00+00:00,1053.97,94.21,52,7,0,Monday,8,1204,9,advance fee,en,Bill pay kiosk,0
c4ceb887-b563-4dd3-a288-40696ceb204c,synth_1ae8e3a3becd,unbanked,tabddpm_synthetic,,['en'],advance fee,2024-10-06T23:13:00+00:00,3000.0,1500.0,60,23,6,Sunday,0,1,100,advance fee,en,Bill pay kiosk,0
11740a57-c1b1-4a91-8b38-c9e4b66aee63,synth_43bd3e30ad11,unbanked,tabddpm_synthetic,,['en'],advance fee,2024-02-24T14:57:00+00:00,1175.01,82.27,42,14,6,Sunday,2,1467,8,advance fee,en,Bill pay kiosk,0
aca2eda2-eb80-493d-a21d-70dd3c995ea5,synth_72bf59285a83,unbanked,tabddpm_synthetic,,['en'],advance fee,2024-07-20T09:37:00+00:00,399.46,49.77,36,9,0,Monday,12,1874,1,advance fee,en,Bill pay kiosk,0
1afd4671-2bcc-4436-a06b-a99ca4fd2005,synth_67ed3134cb83,unbanked,tabddpm_synthetic,,['en'],advance fee,2024-08-07T02:26:00+00:00,10.0,0.0,20,2,0,Monday,90,1052,10,advance fee,en,Bill pay kiosk,0
02c57571-148a-4347-8649-765146b07a5a,synth_9fba8ae68bb2,unbanked,tabddpm_synthetic,,['en'],advance fee,2024-12-20T19:39:00+00:00,10.0,0.0,20,19,0,Monday,90,1,87,advance fee,en,Bill pay kiosk,0
d080df40-8d45-4b28-b8b4-63bbea234dec,synth_99497f6308f3,unbanked,tabddpm_synthetic,,['en'],advance fee,2024-07-31T14:27:00+00:00,10.0,0.0,20,14,0,Monday,90,1,70,advance fee,en,Bill pay kiosk,1
19339072-a8d1-4126-b4b7-262318a84629,synth_87aa1f8670da,unbanked,tabddpm_synthetic,,['en'],advance fee,2024-09-24T23:37:00+00:00,3000.0,1500.0,20,23,0,Monday,90,1,100,advance fee,en,Bill pay kiosk,0
3bd64bff-f644-4f68-918d-4dcd7cb64588,synth_1520b6ec6595,unbanked,tabddpm_synthetic,,['en'],advance fee,2024-01-23T13:33:00+00:00,199.69,93.06,20,13,0,Monday,26,2000,4,advance fee,en,Bill pay kiosk,0
eab18d78-0173-44eb-af2b-7a171e73b94d,synth_45f1c99a7992,unbanked,tabddpm_synthetic,,['en'],advance fee,2024-07-21T05:12:00+00:00,10.0,0.0,20,5,0,Monday,90,1450,11,advance fee,en,Bill pay kiosk,0
21344121-f6a7-4a3c-bb5a-45ef159b9cdb,synth_3626b036cdd4,unbanked,tabddpm_synthetic,,['en'],advance fee,2024-07-02T00:25:00+00:00,3000.0,1500.0,20,0,0,Monday,90,1,100,advance fee,en,Bill pay kiosk,1
ec1173dc-8366-4722-9df8-90af6ed5e349,synth_ac889fdfc15a,unbanked,tabddpm_synthetic,,['en'],advance fee,2024-07-04T23:18:00+00:00,3000.0,1500.0,20,23,6,Sunday,0,1,100,advance fee,en,Bill pay kiosk,0
15f21e02-718c-4425-97b4-f49331bc8a1b,synth_0ae1a5149c7b,unbanked,tabddpm_synthetic,,['en'],advance fee,2024-10-24T23:28:00+00:00,3000.0,1500.0,20,23,0,Monday,90,1,100,advance fee,en,Bill pay kiosk,0
a16c7b5c-4e54-40f4-9ecc-193b6237e344,synth_24c2e04d7fdd,unbanked,tabddpm_synthetic,,['en'],advance fee,2024-10-12T21:57:00+00:00,3000.0,1500.0,20,21,6,Sunday,14,1,100,advance fee,en,Bill pay kiosk,0
5d0ebe81-730c-40cc-97a6-eed6bcad4218,synth_77c64cb6ace8,unbanked,tabddpm_synthetic,,['en'],advance fee,2024-05-06T10:17:00+00:00,150.86,72.27,20,10,0,Monday,41,2000,6,advance fee,en,Bill pay kiosk,0
8a124d0c-52d5-41f7-973a-3935622fa8b7,synth_8c53919c7141,unbanked,tabddpm_synthetic,,['en'],advance fee,2024-12-26T03:38:00+00:00,10.0,32.91,20,3,0,Monday,0,1182,7,advance fee,en,Bill pay kiosk,0
b65daf85-4127-4aa1-9d48-f5d629340216,synth_3f0e44efa914,unbanked,tabddpm_synthetic,,['en'],advance fee,2024-09-28T10:59:00+00:00,10.0,0.0,20,10,5,Saturday,90,986,4,advance fee,en,Bill pay kiosk,0
ca2ac3e3-d2de-4a69-945a-65bfe2ff46c2,synth_6f0ea41fbe9d,unbanked,tabddpm_synthetic,,['en'],advance fee,2024-02-06T01:50:00+00:00,1219.5,19.15,20,1,0,Monday,90,2000,17,advance fee,en,Bill pay kiosk,0
b14550c3-002b-4f6f-9ec5-20ee9e594aab,synth_9b17dad13499,unbanked,tabddpm_synthetic,,['en'],advance fee,2024-10-01T00:20:00+00:00,3000.0,1500.0,60,0,0,Monday,58,1,100,advance fee,en,Bill pay kiosk,0
33599515-9c71-413b-a335-e8b5ea1ac6d6,synth_137f3b055107,unbanked,tabddpm_synthetic,,['en'],advance fee,2024-02-03T23:51:00+00:00,3000.0,1500.0,20,23,0,Monday,90,1,100,advance fee,en,Bill pay kiosk,0
425e7444-d47d-463a-8f49-393cd4f227b5,synth_b755fe35b84c,unbanked,tabddpm_synthetic,,['en'],fake loan,2024-11-12T09:56:00+00:00,842.81,55.26,20,9,1,Tuesday,15,1028,6,fake loan,en,Bill pay kiosk,0
18c5b7cf-a137-4fd5-96a3-324ddc9f0d01,synth_30f7f9d9a1bc,unbanked,tabddpm_synthetic,,['en'],advance fee,2024-02-17T23:17:00+00:00,3000.0,1500.0,60,23,0,Monday,0,1,100,advance fee,en,Bill pay kiosk,0
9066fe07-0900-4431-a77c-37ae667dba8e,synth_4c1fa5507021,unbanked,tabddpm_synthetic,,['en'],advance fee,2024-09-09T14:18:00+00:00,387.24,24.01,20,14,5,Saturday,9,1585,6,advance fee,en,Cash (informal),0
fe0aa6a5-942a-491b-a0ef-38f93bb63e27,synth_3a7d6047b591,unbanked,tabddpm_synthetic,,['en'],advance fee,2024-02-28T00:14:00+00:00,3000.0,1500.0,20,0,6,Sunday,31,1,100,advance fee,en,Bill pay kiosk,0
5e157855-8d35-441d-9d3f-d52a1b8584d6,synth_ed359db1c718,unbanked,tabddpm_synthetic,,['en'],advance fee,2024-10-25T08:07:00+00:00,480.25,41.47,20,8,0,Monday,6,587,3,advance fee,en,Bill pay kiosk,0
f33b2c79-2ddb-4e29-b0db-1cbc5e1e2736,synth_c4e2883a1c09,unbanked,tabddpm_synthetic,,['en'],advance fee,2024-09-08T23:04:00+00:00,3000.0,1500.0,20,23,0,Monday,80,1,100,advance fee,en,Bill pay kiosk,0
98117b4e-b92a-450d-b53e-237f2373e9b4,synth_7709998b27eb,unbanked,tabddpm_synthetic,,['en'],advance fee,2024-01-12T00:36:00+00:00,3000.0,1500.0,20,0,6,Sunday,0,1,100,advance fee,en,Bill pay kiosk,0
fae282ea-48dc-4277-9a2a-24154fa09f48,synth_19694a36f631,unbanked,tabddpm_synthetic,,['en'],advance fee,2024-03-17T03:43:00+00:00,10.0,0.0,20,3,0,Monday,90,1,29,advance fee,en,Bill pay kiosk,0
661876f1-86fb-4f5a-b7ed-d1a83b153cd2,synth_4b1d29d4f93a,unbanked,tabddpm_synthetic,,['en'],advance fee,2024-07-06T11:38:00+00:00,611.24,97.33,20,11,0,Monday,10,1044,6,advance fee,en,Bill pay kiosk,0
dfce39bb-9694-424c-b7f8-9820d72a7433,synth_14072df4dea2,unbanked,tabddpm_synthetic,,['es'],advance fee,2024-06-27T15:43:00+00:00,367.34,41.09,20,15,0,Monday,4,1138,9,advance fee,es,Bill pay kiosk,0
9aa838e5-cd0a-4ade-98f0-bfa7624dc149,synth_671a745d057e,unbanked,tabddpm_synthetic,,['en'],advance fee,2024-08-29T23:27:00+00:00,3000.0,1500.0,20,23,0,Monday,90,1,100,advance fee,en,Bill pay kiosk,1
11997cad-715d-44c9-aad5-73869f53c855,synth_e343a2d2948e,unbanked,tabddpm_synthetic,,['en'],advance fee,2024-09-08T23:28:00+00:00,3000.0,0.0,20,23,6,Sunday,90,1,100,advance fee,en,Bill pay kiosk,0
d86d258e-9046-42d5-b03f-38acee07d66b,synth_99d75632f1b1,unbanked,tabddpm_synthetic,,['en'],advance fee,2024-06-02T23:40:00+00:00,3000.0,1500.0,20,23,6,Sunday,0,1,100,advance fee,en,Bill pay kiosk,0
9c457af8-f1fe-4fb0-83ce-8a9977de3439,synth_97cdb90a2b53,unbanked,tabddpm_synthetic,,['en'],advance fee,2024-03-14T00:56:00+00:00,293.73,0.0,60,0,0,Monday,0,2000,14,advance fee,en,Bill pay kiosk,0
0d0c7876-f27b-4e98-a19d-751880cc19f7,synth_69a6184f9593,unbanked,tabddpm_synthetic,,['en'],advance fee,2024-05-30T09:30:00+00:00,10.0,0.0,20,9,3,Thursday,90,982,0,advance fee,en,Bill pay kiosk,0
0789f252-8b3a-4e6a-aeef-1091a760c4ed,synth_ed5655435b82,unbanked,tabddpm_synthetic,,['en'],advance fee,2024-01-14T00:19:00+00:00,496.16,52.23,38,0,0,Monday,0,1,8,advance fee,en,Bill pay kiosk,0
04671975-d8bd-48a3-ab48-da2726075190,synth_9f4eca7f0fd1,unbanked,tabddpm_synthetic,,['en'],advance fee,2024-03-23T12:44:00+00:00,34.31,0.31,46,12,2,Wednesday,2,499,4,advance fee,en,Bill pay kiosk,0
08baae8e-e6f7-4ae2-a9f1-be5d89a9b8bf,synth_95f8a8f3407e,unbanked,tabddpm_synthetic,,['en'],advance fee,2024-01-13T00:59:00+00:00,3000.0,277.75,60,0,0,Monday,0,386,13,advance fee,en,Bill pay kiosk,0
b4bf68ca-88cd-4bf3-80a3-909b3ad387b0,synth_7dfb135df9b7,unbanked,tabddpm_synthetic,,['en'],advance fee,2024-02-29T10:28:00+00:00,10.0,0.0,46,10,0,Monday,84,300,11,advance fee,en,Bill pay kiosk,0
7acc9c48-72a6-4e46-985b-8c16ec3a4772,synth_0c1dbc5a66ec,unbanked,tabddpm_synthetic,,['en'],advance fee,2024-01-14T06:07:00+00:00,290.12,55.89,28,6,1,Tuesday,72,566,7,advance fee,en,Bill pay kiosk,0
0b4b8674-d6eb-4536-8089-fd2b5bcedaa0,synth_55390090bc4d,unbanked,tabddpm_synthetic,,['en'],advance fee,2024-08-23T23:40:00+00:00,3000.0,1500.0,60,23,0,Monday,90,1,100,advance fee,en,Bill pay kiosk,0
c2918692-04ec-4209-80ea-5a80dfd9784e,synth_3269f7d06585,unbanked,tabddpm_synthetic,,['en'],advance fee,2024-04-27T10:27:00+00:00,243.77,49.08,20,10,0,Monday,56,2000,4,advance fee,en,Bill pay kiosk,0
855c9db5-6756-4bca-9023-177d95450aff,synth_2149884bb53c,unbanked,tabddpm_synthetic,,['en'],advance fee,2024-06-17T09:56:00+00:00,3000.0,622.52,20,9,0,Monday,90,317,16,advance fee,en,Bill pay kiosk,0
d4cd3802-7003-4385-bf94-a45deeb26327,synth_dddc9e4ec209,unbanked,tabddpm_synthetic,,['en'],advance fee,2024-12-12T23:46:00+00:00,3000.0,1500.0,20,23,0,Monday,90,1,100,advance fee,en,Bill pay kiosk,0
ebed4981-140b-4cf1-b5dc-a601af067cca,synth_be7012993341,unbanked,tabddpm_synthetic,,['en'],advance fee,2024-07-29T09:02:00+00:00,112.19,13.92,29,9,0,Monday,5,767,7,advance fee,en,Bill pay kiosk,0
21caa6e6-f682-4a21-a8f9-62388eda0d7d,synth_b0341f3cdef9,unbanked,tabddpm_synthetic,,['en'],advance fee,2024-05-29T00:18:00+00:00,431.63,51.15,20,0,0,Monday,0,2000,7,advance fee,en,Bill pay kiosk,0
c29923a8-babe-4afc-95ed-2a82f21a8278,synth_bc94b6c48fb4,unbanked,tabddpm_synthetic,,['en'],advance fee,2024-06-18T14:51:00+00:00,3000.0,1500.0,20,14,0,Monday,90,1,100,advance fee,en,Bill pay kiosk,0
00e81caa-f101-4035-8dc5-7f2621b7f284,synth_3e4cab76ea48,unbanked,tabddpm_synthetic,,['en'],advance fee,2024-10-11T10:22:00+00:00,431.94,47.81,29,10,2,Wednesday,1,1462,5,advance fee,en,Bill pay kiosk,0
95d4116e-2230-4568-9b66-017f4c301ccd,synth_c353757b4ea8,unbanked,tabddpm_synthetic,,['en'],advance fee,2024-11-25T10:41:00+00:00,59.15,0.0,20,10,0,Monday,77,1500,8,advance fee,en,Bill pay kiosk,0
8f43d959-7939-43c7-915c-ca8cb39d6ae2,synth_0627b98bd7e1,unbanked,tabddpm_synthetic,,['en'],advance fee,2024-09-27T00:06:00+00:00,3000.0,1410.24,20,0,0,Monday,87,1,100,advance fee,en,Bill pay kiosk,1
54ce2b9a-ffb4-466e-9698-87b51503a948,synth_0af3e7f015fd,unbanked,tabddpm_synthetic,,['en'],advance fee,2024-09-10T23:33:00+00:00,3000.0,1010.67,60,23,0,Monday,22,1,29,advance fee,en,Bill pay kiosk,0
142e62d4-02f6-4581-9374-7b54d92e57af,synth_e0c514e5a1b9,unbanked,tabddpm_synthetic,,['en'],fake loan,2024-05-08T11:38:00+00:00,119.5,5.05,24,11,6,Sunday,20,61,9,fake loan,en,Bill pay kiosk,0
32190338-e34d-4d2b-9f98-b5d0477ed36a,synth_f651ea8462f7,unbanked,tabddpm_synthetic,,['en'],advance fee,2024-07-21T16:11:00+00:00,258.33,36.78,20,16,0,Monday,46,795,10,advance fee,en,Bill pay kiosk,0
b9657edf-e8cf-4036-a496-c5fc50d2aa2a,synth_897207080c78,unbanked,tabddpm_synthetic,,['en'],advance fee,2024-03-02T16:51:00+00:00,395.98,43.89,44,16,0,Monday,0,1534,6,advance fee,en,Bill pay kiosk,0
7f3a0145-57a0-4608-8a7d-c72283a38745,synth_3f22c1ecc80e,unbanked,tabddpm_synthetic,,['en'],advance fee,2024-03-10T17:03:00+00:00,2810.68,408.04,50,17,0,Monday,11,1,14,advance fee,en,Bill pay kiosk,0
9294ef65-0ce7-40f1-bc2c-16c3f28290ba,synth_5b0a5976a08f,unbanked,tabddpm_synthetic,,['en'],advance fee,2024-01-06T23:29:00+00:00,3000.0,1500.0,20,23,6,Sunday,90,1,100,advance fee,en,Bill pay kiosk,0
8771b9e6-1c21-476c-9751-256b1b3e6ae4,synth_e0b2c7791cb9,unbanked,tabddpm_synthetic,,['en'],advance fee,2024-05-12T00:30:00+00:00,3000.0,1500.0,20,0,0,Monday,90,1,100,advance fee,en,Bill pay kiosk,0
738d5940-d604-44a9-ae12-8aa69a95d104,synth_4c62034db389,unbanked,tabddpm_synthetic,,['en'],advance fee,2024-07-10T05:37:00+00:00,866.37,66.56,20,5,6,Sunday,65,2000,12,advance fee,en,Bill pay kiosk,0
8a0fba2c-c3f3-41e7-9d74-08bf7b3b60a0,synth_16a929f6ce67,unbanked,tabddpm_synthetic,,['en'],advance fee,2024-02-20T00:05:00+00:00,612.06,28.54,20,0,0,Monday,0,2000,13,advance fee,en,Bill pay kiosk,0
53401b33-0c6e-4a03-b59a-12fe93fe039d,synth_d05ac943802e,unbanked,tabddpm_synthetic,,['en'],advance fee,2024-09-05T10:59:00+00:00,677.84,77.25,20,10,0,Monday,76,1792,11,advance fee,en,Bill pay kiosk,0
88023e9d-da29-440b-a7ed-67f8d489cffe,synth_6ba014a67b66,unbanked,tabddpm_synthetic,,['en'],advance fee,2024-07-08T00:15:00+00:00,3000.0,1500.0,60,0,6,Sunday,0,1,100,advance fee,en,Bill pay kiosk,0
29db35c0-a461-408a-ba1f-1477a7172ed8,synth_cdfc189504e9,unbanked,tabddpm_synthetic,,['en'],advance fee,2024-08-07T20:20:00+00:00,886.94,89.67,20,20,0,Monday,44,759,7,advance fee,en,Bill pay kiosk,0
f2bfed10-9061-439e-9d10-4d16d055b735,synth_b3fb6a74397b,unbanked,tabddpm_synthetic,,['en'],advance fee,2024-06-20T23:09:00+00:00,3000.0,1500.0,20,23,6,Sunday,0,1,100,advance fee,en,Bill pay kiosk,0
c0e58a20-6244-4dde-920c-aaf380c366c9,synth_78a62bc195fd,unbanked,tabddpm_synthetic,,['en'],advance fee,2024-03-13T00:52:00+00:00,1772.71,181.23,60,0,0,Monday,0,829,33,advance fee,en,Bill pay kiosk,1
b1503015-a0d4-4031-aedf-50e670a5fa49,synth_8d657ebc1707,unbanked,tabddpm_synthetic,,['en'],advance fee,2024-07-11T00:26:00+00:00,1547.31,105.57,60,0,0,Monday,0,1185,18,advance fee,en,Bill pay kiosk,0
84403ce1-2319-4bb1-8c41-e4a88e5ddbbf,synth_d20fae7bbb05,unbanked,tabddpm_synthetic,,['en'],advance fee,2024-07-20T00:38:00+00:00,199.19,25.16,20,0,0,Monday,0,2000,12,advance fee,en,Bill pay kiosk,0
67519aeb-56d5-46fc-be4c-3062c57917f4,synth_98bef1d9fe26,unbanked,tabddpm_synthetic,,['en'],advance fee,2024-05-07T10:22:00+00:00,101.68,0.0,46,10,0,Monday,1,1313,6,advance fee,en,Bill pay kiosk,0
a527baeb-727e-4cbf-af08-154e331b16ce,synth_0a0f3a9e779c,unbanked,tabddpm_synthetic,,['en'],advance fee,2024-04-10T00:08:00+00:00,3000.0,1500.0,60,0,0,Monday,90,1,100,advance fee,en,Bill pay kiosk,1
91cd326b-b186-49e9-8e28-fbd9bc6ee4d3,synth_8c786430ed98,unbanked,tabddpm_synthetic,,['en'],advance fee,2024-04-29T00:15:00+00:00,307.48,11.76,35,0,0,Monday,0,333,7,advance fee,en,Bill pay kiosk,0
ebde502b-9c54-4a43-858d-0dab3608d17c,synth_1f2b49bb4558,unbanked,tabddpm_synthetic,,['en'],advance fee,2024-07-31T23:55:00+00:00,3000.0,1500.0,20,23,0,Monday,90,1,100,advance fee,en,Bill pay kiosk,0
fed1dff6-44f8-4d1f-a35d-0063688d6b48,synth_c3c8d20b92ad,unbanked,tabddpm_synthetic,,['en'],advance fee,2024-06-04T23:11:00+00:00,3000.0,1500.0,20,23,6,Sunday,0,1,100,advance fee,en,Bill pay kiosk,0
0be06d6c-e7d8-4987-9f44-ad8e4c6043a5,synth_a01805f931d4,unbanked,tabddpm_synthetic,,['en'],advance fee,2024-05-26T23:20:00+00:00,3000.0,1500.0,20,23,0,Monday,90,1,100,advance fee,en,Bill pay kiosk,0
628f9ce0-36d8-4cea-bdb5-5f65d313d891,synth_27957f8ddcca,unbanked,tabddpm_synthetic,,['en'],advance fee,2024-04-23T23:19:00+00:00,10.0,0.0,20,23,0,Monday,90,1,100,advance fee,en,Bill pay kiosk,0
68d3d69f-e02d-4b66-b7df-c576680d9301,synth_3993e894639b,unbanked,tabddpm_synthetic,,['en'],advance fee,2024-08-10T15:22:00+00:00,10.0,0.0,20,15,0,Monday,90,1050,17,advance fee,en,Bill pay kiosk,0
7518fc7a-77ed-466f-a323-b44bcab7cec2,synth_8162f725e070,unbanked,tabddpm_synthetic,,['en'],advance fee,2024-10-20T23:13:00+00:00,3000.0,1500.0,20,23,0,Monday,90,1,100,advance fee,en,Bill pay kiosk,0
f6a1d231-4aba-450e-a074-f94c76d8cf68,synth_04eab1945609,unbanked,tabddpm_synthetic,,['en'],advance fee,2024-11-09T10:32:00+00:00,418.58,66.18,20,10,0,Monday,7,1368,10,advance fee,en,Bill pay kiosk,0
a3500bf2-3234-4c36-af8d-f25e460a1662,synth_ceb8843e90f7,unbanked,tabddpm_synthetic,,['en'],advance fee,2024-02-27T00:02:00+00:00,100.96,19.55,20,0,0,Monday,0,1150,7,advance fee,en,Bill pay kiosk,0
64ad23ff-e9db-43a8-bfb3-fda80001b000,synth_1d8fbcd3390d,unbanked,tabddpm_synthetic,,['en'],advance fee,2024-01-24T10:34:00+00:00,383.06,78.37,20,10,0,Monday,25,2000,1,advance fee,en,Bill pay kiosk,0
e5067fdb-1f51-4a82-9769-f7704b55d691,synth_5ceeb2641ba5,unbanked,tabddpm_synthetic,,['en'],advance fee,2024-12-05T23:49:00+00:00,3000.0,1500.0,20,23,0,Monday,90,1,100,advance fee,en,Bill pay kiosk,0
1c4d814a-f88b-4d87-ab67-92f680b09474,synth_b0f900117dad,unbanked,tabddpm_synthetic,,['en'],advance fee,2024-03-26T01:50:00+00:00,424.32,45.42,20,1,0,Monday,78,2000,18,advance fee,en,Bill pay kiosk,0
0eaac739-1a3d-426e-a75e-a1b47ddd7450,synth_8c08e2d52f1d,unbanked,tabddpm_synthetic,,['en'],fake loan,2024-09-28T00:19:00+00:00,477.26,35.8,20,0,0,Monday,0,2000,10,fake loan,en,Bill pay kiosk,0
46508571-53cd-4042-914e-c2584869526f,synth_677eaf07b67e,unbanked,tabddpm_synthetic,,['en'],advance fee,2024-04-11T00:02:00+00:00,1468.75,115.28,49,0,0,Monday,76,1126,27,advance fee,en,Bill pay kiosk,0
ab64b026-5c9f-4851-81ef-a944ce83a3b3,synth_bbc9a47bae91,unbanked,tabddpm_synthetic,,['en'],advance fee,2024-10-09T09:25:00+00:00,171.95,25.61,20,9,6,Sunday,16,2000,3,advance fee,en,Bill pay kiosk,0
940103b0-9cf2-4f6e-b369-c970ceda44fb,synth_e46d39880472,unbanked,tabddpm_synthetic,,['en'],advance fee,2024-12-21T12:02:00+00:00,138.68,23.48,20,12,0,Monday,9,1277,7,advance fee,en,Bill pay kiosk,0
e5dcba2a-ef01-4f20-9a57-b5cc6add5a81,synth_609aa82da5af,unbanked,tabddpm_synthetic,,['en'],advance fee,2024-12-18T08:22:00+00:00,10.0,0.0,20,8,0,Monday,90,1,43,advance fee,en,Bill pay kiosk,0
37f7c354-4cf0-403e-a495-07ba6e23a93d,synth_907d83e3dca5,unbanked,tabddpm_synthetic,,['en'],advance fee,2024-10-01T22:16:00+00:00,1506.05,196.95,20,22,3,Thursday,25,1194,6,advance fee,en,Bill pay kiosk,0
4be4d9ac-a8d6-4ff9-9c42-0a27bc2a69db,synth_1f3c8aa52ae0,unbanked,tabddpm_synthetic,,['en'],advance fee,2024-10-30T11:12:00+00:00,10.0,53.95,20,11,0,Monday,28,2000,5,advance fee,en,Bill pay kiosk,0
5978ff47-d88f-481b-8d6a-33cb3b8283ed,synth_15754312ad7c,unbanked,tabddpm_synthetic,,['en'],advance fee,2024-02-18T00:21:00+00:00,3000.0,335.36,20,0,0,Monday,85,1,79,advance fee,en,Bill pay kiosk,1
3221123d-69b2-4899-8932-65c00aa4d301,synth_eeec72150d99,unbanked,tabddpm_synthetic,,['en'],advance fee,2024-12-12T12:00:00+00:00,335.68,14.9,32,12,2,Wednesday,0,1,12,advance fee,en,Bill pay kiosk,0
0d50f2f3-3bd5-4a2d-9921-ddcefb928b72,synth_d5079cec3380,unbanked,tabddpm_synthetic,,['en'],advance fee,2024-03-18T07:46:00+00:00,86.64,0.0,20,7,0,Monday,31,1745,9,advance fee,en,Bill pay kiosk,0
ac8e996d-c373-4145-a4c7-56dfdee3d218,synth_000dbd2d6ac4,unbanked,tabddpm_synthetic,,['en'],advance fee,2024-07-28T08:09:00+00:00,276.33,38.86,20,8,0,Monday,0,1677,5,advance fee,en,Bill pay kiosk,0
e41cb980-4661-4878-8e6d-672b6ab321ca,synth_4fe693c85a07,unbanked,tabddpm_synthetic,,['en'],advance fee,2024-04-28T01:52:00+00:00,179.15,0.0,20,1,2,Wednesday,90,1,26,advance fee,en,Bill pay kiosk,0
61287087-a2df-4e83-82ab-4f5ceb01e1e3,synth_b6509b15a911,unbanked,tabddpm_synthetic,,['en'],advance fee,2024-08-04T23:28:00+00:00,3000.0,1500.0,52,23,0,Monday,90,1,100,advance fee,en,Bill pay kiosk,1
5f4a59f3-6afe-4fa5-be65-25a07b180650,synth_ba4cb000807b,unbanked,tabddpm_synthetic,,['en'],advance fee,2024-01-07T00:31:00+00:00,324.64,26.87,55,0,0,Monday,0,2000,15,advance fee,en,Bill pay kiosk,0
4685abb0-1a06-4eca-b89f-01f190a8f5fd,synth_ac7db608afbb,unbanked,tabddpm_synthetic,,['en'],advance fee,2024-03-02T07:14:00+00:00,1820.14,184.35,20,7,1,Tuesday,33,1188,9,advance fee,en,Bill pay kiosk,0
378be828-59d8-49fc-987c-621beb2e0611,synth_34146148838a,unbanked,tabddpm_synthetic,,['en'],advance fee,2024-04-23T23:07:00+00:00,3000.0,1500.0,60,23,0,Monday,90,1,100,advance fee,en,Bill pay kiosk,0
60cab4c9-525a-41ee-ba87-6aac00e64c70,synth_a73eec75fcf7,unbanked,tabddpm_synthetic,,['en'],advance fee,2024-12-01T12:50:00+00:00,561.49,102.27,20,12,0,Monday,22,2000,5,advance fee,en,Bill pay kiosk,0
75c0981e-1e1f-49a6-81d4-0177642696ef,synth_b36c8f69fb6c,unbanked,tabddpm_synthetic,,['en'],advance fee,2024-07-09T13:33:00+00:00,426.33,85.9,20,13,0,Monday,21,2000,0,advance fee,en,Bill pay kiosk,0
cca017fc-dff5-4382-b03a-2bee02d67082,synth_e8d0fe23c00c,unbanked,tabddpm_synthetic,,['en'],advance fee,2024-12-04T23:47:00+00:00,3000.0,1500.0,20,23,0,Monday,90,1,100,advance fee,en,Bill pay kiosk,0
9bb20407-08f2-400b-bc04-3f1f763632fe,synth_62fcf5de6788,unbanked,tabddpm_synthetic,,['en'],advance fee,2024-10-22T13:14:00+00:00,240.54,33.69,32,13,5,Saturday,9,1384,10,advance fee,en,Bill pay kiosk,0
0f09a335-61b2-43e9-9bd1-2cffa8f139e6,synth_2b80517e0a3e,unbanked,tabddpm_synthetic,,['en'],advance fee,2024-12-13T07:33:00+00:00,1782.49,70.76,20,7,3,Thursday,0,898,11,advance fee,en,Bill pay kiosk,0
0925dffa-3ff2-4b71-8376-d67a346c59f9,synth_b9fa168cb41f,unbanked,tabddpm_synthetic,,['en'],advance fee,2024-04-02T00:45:00+00:00,1368.0,85.12,46,0,0,Monday,16,377,17,advance fee,en,Bill pay kiosk,0
047e79cd-114e-4c2a-af6a-ecf046b19636,synth_4836b515345b,unbanked,tabddpm_synthetic,,['en'],advance fee,2024-05-28T00:54:00+00:00,838.28,94.11,20,0,0,Monday,0,2000,11,advance fee,en,Bill pay kiosk,0
29dcc317-4b63-4893-a2b4-03d0bb16da4a,synth_1f501d35b80c,unbanked,tabddpm_synthetic,,['en'],advance fee,2024-01-30T11:47:00+00:00,140.55,0.0,45,11,0,Monday,44,1210,10,advance fee,en,Bill pay kiosk,0
305475cb-b205-4f69-9234-ab83926347e7,synth_a8a3d8c6f03b,unbanked,tabddpm_synthetic,,['en'],advance fee,2024-01-13T23:27:00+00:00,994.33,0.0,20,23,0,Monday,90,1,100,advance fee,en,Bill pay kiosk,0
fb6610ed-1094-41e1-9572-848ba214eb3d,synth_9f6ccd431f67,unbanked,tabddpm_synthetic,,['en'],advance fee,2024-03-17T10:02:00+00:00,161.59,0.0,43,10,0,Monday,9,2000,10,advance fee,en,Bill pay kiosk,0
17729c61-195a-4a97-a9f4-ce15914a81be,synth_32ab8ed1f6f6,unbanked,tabddpm_synthetic,,['en'],advance fee,2024-09-12T00:18:00+00:00,3000.0,627.22,60,0,0,Monday,44,1,100,advance fee,en,Bill pay kiosk,1
8541d84c-bf55-4a45-b4db-9b467b50bc1d,synth_8c2e97757aa6,unbanked,tabddpm_synthetic,,['en'],advance fee,2024-09-16T23:21:00+00:00,10.0,0.0,20,23,0,Monday,90,1,100,advance fee,en,Bill pay kiosk,0
a9a29bb7-1b21-4dbd-ab77-f8576752f1e7,synth_7add3283e162,unbanked,tabddpm_synthetic,,['en'],advance fee,2024-02-05T11:50:00+00:00,387.04,54.14,20,11,6,Sunday,38,1809,6,advance fee,en,Bill pay kiosk,0
9c6fc82a-ea4c-4918-9f7a-281b41290c25,synth_e302cbf147b5,unbanked,tabddpm_synthetic,,['en'],fake loan,2024-07-08T10:40:00+00:00,230.12,25.85,22,10,0,Monday,5,777,9,fake loan,en,Bill pay kiosk,0
157da9e1-cd21-4610-8f22-1233280b172e,synth_685ac90d211b,unbanked,tabddpm_synthetic,,['en'],advance fee,2024-03-28T23:11:00+00:00,3000.0,1500.0,20,23,3,Thursday,90,1,100,advance fee,en,Bill pay kiosk,0
3de2b394-4b15-4bd7-8130-9002f8dcc1f8,synth_7239560b5d8a,unbanked,tabddpm_synthetic,,['en'],advance fee,2024-06-12T23:43:00+00:00,3000.0,1500.0,20,23,6,Sunday,40,1,100,advance fee,en,Bill pay kiosk,0
99a4d66c-2bdd-4e71-a3bc-e14f83908e33,synth_647dbef5baa5,unbanked,tabddpm_synthetic,,['en'],advance fee,2024-04-11T00:13:00+00:00,3000.0,1500.0,60,0,0,Monday,0,1,100,advance fee,en,Bill pay kiosk,0
5c964226-8421-4c9e-bf7e-2fe686da2cf2,synth_f7404dfc5d3a,unbanked,tabddpm_synthetic,,['en'],advance fee,2024-01-09T23:16:00+00:00,3000.0,1500.0,36,23,0,Monday,90,1,100,advance fee,en,Bill pay kiosk,0
3a74f2b4-5e92-4a90-9e23-83d07a28abfc,synth_92aab5fc8664,unbanked,tabddpm_synthetic,,['en'],advance fee,2024-04-27T00:40:00+00:00,10.0,12.32,20,0,0,Monday,0,834,11,advance fee,en,Bill pay kiosk,0
b054326b-ff4b-49d3-bc88-791d63b5ba40,synth_24d3ce86d235,unbanked,tabddpm_synthetic,,['en'],advance fee,2024-03-24T08:03:00+00:00,405.69,38.78,20,8,0,Monday,28,2000,5,advance fee,en,Bill pay kiosk,0
59f887cf-138e-4f96-8cac-8349e947cfa2,synth_a255b8ab1224,unbanked,tabddpm_synthetic,,['en'],advance fee,2024-04-24T16:21:00+00:00,2548.59,259.36,20,16,1,Tuesday,7,1333,4,advance fee,en,Bill pay kiosk,0
bed29fe8-20ff-4c77-b073-a8bad8e2726b,synth_ba27a6dc0edc,unbanked,tabddpm_synthetic,,['en'],advance fee,2024-08-11T00:51:00+00:00,3000.0,1500.0,20,0,6,Sunday,0,1,100,advance fee,en,Bill pay kiosk,0
2fe36e66-b77f-4cfe-a99b-480b1180cb48,synth_6acc159defb1,unbanked,tabddpm_synthetic,,['en'],advance fee,2024-12-29T23:56:00+00:00,3000.0,1500.0,60,23,0,Monday,0,1,100,advance fee,en,Bill pay kiosk,1
f256cb61-c333-4dba-bd9a-6c0101c1a6ad,synth_a96ee9129a11,unbanked,tabddpm_synthetic,,['en'],advance fee,2024-02-05T23:49:00+00:00,3000.0,1500.0,20,23,6,Sunday,0,1,100,advance fee,en,Bill pay kiosk,0
53479ddf-aeda-4e6b-ac2c-68771505821d,synth_558aacc2491e,unbanked,tabddpm_synthetic,,['en'],advance fee,2024-11-14T13:44:00+00:00,19.01,0.0,34,13,0,Monday,2,1184,9,advance fee,en,Bill pay kiosk,0
394559d6-e0aa-40b4-9d52-cf848ad22379,synth_8fa1bbe77519,unbanked,tabddpm_synthetic,,['en'],advance fee,2024-07-13T00:21:00+00:00,3000.0,1500.0,20,0,0,Monday,76,1,100,advance fee,en,Bill pay kiosk,0
142bc1e9-e182-4ba3-9f24-8d3de42f7151,synth_c734442f191b,unbanked,tabddpm_synthetic,,['en'],advance fee,2024-04-25T14:43:00+00:00,240.29,25.48,20,14,0,Monday,4,967,7,advance fee,en,Bill pay kiosk,0
ef0303bb-b881-49a0-a0b1-1d31ae48564d,synth_7bdefb040358,unbanked,tabddpm_synthetic,,['en'],advance fee,2024-02-13T23:14:00+00:00,3000.0,1500.0,20,23,0,Monday,90,1,100,advance fee,en,Bill pay kiosk,0
e10d90ca-521e-45eb-a86c-745839006add,synth_b61a6b187274,unbanked,tabddpm_synthetic,,['en'],advance fee,2024-06-11T00:07:00+00:00,373.04,15.01,60,0,0,Monday,4,430,2,advance fee,en,Bill pay kiosk,0
512a46c4-8558-4654-a18a-8d2143cd3331,synth_7647555f3f94,unbanked,tabddpm_synthetic,,['en'],advance fee,2024-04-29T00:52:00+00:00,68.87,22.21,29,0,0,Monday,0,1978,6,advance fee,en,Bill pay kiosk,0
1d550d55-e457-4ea3-bc9a-f3f07a76fe11,synth_f78c58da3756,unbanked,tabddpm_synthetic,,['en'],advance fee,2024-10-30T23:30:00+00:00,3000.0,1500.0,20,23,6,Sunday,90,1,100,advance fee,en,Bill pay kiosk,0
282e68f8-0cb8-4e90-891a-9543879404d7,synth_06cfc3140365,unbanked,tabddpm_synthetic,,['en'],advance fee,2024-01-01T22:44:00+00:00,3000.0,1500.0,20,22,0,Monday,90,1,69,advance fee,en,Bill pay kiosk,0
3c63a419-fe37-4e69-9f26-45e53e7c4133,synth_27fef4d4eddc,unbanked,tabddpm_synthetic,,['en'],advance fee,2024-03-27T04:54:00+00:00,10.0,0.0,20,4,0,Monday,90,1,43,advance fee,en,Bill pay kiosk,0
0731b480-b806-43be-924e-b912cf14b321,synth_db7ad7c2bab2,unbanked,tabddpm_synthetic,,['en'],fake loan,2024-01-10T08:51:00+00:00,302.77,25.94,20,8,0,Monday,1,1562,6,fake loan,en,Bill pay kiosk,0
4f580a78-fd65-4c1b-96dc-4544f172164d,synth_78b40dd9bbce,unbanked,tabddpm_synthetic,,['en'],advance fee,2024-12-03T23:38:00+00:00,3000.0,1500.0,20,23,6,Sunday,0,1,100,advance fee,en,Bill pay kiosk,0
6932bef7-90b1-44e0-9e74-463b4b3923c7,synth_777019b4c1d9,unbanked,tabddpm_synthetic,,['en'],advance fee,2024-11-23T10:11:00+00:00,691.69,54.8,20,10,0,Monday,53,2000,2,advance fee,en,Bill pay kiosk,0
a829dfd1-19ad-411a-80b6-c3c05fddd5a1,synth_d5e371b81cf8,unbanked,tabddpm_synthetic,,['en'],advance fee,2024-06-19T12:32:00+00:00,509.59,34.98,20,12,0,Monday,22,1,18,advance fee,en,Bill pay kiosk,0
6d98e59b-a906-49a7-9e6b-27453b4fc06e,synth_a69c3bc86b53,unbanked,tabddpm_synthetic,,['en'],advance fee,2024-01-15T00:41:00+00:00,661.77,66.42,46,0,4,Friday,84,553,17,advance fee,en,Bill pay kiosk,0
f313f983-b67d-4c81-9f42-9d34d6a0ae02,synth_13eead2e6383,unbanked,tabddpm_synthetic,,['en'],advance fee,2024-12-16T00:40:00+00:00,3000.0,1500.0,60,0,0,Monday,34,1,100,advance fee,en,Bill pay kiosk,1
b2a278fa-f430-4cc9-bd0c-a70223b52385,synth_bc827c902e2d,unbanked,tabddpm_synthetic,,['en'],advance fee,2024-06-19T13:53:00+00:00,598.1,65.98,20,13,6,Sunday,48,140,5,advance fee,en,Bill pay kiosk,0
fa0877cb-8bc8-4afc-97e6-08c06ace2439,synth_5e2b23677892,unbanked,tabddpm_synthetic,,['en'],advance fee,2024-04-14T10:53:00+00:00,283.01,66.12,20,10,0,Monday,62,2000,8,advance fee,en,Bill pay kiosk,0
8a471272-db50-4a0d-adce-98671d2f5c74,synth_b02e45d4340a,unbanked,tabddpm_synthetic,,['en'],advance fee,2024-01-11T01:18:00+00:00,3000.0,1336.12,60,1,0,Monday,29,1,44,advance fee,en,Bill pay kiosk,0
d07fef47-ec40-40d3-8f72-3e1b2b0cab12,synth_b09643c4fb55,unbanked,tabddpm_synthetic,,['en'],advance fee,2024-11-14T12:28:00+00:00,301.8,42.38,60,12,2,Wednesday,3,564,4,advance fee,en,Bill pay kiosk,0
4c4f3add-a08d-433f-b3bd-9b8cc0621351,synth_871778b1ea88,unbanked,tabddpm_synthetic,,['en'],advance fee,2024-10-08T00:53:00+00:00,70.13,25.03,40,0,0,Monday,0,1904,7,advance fee,en,Bill pay kiosk,0
81035353-9e9c-47e2-a777-fbed9ccdab01,synth_5367183e17ac,unbanked,tabddpm_synthetic,,['en'],advance fee,2024-08-30T17:46:00+00:00,403.26,13.66,31,17,4,Friday,13,950,6,advance fee,en,Bill pay kiosk,0
323b4781-1dd0-45c7-9c37-ff9681d728e9,synth_41b40fb542e1,unbanked,tabddpm_synthetic,,['en'],advance fee,2024-06-21T13:12:00+00:00,740.23,78.01,20,13,1,Tuesday,90,1175,8,advance fee,en,Bill pay kiosk,0
154ab5ba-aaad-4bd8-8296-5940840984d3,synth_25c66b627d78,unbanked,tabddpm_synthetic,,['en'],fake loan,2024-03-11T08:10:00+00:00,689.08,58.74,20,8,2,Wednesday,20,2000,2,fake loan,en,Bill pay kiosk,0
6ec1b1b1-4964-40d8-87ec-4e8cfdbca8f3,synth_9cf7e261bfa0,unbanked,tabddpm_synthetic,,['en'],advance fee,2024-11-10T14:50:00+00:00,50.59,0.0,20,14,0,Monday,90,1,37,advance fee,en,Bill pay kiosk,0
eff6ddf1-e8ec-4938-a044-6317de377425,synth_ab8420b7ad2c,unbanked,tabddpm_synthetic,,['en'],advance fee,2024-07-19T08:54:00+00:00,299.55,20.46,32,8,0,Monday,15,1018,5,advance fee,en,Bill pay kiosk,0
fd2fbd20-130e-4ae6-b633-c7bf0b41b9d8,synth_54a0361f267b,unbanked,tabddpm_synthetic,,['en'],advance fee,2024-02-13T00:50:00+00:00,3000.0,1500.0,20,0,6,Sunday,90,1,100,advance fee,en,Bill pay kiosk,0
b0df897e-756f-4811-9734-2150d44cdf37,synth_a46dea7653ad,unbanked,tabddpm_synthetic,,['en'],advance fee,2024-03-25T15:39:00+00:00,541.58,17.57,26,15,0,Monday,0,1126,7,advance fee,en,Bill pay kiosk,0
7bac5bfe-a815-4f74-bd04-d55181ec3c86,synth_e126d4c1ead7,unbanked,tabddpm_synthetic,,['en'],advance fee,2024-04-02T00:20:00+00:00,3000.0,1500.0,20,0,2,Wednesday,28,1,100,advance fee,en,Bill pay kiosk,0
e3a51681-80a7-457a-8998-88c54d4551b9,synth_a2f67e1c3363,unbanked,tabddpm_synthetic,,['en'],advance fee,2024-09-10T23:32:00+00:00,3000.0,1500.0,20,23,0,Monday,90,1,100,advance fee,en,Bill pay kiosk,0
78498ab9-5e5c-44ae-add3-a23b0f320f39,synth_8266fd1a2e44,unbanked,tabddpm_synthetic,,['en'],advance fee,2024-12-21T00:29:00+00:00,2424.57,240.44,41,0,4,Friday,14,1,53,advance fee,en,Bill pay kiosk,0
61fe8ecf-5688-430f-9e4f-0469f5b8f691,synth_8d4b9f247c96,unbanked,tabddpm_synthetic,,['en'],advance fee,2024-09-15T00:14:00+00:00,317.97,5.62,37,0,0,Monday,0,2000,9,advance fee,en,Bill pay kiosk,0
40998aff-8102-4a57-bdf1-034196392212,synth_43e0e3631aca,unbanked,tabddpm_synthetic,,['en'],advance fee,2024-01-09T08:26:00+00:00,10.0,0.0,20,8,0,Monday,90,1,35,advance fee,en,Bill pay kiosk,0
849e5dc1-708d-412b-8350-d2454da85c33,synth_8c0d95744c5c,unbanked,tabddpm_synthetic,,['en'],advance fee,2024-10-23T13:58:00+00:00,247.89,12.3,20,13,0,Monday,14,859,8,advance fee,en,Bill pay kiosk,0
86e7c957-dc8f-48b0-94e2-685cf448fdba,synth_2e2015832534,unbanked,tabddpm_synthetic,,['en'],advance fee,2024-03-02T00:58:00+00:00,262.43,39.08,28,0,0,Monday,0,2000,13,advance fee,en,Bill pay kiosk,0
005b2bb4-2e4a-48d6-8daf-df7cc476d5ad,synth_a1e3280a879d,unbanked,tabddpm_synthetic,,['en'],advance fee,2024-04-17T00:37:00+00:00,3000.0,1500.0,20,0,6,Sunday,90,1,100,advance fee,en,Bill pay kiosk,0
81df4ed8-c7c7-4644-907d-6c8804b5278d,synth_4e7a89959c46,unbanked,tabddpm_synthetic,,['en'],advance fee,2024-02-27T23:47:00+00:00,3000.0,1500.0,48,23,0,Monday,90,1,100,advance fee,en,Bill pay kiosk,0
b9723419-23e8-4b62-a196-ceaeda869601,synth_feda4b61c252,unbanked,tabddpm_synthetic,,['en'],advance fee,2024-10-09T03:51:00+00:00,10.0,0.0,20,3,0,Monday,90,876,18,advance fee,en,Bill pay kiosk,0
30cdf26d-8b37-472f-81ea-6cd2e7223b2d,synth_1ec55393796b,unbanked,tabddpm_synthetic,,['en'],advance fee,2024-05-15T01:50:00+00:00,93.65,40.26,20,1,0,Monday,43,1441,13,advance fee,en,Bill pay kiosk,0
d15b747e-d1c0-43fb-b69e-ab5bac02a15a,synth_79e6c8356b2b,unbanked,tabddpm_synthetic,,['en'],fake loan,2024-10-06T06:35:00+00:00,326.71,31.81,24,6,0,Monday,0,1252,8,fake loan,en,Bill pay kiosk,0
76188509-599a-4eb9-aa2a-a492422298b1,synth_de9fc064093e,unbanked,tabddpm_synthetic,,['en'],advance fee,2024-04-28T04:30:00+00:00,612.53,29.5,49,4,0,Monday,1,1,4,advance fee,en,Bill pay kiosk,0
036b694f-7cbb-495e-8a52-6ca3a076562e,synth_497fb41df6cf,unbanked,tabddpm_synthetic,,['en'],advance fee,2024-04-14T10:37:00+00:00,10.0,0.0,20,10,0,Monday,90,357,24,advance fee,en,Bill pay kiosk,0
1c2ea1ed-96d6-4ad9-9874-be5aa5bb299a,synth_fd6a53068486,unbanked,tabddpm_synthetic,,['en'],advance fee,2024-06-18T14:54:00+00:00,104.37,28.35,20,14,0,Monday,68,1341,0,advance fee,en,Bill pay kiosk,0
01f2348a-d333-45f2-8133-e90d8e8d56b8,synth_601e8cebf071,unbanked,tabddpm_synthetic,,['en'],advance fee,2024-04-01T11:16:00+00:00,1548.34,235.53,25,11,0,Monday,7,1,5,advance fee,en,Bill pay kiosk,0
f2ba3eab-63f2-40a1-80f5-41992f197dfb,synth_5d3c2deb53fc,unbanked,tabddpm_synthetic,,['en'],advance fee,2024-09-19T00:41:00+00:00,1412.87,0.0,20,0,0,Monday,90,619,71,advance fee,en,Bill pay kiosk,0
d48b785f-ae4a-4d9e-964d-153f7cdf7453,synth_72e849bdd137,unbanked,tabddpm_synthetic,,['en'],advance fee,2024-10-06T12:57:00+00:00,266.55,10.1,20,12,0,Monday,2,772,10,advance fee,en,Bill pay kiosk,0
0f1a8170-9a5f-4623-ab04-526a5acb486f,synth_6d69062ffa63,unbanked,tabddpm_synthetic,,['en'],advance fee,2024-03-16T00:19:00+00:00,1135.02,118.32,60,0,0,Monday,0,1811,13,advance fee,en,Bill pay kiosk,0
1f90d2f7-6635-4b9e-b921-1181bef34eb2,synth_fce235024c34,unbanked,tabddpm_synthetic,,['en'],advance fee,2024-04-13T10:45:00+00:00,74.74,8.27,46,10,0,Monday,1,1586,7,advance fee,en,Bill pay kiosk,0
b741236d-d8bc-432a-aa2f-c10969bf8c97,synth_6722d47b86dc,unbanked,tabddpm_synthetic,,['en'],advance fee,2024-03-03T00:35:00+00:00,3000.0,314.56,40,0,0,Monday,4,1,31,advance fee,en,Bill pay kiosk,0
dc0192bd-19c6-48dc-bb39-85d082580714,synth_652e5249df34,unbanked,tabddpm_synthetic,,['en'],advance fee,2024-11-16T08:01:00+00:00,10.0,36.08,20,8,6,Sunday,60,1120,1,advance fee,en,Bill pay kiosk,0
e238efb7-9d66-4e35-8a4c-bd2cd704c8e5,synth_b3c08324a3ca,unbanked,tabddpm_synthetic,,['en'],advance fee,2024-12-04T00:40:00+00:00,3000.0,1500.0,60,0,0,Monday,76,1,100,advance fee,en,Bill pay kiosk,1
07b9d008-60d1-414c-8f86-d5afd7b32326,synth_8b9086ba7dc6,unbanked,tabddpm_synthetic,,['en'],advance fee,2024-09-25T23:20:00+00:00,3000.0,1500.0,20,23,0,Monday,90,1,100,advance fee,en,Bill pay kiosk,0
a947888c-4f33-4746-9ebb-35fde586f87c,synth_107a6eaeffd6,unbanked,tabddpm_synthetic,,['en'],advance fee,2024-04-28T23:22:00+00:00,3000.0,1500.0,20,23,6,Sunday,0,1,100,advance fee,en,Bill pay kiosk,0
78bb1cf2-1143-4e07-a289-78bd93f0d34e,synth_934f2026187f,unbanked,tabddpm_synthetic,,['en'],advance fee,2024-05-02T11:30:00+00:00,455.94,1.07,30,11,0,Monday,2,1336,9,advance fee,en,Bill pay kiosk,0
a0822bf2-0c1c-4d14-a631-ff34a546b839,synth_e728499dcc88,unbanked,tabddpm_synthetic,,['en'],advance fee,2024-10-02T23:04:00+00:00,3000.0,1500.0,20,23,6,Sunday,90,1,100,advance fee,en,Bill pay kiosk,0
5ec07c98-cb92-453d-aa6b-a62430f5e5cf,synth_f16aac3f1f04,unbanked,tabddpm_synthetic,,['en'],advance fee,2024-09-03T09:42:00+00:00,10.0,0.0,20,9,0,Monday,90,1,39,advance fee,en,Bill pay kiosk,0
0254e01b-c1b0-47fe-981f-52ce2455658b,synth_bbc76e8278c8,unbanked,tabddpm_synthetic,,['en'],advance fee,2024-07-03T13:44:00+00:00,1143.6,137.37,20,13,6,Sunday,0,238,10,advance fee,en,Bill pay kiosk,0
d37f3174-5cdb-43dc-bb06-90a5ee1bf0d2,synth_01443bd82b75,unbanked,tabddpm_synthetic,,['en'],advance fee,2024-07-02T00:03:00+00:00,3000.0,334.32,20,0,0,Monday,67,1,100,advance fee,en,Bill pay kiosk,1
1c1b22f9-d0f0-4d9a-94fe-a78635843769,synth_f0d796c0c8a8,unbanked,tabddpm_synthetic,,['en'],advance fee,2024-07-13T06:04:00+00:00,10.0,0.0,20,6,0,Monday,90,948,11,advance fee,en,Bill pay kiosk,0
92e90066-45a5-403a-a87e-a6460118ae91,synth_36e8fb70e640,unbanked,tabddpm_synthetic,,['en'],advance fee,2024-10-13T13:09:00+00:00,209.22,34.81,20,13,0,Monday,18,2000,3,advance fee,en,Bill pay kiosk,0
1308da4e-0ccb-4067-b7bb-38078de01dd2,synth_fb2c6611ee4c,unbanked,tabddpm_synthetic,,['en'],advance fee,2024-05-21T00:14:00+00:00,3000.0,1500.0,46,0,0,Monday,55,1,100,advance fee,en,Bill pay kiosk,0
def95f81-85de-4306-b94f-f00db483a696,synth_9ec2b44d58e9,unbanked,tabddpm_synthetic,,['en'],advance fee,2024-12-17T23:08:00+00:00,3000.0,1500.0,20,23,6,Sunday,90,1,100,advance fee,en,Bill pay kiosk,0
a9862f2c-e04b-496d-8b53-3c49a5c213e2,synth_d3b39f841cbb,unbanked,tabddpm_synthetic,,['en'],advance fee,2024-11-16T00:51:00+00:00,3000.0,1500.0,60,0,6,Sunday,0,1,100,advance fee,en,Bill pay kiosk,0
510e0294-fbf3-4444-adf5-d6660a1cb372,synth_e11dbd4be825,unbanked,tabddpm_synthetic,,['en'],advance fee,2024-10-09T06:03:00+00:00,128.77,28.27,20,6,0,Monday,10,1884,2,advance fee,en,Bill pay kiosk,0
09a364ac-0bbb-4d3c-b93a-deb371d950de,synth_a8dc66ee43ad,unbanked,tabddpm_synthetic,,['en'],advance fee,2024-07-08T23:21:00+00:00,3000.0,1500.0,20,23,0,Monday,90,1,100,advance fee,en,Bill pay kiosk,0
42ebde7b-0d8e-4af5-9ffc-d4326c02d80f,synth_22db08861256,unbanked,tabddpm_synthetic,,['en'],advance fee,2024-02-24T02:35:00+00:00,365.99,56.07,34,2,0,Monday,0,2000,8,advance fee,en,Bill pay kiosk,0
68ab2391-491f-482f-a3c8-c11f32ba1bbf,synth_1b32c2decd4f,unbanked,tabddpm_synthetic,,['en'],fake loan,2024-01-02T16:33:00+00:00,42.12,32.51,20,16,1,Tuesday,39,1701,6,fake loan,en,Bill pay kiosk,0
68cdc83a-ae4c-4ef6-8146-44ca673b2617,synth_5a02b99ffda1,unbanked,tabddpm_synthetic,,['en'],advance fee,2024-07-18T12:44:00+00:00,339.12,20.78,28,12,5,Saturday,6,241,7,advance fee,en,Bill pay kiosk,0
262b7bf1-490e-4117-af6f-ae2b493b0b9d,synth_635dece2d254,unbanked,tabddpm_synthetic,,['en'],advance fee,2024-10-14T07:58:00+00:00,1654.14,87.82,20,7,0,Monday,90,1221,24,advance fee,en,Bill pay kiosk,0
13a37303-7de7-4228-86ed-4aa08db4d4c2,synth_ebb88edfdf42,unbanked,tabddpm_synthetic,,['en'],advance fee,2024-12-13T23:52:00+00:00,3000.0,1500.0,20,23,6,Sunday,90,1,100,advance fee,en,Bill pay kiosk,0
4865ceab-daac-4383-92d4-5b953f1f9c83,synth_ccaab7435a84,unbanked,tabddpm_synthetic,,['en'],advance fee,2024-09-25T23:57:00+00:00,3000.0,1500.0,20,23,0,Monday,90,1,100,advance fee,en,Bill pay kiosk,0
23ffc3f3-1096-4b8f-9ff0-7abc86778df5,synth_dd9fd61fc427,unbanked,tabddpm_synthetic,,['en'],advance fee,2024-03-01T23:44:00+00:00,3000.0,1500.0,20,23,0,Monday,90,1,100,advance fee,en,Bill pay kiosk,0
49eda816-9499-432d-9511-7aa01cba2a0a,synth_45d198e415bd,unbanked,tabddpm_synthetic,,['en'],advance fee,2024-06-02T00:37:00+00:00,3000.0,0.0,20,0,0,Monday,90,1,100,advance fee,en,Bill pay kiosk,0
049774d0-f41e-422c-97c0-5c3e83004c48,synth_58e7df93e770,unbanked,tabddpm_synthetic,,['en'],advance fee,2024-07-30T23:29:00+00:00,3000.0,1500.0,20,23,0,Monday,90,1,100,advance fee,en,Bill pay kiosk,0
52c0c0ea-8964-4b8b-b187-e0fc39e91b43,synth_7e56b1f73b4a,unbanked,tabddpm_synthetic,,['en'],advance fee,2024-09-11T00:36:00+00:00,3000.0,176.32,20,0,6,Sunday,49,1,64,advance fee,en,Bill pay kiosk,0
c31e94fb-bed5-4aa7-878a-c58f29ce2148,synth_ba032f773836,unbanked,tabddpm_synthetic,,['en'],advance fee,2024-03-20T07:03:00+00:00,625.42,38.03,20,7,1,Tuesday,2,439,8,advance fee,en,Bill pay kiosk,0
d3578c0c-f66d-493a-a8e7-a5af2663d296,synth_8ae21ff5a56f,unbanked,tabddpm_synthetic,,['en'],advance fee,2024-07-25T00:21:00+00:00,3000.0,1500.0,60,0,0,Monday,90,1,100,advance fee,en,Bill pay kiosk,1
946f8ddd-8949-41be-9e2a-8ca0e99a1df8,synth_c950e0ffd01a,unbanked,tabddpm_synthetic,,['en'],advance fee,2024-06-09T23:47:00+00:00,3000.0,1500.0,20,23,0,Monday,90,1,35,advance fee,en,Bill pay kiosk,0
f1f7e25c-ff6d-4a3e-ac7e-85435bb6170b,synth_5954ed659be5,unbanked,tabddpm_synthetic,,['en'],advance fee,2024-07-26T00:52:00+00:00,313.41,35.93,60,0,0,Monday,0,2000,0,advance fee,en,Bill pay kiosk,0
978806b7-f1de-4ac8-ab3e-ec2dd71f4f5b,synth_a6746dcc7086,unbanked,tabddpm_synthetic,,['en'],advance fee,2024-09-19T00:10:00+00:00,3000.0,839.57,20,0,0,Monday,0,1,100,advance fee,en,Bill pay kiosk,1
2dcb5990-91a5-447f-89fc-1f5774d87649,synth_5f461ea123b7,unbanked,tabddpm_synthetic,,['en'],advance fee,2024-12-12T00:54:00+00:00,3000.0,1245.83,20,0,6,Sunday,52,1,100,advance fee,en,Bill pay kiosk,0
1bd407cd-c683-4947-9174-2692b7fc1aad,synth_a4e2fb8d5d84,unbanked,tabddpm_synthetic,,['en'],advance fee,2024-07-20T23:49:00+00:00,3000.0,1500.0,20,23,6,Sunday,0,1,100,advance fee,en,Bill pay kiosk,1
690edf12-cdcb-4990-a73e-ff9b1bb25c62,synth_38db33d6494d,unbanked,tabddpm_synthetic,,['en'],advance fee,2024-09-30T00:55:00+00:00,11.22,18.73,20,0,0,Monday,2,589,9,advance fee,en,Bill pay kiosk,0
6f83b98e-5a80-4e96-ac18-8672ccfb476a,synth_b1de56bba410,unbanked,tabddpm_synthetic,,['en'],advance fee,2024-07-06T10:23:00+00:00,118.01,0.0,46,10,2,Wednesday,17,343,9,advance fee,en,Bill pay kiosk,0
1ea0931e-4872-4e15-9a3a-c91a34a5adea,synth_fb69d917e8da,unbanked,tabddpm_synthetic,,['en'],advance fee,2024-06-06T00:34:00+00:00,1026.56,47.12,56,0,0,Monday,28,1,57,advance fee,en,Bill pay kiosk,0
290d94d3-e3de-4ecf-aaa0-52510a4529f2,synth_f866de84388b,unbanked,tabddpm_synthetic,,['en'],advance fee,2024-04-15T00:34:00+00:00,2453.6,214.9,20,0,0,Monday,16,1,22,advance fee,en,Bill pay kiosk,0
8600d90f-b5c1-48bf-9ccb-65980f200144,synth_d430e03c07a7,unbanked,tabddpm_synthetic,,['en'],advance fee,2024-11-16T10:23:00+00:00,331.53,50.24,20,10,0,Monday,13,1681,5,advance fee,en,Bill pay kiosk,0
be04fe57-8c93-42d7-a827-a9244aa2d693,synth_017b0f163f25,unbanked,tabddpm_synthetic,,['en'],advance fee,2024-11-22T23:21:00+00:00,3000.0,1500.0,60,23,0,Monday,0,1,100,advance fee,en,Bill pay kiosk,0
d3ed5acd-8a59-483a-996c-581f27367e77,synth_251931bf2668,unbanked,tabddpm_synthetic,,['es'],advance fee,2024-12-11T13:09:00+00:00,143.56,41.67,20,13,1,Tuesday,11,328,0,advance fee,es,Bill pay kiosk,0
dfe647b4-ad82-45b2-9460-82a65c1c5342,synth_bd41b84fb902,unbanked,tabddpm_synthetic,,['en'],advance fee,2024-02-15T08:39:00+00:00,1495.51,138.79,20,8,0,Monday,0,2000,6,advance fee,en,Bill pay kiosk,0
63893bd1-ab88-449d-8153-797fc0f6b2ef,synth_8a694d12d84a,unbanked,tabddpm_synthetic,,['en'],advance fee,2024-10-21T14:09:00+00:00,10.0,0.0,20,14,0,Monday,90,492,30,advance fee,en,Bill pay kiosk,0
e33828c8-ed24-41bb-b52f-0db65a7df030,synth_b9f9b2094716,unbanked,tabddpm_synthetic,,['en'],advance fee,2024-05-06T05:00:00+00:00,53.4,0.0,20,5,0,Monday,90,1937,12,advance fee,en,Bill pay kiosk,0
9d4dfdf9-41b0-4f70-890b-5bfb032489a7,synth_cd56b990a9a9,unbanked,tabddpm_synthetic,,['en'],advance fee,2024-09-05T23:09:00+00:00,3000.0,1500.0,20,23,0,Monday,90,1,100,advance fee,en,Bill pay kiosk,0
af1c62b3-6913-4267-8906-b26133e611c8,synth_816fcdc34ca6,unbanked,tabddpm_synthetic,,['en'],advance fee,2024-06-19T23:39:00+00:00,253.47,0.0,20,23,6,Sunday,90,1,100,advance fee,en,Bill pay kiosk,0
48dc1fb4-151f-4ab2-97af-2e3ab4cc4edb,synth_dd784f9a3d85,unbanked,tabddpm_synthetic,,['en'],advance fee,2024-12-15T07:22:00+00:00,2212.68,119.15,24,7,5,Saturday,2,602,19,advance fee,en,Bill pay kiosk,0
27cb7b09-becf-42a2-bd74-19abcbba79e2,synth_98ba69b5f52f,unbanked,tabddpm_synthetic,,['en'],advance fee,2024-05-23T23:37:00+00:00,3000.0,1500.0,60,23,6,Sunday,0,1,100,advance fee,en,Bill pay kiosk,0
dc79dc98-c34b-4010-9d5f-eb0e15d70da6,synth_d752351fb4f8,unbanked,tabddpm_synthetic,,['en'],advance fee,2024-07-26T07:56:00+00:00,746.5,25.56,20,7,0,Monday,18,1873,6,advance fee,en,Bill pay kiosk,0
36408e22-95bc-492b-8e0a-69fc9648d7e6,synth_024d55d0e807,unbanked,tabddpm_synthetic,,['en'],advance fee,2024-03-18T07:50:00+00:00,638.46,50.37,20,7,0,Monday,90,1536,20,advance fee,en,Bill pay kiosk,0
8304ebec-1da0-426d-b565-765c0e774519,synth_e1b74893789b,unbanked,tabddpm_synthetic,,['en'],advance fee,2024-06-21T06:01:00+00:00,34.5,25.66,20,6,0,Monday,50,2000,7,advance fee,en,Bill pay kiosk,0
73ee478e-9909-44d8-a514-3bc2ebd64dc9,synth_dd4630c5ba4c,unbanked,tabddpm_synthetic,,['en'],advance fee,2024-11-15T23:28:00+00:00,3000.0,1500.0,60,23,0,Monday,90,1,100,advance fee,en,Bill pay kiosk,0
a8f3ce59-0a94-49f4-b94d-69df330bda7e,synth_670bf1f00cb4,unbanked,tabddpm_synthetic,,['en'],advance fee,2024-01-21T23:33:00+00:00,3000.0,1500.0,20,23,6,Sunday,32,1,100,advance fee,en,Bill pay kiosk,0
42724c21-3a1d-4bd1-bb98-449a9a62bc2c,synth_46194f577c1e,unbanked,tabddpm_synthetic,,['en'],advance fee,2024-08-12T23:18:00+00:00,3000.0,1500.0,20,23,6,Sunday,90,1,100,advance fee,en,Bill pay kiosk,1
6b82d4a7-4596-4585-aaa5-bec2a80a8bef,synth_0beeb300b157,unbanked,tabddpm_synthetic,,['en'],advance fee,2024-06-12T23:44:00+00:00,3000.0,1500.0,20,23,0,Monday,90,1,100,advance fee,en,Bill pay kiosk,0
743f0824-1d68-4ace-82eb-596f7f33f86f,synth_8d1d7db18abc,unbanked,tabddpm_synthetic,,['en'],advance fee,2024-02-28T00:40:00+00:00,295.3,25.63,56,0,0,Monday,0,2000,9,advance fee,en,Bill pay kiosk,0
80843e4e-f793-49ec-badb-535fec56741b,synth_5a0d05bae226,unbanked,tabddpm_synthetic,,['en'],advance fee,2024-04-15T00:32:00+00:00,94.39,7.34,53,0,0,Monday,0,1569,6,advance fee,en,Bill pay kiosk,0
479c3f0e-197f-4988-9d1b-ebd5f72ff97d,synth_a1910dd45810,unbanked,tabddpm_synthetic,,['en'],advance fee,2024-01-11T23:32:00+00:00,3000.0,1500.0,20,23,0,Monday,90,1,100,advance fee,en,Bill pay kiosk,0
147e6a3b-6251-4832-b7ff-90f3c0c63368,synth_983c95694578,unbanked,tabddpm_synthetic,,['en'],advance fee,2024-02-13T23:25:00+00:00,10.0,0.0,20,23,0,Monday,90,1,100,advance fee,en,Bill pay kiosk,0
8cd997e0-5f4f-444a-831c-5de6fb207e3e,synth_ce7fe4e70dc5,unbanked,tabddpm_synthetic,,['en'],advance fee,2024-05-17T05:58:00+00:00,480.36,22.03,37,5,0,Monday,5,623,2,advance fee,en,Bill pay kiosk,0
4ef602cc-e132-40e6-870d-a1a1b2d86c9d,synth_7bdae6bb48d1,unbanked,tabddpm_synthetic,,['en'],advance fee,2024-05-02T10:41:00+00:00,10.0,0.0,20,10,0,Monday,90,1,74,advance fee,en,Bill pay kiosk,0
85dd436f-b10b-4fe7-808f-53770ae02266,synth_898ddb63af7f,unbanked,tabddpm_synthetic,,['en'],advance fee,2024-09-03T23:34:00+00:00,3000.0,1500.0,20,23,6,Sunday,0,1,100,advance fee,en,Bill pay kiosk,0
1b2b84bd-2272-49e5-989b-96dad0f4fb12,synth_ffb44e1ede2a,unbanked,tabddpm_synthetic,,['en'],advance fee,2024-05-23T00:11:00+00:00,493.39,33.79,31,0,0,Monday,0,2000,10,advance fee,en,Bill pay kiosk,0
1ce07933-8c60-4433-a80c-e89fe6316070,synth_1b6c72d6b784,unbanked,tabddpm_synthetic,,['en'],advance fee,2024-04-12T07:09:00+00:00,1277.9,103.47,20,7,1,Tuesday,0,1082,2,advance fee,en,Bill pay kiosk,0
9131fa95-7017-4489-a440-8a36fea3a6ce,synth_032627821fb7,unbanked,tabddpm_synthetic,,['en'],advance fee,2024-04-30T23:08:00+00:00,3000.0,1500.0,20,23,0,Monday,4,1,100,advance fee,en,Bill pay kiosk,0
ca0b3d1b-9c32-46af-bbd6-b09ded02c777,synth_453b2b25761b,unbanked,tabddpm_synthetic,,['en'],advance fee,2024-02-28T23:19:00+00:00,3000.0,1500.0,60,23,0,Monday,79,1,100,advance fee,en,Bill pay kiosk,0
66a5ba02-c776-436a-a059-621d41fad53c,synth_a0d79c836306,unbanked,tabddpm_synthetic,,['en'],advance fee,2024-06-29T23:36:00+00:00,3000.0,1500.0,20,23,6,Sunday,0,1,100,advance fee,en,Bill pay kiosk,0
2f8f5694-fb38-43ba-920c-28394dc23159,synth_fbc3e6629d3f,unbanked,tabddpm_synthetic,,['en'],advance fee,2024-05-09T00:52:00+00:00,3000.0,1500.0,20,0,6,Sunday,0,1,100,advance fee,en,Bill pay kiosk,0
d43de48a-cd74-4538-9e48-2aa91fcf4e54,synth_48bd12615568,unbanked,tabddpm_synthetic,,['en'],advance fee,2024-05-31T23:25:00+00:00,3000.0,1500.0,20,23,0,Monday,90,1,100,advance fee,en,Bill pay kiosk,0
3598b47f-f6dc-4dee-8542-245e51bd4ece,synth_59176981bca8,unbanked,tabddpm_synthetic,,['en'],advance fee,2024-11-27T01:23:00+00:00,372.53,0.0,20,1,0,Monday,90,442,51,advance fee,en,Bill pay kiosk,0
8e3a033d-0bbd-4912-9b01-7aed0ab9af5e,synth_65f2e49433ac,unbanked,tabddpm_synthetic,,['en'],advance fee,2024-12-06T02:50:00+00:00,206.19,26.76,20,2,0,Monday,2,1996,6,advance fee,en,Bill pay kiosk,0
06c19945-4834-4250-9ed9-afff3794458e,synth_b3e44345a015,unbanked,tabddpm_synthetic,,['en'],advance fee,2024-05-12T02:16:00+00:00,3000.0,317.28,20,2,0,Monday,90,1405,16,advance fee,en,Bill pay kiosk,0
99f96384-79ee-4819-9400-05516dc580ad,synth_03ebe2094821,unbanked,tabddpm_synthetic,,['en'],advance fee,2024-11-11T23:31:00+00:00,3000.0,1500.0,20,23,0,Monday,90,1,100,advance fee,en,Bill pay kiosk,0
4a12ea92-836a-4447-a3db-ff1bad888d38,synth_64dc5876ebb6,unbanked,tabddpm_synthetic,,['en'],advance fee,2024-07-13T06:54:00+00:00,327.25,37.62,26,6,0,Monday,0,1967,7,advance fee,en,Bill pay kiosk,0
2b666c8a-fbf6-4d54-8e7b-50ff4c209179,synth_fefafb7441fd,unbanked,tabddpm_synthetic,,['en'],advance fee,2024-09-17T07:04:00+00:00,10.0,0.0,20,7,6,Sunday,90,1,21,advance fee,en,Bill pay kiosk,0
c1636c21-11dd-4f11-8f8a-be5fe83e2f31,synth_5540521f5dc5,unbanked,tabddpm_synthetic,,['en'],advance fee,2024-12-19T00:51:00+00:00,3000.0,1500.0,20,0,6,Sunday,0,1,100,advance fee,en,Bill pay kiosk,0
6c13a412-7fe7-4bfb-abce-ed293ab3a1f2,synth_83701973d4cf,unbanked,tabddpm_synthetic,,['en'],advance fee,2024-09-30T21:47:00+00:00,451.27,22.5,48,21,3,Thursday,0,1473,12,advance fee,en,Bill pay kiosk,0
36c9129c-e43b-4693-82f4-5c7eda2fe9d4,synth_33fd6da5d3c0,unbanked,tabddpm_synthetic,,['en'],advance fee,2024-03-06T23:52:00+00:00,3000.0,1500.0,20,23,0,Monday,90,1,100,advance fee,en,Bill pay kiosk,0
7bf66c1b-5964-4f04-a740-7cd41985fd37,synth_814e98329917,unbanked,tabddpm_synthetic,,['en'],advance fee,2024-04-02T00:17:00+00:00,659.41,57.78,44,0,2,Wednesday,38,227,13,advance fee,en,Bill pay kiosk,0
b6e493b0-465a-4cb8-a201-b03aa7ba5f56,synth_501be52bfc67,unbanked,tabddpm_synthetic,,['en'],advance fee,2024-06-22T23:32:00+00:00,10.0,0.0,20,23,0,Monday,90,1,100,advance fee,en,Bill pay kiosk,0
742bfe55-b4b1-4f0b-b820-522f139bdea1,synth_c4fa9f1da03a,unbanked,tabddpm_synthetic,,['en'],advance fee,2024-06-23T23:50:00+00:00,3000.0,1500.0,20,23,0,Monday,90,1,100,advance fee,en,Bill pay kiosk,0
875e3a8a-1421-4f25-aa62-b6330661c91c,synth_bc255569672e,unbanked,tabddpm_synthetic,,['en'],advance fee,2024-10-28T06:15:00+00:00,10.0,90.64,20,6,0,Monday,65,2000,3,advance fee,en,Bill pay kiosk,0
5d5dbdd4-51b1-469e-8f9e-91160a04b077,synth_34122622f48f,unbanked,tabddpm_synthetic,,['en'],advance fee,2024-04-17T23:25:00+00:00,3000.0,1500.0,20,23,0,Monday,90,1,100,advance fee,en,Bill pay kiosk,0
7b27259b-068b-4ff3-af7e-4c2c87af5f6e,synth_8a9e8dcf5af2,unbanked,tabddpm_synthetic,,['en'],advance fee,2024-09-13T23:30:00+00:00,3000.0,1035.44,20,23,0,Monday,90,1,27,advance fee,en,Bill pay kiosk,0
7054a996-1461-466f-8732-7b1f9da4736d,synth_bf814ff1b817,unbanked,tabddpm_synthetic,,['en'],advance fee,2024-08-26T12:27:00+00:00,335.48,45.78,20,12,6,Sunday,73,691,4,advance fee,en,Bill pay kiosk,0
eb2c3550-e382-428d-b8bd-d562865a5c33,synth_f955cdc80210,unbanked,tabddpm_synthetic,,['en'],fake loan,2024-10-01T05:46:00+00:00,400.68,24.01,23,5,1,Tuesday,0,1045,10,fake loan,en,Bill pay kiosk,0
46ab3129-ef40-42c3-bdf5-7d9439ea3d8f,synth_38bd2143140d,unbanked,tabddpm_synthetic,,['en'],advance fee,2024-11-01T12:11:00+00:00,196.18,14.21,60,12,0,Monday,49,319,0,advance fee,en,Bill pay kiosk,0
10e39deb-dbcd-450c-a649-16cba35554ec,synth_4e1e32a717fe,unbanked,tabddpm_synthetic,,['en'],advance fee,2024-12-28T23:15:00+00:00,3000.0,1500.0,20,23,6,Sunday,0,1,100,advance fee,en,Bill pay kiosk,0
fdb6ae00-3dc2-4859-bbaf-d21765c6c7fb,synth_66ad91a68a54,unbanked,tabddpm_synthetic,,['en'],advance fee,2024-04-15T23:02:00+00:00,3000.0,1500.0,20,23,0,Monday,90,1,100,advance fee,en,Bill pay kiosk,0
8214429e-0b7d-4b7e-8c00-5eca4e71b692,synth_8380d856c070,unbanked,tabddpm_synthetic,,['en'],advance fee,2024-07-02T12:57:00+00:00,198.4,39.3,20,12,0,Monday,27,2000,5,advance fee,en,Bill pay kiosk,0
043092d9-8cd7-4300-95b9-a245c5ea27e1,synth_b467e2a20bad,unbanked,tabddpm_synthetic,,['en'],advance fee,2024-02-18T23:41:00+00:00,3000.0,1500.0,20,23,6,Sunday,90,1,100,advance fee,en,Bill pay kiosk,0
da378a05-4227-458e-ac28-725cbf06e534,synth_a675bad74cbb,unbanked,tabddpm_synthetic,,['en'],advance fee,2024-12-20T05:37:00+00:00,146.77,0.0,20,5,6,Sunday,90,140,24,advance fee,en,Bill pay kiosk,0
7f57a307-78ae-47c1-86df-5eefeb10ea4e,synth_e19b7dda3613,unbanked,tabddpm_synthetic,,['en'],advance fee,2024-07-09T23:42:00+00:00,3000.0,1500.0,20,23,0,Monday,90,1,100,advance fee,en,Bill pay kiosk,1
f63bac12-4a90-40d3-94fb-5c849afd70f4,synth_e2e6d732c62e,unbanked,tabddpm_synthetic,,['en'],advance fee,2024-01-12T07:04:00+00:00,87.87,5.52,24,7,5,Saturday,3,170,7,advance fee,en,Bill pay kiosk,0
ccecb994-5bf0-48e4-a8c2-0f6a8fc02dd6,synth_dc9fd0ca1b14,unbanked,tabddpm_synthetic,,['en'],advance fee,2024-05-14T23:17:00+00:00,3000.0,1500.0,20,23,6,Sunday,44,1,100,advance fee,en,Bill pay kiosk,0
ef4e2f1d-466d-4c28-be6e-7500cead629a,synth_43a37eb6771a,unbanked,tabddpm_synthetic,,['en'],advance fee,2024-05-03T00:01:00+00:00,3000.0,1214.37,60,0,0,Monday,0,2000,42,advance fee,en,Bill pay kiosk,0
7729517f-31d4-407a-964f-aecadb9ad68e,synth_02ca334c259d,unbanked,tabddpm_synthetic,,['en'],advance fee,2024-08-24T00:52:00+00:00,484.47,68.24,25,0,0,Monday,0,1247,12,advance fee,en,Bill pay kiosk,0
d5215c40-0692-428e-b9f8-7f6b62e66203,synth_91c49bd947f3,unbanked,tabddpm_synthetic,,['en'],advance fee,2024-01-28T03:35:00+00:00,157.09,9.42,40,3,0,Monday,5,1636,10,advance fee,en,Bill pay kiosk,0
39195ad0-adb2-400e-a2e6-74195a3b0200,synth_490a92ed6514,unbanked,tabddpm_synthetic,,['en'],advance fee,2024-07-12T09:16:00+00:00,298.48,17.81,20,9,0,Monday,13,2000,8,advance fee,en,Bill pay kiosk,0
5ffb80e5-5e05-469d-9910-e9e652e50302,synth_723539f3cf93,unbanked,tabddpm_synthetic,,['en'],advance fee,2024-09-04T04:17:00+00:00,688.6,0.0,20,4,6,Sunday,90,1,47,advance fee,en,Bill pay kiosk,0
ef2f8102-69ab-4abc-8735-b0d10baa06ae,synth_2f1fa16aeebd,unbanked,tabddpm_synthetic,,['en'],advance fee,2024-09-22T05:19:00+00:00,79.62,39.26,20,5,0,Monday,51,2000,10,advance fee,en,Bill pay kiosk,0
40a8c715-4239-4213-98f1-7250082ba2f1,synth_72187ab270f2,unbanked,tabddpm_synthetic,,['en'],advance fee,2024-04-11T23:52:00+00:00,3000.0,1500.0,60,23,0,Monday,90,1,100,advance fee,en,Bill pay kiosk,0
d762ce8a-4d24-4d37-8ddc-7d38791729b0,synth_9e9088924c20,unbanked,tabddpm_synthetic,,['en'],advance fee,2024-08-22T23:26:00+00:00,3000.0,1500.0,20,23,6,Sunday,90,1,100,advance fee,en,Bill pay kiosk,0
71897f78-be2f-4fa0-ae17-03cf466ea90f,synth_78f8df96afeb,unbanked,tabddpm_synthetic,,['en'],advance fee,2024-06-08T00:43:00+00:00,279.27,34.5,20,0,0,Monday,0,1693,12,advance fee,en,Bill pay kiosk,0
401738e1-56f8-4eee-88e5-42029a7d1762,synth_551a310c4eef,unbanked,tabddpm_synthetic,,['en'],advance fee,2024-05-12T00:44:00+00:00,766.62,106.01,47,0,0,Monday,0,1638,8,advance fee,en,Bill pay kiosk,0
c1b2cb9b-7b86-47c0-8363-53121b4809df,synth_75181e65b6b0,unbanked,tabddpm_synthetic,,['en'],advance fee,2024-12-26T00:50:00+00:00,758.12,47.1,20,0,0,Monday,0,2000,4,advance fee,en,Bill pay kiosk,0
f7d10b7f-71a4-4061-b445-9564007cc8b3,synth_18af13f887fb,unbanked,tabddpm_synthetic,,['en'],advance fee,2024-08-15T03:36:00+00:00,395.32,42.74,60,3,0,Monday,3,1180,9,advance fee,en,Bill pay kiosk,0
86370489-927e-4e69-9988-28ae20a43ade,synth_316af0b795b2,unbanked,tabddpm_synthetic,,['en'],advance fee,2024-10-10T10:18:00+00:00,2791.74,229.21,33,10,6,Sunday,18,1172,7,advance fee,en,Bill pay kiosk,0
d759440c-7963-4a45-a14b-3eb7ea759e68,synth_bace6ce77bf2,unbanked,tabddpm_synthetic,,['en'],advance fee,2024-09-12T14:28:00+00:00,2504.96,184.75,20,14,5,Saturday,7,316,8,advance fee,en,Bill pay kiosk,0
f888b3f6-f8d7-4ab1-bb2d-d1e1c51b42ea,synth_eca34efbb16a,unbanked,tabddpm_synthetic,,['en'],advance fee,2024-05-23T00:44:00+00:00,3000.0,1500.0,60,0,0,Monday,90,1,100,advance fee,en,Bill pay kiosk,1
3aec8c97-3cfa-4664-948e-d5d6ee209137,synth_380e9e2ffe28,unbanked,tabddpm_synthetic,,['en'],advance fee,2024-06-23T23:36:00+00:00,3000.0,1500.0,60,23,0,Monday,90,1,100,advance fee,en,Bill pay kiosk,1
7d01115f-5fc9-42f5-bf65-1e131aa69606,synth_43b4427ae6e4,unbanked,tabddpm_synthetic,,['en'],advance fee,2024-12-29T23:55:00+00:00,3000.0,1500.0,20,23,6,Sunday,90,1,100,advance fee,en,Bill pay kiosk,0
2284e74e-7f5d-41e5-99d4-10099c58f796,synth_c39f189fb6a2,unbanked,tabddpm_synthetic,,['en'],advance fee,2024-03-25T09:40:00+00:00,227.74,48.83,20,9,0,Monday,20,1571,9,advance fee,en,Bill pay kiosk,0
8b364760-53c3-4562-860f-15006336b661,synth_f2069bc729ba,unbanked,tabddpm_synthetic,,['en'],advance fee,2024-03-17T07:35:00+00:00,375.2,28.88,20,7,0,Monday,23,912,9,advance fee,en,Bill pay kiosk,0
ac400546-0d5b-4bc2-a488-bd8abe525029,synth_5a1ed9aa109d,unbanked,tabddpm_synthetic,,['en'],advance fee,2024-04-05T01:51:00+00:00,10.0,0.0,20,1,0,Monday,90,477,10,advance fee,en,Bill pay kiosk,0
36aec50f-90fa-4cf6-92fe-5a5633e44636,synth_3c2fbe948771,unbanked,tabddpm_synthetic,,['en'],advance fee,2024-06-10T10:16:00+00:00,550.94,48.2,26,10,0,Monday,11,1134,3,advance fee,en,Bill pay kiosk,0
dc80e137-a813-438c-8334-a4c90766e4da,synth_e370bc9ca7c7,unbanked,tabddpm_synthetic,,['en'],advance fee,2024-08-11T05:55:00+00:00,470.06,75.9,20,5,0,Monday,12,2000,14,advance fee,en,Bill pay kiosk,0
bdf99e40-b78d-4442-99f5-c16f5fbe672e,synth_e1a45ac16389,unbanked,tabddpm_synthetic,,['en'],fake loan,2024-04-17T00:16:00+00:00,312.99,28.46,33,0,0,Monday,4,458,10,fake loan,en,Bill pay kiosk,0
46229ff1-a744-46f8-9d68-ab29fb0bb9ff,synth_7797de181f9c,unbanked,tabddpm_synthetic,,['en'],advance fee,2024-04-11T07:39:00+00:00,227.33,35.73,21,7,0,Monday,0,901,11,advance fee,en,Bill pay kiosk,0
84a46af1-3636-4365-94ae-5224c59e6ff6,synth_923e1bb28cb9,unbanked,tabddpm_synthetic,,['en'],advance fee,2024-09-04T04:26:00+00:00,10.0,0.0,20,4,0,Monday,90,1,13,advance fee,en,Bill pay kiosk,0
822dd633-403e-4dd0-89db-8bdbe8f7955a,synth_481a4e025e21,unbanked,tabddpm_synthetic,,['en'],advance fee,2024-03-28T23:41:00+00:00,3000.0,1500.0,60,23,0,Monday,90,1,100,advance fee,en,Bill pay kiosk,1
bbe2d1a6-0850-41bf-816b-1f10ecc590bc,synth_6e8ac272ec57,unbanked,tabddpm_synthetic,,['en'],advance fee,2024-04-16T10:21:00+00:00,397.02,75.87,20,10,0,Monday,53,897,17,advance fee,en,Bill pay kiosk,0
526f0713-8a78-423b-a4b0-8ad218e57f89,synth_28eaa33b72bb,unbanked,tabddpm_synthetic,,['en'],advance fee,2024-08-06T23:16:00+00:00,3000.0,1500.0,20,23,6,Sunday,0,1,100,advance fee,en,Bill pay kiosk,0
67432e0c-4422-42e1-9a2f-be9637420096,synth_b3076340e4fb,unbanked,tabddpm_synthetic,,['en'],advance fee,2024-07-21T04:38:00+00:00,10.0,0.0,20,4,0,Monday,90,1,25,advance fee,en,Bill pay kiosk,0
f77d8e66-7c6b-4a4a-8606-fc8be1e9a569,synth_e81f4f6d68a4,unbanked,tabddpm_synthetic,,['en'],advance fee,2024-07-14T00:13:00+00:00,954.57,81.79,60,0,0,Monday,3,819,10,advance fee,en,Bill pay kiosk,0
4865ab58-55f7-4300-a640-775b1eff0d69,synth_bdf73caec838,unbanked,tabddpm_synthetic,,['en'],advance fee,2024-02-28T12:30:00+00:00,82.3,7.17,22,12,2,Wednesday,2,804,5,advance fee,en,Bill pay kiosk,0
78a20b78-e022-4dc1-bf1d-603154acacf9,synth_7b301d50e55e,unbanked,tabddpm_synthetic,,['en'],advance fee,2024-10-27T13:47:00+00:00,13.15,61.92,20,13,6,Sunday,14,2000,0,advance fee,en,Bill pay kiosk,0
e4b5acb1-763d-495c-9edb-c19c29ca6a78,synth_8737b8bcadb9,unbanked,tabddpm_synthetic,,['en'],advance fee,2024-03-10T04:10:00+00:00,10.0,0.0,58,4,0,Monday,53,936,7,advance fee,en,Bill pay kiosk,0
5e9c7e96-c320-4782-8d55-b297b18d3c9c,synth_1975e2b65579,unbanked,tabddpm_synthetic,,['en'],advance fee,2024-03-30T20:54:00+00:00,1461.09,108.1,20,20,3,Thursday,0,1286,3,advance fee,en,Bill pay kiosk,0
1ec4f895-1d4b-4f57-8854-29d4547b8e96,synth_dac8cd87ad5b,unbanked,tabddpm_synthetic,,['en'],advance fee,2024-04-17T23:48:00+00:00,3000.0,1500.0,20,23,0,Monday,90,1,100,advance fee,en,Bill pay kiosk,0
9943ec7c-0e7e-42b2-b4ed-609dcf9eb60c,synth_4322f32cf772,unbanked,tabddpm_synthetic,,['en'],advance fee,2024-06-24T14:20:00+00:00,203.1,66.0,20,14,0,Monday,71,2000,9,advance fee,en,Bill pay kiosk,0
b34272a6-75a2-4e0f-9ebe-a3fe75e71f0f,synth_92ffb0ce2bba,unbanked,tabddpm_synthetic,,['en'],advance fee,2024-01-26T00:04:00+00:00,3000.0,1500.0,60,0,4,Friday,0,1,100,advance fee,en,Bill pay kiosk,0
2afb9f75-c58f-466f-b865-c62ee2220ae4,synth_fe2fe464cbca,unbanked,tabddpm_synthetic,,['en'],advance fee,2024-03-15T13:22:00+00:00,3000.0,1500.0,20,13,6,Sunday,0,1,100,advance fee,en,Bill pay kiosk,0
65531d25-4b8d-42c2-9ec8-70066e9861d8,synth_9f2f795a1847,unbanked,tabddpm_synthetic,,['en'],advance fee,2024-06-06T00:11:00+00:00,60.06,12.34,20,0,0,Monday,20,1081,7,advance fee,en,Bill pay kiosk,0
138a1d40-02c4-4213-8e17-b8cee54ce35d,synth_ab8c136bd72d,unbanked,tabddpm_synthetic,,['en'],advance fee,2024-11-22T06:27:00+00:00,415.85,56.2,20,6,0,Monday,44,2000,3,advance fee,en,Bill pay kiosk,0
d9b30422-ed67-44f7-a3e1-aba814b54e99,synth_edcbbc3cf90b,unbanked,tabddpm_synthetic,,['en'],advance fee,2024-03-20T07:55:00+00:00,10.0,0.0,20,7,0,Monday,90,1,28,advance fee,en,Bill pay kiosk,0
18e19954-631a-4e75-89d6-b0ecdf646a33,synth_c8a85a2c971d,unbanked,tabddpm_synthetic,,['en'],advance fee,2024-08-02T14:55:00+00:00,510.17,68.75,20,14,0,Monday,7,1287,1,advance fee,en,Bill pay kiosk,0
491075be-a6dd-4061-95a6-4c5c011633d4,synth_d9b6da417aba,unbanked,tabddpm_synthetic,,['en'],advance fee,2024-08-16T23:30:00+00:00,2272.54,145.01,60,23,0,Monday,0,425,7,advance fee,en,Bill pay kiosk,0
9a0eeb6c-c4dc-490a-af4d-9d9fe3ff0c44,synth_b29d0f8eab90,unbanked,tabddpm_synthetic,,['en'],advance fee,2024-03-11T02:44:00+00:00,1398.86,123.16,28,2,0,Monday,6,1,13,advance fee,en,Bill pay kiosk,0
cb63ec75-c1fa-46d2-9e89-25d7ad58f9b4,synth_f11eeaea664d,unbanked,tabddpm_synthetic,,['en'],advance fee,2024-10-07T09:29:00+00:00,11.68,0.0,20,9,4,Friday,82,705,10,advance fee,en,Bill pay kiosk,0
9e07de9d-23e7-4078-b2f2-dd7810db5c91,synth_4c719dbd8e3d,unbanked,tabddpm_synthetic,,['en'],advance fee,2024-10-04T23:48:00+00:00,3000.0,1500.0,60,23,0,Monday,67,1,100,advance fee,en,Bill pay kiosk,0
22c5df22-eb1c-4e94-8ebc-6b6c9ec98057,synth_fb92376dfb34,unbanked,tabddpm_synthetic,,['en'],advance fee,2024-01-21T19:04:00+00:00,446.07,0.0,20,19,6,Sunday,90,1,67,advance fee,en,Bill pay kiosk,0
6e80c117-0057-43cd-96d0-ba8e6da8c540,synth_b383d928afdf,unbanked,tabddpm_synthetic,,['en'],advance fee,2024-04-08T23:02:00+00:00,10.0,0.0,20,23,0,Monday,90,1,100,advance fee,en,Bill pay kiosk,0
c386d198-4a52-4654-b1b1-2c8e76ea7941,synth_5e0af10e82bc,unbanked,tabddpm_synthetic,,['en'],advance fee,2024-07-20T10:48:00+00:00,543.41,24.64,22,10,0,Monday,1,1506,9,advance fee,en,Bill pay kiosk,0
9d58790b-93e4-4ca5-8fdd-7a9e04344146,synth_e0443c803244,unbanked,tabddpm_synthetic,,['en'],advance fee,2024-05-11T00:29:00+00:00,306.95,19.54,35,0,0,Monday,0,2000,9,advance fee,en,Bill pay kiosk,0
06ea114c-9c4f-4784-8e5d-cace0675e7e4,synth_ef72e3d96e12,unbanked,tabddpm_synthetic,,['en'],advance fee,2024-11-16T23:54:00+00:00,3000.0,1500.0,20,23,0,Monday,78,1,100,advance fee,en,Bill pay kiosk,0
05d53760-a910-4b91-ba10-948b28ff195f,synth_d6646ae942c8,unbanked,tabddpm_synthetic,,['en'],advance fee,2024-11-16T23:18:00+00:00,3000.0,1500.0,60,23,0,Monday,0,1,100,advance fee,en,Bill pay kiosk,1
ef6f3210-0ae6-4ec8-9216-8cb246d984bd,synth_f9025ff24442,unbanked,tabddpm_synthetic,,['en'],advance fee,2024-06-10T23:23:00+00:00,616.66,0.0,20,23,0,Monday,90,1,100,advance fee,en,Bill pay kiosk,0
70bd56c5-8da6-45db-a59c-34a1044ad9f2,synth_cc016cb5e009,unbanked,tabddpm_synthetic,,['en'],advance fee,2024-12-26T23:17:00+00:00,3000.0,1500.0,20,23,0,Monday,90,1,100,advance fee,en,Bill pay kiosk,0
8963a9df-4058-41e9-b7dc-b20acc494320,synth_cbcd6a99be7f,unbanked,tabddpm_synthetic,,['en'],advance fee,2024-02-04T00:15:00+00:00,3000.0,1346.62,60,0,0,Monday,15,1,75,advance fee,en,Bill pay kiosk,0
45ef6cd6-1a9e-459b-9219-d832454f87e4,synth_64152980fa8a,unbanked,tabddpm_synthetic,,['en'],advance fee,2024-10-18T23:19:00+00:00,3000.0,1500.0,20,23,6,Sunday,90,1,100,advance fee,en,Bill pay kiosk,0
4713a1b4-5b09-484e-ae9a-7b4f4fafa55b,synth_68e99d92703b,unbanked,tabddpm_synthetic,,['en'],advance fee,2024-04-02T00:32:00+00:00,420.51,41.3,20,0,0,Monday,0,2000,11,advance fee,en,Bill pay kiosk,0
28786b7d-b437-447b-a9f2-3c14d9c89e17,synth_9eb5e2978ee6,unbanked,tabddpm_synthetic,,['en'],advance fee,2024-04-02T22:23:00+00:00,3000.0,444.51,20,22,0,Monday,90,1,11,advance fee,en,Bill pay kiosk,0
3fe084c0-bf62-4d69-977c-468502e8c219,synth_a57da77f5fc3,unbanked,tabddpm_synthetic,,['en'],advance fee,2024-03-01T23:17:00+00:00,3000.0,1500.0,20,23,6,Sunday,90,1,100,advance fee,en,Bill pay kiosk,1
bbe9345a-db3a-498f-aa47-de03ed228461,synth_9272668d58fa,unbanked,tabddpm_synthetic,,['en'],advance fee,2024-08-10T23:10:00+00:00,3000.0,1500.0,20,23,6,Sunday,90,1,66,advance fee,en,Bill pay kiosk,0
09859dea-0325-49fc-8038-679631599671,synth_aee20f551167,unbanked,tabddpm_synthetic,,['en'],advance fee,2024-09-27T22:21:00+00:00,3000.0,803.99,20,22,6,Sunday,0,1,18,advance fee,en,Bill pay kiosk,0
c208e8f3-d578-422e-bb11-9508706ced5b,synth_4b02a4418802,unbanked,tabddpm_synthetic,,['en'],advance fee,2024-01-23T15:39:00+00:00,1962.46,212.53,20,15,6,Sunday,7,1,13,advance fee,en,Bill pay kiosk,0
a9cd89cc-b519-4aa6-846a-00caf28b9230,synth_03cb1de75cfc,unbanked,tabddpm_synthetic,,['en'],advance fee,2024-11-16T23:11:00+00:00,3000.0,1500.0,60,23,0,Monday,90,1,100,advance fee,en,Bill pay kiosk,0
789424d1-2e76-4f5a-ba56-d3cbd7008127,synth_c4d406fdb1ee,unbanked,tabddpm_synthetic,,['en'],advance fee,2024-07-14T23:17:00+00:00,3000.0,1500.0,20,23,6,Sunday,87,1,80,advance fee,en,Bill pay kiosk,0
fde4f5b1-6ce2-4c98-8a22-094d8d3153c2,synth_658747284de6,unbanked,tabddpm_synthetic,,['en'],advance fee,2024-09-01T23:33:00+00:00,3000.0,1500.0,20,23,0,Monday,90,1,100,advance fee,en,Bill pay kiosk,0
a307cb6b-64e2-4164-beb8-e9f0d58fb94a,synth_aec71d9fdbc8,unbanked,tabddpm_synthetic,,['en'],advance fee,2024-01-26T00:21:00+00:00,1212.11,111.44,20,0,0,Monday,0,1,30,advance fee,en,Bill pay kiosk,1
d8486ad9-c0c3-4f56-8524-df8c3083b081,synth_90ce6dd88fb7,unbanked,tabddpm_synthetic,,['en'],advance fee,2024-08-10T11:39:00+00:00,1440.73,159.98,47,11,0,Monday,6,1616,4,advance fee,en,Bill pay kiosk,0
d8a98425-d8b0-4c35-b200-8ac1126a1517,synth_e29270a8b745,unbanked,tabddpm_synthetic,,['en'],advance fee,2024-08-18T23:06:00+00:00,3000.0,1500.0,60,23,0,Monday,83,1,100,advance fee,en,Bill pay kiosk,1
137baae0-d88e-4db1-ad2d-996886dd1c7e,synth_2cd329c47481,unbanked,tabddpm_synthetic,,['en'],advance fee,2024-02-29T23:53:00+00:00,3000.0,1500.0,60,23,0,Monday,1,1,100,advance fee,en,Bill pay kiosk,0
c19e78a1-1d10-4362-8d59-7078880fd1e3,synth_ca5fff63946e,unbanked,tabddpm_synthetic,,['en'],advance fee,2024-07-18T23:50:00+00:00,3000.0,1500.0,60,23,0,Monday,0,1,100,advance fee,en,Bill pay kiosk,1
bc579dca-975f-4f1e-9b35-ea76273bee35,synth_933355e672f8,unbanked,tabddpm_synthetic,,['en'],advance fee,2024-02-09T23:25:00+00:00,687.93,0.0,20,23,0,Monday,90,1,100,advance fee,en,Bill pay kiosk,0
68fdaeae-9cc7-4fc3-aeaa-22c18ca99f05,synth_6b4788d5c91c,unbanked,tabddpm_synthetic,,['en'],advance fee,2024-02-02T00:08:00+00:00,3000.0,1264.87,53,0,0,Monday,33,1,100,advance fee,en,Bill pay kiosk,0
3f6b39ff-a1b4-4aef-9e49-14682a83c8b1,synth_3973d1325655,unbanked,tabddpm_synthetic,,['en'],advance fee,2024-05-07T02:23:00+00:00,377.39,6.02,45,2,0,Monday,4,861,5,advance fee,en,Bill pay kiosk,0
a5eca028-560d-4aa0-bdb3-b719b4f8d496,synth_3e079a2d7047,unbanked,tabddpm_synthetic,,['en'],advance fee,2024-07-16T00:23:00+00:00,1315.67,91.77,42,0,0,Monday,0,2000,7,advance fee,en,Bill pay kiosk,0
3238217f-a990-4476-aa89-3ea3c34d1278,synth_5c663a311cff,unbanked,tabddpm_synthetic,,['en'],advance fee,2024-02-01T00:43:00+00:00,1489.9,123.92,60,0,0,Monday,0,1179,35,advance fee,en,Bill pay kiosk,1
45cf9e37-deaf-422e-9593-0721e14ae9dd,synth_0685a2e8075a,unbanked,tabddpm_synthetic,,['en'],advance fee,2024-03-11T00:39:00+00:00,335.72,34.2,20,0,0,Monday,0,2000,7,advance fee,en,Bill pay kiosk,0
edc2bebf-b68d-43d9-b74b-76ec08c3d3cb,synth_2a87aadfcbf3,unbanked,tabddpm_synthetic,,['en'],advance fee,2024-01-20T00:21:00+00:00,3000.0,1500.0,20,0,5,Saturday,56,1,100,advance fee,en,Bill pay kiosk,1
017f99b4-1b9c-454e-a171-1329098fa40e,synth_5ee52de09b95,unbanked,tabddpm_synthetic,,['en'],advance fee,2024-05-09T23:54:00+00:00,3000.0,1500.0,20,23,0,Monday,90,1,100,advance fee,en,Bill pay kiosk,0
45d503fd-88be-4404-90c7-0048b2d58a5b,synth_0b64cac3e2bd,unbanked,tabddpm_synthetic,,['en'],advance fee,2024-06-14T08:08:00+00:00,10.0,0.0,20,8,0,Monday,90,1,35,advance fee,en,Bill pay kiosk,0
a2f32bee-c254-425a-ac00-19aa6619c446,synth_51efeb465669,unbanked,tabddpm_synthetic,,['en'],advance fee,2024-04-27T10:32:00+00:00,3000.0,864.66,58,10,6,Sunday,0,1,30,advance fee,en,Bill pay kiosk,0
a3b1e068-7508-476d-bcd7-f0d5ffeb9430,synth_47374cbee9fa,unbanked,tabddpm_synthetic,,['en'],advance fee,2024-01-10T23:23:00+00:00,3000.0,1500.0,20,23,0,Monday,90,1,100,advance fee,en,Bill pay kiosk,0
251c540e-b337-4a2c-aeef-5217be6f6703,synth_8360740b96ea,unbanked,tabddpm_synthetic,,['en'],advance fee,2024-08-25T23:54:00+00:00,3000.0,1500.0,20,23,6,Sunday,90,1,100,advance fee,en,Bill pay kiosk,0
99c4d74a-1d4c-4cff-9ce2-0beea7df0299,synth_2fdc7ab1e01b,unbanked,tabddpm_synthetic,,['en'],advance fee,2024-08-10T02:18:00+00:00,369.24,0.0,20,2,0,Monday,90,579,25,advance fee,en,Bill pay kiosk,0
9a8ba2a5-c45e-493a-be97-8f9470a8ceea,synth_c59a22a8d590,unbanked,tabddpm_synthetic,,['en'],advance fee,2024-07-29T12:29:00+00:00,747.37,66.74,20,12,0,Monday,0,663,4,advance fee,en,Bill pay kiosk,0
ff41c293-755e-4d06-ab6b-be64d2af10a1,synth_98a516bd231f,unbanked,tabddpm_synthetic,,['en'],advance fee,2024-06-16T09:38:00+00:00,436.38,23.18,33,9,0,Monday,29,1514,0,advance fee,en,Bill pay kiosk,0
7f9e99ba-a7ae-4633-a8e2-8cc2dda58eac,synth_e69a74fc1e69,unbanked,tabddpm_synthetic,,['en'],advance fee,2024-05-12T00:29:00+00:00,3000.0,1500.0,20,0,0,Monday,90,1,100,advance fee,en,Bill pay kiosk,0
ba8643fe-017a-493c-97a1-b0276cdbc94d,synth_c5b9e5e234ac,unbanked,tabddpm_synthetic,,['en'],advance fee,2024-05-04T00:38:00+00:00,3000.0,0.0,20,0,0,Monday,90,1,100,advance fee,en,Bill pay kiosk,1
ff436fef-a1ea-4bd1-a340-dd94bf55aee7,synth_72d01402f837,unbanked,tabddpm_synthetic,,['en'],advance fee,2024-03-07T03:12:00+00:00,481.98,31.67,20,3,1,Tuesday,21,738,8,advance fee,en,Cash (informal),0
ad1a0cc6-ccfc-4447-a2bd-5f2f571b3228,synth_cbf941d31a52,unbanked,tabddpm_synthetic,,['en'],advance fee,2024-09-15T23:00:00+00:00,1490.66,0.0,20,23,3,Thursday,90,1,100,advance fee,en,Bill pay kiosk,0
8dbef4de-3124-4de4-8947-a18b93a082b5,synth_49707ddf906a,unbanked,tabddpm_synthetic,,['en'],advance fee,2024-05-03T13:36:00+00:00,302.66,25.83,20,13,0,Monday,10,1684,5,advance fee,en,Bill pay kiosk,0
3ca548aa-aa78-4351-8ab3-6dd6e973a3fc,synth_7560e15a4ba7,unbanked,tabddpm_synthetic,,['en'],advance fee,2024-05-03T09:37:00+00:00,426.65,42.91,20,9,0,Monday,7,1915,6,advance fee,en,Bill pay kiosk,0
588ea324-62e0-48b5-bf17-93968fa55114,synth_88c43623b924,unbanked,tabddpm_synthetic,,['en'],advance fee,2024-10-30T00:25:00+00:00,41.19,32.47,21,0,0,Monday,0,1384,9,advance fee,en,Bill pay kiosk,0
c44b9ca2-5e09-4424-8d14-7779d1a5da39,synth_a6907a7166f9,unbanked,tabddpm_synthetic,,['en'],advance fee,2024-06-23T01:06:00+00:00,435.15,25.02,60,1,0,Monday,0,2000,6,advance fee,en,Bill pay kiosk,0
738175c9-c632-408e-b034-48b769cc2180,synth_9ab012959947,unbanked,tabddpm_synthetic,,['en'],advance fee,2024-02-24T23:12:00+00:00,3000.0,1500.0,20,23,0,Monday,90,1,100,advance fee,en,Bill pay kiosk,0
948fecea-29e7-46ff-a0d8-9a93df9fe083,synth_09a77b91aa45,unbanked,tabddpm_synthetic,,['en'],advance fee,2024-03-18T12:11:00+00:00,10.0,0.0,20,12,1,Tuesday,90,74,14,advance fee,en,Bill pay kiosk,0
c422a91d-6e09-4842-b233-159a090fce58,synth_25a0e160667e,unbanked,tabddpm_synthetic,,['en'],advance fee,2024-05-20T23:20:00+00:00,3000.0,1500.0,60,23,0,Monday,90,1,100,advance fee,en,Bill pay kiosk,0
cdce52fa-03ff-495d-905e-673cc2946a34,synth_00f9eac386cd,unbanked,tabddpm_synthetic,,['en'],advance fee,2024-03-22T00:43:00+00:00,338.03,29.95,60,0,0,Monday,3,1909,13,advance fee,en,Bill pay kiosk,0
35a979c1-5971-4419-9d25-15eb7b626a59,synth_ed5044f62ba9,unbanked,tabddpm_synthetic,,['en'],advance fee,2024-05-31T16:14:00+00:00,459.99,68.02,20,16,0,Monday,69,294,9,advance fee,en,Bill pay kiosk,0
bd5236d8-309d-44e6-aa96-b8f7da589c22,synth_bda69eaffab4,unbanked,tabddpm_synthetic,,['en'],advance fee,2024-05-02T06:57:00+00:00,91.55,25.36,20,6,1,Tuesday,90,1540,13,advance fee,en,Bill pay kiosk,0
589566de-518e-4d45-abfe-983b042b922e,synth_ee3d0ec600d1,unbanked,tabddpm_synthetic,,['en'],advance fee,2024-07-19T02:19:00+00:00,3000.0,318.29,30,2,0,Monday,12,1,28,advance fee,en,Bill pay kiosk,0
92577262-82eb-4911-bd5a-1f89c27e8aa9,synth_6b975ebf763d,unbanked,tabddpm_synthetic,,['en'],advance fee,2024-05-14T06:18:00+00:00,10.0,0.0,25,6,0,Monday,86,1504,10,advance fee,en,Bill pay kiosk,0
5aac8032-2b40-4933-afda-c8cf00407ad5,synth_51a9b98fda86,unbanked,tabddpm_synthetic,,['en'],advance fee,2024-09-25T08:36:00+00:00,278.88,13.39,56,8,0,Monday,18,286,10,advance fee,en,Bill pay kiosk,0
e984daef-37f4-4d0a-b30e-b4bc9e8c72cc,synth_0f8e656ca143,unbanked,tabddpm_synthetic,,['en'],advance fee,2024-07-09T03:08:00+00:00,10.0,0.0,20,3,0,Monday,90,1,15,advance fee,en,Bill pay kiosk,0
3a766f98-498a-4ea7-9941-6b97d589fd40,synth_1aed80562235,unbanked,tabddpm_synthetic,,['en'],advance fee,2024-04-18T00:23:00+00:00,325.1,29.6,29,0,0,Monday,0,1113,11,advance fee,en,Bill pay kiosk,0
68d5998c-1ebe-4714-b1d4-f681e8a5a8d4,synth_29c07fb84bdf,unbanked,tabddpm_synthetic,,['en'],advance fee,2024-12-28T00:33:00+00:00,359.09,38.38,60,0,0,Monday,23,436,17,advance fee,en,Bill pay kiosk,0
15ed6726-94aa-49c7-85fc-2f24b602ed59,synth_b1c299c6685b,unbanked,tabddpm_synthetic,,['en'],advance fee,2024-02-17T07:28:00+00:00,2425.1,153.78,56,7,0,Monday,3,1524,11,advance fee,en,Bill pay kiosk,0
fc418e7d-8225-4ed7-9591-bb5b599ee50c,synth_02c7ef4f0920,unbanked,tabddpm_synthetic,,['en'],advance fee,2024-04-09T00:00:00+00:00,3000.0,209.52,20,0,0,Monday,90,2000,75,advance fee,en,Bill pay kiosk,0
3a3070cf-b4e0-4ee4-a8ec-ef89bd23c6a1,synth_46bf56ecbb4f,unbanked,tabddpm_synthetic,,['en'],advance fee,2024-08-09T23:52:00+00:00,3000.0,1500.0,60,23,0,Monday,90,1,100,advance fee,en,Bill pay kiosk,1
91e75e8b-04d9-4e14-816e-45108bc3c865,synth_50b6d2e68987,unbanked,tabddpm_synthetic,,['en'],advance fee,2024-08-03T13:53:00+00:00,33.39,0.0,42,13,0,Monday,19,187,2,advance fee,en,Bill pay kiosk,0
bcdabda7-d74e-4d9f-8213-f1adc24c6a46,synth_d621de5e3969,unbanked,tabddpm_synthetic,,['en'],advance fee,2024-05-03T00:53:00+00:00,446.22,20.43,54,0,0,Monday,0,2000,7,advance fee,en,Bill pay kiosk,0
f6c30b50-9ec6-4005-a746-cabb6dc9dac6,synth_d63d251a75e3,unbanked,tabddpm_synthetic,,['en'],advance fee,2024-05-08T00:14:00+00:00,394.13,52.28,20,0,0,Monday,0,1802,9,advance fee,en,Bill pay kiosk,0
950c3e0f-6a80-461b-8be0-8e46a62a2ffe,synth_3862ccdc53ed,unbanked,tabddpm_synthetic,,['en'],advance fee,2024-06-17T23:04:00+00:00,3000.0,1500.0,20,23,0,Monday,90,1,100,advance fee,en,Bill pay kiosk,0
69d8add8-f1bd-4fe0-a790-d2e8b57f9894,synth_abbd250793df,unbanked,tabddpm_synthetic,,['en'],advance fee,2024-11-15T11:20:00+00:00,429.23,32.86,20,11,0,Monday,24,1574,7,advance fee,en,Bill pay kiosk,0
5a0e7313-5fa3-49f1-a418-9c0606c56935,synth_e6868d1ee43d,unbanked,tabddpm_synthetic,,['en'],advance fee,2024-01-19T23:07:00+00:00,3000.0,1500.0,20,23,0,Monday,90,1,100,advance fee,en,Bill pay kiosk,1
f923e39d-006b-468e-a5bb-07700c1bd7ac,synth_8c757922530b,unbanked,tabddpm_synthetic,,['en'],advance fee,2024-09-05T00:12:00+00:00,3000.0,355.31,60,0,0,Monday,2,2000,19,advance fee,en,Bill pay kiosk,0
35767007-842e-4b12-bf02-887342546072,synth_2c7201f5925a,unbanked,tabddpm_synthetic,,['en'],advance fee,2024-06-08T00:16:00+00:00,3000.0,345.46,60,0,0,Monday,0,1,65,advance fee,en,Bill pay kiosk,0
2ca748a3-1cd8-4d23-8058-88ad8f3ff283,synth_a1080bba84a7,unbanked,tabddpm_synthetic,,['en'],advance fee,2024-10-04T23:34:00+00:00,3000.0,1500.0,20,23,6,Sunday,0,1,100,advance fee,en,Bill pay kiosk,0
bf845332-b50c-45ee-8e67-f6bfb83d2a87,synth_614e80cadfbd,unbanked,tabddpm_synthetic,,['en'],advance fee,2024-09-03T00:38:00+00:00,3000.0,1500.0,60,0,0,Monday,0,1,100,advance fee,en,Bill pay kiosk,0
7b6b56f7-89d5-4fcb-bf9e-6267d4416848,synth_7669669751e6,unbanked,tabddpm_synthetic,,['en'],advance fee,2024-03-01T08:05:00+00:00,237.91,47.91,24,8,0,Monday,5,1888,9,advance fee,en,Bill pay kiosk,0
06a80117-e005-4304-a97d-c6777ee2d234,synth_d883b3950dd7,unbanked,tabddpm_synthetic,,['en'],advance fee,2024-02-03T10:28:00+00:00,185.53,7.72,56,10,3,Thursday,0,642,3,advance fee,en,Bill pay kiosk,0
47dd6bd3-4a4c-4ade-925c-4f3f9d58be90,synth_65c9433b4efd,unbanked,tabddpm_synthetic,,['en'],advance fee,2024-12-29T23:43:00+00:00,3000.0,1500.0,60,23,0,Monday,90,1,100,advance fee,en,Bill pay kiosk,0
b9ab0640-75aa-49a6-8aff-1f80a89e169e,synth_9b5be6678f3a,unbanked,tabddpm_synthetic,,['en'],advance fee,2024-12-01T17:43:00+00:00,1226.58,128.41,35,17,4,Friday,9,457,0,advance fee,en,Bill pay kiosk,0
4a521bce-839d-4aba-9f3b-4045bae12adc,synth_e3fe72d05ccd,unbanked,tabddpm_synthetic,,['en'],advance fee,2024-11-16T05:24:00+00:00,416.41,35.39,20,5,0,Monday,1,558,8,advance fee,en,Bill pay kiosk,0
5bf3d4f2-505e-46d9-a5a2-54f0c27008e3,synth_0ac8d269c702,unbanked,tabddpm_synthetic,,['en'],advance fee,2024-11-03T12:53:00+00:00,264.26,0.0,20,12,6,Sunday,90,1,45,advance fee,en,Bill pay kiosk,0
3ec876a5-f5e1-41b3-81c3-235f78a82c26,synth_1a5dc9e12413,unbanked,tabddpm_synthetic,,['en'],advance fee,2024-02-11T07:02:00+00:00,10.0,0.0,20,7,0,Monday,90,1,44,advance fee,en,Bill pay kiosk,0
39966bb3-0535-4d3c-bf6b-d99fb6eaabab,synth_adcd1a7c2ad5,unbanked,tabddpm_synthetic,,['en'],advance fee,2024-01-19T23:09:00+00:00,3000.0,1500.0,20,23,0,Monday,90,1,100,advance fee,en,Bill pay kiosk,0
7651eb38-7720-4ba3-b26a-65c72d3faab4,synth_2ef9bf38ce23,unbanked,tabddpm_synthetic,,['en'],advance fee,2024-08-09T09:50:00+00:00,207.65,5.42,21,9,2,Wednesday,15,780,10,advance fee,en,Bill pay kiosk,0
24c6c5cd-7983-41c9-9628-b48004e427a8,synth_8b48f1d1eb74,unbanked,tabddpm_synthetic,,['en'],advance fee,2024-11-11T23:45:00+00:00,3000.0,1500.0,60,23,0,Monday,90,1,100,advance fee,en,Bill pay kiosk,1
c3964146-65e1-4764-bc67-d34a96e16a85,synth_87e3c67f7306,unbanked,tabddpm_synthetic,,['en'],advance fee,2024-04-08T23:03:00+00:00,3000.0,1500.0,20,23,0,Monday,90,1,100,advance fee,en,Bill pay kiosk,0
0fbebb4d-19f0-4a7e-82eb-546da4cd7512,synth_c3af2c7b218a,unbanked,tabddpm_synthetic,,['en'],advance fee,2024-09-14T13:44:00+00:00,10.0,0.0,58,13,3,Thursday,0,1643,8,advance fee,en,Bill pay kiosk,0
af677173-0276-4597-b86d-33dbd5346109,synth_0997ae8a878e,unbanked,tabddpm_synthetic,,['en'],advance fee,2024-09-17T00:44:00+00:00,1742.86,98.05,60,0,0,Monday,18,1,96,advance fee,en,Bill pay kiosk,1
63068c69-c134-49c2-8d79-7bc6ae62802a,synth_434f6190ff0c,unbanked,tabddpm_synthetic,,['en'],advance fee,2024-02-24T00:21:00+00:00,3000.0,749.45,29,0,0,Monday,19,1,70,advance fee,en,Bill pay kiosk,0
567d5f40-1d62-4f25-a94b-e9a95111302e,synth_59c9c452d417,unbanked,tabddpm_synthetic,,['en'],advance fee,2024-06-13T23:18:00+00:00,3000.0,1500.0,20,23,0,Monday,90,1,100,advance fee,en,Bill pay kiosk,0
0400ac02-2e8f-48d1-aa94-e3661131918f,synth_750128e8fbed,unbanked,tabddpm_synthetic,,['en'],advance fee,2024-07-31T11:09:00+00:00,658.64,65.31,25,11,0,Monday,27,1599,11,advance fee,en,Bill pay kiosk,0
2fee33a2-08bf-4b1e-ab9c-d6ce572c9a66,synth_a6794c0aced0,unbanked,tabddpm_synthetic,,['en'],advance fee,2024-11-27T23:57:00+00:00,3000.0,1500.0,20,23,6,Sunday,0,1,100,advance fee,en,Bill pay kiosk,0
ef429fdd-5e9c-4a9b-9aab-bb1f057a517f,synth_da6c0ef04536,unbanked,tabddpm_synthetic,,['en'],advance fee,2024-11-29T12:40:00+00:00,628.52,43.86,34,12,0,Monday,0,1847,2,advance fee,en,Bill pay kiosk,0
24587582-b3c3-44ab-9fed-75da3795af06,synth_8c16a083f015,unbanked,tabddpm_synthetic,,['en'],advance fee,2024-08-25T00:02:00+00:00,38.22,17.4,20,0,0,Monday,0,2000,12,advance fee,en,Bill pay kiosk,0
a70b579c-5407-4007-a995-163d9aaccd83,synth_acd67f8e2618,unbanked,tabddpm_synthetic,,['en'],advance fee,2024-02-24T23:38:00+00:00,3000.0,1500.0,20,23,0,Monday,90,1,68,advance fee,en,Bill pay kiosk,0
139c674c-1761-425c-af93-7946f7312174,synth_62876e0d534b,unbanked,tabddpm_synthetic,,['en'],advance fee,2024-12-14T10:29:00+00:00,207.39,38.71,20,10,0,Monday,13,1076,3,advance fee,en,Bill pay kiosk,0
6ca075e9-bba7-452a-8601-e9d7cd28935b,synth_a7000a5ecb96,unbanked,tabddpm_synthetic,,['en'],advance fee,2024-05-31T18:25:00+00:00,170.9,0.63,47,18,1,Tuesday,6,1212,4,advance fee,en,Bill pay kiosk,0
b717c6b9-47e5-4f63-9dde-59e08f6981a8,synth_4de09805bf0c,unbanked,tabddpm_synthetic,,['en'],advance fee,2024-07-09T00:16:00+00:00,318.5,17.79,20,0,0,Monday,0,1015,7,advance fee,en,Bill pay kiosk,0
5416d2ee-0d52-467e-835a-f66a029fab50,synth_96902cf17b9f,unbanked,tabddpm_synthetic,,['en'],advance fee,2024-03-27T23:45:00+00:00,3000.0,1500.0,20,23,0,Monday,90,1,100,advance fee,en,Bill pay kiosk,0
48107e08-4ae5-4da4-b53c-7fbf9c5d087b,synth_9e5987653ba7,unbanked,tabddpm_synthetic,,['en'],advance fee,2024-07-09T06:04:00+00:00,340.48,28.84,47,6,1,Tuesday,21,990,19,advance fee,en,Bill pay kiosk,0
cd2f4eb5-29fa-4bef-b732-ec97876e6fec,synth_1dd01e93fab3,unbanked,tabddpm_synthetic,,['en'],fake loan,2024-01-05T11:57:00+00:00,39.83,23.79,20,11,0,Monday,21,1674,4,fake loan,en,Bill pay kiosk,0
6e4d847e-fb2f-4ed9-af9e-1798fe23a1e5,synth_f0e026eb32ff,unbanked,tabddpm_synthetic,,['en'],advance fee,2024-12-25T11:44:00+00:00,10.0,0.0,20,11,0,Monday,90,1,41,advance fee,en,Bill pay kiosk,0
fb2cda44-7413-49df-adf0-9fc256c23742,synth_39a5c76d23db,unbanked,tabddpm_synthetic,,['en'],advance fee,2024-11-24T23:11:00+00:00,3000.0,435.23,60,23,6,Sunday,0,1,63,advance fee,en,Bill pay kiosk,1
992edce7-5400-4634-87a3-4a8c6016aa77,synth_639c271c0e26,unbanked,tabddpm_synthetic,,['en'],advance fee,2024-08-17T18:08:00+00:00,3000.0,1500.0,20,18,6,Sunday,0,1,92,advance fee,en,Bill pay kiosk,0
75f07556-0588-4995-a0c1-6e4dd9c1b08a,synth_e95857445fe6,unbanked,tabddpm_synthetic,,['en'],advance fee,2024-05-12T00:44:00+00:00,10.0,0.0,20,0,0,Monday,90,1107,17,advance fee,en,Bill pay kiosk,0
771cf70f-29c0-4fc3-bf60-d5c00279a596,synth_386cdef1bfd1,unbanked,tabddpm_synthetic,,['en'],advance fee,2024-09-28T23:22:00+00:00,1459.46,86.49,58,23,4,Friday,6,1,76,advance fee,en,Bill pay kiosk,1
0dcec5f8-b80b-45b5-9c98-d5aec70b2e23,synth_00111f10a92d,unbanked,tabddpm_synthetic,,['en'],advance fee,2024-06-19T00:13:00+00:00,3000.0,1500.0,20,0,6,Sunday,0,1,100,advance fee,en,Bill pay kiosk,0
74ad4877-e261-4aa0-ab5a-81d2b184f95b,synth_9ce96142e24a,unbanked,tabddpm_synthetic,,['en'],advance fee,2024-07-11T23:24:00+00:00,3000.0,1500.0,20,23,0,Monday,90,1,100,advance fee,en,Bill pay kiosk,0
1ed15525-fa3b-4af0-bfd8-f98d5af962ee,synth_94e53ac28ec2,unbanked,tabddpm_synthetic,,['en'],advance fee,2024-10-03T23:54:00+00:00,3000.0,1500.0,20,23,6,Sunday,0,1,100,advance fee,en,Bill pay kiosk,0
9dcea168-8f87-4275-b857-a890fff03fad,synth_80b872ce3f43,unbanked,tabddpm_synthetic,,['en'],advance fee,2024-07-16T23:46:00+00:00,3000.0,1500.0,20,23,6,Sunday,0,1,100,advance fee,en,Bill pay kiosk,0
060654a3-a3a5-454a-9ec7-5c1f42a93fa9,synth_5c04a53647a7,unbanked,tabddpm_synthetic,,['en'],advance fee,2024-03-29T00:22:00+00:00,3000.0,1500.0,20,0,6,Sunday,0,1,100,advance fee,en,Bill pay kiosk,0
2c9901b0-5cfc-4996-9c57-185f7ee65582,synth_ced3fedeef7b,unbanked,tabddpm_synthetic,,['en'],advance fee,2024-08-04T09:36:00+00:00,678.59,20.77,20,9,1,Tuesday,0,436,6,advance fee,en,Bill pay kiosk,0
ee9f7b63-3572-48a3-aa8c-117277d39bdf,synth_ce74891228a4,unbanked,tabddpm_synthetic,,['en'],advance fee,2024-03-11T13:33:00+00:00,1010.91,103.76,60,13,0,Monday,3,869,3,advance fee,en,Bill pay kiosk,0
1f9877e4-036d-4df8-b8a1-a100489cd4af,synth_5a7f6df44c1c,unbanked,tabddpm_synthetic,,['en'],advance fee,2024-07-02T23:16:00+00:00,3000.0,1500.0,20,23,0,Monday,90,1,100,advance fee,en,Bill pay kiosk,1
2662a5c0-2780-4c0b-aa4c-addf5ba6ed04,synth_069c959159c6,unbanked,tabddpm_synthetic,,['en'],advance fee,2024-12-10T00:25:00+00:00,3000.0,651.0,59,0,4,Friday,0,1,64,advance fee,en,Bill pay kiosk,0
95747e24-8321-4419-96a5-5fa2306594c6,synth_800439d956ca,unbanked,tabddpm_synthetic,,['en'],advance fee,2024-06-09T00:34:00+00:00,966.26,73.75,20,0,0,Monday,90,1032,87,advance fee,en,Bill pay kiosk,1
42f29c86-1e8d-49ac-8d53-3e5388f66d9b,synth_030b45389e7b,unbanked,tabddpm_synthetic,,['en'],advance fee,2024-01-08T23:47:00+00:00,3000.0,1500.0,20,23,0,Monday,90,1,100,advance fee,en,Bill pay kiosk,0
2671db18-039d-4b35-9eb0-ee688135c17d,synth_bd1c172ec994,unbanked,tabddpm_synthetic,,['en'],advance fee,2024-01-24T00:28:00+00:00,472.21,50.66,20,0,0,Monday,0,2000,8,advance fee,en,Bill pay kiosk,0
6d9c4592-c43a-4074-aff8-870377d3a450,synth_36345eaa8643,unbanked,tabddpm_synthetic,,['en'],advance fee,2024-05-15T11:14:00+00:00,96.51,56.88,20,11,0,Monday,21,1758,5,advance fee,en,Bill pay kiosk,0
d619bc7d-b37c-4179-acfd-314f1b71111a,synth_1089834a08d6,unbanked,tabddpm_synthetic,,['en'],advance fee,2024-07-15T23:12:00+00:00,3000.0,1500.0,20,23,0,Monday,90,1,100,advance fee,en,Bill pay kiosk,0
96dbca12-59e9-47d5-ba72-2bc599dfb543,synth_be029437051d,unbanked,tabddpm_synthetic,,['en'],advance fee,2024-07-22T00:07:00+00:00,3000.0,1500.0,20,0,6,Sunday,0,1,100,advance fee,en,Bill pay kiosk,0
7f20914e-823e-4e28-8167-596f121cb790,synth_239862d32d9c,unbanked,tabddpm_synthetic,,['en'],advance fee,2024-04-04T23:07:00+00:00,3000.0,1500.0,20,23,6,Sunday,0,1,39,advance fee,en,Bill pay kiosk,0
62ff944d-4e1b-4b0a-ac90-b82bfa9bf00c,synth_dd675aae1701,unbanked,tabddpm_synthetic,,['en'],advance fee,2024-04-07T23:35:00+00:00,3000.0,1500.0,20,23,0,Monday,78,1,100,advance fee,en,Bill pay kiosk,0
2dc15b8f-a4be-4f97-8910-15f3dc2c09ba,synth_972dd6e0b15d,unbanked,tabddpm_synthetic,,['en'],advance fee,2024-06-05T05:30:00+00:00,10.0,0.0,20,5,0,Monday,90,1,49,advance fee,en,Bill pay kiosk,0
4f6e4266-def8-4d54-8b58-06d57c0ec71b,synth_60660769c242,unbanked,tabddpm_synthetic,,['en'],advance fee,2024-09-01T00:47:00+00:00,3000.0,1500.0,60,0,0,Monday,84,1,100,advance fee,en,Bill pay kiosk,1
fd7f86e1-90b9-4175-9ce0-a933aa7083e2,synth_2c89314bf327,unbanked,tabddpm_synthetic,,['en'],advance fee,2024-03-05T00:48:00+00:00,269.43,16.57,56,0,0,Monday,2,1625,9,advance fee,en,Bill pay kiosk,0
6bf468d5-11a2-4b16-b3ef-a6cfacfd5fb7,synth_7790cf6a0d3a,unbanked,tabddpm_synthetic,,['en'],advance fee,2024-10-05T05:18:00+00:00,51.34,0.0,20,5,5,Saturday,90,1391,12,advance fee,en,Bill pay kiosk,0
0c03e9d0-a276-452d-9a51-8193d7007f29,synth_213b8393b475,unbanked,tabddpm_synthetic,,['en'],advance fee,2024-04-12T00:22:00+00:00,3000.0,1500.0,20,0,6,Sunday,0,1,100,advance fee,en,Bill pay kiosk,0
0411a473-e3ab-4c1f-b82f-ca3890fba1d0,synth_39f83682fd85,unbanked,tabddpm_synthetic,,['en'],advance fee,2024-07-23T02:24:00+00:00,243.73,16.84,44,2,0,Monday,40,259,12,advance fee,en,Bill pay kiosk,0
00de1cd3-c18d-4f85-a252-7dac83e87075,synth_bab56a9da6f1,unbanked,tabddpm_synthetic,,['en'],advance fee,2024-06-25T15:19:00+00:00,232.89,5.86,42,15,0,Monday,0,1149,16,advance fee,en,Bill pay kiosk,0
e9811a01-0315-4d1f-940e-e7bff866dd20,synth_8401023e320a,unbanked,tabddpm_synthetic,,['en'],advance fee,2024-05-03T14:28:00+00:00,499.18,21.26,20,14,6,Sunday,0,1880,8,advance fee,en,Bill pay kiosk,0
1577dd5e-996b-4e3f-a4aa-2c325f809da8,synth_8cbf52aeaa69,unbanked,tabddpm_synthetic,,['en'],advance fee,2024-07-11T23:55:00+00:00,3000.0,1500.0,60,23,0,Monday,90,1,100,advance fee,en,Bill pay kiosk,0
08f75c26-607d-45d1-a92c-058653246052,synth_fe5490417335,unbanked,tabddpm_synthetic,,['en'],advance fee,2024-05-15T12:46:00+00:00,209.06,60.11,47,12,0,Monday,8,1,17,advance fee,en,Bill pay kiosk,1
b6d5cc93-21c5-4aa5-9d16-f17251c68d2a,synth_a79f5e987ffd,unbanked,tabddpm_synthetic,,['en'],fake loan,2024-07-04T01:24:00+00:00,368.75,0.0,60,1,0,Monday,12,793,0,fake loan,en,Bill pay kiosk,0
7169c834-de6c-452b-98de-b74c547adb46,synth_6b32388aa0a8,unbanked,tabddpm_synthetic,,['en'],advance fee,2024-04-12T00:25:00+00:00,240.67,22.55,20,0,3,Thursday,0,1000,10,advance fee,en,Bill pay kiosk,0
500ece28-a74a-4073-a4c1-7e097ca9284d,synth_be2b1dbe0504,unbanked,tabddpm_synthetic,,['en'],advance fee,2024-10-07T23:35:00+00:00,3000.0,1500.0,20,23,0,Monday,90,1,100,advance fee,en,Bill pay kiosk,0
c4eda4ce-05f7-4316-8e46-ab87029f5554,synth_0094daf8d8ed,unbanked,tabddpm_synthetic,,['en'],fake loan,2024-01-22T04:10:00+00:00,549.12,21.57,25,4,0,Monday,0,2000,10,fake loan,en,Bill pay kiosk,0
f982c722-016c-47bc-b9e4-74b64bb0a2b7,synth_77e927daaaae,unbanked,tabddpm_synthetic,,['en'],advance fee,2024-01-07T04:25:00+00:00,516.58,47.76,20,4,0,Monday,90,2000,10,advance fee,en,Bill pay kiosk,0
5655d641-ea86-4cff-873b-82d1c0ca7a76,synth_cbcab3b7d47c,unbanked,tabddpm_synthetic,,['en'],advance fee,2024-06-29T23:41:00+00:00,10.0,0.0,20,23,0,Monday,90,1,82,advance fee,en,Bill pay kiosk,0
09d35431-cded-40e5-9b4b-2b1e7d4ba9a6,synth_6b9d505aa088,unbanked,tabddpm_synthetic,,['en'],advance fee,2024-12-09T00:06:00+00:00,3000.0,1500.0,60,0,0,Monday,78,1,100,advance fee,en,Bill pay kiosk,1
300630c2-e440-4885-bef6-bb5b8c8246e4,synth_ca17c7ab62aa,unbanked,tabddpm_synthetic,,['en'],advance fee,2024-09-20T04:50:00+00:00,565.3,13.51,20,4,1,Tuesday,48,848,16,advance fee,en,Bill pay kiosk,0
62b7fea8-7a91-4719-9e12-65e75add12f0,synth_0d4b31ab716e,unbanked,tabddpm_synthetic,,['en'],advance fee,2024-10-29T10:16:00+00:00,204.88,13.88,34,10,0,Monday,40,1707,7,advance fee,en,Bill pay kiosk,0
f8ca41ae-8978-4f44-8b22-781221397b52,synth_e66f03565489,unbanked,tabddpm_synthetic,,['en'],advance fee,2024-02-24T00:27:00+00:00,3000.0,1500.0,20,0,6,Sunday,43,1,100,advance fee,en,Bill pay kiosk,0
ed80d0ba-ccda-4d2d-bb85-4b07d4e61484,synth_85403cab673d,unbanked,tabddpm_synthetic,,['en'],advance fee,2024-08-26T00:48:00+00:00,3000.0,1455.62,20,0,6,Sunday,90,1,100,advance fee,en,Bill pay kiosk,0
e21ce6c3-f520-44b3-8307-d8f562904667,synth_37e92540d791,unbanked,tabddpm_synthetic,,['en'],advance fee,2024-06-14T23:43:00+00:00,3000.0,1500.0,20,23,6,Sunday,90,1,100,advance fee,en,Bill pay kiosk,0
fa359901-a111-4669-9a46-24f60e97f006,synth_2f4bd53431fb,unbanked,tabddpm_synthetic,,['en'],advance fee,2024-01-16T17:36:00+00:00,100.49,18.27,56,17,0,Monday,0,204,5,advance fee,en,Bill pay kiosk,0
84cb157d-8c19-442e-97dc-f475f5dd898d,synth_257419a9f1de,unbanked,tabddpm_synthetic,,['en'],advance fee,2024-06-02T09:47:00+00:00,61.15,0.0,20,9,3,Thursday,88,1132,5,advance fee,en,Bill pay kiosk,0
e3898ae7-c01a-4eb0-8b06-1269d5228ebf,synth_13dd935cfc69,unbanked,tabddpm_synthetic,,['en'],advance fee,2024-03-04T07:29:00+00:00,937.12,84.58,20,7,0,Monday,63,760,13,advance fee,en,Bill pay kiosk,0
0aa5c010-8251-4865-a544-59024fbcf725,synth_23f4d36c3e5a,unbanked,tabddpm_synthetic,,['en'],advance fee,2024-04-23T03:50:00+00:00,171.43,12.49,60,3,2,Wednesday,8,1165,10,advance fee,en,Bill pay kiosk,0
11ef5ba2-371b-4c9c-bcac-75acf7d5bc8f,synth_767cf087f64b,unbanked,tabddpm_synthetic,,['en'],advance fee,2024-01-12T00:58:00+00:00,705.15,0.0,20,0,0,Monday,90,2000,23,advance fee,en,Bill pay kiosk,0
1832d653-4622-4559-a22d-dea1a6d308e1,synth_e7f2bc56b709,unbanked,tabddpm_synthetic,,['en'],advance fee,2024-02-02T17:37:00+00:00,1080.59,134.26,20,17,0,Monday,5,704,15,advance fee,en,Bill pay kiosk,0
f3308bb2-bbbc-4228-a034-cf0b858407f2,synth_30958ab78f5c,unbanked,tabddpm_synthetic,,['en'],advance fee,2024-11-16T02:05:00+00:00,438.33,69.72,34,2,0,Monday,0,995,0,advance fee,en,Bill pay kiosk,0
cf4d3971-2144-4504-af4a-c761f70f8861,synth_5ccc04873997,unbanked,tabddpm_synthetic,,['en'],advance fee,2024-08-24T01:45:00+00:00,168.62,0.0,20,1,0,Monday,90,911,4,advance fee,en,Bill pay kiosk,0
522dc108-1c47-4d4e-a50f-0f01f07b802e,synth_e50250bd0adc,unbanked,tabddpm_synthetic,,['en'],advance fee,2024-11-17T11:39:00+00:00,266.42,41.52,20,11,0,Monday,5,1676,5,advance fee,en,Bill pay kiosk,0
883309b7-cd73-4e1e-b5d4-778a22146f52,synth_94eb71c23c90,unbanked,tabddpm_synthetic,,['en'],advance fee,2024-11-21T14:48:00+00:00,10.0,0.0,20,14,0,Monday,90,1,51,advance fee,en,Bill pay kiosk,0
862e96d7-b585-40a8-8444-ef704f9c821e,synth_70c844f251fb,unbanked,tabddpm_synthetic,,['en'],advance fee,2024-02-15T00:49:00+00:00,3000.0,1500.0,60,0,0,Monday,36,1,100,advance fee,en,Bill pay kiosk,1
cde568fb-deea-4e86-aa8c-c6c2b8114afd,synth_1f18de6e6cb7,unbanked,tabddpm_synthetic,,['en'],advance fee,2024-08-18T10:47:00+00:00,306.86,75.39,27,10,0,Monday,0,869,3,advance fee,en,Bill pay kiosk,0
b4b0f08e-0c05-4d02-b0b9-8c0701a10d53,synth_673cac84abd7,unbanked,tabddpm_synthetic,,['en'],advance fee,2024-09-19T15:24:00+00:00,3000.0,1500.0,20,15,0,Monday,54,1,88,advance fee,en,Bill pay kiosk,0
ca70fd8f-e0ff-415a-97ea-376609b65dc7,synth_042b2021eb42,unbanked,tabddpm_synthetic,,['en'],advance fee,2024-04-11T04:38:00+00:00,10.0,0.0,20,4,6,Sunday,90,810,11,advance fee,en,Bill pay kiosk,0
f7800445-4af7-478f-86b7-3822419d213c,synth_a7bc9a56dcbb,unbanked,tabddpm_synthetic,,['en'],advance fee,2024-05-05T09:48:00+00:00,10.0,24.79,45,9,0,Monday,7,1034,9,advance fee,en,Bill pay kiosk,0
3646b35c-da2d-4c93-913c-3a4cfb098a84,synth_a61db1749129,unbanked,tabddpm_synthetic,,['en'],advance fee,2024-05-31T16:56:00+00:00,245.2,29.12,20,16,0,Monday,6,914,7,advance fee,en,Bill pay kiosk,0
f39890df-3078-4d21-b463-822162808eca,synth_462a012e7a46,unbanked,tabddpm_synthetic,,['en'],advance fee,2024-03-11T09:25:00+00:00,651.29,88.22,42,9,0,Monday,1,1505,7,advance fee,en,Bill pay kiosk,0
eab1c610-4861-4b5b-b324-e8c6b64cba23,synth_1b25db40eabc,unbanked,tabddpm_synthetic,,['en'],advance fee,2024-12-26T23:01:00+00:00,3000.0,1500.0,60,23,0,Monday,49,1,100,advance fee,en,Bill pay kiosk,1
1ee0096e-3046-4e2a-8880-21b7a6659949,synth_86f0642bde96,unbanked,tabddpm_synthetic,,['en'],advance fee,2024-10-16T02:58:00+00:00,10.0,40.55,20,2,0,Monday,0,394,12,advance fee,en,Bill pay kiosk,0
9e5b5ba5-bd2d-4135-8104-2dc7a4c34538,synth_33e382f04e42,unbanked,tabddpm_synthetic,,['en'],advance fee,2024-11-18T23:56:00+00:00,3000.0,90.59,20,23,0,Monday,90,1,79,advance fee,en,Bill pay kiosk,1
ab6743a4-924c-48ea-a39a-0a59ce4cc508,synth_883c6bc28050,unbanked,tabddpm_synthetic,,['en'],advance fee,2024-03-23T10:30:00+00:00,230.16,28.57,20,10,4,Friday,16,2000,2,advance fee,en,Bill pay kiosk,0
d6bc2c17-2f45-491f-8162-71d5cb62365d,synth_24c51d8d03ed,unbanked,tabddpm_synthetic,,['en'],advance fee,2024-03-12T00:27:00+00:00,207.43,26.93,20,0,0,Monday,0,2000,11,advance fee,en,Bill pay kiosk,0
5e74ae88-6ea2-478c-80c6-f0a49eb0d181,synth_bd9585ad5701,unbanked,tabddpm_synthetic,,['en'],advance fee,2024-04-13T03:09:00+00:00,309.46,36.87,20,3,0,Monday,0,933,8,advance fee,en,Bill pay kiosk,0
15731cff-28c1-4f97-a81a-9b61d5f6da9e,synth_c22c72615d3c,unbanked,tabddpm_synthetic,,['en'],advance fee,2024-10-08T11:15:00+00:00,218.81,39.9,20,11,0,Monday,4,501,7,advance fee,en,Bill pay kiosk,0
578d1706-e429-4b4b-9140-9106eb6f4899,synth_aab075c54f77,unbanked,tabddpm_synthetic,,['en'],advance fee,2024-11-09T23:50:00+00:00,3000.0,1500.0,20,23,6,Sunday,0,1,100,advance fee,en,Bill pay kiosk,0
81e3aefc-1d2a-4a54-9db1-9c5bfd3a1cdf,synth_0b44512a7a13,unbanked,tabddpm_synthetic,,['en'],advance fee,2024-02-16T23:18:00+00:00,3000.0,1500.0,20,23,0,Monday,90,1,100,advance fee,en,Bill pay kiosk,1
b4e45acf-51ac-420f-abf5-b553dc54535b,synth_98d8ef8f5df0,unbanked,tabddpm_synthetic,,['en'],advance fee,2024-01-21T16:47:00+00:00,105.01,8.83,48,16,0,Monday,23,170,10,advance fee,en,Bill pay kiosk,0
7e1d0387-562c-4162-a93c-65119ab587ac,synth_556ea4df61ea,unbanked,tabddpm_synthetic,,['en'],advance fee,2024-05-24T00:40:00+00:00,423.45,35.56,35,0,0,Monday,3,1962,10,advance fee,en,Bill pay kiosk,0
d250f61c-f8a7-4640-ad6f-6b28a6ec642d,synth_730d799f4621,unbanked,tabddpm_synthetic,,['en'],advance fee,2024-08-31T06:23:00+00:00,951.32,82.59,31,6,0,Monday,39,1311,10,advance fee,en,Bill pay kiosk,0
bd933a73-9957-4912-a68f-84381e865af3,synth_87aa2078a038,unbanked,tabddpm_synthetic,,['en'],advance fee,2024-10-24T00:18:00+00:00,3000.0,1500.0,20,0,0,Monday,90,1,100,advance fee,en,Bill pay kiosk,0
7050447e-dab0-4d7b-9364-2628a6954ab7,synth_25d11dbcd0a8,unbanked,tabddpm_synthetic,,['en'],advance fee,2024-09-05T05:18:00+00:00,1376.45,103.36,20,5,0,Monday,23,1108,8,advance fee,en,Bill pay kiosk,0
05e63095-d01a-42ee-a695-16b09571d0b3,synth_77321414adc9,unbanked,tabddpm_synthetic,,['en'],advance fee,2024-09-14T00:39:00+00:00,267.61,47.9,31,0,0,Monday,0,1150,8,advance fee,en,Bill pay kiosk,0
54129eb1-0a80-4b67-acee-f4840abe3a0a,synth_192ef8933ed0,unbanked,tabddpm_synthetic,,['en'],advance fee,2024-12-13T23:16:00+00:00,3000.0,1500.0,20,23,6,Sunday,0,1,100,advance fee,en,Bill pay kiosk,0
80651dda-ac98-4943-881e-6b8e94e2268c,synth_4259fe2b232f,unbanked,tabddpm_synthetic,,['en'],advance fee,2024-07-13T00:28:00+00:00,3000.0,854.07,20,0,0,Monday,90,524,100,advance fee,en,Bill pay kiosk,0
3d7f489f-2b3d-45b0-b6f6-04b3d7b07af1,synth_5668b30f1adf,unbanked,tabddpm_synthetic,,['en'],advance fee,2024-12-11T15:41:00+00:00,10.0,0.0,20,15,5,Saturday,90,553,7,advance fee,en,Bill pay kiosk,0
05475a5b-e84e-40b7-8231-e33817890024,synth_59c9c6e9499f,unbanked,tabddpm_synthetic,,['en'],advance fee,2024-03-23T11:40:00+00:00,10.0,0.0,20,11,3,Thursday,90,596,8,advance fee,en,Bill pay kiosk,0
ea09aa16-0285-419c-b487-d759c6faddb3,synth_f62b27ea3111,unbanked,tabddpm_synthetic,,['en'],fake loan,2024-04-20T05:38:00+00:00,174.21,43.25,20,5,0,Monday,20,1496,5,fake loan,en,Bill pay kiosk,0
0fe2fda5-27a0-4648-b735-5b843b309f8a,synth_43d0cfb08776,unbanked,tabddpm_synthetic,,['en'],advance fee,2024-11-26T23:41:00+00:00,3000.0,1500.0,20,23,6,Sunday,0,1,100,advance fee,en,Bill pay kiosk,0
aba348ad-a9fb-419c-abcc-44e3aaa5ab48,synth_b81179fe244a,unbanked,tabddpm_synthetic,,['en'],advance fee,2024-03-10T08:06:00+00:00,447.16,44.37,20,8,0,Monday,45,1030,13,advance fee,en,Bill pay kiosk,1
4bcb2e32-874d-4d5c-8509-6ce07f821590,synth_bfdd5bdab3a4,unbanked,tabddpm_synthetic,,['en'],advance fee,2024-02-29T23:03:00+00:00,3000.0,1500.0,20,23,6,Sunday,41,1,66,advance fee,en,Bill pay kiosk,0
1c9cfc68-8eb1-43a1-8d06-9861751dd562,synth_8b31108f317e,unbanked,tabddpm_synthetic,,['en'],fake loan,2024-07-18T02:14:00+00:00,230.88,44.15,20,2,0,Monday,0,2000,5,fake loan,en,Bill pay kiosk,0
49291efe-753e-4b76-962d-30e1165dfe1b,synth_8134fa47c4de,unbanked,tabddpm_synthetic,,['en'],advance fee,2024-09-11T11:38:00+00:00,569.83,57.1,43,11,5,Saturday,23,1,71,advance fee,en,Bill pay kiosk,1
67bcfeb2-1009-49ff-854d-1681dc2d1276,synth_6e9c35ea6a2f,unbanked,tabddpm_synthetic,,['en'],advance fee,2024-07-11T23:19:00+00:00,3000.0,1398.28,53,23,0,Monday,30,1,51,advance fee,en,Bill pay kiosk,0
1b40e5c0-e12d-4a19-8672-b866f61574ee,synth_d89ac3cba7db,unbanked,tabddpm_synthetic,,['en'],fake loan,2024-02-02T00:06:00+00:00,3000.0,817.71,20,0,0,Monday,15,1,61,fake loan,en,Bill pay kiosk,0
d557d50b-043e-4e49-9068-edb4ed11266c,synth_86200f0bd6b8,unbanked,tabddpm_synthetic,,['en'],advance fee,2024-10-10T00:13:00+00:00,1678.3,146.96,60,0,0,Monday,12,583,34,advance fee,en,Bill pay kiosk,0
f45f0c70-6feb-44a2-b9ed-29a449770251,synth_c0758e567f42,unbanked,tabddpm_synthetic,,['en'],advance fee,2024-07-14T00:25:00+00:00,930.63,0.0,20,0,0,Monday,90,1,100,advance fee,en,Bill pay kiosk,0
0d3a3894-358c-493c-b02d-bb2e179fc13e,synth_371043a9655d,unbanked,tabddpm_synthetic,,['en'],advance fee,2024-10-25T16:46:00+00:00,1267.8,69.85,28,16,3,Thursday,3,2000,1,advance fee,en,Bill pay kiosk,0
5b698cc0-c078-41f1-9bdd-e68509ca6e20,synth_910d3a563d27,unbanked,tabddpm_synthetic,,['en'],advance fee,2024-08-10T23:00:00+00:00,3000.0,1500.0,20,23,0,Monday,90,1,100,advance fee,en,Bill pay kiosk,0
ef6bd7dd-8063-461f-a553-23414fdbefd4,synth_aa0c30e1d3ac,unbanked,tabddpm_synthetic,,['en'],advance fee,2024-02-08T10:17:00+00:00,541.59,36.74,26,10,1,Tuesday,11,1053,11,advance fee,en,Bill pay kiosk,0
9ffdd837-b5c2-458a-b484-33e2d66a77a1,synth_28615cb708ed,unbanked,tabddpm_synthetic,,['en'],advance fee,2024-02-27T08:58:00+00:00,670.34,62.36,20,8,0,Monday,7,974,0,advance fee,en,Bill pay kiosk,0
1a31d907-00fd-4562-9ee5-b5df6ca0c371,synth_f398bab9c08b,unbanked,tabddpm_synthetic,,['en'],advance fee,2024-08-11T15:42:00+00:00,3000.0,1500.0,20,15,6,Sunday,15,1,71,advance fee,en,Bill pay kiosk,0
63fd5a5d-a978-4b18-9c44-0708c05ef5fb,synth_52a0047ac35d,unbanked,tabddpm_synthetic,,['en'],advance fee,2024-08-20T12:00:00+00:00,10.0,0.0,20,12,0,Monday,90,1,82,advance fee,en,Bill pay kiosk,0
bef0316d-051e-4528-85f1-e7b4cb3d6fb3,synth_f147351a17b9,unbanked,tabddpm_synthetic,,['en'],advance fee,2024-12-21T00:30:00+00:00,342.9,27.56,20,0,0,Monday,0,2000,11,advance fee,en,Bill pay kiosk,0
33be8651-9817-4f6f-8a10-c5a33cc2f215,synth_c25db598eac3,unbanked,tabddpm_synthetic,,['en'],advance fee,2024-05-14T23:00:00+00:00,3000.0,1500.0,20,23,0,Monday,90,1,100,advance fee,en,Bill pay kiosk,0
9561fcfc-769b-4f32-82ae-46fd8d5f9235,synth_ee324246c78b,unbanked,tabddpm_synthetic,,['en'],advance fee,2024-09-05T23:55:00+00:00,3000.0,1500.0,20,23,0,Monday,90,1,100,advance fee,en,Bill pay kiosk,0
f90482e7-07c0-4a81-837f-189c4536378f,synth_49e638b3646e,unbanked,tabddpm_synthetic,,['en'],advance fee,2024-06-14T23:13:00+00:00,3000.0,1500.0,20,23,0,Monday,90,1,100,advance fee,en,Bill pay kiosk,0
1ff1d20e-c7a4-43ad-b3e8-7612beb2a37b,synth_f97932640952,unbanked,tabddpm_synthetic,,['en'],advance fee,2024-06-10T23:51:00+00:00,3000.0,1500.0,20,23,0,Monday,90,1,100,advance fee,en,Bill pay kiosk,0
b4f0d252-b332-4bf8-b446-b4e16793d3ab,synth_a1a8b742d8bc,unbanked,tabddpm_synthetic,,['en'],advance fee,2024-08-02T14:54:00+00:00,903.5,0.0,20,14,6,Sunday,90,1,64,advance fee,en,Bill pay kiosk,0
a3bd1129-0ec5-4819-a7c6-f98e777189cb,synth_6381ab51ff45,unbanked,tabddpm_synthetic,,['en'],advance fee,2024-07-13T23:20:00+00:00,3000.0,1500.0,20,23,6,Sunday,0,1,100,advance fee,en,Bill pay kiosk,0
bde94bd7-6c48-4ed1-a869-fce8a125abc9,synth_9c6cdc06d280,unbanked,tabddpm_synthetic,,['en'],advance fee,2024-12-19T07:18:00+00:00,625.14,56.95,20,7,0,Monday,58,2000,9,advance fee,en,Bill pay kiosk,0
f90fc807-7e23-4e21-a748-4f67c00034d9,synth_09f0ea3b9d49,unbanked,tabddpm_synthetic,,['en'],advance fee,2024-03-20T14:50:00+00:00,887.31,78.03,20,14,0,Monday,17,428,0,advance fee,en,Bill pay kiosk,0
d02567f4-0ab2-4a6b-a8a4-88409c6f111d,synth_46b1d41f258b,unbanked,tabddpm_synthetic,,['en'],advance fee,2024-01-17T12:05:00+00:00,257.93,18.54,23,12,0,Monday,14,1608,11,advance fee,en,Bill pay kiosk,0
85a629bd-6fcb-478a-8e6c-e0b09aaca673,synth_e5d6fd54dde7,unbanked,tabddpm_synthetic,,['en'],advance fee,2024-11-22T02:34:00+00:00,3000.0,1500.0,20,2,0,Monday,90,1,100,advance fee,en,Bill pay kiosk,0
ddfa0660-1ad3-43c2-81db-aa6eab8d164c,synth_8eb45aa11951,unbanked,tabddpm_synthetic,,['en'],advance fee,2024-10-27T00:19:00+00:00,1063.31,46.35,31,0,0,Monday,0,2000,2,advance fee,en,Bill pay kiosk,0
b5e9fd43-63da-4cc2-978b-65a3b3a55bb8,synth_84729622a78a,unbanked,tabddpm_synthetic,,['en'],advance fee,2024-08-06T00:19:00+00:00,1214.49,127.77,60,0,0,Monday,10,231,19,advance fee,en,Bill pay kiosk,0
7e7aa28a-d77b-43b3-b9dc-60c0bfcf5fcb,synth_537e2d6d1b43,unbanked,tabddpm_synthetic,,['en'],advance fee,2024-04-02T00:37:00+00:00,3000.0,1500.0,20,0,0,Monday,20,1,100,advance fee,en,Bill pay kiosk,0
82acc3db-8392-4ec0-843a-6952e5d16fb8,synth_ec8d30653b20,unbanked,tabddpm_synthetic,,['en'],advance fee,2024-04-14T08:03:00+00:00,10.0,15.0,37,8,0,Monday,1,743,10,advance fee,en,Bill pay kiosk,0
0dfd29e4-3bbb-477a-8929-fdb237c6a22b,synth_b8167c4ea3e5,unbanked,tabddpm_synthetic,,['en'],advance fee,2024-09-19T13:00:00+00:00,558.65,48.29,31,13,0,Monday,0,297,7,advance fee,en,Bill pay kiosk,0
451cba89-59bb-4038-b523-0644dc51359a,synth_3450eba10773,unbanked,tabddpm_synthetic,,['en'],advance fee,2024-09-08T12:27:00+00:00,222.57,8.46,20,12,0,Monday,0,826,6,advance fee,en,Bill pay kiosk,0
d4984e2c-562d-4d65-aafc-e747a7724062,synth_077e258ce06d,unbanked,tabddpm_synthetic,,['en'],advance fee,2024-04-28T23:02:00+00:00,3000.0,1500.0,20,23,6,Sunday,90,1,100,advance fee,en,Bill pay kiosk,0
167a5fb6-f431-4bd6-ac3c-e3f198d3bb0f,synth_b9ea0ed3e049,unbanked,tabddpm_synthetic,,['en'],advance fee,2024-09-21T00:08:00+00:00,3000.0,916.71,60,0,0,Monday,23,1,100,advance fee,en,Bill pay kiosk,1
90acc5f4-ecfd-4643-80bb-59a9787eaee0,synth_9b9b5c2d261a,unbanked,tabddpm_synthetic,,['en'],advance fee,2024-08-30T23:16:00+00:00,3000.0,1500.0,60,23,0,Monday,90,1,100,advance fee,en,Bill pay kiosk,0
5b3ec35d-496a-4767-924d-ce6c7998be71,synth_39112b8e0ee2,unbanked,tabddpm_synthetic,,['en'],advance fee,2024-11-22T23:58:00+00:00,3000.0,1500.0,20,23,6,Sunday,90,1,100,advance fee,en,Bill pay kiosk,0
849753b8-cde1-4321-8844-c655db7842a2,synth_67da0ba9d9e8,unbanked,tabddpm_synthetic,,['en'],advance fee,2024-04-29T00:18:00+00:00,38.66,0.0,20,0,0,Monday,90,206,48,advance fee,en,Bill pay kiosk,1
758a8d7f-eeee-450b-8465-763b09737804,synth_4ddbfd252f45,unbanked,tabddpm_synthetic,,['en'],advance fee,2024-11-18T06:53:00+00:00,10.0,0.0,27,6,0,Monday,77,1224,8,advance fee,en,Bill pay kiosk,0
7e064176-fdd5-459f-a473-a25640ea70d3,synth_836a107e34b5,unbanked,tabddpm_synthetic,,['en'],advance fee,2024-11-11T03:03:00+00:00,266.31,11.86,20,3,0,Monday,54,1231,17,advance fee,en,Bill pay kiosk,0
3b3b0dbe-b2b6-420e-97f9-9a8141568a7f,synth_a7064bc1e6ae,unbanked,tabddpm_synthetic,,['en'],advance fee,2024-06-05T10:05:00+00:00,481.41,53.85,32,10,0,Monday,2,1463,6,advance fee,en,Bill pay kiosk,0
b58bf3ee-c150-4ee2-be2b-0086115ca16d,synth_a0d99332757c,unbanked,tabddpm_synthetic,,['en'],advance fee,2024-09-12T23:59:00+00:00,3000.0,1500.0,20,23,0,Monday,90,1,100,advance fee,en,Bill pay kiosk,0
9ea69297-9abd-4a32-b767-87dcce322f6a,synth_c0c1589f7956,unbanked,tabddpm_synthetic,,['en'],advance fee,2024-07-30T11:59:00+00:00,288.68,19.84,20,11,0,Monday,22,2000,3,advance fee,en,Bill pay kiosk,0
15007b79-3b6b-44e1-890d-33dedd6f53b7,synth_20a1de5ef03c,unbanked,tabddpm_synthetic,,['en'],advance fee,2024-07-24T12:16:00+00:00,644.9,64.95,20,12,1,Tuesday,3,944,7,advance fee,en,Bill pay kiosk,0
4fe2a397-c6eb-45f0-9406-d05c55f8b934,synth_c72aca269732,unbanked,tabddpm_synthetic,,['en'],advance fee,2024-04-15T17:15:00+00:00,350.61,24.93,20,17,0,Monday,9,1395,4,advance fee,en,Bill pay kiosk,0
3e801d22-0a6e-406b-8045-44df60fb36e9,synth_151c14edaec4,unbanked,tabddpm_synthetic,,['en'],advance fee,2024-03-26T14:26:00+00:00,10.0,0.0,20,14,0,Monday,90,1,39,advance fee,en,Bill pay kiosk,0
91819cfd-b40e-47da-bb1a-8957b28ce024,synth_26db4dcfa2f4,unbanked,tabddpm_synthetic,,['en'],advance fee,2024-07-17T23:47:00+00:00,3000.0,0.0,20,23,6,Sunday,90,1,100,advance fee,en,Bill pay kiosk,0
38597ba3-613a-41d0-86d9-703029f96abb,synth_25e1087adc6f,unbanked,tabddpm_synthetic,,['en'],advance fee,2024-06-07T23:54:00+00:00,3000.0,1500.0,60,23,6,Sunday,0,1,100,advance fee,en,Bill pay kiosk,0
4d7b33e3-fdac-4f4f-9ba6-28176fe4ab33,synth_eee18ec1f6e9,unbanked,tabddpm_synthetic,,['en'],advance fee,2024-05-11T00:54:00+00:00,3000.0,1500.0,20,0,6,Sunday,37,1,100,advance fee,en,Bill pay kiosk,0
4e1ec948-ff8d-4aa7-b244-43a014d57e14,synth_7fd65794f45a,unbanked,tabddpm_synthetic,,['en'],fake loan,2024-12-03T12:48:00+00:00,10.0,0.0,47,12,0,Monday,3,624,4,fake loan,en,Bill pay kiosk,0
40be2688-9808-45ce-9d9f-962b25f94b44,synth_106a8df80db1,unbanked,tabddpm_synthetic,,['en'],advance fee,2024-12-09T00:15:00+00:00,586.61,33.66,20,0,0,Monday,83,1259,34,advance fee,en,Bill pay kiosk,1
3dd83106-c336-4dab-8848-4a5a9581061f,synth_7a6788f6e55b,unbanked,tabddpm_synthetic,,['en'],advance fee,2024-07-07T09:32:00+00:00,2269.09,229.69,60,9,0,Monday,0,756,4,advance fee,en,Bill pay kiosk,0
8f144c60-fb03-4d79-8c22-ce3c89cc5009,synth_b65d4e401da4,unbanked,tabddpm_synthetic,,['en'],advance fee,2024-01-10T23:41:00+00:00,3000.0,1500.0,60,23,0,Monday,90,1,100,advance fee,en,Bill pay kiosk,0
321e128c-f811-4eee-9cea-5a48173020e3,synth_6ff5c57bf65e,unbanked,tabddpm_synthetic,,['es'],advance fee,2024-04-23T10:04:00+00:00,688.0,98.13,20,10,1,Tuesday,52,1463,10,advance fee,es,Bill pay kiosk,0
3f83a55e-eb74-4f33-8712-bb4001606359,synth_63142a332ba2,unbanked,tabddpm_synthetic,,['en'],advance fee,2024-01-09T00:22:00+00:00,3000.0,254.11,42,0,0,Monday,0,961,20,advance fee,en,Bill pay kiosk,0
1363929d-0d68-41c7-9c46-c23e0d2571ef,synth_1aca5968d730,unbanked,tabddpm_synthetic,,['en'],advance fee,2024-04-25T00:09:00+00:00,3000.0,1500.0,60,0,0,Monday,0,1,100,advance fee,en,Bill pay kiosk,0
5e5f77f4-3a08-415a-b95f-7c070d47adaa,synth_b7681636077c,unbanked,tabddpm_synthetic,,['en'],advance fee,2024-10-30T23:19:00+00:00,3000.0,1500.0,60,23,0,Monday,0,1,100,advance fee,en,Bill pay kiosk,1
c31c3f26-be11-43ef-a287-1f198318a65b,synth_bfc57ee1904f,unbanked,tabddpm_synthetic,,['en'],advance fee,2024-09-15T00:11:00+00:00,255.82,8.44,20,0,0,Monday,0,2000,11,advance fee,en,Bill pay kiosk,0
1c75fc62-1b4e-4569-b977-a645852944b4,synth_48d9e1eb8593,unbanked,tabddpm_synthetic,,['en'],advance fee,2024-02-25T01:35:00+00:00,765.28,51.84,26,1,0,Monday,0,902,11,advance fee,en,Bill pay kiosk,0
01b91d95-1e35-468b-a176-a6c8e8b25ea9,synth_0caf1c601f17,unbanked,tabddpm_synthetic,,['en'],advance fee,2024-10-19T00:08:00+00:00,417.13,13.19,20,0,0,Monday,0,1341,4,advance fee,en,Bill pay kiosk,0
d7b9d0bd-2543-436c-bdcf-aa384c2a252f,synth_cce07d575160,unbanked,tabddpm_synthetic,,['en'],advance fee,2024-05-15T00:58:00+00:00,322.78,7.75,29,0,0,Monday,0,1,7,advance fee,en,Bill pay kiosk,0
9de5cc2a-743d-4c7a-b13a-818ec8f89b63,synth_ce18e702b1cc,unbanked,tabddpm_synthetic,,['en'],advance fee,2024-12-25T23:19:00+00:00,3000.0,1500.0,41,23,0,Monday,16,1,49,advance fee,en,Bill pay kiosk,0
50da7c59-d027-4f48-a835-9250db8a201b,synth_baf7958189d2,unbanked,tabddpm_synthetic,,['en'],advance fee,2024-10-29T00:00:00+00:00,3000.0,1500.0,60,0,0,Monday,90,1,100,advance fee,en,Bill pay kiosk,1
bd1f51f2-312d-4471-841f-ad940b00dd15,synth_3af4ea137b7b,unbanked,tabddpm_synthetic,,['en'],advance fee,2024-05-13T16:15:00+00:00,3000.0,398.1,20,16,0,Monday,85,197,8,advance fee,en,Bill pay kiosk,0
6da11f90-662e-4270-acb6-d746aa84ad30,synth_f05909d5fb87,unbanked,tabddpm_synthetic,,['en'],advance fee,2024-03-25T10:23:00+00:00,439.87,44.99,20,10,0,Monday,2,764,4,advance fee,en,Bill pay kiosk,0
76afb64f-e02e-4a88-9935-501ded902c53,synth_18c833aa0ce0,unbanked,tabddpm_synthetic,,['en'],advance fee,2024-10-27T23:01:00+00:00,3000.0,1500.0,20,23,0,Monday,90,1,100,advance fee,en,Bill pay kiosk,0
71f5ce08-c563-4d0a-8a44-2f57d06d9174,synth_b62e553084eb,unbanked,tabddpm_synthetic,,['en'],advance fee,2024-06-25T23:28:00+00:00,3000.0,1500.0,20,23,0,Monday,90,1,100,advance fee,en,Bill pay kiosk,0
5c4a6614-c623-4238-9405-65e6f65eb108,synth_5a1f428906e4,unbanked,tabddpm_synthetic,,['en'],advance fee,2024-04-07T23:30:00+00:00,3000.0,1500.0,20,23,6,Sunday,0,1,100,advance fee,en,Bill pay kiosk,0
935c6968-5e58-444c-b55a-385a947fea87,synth_369a0b39b86a,unbanked,tabddpm_synthetic,,['en'],advance fee,2024-09-06T23:40:00+00:00,3000.0,1500.0,20,23,0,Monday,90,1,100,advance fee,en,Bill pay kiosk,0
032441fd-ace2-4e9d-91e1-da3c6e046af7,synth_563d15ac2d1a,unbanked,tabddpm_synthetic,,['en'],advance fee,2024-05-01T10:18:00+00:00,305.51,36.45,20,10,4,Friday,13,1296,8,advance fee,en,Bill pay kiosk,0
28307d27-c04e-4209-b580-bd9d2c8da0e4,synth_674f982b6108,unbanked,tabddpm_synthetic,,['en'],advance fee,2024-07-06T00:59:00+00:00,3000.0,1107.27,20,0,0,Monday,57,1,93,advance fee,en,Bill pay kiosk,0
98d78f14-7ea5-45d4-acb4-6c7c55f175c7,synth_84d8d28b88fb,unbanked,tabddpm_synthetic,,['en'],advance fee,2024-09-08T11:40:00+00:00,234.9,39.58,20,11,0,Monday,38,2000,8,advance fee,en,Bill pay kiosk,0
55a0684a-8693-4977-8c82-9b389b0718c0,synth_6e627b558c19,unbanked,tabddpm_synthetic,,['en'],advance fee,2024-08-16T15:43:00+00:00,614.11,91.12,30,15,0,Monday,13,1,10,advance fee,en,Bill pay kiosk,0
2a612e0d-d5df-4cd6-9507-a5839fe65e83,synth_8d0124eb0576,unbanked,tabddpm_synthetic,,['en'],advance fee,2024-06-13T20:43:00+00:00,266.26,33.22,40,20,5,Saturday,4,393,10,advance fee,en,Bill pay kiosk,0
26e71d0d-ba48-4548-9944-58ef6c7780f4,synth_579ad94f1a20,unbanked,tabddpm_synthetic,,['en'],advance fee,2024-12-20T13:17:00+00:00,316.13,50.32,20,13,0,Monday,4,1394,5,advance fee,en,Bill pay kiosk,0
1f3e951e-884f-4a1d-9e52-9ca60267631f,synth_c33364a06764,unbanked,tabddpm_synthetic,,['en'],advance fee,2024-06-23T00:52:00+00:00,3000.0,1500.0,20,0,0,Monday,90,1,100,advance fee,en,Bill pay kiosk,1
f7032473-70a1-4696-b000-a4b60232930c,synth_8d87204bc5b9,unbanked,tabddpm_synthetic,,['en'],advance fee,2024-03-27T09:12:00+00:00,141.7,10.6,43,9,0,Monday,9,945,16,advance fee,en,Bill pay kiosk,0
1734c370-c93c-4602-b443-818d588b5c10,synth_ad3a1cd27c9d,unbanked,tabddpm_synthetic,,['en'],advance fee,2024-06-28T23:05:00+00:00,3000.0,1500.0,20,23,0,Monday,90,1,100,advance fee,en,Bill pay kiosk,0
c905fe58-b638-4387-94a3-87c706d124f9,synth_22c332bf1d2f,unbanked,tabddpm_synthetic,,['en'],advance fee,2024-03-10T23:50:00+00:00,3000.0,1500.0,20,23,0,Monday,90,1,100,advance fee,en,Bill pay kiosk,0
30287fb3-f74b-43b5-b681-dcbe37c0545f,synth_9d440d9e70f5,unbanked,tabddpm_synthetic,,['en'],advance fee,2024-01-02T00:19:00+00:00,592.45,76.62,60,0,0,Monday,3,1052,12,advance fee,en,Bill pay kiosk,0
8caf47dd-bc92-4334-813f-1d58625f493f,synth_ae52d4411a36,unbanked,tabddpm_synthetic,,['en'],advance fee,2024-07-14T10:28:00+00:00,513.07,23.2,20,10,0,Monday,21,1797,0,advance fee,en,Bill pay kiosk,0
861b377b-a717-45f4-aaed-71502053bc5c,synth_04029386a717,unbanked,tabddpm_synthetic,,['en'],advance fee,2024-05-19T23:22:00+00:00,3000.0,1500.0,60,23,0,Monday,90,1,100,advance fee,en,Bill pay kiosk,1
1fffec2a-71ba-4caf-9097-7ffab0db1c6b,synth_2ff83c907fe2,unbanked,tabddpm_synthetic,,['en'],advance fee,2024-03-05T00:38:00+00:00,1308.37,112.06,48,0,0,Monday,0,715,13,advance fee,en,Bill pay kiosk,0
fc362c46-9dbe-4a25-b375-8daeea4792cf,synth_ded6cdf24fcc,unbanked,tabddpm_synthetic,,['en'],advance fee,2024-01-11T23:38:00+00:00,3000.0,1500.0,20,23,0,Monday,90,1,100,advance fee,en,Bill pay kiosk,0
06ccbb17-522a-4364-a1b0-e46c37b3fc4d,synth_fad177ccc02c,unbanked,tabddpm_synthetic,,['en'],advance fee,2024-03-25T23:47:00+00:00,3000.0,1500.0,20,23,0,Monday,90,1,100,advance fee,en,Bill pay kiosk,0
35fb9a01-aaa7-4afa-888b-78e9afb6ccc4,synth_7b221da934eb,unbanked,tabddpm_synthetic,,['en'],advance fee,2024-03-03T08:20:00+00:00,341.31,36.14,20,8,0,Monday,4,668,10,advance fee,en,Bill pay kiosk,0
53c49b0a-6c13-4c16-9040-7a8446cfad55,synth_4f4a1640b32b,unbanked,tabddpm_synthetic,,['en'],advance fee,2024-08-01T16:34:00+00:00,841.14,76.57,20,16,6,Sunday,47,1655,13,advance fee,en,Bill pay kiosk,0
fc5015d0-c458-480a-a3c8-19af0571cda7,synth_0a4b66e87104,unbanked,tabddpm_synthetic,,['en'],advance fee,2024-06-25T23:40:00+00:00,3000.0,1500.0,20,23,0,Monday,90,1,100,advance fee,en,Bill pay kiosk,0
a22abc73-caa9-4fff-8796-e48a878e6035,synth_ccad90c025c2,unbanked,tabddpm_synthetic,,['en'],advance fee,2024-09-25T00:37:00+00:00,970.34,102.29,34,0,2,Wednesday,45,425,38,advance fee,en,Bill pay kiosk,1
d36afacd-0875-475a-93f3-a42e7a900ec3,synth_33237a746790,unbanked,tabddpm_synthetic,,['en'],advance fee,2024-08-18T00:37:00+00:00,3000.0,281.21,20,0,0,Monday,58,1,100,advance fee,en,Bill pay kiosk,1
b419e862-5ac2-4420-ad07-2120f44a6042,synth_3ce807dead60,unbanked,tabddpm_synthetic,,['en'],advance fee,2024-07-06T12:57:00+00:00,1126.54,88.37,20,12,0,Monday,8,632,11,advance fee,en,Bill pay kiosk,0
4d410cd9-5443-457b-bc0a-205225f5346f,synth_ba3ae4d45244,unbanked,tabddpm_synthetic,,['en'],advance fee,2024-07-04T16:45:00+00:00,704.0,94.52,20,16,1,Tuesday,43,1460,6,advance fee,en,Bill pay kiosk,0
d90be94a-1602-4bdc-9219-f87a11847d94,synth_b3aaf35c2918,unbanked,tabddpm_synthetic,,['en'],advance fee,2024-04-20T23:45:00+00:00,3000.0,1500.0,20,23,0,Monday,90,1,100,advance fee,en,Bill pay kiosk,1
1f1937cd-ecd0-42c7-9bf2-3de906f66666,synth_d5c3bdd7667d,unbanked,tabddpm_synthetic,,['en'],advance fee,2024-04-20T14:50:00+00:00,349.57,34.98,23,14,0,Monday,10,850,6,advance fee,en,Bill pay kiosk,0
3ed8fd75-3724-4cee-aba6-a172cf236772,synth_a3b105f0b4fa,unbanked,tabddpm_synthetic,,['en'],advance fee,2024-04-06T14:51:00+00:00,384.45,74.58,20,14,0,Monday,14,2000,8,advance fee,en,Bill pay kiosk,0
eacc13c2-fafe-4167-adcb-d3e8c25c7c92,synth_3e9c9c558834,unbanked,tabddpm_synthetic,,['en'],advance fee,2024-07-10T14:26:00+00:00,398.26,27.4,20,14,0,Monday,2,2000,6,advance fee,en,Bill pay kiosk,0
1df9a924-43eb-4c7e-9060-7e0e33ec4bb4,synth_5dc90092322b,unbanked,tabddpm_synthetic,,['en'],advance fee,2024-06-22T00:47:00+00:00,3000.0,1500.0,20,0,0,Monday,88,1,100,advance fee,en,Bill pay kiosk,1
1cd1fd66-bd21-4261-945c-0b0e09fce37d,synth_2cc522856ad9,unbanked,tabddpm_synthetic,,['en'],advance fee,2024-06-21T23:52:00+00:00,3000.0,1500.0,20,23,0,Monday,90,1,100,advance fee,en,Bill pay kiosk,0
4cd88fa5-77de-448b-a77b-271cfc979f0d,synth_27e3837e1f39,unbanked,tabddpm_synthetic,,['en'],advance fee,2024-01-16T09:37:00+00:00,1097.63,0.0,20,9,6,Sunday,90,1,94,advance fee,en,Bill pay kiosk,0
f6086754-7f36-454a-9235-c7b349e54a8e,synth_df37c188f8c4,unbanked,tabddpm_synthetic,,['en'],advance fee,2024-10-23T23:44:00+00:00,3000.0,1500.0,20,23,0,Monday,90,1,100,advance fee,en,Bill pay kiosk,0
bf835a57-9909-452b-b7d5-986821224a47,synth_43afd83e76d6,unbanked,tabddpm_synthetic,,['en'],advance fee,2024-06-21T23:59:00+00:00,1979.12,99.93,60,23,5,Saturday,0,1,67,advance fee,en,Bill pay kiosk,1
4598afe9-2da4-499c-9d64-36abf8f444c5,synth_675e16f55662,unbanked,tabddpm_synthetic,,['en'],advance fee,2024-09-12T00:40:00+00:00,3000.0,1500.0,60,0,0,Monday,61,1,100,advance fee,en,Bill pay kiosk,1
7b068095-f256-4ce8-8792-2a46ce75d524,synth_e93f7a628d2b,unbanked,tabddpm_synthetic,,['en'],advance fee,2024-02-09T23:47:00+00:00,3000.0,1500.0,20,23,6,Sunday,0,1,100,advance fee,en,Bill pay kiosk,0
d0057f8a-9665-46bf-8769-b96fbda9b0ff,synth_148dcae43c59,unbanked,tabddpm_synthetic,,['en'],advance fee,2024-01-31T07:34:00+00:00,833.55,51.78,20,7,0,Monday,90,2000,14,advance fee,en,Bill pay kiosk,0
bece2279-775a-4774-a912-c35bd0a881dd,synth_eb0062cac1f8,unbanked,tabddpm_synthetic,,['es'],advance fee,2024-07-20T10:01:00+00:00,113.36,12.24,24,10,0,Monday,0,1205,8,advance fee,es,Bill pay kiosk,0
e391d656-b5d3-4465-865e-efa2d37cedd4,synth_6e3c6ff9dd8c,unbanked,tabddpm_synthetic,,['en'],advance fee,2024-10-04T23:06:00+00:00,3000.0,1259.28,20,23,0,Monday,90,1,40,advance fee,en,Bill pay kiosk,0
266c997b-205e-4fc5-ac35-b90d8a967baa,synth_787b13c09881,unbanked,tabddpm_synthetic,,['en'],advance fee,2024-11-25T21:37:00+00:00,3000.0,1500.0,23,21,0,Monday,37,1,62,advance fee,en,Bill pay kiosk,0
a78c4d26-dc12-40ee-812b-0cc226ed0a79,synth_8acb7baf323c,unbanked,tabddpm_synthetic,,['en'],advance fee,2024-05-22T09:52:00+00:00,434.22,47.04,25,9,0,Monday,20,1679,9,advance fee,en,Bill pay kiosk,0
42bd0b64-95ab-47a0-914d-a756ca57baad,synth_3ac6412684b5,unbanked,tabddpm_synthetic,,['en'],advance fee,2024-11-13T23:35:00+00:00,3000.0,1500.0,20,23,0,Monday,90,1,100,advance fee,en,Bill pay kiosk,0
cfb66234-f58b-4fa6-a377-9832eee4cc38,synth_e3cbe5edd078,unbanked,tabddpm_synthetic,,['en'],advance fee,2024-11-14T00:23:00+00:00,816.73,88.0,20,0,0,Monday,0,2000,8,advance fee,en,Bill pay kiosk,0
8ad3ef10-9732-4921-8ff7-2fb0938e9ad5,synth_0837e61ad8b4,unbanked,tabddpm_synthetic,,['en'],advance fee,2024-02-01T00:23:00+00:00,2204.4,152.35,20,0,6,Sunday,90,782,36,advance fee,en,Bill pay kiosk,0
e8c141c4-54ab-4c5f-b100-6d2eceb69691,synth_9097a0d3a199,unbanked,tabddpm_synthetic,,['en'],advance fee,2024-09-07T00:52:00+00:00,10.0,0.0,20,0,0,Monday,90,1477,16,advance fee,en,Bill pay kiosk,0
904a7bdb-fd9f-4510-92dd-83d8301ba639,synth_d7ae99ed7d8a,unbanked,tabddpm_synthetic,,['en'],advance fee,2024-09-26T23:02:00+00:00,3000.0,1500.0,60,23,0,Monday,2,1,100,advance fee,en,Bill pay kiosk,0
4136afff-1417-4dc5-9431-10c1061fd35e,synth_92cf795da28f,unbanked,tabddpm_synthetic,,['en'],advance fee,2024-06-08T00:54:00+00:00,227.56,22.66,22,0,0,Monday,0,2000,10,advance fee,en,Bill pay kiosk,0
b9b05c04-e44b-422a-bce2-f468d55beaec,synth_260cf665feb9,unbanked,tabddpm_synthetic,,['en'],advance fee,2024-07-31T17:09:00+00:00,216.45,21.43,20,17,4,Friday,22,1843,6,advance fee,en,Bill pay kiosk,0
833c8ea0-7a15-46fb-a159-db15dc521396,synth_7c46f1dfd63f,unbanked,tabddpm_synthetic,,['en'],advance fee,2024-02-12T23:21:00+00:00,3000.0,1500.0,20,23,0,Monday,64,1,94,advance fee,en,Bill pay kiosk,1
e487da8c-d8a1-4aee-bb71-6664ff30dfaa,synth_3102a24a75af,unbanked,tabddpm_synthetic,,['en'],advance fee,2024-07-08T23:15:00+00:00,855.05,92.19,60,23,0,Monday,16,1,44,advance fee,en,Bill pay kiosk,1
40990a0b-49a5-476e-9974-3e19807e5a02,synth_80ce9215c4e4,unbanked,tabddpm_synthetic,,['en'],advance fee,2024-08-30T15:18:00+00:00,409.57,45.51,28,15,0,Monday,3,1518,7,advance fee,en,Bill pay kiosk,0
3e3a06c7-87b2-481c-8843-56e8980d707f,synth_868a41de1490,unbanked,tabddpm_synthetic,,['en'],advance fee,2024-07-02T23:29:00+00:00,3000.0,1500.0,20,23,6,Sunday,0,1,100,advance fee,en,Bill pay kiosk,0
3e4824cf-c58f-43c8-8910-0552bda77747,synth_fec853ddc87c,unbanked,tabddpm_synthetic,,['en'],advance fee,2024-12-03T11:46:00+00:00,100.15,80.58,20,11,0,Monday,41,2000,6,advance fee,en,Bill pay kiosk,0
2f436576-6f58-4161-b706-d9a77a2c188b,synth_8090b2ba9672,unbanked,tabddpm_synthetic,,['en'],advance fee,2024-11-14T23:55:00+00:00,3000.0,0.0,20,23,0,Monday,90,1,100,advance fee,en,Bill pay kiosk,0
2d2cf616-22d4-423f-8fbb-4bad8835cbfe,synth_8801ad4c2a07,unbanked,tabddpm_synthetic,,['en'],advance fee,2024-02-20T03:46:00+00:00,243.67,26.9,36,3,0,Monday,25,214,3,advance fee,en,Bill pay kiosk,0
fd45e06a-31a2-4ba0-b1e9-7876da563980,synth_b93c17ed3dfe,unbanked,tabddpm_synthetic,,['en'],advance fee,2024-07-02T23:03:00+00:00,3000.0,1500.0,20,23,0,Monday,90,1,100,advance fee,en,Bill pay kiosk,0
486da217-f4d8-4758-a778-5bb38ece31ee,synth_41488a23f6bb,unbanked,tabddpm_synthetic,,['en'],advance fee,2024-03-20T00:24:00+00:00,3000.0,1500.0,48,0,0,Monday,0,1,100,advance fee,en,Bill pay kiosk,0
d4608059-fc62-4358-859f-dbf79414e736,synth_e906f8f64892,unbanked,tabddpm_synthetic,,['en'],advance fee,2024-07-26T10:26:00+00:00,167.93,8.81,20,10,0,Monday,7,1532,2,advance fee,en,Bill pay kiosk,0
346c7f75-07a4-47e6-8057-beaffe0e5a6d,synth_a349acbaa85b,unbanked,tabddpm_synthetic,,['en'],advance fee,2024-04-01T00:01:00+00:00,3000.0,1500.0,60,0,0,Monday,0,1,100,advance fee,en,Bill pay kiosk,0
87b6ee15-352e-42d6-ada8-e26718dc8789,synth_60808bd071ae,unbanked,tabddpm_synthetic,,['en'],advance fee,2024-08-05T23:18:00+00:00,3000.0,1500.0,20,23,0,Monday,90,1,100,advance fee,en,Bill pay kiosk,0
b792f972-3d54-4854-8e28-b3684200b2cc,synth_94e742a068c9,unbanked,tabddpm_synthetic,,['en'],advance fee,2024-10-12T06:07:00+00:00,3000.0,656.69,20,6,4,Friday,11,1,16,advance fee,en,Bill pay kiosk,0
6033dba2-46fd-4fb1-a13b-eff710278371,synth_3815a4398250,unbanked,tabddpm_synthetic,,['en'],advance fee,2024-01-15T23:25:00+00:00,3000.0,1500.0,60,23,0,Monday,0,1,100,advance fee,en,Bill pay kiosk,0
4471f724-265c-4dfd-ba03-541fd1acaa8c,synth_290e018ad35d,unbanked,tabddpm_synthetic,,['en'],fake loan,2024-06-01T03:44:00+00:00,449.67,9.05,51,3,0,Monday,4,1776,6,fake loan,en,Bill pay kiosk,0
e75786a0-66f0-4837-9d38-19649a6263a6,synth_399085131d8c,unbanked,tabddpm_synthetic,,['en'],advance fee,2024-10-29T12:18:00+00:00,1058.77,102.3,22,12,0,Monday,9,2000,5,advance fee,en,Bill pay kiosk,0
738b85ba-4a26-4d0b-a659-7f3fad10fa3b,synth_fc4c41cb1635,unbanked,tabddpm_synthetic,,['en'],advance fee,2024-11-24T08:19:00+00:00,204.42,86.27,20,8,0,Monday,40,2000,2,advance fee,en,Bill pay kiosk,0
95f7e756-bd21-44c1-89bd-c15d2bcacde2,synth_6732d4842244,unbanked,tabddpm_synthetic,,['en'],advance fee,2024-04-05T13:31:00+00:00,869.55,106.64,20,13,6,Sunday,21,332,16,advance fee,en,Bill pay kiosk,1
69f8ed65-bc1a-4ee1-80c0-7197e7d3d79a,synth_0558395b8bc6,unbanked,tabddpm_synthetic,,['en'],advance fee,2024-12-04T23:10:00+00:00,2920.51,0.0,20,23,0,Monday,90,1,100,advance fee,en,Bill pay kiosk,0
fab5593a-cdaf-4ba8-8769-83fd53f822d2,synth_42743f0aab34,unbanked,tabddpm_synthetic,,['en'],advance fee,2024-11-02T13:29:00+00:00,426.95,50.96,20,13,0,Monday,16,845,5,advance fee,en,Bill pay kiosk,0
6a28e0a0-c324-4801-9c48-c358478cdd76,synth_65d113aaabec,unbanked,tabddpm_synthetic,,['en'],advance fee,2024-01-29T11:51:00+00:00,10.0,16.73,20,11,0,Monday,0,1,12,advance fee,en,Bill pay kiosk,0
4f56aed2-7294-478a-b714-4226eafd2913,synth_31f7435300fa,unbanked,tabddpm_synthetic,,['en'],advance fee,2024-08-16T21:07:00+00:00,3000.0,602.54,20,21,6,Sunday,9,1,9,advance fee,en,Bill pay kiosk,0
411d2183-44d1-4002-b06c-f0b6e241e7a2,synth_98c23445d2a1,unbanked,tabddpm_synthetic,,['en'],advance fee,2024-02-20T00:39:00+00:00,3000.0,355.99,60,0,0,Monday,0,546,9,advance fee,en,Bill pay kiosk,0
29e40e5b-b09a-40a4-b37c-7eeda9961e0b,synth_33889fd4cf05,unbanked,tabddpm_synthetic,,['en'],advance fee,2024-06-22T23:21:00+00:00,3000.0,1500.0,20,23,0,Monday,90,1,100,advance fee,en,Bill pay kiosk,0
31c4e472-c7cb-4117-a93b-4d8ed6c25fb6,synth_8167226400a8,unbanked,tabddpm_synthetic,,['en'],advance fee,2024-04-08T13:32:00+00:00,10.0,0.0,20,13,0,Monday,90,306,26,advance fee,en,Bill pay kiosk,0
0ed82e50-d5ce-4a7a-9c62-da2d7fec1cc5,synth_bf1da36b55ac,unbanked,tabddpm_synthetic,,['en'],advance fee,2024-06-23T11:28:00+00:00,217.34,0.0,20,11,6,Sunday,90,1,47,advance fee,en,Bill pay kiosk,0
ce4ffcb9-5c95-4579-b667-20eab5733bef,synth_e5698e073adc,unbanked,tabddpm_synthetic,,['en'],advance fee,2024-10-03T15:25:00+00:00,335.83,20.57,50,15,3,Thursday,21,469,8,advance fee,en,Bill pay kiosk,0
468ece52-dd52-495b-a5f5-e0833a2233af,synth_f1fee9995a7c,unbanked,tabddpm_synthetic,,['en'],advance fee,2024-12-14T13:20:00+00:00,344.74,28.99,20,13,0,Monday,5,2000,6,advance fee,en,Bill pay kiosk,0
1c997405-9a54-4e62-b095-a4bf221dfdc8,synth_085f43eb2237,unbanked,tabddpm_synthetic,,['en'],advance fee,2024-06-29T10:22:00+00:00,262.73,47.48,20,10,3,Thursday,66,1684,2,advance fee,en,Bill pay kiosk,0
e56966aa-ec0e-4f8c-b53d-e471c14abe7b,synth_b7bb0686821b,unbanked,tabddpm_synthetic,,['en'],advance fee,2024-08-14T23:24:00+00:00,3000.0,1500.0,20,23,6,Sunday,0,1,100,advance fee,en,Bill pay kiosk,0
8cd259de-2dc8-4045-b66b-03965a693285,synth_1110de071489,unbanked,tabddpm_synthetic,,['en'],advance fee,2024-01-02T23:20:00+00:00,3000.0,1500.0,60,23,0,Monday,90,1,100,advance fee,en,Bill pay kiosk,1
114e771f-bd61-4732-8cfb-211e0c376eb0,synth_fdbbbb1b1d89,unbanked,tabddpm_synthetic,,['en'],advance fee,2024-06-15T23:01:00+00:00,3000.0,1500.0,20,23,6,Sunday,6,1,40,advance fee,en,Bill pay kiosk,0
7667af84-a685-405f-8720-9adc12b2616e,synth_086627c704ed,unbanked,tabddpm_synthetic,,['en'],advance fee,2024-03-01T00:46:00+00:00,2434.47,0.0,20,0,0,Monday,90,1,100,advance fee,en,Bill pay kiosk,1
79884efd-6c3a-4368-b571-41a36685e604,synth_f7f99d4f8b39,unbanked,tabddpm_synthetic,,['en'],advance fee,2024-10-28T13:28:00+00:00,313.74,38.03,20,13,0,Monday,20,1947,8,advance fee,en,Bill pay kiosk,0
62f52a06-dd72-4b94-a260-d3cf2749774e,synth_5f730f745a66,unbanked,tabddpm_synthetic,,['en'],advance fee,2024-04-26T00:36:00+00:00,487.27,44.77,20,0,0,Monday,0,2000,10,advance fee,en,Bill pay kiosk,0
aa27d3e6-dae1-42c0-ad6e-4dd3a7bc2389,synth_48737e4ff225,unbanked,tabddpm_synthetic,,['en'],advance fee,2024-11-23T00:18:00+00:00,364.41,17.63,39,0,0,Monday,0,2000,7,advance fee,en,Bill pay kiosk,0
42eb1b32-64f1-44db-b55b-a0fd23bd1598,synth_f46b9e28cf39,unbanked,tabddpm_synthetic,,['en'],advance fee,2024-05-01T00:32:00+00:00,298.42,6.87,34,0,0,Monday,0,1904,7,advance fee,en,Bill pay kiosk,0
cb7c5066-b04b-461b-8983-0c8766650dd6,synth_b4a808c96433,unbanked,tabddpm_synthetic,,['en'],advance fee,2024-03-26T23:08:00+00:00,3000.0,1500.0,20,23,6,Sunday,90,1,100,advance fee,en,Bill pay kiosk,0
892d4133-89b4-485e-b758-418572d2a689,synth_cd00127ea365,unbanked,tabddpm_synthetic,,['en'],advance fee,2024-11-18T15:51:00+00:00,80.77,13.05,36,15,1,Tuesday,5,139,4,advance fee,en,Bill pay kiosk,0
dd69b91e-72b3-4bcc-b45e-2250778a11c6,synth_804e714a2804,unbanked,tabddpm_synthetic,,['en'],advance fee,2024-08-25T00:45:00+00:00,3000.0,1500.0,60,0,0,Monday,90,1,100,advance fee,en,Bill pay kiosk,1
1e343d29-e11a-414b-a70f-6f73a23c82b2,synth_ea076cfe390e,unbanked,tabddpm_synthetic,,['en'],advance fee,2024-12-15T09:16:00+00:00,167.94,6.85,20,9,0,Monday,8,2000,0,advance fee,en,Bill pay kiosk,0
66e8a6ce-b5c8-4625-90f4-4413ce3e6269,synth_39b5f1225020,unbanked,tabddpm_synthetic,,['en'],advance fee,2024-02-16T23:48:00+00:00,3000.0,1500.0,20,23,6,Sunday,0,1,100,advance fee,en,Bill pay kiosk,0
1a2a7a42-971b-4f30-9af5-630271cb8b7b,synth_040c7917cad2,unbanked,tabddpm_synthetic,,['en'],advance fee,2024-07-17T23:52:00+00:00,3000.0,1500.0,20,23,6,Sunday,0,1,100,advance fee,en,Bill pay kiosk,0
5236f36e-4d6e-4cf2-a618-706a71a3a3f9,synth_abed97ea7ec7,unbanked,tabddpm_synthetic,,['en'],advance fee,2024-06-26T00:55:00+00:00,10.0,0.0,20,0,0,Monday,90,140,35,advance fee,en,Bill pay kiosk,0
42940c22-aa78-436b-b68c-1088c73dd746,synth_eb200bf7c0a7,unbanked,tabddpm_synthetic,,['en'],advance fee,2024-11-29T03:39:00+00:00,442.13,64.25,24,3,0,Monday,0,1453,9,advance fee,en,Bill pay kiosk,0
8e754ea8-c3dc-4437-a947-95364787bd39,synth_c8f8b4396e87,unbanked,tabddpm_synthetic,,['en'],advance fee,2024-06-21T03:10:00+00:00,3000.0,513.38,20,3,6,Sunday,1,1,19,advance fee,en,Bill pay kiosk,0
62425224-5180-4089-a7b6-383f6d00b0a1,synth_21c13bf9a5db,unbanked,tabddpm_synthetic,,['en'],advance fee,2024-10-18T04:18:00+00:00,889.51,61.99,20,4,0,Monday,0,1832,12,advance fee,en,Bill pay kiosk,0
b22d59cf-320d-41fc-85c7-929e4cfe037a,synth_3986efeee71e,unbanked,tabddpm_synthetic,,['en'],advance fee,2024-04-01T00:22:00+00:00,888.41,66.98,25,0,0,Monday,0,1264,3,advance fee,en,Bill pay kiosk,0
d61b9ff4-1c49-45af-8cd9-33234cb2710a,synth_a74fd9792313,unbanked,tabddpm_synthetic,,['en'],advance fee,2024-07-01T09:28:00+00:00,301.13,33.73,24,9,2,Wednesday,0,1,18,advance fee,en,Bill pay kiosk,0
62a9b557-0d4d-4f39-bc72-99b830a39e50,synth_85d2883f226a,unbanked,tabddpm_synthetic,,['en'],advance fee,2024-08-17T01:46:00+00:00,10.0,0.0,20,1,0,Monday,60,1551,10,advance fee,en,Bill pay kiosk,0
22d9789a-2d41-43f4-bb4f-32ff824f72a6,synth_5a1bf709c336,unbanked,tabddpm_synthetic,,['en'],advance fee,2024-10-20T00:59:00+00:00,621.49,45.96,30,0,0,Monday,5,529,16,advance fee,en,Bill pay kiosk,0
387e2014-fdf5-4a33-b911-37b532902859,synth_ee732395cfe3,unbanked,tabddpm_synthetic,,['en'],advance fee,2024-12-21T05:43:00+00:00,10.0,0.0,20,5,0,Monday,90,252,26,advance fee,en,Bill pay kiosk,0
7b30ed68-2654-482c-b79e-f4f661c32b9f,synth_5dd18ae81b29,unbanked,tabddpm_synthetic,,['en'],advance fee,2024-12-27T23:30:00+00:00,3000.0,1500.0,20,23,6,Sunday,0,1,100,advance fee,en,Bill pay kiosk,0
c7f15dfe-a8b3-419b-9dda-3e94fe8f265f,synth_8d972a701cf9,unbanked,tabddpm_synthetic,,['en'],advance fee,2024-02-15T11:42:00+00:00,334.98,73.33,20,11,6,Sunday,36,2000,0,advance fee,en,Bill pay kiosk,0
a20d2f7d-d4c9-4a9e-85ab-826492b4b0c9,synth_b546086f0e54,unbanked,tabddpm_synthetic,,['en'],advance fee,2024-01-18T05:54:00+00:00,232.54,21.87,20,5,0,Monday,40,2000,11,advance fee,en,Bill pay kiosk,0
60371182-48ff-472c-937a-d5ec25d3ccc7,synth_98e0c26f5e07,unbanked,tabddpm_synthetic,,['en'],advance fee,2024-11-30T11:43:00+00:00,222.66,67.36,20,11,0,Monday,23,2000,2,advance fee,en,Bill pay kiosk,0
726e7c2b-c84b-4142-a242-2a8a67a35c64,synth_b5ad0cee3001,unbanked,tabddpm_synthetic,,['en'],advance fee,2024-09-05T13:39:00+00:00,503.06,44.84,20,13,0,Monday,13,2000,0,advance fee,en,Bill pay kiosk,0
d0480d2d-8900-49d0-afc4-e5002c62f077,synth_fe9bde78720e,unbanked,tabddpm_synthetic,,['en'],advance fee,2024-12-29T08:56:00+00:00,325.16,19.42,20,8,0,Monday,16,2000,9,advance fee,en,Bill pay kiosk,0
80a6a8a2-a5d0-41ef-9298-a51dfd525921,synth_64e02a79e24f,unbanked,tabddpm_synthetic,,['en'],advance fee,2024-10-19T23:21:00+00:00,3000.0,1500.0,20,23,6,Sunday,0,1,100,advance fee,en,Bill pay kiosk,0
ed00fa06-e0e1-4ff5-89ab-aece3c4df8f1,synth_a62c0e195aed,unbanked,tabddpm_synthetic,,['en'],advance fee,2024-05-28T23:17:00+00:00,3000.0,1500.0,20,23,0,Monday,90,1,100,advance fee,en,Bill pay kiosk,0
b0141313-566b-48b4-a00f-83ce747f3644,synth_3aaf5506d247,unbanked,tabddpm_synthetic,,['en'],advance fee,2024-08-13T07:08:00+00:00,10.0,0.0,20,7,0,Monday,90,1183,18,advance fee,en,Bill pay kiosk,0
402671a7-b478-473a-8373-1cf0b259688d,synth_18e86b1d4f31,unbanked,tabddpm_synthetic,,['en'],advance fee,2024-07-15T11:15:00+00:00,10.0,0.0,20,11,1,Tuesday,90,977,6,advance fee,en,Bill pay kiosk,0
642f90ff-7ef6-4580-9d21-325507a57366,synth_b0b02a52f2e6,unbanked,tabddpm_synthetic,,['en'],advance fee,2024-02-07T23:58:00+00:00,3000.0,1500.0,20,23,0,Monday,90,1,100,advance fee,en,Bill pay kiosk,0
54142131-5b74-4f07-94ce-b840432447d1,synth_85e61f5434bb,unbanked,tabddpm_synthetic,,['en'],advance fee,2024-01-31T23:35:00+00:00,3000.0,1500.0,20,23,0,Monday,90,1,100,advance fee,en,Bill pay kiosk,0
45de1f47-dc36-4e48-9909-e752873a3069,synth_18407ae41bfc,unbanked,tabddpm_synthetic,,['en'],advance fee,2024-06-16T00:21:00+00:00,3000.0,326.85,20,0,0,Monday,90,1,100,advance fee,en,Bill pay kiosk,1
7a66a4ff-48b5-4dbd-b5eb-a2184694f427,synth_9f4e62b827a7,unbanked,tabddpm_synthetic,,['en'],advance fee,2024-08-02T00:15:00+00:00,179.52,6.02,27,0,0,Monday,0,2000,17,advance fee,en,Bill pay kiosk,0
2b06895e-1ec6-4dbb-b568-19955d7e38af,synth_5895ff3b0129,unbanked,tabddpm_synthetic,,['en'],advance fee,2024-11-27T03:14:00+00:00,792.89,91.42,31,3,1,Tuesday,12,1251,6,advance fee,en,Bill pay kiosk,0
528b1d67-0034-460b-a550-33b00658e05f,synth_f17e4335a77d,unbanked,tabddpm_synthetic,,['en'],advance fee,2024-01-03T00:41:00+00:00,3000.0,1500.0,20,0,6,Sunday,0,1,100,advance fee,en,Bill pay kiosk,0
8f7acc9c-edc8-4099-b3a9-75317f4b5317,synth_d37ba9b4e55b,unbanked,tabddpm_synthetic,,['en'],advance fee,2024-04-22T23:26:00+00:00,3000.0,1500.0,20,23,0,Monday,90,1,100,advance fee,en,Bill pay kiosk,0
8400945b-8f6e-4f89-b3ad-2a35c63652f7,synth_b943fd348248,unbanked,tabddpm_synthetic,,['en'],advance fee,2024-04-13T14:23:00+00:00,305.26,10.85,44,14,0,Monday,3,1210,12,advance fee,en,Bill pay kiosk,0
77f387bd-4f79-48d9-919e-4dd447a1afa9,synth_cc21a35e8578,unbanked,tabddpm_synthetic,,['en'],advance fee,2024-11-24T00:53:00+00:00,400.95,22.02,60,0,0,Monday,0,2000,6,advance fee,en,Bill pay kiosk,0
6328b362-fe96-4d76-a1b5-3ccb6974199c,synth_f9e4ccaf5fdf,unbanked,tabddpm_synthetic,,['en'],advance fee,2024-08-29T02:22:00+00:00,10.0,0.0,20,2,0,Monday,90,1,38,advance fee,en,Bill pay kiosk,0
ee7126bd-66c7-4d7b-91b7-1991e1dfd0af,synth_7f5e6db839b0,unbanked,tabddpm_synthetic,,['en'],advance fee,2024-02-21T23:45:00+00:00,3000.0,1500.0,60,23,6,Sunday,0,1,100,advance fee,en,Bill pay kiosk,1
5ce2c486-76a0-4c17-9ab8-2dbc34264fce,synth_77a75e6ef99d,unbanked,tabddpm_synthetic,,['en'],advance fee,2024-07-07T00:16:00+00:00,400.4,34.97,23,0,0,Monday,0,1192,6,advance fee,en,Bill pay kiosk,0
eeed8dcc-552a-44fc-b2d2-c003cd78dc43,synth_05c6a0882da7,unbanked,tabddpm_synthetic,,['en'],advance fee,2024-06-16T23:32:00+00:00,3000.0,1500.0,60,23,0,Monday,90,1,100,advance fee,en,Bill pay kiosk,0
43e1ba17-a643-491a-8dd9-c440ac748928,synth_fdd207b4887a,unbanked,tabddpm_synthetic,,['en'],advance fee,2024-11-18T12:46:00+00:00,312.6,37.29,20,12,0,Monday,76,1407,10,advance fee,en,Bill pay kiosk,0
549bc496-dec0-437e-b505-d56520685c86,synth_449b93e331ec,unbanked,tabddpm_synthetic,,['en'],advance fee,2024-09-13T23:36:00+00:00,3000.0,1500.0,60,23,0,Monday,0,1,100,advance fee,en,Bill pay kiosk,1
9c3502c3-d49f-43af-b011-9e1702fbd250,synth_935a23b192cc,unbanked,tabddpm_synthetic,,['en'],advance fee,2024-01-05T06:31:00+00:00,183.79,14.21,50,6,0,Monday,26,1386,6,advance fee,en,Bill pay kiosk,0
b9fb39ad-9c3b-4111-b5bd-b4e3ec468e6e,synth_34f587d56e31,unbanked,tabddpm_synthetic,,['en'],advance fee,2024-06-01T00:13:00+00:00,526.96,34.78,47,0,0,Monday,0,2000,10,advance fee,en,Bill pay kiosk,0
b71fe32f-24ee-4eac-933a-0675c09b96ec,synth_e99e8a677729,unbanked,tabddpm_synthetic,,['en'],advance fee,2024-04-21T00:21:00+00:00,3000.0,1500.0,20,0,0,Monday,3,1,38,advance fee,en,Bill pay kiosk,0
f82cc252-b29c-4cc5-8ab1-d972c89cdd6b,synth_15ad95b17a90,unbanked,tabddpm_synthetic,,['en'],advance fee,2024-09-25T23:26:00+00:00,3000.0,1500.0,20,23,6,Sunday,90,1,100,advance fee,en,Bill pay kiosk,0
b8e78d4c-cd8a-4ac9-86e4-b1942fd7166b,synth_377c30d0791d,unbanked,tabddpm_synthetic,,['en'],advance fee,2024-10-04T14:50:00+00:00,341.8,0.0,60,14,0,Monday,2,1765,7,advance fee,en,Bill pay kiosk,0
7667b855-a6dd-4eb4-8f37-a89d92f564bd,synth_2f660b084a18,unbanked,tabddpm_synthetic,,['en'],advance fee,2024-06-26T23:03:00+00:00,3000.0,1500.0,44,23,6,Sunday,2,1,38,advance fee,en,Bill pay kiosk,0
263c28c9-e55c-4603-a155-1047f2d50860,synth_15f1ad7441d4,unbanked,tabddpm_synthetic,,['en'],advance fee,2024-03-08T23:35:00+00:00,3000.0,1500.0,20,23,6,Sunday,65,1,100,advance fee,en,Bill pay kiosk,0
c5cf722e-c5b4-4adf-a666-a397974dcc25,synth_98ca194b0c3b,unbanked,tabddpm_synthetic,,['en'],advance fee,2024-05-30T07:17:00+00:00,652.42,90.64,22,7,3,Thursday,9,768,6,advance fee,en,Bill pay kiosk,0
ce240730-1d7e-41d2-8293-05326a54b3d5,synth_02e66560cc14,unbanked,tabddpm_synthetic,,['en'],advance fee,2024-05-21T23:15:00+00:00,3000.0,1500.0,20,23,0,Monday,90,1,100,advance fee,en,Bill pay kiosk,1
1b027acd-3034-4240-a090-8c5a4e1c2c28,synth_7d4013381913,unbanked,tabddpm_synthetic,,['en'],advance fee,2024-06-09T23:41:00+00:00,3000.0,1500.0,60,23,0,Monday,0,1,100,advance fee,en,Bill pay kiosk,0
184af154-1458-47d1-b71f-b009dfd803ef,synth_ac961dd4ae1b,unbanked,tabddpm_synthetic,,['en'],advance fee,2024-01-26T13:13:00+00:00,366.66,36.82,20,13,0,Monday,0,1539,4,advance fee,en,Bill pay kiosk,0
9a5ec7d9-805f-46ca-8b47-8b00186bf682,synth_8a53eed205c2,unbanked,tabddpm_synthetic,,['en'],advance fee,2024-01-21T00:06:00+00:00,10.0,0.0,20,0,0,Monday,90,1555,14,advance fee,en,Bill pay kiosk,0
86442ac8-ec41-4da2-a15f-5103f5b44ae6,synth_1f0fb4a5fe6a,unbanked,tabddpm_synthetic,,['en'],advance fee,2024-11-12T13:13:00+00:00,3000.0,1500.0,20,13,6,Sunday,0,1,100,advance fee,en,Bill pay kiosk,0
c07a161a-50d3-4895-bf58-0157a523ab1c,synth_0d428aff7ab8,unbanked,tabddpm_synthetic,,['en'],advance fee,2024-08-10T23:20:00+00:00,3000.0,1500.0,20,23,0,Monday,90,1,100,advance fee,en,Bill pay kiosk,0
36db1491-736a-4d74-b7fb-3dd6e5222190,synth_bed705a5f0c4,unbanked,tabddpm_synthetic,,['en'],advance fee,2024-10-16T13:49:00+00:00,694.86,20.81,20,13,0,Monday,2,1137,2,advance fee,en,Bill pay kiosk,0
28e48f30-89e0-4d6c-8e7a-7f7572f0237c,synth_7bdd73657be4,unbanked,tabddpm_synthetic,,['en'],advance fee,2024-10-21T23:18:00+00:00,3000.0,1500.0,60,23,0,Monday,90,1,100,advance fee,en,Bill pay kiosk,0
16c9be76-0150-45fb-a093-f9ac52f09415,synth_2447b864aeee,unbanked,tabddpm_synthetic,,['en'],advance fee,2024-07-13T06:49:00+00:00,147.12,24.88,25,6,0,Monday,8,1824,0,advance fee,en,Bill pay kiosk,0
0d727ee0-3bb8-49e5-b8ce-5a4c185c631d,synth_e23569c0dbb4,unbanked,tabddpm_synthetic,,['en'],advance fee,2024-09-18T23:12:00+00:00,3000.0,1500.0,20,23,6,Sunday,0,1,100,advance fee,en,Bill pay kiosk,0
4f0f3162-80c8-4358-b70d-fd59317d265f,synth_e88c7ba6259d,unbanked,tabddpm_synthetic,,['en'],advance fee,2024-09-15T11:27:00+00:00,192.31,10.18,20,11,0,Monday,9,1927,5,advance fee,en,Bill pay kiosk,0
069725f1-7156-453b-a8a4-d48cf02ec431,synth_7a8b0028f5e0,unbanked,tabddpm_synthetic,,['en'],advance fee,2024-04-23T20:01:00+00:00,558.95,53.94,20,20,1,Tuesday,17,653,10,advance fee,en,Bill pay kiosk,0
5ce8c6fa-d32b-415e-8273-5ad6b5c07ad0,synth_218ec59f6375,unbanked,tabddpm_synthetic,,['en'],advance fee,2024-07-27T06:28:00+00:00,148.87,10.51,31,6,5,Saturday,2,1867,9,advance fee,en,Bill pay kiosk,0
2fa77c5c-7841-4b6c-93a6-bdea0a7acd28,synth_6a496408b0c9,unbanked,tabddpm_synthetic,,['en'],advance fee,2024-02-22T07:22:00+00:00,705.29,0.0,20,7,6,Sunday,90,1,43,advance fee,en,Bill pay kiosk,0
867af8b3-4799-454f-a247-0507be8e2690,synth_316e230b15c4,unbanked,tabddpm_synthetic,,['en'],advance fee,2024-07-12T00:01:00+00:00,3000.0,1500.0,20,0,6,Sunday,0,1,100,advance fee,en,Bill pay kiosk,0
29ba4614-7938-4515-ab0e-d13d06ea54e9,synth_a026edf335cb,unbanked,tabddpm_synthetic,,['en'],advance fee,2024-10-27T07:05:00+00:00,882.8,72.23,28,7,0,Monday,2,164,6,advance fee,en,Bill pay kiosk,0
8b6ff1f6-5835-4d3b-a141-7db46aeb5af5,synth_e3acc45b788e,unbanked,tabddpm_synthetic,,['en'],advance fee,2024-02-16T00:50:00+00:00,105.57,26.83,24,0,0,Monday,0,1043,11,advance fee,en,Bill pay kiosk,0
2a0ddb6f-7f66-4a4f-a2f8-fddbe405ed83,synth_651319810839,unbanked,tabddpm_synthetic,,['en'],advance fee,2024-12-15T13:56:00+00:00,166.79,35.37,20,13,0,Monday,56,865,13,advance fee,en,Bill pay kiosk,0
6562df99-5b0c-40ae-a419-b74747b86528,synth_10bdaa9d79b5,unbanked,tabddpm_synthetic,,['en'],advance fee,2024-09-17T00:58:00+00:00,3000.0,187.32,20,0,0,Monday,90,380,59,advance fee,en,Bill pay kiosk,0
36e972b9-2f73-4f57-ab9b-fc9db5a2e4e1,synth_a6288fde9f51,unbanked,tabddpm_synthetic,,['en'],advance fee,2024-04-23T00:36:00+00:00,3000.0,1500.0,60,0,0,Monday,23,1,100,advance fee,en,Bill pay kiosk,0
3ca3eadb-297b-4136-a0b8-2714ae1867f0,synth_30c20501c749,unbanked,tabddpm_synthetic,,['en'],advance fee,2024-10-30T00:47:00+00:00,149.91,26.69,36,0,0,Monday,0,747,13,advance fee,en,Bill pay kiosk,0
3aab9ba1-0410-4e53-8a44-22789bc2fe8b,synth_03eddf985e9e,unbanked,tabddpm_synthetic,,['en'],advance fee,2024-01-25T06:58:00+00:00,273.0,10.42,20,6,0,Monday,36,2000,12,advance fee,en,Bill pay kiosk,0
41c1f854-ab00-4d64-99ca-f62b8602bbb4,synth_7034e6d5e6d3,unbanked,tabddpm_synthetic,,['en'],advance fee,2024-10-21T23:00:00+00:00,3000.0,1500.0,20,23,0,Monday,90,1,100,advance fee,en,Bill pay kiosk,0
c46d3cb6-465a-49c5-92c7-b06911e8318c,synth_7b36a32fbe23,unbanked,tabddpm_synthetic,,['en'],advance fee,2024-08-01T23:53:00+00:00,1335.3,0.0,20,23,0,Monday,90,1,100,advance fee,en,Bill pay kiosk,0
efaebefe-9731-4e87-ba75-61913eb5db7e,synth_76c4c3412047,unbanked,tabddpm_synthetic,,['en'],advance fee,2024-03-27T06:43:00+00:00,10.0,0.0,20,6,0,Monday,90,1722,1,advance fee,en,Bill pay kiosk,0
aca28d06-a5e0-431a-b6dd-5a74daa40538,synth_b7373e22da10,unbanked,tabddpm_synthetic,,['en'],advance fee,2024-03-10T00:19:00+00:00,424.31,22.35,37,0,0,Monday,0,1209,5,advance fee,en,Bill pay kiosk,0
99ed0f73-b0a9-4e70-aa26-ed50e287ea08,synth_6142715f0732,unbanked,tabddpm_synthetic,,['en'],advance fee,2024-06-21T23:22:00+00:00,3000.0,1500.0,20,23,0,Monday,90,1,100,advance fee,en,Bill pay kiosk,0
45e04362-0c51-4702-9a6a-6aff9eb848c9,synth_8f77583d739f,unbanked,tabddpm_synthetic,,['en'],advance fee,2024-10-07T14:14:00+00:00,2393.56,148.68,52,14,3,Thursday,6,1,37,advance fee,en,Bill pay kiosk,1
60860960-3583-4830-a490-f0422d2101a9,synth_f07183758f2a,unbanked,tabddpm_synthetic,,['en'],advance fee,2024-12-27T01:44:00+00:00,328.81,7.18,20,1,0,Monday,24,1734,8,advance fee,en,Bill pay kiosk,0
51d60be4-4d93-4872-9d96-0e21e8069017,synth_ba15d38b9a3e,unbanked,tabddpm_synthetic,,['en'],advance fee,2024-01-02T05:13:00+00:00,2521.2,0.0,20,5,6,Sunday,90,1,100,advance fee,en,Bill pay kiosk,0
33cca0b6-9325-42cb-95fb-cf7d4f30f75a,synth_9d012499c350,unbanked,tabddpm_synthetic,,['en'],advance fee,2024-03-12T23:25:00+00:00,3000.0,1500.0,20,23,6,Sunday,0,1,100,advance fee,en,Bill pay kiosk,0
f5a1a6ad-1dd2-458b-a551-a422dd0509a4,synth_fb823926364e,unbanked,tabddpm_synthetic,,['en'],advance fee,2024-09-26T23:10:00+00:00,3000.0,1500.0,20,23,6,Sunday,90,1,100,advance fee,en,Bill pay kiosk,0
f11a0d5b-a90c-4332-8789-d192cb512c11,synth_26fa3509fa3e,unbanked,tabddpm_synthetic,,['en'],advance fee,2024-03-23T08:01:00+00:00,295.26,26.97,27,8,0,Monday,14,968,7,advance fee,en,Bill pay kiosk,0
513e6068-4d82-438a-9629-eaa3af2d606e,synth_9221026f3b52,unbanked,tabddpm_synthetic,,['en'],advance fee,2024-11-26T22:21:00+00:00,404.17,47.07,21,22,2,Wednesday,0,1128,7,advance fee,en,Bill pay kiosk,0
3087e88a-21b5-44fa-95ac-cd7ce680662a,synth_6beda9ce69eb,unbanked,tabddpm_synthetic,,['en'],advance fee,2024-12-02T23:45:00+00:00,3000.0,1500.0,20,23,0,Monday,90,1,100,advance fee,en,Bill pay kiosk,1
ecbfe650-a4d3-46c7-bb55-0f305b225802,synth_71e36b6afff0,unbanked,tabddpm_synthetic,,['en'],advance fee,2024-07-23T19:45:00+00:00,195.49,6.79,20,19,6,Sunday,10,1202,17,advance fee,en,Bill pay kiosk,0
dc274355-39d6-403c-9d6f-3bd3a0cb9a5b,synth_00eccc85068a,unbanked,tabddpm_synthetic,,['en'],advance fee,2024-09-08T11:20:00+00:00,111.81,20.66,20,11,0,Monday,11,2000,7,advance fee,en,Bill pay kiosk,0
50206df1-9229-45dc-8f36-15aa203665cd,synth_a4873e729c94,unbanked,tabddpm_synthetic,,['en'],advance fee,2024-06-03T05:54:00+00:00,279.71,37.53,20,5,0,Monday,6,1120,8,advance fee,en,Bill pay kiosk,0
ceb622e8-1131-457a-8eb9-b66aac9591f6,synth_e2aa3db0a4de,unbanked,tabddpm_synthetic,,['en'],advance fee,2024-09-24T00:13:00+00:00,238.05,13.36,32,0,3,Thursday,0,61,6,advance fee,en,Bill pay kiosk,0
020beb47-b043-456d-8345-6c1465dfc4e9,synth_10ded1fef8e2,unbanked,tabddpm_synthetic,,['en'],advance fee,2024-12-22T01:07:00+00:00,1774.88,70.07,23,1,1,Tuesday,5,96,12,advance fee,en,Bill pay kiosk,0
71b18f77-e4be-42bc-9522-2404d6bdae76,synth_a91c989382c1,unbanked,tabddpm_synthetic,,['en'],advance fee,2024-07-30T23:32:00+00:00,3000.0,1500.0,20,23,0,Monday,26,1,29,advance fee,en,Bill pay kiosk,0
25afdbc8-1905-430f-9ba8-a61308ba56e9,synth_84ee5ce1922c,unbanked,tabddpm_synthetic,,['en'],advance fee,2024-12-05T23:30:00+00:00,3000.0,1500.0,20,23,0,Monday,90,1,100,advance fee,en,Bill pay kiosk,0
2dd90cc2-b7cb-4ffe-b3e9-a40de582fa4c,synth_2c78e996ddbc,unbanked,tabddpm_synthetic,,['es'],advance fee,2024-02-17T08:04:00+00:00,64.61,26.89,22,8,0,Monday,15,1165,6,advance fee,es,Bill pay kiosk,0
4cc057ce-78c1-40bd-96f7-579677217a33,synth_010b9f76584b,unbanked,tabddpm_synthetic,,['en'],advance fee,2024-04-27T00:21:00+00:00,3000.0,1500.0,20,0,0,Monday,12,1,100,advance fee,en,Bill pay kiosk,0
c155bf3a-f82e-4288-afde-80308846dc61,synth_b7eb72dd79f2,unbanked,tabddpm_synthetic,,['en'],advance fee,2024-04-03T10:43:00+00:00,1941.98,81.35,58,10,0,Monday,2,1,9,advance fee,en,Bill pay kiosk,0
55388be3-f409-4c13-99df-525ed8b60318,synth_d8af1ea29092,unbanked,tabddpm_synthetic,,['en'],fake loan,2024-07-11T06:50:00+00:00,574.86,28.23,28,6,0,Monday,1,678,5,fake loan,en,Bill pay kiosk,0
179dd227-877f-4812-8eb1-2fbcbd54404d,synth_94116e252b68,unbanked,tabddpm_synthetic,,['en'],advance fee,2024-10-11T00:50:00+00:00,10.0,0.0,20,0,0,Monday,90,949,14,advance fee,en,Bill pay kiosk,0
a91db833-a446-4e37-9555-279302b6a9cd,synth_e05a4f4494ca,unbanked,tabddpm_synthetic,,['en'],advance fee,2024-07-20T00:10:00+00:00,911.99,87.99,20,0,0,Monday,0,341,7,advance fee,en,Bill pay kiosk,0
8d8f85a9-400e-4dc0-a42b-ffe63da5496d,synth_f93d524ad502,unbanked,tabddpm_synthetic,,['en'],advance fee,2024-11-02T09:35:00+00:00,10.0,33.63,20,9,3,Thursday,19,2000,1,advance fee,en,Bill pay kiosk,0
950c4988-3331-407f-869f-907be1828483,synth_d2804bcf3839,unbanked,tabddpm_synthetic,,['en'],advance fee,2024-02-12T00:09:00+00:00,472.71,12.84,20,0,0,Monday,90,842,14,advance fee,en,Bill pay kiosk,0
37d0cb69-b2dd-489a-bc92-f713abd1c9c7,synth_0fc7e8bd32df,unbanked,tabddpm_synthetic,,['en'],advance fee,2024-05-01T00:30:00+00:00,10.0,0.0,60,0,0,Monday,61,895,8,advance fee,en,Bill pay kiosk,0
2474694e-f79e-440e-a167-a07f479c7f6f,synth_9be4e2260bb7,unbanked,tabddpm_synthetic,,['en'],advance fee,2024-04-17T14:06:00+00:00,333.22,55.54,20,14,0,Monday,28,1007,5,advance fee,en,Bill pay kiosk,0
5dc78c6d-3125-4847-848c-58de71c17055,synth_5ba7f4f6898a,unbanked,tabddpm_synthetic,,['en'],advance fee,2024-04-30T06:37:00+00:00,2765.36,303.8,24,6,0,Monday,0,581,10,advance fee,en,Bill pay kiosk,0
f89a233a-9b8a-4f95-9eaa-3dfbf824991c,synth_14c9cacf8ff0,unbanked,tabddpm_synthetic,,['en'],advance fee,2024-10-15T00:02:00+00:00,3000.0,1500.0,20,0,0,Monday,90,1,100,advance fee,en,Bill pay kiosk,0
c8585301-745d-41a5-98e7-c346d0d83358,synth_c3341f853722,unbanked,tabddpm_synthetic,,['en'],advance fee,2024-10-20T09:44:00+00:00,412.54,35.44,20,9,0,Monday,0,1254,8,advance fee,en,Bill pay kiosk,0
36507b69-d5f6-433c-bbcd-399a85bc16b3,synth_88aeca1d10f4,unbanked,tabddpm_synthetic,,['en'],advance fee,2024-12-11T10:25:00+00:00,207.42,28.41,33,10,0,Monday,7,1306,4,advance fee,en,Bill pay kiosk,0
4c77d87a-27d1-4c96-ac8f-0afb21ad8d58,synth_e4a68d661c82,unbanked,tabddpm_synthetic,,['en'],advance fee,2024-05-14T00:10:00+00:00,3000.0,1500.0,20,0,6,Sunday,0,1,100,advance fee,en,Bill pay kiosk,0
f9a3e22c-fb44-4003-9b82-1b82394e091a,synth_6f356e40c064,unbanked,tabddpm_synthetic,,['en'],advance fee,2024-04-30T11:48:00+00:00,304.06,28.12,20,11,0,Monday,21,1538,3,advance fee,en,Bill pay kiosk,0
711f6cd8-8412-4e97-86c5-d5fcab6fe35f,synth_b93530242864,unbanked,tabddpm_synthetic,,['en'],advance fee,2024-01-12T23:46:00+00:00,3000.0,1500.0,20,23,0,Monday,90,1,100,advance fee,en,Bill pay kiosk,0
70361fa8-02c0-43de-ae18-0c70af263f29,synth_ac17a19e021f,unbanked,tabddpm_synthetic,,['en'],advance fee,2024-10-25T07:18:00+00:00,10.0,0.0,20,7,2,Wednesday,90,1,50,advance fee,en,Bill pay kiosk,1
bfc8e09d-b883-40ba-b4a9-8ed4407d5afe,synth_d9be8275568b,unbanked,tabddpm_synthetic,,['en'],advance fee,2024-07-12T05:10:00+00:00,625.68,66.67,20,5,0,Monday,0,1503,10,advance fee,en,Bill pay kiosk,0
37b697aa-c0af-4dd5-b2d8-e3f9d3eab63e,synth_c232697f8038,unbanked,tabddpm_synthetic,,['en'],advance fee,2024-03-30T12:30:00+00:00,267.96,37.2,20,12,0,Monday,8,2000,4,advance fee,en,Bill pay kiosk,0
64cf35ff-20fa-4449-965a-3c96d6eeaf15,synth_4ec7e1884953,unbanked,tabddpm_synthetic,,['en'],advance fee,2024-08-30T23:01:00+00:00,3000.0,1500.0,20,23,0,Monday,90,1,100,advance fee,en,Bill pay kiosk,1
8a9d7fd6-bc4b-415a-82d9-99bd133a466b,synth_e2777a1034e9,unbanked,tabddpm_synthetic,,['en'],advance fee,2024-08-15T00:47:00+00:00,657.59,3.09,20,0,3,Thursday,41,1277,15,advance fee,en,Bill pay kiosk,0
e9587bdf-0130-48f9-9f51-a5026add13b5,synth_85c9ab6c67ed,unbanked,tabddpm_synthetic,,['en'],advance fee,2024-05-21T02:21:00+00:00,108.2,33.76,20,2,0,Monday,68,2000,13,advance fee,en,Bill pay kiosk,0
30fb32b6-e1b3-494f-a425-ad825b5bd017,synth_a8f2f41d4e74,unbanked,tabddpm_synthetic,,['en'],advance fee,2024-03-01T00:11:00+00:00,3000.0,1500.0,60,0,6,Sunday,0,1,100,advance fee,en,Bill pay kiosk,0
a2aff884-eb9a-4e3c-b90a-5e2473ce90c0,synth_2d7e4e56eb7d,unbanked,tabddpm_synthetic,,['en'],advance fee,2024-01-31T17:16:00+00:00,893.34,32.65,28,17,1,Tuesday,2,179,8,advance fee,en,Bill pay kiosk,0
dedc7d26-a0b1-4a45-a5f2-717145762aca,synth_d75819f2eb37,unbanked,tabddpm_synthetic,,['en'],advance fee,2024-03-25T11:08:00+00:00,1034.96,51.39,41,11,0,Monday,28,825,11,advance fee,en,Bill pay kiosk,0
8aef4766-f3ca-45d1-8d75-06ed99c83120,synth_4f52825b82ab,unbanked,tabddpm_synthetic,,['en'],advance fee,2024-11-25T23:08:00+00:00,3000.0,1500.0,20,23,0,Monday,90,1,100,advance fee,en,Bill pay kiosk,0
0601661e-bb3d-411e-b4f0-d13e926dbbe3,synth_a17ce7bca8dd,unbanked,tabddpm_synthetic,,['en'],advance fee,2024-09-15T23:21:00+00:00,3000.0,1500.0,60,23,0,Monday,90,1,100,advance fee,en,Bill pay kiosk,0
ea2b46e9-9ed9-44cf-92b9-94b6cca3584e,synth_0bcf66ddec1d,unbanked,tabddpm_synthetic,,['en'],advance fee,2024-03-17T00:10:00+00:00,3000.0,1500.0,60,0,0,Monday,15,1,100,advance fee,en,Bill pay kiosk,1
611a0f13-5c46-4c55-9d84-e5740456bd03,synth_5bd016534523,unbanked,tabddpm_synthetic,,['en'],advance fee,2024-04-02T09:53:00+00:00,117.95,0.0,20,9,0,Monday,90,1746,20,advance fee,en,Bill pay kiosk,0
b720e9c4-f1d7-4561-b9bd-f01cad204949,synth_90671739d74a,unbanked,tabddpm_synthetic,,['en'],advance fee,2024-01-22T20:06:00+00:00,3000.0,1500.0,20,20,6,Sunday,40,1,100,advance fee,en,Bill pay kiosk,0
49dfe410-afc4-4a68-b33a-a0c7940c9b99,synth_cf3fd741d877,unbanked,tabddpm_synthetic,,['en'],advance fee,2024-05-03T23:19:00+00:00,3000.0,1500.0,20,23,0,Monday,90,1,100,advance fee,en,Bill pay kiosk,1
012d0901-f07f-4c4c-bb7c-dcb26f370509,synth_169a6593efec,unbanked,tabddpm_synthetic,,['en'],advance fee,2024-04-30T23:27:00+00:00,3000.0,1500.0,20,23,0,Monday,90,1,100,advance fee,en,Bill pay kiosk,0
3d2aa6ef-f7ba-43fa-9c5d-09e74b13e926,synth_03e84b0620eb,unbanked,tabddpm_synthetic,,['en'],advance fee,2024-08-30T11:16:00+00:00,10.0,0.0,31,11,1,Tuesday,24,850,6,advance fee,en,Bill pay kiosk,0
3549fd3b-a90e-45e7-a8d2-dc33f1876b41,synth_80700f10ae39,unbanked,tabddpm_synthetic,,['en'],advance fee,2024-03-11T04:09:00+00:00,10.0,0.0,20,4,0,Monday,90,25,35,advance fee,en,Bill pay kiosk,0
5b5f2d8e-0d21-425a-b52d-b99ed2d6215b,synth_0ae395e687c4,unbanked,tabddpm_synthetic,,['en'],advance fee,2024-02-16T00:02:00+00:00,3000.0,1500.0,60,0,0,Monday,0,1,100,advance fee,en,Bill pay kiosk,0
155486fe-4a00-454a-9ca5-5efa080a40b8,synth_5f695df812b7,unbanked,tabddpm_synthetic,,['en'],advance fee,2024-07-20T07:34:00+00:00,18.34,22.6,20,7,0,Monday,0,808,10,advance fee,en,Bill pay kiosk,0
ce02e10d-dfb5-42af-82a4-58200ca2ccdd,synth_9130e6c93f94,unbanked,tabddpm_synthetic,,['en'],advance fee,2024-03-05T11:22:00+00:00,120.4,4.41,48,11,0,Monday,3,1504,5,advance fee,en,Bill pay kiosk,0
d97dc33f-70d2-4e59-ac63-699694c7349c,synth_702f9725e602,unbanked,tabddpm_synthetic,,['en'],advance fee,2024-11-16T02:31:00+00:00,2874.36,0.0,20,2,0,Monday,90,1,91,advance fee,en,Bill pay kiosk,0
6b0b6d00-846c-4744-bed2-2bd23b841b65,synth_dd045b3c8368,unbanked,tabddpm_synthetic,,['en'],advance fee,2024-04-13T07:55:00+00:00,124.69,3.49,21,7,0,Monday,6,1745,15,advance fee,en,Bill pay kiosk,0
25a4af36-3082-4bcc-a847-4c20ecd12a2c,synth_ad19bae3c2aa,unbanked,tabddpm_synthetic,,['en'],advance fee,2024-11-15T09:02:00+00:00,181.54,17.51,60,9,0,Monday,18,22,14,advance fee,en,Bill pay kiosk,0
3064a9a4-f111-4bfb-a90c-ff9c2e1495a8,synth_ec95a0bdd248,unbanked,tabddpm_synthetic,,['en'],advance fee,2024-11-10T07:18:00+00:00,106.05,22.07,35,7,0,Monday,23,1833,6,advance fee,en,Bill pay kiosk,0
4dde9bb5-a02f-487f-bf7e-ca6cfce21e69,synth_aa1a5d6bbd36,unbanked,tabddpm_synthetic,,['en'],advance fee,2024-11-20T12:04:00+00:00,888.31,62.0,33,12,0,Monday,4,2000,6,advance fee,en,Bill pay kiosk,0
614712c9-bf92-4160-b43f-3eacbaac2d91,synth_11bb44136f67,unbanked,tabddpm_synthetic,,['en'],advance fee,2024-08-24T00:33:00+00:00,69.44,14.86,20,0,0,Monday,0,2000,9,advance fee,en,Bill pay kiosk,0
a0cdd5c3-3c3e-42dd-9a6f-f7a2db781ac3,synth_f3b0b3c7df74,unbanked,tabddpm_synthetic,,['en'],advance fee,2024-11-20T07:53:00+00:00,10.0,22.48,34,7,0,Monday,6,337,11,advance fee,en,Bill pay kiosk,0
8e3edf61-0ad9-48cd-9af3-7bca892e4289,synth_c9526ed86f3a,unbanked,tabddpm_synthetic,,['en'],advance fee,2024-07-09T12:46:00+00:00,173.79,58.8,20,12,0,Monday,28,2000,3,advance fee,en,Bill pay kiosk,0
ff60a117-b8f5-400d-9319-2b65881cd3de,synth_b34bb87b99f2,unbanked,tabddpm_synthetic,,['en'],advance fee,2024-08-13T00:27:00+00:00,876.52,79.47,25,0,0,Monday,0,929,12,advance fee,en,Bill pay kiosk,0
87e45614-0c18-4813-8cb8-0c9c1220a340,synth_cb76d583d391,unbanked,tabddpm_synthetic,,['en'],advance fee,2024-02-21T11:14:00+00:00,3000.0,555.05,32,11,6,Sunday,0,1,43,advance fee,en,Bill pay kiosk,0
4bff1877-0cc4-4184-a2f8-4e149001f2f4,synth_5635e8bc31cc,unbanked,tabddpm_synthetic,,['en'],advance fee,2024-04-15T23:16:00+00:00,3000.0,1500.0,20,23,0,Monday,90,1,100,advance fee,en,Bill pay kiosk,0
ae37ab73-04b1-43f6-afbc-38bfc20ac8fb,synth_3035d7600ad0,unbanked,tabddpm_synthetic,,['en'],advance fee,2024-05-08T23:22:00+00:00,3000.0,1500.0,20,23,0,Monday,90,1,100,advance fee,en,Bill pay kiosk,0
0b1f0444-c176-40f6-be4b-71260f733e43,synth_d7ec6983a2d0,unbanked,tabddpm_synthetic,,['en'],advance fee,2024-04-03T23:35:00+00:00,3000.0,1500.0,60,23,0,Monday,90,1,100,advance fee,en,Bill pay kiosk,0
38c5772e-2a91-4ad4-90ff-f04132b6af64,synth_6e4cdd7d402b,unbanked,tabddpm_synthetic,,['en'],advance fee,2024-03-17T02:27:00+00:00,155.01,0.0,20,2,0,Monday,90,627,31,advance fee,en,Bill pay kiosk,0
8ee62488-8534-4dc1-8773-1f4f0d3f31f6,synth_a0008ec3bca6,unbanked,tabddpm_synthetic,,['en'],advance fee,2024-07-29T00:53:00+00:00,1880.14,138.99,51,0,0,Monday,5,1271,16,advance fee,en,Bill pay kiosk,0
343b8c20-80a4-41cf-b637-3522dd925729,synth_373ff9f04a4b,unbanked,tabddpm_synthetic,,['en'],advance fee,2024-04-10T23:34:00+00:00,3000.0,1500.0,60,23,0,Monday,0,1,88,advance fee,en,Bill pay kiosk,0
3c3c85d0-eeea-4803-9c21-22b549cad4a9,synth_8f8598637b21,unbanked,tabddpm_synthetic,,['en'],advance fee,2024-10-05T10:08:00+00:00,1553.51,97.85,30,10,0,Monday,0,989,5,advance fee,en,Bill pay kiosk,0
9bd1623b-db28-42f0-830b-11d94f498379,synth_86e9f8ea1238,unbanked,tabddpm_synthetic,,['en'],advance fee,2024-04-08T09:14:00+00:00,99.61,75.0,20,9,0,Monday,42,2000,4,advance fee,en,Bill pay kiosk,0
0789cef6-7aa2-402a-8e10-e86f9b0a5d6e,synth_3dc5fc3b9bdb,unbanked,tabddpm_synthetic,,['en'],advance fee,2024-09-08T00:35:00+00:00,3000.0,1500.0,20,0,0,Monday,90,1,100,advance fee,en,Bill pay kiosk,1
2a65d24f-b32d-4674-80c0-9bec8349b947,synth_d461d67cbb35,unbanked,tabddpm_synthetic,,['en'],advance fee,2024-02-22T23:41:00+00:00,3000.0,1500.0,20,23,0,Monday,90,1,100,advance fee,en,Bill pay kiosk,1
808785ac-1ee1-4b72-b2bb-620b324a9fd9,synth_bcc495b69c8f,unbanked,tabddpm_synthetic,,['en'],advance fee,2024-10-22T23:29:00+00:00,3000.0,1500.0,33,23,6,Sunday,7,1,79,advance fee,en,Bill pay kiosk,0
fff10bbb-9acf-49fd-b87e-22a09c8c2ce1,synth_fd861f0fa524,unbanked,tabddpm_synthetic,,['en'],advance fee,2024-06-29T23:54:00+00:00,3000.0,1500.0,20,23,0,Monday,90,1,100,advance fee,en,Bill pay kiosk,0
aa8729d5-1bb1-4fe8-8980-0b235cf09c3a,synth_f76919241fde,unbanked,tabddpm_synthetic,,['en'],advance fee,2024-01-19T12:25:00+00:00,1146.68,97.29,20,12,3,Thursday,1,757,1,advance fee,en,Bill pay kiosk,0
8675c8b9-a8a7-4cd2-998d-adc8327036a2,synth_10fd938a3832,unbanked,tabddpm_synthetic,,['en'],advance fee,2024-09-18T12:01:00+00:00,346.49,49.99,22,12,2,Wednesday,29,454,10,advance fee,en,Bill pay kiosk,0
1ee7bb2f-e92f-4c38-ba9e-dfaa0be9aa1a,synth_4849f3156122,unbanked,tabddpm_synthetic,,['en'],advance fee,2024-02-07T19:15:00+00:00,757.06,73.97,20,19,6,Sunday,0,1513,2,advance fee,en,Bill pay kiosk,0
2897612d-3cf8-4b9a-8a34-8ed645c30421,synth_755f2b540649,unbanked,tabddpm_synthetic,,['en'],advance fee,2024-04-23T10:34:00+00:00,852.16,69.51,20,10,1,Tuesday,7,393,6,advance fee,en,Bill pay kiosk,0
75e6d58e-10ca-495a-b220-2574edecf8b9,synth_a8112a40f611,unbanked,tabddpm_synthetic,,['en'],advance fee,2024-08-19T23:55:00+00:00,3000.0,1500.0,20,23,6,Sunday,0,1,100,advance fee,en,Bill pay kiosk,0
66657e62-5cae-4939-92fe-faba1d7323a3,synth_de8e57ee4c2c,unbanked,tabddpm_synthetic,,['en'],advance fee,2024-04-08T18:01:00+00:00,3000.0,242.6,20,18,6,Sunday,0,1,4,advance fee,en,Bill pay kiosk,0
6a1215b4-9a18-4c46-88ef-33474cbbdd97,synth_70ff137c1ea2,unbanked,tabddpm_synthetic,,['en'],advance fee,2024-07-10T07:46:00+00:00,309.26,11.79,20,7,0,Monday,7,2000,6,advance fee,en,Bill pay kiosk,0
d39f908d-d313-43eb-90d9-1b4462f7c7f5,synth_27b521142f7c,unbanked,tabddpm_synthetic,,['en'],advance fee,2024-10-05T23:47:00+00:00,3000.0,1500.0,20,23,0,Monday,90,1,100,advance fee,en,Bill pay kiosk,1
dc0fe2a6-896c-4feb-acab-39cecbf3f042,synth_98c03ad9653f,unbanked,tabddpm_synthetic,,['en'],advance fee,2024-07-17T23:29:00+00:00,3000.0,1500.0,20,23,6,Sunday,0,1,100,advance fee,en,Bill pay kiosk,0
a50fabe4-d757-4d52-a814-43e8c071ac25,synth_debd6cec61c1,unbanked,tabddpm_synthetic,,['en'],advance fee,2024-10-16T23:09:00+00:00,3000.0,1500.0,20,23,0,Monday,90,1,100,advance fee,en,Bill pay kiosk,0
15979608-a800-4463-a8ca-c5180efa38d1,synth_f95ca21054af,unbanked,tabddpm_synthetic,,['en'],advance fee,2024-06-05T18:18:00+00:00,981.2,43.19,20,18,4,Friday,90,299,16,advance fee,en,Bill pay kiosk,0
23eec60b-d341-4b46-845b-1b7319ff2562,synth_fdde923177a7,unbanked,tabddpm_synthetic,,['en'],advance fee,2024-09-27T00:46:00+00:00,167.49,0.0,20,0,0,Monday,90,1,39,advance fee,en,Bill pay kiosk,0
e585b12d-28f4-4c37-b6e7-bd81f11e59be,synth_0c7da6fe804a,unbanked,tabddpm_synthetic,,['en'],advance fee,2024-03-21T23:09:00+00:00,3000.0,1500.0,20,23,6,Sunday,90,1,100,advance fee,en,Bill pay kiosk,1
e61bf383-29c7-45ee-ab5e-0e8afd8a212f,synth_0d70a0453d2c,unbanked,tabddpm_synthetic,,['en'],advance fee,2024-08-13T23:45:00+00:00,3000.0,1500.0,20,23,6,Sunday,0,1,100,advance fee,en,Bill pay kiosk,0
a8647823-2ff9-4563-9c23-6493acbdaadc,synth_b2fd84c70a3b,unbanked,tabddpm_synthetic,,['en'],advance fee,2024-07-31T23:59:00+00:00,3000.0,1500.0,60,23,0,Monday,90,1,100,advance fee,en,Bill pay kiosk,1
70736927-0c7a-48d2-826c-df104a498c2d,synth_d306c494e95c,unbanked,tabddpm_synthetic,,['en'],advance fee,2024-01-09T05:53:00+00:00,170.34,12.56,20,5,0,Monday,90,2000,6,advance fee,en,Bill pay kiosk,0
7f2dece4-7f4a-4900-8012-1d33aaf2858e,synth_e5fc239db95c,unbanked,tabddpm_synthetic,,['en'],advance fee,2024-08-23T14:18:00+00:00,276.05,33.42,20,14,6,Sunday,44,1860,3,advance fee,en,Bill pay kiosk,0
ab8a6c60-efe9-4def-9585-2055553c0c38,synth_f8944fbda8ce,unbanked,tabddpm_synthetic,,['en'],advance fee,2024-05-09T02:22:00+00:00,10.0,0.0,20,2,0,Monday,90,210,24,advance fee,en,Bill pay kiosk,0
7dc9d403-b755-4b76-b031-f88b87fb213c,synth_1f3a092e6e52,unbanked,tabddpm_synthetic,,['en'],advance fee,2024-06-16T23:40:00+00:00,3000.0,1500.0,60,23,0,Monday,78,1,100,advance fee,en,Bill pay kiosk,0
fe972f25-0623-4580-af85-75ccbcc442be,synth_79bfda97e50a,unbanked,tabddpm_synthetic,,['en'],advance fee,2024-04-22T23:00:00+00:00,3000.0,1500.0,20,23,6,Sunday,90,1,100,advance fee,en,Bill pay kiosk,0
282e4adb-6998-42ae-b757-5be8bc696b0b,synth_ebfce9950ab8,unbanked,tabddpm_synthetic,,['en'],advance fee,2024-10-29T23:58:00+00:00,3000.0,1500.0,60,23,0,Monday,90,1,100,advance fee,en,Bill pay kiosk,1
54fd5f42-130d-4592-837e-27a752e6ceca,synth_7fc0d773419d,unbanked,tabddpm_synthetic,,['en'],advance fee,2024-12-26T00:26:00+00:00,463.9,63.46,20,0,0,Monday,0,2000,7,advance fee,en,Bill pay kiosk,0
b4f0d766-98ed-4b44-9d77-93162ae91b8c,synth_33a94075c588,unbanked,tabddpm_synthetic,,['en'],advance fee,2024-03-29T09:32:00+00:00,46.95,0.0,28,9,4,Friday,75,164,5,advance fee,en,Bill pay kiosk,0
0877c21a-aa7d-4834-bcb5-3500c2f989ce,synth_aaa1f14972d5,unbanked,tabddpm_synthetic,,['en'],advance fee,2024-08-21T23:18:00+00:00,3000.0,1500.0,20,23,6,Sunday,0,1,100,advance fee,en,Bill pay kiosk,0
3ae7a15f-d8b0-4d1f-81b0-41d12bffeb8e,synth_f57151fca26b,unbanked,tabddpm_synthetic,,['en'],advance fee,2024-06-30T00:02:00+00:00,3000.0,1500.0,20,0,0,Monday,90,1,100,advance fee,en,Bill pay kiosk,1
7eeb5bf4-f789-4a4f-b9eb-183e54c98286,synth_ea539705b21b,unbanked,tabddpm_synthetic,,['en'],advance fee,2024-11-19T00:32:00+00:00,3000.0,1500.0,60,0,6,Sunday,0,1,100,advance fee,en,Bill pay kiosk,0
9fbb340f-2673-42b2-bec4-2180ab6d0bac,synth_d1a4f47edb65,unbanked,tabddpm_synthetic,,['en'],advance fee,2024-06-05T00:52:00+00:00,286.64,30.85,20,0,0,Monday,0,1952,9,advance fee,en,Bill pay kiosk,0
0e7b3d4d-5ac5-443f-99cc-380273da3a30,synth_700766e59c67,unbanked,tabddpm_synthetic,,['en'],advance fee,2024-02-07T06:21:00+00:00,3000.0,442.62,20,6,0,Monday,1,2000,6,advance fee,en,Bill pay kiosk,0
59abe5a0-aead-4845-9aee-c0e70fb760ba,synth_d5980f1ff9ae,unbanked,tabddpm_synthetic,,['en'],advance fee,2024-02-14T12:42:00+00:00,10.0,0.0,20,12,0,Monday,90,1,56,advance fee,en,Bill pay kiosk,1
b452b67a-5932-46f5-ab10-fa82e2900756,synth_56f0964b8d5d,unbanked,tabddpm_synthetic,,['en'],advance fee,2024-10-13T07:45:00+00:00,127.13,31.71,20,7,3,Thursday,8,268,6,advance fee,en,Bill pay kiosk,0
b62e259e-6177-4384-8591-b93812e568cd,synth_707fe6c1c519,unbanked,tabddpm_synthetic,,['es'],advance fee,2024-02-24T07:35:00+00:00,101.31,22.62,36,7,5,Saturday,11,868,14,advance fee,es,Bill pay kiosk,0
4023e767-49ef-4861-9627-839501d53d2d,synth_c686d13bab81,unbanked,tabddpm_synthetic,,['en'],advance fee,2024-04-04T00:12:00+00:00,3000.0,1500.0,20,0,6,Sunday,0,1,100,advance fee,en,Bill pay kiosk,0
05c2d966-e31b-4521-840f-aa5d932747ab,synth_059aa265360b,unbanked,tabddpm_synthetic,,['en'],advance fee,2024-02-20T23:03:00+00:00,3000.0,1500.0,20,23,0,Monday,90,1,100,advance fee,en,Bill pay kiosk,0
8da4f1a6-b37d-473b-9572-d6e28096af5b,synth_9cd23653cb05,unbanked,tabddpm_synthetic,,['en'],advance fee,2024-01-08T04:56:00+00:00,1013.34,73.62,20,4,0,Monday,90,1800,8,advance fee,en,Bill pay kiosk,0
71678082-3f16-4621-8611-ef0204b5db3b,synth_5370b55fbea9,unbanked,tabddpm_synthetic,,['en'],advance fee,2024-01-12T00:48:00+00:00,290.12,44.39,20,0,0,Monday,0,1445,3,advance fee,en,Bill pay kiosk,0
f1848bef-bba6-40e9-8885-898ae5e4ff1d,synth_c67b7f3db50c,unbanked,tabddpm_synthetic,,['en'],advance fee,2024-12-15T00:04:00+00:00,422.06,25.55,20,0,0,Monday,0,2000,19,advance fee,en,Bill pay kiosk,0
2f8d9d86-f289-40df-8c03-5a64444c95d1,synth_264078e9026c,unbanked,tabddpm_synthetic,,['en'],advance fee,2024-03-13T14:17:00+00:00,582.64,72.07,20,14,6,Sunday,0,95,6,advance fee,en,Bill pay kiosk,0
a7fa5281-0c21-4702-b329-d4f4866fa70c,synth_2060e2c16038,unbanked,tabddpm_synthetic,,['en'],advance fee,2024-11-20T00:24:00+00:00,258.59,24.57,32,0,0,Monday,0,1928,12,advance fee,en,Bill pay kiosk,0
7dbdce38-6319-4147-b00e-377d35440b06,synth_c272c40c90b9,unbanked,tabddpm_synthetic,,['en'],advance fee,2024-01-14T23:51:00+00:00,3000.0,1500.0,60,23,0,Monday,90,1,100,advance fee,en,Bill pay kiosk,0
5731f9ad-4ef9-4c33-9a17-84015987e216,synth_33d8ae43d04a,unbanked,tabddpm_synthetic,,['en'],advance fee,2024-12-01T00:09:00+00:00,3000.0,574.91,43,0,0,Monday,21,1,100,advance fee,en,Bill pay kiosk,0
cdbe9e92-7ef3-47c8-ad88-82764c091138,synth_7cc31c586932,unbanked,tabddpm_synthetic,,['en'],advance fee,2024-10-03T23:31:00+00:00,3000.0,1500.0,20,23,6,Sunday,42,1,100,advance fee,en,Bill pay kiosk,0
1345b06b-2b07-4850-95f2-9f90e28a1cb5,synth_8cca0ec51b88,unbanked,tabddpm_synthetic,,['en'],advance fee,2024-06-05T00:09:00+00:00,396.6,37.89,27,0,0,Monday,0,2000,7,advance fee,en,Bill pay kiosk,0
a658a72e-07eb-40b4-8107-f47b369e7369,synth_58144fdd8080,unbanked,tabddpm_synthetic,,['en'],advance fee,2024-11-28T23:51:00+00:00,3000.0,1500.0,60,23,0,Monday,29,1,100,advance fee,en,Bill pay kiosk,0
1d7b2704-63e9-4c7f-b949-51bcac90a8b3,synth_eba584c78b4b,unbanked,tabddpm_synthetic,,['en'],advance fee,2024-09-11T23:16:00+00:00,3000.0,1500.0,20,23,6,Sunday,90,1,100,advance fee,en,Bill pay kiosk,0
42c01cae-539f-4ac4-bce7-99774e84e1df,synth_5d267315c9f3,unbanked,tabddpm_synthetic,,['en'],advance fee,2024-05-14T00:18:00+00:00,1421.69,128.33,20,0,2,Wednesday,69,1675,15,advance fee,en,Bill pay kiosk,0
bbb26f52-7910-46d7-ba49-666ef197c317,synth_2c233d407dab,unbanked,tabddpm_synthetic,,['en'],advance fee,2024-01-23T09:59:00+00:00,425.12,47.71,20,9,0,Monday,13,2000,3,advance fee,en,Bill pay kiosk,0
23047424-d5d1-45dd-adf6-a8c15aef1210,synth_bd0d14e428d3,unbanked,tabddpm_synthetic,,['en'],advance fee,2024-05-10T08:08:00+00:00,478.14,41.95,20,8,3,Thursday,0,449,5,advance fee,en,Bill pay kiosk,0
1e03a060-7ba9-443f-9020-a9f5a44da0c9,synth_575730ddd8f1,unbanked,tabddpm_synthetic,,['en'],advance fee,2024-12-17T00:57:00+00:00,3000.0,1500.0,20,0,6,Sunday,0,1,100,advance fee,en,Bill pay kiosk,0
b3adead1-6106-4402-9a77-258e35828807,synth_86216ccfa000,unbanked,tabddpm_synthetic,,['en'],advance fee,2024-05-22T14:47:00+00:00,236.08,0.0,20,14,0,Monday,90,1,38,advance fee,en,Bill pay kiosk,0
cbcfe13e-27cb-4bfb-823d-adde0b83f936,synth_73c47da43a9b,unbanked,tabddpm_synthetic,,['en'],advance fee,2024-02-27T23:28:00+00:00,3000.0,1500.0,20,23,0,Monday,90,1,100,advance fee,en,Bill pay kiosk,0
f90646ed-aaf0-415a-be2d-0e1991f80011,synth_858434b4e75e,unbanked,tabddpm_synthetic,,['en'],advance fee,2024-03-24T23:54:00+00:00,3000.0,1500.0,20,23,0,Monday,90,1,100,advance fee,en,Bill pay kiosk,0
d0f6fea6-afd6-4d0e-b98a-3bdbe3b2ea96,synth_7228eed22e85,unbanked,tabddpm_synthetic,,['en'],advance fee,2024-06-09T00:34:00+00:00,3000.0,1500.0,60,0,6,Sunday,0,1,100,advance fee,en,Bill pay kiosk,0
3412670e-7d52-4396-9cec-ce3bfe303b07,synth_cf651e9ca20a,unbanked,tabddpm_synthetic,,['en'],advance fee,2024-02-20T19:37:00+00:00,906.53,74.0,53,19,0,Monday,0,111,6,advance fee,en,Bill pay kiosk,0
99f99905-e371-44e2-ad8f-331e64091c9c,synth_95978802243b,unbanked,tabddpm_synthetic,,['en'],advance fee,2024-05-11T10:12:00+00:00,10.0,0.0,20,10,3,Thursday,90,1,39,advance fee,en,Bill pay kiosk,0
0835f02c-0d3e-40c3-b9be-ca55c94d931b,synth_89084c433b1d,unbanked,tabddpm_synthetic,,['en'],fake loan,2024-09-01T01:11:00+00:00,1330.02,84.17,49,1,0,Monday,5,598,13,fake loan,en,Bill pay kiosk,0
0c79bbda-413e-447c-ad66-616bf760f785,synth_fea976b889a0,unbanked,tabddpm_synthetic,,['en'],advance fee,2024-10-03T00:23:00+00:00,3000.0,1500.0,60,0,6,Sunday,0,1,100,advance fee,en,Bill pay kiosk,0
d49dfc9f-1592-44b4-aa4e-d4b32a268db5,synth_f1c24e6bad00,unbanked,tabddpm_synthetic,,['en'],advance fee,2024-03-07T00:36:00+00:00,1732.72,125.5,60,0,0,Monday,28,473,33,advance fee,en,Bill pay kiosk,0
a18bbede-d2f1-48f0-850b-ef852eb3678d,synth_b025a3e00521,unbanked,tabddpm_synthetic,,['en'],advance fee,2024-08-18T10:57:00+00:00,633.48,41.31,20,10,0,Monday,6,1288,4,advance fee,en,Bill pay kiosk,0
cbde4023-70b8-44b0-8f4a-b4547cc9d72e,synth_0ad78079120d,unbanked,tabddpm_synthetic,,['en'],advance fee,2024-05-22T00:48:00+00:00,666.09,23.38,60,0,0,Monday,23,1087,9,advance fee,en,Bill pay kiosk,0
d0d0bad1-6e71-4dc2-a902-842d4a036a08,synth_48cad131b212,unbanked,tabddpm_synthetic,,['en'],advance fee,2024-06-01T00:53:00+00:00,397.14,38.67,27,0,0,Monday,0,2000,11,advance fee,en,Bill pay kiosk,0
25e51601-2bde-4780-a204-3795e0b68730,synth_e824d3b0ec07,unbanked,tabddpm_synthetic,,['en'],advance fee,2024-07-08T14:53:00+00:00,440.93,45.3,29,14,0,Monday,2,1752,5,advance fee,en,Bill pay kiosk,0
bdf910b7-05c3-4cb2-a99c-990ba3225413,synth_6d874a39cfc7,unbanked,tabddpm_synthetic,,['en'],advance fee,2024-05-30T14:30:00+00:00,3000.0,1500.0,60,14,0,Monday,0,1,67,advance fee,en,Bill pay kiosk,0
8657064a-b73c-4f48-bafe-bb5447d37c71,synth_166f6cadc91a,unbanked,tabddpm_synthetic,,['en'],advance fee,2024-10-25T09:27:00+00:00,617.66,89.99,20,9,0,Monday,54,2000,11,advance fee,en,Bill pay kiosk,0
4a074af4-598c-486c-8f61-3c7cf31f239a,synth_21a15765767d,unbanked,tabddpm_synthetic,,['en'],advance fee,2024-12-11T23:16:00+00:00,3000.0,1500.0,20,23,0,Monday,90,1,100,advance fee,en,Bill pay kiosk,0
29362f1f-d766-4d11-99a4-6bd7e0c5e013,synth_4f8de1012c71,unbanked,tabddpm_synthetic,,['en'],advance fee,2024-05-27T07:27:00+00:00,10.0,0.0,20,7,0,Monday,90,220,23,advance fee,en,Bill pay kiosk,0
0924f050-5046-4309-bcfe-0859717d4431,synth_e0ca1dcbeba5,unbanked,tabddpm_synthetic,,['en'],advance fee,2024-08-27T23:01:00+00:00,3000.0,1500.0,20,23,0,Monday,48,1,100,advance fee,en,Bill pay kiosk,0
c12fb3d6-07bd-4abb-b107-8ce292725b7c,synth_6bc4b637ed4e,unbanked,tabddpm_synthetic,,['en'],advance fee,2024-12-19T23:45:00+00:00,3000.0,1500.0,60,23,0,Monday,47,1,100,advance fee,en,Bill pay kiosk,0
d8990e08-48d1-485d-b177-b4636a66133e,synth_19994ef6da26,unbanked,tabddpm_synthetic,,['en'],advance fee,2024-08-03T07:37:00+00:00,1175.85,72.87,30,7,2,Wednesday,0,397,16,advance fee,en,Bill pay kiosk,0
41778307-3a4c-4c91-8b19-1216db6b598b,synth_e17ed2b1db24,unbanked,tabddpm_synthetic,,['en'],advance fee,2024-04-27T00:23:00+00:00,156.57,26.01,20,0,0,Monday,0,2000,7,advance fee,en,Bill pay kiosk,0
b8e4a7f8-2e6b-4880-a5b8-b9795954afec,synth_32cd67360649,unbanked,tabddpm_synthetic,,['en'],advance fee,2024-01-17T11:26:00+00:00,226.39,6.89,22,11,0,Monday,3,1350,6,advance fee,en,Bill pay kiosk,0
b75ef71f-e4c4-4c26-9480-77d6170b63aa,synth_60ea4f3b434d,unbanked,tabddpm_synthetic,,['en'],advance fee,2024-10-03T00:57:00+00:00,459.11,26.79,30,0,0,Monday,0,2000,9,advance fee,en,Bill pay kiosk,0
af3b4c90-8ef1-4666-bce7-ee9fae1e3e41,synth_b1e6d742d505,unbanked,tabddpm_synthetic,,['en'],advance fee,2024-04-27T00:04:00+00:00,2134.91,0.0,20,0,0,Monday,90,1,100,advance fee,en,Bill pay kiosk,1
749858d1-c9df-47c9-ad24-b8241e48dedf,synth_b481b13c0ec3,unbanked,tabddpm_synthetic,,['en'],advance fee,2024-12-01T07:47:00+00:00,350.71,79.14,20,7,0,Monday,23,2000,0,advance fee,en,Bill pay kiosk,0
03003644-5b15-422e-8f18-cf17755365cf,synth_3e4d8a792e49,unbanked,tabddpm_synthetic,,['en'],advance fee,2024-12-03T09:02:00+00:00,210.97,56.24,20,9,0,Monday,56,2000,8,advance fee,en,Bill pay kiosk,0
219f1a92-56d6-4c59-a432-42fe7d65808a,synth_a5bea851156a,unbanked,tabddpm_synthetic,,['en'],advance fee,2024-11-07T12:45:00+00:00,216.73,28.93,42,12,0,Monday,0,2000,7,advance fee,en,Bill pay kiosk,0
e23d5eff-bab4-4af3-83da-b71d417d789a,synth_dc231aec8dd3,unbanked,tabddpm_synthetic,,['en'],advance fee,2024-04-16T01:59:00+00:00,624.87,50.91,60,1,0,Monday,18,1424,8,advance fee,en,Bill pay kiosk,0
4d826905-4e89-4eb9-9698-1eacf0f6a9f2,synth_e9407060a156,unbanked,tabddpm_synthetic,,['en'],advance fee,2024-04-01T23:30:00+00:00,3000.0,1500.0,59,23,0,Monday,90,1,100,advance fee,en,Bill pay kiosk,0
68a549c5-f72e-4dc6-91e4-449db76c2166,synth_6ea1f9d1c991,unbanked,tabddpm_synthetic,,['en'],advance fee,2024-09-27T00:55:00+00:00,3000.0,1500.0,20,0,0,Monday,8,1,100,advance fee,en,Bill pay kiosk,0
e128255c-691a-425d-8ce5-6f44b9341f2c,synth_a78db9560f31,unbanked,tabddpm_synthetic,,['en'],advance fee,2024-06-28T23:05:00+00:00,3000.0,1500.0,60,23,0,Monday,90,1,100,advance fee,en,Bill pay kiosk,0
46df0850-68da-43c4-b3b5-b8a17229ea27,synth_e3a182b964ab,unbanked,tabddpm_synthetic,,['en'],advance fee,2024-02-11T11:00:00+00:00,591.89,43.25,20,11,0,Monday,44,2000,7,advance fee,en,Bill pay kiosk,0
33d5e001-e30c-465a-9711-8f50614d187d,synth_50d672d2fdbe,unbanked,tabddpm_synthetic,,['en'],advance fee,2024-06-05T06:33:00+00:00,126.86,1.79,20,6,6,Sunday,45,977,8,advance fee,en,Bill pay kiosk,0
18ed27e1-10d3-4210-b7a1-2caad5d7a88d,synth_42e7690b09cb,unbanked,tabddpm_synthetic,,['en'],advance fee,2024-02-27T09:18:00+00:00,558.12,44.46,20,9,0,Monday,81,2000,5,advance fee,en,Bill pay kiosk,0
afb444ce-de7f-4f2f-aa89-7e8847a0ce34,synth_ed075b115e18,unbanked,tabddpm_synthetic,,['en'],advance fee,2024-08-05T11:28:00+00:00,190.0,48.83,20,11,0,Monday,23,1039,5,advance fee,en,Bill pay kiosk,0
e4101e8f-d835-4508-80b8-c9e3d39272ac,synth_c3106b5bc41a,unbanked,tabddpm_synthetic,,['en'],advance fee,2024-03-31T23:15:00+00:00,3000.0,1500.0,20,23,0,Monday,90,1,100,advance fee,en,Bill pay kiosk,1
16cc19a5-de2c-4e18-9089-35a56722e302,synth_fdd7db155dca,unbanked,tabddpm_synthetic,,['en'],advance fee,2024-10-01T00:45:00+00:00,3000.0,1500.0,20,0,6,Sunday,41,1,100,advance fee,en,Bill pay kiosk,0
4c6150ce-bae2-4337-829d-e95aee959dd0,synth_64379b68e007,unbanked,tabddpm_synthetic,,['en'],advance fee,2024-11-19T07:46:00+00:00,437.31,46.39,28,7,0,Monday,9,764,10,advance fee,en,Bill pay kiosk,0
5d4db501-0994-42cc-9aee-747ae143f762,synth_20fc36dfdba0,unbanked,tabddpm_synthetic,,['en'],advance fee,2024-07-22T23:50:00+00:00,3000.0,1500.0,20,23,0,Monday,90,1,100,advance fee,en,Bill pay kiosk,0
562406ac-679f-44f6-8767-79f6e2a12292,synth_78b83e9733aa,unbanked,tabddpm_synthetic,,['en'],advance fee,2024-11-26T00:32:00+00:00,312.39,1.73,20,0,0,Monday,0,2000,15,advance fee,en,Bill pay kiosk,0
98ce9c3c-ab55-4d5a-bf84-ae41aa1f8904,synth_160ff3ec1812,unbanked,tabddpm_synthetic,,['en'],fake loan,2024-06-13T08:31:00+00:00,60.75,34.21,20,8,1,Tuesday,37,902,6,fake loan,en,Bill pay kiosk,0
a2a1f880-1e3c-4741-a27f-1641ed8dfe52,synth_9bf413db4f14,unbanked,tabddpm_synthetic,,['en'],advance fee,2024-03-27T05:54:00+00:00,3000.0,896.55,20,5,0,Monday,90,1,32,advance fee,en,Bill pay kiosk,0
4634e050-e157-48c7-91c8-b1ed474ddedf,synth_72e5b93979d4,unbanked,tabddpm_synthetic,,['en'],advance fee,2024-01-11T12:10:00+00:00,344.49,40.62,47,12,0,Monday,15,684,14,advance fee,en,Bill pay kiosk,0
1fa49179-6e74-47e7-bb04-7cf90962a1ee,synth_036bbe9b3f19,unbanked,tabddpm_synthetic,,['en'],advance fee,2024-06-04T23:16:00+00:00,3000.0,1500.0,20,23,0,Monday,90,1,100,advance fee,en,Bill pay kiosk,1
8d5b1f3c-f9da-4927-bc5a-8723658fcb81,synth_c9b3f849cb38,unbanked,tabddpm_synthetic,,['en'],advance fee,2024-11-30T00:55:00+00:00,402.12,39.77,30,0,0,Monday,0,2000,10,advance fee,en,Bill pay kiosk,0
4d08a8da-ec86-4329-b641-bd66d08a4b0e,synth_dcad1fe88d1e,unbanked,tabddpm_synthetic,,['en'],advance fee,2024-01-03T01:19:00+00:00,1146.2,131.54,56,1,0,Monday,1,1230,5,advance fee,en,Bill pay kiosk,0
0424d30b-dcd2-42e9-8751-1bf7cc583dd8,synth_ba8967d95bc6,unbanked,tabddpm_synthetic,,['en'],advance fee,2024-10-08T12:58:00+00:00,106.99,17.37,30,12,0,Monday,7,2000,7,advance fee,en,Bill pay kiosk,0
abe6e4ce-e6e5-4736-a8c1-8fbea6120149,synth_7f8a2d02590e,unbanked,tabddpm_synthetic,,['en'],advance fee,2024-06-27T04:18:00+00:00,10.0,0.0,20,4,0,Monday,90,1,19,advance fee,en,Bill pay kiosk,0
c06a012e-0708-41f8-8e23-302735d732c1,synth_bf73805b7424,unbanked,tabddpm_synthetic,,['en'],advance fee,2024-05-03T23:08:00+00:00,3000.0,1500.0,60,23,6,Sunday,0,1,100,advance fee,en,Bill pay kiosk,0
aa0eeef6-1e2a-46e3-82cb-5c22635d3468,synth_4118a4ea470a,unbanked,tabddpm_synthetic,,['en'],advance fee,2024-04-08T00:01:00+00:00,310.74,30.5,20,0,0,Monday,0,2000,5,advance fee,en,Bill pay kiosk,0
444c390b-e6a7-41be-8532-a7053ad8e626,synth_e2a9dcad1f12,unbanked,tabddpm_synthetic,,['en'],advance fee,2024-07-31T23:47:00+00:00,10.0,0.0,20,23,0,Monday,90,1,100,advance fee,en,Bill pay kiosk,0
d48b708c-a24e-46c2-aba9-6f261fe3bd26,synth_a8a69a94be37,unbanked,tabddpm_synthetic,,['en'],advance fee,2024-01-04T03:31:00+00:00,10.0,28.71,39,3,0,Monday,0,1,14,advance fee,en,Bill pay kiosk,0
2bbf2aa0-df43-4ad8-92a2-4406867d2eb5,synth_067835825ea5,unbanked,tabddpm_synthetic,,['en'],advance fee,2024-12-10T23:45:00+00:00,3000.0,1500.0,21,23,4,Friday,19,1,72,advance fee,en,Bill pay kiosk,0
91d0aa51-316a-4def-afc4-974635eb4360,synth_94234466a41e,unbanked,tabddpm_synthetic,,['en'],advance fee,2024-07-24T06:30:00+00:00,10.0,0.0,20,6,0,Monday,90,1,24,advance fee,en,Bill pay kiosk,0
d78960de-071c-44ba-901d-daba05c75760,synth_49149e76f15b,unbanked,tabddpm_synthetic,,['en'],advance fee,2024-06-10T19:41:00+00:00,926.1,78.11,20,19,2,Wednesday,6,36,6,advance fee,en,Bill pay kiosk,0
bc211a09-e29a-4e39-b3c5-4a449c690a02,synth_0bc38809776d,unbanked,tabddpm_synthetic,,['en'],advance fee,2024-05-31T23:17:00+00:00,3000.0,1500.0,20,23,6,Sunday,90,1,100,advance fee,en,Bill pay kiosk,0
a0b13468-8f57-4492-a2c0-85a75ebaede7,synth_aed521310bc8,unbanked,tabddpm_synthetic,,['en'],advance fee,2024-03-08T13:29:00+00:00,3000.0,654.4,20,13,0,Monday,30,1,22,advance fee,en,Bill pay kiosk,0
173d10f6-518a-4828-bd25-80fa93de6e40,synth_4c5d0321d7a5,unbanked,tabddpm_synthetic,,['en'],advance fee,2024-05-05T23:17:00+00:00,3000.0,609.84,20,23,6,Sunday,90,1,10,advance fee,en,Bill pay kiosk,0
c7bf0969-bafd-42d0-87a4-eb1f2f13b0d7,synth_102ea891d3bc,unbanked,tabddpm_synthetic,,['en'],advance fee,2024-07-22T11:54:00+00:00,361.96,24.29,22,11,2,Wednesday,0,16,10,advance fee,en,Bill pay kiosk,0
1733f056-cd5b-4a84-9b2b-f4a6bcf4082f,synth_3378a7f64410,unbanked,tabddpm_synthetic,,['en'],advance fee,2024-01-20T23:23:00+00:00,3000.0,1500.0,20,23,0,Monday,90,1,100,advance fee,en,Bill pay kiosk,0
b124f425-a559-4ad5-9c4a-09992de66573,synth_6da79b3723fe,unbanked,tabddpm_synthetic,,['en'],advance fee,2024-04-15T23:43:00+00:00,3000.0,1500.0,20,23,0,Monday,90,1,100,advance fee,en,Bill pay kiosk,1
294e9add-37a1-4147-a805-495eb865de99,synth_16872abbe013,unbanked,tabddpm_synthetic,,['en'],advance fee,2024-02-02T15:07:00+00:00,214.73,26.97,20,15,0,Monday,48,2000,4,advance fee,en,Bill pay kiosk,0
ad016c61-4d99-4017-ad49-aa179bda6ebc,synth_469f48fd523b,unbanked,tabddpm_synthetic,,['en'],advance fee,2024-08-14T00:39:00+00:00,290.48,39.5,20,0,0,Monday,0,1203,10,advance fee,en,Bill pay kiosk,0
96d1bdd6-6e2f-489d-b331-c898588c2db2,synth_a3c51c915ddc,unbanked,tabddpm_synthetic,,['en'],advance fee,2024-12-13T12:19:00+00:00,482.44,47.32,20,12,3,Thursday,11,1046,8,advance fee,en,Bill pay kiosk,0
27a69514-6e01-4d0c-b080-d49c44c35520,synth_1eb2306aa618,unbanked,tabddpm_synthetic,,['en'],advance fee,2024-10-10T23:44:00+00:00,3000.0,1500.0,20,23,6,Sunday,26,1,39,advance fee,en,Bill pay kiosk,0
4c86f358-fed0-4af8-ac48-ea3a511968f6,synth_90411f0940aa,unbanked,tabddpm_synthetic,,['en'],advance fee,2024-08-06T10:19:00+00:00,615.86,51.94,20,10,0,Monday,10,768,6,advance fee,en,Bill pay kiosk,0
17a30cd5-22ab-456d-842b-0dd1e7e14ebb,synth_5fc68a5b98f0,unbanked,tabddpm_synthetic,,['en'],advance fee,2024-10-08T11:09:00+00:00,267.76,22.29,20,11,0,Monday,3,1385,4,advance fee,en,Bill pay kiosk,0
ceb2bd15-76e0-476a-b430-533b676273b9,synth_84e22d4de7d4,unbanked,tabddpm_synthetic,,['en'],advance fee,2024-08-20T00:46:00+00:00,614.47,30.3,31,0,0,Monday,0,983,16,advance fee,en,Bill pay kiosk,0
62cc876a-57d2-4272-b5ce-ef2d0827cd4c,synth_7a95e433ebe3,unbanked,tabddpm_synthetic,,['en'],advance fee,2024-04-08T23:40:00+00:00,3000.0,1500.0,20,23,6,Sunday,0,1,100,advance fee,en,Bill pay kiosk,0
732655c1-9f88-40f2-b6d7-24619bf0841d,synth_9bcf958aa251,unbanked,tabddpm_synthetic,,['en'],advance fee,2024-04-25T23:10:00+00:00,3000.0,1500.0,20,23,0,Monday,81,1,100,advance fee,en,Bill pay kiosk,0
df306a1b-ecaa-4794-b95c-71631619c0c7,synth_e8664b926521,unbanked,tabddpm_synthetic,,['en'],advance fee,2024-10-23T00:30:00+00:00,3000.0,1500.0,60,0,0,Monday,90,1,100,advance fee,en,Bill pay kiosk,1
e40d8471-0cee-4fdb-ba6f-cd1b74e97282,synth_dd07f5fe527a,unbanked,tabddpm_synthetic,,['en'],advance fee,2024-11-02T23:46:00+00:00,3000.0,1182.38,20,23,6,Sunday,5,1,28,advance fee,en,Bill pay kiosk,0
30a80a08-ecae-405a-993b-725fc25ec43b,synth_8a2b5ed43eb2,unbanked,tabddpm_synthetic,,['en'],advance fee,2024-11-21T00:47:00+00:00,708.92,24.41,20,0,0,Monday,55,1446,20,advance fee,en,Bill pay kiosk,0
9152fb72-f55b-419c-9216-ab22346e5fef,synth_a56c8e2039e0,unbanked,tabddpm_synthetic,,['en'],advance fee,2024-01-06T03:34:00+00:00,267.69,34.93,20,3,3,Thursday,84,1462,15,advance fee,en,Bill pay kiosk,0
2c9232b7-1387-4e57-acda-f5fef1e89dea,synth_ee283454f426,unbanked,tabddpm_synthetic,,['en'],advance fee,2024-06-08T01:06:00+00:00,305.23,59.84,20,1,0,Monday,47,74,14,advance fee,en,Bill pay kiosk,0
8be763cc-f580-4597-acdd-9267cb34a6c6,synth_4704f8dfc78d,unbanked,tabddpm_synthetic,,['en'],advance fee,2024-04-24T00:45:00+00:00,2031.1,99.05,35,0,0,Monday,0,237,27,advance fee,en,Bill pay kiosk,0
0e52a40f-a8c7-4868-999a-46fad65adce4,synth_ee438c7bbd3a,unbanked,tabddpm_synthetic,,['en'],advance fee,2024-12-04T23:11:00+00:00,3000.0,1500.0,60,23,0,Monday,90,1,100,advance fee,en,Bill pay kiosk,0
2b5f3735-fe1f-41f0-9551-b721fe3ce1b3,synth_4c7e7502da51,unbanked,tabddpm_synthetic,,['en'],advance fee,2024-03-16T00:24:00+00:00,2127.46,147.16,33,0,0,Monday,60,1840,34,advance fee,en,Bill pay kiosk,0
79503c76-01bd-4c6c-a983-59cde76d5070,synth_a1f3f8437d86,unbanked,tabddpm_synthetic,,['en'],advance fee,2024-01-25T08:13:00+00:00,89.44,30.21,20,8,0,Monday,35,2000,7,advance fee,en,Bill pay kiosk,0
8cc8db4d-0669-4df0-92b3-546b734ac098,synth_d881152ac484,unbanked,tabddpm_synthetic,,['en'],advance fee,2024-11-09T23:29:00+00:00,3000.0,1500.0,20,23,0,Monday,90,1,100,advance fee,en,Bill pay kiosk,0
00199dc3-8e3b-4327-b525-f3853758e85d,synth_4e34b7774d2a,unbanked,tabddpm_synthetic,,['en'],advance fee,2024-05-25T00:05:00+00:00,3000.0,936.33,54,0,0,Monday,26,1,100,advance fee,en,Bill pay kiosk,0
ce5c9bd9-eb3e-4b62-9547-b21c8eefec79,synth_1ff02d596a44,unbanked,tabddpm_synthetic,,['en'],advance fee,2024-07-25T06:52:00+00:00,10.0,0.0,33,6,0,Monday,90,639,6,advance fee,en,Bill pay kiosk,0
eb1c8718-25cf-407a-9866-70fc6e6d37d9,synth_b8fbc779eb40,unbanked,tabddpm_synthetic,,['en'],advance fee,2024-03-17T00:07:00+00:00,373.69,22.56,20,0,0,Monday,0,2000,13,advance fee,en,Bill pay kiosk,0
c22ad944-1e80-4ca9-87f3-fe8bf6e2a002,synth_9ab72e7e62a6,unbanked,tabddpm_synthetic,,['en'],advance fee,2024-07-20T09:55:00+00:00,10.0,50.43,20,9,0,Monday,29,2000,1,advance fee,en,Bill pay kiosk,0
8f89695d-a0c0-4e4d-8af6-e89a8eda82e6,synth_517d965a62dd,unbanked,tabddpm_synthetic,,['en'],advance fee,2024-08-24T00:09:00+00:00,10.0,22.54,20,0,4,Friday,8,1904,7,advance fee,en,Bill pay kiosk,0
5d5466ee-69cc-463c-92bd-e2ae7ac5ded3,synth_5e32d56bcd64,unbanked,tabddpm_synthetic,,['en'],advance fee,2024-09-24T06:09:00+00:00,223.75,59.58,20,6,2,Wednesday,68,1679,7,advance fee,en,Bill pay kiosk,0
0443bcf1-cec3-49b4-843d-d402879453a2,synth_6fb355ebbf6e,unbanked,tabddpm_synthetic,,['en'],advance fee,2024-01-21T13:46:00+00:00,382.91,51.06,20,13,0,Monday,13,1877,0,advance fee,en,Bill pay kiosk,0
3de38e1d-7d2f-4ac1-968b-13cc7a71605b,synth_fcd8ac250595,unbanked,tabddpm_synthetic,,['en'],fake loan,2024-01-03T08:56:00+00:00,264.19,35.45,20,8,0,Monday,11,1158,4,fake loan,en,Bill pay kiosk,0
356bab66-cdb5-466c-abd1-db5eea150672,synth_c9ac9baacb25,unbanked,tabddpm_synthetic,,['en'],advance fee,2024-08-24T10:58:00+00:00,64.1,33.63,20,10,0,Monday,29,1237,6,advance fee,en,Bill pay kiosk,0
3391d639-8dc2-43e2-8674-9eb1aea1db67,synth_4292cca33209,unbanked,tabddpm_synthetic,,['en'],advance fee,2024-10-23T23:48:00+00:00,3000.0,1500.0,20,23,6,Sunday,0,1,100,advance fee,en,Bill pay kiosk,0
145a31e0-e4d7-4f8a-97b6-145d6794e4e5,synth_90540c5f61d6,unbanked,tabddpm_synthetic,,['en'],advance fee,2024-10-03T23:05:00+00:00,3000.0,1500.0,20,23,0,Monday,90,1,100,advance fee,en,Bill pay kiosk,0
18975bfb-3bbf-483a-80fb-e206e4cf8600,synth_390b01443d0f,unbanked,tabddpm_synthetic,,['en'],advance fee,2024-11-01T07:27:00+00:00,10.0,0.0,43,7,0,Monday,90,840,11,advance fee,en,Bill pay kiosk,0
53424c8c-cf0d-4e3e-886e-606d3c785ca4,synth_68d2b7b6e6c3,unbanked,tabddpm_synthetic,,['en'],advance fee,2024-10-26T23:59:00+00:00,3000.0,1500.0,20,23,0,Monday,90,1,100,advance fee,en,Bill pay kiosk,0
beca644d-1408-4f97-9baa-0683bae9e461,synth_fead7ebe35ad,unbanked,tabddpm_synthetic,,['en'],advance fee,2024-01-08T11:35:00+00:00,1519.74,116.59,60,11,0,Monday,2,1975,4,advance fee,en,Bill pay kiosk,0
40caf541-5ca2-49ac-8c28-37afb6b17dcf,synth_548874056798,unbanked,tabddpm_synthetic,,['en'],advance fee,2024-04-07T00:37:00+00:00,3000.0,805.72,49,0,0,Monday,4,1,68,advance fee,en,Bill pay kiosk,0
39e800a4-12ae-43ad-b809-88b4a1291d6b,synth_0dd365f47efa,unbanked,tabddpm_synthetic,,['en'],advance fee,2024-09-10T05:16:00+00:00,10.0,0.0,20,5,0,Monday,90,127,35,advance fee,en,Bill pay kiosk,0
2fc83d5c-0756-4c1c-bf85-4db4620853f6,synth_7d86f82307da,unbanked,tabddpm_synthetic,,['en'],advance fee,2024-11-22T11:52:00+00:00,534.77,34.55,29,11,3,Thursday,2,1432,5,advance fee,en,Bill pay kiosk,0
79a31594-3a70-4e73-9fdd-b68031e3ba25,synth_af24de4cfc38,unbanked,tabddpm_synthetic,,['en'],advance fee,2024-08-21T20:39:00+00:00,10.0,0.0,20,20,3,Thursday,90,1,71,advance fee,en,Bill pay kiosk,0
d5a735f0-766f-43e6-ae01-5dc41df65ead,synth_f48c3fa1c2bb,unbanked,tabddpm_synthetic,,['en'],advance fee,2024-01-10T01:20:00+00:00,54.49,0.0,20,1,0,Monday,90,1209,13,advance fee,en,Bill pay kiosk,0
1acf9885-1728-47ef-8ef3-702b41a03e14,synth_0b6a92a862a9,unbanked,tabddpm_synthetic,,['en'],advance fee,2024-05-12T00:36:00+00:00,50.7,34.04,20,0,0,Monday,0,190,7,advance fee,en,Bill pay kiosk,0
16dc4441-b8d0-4ebf-a1ba-e3360250dda2,synth_8f58631c542e,unbanked,tabddpm_synthetic,,['en'],advance fee,2024-05-24T00:17:00+00:00,3000.0,1500.0,60,0,0,Monday,50,1,100,advance fee,en,Bill pay kiosk,1
c34fde6e-e351-492c-90b6-dac30dc149b4,synth_1805659766a7,unbanked,tabddpm_synthetic,,['en'],advance fee,2024-06-15T00:37:00+00:00,46.61,27.85,20,0,0,Monday,90,1549,19,advance fee,en,Bill pay kiosk,0
104f09c6-064d-40c8-8f99-bf9ee77c46d9,synth_a455c478ad30,unbanked,tabddpm_synthetic,,['en'],advance fee,2024-10-04T10:08:00+00:00,3000.0,395.58,20,10,0,Monday,90,1980,18,advance fee,en,Bill pay kiosk,0
da38a9e8-b9ed-4284-acf8-bf9621f24d68,synth_88915558e293,unbanked,tabddpm_synthetic,,['en'],advance fee,2024-02-05T23:28:00+00:00,3000.0,1500.0,60,23,0,Monday,90,1,100,advance fee,en,Bill pay kiosk,1
5d87fc15-c5a6-4ac4-9ac1-fabfc748debe,synth_be96e7a40b5b,unbanked,tabddpm_synthetic,,['en'],advance fee,2024-05-18T22:28:00+00:00,2986.78,387.47,20,22,0,Monday,44,620,11,advance fee,en,Bill pay kiosk,0
376a0145-e851-4191-a6ab-55d40fcf5325,synth_fb373e69b084,unbanked,tabddpm_synthetic,,['en'],advance fee,2024-02-03T23:00:00+00:00,3000.0,1500.0,20,23,0,Monday,90,1,100,advance fee,en,Bill pay kiosk,0
bf72fdbd-6c11-461a-9b14-f071382107cc,synth_875c874a9be9,unbanked,tabddpm_synthetic,,['en'],advance fee,2024-07-24T00:17:00+00:00,10.0,0.0,20,0,0,Monday,90,1465,12,advance fee,en,Bill pay kiosk,0
e88157ce-b1e1-438c-83e8-78e88ab214a4,synth_f8eea3017704,unbanked,tabddpm_synthetic,,['en'],advance fee,2024-12-11T11:59:00+00:00,154.64,2.8,23,11,0,Monday,4,1910,8,advance fee,en,Bill pay kiosk,0
cf63d0b4-c724-4d07-82ee-942120558fec,synth_b60df2f4ff04,unbanked,tabddpm_synthetic,,['en'],advance fee,2024-07-19T00:04:00+00:00,433.03,19.94,22,0,0,Monday,0,2000,5,advance fee,en,Bill pay kiosk,0
600a4857-738e-4ab0-bfdb-ed3952ba6278,synth_a55cc4acd6a4,unbanked,tabddpm_synthetic,,['en'],advance fee,2024-02-27T23:49:00+00:00,3000.0,1500.0,20,23,0,Monday,90,1,100,advance fee,en,Bill pay kiosk,0
f3285fd5-faaf-4e4e-b43a-7a3fb7b55044,synth_e54c9394bff8,unbanked,tabddpm_synthetic,,['en'],advance fee,2024-06-30T23:44:00+00:00,3000.0,1500.0,20,23,0,Monday,90,1,100,advance fee,en,Bill pay kiosk,1
c171bc6b-fbc4-4d16-af83-02f52bae0e8d,synth_1cfd93655f91,unbanked,tabddpm_synthetic,,['en'],advance fee,2024-10-07T22:37:00+00:00,2355.82,59.82,20,22,6,Sunday,90,1,28,advance fee,en,Bill pay kiosk,0
34759367-8d52-44d5-a6d5-fe0fa4c220bb,synth_8e896cc55f6e,unbanked,tabddpm_synthetic,,['en'],advance fee,2024-04-07T00:30:00+00:00,2379.75,219.56,20,0,0,Monday,0,1,42,advance fee,en,Bill pay kiosk,1
2216cae7-15f3-4e8c-ae02-666199479352,synth_8239ac33e601,unbanked,tabddpm_synthetic,,['en'],advance fee,2024-09-29T08:05:00+00:00,670.66,112.99,20,8,0,Monday,0,1587,6,advance fee,en,Bill pay kiosk,0
2ff12392-60cc-40c5-a77f-debd9da686c8,synth_97ff954b572e,unbanked,tabddpm_synthetic,,['en'],advance fee,2024-09-23T23:49:00+00:00,3000.0,1500.0,20,23,6,Sunday,0,1,100,advance fee,en,Bill pay kiosk,0
81f52ac0-407b-4318-958f-56097234509c,synth_9643ddde783d,unbanked,tabddpm_synthetic,,['en'],advance fee,2024-08-27T00:21:00+00:00,3000.0,309.19,20,0,0,Monday,0,1,38,advance fee,en,Bill pay kiosk,1
bd22c4c6-109e-4b72-8bcb-34d008b50dee,synth_bf73cbe14e33,unbanked,tabddpm_synthetic,,['en'],advance fee,2024-01-28T23:55:00+00:00,3000.0,1500.0,20,23,0,Monday,90,1,100,advance fee,en,Bill pay kiosk,0
879ee481-c2cb-445c-9aa2-e56150160c3f,synth_be841c21635b,unbanked,tabddpm_synthetic,,['en'],advance fee,2024-09-20T23:30:00+00:00,3000.0,1500.0,20,23,6,Sunday,0,1,100,advance fee,en,Bill pay kiosk,0
5b81c91a-d562-4592-8cd7-bb1b729480d4,synth_077970e81df4,unbanked,tabddpm_synthetic,,['en'],advance fee,2024-09-04T23:43:00+00:00,3000.0,1500.0,60,23,0,Monday,66,1,100,advance fee,en,Bill pay kiosk,1
11691fb7-8be7-42a6-b358-6500e704a9ce,synth_d7d826e2a94e,unbanked,tabddpm_synthetic,,['en'],advance fee,2024-08-15T08:50:00+00:00,422.43,41.31,20,8,0,Monday,8,1326,6,advance fee,en,Bill pay kiosk,0
566f369a-a469-4e25-9aae-c7544556ff30,synth_5d5c181e8f1a,unbanked,tabddpm_synthetic,,['en'],advance fee,2024-01-21T23:04:00+00:00,3000.0,1500.0,20,23,0,Monday,90,1,100,advance fee,en,Bill pay kiosk,0
ef8f9881-c1d5-41c4-8000-b600428714a7,synth_6c66e44f549c,unbanked,tabddpm_synthetic,,['en'],advance fee,2024-07-11T00:48:00+00:00,3000.0,35.61,20,0,0,Monday,90,700,100,advance fee,en,Bill pay kiosk,1
e2a0d00c-664b-4042-8dd3-4094023e3dbb,synth_3a89aee2f6ba,unbanked,tabddpm_synthetic,,['en'],advance fee,2024-06-24T00:52:00+00:00,96.42,13.33,30,0,0,Monday,0,1677,1,advance fee,en,Bill pay kiosk,0
e711dea5-2108-4143-be9a-4852c1a33f9f,synth_274d725829a4,unbanked,tabddpm_synthetic,,['en'],advance fee,2024-04-13T23:07:00+00:00,10.0,0.0,20,23,0,Monday,90,1,85,advance fee,en,Bill pay kiosk,0
8286b3e4-95e6-4999-9a98-01e05d1f978d,synth_cb3fbf8eef06,unbanked,tabddpm_synthetic,,['en'],advance fee,2024-07-30T09:48:00+00:00,52.55,0.0,60,9,0,Monday,0,451,9,advance fee,en,Bill pay kiosk,0
b6fda616-8fb2-4014-8976-0b93c9c9c63d,synth_967dcdc082f0,unbanked,tabddpm_synthetic,,['en'],advance fee,2024-01-09T23:50:00+00:00,3000.0,1500.0,20,23,0,Monday,90,1,100,advance fee,en,Bill pay kiosk,0
1626250b-df28-4909-88b2-5200531e843a,synth_d6b689e2c588,unbanked,tabddpm_synthetic,,['en'],fake loan,2024-11-04T17:36:00+00:00,291.36,22.2,20,17,0,Monday,27,1032,5,fake loan,en,Bill pay kiosk,0
b3d54baa-984e-4360-b8ba-155fc82cb676,synth_cb8f215db834,unbanked,tabddpm_synthetic,,['en'],advance fee,2024-09-04T03:54:00+00:00,1699.95,0.0,20,3,6,Sunday,90,1,100,advance fee,en,Bill pay kiosk,0
e3d5ca69-2c24-4863-afd4-d481981aa7e4,synth_22c89f145b61,unbanked,tabddpm_synthetic,,['en'],advance fee,2024-06-16T12:31:00+00:00,191.62,29.46,20,12,0,Monday,14,1167,9,advance fee,en,Bill pay kiosk,0
c62361fe-dce2-4275-9730-1a06ce29c6a8,synth_32308c9e0102,unbanked,tabddpm_synthetic,,['en'],advance fee,2024-06-15T23:51:00+00:00,3000.0,1500.0,20,23,0,Monday,90,1,100,advance fee,en,Bill pay kiosk,1
ddcd6a08-2a74-4225-a65c-30496632e867,synth_a244dfe37488,unbanked,tabddpm_synthetic,,['en'],advance fee,2024-08-07T07:13:00+00:00,10.0,0.0,20,7,0,Monday,27,2000,8,advance fee,en,Bill pay kiosk,0
6415f506-cdc3-4db0-a289-8bff615936ef,synth_d6218e78e0a2,unbanked,tabddpm_synthetic,,['en'],advance fee,2024-11-09T00:21:00+00:00,110.26,0.0,20,0,0,Monday,90,1054,24,advance fee,en,Bill pay kiosk,0
0c37fc8c-383c-4102-ba64-6abb92e4f3d1,synth_ebeda5236d07,unbanked,tabddpm_synthetic,,['en'],advance fee,2024-12-26T09:25:00+00:00,479.47,38.34,21,9,0,Monday,11,2000,0,advance fee,en,Bill pay kiosk,0
87004bfa-9c07-4c59-a2b0-de70d77c4c88,synth_cf8b718fc7fd,unbanked,tabddpm_synthetic,,['en'],advance fee,2024-03-13T10:10:00+00:00,191.42,27.18,42,10,4,Friday,0,1341,10,advance fee,en,Bill pay kiosk,0
13c46364-d06e-4a30-9dbc-4fe327853614,synth_8f3f85411aaf,unbanked,tabddpm_synthetic,,['en'],advance fee,2024-06-06T23:55:00+00:00,3000.0,1500.0,20,23,6,Sunday,0,1,100,advance fee,en,Bill pay kiosk,0
2cd05bf1-35c3-4d08-87af-e5c75db47241,synth_3ce03e2906b7,unbanked,tabddpm_synthetic,,['en'],advance fee,2024-04-07T06:29:00+00:00,145.37,22.67,20,6,2,Wednesday,63,553,11,advance fee,en,Bill pay kiosk,0
b855df96-a973-406e-a6e4-46b063be3c93,synth_5578c09fdd37,unbanked,tabddpm_synthetic,,['en'],advance fee,2024-05-17T11:16:00+00:00,10.0,0.0,20,11,2,Wednesday,90,777,10,advance fee,en,Bill pay kiosk,0
a6e25f82-9ddf-4e35-a6bd-4dad8272092c,synth_94f741b62170,unbanked,tabddpm_synthetic,,['en'],advance fee,2024-12-11T00:05:00+00:00,3000.0,1500.0,32,0,0,Monday,90,1,100,advance fee,en,Bill pay kiosk,1
d4d0c2dc-7cb4-4840-9721-90841581934f,synth_0c5aafafa32d,unbanked,tabddpm_synthetic,,['en'],advance fee,2024-02-10T11:59:00+00:00,10.0,0.0,20,11,0,Monday,90,1,21,advance fee,en,Bill pay kiosk,0
0a1d387c-cc83-4075-a506-8556f5bbf708,synth_6e4fe089274f,unbanked,tabddpm_synthetic,,['en'],advance fee,2024-03-30T23:36:00+00:00,3000.0,1500.0,20,23,0,Monday,90,1,100,advance fee,en,Bill pay kiosk,0
cb3e952e-6a27-4462-a2a8-58bd8644af37,synth_6cd099919b28,unbanked,tabddpm_synthetic,,['en'],advance fee,2024-06-20T09:22:00+00:00,210.99,23.61,22,9,0,Monday,18,1212,9,advance fee,en,Bill pay kiosk,0
cd6cb8b2-f2c7-49f2-abf9-2cf501bee5f5,synth_7edfc244ad94,unbanked,tabddpm_synthetic,,['en'],advance fee,2024-08-15T23:03:00+00:00,3000.0,1500.0,60,23,0,Monday,12,1,100,advance fee,en,Bill pay kiosk,0
979d1e13-ee9e-4b5d-872a-8a0017d36f8e,synth_eb2b07726ad0,unbanked,tabddpm_synthetic,,['en'],advance fee,2024-06-09T23:03:00+00:00,3000.0,1500.0,20,23,6,Sunday,0,1,100,advance fee,en,Bill pay kiosk,0
74491794-0e64-4b2c-8fe0-0b08e4972c5a,synth_9c69658e3f2f,unbanked,tabddpm_synthetic,,['en'],advance fee,2024-08-31T11:13:00+00:00,241.31,23.59,34,11,0,Monday,0,1564,15,advance fee,en,Bill pay kiosk,0
33a159f8-c967-426c-a5ff-4f44e02f9717,synth_2750a08c2a1a,unbanked,tabddpm_synthetic,,['en'],fake loan,2024-04-26T15:11:00+00:00,323.55,0.88,20,15,0,Monday,2,782,5,fake loan,en,Bill pay kiosk,0
1a224b6b-f1c5-4f7b-aa9b-ede7031f9a7e,synth_2a048eed3de6,unbanked,tabddpm_synthetic,,['en'],advance fee,2024-09-19T12:20:00+00:00,305.53,35.85,20,12,0,Monday,7,552,11,advance fee,en,Bill pay kiosk,0
818154e7-1f3f-4b48-b3d0-3a0918901aa2,synth_e42338d688d5,unbanked,tabddpm_synthetic,,['en'],advance fee,2024-05-18T00:23:00+00:00,3000.0,746.98,60,0,0,Monday,11,2000,23,advance fee,en,Bill pay kiosk,0
d98e1675-b75a-45a3-900e-2d10c5ab30f9,synth_1fc9e93c7d8f,unbanked,tabddpm_synthetic,,['en'],advance fee,2024-08-21T17:19:00+00:00,3000.0,1500.0,20,17,0,Monday,0,1,100,advance fee,en,Bill pay kiosk,0
1074bc56-2bd3-44bb-a2ee-9afd27dadf9c,synth_6d6f762410a9,unbanked,tabddpm_synthetic,,['en'],advance fee,2024-07-05T11:39:00+00:00,10.0,0.0,30,11,0,Monday,80,731,11,advance fee,en,Bill pay kiosk,0
a9b2dbde-21d3-454e-afd8-5902edf44d52,synth_135c2e53e805,unbanked,tabddpm_synthetic,,['en'],advance fee,2024-04-30T00:33:00+00:00,3000.0,1373.25,60,0,0,Monday,31,1,100,advance fee,en,Bill pay kiosk,1
b9198b35-2e59-4afd-8408-e6055ba699c5,synth_53679e4175dc,unbanked,tabddpm_synthetic,,['en'],advance fee,2024-08-15T12:31:00+00:00,661.8,62.04,20,12,2,Wednesday,21,830,2,advance fee,en,Bill pay kiosk,0
a132a526-6bdd-447c-9641-f8f3242a148b,synth_e382efc3dc10,unbanked,tabddpm_synthetic,,['en'],advance fee,2024-05-09T09:12:00+00:00,397.11,75.76,20,9,1,Tuesday,30,1173,0,advance fee,en,Bill pay kiosk,0
eff3d189-fac7-424f-af73-0ece95dd73aa,synth_a1dc30e1593d,unbanked,tabddpm_synthetic,,['en'],advance fee,2024-07-17T23:03:00+00:00,3000.0,1500.0,20,23,6,Sunday,90,1,100,advance fee,en,Bill pay kiosk,0
ac936b67-a876-4dd1-9535-d94faa4c316e,synth_f435ccb986fb,unbanked,tabddpm_synthetic,,['en'],advance fee,2024-04-01T23:18:00+00:00,3000.0,1500.0,20,23,6,Sunday,0,1,100,advance fee,en,Bill pay kiosk,0
f5ce584b-f304-41bf-83ba-79802840ee37,synth_0dbbb551d321,unbanked,tabddpm_synthetic,,['en'],advance fee,2024-01-29T23:53:00+00:00,3000.0,1500.0,20,23,6,Sunday,90,1,100,advance fee,en,Bill pay kiosk,0
549665c3-01eb-4cd0-a0ff-77f23c5f15cf,synth_88a024f6ae1f,unbanked,tabddpm_synthetic,,['en'],advance fee,2024-12-03T05:45:00+00:00,10.0,0.0,37,5,0,Monday,50,1272,10,advance fee,en,Bill pay kiosk,0
fd6d25ec-4a4b-41ef-967f-d9eb5dd140b6,synth_58228276c2ae,unbanked,tabddpm_synthetic,,['en'],advance fee,2024-02-17T23:42:00+00:00,3000.0,1500.0,20,23,6,Sunday,0,1,100,advance fee,en,Bill pay kiosk,0
e0a9486a-3866-4619-bc1f-c9eb250a296c,synth_1caa26058fea,unbanked,tabddpm_synthetic,,['en'],advance fee,2024-04-29T04:12:00+00:00,10.0,0.0,20,4,0,Monday,90,1,37,advance fee,en,Bill pay kiosk,0
6b28dc88-4f2e-4269-863c-0896dc07205c,synth_dcbea709bc94,unbanked,tabddpm_synthetic,,['en'],advance fee,2024-02-09T00:16:00+00:00,3000.0,1122.0,20,0,6,Sunday,0,1,75,advance fee,en,Bill pay kiosk,0
d729d0db-118b-4b9c-90bf-c9ccba48e08e,synth_bf26865e9cb7,unbanked,tabddpm_synthetic,,['es'],advance fee,2024-11-16T12:57:00+00:00,194.68,26.34,20,12,0,Monday,11,2000,3,advance fee,es,Bill pay kiosk,0
4f3248a8-9080-4cb6-94ba-e89ba0c4b911,synth_5aa0a041486a,unbanked,tabddpm_synthetic,,['en'],advance fee,2024-04-08T12:58:00+00:00,341.94,30.03,20,12,0,Monday,4,1707,5,advance fee,en,Bill pay kiosk,0
ecd93ccd-fe35-4dc4-9970-3b0db1f7094f,synth_a420708a4139,unbanked,tabddpm_synthetic,,['en'],advance fee,2024-10-21T23:32:00+00:00,3000.0,1500.0,38,23,0,Monday,90,1,100,advance fee,en,Bill pay kiosk,0
5af19e15-cf8e-4343-8624-723a3762d5e9,synth_169acf43e5a3,unbanked,tabddpm_synthetic,,['en'],advance fee,2024-08-28T23:51:00+00:00,3000.0,1500.0,20,23,0,Monday,90,1,100,advance fee,en,Bill pay kiosk,0
f9660f84-80c9-4234-955d-a5dc1187d039,synth_f01327368442,unbanked,tabddpm_synthetic,,['en'],advance fee,2024-12-01T23:09:00+00:00,10.0,0.0,20,23,0,Monday,90,1,100,advance fee,en,Bill pay kiosk,0
8be95dd2-74ac-4c73-8e53-396efe8a943d,synth_00a7ef13fe10,unbanked,tabddpm_synthetic,,['es'],advance fee,2024-07-09T21:59:00+00:00,442.25,0.61,20,21,0,Monday,0,1586,22,advance fee,es,Bill pay kiosk,0
f8bd3fba-6dd9-444a-a518-76e3be0e7e89,synth_d28f3b20c6c3,unbanked,tabddpm_synthetic,,['en'],advance fee,2024-10-23T23:28:00+00:00,3000.0,1500.0,20,23,6,Sunday,90,1,100,advance fee,en,Bill pay kiosk,0
bfe8b69d-37d3-427f-8989-3722b4d538fb,synth_3e3dce30537a,unbanked,tabddpm_synthetic,,['en'],advance fee,2024-04-25T00:19:00+00:00,108.14,4.66,34,0,0,Monday,0,2000,9,advance fee,en,Bill pay kiosk,0
56079c8e-9609-4bf2-8b5a-5c98394725c0,synth_23e8ac24f0a6,unbanked,tabddpm_synthetic,,['en'],advance fee,2024-07-07T02:58:00+00:00,85.84,0.0,20,2,3,Thursday,90,1,41,advance fee,en,Bill pay kiosk,0
cf409420-2f08-4d5c-9e13-e388426b93d5,synth_585fb29b70da,unbanked,tabddpm_synthetic,,['en'],advance fee,2024-06-20T00:46:00+00:00,1567.69,103.43,60,0,0,Monday,0,1496,7,advance fee,en,Bill pay kiosk,0
b6ec2f2a-c65e-40fc-8ad6-83c57dacf80b,synth_7facb8050085,unbanked,tabddpm_synthetic,,['en'],advance fee,2024-12-08T23:41:00+00:00,3000.0,1500.0,60,23,0,Monday,0,1,73,advance fee,en,Bill pay kiosk,0
17711387-06ce-49f4-af39-0dffadfb6922,synth_8186f0e22820,unbanked,tabddpm_synthetic,,['en'],advance fee,2024-03-05T00:03:00+00:00,3000.0,341.57,20,0,3,Thursday,0,1,35,advance fee,en,Bill pay kiosk,0
2f334d68-bc74-4cf8-8cc8-5afe9f3ab861,synth_d54a22df8b20,unbanked,tabddpm_synthetic,,['en'],advance fee,2024-03-18T13:40:00+00:00,299.77,34.75,35,13,1,Tuesday,7,25,2,advance fee,en,Bill pay kiosk,0
f07b4b89-4948-4b3c-bfd8-60e53f027834,synth_f0bb1b0c0744,unbanked,tabddpm_synthetic,,['en'],advance fee,2024-12-06T00:54:00+00:00,3000.0,1500.0,60,0,0,Monday,90,1,100,advance fee,en,Bill pay kiosk,1
8100bb46-9ccf-493a-b54f-26ba1be450a3,synth_ebee357555c7,unbanked,tabddpm_synthetic,,['en'],advance fee,2024-11-16T00:20:00+00:00,3000.0,781.6,57,0,0,Monday,39,1,100,advance fee,en,Bill pay kiosk,1
7ba9e01e-edd4-49c2-823a-b9dc29a205b0,synth_871d3b44fc35,unbanked,tabddpm_synthetic,,['en'],advance fee,2024-02-07T00:42:00+00:00,920.78,73.48,20,0,0,Monday,0,1234,12,advance fee,en,Bill pay kiosk,0
70c70f50-1f13-4b1e-9952-a2ea124b43fa,synth_439368182738,unbanked,tabddpm_synthetic,,['en'],advance fee,2024-04-24T15:05:00+00:00,10.0,0.0,20,15,0,Monday,90,1,51,advance fee,en,Bill pay kiosk,0
7a881444-1291-42d3-acc4-8ca89af6c7d2,synth_4abf4cc0484e,unbanked,tabddpm_synthetic,,['en'],advance fee,2024-08-08T23:39:00+00:00,3000.0,1500.0,20,23,6,Sunday,0,1,100,advance fee,en,Bill pay kiosk,0
1bff3f61-592a-40b1-bf14-d101936e5e82,synth_e4c3bef23888,unbanked,tabddpm_synthetic,,['en'],advance fee,2024-05-19T00:14:00+00:00,39.33,20.15,48,0,0,Monday,0,2000,7,advance fee,en,Bill pay kiosk,0
174e472d-883c-4a71-832a-398e7a0ff089,synth_da9426edb80d,unbanked,tabddpm_synthetic,,['en'],advance fee,2024-01-26T05:54:00+00:00,10.0,0.0,35,5,0,Monday,90,575,10,advance fee,en,Bill pay kiosk,0
e4b01d69-225a-496a-83bb-8038b4a20633,synth_4f498a1859af,unbanked,tabddpm_synthetic,,['en'],advance fee,2024-06-05T09:02:00+00:00,10.0,0.0,20,9,5,Saturday,90,1,24,advance fee,en,Bill pay kiosk,0
d46a4871-d3cc-4a79-a3e2-288fca9d810b,synth_2a700456d249,unbanked,tabddpm_synthetic,,['en'],advance fee,2024-12-27T11:07:00+00:00,370.05,40.58,20,11,0,Monday,18,1995,9,advance fee,en,Bill pay kiosk,0
bfd2db77-5326-4032-a59c-24c6275fc2a6,synth_74409526d411,unbanked,tabddpm_synthetic,,['en'],advance fee,2024-02-21T15:28:00+00:00,590.69,71.91,21,15,0,Monday,4,850,9,advance fee,en,Bill pay kiosk,0
8c570d94-0564-4167-9fee-4d0219f20f45,synth_7df3197726eb,unbanked,tabddpm_synthetic,,['en'],advance fee,2024-12-05T15:53:00+00:00,267.46,0.37,20,15,3,Thursday,90,834,2,advance fee,en,Bill pay kiosk,0
424b502d-a48b-45b7-a13c-e1a2920a2a39,synth_a4100890526c,unbanked,tabddpm_synthetic,,['en'],advance fee,2024-11-28T01:26:00+00:00,172.82,0.0,20,1,6,Sunday,90,1,57,advance fee,en,Bill pay kiosk,0
39e32055-4779-488d-8956-14808c085388,synth_f6aed9765e14,unbanked,tabddpm_synthetic,,['en'],advance fee,2024-09-16T06:33:00+00:00,10.0,0.0,20,6,0,Monday,90,1,40,advance fee,en,Bill pay kiosk,0
280f619f-fd26-45fa-91e1-862e4659949a,synth_6fe819911195,unbanked,tabddpm_synthetic,,['en'],advance fee,2024-03-19T00:04:00+00:00,3000.0,1101.92,51,0,0,Monday,61,1,77,advance fee,en,Bill pay kiosk,0
d963dcd4-e54e-4b27-8cef-60377f51016a,synth_b1bb7f75711d,unbanked,tabddpm_synthetic,,['en'],advance fee,2024-06-29T00:38:00+00:00,3000.0,1330.38,34,0,6,Sunday,9,1,51,advance fee,en,Bill pay kiosk,0
d36a88f1-10de-4165-a448-74d8c485dd51,synth_a48fc5666add,unbanked,tabddpm_synthetic,,['en'],advance fee,2024-12-01T23:56:00+00:00,3000.0,1500.0,20,23,0,Monday,90,1,100,advance fee,en,Bill pay kiosk,0
2127faf4-fd39-44ae-b670-014bbd0e2a37,synth_8989ef98156e,unbanked,tabddpm_synthetic,,['en'],advance fee,2024-04-14T09:19:00+00:00,10.0,0.0,20,9,3,Thursday,90,1539,9,advance fee,en,Bill pay kiosk,0
7d1df998-6a0a-4bde-875b-5172f05ec9b0,synth_511bf34e6cec,unbanked,tabddpm_synthetic,,['en'],advance fee,2024-05-03T00:13:00+00:00,3000.0,1500.0,60,0,0,Monday,90,1,100,advance fee,en,Bill pay kiosk,0
f2ae0f89-e5fd-414b-8aab-7e7dae473877,synth_6be4cda6cabe,unbanked,tabddpm_synthetic,,['en'],advance fee,2024-10-19T23:28:00+00:00,3000.0,1500.0,20,23,6,Sunday,16,1,100,advance fee,en,Bill pay kiosk,0
1df0f0be-c901-4fd2-9695-dd1d1b09229b,synth_5ad9bbb55e95,unbanked,tabddpm_synthetic,,['en'],advance fee,2024-06-09T00:59:00+00:00,255.05,20.28,20,0,0,Monday,0,2000,13,advance fee,en,Bill pay kiosk,0
53fe5fdc-f692-49d0-9003-49c19b323d58,synth_c857fd6c22fb,unbanked,tabddpm_synthetic,,['en'],advance fee,2024-06-10T23:51:00+00:00,3000.0,1500.0,20,23,6,Sunday,0,1,100,advance fee,en,Bill pay kiosk,1
f8bc3465-f583-4658-a57d-e30c9c75fbdd,synth_0e53cac1b301,unbanked,tabddpm_synthetic,,['en'],advance fee,2024-09-08T00:03:00+00:00,3000.0,162.94,20,0,0,Monday,90,1126,65,advance fee,en,Bill pay kiosk,1
3b47745c-e81f-4d3c-8301-610db18c67f1,synth_fe372172b1c7,unbanked,tabddpm_synthetic,,['en'],advance fee,2024-09-22T00:37:00+00:00,3000.0,1500.0,60,0,0,Monday,18,1,100,advance fee,en,Bill pay kiosk,1
35d30f33-e1be-47ef-b417-81212064f76b,synth_c4fee4e71e34,unbanked,tabddpm_synthetic,,['en'],advance fee,2024-01-05T20:33:00+00:00,282.16,1.09,20,20,0,Monday,90,269,43,advance fee,en,Bill pay kiosk,1
ee833dd0-3ce3-4352-b058-2cb3c94e5c24,synth_c6a793994a57,unbanked,tabddpm_synthetic,,['en'],advance fee,2024-12-26T01:03:00+00:00,306.26,29.13,20,1,4,Friday,9,939,3,advance fee,en,Bill pay kiosk,0
879caf94-58f1-4777-ab4c-3f4651da6a2e,synth_49e5ce627ba6,unbanked,tabddpm_synthetic,,['en'],advance fee,2024-08-29T19:44:00+00:00,1372.11,0.0,20,19,6,Sunday,90,1,100,advance fee,en,Bill pay kiosk,0
d978981a-99a2-4507-8b4b-8ec4bbcf3e23,synth_14f28f64ddaa,unbanked,tabddpm_synthetic,,['en'],advance fee,2024-05-28T00:56:00+00:00,275.75,19.96,53,0,0,Monday,0,2000,5,advance fee,en,Bill pay kiosk,0
f3d94dfd-6f1f-44f6-8259-bf6c95fff46e,synth_51182e3e75c4,unbanked,tabddpm_synthetic,,['en'],advance fee,2024-08-02T16:30:00+00:00,964.78,97.41,20,16,3,Thursday,8,1356,6,advance fee,en,Bill pay kiosk,0
c2ddd670-0411-45e8-8d19-4fca76af96bd,synth_3234b4aef8ee,unbanked,tabddpm_synthetic,,['en'],advance fee,2024-08-19T09:13:00+00:00,10.0,0.0,20,9,1,Tuesday,90,1205,6,advance fee,en,Bill pay kiosk,0
30212704-d6ff-4b83-ab62-6cfb8bbd8de7,synth_0d03de18881c,unbanked,tabddpm_synthetic,,['en'],advance fee,2024-02-12T08:46:00+00:00,10.0,0.0,20,8,0,Monday,90,14,19,advance fee,en,Bill pay kiosk,0
9e67f3d3-cf8c-43b2-8464-9764dc2a7590,synth_0062990fb395,unbanked,tabddpm_synthetic,,['en'],advance fee,2024-11-14T00:36:00+00:00,3000.0,1500.0,60,0,0,Monday,33,1,100,advance fee,en,Bill pay kiosk,0
334c4544-2373-4849-aa8e-f585313c03b5,synth_6b205f47d163,unbanked,tabddpm_synthetic,,['en'],advance fee,2024-11-14T15:37:00+00:00,10.0,0.0,20,15,0,Monday,90,1,31,advance fee,en,Bill pay kiosk,0
27d001a5-a810-4b5b-a224-51156c6f84e6,synth_d646ca800846,unbanked,tabddpm_synthetic,,['en'],advance fee,2024-02-26T00:55:00+00:00,622.92,66.9,29,0,0,Monday,0,386,14,advance fee,en,Bill pay kiosk,0
a1fa7922-657c-4126-8f8d-c741c83556c5,synth_1364d43fea07,unbanked,tabddpm_synthetic,,['en'],advance fee,2024-03-01T00:18:00+00:00,1241.57,105.33,60,0,0,Monday,0,546,29,advance fee,en,Bill pay kiosk,1
9573e5dd-bc01-4ef8-a976-9db9545e4b48,synth_214061963fbc,unbanked,tabddpm_synthetic,,['en'],advance fee,2024-02-05T06:20:00+00:00,363.0,111.85,20,6,0,Monday,0,637,9,advance fee,en,Bill pay kiosk,0
1667358c-1bed-408e-a5c6-070ae95f3522,synth_f52ccfff2e66,unbanked,tabddpm_synthetic,,['en'],advance fee,2024-06-07T14:34:00+00:00,2317.19,159.43,20,14,6,Sunday,14,1,6,advance fee,en,Bill pay kiosk,0
790b514e-88e9-4a7f-b967-852873fb1a61,synth_422bbd8a3f32,unbanked,tabddpm_synthetic,,['en'],advance fee,2024-10-21T12:59:00+00:00,276.81,57.51,20,12,0,Monday,40,2000,0,advance fee,en,Bill pay kiosk,0
37da66ea-a868-4cac-be3f-ca1f60d90378,synth_546868b0943c,unbanked,tabddpm_synthetic,,['en'],advance fee,2024-03-17T00:19:00+00:00,3000.0,1500.0,32,0,6,Sunday,0,1,100,advance fee,en,Bill pay kiosk,0
a45329bb-8d71-467e-b782-f63c3b3f1559,synth_a5580abe142f,unbanked,tabddpm_synthetic,,['en'],advance fee,2024-11-28T03:16:00+00:00,10.0,0.0,20,3,0,Monday,90,1,25,advance fee,en,Bill pay kiosk,0
8d25f574-fee4-4184-89c7-b0d02ce81653,synth_21e5e18c53dc,unbanked,tabddpm_synthetic,,['en'],advance fee,2024-09-27T23:39:00+00:00,3000.0,1500.0,20,23,0,Monday,90,1,100,advance fee,en,Bill pay kiosk,0
4ddbd129-6f0e-4b94-9cce-e5c0ea530063,synth_041181e3380d,unbanked,tabddpm_synthetic,,['en'],advance fee,2024-08-03T11:37:00+00:00,10.0,0.0,20,11,0,Monday,18,1343,10,advance fee,en,Bill pay kiosk,0
598c9a81-aeef-4ec6-a656-ee57c718ee40,synth_93c34f716125,unbanked,tabddpm_synthetic,,['en'],advance fee,2024-05-12T00:28:00+00:00,321.55,27.06,20,0,0,Monday,0,1877,2,advance fee,en,Bill pay kiosk,0
b0993ed5-669c-42b8-8836-29593f16158d,synth_889ab51c6f81,unbanked,tabddpm_synthetic,,['en'],advance fee,2024-05-17T00:31:00+00:00,845.86,85.23,27,0,0,Monday,57,1147,19,advance fee,en,Bill pay kiosk,0
9536da7d-3d40-4d8c-b8a2-b086504cfe2d,synth_052a78778e04,unbanked,tabddpm_synthetic,,['en'],advance fee,2024-12-02T23:00:00+00:00,3000.0,1500.0,20,23,0,Monday,90,1,100,advance fee,en,Bill pay kiosk,0
d344f46c-66c0-4d68-8ac9-0bb5203438a3,synth_ea8c9289436c,unbanked,tabddpm_synthetic,,['en'],advance fee,2024-02-12T00:42:00+00:00,437.58,32.03,55,0,0,Monday,46,1,21,advance fee,en,Bill pay kiosk,0
d0409ea3-2f81-4452-829f-02b7ccdf4931,synth_9f836bbc45c5,unbanked,tabddpm_synthetic,,['en'],advance fee,2024-09-25T08:39:00+00:00,118.61,59.69,20,8,0,Monday,44,2000,5,advance fee,en,Bill pay kiosk,0
7e7b796b-fc48-4ad6-a963-21addea3d401,synth_fe68e7932d6e,unbanked,tabddpm_synthetic,,['en'],fake loan,2024-03-07T00:07:00+00:00,467.76,29.62,20,0,0,Monday,0,576,5,fake loan,en,Bill pay kiosk,0
bd9d4abd-35ab-4f2c-9371-f28dbf9b7c63,synth_155764ab9380,unbanked,tabddpm_synthetic,,['en'],fake loan,2024-04-04T09:57:00+00:00,373.68,49.32,20,9,3,Thursday,14,1498,1,fake loan,en,Bill pay kiosk,0
44737a94-bb80-485d-b6ac-afd02e70346e,synth_6f212822efc1,unbanked,tabddpm_synthetic,,['en'],advance fee,2024-09-10T00:19:00+00:00,3000.0,1500.0,20,0,0,Monday,90,1,100,advance fee,en,Bill pay kiosk,0
3ba090f2-2b26-4979-b625-4d89949299e1,synth_525518a7fe53,unbanked,tabddpm_synthetic,,['en'],advance fee,2024-11-24T00:30:00+00:00,3000.0,1500.0,20,0,4,Friday,90,1,100,advance fee,en,Bill pay kiosk,0
f8a831ce-1a7a-4b79-a73f-e4c85d4eeb57,synth_9b44f3a2837c,unbanked,tabddpm_synthetic,,['en'],advance fee,2024-05-03T00:10:00+00:00,3000.0,1500.0,60,0,0,Monday,11,1,100,advance fee,en,Bill pay kiosk,1
792e881c-262a-4b2e-a348-dfa64ea3e2c6,synth_8879a4893612,unbanked,tabddpm_synthetic,,['en'],advance fee,2024-03-12T23:54:00+00:00,3000.0,1500.0,20,23,6,Sunday,90,1,100,advance fee,en,Bill pay kiosk,0
5f0862e0-1bfa-4e5e-8f40-4b6296170f23,synth_fad8149d751d,unbanked,tabddpm_synthetic,,['en'],advance fee,2024-02-24T18:13:00+00:00,471.32,48.43,20,18,0,Monday,77,1658,7,advance fee,en,Bill pay kiosk,0
580b88a1-bed4-49d7-8473-a55e5d444fca,synth_22fdba424424,unbanked,tabddpm_synthetic,,['en'],advance fee,2024-09-13T00:54:00+00:00,2281.45,136.73,60,0,1,Tuesday,8,658,32,advance fee,en,Bill pay kiosk,0
c8835d9d-4610-4c7a-a2df-56ef442070db,synth_9747a29e06ce,unbanked,tabddpm_synthetic,,['en'],advance fee,2024-10-08T23:39:00+00:00,3000.0,1500.0,51,23,0,Monday,90,1,100,advance fee,en,Bill pay kiosk,1
5394aa9d-f765-453d-8a30-8c75bb1589ee,synth_be09eb22b62f,unbanked,tabddpm_synthetic,,['en'],advance fee,2024-11-07T04:15:00+00:00,3000.0,196.34,20,4,4,Friday,2,1,15,advance fee,en,Bill pay kiosk,0
ce557500-feeb-4011-a531-e33c19983ec4,synth_6a4b98c456e6,unbanked,tabddpm_synthetic,,['en'],advance fee,2024-11-13T23:55:00+00:00,3000.0,1500.0,60,23,0,Monday,49,1,100,advance fee,en,Bill pay kiosk,1
4a5def17-3333-413d-90e1-02bb1c4e9ef6,synth_180801f4a171,unbanked,tabddpm_synthetic,,['en'],advance fee,2024-05-18T23:45:00+00:00,3000.0,1500.0,20,23,0,Monday,90,1,100,advance fee,en,Bill pay kiosk,0
3847a872-e7c5-4445-98c3-a657ae91a696,synth_62e80a778271,unbanked,tabddpm_synthetic,,['en'],advance fee,2024-04-21T14:17:00+00:00,269.89,0.0,20,14,6,Sunday,0,2000,10,advance fee,en,Bill pay kiosk,0
ae66a4f1-46ab-40d1-bd10-7e72ee81e213,synth_7dc543b856be,unbanked,tabddpm_synthetic,,['en'],advance fee,2024-09-13T00:17:00+00:00,942.63,20.29,20,0,6,Sunday,90,1,52,advance fee,en,Bill pay kiosk,0
aa90204a-7ae1-46ef-bcf6-3193ed03fd6f,synth_1c068f17edb3,unbanked,tabddpm_synthetic,,['en'],advance fee,2024-04-26T23:25:00+00:00,3000.0,1500.0,20,23,0,Monday,90,1,100,advance fee,en,Bill pay kiosk,1
a2ecd937-f02d-46f6-a359-63874b2c671a,synth_1ed54886dff8,unbanked,tabddpm_synthetic,,['en'],advance fee,2024-11-09T23:27:00+00:00,3000.0,1500.0,20,23,0,Monday,90,1,100,advance fee,en,Bill pay kiosk,0
5a25fdf8-48aa-4110-9725-ee57467e638d,synth_f4ba8b44d153,unbanked,tabddpm_synthetic,,['en'],advance fee,2024-06-13T06:36:00+00:00,10.0,0.0,20,6,0,Monday,90,1080,10,advance fee,en,Bill pay kiosk,0
746187de-4b23-442c-8a53-cf846771c402,synth_323390574524,unbanked,tabddpm_synthetic,,['en'],advance fee,2024-08-03T23:19:00+00:00,3000.0,1500.0,60,23,6,Sunday,0,1,100,advance fee,en,Bill pay kiosk,1
3d6703a6-6489-4c7e-99a4-c55d3bbcb565,synth_93bec3713050,unbanked,tabddpm_synthetic,,['en'],advance fee,2024-10-25T23:21:00+00:00,3000.0,1500.0,20,23,0,Monday,90,1,100,advance fee,en,Bill pay kiosk,0
90885b00-ae91-4fb2-be30-f3288859eb9a,synth_00c102d19315,unbanked,tabddpm_synthetic,,['en'],advance fee,2024-09-10T00:26:00+00:00,43.11,0.11,20,0,0,Monday,0,2000,11,advance fee,en,Bill pay kiosk,0
1290b508-a2d4-4332-b498-d5221c8c18f4,synth_e681df77e0ae,unbanked,tabddpm_synthetic,,['en'],advance fee,2024-09-17T23:52:00+00:00,3000.0,1500.0,60,23,0,Monday,40,1,100,advance fee,en,Bill pay kiosk,1
f59074fe-9d3f-422c-8973-f675d3a69582,synth_2cfbf350b946,unbanked,tabddpm_synthetic,,['en'],advance fee,2024-01-29T09:51:00+00:00,842.9,49.78,20,9,0,Monday,14,1930,6,advance fee,en,Bill pay kiosk,0
611ef62a-64a3-47e4-ad9f-e8093ef37d64,synth_06031f3ea11a,unbanked,tabddpm_synthetic,,['en'],advance fee,2024-03-02T00:05:00+00:00,1032.85,125.23,20,0,0,Monday,0,2000,5,advance fee,en,Bill pay kiosk,0
1243e95a-c8d7-40ad-99ad-925e9cd5b96e,synth_3c76b3883a94,unbanked,tabddpm_synthetic,,['en'],advance fee,2024-09-11T23:19:00+00:00,3000.0,1500.0,20,23,6,Sunday,0,1,100,advance fee,en,Bill pay kiosk,0
09e4bc94-ed47-4d6b-90b6-d9fbd5c47923,synth_4b03442e1f8a,unbanked,tabddpm_synthetic,,['en'],advance fee,2024-04-07T23:29:00+00:00,3000.0,1500.0,20,23,6,Sunday,18,1,100,advance fee,en,Bill pay kiosk,0
4057d92b-4705-4fec-a86a-33d2c770314d,synth_e86927aae6ab,unbanked,tabddpm_synthetic,,['en'],fake loan,2024-05-23T10:38:00+00:00,408.24,27.44,55,10,0,Monday,12,1774,2,fake loan,en,Bill pay kiosk,0
f05d9b85-e2a3-4c70-be1f-1b072a376354,synth_92912c1684ae,unbanked,tabddpm_synthetic,,['en'],advance fee,2024-11-17T06:38:00+00:00,60.44,0.0,30,6,2,Wednesday,37,1159,3,advance fee,en,Bill pay kiosk,0
6c6581e6-e9aa-4a63-9e9f-3190b51fbcaf,synth_2fdbe3887684,unbanked,tabddpm_synthetic,,['en'],advance fee,2024-11-20T03:33:00+00:00,2162.14,257.24,51,3,0,Monday,2,680,9,advance fee,en,Bill pay kiosk,0
2f8f8b4d-5ffe-4cfb-9fc7-d0f146ab91c0,synth_0671fc656073,unbanked,tabddpm_synthetic,,['en'],advance fee,2024-01-08T23:27:00+00:00,3000.0,1500.0,20,23,0,Monday,90,1,100,advance fee,en,Bill pay kiosk,0
42102496-7e03-4409-98c3-3a7f65a32d19,synth_7df07840e2e9,unbanked,tabddpm_synthetic,,['en'],advance fee,2024-09-08T04:05:00+00:00,3000.0,188.6,20,4,0,Monday,5,124,9,advance fee,en,Bill pay kiosk,0
c4850835-d035-4cf4-93d7-9da82207e329,synth_c6ae9ff65fb8,unbanked,tabddpm_synthetic,,['en'],fake loan,2024-04-18T00:05:00+00:00,197.0,13.35,43,0,0,Monday,0,1138,9,fake loan,en,Bill pay kiosk,0
8dfa83d6-9cec-4ebf-ae5b-6f411bf76feb,synth_d4a2bf1dafd6,unbanked,tabddpm_synthetic,,['en'],advance fee,2024-11-20T00:27:00+00:00,3000.0,1500.0,20,0,0,Monday,90,1,100,advance fee,en,Bill pay kiosk,1
e197c727-9710-4610-88cf-30fec372a0ba,synth_a0bdeb3479fa,unbanked,tabddpm_synthetic,,['en'],advance fee,2024-01-17T00:06:00+00:00,458.88,18.69,20,0,0,Monday,0,2000,6,advance fee,en,Bill pay kiosk,0
e46852d6-cfcb-4ac9-be78-b632b3a0e2fd,synth_b4c9bb0be00b,unbanked,tabddpm_synthetic,,['en'],advance fee,2024-08-13T09:04:00+00:00,357.16,56.93,20,9,0,Monday,90,1375,14,advance fee,en,Bill pay kiosk,0
11b3d230-5b7b-4cd1-8191-2d1ec90ebf4b,synth_aba38919fed0,unbanked,tabddpm_synthetic,,['en'],advance fee,2024-04-18T00:51:00+00:00,575.87,54.93,60,0,0,Monday,4,1851,7,advance fee,en,Bill pay kiosk,0
f6e16799-5f9b-4314-bbd7-55bb99eb679b,synth_f5a7a06e0473,unbanked,tabddpm_synthetic,,['en'],advance fee,2024-03-22T23:03:00+00:00,3000.0,1500.0,60,23,6,Sunday,0,1,100,advance fee,en,Bill pay kiosk,1
bb47635b-9ae1-4535-a09e-84cf49d7d41b,synth_782d5b11dbe4,unbanked,tabddpm_synthetic,,['en'],advance fee,2024-03-18T23:27:00+00:00,3000.0,1500.0,20,23,6,Sunday,90,1,100,advance fee,en,Bill pay kiosk,0
70cd8947-4762-47da-afa0-a672f226a775,synth_7a4e0e8c45a2,unbanked,tabddpm_synthetic,,['en'],advance fee,2024-01-01T09:01:00+00:00,3000.0,804.39,20,9,2,Wednesday,2,1,24,advance fee,en,Bill pay kiosk,0
5fb7755d-4662-4910-9676-b88ffe6fe0f0,synth_e1aad1876e1c,unbanked,tabddpm_synthetic,,['en'],advance fee,2024-02-15T09:27:00+00:00,56.27,46.9,20,9,0,Monday,38,2000,5,advance fee,en,Bill pay kiosk,0
634df3ad-c6dd-48f2-9cd7-57a54257cf86,synth_659811144cc3,unbanked,tabddpm_synthetic,,['en'],advance fee,2024-05-31T00:37:00+00:00,196.14,37.68,23,0,0,Monday,0,2000,7,advance fee,en,Bill pay kiosk,0
0d486207-7fef-4e58-bd18-bca9adbbeeee,synth_9070acc4d01a,unbanked,tabddpm_synthetic,,['en'],advance fee,2024-05-31T00:09:00+00:00,382.77,0.0,20,0,5,Saturday,60,40,18,advance fee,en,Bill pay kiosk,0
19b13a2e-4790-4c8b-ad49-cbd216f0831e,synth_c5ff18fd271b,unbanked,tabddpm_synthetic,,['en'],advance fee,2024-11-05T23:57:00+00:00,10.0,0.0,20,23,0,Monday,90,1,100,advance fee,en,Bill pay kiosk,0
b6a913b5-7038-41f7-ade0-b4b14616bf23,synth_730e3a31b4ee,unbanked,tabddpm_synthetic,,['en'],advance fee,2024-12-29T07:41:00+00:00,150.34,25.36,20,7,0,Monday,0,2000,10,advance fee,en,Bill pay kiosk,0
054f1823-305e-4d19-b9ba-f589a3a7563c,synth_aa854cf0e5b6,unbanked,tabddpm_synthetic,,['en'],advance fee,2024-02-12T23:41:00+00:00,3000.0,1500.0,20,23,6,Sunday,0,1,100,advance fee,en,Bill pay kiosk,0
053f94ea-0bc2-4562-93d6-dc0c8c81d7a1,synth_068dcae2426b,unbanked,tabddpm_synthetic,,['en'],advance fee,2024-09-05T09:06:00+00:00,287.93,15.27,20,9,0,Monday,11,1896,2,advance fee,en,Bill pay kiosk,0
f02002d5-fd66-4c54-9a63-f854d13a10bf,synth_33f3700744f4,unbanked,tabddpm_synthetic,,['en'],advance fee,2024-02-25T01:35:00+00:00,336.85,8.58,39,1,0,Monday,0,560,11,advance fee,en,Bill pay kiosk,0
392eac97-1e16-409e-bc58-1186d11c586f,synth_94ee327ce4a2,unbanked,tabddpm_synthetic,,['en'],advance fee,2024-04-12T01:09:00+00:00,1018.27,80.06,43,1,0,Monday,1,882,8,advance fee,en,Bill pay kiosk,0
bce92994-0c28-400f-b109-b955201ae69d,synth_fcf36e45c629,unbanked,tabddpm_synthetic,,['en'],advance fee,2024-10-20T18:39:00+00:00,10.0,0.0,20,18,1,Tuesday,90,1,80,advance fee,en,Bill pay kiosk,0
4b1ca4ff-8bfa-4477-a090-571e4ec7eca1,synth_af1b5ce2d1f8,unbanked,tabddpm_synthetic,,['en'],advance fee,2024-02-08T12:03:00+00:00,91.71,0.0,20,12,1,Tuesday,90,568,13,advance fee,en,Bill pay kiosk,0
de4a5eb7-a895-4d72-9a9f-5afaf7b8cc6c,synth_8b8a9a1b41bc,unbanked,tabddpm_synthetic,,['en'],advance fee,2024-07-08T11:57:00+00:00,10.0,41.19,20,11,0,Monday,32,1663,7,advance fee,en,Bill pay kiosk,0
167ae086-b601-4466-ae0b-e40bd55b36e5,synth_bbee05536799,unbanked,tabddpm_synthetic,,['en'],advance fee,2024-11-03T13:09:00+00:00,1490.99,69.73,20,13,0,Monday,11,944,4,advance fee,en,Bill pay kiosk,0
bb1268a7-6d7f-4639-bee1-ed114244d62e,synth_7a59511535cb,unbanked,tabddpm_synthetic,,['en'],advance fee,2024-11-28T09:10:00+00:00,10.0,0.0,20,9,0,Monday,90,8,32,advance fee,en,Bill pay kiosk,0
7264d95a-2277-4d7c-8e22-e7d774747084,synth_e091b22650a7,unbanked,tabddpm_synthetic,,['en'],advance fee,2024-09-19T23:47:00+00:00,3000.0,1500.0,20,23,0,Monday,90,1,100,advance fee,en,Bill pay kiosk,0
8aa539e9-bc7c-4ef8-9571-4d6684fc4183,synth_64c8c5abb740,unbanked,tabddpm_synthetic,,['en'],advance fee,2024-07-25T00:56:00+00:00,824.49,14.87,20,0,0,Monday,90,2000,56,advance fee,en,Bill pay kiosk,1
8dab8a5d-cd5f-44d3-8ec6-544b7955dfb0,synth_6fc939ea7c1b,unbanked,tabddpm_synthetic,,['en'],advance fee,2024-03-20T00:42:00+00:00,3000.0,1500.0,60,0,0,Monday,38,1,100,advance fee,en,Bill pay kiosk,1
7f7328c5-5002-4ec5-991e-123fd32e5887,synth_eefb4752192b,unbanked,tabddpm_synthetic,,['en'],fake loan,2024-05-24T16:58:00+00:00,263.69,8.9,41,16,5,Saturday,0,750,5,fake loan,en,Bill pay kiosk,0
255f6cd3-7d9c-4c28-bea9-9f4f112d7448,synth_868e52fb5e7f,unbanked,tabddpm_synthetic,,['en'],advance fee,2024-04-29T23:40:00+00:00,3000.0,1500.0,20,23,6,Sunday,0,1,100,advance fee,en,Bill pay kiosk,0
4e843566-1477-4a24-bb9f-5ebaeb35b506,synth_5cf0f600e5f6,unbanked,tabddpm_synthetic,,['en'],advance fee,2024-06-29T12:28:00+00:00,454.92,0.0,20,12,0,Monday,90,1,61,advance fee,en,Bill pay kiosk,0
0ec961d7-727d-4fa3-a95f-f8f855ff6474,synth_6592d416a2e4,unbanked,tabddpm_synthetic,,['en'],advance fee,2024-08-28T04:48:00+00:00,261.23,0.0,20,4,0,Monday,90,1,68,advance fee,en,Bill pay kiosk,0
82e5a1c8-bd01-4e2b-9316-239046f0881e,synth_676674d99698,unbanked,tabddpm_synthetic,,['en'],advance fee,2024-01-06T00:24:00+00:00,71.67,14.23,30,0,0,Monday,0,2000,9,advance fee,en,Bill pay kiosk,0
88624a8b-690d-49d6-bba2-28469063fd7d,synth_adcf0d807c6d,unbanked,tabddpm_synthetic,,['en'],advance fee,2024-08-01T00:16:00+00:00,244.83,9.64,20,0,0,Monday,0,2000,10,advance fee,en,Bill pay kiosk,0
7583905d-d372-4da5-9684-bacd69f15f66,synth_9f4ed6ccf070,unbanked,tabddpm_synthetic,,['en'],advance fee,2024-07-07T07:45:00+00:00,189.84,22.6,33,7,0,Monday,12,1292,12,advance fee,en,Bill pay kiosk,0
66eb8115-426c-48ee-bcca-cf942790f3ba,synth_fb8d8e526601,unbanked,tabddpm_synthetic,,['en'],advance fee,2024-09-26T23:51:00+00:00,3000.0,1500.0,60,23,0,Monday,75,1,100,advance fee,en,Bill pay kiosk,0
2b4e6849-cea6-48ae-83e4-fb115c9284ae,synth_866ecbead5fd,unbanked,tabddpm_synthetic,,['en'],advance fee,2024-08-24T23:37:00+00:00,3000.0,1500.0,20,23,6,Sunday,90,1,100,advance fee,en,Bill pay kiosk,0
dbbbfb43-622a-49b8-b730-8b18e32445f5,synth_d18df3971ef6,unbanked,tabddpm_synthetic,,['en'],advance fee,2024-01-23T23:37:00+00:00,3000.0,0.0,20,23,6,Sunday,90,1,100,advance fee,en,Bill pay kiosk,0
61d878d6-057d-4ac9-9d0a-5e1202c21837,synth_fdfc66ffb436,unbanked,tabddpm_synthetic,,['en'],advance fee,2024-02-23T08:55:00+00:00,545.35,41.81,20,8,6,Sunday,18,1708,2,advance fee,en,Bill pay kiosk,0
78da0279-e6e4-43ed-a56a-11ca34282cbf,synth_7bf92a2f9495,unbanked,tabddpm_synthetic,,['en'],advance fee,2024-08-27T12:35:00+00:00,375.34,18.42,20,12,0,Monday,0,836,4,advance fee,en,Bill pay kiosk,0
22fd3e4a-e875-43c8-81c7-0fe7a96b7c96,synth_bb098c3b6654,unbanked,tabddpm_synthetic,,['en'],advance fee,2024-02-13T00:33:00+00:00,473.22,39.64,23,0,0,Monday,0,260,12,advance fee,en,Bill pay kiosk,0
153005fd-6e38-4b2d-8ef3-ae0b9349fb5f,synth_0b6500070066,unbanked,tabddpm_synthetic,,['en'],advance fee,2024-12-17T00:40:00+00:00,10.0,0.0,20,0,0,Monday,90,223,50,advance fee,en,Bill pay kiosk,0
75d539a9-76a3-46fe-9228-b410ddc87f02,synth_caf283d24cbb,unbanked,tabddpm_synthetic,,['en'],advance fee,2024-11-07T08:20:00+00:00,10.0,0.0,39,8,1,Tuesday,58,1,5,advance fee,en,Bill pay kiosk,0
9e00d4e2-9ae6-4d0f-b3d4-a17dce44fbd5,synth_12dc8501e8c5,unbanked,tabddpm_synthetic,,['en'],advance fee,2024-06-22T23:48:00+00:00,3000.0,1500.0,20,23,6,Sunday,90,1,100,advance fee,en,Bill pay kiosk,0
5cc9b007-e973-489a-856b-7400aef3cd55,synth_5d7e8fe97627,unbanked,tabddpm_synthetic,,['en'],advance fee,2024-06-16T23:13:00+00:00,3000.0,1500.0,20,23,6,Sunday,90,1,100,advance fee,en,Bill pay kiosk,0
f6ee35d0-0089-4801-a51d-3103502548ba,synth_a6a4cfc32f66,unbanked,tabddpm_synthetic,,['en'],advance fee,2024-03-30T00:50:00+00:00,10.0,0.0,20,0,0,Monday,90,1349,20,advance fee,en,Bill pay kiosk,0
01979145-3cf7-44a8-8b7c-00032db1ae1d,synth_5788c79d17f7,unbanked,tabddpm_synthetic,,['en'],advance fee,2024-08-27T11:29:00+00:00,362.24,23.72,20,11,1,Tuesday,90,2000,7,advance fee,en,Bill pay kiosk,0
5c79421e-9241-4449-8475-6c258146ad84,synth_2cabaae450fe,unbanked,tabddpm_synthetic,,['en'],advance fee,2024-07-11T09:16:00+00:00,129.01,44.73,20,9,0,Monday,20,2000,1,advance fee,en,Bill pay kiosk,0
1b88e9d1-a4df-4a9b-876f-0cfd03057403,synth_0b5464138a55,unbanked,tabddpm_synthetic,,['en'],advance fee,2024-06-28T07:11:00+00:00,584.25,52.68,20,7,0,Monday,68,1953,9,advance fee,en,Bill pay kiosk,0
70841d1f-fa75-4feb-aae1-3747573b7a9e,synth_e742df61197f,unbanked,tabddpm_synthetic,,['en'],advance fee,2024-04-19T23:50:00+00:00,3000.0,1500.0,20,23,0,Monday,90,1,100,advance fee,en,Bill pay kiosk,0
d61e6f3b-72b4-4c63-9dc1-059a083200ac,synth_786eb30fab32,unbanked,tabddpm_synthetic,,['en'],advance fee,2024-06-23T07:48:00+00:00,235.23,50.48,20,7,0,Monday,31,1981,9,advance fee,en,Bill pay kiosk,0
012d0b53-8ffe-4c7f-a280-4556aa5b4639,synth_169844d6dbbc,unbanked,tabddpm_synthetic,,['en'],advance fee,2024-01-17T00:06:00+00:00,3000.0,1500.0,20,0,0,Monday,90,1,100,advance fee,en,Bill pay kiosk,1
d9ade8f8-5a6d-42c2-b6fe-2afce2a75c9b,synth_df841a58b770,unbanked,tabddpm_synthetic,,['en'],advance fee,2024-12-27T00:53:00+00:00,262.92,10.14,20,0,0,Monday,0,2000,9,advance fee,en,Bill pay kiosk,0
ccce92b6-6aac-43ca-9620-1440335b08fa,synth_5a47d5a6ff7a,unbanked,tabddpm_synthetic,,['en'],advance fee,2024-10-02T11:05:00+00:00,612.1,34.64,44,11,1,Tuesday,0,489,14,advance fee,en,Bill pay kiosk,0
3442ac1c-0a5e-401a-8f54-a77ea952753f,synth_49bbc1dc8340,unbanked,tabddpm_synthetic,,['en'],advance fee,2024-04-09T00:17:00+00:00,979.6,53.58,20,0,6,Sunday,63,66,59,advance fee,en,Bill pay kiosk,0
cb320db0-8933-46c4-a1a1-99751b82ac04,synth_fc780e80d740,unbanked,tabddpm_synthetic,,['en'],advance fee,2024-01-04T23:25:00+00:00,3000.0,1500.0,33,23,0,Monday,90,1,100,advance fee,en,Bill pay kiosk,1
4ac41c9d-b904-4f7d-a58e-e3019fd2949d,synth_4f39ead30e0a,unbanked,tabddpm_synthetic,,['en'],advance fee,2024-08-18T23:24:00+00:00,3000.0,1500.0,20,23,6,Sunday,0,1,100,advance fee,en,Bill pay kiosk,0
ab983ed9-ff96-4e25-8b68-b39ceb19c7eb,synth_2be778b2063a,unbanked,tabddpm_synthetic,,['en'],advance fee,2024-10-30T23:33:00+00:00,3000.0,1500.0,20,23,6,Sunday,13,1,46,advance fee,en,Bill pay kiosk,0
afbe7ff4-383e-47ed-8be7-b7c9daa25a7e,synth_859b2fdfe0f5,unbanked,tabddpm_synthetic,,['en'],advance fee,2024-03-03T00:58:00+00:00,10.0,0.0,20,0,0,Monday,90,678,23,advance fee,en,Bill pay kiosk,0
40ca897b-248d-436e-9235-f8fecd9ae392,synth_b8dae7643c2e,unbanked,tabddpm_synthetic,,['en'],advance fee,2024-03-06T12:36:00+00:00,10.0,6.04,20,12,0,Monday,1,446,4,advance fee,en,Bill pay kiosk,0
cc1d1c0a-995a-441f-993c-8797042e16a9,synth_00da689138fb,unbanked,tabddpm_synthetic,,['en'],advance fee,2024-09-10T06:39:00+00:00,250.37,20.9,39,6,0,Monday,2,895,7,advance fee,en,Bill pay kiosk,0
eb9731d1-32ad-44cd-8afb-d4336da747ff,synth_99782988fdd2,unbanked,tabddpm_synthetic,,['en'],advance fee,2024-02-26T06:23:00+00:00,10.0,0.0,20,6,0,Monday,90,1,53,advance fee,en,Bill pay kiosk,0
2b4dfcb3-448b-4ba1-ae83-47a3103f8b2c,synth_05aac94d49dd,unbanked,tabddpm_synthetic,,['en'],advance fee,2024-09-17T04:42:00+00:00,266.69,16.8,58,4,0,Monday,1,1640,10,advance fee,en,Bill pay kiosk,0
403e8987-2988-40e7-a862-2d8ccab19605,synth_a73e6425ba22,unbanked,tabddpm_synthetic,,['en'],advance fee,2024-12-23T07:21:00+00:00,10.0,0.0,20,7,0,Monday,90,1,40,advance fee,en,Bill pay kiosk,0
edd4fa6e-00d7-478d-b514-583affd20ab3,synth_1f6766152eae,unbanked,tabddpm_synthetic,,['en'],advance fee,2024-05-31T10:38:00+00:00,595.42,66.31,20,10,0,Monday,78,2000,4,advance fee,en,Bill pay kiosk,0
013d4cc1-c9d9-4ecb-8357-9c81097a87b3,synth_6bb6b02c6143,unbanked,tabddpm_synthetic,,['en'],advance fee,2024-04-11T08:17:00+00:00,365.59,81.99,20,8,0,Monday,34,2000,5,advance fee,en,Bill pay kiosk,0
4e00ced1-a385-438b-b98e-4d8672d1c037,synth_53be71604c10,unbanked,tabddpm_synthetic,,['en'],advance fee,2024-03-13T23:24:00+00:00,3000.0,1500.0,20,23,6,Sunday,70,1,100,advance fee,en,Bill pay kiosk,0
fc2947ce-489d-490f-a05c-732cec746ede,synth_bc6c17ce6247,unbanked,tabddpm_synthetic,,['en'],advance fee,2024-03-02T18:46:00+00:00,3000.0,289.45,20,18,6,Sunday,3,1,19,advance fee,en,Bill pay kiosk,0
c469556f-fd28-464b-b06b-b8523a698375,synth_168dcc4400f4,unbanked,tabddpm_synthetic,,['en'],advance fee,2024-06-30T21:18:00+00:00,1153.76,96.52,60,21,0,Monday,5,1018,3,advance fee,en,Bill pay kiosk,0
65960d7f-376d-4a83-9f2a-74a651e41093,synth_04ca9fcd1445,unbanked,tabddpm_synthetic,,['en'],advance fee,2024-10-01T04:54:00+00:00,192.25,34.2,25,4,0,Monday,0,2000,6,advance fee,en,Bill pay kiosk,0
eeadf7e5-98c4-4211-b768-7e76a150311a,synth_09ae9ec2131e,unbanked,tabddpm_synthetic,,['en'],advance fee,2024-01-21T03:13:00+00:00,201.47,0.19,20,3,0,Monday,71,822,8,advance fee,en,Bill pay kiosk,0
ecbf9084-393d-4d7a-8de1-722e7520f17e,synth_cc931696f411,unbanked,tabddpm_synthetic,,['en'],advance fee,2024-11-06T15:11:00+00:00,471.39,38.19,20,15,0,Monday,16,1389,0,advance fee,en,Bill pay kiosk,0
31fb31f5-040b-42ba-a6ca-1e729846df50,synth_743b106f6922,unbanked,tabddpm_synthetic,,['en'],advance fee,2024-09-08T23:23:00+00:00,3000.0,1500.0,20,23,6,Sunday,0,1,100,advance fee,en,Bill pay kiosk,0
1922a950-a28f-4fd3-b911-a1be59cc58c9,synth_d8cf6066c6ae,unbanked,tabddpm_synthetic,,['en'],advance fee,2024-09-17T14:12:00+00:00,313.83,86.36,20,14,0,Monday,17,2000,2,advance fee,en,Bill pay kiosk,0
5e00d662-227d-41f0-b143-f065dda7943d,synth_080d7048861f,unbanked,tabddpm_synthetic,,['en'],advance fee,2024-08-18T09:22:00+00:00,3000.0,240.85,20,9,4,Friday,0,1,24,advance fee,en,Bill pay kiosk,0
ccfbee35-de87-4b93-9fb3-7d7843b02f6e,synth_58070dfedb58,unbanked,tabddpm_synthetic,,['en'],advance fee,2024-03-24T12:08:00+00:00,283.49,26.92,25,12,0,Monday,24,2000,9,advance fee,en,Bill pay kiosk,0
3c2efad5-8063-4d0e-b30d-d412fab24653,synth_b931ac00a9c1,unbanked,tabddpm_synthetic,,['en'],advance fee,2024-05-19T00:19:00+00:00,1562.78,175.57,20,0,0,Monday,0,1,34,advance fee,en,Bill pay kiosk,1
cdb5ab8e-a1a5-4b89-9e1b-1747c06a46da,synth_cf99d5a260fc,unbanked,tabddpm_synthetic,,['en'],advance fee,2024-07-29T04:02:00+00:00,2132.02,174.17,20,4,0,Monday,87,1128,18,advance fee,en,Bill pay kiosk,0
6831d45d-c1df-4cd2-ab2f-c3f4d610ddb8,synth_4021c95f0a3a,unbanked,tabddpm_synthetic,,['en'],advance fee,2024-06-16T00:23:00+00:00,3000.0,598.76,60,0,0,Monday,17,1,100,advance fee,en,Bill pay kiosk,1
73bc07fe-d17a-4b62-8e13-dc0ee16c5733,synth_2e7c5e44367d,unbanked,tabddpm_synthetic,,['en'],advance fee,2024-01-07T00:01:00+00:00,3000.0,1500.0,60,0,0,Monday,90,1,100,advance fee,en,Bill pay kiosk,1
b70c1aa1-abd2-4ad1-b5aa-158e5bf14fdc,synth_56dedb83c582,unbanked,tabddpm_synthetic,,['en'],advance fee,2024-11-06T05:57:00+00:00,500.41,26.15,50,5,0,Monday,0,1725,7,advance fee,en,Bill pay kiosk,0
85ae92d7-e255-4a00-afd8-a0cd612c49ef,synth_ff28d641f575,unbanked,tabddpm_synthetic,,['en'],advance fee,2024-11-14T16:04:00+00:00,10.0,0.0,20,16,6,Sunday,90,1329,2,advance fee,en,Bill pay kiosk,0
bb805c55-d27c-4e12-ae26-192c186b84dc,synth_03f55869fae8,unbanked,tabddpm_synthetic,,['en'],advance fee,2024-07-24T23:21:00+00:00,3000.0,1500.0,60,23,0,Monday,0,1,100,advance fee,en,Bill pay kiosk,0
b884de0e-4343-432a-bca6-a5b100946d17,synth_7db46b11c829,unbanked,tabddpm_synthetic,,['en'],advance fee,2024-08-17T23:03:00+00:00,3000.0,1500.0,20,23,0,Monday,90,1,100,advance fee,en,Bill pay kiosk,0
c4706472-ee51-464a-be7f-de51e5033855,synth_d2965eacf9d5,unbanked,tabddpm_synthetic,,['en'],advance fee,2024-03-12T23:24:00+00:00,3000.0,1500.0,20,23,0,Monday,90,1,100,advance fee,en,Bill pay kiosk,0
49f78c57-42e4-4e61-83d1-8b4e6f04e6ea,synth_7d1ad30263dd,unbanked,tabddpm_synthetic,,['en'],advance fee,2024-02-07T00:59:00+00:00,3000.0,1500.0,60,0,0,Monday,0,1,100,advance fee,en,Bill pay kiosk,0
ef7bde12-46a4-4024-915f-033ba26f39a5,synth_4d071f1b2ba1,unbanked,tabddpm_synthetic,,['en'],advance fee,2024-10-11T10:05:00+00:00,490.65,100.01,49,10,0,Monday,0,209,5,advance fee,en,Bill pay kiosk,0
4c429686-ff1e-451e-8218-3d0e480146ea,synth_7f51959140a5,unbanked,tabddpm_synthetic,,['en'],advance fee,2024-07-29T23:02:00+00:00,3000.0,1500.0,20,23,0,Monday,90,1,100,advance fee,en,Bill pay kiosk,0
3c5b50c9-adb0-4255-8ab0-ed378b578d8e,synth_b0e520109d41,unbanked,tabddpm_synthetic,,['en'],advance fee,2024-09-05T23:55:00+00:00,3000.0,1500.0,60,23,0,Monday,71,1,100,advance fee,en,Bill pay kiosk,0
97f3fba7-5295-4d5b-a4c4-f958141ac110,synth_175e299bc831,unbanked,tabddpm_synthetic,,['en'],advance fee,2024-09-03T06:19:00+00:00,140.52,63.19,20,6,0,Monday,71,2000,14,advance fee,en,Bill pay kiosk,0
8142ea4b-0b05-4d6d-9953-2361d98439cc,synth_dfe0083ba632,unbanked,tabddpm_synthetic,,['es'],advance fee,2024-09-26T04:00:00+00:00,173.84,39.81,49,4,2,Wednesday,0,1111,8,advance fee,es,Bill pay kiosk,0
7c1cbaf4-6b98-4d9e-b950-ba53c1eb00d2,synth_8dc001ab5c6c,unbanked,tabddpm_synthetic,,['en'],advance fee,2024-04-25T00:44:00+00:00,10.0,0.0,20,0,0,Monday,90,1311,26,advance fee,en,Bill pay kiosk,0
752ecb09-eb8f-4a87-853a-f80c4c4bb7c7,synth_674985c1f5f3,unbanked,tabddpm_synthetic,,['en'],advance fee,2024-01-21T07:32:00+00:00,10.0,21.16,22,7,0,Monday,0,375,14,advance fee,en,Bill pay kiosk,0
2640c71f-2ba5-4483-859d-07959dd4495a,synth_fb85e8cebe59,unbanked,tabddpm_synthetic,,['en'],advance fee,2024-08-06T23:49:00+00:00,3000.0,1500.0,20,23,0,Monday,90,1,100,advance fee,en,Bill pay kiosk,0
ce6d2ddc-8415-46eb-a259-4afc3f7ab009,synth_d97fb4749ac2,unbanked,tabddpm_synthetic,,['en'],advance fee,2024-09-08T23:00:00+00:00,3000.0,1500.0,20,23,0,Monday,90,1,100,advance fee,en,Bill pay kiosk,0
b580ddb1-a5d7-45b9-a842-4f8466c0da1d,synth_af41c31cc98c,unbanked,tabddpm_synthetic,,['en'],advance fee,2024-09-27T15:44:00+00:00,639.4,77.29,48,15,0,Monday,32,569,8,advance fee,en,Bill pay kiosk,0
bf6bd50b-69bc-466c-9926-57ff54a8959a,synth_cdebec74f540,unbanked,tabddpm_synthetic,,['en'],advance fee,2024-02-03T06:29:00+00:00,464.77,47.77,50,6,3,Thursday,5,1048,8,advance fee,en,Bill pay kiosk,0
a6a9d01d-74b3-43b3-bbed-417f3b82c354,synth_1e8890a8b83f,unbanked,tabddpm_synthetic,,['en'],advance fee,2024-08-29T00:36:00+00:00,17.78,33.96,20,0,0,Monday,0,2000,9,advance fee,en,Bill pay kiosk,0
0746b618-af3d-4fd1-a3c9-87b09b08a900,synth_aab1c059266b,unbanked,tabddpm_synthetic,,['en'],advance fee,2024-05-02T23:34:00+00:00,3000.0,1500.0,20,23,6,Sunday,0,1,100,advance fee,en,Bill pay kiosk,0
7ef57a58-3a53-4bac-9682-70c2ea123f21,synth_0d379eab91a4,unbanked,tabddpm_synthetic,,['en'],advance fee,2024-12-02T23:06:00+00:00,3000.0,1500.0,20,23,6,Sunday,90,1,100,advance fee,en,Bill pay kiosk,0
5fcb6bdb-d35e-4f2c-8b9e-f4c68c918c81,synth_cee8dfd37c23,unbanked,tabddpm_synthetic,,['en'],advance fee,2024-05-20T23:39:00+00:00,3000.0,1500.0,20,23,0,Monday,90,1,100,advance fee,en,Bill pay kiosk,1
d83c29af-25c0-4e00-a102-8e3b86a3dbf1,synth_dfdd5d880b60,unbanked,tabddpm_synthetic,,['en'],advance fee,2024-09-25T11:19:00+00:00,560.92,18.61,20,11,3,Thursday,19,1981,10,advance fee,en,Bill pay kiosk,0
af97f367-2e17-4744-a689-d9651496d01b,synth_e155754a493d,unbanked,tabddpm_synthetic,,['en'],advance fee,2024-11-30T23:54:00+00:00,3000.0,1500.0,20,23,0,Monday,90,1,100,advance fee,en,Bill pay kiosk,0
39ff19b4-ddd5-4798-b64c-48549fe2143d,synth_fa7ff97b8380,unbanked,tabddpm_synthetic,,['en'],advance fee,2024-05-15T00:41:00+00:00,10.0,38.44,20,0,0,Monday,90,2000,20,advance fee,en,Bill pay kiosk,0
80f19fb6-9486-41d8-860d-4dc855417da2,synth_ed8a01d0d123,unbanked,tabddpm_synthetic,,['en'],advance fee,2024-07-17T00:35:00+00:00,1894.95,135.63,60,0,0,Monday,25,1,91,advance fee,en,Bill pay kiosk,1
ba81c8a1-680a-4abb-af42-61955550221e,synth_9cf8485674bd,unbanked,tabddpm_synthetic,,['en'],advance fee,2024-09-03T23:01:00+00:00,3000.0,1500.0,20,23,0,Monday,90,1,100,advance fee,en,Bill pay kiosk,0
96b61bd6-fae9-4dfd-87e1-2cea8c6430fd,synth_731160e86dd5,unbanked,tabddpm_synthetic,,['en'],advance fee,2024-02-20T09:17:00+00:00,526.95,56.6,20,9,0,Monday,20,918,10,advance fee,en,Bill pay kiosk,0
b46b4010-5147-4946-aa17-d4e8606e0341,synth_19feba1bcd6c,unbanked,tabddpm_synthetic,,['en'],advance fee,2024-02-17T23:26:00+00:00,3000.0,1500.0,20,23,6,Sunday,0,1,100,advance fee,en,Bill pay kiosk,0
bb581a8e-920d-492c-bb6a-d26bf6723f14,synth_7bb8fe8a0a19,unbanked,tabddpm_synthetic,,['en'],advance fee,2024-10-14T07:30:00+00:00,640.62,74.41,20,7,0,Monday,0,1450,4,advance fee,en,Bill pay kiosk,0
aa90cc88-c3da-461e-ace8-478d7f0a637b,synth_3c4ed9ffd241,unbanked,tabddpm_synthetic,,['en'],advance fee,2024-05-10T23:40:00+00:00,3000.0,1500.0,42,23,6,Sunday,0,1,95,advance fee,en,Bill pay kiosk,0
d1f55efb-4f0d-4adf-aa8c-ef3236c435f6,synth_cf3c29ab51ab,unbanked,tabddpm_synthetic,,['en'],advance fee,2024-06-06T00:37:00+00:00,311.9,41.28,60,0,0,Monday,0,916,11,advance fee,en,Bill pay kiosk,0
ec1ea12d-9b57-415f-8b22-4082e2ad0620,synth_780145c0394d,unbanked,tabddpm_synthetic,,['en'],advance fee,2024-03-06T00:37:00+00:00,3000.0,1500.0,34,0,0,Monday,90,1,100,advance fee,en,Bill pay kiosk,1
65b23646-4695-4cab-bebc-c5053fe19f14,synth_0d2d16dca572,unbanked,tabddpm_synthetic,,['en'],advance fee,2024-04-13T00:10:00+00:00,325.99,33.52,29,0,0,Monday,0,2000,9,advance fee,en,Bill pay kiosk,0
b7f2bd1b-6002-48f0-997f-9ee9923fd769,synth_91a4df08db0e,unbanked,tabddpm_synthetic,,['en'],advance fee,2024-01-02T23:43:00+00:00,3000.0,1500.0,20,23,0,Monday,90,1,100,advance fee,en,Bill pay kiosk,0
48197aa5-d4d1-4a4d-917e-d76688b72b42,synth_35f7041adcc4,unbanked,tabddpm_synthetic,,['en'],advance fee,2024-07-25T13:04:00+00:00,356.8,44.02,26,13,2,Wednesday,10,1872,10,advance fee,en,Bill pay kiosk,0
f000b6aa-09fb-4e03-a36b-02e5e6784dec,synth_c411dba26fee,unbanked,tabddpm_synthetic,,['en'],advance fee,2024-06-22T23:52:00+00:00,3000.0,1500.0,20,23,6,Sunday,20,1,100,advance fee,en,Bill pay kiosk,0
d014bc52-522c-4366-bc29-67841f194dc9,synth_bd2aa18e169c,unbanked,tabddpm_synthetic,,['en'],advance fee,2024-06-29T00:07:00+00:00,776.41,103.8,20,0,0,Monday,0,2000,9,advance fee,en,Bill pay kiosk,0
2d335539-0149-4ab7-847e-ede4797d8673,synth_bccd6495da02,unbanked,tabddpm_synthetic,,['en'],advance fee,2024-07-11T00:58:00+00:00,3000.0,326.86,50,0,0,Monday,60,61,85,advance fee,en,Bill pay kiosk,0
d3c6e5b2-d580-445d-8b32-9500d40c2449,synth_aa1df3357bcf,unbanked,tabddpm_synthetic,,['en'],advance fee,2024-09-26T23:57:00+00:00,3000.0,0.0,20,23,6,Sunday,90,1,100,advance fee,en,Bill pay kiosk,0
0f032360-a745-4aeb-86a0-96d0050c7449,synth_c2cc9999e85a,unbanked,tabddpm_synthetic,,['en'],advance fee,2024-01-09T00:40:00+00:00,3000.0,1500.0,60,0,0,Monday,22,1,100,advance fee,en,Bill pay kiosk,1
27314f38-e0ba-495a-9680-cf7a59257eeb,synth_815274431056,unbanked,tabddpm_synthetic,,['en'],advance fee,2024-11-10T08:35:00+00:00,63.18,2.95,20,8,0,Monday,90,2000,18,advance fee,en,Bill pay kiosk,0
21cb1cf2-b593-406d-9985-d6e222773c83,synth_638907650304,unbanked,tabddpm_synthetic,,['en'],advance fee,2024-04-27T14:58:00+00:00,316.35,11.48,40,14,1,Tuesday,2,1125,14,advance fee,en,Bill pay kiosk,0
2b204118-caf8-413c-9865-8eb53caaa7d9,synth_2ea7954fa4cb,unbanked,tabddpm_synthetic,,['en'],advance fee,2024-04-18T18:46:00+00:00,249.04,20.0,51,18,6,Sunday,0,1,9,advance fee,en,Bill pay kiosk,0
b0fd6722-34c2-4a99-b41f-e76cfadd9c7b,synth_68d365f8a916,unbanked,tabddpm_synthetic,,['en'],advance fee,2024-04-15T00:14:00+00:00,948.73,66.22,60,0,0,Monday,1,1952,5,advance fee,en,Bill pay kiosk,0
03f598ae-b8b0-4b1f-ac8b-0c65e76f7f62,synth_c1d00e63a91f,unbanked,tabddpm_synthetic,,['en'],advance fee,2024-07-21T03:05:00+00:00,10.0,0.0,20,3,0,Monday,90,301,27,advance fee,en,Bill pay kiosk,1
51336e00-4b9b-4ad6-ad92-4159b6e906fd,synth_74b874d3bdda,unbanked,tabddpm_synthetic,,['en'],advance fee,2024-10-28T08:57:00+00:00,138.7,95.47,20,8,0,Monday,88,2000,8,advance fee,en,Bill pay kiosk,0
8cafb9bb-7aa1-4d9e-a84d-5ee7c25a3eea,synth_52750f78d3f6,unbanked,tabddpm_synthetic,,['en'],advance fee,2024-01-20T14:57:00+00:00,494.34,57.61,25,14,2,Wednesday,0,587,14,advance fee,en,Bill pay kiosk,0
23517179-9a61-4a1d-8c4e-5dee15598d3f,synth_587ae3d534a6,unbanked,tabddpm_synthetic,,['en'],advance fee,2024-04-13T09:18:00+00:00,10.0,0.0,20,9,2,Wednesday,90,1,30,advance fee,en,Bill pay kiosk,0
1eb643e8-a0a6-40a8-a75d-e5285728826b,synth_39d8382911b2,unbanked,tabddpm_synthetic,,['en'],advance fee,2024-09-27T23:47:00+00:00,10.0,0.0,20,23,0,Monday,90,1,100,advance fee,en,Bill pay kiosk,0
c86a9fa2-ef22-47e5-b8b4-923d22f3b036,synth_737ccc73dde7,unbanked,tabddpm_synthetic,,['en'],advance fee,2024-10-06T09:11:00+00:00,154.95,0.0,20,9,0,Monday,90,1913,5,advance fee,en,Bill pay kiosk,0
ddfc1f38-aa45-4499-af1a-8af3a61d6b40,synth_068bda44cdc4,unbanked,tabddpm_synthetic,,['en'],advance fee,2024-12-17T00:08:00+00:00,3000.0,890.36,55,0,0,Monday,40,1,100,advance fee,en,Bill pay kiosk,1
a65009bf-52d8-4c24-b6ff-8cad5db184f7,synth_e0c73a48634c,unbanked,tabddpm_synthetic,,['en'],fake loan,2024-12-25T19:15:00+00:00,84.8,13.77,48,19,3,Thursday,11,458,11,fake loan,en,Bill pay kiosk,0
0b5d0046-9452-4ebc-95a7-c4583cc3c95b,synth_bdb4262ef287,unbanked,tabddpm_synthetic,,['en'],fake loan,2024-05-22T00:26:00+00:00,3000.0,316.01,32,0,0,Monday,18,1,24,fake loan,en,Bill pay kiosk,0
da5aa2d3-203b-4bad-8bfb-2cd08692fadb,synth_b36f1a33f360,unbanked,tabddpm_synthetic,,['en'],advance fee,2024-12-09T13:33:00+00:00,488.33,0.0,20,13,6,Sunday,90,1,28,advance fee,en,Bill pay kiosk,0
82d0a092-930b-4150-9bd3-6b5b1e0df61e,synth_a48a38f0208a,unbanked,tabddpm_synthetic,,['en'],advance fee,2024-02-16T04:29:00+00:00,10.0,0.0,20,4,0,Monday,90,637,13,advance fee,en,Bill pay kiosk,0
bb4185bd-0dc0-4df2-9bff-44b9bc3a3403,synth_06a5f14378fc,unbanked,tabddpm_synthetic,,['en'],advance fee,2024-07-07T06:03:00+00:00,839.9,86.3,20,6,0,Monday,63,1965,4,advance fee,en,Bill pay kiosk,0
d5efac77-4245-4d04-ae1d-771962d6f319,synth_9d73f79b2b59,unbanked,tabddpm_synthetic,,['en'],advance fee,2024-12-13T23:20:00+00:00,3000.0,1500.0,20,23,6,Sunday,0,1,100,advance fee,en,Bill pay kiosk,0
d2f174a9-0755-4f6a-b4a1-ab1fb15150ca,synth_e57abd8b6d23,unbanked,tabddpm_synthetic,,['en'],advance fee,2024-04-18T01:23:00+00:00,403.5,26.76,28,1,0,Monday,0,1,18,advance fee,en,Bill pay kiosk,1
366609b3-13bb-4a41-816a-621b237d3105,synth_685cea0d6ba6,unbanked,tabddpm_synthetic,,['en'],advance fee,2024-11-27T09:25:00+00:00,10.0,0.0,20,9,0,Monday,90,1,27,advance fee,en,Bill pay kiosk,0
5fd28dc1-dc00-4dcd-be43-d228e9681a6e,synth_7043924816cf,unbanked,tabddpm_synthetic,,['en'],advance fee,2024-12-06T13:06:00+00:00,569.1,50.21,20,13,0,Monday,85,309,9,advance fee,en,Bill pay kiosk,0
1aeff625-d764-4bf8-bcac-de637ae6a938,synth_d2f9ae04151c,unbanked,tabddpm_synthetic,,['en'],advance fee,2024-06-16T23:06:00+00:00,3000.0,1500.0,20,23,6,Sunday,0,1,100,advance fee,en,Bill pay kiosk,0
be7996c0-8dcf-477f-ba3c-d3a99eee5944,synth_95cadc56ef26,unbanked,tabddpm_synthetic,,['en'],advance fee,2024-08-30T00:08:00+00:00,10.0,0.0,20,0,0,Monday,90,638,16,advance fee,en,Bill pay kiosk,0
4d878696-8dcd-4b32-942d-af237837cd16,synth_e95fbfe931df,unbanked,tabddpm_synthetic,,['en'],advance fee,2024-04-22T14:34:00+00:00,308.7,56.09,20,14,0,Monday,5,1025,13,advance fee,en,Bill pay kiosk,0
07dde4d6-acde-4234-837d-ca8aeda8b7cd,synth_e46f402063b1,unbanked,tabddpm_synthetic,,['en'],advance fee,2024-10-03T23:53:00+00:00,3000.0,1500.0,20,23,6,Sunday,90,1,100,advance fee,en,Bill pay kiosk,0
74aad2e3-8fcb-4409-865f-33a90a0fe73b,synth_afa7aebb0a4d,unbanked,tabddpm_synthetic,,['en'],advance fee,2024-07-01T03:01:00+00:00,320.31,32.4,23,3,0,Monday,0,1467,1,advance fee,en,Bill pay kiosk,0
8586a0df-e62c-4e21-b6e1-0b0bef0c92a3,synth_360db90f3a72,unbanked,tabddpm_synthetic,,['en'],advance fee,2024-05-04T23:16:00+00:00,3000.0,1500.0,20,23,0,Monday,90,1,100,advance fee,en,Bill pay kiosk,0
8eb23556-c3e3-45f2-85b1-b415dc9678aa,synth_1929d416342a,unbanked,tabddpm_synthetic,,['en'],advance fee,2024-03-31T10:08:00+00:00,513.7,94.25,20,10,0,Monday,87,2000,4,advance fee,en,Bill pay kiosk,0
9deb5f56-3f81-412b-acb7-0ee6988e6ff3,synth_be91542ad65a,unbanked,tabddpm_synthetic,,['en'],advance fee,2024-07-14T05:42:00+00:00,10.0,0.0,20,5,0,Monday,90,367,15,advance fee,en,Bill pay kiosk,0
9fd1c435-cea0-4c96-8fe3-638de72f0b06,synth_c5525785acea,unbanked,tabddpm_synthetic,,['en'],advance fee,2024-03-12T13:16:00+00:00,58.2,12.76,20,13,0,Monday,3,1417,3,advance fee,en,Bill pay kiosk,0
7b62b3be-da6c-461d-88e8-21cfee1df311,synth_193044e3b37e,unbanked,tabddpm_synthetic,,['en'],advance fee,2024-08-21T10:47:00+00:00,1287.6,122.2,20,10,4,Friday,0,417,12,advance fee,en,Bill pay kiosk,0
9c4c4d62-a33a-4c7b-9d84-16013b64d3d0,synth_9bcb45b0ef23,unbanked,tabddpm_synthetic,,['en'],advance fee,2024-06-19T00:18:00+00:00,1295.45,116.92,24,0,0,Monday,3,525,25,advance fee,en,Bill pay kiosk,0
292d2b60-5497-44f3-bb47-60b44383e34b,synth_b2999e2b0990,unbanked,tabddpm_synthetic,,['en'],advance fee,2024-05-31T00:02:00+00:00,3000.0,1500.0,60,0,0,Monday,55,1,100,advance fee,en,Bill pay kiosk,1
9b447271-d354-45ad-b0d8-41e728ff51b6,synth_949fdc63b0a4,unbanked,tabddpm_synthetic,,['en'],advance fee,2024-08-06T23:19:00+00:00,3000.0,1500.0,20,23,6,Sunday,0,1,100,advance fee,en,Bill pay kiosk,0
f4ee2527-ec9a-4051-9fb2-779ba474da0c,synth_a543d4617bb6,unbanked,tabddpm_synthetic,,['en'],advance fee,2024-06-28T07:59:00+00:00,2997.96,232.38,48,7,0,Monday,5,1705,9,advance fee,en,Bill pay kiosk,0
b02b81c1-ca83-46dc-9cc7-850e069de8e3,synth_29876ed03fbb,unbanked,tabddpm_synthetic,,['en'],advance fee,2024-05-22T10:04:00+00:00,10.0,9.28,20,10,0,Monday,21,776,8,advance fee,en,Bill pay kiosk,0
f8a61415-fc36-41e7-ab24-df59a356e716,synth_432e5712c1f2,unbanked,tabddpm_synthetic,,['en'],advance fee,2024-09-02T00:02:00+00:00,3000.0,230.87,60,0,0,Monday,36,1,100,advance fee,en,Bill pay kiosk,1
550a6923-85a3-4ee3-a412-ba447d126171,synth_d2396d2fdfa9,unbanked,tabddpm_synthetic,,['en'],advance fee,2024-05-24T08:35:00+00:00,10.0,0.0,20,8,0,Monday,90,48,47,advance fee,en,Bill pay kiosk,0
a9e0efd8-d88f-4256-9573-7daebd39e718,synth_3fceba3a04a2,unbanked,tabddpm_synthetic,,['en'],advance fee,2024-08-30T23:56:00+00:00,3000.0,1500.0,20,23,6,Sunday,0,1,100,advance fee,en,Bill pay kiosk,0
625a01bc-2137-4c1d-8b0d-ee0d95120f75,synth_867a4c8f335d,unbanked,tabddpm_synthetic,,['en'],advance fee,2024-03-22T23:47:00+00:00,3000.0,1500.0,20,23,6,Sunday,0,1,100,advance fee,en,Bill pay kiosk,0
a97fee00-c85e-4fe4-b70b-2bc7f5ea5614,synth_d6aaa4c0d4d4,unbanked,tabddpm_synthetic,,['en'],advance fee,2024-08-06T02:57:00+00:00,609.3,42.4,44,2,0,Monday,5,2000,7,advance fee,en,Bill pay kiosk,0
db4b7776-4814-4760-8437-0fc2aca7a00e,synth_57d044389a92,unbanked,tabddpm_synthetic,,['en'],advance fee,2024-01-06T23:04:00+00:00,3000.0,1500.0,20,23,0,Monday,90,1,100,advance fee,en,Bill pay kiosk,0
805982f2-1b0e-4674-a728-472c3bdb8b13,synth_e298552dd698,unbanked,tabddpm_synthetic,,['en'],advance fee,2024-11-27T23:16:00+00:00,3000.0,1500.0,20,23,0,Monday,73,1,100,advance fee,en,Bill pay kiosk,0
f9711e35-a998-4f16-9c21-a582a2df0060,synth_9e41bfdb95e7,unbanked,tabddpm_synthetic,,['en'],advance fee,2024-07-11T05:22:00+00:00,529.82,37.05,45,5,3,Thursday,33,1328,12,advance fee,en,Bill pay kiosk,0
4d27887f-666e-4e63-ae7c-3d23226ea943,synth_8405f0be4bcb,unbanked,tabddpm_synthetic,,['en'],advance fee,2024-05-13T13:13:00+00:00,382.27,35.94,52,13,0,Monday,7,1,5,advance fee,en,Bill pay kiosk,0
145b087e-19bd-47ab-839d-6531d3aad5e6,synth_846e3b032408,unbanked,tabddpm_synthetic,,['en'],advance fee,2024-01-11T09:11:00+00:00,10.0,0.0,20,9,0,Monday,90,1,64,advance fee,en,Bill pay kiosk,0
ec6e3af9-f6e6-40e6-8239-48f583f31af0,synth_e8e7975cf1a1,unbanked,tabddpm_synthetic,,['es'],advance fee,2024-02-29T06:58:00+00:00,335.52,24.54,60,6,0,Monday,10,1752,8,advance fee,es,Bill pay kiosk,0
6c17e7e1-b300-43ba-8c32-f3b14feb06ba,synth_ad726b848f88,unbanked,tabddpm_synthetic,,['en'],advance fee,2024-08-03T23:23:00+00:00,3000.0,1500.0,20,23,0,Monday,90,1,100,advance fee,en,Bill pay kiosk,1
bb104b52-fb22-4c8d-b3f2-6bb032b0b0bf,synth_dde4f12c9551,unbanked,tabddpm_synthetic,,['es'],advance fee,2024-04-27T11:51:00+00:00,10.0,0.96,29,11,0,Monday,0,180,1,advance fee,es,Bill pay kiosk,0
95021893-df78-4c35-9e55-f20234623735,synth_b4ca1257c666,unbanked,tabddpm_synthetic,,['en'],advance fee,2024-07-23T23:29:00+00:00,2435.99,0.0,20,23,6,Sunday,90,1,100,advance fee,en,Bill pay kiosk,0
3fd3b1e1-904c-4b45-b798-c3ef8f540353,synth_63df9a23deb1,unbanked,tabddpm_synthetic,,['en'],advance fee,2024-07-25T17:59:00+00:00,177.88,22.19,60,17,0,Monday,17,488,0,advance fee,en,Bill pay kiosk,0
759192b9-878a-4be9-a855-a052466a416e,synth_dd6f5d388f51,unbanked,tabddpm_synthetic,,['en'],advance fee,2024-06-14T23:15:00+00:00,3000.0,1500.0,20,23,6,Sunday,11,1,69,advance fee,en,Bill pay kiosk,0
921512df-9bf2-49d0-9b79-5b64ef3f29b7,synth_9d015ca11db9,unbanked,tabddpm_synthetic,,['en'],advance fee,2024-01-26T23:56:00+00:00,3000.0,1500.0,20,23,0,Monday,90,1,100,advance fee,en,Bill pay kiosk,0
9c2dcec5-cccc-48e3-a1f7-a265133d60f5,synth_078fd3897709,unbanked,tabddpm_synthetic,,['en'],advance fee,2024-03-23T23:04:00+00:00,3000.0,1500.0,60,23,0,Monday,0,1,100,advance fee,en,Bill pay kiosk,1
9d894e39-c199-42f2-a157-7ad3898f7e1c,synth_15650fb64143,unbanked,tabddpm_synthetic,,['en'],advance fee,2024-10-22T04:25:00+00:00,3000.0,1500.0,20,4,6,Sunday,10,1,100,advance fee,en,Bill pay kiosk,0
cdda96ee-143e-4300-b9e7-192f64a638a7,synth_b5ac93876592,unbanked,tabddpm_synthetic,,['en'],advance fee,2024-12-05T16:57:00+00:00,276.16,1.58,52,16,2,Wednesday,0,1772,9,advance fee,en,Bill pay kiosk,0
d8ad9413-f3a9-4823-acbe-4bbd2adfb408,synth_2a35db809db9,unbanked,tabddpm_synthetic,,['en'],advance fee,2024-05-27T00:53:00+00:00,10.0,0.0,20,0,0,Monday,90,1,44,advance fee,en,Bill pay kiosk,0
f6036c7d-ed66-4b9e-8450-15c8979a5524,synth_85e32921fcbc,unbanked,tabddpm_synthetic,,['en'],advance fee,2024-10-18T09:55:00+00:00,575.15,32.77,20,9,0,Monday,7,1274,4,advance fee,en,Bill pay kiosk,0
e5fe5bfb-31ea-40ae-88ee-85b982012847,synth_73b9e0a099e5,unbanked,tabddpm_synthetic,,['en'],advance fee,2024-11-23T10:05:00+00:00,10.0,0.0,20,10,0,Monday,90,749,24,advance fee,en,Bill pay kiosk,0
438ff03e-6b96-48d2-88dc-b7f81cfa2db8,synth_afe1ef0b3a05,unbanked,tabddpm_synthetic,,['en'],advance fee,2024-12-11T10:46:00+00:00,3000.0,1500.0,20,10,6,Sunday,90,1,99,advance fee,en,Bill pay kiosk,0
77577aee-df52-4137-a55d-0ccb32c35eb4,synth_a03801d76323,unbanked,tabddpm_synthetic,,['en'],advance fee,2024-09-11T23:59:00+00:00,3000.0,1500.0,20,23,0,Monday,90,1,100,advance fee,en,Bill pay kiosk,0
6b391915-7abb-4eb3-b958-4b01d1013465,synth_b195ddef7c69,unbanked,tabddpm_synthetic,,['en'],advance fee,2024-12-01T23:24:00+00:00,3000.0,1500.0,20,23,0,Monday,90,1,100,advance fee,en,Bill pay kiosk,0
4a2ed338-7be9-4871-91f3-c451b6bd7809,synth_b6c0a07d0746,unbanked,tabddpm_synthetic,,['en'],advance fee,2024-11-16T06:19:00+00:00,10.0,39.75,20,6,0,Monday,45,2000,14,advance fee,en,Bill pay kiosk,0
5b77eebc-8186-4af9-a854-c200bce93eaf,synth_1d43bc93d59c,unbanked,tabddpm_synthetic,,['en'],advance fee,2024-05-20T00:57:00+00:00,3000.0,1500.0,20,0,0,Monday,90,1,100,advance fee,en,Bill pay kiosk,1
ba91b413-3811-42c9-8aad-3a715e552641,synth_c2eb2ce22579,unbanked,tabddpm_synthetic,,['en'],advance fee,2024-10-11T11:16:00+00:00,257.89,38.42,20,11,0,Monday,13,2000,3,advance fee,en,Bill pay kiosk,0
0abe1896-e311-4a9a-94d3-935f7aaedeff,synth_5977045acdd3,unbanked,tabddpm_synthetic,,['en'],advance fee,2024-08-08T06:38:00+00:00,624.57,73.9,20,6,0,Monday,51,2000,1,advance fee,en,Bill pay kiosk,0
e59301e0-160d-428d-b487-17a38595f27a,synth_86d497a0c99d,unbanked,tabddpm_synthetic,,['en'],advance fee,2024-10-09T23:14:00+00:00,3000.0,1500.0,20,23,6,Sunday,0,1,100,advance fee,en,Bill pay kiosk,0
b912547f-6ebb-490e-9fef-844b05f17129,synth_c2d525374772,unbanked,tabddpm_synthetic,,['en'],advance fee,2024-04-05T23:22:00+00:00,3000.0,1500.0,20,23,0,Monday,90,1,100,advance fee,en,Bill pay kiosk,1
607ff463-67c8-4820-8a76-e0f3b4721293,synth_a0fef7f9ed2e,unbanked,tabddpm_synthetic,,['en'],advance fee,2024-06-09T17:20:00+00:00,544.55,56.79,20,17,0,Monday,5,860,4,advance fee,en,Bill pay kiosk,0
74e18d05-b71b-4f98-a9c7-f8135519c412,synth_f4e8447bc570,unbanked,tabddpm_synthetic,,['en'],advance fee,2024-10-07T00:08:00+00:00,269.71,43.57,47,0,0,Monday,46,85,15,advance fee,en,Bill pay kiosk,0
5d75370c-2fd2-4c0c-bedb-ec8ebfa7726b,synth_291252467d39,unbanked,tabddpm_synthetic,,['en'],advance fee,2024-12-28T23:37:00+00:00,3000.0,1500.0,60,23,0,Monday,90,1,100,advance fee,en,Bill pay kiosk,0
e0ddf866-bf2a-4ad3-8974-73593800b9ec,synth_812ac99a3be6,unbanked,tabddpm_synthetic,,['en'],advance fee,2024-08-15T00:45:00+00:00,10.0,0.0,20,0,0,Monday,90,784,17,advance fee,en,Bill pay kiosk,0
0f66465e-03bd-4142-8bfd-c4b40d5a6cd3,synth_141a6d7ec4c5,unbanked,tabddpm_synthetic,,['en'],advance fee,2024-10-14T23:05:00+00:00,3000.0,1500.0,20,23,0,Monday,90,1,100,advance fee,en,Bill pay kiosk,0
f93ede6d-94a1-43e8-a179-914dff082486,synth_ac81e34b7b87,unbanked,tabddpm_synthetic,,['en'],advance fee,2024-02-08T23:21:00+00:00,3000.0,1500.0,20,23,0,Monday,90,1,100,advance fee,en,Bill pay kiosk,0
9b3b348a-205b-4f42-b891-5cd8ae3de9ec,synth_2f1e4677adcd,unbanked,tabddpm_synthetic,,['en'],advance fee,2024-04-09T01:08:00+00:00,654.62,70.14,20,1,1,Tuesday,0,740,4,advance fee,en,Bill pay kiosk,0
bbd183cb-d146-4ef3-b2bf-8d8937341edb,synth_5532cd63a23f,unbanked,tabddpm_synthetic,,['en'],advance fee,2024-08-09T00:08:00+00:00,3000.0,1500.0,20,0,6,Sunday,0,1,100,advance fee,en,Bill pay kiosk,0
d5d94b12-f1a5-4b0c-9b06-aa43caf48add,synth_e20a0fd2ff4d,unbanked,tabddpm_synthetic,,['es'],advance fee,2024-01-30T12:52:00+00:00,105.51,9.18,20,12,0,Monday,18,2000,2,advance fee,es,Bill pay kiosk,0
1e637e56-5fb4-4f8d-b6d3-9a0c3f3d098d,synth_749c1b366d21,unbanked,tabddpm_synthetic,,['en'],advance fee,2024-05-14T13:04:00+00:00,10.0,0.0,22,13,6,Sunday,14,1,6,advance fee,en,Bill pay kiosk,0
62db9011-998a-45ee-b9d8-00c982a62fc0,synth_6420f75d1ad9,unbanked,tabddpm_synthetic,,['en'],advance fee,2024-12-28T20:14:00+00:00,259.81,66.48,20,20,2,Wednesday,90,1693,2,advance fee,en,Bill pay kiosk,0
b397ea26-371c-4477-9dc8-ce01f3b324ab,synth_3f93dc5aa12d,unbanked,tabddpm_synthetic,,['en'],advance fee,2024-04-04T11:30:00+00:00,133.53,37.41,20,11,0,Monday,8,1797,9,advance fee,en,Cash (informal),0
dd431797-5cda-4f5b-851b-32a0854388c3,synth_baafc2ab87cd,unbanked,tabddpm_synthetic,,['en'],advance fee,2024-04-14T23:04:00+00:00,3000.0,1500.0,20,23,6,Sunday,0,1,100,advance fee,en,Bill pay kiosk,0
bd16e4a0-9509-488b-9e8b-078085e90761,synth_1de7e7e720c2,unbanked,tabddpm_synthetic,,['en'],advance fee,2024-01-03T10:17:00+00:00,700.68,82.01,20,10,0,Monday,80,2000,13,advance fee,en,Bill pay kiosk,0
be6e7def-acfe-42c3-b58c-709ee43136a3,synth_61fb3a6c194e,unbanked,tabddpm_synthetic,,['en'],advance fee,2024-05-15T03:49:00+00:00,10.0,0.0,20,3,0,Monday,90,647,6,advance fee,en,Bill pay kiosk,0
8ba2e9d5-7c55-4a3f-8050-e83988508e93,synth_306d0bfd7978,unbanked,tabddpm_synthetic,,['en'],advance fee,2024-10-26T00:47:00+00:00,2242.7,219.9,20,0,6,Sunday,35,1,100,advance fee,en,Bill pay kiosk,1
7ec80526-2546-45f9-84cd-398afe3e03ae,synth_891b5e556c75,unbanked,tabddpm_synthetic,,['en'],advance fee,2024-04-27T00:59:00+00:00,907.57,54.94,23,0,0,Monday,14,177,49,advance fee,en,Bill pay kiosk,1
4d3f42d1-327d-46eb-b3f3-fa12c139d497,synth_a32876b7cfe0,unbanked,tabddpm_synthetic,,['en'],advance fee,2024-07-27T13:19:00+00:00,538.79,32.82,20,13,0,Monday,48,1570,13,advance fee,en,Bill pay kiosk,0
5432cf52-5f67-4efe-9fda-af67022529ae,synth_3e4febbe438a,unbanked,tabddpm_synthetic,,['es'],advance fee,2024-05-15T05:10:00+00:00,417.44,39.45,43,5,0,Monday,3,1397,5,advance fee,es,Bill pay kiosk,0
2d51113b-b704-411d-aa45-5515fdce08cc,synth_ae1facc3db15,unbanked,tabddpm_synthetic,,['en'],fake loan,2024-06-28T10:18:00+00:00,542.92,72.68,20,10,5,Saturday,2,1590,0,fake loan,en,Bill pay kiosk,0
1de08a11-125f-4727-ada6-47ebeaa8dadf,synth_ee686973d0b4,unbanked,tabddpm_synthetic,,['en'],advance fee,2024-08-11T04:38:00+00:00,816.72,103.07,29,4,1,Tuesday,13,1202,12,advance fee,en,Bill pay kiosk,0
743ae955-d24b-43a2-808a-619bdc15b84c,synth_41acc0022318,unbanked,tabddpm_synthetic,,['en'],advance fee,2024-03-20T00:30:00+00:00,2170.76,178.61,60,0,0,Monday,27,1,82,advance fee,en,Bill pay kiosk,1
bcd3d6b7-0e5d-40c0-ad9f-84935d0a0469,synth_06d91b9a84ba,unbanked,tabddpm_synthetic,,['en'],advance fee,2024-03-31T09:41:00+00:00,169.36,17.81,20,9,0,Monday,5,1987,11,advance fee,en,Bill pay kiosk,0
40333c35-539c-4cf5-8429-f5b8c9f63a74,synth_b6d18b93f2e4,unbanked,tabddpm_synthetic,,['en'],advance fee,2024-12-24T00:27:00+00:00,3000.0,1500.0,60,0,0,Monday,90,1,100,advance fee,en,Bill pay kiosk,1
7e0424fe-af4c-42bb-8473-81d8ff6edf91,synth_f8ed3dd7dfb2,unbanked,tabddpm_synthetic,,['en'],advance fee,2024-01-09T00:24:00+00:00,3000.0,1500.0,60,0,0,Monday,0,1,100,advance fee,en,Bill pay kiosk,0
ecd56656-1b68-4f1e-aafb-6173890fa123,synth_2f0f1ec80c05,unbanked,tabddpm_synthetic,,['en'],advance fee,2024-06-06T11:01:00+00:00,334.55,5.68,20,11,0,Monday,3,1000,5,advance fee,en,Bill pay kiosk,0
6aa51c80-c282-4b46-babd-ea5138bd6767,synth_19103d0a94c1,unbanked,tabddpm_synthetic,,['en'],advance fee,2024-11-23T10:44:00+00:00,3000.0,399.72,20,10,5,Saturday,55,1017,0,advance fee,en,Bill pay kiosk,0
dec3ff2e-184e-4e9d-ac39-68415e7f7dbb,synth_81ac43cc288c,unbanked,tabddpm_synthetic,,['en'],fake loan,2024-05-13T09:30:00+00:00,124.37,0.0,20,9,0,Monday,11,1548,2,fake loan,en,Bill pay kiosk,0
eaf7f1aa-bc56-49f3-83bf-3348fdb9d0d8,synth_9da1d68594dd,unbanked,tabddpm_synthetic,,['en'],advance fee,2024-11-04T00:52:00+00:00,705.8,50.89,60,0,0,Monday,22,294,17,advance fee,en,Bill pay kiosk,0
5e57e084-4b10-49d5-8552-41b858d497fa,synth_052d11045f72,unbanked,tabddpm_synthetic,,['en'],advance fee,2024-01-03T08:52:00+00:00,741.03,80.35,20,8,0,Monday,16,115,7,advance fee,en,Bill pay kiosk,0
d9cecfd4-0c8c-4000-aa7f-749859ea45e8,synth_a05d863939b3,unbanked,tabddpm_synthetic,,['en'],advance fee,2024-11-24T23:08:00+00:00,3000.0,1500.0,60,23,0,Monday,90,1,100,advance fee,en,Bill pay kiosk,0
2327228d-cc85-424c-86e1-7555e1a19653,synth_87a37cead3b7,unbanked,tabddpm_synthetic,,['en'],advance fee,2024-12-25T23:23:00+00:00,3000.0,1500.0,60,23,0,Monday,0,1,100,advance fee,en,Bill pay kiosk,0
b8cc824d-7397-4258-a50a-16de0df6d27e,synth_3f0dd9232ee6,unbanked,tabddpm_synthetic,,['en'],advance fee,2024-11-13T00:29:00+00:00,3000.0,1500.0,20,0,1,Tuesday,58,1,100,advance fee,en,Bill pay kiosk,0
75bc2a12-1ce2-4007-977a-b6ec9e77dd3c,synth_ea8a5c7d69c4,unbanked,tabddpm_synthetic,,['en'],advance fee,2024-03-12T16:14:00+00:00,10.0,0.0,20,16,0,Monday,90,1,69,advance fee,en,Bill pay kiosk,0
c2612dc1-18a9-4f8d-9300-6cc4a738696b,synth_090ddb28a432,unbanked,tabddpm_synthetic,,['en'],advance fee,2024-09-09T05:03:00+00:00,509.71,32.68,52,5,0,Monday,1,2000,2,advance fee,en,Bill pay kiosk,0
ff02381b-9664-4531-8bc5-80a09bf729ed,synth_412f5c98e0db,unbanked,tabddpm_synthetic,,['en'],advance fee,2024-04-23T23:02:00+00:00,3000.0,1500.0,20,23,6,Sunday,90,1,100,advance fee,en,Bill pay kiosk,1
dd89f2a6-4d2c-43d5-a198-6120ccc695b0,synth_3d4cffc02f13,unbanked,tabddpm_synthetic,,['en'],advance fee,2024-10-18T00:50:00+00:00,3000.0,1500.0,20,0,6,Sunday,0,1,100,advance fee,en,Bill pay kiosk,0
419d688a-6276-4a30-adeb-dc68d4d692da,synth_6e4448dcfa0c,unbanked,tabddpm_synthetic,,['en'],advance fee,2024-05-02T23:03:00+00:00,3000.0,1500.0,20,23,0,Monday,90,1,100,advance fee,en,Bill pay kiosk,0
f3b94ef2-355f-4c3d-b589-fd7ed10ff272,synth_a0e3584534be,unbanked,tabddpm_synthetic,,['en'],advance fee,2024-03-23T23:19:00+00:00,3000.0,0.0,20,23,0,Monday,90,1,100,advance fee,en,Bill pay kiosk,0
e273a3ff-d6d3-4bc8-8173-05245b4728d4,synth_06fe957bdd30,unbanked,tabddpm_synthetic,,['en'],fake loan,2024-05-25T09:44:00+00:00,1086.81,38.18,25,9,1,Tuesday,5,1455,6,fake loan,en,Bill pay kiosk,0
9680862a-1f50-43ae-800c-00858081ad79,synth_d3a68f6c078e,unbanked,tabddpm_synthetic,,['en'],advance fee,2024-01-24T13:07:00+00:00,354.92,48.29,20,13,0,Monday,12,1105,9,advance fee,en,Bill pay kiosk,0
10814074-71fa-45cc-b525-d19c85acc51a,synth_f517661dd94c,unbanked,tabddpm_synthetic,,['en'],advance fee,2024-08-24T10:32:00+00:00,401.81,44.3,20,10,2,Wednesday,67,1751,4,advance fee,en,Bill pay kiosk,0
42202a58-2fd1-4e49-964b-c2814490a38a,synth_0ce84dcceca4,unbanked,tabddpm_synthetic,,['en'],advance fee,2024-07-13T15:25:00+00:00,10.0,7.72,55,15,2,Wednesday,3,199,6,advance fee,en,Bill pay kiosk,0
2edc6a62-8c76-403d-ac08-2e82c4df3799,synth_1cf8dc0db3c5,unbanked,tabddpm_synthetic,,['en'],advance fee,2024-01-28T00:43:00+00:00,3000.0,797.95,20,0,1,Tuesday,0,1,68,advance fee,en,Bill pay kiosk,0
e1356da1-6b6f-41f2-94cb-da6588e74f4d,synth_c33953d5fe5c,unbanked,tabddpm_synthetic,,['en'],advance fee,2024-04-13T00:11:00+00:00,516.45,89.04,20,0,0,Monday,0,1,21,advance fee,en,Bill pay kiosk,1
0d190d91-0048-48dd-9631-321d0b1bcd8a,synth_226bb452d631,unbanked,tabddpm_synthetic,,['en'],advance fee,2024-03-09T14:54:00+00:00,135.01,5.76,28,14,0,Monday,57,829,1,advance fee,en,Bill pay kiosk,0
e539c6d6-1004-4b2a-a63b-30cffa43216b,synth_9a7a2a7a5afe,unbanked,tabddpm_synthetic,,['en'],advance fee,2024-11-22T10:25:00+00:00,222.35,0.0,20,10,2,Wednesday,5,972,10,advance fee,en,Bill pay kiosk,0
16d4429f-d14c-4da0-983b-a7beb6243941,synth_89d64d62426a,unbanked,tabddpm_synthetic,,['en'],advance fee,2024-08-09T00:48:00+00:00,2156.52,213.21,60,0,0,Monday,0,2000,10,advance fee,en,Bill pay kiosk,0
f62b4541-8eb8-474f-9013-021d59e34876,synth_c292a791584b,unbanked,tabddpm_synthetic,,['en'],advance fee,2024-04-22T00:20:00+00:00,864.6,13.24,30,0,0,Monday,0,2000,0,advance fee,en,Bill pay kiosk,0
e56543e3-fa57-4782-aa02-bb097b776f0b,synth_8b788082d564,unbanked,tabddpm_synthetic,,['en'],advance fee,2024-04-28T23:56:00+00:00,3000.0,1500.0,20,23,0,Monday,90,1,100,advance fee,en,Bill pay kiosk,0
8e66208e-5187-4ed3-b9ac-0ccf398d59db,synth_a05d96b5169f,unbanked,tabddpm_synthetic,,['en'],advance fee,2024-06-13T00:00:00+00:00,3000.0,1295.49,20,0,6,Sunday,0,1,79,advance fee,en,Bill pay kiosk,0
5ca13339-7d6f-4f24-bfd0-0f676bbbded1,synth_6b34a0ced5a6,unbanked,tabddpm_synthetic,,['en'],advance fee,2024-05-12T23:58:00+00:00,3000.0,1500.0,60,23,0,Monday,0,1,100,advance fee,en,Bill pay kiosk,1
56aaa70a-1f31-4408-b9c0-582fd7428915,synth_d86a7fa7de54,unbanked,tabddpm_synthetic,,['en'],advance fee,2024-06-02T03:26:00+00:00,525.22,6.06,52,3,1,Tuesday,46,1,16,advance fee,en,Bill pay kiosk,0
3b3055c6-611a-4ab5-a7e5-86f4f48e251c,synth_7be08fda5f7a,unbanked,tabddpm_synthetic,,['en'],advance fee,2024-05-05T23:33:00+00:00,3000.0,1500.0,20,23,0,Monday,90,1,100,advance fee,en,Bill pay kiosk,0
c20988df-3faf-4df4-b2a3-cdacfc987b27,synth_8e1836b7d36a,unbanked,tabddpm_synthetic,,['en'],advance fee,2024-04-15T23:35:00+00:00,10.0,0.0,20,23,0,Monday,90,1,98,advance fee,en,Bill pay kiosk,1
413e83b0-be7c-4229-afe8-7cef55bd9484,synth_50c34f54cca6,unbanked,tabddpm_synthetic,,['en'],advance fee,2024-06-13T07:19:00+00:00,99.5,28.61,41,7,0,Monday,0,1461,9,advance fee,en,Bill pay kiosk,0
dfcceaf2-d934-48fe-a432-aa663f91c368,synth_b938c12bd36f,unbanked,tabddpm_synthetic,,['en'],advance fee,2024-07-18T09:32:00+00:00,273.66,21.67,23,9,0,Monday,6,778,8,advance fee,en,Bill pay kiosk,0
0d5c4333-294c-40fb-ad96-cf24a0cc6474,synth_8be393f9542b,unbanked,tabddpm_synthetic,,['en'],advance fee,2024-06-24T23:21:00+00:00,3000.0,1500.0,20,23,6,Sunday,0,1,100,advance fee,en,Bill pay kiosk,0
6ce7d9f6-5d2f-4629-8ad1-3387d09a4a86,synth_f89625a731e4,unbanked,tabddpm_synthetic,,['en'],advance fee,2024-09-04T00:41:00+00:00,443.43,39.51,20,0,0,Monday,79,2000,16,advance fee,en,Bill pay kiosk,0
0eb61893-af82-4576-8104-ab06a070c307,synth_de261c842680,unbanked,tabddpm_synthetic,,['en'],advance fee,2024-10-06T10:30:00+00:00,50.92,27.29,20,10,0,Monday,0,1159,9,advance fee,en,Bill pay kiosk,0
3f2657a1-ef38-4489-a4f8-bfc462e5350e,synth_0d9dfca7857b,unbanked,tabddpm_synthetic,,['en'],advance fee,2024-09-24T00:18:00+00:00,3000.0,440.51,27,0,0,Monday,38,1,50,advance fee,en,Bill pay kiosk,0
62ffff65-3196-47e5-9aff-0afdaf5e8a5a,synth_6d67deddba74,unbanked,tabddpm_synthetic,,['es'],advance fee,2024-04-08T13:23:00+00:00,300.34,16.52,20,13,0,Monday,7,517,2,advance fee,es,Cash (informal),0
778bffc2-81e7-448a-9347-24e111b425be,synth_6de6c89514d9,unbanked,tabddpm_synthetic,,['en'],advance fee,2024-01-22T23:07:00+00:00,3000.0,1500.0,60,23,0,Monday,90,1,100,advance fee,en,Bill pay kiosk,0
d8b875cc-b21c-44f7-bc31-93e1ab8ac927,synth_c04c18a16cc8,unbanked,tabddpm_synthetic,,['en'],advance fee,2024-12-01T14:05:00+00:00,629.73,48.82,20,14,3,Thursday,5,1,2,advance fee,en,Bill pay kiosk,0
0ea2d3fe-976c-4b87-8486-4399976a12e8,synth_e4576d94ace6,unbanked,tabddpm_synthetic,,['en'],advance fee,2024-03-10T23:26:00+00:00,3000.0,1500.0,20,23,0,Monday,90,1,100,advance fee,en,Bill pay kiosk,1
e9103e94-3932-4e6c-84ac-0b48e03c32d4,synth_161174434715,unbanked,tabddpm_synthetic,,['en'],advance fee,2024-02-24T23:06:00+00:00,3000.0,1500.0,60,23,0,Monday,0,1,100,advance fee,en,Bill pay kiosk,0
3d841fb6-d950-49d3-80dd-70872a56418e,synth_a3832b168f29,unbanked,tabddpm_synthetic,,['en'],advance fee,2024-06-22T05:40:00+00:00,63.37,30.2,50,5,0,Monday,6,836,10,advance fee,en,Bill pay kiosk,0
868eb83a-7c2e-432c-9d51-e3cba60738ac,synth_648b4fbffd64,unbanked,tabddpm_synthetic,,['en'],advance fee,2024-05-06T08:37:00+00:00,273.23,12.22,26,8,0,Monday,21,936,8,advance fee,en,Bill pay kiosk,0
55cc4bbf-4602-4c21-9406-5b8b5b5a5d3a,synth_fefde1acc73f,unbanked,tabddpm_synthetic,,['en'],advance fee,2024-01-13T00:18:00+00:00,729.75,87.91,60,0,0,Monday,20,1152,11,advance fee,en,Bill pay kiosk,0
20efb605-b2e3-47c4-89e1-4b95d8f2e16f,synth_030d691fde88,unbanked,tabddpm_synthetic,,['en'],advance fee,2024-06-30T23:15:00+00:00,3000.0,1500.0,20,23,6,Sunday,0,1,100,advance fee,en,Bill pay kiosk,0
2b50a51d-945a-4346-bf15-4bb9fc404561,synth_f784a1a307dd,unbanked,tabddpm_synthetic,,['en'],advance fee,2024-12-25T19:30:00+00:00,3000.0,562.95,20,19,1,Tuesday,13,1,29,advance fee,en,Bill pay kiosk,0
9e81caa5-8459-41f5-8a99-c9c8d0a826b4,synth_12bd417c286c,unbanked,tabddpm_synthetic,,['en'],advance fee,2024-05-25T00:33:00+00:00,3000.0,1500.0,60,0,0,Monday,72,1,100,advance fee,en,Bill pay kiosk,1
ed1a81a1-7ba4-4bcc-97fd-6f9edf7ff989,synth_46580981952a,unbanked,tabddpm_synthetic,,['en'],advance fee,2024-02-26T23:24:00+00:00,1606.31,137.25,41,23,6,Sunday,3,462,19,advance fee,en,Bill pay kiosk,0
0fdb8f7e-6a0e-4789-ab3c-283d5d0b35c0,synth_4318e06518d8,unbanked,tabddpm_synthetic,,['en'],advance fee,2024-01-26T00:52:00+00:00,3000.0,1500.0,20,0,6,Sunday,0,1,100,advance fee,en,Bill pay kiosk,0
4d78b05d-a45a-4b39-93d3-fa2c9702f5c5,synth_5fceec6fce63,unbanked,tabddpm_synthetic,,['en'],advance fee,2024-03-07T15:16:00+00:00,1202.76,35.15,20,15,3,Thursday,1,667,7,advance fee,en,Bill pay kiosk,0
80f71cf8-924a-49b4-84b2-e4c0f9df2cfd,synth_bde20d96a674,unbanked,tabddpm_synthetic,,['en'],advance fee,2024-03-30T23:26:00+00:00,3000.0,1500.0,20,23,0,Monday,42,1,100,advance fee,en,Bill pay kiosk,0
f59608ba-41db-4829-8854-b7d261cc33c3,synth_604f8c98dd34,unbanked,tabddpm_synthetic,,['en'],fake loan,2024-02-09T11:36:00+00:00,20.26,32.67,20,11,1,Tuesday,19,1645,8,fake loan,en,Bill pay kiosk,0
46939c5e-0996-4efc-87f5-411ab7a7707b,synth_64e1516b33de,unbanked,tabddpm_synthetic,,['en'],advance fee,2024-09-09T23:01:00+00:00,3000.0,1500.0,60,23,0,Monday,90,1,100,advance fee,en,Bill pay kiosk,0
1c5a348f-938a-4fd4-aa0b-96b3c05d3729,synth_078ef5e772bb,unbanked,tabddpm_synthetic,,['en'],advance fee,2024-06-17T11:58:00+00:00,205.54,0.0,20,11,6,Sunday,90,1,40,advance fee,en,Bill pay kiosk,0
26dbf0c2-d62e-4f04-9992-cf3dc0148926,synth_a0cac0a5ab4d,unbanked,tabddpm_synthetic,,['en'],advance fee,2024-06-17T23:55:00+00:00,3000.0,1500.0,20,23,0,Monday,90,1,100,advance fee,en,Bill pay kiosk,0
5ea6ff65-22f2-4cda-bed6-ccdc93e5a8ca,synth_e972146183ef,unbanked,tabddpm_synthetic,,['en'],advance fee,2024-05-08T11:31:00+00:00,257.49,25.55,26,11,4,Friday,18,344,7,advance fee,en,Bill pay kiosk,0
0e5648da-1716-401b-b0a8-b5b9667399d7,synth_beb43f55cdf1,unbanked,tabddpm_synthetic,,['en'],advance fee,2024-06-06T00:48:00+00:00,857.38,58.96,60,0,0,Monday,6,1018,7,advance fee,en,Bill pay kiosk,0
2ee3f87f-af8a-4a84-8ef9-5d5367de415c,synth_9eedc9602c69,unbanked,tabddpm_synthetic,,['en'],advance fee,2024-11-15T23:43:00+00:00,3000.0,1500.0,60,23,0,Monday,90,1,100,advance fee,en,Bill pay kiosk,0
de109991-6eb3-49ff-8bbb-81c5cda2f080,synth_45b7e6154c9b,unbanked,tabddpm_synthetic,,['en'],advance fee,2024-03-26T00:48:00+00:00,966.94,72.67,55,0,0,Monday,0,1139,4,advance fee,en,Bill pay kiosk,0
e0cc33ef-6295-45c3-84cf-7ce64939b93c,synth_237fea712266,unbanked,tabddpm_synthetic,,['en'],advance fee,2024-01-02T17:36:00+00:00,453.81,55.0,20,17,3,Thursday,15,1865,13,advance fee,en,Bill pay kiosk,0
80605165-9dc4-4e69-a37c-872667e50052,synth_7985eda469a6,unbanked,tabddpm_synthetic,,['en'],advance fee,2024-07-02T23:18:00+00:00,3000.0,1500.0,60,23,0,Monday,0,1,100,advance fee,en,Bill pay kiosk,0
6db5848d-0494-49e5-8f93-d908cd74ca99,synth_0713da2fbcc3,unbanked,tabddpm_synthetic,,['en'],advance fee,2024-05-10T00:11:00+00:00,3000.0,1500.0,20,0,6,Sunday,0,1,100,advance fee,en,Bill pay kiosk,1
971181db-7f48-4b93-9060-a5fd0aa09e80,synth_91f8eea1b41f,unbanked,tabddpm_synthetic,,['en'],advance fee,2024-09-11T23:54:00+00:00,3000.0,1500.0,60,23,0,Monday,0,1,100,advance fee,en,Bill pay kiosk,0
fd4893e9-86c4-4243-aded-99a89d202771,synth_6763e02fdb93,unbanked,tabddpm_synthetic,,['en'],advance fee,2024-09-16T11:20:00+00:00,10.0,0.0,20,11,0,Monday,90,1,64,advance fee,en,Bill pay kiosk,0
312ee65b-8c0c-48ed-a613-f2e48f5c43aa,synth_c9aff15ea64d,unbanked,tabddpm_synthetic,,['en'],advance fee,2024-05-23T00:27:00+00:00,1504.2,169.94,32,0,0,Monday,0,1,29,advance fee,en,Bill pay kiosk,1
ca239247-d126-49c9-9a49-2916ece6bfb7,synth_d047ff38025a,unbanked,tabddpm_synthetic,,['en'],advance fee,2024-07-15T00:21:00+00:00,126.93,46.27,60,0,0,Monday,0,2000,5,advance fee,en,Bill pay kiosk,0
37752b4e-56c9-486a-8d5c-d4cd9a5438e0,synth_2f26d4e81cfa,unbanked,tabddpm_synthetic,,['en'],advance fee,2024-08-22T23:27:00+00:00,3000.0,1500.0,60,23,0,Monday,0,1,100,advance fee,en,Bill pay kiosk,0
e9445a01-ab99-4c3c-9a49-d82b31a982a5,synth_5df799c59515,unbanked,tabddpm_synthetic,,['en'],advance fee,2024-11-21T14:58:00+00:00,10.0,0.0,20,14,4,Friday,90,469,6,advance fee,en,Bill pay kiosk,0
020276bd-4ce4-4a95-9d00-eb53bbb117e6,synth_ae20af4a3875,unbanked,tabddpm_synthetic,,['en'],advance fee,2024-08-12T01:30:00+00:00,467.85,41.28,20,1,0,Monday,3,1472,9,advance fee,en,Bill pay kiosk,0
ebc23e8e-9286-463e-b7c9-b974b07b80d2,synth_3ca91fe76ba2,unbanked,tabddpm_synthetic,,['en'],advance fee,2024-03-23T19:08:00+00:00,1177.94,95.61,42,19,0,Monday,4,1,32,advance fee,en,Bill pay kiosk,1
ee3008e7-4cc5-4d88-884f-dd0c25df96fb,synth_01d4500df791,unbanked,tabddpm_synthetic,,['en'],advance fee,2024-06-28T14:34:00+00:00,10.0,0.0,20,14,0,Monday,90,1,77,advance fee,en,Bill pay kiosk,1
d6eeb0b6-2fd2-4fde-8f55-1bc92531fc29,synth_3d569a390f73,unbanked,tabddpm_synthetic,,['en'],advance fee,2024-03-29T10:28:00+00:00,406.02,0.0,20,10,6,Sunday,90,1,48,advance fee,en,Bill pay kiosk,0
6a5d3cb6-f4f2-4396-a1f5-fb14ef722f22,synth_7a97e6eb5681,unbanked,tabddpm_synthetic,,['en'],advance fee,2024-07-30T01:22:00+00:00,141.92,59.56,20,1,0,Monday,72,2000,16,advance fee,en,Bill pay kiosk,0
c6c7156b-db1a-4723-868c-6950468bde6a,synth_719bbd869b88,unbanked,tabddpm_synthetic,,['en'],advance fee,2024-07-25T02:07:00+00:00,10.0,46.13,20,2,0,Monday,90,2000,20,advance fee,en,Bill pay kiosk,0
3eca50e2-1bfa-4e46-b90e-2f042f802553,synth_4ec277211b06,unbanked,tabddpm_synthetic,,['en'],advance fee,2024-01-01T10:41:00+00:00,10.0,5.87,20,10,0,Monday,5,929,4,advance fee,en,Bill pay kiosk,0
ab7f8dce-402f-43e2-a440-25d0334c809d,synth_c4ed079c3aff,unbanked,tabddpm_synthetic,,['en'],advance fee,2024-11-10T13:39:00+00:00,396.84,16.55,20,13,0,Monday,10,1297,2,advance fee,en,Bill pay kiosk,0
985ecf24-7a10-439d-a63a-b02579cccbb6,synth_173ece6acfba,unbanked,tabddpm_synthetic,,['en'],advance fee,2024-06-19T23:40:00+00:00,3000.0,1500.0,20,23,6,Sunday,90,1,100,advance fee,en,Bill pay kiosk,0
8cc65333-a710-4e52-8a0c-5387a30514e8,synth_3d446d8b5790,unbanked,tabddpm_synthetic,,['en'],advance fee,2024-09-20T23:51:00+00:00,3000.0,1500.0,20,23,6,Sunday,0,1,100,advance fee,en,Bill pay kiosk,0
7054c7a6-68bf-47d5-b78a-567b7f43b874,synth_59a3c57da520,unbanked,tabddpm_synthetic,,['en'],advance fee,2024-07-28T23:41:00+00:00,3000.0,1500.0,20,23,0,Monday,90,1,100,advance fee,en,Bill pay kiosk,0
4abc1bd6-4059-488d-a170-97e7255a3a46,synth_a27e89a4a227,unbanked,tabddpm_synthetic,,['en'],advance fee,2024-07-30T09:23:00+00:00,628.33,41.27,20,9,0,Monday,21,1457,0,advance fee,en,Bill pay kiosk,0
4aa7fbb2-3715-4728-995a-146bdbf63d2c,synth_f05643eb6be9,unbanked,tabddpm_synthetic,,['en'],advance fee,2024-09-12T00:42:00+00:00,48.07,0.0,46,0,0,Monday,16,1,10,advance fee,en,Bill pay kiosk,0
3ea17451-18b9-47f1-9770-354d9faa75c9,synth_73b2557acbb7,unbanked,tabddpm_synthetic,,['en'],advance fee,2024-10-24T00:11:00+00:00,224.27,18.7,26,0,0,Monday,0,2000,10,advance fee,en,Bill pay kiosk,0
3e8c964f-ce6c-4ceb-b823-79a3dc6647e8,synth_833e72b36fae,unbanked,tabddpm_synthetic,,['en'],advance fee,2024-09-25T16:32:00+00:00,278.36,16.52,20,16,0,Monday,0,1,7,advance fee,en,Bill pay kiosk,0
d8daaec0-3c4b-4f1f-a22c-a694842d6bbe,synth_c158bf314f8f,unbanked,tabddpm_synthetic,,['en'],advance fee,2024-11-04T23:21:00+00:00,3000.0,1500.0,20,23,6,Sunday,90,1,100,advance fee,en,Bill pay kiosk,1
6a21a8f0-5e91-4447-bee4-1967a623f9b3,synth_e217e65f1f01,unbanked,tabddpm_synthetic,,['en'],advance fee,2024-01-16T11:12:00+00:00,1132.52,126.2,20,11,4,Friday,3,792,2,advance fee,en,Bill pay kiosk,0
a0449b82-fcb1-4051-b670-2f24144e6bad,synth_43dc422cbc8b,unbanked,tabddpm_synthetic,,['en'],advance fee,2024-05-23T00:37:00+00:00,45.53,24.47,52,0,0,Monday,61,784,15,advance fee,en,Bill pay kiosk,0
04e66945-8aa1-4eb2-94d3-1fe6ba2051c1,synth_7bdebd2f17db,unbanked,tabddpm_synthetic,,['en'],advance fee,2024-06-29T09:47:00+00:00,223.81,30.21,20,9,0,Monday,30,1509,10,advance fee,en,Bill pay kiosk,0
784fddb4-f7e6-4343-a748-9fe83f29e079,synth_398c3485beaf,unbanked,tabddpm_synthetic,,['en'],advance fee,2024-03-06T00:01:00+00:00,3000.0,511.91,60,0,0,Monday,0,1,24,advance fee,en,Bill pay kiosk,0
fa8faf47-b08a-4893-9d23-a6abb75985bd,synth_e37fa7c12f35,unbanked,tabddpm_synthetic,,['en'],advance fee,2024-09-19T00:26:00+00:00,3000.0,849.5,60,0,0,Monday,0,1,82,advance fee,en,Bill pay kiosk,0
a43c558d-5321-4042-b108-5f5e2e7f46d2,synth_7d468a69858a,unbanked,tabddpm_synthetic,,['en'],advance fee,2024-06-04T00:50:00+00:00,3000.0,1500.0,60,0,6,Sunday,0,1,100,advance fee,en,Bill pay kiosk,0
cc59d9d9-d40c-450e-bba7-91697129166b,synth_a5cd054bd6f3,unbanked,tabddpm_synthetic,,['en'],advance fee,2024-06-18T15:33:00+00:00,10.0,21.7,20,15,0,Monday,0,782,6,advance fee,en,Bill pay kiosk,0
92b78703-c87c-48b4-ab8d-8c1a1ae2ede8,synth_492935ce0b74,unbanked,tabddpm_synthetic,,['en'],advance fee,2024-01-04T00:59:00+00:00,3000.0,1500.0,20,0,0,Monday,90,1,100,advance fee,en,Bill pay kiosk,0
c467afd3-e69f-4665-94ae-c7151e4253b2,synth_d96e2e0f38ed,unbanked,tabddpm_synthetic,,['en'],advance fee,2024-03-22T00:27:00+00:00,39.42,18.7,20,0,0,Monday,0,2000,10,advance fee,en,Bill pay kiosk,0
8b13eb7e-5261-45ff-acfe-bff4387b284e,synth_ce1a9747b470,unbanked,tabddpm_synthetic,,['en'],advance fee,2024-06-28T01:37:00+00:00,430.78,15.41,20,1,0,Monday,90,1006,22,advance fee,en,Bill pay kiosk,0
6ff883db-df87-43f7-a050-bbc19f1e32e2,synth_bc29e5332cd5,unbanked,tabddpm_synthetic,,['en'],advance fee,2024-02-21T00:04:00+00:00,315.57,47.22,60,0,0,Monday,0,666,12,advance fee,en,Bill pay kiosk,0
d4c76111-5204-4900-926c-09b85bb15e34,synth_fc0d495998bf,unbanked,tabddpm_synthetic,,['en'],advance fee,2024-03-23T23:45:00+00:00,3000.0,1500.0,20,23,6,Sunday,0,1,100,advance fee,en,Bill pay kiosk,1
c6958f9f-d25d-4153-9828-c7cc40ef4fa3,synth_137dd530b2d2,unbanked,tabddpm_synthetic,,['en'],advance fee,2024-06-29T00:02:00+00:00,3000.0,1500.0,20,0,6,Sunday,38,1,100,advance fee,en,Bill pay kiosk,0
1e1ddd1f-acbd-422d-b0c4-a11614f761dd,synth_2545b1fea597,unbanked,tabddpm_synthetic,,['en'],advance fee,2024-03-24T14:53:00+00:00,1479.5,79.06,20,14,0,Monday,90,2000,10,advance fee,en,Bill pay kiosk,0
f13847fb-eb00-4249-9f25-2c4d50ba9e37,synth_37f83f77eb88,unbanked,tabddpm_synthetic,,['en'],advance fee,2024-12-02T12:30:00+00:00,334.22,0.0,20,12,1,Tuesday,90,1,72,advance fee,en,Bill pay kiosk,0
e45b0ddc-47e9-4348-86c7-5e8bc0f6a967,synth_ca2c5fb8fc0c,unbanked,tabddpm_synthetic,,['en'],advance fee,2024-02-03T10:03:00+00:00,359.04,75.73,20,10,0,Monday,30,2000,3,advance fee,en,Bill pay kiosk,0
079879f9-a876-4abf-abed-2ddaa0671010,synth_d32450edb4c2,unbanked,tabddpm_synthetic,,['en'],advance fee,2024-06-25T23:48:00+00:00,3000.0,1500.0,60,23,0,Monday,4,1,100,advance fee,en,Bill pay kiosk,0
70c59bd1-88b1-4870-a544-f6bad9d28c1d,synth_188554e1b612,unbanked,tabddpm_synthetic,,['en'],advance fee,2024-03-11T00:54:00+00:00,3000.0,1394.06,45,0,0,Monday,23,1,100,advance fee,en,Bill pay kiosk,1
74ad0c49-ded0-486a-a28f-6ee9e0153cfb,synth_6e8046d7ea90,unbanked,tabddpm_synthetic,,['en'],advance fee,2024-07-06T23:41:00+00:00,3000.0,1500.0,20,23,0,Monday,90,1,100,advance fee,en,Bill pay kiosk,0
cdf0fb17-ed91-4f51-9312-54beb4b378f1,synth_fd7287874ede,unbanked,tabddpm_synthetic,,['en'],advance fee,2024-04-12T23:09:00+00:00,3000.0,1500.0,20,23,0,Monday,90,1,100,advance fee,en,Bill pay kiosk,0
f63608b7-6cfa-4d17-ae36-b5683622c267,synth_0518b9e1d53e,unbanked,tabddpm_synthetic,,['en'],advance fee,2024-05-14T12:03:00+00:00,93.7,30.25,20,12,3,Thursday,35,341,6,advance fee,en,Bill pay kiosk,0
0af0e8ff-7f8a-456a-8476-70218ad8e12a,synth_78c97a9cd368,unbanked,tabddpm_synthetic,,['en'],advance fee,2024-12-16T00:54:00+00:00,326.97,25.99,20,0,0,Monday,0,1507,9,advance fee,en,Bill pay kiosk,0
61f641a8-2a54-4df9-bac0-4708306e2d32,synth_bac8c09059b3,unbanked,tabddpm_synthetic,,['en'],advance fee,2024-07-15T11:52:00+00:00,194.14,34.03,20,11,0,Monday,25,1376,6,advance fee,en,Bill pay kiosk,0
2b5c63e6-dd28-4148-9915-0b95f3493a41,synth_dcb4b0410c58,unbanked,tabddpm_synthetic,,['en'],advance fee,2024-04-19T00:39:00+00:00,2803.45,228.2,44,0,0,Monday,44,1,100,advance fee,en,Bill pay kiosk,1
6565a38d-6394-4ce5-a569-b546a9739b6b,synth_6646d162ac90,unbanked,tabddpm_synthetic,,['en'],advance fee,2024-03-06T13:12:00+00:00,3000.0,1500.0,20,13,6,Sunday,0,1,100,advance fee,en,Bill pay kiosk,0
c8c2a275-1b4f-4819-bc1d-730f9a1c89e9,synth_b89d6bffefbe,unbanked,tabddpm_synthetic,,['en'],advance fee,2024-10-10T16:35:00+00:00,119.75,21.02,50,16,0,Monday,17,1,42,advance fee,en,Bill pay kiosk,1
1581c26a-5546-42c9-bb22-526d4be59c2d,synth_e831be8bf837,unbanked,tabddpm_synthetic,,['en'],advance fee,2024-12-04T23:08:00+00:00,3000.0,1500.0,21,23,6,Sunday,0,1,100,advance fee,en,Bill pay kiosk,0
19496d1c-a129-48fc-b4a4-71e76e878895,synth_8832cfc9dbe0,unbanked,tabddpm_synthetic,,['en'],advance fee,2024-07-29T00:54:00+00:00,562.0,44.11,60,0,0,Monday,0,1627,10,advance fee,en,Bill pay kiosk,0
5fd83951-6b81-4e07-ba3f-73b896ef27ae,synth_541065cd1985,unbanked,tabddpm_synthetic,,['en'],advance fee,2024-06-15T23:24:00+00:00,3000.0,1500.0,20,23,0,Monday,90,1,100,advance fee,en,Bill pay kiosk,0
206f49fe-c30c-4b24-b66e-f537536003df,synth_cc04e22e7081,unbanked,tabddpm_synthetic,,['en'],fake loan,2024-02-26T16:01:00+00:00,418.44,44.27,45,16,1,Tuesday,3,90,10,fake loan,en,Bill pay kiosk,0
3e7d0dbe-52d9-49f4-a159-f4c3548b8e50,synth_0989ed40a67e,unbanked,tabddpm_synthetic,,['en'],advance fee,2024-06-25T08:25:00+00:00,252.14,30.9,20,8,3,Thursday,3,1226,11,advance fee,en,Bill pay kiosk,0
1145ded4-da2d-4714-b727-bd373675e6f8,synth_037b9d50ad88,unbanked,tabddpm_synthetic,,['en'],advance fee,2024-09-01T00:40:00+00:00,3000.0,588.27,60,0,0,Monday,0,1899,13,advance fee,en,Bill pay kiosk,0
cd2a32c0-3ef2-4f15-9143-a1e69edb0f1d,synth_c0b1b58faa9c,unbanked,tabddpm_synthetic,,['en'],advance fee,2024-02-22T00:26:00+00:00,3000.0,1500.0,36,0,6,Sunday,15,1,55,advance fee,en,Bill pay kiosk,0
25d3e17e-b3c3-4d93-a42c-c2b8d7b30205,synth_0c9af43319c9,unbanked,tabddpm_synthetic,,['en'],advance fee,2024-05-11T00:21:00+00:00,500.13,22.62,20,0,0,Monday,0,2000,7,advance fee,en,Bill pay kiosk,0
b2219cef-9fcb-4e70-9835-d15ece35bd8a,synth_af4283eacf5f,unbanked,tabddpm_synthetic,,['en'],advance fee,2024-11-27T23:06:00+00:00,3000.0,1500.0,20,23,0,Monday,90,1,100,advance fee,en,Bill pay kiosk,0
ad00ab07-c0c4-4896-8568-011007b0a65c,synth_fb6a784e1929,unbanked,tabddpm_synthetic,,['en'],advance fee,2024-02-10T23:16:00+00:00,3000.0,1500.0,20,23,6,Sunday,0,1,100,advance fee,en,Bill pay kiosk,0
75332a48-6522-4df9-b842-28bc7a417dce,synth_083d66ec54c3,unbanked,tabddpm_synthetic,,['en'],advance fee,2024-01-10T00:09:00+00:00,1911.16,208.87,60,0,0,Monday,0,1764,36,advance fee,en,Bill pay kiosk,1
cc08f15e-eb10-48ee-b579-a5c556d2dd53,synth_cbe16bf8d20d,unbanked,tabddpm_synthetic,,['es'],advance fee,2024-06-20T02:43:00+00:00,315.96,27.74,20,2,1,Tuesday,12,1652,16,advance fee,es,Bill pay kiosk,0
0afeade2-625b-43b2-9f3d-5600c1c0d053,synth_a36e5a4e107b,unbanked,tabddpm_synthetic,,['en'],advance fee,2024-11-30T12:59:00+00:00,360.03,18.81,20,12,0,Monday,36,1282,4,advance fee,en,Bill pay kiosk,0
078c7ed0-befd-4cba-a434-9f7987909a52,synth_1f4df5b7b695,unbanked,tabddpm_synthetic,,['en'],advance fee,2024-06-20T00:02:00+00:00,2047.08,168.71,22,0,0,Monday,0,1,32,advance fee,en,Bill pay kiosk,1
24389dc9-d093-4d30-9181-a300e7ee05f1,synth_264cd776513c,unbanked,tabddpm_synthetic,,['en'],advance fee,2024-08-21T00:10:00+00:00,383.46,0.0,20,0,0,Monday,90,1,58,advance fee,en,Bill pay kiosk,0
92cb9341-e2f4-4134-b8be-f571bd7380ab,synth_6aa05d74c063,unbanked,tabddpm_synthetic,,['en'],advance fee,2024-01-05T00:27:00+00:00,3000.0,543.96,20,0,4,Friday,0,1,34,advance fee,en,Bill pay kiosk,0
49d81829-2667-4c8d-b821-0204a037bfa4,synth_de35cef030fb,unbanked,tabddpm_synthetic,,['en'],advance fee,2024-09-11T19:50:00+00:00,26.75,0.0,20,19,0,Monday,87,1102,8,advance fee,en,Bill pay kiosk,0
777fd0fa-61d0-4374-98cd-35ec3613ece9,synth_c6ebee90c458,unbanked,tabddpm_synthetic,,['en'],advance fee,2024-06-28T23:06:00+00:00,3000.0,1500.0,20,23,6,Sunday,0,1,100,advance fee,en,Bill pay kiosk,0
f40d5de5-21c7-4e82-9bd3-3902bb37b637,synth_97d546af97af,unbanked,tabddpm_synthetic,,['en'],advance fee,2024-10-12T02:45:00+00:00,10.0,4.16,29,2,0,Monday,0,862,12,advance fee,en,Bill pay kiosk,0
a308998d-5e8d-4f22-8d67-2a93a3e94a1d,synth_2a4242013019,unbanked,tabddpm_synthetic,,['en'],advance fee,2024-01-30T12:17:00+00:00,572.11,76.63,20,12,0,Monday,8,2000,5,advance fee,en,Bill pay kiosk,0
0d60485c-fc7b-486a-968a-dd9d7ca09ccf,synth_18530d6a52ac,unbanked,tabddpm_synthetic,,['en'],advance fee,2024-09-08T10:06:00+00:00,10.0,0.0,46,10,5,Saturday,47,339,3,advance fee,en,Bill pay kiosk,0
66a911c8-2346-4165-8263-46e253c52462,synth_cb98c46f3358,unbanked,tabddpm_synthetic,,['en'],advance fee,2024-09-02T23:25:00+00:00,3000.0,1500.0,20,23,0,Monday,90,1,100,advance fee,en,Bill pay kiosk,0
12610b69-5d93-4d0e-916a-a57b3779977e,synth_50443cd624f7,unbanked,tabddpm_synthetic,,['en'],advance fee,2024-02-17T23:43:00+00:00,3000.0,1500.0,60,23,0,Monday,90,1,100,advance fee,en,Bill pay kiosk,0
1bfc1aad-b59a-448f-8bec-f267a7b6a567,synth_9ae60bc32694,unbanked,tabddpm_synthetic,,['en'],advance fee,2024-12-24T06:15:00+00:00,10.0,16.2,20,6,0,Monday,68,2000,20,advance fee,en,Bill pay kiosk,0
180b1581-75d4-4601-b3c8-74a908c36c42,synth_61c7794f76ad,unbanked,tabddpm_synthetic,,['en'],advance fee,2024-09-15T23:04:00+00:00,3000.0,1500.0,60,23,0,Monday,0,1,100,advance fee,en,Bill pay kiosk,0
33863e19-6bd2-484c-ad13-474df24c7218,synth_753df4058b2d,unbanked,tabddpm_synthetic,,['en'],advance fee,2024-09-22T23:38:00+00:00,3000.0,1500.0,20,23,0,Monday,90,1,100,advance fee,en,Bill pay kiosk,0
30f10e8c-1140-4273-9dd4-5d55302c125d,synth_3559d102eb08,unbanked,tabddpm_synthetic,,['en'],advance fee,2024-12-06T23:34:00+00:00,3000.0,1500.0,20,23,0,Monday,90,1,100,advance fee,en,Bill pay kiosk,0
94b8c796-e1cf-4855-90ba-a69ba4645a18,synth_705f49604f94,unbanked,tabddpm_synthetic,,['en'],advance fee,2024-08-15T00:02:00+00:00,469.75,46.99,20,0,0,Monday,0,2000,6,advance fee,en,Bill pay kiosk,0
25ccee9d-d6ee-4281-a943-5d948b35b571,synth_5092d698b5e5,unbanked,tabddpm_synthetic,,['en'],advance fee,2024-07-08T23:00:00+00:00,3000.0,1132.91,49,23,0,Monday,16,1,36,advance fee,en,Bill pay kiosk,0
070a9ead-b0be-43e7-b0e0-2f9d3b9acc69,synth_01726413833d,unbanked,tabddpm_synthetic,,['en'],advance fee,2024-01-07T00:24:00+00:00,986.73,55.47,60,0,0,Monday,25,1,51,advance fee,en,Bill pay kiosk,1
a5f8baa3-8f87-4a65-b498-8af702075ed0,synth_4d37855fd355,unbanked,tabddpm_synthetic,,['en'],advance fee,2024-03-28T00:31:00+00:00,3000.0,1500.0,20,0,6,Sunday,0,1,100,advance fee,en,Bill pay kiosk,0
e9a78fcf-5cb7-4fc2-a01e-04ab58dffa40,synth_5cd9292e95e7,unbanked,tabddpm_synthetic,,['en'],advance fee,2024-02-12T14:00:00+00:00,211.16,44.46,28,14,0,Monday,4,1686,11,advance fee,en,Bill pay kiosk,0
486fc824-a866-4cf7-96b2-b70296eb8c40,synth_55f010f0c47d,unbanked,tabddpm_synthetic,,['en'],advance fee,2024-10-29T18:50:00+00:00,448.71,33.85,36,18,4,Friday,1,958,11,advance fee,en,Bill pay kiosk,0
da62a8b6-84e3-4c60-9f28-4ce33c79d998,synth_eacb93241594,unbanked,tabddpm_synthetic,,['en'],advance fee,2024-07-23T01:24:00+00:00,400.05,33.89,42,1,0,Monday,40,1636,12,advance fee,en,Bill pay kiosk,0
b1006636-63ba-4987-95f3-7e57f73d6651,synth_b3dbe5dabaca,unbanked,tabddpm_synthetic,,['en'],advance fee,2024-06-26T07:29:00+00:00,10.0,0.0,20,7,0,Monday,90,201,21,advance fee,en,Bill pay kiosk,0
d0f6e530-0106-48f4-8dfe-a1aecae12f33,synth_4e9427264295,unbanked,tabddpm_synthetic,,['en'],advance fee,2024-09-30T23:25:00+00:00,3000.0,1500.0,20,23,0,Monday,90,1,100,advance fee,en,Bill pay kiosk,0
a3f8bf47-234e-4d32-bfc4-edbd0720eb72,synth_8968075c42f3,unbanked,tabddpm_synthetic,,['en'],advance fee,2024-04-27T09:00:00+00:00,1432.79,156.22,20,9,6,Sunday,0,1305,2,advance fee,en,Bill pay kiosk,0
2cfe5a54-b536-4cd8-9505-9e7f797c60e3,synth_b4a8e8f01553,unbanked,tabddpm_synthetic,,['en'],advance fee,2024-11-14T00:16:00+00:00,3000.0,1500.0,20,0,0,Monday,66,1,100,advance fee,en,Bill pay kiosk,0
103486c4-15bf-4c0b-b889-cccf9b07906a,synth_29a74f884da8,unbanked,tabddpm_synthetic,,['en'],advance fee,2024-06-24T11:27:00+00:00,995.11,103.05,31,11,2,Wednesday,0,549,15,advance fee,en,Bill pay kiosk,0
b1ecf575-d1dc-48d0-954d-0617718b508b,synth_3dfab85ee493,unbanked,tabddpm_synthetic,,['en'],advance fee,2024-06-19T04:08:00+00:00,424.18,42.58,20,4,0,Monday,6,1844,6,advance fee,en,Bill pay kiosk,0
af489ca5-2155-426a-b031-0177c0256ea6,synth_b2fd1e4e9260,unbanked,tabddpm_synthetic,,['en'],advance fee,2024-04-23T00:21:00+00:00,540.01,0.0,20,0,0,Monday,90,1014,74,advance fee,en,Bill pay kiosk,0
b876c006-f7e4-467c-bb86-4bd286f90eb1,synth_0d8975440ded,unbanked,tabddpm_synthetic,,['en'],advance fee,2024-12-10T23:17:00+00:00,3000.0,1500.0,20,23,0,Monday,90,1,100,advance fee,en,Bill pay kiosk,0
807976c1-6d5a-4d00-9d84-603f50bc8161,synth_2f4253672a8f,unbanked,tabddpm_synthetic,,['en'],fake loan,2024-11-13T16:18:00+00:00,647.37,68.59,20,16,0,Monday,1,527,6,fake loan,en,Bill pay kiosk,0
9665af0c-1838-433c-9ed0-77379feebb87,synth_bdb711ae35d2,unbanked,tabddpm_synthetic,,['en'],advance fee,2024-02-03T08:21:00+00:00,252.03,48.45,20,8,2,Wednesday,0,1245,9,advance fee,en,Bill pay kiosk,1
be115bc8-91f7-46e7-a687-02d5695d9a23,synth_87099a893677,unbanked,tabddpm_synthetic,,['en'],advance fee,2024-12-12T06:46:00+00:00,1594.9,87.2,24,6,6,Sunday,4,1895,11,advance fee,en,Bill pay kiosk,0
0bf14af7-2c55-4864-ad82-e06a0f280048,synth_412e1266f08f,unbanked,tabddpm_synthetic,,['en'],advance fee,2024-07-01T23:35:00+00:00,3000.0,1500.0,20,23,0,Monday,90,1,100,advance fee,en,Bill pay kiosk,0
f72e46da-60fa-40c8-a321-ab09a2ede37f,synth_b560e65f9dee,unbanked,tabddpm_synthetic,,['en'],advance fee,2024-04-16T23:34:00+00:00,3000.0,1500.0,20,23,6,Sunday,90,1,100,advance fee,en,Bill pay kiosk,0
37336b2d-29bd-41b9-8f15-aa342ce28e18,synth_00ba7ca30b68,unbanked,tabddpm_synthetic,,['en'],advance fee,2024-10-30T00:51:00+00:00,18.39,38.69,20,0,0,Monday,90,1713,15,advance fee,en,Bill pay kiosk,0
b6544018-6450-49cd-85e3-895c34e6042c,synth_636c23c56432,unbanked,tabddpm_synthetic,,['en'],advance fee,2024-04-06T23:46:00+00:00,3000.0,1500.0,20,23,0,Monday,90,1,100,advance fee,en,Bill pay kiosk,0
20680b08-c6f0-483b-82f3-6ae6b1a0e667,synth_42143d6d270b,unbanked,tabddpm_synthetic,,['en'],advance fee,2024-07-20T09:45:00+00:00,349.24,53.51,27,9,3,Thursday,44,2000,1,advance fee,en,Bill pay kiosk,0
a9ab909e-2307-423c-9048-1ff0711aa07d,synth_82c70679eae9,unbanked,tabddpm_synthetic,,['en'],advance fee,2024-03-23T11:59:00+00:00,10.0,0.0,20,11,6,Sunday,90,799,6,advance fee,en,Bill pay kiosk,0
5df954f9-a039-43f2-a828-5a426211a5f1,synth_0de18f6d539b,unbanked,tabddpm_synthetic,,['en'],advance fee,2024-12-06T12:52:00+00:00,585.22,68.68,20,12,2,Wednesday,66,1366,5,advance fee,en,Bill pay kiosk,0
e2511f33-0f92-490f-a136-399ef2a9f71e,synth_7bb2d9f8e384,unbanked,tabddpm_synthetic,,['en'],advance fee,2024-03-02T00:29:00+00:00,3000.0,1500.0,20,0,0,Monday,0,1,100,advance fee,en,Bill pay kiosk,0
127d3a7f-dac4-4709-97ab-b90c7a6e52c4,synth_9452f9edcb95,unbanked,tabddpm_synthetic,,['en'],advance fee,2024-03-08T15:16:00+00:00,47.65,0.0,52,15,0,Monday,7,366,12,advance fee,en,Bill pay kiosk,0
8260ffb1-2f03-4e73-b999-b2248ce1d636,synth_a758d368f271,unbanked,tabddpm_synthetic,,['en'],advance fee,2024-07-15T04:08:00+00:00,10.0,0.0,20,4,0,Monday,90,1,64,advance fee,en,Bill pay kiosk,0
050e64e8-6f33-47aa-9dcb-cbaa353b072a,synth_f385128daf5b,unbanked,tabddpm_synthetic,,['en'],advance fee,2024-04-14T23:26:00+00:00,3000.0,1500.0,20,23,0,Monday,90,1,100,advance fee,en,Bill pay kiosk,0
785a8de4-d14f-4929-b324-a719d7aea113,synth_5561da111067,unbanked,tabddpm_synthetic,,['en'],advance fee,2024-05-18T00:20:00+00:00,747.59,51.94,60,0,0,Monday,0,2000,10,advance fee,en,Bill pay kiosk,0
158dc33d-c9fd-49c7-a7ba-9d2881642423,synth_2896f6ec9ae3,unbanked,tabddpm_synthetic,,['en'],advance fee,2024-12-20T06:13:00+00:00,221.52,18.47,20,6,0,Monday,42,2000,4,advance fee,en,Bill pay kiosk,0
7d306a22-16bf-4332-b220-759e1753a6d5,synth_83d5cae76412,unbanked,tabddpm_synthetic,,['en'],fake loan,2024-01-20T11:52:00+00:00,122.75,1.22,34,11,0,Monday,14,448,6,fake loan,en,Bill pay kiosk,0
30591c80-4eae-4a38-aa46-2abc449bd16d,synth_3a0ee02419e6,unbanked,tabddpm_synthetic,,['en'],advance fee,2024-09-10T23:25:00+00:00,3000.0,1500.0,20,23,0,Monday,90,1,100,advance fee,en,Bill pay kiosk,0
01d43f0a-3d16-4bfe-8e67-508cf0197108,synth_7b25175565d3,unbanked,tabddpm_synthetic,,['en'],advance fee,2024-07-15T00:01:00+00:00,112.42,52.07,20,0,0,Monday,1,368,11,advance fee,en,Bill pay kiosk,0
ba65d5b1-106e-443c-819f-c519c62bf376,synth_c212f701f8e7,unbanked,tabddpm_synthetic,,['en'],advance fee,2024-03-21T00:53:00+00:00,3000.0,1500.0,20,0,0,Monday,17,1,100,advance fee,en,Bill pay kiosk,0
c4b9b45a-3aef-4f41-a521-32e88aeee498,synth_844deb6f4397,unbanked,tabddpm_synthetic,,['en'],advance fee,2024-01-04T23:01:00+00:00,3000.0,1500.0,20,23,6,Sunday,90,1,100,advance fee,en,Bill pay kiosk,0
e564d3cf-9366-4eb1-9561-2b587ce2aec3,synth_8289df30229d,unbanked,tabddpm_synthetic,,['en'],advance fee,2024-03-07T12:05:00+00:00,197.37,13.78,20,12,6,Sunday,70,625,0,advance fee,en,Bill pay kiosk,0
459c8b01-2bb6-40c7-8673-405c662e1823,synth_05bb801cf04e,unbanked,tabddpm_synthetic,,['en'],advance fee,2024-09-29T06:26:00+00:00,3000.0,1500.0,20,6,6,Sunday,3,1,100,advance fee,en,Bill pay kiosk,0
060b3851-7328-41ce-8708-ff82b504cd3e,synth_8c090a759fd2,unbanked,tabddpm_synthetic,,['en'],advance fee,2024-02-23T23:28:00+00:00,3000.0,1500.0,20,23,0,Monday,90,1,100,advance fee,en,Bill pay kiosk,1
d4f609ae-40e9-4291-a69f-689f8c49855f,synth_b760c651d1cb,unbanked,tabddpm_synthetic,,['en'],advance fee,2024-03-27T08:41:00+00:00,636.07,43.19,20,8,0,Monday,0,1708,4,advance fee,en,Bill pay kiosk,0
2dc546e8-d484-4508-bb26-14012d64bc77,synth_53aa645ef3ed,unbanked,tabddpm_synthetic,,['en'],advance fee,2024-07-03T01:53:00+00:00,378.19,30.74,39,1,0,Monday,15,1213,5,advance fee,en,Bill pay kiosk,0
4f3252ca-0091-41bc-86b0-7d1f06c5bae5,synth_e6f5c707bc02,unbanked,tabddpm_synthetic,,['en'],advance fee,2024-04-21T10:45:00+00:00,402.88,29.25,20,10,0,Monday,1,1458,6,advance fee,en,Bill pay kiosk,0
641d6ff1-5e55-4b73-bc66-2da8eac34f4a,synth_11e2dfd0d7ad,unbanked,tabddpm_synthetic,,['en'],advance fee,2024-12-14T03:18:00+00:00,2697.17,82.74,26,3,2,Wednesday,2,817,14,advance fee,en,Bill pay kiosk,0
8e249504-9f2d-4fea-935b-5d957cbbf408,synth_bf6ab5573321,unbanked,tabddpm_synthetic,,['en'],advance fee,2024-06-13T00:17:00+00:00,10.0,0.0,20,0,3,Thursday,90,407,25,advance fee,en,Bill pay kiosk,0
1ba26ccc-6465-4087-81e3-f06f723b46f1,synth_d6b08e52c2eb,unbanked,tabddpm_synthetic,,['en'],advance fee,2024-02-08T23:27:00+00:00,3000.0,1500.0,20,23,6,Sunday,90,1,100,advance fee,en,Bill pay kiosk,0
f0db0014-8afd-49ed-bf5a-2d0f703a3642,synth_7b2b59ad1810,unbanked,tabddpm_synthetic,,['en'],fake loan,2024-06-12T09:55:00+00:00,287.08,50.64,20,9,4,Friday,1,2000,8,fake loan,en,Bill pay kiosk,0
691bdba4-95c1-41cb-bbd4-dd61765aac4c,synth_c2f45496e53d,unbanked,tabddpm_synthetic,,['en'],advance fee,2024-08-14T10:13:00+00:00,398.83,48.34,20,10,0,Monday,57,2000,7,advance fee,en,Bill pay kiosk,0
67305be2-dd60-4d1f-bed1-647de567d990,synth_7f397199ee0c,unbanked,tabddpm_synthetic,,['en'],advance fee,2024-06-17T14:29:00+00:00,440.18,43.54,20,14,0,Monday,4,712,3,advance fee,en,Bill pay kiosk,0
06798310-7bda-4bd8-964b-11c3fa160e88,synth_dd2afe883bfe,unbanked,tabddpm_synthetic,,['en'],advance fee,2024-09-24T09:57:00+00:00,346.1,71.42,37,9,3,Thursday,15,1711,4,advance fee,en,Bill pay kiosk,0
3c3663e5-9bd4-4049-b431-54f4a2bf03c9,synth_114c0337dfd9,unbanked,tabddpm_synthetic,,['en'],advance fee,2024-03-17T23:43:00+00:00,3000.0,1500.0,20,23,0,Monday,90,1,100,advance fee,en,Bill pay kiosk,0
ff69465d-92c0-4556-aab4-08f0c3fadf2d,synth_88dffed35cc2,unbanked,tabddpm_synthetic,,['en'],advance fee,2024-11-16T00:27:00+00:00,423.97,19.67,36,0,0,Monday,0,1529,8,advance fee,en,Bill pay kiosk,0
f6020fc4-50b6-4865-a4df-37dd361f43ba,synth_215e8625d4a0,unbanked,tabddpm_synthetic,,['en'],advance fee,2024-04-14T23:53:00+00:00,3000.0,1500.0,20,23,0,Monday,90,1,100,advance fee,en,Bill pay kiosk,0
341c6436-5cee-4df0-b1da-38520c318123,synth_99f2c860cbc7,unbanked,tabddpm_synthetic,,['en'],advance fee,2024-04-03T11:27:00+00:00,1075.25,60.39,22,11,0,Monday,1,688,4,advance fee,en,Bill pay kiosk,0
f9c3379f-9768-4360-928d-cba05ed45aab,synth_4e9c25a3d6d9,unbanked,tabddpm_synthetic,,['en'],advance fee,2024-08-23T00:58:00+00:00,257.25,22.77,36,0,0,Monday,0,2000,12,advance fee,en,Bill pay kiosk,0
de0bd510-38aa-4920-9d6d-0905b20b1085,synth_3535b700fc88,unbanked,tabddpm_synthetic,,['en'],advance fee,2024-04-07T00:35:00+00:00,830.73,10.23,20,0,6,Sunday,90,100,35,advance fee,en,Bill pay kiosk,0
aeb55199-7a42-4fa8-aece-dc5c5d27a647,synth_0e7fcfda5c97,unbanked,tabddpm_synthetic,,['en'],advance fee,2024-08-04T00:14:00+00:00,10.0,0.0,20,0,2,Wednesday,90,315,17,advance fee,en,Bill pay kiosk,0
78e9b6c5-3105-4bc6-9b82-4556b20c5c68,synth_9772c60dbc03,unbanked,tabddpm_synthetic,,['en'],advance fee,2024-10-28T16:17:00+00:00,10.0,0.0,20,16,0,Monday,90,1,79,advance fee,en,Bill pay kiosk,0
2d1b8a97-5642-43fe-aee4-5cd3a83fbf84,synth_1c71280f4628,unbanked,tabddpm_synthetic,,['en'],advance fee,2024-09-28T23:36:00+00:00,3000.0,1500.0,60,23,0,Monday,0,1,100,advance fee,en,Bill pay kiosk,0
ffc495a5-cc37-441f-9460-739845ee3c71,synth_96d447936470,unbanked,tabddpm_synthetic,,['en'],advance fee,2024-09-16T23:07:00+00:00,3000.0,1500.0,60,23,0,Monday,8,1,100,advance fee,en,Bill pay kiosk,0
3ad9a76e-29db-4ec6-9260-2320ae2e97cf,synth_c2b77a2ab687,unbanked,tabddpm_synthetic,,['es'],advance fee,2024-10-02T12:58:00+00:00,311.76,15.59,20,12,0,Monday,18,2000,6,advance fee,es,Bill pay kiosk,0
d749e76d-0d4f-4a4d-9e35-31f6fbcbaf83,synth_1735cfbe8d20,unbanked,tabddpm_synthetic,,['en'],advance fee,2024-10-12T00:27:00+00:00,3000.0,1500.0,60,0,0,Monday,90,1,100,advance fee,en,Bill pay kiosk,1
fe813f1c-d0cb-49ff-aaf4-e3176fc0a94a,synth_ab79241face4,unbanked,tabddpm_synthetic,,['en'],advance fee,2024-04-24T23:40:00+00:00,3000.0,1500.0,20,23,6,Sunday,0,1,100,advance fee,en,Bill pay kiosk,0
6f2b6182-41db-49b1-89ec-fae30803ec96,synth_67c65b23fa04,unbanked,tabddpm_synthetic,,['en'],advance fee,2024-12-02T23:21:00+00:00,3000.0,1500.0,20,23,6,Sunday,90,1,100,advance fee,en,Bill pay kiosk,0
5155547e-a5f8-48a5-8f50-b46571f77bd1,synth_c05389059724,unbanked,tabddpm_synthetic,,['en'],advance fee,2024-08-07T11:53:00+00:00,273.14,26.93,33,11,0,Monday,4,1117,6,advance fee,en,Bill pay kiosk,0
acf2c50e-6e6d-479a-b09d-eea8b0195f5a,synth_e1f45592e396,unbanked,tabddpm_synthetic,,['en'],advance fee,2024-05-28T23:24:00+00:00,3000.0,1500.0,20,23,0,Monday,90,1,100,advance fee,en,Bill pay kiosk,1
56ad34a1-e40b-4621-a8d0-cdbdb015d130,synth_bd2905dae76a,unbanked,tabddpm_synthetic,,['en'],advance fee,2024-07-04T07:00:00+00:00,37.87,0.0,29,7,0,Monday,33,1158,10,advance fee,en,Bill pay kiosk,0
8333d36e-9a9e-4fbe-b20d-e0e49723853b,synth_628a5b733f83,unbanked,tabddpm_synthetic,,['en'],fake loan,2024-10-27T06:59:00+00:00,129.75,33.03,40,6,2,Wednesday,5,366,9,fake loan,en,Bill pay kiosk,0
8c3eb044-85b1-4a1b-8172-d860f3c0989a,synth_4e22ffd175dc,unbanked,tabddpm_synthetic,,['en'],advance fee,2024-08-15T23:08:00+00:00,3000.0,1500.0,20,23,5,Saturday,57,1,55,advance fee,en,Bill pay kiosk,0
1f06df9b-0aff-4248-8b2b-94aec6d3fc2c,synth_595fc1969ef4,unbanked,tabddpm_synthetic,,['en'],advance fee,2024-11-07T09:15:00+00:00,404.43,31.87,52,9,0,Monday,1,1580,8,advance fee,en,Bill pay kiosk,0
1e08b473-20b4-44a3-970f-a8f4d97418f4,synth_36ed0991cdfd,unbanked,tabddpm_synthetic,,['en'],advance fee,2024-06-27T02:50:00+00:00,10.0,0.0,20,2,0,Monday,90,1085,19,advance fee,en,Bill pay kiosk,0
62bbe7fc-89f3-438a-a0cc-be2050ee5e61,synth_aa3a20d88eff,unbanked,tabddpm_synthetic,,['en'],advance fee,2024-07-08T23:54:00+00:00,3000.0,1500.0,60,23,0,Monday,71,1,100,advance fee,en,Bill pay kiosk,1
628e94a8-2e1c-4011-b442-03582c05879d,synth_9a4e425b8d40,unbanked,tabddpm_synthetic,,['en'],fake loan,2024-12-25T00:49:00+00:00,351.69,27.36,39,0,0,Monday,0,2000,6,fake loan,en,Bill pay kiosk,0
7195faea-a092-44f9-b265-cecf33e043d9,synth_a286c7edd2e4,unbanked,tabddpm_synthetic,,['en'],advance fee,2024-03-24T10:26:00+00:00,187.41,41.95,20,10,0,Monday,3,1346,10,advance fee,en,Bill pay kiosk,0
991a9a6f-389b-4654-9adf-67b6f4016597,synth_397de4c3d8e7,unbanked,tabddpm_synthetic,,['en'],advance fee,2024-12-18T13:37:00+00:00,209.08,29.01,24,13,0,Monday,12,50,6,advance fee,en,Bill pay kiosk,0
709bd2c0-8bb2-4f5d-87dc-ebc5112d43a2,synth_456a7058f180,unbanked,tabddpm_synthetic,,['en'],advance fee,2024-10-26T00:02:00+00:00,379.95,39.75,20,0,0,Monday,74,1671,25,advance fee,en,Bill pay kiosk,0
8ee792e1-42ee-45e1-9046-8f8ee413ec80,synth_fba5be418be1,unbanked,tabddpm_synthetic,,['en'],advance fee,2024-09-02T23:39:00+00:00,3000.0,1500.0,20,23,0,Monday,90,1,50,advance fee,en,Bill pay kiosk,0
476f4038-40b8-451f-99dd-ebfdcc4da0b4,synth_9006f87e7b53,unbanked,tabddpm_synthetic,,['en'],advance fee,2024-07-18T23:06:00+00:00,3000.0,710.71,20,23,0,Monday,90,1,100,advance fee,en,Bill pay kiosk,0
0092fb5a-4c71-4dbb-8e29-39779be61f63,synth_d23859030a7b,unbanked,tabddpm_synthetic,,['en'],advance fee,2024-12-15T12:47:00+00:00,283.72,5.13,32,12,0,Monday,1,272,7,advance fee,en,Bill pay kiosk,0
492a3962-b90c-469f-869d-5d8bb6fa3a92,synth_8a4640a8db02,unbanked,tabddpm_synthetic,,['en'],advance fee,2024-04-02T08:32:00+00:00,139.23,58.55,20,8,0,Monday,25,2000,6,advance fee,en,Bill pay kiosk,0
ad089021-7720-4bc5-86d3-cfd0d989ed07,synth_7c79ff7e89d4,unbanked,tabddpm_synthetic,,['en'],advance fee,2024-07-08T23:10:00+00:00,3000.0,1500.0,60,23,0,Monday,90,1,100,advance fee,en,Bill pay kiosk,1
778506ea-8f65-4e8e-aff7-e842c4b33af8,synth_1ff1933fa2e8,unbanked,tabddpm_synthetic,,['en'],advance fee,2024-04-13T09:23:00+00:00,145.65,13.96,29,9,0,Monday,0,1114,5,advance fee,en,Bill pay kiosk,0
968270f2-7038-47d5-9a13-32e95377bfa6,synth_c3bcbc3089c8,unbanked,tabddpm_synthetic,,['en'],advance fee,2024-05-29T06:14:00+00:00,596.27,115.03,20,6,0,Monday,46,2000,3,advance fee,en,Bill pay kiosk,0
cd6ddb8f-b6a8-494c-8201-664351ce551d,synth_462d8b6be046,unbanked,tabddpm_synthetic,,['en'],advance fee,2024-08-20T10:08:00+00:00,10.0,0.0,20,10,0,Monday,90,271,23,advance fee,en,Bill pay kiosk,0
9fca1894-dc53-4c46-87c8-8d008103a192,synth_792d796fd7a4,unbanked,tabddpm_synthetic,,['en'],advance fee,2024-03-09T23:09:00+00:00,3000.0,1500.0,20,23,6,Sunday,0,1,100,advance fee,en,Bill pay kiosk,0
27a53fec-a2bf-40d6-b771-0f4094dcbda4,synth_5d6cd08e804f,unbanked,tabddpm_synthetic,,['en'],advance fee,2024-11-14T23:44:00+00:00,3000.0,1500.0,20,23,0,Monday,90,1,100,advance fee,en,Bill pay kiosk,0
c9653aac-dab3-48c0-9b27-f9208f748ee1,synth_65e30545fee4,unbanked,tabddpm_synthetic,,['en'],advance fee,2024-07-03T07:29:00+00:00,1207.72,144.38,20,7,5,Saturday,22,1551,9,advance fee,en,Bill pay kiosk,0
5d73cb8d-5ebe-4ea5-82fb-e012885f091f,synth_74f08ea9f7d8,unbanked,tabddpm_synthetic,,['en'],advance fee,2024-03-27T09:29:00+00:00,465.46,75.1,20,9,0,Monday,20,1824,0,advance fee,en,Bill pay kiosk,0
2a8800ab-bb3f-4486-9866-16f903d87198,synth_0c9ab86c4ea4,unbanked,tabddpm_synthetic,,['en'],advance fee,2024-07-26T16:56:00+00:00,3000.0,667.66,20,16,1,Tuesday,90,227,17,advance fee,en,Bill pay kiosk,0
efe600cb-8e05-4de3-a220-0cff1ae7b4a8,synth_96d80cef66d3,unbanked,tabddpm_synthetic,,['en'],advance fee,2024-03-11T07:58:00+00:00,3000.0,617.08,20,7,6,Sunday,6,1,25,advance fee,en,Bill pay kiosk,0
c9e084b2-4a3b-4e77-86cf-e545fc585dfc,synth_5caf6dd3e636,unbanked,tabddpm_synthetic,,['en'],advance fee,2024-12-06T23:48:00+00:00,448.07,5.15,60,23,0,Monday,0,1009,6,advance fee,en,Bill pay kiosk,0
1ab353ce-932b-4896-96f9-fa76b9df4b3f,synth_8b3d452d9bc5,unbanked,tabddpm_synthetic,,['en'],advance fee,2024-09-21T23:11:00+00:00,3000.0,1500.0,20,23,1,Tuesday,31,1,87,advance fee,en,Bill pay kiosk,0
280fc45c-9d9f-4a71-a2db-7eb43d604c17,synth_7e0f3fe1651d,unbanked,tabddpm_synthetic,,['en'],advance fee,2024-12-24T23:33:00+00:00,3000.0,1500.0,20,23,0,Monday,90,1,100,advance fee,en,Bill pay kiosk,0
31e19c87-c569-4827-b30f-7ef0deb0957a,synth_985676d8fa64,unbanked,tabddpm_synthetic,,['en'],advance fee,2024-12-10T07:16:00+00:00,10.0,55.38,20,7,0,Monday,0,1331,9,advance fee,en,Bill pay kiosk,0
ae357ebe-fc3f-4e9a-bc0c-40c33bd7a04c,synth_f9a387f9fbb4,unbanked,tabddpm_synthetic,,['en'],advance fee,2024-01-05T00:21:00+00:00,3000.0,1500.0,20,0,0,Monday,90,1,100,advance fee,en,Bill pay kiosk,0
4ae4bdbe-76b5-47a9-ae70-6a414c868809,synth_0dc5d89c9619,unbanked,tabddpm_synthetic,,['en'],advance fee,2024-01-16T11:58:00+00:00,446.68,42.28,20,11,0,Monday,15,1254,0,advance fee,en,Bill pay kiosk,0
cd65bb57-5615-4987-aca1-9b2e2ce715bb,synth_c9d81ad791da,unbanked,tabddpm_synthetic,,['en'],advance fee,2024-07-04T23:48:00+00:00,3000.0,1500.0,20,23,6,Sunday,0,1,100,advance fee,en,Bill pay kiosk,0
b4e0ccac-e2a8-4170-93bd-3449934c3ef1,synth_62294d3fe105,unbanked,tabddpm_synthetic,,['en'],advance fee,2024-09-06T00:22:00+00:00,394.38,31.77,20,0,0,Monday,0,1578,11,advance fee,en,Bill pay kiosk,0
90341f17-93c4-4fa4-9aea-32d065c6eadd,synth_e0475f60d5ee,unbanked,tabddpm_synthetic,,['en'],fake loan,2024-08-29T12:45:00+00:00,436.27,86.81,38,12,0,Monday,6,1117,10,fake loan,en,Bill pay kiosk,0
beac19f6-049b-4fe4-beb6-3ead984a59ee,synth_d2d62f439e90,unbanked,tabddpm_synthetic,,['en'],advance fee,2024-08-02T00:45:00+00:00,1970.34,194.73,27,0,0,Monday,0,409,8,advance fee,en,Bill pay kiosk,0
a6f1682f-d9db-43bc-b1d7-53cde0a5c8ff,synth_30676a26a6e3,unbanked,tabddpm_synthetic,,['en'],advance fee,2024-06-21T16:04:00+00:00,530.77,81.52,32,16,0,Monday,1,424,9,advance fee,en,Bill pay kiosk,0
9d7cad97-e2e8-4ef8-b415-787bcdcc2799,synth_46ceb12ffb85,unbanked,tabddpm_synthetic,,['en'],advance fee,2024-06-25T23:43:00+00:00,3000.0,1500.0,60,23,0,Monday,0,1,100,advance fee,en,Bill pay kiosk,1
71dcc555-5cb1-4281-962c-32b9e7362b4a,synth_5b6550eb4b55,unbanked,tabddpm_synthetic,,['en'],advance fee,2024-04-05T07:05:00+00:00,458.04,55.35,20,7,0,Monday,63,2000,12,advance fee,en,Bill pay kiosk,0
eed9e9ea-ae6b-4e1b-b137-f4d7febdc063,synth_4c951e79f190,unbanked,tabddpm_synthetic,,['en'],advance fee,2024-05-17T00:20:00+00:00,10.0,66.08,20,0,0,Monday,0,702,9,advance fee,en,Bill pay kiosk,0
9a97148e-917f-474e-928d-93f85b623efe,synth_53abdd527676,unbanked,tabddpm_synthetic,,['en'],advance fee,2024-10-18T13:39:00+00:00,608.36,0.0,20,13,6,Sunday,90,1,32,advance fee,en,Bill pay kiosk,0
3955b7d2-09bf-45db-8000-2363e6d9a918,synth_5700247b81e6,unbanked,tabddpm_synthetic,,['en'],advance fee,2024-02-15T08:37:00+00:00,16.92,24.65,20,8,0,Monday,11,939,7,advance fee,en,Bill pay kiosk,0
40e15225-0e7c-4afa-b5c1-928676e7b736,synth_d3fbf4cf66da,unbanked,tabddpm_synthetic,,['en'],advance fee,2024-02-11T11:32:00+00:00,391.79,36.29,20,11,0,Monday,44,2000,7,advance fee,en,Bill pay kiosk,0
052eddec-b1dd-41cf-8ac1-f7cf65481964,synth_7f65b540ab9d,unbanked,tabddpm_synthetic,,['en'],advance fee,2024-11-01T09:19:00+00:00,604.27,73.19,20,9,0,Monday,62,2000,13,advance fee,en,Bill pay kiosk,0
d714e78f-105e-45f1-a75a-6e2233e4e7e4,synth_57d2ab41f8b0,unbanked,tabddpm_synthetic,,['en'],advance fee,2024-03-11T13:41:00+00:00,3000.0,592.5,36,13,0,Monday,13,432,31,advance fee,en,Bill pay kiosk,0
5c610e08-6313-41d9-a101-88129cb40981,synth_2318fcd860d5,unbanked,tabddpm_synthetic,,['en'],fake loan,2024-11-29T03:08:00+00:00,222.95,21.98,28,3,0,Monday,3,2000,10,fake loan,en,Bill pay kiosk,0
9c440c95-30af-41b5-86d2-7b17b7e71908,synth_684a57625c2a,unbanked,tabddpm_synthetic,,['en'],advance fee,2024-10-29T23:48:00+00:00,3000.0,1500.0,20,23,0,Monday,90,1,100,advance fee,en,Bill pay kiosk,0
7d28825f-00f4-472f-b800-98bb86facfee,synth_3bac083a4fba,unbanked,tabddpm_synthetic,,['en'],advance fee,2024-09-17T12:31:00+00:00,380.73,32.63,20,12,0,Monday,11,177,6,advance fee,en,Bill pay kiosk,0
913a9cb3-b16d-498c-9b44-9fcb2b791360,synth_a5ad29cdc161,unbanked,tabddpm_synthetic,,['en'],advance fee,2024-07-14T23:06:00+00:00,3000.0,1500.0,20,23,0,Monday,90,1,100,advance fee,en,Bill pay kiosk,0
1dfab009-e3e8-42b4-a348-6eae6ff29e25,synth_4e9aa271c55c,unbanked,tabddpm_synthetic,,['en'],advance fee,2024-01-29T23:14:00+00:00,3000.0,1392.37,20,23,6,Sunday,21,1,59,advance fee,en,Bill pay kiosk,0
60fda53b-8cd4-44c2-80a0-72fa76d8593c,synth_fe28eceb7bc7,unbanked,tabddpm_synthetic,,['en'],advance fee,2024-03-14T04:12:00+00:00,10.0,47.91,20,4,0,Monday,65,2000,7,advance fee,en,Bill pay kiosk,0
f938ad15-ad36-4d9a-ae59-6c9f84c97020,synth_0fbb30bd3932,unbanked,tabddpm_synthetic,,['en'],advance fee,2024-06-04T00:41:00+00:00,1958.61,162.24,60,0,0,Monday,41,1275,26,advance fee,en,Bill pay kiosk,0
71bde7d4-ec3f-4fbc-a77d-ac267fc5452b,synth_978617c61aae,unbanked,tabddpm_synthetic,,['en'],advance fee,2024-02-24T00:39:00+00:00,3000.0,1500.0,20,0,6,Sunday,76,1,100,advance fee,en,Bill pay kiosk,0
9bf6193e-35c9-448f-90cb-d9aa7b84b8ca,synth_6988b0fb0582,unbanked,tabddpm_synthetic,,['en'],advance fee,2024-01-09T00:28:00+00:00,569.05,31.08,60,0,0,Monday,3,37,16,advance fee,en,Bill pay kiosk,0
caf51c1e-426a-4215-8902-27801376752a,synth_51b8272875dd,unbanked,tabddpm_synthetic,,['en'],advance fee,2024-08-03T23:40:00+00:00,3000.0,1500.0,20,23,0,Monday,90,1,100,advance fee,en,Bill pay kiosk,1
cc36960f-3455-47c5-9017-c9608174b45a,synth_a37ab46518bc,unbanked,tabddpm_synthetic,,['en'],advance fee,2024-08-15T00:02:00+00:00,3000.0,493.59,20,0,0,Monday,90,1,65,advance fee,en,Bill pay kiosk,0
2d06024f-b2a0-4250-8a5c-ba8b4d12b541,synth_b8c88e393a86,unbanked,tabddpm_synthetic,,['en'],advance fee,2024-12-12T10:03:00+00:00,372.86,32.21,20,10,2,Wednesday,30,679,0,advance fee,en,Bill pay kiosk,0
c092b366-e29e-4f8d-9f17-98686beb9d5b,synth_3cab48c86425,unbanked,tabddpm_synthetic,,['en'],advance fee,2024-05-29T00:32:00+00:00,262.76,38.84,20,0,0,Monday,0,2000,7,advance fee,en,Bill pay kiosk,0
7cfba801-a51e-4556-94bc-202e59da62bb,synth_a55ad4d76c89,unbanked,tabddpm_synthetic,,['en'],advance fee,2024-10-11T23:18:00+00:00,3000.0,1500.0,20,23,0,Monday,90,1,100,advance fee,en,Bill pay kiosk,0
74a16230-c21f-4378-a2c1-e6f142be0a5e,synth_a974c7384667,unbanked,tabddpm_synthetic,,['en'],advance fee,2024-06-20T13:57:00+00:00,523.41,89.05,20,13,0,Monday,12,1808,6,advance fee,en,Bill pay kiosk,0
98c6a646-96ae-4c57-9468-7f0b974cf87e,synth_3b85283f7a83,unbanked,tabddpm_synthetic,,['en'],advance fee,2024-01-31T00:59:00+00:00,3000.0,1500.0,20,0,0,Monday,90,1,100,advance fee,en,Bill pay kiosk,0
b436b3da-3e7a-428e-a889-58adda60f2e4,synth_9f1dd63232e4,unbanked,tabddpm_synthetic,,['en'],advance fee,2024-11-10T00:05:00+00:00,323.17,15.51,20,0,6,Sunday,37,642,12,advance fee,en,Bill pay kiosk,0
99eb5200-430c-4faa-9433-054f71feaf0b,synth_e20902de51ec,unbanked,tabddpm_synthetic,,['en'],advance fee,2024-05-01T23:42:00+00:00,3000.0,0.0,20,23,0,Monday,90,1,100,advance fee,en,Bill pay kiosk,0
38a7bb38-38f5-4244-83e6-079a79ed44ff,synth_20a8b6569fc8,unbanked,tabddpm_synthetic,,['en'],advance fee,2024-06-03T00:36:00+00:00,869.3,83.63,29,0,0,Monday,5,487,19,advance fee,en,Bill pay kiosk,0
5b6c7039-aabe-44b8-98e2-87c94e7d4742,synth_d3fb75785a49,unbanked,tabddpm_synthetic,,['en'],advance fee,2024-12-16T19:38:00+00:00,945.47,128.16,42,19,0,Monday,10,409,14,advance fee,en,Bill pay kiosk,0
081d5d5c-216d-4581-bb25-203b42cadb18,synth_a55f0a70b9ea,unbanked,tabddpm_synthetic,,['en'],advance fee,2024-04-07T04:38:00+00:00,10.0,0.0,20,4,0,Monday,90,1414,21,advance fee,en,Bill pay kiosk,0
5aa12716-a08c-483a-a89f-b68d02ef1c98,synth_384d3a5829d2,unbanked,tabddpm_synthetic,,['en'],advance fee,2024-01-01T00:48:00+00:00,171.17,43.8,20,0,0,Monday,0,2000,17,advance fee,en,Bill pay kiosk,0
423d1a9e-1110-4711-b50b-e7befc6e8254,synth_4b1ac4b57c32,unbanked,tabddpm_synthetic,,['en'],advance fee,2024-07-03T23:43:00+00:00,3000.0,1500.0,20,23,6,Sunday,90,1,100,advance fee,en,Bill pay kiosk,0
ac525907-9d33-4262-81ce-0024ab1510cd,synth_abff998ae695,unbanked,tabddpm_synthetic,,['en'],advance fee,2024-04-21T09:49:00+00:00,3000.0,403.48,20,9,2,Wednesday,9,1,20,advance fee,en,Bill pay kiosk,0
401f3825-3584-46a6-9e1e-7e38865be6d1,synth_3b6f2b7cb4fe,unbanked,tabddpm_synthetic,,['en'],advance fee,2024-04-23T03:09:00+00:00,139.07,9.34,20,3,4,Friday,83,460,13,advance fee,en,Bill pay kiosk,0
d902226e-a34a-436a-80ea-941a0d9243c8,synth_70b138aa34a9,unbanked,tabddpm_synthetic,,['en'],advance fee,2024-07-10T23:56:00+00:00,3000.0,1500.0,20,23,6,Sunday,73,1,100,advance fee,en,Bill pay kiosk,0
3f9d204c-cbfd-4f25-b72b-6ef13f21af39,synth_e7c892e0a8a9,unbanked,tabddpm_synthetic,,['en'],advance fee,2024-03-24T11:52:00+00:00,1595.96,144.18,49,11,0,Monday,9,579,10,advance fee,en,Bill pay kiosk,0
1a5ad85e-b9d5-4003-ba4d-18e8824492ee,synth_28763f37c128,unbanked,tabddpm_synthetic,,['en'],advance fee,2024-07-11T10:27:00+00:00,1143.81,196.34,20,10,0,Monday,16,1474,8,advance fee,en,Bill pay kiosk,0
652dbb37-1594-4266-9d96-3adb90f6231c,synth_a1ddf9fe0257,unbanked,tabddpm_synthetic,,['en'],advance fee,2024-03-25T11:32:00+00:00,303.39,58.14,20,11,0,Monday,11,2000,7,advance fee,en,Bill pay kiosk,0
3535b20e-db8e-4749-a38d-3840c4d244c6,synth_38a98e6bbaa5,unbanked,tabddpm_synthetic,,['en'],advance fee,2024-12-21T23:32:00+00:00,3000.0,1500.0,60,23,0,Monday,90,1,100,advance fee,en,Bill pay kiosk,0
efbab9bf-a82c-4f1d-b07b-5980a2cb5745,synth_666b9f8e502e,unbanked,tabddpm_synthetic,,['en'],advance fee,2024-10-21T00:35:00+00:00,3000.0,1091.46,60,0,0,Monday,35,1,100,advance fee,en,Bill pay kiosk,1
68bc4d17-e18c-4f31-af61-159c986f8644,synth_bb2930bbb8c2,unbanked,tabddpm_synthetic,,['en'],advance fee,2024-07-27T11:14:00+00:00,241.66,3.82,20,11,0,Monday,75,2000,6,advance fee,en,Bill pay kiosk,0
6491bd43-059f-41c1-a5de-879960015deb,synth_334ab73d81b5,unbanked,tabddpm_synthetic,,['en'],advance fee,2024-11-09T23:20:00+00:00,3000.0,1500.0,20,23,0,Monday,90,1,100,advance fee,en,Bill pay kiosk,0
417001f8-f5f7-47e2-af88-535b15b4779c,synth_54384f627cee,unbanked,tabddpm_synthetic,,['en'],advance fee,2024-11-19T00:51:00+00:00,386.54,31.1,47,0,0,Monday,0,2000,12,advance fee,en,Bill pay kiosk,0
fd7d7d4d-21c6-42a1-b523-76b69703faea,synth_d828e0046e26,unbanked,tabddpm_synthetic,,['en'],advance fee,2024-04-30T08:44:00+00:00,10.0,15.27,20,8,0,Monday,0,419,10,advance fee,en,Bill pay kiosk,0
b7e87ee3-b72a-4544-abb0-62fde68cd0dc,synth_c6bfe80914e8,unbanked,tabddpm_synthetic,,['en'],advance fee,2024-07-08T02:02:00+00:00,830.04,12.15,51,2,1,Tuesday,3,409,28,advance fee,en,Bill pay kiosk,1
26142c42-0602-4605-a934-08b7d66de830,synth_4bb3a2e0a01e,unbanked,tabddpm_synthetic,,['en'],fake loan,2024-01-08T09:01:00+00:00,10.0,49.28,20,9,0,Monday,29,2000,0,fake loan,en,Bill pay kiosk,0
a7f61e87-a58c-4e29-955f-de146aec05db,synth_f7344b8f71e6,unbanked,tabddpm_synthetic,,['en'],advance fee,2024-07-30T00:54:00+00:00,3000.0,1500.0,20,0,6,Sunday,0,1,100,advance fee,en,Bill pay kiosk,0
50d94a44-a9e5-421e-86ea-4e102a210bc4,synth_aaff84977ef0,unbanked,tabddpm_synthetic,,['en'],advance fee,2024-03-11T23:49:00+00:00,3000.0,1500.0,20,23,6,Sunday,30,1,100,advance fee,en,Bill pay kiosk,0
58f55334-cdba-4c90-890f-8daf95d377b1,synth_72fed114a0a8,unbanked,tabddpm_synthetic,,['en'],advance fee,2024-10-17T23:08:00+00:00,3000.0,1500.0,60,23,0,Monday,74,1,59,advance fee,en,Bill pay kiosk,0
dca56975-38c1-4293-bb6b-58c0e7e7cc00,synth_dcdc28dd4bdc,unbanked,tabddpm_synthetic,,['en'],advance fee,2024-06-10T15:07:00+00:00,212.1,39.37,41,15,0,Monday,18,1723,6,advance fee,en,Bill pay kiosk,0
09815a4f-63bf-4889-baaa-a08328b2ccbb,synth_2a3430b5e33d,unbanked,tabddpm_synthetic,,['en'],advance fee,2024-12-21T12:13:00+00:00,278.18,11.85,33,12,0,Monday,19,1031,9,advance fee,en,Bill pay kiosk,0
ed6ffb02-5195-43ec-bd66-b652c38eef4a,synth_4ecbca2ab550,unbanked,tabddpm_synthetic,,['en'],advance fee,2024-06-28T09:43:00+00:00,10.0,0.0,20,9,0,Monday,90,103,23,advance fee,en,Bill pay kiosk,0
0e0946fd-f46a-40f3-8b64-4cd12a785c35,synth_7c0518667713,unbanked,tabddpm_synthetic,,['en'],advance fee,2024-02-02T00:22:00+00:00,240.31,25.18,26,0,0,Monday,0,1470,2,advance fee,en,Bill pay kiosk,0
b3279ee0-ae7e-495b-b374-8b404dba0506,synth_8d763a3ecbb3,unbanked,tabddpm_synthetic,,['en'],advance fee,2024-03-13T23:26:00+00:00,3000.0,1500.0,20,23,0,Monday,90,1,100,advance fee,en,Bill pay kiosk,0
5dfddd90-8fb1-4c96-b3cb-182e4ec3e599,synth_9f66711214b4,unbanked,tabddpm_synthetic,,['en'],advance fee,2024-04-26T03:51:00+00:00,10.0,0.0,20,3,0,Monday,90,974,7,advance fee,en,Bill pay kiosk,0
ceb43530-03a1-429e-9462-4c0116f3fc63,synth_38d95afd2d60,unbanked,tabddpm_synthetic,,['en'],advance fee,2024-06-19T00:31:00+00:00,1279.26,99.77,60,0,0,Monday,0,2000,14,advance fee,en,Bill pay kiosk,0
eb1a8aaa-a4fb-499a-b298-97f56ab7ceda,synth_a1cccedbb6e7,unbanked,tabddpm_synthetic,,['en'],advance fee,2024-01-05T03:06:00+00:00,51.73,37.6,20,3,0,Monday,29,940,9,advance fee,en,Bill pay kiosk,0
d2b1d7be-e701-4025-9e1b-5184d9f3e08f,synth_4a0f8dbba8d1,unbanked,tabddpm_synthetic,,['en'],advance fee,2024-12-22T00:13:00+00:00,10.0,15.77,20,0,0,Monday,0,2000,12,advance fee,en,Bill pay kiosk,0
aac8b92e-14df-4a01-beb5-19c021a9553f,synth_7a5f84a83ec8,unbanked,tabddpm_synthetic,,['en'],advance fee,2024-07-20T08:39:00+00:00,50.18,20.53,55,8,0,Monday,0,579,1,advance fee,en,Bill pay kiosk,0
2b2b09e6-68d5-481e-9f02-046c1c582d68,synth_cb1055c693d8,unbanked,tabddpm_synthetic,,['en'],advance fee,2024-09-24T23:04:00+00:00,3000.0,1500.0,41,23,0,Monday,90,1,100,advance fee,en,Bill pay kiosk,1
1d3a1754-b127-40d6-9d05-7b9d8cd601a6,synth_6574ccff832b,unbanked,tabddpm_synthetic,,['en'],advance fee,2024-09-23T00:20:00+00:00,3000.0,1500.0,60,0,0,Monday,0,1,100,advance fee,en,Bill pay kiosk,0
89ed415c-ba21-43fc-93d7-573447e8aed9,synth_ed40841c36e1,unbanked,tabddpm_synthetic,,['en'],advance fee,2024-08-22T23:22:00+00:00,3000.0,1500.0,20,23,0,Monday,71,1,100,advance fee,en,Bill pay kiosk,0
3443d3b8-811c-4677-a4f1-0c614a9ec493,synth_180238dfa615,unbanked,tabddpm_synthetic,,['en'],advance fee,2024-10-20T00:20:00+00:00,3000.0,471.61,60,0,0,Monday,37,1,100,advance fee,en,Bill pay kiosk,1
13a37b42-6914-4346-bc5a-74c3bf58637b,synth_e54ae45daaa4,unbanked,tabddpm_synthetic,,['en'],advance fee,2024-06-08T07:55:00+00:00,10.0,0.0,20,7,0,Monday,90,1,35,advance fee,en,Bill pay kiosk,0
e94dd392-27e2-42b4-ac74-923b6ccdb779,synth_1bcc37704e07,unbanked,tabddpm_synthetic,,['en'],advance fee,2024-04-09T00:34:00+00:00,291.01,24.51,60,0,0,Monday,2,777,6,advance fee,en,Bill pay kiosk,0
bb756eac-246b-4144-b6c6-b82ae6fffbdf,synth_aa0a3bbb1d27,unbanked,tabddpm_synthetic,,['en'],advance fee,2024-06-18T23:30:00+00:00,3000.0,1500.0,20,23,6,Sunday,44,1,100,advance fee,en,Bill pay kiosk,0
41c9b69c-3f01-4d5e-a94a-160ec23f99c4,synth_5b174824f4a5,unbanked,tabddpm_synthetic,,['en'],advance fee,2024-07-07T00:41:00+00:00,1102.92,27.82,29,0,0,Monday,0,848,20,advance fee,en,Bill pay kiosk,0
d80115a8-5daf-44c9-b871-3156d1aa9af6,synth_7c97396d8cfa,unbanked,tabddpm_synthetic,,['en'],advance fee,2024-02-20T23:43:00+00:00,3000.0,1500.0,20,23,0,Monday,90,1,100,advance fee,en,Bill pay kiosk,0
9833b3f2-078c-43b2-ad32-db5ff2cc6e77,synth_83da529120bb,unbanked,tabddpm_synthetic,,['en'],advance fee,2024-01-20T11:33:00+00:00,2248.75,103.96,20,11,0,Monday,90,1025,24,advance fee,en,Bill pay kiosk,0
02704570-8e2d-4c5f-b3ce-e258a3c3984b,synth_38c8508ffd63,unbanked,tabddpm_synthetic,,['en'],fake loan,2024-03-08T07:16:00+00:00,303.6,6.12,34,7,1,Tuesday,8,766,7,fake loan,en,Bill pay kiosk,0
d7d2ed4d-db36-4b9e-989a-acf10ad0aa82,synth_d3d3adeb7438,unbanked,tabddpm_synthetic,,['en'],advance fee,2024-06-20T03:17:00+00:00,335.61,22.3,34,3,0,Monday,0,780,11,advance fee,en,Bill pay kiosk,0
c3c49ece-9ce4-4dbd-a5f7-82eae974489c,synth_e5aa69763aeb,unbanked,tabddpm_synthetic,,['en'],advance fee,2024-01-12T06:58:00+00:00,197.76,22.62,28,6,0,Monday,4,1525,8,advance fee,en,Bill pay kiosk,0
8bf93eb0-148d-464e-84a3-f87f09149f94,synth_5dde4b4feda1,unbanked,tabddpm_synthetic,,['en'],advance fee,2024-05-24T00:53:00+00:00,3000.0,1500.0,60,0,0,Monday,0,1,100,advance fee,en,Bill pay kiosk,1
2e1f76ac-71b6-4ef7-93ad-f4842a7d479c,synth_876bfe7d1f22,unbanked,tabddpm_synthetic,,['en'],advance fee,2024-11-04T00:59:00+00:00,682.42,67.53,22,0,0,Monday,0,2000,11,advance fee,en,Bill pay kiosk,0
9c4262b8-69ca-4acd-bc1b-e054af126812,synth_3b7e0952519f,unbanked,tabddpm_synthetic,,['en'],advance fee,2024-05-12T09:50:00+00:00,10.0,0.0,20,9,3,Thursday,90,266,20,advance fee,en,Bill pay kiosk,0
d0a698bc-c296-4c6d-9f8e-5cda7bdfdeeb,synth_39f2c101efd0,unbanked,tabddpm_synthetic,,['en'],advance fee,2024-12-15T08:57:00+00:00,221.57,33.38,20,8,0,Monday,15,1285,12,advance fee,en,Bill pay kiosk,0
f2cf3c1e-9c17-44aa-81a2-9248b92350a3,synth_1dadd49207a9,unbanked,tabddpm_synthetic,,['en'],advance fee,2024-09-09T10:13:00+00:00,147.18,53.22,20,10,0,Monday,63,1692,9,advance fee,en,Bill pay kiosk,0
ba28a131-4c84-4f3e-ab39-83e0465e8290,synth_fb7e105a3807,unbanked,tabddpm_synthetic,,['en'],advance fee,2024-05-12T05:27:00+00:00,214.42,26.55,20,5,0,Monday,21,2000,9,advance fee,en,Bill pay kiosk,0
bf193520-0651-4149-8c0f-34e56c11ba51,synth_c641585c23d2,unbanked,tabddpm_synthetic,,['en'],advance fee,2024-01-24T18:07:00+00:00,628.06,63.33,20,18,0,Monday,17,1824,8,advance fee,en,Bill pay kiosk,0
e05c8407-56c2-4b42-af80-b88429ca8282,synth_b9706920abdc,unbanked,tabddpm_synthetic,,['en'],advance fee,2024-12-03T02:10:00+00:00,375.93,40.47,27,2,0,Monday,0,1622,7,advance fee,en,Bill pay kiosk,0
59360900-ec8d-4988-9211-a99cde3ca385,synth_bca30c2ec29b,unbanked,tabddpm_synthetic,,['es'],advance fee,2024-05-06T07:21:00+00:00,1397.27,73.83,42,7,1,Tuesday,2,843,9,advance fee,es,Bill pay kiosk,0
43833931-8264-4bb0-b262-f596acabff8e,synth_7ff7378bf697,unbanked,tabddpm_synthetic,,['en'],advance fee,2024-03-02T23:19:00+00:00,3000.0,1500.0,20,23,0,Monday,90,1,100,advance fee,en,Bill pay kiosk,0
f03c6e80-0db6-4741-934a-532796b01147,synth_6024e78854b2,unbanked,tabddpm_synthetic,,['en'],advance fee,2024-04-04T23:56:00+00:00,265.36,0.0,20,23,0,Monday,90,1,75,advance fee,en,Bill pay kiosk,0
25d1dca9-d208-42a4-b520-272ac9f4a982,synth_4cbce99a4c23,unbanked,tabddpm_synthetic,,['es'],advance fee,2024-11-18T13:36:00+00:00,861.15,71.83,20,13,5,Saturday,8,1,9,advance fee,es,Bill pay kiosk,0
7b4cd3b6-788d-401d-a4d5-86761d86c467,synth_594dfb3842d3,unbanked,tabddpm_synthetic,,['es'],advance fee,2024-07-21T10:33:00+00:00,10.0,33.03,20,10,0,Monday,10,2000,4,advance fee,es,Bill pay kiosk,0
2409ea28-e218-4f18-bbc5-a079eb8aed89,synth_1b1c1a432c2f,unbanked,tabddpm_synthetic,,['en'],advance fee,2024-12-13T11:17:00+00:00,539.52,42.43,51,11,0,Monday,4,473,3,advance fee,en,Bill pay kiosk,0
ea7aec33-d019-4f27-99f3-23fa728f14bf,synth_1881cc5d5a34,unbanked,tabddpm_synthetic,,['en'],advance fee,2024-08-20T23:33:00+00:00,3000.0,1500.0,20,23,0,Monday,90,1,100,advance fee,en,Bill pay kiosk,0
67707a4d-9bfc-4c2b-9336-7d21896c785f,synth_e4c3aa7a6847,unbanked,tabddpm_synthetic,,['en'],advance fee,2024-02-01T23:57:00+00:00,3000.0,1500.0,20,23,6,Sunday,0,1,100,advance fee,en,Bill pay kiosk,0
916bf5a9-6445-4f43-b809-6dd4bad939af,synth_c0cdadedc7e9,unbanked,tabddpm_synthetic,,['en'],advance fee,2024-11-27T06:40:00+00:00,1838.96,199.33,20,6,6,Sunday,90,791,15,advance fee,en,Bill pay kiosk,0
0932864f-f048-4402-ae94-bae401cc623c,synth_ace126c6463d,unbanked,tabddpm_synthetic,,['en'],advance fee,2024-11-25T00:40:00+00:00,10.0,0.0,20,0,0,Monday,90,1,14,advance fee,en,Bill pay kiosk,0
cb3876e3-ed8b-4b9a-b6b8-2fe881939db7,synth_40d04df42f11,unbanked,tabddpm_synthetic,,['en'],advance fee,2024-09-14T23:15:00+00:00,3000.0,1070.29,20,23,0,Monday,90,300,49,advance fee,en,Bill pay kiosk,1
e2b07a1f-d1e2-4886-844b-9f350fac2ec2,synth_9975575be6da,unbanked,tabddpm_synthetic,,['en'],advance fee,2024-04-13T08:44:00+00:00,71.4,0.0,20,8,2,Wednesday,90,1436,11,advance fee,en,Bill pay kiosk,0
d75decf8-c49c-4355-9faf-e63ed270260d,synth_8a4ea9b9bba5,unbanked,tabddpm_synthetic,,['en'],advance fee,2024-05-05T07:24:00+00:00,29.67,7.18,34,7,0,Monday,2,1980,8,advance fee,en,Bill pay kiosk,0
300cbf1c-5afc-4f1e-8235-cc50bb062995,synth_4040f02d4679,unbanked,tabddpm_synthetic,,['en'],advance fee,2024-02-07T15:42:00+00:00,835.85,63.96,20,15,3,Thursday,7,1,1,advance fee,en,Bill pay kiosk,0
e1aef842-61df-4356-a014-6aa74294bf2b,synth_f66bdf60874e,unbanked,tabddpm_synthetic,,['en'],advance fee,2024-10-27T10:12:00+00:00,111.53,27.01,24,10,0,Monday,3,323,3,advance fee,en,Bill pay kiosk,0
8b6235e0-07f7-4055-b491-b07a8f0541d9,synth_98e84e6fb643,unbanked,tabddpm_synthetic,,['en'],advance fee,2024-07-07T07:39:00+00:00,3000.0,371.89,20,7,0,Monday,0,1,16,advance fee,en,Bill pay kiosk,0
fe679674-6888-44a6-8d7a-bf9b868af733,synth_d49092617810,unbanked,tabddpm_synthetic,,['en'],advance fee,2024-10-13T12:28:00+00:00,153.99,84.63,20,12,0,Monday,60,2000,10,advance fee,en,Bill pay kiosk,0
1d3b01df-9256-44b5-9c58-ee5a3c562f88,synth_e26808cb675b,unbanked,tabddpm_synthetic,,['en'],advance fee,2024-07-25T23:59:00+00:00,3000.0,1500.0,20,23,0,Monday,90,1,100,advance fee,en,Bill pay kiosk,0
bfe78933-51f5-4376-a56d-91efeaee7fca,synth_249e4b96031f,unbanked,tabddpm_synthetic,,['en'],advance fee,2024-07-23T09:37:00+00:00,403.16,42.43,20,9,0,Monday,35,2000,5,advance fee,en,Bill pay kiosk,0
4e4dbd84-da0d-4fe8-97f5-e1bd5ebe3452,synth_e543ecf32051,unbanked,tabddpm_synthetic,,['en'],advance fee,2024-11-01T23:10:00+00:00,1249.4,138.61,60,23,2,Wednesday,11,1,49,advance fee,en,Bill pay kiosk,1
514d2cc8-8bfd-4b5b-93fb-a6770a70064e,synth_68c9573e9538,unbanked,tabddpm_synthetic,,['en'],advance fee,2024-01-03T23:08:00+00:00,3000.0,1500.0,20,23,0,Monday,90,1,100,advance fee,en,Bill pay kiosk,0
21cc7f23-6406-4885-8c3a-56d52f5478d5,synth_d2b650aecf81,unbanked,tabddpm_synthetic,,['en'],advance fee,2024-06-08T00:10:00+00:00,3000.0,380.95,50,0,0,Monday,0,1,37,advance fee,en,Bill pay kiosk,0
8e8c6e5d-8338-48e7-ba2a-23865f0b2548,synth_8e4739e8e63f,unbanked,tabddpm_synthetic,,['en'],advance fee,2024-01-16T08:18:00+00:00,120.66,18.82,49,8,0,Monday,2,1480,10,advance fee,en,Bill pay kiosk,0
7310ebfc-e8a9-42a5-92e2-4a0f39b3f962,synth_cdbecdc737df,unbanked,tabddpm_synthetic,,['en'],advance fee,2024-08-06T14:30:00+00:00,10.0,0.0,20,14,0,Monday,90,450,18,advance fee,en,Bill pay kiosk,0
04112346-e32d-4aef-b00d-255d0e448efe,synth_da5cca05c952,unbanked,tabddpm_synthetic,,['en'],advance fee,2024-03-07T00:38:00+00:00,3000.0,1500.0,20,0,0,Monday,88,1,100,advance fee,en,Bill pay kiosk,0
ba05026a-ca65-4385-83a4-9771dd57a25f,synth_ee3116b11c51,unbanked,tabddpm_synthetic,,['en'],advance fee,2024-11-17T07:55:00+00:00,10.0,0.0,20,7,0,Monday,90,1020,8,advance fee,en,Bill pay kiosk,0
5b713253-2e84-4dc5-b7bd-a1ed02205e3d,synth_da1a93933862,unbanked,tabddpm_synthetic,,['en'],advance fee,2024-04-14T13:45:00+00:00,206.96,36.79,20,13,0,Monday,0,892,7,advance fee,en,Bill pay kiosk,0
357c15c3-6a99-47e7-a9b7-caffca87dd77,synth_fa69f924edd5,unbanked,tabddpm_synthetic,,['en'],advance fee,2024-07-19T04:48:00+00:00,619.96,11.82,24,4,0,Monday,0,2000,12,advance fee,en,Bill pay kiosk,0
b1ac0954-3cc5-4d75-9f97-f235f4b6f4c6,synth_f1c2cd855ab3,unbanked,tabddpm_synthetic,,['en'],advance fee,2024-02-01T17:54:00+00:00,360.43,22.02,20,17,4,Friday,8,1008,5,advance fee,en,Bill pay kiosk,0
128e205c-506b-40fa-bcef-bfa053b13610,synth_a571f2c8615a,unbanked,tabddpm_synthetic,,['en'],advance fee,2024-11-22T00:16:00+00:00,3000.0,1500.0,20,0,0,Monday,90,1,100,advance fee,en,Bill pay kiosk,0
3075c8a1-4406-4408-88b6-51492a7d8b8b,synth_831c52d7d8fb,unbanked,tabddpm_synthetic,,['en'],advance fee,2024-08-21T12:12:00+00:00,279.69,23.28,24,12,0,Monday,12,1176,8,advance fee,en,Bill pay kiosk,0
8a60f7d6-c91a-4857-8377-6b48c7eb5db6,synth_60810e3e5d44,unbanked,tabddpm_synthetic,,['en'],advance fee,2024-05-27T00:36:00+00:00,3000.0,1500.0,60,0,0,Monday,69,1,100,advance fee,en,Bill pay kiosk,0
a7aaed9c-e379-43dd-8fd6-ce30e073c8e8,synth_0e9b001f4174,unbanked,tabddpm_synthetic,,['en'],advance fee,2024-11-24T00:27:00+00:00,3000.0,458.61,60,0,0,Monday,42,1,100,advance fee,en,Bill pay kiosk,1
f4260080-3d53-4d8e-9d1a-d7235e3fa9a9,synth_128a5db22a88,unbanked,tabddpm_synthetic,,['en'],advance fee,2024-02-26T23:46:00+00:00,3000.0,1500.0,60,23,0,Monday,0,1,100,advance fee,en,Bill pay kiosk,0
38c72d58-b361-4615-ab3e-f6f135bda55f,synth_a7201ac13f90,unbanked,tabddpm_synthetic,,['en'],advance fee,2024-01-13T14:28:00+00:00,612.39,49.86,20,14,0,Monday,19,1689,3,advance fee,en,Bill pay kiosk,0
451093e5-f0d6-4659-80c3-03a48e60d47d,synth_6367489ed46c,unbanked,tabddpm_synthetic,,['en'],fake loan,2024-09-26T02:31:00+00:00,10.0,0.0,27,2,0,Monday,32,1135,4,fake loan,en,Bill pay kiosk,0
5f7cfc99-8479-4d3f-8b51-4f527e19fa80,synth_cfc872a2b9cd,unbanked,tabddpm_synthetic,,['en'],advance fee,2024-04-21T11:15:00+00:00,233.28,14.79,60,11,0,Monday,2,1540,6,advance fee,en,Bill pay kiosk,0
72b14765-4755-4551-96f3-ba6d3ced4999,synth_478502244805,unbanked,tabddpm_synthetic,,['en'],advance fee,2024-04-04T00:22:00+00:00,270.98,31.86,29,0,0,Monday,0,850,11,advance fee,en,Bill pay kiosk,0
941d751d-ae49-468e-a65e-600930c0e702,synth_650fa229ae22,unbanked,tabddpm_synthetic,,['en'],advance fee,2024-09-07T15:40:00+00:00,10.0,0.0,20,15,0,Monday,90,1,67,advance fee,en,Bill pay kiosk,0
0b856c2d-9b8e-4dfc-8b0b-0b2d36c276ff,synth_a97564fe15eb,unbanked,tabddpm_synthetic,,['en'],advance fee,2024-07-28T00:39:00+00:00,3000.0,1500.0,60,0,0,Monday,90,1,100,advance fee,en,Bill pay kiosk,1
44a48865-183e-4d84-9287-35b34c1e487f,synth_b2887d5fa45b,unbanked,tabddpm_synthetic,,['en'],advance fee,2024-08-17T00:16:00+00:00,419.11,38.49,20,0,0,Monday,0,2000,14,advance fee,en,Bill pay kiosk,0
2f936124-188e-41f5-8139-d9ca21f26f8c,synth_cb2f8c3d8b95,unbanked,tabddpm_synthetic,,['en'],advance fee,2024-11-07T00:17:00+00:00,870.77,75.79,26,0,0,Monday,0,1,25,advance fee,en,Bill pay kiosk,1
2a52c456-e355-4952-93a3-c345e9d0a366,synth_ac98887766ec,unbanked,tabddpm_synthetic,,['en'],advance fee,2024-10-04T16:10:00+00:00,315.06,43.15,49,16,0,Monday,4,448,6,advance fee,en,Bill pay kiosk,0
96365177-2f35-4b6e-8e88-207116cc06d8,synth_d25732cb86ec,unbanked,tabddpm_synthetic,,['en'],advance fee,2024-12-16T21:01:00+00:00,3000.0,1500.0,20,21,6,Sunday,20,1,100,advance fee,en,Bill pay kiosk,1
7aa315e9-7d3a-4e85-a472-a6277a4fe7e4,synth_f320a41a68f5,unbanked,tabddpm_synthetic,,['en'],advance fee,2024-12-12T23:17:00+00:00,10.0,0.0,20,23,0,Monday,90,1,82,advance fee,en,Bill pay kiosk,1
fd13a0bc-33af-47e2-9ed4-fc117a7875b1,synth_9e43d2bee265,unbanked,tabddpm_synthetic,,['en'],advance fee,2024-07-11T23:30:00+00:00,3000.0,1500.0,20,23,0,Monday,90,1,100,advance fee,en,Bill pay kiosk,0
01551750-c787-4a68-8336-880495854753,synth_900398cd3edc,unbanked,tabddpm_synthetic,,['en'],advance fee,2024-07-13T20:51:00+00:00,3000.0,1500.0,20,20,6,Sunday,90,1,100,advance fee,en,Bill pay kiosk,0
81cb3707-eaaa-4ecc-b546-bc43efa1504d,synth_114291209697,unbanked,tabddpm_synthetic,,['en'],advance fee,2024-12-12T23:47:00+00:00,3000.0,1500.0,60,23,0,Monday,90,1,100,advance fee,en,Bill pay kiosk,0
74e09116-502c-46d4-ae5a-68fe53be3703,synth_9c592a2a4756,unbanked,tabddpm_synthetic,,['en'],advance fee,2024-09-14T00:40:00+00:00,3000.0,1436.87,47,0,0,Monday,60,1,100,advance fee,en,Bill pay kiosk,0
bb6d95e9-76b9-4a6b-b4ba-0cf32889fc0c,synth_bd2a62cecb2b,unbanked,tabddpm_synthetic,,['en'],fake loan,2024-06-05T09:49:00+00:00,49.07,17.49,22,9,3,Thursday,6,986,8,fake loan,en,Bill pay kiosk,0
0555ee38-a21f-4449-af57-541d6a29d68b,synth_97059cd1c133,unbanked,tabddpm_synthetic,,['en'],advance fee,2024-06-26T00:38:00+00:00,196.72,0.0,35,0,0,Monday,0,163,6,advance fee,en,Bill pay kiosk,0
325a1fa5-6925-4318-8a82-4c5704d7b551,synth_c992cb0cf682,unbanked,tabddpm_synthetic,,['en'],advance fee,2024-07-27T00:13:00+00:00,3000.0,1500.0,20,0,0,Monday,90,1,100,advance fee,en,Bill pay kiosk,0
c47d970b-635a-457e-bce4-526419e102cd,synth_a84f87cd10b4,unbanked,tabddpm_synthetic,,['en'],advance fee,2024-07-07T00:39:00+00:00,3000.0,1500.0,60,0,0,Monday,47,1,100,advance fee,en,Bill pay kiosk,0
0ade1ea8-da6b-4a80-9c08-af384686602d,synth_96f413d4f67c,unbanked,tabddpm_synthetic,,['en'],advance fee,2024-04-29T04:44:00+00:00,2054.49,158.59,20,4,2,Wednesday,1,343,8,advance fee,en,Bill pay kiosk,0
b8af256d-d290-4df7-b517-d3ce1b2964d5,synth_969be158df66,unbanked,tabddpm_synthetic,,['en'],advance fee,2024-04-29T23:14:00+00:00,3000.0,1500.0,20,23,0,Monday,90,1,100,advance fee,en,Bill pay kiosk,0
34dc3c92-d373-47f8-9281-58ceff0aee30,synth_1e39013cea75,unbanked,tabddpm_synthetic,,['en'],advance fee,2024-12-14T09:49:00+00:00,596.99,82.9,20,9,0,Monday,51,2000,4,advance fee,en,Bill pay kiosk,0
9a44be77-eb7c-46b4-a665-6e7b2c7dead9,synth_310fec05bf19,unbanked,tabddpm_synthetic,,['en'],advance fee,2024-06-02T04:43:00+00:00,2484.23,287.83,20,4,0,Monday,0,1368,13,advance fee,en,Bill pay kiosk,0
8694a3f5-1869-464c-9657-662033c0fee7,synth_d20a4fdcc9e9,unbanked,tabddpm_synthetic,,['en'],advance fee,2024-03-06T11:08:00+00:00,272.22,74.62,20,11,0,Monday,41,901,12,advance fee,en,Bill pay kiosk,0
fd6b1dfa-11d1-4dae-8480-8ed292b82908,synth_cd226d6d2679,unbanked,tabddpm_synthetic,,['en'],advance fee,2024-06-29T09:42:00+00:00,10.0,42.92,20,9,0,Monday,45,2000,8,advance fee,en,Bill pay kiosk,0
7efc1abc-680f-40ac-a174-07a9ad4a96ae,synth_f2b2e9cbbf03,unbanked,tabddpm_synthetic,,['en'],advance fee,2024-05-13T23:17:00+00:00,3000.0,1500.0,20,23,0,Monday,90,1,100,advance fee,en,Bill pay kiosk,0
49c8b71d-9665-43e1-972e-d395d6fea44d,synth_23262987c551,unbanked,tabddpm_synthetic,,['en'],advance fee,2024-04-17T00:21:00+00:00,3000.0,1500.0,20,0,6,Sunday,90,1,100,advance fee,en,Bill pay kiosk,1
412fad34-d0f1-4265-9425-c52b1943f200,synth_9f47b3d1ac2f,unbanked,tabddpm_synthetic,,['en'],advance fee,2024-03-12T11:45:00+00:00,800.92,48.83,21,11,0,Monday,9,502,9,advance fee,en,Bill pay kiosk,0
a2e1050f-33f1-411d-a1e4-aeb9971ad86d,synth_2511492c7327,unbanked,tabddpm_synthetic,,['en'],advance fee,2024-06-10T03:25:00+00:00,174.04,0.0,20,3,1,Tuesday,73,1063,15,advance fee,en,Bill pay kiosk,0
39c97736-80f8-495d-86d7-e369e9ad3372,synth_c196eac3c209,unbanked,tabddpm_synthetic,,['en'],advance fee,2024-06-14T23:33:00+00:00,3000.0,0.0,20,23,6,Sunday,90,1,100,advance fee,en,Bill pay kiosk,0
ee803bb0-55b8-4377-a1ea-64084137964e,synth_1b274af463b0,unbanked,tabddpm_synthetic,,['en'],advance fee,2024-08-06T23:02:00+00:00,3000.0,1500.0,20,23,0,Monday,90,1,100,advance fee,en,Bill pay kiosk,0
cce5a9e2-018e-4b93-8dc7-ed3d8980d0a0,synth_60800308fc41,unbanked,tabddpm_synthetic,,['en'],advance fee,2024-08-07T00:26:00+00:00,3000.0,659.2,60,0,0,Monday,61,1,60,advance fee,en,Bill pay kiosk,0
4a4247cb-f5fa-4491-bf93-f79c3bc0dacf,synth_0e423fb32d1f,unbanked,tabddpm_synthetic,,['en'],advance fee,2024-03-18T00:07:00+00:00,3000.0,1500.0,20,0,6,Sunday,0,1,100,advance fee,en,Bill pay kiosk,0
c9ac61d9-b66f-47d9-8890-235948e25374,synth_f7b6079c5da4,unbanked,tabddpm_synthetic,,['en'],advance fee,2024-02-06T23:14:00+00:00,3000.0,1500.0,20,23,6,Sunday,0,1,100,advance fee,en,Bill pay kiosk,0
8e8e5b9a-7133-4d51-a007-c325820f81c8,synth_caf300c7a045,unbanked,tabddpm_synthetic,,['en'],advance fee,2024-11-23T23:50:00+00:00,3000.0,1500.0,20,23,6,Sunday,0,1,100,advance fee,en,Bill pay kiosk,0
ce3e9705-cf18-4748-a5e9-e8c0d2f1be9c,synth_7d795fb3b2cf,unbanked,tabddpm_synthetic,,['en'],advance fee,2024-07-29T05:21:00+00:00,10.0,0.0,20,5,0,Monday,90,1,21,advance fee,en,Bill pay kiosk,0
d1bf194f-2efc-45fd-9b70-a11057616bfc,synth_fd2405e190a9,unbanked,tabddpm_synthetic,,['en'],fake loan,2024-09-01T02:00:00+00:00,265.07,12.77,26,2,0,Monday,0,625,11,fake loan,en,Bill pay kiosk,0
5fe6a610-aa50-4b9f-a950-1976f9380dd1,synth_1b866d7fa8ae,unbanked,tabddpm_synthetic,,['en'],advance fee,2024-03-11T18:08:00+00:00,721.64,48.5,20,18,6,Sunday,2,1188,7,advance fee,en,Bill pay kiosk,0
92795784-e7b7-409f-8a8b-006f79773e41,synth_a23ff8aed3b7,unbanked,tabddpm_synthetic,,['en'],advance fee,2024-05-13T14:03:00+00:00,88.63,40.44,20,14,0,Monday,30,2000,2,advance fee,en,Bill pay kiosk,0
7b92af23-8c34-4b8d-ba36-cdd5e61d84df,synth_8f4b2b321a71,unbanked,tabddpm_synthetic,,['en'],advance fee,2024-04-28T00:07:00+00:00,461.59,0.0,60,0,0,Monday,63,544,10,advance fee,en,Bill pay kiosk,0
cf72b907-c06b-4e85-970f-6e86fa67727b,synth_129f6c6a3be9,unbanked,tabddpm_synthetic,,['en'],advance fee,2024-08-23T00:00:00+00:00,3000.0,1500.0,20,0,0,Monday,81,1,100,advance fee,en,Bill pay kiosk,1
25f09616-599d-4492-982b-a39c2dd254bc,synth_eaf050e10b55,unbanked,tabddpm_synthetic,,['en'],advance fee,2024-03-28T00:10:00+00:00,314.25,0.0,20,0,0,Monday,90,1088,37,advance fee,en,Bill pay kiosk,0
6802d7e0-c3ef-46aa-ac94-56e7ce0c20b0,synth_74e168b92b49,unbanked,tabddpm_synthetic,,['en'],advance fee,2024-11-05T00:12:00+00:00,3000.0,1500.0,20,0,6,Sunday,0,1,100,advance fee,en,Bill pay kiosk,0
660d1a3c-d704-49b7-a898-e2ac1a238183,synth_42f31f7c9cec,unbanked,tabddpm_synthetic,,['en'],advance fee,2024-09-24T09:40:00+00:00,324.43,5.78,31,9,0,Monday,3,1020,6,advance fee,en,Bill pay kiosk,0
6c58afc7-0b1b-4579-9f75-26acc205a2a1,synth_134652695df8,unbanked,tabddpm_synthetic,,['en'],fake loan,2024-12-26T08:30:00+00:00,79.15,22.46,24,8,0,Monday,1,1637,12,fake loan,en,Bill pay kiosk,0
1f031e63-0550-4aa8-8b71-e0f448c555dc,synth_3633f1809f55,unbanked,tabddpm_synthetic,,['en'],advance fee,2024-02-18T00:50:00+00:00,863.86,33.89,60,0,0,Monday,1,2000,7,advance fee,en,Bill pay kiosk,0
da1573d3-6d70-4728-a60b-d90379576415,synth_0814173a8156,unbanked,tabddpm_synthetic,,['en'],advance fee,2024-11-24T23:18:00+00:00,3000.0,1500.0,20,23,6,Sunday,0,1,100,advance fee,en,Bill pay kiosk,0
8da9f711-06fc-48ba-a06c-24380a8d9d68,synth_fb51c5ad788d,unbanked,tabddpm_synthetic,,['en'],advance fee,2024-11-25T11:23:00+00:00,139.25,20.48,39,11,0,Monday,27,1582,7,advance fee,en,Bill pay kiosk,0
bab8a0c7-cfb9-4a1b-a13e-16635cec68a1,synth_da8cc1f08c33,unbanked,tabddpm_synthetic,,['en'],advance fee,2024-10-08T21:23:00+00:00,10.0,0.0,20,21,0,Monday,90,1,86,advance fee,en,Bill pay kiosk,1
993fafc5-b033-4ace-bd2f-044d3d1c3be1,synth_a1b3144bf26b,unbanked,tabddpm_synthetic,,['en'],advance fee,2024-01-03T00:42:00+00:00,57.62,19.65,39,0,0,Monday,0,1477,7,advance fee,en,Bill pay kiosk,0
9d5ecb7b-3b5b-496c-a4d8-55085fd6f99c,synth_821191d1b5b4,unbanked,tabddpm_synthetic,,['en'],advance fee,2024-09-10T10:30:00+00:00,97.92,58.2,20,10,0,Monday,24,1733,5,advance fee,en,Bill pay kiosk,0
fecebcfc-7c2a-4183-9a9e-7ff9ecf7788a,synth_3183f703af04,unbanked,tabddpm_synthetic,,['en'],advance fee,2024-12-17T23:49:00+00:00,3000.0,1500.0,20,23,6,Sunday,18,1,100,advance fee,en,Bill pay kiosk,0
5df5b18b-a276-472f-ba26-788463d5350c,synth_eab3cdca6031,unbanked,tabddpm_synthetic,,['en'],advance fee,2024-09-16T00:48:00+00:00,3000.0,513.22,51,0,5,Saturday,69,1,100,advance fee,en,Bill pay kiosk,1
9d36f0e7-60f1-40ed-b043-4186522c5e89,synth_c8a928d92a7f,unbanked,tabddpm_synthetic,,['en'],advance fee,2024-11-23T06:16:00+00:00,595.17,36.47,32,6,1,Tuesday,0,766,6,advance fee,en,Bill pay kiosk,0
7070667c-66a6-46a6-8cd4-9ec52428f895,synth_bf273867f44b,unbanked,tabddpm_synthetic,,['en'],advance fee,2024-03-16T00:53:00+00:00,2142.74,39.23,20,0,6,Sunday,90,1,100,advance fee,en,Bill pay kiosk,0
184c08d8-ee59-4cf4-a730-605c53dc7f91,synth_a34f17abf017,unbanked,tabddpm_synthetic,,['en'],advance fee,2024-12-10T23:18:00+00:00,3000.0,1500.0,20,23,0,Monday,90,1,100,advance fee,en,Bill pay kiosk,0
a9d509a1-4350-4350-a344-e977bbb288b7,synth_a5f334d9004e,unbanked,tabddpm_synthetic,,['en'],advance fee,2024-07-23T00:29:00+00:00,3000.0,836.82,23,0,0,Monday,63,1,100,advance fee,en,Bill pay kiosk,0
b92dedfd-2f67-4ea7-979a-432d96bcbf85,synth_1613de6b22eb,unbanked,tabddpm_synthetic,,['en'],advance fee,2024-07-01T00:19:00+00:00,180.79,10.0,20,0,0,Monday,0,1715,6,advance fee,en,Bill pay kiosk,0
ae4729e2-92b3-417f-b371-bdb1b8a9b2af,synth_35a43617fbe5,unbanked,tabddpm_synthetic,,['en'],advance fee,2024-10-06T10:41:00+00:00,209.71,24.91,20,10,0,Monday,12,1707,3,advance fee,en,Bill pay kiosk,0
a3bbccfc-00dd-49a7-a664-01143225e316,synth_be6ae2e969bc,unbanked,tabddpm_synthetic,,['en'],advance fee,2024-02-14T00:44:00+00:00,1980.04,92.71,20,0,6,Sunday,90,1,35,advance fee,en,Bill pay kiosk,0
3ccc01b7-8cc2-4695-8ccd-87c480228ea9,synth_27c7a9bc8a76,unbanked,tabddpm_synthetic,,['en'],advance fee,2024-09-24T11:34:00+00:00,304.75,37.26,20,11,0,Monday,21,1985,0,advance fee,en,Bill pay kiosk,0
1647656e-fd88-475f-9d38-8d9fe06094ed,synth_b3ca1ec131a4,unbanked,tabddpm_synthetic,,['en'],advance fee,2024-10-10T11:39:00+00:00,59.71,1.45,20,11,2,Wednesday,90,2000,6,advance fee,en,Bill pay kiosk,0
eb1f07ab-fa65-4cda-8035-a940c687609d,synth_d44158cd9226,unbanked,tabddpm_synthetic,,['en'],advance fee,2024-09-26T02:59:00+00:00,120.84,53.41,20,2,0,Monday,0,579,9,advance fee,en,Bill pay kiosk,0
bd9267c7-8a6e-45a4-bfcf-1d2dc9bf6bc7,synth_3cd61694df53,unbanked,tabddpm_synthetic,,['en'],advance fee,2024-03-13T00:14:00+00:00,3000.0,1500.0,60,0,6,Sunday,0,1,100,advance fee,en,Bill pay kiosk,0
140b29f6-babe-4f2b-bc96-a974b87e624a,synth_88d1b470b1f6,unbanked,tabddpm_synthetic,,['en'],fake loan,2024-11-06T02:28:00+00:00,294.93,33.05,20,2,0,Monday,0,1485,10,fake loan,en,Bill pay kiosk,0
ac4b51bc-551a-4d12-b09f-b077468d485e,synth_8ae2d8c11dc5,unbanked,tabddpm_synthetic,,['en'],advance fee,2024-05-05T23:56:00+00:00,3000.0,1500.0,20,23,6,Sunday,90,1,90,advance fee,en,Bill pay kiosk,0
b3f308c4-2206-4047-868a-47061e6a0222,synth_8607ef34ca2a,unbanked,tabddpm_synthetic,,['en'],advance fee,2024-12-17T00:04:00+00:00,249.49,46.6,55,0,0,Monday,0,1719,7,advance fee,en,Bill pay kiosk,0
5e4158a3-2a6f-4219-ad35-7c16e665c7aa,synth_afb9a54e9e2e,unbanked,tabddpm_synthetic,,['en'],advance fee,2024-10-24T06:48:00+00:00,278.14,20.15,20,6,0,Monday,6,1931,7,advance fee,en,Bill pay kiosk,0
07d17af1-1f20-49b3-a4d2-b0fccc82758c,synth_6e2eafe1584e,unbanked,tabddpm_synthetic,,['en'],advance fee,2024-04-30T00:33:00+00:00,3000.0,1500.0,60,0,0,Monday,80,1,100,advance fee,en,Bill pay kiosk,1
a1be2cab-820e-4a73-813d-5c3383334c76,synth_d4649176c729,unbanked,tabddpm_synthetic,,['en'],fake loan,2024-02-04T11:01:00+00:00,424.46,56.13,20,11,0,Monday,40,2000,8,fake loan,en,Bill pay kiosk,0
20276d4b-47ae-414e-a4a5-82a43dd23d86,synth_a979b48fbdad,unbanked,tabddpm_synthetic,,['en'],advance fee,2024-09-09T09:08:00+00:00,322.98,37.9,28,9,0,Monday,0,574,7,advance fee,en,Bill pay kiosk,0
364ae05b-b11d-4be6-be6b-f9845492239c,synth_43c012f3b874,unbanked,tabddpm_synthetic,,['en'],advance fee,2024-10-27T04:35:00+00:00,16.68,1.43,36,4,0,Monday,62,961,6,advance fee,en,Bill pay kiosk,0
5c7f50c2-92bc-4e3d-935b-e09e8bc1ce5b,synth_0706d913fa9f,unbanked,tabddpm_synthetic,,['en'],advance fee,2024-04-09T00:12:00+00:00,178.9,29.83,20,0,0,Monday,0,2000,12,advance fee,en,Bill pay kiosk,0
be6249c7-d537-481c-97bb-13d1eb502327,synth_33fd32b7e7b0,unbanked,tabddpm_synthetic,,['en'],advance fee,2024-03-19T23:33:00+00:00,3000.0,1500.0,60,23,0,Monday,90,1,100,advance fee,en,Bill pay kiosk,1
f9fe152b-0299-4885-9c13-5f9e34e8c93b,synth_0a34730ac6e7,unbanked,tabddpm_synthetic,,['en'],advance fee,2024-01-09T23:52:00+00:00,3000.0,1500.0,20,23,6,Sunday,0,1,100,advance fee,en,Bill pay kiosk,0
6bf369ba-aa5f-4138-a9dd-fd9ef04d6396,synth_f59fc59e6a3f,unbanked,tabddpm_synthetic,,['en'],advance fee,2024-12-06T00:18:00+00:00,338.51,25.25,34,0,0,Monday,1,1,11,advance fee,en,Bill pay kiosk,0
fbae3865-778e-485e-981b-66c00a826644,synth_e958391805f4,unbanked,tabddpm_synthetic,,['en'],advance fee,2024-09-19T01:55:00+00:00,10.0,0.0,20,1,0,Monday,77,1452,19,advance fee,en,Bill pay kiosk,0
de9b456e-7b1b-427b-95a6-ad97092de418,synth_79fff227ee6c,unbanked,tabddpm_synthetic,,['en'],advance fee,2024-03-06T23:19:00+00:00,3000.0,1500.0,20,23,0,Monday,90,1,100,advance fee,en,Bill pay kiosk,0
6beba04d-4eb3-402f-810e-6c735cedb06b,synth_cf042cb90cfa,unbanked,tabddpm_synthetic,,['en'],advance fee,2024-06-12T20:55:00+00:00,3000.0,1500.0,20,20,6,Sunday,64,1,100,advance fee,en,Bill pay kiosk,0
7c5f58bb-f15f-4a23-81be-f170db160fec,synth_0754c407e168,unbanked,tabddpm_synthetic,,['en'],advance fee,2024-04-27T00:43:00+00:00,3000.0,1500.0,20,0,6,Sunday,0,1,100,advance fee,en,Bill pay kiosk,0
76399d9e-0469-4c00-add4-8f9bed7b013f,synth_e8563b5d544e,unbanked,tabddpm_synthetic,,['en'],advance fee,2024-03-11T00:17:00+00:00,2664.93,0.0,20,0,0,Monday,90,1269,50,advance fee,en,Bill pay kiosk,0
9e5d7a43-a2b8-421a-849b-fc40ed5077e1,synth_dbb2f0815ff9,unbanked,tabddpm_synthetic,,['en'],fake loan,2024-04-29T09:30:00+00:00,168.53,19.24,20,9,0,Monday,5,1276,2,fake loan,en,Bill pay kiosk,0
58409de2-0ec2-42c2-b5cd-593c49e818f8,synth_7ebe96ba2f65,unbanked,tabddpm_synthetic,,['en'],advance fee,2024-10-30T14:52:00+00:00,10.0,0.0,20,14,0,Monday,90,1,70,advance fee,en,Bill pay kiosk,0
064afd99-5e72-4f55-adf1-f4fd531213eb,synth_3732307e3e48,unbanked,tabddpm_synthetic,,['en'],advance fee,2024-06-13T23:42:00+00:00,3000.0,1500.0,60,23,0,Monday,15,1,100,advance fee,en,Bill pay kiosk,0
f9e1f5f2-eb15-406a-b424-f17ac2e83e26,synth_362f68094d4b,unbanked,tabddpm_synthetic,,['en'],advance fee,2024-07-23T23:39:00+00:00,3000.0,1500.0,60,23,0,Monday,90,1,100,advance fee,en,Bill pay kiosk,1
5643e661-2e4b-46a1-8c0b-5f23a75f5251,synth_f3119758421f,unbanked,tabddpm_synthetic,,['en'],advance fee,2024-05-19T01:34:00+00:00,349.71,67.14,20,1,0,Monday,0,2000,5,advance fee,en,Bill pay kiosk,0
9bc63d3f-a8ec-41cb-94f0-5daa4902f11a,synth_a2c246f7de08,unbanked,tabddpm_synthetic,,['en'],advance fee,2024-02-19T09:39:00+00:00,130.59,37.48,20,9,0,Monday,57,2000,5,advance fee,en,Bill pay kiosk,0
465dc8e3-8034-41ed-933c-5b8ea955aaee,synth_3e1f9f594156,unbanked,tabddpm_synthetic,,['en'],advance fee,2024-06-29T00:30:00+00:00,3000.0,1500.0,51,0,0,Monday,29,1,100,advance fee,en,Bill pay kiosk,0
c9213afd-a635-4a97-b933-a1d40352bb88,synth_34f2b10202b3,unbanked,tabddpm_synthetic,,['en'],advance fee,2024-07-04T13:36:00+00:00,10.0,0.0,20,13,0,Monday,90,1,57,advance fee,en,Bill pay kiosk,0
94114dc2-845b-4181-9653-036ed2c33e11,synth_053549c272ee,unbanked,tabddpm_synthetic,,['en'],advance fee,2024-12-09T00:09:00+00:00,3000.0,1269.17,20,0,0,Monday,59,1,72,advance fee,en,Bill pay kiosk,0
c4a2ce08-5591-43d3-af78-2b079eca9755,synth_d9efd49a247c,unbanked,tabddpm_synthetic,,['en'],advance fee,2024-02-13T16:57:00+00:00,636.28,0.0,20,16,0,Monday,90,1,100,advance fee,en,Bill pay kiosk,1
deb90555-988d-4468-a9ac-83d9960a0e69,synth_5c8787f23fd6,unbanked,tabddpm_synthetic,,['en'],advance fee,2024-08-19T10:48:00+00:00,205.37,28.12,43,10,0,Monday,16,436,8,advance fee,en,Bill pay kiosk,0
a20a5bb6-fada-4de7-98b0-c1288c8fee9e,synth_218bca5e0a93,unbanked,tabddpm_synthetic,,['en'],advance fee,2024-12-15T00:42:00+00:00,3000.0,866.72,56,0,0,Monday,27,1,100,advance fee,en,Bill pay kiosk,0
e84518d9-f480-42ea-8737-28870cfb2a89,synth_f3fbcc5c7e9a,unbanked,tabddpm_synthetic,,['en'],advance fee,2024-12-03T23:46:00+00:00,3000.0,1500.0,20,23,0,Monday,90,1,100,advance fee,en,Bill pay kiosk,0
0e5d067c-8c3e-4bc9-a064-8e1272e02a72,synth_2e37d2e20bf3,unbanked,tabddpm_synthetic,,['en'],advance fee,2024-12-16T06:08:00+00:00,3000.0,301.16,20,6,0,Monday,7,1384,16,advance fee,en,Bill pay kiosk,0
b7852d2d-a516-423c-b0ef-6b44323d4734,synth_d8d1c3012619,unbanked,tabddpm_synthetic,,['en'],advance fee,2024-04-06T00:07:00+00:00,3000.0,653.96,60,0,0,Monday,32,1,100,advance fee,en,Bill pay kiosk,0
c91cdb3a-4711-47cf-a76b-d3710db68f39,synth_7af0cc1f85c0,unbanked,tabddpm_synthetic,,['en'],advance fee,2024-09-09T23:10:00+00:00,3000.0,1500.0,20,23,0,Monday,90,1,100,advance fee,en,Bill pay kiosk,0
9df487b0-c494-49da-a329-07601ca367bb,synth_911a0a87f995,unbanked,tabddpm_synthetic,,['en'],advance fee,2024-07-25T23:54:00+00:00,3000.0,1500.0,60,23,0,Monday,90,1,100,advance fee,en,Bill pay kiosk,0
ab480310-4d0d-4e6e-99c6-1d4e9dc4f1e0,synth_2c445e94d86a,unbanked,tabddpm_synthetic,,['en'],advance fee,2024-10-24T23:32:00+00:00,3000.0,1500.0,20,23,0,Monday,90,1,100,advance fee,en,Bill pay kiosk,1
fdb8a72e-ab20-49ca-87ea-f527d1afa4ae,synth_d04e2f7af7dc,unbanked,tabddpm_synthetic,,['en'],advance fee,2024-04-12T00:56:00+00:00,262.19,6.06,26,0,0,Monday,0,2000,8,advance fee,en,Bill pay kiosk,0
9f0f5e4d-4c35-4dcc-b2ac-fb6f33082be8,synth_af8fcd65cdfc,unbanked,tabddpm_synthetic,,['en'],advance fee,2024-08-27T05:10:00+00:00,10.0,0.0,20,5,0,Monday,90,1512,9,advance fee,en,Bill pay kiosk,0
a69ecb80-73da-4d56-a910-560ee4aebe64,synth_99c9e5069a95,unbanked,tabddpm_synthetic,,['en'],advance fee,2024-02-12T00:25:00+00:00,143.47,7.02,21,0,0,Monday,0,2000,8,advance fee,en,Bill pay kiosk,0
18d7f0cb-bc01-45b9-91c8-92e9bf5b7c9a,synth_497f0290eace,unbanked,tabddpm_synthetic,,['en'],advance fee,2024-08-30T23:41:00+00:00,3000.0,1500.0,20,23,6,Sunday,0,1,100,advance fee,en,Bill pay kiosk,0
6012e47b-704a-4de6-9eaa-097284c4eaad,synth_324e0e4b7b59,unbanked,tabddpm_synthetic,,['en'],advance fee,2024-09-14T00:24:00+00:00,100.98,0.0,20,0,0,Monday,55,1366,17,advance fee,en,Bill pay kiosk,0
1d904b75-2d50-4c52-998c-f8de7caa7127,synth_1d717a6124cd,unbanked,tabddpm_synthetic,,['en'],advance fee,2024-05-22T00:44:00+00:00,88.31,23.78,39,0,0,Monday,0,2000,11,advance fee,en,Bill pay kiosk,0
1e12e024-910d-4441-acba-fbb7fa2d18f0,synth_9261f143f749,unbanked,tabddpm_synthetic,,['en'],advance fee,2024-01-04T00:17:00+00:00,651.04,71.15,24,0,0,Monday,0,2000,15,advance fee,en,Bill pay kiosk,0
71eec861-a55c-4a81-965a-b49c1d628b2a,synth_36eb8ec7a937,unbanked,tabddpm_synthetic,,['en'],advance fee,2024-09-06T23:28:00+00:00,3000.0,1500.0,20,23,0,Monday,90,1,100,advance fee,en,Bill pay kiosk,0
1ed32b8a-e8bc-466d-bd2a-88c0a864b599,synth_1da840406bd1,unbanked,tabddpm_synthetic,,['en'],advance fee,2024-12-11T10:39:00+00:00,275.22,20.86,30,10,0,Monday,10,1,13,advance fee,en,Bill pay kiosk,0
3c8f11f8-ffce-417e-a131-d8937cb7bd14,synth_7e47d151960b,unbanked,tabddpm_synthetic,,['en'],advance fee,2024-08-29T01:05:00+00:00,305.14,23.5,39,1,0,Monday,15,2000,12,advance fee,en,Bill pay kiosk,0
32a180bd-9235-4d42-8f9b-56dbc1bc07ef,synth_d60057095159,unbanked,tabddpm_synthetic,,['en'],advance fee,2024-11-28T07:29:00+00:00,260.25,40.55,20,7,0,Monday,56,2000,7,advance fee,en,Bill pay kiosk,0
3104f4e2-b3b6-4562-857a-024c074e0184,synth_3b37d0fd86aa,unbanked,tabddpm_synthetic,,['en'],advance fee,2024-02-06T02:33:00+00:00,351.99,28.03,20,2,0,Monday,3,1912,9,advance fee,en,Bill pay kiosk,0
099e92c0-0323-4e8d-8e8c-6096ba736e2e,synth_86ad1197b14e,unbanked,tabddpm_synthetic,,['en'],advance fee,2024-10-28T23:54:00+00:00,3000.0,1500.0,60,23,0,Monday,0,1,100,advance fee,en,Bill pay kiosk,0
3f47b204-5fb9-468f-9127-4b5514f3c0f5,synth_16346a26f369,unbanked,tabddpm_synthetic,,['en'],advance fee,2024-09-07T11:24:00+00:00,617.3,38.52,20,11,0,Monday,4,553,4,advance fee,en,Bill pay kiosk,0
575c02a4-324d-40b5-94b0-a2685041892c,synth_757a57e0a1e8,unbanked,tabddpm_synthetic,,['en'],advance fee,2024-05-31T07:25:00+00:00,10.0,0.0,40,7,0,Monday,58,616,5,advance fee,en,Bill pay kiosk,0
5dff1a6d-1ddd-48a4-a4a9-28f93203d8d3,synth_6899afccb989,unbanked,tabddpm_synthetic,,['en'],advance fee,2024-03-05T23:05:00+00:00,3000.0,1500.0,20,23,0,Monday,90,1,100,advance fee,en,Bill pay kiosk,0
559ce48c-f50d-4388-bb36-34805b8f5135,synth_6e552a318bbe,unbanked,tabddpm_synthetic,,['en'],advance fee,2024-08-31T00:13:00+00:00,2320.19,196.06,44,0,0,Monday,7,1088,15,advance fee,en,Bill pay kiosk,0
03a2dbf7-a1b9-46c0-95de-9ec515d75fd3,synth_0492fd51e476,unbanked,tabddpm_synthetic,,['en'],advance fee,2024-01-31T16:50:00+00:00,361.74,19.53,20,16,0,Monday,2,1635,8,advance fee,en,Bill pay kiosk,0
549bfd78-0f49-4ced-bddb-9cf97933b4f7,synth_b9f420492f91,unbanked,tabddpm_synthetic,,['en'],fake loan,2024-10-30T08:55:00+00:00,371.11,27.99,33,8,0,Monday,8,1421,12,fake loan,en,Bill pay kiosk,0
d662e143-e65f-48b2-a382-730cd57ae713,synth_f51b4b6874a4,unbanked,tabddpm_synthetic,,['en'],advance fee,2024-08-30T23:43:00+00:00,3000.0,1500.0,60,23,0,Monday,90,1,100,advance fee,en,Bill pay kiosk,0
3ecfe205-523e-4546-8ecd-0c41e29c4e31,synth_d1875a20e4be,unbanked,tabddpm_synthetic,,['en'],advance fee,2024-01-23T23:44:00+00:00,3000.0,1500.0,20,23,0,Monday,90,1,100,advance fee,en,Bill pay kiosk,0
e8139c51-2911-4c4b-992b-71685c5937a2,synth_5e3856a28d13,unbanked,tabddpm_synthetic,,['en'],advance fee,2024-07-01T23:30:00+00:00,3000.0,1500.0,20,23,0,Monday,90,1,100,advance fee,en,Bill pay kiosk,1
5b30c3e3-0bab-4bda-b638-744c48aff8ab,synth_915f64d1be0a,unbanked,tabddpm_synthetic,,['en'],advance fee,2024-08-13T23:56:00+00:00,10.0,0.0,20,23,0,Monday,90,1,100,advance fee,en,Bill pay kiosk,0
886949cf-5e3a-4d95-a695-fbbd0af0bd8f,synth_484221c807b5,unbanked,tabddpm_synthetic,,['en'],advance fee,2024-11-19T00:13:00+00:00,355.02,34.71,20,0,0,Monday,0,1629,14,advance fee,en,Bill pay kiosk,0
017b8066-37e1-47bb-b49e-c047addabae8,synth_2d9638654ab9,unbanked,tabddpm_synthetic,,['en'],advance fee,2024-06-12T00:53:00+00:00,1637.81,40.54,20,0,6,Sunday,90,582,38,advance fee,en,Bill pay kiosk,0
1a1aaa52-00a6-48b1-af5a-4dcd02ddb384,synth_e4f5b414b06a,unbanked,tabddpm_synthetic,,['en'],advance fee,2024-02-15T23:01:00+00:00,3000.0,1500.0,20,23,0,Monday,90,1,100,advance fee,en,Bill pay kiosk,0
d1cdacb7-97a7-481d-b289-ca790e73f531,synth_ed1df678ea08,unbanked,tabddpm_synthetic,,['en'],advance fee,2024-05-31T06:50:00+00:00,3000.0,397.71,20,6,0,Monday,0,1374,7,advance fee,en,Bill pay kiosk,0
229335cc-e03c-46eb-8bd4-d9c63693849a,synth_fe3d070624cd,unbanked,tabddpm_synthetic,,['en'],advance fee,2024-09-20T05:55:00+00:00,10.0,0.0,20,5,0,Monday,90,1068,10,advance fee,en,Bill pay kiosk,0
f6c1a541-19f5-4484-8c95-6333457c6e48,synth_ccb4e4bfdd32,unbanked,tabddpm_synthetic,,['en'],advance fee,2024-10-28T07:22:00+00:00,10.0,0.0,20,7,0,Monday,90,1,29,advance fee,en,Bill pay kiosk,0
ac0877f9-e6c1-49a4-9da7-c56cf280ad21,synth_529b985451a4,unbanked,tabddpm_synthetic,,['en'],advance fee,2024-08-26T23:08:00+00:00,3000.0,1500.0,20,23,6,Sunday,90,1,100,advance fee,en,Bill pay kiosk,0
327704a4-1fed-470b-a921-46d93f5ee5de,synth_def353a04a8c,unbanked,tabddpm_synthetic,,['en'],advance fee,2024-03-24T02:58:00+00:00,652.45,32.93,30,2,0,Monday,0,1456,2,advance fee,en,Bill pay kiosk,0
b398d3fb-c88f-447f-a7db-02c557c4b93f,synth_c7fab5291f83,unbanked,tabddpm_synthetic,,['en'],advance fee,2024-08-15T23:10:00+00:00,3000.0,751.07,28,23,0,Monday,22,1,12,advance fee,en,Bill pay kiosk,0
68aab08e-e724-429d-9bff-cbeb6a2ea86e,synth_1ee5953c28c7,unbanked,tabddpm_synthetic,,['en'],advance fee,2024-05-15T07:46:00+00:00,397.63,45.96,20,7,0,Monday,8,1342,3,advance fee,en,Bill pay kiosk,0
e6c39d64-685e-4afa-87e3-cf6421c2434a,synth_1d8e9df29825,unbanked,tabddpm_synthetic,,['en'],advance fee,2024-03-21T23:30:00+00:00,3000.0,1500.0,20,23,0,Monday,90,1,100,advance fee,en,Bill pay kiosk,0
02ad7717-4e11-4b24-929d-3f08e69b3faf,synth_dbcd1449ec5f,unbanked,tabddpm_synthetic,,['en'],advance fee,2024-08-11T00:49:00+00:00,3000.0,216.34,60,0,0,Monday,44,1,100,advance fee,en,Bill pay kiosk,1
a4b2a863-9072-418c-9319-283b92ca6947,synth_0c3145329707,unbanked,tabddpm_synthetic,,['en'],advance fee,2024-02-23T00:46:00+00:00,315.97,36.62,23,0,0,Monday,0,1854,7,advance fee,en,Bill pay kiosk,0
ede85477-3ec7-4cf9-8ed7-dd9c8c8c01b2,synth_b9ccd3b59942,unbanked,tabddpm_synthetic,,['en'],advance fee,2024-05-10T04:53:00+00:00,10.0,0.0,27,4,0,Monday,52,1418,8,advance fee,en,Bill pay kiosk,0
686bf3eb-924b-4498-adc0-67069c926719,synth_f7af9c2fcbc8,unbanked,tabddpm_synthetic,,['en'],advance fee,2024-06-30T17:40:00+00:00,360.25,0.25,40,17,0,Monday,0,643,3,advance fee,en,Bill pay kiosk,0
067800b8-a565-48fb-b82c-d01a79638587,synth_ae7938987185,unbanked,tabddpm_synthetic,,['en'],advance fee,2024-03-11T00:11:00+00:00,3000.0,484.61,60,0,0,Monday,49,1,100,advance fee,en,Bill pay kiosk,1
a4859707-460f-451a-8ba9-6b8d53a0cea9,synth_1f21425b6903,unbanked,tabddpm_synthetic,,['en'],fake loan,2024-11-06T11:21:00+00:00,26.55,0.0,20,11,0,Monday,19,1678,10,fake loan,en,Bill pay kiosk,0
1f6e0ac9-cdb0-4548-a3e9-3be8d06af983,synth_e49b627a1a06,unbanked,tabddpm_synthetic,,['en'],advance fee,2024-05-31T04:26:00+00:00,515.79,97.66,20,4,5,Saturday,90,430,13,advance fee,en,Bill pay kiosk,0
c7763913-6af4-4fe5-8c73-aba235fda804,synth_9c7a21b2189a,unbanked,tabddpm_synthetic,,['en'],advance fee,2024-08-10T00:13:00+00:00,3000.0,1267.51,20,0,0,Monday,3,1,70,advance fee,en,Bill pay kiosk,0
1e9b4c4e-2e89-4a1a-9b12-c3baf5c189f6,synth_97bcdc5984f3,unbanked,tabddpm_synthetic,,['en'],advance fee,2024-11-18T00:33:00+00:00,3000.0,1349.08,60,0,0,Monday,38,1,100,advance fee,en,Bill pay kiosk,1
53b967e7-e9a6-404f-9d8b-1993c3d4d1d2,synth_f1b542dcf0c0,unbanked,tabddpm_synthetic,,['en'],advance fee,2024-12-02T23:39:00+00:00,3000.0,1500.0,60,23,0,Monday,90,1,100,advance fee,en,Bill pay kiosk,0
1ebeb74c-62ff-4af6-8e71-73f452bb7e39,synth_134c960eeec7,unbanked,tabddpm_synthetic,,['en'],advance fee,2024-05-06T23:40:00+00:00,3000.0,1500.0,60,23,0,Monday,90,1,100,advance fee,en,Bill pay kiosk,0
695fa7af-5a21-4669-9994-32dd80ec8506,synth_b3133c623a44,unbanked,tabddpm_synthetic,,['en'],advance fee,2024-03-28T04:07:00+00:00,182.18,20.49,36,4,0,Monday,0,1841,7,advance fee,en,Bill pay kiosk,0
2d56f97e-17a8-445a-ad72-b3eb80eff4ce,synth_cb873e709fb8,unbanked,tabddpm_synthetic,,['en'],advance fee,2024-01-11T07:47:00+00:00,659.49,76.0,20,7,0,Monday,29,2000,0,advance fee,en,Bill pay kiosk,0
62611eed-3315-4b2c-811f-eaf4e660cab9,synth_64cd61099090,unbanked,tabddpm_synthetic,,['en'],advance fee,2024-11-28T23:06:00+00:00,3000.0,1500.0,20,23,6,Sunday,53,1,100,advance fee,en,Bill pay kiosk,0
c2051a4e-59b5-4a32-be12-a80b6a63ce9f,synth_f739336a312f,unbanked,tabddpm_synthetic,,['en'],advance fee,2024-11-18T23:54:00+00:00,3000.0,1500.0,20,23,0,Monday,90,1,100,advance fee,en,Bill pay kiosk,0
5819ab1b-2c23-47b6-bdcc-7c1f2a0a95a9,synth_bbddc0e3ae2e,unbanked,tabddpm_synthetic,,['en'],advance fee,2024-08-21T23:10:00+00:00,3000.0,1500.0,20,23,6,Sunday,0,1,100,advance fee,en,Bill pay kiosk,0
03981ac1-0b94-45a4-b72e-c9dd7e370b6c,synth_d15745a65ed0,unbanked,tabddpm_synthetic,,['en'],advance fee,2024-03-15T00:33:00+00:00,3000.0,1500.0,41,0,0,Monday,90,1,100,advance fee,en,Bill pay kiosk,0
fb69dd65-ee83-482a-bb7e-983f5e34e530,synth_ca58405810af,unbanked,tabddpm_synthetic,,['en'],advance fee,2024-05-14T00:25:00+00:00,75.0,0.0,20,0,0,Monday,72,657,18,advance fee,en,Bill pay kiosk,0
39d1dd72-0ba2-4f9a-8d25-a7eb2c71d55d,synth_65fdf56627bd,unbanked,tabddpm_synthetic,,['en'],advance fee,2024-12-20T11:35:00+00:00,931.56,83.8,20,11,0,Monday,18,923,6,advance fee,en,Bill pay kiosk,0
beaae276-2bbe-488c-a01c-c643a1e43288,synth_f7452a626fa1,unbanked,tabddpm_synthetic,,['en'],advance fee,2024-01-24T02:33:00+00:00,1794.38,158.05,35,2,0,Monday,13,785,11,advance fee,en,Bill pay kiosk,0
1924428e-6892-48d9-bce5-a41dad018da0,synth_febb02458736,unbanked,tabddpm_synthetic,,['en'],advance fee,2024-04-25T09:24:00+00:00,10.0,20.47,20,9,5,Saturday,16,1487,1,advance fee,en,Bill pay kiosk,0
010d64cb-f3b6-4872-a67e-c7841ceca4ba,synth_993d0d62b027,unbanked,tabddpm_synthetic,,['en'],advance fee,2024-05-18T00:38:00+00:00,181.95,18.64,20,0,0,Monday,0,1786,12,advance fee,en,Bill pay kiosk,0
96ead727-b116-4e93-8770-2b11e1e1f627,synth_0e8e0cfcd0cd,unbanked,tabddpm_synthetic,,['en'],advance fee,2024-01-19T04:03:00+00:00,10.0,0.0,20,4,1,Tuesday,90,1134,13,advance fee,en,Bill pay kiosk,0
8ad88067-4381-4c65-ae85-65750532a28e,synth_22583ba24534,unbanked,tabddpm_synthetic,,['en'],advance fee,2024-09-29T00:59:00+00:00,3000.0,1500.0,60,0,0,Monday,90,1,100,advance fee,en,Bill pay kiosk,1
79034532-6398-477a-af20-a0304f2d65da,synth_eafb0020a8b7,unbanked,tabddpm_synthetic,,['en'],advance fee,2024-05-31T23:40:00+00:00,3000.0,1500.0,20,23,6,Sunday,0,1,100,advance fee,en,Bill pay kiosk,0
ad8f1865-24ee-45e7-b619-c2f9bbd3a5e1,synth_9f83e7996935,unbanked,tabddpm_synthetic,,['en'],fake loan,2024-08-01T04:21:00+00:00,2043.62,79.88,23,4,1,Tuesday,0,135,9,fake loan,en,Bill pay kiosk,0
3e38bc7f-6261-49fa-b43b-190ed0f0e22e,synth_3f292b4abe4b,unbanked,tabddpm_synthetic,,['en'],advance fee,2024-10-21T00:36:00+00:00,3000.0,1500.0,20,0,0,Monday,90,1,100,advance fee,en,Bill pay kiosk,1
5bde5f60-c3ba-441f-be9d-438038106be5,synth_65e51a8f85c6,unbanked,tabddpm_synthetic,,['en'],advance fee,2024-04-17T00:33:00+00:00,3000.0,1500.0,60,0,0,Monday,11,1,100,advance fee,en,Bill pay kiosk,1
83314555-2e5f-4074-a0f1-e0a182ac82fa,synth_76657cd40aff,unbanked,tabddpm_synthetic,,['en'],advance fee,2024-02-26T23:55:00+00:00,3000.0,1500.0,20,23,0,Monday,90,1,100,advance fee,en,Bill pay kiosk,0
1b9e908a-a96a-4928-8a18-af16d520b7e3,synth_42594945c9b2,unbanked,tabddpm_synthetic,,['en'],advance fee,2024-10-08T11:52:00+00:00,435.81,32.08,35,11,5,Saturday,4,1063,4,advance fee,en,Bill pay kiosk,0
7e24292b-eace-476e-ba84-6293b50ee360,synth_21f986c431ff,unbanked,tabddpm_synthetic,,['en'],advance fee,2024-08-13T16:04:00+00:00,395.93,26.78,20,16,0,Monday,5,1130,2,advance fee,en,Bill pay kiosk,0
6e008187-b115-489b-b995-b259865da643,synth_53b046c24401,unbanked,tabddpm_synthetic,,['en'],advance fee,2024-02-25T23:22:00+00:00,3000.0,1500.0,20,23,0,Monday,90,1,100,advance fee,en,Bill pay kiosk,0
33e39589-30b1-4e26-ac47-b8d8b18b00cf,synth_2af7fd5e8805,unbanked,tabddpm_synthetic,,['en'],advance fee,2024-06-28T00:13:00+00:00,434.31,25.19,25,0,6,Sunday,30,564,30,advance fee,en,Bill pay kiosk,0
4325ede2-f056-413f-b496-664bff22a9bc,synth_af3e5f999f4b,unbanked,tabddpm_synthetic,,['en'],advance fee,2024-01-26T23:39:00+00:00,3000.0,1500.0,60,23,0,Monday,90,1,100,advance fee,en,Bill pay kiosk,1
174d70c0-b364-4a81-8f0e-b064868565f5,synth_f30e04262f3c,unbanked,tabddpm_synthetic,,['en'],advance fee,2024-07-06T04:42:00+00:00,51.52,3.16,20,4,0,Monday,24,397,14,advance fee,en,Bill pay kiosk,0
0296df5b-e0b2-4da4-8c6a-eaff25fd663a,synth_ca4e8e7802dd,unbanked,tabddpm_synthetic,,['en'],advance fee,2024-06-28T12:16:00+00:00,890.21,75.91,20,12,0,Monday,13,1540,7,advance fee,en,Bill pay kiosk,0
10f16a96-488c-4c73-8c49-b67bfcd052ec,synth_c14d9ee7fef4,unbanked,tabddpm_synthetic,,['en'],advance fee,2024-12-22T14:11:00+00:00,461.76,54.34,20,14,0,Monday,17,1927,8,advance fee,en,Bill pay kiosk,0
21c8d6a6-4676-47c1-ab36-4b7ea15e1cc8,synth_73c46844899b,unbanked,tabddpm_synthetic,,['en'],advance fee,2024-02-03T14:24:00+00:00,10.17,0.0,36,14,0,Monday,0,1329,7,advance fee,en,Bill pay kiosk,0
d36a5774-a2ca-4a5d-8c49-feb7ef7dfcd2,synth_a1418e3d9499,unbanked,tabddpm_synthetic,,['en'],advance fee,2024-09-24T23:11:00+00:00,3000.0,1500.0,20,23,6,Sunday,0,1,100,advance fee,en,Bill pay kiosk,0
53365972-b7bd-485b-b23d-450674cce29f,synth_c0cf9c42f1d8,unbanked,tabddpm_synthetic,,['en'],advance fee,2024-04-09T23:42:00+00:00,3000.0,1500.0,20,23,0,Monday,90,1,100,advance fee,en,Bill pay kiosk,0
fd491175-e058-4e72-a8df-679b4398158f,synth_f34e42fa0c4a,unbanked,tabddpm_synthetic,,['en'],advance fee,2024-07-17T00:24:00+00:00,164.16,25.62,35,0,0,Monday,0,1,7,advance fee,en,Bill pay kiosk,0
f4bfade1-adbc-434b-b354-4a430d4b71d9,synth_91364fb3bbb5,unbanked,tabddpm_synthetic,,['en'],advance fee,2024-07-21T00:36:00+00:00,3000.0,1500.0,20,0,0,Monday,2,1,100,advance fee,en,Bill pay kiosk,0
a4bf5271-5539-4692-85cd-98f5d61d3f57,synth_b6b3bfe8b121,unbanked,tabddpm_synthetic,,['en'],advance fee,2024-10-05T07:52:00+00:00,383.83,40.26,20,7,0,Monday,2,1767,4,advance fee,en,Bill pay kiosk,0
ae1144bc-58eb-4bf2-9995-1093834ca4b5,synth_78891bc4fc83,unbanked,tabddpm_synthetic,,['en'],advance fee,2024-05-29T08:07:00+00:00,30.25,5.4,51,8,2,Wednesday,0,976,3,advance fee,en,Bill pay kiosk,0
e5087d8d-e96d-4dba-a414-aad2f875fee1,synth_c8de0ec7db1a,unbanked,tabddpm_synthetic,,['en'],advance fee,2024-03-14T00:08:00+00:00,126.42,20.46,20,0,0,Monday,0,2000,13,advance fee,en,Bill pay kiosk,0
daeb9e76-0d53-418c-95f6-5e854d2771e9,synth_28c68faf75d8,unbanked,tabddpm_synthetic,,['en'],fake loan,2024-04-01T02:15:00+00:00,448.39,10.46,27,2,0,Monday,0,570,7,fake loan,en,Bill pay kiosk,0
73a7547f-752b-49b6-b010-2ea056b3e57f,synth_0f1d33c8c77d,unbanked,tabddpm_synthetic,,['en'],fake loan,2024-09-27T10:38:00+00:00,74.1,50.4,20,10,0,Monday,26,2000,4,fake loan,en,Bill pay kiosk,0
742de6e3-0974-4551-9a3a-b93cc3e61a6a,synth_4c8250ce9e65,unbanked,tabddpm_synthetic,,['en'],advance fee,2024-01-17T08:57:00+00:00,10.0,0.0,20,8,0,Monday,90,1,69,advance fee,en,Bill pay kiosk,0
f49a9873-9fd7-42b3-a0ed-27adf4d67ab5,synth_e4671baf1003,unbanked,tabddpm_synthetic,,['en'],advance fee,2024-02-27T03:56:00+00:00,379.18,47.67,40,3,0,Monday,16,719,11,advance fee,en,Bill pay kiosk,0
29b5bc52-df6a-4592-9ced-c08e3f933de6,synth_8b6709f694a7,unbanked,tabddpm_synthetic,,['en'],advance fee,2024-01-25T00:32:00+00:00,3000.0,1500.0,20,0,6,Sunday,90,1,100,advance fee,en,Bill pay kiosk,0
34ff58a9-7750-4f95-9577-58af3c41e900,synth_83676c199e98,unbanked,tabddpm_synthetic,,['en'],advance fee,2024-11-27T23:17:00+00:00,3000.0,1500.0,20,23,6,Sunday,0,1,100,advance fee,en,Bill pay kiosk,0
25d9a4a4-70c5-47c0-b26f-50419f115ab4,synth_a4a12cf51d04,unbanked,tabddpm_synthetic,,['en'],advance fee,2024-05-20T15:46:00+00:00,403.13,35.62,20,15,0,Monday,10,1771,3,advance fee,en,Bill pay kiosk,0
6d96d191-1488-40e8-8ab9-5963ee4a9da1,synth_e2b47db02e47,unbanked,tabddpm_synthetic,,['en'],advance fee,2024-05-09T00:54:00+00:00,1438.91,72.24,44,0,4,Friday,19,603,10,advance fee,en,Bill pay kiosk,0
fdade9f2-67fb-4264-9327-054092a14a96,synth_3423075d5a27,unbanked,tabddpm_synthetic,,['en'],advance fee,2024-09-12T00:46:00+00:00,3000.0,1500.0,20,0,0,Monday,90,1,100,advance fee,en,Bill pay kiosk,1
358493ef-fc3a-41fd-b506-b2f5f574f8eb,synth_f80a1e1a3378,unbanked,tabddpm_synthetic,,['en'],advance fee,2024-08-11T00:19:00+00:00,3000.0,197.93,20,0,0,Monday,90,1,100,advance fee,en,Bill pay kiosk,1
a5b159ab-6377-4580-b547-a8b32daa615d,synth_e54ffd2b91df,unbanked,tabddpm_synthetic,,['en'],advance fee,2024-04-22T09:06:00+00:00,287.65,14.27,20,9,0,Monday,0,1188,10,advance fee,en,Bill pay kiosk,0
e8c2ca6c-b90f-419a-8a90-3089295f8522,synth_74db5d8871d3,unbanked,tabddpm_synthetic,,['en'],advance fee,2024-08-02T00:16:00+00:00,3000.0,1462.24,20,0,0,Monday,76,1,100,advance fee,en,Bill pay kiosk,1
d6ab15a7-5994-438d-834d-935b73fc59ad,synth_7d066bfc3bc4,unbanked,tabddpm_synthetic,,['en'],advance fee,2024-09-17T00:26:00+00:00,497.64,32.03,20,0,0,Monday,0,2000,10,advance fee,en,Bill pay kiosk,0
2461963f-904e-433f-a1c8-9f84feb0d566,synth_49f543abab8a,unbanked,tabddpm_synthetic,,['en'],advance fee,2024-08-22T04:24:00+00:00,10.0,0.0,20,4,1,Tuesday,0,1512,6,advance fee,en,Bill pay kiosk,0
a89476f8-3a33-403c-a2ac-6342dc0cd253,synth_fc080c02dd63,unbanked,tabddpm_synthetic,,['en'],advance fee,2024-03-19T06:46:00+00:00,10.0,5.73,60,6,0,Monday,19,398,7,advance fee,en,Bill pay kiosk,0
a79c83ac-0fac-42f6-8515-e26be33b6c59,synth_7d9d7c7b69c5,unbanked,tabddpm_synthetic,,['en'],advance fee,2024-02-15T00:32:00+00:00,698.13,78.61,20,0,0,Monday,55,1912,14,advance fee,en,Bill pay kiosk,0
16a9f29c-696c-4aa6-aef6-db3256bc959e,synth_c674e29ba55b,unbanked,tabddpm_synthetic,,['en'],advance fee,2024-12-25T00:16:00+00:00,3000.0,1500.0,60,0,0,Monday,0,1,100,advance fee,en,Bill pay kiosk,0
dfae4dbf-2e13-4ef0-b904-8ef9fe2b4c33,synth_83fa2a39406d,unbanked,tabddpm_synthetic,,['en'],advance fee,2024-07-10T00:53:00+00:00,3000.0,1500.0,60,0,0,Monday,90,1,100,advance fee,en,Bill pay kiosk,1
5a3b600f-4e8b-477e-8feb-500a4eff2686,synth_027da521479c,unbanked,tabddpm_synthetic,,['en'],advance fee,2024-05-09T00:23:00+00:00,3000.0,1468.75,60,0,6,Sunday,0,1,100,advance fee,en,Bill pay kiosk,0
669b7441-160f-4b68-a78c-7ce85be0956a,synth_75fc5a7d200a,unbanked,tabddpm_synthetic,,['en'],advance fee,2024-04-23T23:35:00+00:00,3000.0,1500.0,20,23,6,Sunday,0,1,100,advance fee,en,Bill pay kiosk,0
10b67cf5-0d21-482d-a38a-13b44ff3147a,synth_02634a2895a6,unbanked,tabddpm_synthetic,,['en'],advance fee,2024-12-14T07:53:00+00:00,10.0,0.0,20,7,0,Monday,90,1628,21,advance fee,en,Bill pay kiosk,0
9fe8bda6-d9ad-4d41-b1c3-e2347ab12e03,synth_836b9818c8e9,unbanked,tabddpm_synthetic,,['en'],advance fee,2024-08-17T23:32:00+00:00,3000.0,1500.0,20,23,0,Monday,90,1,100,advance fee,en,Bill pay kiosk,1
906b0481-25f9-4327-93f1-a2fd73ca258a,synth_f553f3fc351f,unbanked,tabddpm_synthetic,,['en'],advance fee,2024-05-15T04:10:00+00:00,10.0,0.0,20,4,0,Monday,90,1,43,advance fee,en,Bill pay kiosk,0
a1e068c2-e488-4ed7-a742-1b28b0a188fd,synth_47cad1f20940,unbanked,tabddpm_synthetic,,['en'],advance fee,2024-05-31T09:06:00+00:00,327.06,61.17,20,9,0,Monday,16,2000,8,advance fee,en,Bill pay kiosk,0
a60e92f1-21e2-4b65-afae-ad693b6c3d4b,synth_675042560d9e,unbanked,tabddpm_synthetic,,['en'],advance fee,2024-07-02T13:01:00+00:00,3000.0,792.13,20,13,6,Sunday,3,1,7,advance fee,en,Bill pay kiosk,0
0dc1cc5d-a830-4487-a9c4-13014950c3b5,synth_c641d4e31fc6,unbanked,tabddpm_synthetic,,['en'],advance fee,2024-09-25T02:44:00+00:00,10.0,0.0,20,2,0,Monday,90,144,13,advance fee,en,Bill pay kiosk,0
759acfc0-1859-4b5c-8fe0-b52c520e5e00,synth_1aca5eede800,unbanked,tabddpm_synthetic,,['en'],advance fee,2024-08-19T04:22:00+00:00,102.8,0.0,20,4,0,Monday,90,448,19,advance fee,en,Bill pay kiosk,0
4502ce9f-661e-4973-af15-06189c4ca10d,synth_24f1cbcfa84e,unbanked,tabddpm_synthetic,,['en'],advance fee,2024-06-16T00:46:00+00:00,242.48,50.29,42,0,0,Monday,0,2000,8,advance fee,en,Bill pay kiosk,0
a6d2b560-4080-42b9-b216-ca0d2b6335e0,synth_36701c0362a7,unbanked,tabddpm_synthetic,,['en'],advance fee,2024-02-18T23:04:00+00:00,3000.0,1500.0,20,23,0,Monday,90,1,100,advance fee,en,Bill pay kiosk,0
6468c208-f5db-49cd-99b9-9c5cbfebf546,synth_88e0115a387e,unbanked,tabddpm_synthetic,,['en'],advance fee,2024-08-07T23:09:00+00:00,3000.0,1500.0,20,23,6,Sunday,0,1,100,advance fee,en,Bill pay kiosk,0
2d110a09-c799-4ce9-97aa-5168aeba1a81,synth_aa047c21b102,unbanked,tabddpm_synthetic,,['en'],advance fee,2024-05-01T19:01:00+00:00,10.0,0.0,20,19,0,Monday,90,1,100,advance fee,en,Bill pay kiosk,0
4a039965-78dd-4c4d-b12b-29752800ecce,synth_65e696f0ff2e,unbanked,tabddpm_synthetic,,['en'],advance fee,2024-06-21T23:02:00+00:00,3000.0,1500.0,60,23,0,Monday,90,1,100,advance fee,en,Bill pay kiosk,0
96ecc179-ddb2-42cf-b0cf-69c1d8a50213,synth_399f26cc3569,unbanked,tabddpm_synthetic,,['en'],advance fee,2024-03-08T14:01:00+00:00,3000.0,1080.83,20,14,6,Sunday,31,1,16,advance fee,en,Bill pay kiosk,0
6aadbfc3-f995-44df-ba4f-87d2830ebe47,synth_4ca312d09394,unbanked,tabddpm_synthetic,,['en'],advance fee,2024-11-13T07:41:00+00:00,10.0,0.0,20,7,0,Monday,90,301,10,advance fee,en,Bill pay kiosk,0
25f6b34e-b180-43de-a6d0-a9d66f0a3461,synth_9364e2348441,unbanked,tabddpm_synthetic,,['en'],advance fee,2024-03-12T00:07:00+00:00,320.55,0.0,47,0,0,Monday,10,1133,1,advance fee,en,Bill pay kiosk,0
5474e1d7-fbb8-4532-b3fe-cf9a354502cf,synth_1203e4af6361,unbanked,tabddpm_synthetic,,['en'],advance fee,2024-02-05T10:37:00+00:00,519.95,21.18,22,10,0,Monday,32,706,8,advance fee,en,Bill pay kiosk,0
6a0f581a-a1fa-48c5-8b73-596082e5e10e,synth_e0f62ce93a35,unbanked,tabddpm_synthetic,,['en'],advance fee,2024-04-22T23:55:00+00:00,3000.0,1500.0,20,23,0,Monday,90,1,100,advance fee,en,Bill pay kiosk,0
fe0687b3-ab3b-4a64-867b-a5f890bd8296,synth_ce3647d0ec8e,unbanked,tabddpm_synthetic,,['en'],advance fee,2024-11-10T00:50:00+00:00,84.29,32.41,20,0,0,Monday,0,2000,7,advance fee,en,Bill pay kiosk,0
ff1a912e-f06d-404b-a944-741ad102cd49,synth_88e0b72c535e,unbanked,tabddpm_synthetic,,['en'],advance fee,2024-04-20T03:07:00+00:00,10.0,0.0,20,3,0,Monday,90,1,34,advance fee,en,Bill pay kiosk,0
42e8bf4d-8bcb-4096-8a6a-9dd83cc86eca,synth_91194f182547,unbanked,tabddpm_synthetic,,['en'],advance fee,2024-11-15T00:46:00+00:00,10.0,51.31,20,0,0,Monday,0,1991,6,advance fee,en,Bill pay kiosk,0
338e16bf-efbb-428f-9e83-69437ffd4f36,synth_1efa1809e0cd,unbanked,tabddpm_synthetic,,['en'],advance fee,2024-07-19T23:55:00+00:00,3000.0,1500.0,20,23,6,Sunday,0,1,100,advance fee,en,Bill pay kiosk,0
bf7c9ef5-14aa-4e7c-9df7-497449fa0d09,synth_bc72e3bc9368,unbanked,tabddpm_synthetic,,['en'],advance fee,2024-02-19T00:17:00+00:00,308.1,0.0,29,0,0,Monday,0,1083,8,advance fee,en,Bill pay kiosk,0
1b3d6dda-5e84-4178-a018-7ccd834b72b2,synth_071247197dd3,unbanked,tabddpm_synthetic,,['en'],advance fee,2024-12-13T23:15:00+00:00,3000.0,1500.0,20,23,0,Monday,90,1,100,advance fee,en,Bill pay kiosk,0
f21d2ce1-2394-4a59-a64b-fcb87d49b642,synth_d54e2bf8e570,unbanked,tabddpm_synthetic,,['en'],advance fee,2024-05-30T00:45:00+00:00,241.96,26.83,20,0,0,Monday,0,2000,10,advance fee,en,Bill pay kiosk,0
fda03c0e-3028-4855-b61e-f37c77ca31e5,synth_55895201ad54,unbanked,tabddpm_synthetic,,['en'],advance fee,2024-08-03T09:37:00+00:00,10.0,0.0,20,9,0,Monday,90,1,34,advance fee,en,Bill pay kiosk,0
b6eec6c5-a1f2-4b8d-84a5-dbe3224944a4,synth_2b75fbac3c6a,unbanked,tabddpm_synthetic,,['en'],advance fee,2024-09-21T04:41:00+00:00,541.51,31.98,20,4,0,Monday,71,1520,14,advance fee,en,Bill pay kiosk,0
40f8d24d-bd34-4631-a3f9-98389617610e,synth_a2bfd83db9ca,unbanked,tabddpm_synthetic,,['en'],advance fee,2024-05-03T23:26:00+00:00,3000.0,0.0,20,23,6,Sunday,90,1,100,advance fee,en,Bill pay kiosk,0
0ff22511-19b4-4433-8615-49e5aea71169,synth_350f94380c8c,unbanked,tabddpm_synthetic,,['en'],advance fee,2024-08-12T21:04:00+00:00,1134.84,99.05,20,21,6,Sunday,24,83,8,advance fee,en,Bill pay kiosk,0
26f704c1-98fa-4632-8a42-19a24e5c1628,synth_4369f5451f68,unbanked,tabddpm_synthetic,,['en'],advance fee,2024-03-14T11:59:00+00:00,3000.0,218.74,20,11,6,Sunday,0,1,15,advance fee,en,Bill pay kiosk,0
733f29cc-d3b5-4755-99df-4562fa4f243a,synth_64ff0aa43d2e,unbanked,tabddpm_synthetic,,['en'],advance fee,2024-05-13T09:19:00+00:00,344.17,36.87,20,9,3,Thursday,3,1316,0,advance fee,en,Bill pay kiosk,0
7bfbb056-8067-407b-bae8-a2b9cf4369f5,synth_29a02c5024f5,unbanked,tabddpm_synthetic,,['en'],advance fee,2024-03-20T04:38:00+00:00,40.56,0.0,57,4,0,Monday,17,1079,10,advance fee,en,Bill pay kiosk,0
0a4bf5b2-fa28-4e3d-85d8-3c66de083dd1,synth_7b2a506c4955,unbanked,tabddpm_synthetic,,['en'],advance fee,2024-01-29T11:54:00+00:00,10.0,0.0,20,11,0,Monday,90,1,48,advance fee,en,Bill pay kiosk,0
92a6a29a-081f-4893-abe4-08af21656256,synth_5faef5a60ad9,unbanked,tabddpm_synthetic,,['en'],advance fee,2024-06-15T08:41:00+00:00,144.66,51.32,20,8,0,Monday,26,1951,3,advance fee,en,Bill pay kiosk,0
9b971a6b-e3ba-40c6-97eb-309a9a93daf5,synth_b5cf66528c30,unbanked,tabddpm_synthetic,,['en'],advance fee,2024-06-12T02:19:00+00:00,1132.36,94.59,36,2,0,Monday,20,552,15,advance fee,en,Bill pay kiosk,0
ba3f22fc-acb2-4c76-b163-c5a100853beb,synth_c011516d4afa,unbanked,tabddpm_synthetic,,['en'],advance fee,2024-09-23T07:11:00+00:00,359.86,57.82,22,7,0,Monday,0,374,13,advance fee,en,Bill pay kiosk,0
8a317ef5-5346-44f0-98aa-667ba9a044a2,synth_18eafbbd73f4,unbanked,tabddpm_synthetic,,['en'],advance fee,2024-01-11T04:38:00+00:00,104.74,0.0,22,4,0,Monday,29,1101,3,advance fee,en,Bill pay kiosk,0
2818134c-58cb-4ac6-a288-0aac37a21a0c,synth_77d63c15f2c6,unbanked,tabddpm_synthetic,,['en'],advance fee,2024-12-23T23:45:00+00:00,3000.0,1500.0,20,23,0,Monday,90,1,100,advance fee,en,Bill pay kiosk,0
ba3b9e17-9faa-4af7-a949-e900d2a1247c,synth_fcdb421dea1f,unbanked,tabddpm_synthetic,,['en'],advance fee,2024-12-26T08:33:00+00:00,404.27,77.89,20,8,4,Friday,89,2000,5,advance fee,en,Bill pay kiosk,0
5ae313bf-3916-472b-b2c1-3de9e818c886,synth_16e063af5e01,unbanked,tabddpm_synthetic,,['en'],advance fee,2024-09-30T00:53:00+00:00,154.8,30.24,26,0,0,Monday,0,1292,8,advance fee,en,Bill pay kiosk,0
980bfb3d-4130-4bb7-b04f-84d4c42acea7,synth_b1ec58052091,unbanked,tabddpm_synthetic,,['en'],advance fee,2024-08-23T00:15:00+00:00,3000.0,1500.0,60,0,0,Monday,90,1,100,advance fee,en,Bill pay kiosk,1
39ff5dec-f845-4878-be20-55f75ab08a49,synth_92cfbd176750,unbanked,tabddpm_synthetic,,['es'],advance fee,2024-06-09T16:48:00+00:00,320.18,33.16,20,16,1,Tuesday,1,553,8,advance fee,es,Bill pay kiosk,0
22634bfc-6e13-4791-8991-e0d90ae3a79d,synth_1335f883bc0e,unbanked,tabddpm_synthetic,,['en'],advance fee,2024-11-20T08:02:00+00:00,1086.55,0.0,20,8,0,Monday,90,547,32,advance fee,en,Bill pay kiosk,0
48acca06-d686-49f2-b60a-ea37aabd0e2c,synth_0a22ffc5b637,unbanked,tabddpm_synthetic,,['en'],advance fee,2024-02-23T02:28:00+00:00,221.58,3.04,25,2,0,Monday,86,2000,9,advance fee,en,Bill pay kiosk,0
27cbac35-4bba-429a-acfe-a2356f26a7f7,synth_a599b2c87ebd,unbanked,tabddpm_synthetic,,['en'],advance fee,2024-01-25T13:43:00+00:00,189.86,19.55,20,13,0,Monday,16,1935,3,advance fee,en,Bill pay kiosk,0
877feb04-6295-4351-ab9d-289950f29b26,synth_97adf9fdc6e4,unbanked,tabddpm_synthetic,,['en'],advance fee,2024-06-14T23:11:00+00:00,3000.0,1500.0,20,23,0,Monday,90,1,100,advance fee,en,Bill pay kiosk,0
90349fb5-1389-469a-9a11-6a5eaeeeccae,synth_a637c2fe31df,unbanked,tabddpm_synthetic,,['en'],advance fee,2024-04-23T05:00:00+00:00,10.0,0.0,20,5,0,Monday,90,1,41,advance fee,en,Bill pay kiosk,0
d40b7c14-041d-44ca-9bc0-75d521b4d85c,synth_2c0ea7701edb,unbanked,tabddpm_synthetic,,['en'],advance fee,2024-03-15T23:36:00+00:00,3000.0,1500.0,20,23,6,Sunday,0,1,100,advance fee,en,Bill pay kiosk,0
1aa1cfb5-543a-4a01-a463-860500be12f1,synth_1e545a02f2c2,unbanked,tabddpm_synthetic,,['en'],advance fee,2024-03-30T07:43:00+00:00,10.0,0.0,20,7,0,Monday,90,1,26,advance fee,en,Bill pay kiosk,0
99e03719-23ad-4612-beed-718caba4545e,synth_eb4e90993b7b,unbanked,tabddpm_synthetic,,['en'],advance fee,2024-01-02T14:57:00+00:00,845.29,60.91,28,14,1,Tuesday,13,591,8,advance fee,en,Bill pay kiosk,0
345a0602-76cf-43bb-bffe-11d946a37ae6,synth_9bb6abd574e1,unbanked,tabddpm_synthetic,,['en'],advance fee,2024-10-26T00:21:00+00:00,692.72,50.74,20,0,0,Monday,0,2000,6,advance fee,en,Bill pay kiosk,0
f6f5b098-6c2f-4d78-b9ff-c69074ff97de,synth_07284e778604,unbanked,tabddpm_synthetic,,['en'],advance fee,2024-01-20T23:20:00+00:00,3000.0,1500.0,20,23,0,Monday,90,1,100,advance fee,en,Bill pay kiosk,0
3148d89d-c9ef-4ba0-8660-be91c6d48ad5,synth_435598763837,unbanked,tabddpm_synthetic,,['en'],advance fee,2024-06-12T03:45:00+00:00,215.47,33.88,21,3,0,Monday,0,1437,7,advance fee,en,Bill pay kiosk,0
b74dadee-9a96-421f-be33-388dc8a9bde1,synth_f962abb754fc,unbanked,tabddpm_synthetic,,['en'],advance fee,2024-10-28T23:51:00+00:00,3000.0,626.58,22,23,0,Monday,7,1,7,advance fee,en,Bill pay kiosk,0
3ebd6f32-aa66-4eed-8b77-95960eeb9d41,synth_a6205e04d05a,unbanked,tabddpm_synthetic,,['en'],advance fee,2024-05-07T23:39:00+00:00,3000.0,1500.0,20,23,6,Sunday,63,1,100,advance fee,en,Bill pay kiosk,0
65e796f5-24d2-4621-9264-a140570cbe02,synth_517393a1f751,unbanked,tabddpm_synthetic,,['en'],advance fee,2024-11-12T00:54:00+00:00,242.94,26.51,20,0,0,Monday,0,2000,11,advance fee,en,Bill pay kiosk,0
a530c41f-4a14-47d4-927c-a626e258c39a,synth_f30b2c0cacce,unbanked,tabddpm_synthetic,,['en'],advance fee,2024-08-18T04:51:00+00:00,245.81,16.88,20,4,0,Monday,64,1978,5,advance fee,en,Bill pay kiosk,0
1dd95fc3-a8d8-4edd-833f-3c57f0f3dcd2,synth_11ea7e7bdda3,unbanked,tabddpm_synthetic,,['en'],advance fee,2024-06-18T23:26:00+00:00,3000.0,1500.0,20,23,0,Monday,90,1,100,advance fee,en,Bill pay kiosk,0
f92948db-8652-403e-bba0-4662adf13750,synth_496f7d8c0239,unbanked,tabddpm_synthetic,,['en'],advance fee,2024-08-05T00:49:00+00:00,539.01,60.85,20,0,0,Monday,0,2000,11,advance fee,en,Bill pay kiosk,0
49c65cd7-e9dd-46a4-8757-fa5d21716746,synth_d5341c72799c,unbanked,tabddpm_synthetic,,['en'],advance fee,2024-08-19T23:49:00+00:00,3000.0,1500.0,20,23,0,Monday,90,1,100,advance fee,en,Bill pay kiosk,0
cded21f8-2c07-45e7-b03e-8217974671ad,synth_e25cedaa6377,unbanked,tabddpm_synthetic,,['en'],advance fee,2024-04-06T12:00:00+00:00,116.77,17.34,20,12,0,Monday,26,1228,3,advance fee,en,Bill pay kiosk,0
ba8c49cd-509e-46a6-b14b-58610b7a5d53,synth_351a911bb3dd,unbanked,tabddpm_synthetic,,['en'],advance fee,2024-09-09T13:28:00+00:00,383.74,30.94,20,13,6,Sunday,18,2000,18,advance fee,en,Bill pay kiosk,0
39587804-8052-44e1-84f4-a75221451353,synth_ef17a033314e,unbanked,tabddpm_synthetic,,['en'],advance fee,2024-07-09T07:52:00+00:00,371.68,0.0,49,7,1,Tuesday,0,1493,8,advance fee,en,Bill pay kiosk,0
6d623382-a289-45c2-9296-39748fce73e9,synth_668301d27c82,unbanked,tabddpm_synthetic,,['en'],advance fee,2024-11-13T00:50:00+00:00,3000.0,1500.0,20,0,0,Monday,90,1,100,advance fee,en,Bill pay kiosk,0
4db51a7d-3703-4cb4-824c-93c1114ad7f1,synth_a18ebea309a9,unbanked,tabddpm_synthetic,,['en'],advance fee,2024-08-11T00:49:00+00:00,10.0,0.0,20,0,0,Monday,90,269,15,advance fee,en,Bill pay kiosk,0
c3119441-e727-40d6-ade7-0c9927a8a556,synth_43d6357dd055,unbanked,tabddpm_synthetic,,['en'],advance fee,2024-07-11T23:58:00+00:00,68.09,0.0,20,23,0,Monday,90,1,100,advance fee,en,Bill pay kiosk,0
fb027ac1-8d87-42e4-940e-e38cedefef6c,synth_456b3d4cb7b3,unbanked,tabddpm_synthetic,,['en'],advance fee,2024-11-06T05:40:00+00:00,643.36,23.64,60,5,1,Tuesday,18,771,9,advance fee,en,Bill pay kiosk,0
d0344973-e84f-475a-93be-dc8338d3e34c,synth_547636850fff,unbanked,tabddpm_synthetic,,['en'],advance fee,2024-01-14T06:53:00+00:00,295.78,13.2,28,6,4,Friday,2,641,3,advance fee,en,Bill pay kiosk,0
e579cf1a-8717-4e49-886b-091c978c159e,synth_c258e53b52b3,unbanked,tabddpm_synthetic,,['en'],advance fee,2024-11-25T00:59:00+00:00,3000.0,1500.0,60,0,0,Monday,32,1,100,advance fee,en,Bill pay kiosk,0
b1499b89-7de1-423c-affd-faa7384c202c,synth_72698ac4835f,unbanked,tabddpm_synthetic,,['en'],advance fee,2024-09-12T00:59:00+00:00,3000.0,1500.0,60,0,0,Monday,33,1,100,advance fee,en,Bill pay kiosk,0
0fa89f58-91f3-4525-a46a-a172b05b2f87,synth_159c793ea45e,unbanked,tabddpm_synthetic,,['en'],advance fee,2024-03-18T23:38:00+00:00,3000.0,1500.0,20,23,6,Sunday,0,1,100,advance fee,en,Bill pay kiosk,1
1eb21591-0ba0-4e99-a6e8-6360929e32ca,synth_b83c0126bae5,unbanked,tabddpm_synthetic,,['en'],advance fee,2024-02-16T23:34:00+00:00,3000.0,1500.0,20,23,0,Monday,90,1,100,advance fee,en,Bill pay kiosk,0
3ea70893-2086-472e-b3ed-a8962cdf1486,synth_7541ecf4cfa6,unbanked,tabddpm_synthetic,,['en'],advance fee,2024-09-18T23:24:00+00:00,3000.0,1500.0,20,23,0,Monday,90,1,100,advance fee,en,Bill pay kiosk,0
58cb3832-bc9b-47bc-81b6-d96b0a3c4557,synth_2c1c556500e2,unbanked,tabddpm_synthetic,,['en'],advance fee,2024-03-20T23:27:00+00:00,3000.0,1500.0,60,23,6,Sunday,0,1,100,advance fee,en,Bill pay kiosk,0
9f5b18b2-fdcc-44bb-9095-49cddffc2cf4,synth_b26245f1b257,unbanked,tabddpm_synthetic,,['en'],advance fee,2024-07-23T08:07:00+00:00,1342.7,118.52,20,8,4,Friday,90,724,17,advance fee,en,Bill pay kiosk,0
4fc23118-6cb1-4731-919f-9d93f4e18d91,synth_c467238825dc,unbanked,tabddpm_synthetic,,['en'],fake loan,2024-01-02T09:06:00+00:00,225.74,16.9,35,9,0,Monday,5,1390,8,fake loan,en,Bill pay kiosk,0
475ba51a-b394-4291-b4c9-312e4e287966,synth_0590f2c2f42f,unbanked,tabddpm_synthetic,,['en'],advance fee,2024-05-11T23:08:00+00:00,680.73,0.0,20,23,6,Sunday,90,1,67,advance fee,en,Bill pay kiosk,0
757b84cf-e91b-4eb9-986f-c8360774d7c5,synth_13bc294786cf,unbanked,tabddpm_synthetic,,['en'],advance fee,2024-11-28T10:02:00+00:00,323.06,71.15,20,10,0,Monday,27,2000,4,advance fee,en,Bill pay kiosk,0
4e9dedf2-8e6c-42da-96a1-483f5776040d,synth_95670bd9d746,unbanked,tabddpm_synthetic,,['en'],advance fee,2024-06-09T11:55:00+00:00,3000.0,194.86,20,11,6,Sunday,0,359,16,advance fee,en,Bill pay kiosk,0
46818f20-50e4-481f-8934-415718716334,synth_5be39e839ba1,unbanked,tabddpm_synthetic,,['en'],advance fee,2024-12-05T00:27:00+00:00,3000.0,1500.0,60,0,6,Sunday,0,1,100,advance fee,en,Bill pay kiosk,0
e9e73cfe-35c0-4aff-b0dd-cd8bb97b1dea,synth_237eac80f477,unbanked,tabddpm_synthetic,,['en'],advance fee,2024-06-07T10:05:00+00:00,374.15,59.31,20,10,0,Monday,4,1019,1,advance fee,en,Bill pay kiosk,0
371e19f2-a38f-4e4d-af00-58d5cf5f5748,synth_e6b04bb63791,unbanked,tabddpm_synthetic,,['en'],advance fee,2024-12-11T00:19:00+00:00,3000.0,1500.0,20,0,0,Monday,90,1,100,advance fee,en,Bill pay kiosk,1
7bd7f064-76cd-4eff-9b5f-ae45e8e9261f,synth_b0a363301cc1,unbanked,tabddpm_synthetic,,['en'],advance fee,2024-10-30T23:58:00+00:00,3000.0,1500.0,20,23,0,Monday,90,1,100,advance fee,en,Bill pay kiosk,0
107159e6-aa08-46ec-90b9-83ed04f7e17b,synth_73d5b4fa66d6,unbanked,tabddpm_synthetic,,['en'],advance fee,2024-05-01T00:47:00+00:00,273.66,31.28,20,0,0,Monday,0,1845,10,advance fee,en,Bill pay kiosk,0
e4b8f4e0-1032-443a-897f-5afea70a9c60,synth_401ff19b396e,unbanked,tabddpm_synthetic,,['en'],advance fee,2024-10-25T00:13:00+00:00,368.57,0.0,27,0,0,Monday,11,747,19,advance fee,en,Bill pay kiosk,0
51af2e70-e8ea-4889-9ba8-d87fd62cd2fc,synth_63ce9714b5ba,unbanked,tabddpm_synthetic,,['en'],advance fee,2024-06-08T00:35:00+00:00,751.24,58.17,36,0,0,Monday,8,654,10,advance fee,en,Bill pay kiosk,0
0767c8d8-acb2-4d5c-b573-5fde379caa3d,synth_bd41e4e04570,unbanked,tabddpm_synthetic,,['en'],advance fee,2024-12-10T13:49:00+00:00,428.24,27.02,20,13,0,Monday,8,1666,7,advance fee,en,Bill pay kiosk,0
d1b270c5-b188-4c22-a538-175718687fb1,synth_f3530b6e1032,unbanked,tabddpm_synthetic,,['en'],advance fee,2024-12-19T09:23:00+00:00,441.26,58.52,20,9,3,Thursday,4,1744,0,advance fee,en,Bill pay kiosk,0
64f1a70f-897d-415a-ab89-5879f16212bd,synth_b24c3d6bd440,unbanked,tabddpm_synthetic,,['en'],advance fee,2024-12-20T00:00:00+00:00,236.97,34.86,20,0,0,Monday,0,2000,16,advance fee,en,Bill pay kiosk,0
e582eed0-acae-47fa-8134-f989c8d8e937,synth_563cb3699525,unbanked,tabddpm_synthetic,,['en'],advance fee,2024-10-04T08:07:00+00:00,767.27,62.01,53,8,1,Tuesday,4,1032,3,advance fee,en,Bill pay kiosk,0
141be06b-0bb5-42e0-9937-b1c91fcf7f16,synth_8dfa1c28e172,unbanked,tabddpm_synthetic,,['en'],advance fee,2024-11-11T02:39:00+00:00,803.45,94.86,49,2,0,Monday,28,128,20,advance fee,en,Cash (informal),0
cccfa4be-6fd0-45f2-be2a-5a7acd3b8955,synth_eedb7c75d20b,unbanked,tabddpm_synthetic,,['en'],advance fee,2024-09-26T02:24:00+00:00,237.42,24.59,28,2,0,Monday,4,696,13,advance fee,en,Bill pay kiosk,0
d796b980-edaf-4dfe-8001-ee65804f1e4b,synth_ccf9f45d6a0e,unbanked,tabddpm_synthetic,,['en'],advance fee,2024-08-02T00:12:00+00:00,344.53,35.07,20,0,0,Monday,0,2000,12,advance fee,en,Bill pay kiosk,0
4537f814-c8ec-4725-83e8-1c09ea08c85e,synth_20b221e87d5d,unbanked,tabddpm_synthetic,,['en'],advance fee,2024-07-13T23:49:00+00:00,3000.0,1500.0,20,23,0,Monday,90,1,100,advance fee,en,Bill pay kiosk,0
2313d71c-666c-4ad1-a2c0-edbde03b3948,synth_092cc82fad94,unbanked,tabddpm_synthetic,,['en'],advance fee,2024-08-15T00:49:00+00:00,149.51,35.24,28,0,0,Monday,0,1509,3,advance fee,en,Bill pay kiosk,0
7a4999fc-754a-4c34-8a1a-4fb1bc00fa1b,synth_684f3a181385,unbanked,tabddpm_synthetic,,['en'],advance fee,2024-07-04T00:18:00+00:00,3000.0,1500.0,20,0,6,Sunday,0,1,100,advance fee,en,Bill pay kiosk,0
71273531-8424-41a3-a757-f39acde44967,synth_a52ac38f877c,unbanked,tabddpm_synthetic,,['en'],advance fee,2024-12-03T16:59:00+00:00,10.0,0.0,30,16,0,Monday,71,1347,6,advance fee,en,Bill pay kiosk,0
46dbecef-bc63-49dc-9d71-1328634c4c75,synth_49ba4861db56,unbanked,tabddpm_synthetic,,['en'],advance fee,2024-11-19T06:40:00+00:00,905.29,116.88,40,6,0,Monday,1,1508,8,advance fee,en,Bill pay kiosk,0
045a44a9-4ebf-4012-aa42-452f025a73e7,synth_851c4c4ab71e,unbanked,tabddpm_synthetic,,['en'],advance fee,2024-02-23T00:34:00+00:00,3000.0,1500.0,20,0,0,Monday,90,1,100,advance fee,en,Bill pay kiosk,0
70ec6a81-439c-4711-bcfd-5b90d3db5c91,synth_a9ed064af13f,unbanked,tabddpm_synthetic,,['en'],advance fee,2024-10-14T00:22:00+00:00,311.42,4.45,20,0,0,Monday,0,2000,14,advance fee,en,Bill pay kiosk,0
a9771d39-d6d7-4201-9657-b64fbf7373dd,synth_34f61af01387,unbanked,tabddpm_synthetic,,['es'],advance fee,2024-05-15T10:19:00+00:00,19.87,9.29,20,10,0,Monday,14,493,4,advance fee,es,Bill pay kiosk,0
de93fa07-7529-470f-9bfd-8a2d34f68bb3,synth_a1578720831e,unbanked,tabddpm_synthetic,,['en'],advance fee,2024-09-08T02:33:00+00:00,220.33,16.08,49,2,1,Tuesday,11,323,8,advance fee,en,Bill pay kiosk,0
3b0ecfbd-feec-4a92-989d-e518e65e0f26,synth_9dfc83b6d0a9,unbanked,tabddpm_synthetic,,['en'],advance fee,2024-10-21T06:29:00+00:00,10.0,18.96,20,6,0,Monday,54,767,8,advance fee,en,Bill pay kiosk,0
c7a33717-9d6c-46c1-b86d-8d0bfe6f2d6a,synth_8cd826630291,unbanked,tabddpm_synthetic,,['en'],advance fee,2024-05-17T00:24:00+00:00,3000.0,713.04,20,0,5,Saturday,11,1,38,advance fee,en,Bill pay kiosk,0
415cac44-c00b-4105-aabd-e067e02b5a8f,synth_cac648ced0cf,unbanked,tabddpm_synthetic,,['en'],advance fee,2024-02-21T00:34:00+00:00,1042.72,64.78,60,0,0,Monday,25,110,64,advance fee,en,Bill pay kiosk,1
f1903f8e-86fa-4910-88c9-0f26adf13c33,synth_8d4968d341ae,unbanked,tabddpm_synthetic,,['en'],advance fee,2024-04-12T09:36:00+00:00,1009.53,79.28,37,9,0,Monday,4,765,8,advance fee,en,Bill pay kiosk,0
dc314950-64f8-47f7-b97a-f9a0c21ee191,synth_01d9ced46162,unbanked,tabddpm_synthetic,,['en'],advance fee,2024-12-02T04:24:00+00:00,388.22,44.38,20,4,0,Monday,10,1789,11,advance fee,en,Bill pay kiosk,0
6066ab1d-a669-4296-8562-873924d83b4b,synth_ae3fbb68cfb3,unbanked,tabddpm_synthetic,,['en'],fake loan,2024-08-19T15:38:00+00:00,501.32,28.1,20,15,0,Monday,16,1955,9,fake loan,en,Bill pay kiosk,0
5600de14-8a8a-412a-94db-7b378ad37e25,synth_c5f4e66c141b,unbanked,tabddpm_synthetic,,['en'],advance fee,2024-09-29T05:40:00+00:00,468.12,19.34,20,5,2,Wednesday,16,2000,13,advance fee,en,Bill pay kiosk,0
1b23a1a6-3922-4c3f-91fd-0fdc69e24dc3,synth_f8ea9a665e71,unbanked,tabddpm_synthetic,,['en'],advance fee,2024-01-23T23:10:00+00:00,3000.0,1500.0,20,23,0,Monday,90,1,91,advance fee,en,Bill pay kiosk,0
379c2b27-c111-42a9-b8cd-39f02137fd0d,synth_9c1af5d15ea0,unbanked,tabddpm_synthetic,,['en'],advance fee,2024-09-30T00:55:00+00:00,3000.0,1500.0,20,0,4,Friday,26,1,100,advance fee,en,Bill pay kiosk,0
162701f2-fb4f-4c15-9c69-8fcec9349933,synth_ae33dac94833,unbanked,tabddpm_synthetic,,['en'],advance fee,2024-07-19T06:41:00+00:00,538.94,24.2,28,6,1,Tuesday,0,788,12,advance fee,en,Bill pay kiosk,0
b73d2cc6-800b-4bdb-975d-b130677d4813,synth_06bd828ae44e,unbanked,tabddpm_synthetic,,['en'],advance fee,2024-03-08T00:49:00+00:00,3000.0,1500.0,20,0,6,Sunday,0,1,100,advance fee,en,Bill pay kiosk,0
39378d8b-0ea6-4d53-b7dc-772bc9c339f0,synth_6e006e5a6d40,unbanked,tabddpm_synthetic,,['en'],advance fee,2024-10-06T23:43:00+00:00,3000.0,1500.0,43,23,0,Monday,90,1,100,advance fee,en,Bill pay kiosk,1
1b839326-fc04-47d5-aec6-8a19e309f33f,synth_78a242df6e81,unbanked,tabddpm_synthetic,,['en'],advance fee,2024-02-01T23:38:00+00:00,3000.0,1500.0,60,23,2,Wednesday,0,1,100,advance fee,en,Bill pay kiosk,0
5191d72c-ba3e-4449-b6aa-8c238a8d3ee2,synth_8f0d32631d15,unbanked,tabddpm_synthetic,,['en'],advance fee,2024-07-31T00:01:00+00:00,3000.0,40.47,20,0,0,Monday,90,1945,100,advance fee,en,Bill pay kiosk,1
9c5362c8-302b-487e-bf53-ddecae9ee031,synth_a421f99dc8ec,unbanked,tabddpm_synthetic,,['en'],advance fee,2024-11-28T23:39:00+00:00,3000.0,1500.0,20,23,6,Sunday,0,1,100,advance fee,en,Bill pay kiosk,0
410dc80e-4540-4d2a-852b-08c036f70042,synth_c113a836514e,unbanked,tabddpm_synthetic,,['en'],advance fee,2024-06-17T00:47:00+00:00,3000.0,326.25,20,0,4,Friday,16,1,21,advance fee,en,Bill pay kiosk,0
3d483914-5455-4f38-9677-3ecb361b6dbd,synth_f0d1ba2e9dd5,unbanked,tabddpm_synthetic,,['en'],advance fee,2024-05-13T11:24:00+00:00,316.48,37.95,20,11,0,Monday,7,1015,3,advance fee,en,Bill pay kiosk,0
9f2e676c-3f53-4e9e-ba84-f43b84ca0ad3,synth_4836f76f6e5c,unbanked,tabddpm_synthetic,,['en'],advance fee,2024-07-22T00:14:00+00:00,102.32,0.0,20,0,0,Monday,50,1150,7,advance fee,en,Bill pay kiosk,0
6541a9c6-7808-423f-ad54-76f8f613e67f,synth_90d45a7f4902,unbanked,tabddpm_synthetic,,['en'],advance fee,2024-07-12T16:43:00+00:00,19.94,0.0,21,16,0,Monday,27,1409,7,advance fee,en,Bill pay kiosk,0
931d5b47-b506-455a-a3e5-4364b15d069f,synth_d68d529687fe,unbanked,tabddpm_synthetic,,['en'],advance fee,2024-01-11T00:19:00+00:00,119.13,49.24,20,0,0,Monday,0,2000,8,advance fee,en,Bill pay kiosk,0
ac659e97-64be-4f8b-8fb2-da47b32c0a71,synth_6fab7108cb6c,unbanked,tabddpm_synthetic,,['en'],advance fee,2024-05-20T23:38:00+00:00,3000.0,1500.0,60,23,0,Monday,0,1,100,advance fee,en,Bill pay kiosk,0
0a15b8a3-1f04-49de-bded-af50ad7a4905,synth_bd7987048950,unbanked,tabddpm_synthetic,,['en'],advance fee,2024-09-10T23:38:00+00:00,3000.0,1500.0,20,23,0,Monday,90,1,100,advance fee,en,Bill pay kiosk,0
38110809-936b-49ba-a055-d410e9b181e3,synth_f77d151fc998,unbanked,tabddpm_synthetic,,['en'],advance fee,2024-10-28T14:48:00+00:00,297.46,31.35,20,14,4,Friday,12,2000,9,advance fee,en,Bill pay kiosk,0
be918d6b-56e5-422d-b3b0-4c99ff8d8621,synth_8f332875a8c0,unbanked,tabddpm_synthetic,,['en'],advance fee,2024-08-13T11:09:00+00:00,502.35,64.01,20,11,0,Monday,22,1912,4,advance fee,en,Bill pay kiosk,0
3dc60d82-637a-4a01-9b7b-28b77d24d0d1,synth_2641eeb7c7ac,unbanked,tabddpm_synthetic,,['en'],advance fee,2024-02-10T17:11:00+00:00,3000.0,323.92,20,17,0,Monday,90,1,19,advance fee,en,Bill pay kiosk,0
cc723cb0-b6eb-4575-917e-c4d64d43f698,synth_df986c9fa501,unbanked,tabddpm_synthetic,,['en'],advance fee,2024-06-23T06:02:00+00:00,429.23,27.83,41,6,0,Monday,15,312,14,advance fee,en,Bill pay kiosk,0
b3cc49f8-5197-47bd-b290-c20b1fcf974c,synth_2f8d9f48fdd6,unbanked,tabddpm_synthetic,,['en'],advance fee,2024-01-13T23:56:00+00:00,3000.0,1500.0,20,23,6,Sunday,0,1,100,advance fee,en,Bill pay kiosk,0
c8c7d80c-1101-4de0-a6d1-15a8408041f7,synth_1d4fac8daa61,unbanked,tabddpm_synthetic,,['en'],advance fee,2024-07-24T06:29:00+00:00,390.03,53.96,20,6,0,Monday,0,2000,10,advance fee,en,Bill pay kiosk,0
c727ca0a-f067-447f-894c-a7bbeca5d0b9,synth_ea5cade0fd73,unbanked,tabddpm_synthetic,,['en'],advance fee,2024-03-31T11:09:00+00:00,3000.0,736.67,29,11,6,Sunday,0,1,45,advance fee,en,Bill pay kiosk,0
d761d16b-48ae-4ae0-9c72-627f8d1ff478,synth_b221e25eeb3f,unbanked,tabddpm_synthetic,,['en'],advance fee,2024-08-05T19:42:00+00:00,140.06,12.0,21,19,0,Monday,0,1492,6,advance fee,en,Bill pay kiosk,0
5effdfec-dbfd-4e81-8829-9000e9f0fc3c,synth_1655488788b7,unbanked,tabddpm_synthetic,,['en'],advance fee,2024-05-09T06:04:00+00:00,10.0,0.0,20,6,3,Thursday,87,404,7,advance fee,en,Bill pay kiosk,0
cb4f7325-b6fc-418a-ae0a-e1bf561eb9f2,synth_52adfd57c515,unbanked,tabddpm_synthetic,,['en'],advance fee,2024-12-15T00:32:00+00:00,427.07,35.19,20,0,0,Monday,0,2000,9,advance fee,en,Bill pay kiosk,0
cc938807-0e8d-4f6f-898b-13e3a145de12,synth_a876768839d3,unbanked,tabddpm_synthetic,,['en'],advance fee,2024-01-02T16:17:00+00:00,1226.14,145.25,20,16,0,Monday,35,575,2,advance fee,en,Bill pay kiosk,0
2f73d04b-80ab-41a5-afda-58051a9185b7,synth_4090000efa7a,unbanked,tabddpm_synthetic,,['en'],advance fee,2024-02-02T00:06:00+00:00,3000.0,1500.0,20,0,6,Sunday,0,1,100,advance fee,en,Bill pay kiosk,0
93d1b3b4-c95f-46e6-936f-5e3e03b069d7,synth_106b44ddbe30,unbanked,tabddpm_synthetic,,['en'],advance fee,2024-03-01T10:23:00+00:00,10.0,0.0,20,10,0,Monday,90,1510,15,advance fee,en,Bill pay kiosk,0
03de7948-9f99-4ad6-b817-d6b357cfa8ea,synth_146a5722f1ea,unbanked,tabddpm_synthetic,,['en'],advance fee,2024-09-23T05:03:00+00:00,1700.79,114.58,38,5,0,Monday,2,1357,8,advance fee,en,Bill pay kiosk,0
d8c2cd48-34d2-499a-811c-df95194490b3,synth_009da8b97939,unbanked,tabddpm_synthetic,,['en'],advance fee,2024-05-15T14:24:00+00:00,157.02,0.0,49,14,2,Wednesday,1,837,6,advance fee,en,Bill pay kiosk,0
654fac44-41a4-486c-8fd3-0b4ec01dbec1,synth_e6d25266b433,unbanked,tabddpm_synthetic,,['en'],advance fee,2024-06-29T00:11:00+00:00,737.76,64.85,30,0,0,Monday,7,1598,13,advance fee,en,Bill pay kiosk,0
077d4bc4-1cea-48f9-a457-9c74d390a633,synth_88796e12099a,unbanked,tabddpm_synthetic,,['en'],advance fee,2024-04-19T07:59:00+00:00,72.46,67.85,20,7,0,Monday,42,2000,5,advance fee,en,Bill pay kiosk,0
8b30cf01-3222-483c-b854-c83c46837946,synth_145fc17f5a70,unbanked,tabddpm_synthetic,,['en'],advance fee,2024-07-05T02:13:00+00:00,895.5,99.0,20,2,0,Monday,1,1820,3,advance fee,en,Bill pay kiosk,0
11c395fc-f01d-4b58-bc44-48fc2d202e1f,synth_3ab3e01a1eca,unbanked,tabddpm_synthetic,,['en'],advance fee,2024-02-01T11:01:00+00:00,396.99,63.96,20,11,0,Monday,21,2000,4,advance fee,en,Bill pay kiosk,0
bc58b13f-56c1-4e45-858a-87408d028e9f,synth_c60f141273f7,unbanked,tabddpm_synthetic,,['en'],advance fee,2024-08-18T00:31:00+00:00,3000.0,1441.58,53,0,0,Monday,60,1,100,advance fee,en,Bill pay kiosk,1
99f71ab9-c8e6-4a52-8c34-0dd3dbdce6c3,synth_21851727b38c,unbanked,tabddpm_synthetic,,['en'],advance fee,2024-04-26T08:38:00+00:00,221.15,0.0,23,8,0,Monday,11,1801,1,advance fee,en,Bill pay kiosk,0
6aa97496-de1f-4f8f-aa68-998d098ef1ed,synth_1544566469ba,unbanked,tabddpm_synthetic,,['en'],advance fee,2024-12-30T06:26:00+00:00,314.27,20.32,40,6,0,Monday,31,1314,8,advance fee,en,Bill pay kiosk,0
b01d7c93-bbee-454b-a5ca-54cc00bf0d80,synth_3f2fb115a4e3,unbanked,tabddpm_synthetic,,['es'],advance fee,2024-04-08T11:10:00+00:00,444.44,35.1,24,11,0,Monday,9,1817,8,advance fee,es,Bill pay kiosk,0
de57b975-62d5-4826-b02c-41ee76c09dce,synth_34bf65a13e91,unbanked,tabddpm_synthetic,,['en'],advance fee,2024-01-12T04:23:00+00:00,264.82,13.63,30,4,2,Wednesday,0,387,10,advance fee,en,Bill pay kiosk,0
89a8d138-8599-4be2-8155-1b6dc7360293,synth_b7f3d604524c,unbanked,tabddpm_synthetic,,['en'],advance fee,2024-03-22T23:55:00+00:00,3000.0,1500.0,20,23,0,Monday,90,1,100,advance fee,en,Bill pay kiosk,0
cad6a5f4-71b0-40b6-aefd-cdc0d7a7c94d,synth_10763e8809e6,unbanked,tabddpm_synthetic,,['en'],advance fee,2024-11-21T23:32:00+00:00,3000.0,1500.0,60,23,0,Monday,0,1,100,advance fee,en,Bill pay kiosk,1
792cb8aa-7d58-4bd9-aa94-77c4bd19204a,synth_d77472082630,unbanked,tabddpm_synthetic,,['en'],advance fee,2024-04-28T00:50:00+00:00,668.49,69.69,20,0,0,Monday,35,1600,25,advance fee,en,Bill pay kiosk,1
bac28623-aee3-47ec-aa74-a7f5bf40fc98,synth_72dcfe4358c2,unbanked,tabddpm_synthetic,,['en'],advance fee,2024-12-11T00:10:00+00:00,767.07,64.76,38,0,1,Tuesday,0,1479,3,advance fee,en,Bill pay kiosk,0
ff6ca24c-7991-466d-9dad-741e29ee7ab5,synth_5b8b939da7b0,unbanked,tabddpm_synthetic,,['en'],fake loan,2024-07-03T16:23:00+00:00,711.78,19.1,20,16,3,Thursday,23,1021,13,fake loan,en,Bill pay kiosk,0
de376b45-6daa-498f-9fb9-acbbfeedb0ba,synth_bbdc8f4b6532,unbanked,tabddpm_synthetic,,['en'],advance fee,2024-01-20T23:21:00+00:00,3000.0,720.85,60,23,0,Monday,12,1,34,advance fee,en,Bill pay kiosk,0
3b70d525-1e1a-4894-b3a1-668ff8ffe3d8,synth_c50e4dbc70c1,unbanked,tabddpm_synthetic,,['en'],advance fee,2024-03-05T23:41:00+00:00,1416.08,124.65,20,23,6,Sunday,16,2000,4,advance fee,en,Bill pay kiosk,0
dffc79f4-7acc-48f7-bbff-ce844c375779,synth_3e22351c9933,unbanked,tabddpm_synthetic,,['en'],advance fee,2024-02-11T12:31:00+00:00,200.05,17.37,20,12,6,Sunday,90,841,8,advance fee,en,Bill pay kiosk,0
44e8df3a-0865-48d6-8ce8-d59bcbeb4e6c,synth_8ba818a486d1,unbanked,tabddpm_synthetic,,['en'],advance fee,2024-12-25T00:07:00+00:00,3000.0,1500.0,20,0,6,Sunday,0,1,100,advance fee,en,Bill pay kiosk,0
2c5acdcb-39f6-4e6d-8e2e-d70bb6221866,synth_b6e9097c467d,unbanked,tabddpm_synthetic,,['en'],advance fee,2024-03-31T23:41:00+00:00,2826.84,0.0,20,23,0,Monday,90,1,100,advance fee,en,Bill pay kiosk,0
ff3006c7-2830-4f62-96c1-18adff9cfa0a,synth_5736cce79c97,unbanked,tabddpm_synthetic,,['en'],advance fee,2024-05-23T23:56:00+00:00,3000.0,1500.0,20,23,6,Sunday,90,1,100,advance fee,en,Bill pay kiosk,0
020d294d-248f-4482-a18b-07c74d470211,synth_a2008385e48b,unbanked,tabddpm_synthetic,,['en'],advance fee,2024-02-26T09:10:00+00:00,84.95,115.37,20,9,0,Monday,46,2000,0,advance fee,en,Bill pay kiosk,0
7b694301-22d5-4278-8827-852268619853,synth_d94209124809,unbanked,tabddpm_synthetic,,['en'],advance fee,2024-03-14T18:42:00+00:00,3000.0,1165.58,20,18,6,Sunday,0,1,31,advance fee,en,Bill pay kiosk,0
8ad905b2-df79-4641-819f-ef105d718b49,synth_7d409d5eca81,unbanked,tabddpm_synthetic,,['en'],advance fee,2024-01-14T15:44:00+00:00,535.77,84.81,20,15,4,Friday,16,1111,7,advance fee,en,Bill pay kiosk,0
9e303125-acda-46f1-98f3-d31f033143cf,synth_96559d308ffb,unbanked,tabddpm_synthetic,,['en'],advance fee,2024-03-18T12:29:00+00:00,415.09,37.55,20,12,0,Monday,40,1923,3,advance fee,en,Bill pay kiosk,0
28df0a11-191d-4cfc-93d7-040920c98a65,synth_22238cf29e76,unbanked,tabddpm_synthetic,,['en'],advance fee,2024-11-08T23:06:00+00:00,3000.0,1500.0,20,23,6,Sunday,0,1,100,advance fee,en,Bill pay kiosk,0
7ba97ddd-3341-48a9-82ce-8d6eaff3b1b1,synth_6df225f33d21,unbanked,tabddpm_synthetic,,['en'],advance fee,2024-04-23T17:48:00+00:00,1307.48,90.49,20,17,6,Sunday,0,26,8,advance fee,en,Bill pay kiosk,0
d582230b-f122-40c2-864f-eefff4c7fc01,synth_826a2a8a212d,unbanked,tabddpm_synthetic,,['en'],fake loan,2024-05-12T03:31:00+00:00,386.74,40.78,33,3,0,Monday,28,1781,9,fake loan,en,Bill pay kiosk,0
a9683296-21f7-4e39-8417-7a5cf8e00b03,synth_6f2ea84e5159,unbanked,tabddpm_synthetic,,['en'],advance fee,2024-01-30T00:22:00+00:00,250.02,17.87,20,0,5,Saturday,90,214,18,advance fee,en,Bill pay kiosk,0
13d09405-a44e-4209-8c58-aba4d72d1552,synth_6c09534c35f1,unbanked,tabddpm_synthetic,,['en'],advance fee,2024-11-10T00:41:00+00:00,10.0,2.91,20,0,0,Monday,0,1508,6,advance fee,en,Bill pay kiosk,0
681c2c40-d770-4cba-b176-4adaf5ff0adc,synth_d2d1ac509d5a,unbanked,tabddpm_synthetic,,['en'],advance fee,2024-11-05T00:41:00+00:00,3000.0,395.46,20,0,0,Monday,90,1,100,advance fee,en,Bill pay kiosk,1
eb33d668-610d-4993-8951-be2ac0613020,synth_ae1ca9dcc768,unbanked,tabddpm_synthetic,,['en'],advance fee,2024-11-12T11:39:00+00:00,1467.3,148.57,20,11,0,Monday,90,759,14,advance fee,en,Bill pay kiosk,1
1ca3bfb8-1ab0-4d37-8804-97a10db24b81,synth_3aa9c1e09add,unbanked,tabddpm_synthetic,,['es'],advance fee,2024-11-30T09:30:00+00:00,385.15,17.88,24,9,0,Monday,0,737,17,advance fee,es,Bill pay kiosk,0
685d6736-85c1-4ede-a74b-982f1778fcd8,synth_1dcfd7071e56,unbanked,tabddpm_synthetic,,['en'],advance fee,2024-02-16T23:17:00+00:00,3000.0,1500.0,20,23,6,Sunday,0,1,100,advance fee,en,Bill pay kiosk,0
d36cdc8a-c43e-4664-80de-e88afeb38777,synth_e4e1e5d8da8d,unbanked,tabddpm_synthetic,,['en'],advance fee,2024-04-20T13:44:00+00:00,717.89,113.78,20,13,0,Monday,15,1918,5,advance fee,en,Bill pay kiosk,0
6c83df05-f126-4018-a4dd-ef4284372310,synth_1c1ab33676ac,unbanked,tabddpm_synthetic,,['en'],advance fee,2024-03-26T08:14:00+00:00,795.73,72.52,37,8,0,Monday,8,1715,12,advance fee,en,Bill pay kiosk,0
1fc81a1f-687b-4d5c-98b2-22ddf620be8e,synth_efa908fae18f,unbanked,tabddpm_synthetic,,['en'],advance fee,2024-10-06T00:39:00+00:00,1507.8,203.86,40,0,4,Friday,24,295,25,advance fee,en,Bill pay kiosk,0
af27cfd9-bcc6-41da-891c-9f0e52a7cc71,synth_4e697ab666c4,unbanked,tabddpm_synthetic,,['en'],advance fee,2024-11-22T10:53:00+00:00,343.76,50.18,20,10,0,Monday,5,1662,5,advance fee,en,Bill pay kiosk,0
2a21448e-5415-44b6-9f7b-9b93a033cb9e,synth_ab92fd841b76,unbanked,tabddpm_synthetic,,['en'],advance fee,2024-12-13T10:54:00+00:00,3000.0,691.42,57,10,6,Sunday,0,1,39,advance fee,en,Bill pay kiosk,0
574e4bc9-5812-49bd-9644-ef4f2b057b85,synth_f21ce5bf0a9b,unbanked,tabddpm_synthetic,,['en'],advance fee,2024-06-25T23:19:00+00:00,3000.0,1500.0,20,23,6,Sunday,0,1,100,advance fee,en,Bill pay kiosk,1
b3f32749-54aa-48a0-bd39-8c224fbd1fe0,synth_151c332a186b,unbanked,tabddpm_synthetic,,['en'],advance fee,2024-08-10T05:57:00+00:00,191.86,0.0,51,5,2,Wednesday,11,298,3,advance fee,en,Bill pay kiosk,0
a528740a-6606-45e2-83ed-8b51de3e1615,synth_8e4b836f81dc,unbanked,tabddpm_synthetic,,['en'],advance fee,2024-12-12T00:12:00+00:00,3000.0,1500.0,60,0,0,Monday,90,1,100,advance fee,en,Bill pay kiosk,1
d8937889-6049-4ca4-b0e0-7764a4b68d2c,synth_6cb6e858d347,unbanked,tabddpm_synthetic,,['en'],advance fee,2024-01-09T23:57:00+00:00,3000.0,1500.0,20,23,0,Monday,90,1,100,advance fee,en,Bill pay kiosk,1
f787dbe3-6c9a-4ee5-9718-1e8cca90a48a,synth_0e2201c6f90c,unbanked,tabddpm_synthetic,,['en'],advance fee,2024-08-06T23:58:00+00:00,3000.0,1500.0,20,23,6,Sunday,0,1,100,advance fee,en,Bill pay kiosk,0
e52f7884-2910-4744-86f1-56de6442709d,synth_6b90a44cf42d,unbanked,tabddpm_synthetic,,['en'],advance fee,2024-01-27T00:50:00+00:00,10.0,0.0,20,0,0,Monday,90,455,18,advance fee,en,Bill pay kiosk,0
1070b313-a74f-4f2c-a879-795e53e3e874,synth_0382a2005f8a,unbanked,tabddpm_synthetic,,['en'],advance fee,2024-08-27T00:31:00+00:00,758.75,20.55,49,0,0,Monday,42,1,13,advance fee,en,Bill pay kiosk,0
af2ba862-7d8b-4a74-8a06-a399788a127a,synth_5188712d1256,unbanked,tabddpm_synthetic,,['en'],advance fee,2024-11-26T07:56:00+00:00,3000.0,405.08,38,7,2,Wednesday,4,1344,8,advance fee,en,Bill pay kiosk,0
bd4f4e05-9856-4eec-8f6d-eeff782dd7e6,synth_15ef32b9905d,unbanked,tabddpm_synthetic,,['en'],advance fee,2024-01-22T23:40:00+00:00,3000.0,1500.0,20,23,0,Monday,90,1,100,advance fee,en,Bill pay kiosk,0
9a0d415a-8fa5-4797-9d37-aefc3b0eefd6,synth_6daae532bcb7,unbanked,tabddpm_synthetic,,['en'],advance fee,2024-09-21T00:57:00+00:00,247.01,21.09,29,0,0,Monday,0,825,5,advance fee,en,Bill pay kiosk,0
495dbee9-947e-4a34-be27-c2529847f2ef,synth_748bbd60769c,unbanked,tabddpm_synthetic,,['en'],advance fee,2024-06-19T23:54:00+00:00,10.0,0.0,20,23,0,Monday,90,1,100,advance fee,en,Bill pay kiosk,0
4980e83f-04cb-4703-be05-01029d680c92,synth_d827b7117a53,unbanked,tabddpm_synthetic,,['en'],advance fee,2024-04-25T07:13:00+00:00,91.98,0.0,20,7,3,Thursday,90,541,11,advance fee,en,Bill pay kiosk,0
1af539bb-bcd5-4b65-b1fe-3e9b7205903d,synth_20a07be03211,unbanked,tabddpm_synthetic,,['en'],advance fee,2024-03-27T23:20:00+00:00,3000.0,1500.0,60,23,0,Monday,63,1,100,advance fee,en,Bill pay kiosk,0
a26002d3-ae64-4ec8-a06c-09ef3adac79d,synth_14d13f88fec2,unbanked,tabddpm_synthetic,,['en'],advance fee,2024-02-26T07:37:00+00:00,826.1,59.41,23,7,0,Monday,3,827,11,advance fee,en,Bill pay kiosk,0
8a2be402-9058-42ea-a34d-0291bc315236,synth_2af14ee63ffe,unbanked,tabddpm_synthetic,,['en'],advance fee,2024-08-08T05:35:00+00:00,3000.0,337.44,53,5,0,Monday,2,545,26,advance fee,en,Bill pay kiosk,0
1f2a7eef-6eb8-4c6f-9212-7495e34fa4cd,synth_e831d151df89,unbanked,tabddpm_synthetic,,['en'],advance fee,2024-06-12T17:07:00+00:00,307.81,0.0,37,17,0,Monday,24,901,5,advance fee,en,Bill pay kiosk,0
e742a378-a24d-4dc8-8f20-77353b3d079a,synth_0e46153c49dc,unbanked,tabddpm_synthetic,,['en'],advance fee,2024-01-18T05:28:00+00:00,247.44,39.66,37,5,2,Wednesday,5,2000,12,advance fee,en,Bill pay kiosk,0
de2c1260-8ed1-4929-b423-05acace6d95f,synth_3119ad579953,unbanked,tabddpm_synthetic,,['en'],fake loan,2024-12-18T00:40:00+00:00,425.69,31.61,20,0,0,Monday,0,2000,11,fake loan,en,Bill pay kiosk,0
d337003e-d9cb-4fb3-b750-a2adc9d4c055,synth_7c305b4c3e00,unbanked,tabddpm_synthetic,,['en'],advance fee,2024-10-29T09:58:00+00:00,374.69,20.9,20,9,0,Monday,1,1151,4,advance fee,en,Bill pay kiosk,0
63eadd72-63b9-4f2a-8b08-e690c20459e1,synth_776c0d78ae8b,unbanked,tabddpm_synthetic,,['en'],advance fee,2024-06-13T00:37:00+00:00,833.14,79.69,46,0,1,Tuesday,10,903,30,advance fee,en,Bill pay kiosk,0
22b03db1-5077-4cc9-abc4-79314c54d087,synth_3416448f7346,unbanked,tabddpm_synthetic,,['en'],advance fee,2024-12-26T00:24:00+00:00,3000.0,1027.42,60,0,1,Tuesday,0,1,100,advance fee,en,Bill pay kiosk,0
81ace64a-3d63-4afe-bcbf-49828a9913b4,synth_906f926ecf31,unbanked,tabddpm_synthetic,,['en'],advance fee,2024-12-16T23:08:00+00:00,3000.0,1500.0,60,23,0,Monday,0,1,100,advance fee,en,Bill pay kiosk,0
4043d9d7-4ca6-4e85-94bb-64a778a1c918,synth_380aaad0b09d,unbanked,tabddpm_synthetic,,['en'],advance fee,2024-01-16T00:31:00+00:00,3000.0,1500.0,20,0,0,Monday,90,1,100,advance fee,en,Bill pay kiosk,1
8fbb6f17-abb3-479c-9752-aed2c50414c5,synth_3619d4c5644c,unbanked,tabddpm_synthetic,,['en'],advance fee,2024-02-25T08:11:00+00:00,240.01,42.71,25,8,0,Monday,0,2000,7,advance fee,en,Bill pay kiosk,0
b9239b37-fb19-4a1b-9937-a94d8d164144,synth_db9583d02635,unbanked,tabddpm_synthetic,,['en'],advance fee,2024-01-10T23:51:00+00:00,3000.0,1500.0,20,23,6,Sunday,90,1,100,advance fee,en,Bill pay kiosk,0
9e6409ba-76ec-4d70-85c3-0ccc383977f0,synth_b67a615e3cc0,unbanked,tabddpm_synthetic,,['en'],advance fee,2024-06-04T00:50:00+00:00,3000.0,1500.0,20,0,6,Sunday,0,1,100,advance fee,en,Bill pay kiosk,0
abb4393a-0487-416f-b47a-6739a7f77d7e,synth_ffce7cbd067b,unbanked,tabddpm_synthetic,,['es'],advance fee,2024-09-18T12:01:00+00:00,83.05,28.93,37,12,0,Monday,0,652,7,advance fee,es,Bill pay kiosk,0
2d5ce78c-2e76-40de-ad96-741bb2d5606e,synth_1c1fe0d3b233,unbanked,tabddpm_synthetic,,['es'],advance fee,2024-01-11T13:03:00+00:00,391.08,41.21,20,13,4,Friday,33,2000,1,advance fee,es,Bill pay kiosk,0
6eed3dfa-46fc-4cd7-b26e-ea17fb1b23fd,synth_0aa60d4e86a0,unbanked,tabddpm_synthetic,,['en'],advance fee,2024-07-20T23:09:00+00:00,3000.0,1500.0,60,23,0,Monday,90,1,100,advance fee,en,Bill pay kiosk,0
5979461f-6934-44d7-9f25-4040d9b5ee24,synth_6e5b9a499acf,unbanked,tabddpm_synthetic,,['en'],advance fee,2024-10-17T03:52:00+00:00,1062.33,52.89,37,3,0,Monday,5,236,6,advance fee,en,Bill pay kiosk,0
b5f998bc-84a6-4117-981c-e5acb39898cb,synth_59c72452c962,unbanked,tabddpm_synthetic,,['en'],advance fee,2024-12-11T11:37:00+00:00,120.24,21.79,20,11,0,Monday,1,744,7,advance fee,en,Bill pay kiosk,0
44a191f7-19ff-4e29-b21d-8aa695867c9a,synth_dec3db64b997,unbanked,tabddpm_synthetic,,['en'],advance fee,2024-09-13T23:10:00+00:00,3000.0,1500.0,20,23,0,Monday,90,1,86,advance fee,en,Bill pay kiosk,0
ab60d99c-c759-4820-89c7-5fd68ed1564f,synth_4fd35bd25ab7,unbanked,tabddpm_synthetic,,['en'],advance fee,2024-07-16T00:06:00+00:00,3000.0,813.6,54,0,6,Sunday,4,1,74,advance fee,en,Bill pay kiosk,1
51ed781f-2e22-49b9-a489-e66759db18c9,synth_30ced0fc3ecc,unbanked,tabddpm_synthetic,,['en'],advance fee,2024-12-20T23:58:00+00:00,1002.29,0.0,20,23,6,Sunday,90,1,64,advance fee,en,Bill pay kiosk,0
e37014dd-c35c-47f6-a669-a15e6750af05,synth_0e5762b11dbb,unbanked,tabddpm_synthetic,,['en'],advance fee,2024-03-21T23:01:00+00:00,3000.0,1500.0,20,23,1,Tuesday,39,1,100,advance fee,en,Bill pay kiosk,0
b859dbfa-626e-4687-a2f6-de76c93d3a69,synth_9ac26f84f130,unbanked,tabddpm_synthetic,,['en'],advance fee,2024-08-28T08:12:00+00:00,3000.0,1356.02,20,8,6,Sunday,0,1,100,advance fee,en,Bill pay kiosk,1
0d83f340-0514-4b1d-a5ea-853db580cd31,synth_0939724a8f91,unbanked,tabddpm_synthetic,,['en'],advance fee,2024-10-29T23:08:00+00:00,3000.0,1500.0,20,23,6,Sunday,0,1,100,advance fee,en,Bill pay kiosk,0
1143181a-0661-4937-90b2-95f255a15e5b,synth_996376e0d58a,unbanked,tabddpm_synthetic,,['en'],advance fee,2024-01-24T00:25:00+00:00,3000.0,1500.0,60,0,6,Sunday,0,1,100,advance fee,en,Bill pay kiosk,0
fd5edf21-0142-4e07-b8be-e7ec11147729,synth_7bb617cbc726,unbanked,tabddpm_synthetic,,['en'],advance fee,2024-10-01T16:02:00+00:00,2822.36,288.69,20,16,6,Sunday,0,103,13,advance fee,en,Bill pay kiosk,0
fe29a940-b526-4500-b310-129cff3e3a4d,synth_f132a7d90411,unbanked,tabddpm_synthetic,,['en'],advance fee,2024-08-26T00:54:00+00:00,10.0,29.64,21,0,0,Monday,0,1920,14,advance fee,en,Bill pay kiosk,0
08350d3f-a893-41d0-8a80-c6097258aabe,synth_335cc8ee2bba,unbanked,tabddpm_synthetic,,['en'],advance fee,2024-04-19T05:23:00+00:00,342.84,11.83,38,5,0,Monday,41,1429,9,advance fee,en,Bill pay kiosk,0
fda96aa4-aad6-412d-8676-aa9898194e4a,synth_c8e1f18ac868,unbanked,tabddpm_synthetic,,['en'],advance fee,2024-02-14T09:11:00+00:00,192.48,0.0,20,9,0,Monday,90,509,15,advance fee,en,Bill pay kiosk,0
4b48317e-a3f1-420e-a054-0fdb32bf163b,synth_add03702e684,unbanked,tabddpm_synthetic,,['en'],advance fee,2024-07-13T02:31:00+00:00,221.89,14.89,20,2,0,Monday,1,2000,4,advance fee,en,Bill pay kiosk,0
ab03d99d-169e-43bb-b75d-57f64a054809,synth_2b421f560a9a,unbanked,tabddpm_synthetic,,['en'],advance fee,2024-03-05T06:56:00+00:00,622.98,0.0,20,6,0,Monday,90,1,100,advance fee,en,Bill pay kiosk,0
14d5ff25-a23d-404e-bb2e-11d5325dc2b3,synth_ef624a973905,unbanked,tabddpm_synthetic,,['en'],advance fee,2024-04-07T23:55:00+00:00,3000.0,1500.0,20,23,0,Monday,90,1,100,advance fee,en,Bill pay kiosk,0
e18ed577-5c65-4170-894b-136cfde3ba8d,synth_bbd91cff1d30,unbanked,tabddpm_synthetic,,['en'],advance fee,2024-04-20T07:03:00+00:00,10.0,0.87,26,7,0,Monday,75,134,15,advance fee,en,Bill pay kiosk,0
c1a48e31-2fd0-4cc3-94cc-21dcae8e89a6,synth_9094a9680a2d,unbanked,tabddpm_synthetic,,['en'],advance fee,2024-02-02T09:09:00+00:00,129.1,0.0,32,9,0,Monday,3,2000,4,advance fee,en,Bill pay kiosk,0
4880e705-7e7e-49ce-b79f-d8a01a0a30ee,synth_db9566683c11,unbanked,tabddpm_synthetic,,['en'],advance fee,2024-04-24T04:27:00+00:00,2892.48,275.63,20,4,0,Monday,13,1,20,advance fee,en,Bill pay kiosk,0
0df61207-33a5-47d4-9869-0aa84d6a4a85,synth_ae1e0375e72d,unbanked,tabddpm_synthetic,,['en'],advance fee,2024-01-16T02:27:00+00:00,3000.0,282.41,48,2,0,Monday,5,964,7,advance fee,en,Bill pay kiosk,0
5f8f15e8-221d-4bc5-aeb0-0b8398943636,synth_ae1cb6a3ac0e,unbanked,tabddpm_synthetic,,['en'],advance fee,2024-06-14T23:45:00+00:00,3000.0,1500.0,20,23,6,Sunday,27,1,100,advance fee,en,Bill pay kiosk,0
649a62f1-53da-43cc-8b8a-b4e4728310d0,synth_70948340533b,unbanked,tabddpm_synthetic,,['en'],advance fee,2024-04-06T23:32:00+00:00,10.0,0.0,20,23,0,Monday,90,1,100,advance fee,en,Bill pay kiosk,0
809525a5-c704-4efa-b4e4-db3891bbfb86,synth_94b8fe63461c,unbanked,tabddpm_synthetic,,['en'],advance fee,2024-06-26T05:54:00+00:00,411.98,33.46,20,5,0,Monday,1,1421,5,advance fee,en,Bill pay kiosk,0
94ca9ab3-db21-4d88-ade3-2543fe9bc52b,synth_935e7abb1808,unbanked,tabddpm_synthetic,,['en'],advance fee,2024-09-21T00:13:00+00:00,3000.0,1500.0,20,0,6,Sunday,0,1,100,advance fee,en,Bill pay kiosk,0
4b55275c-93f5-4d9d-94c4-8082ca898536,synth_5236a9cf20b8,unbanked,tabddpm_synthetic,,['en'],advance fee,2024-09-03T11:02:00+00:00,10.0,0.0,20,11,6,Sunday,90,1086,8,advance fee,en,Bill pay kiosk,0
3dab87c4-c69c-491e-870e-a8570762d9ee,synth_4e829622ef95,unbanked,tabddpm_synthetic,,['en'],advance fee,2024-04-17T23:27:00+00:00,3000.0,1500.0,20,23,0,Monday,90,1,100,advance fee,en,Bill pay kiosk,0
77fdda75-cdb8-4d12-8c1d-248c26d2d293,synth_8b037a25a635,unbanked,tabddpm_synthetic,,['en'],advance fee,2024-12-16T00:18:00+00:00,43.08,34.03,20,0,0,Monday,90,2000,26,advance fee,en,Bill pay kiosk,0
fd9327fc-19a1-44fe-b07a-0de397bb93fd,synth_269ec6906036,unbanked,tabddpm_synthetic,,['en'],advance fee,2024-11-22T23:38:00+00:00,1690.53,158.88,37,23,0,Monday,0,438,3,advance fee,en,Bill pay kiosk,0
594839aa-80c7-477c-9d20-e136e6879612,synth_b2cacd4d634e,unbanked,tabddpm_synthetic,,['en'],advance fee,2024-01-13T14:19:00+00:00,467.23,41.97,20,14,0,Monday,11,892,4,advance fee,en,Bill pay kiosk,0
50adf583-8bf3-4084-8b84-d1bd581fdfbd,synth_2c35feb53efd,unbanked,tabddpm_synthetic,,['en'],advance fee,2024-06-22T00:00:00+00:00,53.29,0.0,41,0,0,Monday,0,2000,9,advance fee,en,Bill pay kiosk,0
234d7935-3753-445d-8ec2-bdb9dc9cf35e,synth_5c35f1de5249,unbanked,tabddpm_synthetic,,['en'],advance fee,2024-01-06T14:12:00+00:00,920.63,70.76,20,14,0,Monday,24,644,1,advance fee,en,Bill pay kiosk,0
ec4cd889-3f3a-4179-8741-4d0d0d4e68c3,synth_9f37011b3b7b,unbanked,tabddpm_synthetic,,['en'],advance fee,2024-09-12T00:02:00+00:00,3000.0,1500.0,60,0,0,Monday,42,1,100,advance fee,en,Bill pay kiosk,1
9809c2a6-541a-468a-a249-8d7ec3dfe4ee,synth_600810ce6384,unbanked,tabddpm_synthetic,,['en'],advance fee,2024-07-20T23:04:00+00:00,3000.0,1500.0,20,23,0,Monday,90,1,100,advance fee,en,Bill pay kiosk,0
bbc011b4-389e-49b3-a2ea-2dfcc5167d16,synth_f0af02eae3cc,unbanked,tabddpm_synthetic,,['en'],advance fee,2024-10-07T23:40:00+00:00,3000.0,1500.0,20,23,6,Sunday,90,1,100,advance fee,en,Bill pay kiosk,0
f8d26151-9d16-463e-9f0a-5d7d02736312,synth_d86059adeca9,unbanked,tabddpm_synthetic,,['en'],advance fee,2024-05-28T00:41:00+00:00,3000.0,1500.0,60,0,0,Monday,0,1,100,advance fee,en,Bill pay kiosk,1
790c32da-458c-4ac3-a9e3-5437447a3edc,synth_a6117568ccc8,unbanked,tabddpm_synthetic,,['en'],advance fee,2024-09-07T23:53:00+00:00,3000.0,1500.0,20,23,0,Monday,90,1,100,advance fee,en,Bill pay kiosk,0
efd5813b-a503-4c84-aa42-419b4cd5334c,synth_06d3ea457f2b,unbanked,tabddpm_synthetic,,['en'],advance fee,2024-04-11T13:11:00+00:00,120.06,8.46,51,13,5,Saturday,0,899,3,advance fee,en,Bill pay kiosk,0
2884f77f-fa06-40de-b693-e34d4b56b9a0,synth_0dbcc9e55e6b,unbanked,tabddpm_synthetic,,['en'],advance fee,2024-11-03T11:55:00+00:00,10.0,16.61,34,11,0,Monday,0,1353,8,advance fee,en,Bill pay kiosk,0
33f09631-447e-488b-b0d6-3c31297457f1,synth_d580639f7b23,unbanked,tabddpm_synthetic,,['en'],advance fee,2024-05-28T14:52:00+00:00,2122.3,246.92,31,14,0,Monday,20,732,9,advance fee,en,Bill pay kiosk,0
d9ee5451-261a-4369-9261-2f55f76eda66,synth_8691d364ba58,unbanked,tabddpm_synthetic,,['en'],advance fee,2024-08-06T23:00:00+00:00,3000.0,1500.0,20,23,0,Monday,90,1,100,advance fee,en,Bill pay kiosk,0
fc79063a-2a42-4dcb-94f9-07e16bd4d9ad,synth_a1d754fd5703,unbanked,tabddpm_synthetic,,['en'],advance fee,2024-03-24T08:07:00+00:00,10.0,0.0,20,8,4,Friday,90,1,9,advance fee,en,Bill pay kiosk,0
64726577-0dfd-4cd9-b519-2ef414f1c09e,synth_193475157f88,unbanked,tabddpm_synthetic,,['en'],advance fee,2024-03-19T13:03:00+00:00,60.84,24.39,21,13,0,Monday,3,1828,4,advance fee,en,Bill pay kiosk,0
9936c42e-d697-407d-b8a4-030c44020adf,synth_ae156041550c,unbanked,tabddpm_synthetic,,['en'],advance fee,2024-06-30T00:56:00+00:00,10.0,0.0,20,0,0,Monday,90,2000,12,advance fee,en,Bill pay kiosk,0
d98b8f70-38ed-4b9a-97e4-5eea1748fc25,synth_dcdce085602c,unbanked,tabddpm_synthetic,,['en'],advance fee,2024-09-21T07:36:00+00:00,10.0,0.0,20,7,0,Monday,90,1106,0,advance fee,en,Bill pay kiosk,0
910f5415-803e-40c4-9271-97d35b51c75b,synth_9c23a6022e36,unbanked,tabddpm_synthetic,,['en'],advance fee,2024-07-10T15:07:00+00:00,128.1,6.94,39,15,0,Monday,21,1598,6,advance fee,en,Bill pay kiosk,0
3f7bec5e-ebc2-4332-8693-5d0271fe218a,synth_541b30b7d324,unbanked,tabddpm_synthetic,,['en'],advance fee,2024-03-27T16:48:00+00:00,1107.82,88.79,22,16,0,Monday,5,862,8,advance fee,en,Bill pay kiosk,0
2317450e-f715-410e-af5d-051db098ec6e,synth_36e64a580066,unbanked,tabddpm_synthetic,,['en'],advance fee,2024-05-25T23:10:00+00:00,3000.0,1500.0,20,23,6,Sunday,0,1,100,advance fee,en,Bill pay kiosk,0
66756090-a7cb-4961-bea4-be7be2d4117c,synth_264048b5495b,unbanked,tabddpm_synthetic,,['en'],advance fee,2024-12-22T23:02:00+00:00,3000.0,1500.0,20,23,6,Sunday,0,1,100,advance fee,en,Bill pay kiosk,0
68c23077-c754-40db-8da1-70b17622a4e2,synth_d9fae0c42f37,unbanked,tabddpm_synthetic,,['en'],advance fee,2024-03-25T11:10:00+00:00,431.4,25.33,20,11,0,Monday,2,361,5,advance fee,en,Bill pay kiosk,0
c5439bc2-5c0a-4495-b678-7a3f52c52266,synth_284d1e79e7e6,unbanked,tabddpm_synthetic,,['en'],advance fee,2024-07-15T23:21:00+00:00,3000.0,1500.0,20,23,6,Sunday,90,1,100,advance fee,en,Bill pay kiosk,0
7bfea65c-6748-4282-b45e-a2487e39848f,synth_72c7eb4778b1,unbanked,tabddpm_synthetic,,['en'],fake loan,2024-12-22T07:33:00+00:00,1034.02,65.98,50,7,0,Monday,23,622,9,fake loan,en,Bill pay kiosk,0
e803b836-1225-4737-9c93-6bb862dc5b78,synth_1b058be3b1c7,unbanked,tabddpm_synthetic,,['en'],advance fee,2024-12-19T00:09:00+00:00,685.86,78.86,33,0,0,Monday,4,479,16,advance fee,en,Bill pay kiosk,0
7f355882-08d2-48b5-9653-c2b2713fd71f,synth_2c8871a2de47,unbanked,tabddpm_synthetic,,['en'],advance fee,2024-05-06T23:24:00+00:00,3000.0,1500.0,20,23,0,Monday,90,1,100,advance fee,en,Bill pay kiosk,0
ceeadf47-be0e-4566-a4a3-f3021defe18b,synth_1e97ddccc411,unbanked,tabddpm_synthetic,,['en'],advance fee,2024-07-11T05:55:00+00:00,10.0,0.0,20,5,0,Monday,90,1,50,advance fee,en,Bill pay kiosk,0
aa8332f9-2f36-411b-8f3b-89cba6c3f515,synth_268db4721437,unbanked,tabddpm_synthetic,,['en'],advance fee,2024-01-12T00:29:00+00:00,301.88,17.53,28,0,0,Monday,0,1495,6,advance fee,en,Bill pay kiosk,0
8525ec6e-8cb3-4795-9b33-b86b2cf64b66,synth_2a04bcf3e1cd,unbanked,tabddpm_synthetic,,['en'],advance fee,2024-06-27T23:15:00+00:00,3000.0,1500.0,20,23,0,Monday,90,1,100,advance fee,en,Bill pay kiosk,0
ec59ccdf-dd19-41a8-a4c5-5d9eef96f7b6,synth_990f0bcb0295,unbanked,tabddpm_synthetic,,['en'],advance fee,2024-12-17T23:29:00+00:00,3000.0,1500.0,20,23,0,Monday,73,1,100,advance fee,en,Bill pay kiosk,0
1530a3ac-e645-4f1e-a74b-aba61167e90e,synth_dced5fdecfdb,unbanked,tabddpm_synthetic,,['en'],advance fee,2024-09-08T23:12:00+00:00,3000.0,1500.0,20,23,0,Monday,90,1,100,advance fee,en,Bill pay kiosk,0
4fda1dab-134a-48af-86f5-2956e28a3f35,synth_460dc6d0fcf4,unbanked,tabddpm_synthetic,,['en'],advance fee,2024-12-19T23:39:00+00:00,2331.54,212.74,60,23,0,Monday,3,1,17,advance fee,en,Bill pay kiosk,0
2698c2c3-1933-4bc0-8b79-464e2a798688,synth_5bd180989c74,unbanked,tabddpm_synthetic,,['en'],advance fee,2024-07-14T15:19:00+00:00,383.31,24.56,20,15,0,Monday,10,1,2,advance fee,en,Bill pay kiosk,0
43f07c00-789a-461f-8b0e-58a8a6d42e12,synth_7fe761cd7d94,unbanked,tabddpm_synthetic,,['en'],advance fee,2024-04-15T00:05:00+00:00,265.65,3.91,20,0,0,Monday,0,2000,10,advance fee,en,Bill pay kiosk,0
00414609-1588-4e85-a0dc-b7aad98c7133,synth_992eb8b80f22,unbanked,tabddpm_synthetic,,['en'],advance fee,2024-01-06T00:47:00+00:00,555.57,44.97,20,0,0,Monday,0,2000,13,advance fee,en,Bill pay kiosk,0
a1ba34fd-e627-499c-af8b-85e01ac1a6d6,synth_d82b7413d6aa,unbanked,tabddpm_synthetic,,['en'],advance fee,2024-09-13T00:08:00+00:00,411.41,0.0,20,0,0,Monday,90,229,27,advance fee,en,Bill pay kiosk,0
29366981-a381-47f0-8e32-7c55708d946d,synth_466fef8446f3,unbanked,tabddpm_synthetic,,['en'],advance fee,2024-04-30T00:11:00+00:00,3000.0,1500.0,20,0,6,Sunday,0,1,100,advance fee,en,Bill pay kiosk,0
62ee097b-72c3-4821-8b7f-22daa1bb7068,synth_a52555a43e43,unbanked,tabddpm_synthetic,,['en'],advance fee,2024-07-24T17:49:00+00:00,1824.79,241.19,20,17,0,Monday,67,2000,2,advance fee,en,Bill pay kiosk,0
6bbc41a9-51ab-4dd8-bc81-92058dc2c09c,synth_a98127e1387b,unbanked,tabddpm_synthetic,,['en'],advance fee,2024-03-30T23:34:00+00:00,3000.0,1500.0,20,23,0,Monday,90,1,100,advance fee,en,Bill pay kiosk,0
9c75d7b6-23d1-4257-ac32-8af4eabd2bbf,synth_4d4b5f5a4af0,unbanked,tabddpm_synthetic,,['en'],fake loan,2024-04-15T00:30:00+00:00,111.08,13.49,31,0,0,Monday,0,2000,10,fake loan,en,Bill pay kiosk,0
b267726c-81e5-41bd-95e9-7b50548b81e7,synth_47c50044355a,unbanked,tabddpm_synthetic,,['en'],advance fee,2024-04-30T00:13:00+00:00,106.34,19.8,20,0,0,Monday,0,1629,14,advance fee,en,Bill pay kiosk,0
2864c7cb-2916-421e-9f90-db2c6a320404,synth_9491d1ab1386,unbanked,tabddpm_synthetic,,['en'],advance fee,2024-02-04T00:01:00+00:00,1628.42,155.68,60,0,0,Monday,0,2000,13,advance fee,en,Bill pay kiosk,0
583be3d9-8972-4f96-9254-326df3250f79,synth_f1f0479643b0,unbanked,tabddpm_synthetic,,['en'],advance fee,2024-05-28T12:06:00+00:00,16.48,0.0,20,12,5,Saturday,57,1,16,advance fee,en,Bill pay kiosk,0
6c71978a-1c81-4fb7-b732-8fc4d8bdd716,synth_4f6565982a30,unbanked,tabddpm_synthetic,,['en'],advance fee,2024-04-03T13:58:00+00:00,1851.89,78.24,20,13,5,Saturday,0,510,5,advance fee,en,Bill pay kiosk,0
f37b607b-9f83-4f81-be9b-80552c9f4c0b,synth_248d972577c8,unbanked,tabddpm_synthetic,,['en'],advance fee,2024-12-29T08:09:00+00:00,599.52,0.0,20,8,0,Monday,90,1490,22,advance fee,en,Bill pay kiosk,0
3ada5f59-9592-415b-80c2-75c91762d081,synth_1c72976c9ba6,unbanked,tabddpm_synthetic,,['en'],advance fee,2024-03-26T23:15:00+00:00,3000.0,1500.0,20,23,0,Monday,90,1,100,advance fee,en,Bill pay kiosk,0
3db1aca2-06ab-4c51-9940-15a36368c85c,synth_e86cb79ce702,unbanked,tabddpm_synthetic,,['en'],advance fee,2024-03-02T00:39:00+00:00,250.4,25.11,59,0,0,Monday,13,600,18,advance fee,en,Bill pay kiosk,0
153324e1-b504-44dd-a666-078589a3e8f2,synth_7dfd0b9af84d,unbanked,tabddpm_synthetic,,['en'],advance fee,2024-10-08T23:45:00+00:00,3000.0,1500.0,20,23,6,Sunday,0,1,100,advance fee,en,Bill pay kiosk,0
95e4e658-0809-431e-98dd-66613aaaca16,synth_d7bd40e26c1f,unbanked,tabddpm_synthetic,,['es'],advance fee,2024-05-15T05:38:00+00:00,10.0,11.21,20,5,0,Monday,0,745,9,advance fee,es,Bill pay kiosk,0
600a38c8-a280-4ad7-936c-8e54f35d773f,synth_0115b83f0c80,unbanked,tabddpm_synthetic,,['en'],advance fee,2024-01-17T08:10:00+00:00,1050.84,125.69,20,8,3,Thursday,2,1,16,advance fee,en,Bill pay kiosk,0
84ec6e3a-2743-4e2b-a601-c7a1bb6dd7ad,synth_ef1c31334cd9,unbanked,tabddpm_synthetic,,['en'],advance fee,2024-02-04T15:25:00+00:00,555.36,33.27,20,15,0,Monday,7,768,6,advance fee,en,Bill pay kiosk,0
19efcc50-9ddb-4ec3-8962-3c62103ad049,synth_7a942d940aee,unbanked,tabddpm_synthetic,,['en'],advance fee,2024-10-09T08:12:00+00:00,565.52,50.84,50,8,0,Monday,1,208,8,advance fee,en,Bill pay kiosk,0
051fdd00-0e3a-44e2-8907-632c0b90cb46,synth_a3cb0dc79439,unbanked,tabddpm_synthetic,,['en'],advance fee,2024-09-18T02:28:00+00:00,10.0,0.0,20,2,0,Monday,60,1284,11,advance fee,en,Bill pay kiosk,0
81fafbdd-dbe2-4dba-899f-bc8c93e109ff,synth_b0a80b1e9317,unbanked,tabddpm_synthetic,,['en'],advance fee,2024-03-26T00:37:00+00:00,3000.0,686.23,26,0,3,Thursday,13,1,49,advance fee,en,Bill pay kiosk,0
824e4f40-e643-4d44-a2de-0db66cd4c3a2,synth_8cd1a89a81e9,unbanked,tabddpm_synthetic,,['en'],advance fee,2024-06-16T00:23:00+00:00,10.0,0.0,20,0,6,Sunday,90,1397,19,advance fee,en,Bill pay kiosk,0
113e7032-3968-4d73-9aae-3dca2e4dfd9b,synth_4f689f5e3135,unbanked,tabddpm_synthetic,,['en'],advance fee,2024-09-06T00:14:00+00:00,3000.0,996.23,20,0,0,Monday,66,1,100,advance fee,en,Bill pay kiosk,1
cfdc1a2a-ce71-4350-807e-91a3605efbb5,synth_23c43151c512,unbanked,tabddpm_synthetic,,['en'],advance fee,2024-12-05T00:42:00+00:00,561.66,60.41,52,0,0,Monday,0,1574,10,advance fee,en,Bill pay kiosk,0
409e99bc-1b54-4a2a-95f5-0e85ae8fe0b3,synth_0aefcb2f248a,unbanked,tabddpm_synthetic,,['en'],advance fee,2024-06-25T23:11:00+00:00,3000.0,1500.0,20,23,0,Monday,90,1,100,advance fee,en,Bill pay kiosk,0
9a387371-1036-4e12-8319-4a9bcfd178ab,synth_f2f75770f4aa,unbanked,tabddpm_synthetic,,['en'],advance fee,2024-05-02T23:46:00+00:00,3000.0,1500.0,20,23,0,Monday,90,1,100,advance fee,en,Bill pay kiosk,1
ae1ebe71-60a3-43a5-beab-7bb353e0969b,synth_d2813f15c9e7,unbanked,tabddpm_synthetic,,['en'],advance fee,2024-10-15T18:09:00+00:00,472.31,33.14,20,18,6,Sunday,16,2000,12,advance fee,en,Bill pay kiosk,0
781bd04f-de22-426b-b0bf-8470caaaf502,synth_3751f0e4a812,unbanked,tabddpm_synthetic,,['en'],advance fee,2024-12-06T23:09:00+00:00,3000.0,1500.0,60,23,6,Sunday,0,1,100,advance fee,en,Bill pay kiosk,1
378809b1-10fa-4871-9821-0598ab2c977e,synth_39010e6e1c60,unbanked,tabddpm_synthetic,,['en'],advance fee,2024-11-18T23:25:00+00:00,3000.0,1500.0,20,23,0,Monday,90,1,100,advance fee,en,Bill pay kiosk,0
8ccebb0a-112d-40ad-a6cd-3d8219587e0a,synth_4ed0edd199db,unbanked,tabddpm_synthetic,,['en'],advance fee,2024-06-30T23:57:00+00:00,3000.0,1500.0,20,23,6,Sunday,0,1,100,advance fee,en,Bill pay kiosk,1
325de2f6-14cf-4090-ae0e-c67dee54a5e7,synth_fe48a83862b3,unbanked,tabddpm_synthetic,,['en'],advance fee,2024-03-28T07:08:00+00:00,156.54,14.91,20,7,5,Saturday,8,1490,5,advance fee,en,Bill pay kiosk,0
7a9afd7f-64e6-4e94-8f64-8abd017a813d,synth_e0e5f1d743d0,unbanked,tabddpm_synthetic,,['en'],advance fee,2024-05-21T00:55:00+00:00,85.73,49.0,20,0,0,Monday,0,1023,11,advance fee,en,Bill pay kiosk,0
628a2bdf-5a9a-4ac0-aea6-31fc3bba28e2,synth_2d3a09660177,unbanked,tabddpm_synthetic,,['en'],advance fee,2024-05-22T13:55:00+00:00,588.85,71.82,20,13,0,Monday,15,1655,1,advance fee,en,Bill pay kiosk,0
8bbb862d-e2ef-40dc-9bd4-4b5b8f850ed4,synth_c8edd2edefe5,unbanked,tabddpm_synthetic,,['en'],advance fee,2024-01-14T10:04:00+00:00,10.0,0.0,20,10,0,Monday,90,1,39,advance fee,en,Bill pay kiosk,0
bc1723c0-cba9-4352-88a9-b507c17e6a5a,synth_0c99923d5be4,unbanked,tabddpm_synthetic,,['en'],advance fee,2024-04-29T23:00:00+00:00,10.0,0.0,20,23,0,Monday,90,1,100,advance fee,en,Bill pay kiosk,0
df9498b5-d70b-4c46-a44e-d4a9d7004447,synth_b2731cf970c0,unbanked,tabddpm_synthetic,,['en'],advance fee,2024-06-19T07:05:00+00:00,10.0,0.0,20,7,0,Monday,90,710,12,advance fee,en,Bill pay kiosk,0
3ec178be-06b6-476f-affc-4657c01298d8,synth_9586a148814b,unbanked,tabddpm_synthetic,,['en'],advance fee,2024-06-29T10:57:00+00:00,417.98,52.45,60,10,0,Monday,11,1096,14,advance fee,en,Bill pay kiosk,0
5ce89735-17b5-4232-bcc4-a7133c669454,synth_dad0ed686e7e,unbanked,tabddpm_synthetic,,['en'],advance fee,2024-06-23T10:10:00+00:00,221.13,47.62,20,10,0,Monday,30,2000,6,advance fee,en,Bill pay kiosk,0
147a3030-b48d-4ff2-86f0-211ab1876ccb,synth_06f821ea0af9,unbanked,tabddpm_synthetic,,['en'],advance fee,2024-02-15T04:50:00+00:00,196.93,0.0,20,4,6,Sunday,90,787,31,advance fee,en,Bill pay kiosk,0
a76953c2-d98f-4917-959d-e3f3fc3379cc,synth_a0fdacc05c69,unbanked,tabddpm_synthetic,,['en'],advance fee,2024-12-10T00:13:00+00:00,2228.64,109.88,52,0,0,Monday,15,137,25,advance fee,en,Bill pay kiosk,0
cd0c0b07-d470-4ae4-b66b-96e3732a35b1,synth_70c7aa4b9f31,unbanked,tabddpm_synthetic,,['en'],advance fee,2024-07-18T23:44:00+00:00,3000.0,1500.0,60,23,0,Monday,90,1,100,advance fee,en,Bill pay kiosk,0
175298b7-3ae4-40a7-80e1-81a78443e34f,synth_49a3fb280750,unbanked,tabddpm_synthetic,,['en'],advance fee,2024-10-20T14:50:00+00:00,393.95,52.64,20,14,0,Monday,23,973,2,advance fee,en,Bill pay kiosk,0
d9ef76be-6bc2-4bf2-9130-95dd0e25de8a,synth_2154e8b1b99e,unbanked,tabddpm_synthetic,,['en'],advance fee,2024-07-17T23:30:00+00:00,3000.0,1500.0,20,23,6,Sunday,36,1,100,advance fee,en,Bill pay kiosk,1
feb8e87d-b51f-4f8f-b4bf-e7a87e33c15a,synth_473abc18b1da,unbanked,tabddpm_synthetic,,['en'],advance fee,2024-10-30T10:41:00+00:00,279.79,22.17,20,10,0,Monday,5,1691,4,advance fee,en,Bill pay kiosk,0
1461613e-378d-4819-83ba-4e99964a0562,synth_044260199c34,unbanked,tabddpm_synthetic,,['en'],advance fee,2024-10-25T23:15:00+00:00,3000.0,638.75,20,23,0,Monday,90,1,30,advance fee,en,Bill pay kiosk,0
efacd71d-96da-4fd3-9c33-555ed1e42ff9,synth_0808bb3218ec,unbanked,tabddpm_synthetic,,['es'],advance fee,2024-10-19T16:24:00+00:00,406.17,30.81,20,16,0,Monday,30,1700,11,advance fee,es,Bill pay kiosk,0
ef67209e-1b0a-4db8-85ed-988adf410398,synth_4d16f4d374cb,unbanked,tabddpm_synthetic,,['en'],advance fee,2024-10-22T10:21:00+00:00,688.48,59.46,20,10,0,Monday,63,998,6,advance fee,en,Bill pay kiosk,0
870a7ccb-d8ad-4f54-8326-d3eaebef1377,synth_9bccd6d2144d,unbanked,tabddpm_synthetic,,['en'],advance fee,2024-12-09T01:30:00+00:00,10.0,0.0,20,1,0,Monday,90,1822,11,advance fee,en,Bill pay kiosk,0
09214269-11c8-4d95-a0ad-f21724c117c8,synth_e10f5caa8b17,unbanked,tabddpm_synthetic,,['en'],advance fee,2024-05-14T00:39:00+00:00,276.88,40.04,45,0,0,Monday,20,1,25,advance fee,en,Bill pay kiosk,0
8f8b9653-623b-404b-b8ad-2629285144b7,synth_606fca139c52,unbanked,tabddpm_synthetic,,['en'],advance fee,2024-01-12T09:52:00+00:00,32.81,2.16,20,9,4,Friday,90,888,11,advance fee,en,Bill pay kiosk,0
1148554a-3a56-4ac8-bc0a-a4760cfe8e93,synth_52612e5a53e7,unbanked,tabddpm_synthetic,,['en'],advance fee,2024-11-12T23:35:00+00:00,3000.0,1500.0,20,23,0,Monday,90,1,100,advance fee,en,Bill pay kiosk,0
6aae7989-8591-4dd0-bbfa-6dc228ba5951,synth_b539266b8141,unbanked,tabddpm_synthetic,,['en'],advance fee,2024-11-15T00:18:00+00:00,505.73,58.3,60,0,0,Monday,0,2000,14,advance fee,en,Bill pay kiosk,0
0e2f43ab-ab7f-48e6-9bf8-f84d6abbbf03,synth_79f60900dcce,unbanked,tabddpm_synthetic,,['en'],advance fee,2024-09-21T23:07:00+00:00,3000.0,1500.0,20,23,0,Monday,90,1,100,advance fee,en,Bill pay kiosk,1
d40ae7cf-9337-4826-a0f7-e80800b18c1a,synth_91be03ee6d07,unbanked,tabddpm_synthetic,,['en'],advance fee,2024-07-31T23:39:00+00:00,3000.0,1500.0,20,23,6,Sunday,40,1,100,advance fee,en,Bill pay kiosk,0
130e9636-2fdd-415d-ab83-1c4d3f3cd444,synth_b93e3be8a5ff,unbanked,tabddpm_synthetic,,['en'],advance fee,2024-03-19T00:25:00+00:00,3000.0,1069.9,57,0,0,Monday,29,1,100,advance fee,en,Bill pay kiosk,1
99b71689-0a19-425c-8fff-074f9b3dc035,synth_447b0c7e57ca,unbanked,tabddpm_synthetic,,['en'],advance fee,2024-12-25T09:06:00+00:00,427.99,74.93,20,9,0,Monday,48,2000,8,advance fee,en,Bill pay kiosk,0
e01bf2ee-3b85-46b6-b9a4-7458996d310e,synth_fd68b39fe8ef,unbanked,tabddpm_synthetic,,['en'],advance fee,2024-04-12T06:03:00+00:00,10.0,0.0,20,6,0,Monday,90,1,15,advance fee,en,Bill pay kiosk,0
45e32956-073e-4993-8d65-346f23059f76,synth_60ddff693230,unbanked,tabddpm_synthetic,,['en'],advance fee,2024-10-05T14:03:00+00:00,10.0,0.18,20,14,3,Thursday,90,1760,0,advance fee,en,Bill pay kiosk,0
600fb6ac-9cd6-414a-805f-5d7f970eff57,synth_6053fd526cb1,unbanked,tabddpm_synthetic,,['en'],advance fee,2024-06-26T07:36:00+00:00,744.96,63.93,20,7,2,Wednesday,9,1,10,advance fee,en,Bill pay kiosk,0
4f8b089a-3895-4ad2-a361-2f184036a201,synth_9516befb3085,unbanked,tabddpm_synthetic,,['en'],advance fee,2024-06-20T23:57:00+00:00,3000.0,882.81,44,23,0,Monday,5,1101,23,advance fee,en,Bill pay kiosk,0
95880ce0-d1dd-44d8-becb-e7d52e67a705,synth_7432f5a6afd8,unbanked,tabddpm_synthetic,,['en'],advance fee,2024-02-16T00:13:00+00:00,3000.0,1500.0,20,0,6,Sunday,0,1,100,advance fee,en,Bill pay kiosk,0
dd7951b1-d675-4359-9cc1-8c47d69dcd09,synth_ca4cf403d96d,unbanked,tabddpm_synthetic,,['en'],advance fee,2024-02-28T23:04:00+00:00,3000.0,1500.0,20,23,6,Sunday,0,1,100,advance fee,en,Bill pay kiosk,0
6043a858-f351-4115-b279-67f384e25665,synth_1b1671b018eb,unbanked,tabddpm_synthetic,,['en'],advance fee,2024-10-25T05:58:00+00:00,664.49,83.06,20,5,0,Monday,90,673,12,advance fee,en,Bill pay kiosk,0
d8d746e1-6324-484c-90ab-bcb54c286b6e,synth_992d6fc6ad81,unbanked,tabddpm_synthetic,,['en'],advance fee,2024-04-28T23:54:00+00:00,3000.0,1500.0,20,23,6,Sunday,90,1,100,advance fee,en,Bill pay kiosk,1
0bb16009-49cf-49c4-b4ba-fc6a99c459cb,synth_d8d9a8421f36,unbanked,tabddpm_synthetic,,['en'],advance fee,2024-11-25T23:48:00+00:00,3000.0,1500.0,20,23,6,Sunday,90,1,100,advance fee,en,Bill pay kiosk,0
7c0db6f1-e587-42f7-a72f-d6336f114739,synth_47b164709d36,unbanked,tabddpm_synthetic,,['en'],advance fee,2024-09-09T14:00:00+00:00,121.26,97.27,20,14,0,Monday,54,2000,3,advance fee,en,Bill pay kiosk,0
42fbcb0d-ad78-40df-a2ba-f80d5cec6f50,synth_906da0a2d97a,unbanked,tabddpm_synthetic,,['en'],advance fee,2024-09-23T10:53:00+00:00,10.0,0.0,39,10,0,Monday,58,175,4,advance fee,en,Bill pay kiosk,0
7425248f-ca3b-4d9b-b001-58de1b98dd68,synth_211d6bd428a9,unbanked,tabddpm_synthetic,,['en'],advance fee,2024-04-25T03:35:00+00:00,10.0,0.0,20,3,0,Monday,90,1,30,advance fee,en,Bill pay kiosk,0
da7dcf31-3fb1-4ef0-a193-b5d5e9082500,synth_25205b4c950a,unbanked,tabddpm_synthetic,,['en'],advance fee,2024-10-06T22:39:00+00:00,10.0,0.0,20,22,0,Monday,90,1,100,advance fee,en,Bill pay kiosk,0
58945044-1c97-45bf-845d-19221c5e6129,synth_289b6bae00be,unbanked,tabddpm_synthetic,,['en'],advance fee,2024-04-09T12:10:00+00:00,3000.0,1500.0,60,12,0,Monday,0,1,53,advance fee,en,Bill pay kiosk,0
7882fc81-1833-49d1-90fd-b4f878b742fb,synth_6e972f2df71d,unbanked,tabddpm_synthetic,,['en'],advance fee,2024-03-08T07:10:00+00:00,1137.13,71.36,20,7,0,Monday,27,1803,5,advance fee,en,Bill pay kiosk,0
e09f0517-97b8-4e5d-b96c-54950b175e64,synth_ba3e4c7444cb,unbanked,tabddpm_synthetic,,['en'],advance fee,2024-04-15T23:37:00+00:00,3000.0,1500.0,20,23,0,Monday,90,1,100,advance fee,en,Bill pay kiosk,0
419b8251-c90d-409f-9f4a-ec561e35554e,synth_075eb184673d,unbanked,tabddpm_synthetic,,['en'],advance fee,2024-02-11T06:58:00+00:00,186.3,24.82,30,6,1,Tuesday,0,850,5,advance fee,en,Bill pay kiosk,0
94c248c9-8152-44f6-af1a-8489f0073639,synth_fd8dfa2af3a6,unbanked,tabddpm_synthetic,,['en'],advance fee,2024-06-07T00:54:00+00:00,564.39,39.81,20,0,0,Monday,0,2000,11,advance fee,en,Bill pay kiosk,0
3fa0dea0-d60c-4d8b-8ff8-9d93f3f40fac,synth_d7194b428cda,unbanked,tabddpm_synthetic,,['en'],advance fee,2024-07-13T17:42:00+00:00,652.36,50.97,46,17,2,Wednesday,18,250,6,advance fee,en,Bill pay kiosk,0
8f2c01af-5da1-4872-8049-36c8d6ca07b0,synth_5f6cfce4f9e8,unbanked,tabddpm_synthetic,,['en'],advance fee,2024-12-03T13:34:00+00:00,624.42,69.2,20,13,5,Saturday,1,706,5,advance fee,en,Bill pay kiosk,0
47458b8f-6711-455c-94c6-9f450c6e88e7,synth_27e942a0dbb4,unbanked,tabddpm_synthetic,,['en'],advance fee,2024-01-13T00:01:00+00:00,3000.0,1500.0,20,0,6,Sunday,0,1,100,advance fee,en,Bill pay kiosk,1
ef065db1-2ace-4da5-94a5-9297f55b525f,synth_ec1d3b40c40e,unbanked,tabddpm_synthetic,,['en'],advance fee,2024-05-09T00:24:00+00:00,3000.0,1500.0,20,0,6,Sunday,0,1,100,advance fee,en,Bill pay kiosk,0
b422ef1c-3f88-4e05-9713-22557c92ccb6,synth_420811936f57,unbanked,tabddpm_synthetic,,['en'],advance fee,2024-02-19T23:44:00+00:00,3000.0,1500.0,20,23,0,Monday,90,1,100,advance fee,en,Bill pay kiosk,0
7d5898f5-be43-4044-bc7c-0dbdf12d161f,synth_1e6409f8102e,unbanked,tabddpm_synthetic,,['en'],advance fee,2024-04-24T11:24:00+00:00,10.0,0.0,20,11,0,Monday,90,249,24,advance fee,en,Bill pay kiosk,0
f9a84321-0cca-4b87-94ae-27333f7978fe,synth_5994d8720718,unbanked,tabddpm_synthetic,,['en'],advance fee,2024-12-22T00:48:00+00:00,3000.0,1500.0,60,0,0,Monday,9,1,100,advance fee,en,Bill pay kiosk,0
87c20b53-6beb-4a50-a597-d6905659a6df,synth_75c9b94b05d8,unbanked,tabddpm_synthetic,,['en'],advance fee,2024-05-08T00:54:00+00:00,3000.0,1500.0,60,0,0,Monday,0,1,100,advance fee,en,Bill pay kiosk,1
255267b6-5269-4248-ad43-cd8e2c2579ac,synth_cf90b6aa0403,unbanked,tabddpm_synthetic,,['en'],advance fee,2024-02-20T00:20:00+00:00,3000.0,1500.0,60,0,5,Saturday,0,1,100,advance fee,en,Bill pay kiosk,0
f6673e4e-f7f1-420e-8abf-e08a0b69338f,synth_7f43d0ef1a5b,unbanked,tabddpm_synthetic,,['en'],advance fee,2024-05-17T23:50:00+00:00,3000.0,1500.0,20,23,0,Monday,90,1,100,advance fee,en,Bill pay kiosk,0
9d7d7851-e787-4ca5-aaf4-183f7ad9c90c,synth_71e57678f717,unbanked,tabddpm_synthetic,,['en'],advance fee,2024-12-10T00:41:00+00:00,217.09,68.22,26,0,0,Monday,4,802,13,advance fee,en,Bill pay kiosk,0
9564ae99-eeb5-4a9d-a1aa-e742bd2c0534,synth_a300baa4d4b2,unbanked,tabddpm_synthetic,,['en'],advance fee,2024-07-14T23:15:00+00:00,3000.0,1500.0,60,23,0,Monday,90,1,100,advance fee,en,Bill pay kiosk,1
a3e7a199-4ff9-40aa-9760-de1d9ec84074,synth_efe28ed8a0fa,unbanked,tabddpm_synthetic,,['en'],advance fee,2024-10-06T06:23:00+00:00,181.37,14.7,20,6,0,Monday,90,431,23,advance fee,en,Bill pay kiosk,0
8d4f78a3-800c-4c25-9f17-700e28b12796,synth_4ccf65d96fb3,unbanked,tabddpm_synthetic,,['en'],advance fee,2024-08-11T09:19:00+00:00,214.38,19.71,23,9,0,Monday,13,1138,0,advance fee,en,Bill pay kiosk,0
4a42352d-9298-4fa5-9998-1f3c78e9680e,synth_83729a0185d1,unbanked,tabddpm_synthetic,,['en'],advance fee,2024-07-14T23:28:00+00:00,3000.0,1500.0,20,23,0,Monday,90,1,100,advance fee,en,Bill pay kiosk,1
ec3aa189-5eec-4664-8bef-5dec7ee4d847,synth_7c4d4962e5a0,unbanked,tabddpm_synthetic,,['en'],advance fee,2024-09-23T23:02:00+00:00,3000.0,1500.0,20,23,0,Monday,90,1,100,advance fee,en,Bill pay kiosk,0
a235f8f5-da8e-43d4-bc59-cb3642d11c79,synth_48ca2990b2fe,unbanked,tabddpm_synthetic,,['en'],advance fee,2024-08-06T00:10:00+00:00,239.61,30.02,21,0,0,Monday,0,2000,8,advance fee,en,Bill pay kiosk,0
f41d3888-6b2d-47d2-941b-d56aa8996679,synth_1f67d6ce1545,unbanked,tabddpm_synthetic,,['en'],advance fee,2024-02-15T23:28:00+00:00,3000.0,1500.0,60,23,6,Sunday,0,1,100,advance fee,en,Bill pay kiosk,0
8029a89e-2433-433f-8be7-336cf94ac83a,synth_480be35b8d82,unbanked,tabddpm_synthetic,,['en'],advance fee,2024-06-10T23:38:00+00:00,3000.0,1500.0,60,23,1,Tuesday,0,1,100,advance fee,en,Bill pay kiosk,0
75b1fcac-2964-410f-9621-36aa1dc1afb2,synth_f60278b724d9,unbanked,tabddpm_synthetic,,['en'],advance fee,2024-02-23T14:48:00+00:00,702.23,97.23,60,14,0,Monday,11,538,0,advance fee,en,Bill pay kiosk,0
a987e480-43de-4cf5-b613-971998ad11a1,synth_0f28ed31ba0f,unbanked,tabddpm_synthetic,,['en'],advance fee,2024-11-08T09:31:00+00:00,711.11,107.84,35,9,0,Monday,10,1878,3,advance fee,en,Bill pay kiosk,0
8fc90bc6-22c9-44b6-999c-4c4a33cfb819,synth_d8a7ccd97d8f,unbanked,tabddpm_synthetic,,['en'],advance fee,2024-08-19T20:19:00+00:00,1005.9,119.98,20,20,0,Monday,11,1812,3,advance fee,en,Bill pay kiosk,0
2762692f-2693-4ce4-a7b8-773cedfe12c9,synth_cf489df40292,unbanked,tabddpm_synthetic,,['en'],fake loan,2024-11-03T05:45:00+00:00,202.56,34.12,20,5,0,Monday,19,1208,10,fake loan,en,Bill pay kiosk,0
74334568-5add-496f-a4da-f546b6abc77a,synth_3c7b769483e7,unbanked,tabddpm_synthetic,,['en'],advance fee,2024-02-10T23:27:00+00:00,3000.0,175.61,20,23,0,Monday,90,1,100,advance fee,en,Bill pay kiosk,0
95ff3b2f-bda1-453f-9001-7d134ab16c1e,synth_cbdc4c1fca38,unbanked,tabddpm_synthetic,,['en'],advance fee,2024-12-11T17:29:00+00:00,3000.0,0.0,20,17,0,Monday,90,1,100,advance fee,en,Bill pay kiosk,1
b146505b-013a-4147-82f4-3672a013d151,synth_e9fe76a1882a,unbanked,tabddpm_synthetic,,['en'],advance fee,2024-04-13T11:04:00+00:00,10.0,0.0,20,11,0,Monday,90,1200,17,advance fee,en,Bill pay kiosk,0
29d8adc8-4b54-443a-939b-0297b3301b0e,synth_fd83ae7da83c,unbanked,tabddpm_synthetic,,['en'],advance fee,2024-08-10T14:16:00+00:00,78.73,9.47,20,14,0,Monday,6,1827,8,advance fee,en,Bill pay kiosk,0
dcc52b1b-1ec2-44a6-88a7-409e892c65c8,synth_ec46fe53a28c,unbanked,tabddpm_synthetic,,['es'],advance fee,2024-06-18T11:47:00+00:00,10.0,18.87,20,11,0,Monday,4,1653,9,advance fee,es,Bill pay kiosk,0
af594eaf-302a-4b45-afc8-7a7f6db29d0a,synth_930105d8ac87,unbanked,tabddpm_synthetic,,['en'],advance fee,2024-10-26T00:41:00+00:00,3000.0,836.08,20,0,0,Monday,90,1,100,advance fee,en,Bill pay kiosk,0
1e3b3d44-2e23-44f2-aa42-52cf1b03a27d,synth_7f573b295f9a,unbanked,tabddpm_synthetic,,['en'],advance fee,2024-02-21T23:26:00+00:00,3000.0,1500.0,60,23,6,Sunday,0,1,100,advance fee,en,Bill pay kiosk,1
1fcea460-bbe9-435f-a76c-0563cbee736b,synth_ea9fe54c181e,unbanked,tabddpm_synthetic,,['en'],advance fee,2024-03-14T00:19:00+00:00,3000.0,1500.0,20,0,0,Monday,30,1,100,advance fee,en,Bill pay kiosk,1
379b2418-749c-4de9-ac8c-57b556ed5d58,synth_b47f8e3d8211,unbanked,tabddpm_synthetic,,['en'],advance fee,2024-01-13T23:35:00+00:00,3000.0,1500.0,20,23,0,Monday,90,1,100,advance fee,en,Bill pay kiosk,1
bd59b942-bee3-4329-a662-fec2e2959a9a,synth_b5723dd8ebcc,unbanked,tabddpm_synthetic,,['en'],advance fee,2024-12-18T00:14:00+00:00,254.39,20.34,33,0,0,Monday,2,163,23,advance fee,en,Bill pay kiosk,0
a3b72514-1019-44db-ba11-5bb163956a18,synth_02c2c2a36765,unbanked,tabddpm_synthetic,,['en'],advance fee,2024-05-08T08:06:00+00:00,10.0,0.0,20,8,0,Monday,84,845,13,advance fee,en,Bill pay kiosk,0
734e1b4e-6f3d-4524-9672-5033478d8053,synth_2e57a1c03f42,unbanked,tabddpm_synthetic,,['en'],advance fee,2024-05-10T23:44:00+00:00,3000.0,1500.0,20,23,6,Sunday,0,1,100,advance fee,en,Bill pay kiosk,0
a1f04c03-0765-475e-8861-62bf5f0a0266,synth_bf9ab4b79f16,unbanked,tabddpm_synthetic,,['en'],advance fee,2024-12-30T00:11:00+00:00,213.92,42.53,20,0,0,Monday,0,1927,6,advance fee,en,Bill pay kiosk,0
7302a87e-5f55-43af-bb74-9808cb4aa9f1,synth_fb45280d120a,unbanked,tabddpm_synthetic,,['en'],advance fee,2024-02-29T23:48:00+00:00,3000.0,1500.0,20,23,6,Sunday,0,1,100,advance fee,en,Bill pay kiosk,0
12e7266d-4023-429a-be60-27be5a7391b0,synth_72119e16b1d8,unbanked,tabddpm_synthetic,,['en'],advance fee,2024-07-09T23:27:00+00:00,3000.0,1500.0,20,23,6,Sunday,90,1,100,advance fee,en,Bill pay kiosk,0
51e5b8f3-99b3-484f-86e2-1fc80373e187,synth_a007e12836ba,unbanked,tabddpm_synthetic,,['en'],advance fee,2024-04-17T00:14:00+00:00,3000.0,1500.0,20,0,6,Sunday,0,1,100,advance fee,en,Bill pay kiosk,0
fcf629c0-b5d0-4699-bcaa-7019450a27a7,synth_a8e1597ee83f,unbanked,tabddpm_synthetic,,['en'],advance fee,2024-12-07T00:16:00+00:00,292.38,35.13,54,0,0,Monday,0,1325,12,advance fee,en,Bill pay kiosk,0
fd443c75-3069-4b78-9ed8-0224340cab99,synth_f1a8e8deaf50,unbanked,tabddpm_synthetic,,['en'],advance fee,2024-04-14T12:45:00+00:00,1215.78,205.06,34,12,1,Tuesday,2,1508,11,advance fee,en,Bill pay kiosk,0
e64305a3-f095-4e37-9f8a-583d94ca0dc5,synth_0a9e1fa7c7f3,unbanked,tabddpm_synthetic,,['en'],advance fee,2024-01-30T00:21:00+00:00,1524.15,78.85,60,0,1,Tuesday,0,1,2,advance fee,en,Bill pay kiosk,0
2dcbe842-4d3d-4824-bbaf-6cdeaec0cc28,synth_c1ac997d06bb,unbanked,tabddpm_synthetic,,['en'],advance fee,2024-08-04T11:08:00+00:00,427.43,16.76,20,11,0,Monday,33,1468,10,advance fee,en,Bill pay kiosk,0
27543763-9b0a-4df4-9528-f250859a2085,synth_4325db94d22d,unbanked,tabddpm_synthetic,,['en'],advance fee,2024-02-12T19:30:00+00:00,3000.0,1500.0,20,19,3,Thursday,46,1,49,advance fee,en,Bill pay kiosk,0
39b0db95-8ae9-4a68-9a84-70225d657c93,synth_d91a0ca1acd5,unbanked,tabddpm_synthetic,,['en'],advance fee,2024-10-21T00:47:00+00:00,10.0,0.0,20,0,0,Monday,90,476,32,advance fee,en,Bill pay kiosk,0
af1382df-d63e-4c4a-9d0c-ea9ba8f23be3,synth_f133a7dd3653,unbanked,tabddpm_synthetic,,['en'],advance fee,2024-03-30T15:33:00+00:00,292.68,10.44,25,15,0,Monday,2,925,3,advance fee,en,Bill pay kiosk,0
ace80798-0b7f-49bc-abfb-c5757cf7b078,synth_1f000d1b4a85,unbanked,tabddpm_synthetic,,['en'],advance fee,2024-02-15T10:22:00+00:00,10.0,0.0,20,10,5,Saturday,90,398,13,advance fee,en,Bill pay kiosk,0
52976aaf-7813-4966-9bb8-179f74e56c97,synth_18cb2d1fdd66,unbanked,tabddpm_synthetic,,['en'],advance fee,2024-05-19T07:35:00+00:00,387.47,30.97,20,7,0,Monday,17,1424,5,advance fee,en,Bill pay kiosk,0
4586f3d8-99ce-4fc2-9174-31c689248ee1,synth_101a41a9a815,unbanked,tabddpm_synthetic,,['en'],advance fee,2024-11-17T13:54:00+00:00,376.37,81.8,20,13,0,Monday,1,175,11,advance fee,en,Bill pay kiosk,0
dd18ca38-b7f8-4a40-92d3-646bed29e606,synth_8d111e082978,unbanked,tabddpm_synthetic,,['en'],advance fee,2024-06-08T23:22:00+00:00,3000.0,1500.0,60,23,6,Sunday,0,1,100,advance fee,en,Bill pay kiosk,0
d68d0061-91ce-4bac-a85c-ea75178c6104,synth_24c7dc7d1e3b,unbanked,tabddpm_synthetic,,['en'],advance fee,2024-08-18T13:01:00+00:00,70.62,21.54,36,13,2,Wednesday,1,937,4,advance fee,en,Bill pay kiosk,0
ff1fdd7f-507b-44e3-baf8-0d86e49d3999,synth_25f271739e0a,unbanked,tabddpm_synthetic,,['en'],advance fee,2024-05-06T23:16:00+00:00,3000.0,1500.0,20,23,0,Monday,90,1,100,advance fee,en,Bill pay kiosk,0
8043c762-1ffb-4284-8a50-37a8f032d1a1,synth_3ef3a771d713,unbanked,tabddpm_synthetic,,['en'],advance fee,2024-11-01T23:58:00+00:00,3000.0,1500.0,20,23,0,Monday,90,1,100,advance fee,en,Bill pay kiosk,0
f92d7efe-1848-4957-aa39-078b8122aee1,synth_c5114b3e8e4e,unbanked,tabddpm_synthetic,,['en'],advance fee,2024-01-07T23:18:00+00:00,3000.0,1483.6,20,23,6,Sunday,90,1,25,advance fee,en,Bill pay kiosk,0
a6e79d0b-601b-47d3-891f-1123c5446090,synth_e483deba42b1,unbanked,tabddpm_synthetic,,['en'],advance fee,2024-07-05T00:47:00+00:00,3000.0,1216.71,20,0,0,Monday,73,1,100,advance fee,en,Bill pay kiosk,1
89ad73c8-87f0-4355-ab00-8ba53d94fa3a,synth_ad18969e4d59,unbanked,tabddpm_synthetic,,['en'],advance fee,2024-12-30T16:49:00+00:00,3000.0,274.04,20,16,6,Sunday,7,737,8,advance fee,en,Bill pay kiosk,0
704d83bd-3066-4abc-854d-6c36f71df86f,synth_e66f5b60a288,unbanked,tabddpm_synthetic,,['en'],advance fee,2024-10-02T10:47:00+00:00,84.63,30.76,20,10,0,Monday,46,1688,8,advance fee,en,Bill pay kiosk,0
1759afbd-1fd5-48ee-951e-388dce881cf0,synth_550394b39d7a,unbanked,tabddpm_synthetic,,['en'],advance fee,2024-07-11T00:40:00+00:00,1179.92,68.28,20,0,6,Sunday,86,324,50,advance fee,en,Bill pay kiosk,0
1dc62e0d-02fb-4519-992e-dbe14e51c42c,synth_df4d7c90537b,unbanked,tabddpm_synthetic,,['en'],advance fee,2024-11-02T00:38:00+00:00,3000.0,1500.0,20,0,6,Sunday,0,1,100,advance fee,en,Bill pay kiosk,0
1bfb01d2-e002-4f72-912c-990b6c735607,synth_7d27b856910e,unbanked,tabddpm_synthetic,,['en'],advance fee,2024-07-13T23:38:00+00:00,3000.0,1500.0,20,23,0,Monday,90,1,100,advance fee,en,Bill pay kiosk,0
9272ac39-ad81-42fd-9b0c-55e84aa8c9c7,synth_99f74174aabc,unbanked,tabddpm_synthetic,,['en'],fake loan,2024-05-01T06:31:00+00:00,250.12,13.25,20,6,0,Monday,33,1611,0,fake loan,en,Bill pay kiosk,0
125c3c16-5428-4431-94ab-7ce83f61859a,synth_6183cd89f3d7,unbanked,tabddpm_synthetic,,['en'],advance fee,2024-12-25T00:46:00+00:00,442.5,47.1,26,0,0,Monday,0,2000,7,advance fee,en,Bill pay kiosk,0
da91c7d5-6815-4740-81bf-ba21e396255d,synth_e4c30494d6c6,unbanked,tabddpm_synthetic,,['en'],advance fee,2024-09-22T23:21:00+00:00,3000.0,1500.0,20,23,6,Sunday,90,1,100,advance fee,en,Bill pay kiosk,1
053a14c8-224c-4f4d-9cf7-0b3a32958ec2,synth_245586180daf,unbanked,tabddpm_synthetic,,['en'],advance fee,2024-01-21T00:07:00+00:00,327.12,27.13,20,0,0,Monday,0,2000,8,advance fee,en,Bill pay kiosk,0
62dad513-a65e-48dc-993c-17945b70b420,synth_38d7e911a00b,unbanked,tabddpm_synthetic,,['en'],advance fee,2024-04-26T12:48:00+00:00,122.69,2.19,27,12,6,Sunday,5,929,8,advance fee,en,Bill pay kiosk,0
2d17a1d2-a66c-4c1d-a652-9b10efcfc486,synth_c693b57da962,unbanked,tabddpm_synthetic,,['en'],advance fee,2024-10-10T23:34:00+00:00,3000.0,1500.0,20,23,0,Monday,90,1,100,advance fee,en,Bill pay kiosk,0
bb91e352-b34c-4b6a-8d99-b1fefea544e5,synth_fc078c2d488a,unbanked,tabddpm_synthetic,,['en'],advance fee,2024-09-05T23:22:00+00:00,3000.0,1500.0,20,23,6,Sunday,0,1,100,advance fee,en,Bill pay kiosk,0
09a32cbb-c1cb-4534-8047-7b879a1748fd,synth_01158b86dd04,unbanked,tabddpm_synthetic,,['en'],advance fee,2024-11-29T23:15:00+00:00,3000.0,1500.0,20,23,0,Monday,90,1,100,advance fee,en,Bill pay kiosk,0
d296a5ec-7536-42ef-8b8d-7d8f06dde9dd,synth_58c8b4bd29a9,unbanked,tabddpm_synthetic,,['en'],advance fee,2024-10-07T23:03:00+00:00,3000.0,1500.0,20,23,0,Monday,90,1,100,advance fee,en,Bill pay kiosk,0
eb5070c7-5d2d-4b60-acdb-0596e7f8feac,synth_8faf2cf04267,unbanked,tabddpm_synthetic,,['en'],advance fee,2024-05-14T00:41:00+00:00,452.26,60.55,20,0,0,Monday,0,2000,4,advance fee,en,Bill pay kiosk,0
c57c2c6a-bb45-43a9-8192-e9436c1f3f1a,synth_a7d6c8dcd950,unbanked,tabddpm_synthetic,,['en'],advance fee,2024-06-11T00:51:00+00:00,3000.0,1434.21,60,0,6,Sunday,0,1,90,advance fee,en,Bill pay kiosk,0
ec661f3a-dc25-433b-92d8-da21dcb6bcfa,synth_281a458775e9,unbanked,tabddpm_synthetic,,['en'],advance fee,2024-04-05T23:24:00+00:00,3000.0,1500.0,60,23,0,Monday,0,1,100,advance fee,en,Bill pay kiosk,0
1ecf8ced-009d-4617-8a1c-9c59e6a6e019,synth_e46a78701870,unbanked,tabddpm_synthetic,,['en'],advance fee,2024-01-02T10:30:00+00:00,472.33,39.71,20,10,0,Monday,3,1604,0,advance fee,en,Bill pay kiosk,0
a3958868-2a43-4094-b94e-f15bfc012667,synth_a7bfa21d96da,unbanked,tabddpm_synthetic,,['en'],advance fee,2024-04-10T23:21:00+00:00,3000.0,1500.0,60,23,0,Monday,90,1,100,advance fee,en,Bill pay kiosk,0
23f9ce93-71bb-4db5-b7c5-fb78d5a8d8b4,synth_90596cf27850,unbanked,tabddpm_synthetic,,['en'],advance fee,2024-05-13T05:21:00+00:00,10.0,0.0,20,5,1,Tuesday,40,348,3,advance fee,en,Bill pay kiosk,0
96f71b23-452c-4deb-849d-2a02f488a2c0,synth_2e3cb2615029,unbanked,tabddpm_synthetic,,['en'],advance fee,2024-02-04T00:23:00+00:00,3000.0,1500.0,58,0,0,Monday,0,1,100,advance fee,en,Bill pay kiosk,1
77ce0add-76a2-43da-bcf5-959fa4317bdd,synth_a64914f19aba,unbanked,tabddpm_synthetic,,['en'],advance fee,2024-12-19T09:57:00+00:00,10.0,0.0,20,9,3,Thursday,90,1,14,advance fee,en,Bill pay kiosk,0
c205ff4e-436a-4b6e-8432-a036210f787c,synth_f516d3a3c40d,unbanked,tabddpm_synthetic,,['en'],advance fee,2024-12-15T00:22:00+00:00,3000.0,818.55,60,0,6,Sunday,0,1,60,advance fee,en,Bill pay kiosk,0
7e74b5ea-0800-430d-8278-a085dfa08198,synth_dde772b5df7d,unbanked,tabddpm_synthetic,,['en'],advance fee,2024-08-25T00:52:00+00:00,3000.0,1132.39,35,0,0,Monday,62,1,100,advance fee,en,Bill pay kiosk,1
4d98fd86-01a4-46bd-8671-58e8e57f8b1e,synth_ba958b647c32,unbanked,tabddpm_synthetic,,['en'],advance fee,2024-03-20T23:47:00+00:00,3000.0,1500.0,20,23,6,Sunday,90,1,100,advance fee,en,Bill pay kiosk,0
56523d4b-fd37-4b3c-98dd-d055ba006030,synth_802057dbaef8,unbanked,tabddpm_synthetic,,['en'],advance fee,2024-12-07T23:39:00+00:00,10.0,0.0,20,23,0,Monday,90,1,89,advance fee,en,Bill pay kiosk,0
27e822b3-9622-42df-b7dd-e9ce2d3ebdc4,synth_ad4e11fb05cf,unbanked,tabddpm_synthetic,,['en'],advance fee,2024-05-02T23:34:00+00:00,3000.0,1500.0,20,23,6,Sunday,0,1,100,advance fee,en,Bill pay kiosk,0
98eb3217-5aa3-4a3c-82d2-191506e7965d,synth_7932b85e05ab,unbanked,tabddpm_synthetic,,['en'],advance fee,2024-12-28T08:42:00+00:00,1083.47,60.18,40,8,2,Wednesday,3,718,8,advance fee,en,Bill pay kiosk,0
d30f9ec5-baed-413a-8f9e-843811dc6cc7,synth_0302119b2114,unbanked,tabddpm_synthetic,,['en'],advance fee,2024-03-05T08:42:00+00:00,371.93,11.63,58,8,0,Monday,0,715,6,advance fee,en,Bill pay kiosk,0
7a6ebbd4-3f72-4c75-9dc7-9072a63ca362,synth_7f6bca982a3e,unbanked,tabddpm_synthetic,,['en'],advance fee,2024-12-20T09:01:00+00:00,279.79,21.73,20,9,0,Monday,14,1000,8,advance fee,en,Bill pay kiosk,0
2f41a5a5-4f45-4bbe-9165-9ef774427a21,synth_7f7017dea63d,unbanked,tabddpm_synthetic,,['en'],advance fee,2024-05-31T23:44:00+00:00,3000.0,1500.0,20,23,0,Monday,90,1,100,advance fee,en,Bill pay kiosk,0
1ab37b0d-5df6-40a3-bbe1-62a1a9340457,synth_2cefb885d9da,unbanked,tabddpm_synthetic,,['en'],advance fee,2024-03-05T09:22:00+00:00,375.41,0.0,60,9,0,Monday,4,1,3,advance fee,en,Bill pay kiosk,0
d8802fc4-565f-478e-aa21-c3e852751342,synth_33899a5756e8,unbanked,tabddpm_synthetic,,['en'],advance fee,2024-06-26T23:39:00+00:00,3000.0,1500.0,20,23,0,Monday,90,1,100,advance fee,en,Bill pay kiosk,0
cfb7045a-6262-4121-bb33-cc5a53926534,synth_d052eb8f6a53,unbanked,tabddpm_synthetic,,['en'],advance fee,2024-05-25T00:33:00+00:00,3000.0,1500.0,20,0,0,Monday,54,1,100,advance fee,en,Bill pay kiosk,0
5f706c66-45c3-4e90-8721-08dbee53e5f8,synth_965514a08990,unbanked,tabddpm_synthetic,,['en'],advance fee,2024-05-15T09:07:00+00:00,657.85,63.47,20,9,2,Wednesday,3,658,6,advance fee,en,Bill pay kiosk,0
e8a070e6-1d8b-4450-a8fc-8835a8f6aa04,synth_2209031da2ca,unbanked,tabddpm_synthetic,,['en'],advance fee,2024-08-20T23:23:00+00:00,3000.0,1500.0,20,23,0,Monday,90,1,100,advance fee,en,Bill pay kiosk,0
145c9428-c529-46c7-92e1-e430f6f8292e,synth_086fd08dd86f,unbanked,tabddpm_synthetic,,['en'],advance fee,2024-09-13T23:57:00+00:00,3000.0,388.08,20,23,6,Sunday,90,1,21,advance fee,en,Bill pay kiosk,0
5a147e53-67d8-461d-af9f-746ff099a4aa,synth_8cf780fc8f38,unbanked,tabddpm_synthetic,,['en'],advance fee,2024-10-06T23:41:00+00:00,3000.0,1500.0,20,23,4,Friday,90,1,100,advance fee,en,Bill pay kiosk,0
85a2ebb3-0706-4192-b458-2e3873872d6d,synth_034dc2ae1cd2,unbanked,tabddpm_synthetic,,['en'],advance fee,2024-02-11T11:49:00+00:00,1118.16,139.05,20,11,0,Monday,4,808,12,advance fee,en,Bill pay kiosk,0
9840ab60-2a58-4a44-8007-dee724ca8dfb,synth_6b20142da3c8,unbanked,tabddpm_synthetic,,['en'],advance fee,2024-07-09T00:03:00+00:00,3000.0,300.64,20,0,0,Monday,0,1,39,advance fee,en,Bill pay kiosk,0
c45bd0bd-6385-48c5-9c52-6145c2a80bd3,synth_e6f50e6cd693,unbanked,tabddpm_synthetic,,['en'],advance fee,2024-04-18T23:04:00+00:00,3000.0,1500.0,20,23,0,Monday,90,1,100,advance fee,en,Bill pay kiosk,1
f3571182-35c0-4255-9dc0-c2614e3bfd89,synth_fad1460b44e6,unbanked,tabddpm_synthetic,,['en'],advance fee,2024-10-20T00:04:00+00:00,3000.0,1500.0,20,0,6,Sunday,7,1,100,advance fee,en,Bill pay kiosk,0
a4317384-0235-407f-87ee-df50e0773f81,synth_b6864a2aed8c,unbanked,tabddpm_synthetic,,['en'],advance fee,2024-09-26T15:28:00+00:00,403.16,49.34,39,15,0,Monday,1,185,8,advance fee,en,Bill pay kiosk,0
6d54adf2-9acc-4d27-a944-5efac369b725,synth_234a7c399f71,unbanked,tabddpm_synthetic,,['en'],advance fee,2024-03-21T23:28:00+00:00,1589.86,0.0,20,23,6,Sunday,90,1,100,advance fee,en,Bill pay kiosk,0
739dae66-3d62-42b1-9567-7e03dc27308e,synth_0be1e07e9cc4,unbanked,tabddpm_synthetic,,['en'],advance fee,2024-09-04T00:40:00+00:00,3000.0,1500.0,20,0,3,Thursday,54,1,100,advance fee,en,Bill pay kiosk,1
e33a5234-e58b-4976-b03f-3319339b731a,synth_baa023745330,unbanked,tabddpm_synthetic,,['en'],advance fee,2024-04-12T00:56:00+00:00,3000.0,1500.0,20,0,0,Monday,90,1,100,advance fee,en,Bill pay kiosk,0
180b6e85-8a92-4ee9-8ea1-ed2a0056bd10,synth_41969f6f2de5,unbanked,tabddpm_synthetic,,['en'],advance fee,2024-11-22T00:52:00+00:00,78.26,8.22,40,0,0,Monday,0,225,0,advance fee,en,Bill pay kiosk,0
a935c048-32a3-48c3-b1d7-eee46f0600c6,synth_93edd4e71cbc,unbanked,tabddpm_synthetic,,['en'],advance fee,2024-10-01T15:01:00+00:00,980.06,79.0,20,15,1,Tuesday,6,278,7,advance fee,en,Bill pay kiosk,0
dac92dd4-0972-4063-a5b3-6fd8289b3d96,synth_0fa4e33ff77b,unbanked,tabddpm_synthetic,,['en'],fake loan,2024-10-04T03:19:00+00:00,79.66,38.2,48,3,0,Monday,0,901,9,fake loan,en,Bill pay kiosk,0
072fbcbb-58bc-4b90-846b-a16aa179a770,synth_8f411f86c0be,unbanked,tabddpm_synthetic,,['en'],advance fee,2024-07-02T09:52:00+00:00,2215.48,45.54,20,9,0,Monday,90,1,63,advance fee,en,Bill pay kiosk,1
f5daba73-ca3d-484a-bd47-5c8a80827713,synth_4a3bf99e6964,unbanked,tabddpm_synthetic,,['en'],advance fee,2024-07-18T06:13:00+00:00,10.0,0.0,22,6,0,Monday,75,1493,9,advance fee,en,Bill pay kiosk,0
e67d7d6d-b310-4d02-8eab-1368fe0ea382,synth_7eb7d9661147,unbanked,tabddpm_synthetic,,['en'],advance fee,2024-05-17T01:16:00+00:00,754.35,67.61,30,1,0,Monday,0,312,7,advance fee,en,Bill pay kiosk,0
c3ab5060-2b99-4588-b365-79b117b9d2d8,synth_39ae5622e56d,unbanked,tabddpm_synthetic,,['en'],fake loan,2024-11-04T15:07:00+00:00,181.95,25.06,20,15,2,Wednesday,6,319,8,fake loan,en,Bill pay kiosk,0
6b2f0caa-5082-4cc9-8566-0b7a3c9dac25,synth_de30bb8fde87,unbanked,tabddpm_synthetic,,['en'],advance fee,2024-09-29T04:43:00+00:00,3000.0,339.99,60,4,1,Tuesday,0,1,13,advance fee,en,Bill pay kiosk,0
f1bd9c4a-442b-4ee7-a507-dba189bdb5e3,synth_e2e4acfd9ec8,unbanked,tabddpm_synthetic,,['en'],advance fee,2024-10-12T05:55:00+00:00,215.55,0.0,20,5,0,Monday,45,824,9,advance fee,en,Bill pay kiosk,0
28a7687e-aa17-41db-a8b5-63d6683e0522,synth_a2fd7d693521,unbanked,tabddpm_synthetic,,['en'],advance fee,2024-01-18T23:31:00+00:00,3000.0,1500.0,60,23,0,Monday,0,1,100,advance fee,en,Bill pay kiosk,0
4f069211-ab08-4d81-8b0b-9632a7b41eb5,synth_84c81e848496,unbanked,tabddpm_synthetic,,['en'],fake loan,2024-11-16T15:03:00+00:00,461.48,23.93,20,15,0,Monday,4,1253,9,fake loan,en,Bill pay kiosk,1
e8469074-b6d6-4fe9-9d39-69fe8524a8d9,synth_2e087579b826,unbanked,tabddpm_synthetic,,['en'],advance fee,2024-09-10T15:47:00+00:00,282.36,25.65,39,15,1,Tuesday,9,1,3,advance fee,en,Bill pay kiosk,0
6015a30b-ec68-4a1f-88c9-7a8bd2445802,synth_7c7ca8eb5c78,unbanked,tabddpm_synthetic,,['en'],advance fee,2024-05-02T23:05:00+00:00,3000.0,1500.0,20,23,0,Monday,90,1,100,advance fee,en,Bill pay kiosk,0
8ea48da4-eba4-4223-a52e-6f28d6b1c8f1,synth_b45ab3862031,unbanked,tabddpm_synthetic,,['en'],advance fee,2024-06-19T02:25:00+00:00,360.68,34.21,60,2,1,Tuesday,26,734,10,advance fee,en,Bill pay kiosk,0
c437ae0f-95da-451d-87d3-332314adef58,synth_e344c481aaef,unbanked,tabddpm_synthetic,,['en'],advance fee,2024-10-11T23:21:00+00:00,3000.0,1500.0,20,23,6,Sunday,90,1,100,advance fee,en,Bill pay kiosk,0
e6f71f68-18df-42b5-8ab9-2cab7d6a247a,synth_3392400ccc3a,unbanked,tabddpm_synthetic,,['en'],fake loan,2024-03-31T08:49:00+00:00,341.28,37.64,20,8,0,Monday,0,454,13,fake loan,en,Bill pay kiosk,0
ab31ec3e-3e89-44b5-963a-164fb46cff90,synth_4758ac66c0de,unbanked,tabddpm_synthetic,,['en'],advance fee,2024-04-07T00:33:00+00:00,3000.0,1331.53,33,0,0,Monday,51,1,100,advance fee,en,Bill pay kiosk,1
f13d50b6-a49a-404b-87a4-c72f17262474,synth_0546b0db77e2,unbanked,tabddpm_synthetic,,['en'],fake loan,2024-04-23T10:06:00+00:00,673.71,111.02,31,10,0,Monday,9,545,3,fake loan,en,Bill pay kiosk,0
c014d1d5-3351-45b2-941c-1f4fd0026a0b,synth_8413c531b93f,unbanked,tabddpm_synthetic,,['en'],advance fee,2024-12-13T11:25:00+00:00,425.31,41.19,20,11,3,Thursday,55,2000,9,advance fee,en,Bill pay kiosk,0
032429c4-d115-46e4-a19f-088791f77a16,synth_c02686305a5a,unbanked,tabddpm_synthetic,,['en'],advance fee,2024-10-02T12:08:00+00:00,413.8,37.46,55,12,1,Tuesday,11,701,14,advance fee,en,Bill pay kiosk,0
86b6e971-e42b-412c-bb53-33fd3420049b,synth_82c307a50204,unbanked,tabddpm_synthetic,,['en'],advance fee,2024-04-18T23:22:00+00:00,3000.0,1500.0,20,23,6,Sunday,0,1,100,advance fee,en,Bill pay kiosk,0
d976c202-2e15-4cad-8bc5-145301d30451,synth_abf930674b51,unbanked,tabddpm_synthetic,,['en'],advance fee,2024-08-10T00:34:00+00:00,10.0,18.62,20,0,0,Monday,0,2000,14,advance fee,en,Bill pay kiosk,0
00739899-6685-4823-ab35-81a0c7eb8a43,synth_90627e44c7cb,unbanked,tabddpm_synthetic,,['en'],advance fee,2024-03-31T07:45:00+00:00,296.71,33.24,30,7,0,Monday,0,1942,11,advance fee,en,Bill pay kiosk,0
cb1ab7e3-afe0-49e8-aee4-c83a0201243c,synth_570b89b02c23,unbanked,tabddpm_synthetic,,['en'],advance fee,2024-02-13T00:24:00+00:00,183.41,0.0,20,0,5,Saturday,90,1,68,advance fee,en,Bill pay kiosk,1
a89ff488-192f-4a12-9224-32fc16c50d85,synth_9696b6894501,unbanked,tabddpm_synthetic,,['en'],advance fee,2024-10-05T00:55:00+00:00,729.97,38.91,29,0,0,Monday,0,1224,4,advance fee,en,Bill pay kiosk,0
b2ff0282-37ec-4b12-bb15-707676f260e4,synth_da77af4a0c2f,unbanked,tabddpm_synthetic,,['en'],advance fee,2024-09-09T06:57:00+00:00,676.04,95.0,20,6,4,Friday,50,2000,0,advance fee,en,Bill pay kiosk,0
3b44fa1b-9c4e-40af-898a-f967bce01f08,synth_d81f61d2eb27,unbanked,tabddpm_synthetic,,['en'],advance fee,2024-01-15T12:40:00+00:00,284.29,16.43,22,12,0,Monday,53,335,14,advance fee,en,Bill pay kiosk,0
0e47b7bb-405d-41f9-8685-51804d6c1a6a,synth_72aeb7225e6d,unbanked,tabddpm_synthetic,,['en'],advance fee,2024-12-14T05:40:00+00:00,327.92,46.23,20,5,0,Monday,28,2000,17,advance fee,en,Bill pay kiosk,0
3af1db87-8aca-42d8-8dec-0c2a48634587,synth_2470b541d2a2,unbanked,tabddpm_synthetic,,['en'],advance fee,2024-10-01T01:13:00+00:00,3000.0,353.87,42,1,4,Friday,7,334,12,advance fee,en,Bill pay kiosk,0
7f3433cc-d4fe-4bdc-bf3a-4c641eaf7663,synth_5f2f4fe38e92,unbanked,tabddpm_synthetic,,['en'],advance fee,2024-11-20T00:59:00+00:00,440.1,56.94,22,0,0,Monday,0,1323,11,advance fee,en,Bill pay kiosk,0
5c273907-5e77-4571-8deb-70b8682f3174,synth_07fdc514ec40,unbanked,tabddpm_synthetic,,['en'],advance fee,2024-03-20T23:58:00+00:00,3000.0,1500.0,60,23,0,Monday,0,1,100,advance fee,en,Bill pay kiosk,0
b894f389-d7eb-4ef1-90b5-e355584525d4,synth_9601f2397e1f,unbanked,tabddpm_synthetic,,['en'],advance fee,2024-10-20T03:43:00+00:00,103.51,1.66,26,3,0,Monday,1,820,4,advance fee,en,Bill pay kiosk,0
e73a80cd-7fc0-46ea-ac88-a39673eac89f,synth_b1195bdef983,unbanked,tabddpm_synthetic,,['en'],advance fee,2024-06-09T23:11:00+00:00,3000.0,1500.0,20,23,6,Sunday,0,1,100,advance fee,en,Bill pay kiosk,0
df5644c9-5e5b-4c33-b6d2-a0a0d028229d,synth_86bc623214c7,unbanked,tabddpm_synthetic,,['en'],advance fee,2024-04-01T00:49:00+00:00,3000.0,1500.0,60,0,6,Sunday,9,1,100,advance fee,en,Bill pay kiosk,0
ea56877c-74fa-44ad-960f-814ab8bf7c12,synth_3909de5b19f4,unbanked,tabddpm_synthetic,,['en'],advance fee,2024-07-27T23:36:00+00:00,3000.0,1500.0,20,23,0,Monday,90,1,100,advance fee,en,Bill pay kiosk,0
7aa80393-c736-4ced-92bd-4373a089ded7,synth_b4f1daad88ab,unbanked,tabddpm_synthetic,,['en'],advance fee,2024-08-01T00:04:00+00:00,3000.0,327.68,60,0,0,Monday,52,1,63,advance fee,en,Bill pay kiosk,0
aaf899d0-a10b-46d6-94ad-dc20b7e0bc06,synth_f137a7f92f75,unbanked,tabddpm_synthetic,,['en'],advance fee,2024-09-15T13:30:00+00:00,573.14,51.53,41,13,6,Sunday,0,297,8,advance fee,en,Bill pay kiosk,0
d9f23c15-9c8c-4fc8-9995-688151842114,synth_55e82c73e7d6,unbanked,tabddpm_synthetic,,['en'],advance fee,2024-09-07T00:13:00+00:00,3000.0,1500.0,60,0,0,Monday,0,1,100,advance fee,en,Bill pay kiosk,0
7726d999-4daa-4376-82da-56d1c72b6c22,synth_600f5e0c48e7,unbanked,tabddpm_synthetic,,['en'],advance fee,2024-03-06T07:28:00+00:00,667.15,41.42,20,7,0,Monday,90,2000,12,advance fee,en,Bill pay kiosk,0
4ded4961-a99a-40e6-9919-e5c0d6dc85fb,synth_a5bfaa743657,unbanked,tabddpm_synthetic,,['en'],advance fee,2024-08-05T06:33:00+00:00,10.0,0.0,20,6,0,Monday,90,1,45,advance fee,en,Bill pay kiosk,0
fb72c089-8c67-4365-bf78-609e1f95f69b,synth_18d5f2128ad4,unbanked,tabddpm_synthetic,,['en'],advance fee,2024-06-20T01:30:00+00:00,21.52,36.66,28,1,0,Monday,3,1921,6,advance fee,en,Bill pay kiosk,0
38637e97-bc0f-4f0e-89d7-da1e9dd6f0a1,synth_59ed18558f47,unbanked,tabddpm_synthetic,,['en'],fake loan,2024-07-07T13:48:00+00:00,10.0,41.87,20,13,0,Monday,45,1626,8,fake loan,en,Bill pay kiosk,0
739e6cb9-7972-4770-9768-786d25cfeb9a,synth_474e0751e06c,unbanked,tabddpm_synthetic,,['en'],advance fee,2024-11-26T00:06:00+00:00,2505.69,258.7,52,0,0,Monday,36,1,28,advance fee,en,Bill pay kiosk,0
0ee57893-fa8e-4749-a081-07d0abdb813f,synth_13163cb59b0b,unbanked,tabddpm_synthetic,,['en'],advance fee,2024-07-10T23:57:00+00:00,10.0,0.0,20,23,0,Monday,90,1,98,advance fee,en,Bill pay kiosk,1
2058063a-7673-499b-9871-0117be32422a,synth_4ef32b42bbf9,unbanked,tabddpm_synthetic,,['es'],advance fee,2024-12-20T04:34:00+00:00,215.14,24.55,55,4,3,Thursday,11,637,21,advance fee,es,Bill pay kiosk,0
42c1e498-278b-4860-b287-796d9e148fa0,synth_7e93a9ead512,unbanked,tabddpm_synthetic,,['en'],advance fee,2024-11-18T23:16:00+00:00,3000.0,1500.0,20,23,0,Monday,90,1,100,advance fee,en,Bill pay kiosk,0
938d2b75-fbda-4e58-9114-bcfb378a216e,synth_0127bcd76137,unbanked,tabddpm_synthetic,,['en'],advance fee,2024-08-24T13:14:00+00:00,21.23,37.01,20,13,1,Tuesday,14,1091,3,advance fee,en,Bill pay kiosk,0
696b1bd5-3c16-4786-9590-a70335762e4b,synth_d354e3789bf4,unbanked,tabddpm_synthetic,,['en'],advance fee,2024-03-09T08:26:00+00:00,472.85,57.91,23,8,1,Tuesday,8,781,10,advance fee,en,Bill pay kiosk,0
fce9cb2c-d0df-495e-b0f9-d381e76737d9,synth_301c55a6bbad,unbanked,tabddpm_synthetic,,['en'],advance fee,2024-05-18T12:51:00+00:00,391.22,44.95,20,12,0,Monday,12,1016,6,advance fee,en,Bill pay kiosk,0
9fc36051-85d3-4436-bec9-0ceb219ce183,synth_a14a4bef2987,unbanked,tabddpm_synthetic,,['en'],advance fee,2024-10-04T00:49:00+00:00,349.15,23.81,40,0,0,Monday,0,2000,14,advance fee,en,Bill pay kiosk,0
f5b8db98-e030-4c29-a031-a18c4a84a76b,synth_98475b47b330,unbanked,tabddpm_synthetic,,['en'],advance fee,2024-12-21T00:44:00+00:00,3000.0,1500.0,20,0,6,Sunday,0,1,100,advance fee,en,Bill pay kiosk,0
2a3bca04-50b9-4a34-a9c4-44e2be5ed177,synth_12aef9613df7,unbanked,tabddpm_synthetic,,['en'],advance fee,2024-08-04T23:08:00+00:00,3000.0,1500.0,60,23,0,Monday,0,1,100,advance fee,en,Bill pay kiosk,0
7b3c1edb-84ad-4f8e-9861-c757494aa868,synth_b9bd64975f19,unbanked,tabddpm_synthetic,,['en'],advance fee,2024-05-14T04:27:00+00:00,507.69,51.77,22,4,0,Monday,0,2000,9,advance fee,en,Bill pay kiosk,0
9f8ca444-9620-40ef-b2ef-387edb19d080,synth_5f803dfcfdd4,unbanked,tabddpm_synthetic,,['en'],advance fee,2024-01-10T00:33:00+00:00,3000.0,373.15,60,0,0,Monday,28,1,100,advance fee,en,Bill pay kiosk,1
86302acc-7bf0-41d6-8f67-1012d08d1d0a,synth_e785ed4b4b88,unbanked,tabddpm_synthetic,,['en'],advance fee,2024-09-16T23:32:00+00:00,3000.0,1500.0,20,23,0,Monday,90,1,100,advance fee,en,Bill pay kiosk,1
e79037dd-d3a9-4259-b4e2-a34a8bdd0934,synth_a89d80c58d79,unbanked,tabddpm_synthetic,,['en'],advance fee,2024-05-23T20:57:00+00:00,302.75,36.15,26,20,0,Monday,0,515,21,advance fee,en,Bill pay kiosk,1
b2321692-0dbe-432a-acca-cf17a73d4841,synth_893b7d3be1af,unbanked,tabddpm_synthetic,,['en'],advance fee,2024-03-25T00:37:00+00:00,2903.1,180.23,60,0,0,Monday,36,1255,54,advance fee,en,Bill pay kiosk,0
68191b3d-255e-401c-933f-c22f7190ad00,synth_5ec2e8ad658e,unbanked,tabddpm_synthetic,,['en'],advance fee,2024-07-01T10:39:00+00:00,368.43,30.76,20,10,0,Monday,6,2000,5,advance fee,en,Bill pay kiosk,0
88c1bf93-9a7b-4c14-99cf-aa26d2afcbc0,synth_2eca200bc515,unbanked,tabddpm_synthetic,,['en'],advance fee,2024-07-14T06:53:00+00:00,452.62,34.11,20,6,0,Monday,13,1884,6,advance fee,en,Bill pay kiosk,0
408e3c39-fc59-453b-ad26-08871e19269b,synth_786085c8ee42,unbanked,tabddpm_synthetic,,['en'],advance fee,2024-02-29T23:01:00+00:00,2132.25,0.0,20,23,0,Monday,90,1,91,advance fee,en,Bill pay kiosk,1
69cf26fc-91d4-4b05-b182-aa0bd6d7c31a,synth_4e1305f5a8e6,unbanked,tabddpm_synthetic,,['en'],advance fee,2024-06-18T11:03:00+00:00,350.38,24.34,20,11,6,Sunday,15,2000,13,advance fee,en,Bill pay kiosk,0
e367a7f4-302a-4498-a662-bf5033a97c8a,synth_86e4becf14a4,unbanked,tabddpm_synthetic,,['en'],advance fee,2024-06-13T20:53:00+00:00,36.69,0.0,60,20,0,Monday,0,1360,7,advance fee,en,Bill pay kiosk,0
15a14c6a-90c6-4857-b6ed-8e092d213b82,synth_7123894fd84a,unbanked,tabddpm_synthetic,,['en'],advance fee,2024-04-06T23:06:00+00:00,3000.0,1500.0,20,23,6,Sunday,0,1,100,advance fee,en,Bill pay kiosk,0
8e659bb6-a334-4570-aa5e-1880dc8047ea,synth_528aee2d9ed1,unbanked,tabddpm_synthetic,,['en'],advance fee,2024-10-01T05:44:00+00:00,3000.0,1500.0,60,5,0,Monday,0,2000,58,advance fee,en,Bill pay kiosk,0
730cb4c0-2618-46b5-a9d2-8f8ed059696b,synth_7591cc217cd8,unbanked,tabddpm_synthetic,,['en'],advance fee,2024-03-31T23:29:00+00:00,3000.0,1500.0,20,23,0,Monday,90,1,100,advance fee,en,Bill pay kiosk,0
b3aed2a8-edf8-4a4d-850c-4049d0d29a8b,synth_674768f193da,unbanked,tabddpm_synthetic,,['en'],advance fee,2024-02-27T09:49:00+00:00,10.0,0.0,20,9,0,Monday,90,725,15,advance fee,en,Bill pay kiosk,0
763b491c-f345-4e85-8496-c55ff1b1c890,synth_7946a0bd953d,unbanked,tabddpm_synthetic,,['en'],advance fee,2024-07-05T10:48:00+00:00,572.32,56.27,20,10,0,Monday,19,2000,6,advance fee,en,Bill pay kiosk,0
be0e0aac-dce9-42e5-ba70-d291cdd3be6c,synth_762ba801e0a3,unbanked,tabddpm_synthetic,,['en'],advance fee,2024-03-27T23:48:00+00:00,3000.0,1500.0,20,23,6,Sunday,0,1,100,advance fee,en,Bill pay kiosk,0
ab04b846-c2b8-40c3-8a04-5e57a82833e4,synth_236b209e4473,unbanked,tabddpm_synthetic,,['en'],advance fee,2024-05-26T04:30:00+00:00,556.51,20.55,37,4,0,Monday,1,512,8,advance fee,en,Bill pay kiosk,0
f044bda7-d04f-4720-b169-88e1d7c73060,synth_60eeb10e61f7,unbanked,tabddpm_synthetic,,['en'],advance fee,2024-06-04T18:50:00+00:00,408.98,9.03,60,18,0,Monday,0,1009,10,advance fee,en,Bill pay kiosk,0
941e4a5c-e28c-495c-a6a7-e4088d08bfeb,synth_ad375b8a2c7d,unbanked,tabddpm_synthetic,,['es'],advance fee,2024-03-24T11:46:00+00:00,192.92,36.4,20,11,0,Monday,24,2000,7,advance fee,es,Bill pay kiosk,0
4014da69-95dd-42ac-a23d-94765087fb0e,synth_f68085e215c0,unbanked,tabddpm_synthetic,,['en'],advance fee,2024-03-06T07:03:00+00:00,30.85,30.62,25,7,0,Monday,25,1320,9,advance fee,en,Bill pay kiosk,0
1077eb49-4cf5-43ba-84aa-d83ce06c1c26,synth_dbf3aa725d17,unbanked,tabddpm_synthetic,,['en'],advance fee,2024-04-17T00:07:00+00:00,3000.0,299.61,22,0,0,Monday,83,1,100,advance fee,en,Bill pay kiosk,1
31720fd5-bc44-4237-a7a2-6aa62c065faf,synth_6d9be6d9ded0,unbanked,tabddpm_synthetic,,['en'],advance fee,2024-02-27T06:57:00+00:00,10.0,0.0,20,6,0,Monday,90,612,23,advance fee,en,Bill pay kiosk,0
966b6991-5764-4fd2-b7f7-6019b12cf768,synth_ed1b203c1885,unbanked,tabddpm_synthetic,,['en'],fake loan,2024-11-03T03:03:00+00:00,953.66,71.06,37,3,2,Wednesday,6,1,15,fake loan,en,Bill pay kiosk,0
911f5ecd-5184-49bd-9866-b342fa3e267e,synth_a8eb67986cb9,unbanked,tabddpm_synthetic,,['en'],advance fee,2024-06-08T00:59:00+00:00,375.4,29.89,21,0,0,Monday,0,2000,12,advance fee,en,Bill pay kiosk,0
15203fea-8a9e-494a-afdd-e49931a71a36,synth_c67ffaf55f47,unbanked,tabddpm_synthetic,,['en'],advance fee,2024-11-10T00:38:00+00:00,10.0,0.0,41,0,0,Monday,65,645,13,advance fee,en,Bill pay kiosk,0
c9efd15b-6734-4c9b-9e28-a32a30565b30,synth_7d71cc4fdad5,unbanked,tabddpm_synthetic,,['en'],advance fee,2024-09-29T23:00:00+00:00,3000.0,1500.0,20,23,6,Sunday,90,1,100,advance fee,en,Bill pay kiosk,0
39149b69-0442-4819-9e4c-630af426c05e,synth_83c8344ce423,unbanked,tabddpm_synthetic,,['en'],advance fee,2024-08-28T02:57:00+00:00,61.22,0.0,44,2,0,Monday,0,1372,6,advance fee,en,Bill pay kiosk,0
52a7a88f-f517-4d62-8b60-e17bd6af6458,synth_8a9efbc24ae1,unbanked,tabddpm_synthetic,,['en'],advance fee,2024-06-07T23:16:00+00:00,3000.0,1500.0,60,23,0,Monday,38,1,100,advance fee,en,Bill pay kiosk,1
31f6dd64-3aef-44b5-8162-6be15ff02886,synth_12448fe05f5b,unbanked,tabddpm_synthetic,,['en'],fake loan,2024-09-05T00:09:00+00:00,892.8,28.05,45,0,3,Thursday,11,312,7,fake loan,en,Bill pay kiosk,0
241fd24b-9028-4d23-8fa6-ba561e3e40c2,synth_434b23c378ca,unbanked,tabddpm_synthetic,,['en'],advance fee,2024-05-01T14:13:00+00:00,1183.44,83.61,20,14,0,Monday,5,976,7,advance fee,en,Bill pay kiosk,0
a41fd481-d3d7-4064-8087-ec2262d63b98,synth_163f70b8d52a,unbanked,tabddpm_synthetic,,['en'],advance fee,2024-05-01T07:45:00+00:00,242.0,78.38,20,7,0,Monday,39,2000,4,advance fee,en,Bill pay kiosk,0
51826699-753a-4a62-b576-b812e2a4d152,synth_5b33f50a3e6c,unbanked,tabddpm_synthetic,,['en'],advance fee,2024-08-05T10:35:00+00:00,578.14,63.61,20,10,4,Friday,51,1271,1,advance fee,en,Bill pay kiosk,0
90399203-519b-49a2-bcc1-9b862a02b0aa,synth_4fc0e7956823,unbanked,tabddpm_synthetic,,['en'],advance fee,2024-05-22T01:57:00+00:00,10.0,0.0,20,1,0,Monday,90,1,40,advance fee,en,Bill pay kiosk,0
e715923e-2d1f-4a29-8f70-901a5e57157f,synth_b32aa0cc088c,unbanked,tabddpm_synthetic,,['en'],advance fee,2024-01-29T06:10:00+00:00,10.0,0.0,20,6,0,Monday,90,1,46,advance fee,en,Bill pay kiosk,0
83543d4f-0a84-43d2-b624-7e9fb9bac0f9,synth_4607a984a545,unbanked,tabddpm_synthetic,,['en'],advance fee,2024-05-15T23:56:00+00:00,3000.0,768.89,60,23,0,Monday,0,1,43,advance fee,en,Bill pay kiosk,0
4ed482fd-c9c8-4a36-b86c-216f085e3c28,synth_7a34c3c01f28,unbanked,tabddpm_synthetic,,['en'],advance fee,2024-07-20T11:12:00+00:00,467.62,85.74,20,11,0,Monday,66,2000,5,advance fee,en,Bill pay kiosk,0
9a80aa2d-cd79-4b89-886c-153ea2b833e6,synth_cbf79e43e0e9,unbanked,tabddpm_synthetic,,['en'],advance fee,2024-09-14T10:10:00+00:00,1464.32,136.56,20,10,0,Monday,18,654,13,advance fee,en,Bill pay kiosk,0
dd257111-596c-4dc2-b58a-3bbebe23d23a,synth_f98f089be9a9,unbanked,tabddpm_synthetic,,['en'],advance fee,2024-09-23T11:21:00+00:00,1869.4,73.45,20,11,3,Thursday,0,569,6,advance fee,en,Bill pay kiosk,0
671b0843-996d-49eb-be5b-02b5adc8a438,synth_319cdae3b00f,unbanked,tabddpm_synthetic,,['en'],advance fee,2024-11-21T00:07:00+00:00,10.0,0.0,20,0,0,Monday,90,16,24,advance fee,en,Bill pay kiosk,0
043018bf-950e-4451-b0d6-6dff45bf0e48,synth_af73047775cd,unbanked,tabddpm_synthetic,,['en'],advance fee,2024-07-15T13:19:00+00:00,349.84,15.14,20,13,0,Monday,21,1451,9,advance fee,en,Bill pay kiosk,0
9001e4a2-fa56-4f83-96c3-c50686cabbcd,synth_141889a3a0df,unbanked,tabddpm_synthetic,,['en'],advance fee,2024-10-14T23:28:00+00:00,3000.0,1500.0,20,23,0,Monday,90,1,100,advance fee,en,Bill pay kiosk,0
31f5efb4-a1c5-4fca-9a31-f7c610d69161,synth_1a7f0294dd61,unbanked,tabddpm_synthetic,,['en'],advance fee,2024-10-21T09:38:00+00:00,56.56,53.26,20,9,0,Monday,43,2000,6,advance fee,en,Bill pay kiosk,0
14e58a36-9982-4345-a71f-8866e577fc66,synth_43b3d9508414,unbanked,tabddpm_synthetic,,['en'],advance fee,2024-06-10T11:14:00+00:00,330.03,41.61,54,11,0,Monday,11,1607,5,advance fee,en,Cash (informal),0
f8f5606a-f5de-444b-9525-79bb093568bd,synth_4a7e5e014bf8,unbanked,tabddpm_synthetic,,['en'],advance fee,2024-04-14T00:31:00+00:00,3000.0,1500.0,60,0,0,Monday,90,1,100,advance fee,en,Bill pay kiosk,1
94e24bf7-0ab7-4067-8f66-a457af638590,synth_72b1ae8a2576,unbanked,tabddpm_synthetic,,['en'],advance fee,2024-11-30T14:41:00+00:00,556.93,36.82,20,14,6,Sunday,3,687,9,advance fee,en,Bill pay kiosk,0
0aab5f3a-c652-4cd5-bcd4-6d086fce6b7f,synth_236e235e814a,unbanked,tabddpm_synthetic,,['en'],advance fee,2024-03-08T23:18:00+00:00,3000.0,1500.0,20,23,0,Monday,90,1,100,advance fee,en,Bill pay kiosk,1
880a0551-2794-4637-8bea-efb6ff0b4fdd,synth_a924d2c14cf0,unbanked,tabddpm_synthetic,,['en'],advance fee,2024-10-12T07:19:00+00:00,47.61,38.93,20,7,0,Monday,59,2000,6,advance fee,en,Bill pay kiosk,0
8a97f95b-3bbe-461d-88ea-31b809e9f3d5,synth_f1daf82fa643,unbanked,tabddpm_synthetic,,['es'],fake loan,2024-03-12T11:29:00+00:00,80.55,0.0,25,11,0,Monday,3,1762,6,fake loan,es,Bill pay kiosk,0
da6d4816-ed54-4752-977a-b53a8df012b8,synth_aaceef51ce94,unbanked,tabddpm_synthetic,,['en'],advance fee,2024-12-24T23:20:00+00:00,3000.0,581.96,20,23,4,Friday,6,1,15,advance fee,en,Bill pay kiosk,0
b39cc436-14ff-4603-b911-c640e61cf05d,synth_d87b901c82a2,unbanked,tabddpm_synthetic,,['en'],advance fee,2024-08-12T11:55:00+00:00,767.63,42.29,20,11,0,Monday,60,2000,8,advance fee,en,Bill pay kiosk,0
5f5328cf-e86a-4d6c-be77-526f61fea6f3,synth_af88a21ca57a,unbanked,tabddpm_synthetic,,['en'],fake loan,2024-11-16T00:30:00+00:00,143.66,49.5,32,0,0,Monday,0,1081,5,fake loan,en,Bill pay kiosk,0
e7fb3f6b-b73d-438f-a70c-e88b243d96cc,synth_2856566343c1,unbanked,tabddpm_synthetic,,['en'],advance fee,2024-06-20T03:41:00+00:00,3000.0,266.59,31,3,0,Monday,13,121,18,advance fee,en,Bill pay kiosk,0
d5a62874-a731-4517-bebd-f3d4a84b291d,synth_083f170cfdb3,unbanked,tabddpm_synthetic,,['en'],advance fee,2024-10-10T12:47:00+00:00,10.0,0.0,20,12,1,Tuesday,55,1,8,advance fee,en,Bill pay kiosk,0
6ea6c848-1a92-46fd-af39-ac6a3a287246,synth_82c355deb662,unbanked,tabddpm_synthetic,,['en'],advance fee,2024-06-06T12:35:00+00:00,870.06,89.36,51,12,0,Monday,16,638,1,advance fee,en,Bill pay kiosk,0
67d5bef0-ae6d-470a-bd78-f26c91872ac0,synth_1db45301f7ce,unbanked,tabddpm_synthetic,,['en'],advance fee,2024-12-15T15:51:00+00:00,462.13,11.45,44,15,0,Monday,0,1917,8,advance fee,en,Bill pay kiosk,0
74116ef5-9360-4b39-8c6b-082c8072b4cb,synth_cf3eab738c3c,unbanked,tabddpm_synthetic,,['en'],advance fee,2024-08-11T23:46:00+00:00,3000.0,1500.0,20,23,0,Monday,90,1,100,advance fee,en,Bill pay kiosk,0
7365f801-4746-4d75-8c34-460707be949b,synth_39b7ecdc2f0d,unbanked,tabddpm_synthetic,,['en'],advance fee,2024-03-08T11:36:00+00:00,70.43,45.75,20,11,0,Monday,33,1315,0,advance fee,en,Bill pay kiosk,0
612dc21c-b919-4be1-b259-ba76a33fa9e3,synth_56bf5be6fa0e,unbanked,tabddpm_synthetic,,['en'],advance fee,2024-12-05T00:06:00+00:00,1180.28,89.06,40,0,0,Monday,0,1915,6,advance fee,en,Bill pay kiosk,0
ba747a9d-ac10-46aa-99bb-c79b139d298b,synth_38ce63120942,unbanked,tabddpm_synthetic,,['en'],advance fee,2024-04-27T03:27:00+00:00,40.58,28.98,20,3,0,Monday,0,1,17,advance fee,en,Bill pay kiosk,1
d79efd19-d9ac-4e9d-98e1-cf9a77ab63fa,synth_a58be2785440,unbanked,tabddpm_synthetic,,['en'],advance fee,2024-12-26T00:32:00+00:00,844.77,69.73,34,0,1,Tuesday,0,1,8,advance fee,en,Bill pay kiosk,0
048112a5-a8e3-417d-8a5d-ae0c0f575202,synth_402a497a27b8,unbanked,tabddpm_synthetic,,['en'],fake loan,2024-01-10T08:06:00+00:00,226.71,1.51,20,8,0,Monday,32,2000,7,fake loan,en,Bill pay kiosk,0
85662fb9-53aa-4010-bb23-689cfb294e81,synth_30331a778d01,unbanked,tabddpm_synthetic,,['en'],advance fee,2024-01-09T03:05:00+00:00,43.16,0.0,20,3,6,Sunday,90,1,40,advance fee,en,Bill pay kiosk,0
35cea09d-e7aa-47d7-b946-b43b30c503f2,synth_3fa383072b33,unbanked,tabddpm_synthetic,,['en'],advance fee,2024-08-22T08:52:00+00:00,10.0,0.0,20,8,6,Sunday,90,1,22,advance fee,en,Bill pay kiosk,0
ffe9ab11-24de-44f7-8de6-3b96af0a6d65,synth_76cc7fa4cfab,unbanked,tabddpm_synthetic,,['en'],advance fee,2024-11-24T00:28:00+00:00,787.22,0.0,20,0,6,Sunday,90,1,82,advance fee,en,Bill pay kiosk,0
eef150b2-06d5-428c-a8bc-849cadf7838c,synth_a41bd647e61e,unbanked,tabddpm_synthetic,,['en'],advance fee,2024-04-02T08:41:00+00:00,350.35,29.66,20,8,2,Wednesday,58,800,8,advance fee,en,Bill pay kiosk,0
9280d750-af24-4dcc-abbc-549820171fc4,synth_c342a104f32a,unbanked,tabddpm_synthetic,,['en'],advance fee,2024-07-12T08:35:00+00:00,228.32,10.63,20,8,0,Monday,41,557,10,advance fee,en,Bill pay kiosk,0
77c145f3-e9f9-448b-bfe6-b1f326d12adb,synth_8a16183519d1,unbanked,tabddpm_synthetic,,['en'],advance fee,2024-01-22T19:16:00+00:00,10.0,0.0,20,19,1,Tuesday,90,414,3,advance fee,en,Bill pay kiosk,0
a2eb2da6-f34a-47c8-b99f-c61654402d75,synth_8cb6058a7c21,unbanked,tabddpm_synthetic,,['en'],advance fee,2024-07-23T15:29:00+00:00,612.32,43.6,20,15,0,Monday,10,963,7,advance fee,en,Bill pay kiosk,0
cf2709c4-da10-488c-9e8f-2b832a552c06,synth_60b48af42faa,unbanked,tabddpm_synthetic,,['en'],advance fee,2024-08-29T12:05:00+00:00,228.1,15.2,28,12,3,Thursday,0,1014,12,advance fee,en,Bill pay kiosk,0
34310095-2360-4976-8087-146573261e5d,synth_cf6b95b33949,unbanked,tabddpm_synthetic,,['en'],advance fee,2024-01-10T00:30:00+00:00,49.28,0.0,20,0,0,Monday,0,2000,5,advance fee,en,Bill pay kiosk,0
ea30e94f-77c0-4028-b438-13cb858cf111,synth_e2a4f10f6df8,unbanked,tabddpm_synthetic,,['en'],advance fee,2024-10-14T00:22:00+00:00,10.0,0.0,20,0,0,Monday,90,2000,20,advance fee,en,Bill pay kiosk,0
07463a98-9bf3-41e1-97f0-d474cc143a29,synth_bca5b1b5f7c1,unbanked,tabddpm_synthetic,,['en'],advance fee,2024-02-16T23:00:00+00:00,3000.0,1500.0,20,23,0,Monday,90,1,100,advance fee,en,Bill pay kiosk,0
fcc8ef46-80f2-4b15-9e00-ea4a7c163eba,synth_8389ccd88b44,unbanked,tabddpm_synthetic,,['en'],advance fee,2024-01-03T00:04:00+00:00,3000.0,1500.0,20,0,6,Sunday,0,1,100,advance fee,en,Bill pay kiosk,0
bd7a29c8-61df-44d2-9fe4-a50e942584f6,synth_2f282064ede4,unbanked,tabddpm_synthetic,,['en'],advance fee,2024-01-04T18:16:00+00:00,3000.0,946.41,20,18,6,Sunday,0,1,51,advance fee,en,Bill pay kiosk,0
fe5dc912-31a5-4d25-87ec-ef066a7de8b0,synth_e0688f90ead6,unbanked,tabddpm_synthetic,,['en'],advance fee,2024-03-12T00:09:00+00:00,331.26,18.39,40,0,0,Monday,0,1881,7,advance fee,en,Bill pay kiosk,0
b187b879-b8ce-430c-bc00-dc6a928f1c2c,synth_205a653a9acc,unbanked,tabddpm_synthetic,,['en'],advance fee,2024-02-04T13:57:00+00:00,633.47,55.5,52,13,0,Monday,10,1,12,advance fee,en,Bill pay kiosk,0
af9f11a4-cf84-49c5-a1ec-95d96590ae98,synth_93abb048ba7c,unbanked,tabddpm_synthetic,,['en'],advance fee,2024-03-06T00:13:00+00:00,95.09,8.85,20,0,0,Monday,0,2000,13,advance fee,en,Bill pay kiosk,0
cc119353-e709-4556-a7f4-a23b6b22de61,synth_0e0a0f9bd691,unbanked,tabddpm_synthetic,,['en'],advance fee,2024-04-10T10:02:00+00:00,841.43,59.11,50,10,2,Wednesday,0,412,5,advance fee,en,Bill pay kiosk,0
ec22d296-0dad-4bc2-84bc-aa7ba9c949b1,synth_f7fbe8494de4,unbanked,tabddpm_synthetic,,['en'],advance fee,2024-04-29T17:02:00+00:00,3000.0,368.04,60,17,0,Monday,8,794,10,advance fee,en,Bill pay kiosk,0
00893caf-590a-4eef-8958-61a917f452f6,synth_9dc804238e07,unbanked,tabddpm_synthetic,,['en'],advance fee,2024-08-21T12:11:00+00:00,471.29,36.57,30,12,0,Monday,0,520,13,advance fee,en,Bill pay kiosk,0
6610bfb4-687f-45b2-b6a2-3566c2d13f61,synth_d93a7f8c73d6,unbanked,tabddpm_synthetic,,['en'],advance fee,2024-04-03T23:37:00+00:00,3000.0,1500.0,60,23,6,Sunday,0,1,100,advance fee,en,Bill pay kiosk,0
d65e9750-6295-4f44-b6e5-dd3ecf89d9a1,synth_fe59872f3525,unbanked,tabddpm_synthetic,,['en'],advance fee,2024-08-06T23:58:00+00:00,3000.0,1500.0,20,23,0,Monday,90,1,92,advance fee,en,Bill pay kiosk,0
a87e2925-8565-4d5b-8fce-2cd75a5a5724,synth_0e1eff34be29,unbanked,tabddpm_synthetic,,['en'],advance fee,2024-10-30T13:52:00+00:00,95.19,0.0,20,13,4,Friday,90,1,65,advance fee,en,Bill pay kiosk,0
29477939-b3b5-482a-ab15-91d852f5ef78,synth_d4e5dd54a940,unbanked,tabddpm_synthetic,,['en'],advance fee,2024-10-15T12:16:00+00:00,142.23,3.14,45,12,0,Monday,6,903,2,advance fee,en,Bill pay kiosk,0
bb670d87-98e3-4a43-9548-4970e4c2a96e,synth_656041892b2d,unbanked,tabddpm_synthetic,,['es'],advance fee,2024-05-20T04:36:00+00:00,10.0,0.39,20,4,0,Monday,0,538,5,advance fee,es,Bill pay kiosk,0
1a859547-37d4-464c-acc3-98c82f949146,synth_d8dbf1ef19c9,unbanked,tabddpm_synthetic,,['en'],advance fee,2024-05-18T05:39:00+00:00,352.18,30.95,20,5,0,Monday,90,1602,20,advance fee,en,Bill pay kiosk,0
f96277c3-6079-4e66-9bf6-5c720cfc85f6,synth_09122a2923dc,unbanked,tabddpm_synthetic,,['en'],advance fee,2024-08-23T11:20:00+00:00,10.0,0.0,28,11,0,Monday,87,1843,9,advance fee,en,Bill pay kiosk,0
f1df3fbf-005a-42c3-82b8-1e0ec0dd136d,synth_a7e9332521ab,unbanked,tabddpm_synthetic,,['en'],advance fee,2024-10-08T06:04:00+00:00,227.04,64.69,20,6,0,Monday,90,2000,11,advance fee,en,Bill pay kiosk,0
e62d6a82-a67f-4e07-a783-d13ffcb7de37,synth_76dd2c62dfdb,unbanked,tabddpm_synthetic,,['en'],advance fee,2024-07-11T12:30:00+00:00,425.33,47.23,20,12,0,Monday,16,934,3,advance fee,en,Bill pay kiosk,0
b98e4c3b-5a47-42c9-a008-baac937aca73,synth_1cd7f92f398c,unbanked,tabddpm_synthetic,,['en'],advance fee,2024-08-30T00:03:00+00:00,3000.0,477.53,20,0,0,Monday,90,1,100,advance fee,en,Bill pay kiosk,1
53807e7b-6776-4723-a04a-774d4b9bd42d,synth_d147e79be25c,unbanked,tabddpm_synthetic,,['en'],advance fee,2024-11-24T23:28:00+00:00,3000.0,1500.0,20,23,6,Sunday,90,1,100,advance fee,en,Bill pay kiosk,0
3ba4c128-1846-4da4-9135-9aab69e3f141,synth_5b20fbf4d0d7,unbanked,tabddpm_synthetic,,['en'],advance fee,2024-12-07T00:34:00+00:00,306.0,40.18,20,0,0,Monday,0,2000,7,advance fee,en,Bill pay kiosk,0
0c90e0af-b286-47c6-bad3-1dda13f59bd3,synth_bece4866f335,unbanked,tabddpm_synthetic,,['en'],advance fee,2024-03-06T00:04:00+00:00,793.88,29.57,34,0,0,Monday,12,254,9,advance fee,en,Bill pay kiosk,0
c712442e-2b65-4e0b-9364-e8e416748df1,synth_0cc09933f1e2,unbanked,tabddpm_synthetic,,['en'],advance fee,2024-07-10T07:43:00+00:00,513.55,30.53,38,7,0,Monday,7,1912,3,advance fee,en,Bill pay kiosk,0
5f2c5735-efb4-4c23-85bd-884d866842d7,synth_2a8598f79700,unbanked,tabddpm_synthetic,,['en'],advance fee,2024-12-10T13:01:00+00:00,10.0,0.0,20,13,0,Monday,90,1,48,advance fee,en,Bill pay kiosk,0
efbe1ee1-4e16-4725-bd30-6f63abf08697,synth_714c26adcc4b,unbanked,tabddpm_synthetic,,['en'],advance fee,2024-02-26T18:42:00+00:00,911.75,104.0,20,18,0,Monday,5,1426,7,advance fee,en,Bill pay kiosk,0
74e34a29-13f2-48e8-94ff-66634c4f64c4,synth_cc16a6fc3d46,unbanked,tabddpm_synthetic,,['en'],advance fee,2024-07-12T00:33:00+00:00,158.5,14.5,20,0,0,Monday,0,2000,15,advance fee,en,Bill pay kiosk,0
c45a94ff-7295-49db-b7ab-d6662266451c,synth_2b9c824a9116,unbanked,tabddpm_synthetic,,['en'],advance fee,2024-09-07T09:35:00+00:00,410.65,32.66,25,9,0,Monday,6,2000,5,advance fee,en,Bill pay kiosk,0
31f4f3c5-0190-40e0-b601-c55903dbdbbb,synth_aa6bef7fb52e,unbanked,tabddpm_synthetic,,['en'],fake loan,2024-01-19T15:24:00+00:00,314.51,26.0,20,15,0,Monday,5,1068,6,fake loan,en,Bill pay kiosk,0
ac293e27-aa07-4f3b-8d33-88d632f0c273,synth_c17353f7d870,unbanked,tabddpm_synthetic,,['en'],advance fee,2024-03-07T10:11:00+00:00,10.0,16.49,39,10,0,Monday,7,1488,3,advance fee,en,Cash (informal),0
bff2f519-871d-4cbc-ad7f-e5783a2dff7a,synth_f6a033b21d97,unbanked,tabddpm_synthetic,,['en'],advance fee,2024-07-23T00:40:00+00:00,1964.32,163.63,20,0,0,Monday,82,988,35,advance fee,en,Bill pay kiosk,0
33044f7f-5493-48b0-8f6d-aa5c62a3c028,synth_7e0f26f44c7a,unbanked,tabddpm_synthetic,,['en'],advance fee,2024-02-10T23:41:00+00:00,10.0,0.0,20,23,3,Thursday,90,1,80,advance fee,en,Bill pay kiosk,1
1360a93f-1b66-459b-a9c1-972f87b0ec0a,synth_78776dc59109,unbanked,tabddpm_synthetic,,['en'],advance fee,2024-10-25T00:28:00+00:00,3000.0,1500.0,60,0,0,Monday,90,1,100,advance fee,en,Bill pay kiosk,1
4c082fba-b389-4406-92fb-4c9fb3c16b3b,synth_cb3414140317,unbanked,tabddpm_synthetic,,['en'],advance fee,2024-03-07T11:55:00+00:00,454.94,22.71,26,11,0,Monday,2,1011,9,advance fee,en,Cash (informal),0
aa188382-78df-4832-9881-880255146a39,synth_04e08c6e9f1f,unbanked,tabddpm_synthetic,,['en'],advance fee,2024-04-27T22:02:00+00:00,10.0,0.0,43,22,0,Monday,7,443,6,advance fee,en,Bill pay kiosk,0
7e025766-6dab-4eea-9513-8c9b91db9b89,synth_d613947df675,unbanked,tabddpm_synthetic,,['en'],advance fee,2024-11-15T00:10:00+00:00,578.2,39.33,20,0,0,Monday,90,2000,28,advance fee,en,Bill pay kiosk,0
9adb6040-b42e-40c1-968b-efc54b30ba98,synth_0e8157283789,unbanked,tabddpm_synthetic,,['en'],advance fee,2024-06-10T12:33:00+00:00,10.0,0.0,20,12,5,Saturday,71,1085,0,advance fee,en,Bill pay kiosk,0
a57e2ccb-9647-4876-bcc4-016c5c5f862d,synth_6dd820e1d07e,unbanked,tabddpm_synthetic,,['en'],advance fee,2024-03-26T23:38:00+00:00,3000.0,1500.0,20,23,0,Monday,90,1,100,advance fee,en,Bill pay kiosk,0
e5509f2e-ca95-4bf4-ac22-6cbb8bbc8b52,synth_f6546e1f3eb1,unbanked,tabddpm_synthetic,,['en'],advance fee,2024-02-26T14:37:00+00:00,10.0,30.96,20,14,0,Monday,0,1621,8,advance fee,en,Bill pay kiosk,0
da29f025-cde2-4e59-a103-addb2cb5cae3,synth_3580a6c3e71b,unbanked,tabddpm_synthetic,,['en'],advance fee,2024-03-25T02:36:00+00:00,488.85,0.0,20,2,0,Monday,90,1107,27,advance fee,en,Bill pay kiosk,0
9ecf2305-d861-4794-ba6a-16d303032550,synth_07ea196ae418,unbanked,tabddpm_synthetic,,['en'],advance fee,2024-09-14T00:01:00+00:00,10.0,0.0,20,0,0,Monday,90,1991,10,advance fee,en,Bill pay kiosk,0
c391b1f1-8ca7-4380-935f-5682534dd445,synth_c66d2acb7a9f,unbanked,tabddpm_synthetic,,['en'],advance fee,2024-05-10T00:19:00+00:00,897.5,69.12,20,0,0,Monday,58,558,28,advance fee,en,Bill pay kiosk,0
55b7c9a5-25b4-4c64-a1f4-9c3b98a6173c,synth_36ff12d75c71,unbanked,tabddpm_synthetic,,['en'],advance fee,2024-05-22T10:17:00+00:00,472.96,32.61,20,10,0,Monday,4,1175,11,advance fee,en,Bill pay kiosk,0
a0aa6312-5941-4b84-942f-54f5b7a46650,synth_6e40e7c89094,unbanked,tabddpm_synthetic,,['en'],advance fee,2024-01-15T23:30:00+00:00,3000.0,1500.0,20,23,2,Wednesday,56,1,97,advance fee,en,Bill pay kiosk,0
fe7dfa2a-f8a0-4c0c-a22c-e95567a6ac61,synth_f42b2d9d0d0d,unbanked,tabddpm_synthetic,,['en'],advance fee,2024-09-25T17:10:00+00:00,511.66,39.32,20,17,4,Friday,10,583,8,advance fee,en,Bill pay kiosk,0
945a90d9-2230-4c5b-9d73-3b75bafc9ebe,synth_8ec320090975,unbanked,tabddpm_synthetic,,['en'],advance fee,2024-07-13T11:11:00+00:00,341.1,25.53,50,11,0,Monday,6,908,1,advance fee,en,Bill pay kiosk,0
afaba5fa-98a6-421d-a0b7-ed2339115ebf,synth_42cd906aa26b,unbanked,tabddpm_synthetic,,['en'],advance fee,2024-08-17T15:45:00+00:00,3000.0,391.43,20,15,6,Sunday,0,353,8,advance fee,en,Bill pay kiosk,0
8c3b4ee3-35ad-4fc5-9c6f-8336768923f0,synth_aeb294686d7c,unbanked,tabddpm_synthetic,,['en'],advance fee,2024-04-10T00:06:00+00:00,107.13,25.43,30,0,0,Monday,0,1808,6,advance fee,en,Bill pay kiosk,0
719f9a81-9eaf-4fbd-b00b-81e105269a67,synth_af250cbb4f1d,unbanked,tabddpm_synthetic,,['en'],advance fee,2024-09-08T23:55:00+00:00,10.0,0.0,20,23,0,Monday,90,1,100,advance fee,en,Bill pay kiosk,0
c22f8258-49e0-438f-8f2d-5c92a88bed1e,synth_8d44ef5741a8,unbanked,tabddpm_synthetic,,['en'],advance fee,2024-10-18T23:56:00+00:00,3000.0,1500.0,20,23,0,Monday,90,1,100,advance fee,en,Bill pay kiosk,0
c74d6bbd-b295-42a3-b420-cb5b4652feb8,synth_41a1b26a9e97,unbanked,tabddpm_synthetic,,['en'],advance fee,2024-04-22T00:34:00+00:00,3000.0,1500.0,20,0,0,Monday,90,1,100,advance fee,en,Bill pay kiosk,0
e1d3d5a5-cc41-4c9f-b183-0e922ad8cbd1,synth_ba23ddb6d85a,unbanked,tabddpm_synthetic,,['en'],advance fee,2024-04-07T06:21:00+00:00,460.02,10.35,20,6,0,Monday,90,625,37,advance fee,en,Bill pay kiosk,1
499cac9a-2d6b-4d93-af7c-b642d508a4c1,synth_6359762dfab1,unbanked,tabddpm_synthetic,,['en'],advance fee,2024-01-05T10:50:00+00:00,68.71,2.14,20,10,0,Monday,5,826,3,advance fee,en,Bill pay kiosk,0
56f72ab9-926d-45d3-9de9-30705848e212,synth_18d1351e6cf4,unbanked,tabddpm_synthetic,,['en'],advance fee,2024-03-17T12:06:00+00:00,2087.75,260.33,20,12,0,Monday,60,2000,2,advance fee,en,Bill pay kiosk,0
e046e18f-be7d-4c6c-be89-af06c6db0816,synth_2cec4b1ea472,unbanked,tabddpm_synthetic,,['en'],advance fee,2024-09-23T00:10:00+00:00,427.28,65.77,20,0,0,Monday,90,2000,21,advance fee,en,Bill pay kiosk,0
718928d3-6215-4eea-aea8-faa207b77612,synth_a8450224af88,unbanked,tabddpm_synthetic,,['en'],advance fee,2024-06-27T06:39:00+00:00,913.42,56.07,20,6,2,Wednesday,0,399,18,advance fee,en,Bill pay kiosk,0
9a8103ad-25b3-4c30-a041-d370eed066aa,synth_8d892fcafe6f,unbanked,tabddpm_synthetic,,['en'],advance fee,2024-12-30T09:57:00+00:00,261.37,28.88,44,9,0,Monday,0,655,5,advance fee,en,Bill pay kiosk,0
b952ac69-aba0-4189-86fe-26affd441324,synth_fa8d2620ac80,unbanked,tabddpm_synthetic,,['en'],advance fee,2024-02-17T23:38:00+00:00,3000.0,1500.0,20,23,0,Monday,90,1,100,advance fee,en,Bill pay kiosk,0
45e74e42-c2aa-49b5-9597-87e996d8c5f2,synth_bd4cc95721a8,unbanked,tabddpm_synthetic,,['en'],advance fee,2024-11-30T13:45:00+00:00,358.49,69.19,20,13,2,Wednesday,4,1067,10,advance fee,en,Bill pay kiosk,0
ca933feb-64ab-49f1-8709-18412c60b520,synth_8ee1146f54bf,unbanked,tabddpm_synthetic,,['en'],advance fee,2024-02-05T19:43:00+00:00,553.59,14.34,37,19,0,Monday,4,576,9,advance fee,en,Bill pay kiosk,0
18648ff8-220a-48b9-889b-e1dd401a3b8c,synth_eb1a1df69f48,unbanked,tabddpm_synthetic,,['en'],advance fee,2024-04-22T23:15:00+00:00,3000.0,1500.0,60,23,0,Monday,0,1,100,advance fee,en,Bill pay kiosk,0
c66054db-f2eb-4062-a0e8-c4340233bcc3,synth_51ac1dd1a50b,unbanked,tabddpm_synthetic,,['en'],advance fee,2024-02-17T23:47:00+00:00,3000.0,1500.0,20,23,6,Sunday,9,1,45,advance fee,en,Bill pay kiosk,0
d9af7f77-1252-42ee-a6f3-378a26cf7d31,synth_499438325349,unbanked,tabddpm_synthetic,,['en'],advance fee,2024-11-13T15:58:00+00:00,10.0,0.0,44,15,0,Monday,64,813,7,advance fee,en,Bill pay kiosk,0
53f7c5a5-0787-42cb-94db-eba9c1413995,synth_a37ec147d316,unbanked,tabddpm_synthetic,,['en'],advance fee,2024-08-01T04:54:00+00:00,545.86,23.5,32,4,3,Thursday,12,1447,6,advance fee,en,Bill pay kiosk,0
2809d4b0-fffe-4d15-b843-b126676af8a9,synth_9173bc03666f,unbanked,tabddpm_synthetic,,['en'],advance fee,2024-11-02T01:45:00+00:00,204.35,33.06,27,1,0,Monday,49,1652,22,advance fee,en,Bill pay kiosk,0
48405bc1-4313-46c2-8a2c-bd6d80bb0b69,synth_071f6e96fcf6,unbanked,tabddpm_synthetic,,['en'],advance fee,2024-12-22T06:23:00+00:00,93.73,25.78,20,6,0,Monday,2,598,13,advance fee,en,Bill pay kiosk,0
5aacad5a-4615-4978-9f76-0111aa9f7ef0,synth_f18fc82cdae4,unbanked,tabddpm_synthetic,,['en'],advance fee,2024-11-07T04:03:00+00:00,1831.58,128.6,20,4,1,Tuesday,5,189,8,advance fee,en,Bill pay kiosk,0
5eb736aa-a2b4-4900-b92f-0bf257df72e5,synth_8c2ddd713f39,unbanked,tabddpm_synthetic,,['en'],advance fee,2024-11-26T12:16:00+00:00,160.36,0.06,20,12,0,Monday,7,1865,0,advance fee,en,Bill pay kiosk,0
86746c57-864a-41fe-bb65-03df78145fb8,synth_c07d862be654,unbanked,tabddpm_synthetic,,['en'],advance fee,2024-02-02T00:40:00+00:00,3000.0,1500.0,60,0,0,Monday,90,1,100,advance fee,en,Bill pay kiosk,1
c19e6a24-b19b-46b8-b951-c41136447a93,synth_588a8dde65e5,unbanked,tabddpm_synthetic,,['en'],advance fee,2024-10-23T00:22:00+00:00,221.68,0.0,44,0,3,Thursday,16,478,8,advance fee,en,Bill pay kiosk,0
130c4d81-9cc8-48b7-b09d-52b648e3d24e,synth_2feb9693278e,unbanked,tabddpm_synthetic,,['en'],fake loan,2024-10-13T07:26:00+00:00,415.66,51.68,24,7,0,Monday,7,1158,6,fake loan,en,Bill pay kiosk,0
82b08328-791a-4e7a-9b67-23bf31bd66a9,synth_823cb9b366eb,unbanked,tabddpm_synthetic,,['en'],advance fee,2024-08-01T23:23:00+00:00,3000.0,1500.0,60,23,0,Monday,50,1,100,advance fee,en,Bill pay kiosk,0
e1e6f35b-2671-4ff5-8d1d-99610cff6e4a,synth_3059bb2339ef,unbanked,tabddpm_synthetic,,['en'],advance fee,2024-12-05T23:11:00+00:00,3000.0,1500.0,60,23,0,Monday,90,1,100,advance fee,en,Bill pay kiosk,0
041fa8e5-a77a-4e7a-a186-d51ae1186a19,synth_0f581e752868,unbanked,tabddpm_synthetic,,['en'],advance fee,2024-02-04T15:59:00+00:00,472.5,45.91,20,15,0,Monday,7,1309,7,advance fee,en,Bill pay kiosk,0
c2f72ddf-4948-444b-ae8e-0db2fc5de379,synth_f77d1e9bbd0f,unbanked,tabddpm_synthetic,,['en'],advance fee,2024-05-23T09:46:00+00:00,630.76,22.97,24,9,0,Monday,2,509,3,advance fee,en,Bill pay kiosk,0
344385ab-b0d2-417c-b5f6-ff23b7228bfb,synth_dcec814bed86,unbanked,tabddpm_synthetic,,['en'],advance fee,2024-01-31T23:49:00+00:00,3000.0,1500.0,20,23,0,Monday,90,1,100,advance fee,en,Bill pay kiosk,0
d9b2d908-e99d-470e-918e-de123765ddbc,synth_3be4c915a279,unbanked,tabddpm_synthetic,,['en'],advance fee,2024-03-29T08:04:00+00:00,156.82,31.22,20,8,0,Monday,11,825,8,advance fee,en,Bill pay kiosk,0
5cfcc0fe-e2c4-4b95-b287-2f1460d6fb78,synth_7fda319458ec,unbanked,tabddpm_synthetic,,['en'],fake loan,2024-07-14T01:49:00+00:00,778.91,51.61,60,1,0,Monday,5,949,9,fake loan,en,Bill pay kiosk,0
5c09efd2-af2e-460b-8749-c772d7635cdd,synth_c6faec127dfc,unbanked,tabddpm_synthetic,,['en'],advance fee,2024-01-19T00:59:00+00:00,42.7,2.01,20,0,0,Monday,0,2000,20,advance fee,en,Bill pay kiosk,0
ba9fcd62-1981-413a-b929-ce76aa296a3d,synth_cb3d46511642,unbanked,tabddpm_synthetic,,['en'],advance fee,2024-10-04T23:47:00+00:00,3000.0,689.8,20,23,3,Thursday,58,1,13,advance fee,en,Bill pay kiosk,0
268e85a8-905b-494a-9c3a-e318bbec55f0,synth_d096253fd86a,unbanked,tabddpm_synthetic,,['en'],advance fee,2024-06-06T23:58:00+00:00,3000.0,161.34,20,23,6,Sunday,90,1,100,advance fee,en,Bill pay kiosk,0
471fd156-387f-46bf-a632-0036f78f7ae4,synth_46890df9dfcd,unbanked,tabddpm_synthetic,,['en'],advance fee,2024-12-16T06:10:00+00:00,350.29,10.66,20,6,0,Monday,38,1682,13,advance fee,en,Bill pay kiosk,0
40ce8747-2481-4abb-a183-16abfb0653c4,synth_bbbdac3171da,unbanked,tabddpm_synthetic,,['en'],advance fee,2024-04-27T01:57:00+00:00,827.73,65.41,20,1,1,Tuesday,17,43,13,advance fee,en,Bill pay kiosk,0
0b29eaae-ed33-4cd3-927e-42bf89dc6fd2,synth_04adc7c18ceb,unbanked,tabddpm_synthetic,,['en'],advance fee,2024-08-19T23:00:00+00:00,3000.0,1500.0,60,23,0,Monday,18,1,100,advance fee,en,Bill pay kiosk,1
3c5c998a-9ea2-4aa0-bf0c-31926928617f,synth_29fce5406b28,unbanked,tabddpm_synthetic,,['en'],advance fee,2024-09-27T09:05:00+00:00,320.76,34.55,20,9,1,Tuesday,0,1601,7,advance fee,en,Bill pay kiosk,0
ec37c773-d3b9-45c7-bf8a-14b78b670676,synth_2a05d629c9ca,unbanked,tabddpm_synthetic,,['en'],advance fee,2024-02-03T19:20:00+00:00,337.29,58.56,20,19,0,Monday,4,1076,5,advance fee,en,Bill pay kiosk,0
a8b617f5-db4c-402c-a464-0a50c09c3355,synth_80165d02d6da,unbanked,tabddpm_synthetic,,['en'],advance fee,2024-12-21T09:25:00+00:00,63.53,11.94,20,9,0,Monday,7,1934,5,advance fee,en,Bill pay kiosk,0
931c47a8-64f9-4ce9-8d6f-c8272ec2cb31,synth_ffd7b9d7da06,unbanked,tabddpm_synthetic,,['en'],fake loan,2024-02-25T13:53:00+00:00,134.78,0.0,36,13,0,Monday,2,384,8,fake loan,en,Bill pay kiosk,0
0cd3f1d4-a3d8-4992-b794-ebd893335e7e,synth_f7b7d2c960c5,unbanked,tabddpm_synthetic,,['en'],advance fee,2024-09-10T00:16:00+00:00,3000.0,1500.0,60,0,0,Monday,71,1,100,advance fee,en,Bill pay kiosk,0
4d316929-ce82-4b62-8383-60ce53a5b590,synth_5aff2c6a6539,unbanked,tabddpm_synthetic,,['en'],advance fee,2024-12-04T14:30:00+00:00,3000.0,1500.0,20,14,4,Friday,27,1,64,advance fee,en,Bill pay kiosk,0
a926f74a-2e2b-4d6f-9e12-70343045280e,synth_baeff9f33993,unbanked,tabddpm_synthetic,,['en'],advance fee,2024-11-29T07:41:00+00:00,72.98,60.6,20,7,0,Monday,55,2000,5,advance fee,en,Bill pay kiosk,0
c5f2073e-be05-480d-b5a4-6afd1331d118,synth_7370a47be385,unbanked,tabddpm_synthetic,,['en'],advance fee,2024-10-19T00:49:00+00:00,206.42,47.7,24,0,0,Monday,0,1281,7,advance fee,en,Bill pay kiosk,0
f1ed68b5-33bc-45f4-906e-315de738af44,synth_ecc3f86e6498,unbanked,tabddpm_synthetic,,['es'],advance fee,2024-03-26T04:15:00+00:00,961.51,97.53,20,4,4,Friday,17,762,18,advance fee,es,Bill pay kiosk,0
0d331d7b-5e4a-4c58-85b3-91ad70cdde4a,synth_0eba0c82d595,unbanked,tabddpm_synthetic,,['en'],advance fee,2024-12-26T16:42:00+00:00,10.0,0.0,20,16,4,Friday,90,365,37,advance fee,en,Bill pay kiosk,0
3a458481-7421-47e3-94b2-d6ebbbd6a3f0,synth_a91db5768326,unbanked,tabddpm_synthetic,,['en'],advance fee,2024-01-28T00:42:00+00:00,3000.0,1500.0,20,0,0,Monday,90,1,100,advance fee,en,Bill pay kiosk,1
b271b74f-0bc8-44ab-ac07-9ab06d38e369,synth_21496430e922,unbanked,tabddpm_synthetic,,['es'],advance fee,2024-03-28T13:59:00+00:00,298.93,44.14,20,13,0,Monday,23,1068,3,advance fee,es,Bill pay kiosk,0
0213d80e-78a7-4092-8f88-8a8841e678dd,synth_6d3e89e6713c,unbanked,tabddpm_synthetic,,['en'],advance fee,2024-07-10T00:23:00+00:00,414.75,31.03,20,0,0,Monday,0,2000,10,advance fee,en,Bill pay kiosk,0
9de1b766-dcd4-4111-9220-f6e01e446d7f,synth_412a437e8815,unbanked,tabddpm_synthetic,,['en'],advance fee,2024-02-22T21:17:00+00:00,158.55,0.0,20,21,6,Sunday,90,1,27,advance fee,en,Bill pay kiosk,0
4e1cb417-5f9f-4747-8af3-2677c2bea093,synth_2e73ed2e29a7,unbanked,tabddpm_synthetic,,['en'],advance fee,2024-11-19T08:04:00+00:00,351.07,17.6,36,8,1,Tuesday,1,1789,5,advance fee,en,Bill pay kiosk,0
738b341e-d914-436d-b280-a257f0b75d01,synth_b2e27710eaf1,unbanked,tabddpm_synthetic,,['en'],advance fee,2024-12-22T07:19:00+00:00,10.0,0.0,20,7,0,Monday,90,1,34,advance fee,en,Bill pay kiosk,0
2fdc5bf6-9a05-4032-897a-095e29707d5d,synth_117190780a73,unbanked,tabddpm_synthetic,,['en'],advance fee,2024-08-11T00:16:00+00:00,3000.0,1500.0,60,0,1,Tuesday,0,1,100,advance fee,en,Bill pay kiosk,0
b6f85749-94d7-43d2-ac53-75876699d32d,synth_8d6f98d8badf,unbanked,tabddpm_synthetic,,['en'],advance fee,2024-06-19T05:52:00+00:00,902.25,107.65,20,5,0,Monday,79,2000,12,advance fee,en,Bill pay kiosk,0
85bbcaea-205a-45c9-b013-5207a1695641,synth_cb74129faa03,unbanked,tabddpm_synthetic,,['en'],advance fee,2024-10-09T00:40:00+00:00,597.9,55.7,20,0,0,Monday,0,383,10,advance fee,en,Bill pay kiosk,0
10b0cdeb-59ce-4e55-8063-59f0bd304483,synth_44c3c5ec6793,unbanked,tabddpm_synthetic,,['en'],advance fee,2024-03-17T00:39:00+00:00,832.65,19.82,20,0,6,Sunday,75,1,57,advance fee,en,Bill pay kiosk,0
f8c58da3-8ff0-49ca-a8c6-18fc0d7a40a2,synth_e5f5e6899783,unbanked,tabddpm_synthetic,,['en'],advance fee,2024-06-19T00:01:00+00:00,10.0,0.0,20,0,0,Monday,90,1346,21,advance fee,en,Bill pay kiosk,0
4ac03e99-2194-4004-8f36-9aa4d48ca418,synth_2ed45e9d3392,unbanked,tabddpm_synthetic,,['en'],advance fee,2024-04-12T13:45:00+00:00,371.95,0.0,20,13,6,Sunday,90,565,14,advance fee,en,Bill pay kiosk,0
79c0f7c0-d4f6-4f08-b513-e018ce012e39,synth_119f0d582362,unbanked,tabddpm_synthetic,,['en'],advance fee,2024-06-24T12:33:00+00:00,1151.0,115.25,20,12,0,Monday,9,1043,14,advance fee,en,Bill pay kiosk,0
501b1f4f-86bb-4544-9593-725293d2aab0,synth_7522bae1418e,unbanked,tabddpm_synthetic,,['en'],advance fee,2024-09-23T00:30:00+00:00,3000.0,990.1,55,0,0,Monday,49,1,100,advance fee,en,Bill pay kiosk,1
f1196f0c-bb40-4739-a792-bbe2dea02b3c,synth_d24999c317a4,unbanked,tabddpm_synthetic,,['en'],advance fee,2024-12-25T00:55:00+00:00,3000.0,1500.0,60,0,6,Sunday,0,1,100,advance fee,en,Bill pay kiosk,0
e7231ba9-bd14-4289-87bf-1d6a888cb635,synth_b969cb6f4c6c,unbanked,tabddpm_synthetic,,['en'],advance fee,2024-10-05T00:35:00+00:00,427.15,43.99,60,0,0,Monday,0,1070,15,advance fee,en,Bill pay kiosk,0
890c23be-5355-4421-b4c1-5fd1c2c4d447,synth_d193dab1f1d8,unbanked,tabddpm_synthetic,,['en'],advance fee,2024-12-12T23:05:00+00:00,3000.0,1500.0,20,23,6,Sunday,0,1,100,advance fee,en,Bill pay kiosk,0
1e27196e-3d6a-4a24-84d8-fb300fe8aebc,synth_63dca3913948,unbanked,tabddpm_synthetic,,['en'],advance fee,2024-05-19T02:53:00+00:00,10.0,9.87,32,2,0,Monday,6,1599,8,advance fee,en,Bill pay kiosk,0
1c70cbf8-1c0b-4275-a68d-0e003fc64bc1,synth_a68d86f2520c,unbanked,tabddpm_synthetic,,['en'],advance fee,2024-01-24T00:46:00+00:00,513.68,43.9,20,0,4,Friday,26,1773,9,advance fee,en,Bill pay kiosk,0
9e6d98cf-bb13-4ed7-bc33-37ca8c85a61e,synth_0cf709c43c17,unbanked,tabddpm_synthetic,,['en'],advance fee,2024-07-02T00:09:00+00:00,1652.2,54.25,30,0,0,Monday,0,1,10,advance fee,en,Bill pay kiosk,0
48fda8ff-62f5-40c0-b83e-dc2a9677e176,synth_96d181c73486,unbanked,tabddpm_synthetic,,['en'],advance fee,2024-10-20T17:07:00+00:00,10.0,0.0,20,17,0,Monday,90,1,85,advance fee,en,Bill pay kiosk,0
6d8b91a4-1dbc-4519-97dc-368155005174,synth_d7e0c451c696,unbanked,tabddpm_synthetic,,['en'],advance fee,2024-08-25T00:47:00+00:00,3000.0,1500.0,60,0,0,Monday,77,1,100,advance fee,en,Bill pay kiosk,1
d1089483-504a-4cd3-a56f-8100307bcb9a,synth_8f1fdd99fa09,unbanked,tabddpm_synthetic,,['en'],advance fee,2024-08-27T00:46:00+00:00,3000.0,1500.0,60,0,0,Monday,90,1,100,advance fee,en,Bill pay kiosk,0
2de3e708-8359-48d4-8a42-ffc5b3a97a7d,synth_f5e30fe52360,unbanked,tabddpm_synthetic,,['en'],advance fee,2024-04-12T13:57:00+00:00,10.0,0.0,20,13,0,Monday,90,1,49,advance fee,en,Bill pay kiosk,0
608c8e72-ad8d-4697-8668-4202ded15042,synth_031f32ae8c1c,unbanked,tabddpm_synthetic,,['en'],advance fee,2024-02-19T23:53:00+00:00,3000.0,1500.0,20,23,0,Monday,90,1,100,advance fee,en,Bill pay kiosk,0
9d11c08a-3afe-4b09-a6b7-499e0ae0f925,synth_9df2312557f5,unbanked,tabddpm_synthetic,,['en'],advance fee,2024-06-29T23:47:00+00:00,3000.0,1500.0,20,23,0,Monday,90,1,100,advance fee,en,Bill pay kiosk,0
790e4b61-edc0-4e7c-94ef-ec2b02dfe495,synth_3a88aabb45a9,unbanked,tabddpm_synthetic,,['en'],advance fee,2024-05-20T17:27:00+00:00,62.04,12.51,36,17,0,Monday,3,425,4,advance fee,en,Bill pay kiosk,0
472dc082-07d7-4bd9-859f-ee8ba6de03c0,synth_16c45e5b5fe6,unbanked,tabddpm_synthetic,,['en'],advance fee,2024-12-02T11:48:00+00:00,3000.0,346.11,20,11,6,Sunday,0,554,17,advance fee,en,Bill pay kiosk,0
c9e41417-c510-445a-8085-9f8a3cd5451a,synth_72e4e22e07de,unbanked,tabddpm_synthetic,,['en'],advance fee,2024-08-28T04:11:00+00:00,52.54,0.0,20,4,3,Thursday,17,1218,10,advance fee,en,Bill pay kiosk,0
272d065e-c887-480d-a506-93debb8133b9,synth_942c80a07180,unbanked,tabddpm_synthetic,,['en'],advance fee,2024-11-03T04:18:00+00:00,24.89,0.0,47,4,0,Monday,34,533,5,advance fee,en,Bill pay kiosk,0
dca9aaca-baa9-4784-9ebe-51318bf0aa23,synth_2b278ee9cfb9,unbanked,tabddpm_synthetic,,['en'],advance fee,2024-04-17T23:06:00+00:00,3000.0,1500.0,20,23,6,Sunday,90,1,100,advance fee,en,Bill pay kiosk,0
a48cf757-57b1-4bb3-a908-22fd58b55a2a,synth_1946c4c9674d,unbanked,tabddpm_synthetic,,['en'],advance fee,2024-03-19T10:25:00+00:00,555.4,47.56,21,10,6,Sunday,21,1579,5,advance fee,en,Bill pay kiosk,0
4bc566db-b090-4ac8-9c9d-cf8771e8e981,synth_b6bb298443fb,unbanked,tabddpm_synthetic,,['en'],advance fee,2024-06-24T05:03:00+00:00,10.0,19.6,28,5,0,Monday,2,1184,9,advance fee,en,Bill pay kiosk,0
ad2174dd-6536-4e93-83ba-9194bb1c36c5,synth_73d3d741d201,unbanked,tabddpm_synthetic,,['en'],advance fee,2024-03-15T11:30:00+00:00,267.41,33.0,20,11,0,Monday,17,1692,6,advance fee,en,Bill pay kiosk,0
d7433439-7433-4753-b205-fc39bfc425f7,synth_0165180d5f37,unbanked,tabddpm_synthetic,,['en'],advance fee,2024-03-04T10:20:00+00:00,10.0,0.0,20,10,0,Monday,90,1517,12,advance fee,en,Bill pay kiosk,0
efb125bb-08eb-45e9-aaa5-ce8e533989f3,synth_37d72abd5edf,unbanked,tabddpm_synthetic,,['en'],advance fee,2024-01-26T01:03:00+00:00,10.0,0.0,20,1,0,Monday,90,1,46,advance fee,en,Bill pay kiosk,0
15c2b46f-0e9d-43f6-a4b7-554d640b7190,synth_e37e7dd53f95,unbanked,tabddpm_synthetic,,['en'],advance fee,2024-12-11T13:16:00+00:00,639.95,70.03,31,13,0,Monday,6,553,9,advance fee,en,Bill pay kiosk,0
de8a71c8-56ff-43bb-a870-ff0d09764217,synth_c56d98076274,unbanked,tabddpm_synthetic,,['en'],advance fee,2024-09-28T23:30:00+00:00,3000.0,1500.0,20,23,6,Sunday,90,1,100,advance fee,en,Bill pay kiosk,1
501a2799-e399-483c-8070-894db030dfcd,synth_5e025bb80ff5,unbanked,tabddpm_synthetic,,['en'],advance fee,2024-06-30T23:30:00+00:00,3000.0,1500.0,20,23,6,Sunday,0,1,100,advance fee,en,Bill pay kiosk,0
a6610ef8-81c9-47ca-9b40-ec3f9886a101,synth_c164b786a764,unbanked,tabddpm_synthetic,,['en'],advance fee,2024-09-30T00:41:00+00:00,411.59,0.0,20,0,6,Sunday,90,532,20,advance fee,en,Bill pay kiosk,0
18ee9405-137d-4c1a-90cf-3b8c5175baef,synth_827f8278cdc1,unbanked,tabddpm_synthetic,,['en'],advance fee,2024-10-20T23:33:00+00:00,3000.0,1500.0,20,23,0,Monday,45,1,42,advance fee,en,Bill pay kiosk,0
f709c540-c4ed-4703-880a-b8d96dd959c9,synth_330827e79b6c,unbanked,tabddpm_synthetic,,['en'],advance fee,2024-04-05T00:27:00+00:00,1788.54,97.97,58,0,0,Monday,42,507,60,advance fee,en,Bill pay kiosk,0
d1474eec-9c8f-42dd-b791-4ab758c4dda7,synth_fae3a4c4aeb0,unbanked,tabddpm_synthetic,,['en'],advance fee,2024-10-27T23:35:00+00:00,3000.0,1500.0,20,23,0,Monday,90,1,100,advance fee,en,Bill pay kiosk,1
1365d8eb-f990-4d25-bea7-450045aabed1,synth_c5765036184f,unbanked,tabddpm_synthetic,,['en'],advance fee,2024-03-24T23:34:00+00:00,3000.0,1500.0,20,23,6,Sunday,1,1,43,advance fee,en,Bill pay kiosk,0
25446f68-c338-4eaf-88cd-a86c832f8a5d,synth_396ac8fb40ba,unbanked,tabddpm_synthetic,,['en'],advance fee,2024-12-03T00:51:00+00:00,89.42,46.64,20,0,0,Monday,0,2000,11,advance fee,en,Bill pay kiosk,0
2de95696-296f-47b9-8d80-a566874892cc,synth_ed66a5f1532c,unbanked,tabddpm_synthetic,,['en'],advance fee,2024-10-30T12:31:00+00:00,578.02,47.85,20,12,0,Monday,56,2000,10,advance fee,en,Bill pay kiosk,0
c9c96af6-4ca0-4e58-b6b2-9a4f744c64b1,synth_5cb66473bf4b,unbanked,tabddpm_synthetic,,['en'],advance fee,2024-07-24T00:02:00+00:00,442.13,66.77,32,0,0,Monday,0,290,16,advance fee,en,Bill pay kiosk,0
935c3bef-1c10-4dcc-adfd-40a0c7ea3446,synth_9fc6888f9255,unbanked,tabddpm_synthetic,,['en'],advance fee,2024-01-10T17:38:00+00:00,337.29,45.47,20,17,2,Wednesday,17,1433,10,advance fee,en,Bill pay kiosk,0
11893546-e988-4e31-bf6e-651627933a06,synth_f7356f8a439f,unbanked,tabddpm_synthetic,,['en'],advance fee,2024-12-25T08:17:00+00:00,1173.45,145.78,40,8,0,Monday,32,142,19,advance fee,en,Bill pay kiosk,0
067deb64-fb59-4209-8777-728bf9e0b303,synth_06786ac4b072,unbanked,tabddpm_synthetic,,['en'],advance fee,2024-05-18T10:49:00+00:00,332.91,29.23,40,10,0,Monday,1,1172,6,advance fee,en,Bill pay kiosk,0
ce57a63b-5b5d-42b2-a622-90b443087987,synth_673de16dff27,unbanked,tabddpm_synthetic,,['en'],advance fee,2024-01-05T15:52:00+00:00,369.75,7.63,59,15,0,Monday,0,926,6,advance fee,en,Bill pay kiosk,0
f1ce46ac-ad30-4895-a138-23f56b4a9001,synth_85d1f848fb03,unbanked,tabddpm_synthetic,,['en'],advance fee,2024-05-16T23:45:00+00:00,3000.0,1500.0,20,23,0,Monday,90,1,100,advance fee,en,Bill pay kiosk,1
44b6e828-997e-4092-8c5d-14217625a42e,synth_3ed5bf099ead,unbanked,tabddpm_synthetic,,['en'],advance fee,2024-09-29T11:47:00+00:00,151.75,29.3,20,11,0,Monday,1,1134,9,advance fee,en,Bill pay kiosk,0
c2fa16de-b179-425d-8989-a49caa789f32,synth_05eed3f1708c,unbanked,tabddpm_synthetic,,['en'],advance fee,2024-12-12T03:37:00+00:00,194.07,5.17,20,3,0,Monday,0,1,4,advance fee,en,Bill pay kiosk,0
81e319ff-0830-4c20-b961-f70b6533d00e,synth_3d8f150d9515,unbanked,tabddpm_synthetic,,['en'],advance fee,2024-09-02T18:23:00+00:00,587.35,81.0,55,18,2,Wednesday,11,976,9,advance fee,en,Bill pay kiosk,0
4624cfe3-c3ad-4575-b05e-7e510c13363f,synth_da8ade61b963,unbanked,tabddpm_synthetic,,['en'],advance fee,2024-11-02T00:06:00+00:00,3000.0,1500.0,20,0,6,Sunday,90,1,100,advance fee,en,Bill pay kiosk,0
bcd51986-7019-4278-8419-b4b96ab4146f,synth_b4e59ffd9a91,unbanked,tabddpm_synthetic,,['en'],advance fee,2024-08-10T01:16:00+00:00,190.97,0.0,40,1,0,Monday,88,1482,5,advance fee,en,Bill pay kiosk,0
765f5cb0-8ca1-41ac-b490-d5d6e9566d43,synth_f0dd9d962c1a,unbanked,tabddpm_synthetic,,['en'],advance fee,2024-07-06T07:53:00+00:00,596.77,50.17,32,7,0,Monday,9,1964,16,advance fee,en,Bill pay kiosk,0
6123ed3d-ffea-402c-81ab-6f1527a6deda,synth_04b7fa27917e,unbanked,tabddpm_synthetic,,['en'],advance fee,2024-10-26T23:25:00+00:00,3000.0,1500.0,20,23,0,Monday,90,1,100,advance fee,en,Bill pay kiosk,0
c3815ccb-2333-400e-a3b1-447a7e054a23,synth_400e66cf6e50,unbanked,tabddpm_synthetic,,['en'],advance fee,2024-08-16T23:07:00+00:00,2764.36,0.0,20,23,0,Monday,90,1,100,advance fee,en,Bill pay kiosk,0
7895986f-77a6-44be-9eb8-91cdb1763815,synth_7aaf1b8a2af1,unbanked,tabddpm_synthetic,,['en'],advance fee,2024-03-12T23:57:00+00:00,3000.0,1500.0,20,23,6,Sunday,90,1,100,advance fee,en,Bill pay kiosk,0
21103f27-4f25-4000-9d9e-bae8916b62ba,synth_1d965905389b,unbanked,tabddpm_synthetic,,['en'],advance fee,2024-01-16T00:13:00+00:00,3000.0,299.35,20,0,0,Monday,20,285,24,advance fee,en,Bill pay kiosk,0
88dc24cb-ed13-4914-a25d-dba526c45c68,synth_7967c12d48c3,unbanked,tabddpm_synthetic,,['en'],advance fee,2024-07-06T23:02:00+00:00,3000.0,1500.0,36,23,0,Monday,90,1,100,advance fee,en,Bill pay kiosk,0
7aee6f76-33fc-4339-a2db-423162970b29,synth_bafeac9c9f69,unbanked,tabddpm_synthetic,,['en'],advance fee,2024-12-30T09:13:00+00:00,304.02,47.18,20,9,0,Monday,41,2000,4,advance fee,en,Bill pay kiosk,0
220915d7-437d-404e-a7dd-281972f7acf7,synth_9a1989b8bd21,unbanked,tabddpm_synthetic,,['en'],advance fee,2024-10-31T00:26:00+00:00,402.94,14.7,20,0,0,Monday,0,2000,12,advance fee,en,Bill pay kiosk,0
945825f0-0581-4c1a-bd9d-eba7a56a8735,synth_ea9cd65bf290,unbanked,tabddpm_synthetic,,['en'],advance fee,2024-05-01T00:43:00+00:00,3000.0,1500.0,20,0,0,Monday,77,1,100,advance fee,en,Bill pay kiosk,1
a0a8d877-2df7-4b99-a4a1-fe41c3474b0e,synth_f842c279ff08,unbanked,tabddpm_synthetic,,['en'],fake loan,2024-03-08T00:21:00+00:00,3000.0,145.12,20,0,0,Monday,0,24,11,fake loan,en,Bill pay kiosk,0
faa97a03-20e0-4f5b-8ce5-a2c78f5cf3b7,synth_0eab6b9e99d6,unbanked,tabddpm_synthetic,,['en'],advance fee,2024-09-08T09:45:00+00:00,367.59,40.53,31,9,1,Tuesday,5,1089,9,advance fee,en,Bill pay kiosk,0
bc10306f-8596-42b1-8ecf-b14ef60c3cc0,synth_04bec5febd71,unbanked,tabddpm_synthetic,,['en'],advance fee,2024-02-06T00:05:00+00:00,3000.0,1500.0,26,0,0,Monday,76,1,100,advance fee,en,Bill pay kiosk,1
7aab4a98-4f54-4779-956a-ff5f25a35528,synth_33357290233c,unbanked,tabddpm_synthetic,,['en'],advance fee,2024-02-01T01:14:00+00:00,3000.0,1500.0,20,1,6,Sunday,40,1,100,advance fee,en,Bill pay kiosk,0
cdc71cc9-b5cb-4b7c-8586-0cda70c9802f,synth_b91981380113,unbanked,tabddpm_synthetic,,['en'],advance fee,2024-03-16T08:49:00+00:00,10.0,26.79,20,8,0,Monday,0,1872,7,advance fee,en,Bill pay kiosk,0
0b82b2d2-57c4-4a9f-b1da-cedc9918062b,synth_6d9a677fc818,unbanked,tabddpm_synthetic,,['en'],advance fee,2024-06-12T10:49:00+00:00,279.71,31.28,20,10,0,Monday,3,1686,1,advance fee,en,Bill pay kiosk,0
ca21d221-af8f-4b0f-9725-ac87eb4a890b,synth_30d5c7f57457,unbanked,tabddpm_synthetic,,['en'],advance fee,2024-07-08T23:14:00+00:00,3000.0,1500.0,20,23,0,Monday,90,1,100,advance fee,en,Bill pay kiosk,1
0e1402f2-9e9a-42b4-9b46-175c2d9b7f9a,synth_967660fab795,unbanked,tabddpm_synthetic,,['en'],advance fee,2024-04-15T03:29:00+00:00,359.49,11.08,35,3,0,Monday,24,1663,9,advance fee,en,Bill pay kiosk,0
18f252b8-6d21-4bb4-8caa-78ca4fe90892,synth_ca4c1b393f56,unbanked,tabddpm_synthetic,,['en'],advance fee,2024-06-28T00:47:00+00:00,60.15,32.65,34,0,0,Monday,0,1686,5,advance fee,en,Bill pay kiosk,0
551c6b04-42da-4e57-a4f8-b42a3e0c8f82,synth_3f43b2503a51,unbanked,tabddpm_synthetic,,['en'],advance fee,2024-07-28T00:18:00+00:00,3000.0,1332.12,20,0,6,Sunday,5,1,68,advance fee,en,Bill pay kiosk,0
ef979c8d-f0fa-4b15-9bd4-665fe7f5699d,synth_fdb5a1e434db,unbanked,tabddpm_synthetic,,['en'],advance fee,2024-12-27T06:27:00+00:00,997.59,76.75,20,6,0,Monday,3,1299,11,advance fee,en,Bill pay kiosk,0
bf0b2607-936a-40e2-bbbe-35164fdabff1,synth_d0fd0b03923e,unbanked,tabddpm_synthetic,,['en'],advance fee,2024-06-22T14:22:00+00:00,1380.91,144.85,26,14,0,Monday,3,194,7,advance fee,en,Bill pay kiosk,0
245b791c-a055-4aac-a37d-ea145b3c1e16,synth_2dbf5005e4a7,unbanked,tabddpm_synthetic,,['en'],advance fee,2024-07-22T00:59:00+00:00,912.8,124.06,34,0,0,Monday,6,176,14,advance fee,en,Bill pay kiosk,0
a69bd57a-c192-4373-a7c1-3f019218868e,synth_91405fd4a22c,unbanked,tabddpm_synthetic,,['en'],advance fee,2024-04-19T23:02:00+00:00,3000.0,1500.0,20,23,0,Monday,90,1,100,advance fee,en,Bill pay kiosk,1
70fa9e6a-ebca-40b9-9e32-b87d56ea664b,synth_1ed6ab285982,unbanked,tabddpm_synthetic,,['en'],advance fee,2024-11-17T23:05:00+00:00,3000.0,0.0,20,23,6,Sunday,90,1,100,advance fee,en,Bill pay kiosk,0
05c4dfea-9e52-4293-aa03-b5a28ce49e48,synth_911a9ca9f982,unbanked,tabddpm_synthetic,,['en'],advance fee,2024-11-22T09:26:00+00:00,319.24,34.38,20,9,4,Friday,46,1710,7,advance fee,en,Bill pay kiosk,0
fd39af36-9ba4-4744-99a9-7a98d597cbb7,synth_e3f38170ba12,unbanked,tabddpm_synthetic,,['en'],advance fee,2024-03-03T06:27:00+00:00,78.73,60.97,20,6,0,Monday,90,2000,7,advance fee,en,Bill pay kiosk,0
9dd58969-afbf-4eb5-ab7e-53ebee0743e1,synth_452f747cf858,unbanked,tabddpm_synthetic,,['en'],advance fee,2024-03-20T10:04:00+00:00,480.89,62.96,20,10,0,Monday,3,1298,2,advance fee,en,Bill pay kiosk,0
9c183483-698c-48c1-9da1-23cc345a18db,synth_7b525778875d,unbanked,tabddpm_synthetic,,['en'],advance fee,2024-04-24T16:46:00+00:00,205.75,48.84,41,16,5,Saturday,0,1005,10,advance fee,en,Bill pay kiosk,0
1030cfe4-7286-4551-9825-e66fe9fe39e4,synth_3c71d64874b0,unbanked,tabddpm_synthetic,,['en'],advance fee,2024-07-31T13:19:00+00:00,163.81,0.0,20,13,0,Monday,90,1,79,advance fee,en,Bill pay kiosk,0
9f3c797f-11e1-4e82-817d-6622b6c358db,synth_e36409eee812,unbanked,tabddpm_synthetic,,['en'],advance fee,2024-12-07T14:20:00+00:00,1270.68,130.52,20,14,5,Saturday,4,411,9,advance fee,en,Bill pay kiosk,0
09b37fb4-49bb-4dc0-92fb-f7d8a33d581c,synth_bf2cfcc68d86,unbanked,tabddpm_synthetic,,['en'],advance fee,2024-02-11T09:39:00+00:00,10.0,0.0,20,9,1,Tuesday,90,5,11,advance fee,en,Bill pay kiosk,0
3289daaa-3d55-4151-ac2d-ad160b6de028,synth_6112ec0f20f5,unbanked,tabddpm_synthetic,,['en'],advance fee,2024-06-05T11:57:00+00:00,2171.66,186.21,28,11,4,Friday,7,192,8,advance fee,en,Bill pay kiosk,0
6a637884-ffca-403e-bb05-169b33cd7016,synth_c99e0784eccd,unbanked,tabddpm_synthetic,,['en'],advance fee,2024-05-04T00:54:00+00:00,3000.0,1500.0,60,0,0,Monday,35,1,100,advance fee,en,Bill pay kiosk,0
d7a51952-3716-4f7b-99ae-e560df444cde,synth_067cf6efd3fc,unbanked,tabddpm_synthetic,,['en'],advance fee,2024-01-14T23:21:00+00:00,3000.0,1500.0,20,23,6,Sunday,0,1,100,advance fee,en,Bill pay kiosk,0
83cfee25-b3fe-4856-bb04-0fe5d85cab25,synth_a233cc067aa3,unbanked,tabddpm_synthetic,,['en'],advance fee,2024-12-22T00:32:00+00:00,3000.0,1500.0,20,0,0,Monday,90,1,100,advance fee,en,Bill pay kiosk,0
8b4e6073-18c8-43b2-9be4-429c7a0933df,synth_43f3498dbf4b,unbanked,tabddpm_synthetic,,['en'],advance fee,2024-04-11T08:47:00+00:00,3000.0,319.49,60,8,6,Sunday,6,587,6,advance fee,en,Bill pay kiosk,0
dce6f3ce-59ca-429a-b177-3395fa70db52,synth_dc033e9bcd35,unbanked,tabddpm_synthetic,,['en'],advance fee,2024-04-28T00:51:00+00:00,3000.0,653.27,60,0,3,Thursday,0,1,59,advance fee,en,Bill pay kiosk,0
271545e2-0521-4505-945c-04f55bf05659,synth_312bc61f8aa8,unbanked,tabddpm_synthetic,,['en'],advance fee,2024-09-11T16:11:00+00:00,10.0,0.0,20,16,6,Sunday,90,383,0,advance fee,en,Bill pay kiosk,0
623c8223-b9af-4159-afe0-d4d827569eb0,synth_ae8f1abe20b1,unbanked,tabddpm_synthetic,,['en'],advance fee,2024-12-04T11:05:00+00:00,1003.72,100.16,42,11,0,Monday,14,1803,7,advance fee,en,Bill pay kiosk,0
69bda519-069c-4385-bcc1-726914218e5e,synth_4026cf42949a,unbanked,tabddpm_synthetic,,['en'],advance fee,2024-03-09T23:35:00+00:00,3000.0,1500.0,20,23,0,Monday,90,1,100,advance fee,en,Bill pay kiosk,1
78eb17c2-27fc-4538-bad0-9f37d168c82b,synth_b5f8e850097e,unbanked,tabddpm_synthetic,,['en'],advance fee,2024-07-23T00:14:00+00:00,279.97,33.23,20,0,0,Monday,0,2000,11,advance fee,en,Bill pay kiosk,0
279234b5-c568-4682-9a10-199183dda40e,synth_e1165209972f,unbanked,tabddpm_synthetic,,['en'],advance fee,2024-11-17T23:27:00+00:00,3000.0,1500.0,20,23,0,Monday,90,1,100,advance fee,en,Bill pay kiosk,0
bd56bed9-83a3-4df4-a441-ee1aab117ccf,synth_777127ed5d72,unbanked,tabddpm_synthetic,,['en'],advance fee,2024-09-09T08:59:00+00:00,256.16,27.34,20,8,0,Monday,15,1403,10,advance fee,en,Bill pay kiosk,0
7e5ec43a-87d2-4fb2-9536-098b440d461f,synth_b1d234efe440,unbanked,tabddpm_synthetic,,['en'],advance fee,2024-12-21T11:34:00+00:00,10.0,0.0,20,11,4,Friday,89,653,0,advance fee,en,Bill pay kiosk,0
c0c0991b-9e7c-4156-9dd2-0c177e5d1f41,synth_0454612d33c7,unbanked,tabddpm_synthetic,,['en'],advance fee,2024-04-28T13:14:00+00:00,299.6,44.46,48,13,5,Saturday,0,2000,7,advance fee,en,Bill pay kiosk,0
ff705e8c-59f0-4c4f-b117-adc9c115278e,synth_3da81a471e7d,unbanked,tabddpm_synthetic,,['en'],advance fee,2024-01-18T08:08:00+00:00,462.91,55.05,20,8,0,Monday,81,1578,7,advance fee,en,Bill pay kiosk,0
54774046-feff-47c2-9b43-17ebcbe2db1a,synth_0a65c0149c12,unbanked,tabddpm_synthetic,,['en'],advance fee,2024-06-18T23:41:00+00:00,3000.0,1500.0,20,23,0,Monday,90,1,100,advance fee,en,Bill pay kiosk,0
5441b03d-b1a1-4c4d-b557-3a37ad20c107,synth_150fd9fcc6f8,unbanked,tabddpm_synthetic,,['en'],advance fee,2024-10-22T07:11:00+00:00,10.0,0.0,20,7,0,Monday,90,868,22,advance fee,en,Bill pay kiosk,0
d7c2a1a2-ed21-4941-a97d-534f651c163f,synth_88a6c1e498f8,unbanked,tabddpm_synthetic,,['en'],advance fee,2024-10-01T23:06:00+00:00,3000.0,1500.0,60,23,0,Monday,90,1,100,advance fee,en,Bill pay kiosk,0
cbb20e4b-30a2-45d0-a069-2da26c6e54ec,synth_93052f2328b0,unbanked,tabddpm_synthetic,,['en'],advance fee,2024-08-12T00:22:00+00:00,3000.0,1500.0,60,0,0,Monday,87,1,100,advance fee,en,Bill pay kiosk,1
07dc6a24-23d6-4c9b-9f7e-07f7e4b1a306,synth_bcc7f0359638,unbanked,tabddpm_synthetic,,['en'],advance fee,2024-08-25T07:47:00+00:00,282.74,28.16,20,7,0,Monday,5,1487,4,advance fee,en,Bill pay kiosk,0
66f25b90-8bfc-4411-9e31-e78a8034d959,synth_b6ef614f83d7,unbanked,tabddpm_synthetic,,['en'],advance fee,2024-01-29T00:31:00+00:00,3000.0,220.77,20,0,0,Monday,90,1764,16,advance fee,en,Bill pay kiosk,0
31613c9e-585c-47ff-8fe9-73b622367096,synth_1d4d56b9e4fb,unbanked,tabddpm_synthetic,,['en'],advance fee,2024-09-27T05:22:00+00:00,3000.0,1500.0,20,5,0,Monday,90,1,100,advance fee,en,Bill pay kiosk,0
ab19f070-f6a2-4a5e-a2d1-196eaa6439e7,synth_cb71c1aefc1e,unbanked,tabddpm_synthetic,,['en'],advance fee,2024-09-07T23:28:00+00:00,3000.0,1500.0,20,23,0,Monday,90,1,100,advance fee,en,Bill pay kiosk,1
ae9c136c-5553-4f0f-9a57-ff8c901e4864,synth_2db412322c3e,unbanked,tabddpm_synthetic,,['en'],advance fee,2024-06-20T12:22:00+00:00,501.06,51.49,34,12,0,Monday,10,1,9,advance fee,en,Bill pay kiosk,0
af1e2a5b-3fb0-45ad-a5c1-fae042c5ec93,synth_afac2bd35f7b,unbanked,tabddpm_synthetic,,['en'],advance fee,2024-08-05T00:39:00+00:00,3000.0,1500.0,20,0,6,Sunday,90,1,100,advance fee,en,Bill pay kiosk,0
02c8f9fa-0628-4ecd-b140-9232eed16248,synth_be10129c6eab,unbanked,tabddpm_synthetic,,['en'],advance fee,2024-02-13T23:45:00+00:00,3000.0,1500.0,20,23,6,Sunday,0,1,100,advance fee,en,Bill pay kiosk,0
82334f46-3697-4214-b374-eecafba60014,synth_c6bcca704651,unbanked,tabddpm_synthetic,,['en'],advance fee,2024-03-01T00:50:00+00:00,3000.0,1500.0,60,0,0,Monday,0,1,100,advance fee,en,Bill pay kiosk,1
ac0dc423-5fad-4814-9ef3-3afb760b9709,synth_61214748d1d7,unbanked,tabddpm_synthetic,,['en'],advance fee,2024-06-20T00:32:00+00:00,886.57,114.53,60,0,0,Monday,22,1,27,advance fee,en,Bill pay kiosk,0
deeb6ab5-f400-44d6-b529-e67c27fe3893,synth_ce63521d6f60,unbanked,tabddpm_synthetic,,['en'],fake loan,2024-05-02T10:43:00+00:00,147.01,12.92,23,10,1,Tuesday,5,349,5,fake loan,en,Bill pay kiosk,0
5499296f-a025-4d59-8831-f7273d7d0d7a,synth_70b6c02e622d,unbanked,tabddpm_synthetic,,['en'],advance fee,2024-12-13T23:56:00+00:00,3000.0,1500.0,60,23,0,Monday,90,1,100,advance fee,en,Bill pay kiosk,1
033f7ec0-ade0-4582-8aa4-1152ab187063,synth_1a673bd7021e,unbanked,tabddpm_synthetic,,['en'],fake loan,2024-10-14T00:36:00+00:00,598.96,5.54,34,0,0,Monday,90,1053,33,fake loan,en,Bill pay kiosk,0
3c61665e-5319-4aed-bcb6-3d18ca876a53,synth_67876c3dbefc,unbanked,tabddpm_synthetic,,['en'],advance fee,2024-08-22T23:32:00+00:00,3000.0,1202.92,59,23,0,Monday,2,1,40,advance fee,en,Bill pay kiosk,0
fe000034-6d88-4350-94a6-2d629f8b4023,synth_737b367cae17,unbanked,tabddpm_synthetic,,['en'],advance fee,2024-07-30T09:53:00+00:00,112.27,2.39,37,9,0,Monday,21,949,6,advance fee,en,Bill pay kiosk,0
f8c4c705-c170-46d8-bac9-b83f149d058b,synth_b2bf574dd27d,unbanked,tabddpm_synthetic,,['en'],advance fee,2024-02-20T23:35:00+00:00,3000.0,1500.0,20,23,0,Monday,90,1,100,advance fee,en,Bill pay kiosk,0
84138342-2ef0-4f9f-8518-93e010de734c,synth_e0407a4a1c9e,unbanked,tabddpm_synthetic,,['en'],advance fee,2024-08-09T05:07:00+00:00,10.0,0.0,20,5,6,Sunday,90,438,20,advance fee,en,Bill pay kiosk,0
d5f72fca-8192-4aad-91f5-fb392a489802,synth_36ee436b7092,unbanked,tabddpm_synthetic,,['en'],advance fee,2024-05-16T12:46:00+00:00,3000.0,139.97,20,12,6,Sunday,0,663,14,advance fee,en,Bill pay kiosk,0
54914c2a-8c5e-46f4-9923-880ff16c7093,synth_bc7939730964,unbanked,tabddpm_synthetic,,['en'],advance fee,2024-02-11T00:10:00+00:00,1083.12,115.33,60,0,0,Monday,0,2000,21,advance fee,en,Bill pay kiosk,0
78bc71a6-c0f6-4b9a-a8ff-86f14797a268,synth_d64675517dfe,unbanked,tabddpm_synthetic,,['en'],advance fee,2024-08-16T00:37:00+00:00,634.0,58.28,60,0,0,Monday,3,1,13,advance fee,en,Bill pay kiosk,0
03d38c8a-8730-44e6-a3a3-807635fd3e30,synth_f6b1ce518dbf,unbanked,tabddpm_synthetic,,['en'],advance fee,2024-09-13T11:19:00+00:00,609.35,82.11,20,11,0,Monday,22,1982,5,advance fee,en,Bill pay kiosk,0
20e86690-e688-4931-be3b-bb85c9bc722d,synth_b1572773b231,unbanked,tabddpm_synthetic,,['en'],advance fee,2024-05-03T15:28:00+00:00,10.0,7.84,37,15,0,Monday,0,157,4,advance fee,en,Bill pay kiosk,0
c2719dec-4309-4583-9270-ea01e6d79474,synth_8f338230edf5,unbanked,tabddpm_synthetic,,['en'],advance fee,2024-11-21T00:36:00+00:00,144.61,41.27,20,0,0,Monday,0,2000,17,advance fee,en,Bill pay kiosk,0
a8558953-fcb1-4c0c-9088-987d0bd1d021,synth_c26e68e28c88,unbanked,tabddpm_synthetic,,['en'],advance fee,2024-07-01T08:30:00+00:00,10.0,0.0,20,8,4,Friday,90,1,34,advance fee,en,Bill pay kiosk,0
5ceb923f-1053-485b-85b3-4c20b8a78994,synth_5cca4555e4e7,unbanked,tabddpm_synthetic,,['en'],advance fee,2024-05-26T15:06:00+00:00,1238.19,81.58,20,15,6,Sunday,1,1720,0,advance fee,en,Bill pay kiosk,0
b47a54dd-1c20-41e1-8fb9-d3274d5af6cd,synth_40d73185b1c1,unbanked,tabddpm_synthetic,,['en'],advance fee,2024-11-16T00:36:00+00:00,3000.0,1500.0,20,0,6,Sunday,0,1,100,advance fee,en,Bill pay kiosk,0
e8b96848-f13d-4b7b-9ea1-4054879802fe,synth_2b92ed5bc9a9,unbanked,tabddpm_synthetic,,['en'],advance fee,2024-01-07T00:43:00+00:00,1364.45,125.76,60,0,0,Monday,1,1763,12,advance fee,en,Bill pay kiosk,0
ed080e44-62fa-4147-b6e5-028ace23adc9,synth_9eb13b54e297,unbanked,tabddpm_synthetic,,['en'],advance fee,2024-11-21T02:49:00+00:00,23.67,33.79,20,2,0,Monday,90,2000,22,advance fee,en,Bill pay kiosk,1
b53f9c08-1b19-4a12-8a89-bca7bf676b96,synth_1ab876aafee3,unbanked,tabddpm_synthetic,,['en'],advance fee,2024-12-18T23:17:00+00:00,3000.0,1500.0,20,23,6,Sunday,0,1,100,advance fee,en,Bill pay kiosk,0
ea655781-a7fd-4eae-ad4c-a509c1bfa407,synth_d86d7a96f817,unbanked,tabddpm_synthetic,,['en'],advance fee,2024-08-05T03:11:00+00:00,84.58,20.39,20,3,0,Monday,0,1928,9,advance fee,en,Bill pay kiosk,0
ea9f588f-8565-4f60-adf6-4b72b3131ac0,synth_7f893d94dc5a,unbanked,tabddpm_synthetic,,['en'],advance fee,2024-11-27T23:45:00+00:00,3000.0,1500.0,20,23,0,Monday,90,1,100,advance fee,en,Bill pay kiosk,0
e75732ea-7116-490c-922e-62a631794192,synth_ae002c4cc1ab,unbanked,tabddpm_synthetic,,['en'],advance fee,2024-12-25T23:20:00+00:00,3000.0,1500.0,20,23,0,Monday,90,1,100,advance fee,en,Bill pay kiosk,0
8886b3a4-0757-40a4-af52-bb0424811111,synth_395645fbcfdb,unbanked,tabddpm_synthetic,,['en'],advance fee,2024-04-30T20:02:00+00:00,10.0,0.0,20,20,0,Monday,90,1001,4,advance fee,en,Bill pay kiosk,0
33d2dd5a-0d14-4859-94b3-d692ac14fc29,synth_158922ff555f,unbanked,tabddpm_synthetic,,['en'],advance fee,2024-01-16T00:21:00+00:00,3000.0,813.54,34,0,6,Sunday,0,1,64,advance fee,en,Bill pay kiosk,0
a33af1aa-02a1-4b21-b5ae-ad5329e407f9,synth_82df28940cbf,unbanked,tabddpm_synthetic,,['en'],advance fee,2024-07-05T00:57:00+00:00,643.63,35.4,25,0,0,Monday,0,2000,9,advance fee,en,Bill pay kiosk,0
07e730f0-0c2c-481d-a231-c59d3f0229a6,synth_4a9d7bedcdd2,unbanked,tabddpm_synthetic,,['en'],advance fee,2024-03-06T23:19:00+00:00,3000.0,1500.0,60,23,0,Monday,0,1,100,advance fee,en,Bill pay kiosk,1
78a7bc59-08b9-45c4-b0b1-9190c42b99ae,synth_90009a9c6c9b,unbanked,tabddpm_synthetic,,['en'],advance fee,2024-08-12T00:27:00+00:00,3000.0,668.51,46,0,0,Monday,0,1,60,advance fee,en,Bill pay kiosk,0
b8388e18-60a5-439e-8775-1f08fd7a99c0,synth_9eba2c4b557c,unbanked,tabddpm_synthetic,,['en'],advance fee,2024-12-29T00:42:00+00:00,175.79,39.13,24,0,0,Monday,0,601,8,advance fee,en,Bill pay kiosk,0
ad458928-9fb4-469b-b409-ea22edc3a99b,synth_6e730cb21e23,unbanked,tabddpm_synthetic,,['en'],advance fee,2024-04-18T00:52:00+00:00,353.45,54.78,20,0,0,Monday,41,2000,2,advance fee,en,Bill pay kiosk,0
631ac83a-e59b-46b6-905b-0ede2dc9e2b4,synth_65b37293573f,unbanked,tabddpm_synthetic,,['en'],advance fee,2024-05-13T06:38:00+00:00,367.1,39.89,49,6,4,Friday,0,7,3,advance fee,en,Bill pay kiosk,0
3631c963-0a75-4757-9850-5e0ba119d894,synth_8198e7a18040,unbanked,tabddpm_synthetic,,['en'],advance fee,2024-08-21T00:28:00+00:00,3000.0,1500.0,22,0,6,Sunday,0,1,100,advance fee,en,Bill pay kiosk,0
1b2c2e80-aaf9-4c93-ae8a-b780d32e9579,synth_8b76f825cf5a,unbanked,tabddpm_synthetic,,['en'],advance fee,2024-04-23T11:02:00+00:00,3000.0,1500.0,20,11,6,Sunday,0,1,85,advance fee,en,Bill pay kiosk,0
816d856b-6a84-4129-ac2a-38fa4dc49d1a,synth_68b2bc9d42f6,unbanked,tabddpm_synthetic,,['en'],advance fee,2024-02-11T00:25:00+00:00,3000.0,393.07,20,0,0,Monday,30,406,43,advance fee,en,Bill pay kiosk,0
ba4a3e40-90e2-4265-8172-64095d211eff,synth_d07481337d82,unbanked,tabddpm_synthetic,,['en'],advance fee,2024-10-29T00:46:00+00:00,2207.69,202.53,30,0,0,Monday,0,486,24,advance fee,en,Bill pay kiosk,0
7699e0e0-a7e3-4dce-b6a0-3b6e86259733,synth_725729ed75dd,unbanked,tabddpm_synthetic,,['en'],advance fee,2024-10-27T03:20:00+00:00,129.73,7.76,35,3,0,Monday,0,562,10,advance fee,en,Bill pay kiosk,0
ba245724-1741-497f-b59a-3beddb94a3ee,synth_bdf64e7dbfb8,unbanked,tabddpm_synthetic,,['en'],advance fee,2024-01-28T23:20:00+00:00,3000.0,1500.0,20,23,0,Monday,90,1,100,advance fee,en,Bill pay kiosk,0
d2ea26b7-298b-4021-8663-50db10855ace,synth_0a4e1fdda258,unbanked,tabddpm_synthetic,,['en'],advance fee,2024-10-12T06:36:00+00:00,514.76,42.3,20,6,0,Monday,2,1850,4,advance fee,en,Bill pay kiosk,0
1e7ef05e-b088-44bf-857c-bc36eb34d6cc,synth_54f9b8bee767,unbanked,tabddpm_synthetic,,['en'],fake loan,2024-03-08T08:17:00+00:00,577.35,30.73,20,8,0,Monday,2,1759,9,fake loan,en,Bill pay kiosk,0
49362da0-dc79-486b-8aae-e2c38d86e3de,synth_a0c4c6f431fa,unbanked,tabddpm_synthetic,,['en'],advance fee,2024-01-23T09:34:00+00:00,10.0,0.0,20,9,0,Monday,90,1,65,advance fee,en,Bill pay kiosk,0
deebdce3-55a5-4e80-90fd-019f460e8719,synth_8f6d7f9ac456,unbanked,tabddpm_synthetic,,['en'],advance fee,2024-12-26T07:39:00+00:00,10.0,0.0,20,7,0,Monday,90,1,61,advance fee,en,Bill pay kiosk,0
e1e58743-f4e4-4256-912e-30ff7be9510a,synth_527888469e27,unbanked,tabddpm_synthetic,,['en'],advance fee,2024-11-26T00:13:00+00:00,3000.0,422.05,45,0,0,Monday,7,1,50,advance fee,en,Bill pay kiosk,1
112b1635-f133-4851-b65c-f7db59e14ba2,synth_69d65edff333,unbanked,tabddpm_synthetic,,['en'],advance fee,2024-03-08T04:51:00+00:00,450.71,52.27,42,4,4,Friday,13,2000,15,advance fee,en,Bill pay kiosk,0
04320979-f056-438f-8a68-1d35d57b95ad,synth_70953a38ec77,unbanked,tabddpm_synthetic,,['en'],advance fee,2024-08-16T23:54:00+00:00,3000.0,1500.0,20,23,0,Monday,90,1,100,advance fee,en,Bill pay kiosk,0
87360f46-7f49-4133-8165-cb000a2f0885,synth_cc6552c34518,unbanked,tabddpm_synthetic,,['en'],advance fee,2024-09-11T00:17:00+00:00,3000.0,419.05,43,0,0,Monday,0,1,60,advance fee,en,Bill pay kiosk,1
a08ef35d-849f-4838-bfa7-a7458b766dde,synth_b1e23f9fc092,unbanked,tabddpm_synthetic,,['en'],advance fee,2024-04-02T04:35:00+00:00,10.0,0.0,20,4,0,Monday,90,465,25,advance fee,en,Bill pay kiosk,0
d2a268d9-9980-4595-ad8c-89e359097438,synth_f9debbc9ab88,unbanked,tabddpm_synthetic,,['en'],fake loan,2024-06-19T00:17:00+00:00,74.22,15.31,32,0,0,Monday,9,657,12,fake loan,en,Bill pay kiosk,0
81b755d7-a887-4159-aedd-3f3accea9c87,synth_6820002dbdf0,unbanked,tabddpm_synthetic,,['en'],advance fee,2024-06-21T09:03:00+00:00,187.52,23.08,47,9,1,Tuesday,5,1454,13,advance fee,en,Bill pay kiosk,0
166d201d-0b50-41f1-aa56-7edbfcc58edc,synth_815f509a3671,unbanked,tabddpm_synthetic,,['en'],advance fee,2024-05-07T00:52:00+00:00,3000.0,674.75,58,0,0,Monday,24,694,33,advance fee,en,Bill pay kiosk,0
b96f5234-7bd6-4512-8675-e1013324003b,synth_ce1ce2234dc6,unbanked,tabddpm_synthetic,,['en'],advance fee,2024-01-06T00:36:00+00:00,221.77,0.0,20,0,0,Monday,56,1916,10,advance fee,en,Bill pay kiosk,0
a4939d6b-9afb-46f8-9f68-990cfbbe0679,synth_2b331a9a3bb9,unbanked,tabddpm_synthetic,,['en'],advance fee,2024-06-18T00:12:00+00:00,3000.0,1500.0,60,0,0,Monday,90,1,100,advance fee,en,Bill pay kiosk,1
46a6d9f2-dc50-4e25-9304-09c26d4186d7,synth_cf697a67a635,unbanked,tabddpm_synthetic,,['en'],advance fee,2024-02-09T23:04:00+00:00,3000.0,1500.0,20,23,0,Monday,90,1,100,advance fee,en,Bill pay kiosk,0
757babb4-b632-44fc-ac49-d60919650e86,synth_6cf711685445,unbanked,tabddpm_synthetic,,['en'],advance fee,2024-03-02T23:27:00+00:00,3000.0,1500.0,20,23,6,Sunday,0,1,100,advance fee,en,Bill pay kiosk,0
1dab1fed-0898-498a-96a8-c50db1e5903f,synth_79f15dfc675d,unbanked,tabddpm_synthetic,,['en'],advance fee,2024-01-18T10:22:00+00:00,3000.0,314.38,20,10,0,Monday,90,890,13,advance fee,en,Bill pay kiosk,0
e625aeaa-b2be-4fb5-8323-94875bc71557,synth_1464c0ff8cc0,unbanked,tabddpm_synthetic,,['en'],advance fee,2024-05-03T23:58:00+00:00,10.0,0.0,20,23,0,Monday,90,1,100,advance fee,en,Bill pay kiosk,0
345047f8-6f8d-4332-8a4e-dbcab60a5182,synth_815295aabe21,unbanked,tabddpm_synthetic,,['en'],advance fee,2024-01-23T23:16:00+00:00,3000.0,1500.0,20,23,6,Sunday,0,1,100,advance fee,en,Bill pay kiosk,0
022fa06d-77da-4a43-a9af-0df66572ba22,synth_96b51f734925,unbanked,tabddpm_synthetic,,['en'],advance fee,2024-11-07T10:54:00+00:00,248.47,38.3,20,10,0,Monday,32,2000,5,advance fee,en,Bill pay kiosk,0
c600cf66-8b74-4f63-b624-71a42b326a1c,synth_cf5d0828c94b,unbanked,tabddpm_synthetic,,['en'],advance fee,2024-04-26T04:29:00+00:00,10.0,0.0,20,4,0,Monday,90,163,35,advance fee,en,Bill pay kiosk,0
0a508eaa-9c7f-4b8b-98ef-c795669839e9,synth_cab8a06bc094,unbanked,tabddpm_synthetic,,['en'],advance fee,2024-07-28T00:38:00+00:00,1823.84,98.61,60,0,0,Monday,44,1,100,advance fee,en,Bill pay kiosk,1
370546cb-780d-4711-b697-d1515b319c9c,synth_d65779885fae,unbanked,tabddpm_synthetic,,['en'],advance fee,2024-02-09T00:40:00+00:00,440.28,52.26,27,0,0,Monday,0,416,14,advance fee,en,Bill pay kiosk,0
2c2f4d41-2a78-4940-b2a1-7233eb9152d4,synth_c709fd25a3bd,unbanked,tabddpm_synthetic,,['en'],advance fee,2024-07-20T23:29:00+00:00,3000.0,1500.0,20,23,0,Monday,90,1,100,advance fee,en,Bill pay kiosk,0
9d236819-6081-45f4-aabc-10fbac1735c3,synth_96ae2ee14e36,unbanked,tabddpm_synthetic,,['en'],advance fee,2024-08-08T00:41:00+00:00,437.94,30.94,53,0,0,Monday,0,2000,7,advance fee,en,Bill pay kiosk,0
6c97ac11-bdf6-4571-8efa-8dbc6ede893a,synth_991e02cf383a,unbanked,tabddpm_synthetic,,['en'],advance fee,2024-04-09T00:17:00+00:00,122.82,33.89,35,0,0,Monday,0,623,11,advance fee,en,Bill pay kiosk,0
b7bb51b7-e9c6-4fe1-9d99-948613bc608d,synth_a02805439039,unbanked,tabddpm_synthetic,,['en'],advance fee,2024-02-12T13:51:00+00:00,471.15,41.84,20,13,0,Monday,4,219,6,advance fee,en,Bill pay kiosk,0
dd053970-3df8-4a46-ad02-4f72673e6296,synth_0eace1723e97,unbanked,tabddpm_synthetic,,['en'],advance fee,2024-10-09T23:46:00+00:00,3000.0,1500.0,60,23,0,Monday,0,1,100,advance fee,en,Bill pay kiosk,0
55602691-2933-4ca7-a537-0b541f1c7e83,synth_52b830b7c5a4,unbanked,tabddpm_synthetic,,['en'],advance fee,2024-10-02T23:34:00+00:00,10.0,0.0,20,23,0,Monday,90,1,87,advance fee,en,Bill pay kiosk,0
f0d1f934-284b-4f4b-82a4-6d886bc7d4ae,synth_a23cf164a8c4,unbanked,tabddpm_synthetic,,['en'],advance fee,2024-02-08T13:24:00+00:00,452.81,58.18,20,13,0,Monday,16,532,3,advance fee,en,Bill pay kiosk,0
ebef8286-6cf3-4048-989b-96f29bab6631,synth_937e33379c9d,unbanked,tabddpm_synthetic,,['en'],advance fee,2024-04-19T10:42:00+00:00,74.73,36.09,20,10,0,Monday,25,1279,6,advance fee,en,Bill pay kiosk,0
356fcf72-8608-4905-9fb8-93cb8cc062d8,synth_36de10f13877,unbanked,tabddpm_synthetic,,['en'],advance fee,2024-03-14T08:43:00+00:00,10.0,0.0,20,8,1,Tuesday,90,1044,3,advance fee,en,Bill pay kiosk,0
f5f98f90-81d2-43ba-9dd8-61e8c5b08a36,synth_7ca24ce4b6b9,unbanked,tabddpm_synthetic,,['en'],advance fee,2024-04-24T10:34:00+00:00,676.32,36.63,36,10,0,Monday,7,93,15,advance fee,en,Bill pay kiosk,0
bb64f54e-81e1-4b05-be57-d545e8adc48c,synth_ba31d3cb7a1d,unbanked,tabddpm_synthetic,,['en'],fake loan,2024-04-08T00:23:00+00:00,298.64,29.9,27,0,0,Monday,0,2000,7,fake loan,en,Bill pay kiosk,0
8c70ea6c-c934-4663-970b-e2e4b4ae9082,synth_726e975293f7,unbanked,tabddpm_synthetic,,['en'],advance fee,2024-07-13T08:00:00+00:00,452.96,36.91,20,8,0,Monday,31,1822,5,advance fee,en,Bill pay kiosk,0
189028e2-4e9a-4d01-b0b3-f4a514d69cf8,synth_4baa5384bda5,unbanked,tabddpm_synthetic,,['en'],advance fee,2024-06-07T00:49:00+00:00,3000.0,669.28,60,0,0,Monday,0,275,20,advance fee,en,Bill pay kiosk,0
665c8878-6334-49f6-a791-cb0fe8b95177,synth_5dc66ba4089b,unbanked,tabddpm_synthetic,,['en'],advance fee,2024-11-16T00:00:00+00:00,3000.0,331.03,36,0,0,Monday,0,1,28,advance fee,en,Bill pay kiosk,0
2c38b47f-7779-4900-bedf-274443e23ff2,synth_3f1a3b2b3fa4,unbanked,tabddpm_synthetic,,['en'],advance fee,2024-09-11T00:21:00+00:00,435.98,13.26,60,0,0,Monday,0,291,5,advance fee,en,Bill pay kiosk,0
3b06923d-a4a9-4341-92df-ecdcf941a1c8,synth_69dec416053e,unbanked,tabddpm_synthetic,,['en'],advance fee,2024-06-06T18:43:00+00:00,3000.0,807.36,20,18,0,Monday,90,1,100,advance fee,en,Bill pay kiosk,0
942d4b52-3584-49d2-83de-8733602779be,synth_44b226f657f6,unbanked,tabddpm_synthetic,,['en'],advance fee,2024-04-14T06:34:00+00:00,338.77,50.1,20,6,6,Sunday,1,1079,10,advance fee,en,Bill pay kiosk,0
de2764e5-2e13-4dc2-bbad-fbe1ab880abb,synth_025d0bb5593f,unbanked,tabddpm_synthetic,,['en'],fake loan,2024-02-02T13:45:00+00:00,268.2,4.28,20,13,0,Monday,10,418,3,fake loan,en,Bill pay kiosk,0
df80a490-a763-4e30-a496-d73e0ce6e98a,synth_bd716d7d0994,unbanked,tabddpm_synthetic,,['en'],advance fee,2024-11-25T00:23:00+00:00,3000.0,1500.0,20,0,6,Sunday,0,1,100,advance fee,en,Bill pay kiosk,0
03f5c0eb-07b7-4f23-acdd-ec93b7987153,synth_36a3ef83d0e1,unbanked,tabddpm_synthetic,,['en'],advance fee,2024-07-09T20:01:00+00:00,3000.0,745.92,20,20,0,Monday,35,1,22,advance fee,en,Bill pay kiosk,0
fa7310fd-88db-4d6a-b4cd-b02fe4e00729,synth_980795424e1e,unbanked,tabddpm_synthetic,,['en'],advance fee,2024-08-29T00:56:00+00:00,3000.0,1500.0,60,0,0,Monday,61,1,100,advance fee,en,Bill pay kiosk,1
c356ebdd-85b1-410e-abd1-a5b55eb0d291,synth_86081facf227,unbanked,tabddpm_synthetic,,['en'],advance fee,2024-07-30T23:48:00+00:00,3000.0,1500.0,20,23,0,Monday,90,1,100,advance fee,en,Bill pay kiosk,0
dbb3524c-1312-4805-bac6-1d7331db7641,synth_9f671d23d596,unbanked,tabddpm_synthetic,,['en'],advance fee,2024-10-21T13:07:00+00:00,10.0,0.0,20,13,0,Monday,90,769,17,advance fee,en,Bill pay kiosk,0
2ec46c53-558a-4ee9-ab1b-970a0f1232aa,synth_392ecdfae4bf,unbanked,tabddpm_synthetic,,['en'],advance fee,2024-06-27T06:19:00+00:00,346.32,25.59,20,6,3,Thursday,2,847,6,advance fee,en,Bill pay kiosk,0
c9a4d74b-ab2d-4626-af1e-84bb6d771a8f,synth_d73e5a2261fb,unbanked,tabddpm_synthetic,,['en'],advance fee,2024-12-24T06:56:00+00:00,309.65,32.63,31,6,0,Monday,6,860,12,advance fee,en,Bill pay kiosk,0
a3b03c62-f915-433f-b38a-5b2a46e5f650,synth_ad708acf1ac1,unbanked,tabddpm_synthetic,,['en'],advance fee,2024-09-12T06:38:00+00:00,10.0,12.74,20,6,0,Monday,34,2000,9,advance fee,en,Bill pay kiosk,0
36684bfb-9262-4373-b2ef-f206edcc683e,synth_70e7e132c5f0,unbanked,tabddpm_synthetic,,['en'],advance fee,2024-08-31T00:09:00+00:00,707.4,48.3,20,0,0,Monday,63,1988,34,advance fee,en,Bill pay kiosk,0
893fd739-23f5-4c98-a785-59b7b48c7a7f,synth_6a083567d9c6,unbanked,tabddpm_synthetic,,['en'],advance fee,2024-03-07T00:06:00+00:00,3000.0,1500.0,60,0,0,Monday,90,1,100,advance fee,en,Bill pay kiosk,1
9ad48dd4-65ee-4d4b-9af7-3d420cbfdacb,synth_5ded6562ba33,unbanked,tabddpm_synthetic,,['en'],advance fee,2024-07-06T00:40:00+00:00,3000.0,132.55,20,0,1,Tuesday,0,1,22,advance fee,en,Bill pay kiosk,0
300f7783-1591-41f3-966c-740e576c89b7,synth_1a349890c8a9,unbanked,tabddpm_synthetic,,['en'],advance fee,2024-10-25T00:06:00+00:00,3000.0,279.25,47,0,0,Monday,2,1303,21,advance fee,en,Bill pay kiosk,0
4e68ca73-9e6f-474f-8ba4-04dbd6ee69d3,synth_f7ea1e517356,unbanked,tabddpm_synthetic,,['en'],advance fee,2024-11-16T12:25:00+00:00,337.83,35.23,31,12,4,Friday,6,162,2,advance fee,en,Bill pay kiosk,0
4b6e7e14-ccdd-46ec-8a58-a1221a702dce,synth_cf4c4f9b9871,unbanked,tabddpm_synthetic,,['en'],advance fee,2024-07-20T14:16:00+00:00,252.17,0.0,20,14,0,Monday,90,1,71,advance fee,en,Bill pay kiosk,0
4b92ed51-50f6-452b-a68d-56c5665f6ddd,synth_88026065ad1a,unbanked,tabddpm_synthetic,,['en'],advance fee,2024-06-29T01:16:00+00:00,3000.0,1500.0,60,1,0,Monday,0,596,89,advance fee,en,Bill pay kiosk,0
07e98c76-1c97-4ef5-a73c-2985247375a1,synth_0fd5915c5839,unbanked,tabddpm_synthetic,,['en'],advance fee,2024-04-09T13:29:00+00:00,545.97,76.96,20,13,4,Friday,20,2000,0,advance fee,en,Bill pay kiosk,0
66dec76e-91f1-4f74-a5cf-8f16df29577d,synth_ae2e8f8f6811,unbanked,tabddpm_synthetic,,['en'],advance fee,2024-10-18T10:32:00+00:00,333.77,91.56,20,10,0,Monday,40,2000,4,advance fee,en,Bill pay kiosk,0
2adcbbd1-275f-4c06-9c3c-684c52296ede,synth_cb6480dc1a91,unbanked,tabddpm_synthetic,,['en'],advance fee,2024-05-13T12:30:00+00:00,234.41,75.07,20,12,0,Monday,25,1929,3,advance fee,en,Bill pay kiosk,0
9d72215a-081b-4baa-9020-0be535fab037,synth_7156549d680d,unbanked,tabddpm_synthetic,,['en'],advance fee,2024-08-22T01:32:00+00:00,10.0,0.0,33,1,0,Monday,90,1021,6,advance fee,en,Bill pay kiosk,0
a821fa44-bb88-4b21-938f-1e7fa0053b3f,synth_d45590be0ee1,unbanked,tabddpm_synthetic,,['en'],advance fee,2024-01-28T17:13:00+00:00,865.45,68.16,20,17,6,Sunday,3,1009,3,advance fee,en,Bill pay kiosk,0
031ebe57-b8e6-46a9-afac-b00f912430a2,synth_f7fdb7f53c52,unbanked,tabddpm_synthetic,,['en'],fake loan,2024-02-22T05:20:00+00:00,387.55,19.71,39,5,2,Wednesday,9,1,9,fake loan,en,Bill pay kiosk,0
7c6fac3e-a3ec-4d1c-87cb-91e1d77d5be5,synth_edcee45c2b68,unbanked,tabddpm_synthetic,,['en'],advance fee,2024-06-09T00:00:00+00:00,368.61,57.72,36,0,0,Monday,10,1089,6,advance fee,en,Bill pay kiosk,0
3bf74a02-9ca8-4df6-b694-c7709ceaf204,synth_ef9d893b642f,unbanked,tabddpm_synthetic,,['en'],advance fee,2024-09-23T15:11:00+00:00,326.36,21.07,20,15,0,Monday,6,1678,5,advance fee,en,Bill pay kiosk,0
abe08165-cfa2-4b31-85e6-be64afa7d218,synth_1602e4b7286a,unbanked,tabddpm_synthetic,,['en'],advance fee,2024-11-04T00:25:00+00:00,3000.0,1500.0,20,0,0,Monday,90,1,100,advance fee,en,Bill pay kiosk,1
67c198c6-f9be-466d-8fbe-9d282f83c5fb,synth_de6652c61770,unbanked,tabddpm_synthetic,,['en'],advance fee,2024-06-16T04:10:00+00:00,402.86,55.06,30,4,0,Monday,10,1581,6,advance fee,en,Bill pay kiosk,0
24f13778-c4bd-4614-a0c7-d833c80bd979,synth_3a9bee409674,unbanked,tabddpm_synthetic,,['en'],advance fee,2024-06-06T23:25:00+00:00,3000.0,1500.0,60,23,0,Monday,90,1,100,advance fee,en,Bill pay kiosk,1
f9146ddd-d25a-444d-9d38-6f4c0e7db250,synth_4ec88a97444d,unbanked,tabddpm_synthetic,,['en'],advance fee,2024-10-06T23:34:00+00:00,3000.0,1500.0,20,23,6,Sunday,1,1,100,advance fee,en,Bill pay kiosk,0
2526ee00-46bc-44af-85f6-777d28e8f7a2,synth_716f8cbeb9c1,unbanked,tabddpm_synthetic,,['en'],advance fee,2024-11-03T16:54:00+00:00,403.52,44.81,34,16,2,Wednesday,5,131,7,advance fee,en,Bill pay kiosk,0
b051c8b7-7ed2-4475-8b65-a50a0b55726f,synth_2c881ef6392e,unbanked,tabddpm_synthetic,,['en'],advance fee,2024-03-03T00:07:00+00:00,3000.0,1291.78,23,0,0,Monday,54,1,100,advance fee,en,Bill pay kiosk,1
5dcd1146-14f5-4db2-97eb-37663c607f9c,synth_05c627c283d2,unbanked,tabddpm_synthetic,,['en'],advance fee,2024-03-11T00:32:00+00:00,10.0,0.0,20,0,0,Monday,90,1,36,advance fee,en,Bill pay kiosk,0
8da081c3-8a72-4af8-833d-d022cf20cd06,synth_032d92f1b809,unbanked,tabddpm_synthetic,,['en'],advance fee,2024-02-24T23:13:00+00:00,3000.0,1500.0,20,23,0,Monday,90,1,100,advance fee,en,Bill pay kiosk,0
e4b7d859-5ec0-4044-bf49-a7180a76a224,synth_915e64183bfa,unbanked,tabddpm_synthetic,,['en'],advance fee,2024-06-26T02:49:00+00:00,601.99,25.12,38,2,0,Monday,0,2000,9,advance fee,en,Bill pay kiosk,0
3e59d4f0-3389-4a0f-b514-93c90ca26387,synth_2c6927d8ab13,unbanked,tabddpm_synthetic,,['en'],advance fee,2024-09-29T23:56:00+00:00,3000.0,1500.0,20,23,0,Monday,90,1,100,advance fee,en,Bill pay kiosk,0
ef6331e6-168d-4972-aba8-ebda96e99148,synth_430275c6db42,unbanked,tabddpm_synthetic,,['en'],advance fee,2024-08-05T00:20:00+00:00,3000.0,1500.0,20,0,6,Sunday,0,1,100,advance fee,en,Bill pay kiosk,0
c421bb68-7257-481c-b04d-5c1290f4ec87,synth_d3177ac17848,unbanked,tabddpm_synthetic,,['en'],advance fee,2024-01-23T23:36:00+00:00,3000.0,1500.0,20,23,6,Sunday,0,1,100,advance fee,en,Bill pay kiosk,0
2a8c7226-dbfa-4cd1-8ec0-850750d930dd,synth_67cebf2cf4a6,unbanked,tabddpm_synthetic,,['en'],advance fee,2024-04-28T23:27:00+00:00,3000.0,1500.0,20,23,6,Sunday,0,1,100,advance fee,en,Bill pay kiosk,0
a78cd752-1bb5-4d75-88d6-13e3424eb655,synth_71ff8b1d82eb,unbanked,tabddpm_synthetic,,['en'],advance fee,2024-05-13T00:56:00+00:00,575.36,39.89,44,0,0,Monday,0,2000,7,advance fee,en,Bill pay kiosk,0
3a85b309-7173-4720-bbdc-aa0334d11262,synth_68fdf44adcc0,unbanked,tabddpm_synthetic,,['en'],advance fee,2024-11-14T23:21:00+00:00,3000.0,1500.0,20,23,6,Sunday,90,1,100,advance fee,en,Bill pay kiosk,0
ca797bfd-55a3-4412-985f-b2a7a25ec64c,synth_1b91baf065e1,unbanked,tabddpm_synthetic,,['en'],advance fee,2024-01-31T02:49:00+00:00,114.32,0.24,26,2,6,Sunday,51,459,10,advance fee,en,Bill pay kiosk,0
c0b74639-9e6f-48d5-bd91-0d693029c4a7,synth_69f2af71f599,unbanked,tabddpm_synthetic,,['en'],advance fee,2024-04-04T02:41:00+00:00,10.0,0.0,20,2,0,Monday,90,1238,10,advance fee,en,Bill pay kiosk,0
8f01d03f-fd42-4b12-b858-d5668bfd0665,synth_01265827bdcb,unbanked,tabddpm_synthetic,,['en'],advance fee,2024-06-14T07:09:00+00:00,10.0,33.82,20,7,0,Monday,59,2000,16,advance fee,en,Bill pay kiosk,0
5d2d9bc3-469a-4ee7-92e9-487404f2c6a9,synth_4e30584888a4,unbanked,tabddpm_synthetic,,['en'],advance fee,2024-08-29T23:16:00+00:00,3000.0,1500.0,20,23,0,Monday,90,1,100,advance fee,en,Bill pay kiosk,0
2571e23d-7ffe-47d2-b5b9-29ec01985df4,synth_94ad622cc4d2,unbanked,tabddpm_synthetic,,['en'],advance fee,2024-08-11T05:04:00+00:00,220.76,25.62,34,5,0,Monday,1,549,10,advance fee,en,Bill pay kiosk,0
5ef3509f-59e4-4baf-a524-611e9e7b7efc,synth_bd4b7ad5fc6e,unbanked,tabddpm_synthetic,,['en'],advance fee,2024-02-16T10:05:00+00:00,361.67,83.95,20,10,0,Monday,24,2000,10,advance fee,en,Bill pay kiosk,0
4bfd6bb8-2df9-4a5c-aeab-f68364afbcf6,synth_a1f9c2ae97bd,unbanked,tabddpm_synthetic,,['en'],advance fee,2024-12-11T00:15:00+00:00,3000.0,1500.0,20,0,0,Monday,90,1,100,advance fee,en,Bill pay kiosk,1
5e5807b1-362d-4170-890f-ccc7ce73f004,synth_775d138b41d1,unbanked,tabddpm_synthetic,,['en'],advance fee,2024-08-02T13:29:00+00:00,1024.57,100.98,54,13,2,Wednesday,6,691,3,advance fee,en,Bill pay kiosk,0
45ab546c-f435-45d5-ab9e-f8c21991e094,synth_3d3b4941eb72,unbanked,tabddpm_synthetic,,['en'],advance fee,2024-04-16T23:48:00+00:00,3000.0,1500.0,20,23,6,Sunday,90,1,100,advance fee,en,Bill pay kiosk,0
f530ed4d-1da7-4f7b-8f2c-070d1a769e2b,synth_3aa67695b92b,unbanked,tabddpm_synthetic,,['en'],advance fee,2024-09-12T16:54:00+00:00,783.09,37.87,60,16,1,Tuesday,0,357,6,advance fee,en,Bill pay kiosk,0
88e0774d-de76-47a4-a450-27af88eadf60,synth_558a82216592,unbanked,tabddpm_synthetic,,['en'],advance fee,2024-02-07T08:19:00+00:00,242.65,51.47,20,8,0,Monday,24,2000,5,advance fee,en,Bill pay kiosk,0
7b7df35a-ef3d-4b9f-946e-043d8388273e,synth_843f58c33538,unbanked,tabddpm_synthetic,,['en'],advance fee,2024-07-16T00:40:00+00:00,3000.0,863.34,60,0,6,Sunday,0,1,57,advance fee,en,Bill pay kiosk,0
21936100-172c-4cce-bc8b-3904179e7733,synth_4026c1691248,unbanked,tabddpm_synthetic,,['en'],advance fee,2024-06-08T10:42:00+00:00,982.9,99.71,20,10,0,Monday,4,1680,4,advance fee,en,Bill pay kiosk,0
a2de6a54-d69e-4882-9b8d-bfe64dba8c6e,synth_7e8748353b3e,unbanked,tabddpm_synthetic,,['en'],advance fee,2024-01-21T20:40:00+00:00,10.0,0.0,20,20,0,Monday,90,1,19,advance fee,en,Bill pay kiosk,0
b5369dfc-4824-4668-8ca4-455bf1a54651,synth_bbc0da6f677d,unbanked,tabddpm_synthetic,,['en'],advance fee,2024-06-26T00:06:00+00:00,254.4,18.61,25,0,0,Monday,42,1164,10,advance fee,en,Bill pay kiosk,0
65c40505-f909-4193-82c2-c98c72c46ddd,synth_1ba88c748e10,unbanked,tabddpm_synthetic,,['en'],advance fee,2024-12-24T10:05:00+00:00,473.63,37.73,20,10,0,Monday,90,1745,11,advance fee,en,Bill pay kiosk,0
1f1ac1a5-8392-4f11-9f41-b0cc4a04f889,synth_bfce2762be2f,unbanked,tabddpm_synthetic,,['en'],fake loan,2024-11-05T00:46:00+00:00,198.08,15.87,20,0,0,Monday,0,2000,10,fake loan,en,Bill pay kiosk,0
6f13afd4-978b-45f8-ba7d-ac528064a66a,synth_68c397d56f11,unbanked,tabddpm_synthetic,,['en'],fake loan,2024-09-18T12:38:00+00:00,1049.49,116.97,48,12,0,Monday,6,367,4,fake loan,en,Bill pay kiosk,0
36e95aff-d25e-466a-a109-fae92c6cc137,synth_e7540bf0fa30,unbanked,tabddpm_synthetic,,['en'],advance fee,2024-01-24T23:08:00+00:00,3000.0,0.0,20,23,0,Monday,90,1,100,advance fee,en,Bill pay kiosk,0
a07301fb-bb68-430a-bcac-e3b64ed229e6,synth_b78b8c86909e,unbanked,tabddpm_synthetic,,['en'],advance fee,2024-03-26T23:08:00+00:00,3000.0,1500.0,20,23,6,Sunday,0,1,100,advance fee,en,Bill pay kiosk,0
693ef698-05cb-4dc6-b2e2-bb09a2610562,synth_12abb54e852e,unbanked,tabddpm_synthetic,,['en'],advance fee,2024-05-08T00:15:00+00:00,3000.0,274.26,20,0,0,Monday,22,718,31,advance fee,en,Bill pay kiosk,0
b2dfeded-8599-40e0-b791-577c21db585d,synth_1c3fe344d3b2,unbanked,tabddpm_synthetic,,['en'],advance fee,2024-08-02T00:54:00+00:00,679.05,29.24,20,0,0,Monday,0,1208,8,advance fee,en,Bill pay kiosk,0
01c21d1f-e2a6-429f-bb3f-0be52f59f214,synth_26cdf3285aac,unbanked,tabddpm_synthetic,,['en'],advance fee,2024-07-25T07:11:00+00:00,45.06,55.68,20,7,0,Monday,90,2000,7,advance fee,en,Bill pay kiosk,0
f1643ffa-ed15-4f4a-b4eb-5b6564562697,synth_73a9c93ae05c,unbanked,tabddpm_synthetic,,['en'],advance fee,2024-11-10T00:05:00+00:00,3000.0,1500.0,20,0,6,Sunday,0,1,100,advance fee,en,Bill pay kiosk,0
0b6913eb-e6e2-43e7-88c6-f77eaca5193d,synth_3717ee793a8c,unbanked,tabddpm_synthetic,,['en'],advance fee,2024-06-08T00:41:00+00:00,3000.0,1119.8,60,0,0,Monday,31,1,100,advance fee,en,Bill pay kiosk,1
67794a2b-d5f4-45c4-8e0e-e9347799d95a,synth_c6114e33346b,unbanked,tabddpm_synthetic,,['en'],advance fee,2024-06-06T00:39:00+00:00,3000.0,1500.0,37,0,0,Monday,90,1,100,advance fee,en,Bill pay kiosk,1
da9f1e8e-b82d-42a1-a4be-88aaf8b30e49,synth_31f8f48652d7,unbanked,tabddpm_synthetic,,['en'],advance fee,2024-03-14T07:51:00+00:00,3000.0,176.74,22,7,6,Sunday,0,408,16,advance fee,en,Bill pay kiosk,0
9b52f9ae-b28e-489d-a86c-2c7be1c5ee61,synth_2a5dd1cf4f32,unbanked,tabddpm_synthetic,,['en'],advance fee,2024-07-27T10:59:00+00:00,115.92,12.53,20,10,0,Monday,90,2000,4,advance fee,en,Bill pay kiosk,0
43e2652b-b5aa-4b85-b8ee-70dcf958625d,synth_1e691b050df6,unbanked,tabddpm_synthetic,,['en'],advance fee,2024-05-29T03:04:00+00:00,214.22,35.83,22,3,3,Thursday,3,1128,9,advance fee,en,Bill pay kiosk,0
7b3b9e80-4cba-4b91-a62e-fe5ca351868e,synth_73b4c86ba3db,unbanked,tabddpm_synthetic,,['en'],advance fee,2024-10-03T00:46:00+00:00,366.38,18.29,20,0,0,Monday,0,2000,10,advance fee,en,Bill pay kiosk,0
14e2645d-9a52-4fb7-8338-49406ab82217,synth_8e6035bf96fb,unbanked,tabddpm_synthetic,,['en'],advance fee,2024-06-19T00:27:00+00:00,3000.0,1500.0,36,0,0,Monday,90,1,100,advance fee,en,Bill pay kiosk,1
e975c3e1-89ad-4388-b3ee-73709bf37245,synth_303af65a9a55,unbanked,tabddpm_synthetic,,['en'],advance fee,2024-12-27T11:34:00+00:00,746.61,82.79,20,11,0,Monday,76,2000,4,advance fee,en,Bill pay kiosk,0
92e48624-6a11-4344-bf9b-60e7e4a532df,synth_7c8dc60a5a80,unbanked,tabddpm_synthetic,,['en'],advance fee,2024-07-18T23:55:00+00:00,3000.0,1500.0,20,23,0,Monday,90,1,100,advance fee,en,Bill pay kiosk,0
6c088d66-6442-411e-98bc-99d10092776c,synth_33e236eca889,unbanked,tabddpm_synthetic,,['en'],advance fee,2024-01-23T23:49:00+00:00,3000.0,1500.0,60,23,0,Monday,83,1,100,advance fee,en,Bill pay kiosk,1
77d4ad5a-9d56-4cee-80c4-5b24f13d7ef8,synth_6dcfc9f22f7c,unbanked,tabddpm_synthetic,,['en'],advance fee,2024-07-28T00:31:00+00:00,31.56,0.0,20,0,0,Monday,0,1651,13,advance fee,en,Bill pay kiosk,0
df3d98c9-f777-449f-9c6d-557b35a57b66,synth_d7a57fd3056b,unbanked,tabddpm_synthetic,,['en'],advance fee,2024-08-21T00:05:00+00:00,537.65,46.37,20,0,0,Monday,0,2000,0,advance fee,en,Bill pay kiosk,0
6bd11156-2fea-437b-b9b5-d732fbcb5942,synth_4815c14be414,unbanked,tabddpm_synthetic,,['en'],advance fee,2024-11-24T11:31:00+00:00,276.22,46.8,20,11,0,Monday,72,1445,13,advance fee,en,Bill pay kiosk,0
8ea2c93d-3f3e-406f-b0e9-3391abcadf00,synth_1fa1481d2aa2,unbanked,tabddpm_synthetic,,['en'],advance fee,2024-06-05T23:59:00+00:00,3000.0,1500.0,20,23,0,Monday,90,1,100,advance fee,en,Bill pay kiosk,0
2ab5cee6-808e-43d8-979a-70487138614c,synth_dea870e427af,unbanked,tabddpm_synthetic,,['en'],advance fee,2024-08-19T13:47:00+00:00,1222.52,159.28,20,13,0,Monday,42,1708,5,advance fee,en,Bill pay kiosk,0
a4cf6ec2-9825-4429-b688-389dd58dc1a9,synth_a7a3f13dbb51,unbanked,tabddpm_synthetic,,['en'],advance fee,2024-11-29T08:24:00+00:00,10.0,0.0,20,8,0,Monday,90,1112,10,advance fee,en,Bill pay kiosk,0
fa174a81-fd48-4b19-8737-09df9674c198,synth_7052d53174b5,unbanked,tabddpm_synthetic,,['en'],advance fee,2024-10-23T16:55:00+00:00,223.13,0.0,20,16,0,Monday,90,1,87,advance fee,en,Bill pay kiosk,0
66addf67-aa34-439b-bf34-26edee075e03,synth_88a80e6999c9,unbanked,tabddpm_synthetic,,['en'],advance fee,2024-10-29T23:16:00+00:00,3000.0,1500.0,20,23,0,Monday,90,1,100,advance fee,en,Bill pay kiosk,0
7ab53cbc-ee14-4d39-93e4-db831513fb43,synth_9f04c77209ec,unbanked,tabddpm_synthetic,,['en'],advance fee,2024-10-05T23:45:00+00:00,3000.0,1500.0,20,23,0,Monday,76,1,100,advance fee,en,Bill pay kiosk,0
47f6a3b6-4683-4548-af1b-81e21807b553,synth_f1e854f81b75,unbanked,tabddpm_synthetic,,['en'],advance fee,2024-08-28T00:12:00+00:00,650.17,48.54,33,0,0,Monday,0,2000,4,advance fee,en,Bill pay kiosk,0
803561dd-d88a-4b54-916b-736b6d6a442f,synth_88430ea7663d,unbanked,tabddpm_synthetic,,['en'],advance fee,2024-10-02T23:57:00+00:00,3000.0,1500.0,20,23,6,Sunday,0,1,97,advance fee,en,Bill pay kiosk,0
f00be978-2c39-4b67-a260-fbede2b006df,synth_45a339e435ab,unbanked,tabddpm_synthetic,,['en'],advance fee,2024-07-13T00:46:00+00:00,503.8,21.8,20,0,6,Sunday,70,1,58,advance fee,en,Bill pay kiosk,0
2fe4c119-a863-4f9d-9ef7-4e129d192a36,synth_8964dee124be,unbanked,tabddpm_synthetic,,['en'],advance fee,2024-09-26T00:14:00+00:00,607.95,82.06,60,0,0,Monday,0,1924,5,advance fee,en,Bill pay kiosk,0
0116efa7-a962-489c-9b00-a6d6a55c40cb,synth_da8399b53081,unbanked,tabddpm_synthetic,,['en'],advance fee,2024-07-17T08:40:00+00:00,295.72,31.84,27,8,0,Monday,14,859,8,advance fee,en,Bill pay kiosk,0
c4fee594-4c91-43a6-a7fb-ee3519a38b8c,synth_a802c117a200,unbanked,tabddpm_synthetic,,['en'],advance fee,2024-07-31T09:30:00+00:00,976.39,0.0,20,9,6,Sunday,90,1,71,advance fee,en,Bill pay kiosk,0
fc4e9f07-9f60-482e-a3f5-bd94ed110ecb,synth_eced61050034,unbanked,tabddpm_synthetic,,['en'],advance fee,2024-07-31T00:15:00+00:00,817.96,102.6,20,0,3,Thursday,24,1840,17,advance fee,en,Bill pay kiosk,0
25b34de9-8631-4735-8765-24b891fbff04,synth_938d908a6cfb,unbanked,tabddpm_synthetic,,['en'],advance fee,2024-06-23T02:36:00+00:00,117.55,48.23,20,2,0,Monday,55,2000,12,advance fee,en,Bill pay kiosk,0
5b56168e-6784-4aa5-927d-fc9e7dc5a5b0,synth_a89d70da93a6,unbanked,tabddpm_synthetic,,['en'],advance fee,2024-12-24T10:30:00+00:00,10.0,0.0,20,10,0,Monday,90,1,41,advance fee,en,Bill pay kiosk,0
aafddc9b-38d6-4939-a7da-3ee20549b03e,synth_d89f26b2e824,unbanked,tabddpm_synthetic,,['en'],advance fee,2024-10-26T06:10:00+00:00,489.25,25.83,49,6,5,Saturday,0,555,10,advance fee,en,Bill pay kiosk,0
bf92334d-f084-4558-9124-5f14a795a720,synth_45b98efc3600,unbanked,tabddpm_synthetic,,['en'],advance fee,2024-10-25T09:36:00+00:00,10.0,0.0,20,9,0,Monday,90,1,31,advance fee,en,Bill pay kiosk,0
5a806ce5-944e-44ec-a692-3ceffe00f44b,synth_1800d15d50dc,unbanked,tabddpm_synthetic,,['en'],advance fee,2024-12-01T15:19:00+00:00,68.59,1.52,28,15,2,Wednesday,3,847,10,advance fee,en,Bill pay kiosk,0
cb1592eb-57bf-424a-83fd-1feac27e5bce,synth_3556adaa9a12,unbanked,tabddpm_synthetic,,['en'],advance fee,2024-05-21T23:19:00+00:00,3000.0,1500.0,20,23,0,Monday,90,1,100,advance fee,en,Bill pay kiosk,0
772ec859-e891-4b3b-b08e-799cf77d3fd1,synth_a8ab723ac70d,unbanked,tabddpm_synthetic,,['es'],advance fee,2024-01-03T02:24:00+00:00,242.72,18.94,38,2,0,Monday,0,1201,5,advance fee,es,Bill pay kiosk,0
117e080b-237f-4842-8f44-0447fd6609a1,synth_7f4d648d8a85,unbanked,tabddpm_synthetic,,['en'],advance fee,2024-08-01T15:01:00+00:00,291.52,26.25,20,15,5,Saturday,27,1891,5,advance fee,en,Bill pay kiosk,0
949b0690-e3ba-4699-914d-98b7b3eccfcc,synth_1132f5d899f9,unbanked,tabddpm_synthetic,,['en'],advance fee,2024-11-25T03:45:00+00:00,10.0,41.39,20,3,0,Monday,29,2000,11,advance fee,en,Bill pay kiosk,0
2ec5b743-4a79-4676-9666-2eecbb783771,synth_48ed185d4c1d,unbanked,tabddpm_synthetic,,['en'],advance fee,2024-01-31T09:13:00+00:00,3000.0,731.83,35,9,2,Wednesday,7,1376,9,advance fee,en,Bill pay kiosk,0
04ec1cce-31dc-4478-b332-c5cf690df324,synth_e61fde0097d7,unbanked,tabddpm_synthetic,,['en'],advance fee,2024-07-09T00:16:00+00:00,3000.0,1500.0,60,0,6,Sunday,0,1,100,advance fee,en,Bill pay kiosk,0
1666d8ff-59e5-43c9-99af-731b24bd379e,synth_9c9121062b53,unbanked,tabddpm_synthetic,,['en'],advance fee,2024-10-26T08:43:00+00:00,211.43,30.16,25,8,0,Monday,9,1057,9,advance fee,en,Bill pay kiosk,0
a5b0e056-d9bd-4d7d-9e03-bc8419532858,synth_1b4e5174f061,unbanked,tabddpm_synthetic,,['en'],advance fee,2024-01-31T14:46:00+00:00,604.41,67.54,20,14,0,Monday,5,558,8,advance fee,en,Bill pay kiosk,0
75a3ab90-516a-4528-99f5-b237cdb627f0,synth_5d090e0f7ac5,unbanked,tabddpm_synthetic,,['en'],advance fee,2024-04-03T11:36:00+00:00,313.13,57.27,20,11,0,Monday,35,1764,2,advance fee,en,Bill pay kiosk,0
6e4d92e0-da63-4459-b67f-a69f8a5182a3,synth_bda92766877f,unbanked,tabddpm_synthetic,,['en'],advance fee,2024-12-25T09:27:00+00:00,10.0,0.0,20,9,3,Thursday,90,1,35,advance fee,en,Bill pay kiosk,0
eb09ca0e-9830-476c-84f0-727e056dc291,synth_2dbee4f2d39d,unbanked,tabddpm_synthetic,,['en'],advance fee,2024-03-09T23:39:00+00:00,3000.0,1500.0,20,23,0,Monday,90,1,100,advance fee,en,Bill pay kiosk,0
2ff20aa4-bfb9-4899-8a93-af3fcef0784b,synth_e1d7595ebd7f,unbanked,tabddpm_synthetic,,['en'],advance fee,2024-11-05T10:34:00+00:00,292.05,57.37,20,10,0,Monday,76,1749,10,advance fee,en,Bill pay kiosk,0
a788903c-1bb0-429b-8303-3756c5c5f5b8,synth_497d2f645718,unbanked,tabddpm_synthetic,,['en'],advance fee,2024-09-26T09:35:00+00:00,278.62,29.54,20,9,0,Monday,23,1605,3,advance fee,en,Bill pay kiosk,0
7ddbd384-c1c8-486f-a762-91a834ac5540,synth_add866724d60,unbanked,tabddpm_synthetic,,['en'],advance fee,2024-02-27T00:00:00+00:00,434.93,11.76,60,0,0,Monday,0,2000,13,advance fee,en,Bill pay kiosk,0
35de95b6-9af5-4417-8347-60af3bd0af90,synth_568754f4f342,unbanked,tabddpm_synthetic,,['en'],advance fee,2024-10-18T00:47:00+00:00,3000.0,1500.0,24,0,6,Sunday,0,1,100,advance fee,en,Bill pay kiosk,0
96806d24-40e3-49f1-9762-a976962c7a35,synth_10a5e854a5e2,unbanked,tabddpm_synthetic,,['en'],advance fee,2024-04-06T02:35:00+00:00,576.93,48.1,39,2,0,Monday,0,1110,4,advance fee,en,Bill pay kiosk,0
8f533924-8abc-4043-9a1e-2bb4ee2291b4,synth_72661a259f25,unbanked,tabddpm_synthetic,,['en'],advance fee,2024-06-09T23:38:00+00:00,3000.0,1500.0,60,23,0,Monday,90,1,100,advance fee,en,Bill pay kiosk,0
b4b3fb22-6990-4de2-8633-aebca35458e3,synth_8423890dbd17,unbanked,tabddpm_synthetic,,['en'],advance fee,2024-12-08T11:58:00+00:00,386.13,42.85,20,11,4,Friday,36,1785,4,advance fee,en,Bill pay kiosk,0
4cb3e6c7-1b4b-4e5f-a904-dd78f84c41f1,synth_1739d382bc51,unbanked,tabddpm_synthetic,,['en'],advance fee,2024-05-25T15:29:00+00:00,420.13,49.29,20,15,0,Monday,3,598,7,advance fee,en,Bill pay kiosk,0
ed76163c-a272-461d-8a57-a6f785e10281,synth_3ca261d61fde,unbanked,tabddpm_synthetic,,['en'],advance fee,2024-05-17T10:54:00+00:00,273.35,22.74,21,10,0,Monday,2,2000,6,advance fee,en,Bill pay kiosk,0
b7267a39-04d0-4345-9884-8dc03a019eb5,synth_aa17df2849e2,unbanked,tabddpm_synthetic,,['en'],advance fee,2024-12-18T23:30:00+00:00,3000.0,1500.0,20,23,6,Sunday,88,1,100,advance fee,en,Bill pay kiosk,0
a06f7a51-0ea9-4255-b13f-b950e864916d,synth_ce3e22febc21,unbanked,tabddpm_synthetic,,['en'],advance fee,2024-02-15T12:24:00+00:00,588.68,0.0,20,12,0,Monday,90,1,100,advance fee,en,Bill pay kiosk,0
e829c338-b634-408d-ae49-b3c8d85099f2,synth_944b0f8b4710,unbanked,tabddpm_synthetic,,['en'],advance fee,2024-11-08T23:16:00+00:00,3000.0,1500.0,20,23,0,Monday,90,1,100,advance fee,en,Bill pay kiosk,0
d2711de4-4428-4e9d-9913-3b550f0b93be,synth_c68ff5280709,unbanked,tabddpm_synthetic,,['en'],advance fee,2024-07-26T00:24:00+00:00,3000.0,1447.09,31,0,0,Monday,21,1,100,advance fee,en,Bill pay kiosk,1
e78ce59d-e9bf-4c83-b6c0-d52a94cf16cc,synth_61e94e987bf6,unbanked,tabddpm_synthetic,,['en'],advance fee,2024-07-24T10:16:00+00:00,3000.0,516.82,20,10,6,Sunday,0,1,38,advance fee,en,Bill pay kiosk,0
576c14ab-8417-45f8-a95f-e361285c2445,synth_ab6912565aee,unbanked,tabddpm_synthetic,,['en'],advance fee,2024-08-18T23:44:00+00:00,3000.0,1500.0,60,23,0,Monday,90,1,100,advance fee,en,Bill pay kiosk,1
58dd970e-e174-4b7d-917a-809635e98a7d,synth_2ece0dc18621,unbanked,tabddpm_synthetic,,['en'],advance fee,2024-09-25T04:43:00+00:00,237.46,35.57,20,4,1,Tuesday,2,459,12,advance fee,en,Bill pay kiosk,0
5a29ba8d-287c-454a-8e55-b2c704379ae4,synth_dae6ce95820c,unbanked,tabddpm_synthetic,,['en'],advance fee,2024-06-10T09:34:00+00:00,623.63,32.5,20,9,0,Monday,0,1105,4,advance fee,en,Bill pay kiosk,0
8c1ad5ae-700c-4dbb-8753-84e9d84d82e4,synth_95cbd73c5fc6,unbanked,tabddpm_synthetic,,['en'],advance fee,2024-01-04T23:08:00+00:00,3000.0,1500.0,20,23,0,Monday,90,1,100,advance fee,en,Bill pay kiosk,0
0894c324-b6a3-41d4-a587-a862608c128e,synth_08009594b3a7,unbanked,tabddpm_synthetic,,['es'],advance fee,2024-04-14T05:26:00+00:00,1318.59,87.7,48,5,0,Monday,6,821,17,advance fee,es,Bill pay kiosk,0
c3999b1e-cfa9-48f0-866f-e666846681b2,synth_a6f5b9974af1,unbanked,tabddpm_synthetic,,['en'],advance fee,2024-08-21T07:31:00+00:00,10.0,0.0,20,7,1,Tuesday,90,1097,15,advance fee,en,Bill pay kiosk,0
4a985f23-4208-43d6-8786-67a6a42c98b3,synth_9a9bcb38a773,unbanked,tabddpm_synthetic,,['en'],advance fee,2024-10-27T10:40:00+00:00,10.0,17.29,20,10,0,Monday,3,1505,8,advance fee,en,Bill pay kiosk,0
3d6f8164-2795-4914-8d3e-5c2d3468be24,synth_b40a6861523f,unbanked,tabddpm_synthetic,,['en'],advance fee,2024-04-20T00:58:00+00:00,3000.0,1500.0,60,0,0,Monday,90,1,100,advance fee,en,Bill pay kiosk,1
46bc0119-a603-4f23-bf33-1381efa26cd3,synth_dbcb8132f363,unbanked,tabddpm_synthetic,,['en'],advance fee,2024-07-09T00:06:00+00:00,3000.0,1339.49,20,0,0,Monday,20,1,76,advance fee,en,Bill pay kiosk,0
557fab60-235c-4b7a-ae39-7cccd9921b11,synth_75dbbf33d8eb,unbanked,tabddpm_synthetic,,['en'],advance fee,2024-12-11T00:05:00+00:00,3000.0,1500.0,60,0,0,Monday,2,1,100,advance fee,en,Bill pay kiosk,0
53a1ec45-4654-4927-99c5-9998de2fad11,synth_f1ac67dd6392,unbanked,tabddpm_synthetic,,['en'],advance fee,2024-11-25T00:02:00+00:00,3000.0,448.67,20,0,0,Monday,0,1,70,advance fee,en,Bill pay kiosk,1
59d313f7-3ec7-4188-8aae-fafda950b9c5,synth_84ad662c2a56,unbanked,tabddpm_synthetic,,['en'],advance fee,2024-04-25T12:03:00+00:00,496.91,41.49,35,12,0,Monday,8,950,11,advance fee,en,Bill pay kiosk,0
d7b066c6-f47b-447c-81ca-54b48fbe9af3,synth_0ad4f17aa1d1,unbanked,tabddpm_synthetic,,['en'],advance fee,2024-10-04T08:34:00+00:00,10.0,0.0,20,8,0,Monday,90,1,59,advance fee,en,Bill pay kiosk,0
6473e01c-086c-4979-af61-bbe7d54506b2,synth_41f5fa44d3a1,unbanked,tabddpm_synthetic,,['en'],advance fee,2024-07-12T11:30:00+00:00,478.44,47.01,20,11,0,Monday,17,2000,3,advance fee,en,Bill pay kiosk,0
325c61b8-3b6c-434e-9814-32929138917a,synth_efe4d28eb30a,unbanked,tabddpm_synthetic,,['en'],advance fee,2024-02-08T23:47:00+00:00,3000.0,1500.0,20,23,0,Monday,90,1,100,advance fee,en,Bill pay kiosk,0
f5b2d81a-2818-4bf8-a0a1-1cf9595ff2b3,synth_d812ef8471e0,unbanked,tabddpm_synthetic,,['en'],advance fee,2024-07-27T06:11:00+00:00,10.0,0.0,20,6,0,Monday,90,646,21,advance fee,en,Bill pay kiosk,0
b3afe5e6-933b-4e98-ad88-de9be412dbc1,synth_d34b52d22f3f,unbanked,tabddpm_synthetic,,['en'],advance fee,2024-03-21T00:48:00+00:00,40.03,2.0,20,0,0,Monday,0,2000,9,advance fee,en,Bill pay kiosk,0
4dfc7377-4c03-4075-893d-6804496ea24d,synth_cbc471bbbe9f,unbanked,tabddpm_synthetic,,['en'],advance fee,2024-11-16T23:49:00+00:00,3000.0,1500.0,20,23,0,Monday,90,1,100,advance fee,en,Bill pay kiosk,0
d6c40949-8844-452d-b033-5e56ed353cb5,synth_cf2dfe307441,unbanked,tabddpm_synthetic,,['en'],advance fee,2024-08-08T23:24:00+00:00,3000.0,1500.0,20,23,0,Monday,90,1,100,advance fee,en,Bill pay kiosk,0
4f940694-4d0c-4a09-a911-4d645e060edc,synth_f4fdbb9483f1,unbanked,tabddpm_synthetic,,['en'],advance fee,2024-09-13T02:02:00+00:00,10.0,0.0,20,2,0,Monday,90,926,17,advance fee,en,Bill pay kiosk,0
7085a974-51ab-4201-9255-5eb20c3da46e,synth_cf5ef74b284e,unbanked,tabddpm_synthetic,,['en'],advance fee,2024-12-16T09:57:00+00:00,10.0,0.0,20,9,0,Monday,90,1,37,advance fee,en,Bill pay kiosk,0
f5894913-a0b0-4c4a-b6eb-7608a8fe5edb,synth_f40d4a7ac83b,unbanked,tabddpm_synthetic,,['en'],advance fee,2024-03-23T11:50:00+00:00,76.79,0.76,30,11,0,Monday,0,1391,10,advance fee,en,Cash (informal),0
0c1ce73e-6216-42c2-a8cb-843428c62719,synth_26abefb1ead7,unbanked,tabddpm_synthetic,,['en'],advance fee,2024-02-05T23:00:00+00:00,3000.0,1500.0,20,23,0,Monday,90,1,100,advance fee,en,Bill pay kiosk,0
9691f76f-691c-4858-91f3-f97d88d672f8,synth_62fe46f3612a,unbanked,tabddpm_synthetic,,['en'],advance fee,2024-08-01T00:56:00+00:00,339.05,34.25,36,0,0,Monday,0,2000,6,advance fee,en,Bill pay kiosk,0
848e66b9-6d77-42b5-8d84-4d6d2e892c35,synth_baef0ee99d88,unbanked,tabddpm_synthetic,,['en'],advance fee,2024-08-26T07:25:00+00:00,187.36,24.01,20,7,6,Sunday,51,1363,7,advance fee,en,Bill pay kiosk,0
0af8c96c-e62c-4017-ba1d-1d1950d725f5,synth_8a790b11a42d,unbanked,tabddpm_synthetic,,['en'],advance fee,2024-02-04T23:57:00+00:00,3000.0,1500.0,60,23,2,Wednesday,11,1,100,advance fee,en,Bill pay kiosk,0
db3fe786-0558-4e05-9a59-24b5ee5d969a,synth_17d87ba37913,unbanked,tabddpm_synthetic,,['en'],advance fee,2024-08-05T09:41:00+00:00,2891.52,255.92,32,9,0,Monday,5,134,22,advance fee,en,Bill pay kiosk,0
994515d1-b649-4976-a559-517431a024bf,synth_1714d6621092,unbanked,tabddpm_synthetic,,['en'],advance fee,2024-02-13T10:21:00+00:00,286.46,54.53,20,10,0,Monday,19,2000,3,advance fee,en,Bill pay kiosk,0
7ff6420a-c524-47c0-831f-723db302af7f,synth_947434b45e3a,unbanked,tabddpm_synthetic,,['en'],advance fee,2024-03-21T23:44:00+00:00,3000.0,1500.0,20,23,2,Wednesday,90,1,100,advance fee,en,Bill pay kiosk,0
6e158efe-dd25-4315-a95a-c8de8a9cadae,synth_05f611adf83e,unbanked,tabddpm_synthetic,,['en'],advance fee,2024-11-23T23:03:00+00:00,3000.0,0.0,20,23,6,Sunday,90,1,100,advance fee,en,Bill pay kiosk,0
3bf4ac66-44a5-4ceb-910b-5c571f041aa9,synth_7b46a7bee598,unbanked,tabddpm_synthetic,,['en'],advance fee,2024-01-28T20:06:00+00:00,3000.0,1500.0,60,20,0,Monday,11,1,100,advance fee,en,Bill pay kiosk,0
b57d19ea-b917-48be-9340-ad1a00391b09,synth_14a422c787f5,unbanked,tabddpm_synthetic,,['en'],advance fee,2024-07-15T23:52:00+00:00,3000.0,1500.0,20,23,6,Sunday,38,1,100,advance fee,en,Bill pay kiosk,0
0b72753c-c5d3-4136-a3be-f5f21378df35,synth_aec29f725ebe,unbanked,tabddpm_synthetic,,['en'],fake loan,2024-05-25T09:14:00+00:00,167.02,24.26,33,9,0,Monday,13,1832,10,fake loan,en,Bill pay kiosk,0
7c7e9f6d-5e90-4f97-b731-456c8fdcf93a,synth_855366e092e5,unbanked,tabddpm_synthetic,,['en'],advance fee,2024-12-05T23:39:00+00:00,3000.0,1500.0,20,23,0,Monday,90,1,100,advance fee,en,Bill pay kiosk,1
c484b495-96e7-4309-9095-069a93c58746,synth_31e6613660de,unbanked,tabddpm_synthetic,,['en'],advance fee,2024-09-26T21:10:00+00:00,697.1,91.31,20,21,4,Friday,0,1,9,advance fee,en,Bill pay kiosk,0
0cda7d38-2375-4f7c-ba0b-b9c70ae9c88c,synth_b45afa9a9470,unbanked,tabddpm_synthetic,,['en'],advance fee,2024-12-09T00:52:00+00:00,968.14,126.88,20,0,0,Monday,0,2000,9,advance fee,en,Bill pay kiosk,0
cdee793d-2749-421d-aa2b-19aa8c935fff,synth_9ab6d0d39655,unbanked,tabddpm_synthetic,,['en'],advance fee,2024-03-08T23:24:00+00:00,3000.0,1500.0,60,23,0,Monday,90,1,100,advance fee,en,Bill pay kiosk,0
9d97c66d-6854-4158-9b56-a62a4807b9ae,synth_765e3f7bc92b,unbanked,tabddpm_synthetic,,['en'],advance fee,2024-02-17T23:10:00+00:00,3000.0,1500.0,20,23,0,Monday,90,1,97,advance fee,en,Bill pay kiosk,0
926558f1-1a57-49f3-b23c-fca28821abc8,synth_cb7faba66528,unbanked,tabddpm_synthetic,,['en'],fake loan,2024-07-31T12:23:00+00:00,387.35,48.6,20,12,0,Monday,12,1615,7,fake loan,en,Bill pay kiosk,0
9673a06c-734c-4f97-a21f-95945d331a64,synth_334930657528,unbanked,tabddpm_synthetic,,['en'],advance fee,2024-09-15T08:18:00+00:00,1306.45,140.1,20,8,3,Thursday,4,1,16,advance fee,en,Bill pay kiosk,0
ffac4302-53dc-4def-97e1-02e8dba1257b,synth_b051d770f159,unbanked,tabddpm_synthetic,,['en'],advance fee,2024-02-19T09:13:00+00:00,290.38,0.0,60,9,0,Monday,0,1373,9,advance fee,en,Bill pay kiosk,0
b6ce9434-02a3-48a7-99fc-ca57dad09c6c,synth_9152deb61e08,unbanked,tabddpm_synthetic,,['en'],advance fee,2024-08-16T15:37:00+00:00,10.0,0.0,20,15,0,Monday,90,1,81,advance fee,en,Bill pay kiosk,0
470fbb49-d4ca-4786-a08e-d4f72feef561,synth_588722d4782d,unbanked,tabddpm_synthetic,,['en'],advance fee,2024-08-05T03:04:00+00:00,470.43,83.61,27,3,2,Wednesday,10,912,14,advance fee,en,Bill pay kiosk,0
c4ebd215-8739-4fa8-95e3-a861c6552c7b,synth_63aeeb5a7007,unbanked,tabddpm_synthetic,,['en'],advance fee,2024-10-08T23:56:00+00:00,3000.0,1500.0,20,23,0,Monday,90,1,100,advance fee,en,Bill pay kiosk,0
80591852-b14e-49ce-a38c-a1209b2aed25,synth_38fc8c46a57a,unbanked,tabddpm_synthetic,,['en'],advance fee,2024-02-01T23:36:00+00:00,3000.0,1500.0,20,23,6,Sunday,90,1,100,advance fee,en,Bill pay kiosk,0
8733ad7e-ce90-49e9-aa78-e1628f61898b,synth_7c3970d5b69d,unbanked,tabddpm_synthetic,,['en'],advance fee,2024-04-10T00:53:00+00:00,3000.0,1500.0,60,0,6,Sunday,0,1,100,advance fee,en,Bill pay kiosk,0
56d13d69-2077-42b0-bedc-656e458ccde8,synth_1b5a5d759037,unbanked,tabddpm_synthetic,,['en'],advance fee,2024-04-18T23:43:00+00:00,3000.0,1500.0,20,23,0,Monday,90,1,100,advance fee,en,Bill pay kiosk,0
ebc148fb-28a0-41d9-90ed-3b9bec83531e,synth_93ed8c3016d5,unbanked,tabddpm_synthetic,,['en'],advance fee,2024-09-29T15:57:00+00:00,973.48,107.8,20,15,0,Monday,64,728,4,advance fee,en,Bill pay kiosk,0
1ebf72c3-f12c-4a50-8f29-a1593bcadf8e,synth_3b08a1d1364d,unbanked,tabddpm_synthetic,,['en'],advance fee,2024-07-02T00:51:00+00:00,2051.2,182.68,60,0,0,Monday,0,2000,14,advance fee,en,Bill pay kiosk,0
18e99eda-cf5d-44ea-a5e6-90061ad775e2,synth_9265ab2ab7ee,unbanked,tabddpm_synthetic,,['en'],advance fee,2024-02-27T11:41:00+00:00,327.27,13.91,20,11,0,Monday,13,828,10,advance fee,en,Bill pay kiosk,0
1d830b5d-c23c-4e82-85b1-4f21c984d9c1,synth_fb639e830495,unbanked,tabddpm_synthetic,,['en'],advance fee,2024-09-27T00:19:00+00:00,3000.0,655.57,20,0,6,Sunday,0,1,49,advance fee,en,Bill pay kiosk,0
2caafdbc-96f7-4265-b8c6-0d6e39ccd7eb,synth_efc589184f60,unbanked,tabddpm_synthetic,,['en'],advance fee,2024-01-12T11:37:00+00:00,220.18,23.25,39,11,4,Friday,3,1259,4,advance fee,en,Bill pay kiosk,0
471a8442-7e04-4a91-ac19-5ca98c13a73a,synth_f5410201e9d3,unbanked,tabddpm_synthetic,,['en'],advance fee,2024-12-06T05:34:00+00:00,59.51,8.49,20,5,6,Sunday,50,1,21,advance fee,en,Bill pay kiosk,0
a4775691-ea04-4851-a985-786459286064,synth_368193644599,unbanked,tabddpm_synthetic,,['en'],advance fee,2024-05-11T16:46:00+00:00,560.26,33.36,20,16,1,Tuesday,46,1437,9,advance fee,en,Bill pay kiosk,0
fd2de8d0-fc8e-45d0-8397-66485545a7e1,synth_0ed41c145d30,unbanked,tabddpm_synthetic,,['en'],advance fee,2024-06-26T02:59:00+00:00,3000.0,529.53,53,2,5,Saturday,0,1,24,advance fee,en,Bill pay kiosk,0
ddc80e5c-3230-47a9-a5ac-2cc5298a6297,synth_51cb921b8604,unbanked,tabddpm_synthetic,,['en'],advance fee,2024-03-20T01:04:00+00:00,10.0,0.0,20,1,0,Monday,90,1,67,advance fee,en,Bill pay kiosk,0
5048a8a9-ab28-4c7d-9c08-8759d63ab7f8,synth_fa14a4189e49,unbanked,tabddpm_synthetic,,['en'],advance fee,2024-07-04T05:15:00+00:00,3000.0,1500.0,20,5,6,Sunday,2,1,80,advance fee,en,Bill pay kiosk,0
f84b9b86-7316-4291-83bc-ada0fb878918,synth_dc18819a6d3d,unbanked,tabddpm_synthetic,,['en'],advance fee,2024-07-31T08:55:00+00:00,464.12,48.27,20,8,4,Friday,90,772,8,advance fee,en,Bill pay kiosk,0
7be573b5-3928-4b45-82b3-23e09ab979c9,synth_b49401470cb0,unbanked,tabddpm_synthetic,,['en'],advance fee,2024-10-13T07:43:00+00:00,262.09,13.45,27,7,0,Monday,17,333,8,advance fee,en,Bill pay kiosk,0
f48e0120-3bce-404e-bdde-d2f14b1eec7a,synth_d7af01fa4d84,unbanked,tabddpm_synthetic,,['en'],advance fee,2024-01-11T00:54:00+00:00,206.62,22.33,20,0,0,Monday,0,1264,4,advance fee,en,Bill pay kiosk,0
cc18927a-0fde-4d93-91bb-a9f2f2c20ec2,synth_3c995fa6dde8,unbanked,tabddpm_synthetic,,['en'],advance fee,2024-12-06T00:27:00+00:00,3000.0,1500.0,60,0,0,Monday,90,1,100,advance fee,en,Bill pay kiosk,1
a96bbb24-6f49-4aaf-87c8-8b5e33e8444f,synth_6017173d9cbb,unbanked,tabddpm_synthetic,,['en'],advance fee,2024-12-05T23:47:00+00:00,3000.0,1500.0,20,23,6,Sunday,0,1,100,advance fee,en,Bill pay kiosk,0
79b3e1a7-c3be-414f-9af3-272e752524f5,synth_6981a8fc6676,unbanked,tabddpm_synthetic,,['en'],advance fee,2024-09-29T00:49:00+00:00,3000.0,1500.0,20,0,6,Sunday,0,1,100,advance fee,en,Bill pay kiosk,0
1064890d-2774-4fca-b737-c8793b8b77a3,synth_5fb1050a3948,unbanked,tabddpm_synthetic,,['en'],advance fee,2024-11-14T12:09:00+00:00,362.78,16.78,31,12,0,Monday,0,975,6,advance fee,en,Bill pay kiosk,0
ada58879-91d5-4c33-a105-e3596e9b53a1,synth_67ad4403631e,unbanked,tabddpm_synthetic,,['en'],advance fee,2024-04-14T10:29:00+00:00,386.74,10.4,41,10,0,Monday,62,72,10,advance fee,en,Bill pay kiosk,0
a3e5e113-04e9-4f28-b6b2-5dcdc77e193c,synth_8d8297de0793,unbanked,tabddpm_synthetic,,['en'],advance fee,2024-11-17T00:08:00+00:00,1268.56,78.54,50,0,0,Monday,1,1135,8,advance fee,en,Bill pay kiosk,0
28b9bfa1-61e9-4440-93a1-00762d5a25c0,synth_7fc491d00d5a,unbanked,tabddpm_synthetic,,['en'],advance fee,2024-09-01T00:41:00+00:00,3000.0,141.15,20,0,0,Monday,9,1,27,advance fee,en,Bill pay kiosk,0
03ad2948-dabc-40a0-9ad2-b4741ca7aafc,synth_b82c79178374,unbanked,tabddpm_synthetic,,['en'],advance fee,2024-12-03T17:45:00+00:00,475.51,88.37,20,17,6,Sunday,14,2000,1,advance fee,en,Bill pay kiosk,0
aec9ac11-b642-4409-a0b5-24908bb9ece1,synth_221d5345ff7f,unbanked,tabddpm_synthetic,,['en'],advance fee,2024-03-18T04:19:00+00:00,12.71,31.98,33,4,0,Monday,47,1255,8,advance fee,en,Bill pay kiosk,0
c1fb1b5b-7879-4bb3-bce0-81efdf3d4403,synth_4169840b3185,unbanked,tabddpm_synthetic,,['es'],advance fee,2024-12-24T02:49:00+00:00,10.0,0.0,20,2,0,Monday,85,2000,14,advance fee,es,Bill pay kiosk,0
80843ddd-ae38-4551-82bf-962f3eb3de01,synth_26c41e9a2e91,unbanked,tabddpm_synthetic,,['en'],advance fee,2024-11-11T00:25:00+00:00,10.0,0.0,20,0,0,Monday,90,1021,10,advance fee,en,Bill pay kiosk,0
f4524690-b2dc-41c2-93d2-8be3bfb1dde2,synth_6d124f90dcb7,unbanked,tabddpm_synthetic,,['en'],advance fee,2024-08-07T23:51:00+00:00,3000.0,1500.0,20,23,0,Monday,90,1,100,advance fee,en,Bill pay kiosk,0
580226cd-bf7a-484b-9604-307b720dd2e9,synth_c7f41c764b3c,unbanked,tabddpm_synthetic,,['en'],advance fee,2024-07-20T23:20:00+00:00,3000.0,1500.0,20,23,0,Monday,90,1,100,advance fee,en,Bill pay kiosk,1
cab9d860-f24e-4ee1-9ad8-9a287b21aa34,synth_fdf22a2373df,unbanked,tabddpm_synthetic,,['en'],advance fee,2024-09-20T23:50:00+00:00,3000.0,0.0,20,23,0,Monday,90,1,100,advance fee,en,Bill pay kiosk,0
3d48e66e-2586-452d-a313-3ee56f4388cb,synth_24dca12b5553,unbanked,tabddpm_synthetic,,['en'],advance fee,2024-03-25T11:00:00+00:00,10.0,0.0,20,11,6,Sunday,90,1204,14,advance fee,en,Bill pay kiosk,0
b1616620-ec12-4b15-8728-7b40f1a93eef,synth_0733e2601c8f,unbanked,tabddpm_synthetic,,['en'],advance fee,2024-03-03T16:28:00+00:00,338.32,35.95,20,16,0,Monday,3,455,4,advance fee,en,Bill pay kiosk,0
e17441b6-2340-406e-b6d0-1b3204f0ab24,synth_2148bb676336,unbanked,tabddpm_synthetic,,['en'],advance fee,2024-05-19T23:14:00+00:00,3000.0,1500.0,20,23,0,Monday,0,1,100,advance fee,en,Bill pay kiosk,0
8f6f5f62-348a-4130-a94d-738378782ae3,synth_c9ad8432d9bc,unbanked,tabddpm_synthetic,,['en'],advance fee,2024-12-07T17:39:00+00:00,968.68,89.89,20,17,6,Sunday,4,388,8,advance fee,en,Bill pay kiosk,0
64ef5f3a-3e0d-4689-b3f2-b8870e377860,synth_30704efe4de6,unbanked,tabddpm_synthetic,,['en'],advance fee,2024-02-28T23:21:00+00:00,3000.0,1500.0,20,23,6,Sunday,90,1,100,advance fee,en,Bill pay kiosk,0
feb19e80-1880-4c5d-a8c9-66b42a3f5f70,synth_ba0b28988cc4,unbanked,tabddpm_synthetic,,['en'],advance fee,2024-08-07T23:06:00+00:00,10.0,0.0,20,23,0,Monday,90,1,100,advance fee,en,Bill pay kiosk,0
44475c51-fe56-4bc0-baa3-ccfa632b358f,synth_c92425e9a7c6,unbanked,tabddpm_synthetic,,['en'],advance fee,2024-01-28T00:22:00+00:00,149.14,10.47,20,0,0,Monday,0,2000,8,advance fee,en,Bill pay kiosk,0
41080d89-1288-45c3-88fc-0791f9781713,synth_ddf25c20bbcb,unbanked,tabddpm_synthetic,,['en'],advance fee,2024-04-02T11:45:00+00:00,173.41,28.96,43,11,0,Monday,0,735,10,advance fee,en,Bill pay kiosk,0
601d5a03-55c0-455b-bb84-1309e6c88012,synth_86eaad935e86,unbanked,tabddpm_synthetic,,['en'],advance fee,2024-12-09T02:10:00+00:00,2308.32,109.16,20,2,6,Sunday,14,604,27,advance fee,en,Bill pay kiosk,0
951faa25-8447-4ebe-b831-8ff5a5a6cf17,synth_76879fdfb22f,unbanked,tabddpm_synthetic,,['en'],advance fee,2024-12-15T13:13:00+00:00,139.34,32.39,20,13,2,Wednesday,0,39,5,advance fee,en,Bill pay kiosk,0
6c4dde7b-34db-462a-ae47-f2f6468f4c09,synth_28d0060e1da9,unbanked,tabddpm_synthetic,,['en'],advance fee,2024-10-14T03:58:00+00:00,10.0,0.0,20,3,0,Monday,90,808,19,advance fee,en,Bill pay kiosk,0
ad39297f-bf78-4949-99b4-57ded9c2434d,synth_d2814964b659,unbanked,tabddpm_synthetic,,['en'],advance fee,2024-02-13T03:25:00+00:00,160.21,0.0,25,3,0,Monday,21,360,6,advance fee,en,Bill pay kiosk,0
e58b7f58-5498-4573-97e2-96d7bda1eaea,synth_9af0b24a7fbd,unbanked,tabddpm_synthetic,,['en'],advance fee,2024-10-22T14:47:00+00:00,460.31,31.83,20,14,0,Monday,26,1478,10,advance fee,en,Bill pay kiosk,0
9d61dfd6-b940-4cc4-9053-675fdce4eae6,synth_5e131e521c49,unbanked,tabddpm_synthetic,,['en'],advance fee,2024-06-27T23:27:00+00:00,1825.15,0.0,20,23,0,Monday,90,1,100,advance fee,en,Bill pay kiosk,0
9c605a33-4618-481c-bc67-2119338e96bf,synth_6ffd863e2540,unbanked,tabddpm_synthetic,,['en'],advance fee,2024-09-09T13:21:00+00:00,479.67,48.91,20,13,1,Tuesday,8,1633,4,advance fee,en,Bill pay kiosk,0
03764ca7-81cb-4814-8810-18f126b019d5,synth_1b66e2396f89,unbanked,tabddpm_synthetic,,['en'],advance fee,2024-02-25T11:02:00+00:00,162.89,0.0,38,11,0,Monday,45,1012,8,advance fee,en,Bill pay kiosk,0
c67722b1-60e3-4a63-a9dd-583abad0607b,synth_42d734dce9e4,unbanked,tabddpm_synthetic,,['en'],advance fee,2024-02-15T09:03:00+00:00,302.87,102.68,20,9,0,Monday,26,2000,3,advance fee,en,Bill pay kiosk,0
d1841cb4-84da-4240-9087-23c39ef712e5,synth_4de21d8ea183,unbanked,tabddpm_synthetic,,['en'],advance fee,2024-01-28T23:21:00+00:00,3000.0,1500.0,20,23,0,Monday,90,1,100,advance fee,en,Bill pay kiosk,0
3ea8c361-9201-4d54-8e43-f82668663608,synth_047fde001936,unbanked,tabddpm_synthetic,,['en'],advance fee,2024-10-29T10:54:00+00:00,445.91,58.83,20,10,0,Monday,26,2000,4,advance fee,en,Bill pay kiosk,0
aa2e90cc-c6d8-4b57-a535-7f4ee5ff49c7,synth_018a8b1db536,unbanked,tabddpm_synthetic,,['en'],advance fee,2024-10-29T23:44:00+00:00,3000.0,1500.0,20,23,6,Sunday,0,1,100,advance fee,en,Bill pay kiosk,1
ba4f37b2-4b2b-4f4f-a114-3d9cf85646c2,synth_d5504cb47441,unbanked,tabddpm_synthetic,,['en'],advance fee,2024-03-18T13:31:00+00:00,57.73,0.0,53,13,0,Monday,10,94,7,advance fee,en,Bill pay kiosk,0
5d1daa7c-9981-42f7-8a72-013a9f708719,synth_fea1116f6526,unbanked,tabddpm_synthetic,,['en'],advance fee,2024-06-19T00:31:00+00:00,1711.6,121.04,40,0,0,Monday,0,925,16,advance fee,en,Bill pay kiosk,0
8b707a77-8e1c-48ee-887a-6993bfe87da5,synth_f23582744abc,unbanked,tabddpm_synthetic,,['en'],advance fee,2024-08-27T03:30:00+00:00,2514.76,0.0,20,3,0,Monday,90,343,42,advance fee,en,Bill pay kiosk,0
e0bd46d1-49b0-4e65-bf0b-766c3b0f5bb8,synth_b967a548a9f8,unbanked,tabddpm_synthetic,,['en'],advance fee,2024-02-22T00:30:00+00:00,804.84,100.51,60,0,0,Monday,0,1470,10,advance fee,en,Bill pay kiosk,0
fd6591a3-a12f-4ee2-b08f-cabd824b55f4,synth_a0eb6edbb52a,unbanked,tabddpm_synthetic,,['en'],advance fee,2024-11-06T23:20:00+00:00,3000.0,1500.0,20,23,6,Sunday,0,1,100,advance fee,en,Bill pay kiosk,0
13f88354-98ba-42e2-a842-d37c414b1851,synth_6f44b5ca597e,unbanked,tabddpm_synthetic,,['en'],advance fee,2024-04-11T00:06:00+00:00,74.73,4.5,28,0,0,Monday,0,2000,6,advance fee,en,Bill pay kiosk,0
d0187494-b904-49ba-a533-51a1f2f267b4,synth_14659d453cf5,unbanked,tabddpm_synthetic,,['en'],advance fee,2024-10-03T00:12:00+00:00,3000.0,1031.91,45,0,0,Monday,57,1,100,advance fee,en,Bill pay kiosk,1
92338fe5-0dec-4022-b1ce-a61368bbf8ad,synth_71aea0f5afa2,unbanked,tabddpm_synthetic,,['en'],advance fee,2024-06-09T23:58:00+00:00,3000.0,1500.0,60,23,0,Monday,0,1,100,advance fee,en,Bill pay kiosk,0
afc0d1fb-4f80-461b-a313-9bc40f204428,synth_12a98086321e,unbanked,tabddpm_synthetic,,['en'],advance fee,2024-12-24T00:40:00+00:00,3000.0,1500.0,55,0,0,Monday,90,1,100,advance fee,en,Bill pay kiosk,1
c3b7c6d6-e8c4-44ca-acaa-5e7a4c32ae2d,synth_c6e63e641fa2,unbanked,tabddpm_synthetic,,['en'],advance fee,2024-05-05T00:05:00+00:00,3000.0,973.57,35,0,0,Monday,61,1,100,advance fee,en,Bill pay kiosk,1
2e79764e-1cbb-4194-834a-319d9fd2e286,synth_73fd9983e7a2,unbanked,tabddpm_synthetic,,['en'],advance fee,2024-03-06T00:41:00+00:00,221.6,0.0,60,0,0,Monday,44,141,7,advance fee,en,Bill pay kiosk,0
a8d481e9-9a49-4ced-a8bb-b5c95a2f11d1,synth_4466f8009b56,unbanked,tabddpm_synthetic,,['en'],advance fee,2024-11-05T23:15:00+00:00,3000.0,1500.0,20,23,6,Sunday,0,1,100,advance fee,en,Bill pay kiosk,0
5b0a2b43-8cf1-4467-a222-58a4422f65cb,synth_0c58e772a17d,unbanked,tabddpm_synthetic,,['en'],advance fee,2024-12-29T13:51:00+00:00,1007.77,121.97,41,13,0,Monday,8,1248,14,advance fee,en,Bill pay kiosk,0
1bfcbce7-0659-406b-8535-b769f35acc38,synth_93473231135c,unbanked,tabddpm_synthetic,,['en'],fake loan,2024-03-13T00:22:00+00:00,126.18,34.28,32,0,0,Monday,3,962,7,fake loan,en,Bill pay kiosk,0
cee45370-e169-44b3-8e44-6bd07d023eaa,synth_a9bc378e0457,unbanked,tabddpm_synthetic,,['en'],advance fee,2024-01-14T21:04:00+00:00,254.44,0.0,20,21,0,Monday,90,1,100,advance fee,en,Bill pay kiosk,1
200a9006-91f9-4b7f-8eb9-a095dbc0cb31,synth_2a5b6e176c69,unbanked,tabddpm_synthetic,,['en'],advance fee,2024-01-18T00:53:00+00:00,10.0,49.9,20,0,0,Monday,90,2000,18,advance fee,en,Bill pay kiosk,0
ade5040b-bc4e-4c25-84dd-c456f1ee736a,synth_9af91340e9c5,unbanked,tabddpm_synthetic,,['en'],advance fee,2024-03-23T23:58:00+00:00,3000.0,1500.0,20,23,6,Sunday,66,1,83,advance fee,en,Bill pay kiosk,0
e5a6ec3c-8313-4e76-9c6d-8326e72524d7,synth_603bfa76f422,unbanked,tabddpm_synthetic,,['en'],advance fee,2024-11-04T18:13:00+00:00,528.06,92.53,20,18,1,Tuesday,16,2000,2,advance fee,en,Bill pay kiosk,0
346ff046-e5ed-4767-967e-9335d8439098,synth_5f31e99c322a,unbanked,tabddpm_synthetic,,['en'],advance fee,2024-07-20T23:28:00+00:00,3000.0,1500.0,20,23,6,Sunday,90,1,100,advance fee,en,Bill pay kiosk,0
699cae66-9d47-42fd-b3ba-22030aa1ee6b,synth_d3f900dc07ac,unbanked,tabddpm_synthetic,,['en'],advance fee,2024-09-04T23:00:00+00:00,3000.0,1500.0,20,23,6,Sunday,0,1,100,advance fee,en,Bill pay kiosk,0
1c41a7ca-285d-4ee9-bfad-96404a4290b1,synth_3eda245c920a,unbanked,tabddpm_synthetic,,['en'],advance fee,2024-11-29T05:29:00+00:00,1785.75,82.66,36,5,1,Tuesday,1,977,10,advance fee,en,Bill pay kiosk,0
68111d48-2c4c-43b0-a3eb-5790dc17ed82,synth_1a59b70908cf,unbanked,tabddpm_synthetic,,['en'],advance fee,2024-02-19T07:09:00+00:00,81.4,0.0,20,7,0,Monday,90,688,13,advance fee,en,Bill pay kiosk,0
f0c5261e-2345-4e30-adcd-ec7ccd94264e,synth_1e47e5c5cb36,unbanked,tabddpm_synthetic,,['en'],advance fee,2024-06-09T01:56:00+00:00,347.26,29.94,35,1,0,Monday,5,2000,7,advance fee,en,Bill pay kiosk,0
f38f2337-1911-4fda-9087-62d53ca98cdc,synth_64af6d98b153,unbanked,tabddpm_synthetic,,['en'],advance fee,2024-03-17T03:50:00+00:00,10.0,0.0,20,3,1,Tuesday,90,397,18,advance fee,en,Bill pay kiosk,0
11983c12-1825-4cfe-89d5-22a30a536c3d,synth_38e4e6a19245,unbanked,tabddpm_synthetic,,['en'],advance fee,2024-08-27T23:58:00+00:00,3000.0,1500.0,20,23,0,Monday,90,1,100,advance fee,en,Bill pay kiosk,0
85c1a0bb-e14b-4983-b289-7704f713dfbc,synth_ac712f390022,unbanked,tabddpm_synthetic,,['en'],advance fee,2024-09-29T12:33:00+00:00,272.53,22.66,29,12,5,Saturday,9,1071,3,advance fee,en,Bill pay kiosk,0
ff92ed8f-281a-436e-b53e-a40d4ad9525d,synth_d0c9e10c82d8,unbanked,tabddpm_synthetic,,['en'],advance fee,2024-03-14T23:34:00+00:00,3000.0,751.32,57,23,6,Sunday,2,1,100,advance fee,en,Bill pay kiosk,1
ff046c5a-b9f4-4a33-87ef-56aff7a51c51,synth_581f44e64849,unbanked,tabddpm_synthetic,,['en'],advance fee,2024-02-17T23:03:00+00:00,3000.0,1500.0,20,23,6,Sunday,0,1,100,advance fee,en,Bill pay kiosk,0
f6e2e747-de04-4a82-82ba-04edb3511522,synth_f373178d9ed1,unbanked,tabddpm_synthetic,,['en'],advance fee,2024-07-19T00:50:00+00:00,3000.0,343.55,53,0,1,Tuesday,21,657,30,advance fee,en,Bill pay kiosk,0
afe5036b-72f3-45eb-8779-12687d600d78,synth_591540c00a56,unbanked,tabddpm_synthetic,,['en'],advance fee,2024-12-02T06:44:00+00:00,17.89,0.0,22,6,0,Monday,9,449,7,advance fee,en,Bill pay kiosk,0
c1ae8e70-13f4-4a69-87d2-7137fde43a76,synth_c6355fc372ed,unbanked,tabddpm_synthetic,,['en'],advance fee,2024-04-10T23:35:00+00:00,3000.0,1500.0,20,23,0,Monday,90,1,100,advance fee,en,Bill pay kiosk,0
1d2bbbef-4884-4b6f-ba5e-777bc880c2b6,synth_37cba47eb245,unbanked,tabddpm_synthetic,,['en'],advance fee,2024-07-04T07:15:00+00:00,56.01,12.28,20,7,2,Wednesday,5,2000,8,advance fee,en,Bill pay kiosk,0
b53f58b7-5796-42b1-8f2d-01959b5f70f5,synth_b624951cf937,unbanked,tabddpm_synthetic,,['en'],advance fee,2024-07-04T23:49:00+00:00,3000.0,1500.0,20,23,6,Sunday,0,1,100,advance fee,en,Bill pay kiosk,0
1e1a5aaf-70f4-4d2a-a4c3-e69a9b922162,synth_497e3c21245a,unbanked,tabddpm_synthetic,,['en'],advance fee,2024-10-29T06:13:00+00:00,572.04,53.66,20,6,0,Monday,41,1479,8,advance fee,en,Bill pay kiosk,0
bd873cb8-a791-462e-aa7e-0ff197a4819d,synth_cf306b97eab0,unbanked,tabddpm_synthetic,,['en'],advance fee,2024-03-18T23:15:00+00:00,3000.0,1500.0,20,23,0,Monday,90,1,100,advance fee,en,Bill pay kiosk,0
4f5ab102-9a65-4bed-bffd-f4c750b0e66c,synth_9bc1aef21824,unbanked,tabddpm_synthetic,,['en'],advance fee,2024-09-15T00:30:00+00:00,300.67,38.96,29,0,0,Monday,0,2000,9,advance fee,en,Bill pay kiosk,0
fba24f7a-953d-47a0-a2a1-7c6ad248f0a0,synth_fe7d9ba02430,unbanked,tabddpm_synthetic,,['en'],advance fee,2024-09-11T06:42:00+00:00,20.44,5.66,23,6,0,Monday,11,1146,9,advance fee,en,Bill pay kiosk,0
7c207ca9-0455-41cc-895b-7b0af8568e3a,synth_e33d0c337ee9,unbanked,tabddpm_synthetic,,['en'],advance fee,2024-11-09T23:01:00+00:00,3000.0,1500.0,20,23,0,Monday,90,1,100,advance fee,en,Bill pay kiosk,0
bdd5176d-4e01-4577-8798-01614c9936c0,synth_c044288aab69,unbanked,tabddpm_synthetic,,['en'],advance fee,2024-06-19T11:45:00+00:00,187.09,13.34,37,11,3,Thursday,6,1446,7,advance fee,en,Bill pay kiosk,0
a2f4412c-fad4-4666-8124-278c2632209e,synth_2932b9741a00,unbanked,tabddpm_synthetic,,['en'],advance fee,2024-02-24T10:06:00+00:00,3000.0,1500.0,20,10,0,Monday,33,1,51,advance fee,en,Bill pay kiosk,0
d15689c3-8925-4b75-86b9-50e4b88eecf1,synth_322ffba63cc5,unbanked,tabddpm_synthetic,,['en'],advance fee,2024-10-27T00:38:00+00:00,3000.0,811.94,47,0,0,Monday,0,1,49,advance fee,en,Bill pay kiosk,0
bda3a136-1c8e-4b2f-b771-eedba485f638,synth_69825df62081,unbanked,tabddpm_synthetic,,['en'],advance fee,2024-01-13T01:36:00+00:00,1145.91,62.59,21,1,0,Monday,1,230,11,advance fee,en,Bill pay kiosk,0
d8c9aa21-e7e6-4a38-9ca8-53c7197541b2,synth_6725559e5bb4,unbanked,tabddpm_synthetic,,['en'],advance fee,2024-11-06T00:41:00+00:00,942.12,121.32,38,0,0,Monday,0,1501,0,advance fee,en,Bill pay kiosk,0
10296d26-aab3-4ec6-832f-4af6f0eaa121,synth_c6e8099a28ce,unbanked,tabddpm_synthetic,,['en'],advance fee,2024-01-23T23:59:00+00:00,3000.0,1500.0,20,23,6,Sunday,0,1,100,advance fee,en,Bill pay kiosk,0
8745e625-e2af-4d0a-a748-153e8b732e89,synth_aeb5bba3411d,unbanked,tabddpm_synthetic,,['en'],advance fee,2024-04-15T00:32:00+00:00,195.54,4.89,41,0,0,Monday,0,2000,13,advance fee,en,Bill pay kiosk,0
811190e9-b8d7-41ab-bead-47ab36a26c96,synth_59ff66b08eae,unbanked,tabddpm_synthetic,,['en'],advance fee,2024-11-03T09:55:00+00:00,3000.0,1500.0,20,9,0,Monday,14,1,100,advance fee,en,Bill pay kiosk,0
b41252c8-ceae-4446-b639-4076582d6d4a,synth_3248767db24b,unbanked,tabddpm_synthetic,,['en'],advance fee,2024-12-26T23:46:00+00:00,3000.0,1452.15,60,23,0,Monday,0,1,97,advance fee,en,Bill pay kiosk,0
0d44e9f7-f20e-432e-9e62-ea902bbf3492,synth_9bb6992893f1,unbanked,tabddpm_synthetic,,['en'],advance fee,2024-04-13T23:27:00+00:00,3000.0,1500.0,60,23,0,Monday,90,1,100,advance fee,en,Bill pay kiosk,1
b7cb7d10-f2c9-4b87-a696-dc8c786d09c4,synth_d41560550876,unbanked,tabddpm_synthetic,,['es'],advance fee,2024-04-27T12:31:00+00:00,266.21,27.63,20,12,0,Monday,13,2000,2,advance fee,es,Bill pay kiosk,0
732db35b-d55f-436d-9efe-fa343a2652be,synth_cda00c9d2afa,unbanked,tabddpm_synthetic,,['en'],fake loan,2024-02-21T00:57:00+00:00,281.98,4.23,25,0,0,Monday,0,705,4,fake loan,en,Bill pay kiosk,0
2ed0fbae-b28f-4534-b233-50339d6054b8,synth_0eb2163540af,unbanked,tabddpm_synthetic,,['en'],advance fee,2024-06-24T23:23:00+00:00,3000.0,1500.0,20,23,0,Monday,90,1,100,advance fee,en,Bill pay kiosk,0
ad1a6d8b-269f-4222-9b85-1ffe3fbc73bd,synth_67abdea87ebe,unbanked,tabddpm_synthetic,,['en'],advance fee,2024-09-21T14:56:00+00:00,397.66,44.92,29,14,3,Thursday,11,876,7,advance fee,en,Bill pay kiosk,0
ac99abb9-ec33-49fc-a5f1-f1496c2985bb,synth_7f47c6e345e5,unbanked,tabddpm_synthetic,,['en'],advance fee,2024-03-05T23:54:00+00:00,3000.0,1500.0,20,23,0,Monday,90,1,100,advance fee,en,Bill pay kiosk,0
78fb0241-1246-4633-934d-37dcc23cb58e,synth_3dfb02e6d668,unbanked,tabddpm_synthetic,,['en'],advance fee,2024-01-18T00:32:00+00:00,3000.0,511.32,40,0,0,Monday,33,1,100,advance fee,en,Bill pay kiosk,1
4ab4de54-d98c-42bc-b763-8838cdd203ac,synth_ee63544daecd,unbanked,tabddpm_synthetic,,['en'],advance fee,2024-01-04T11:24:00+00:00,10.0,4.69,20,11,4,Friday,29,1,5,advance fee,en,Bill pay kiosk,0
1f70b6cd-aabd-45ad-86b9-da114e2836d0,synth_6d76646d8860,unbanked,tabddpm_synthetic,,['en'],advance fee,2024-06-11T12:40:00+00:00,524.78,34.68,55,12,3,Thursday,11,603,2,advance fee,en,Bill pay kiosk,0
c3316cb0-5735-4f47-8e20-37b3d1a65400,synth_d78ce6e0ca1f,unbanked,tabddpm_synthetic,,['en'],advance fee,2024-01-10T00:30:00+00:00,3000.0,743.28,20,0,2,Wednesday,6,1,35,advance fee,en,Bill pay kiosk,0
8c2ff96e-8ae4-4151-acd4-bfe0d7eab7ed,synth_b578f5391af0,unbanked,tabddpm_synthetic,,['en'],advance fee,2024-01-30T23:33:00+00:00,3000.0,1500.0,20,23,0,Monday,90,1,100,advance fee,en,Bill pay kiosk,0
8066d1e1-3876-40e9-a23c-4ab16505c48c,synth_19e9e0678a37,unbanked,tabddpm_synthetic,,['en'],advance fee,2024-07-11T23:49:00+00:00,3000.0,1500.0,20,23,0,Monday,90,1,100,advance fee,en,Bill pay kiosk,1
383dbd2b-7ac7-483c-a898-511a1e9d38bd,synth_a92974681a25,unbanked,tabddpm_synthetic,,['en'],advance fee,2024-10-27T00:49:00+00:00,379.12,36.22,20,0,0,Monday,0,2000,5,advance fee,en,Bill pay kiosk,0
68f3ca54-05e3-40ec-bcff-94608920aff9,synth_bca41d2ee921,unbanked,tabddpm_synthetic,,['en'],advance fee,2024-01-04T04:48:00+00:00,10.0,0.0,20,4,0,Monday,90,1888,27,advance fee,en,Bill pay kiosk,0
c3c4a062-7968-4ef2-b16c-60ab997a5aa0,synth_91fd0f1dc610,unbanked,tabddpm_synthetic,,['en'],advance fee,2024-06-21T23:04:00+00:00,3000.0,1500.0,20,23,0,Monday,90,1,100,advance fee,en,Bill pay kiosk,0
3247da66-a4a3-4505-8051-77e3a1eb8243,synth_1148d4d946e1,unbanked,tabddpm_synthetic,,['en'],advance fee,2024-08-24T01:36:00+00:00,38.53,8.73,20,1,0,Monday,0,1967,7,advance fee,en,Bill pay kiosk,0
a693ece3-6337-455b-9cef-e7e6a4214e49,synth_2919850bbfe6,unbanked,tabddpm_synthetic,,['en'],advance fee,2024-07-09T00:46:00+00:00,66.66,0.0,20,0,0,Monday,90,1,43,advance fee,en,Bill pay kiosk,0
ea93d606-6936-4377-9c3f-9fd340de4212,synth_82dc350bc0f4,unbanked,tabddpm_synthetic,,['en'],advance fee,2024-02-11T00:35:00+00:00,422.19,21.76,24,0,0,Monday,0,2000,11,advance fee,en,Bill pay kiosk,0
576aa907-5cdb-4f08-9259-c5075d7b9b5f,synth_6044f8a79a6a,unbanked,tabddpm_synthetic,,['en'],advance fee,2024-09-14T23:56:00+00:00,3000.0,1500.0,20,23,6,Sunday,90,1,100,advance fee,en,Bill pay kiosk,0
016265ea-77ad-433f-8bb9-a3c744a9edd1,synth_8f2d19a93544,unbanked,tabddpm_synthetic,,['en'],advance fee,2024-06-12T00:00:00+00:00,3000.0,1500.0,28,0,0,Monday,7,1,100,advance fee,en,Bill pay kiosk,1
34d3ee62-2e58-4fa6-93a2-f3a8102acb1b,synth_6415b876da2d,unbanked,tabddpm_synthetic,,['en'],advance fee,2024-11-28T23:35:00+00:00,3000.0,1500.0,51,23,0,Monday,57,1,100,advance fee,en,Bill pay kiosk,0
21b4f444-ee1b-49f4-977c-f6d415bf8f2f,synth_70ee57fe5dae,unbanked,tabddpm_synthetic,,['en'],advance fee,2024-12-23T00:09:00+00:00,96.72,26.69,20,0,0,Monday,0,1978,5,advance fee,en,Bill pay kiosk,0
7bdcb7a9-ffe3-4d3e-8b4b-e09c32ca4239,synth_0f275125c955,unbanked,tabddpm_synthetic,,['en'],advance fee,2024-03-21T08:32:00+00:00,10.0,1.96,20,8,0,Monday,90,1375,24,advance fee,en,Bill pay kiosk,1
668f6fc1-89ba-4c47-87a7-5b54c6d302f0,synth_b09941238098,unbanked,tabddpm_synthetic,,['en'],advance fee,2024-12-27T23:35:00+00:00,3000.0,1500.0,20,23,0,Monday,90,1,100,advance fee,en,Bill pay kiosk,0
16b93fcb-dc65-4f35-a7d5-0eaeb61db014,synth_22f13432425f,unbanked,tabddpm_synthetic,,['en'],fake loan,2024-01-20T00:24:00+00:00,78.41,19.55,20,0,0,Monday,0,2000,12,fake loan,en,Bill pay kiosk,0
a54f20b5-b846-4b1b-8636-2b9292cae3d5,synth_76229c2ee67d,unbanked,tabddpm_synthetic,,['en'],advance fee,2024-10-18T23:26:00+00:00,3000.0,1500.0,20,23,6,Sunday,13,1,53,advance fee,en,Bill pay kiosk,0
84a73523-4f09-4e53-9cc6-415b6a5c3f82,synth_aaa8ceae3f00,unbanked,tabddpm_synthetic,,['en'],advance fee,2024-04-06T08:47:00+00:00,211.3,24.14,20,8,0,Monday,4,897,5,advance fee,en,Bill pay kiosk,0
b00c4dc3-c8b8-4641-b719-f1349915b93a,synth_7badb51fb045,unbanked,tabddpm_synthetic,,['en'],advance fee,2024-08-26T00:22:00+00:00,562.33,11.61,20,0,0,Monday,0,505,12,advance fee,en,Bill pay kiosk,0
bb02b3e0-3c79-466f-9a23-d6ca4ca07877,synth_9a2fea45cb5e,unbanked,tabddpm_synthetic,,['en'],advance fee,2024-02-24T23:44:00+00:00,3000.0,974.91,38,23,6,Sunday,0,1,37,advance fee,en,Bill pay kiosk,0
b02ee5b1-a300-4442-820a-3a6627853544,synth_880cdf8219be,unbanked,tabddpm_synthetic,,['en'],advance fee,2024-04-27T23:45:00+00:00,3000.0,1500.0,20,23,0,Monday,90,1,47,advance fee,en,Bill pay kiosk,0
71977f02-60c1-4217-b1d1-4c2a8b431e2c,synth_ea478f748b85,unbanked,tabddpm_synthetic,,['en'],advance fee,2024-10-14T23:03:00+00:00,3000.0,1500.0,20,23,6,Sunday,0,1,100,advance fee,en,Bill pay kiosk,0
eb16c9ff-c3d2-4eff-bbdf-57697070500a,synth_a06b2d8dfa68,unbanked,tabddpm_synthetic,,['en'],advance fee,2024-12-19T04:19:00+00:00,761.13,67.95,20,4,0,Monday,0,2000,7,advance fee,en,Bill pay kiosk,0
2fec48c4-4ede-46e4-8638-c7993b7fe50d,synth_708f8c2b4c69,unbanked,tabddpm_synthetic,,['en'],advance fee,2024-04-14T10:52:00+00:00,111.54,9.63,47,10,0,Monday,9,1663,6,advance fee,en,Bill pay kiosk,0
fd5a37f6-24e0-4178-95e7-1dc1b8750e3b,synth_156ce31af932,unbanked,tabddpm_synthetic,,['en'],advance fee,2024-01-31T23:39:00+00:00,3000.0,1500.0,60,23,0,Monday,15,1,48,advance fee,en,Bill pay kiosk,0
2b3b1531-1fa5-4b88-b7fe-56f457917bb4,synth_30c93f4ade1c,unbanked,tabddpm_synthetic,,['en'],advance fee,2024-07-14T23:51:00+00:00,3000.0,1500.0,20,23,0,Monday,90,1,100,advance fee,en,Bill pay kiosk,0
01d768cc-d454-4c96-a05f-f6a0a9c2e160,synth_de144239f4a0,unbanked,tabddpm_synthetic,,['en'],advance fee,2024-07-22T09:49:00+00:00,10.0,41.43,20,9,0,Monday,40,1599,10,advance fee,en,Bill pay kiosk,0
37fbbd19-fd9e-4252-9571-8a28e4f4109d,synth_83727a853443,unbanked,tabddpm_synthetic,,['en'],advance fee,2024-08-22T23:21:00+00:00,10.0,0.0,20,23,0,Monday,90,1,100,advance fee,en,Bill pay kiosk,0
080dcfe2-2fa9-4e80-9343-cf18eaaac6a9,synth_27483ecf80e3,unbanked,tabddpm_synthetic,,['en'],advance fee,2024-10-23T10:07:00+00:00,10.0,0.0,20,10,0,Monday,90,1,85,advance fee,en,Bill pay kiosk,0
362630f6-5070-4512-993a-5d621110c8ed,synth_b0ca66205fe9,unbanked,tabddpm_synthetic,,['en'],advance fee,2024-08-25T06:09:00+00:00,191.22,8.18,20,6,0,Monday,6,1500,5,advance fee,en,Bill pay kiosk,0
cb32b104-9deb-4658-b807-33349e198aef,synth_afd37913b15a,unbanked,tabddpm_synthetic,,['en'],advance fee,2024-07-04T05:58:00+00:00,542.51,38.41,27,5,0,Monday,6,2000,0,advance fee,en,Bill pay kiosk,0
655c97e5-bf86-49de-8a51-f99c5385ff8e,synth_ec0d6b254cf7,unbanked,tabddpm_synthetic,,['en'],advance fee,2024-09-19T11:06:00+00:00,1762.75,163.37,20,11,0,Monday,17,300,13,advance fee,en,Bill pay kiosk,0
c0a0f0e0-f86e-472a-bc19-4f23db7f8629,synth_26499b561f37,unbanked,tabddpm_synthetic,,['en'],advance fee,2024-05-07T23:32:00+00:00,3000.0,1500.0,20,23,6,Sunday,0,1,100,advance fee,en,Bill pay kiosk,0
47db5436-dcbf-4edc-8a45-322b73ed06af,synth_4b87a5121da3,unbanked,tabddpm_synthetic,,['en'],advance fee,2024-09-24T23:51:00+00:00,3000.0,1500.0,20,23,0,Monday,90,1,100,advance fee,en,Bill pay kiosk,1
9b045797-3036-4c9c-a5cc-56a1de0dcbfe,synth_5bfc58970b9e,unbanked,tabddpm_synthetic,,['en'],fake loan,2024-01-28T00:04:00+00:00,3000.0,322.04,23,0,0,Monday,0,1,28,fake loan,en,Bill pay kiosk,0
3183f339-00fc-4fbc-9ae2-74b6131506f0,synth_39badc7b8e66,unbanked,tabddpm_synthetic,,['en'],advance fee,2024-01-11T23:34:00+00:00,3000.0,1500.0,20,23,0,Monday,90,1,100,advance fee,en,Bill pay kiosk,0
5c089cc6-c208-4254-8e7d-9293bcc31249,synth_184621a652f9,unbanked,tabddpm_synthetic,,['en'],advance fee,2024-04-21T08:59:00+00:00,300.9,58.26,20,8,0,Monday,22,1467,9,advance fee,en,Bill pay kiosk,0
8d9ca4ea-4ff4-4182-8728-8f48b5144a50,synth_a53e3d109650,unbanked,tabddpm_synthetic,,['en'],advance fee,2024-12-24T00:04:00+00:00,547.53,56.58,60,0,0,Monday,0,2000,11,advance fee,en,Bill pay kiosk,0
f9f32d37-2e2e-44b6-8ea8-13280b15ca7b,synth_cefb7230fab0,unbanked,tabddpm_synthetic,,['en'],advance fee,2024-11-16T23:11:00+00:00,3000.0,1500.0,20,23,0,Monday,90,1,100,advance fee,en,Bill pay kiosk,1
33906577-62d1-4365-9c5e-cbcd0870778e,synth_f4281fa00740,unbanked,tabddpm_synthetic,,['en'],advance fee,2024-10-03T03:46:00+00:00,1533.96,75.43,20,3,4,Friday,1,1199,3,advance fee,en,Bill pay kiosk,0
7d24aa8f-0e6b-4267-8d19-962244197ad1,synth_6efe9a107541,unbanked,tabddpm_synthetic,,['en'],advance fee,2024-10-08T10:09:00+00:00,10.0,0.0,20,10,0,Monday,43,634,25,advance fee,en,Bill pay kiosk,1
4c31b954-27bb-4df2-8e50-26e369a592eb,synth_6a8a6b44c0d5,unbanked,tabddpm_synthetic,,['en'],advance fee,2024-08-21T23:45:00+00:00,3000.0,1500.0,20,23,6,Sunday,0,1,100,advance fee,en,Bill pay kiosk,0
877b65dc-1237-4abe-9304-c0548860ec71,synth_82f5951dce25,unbanked,tabddpm_synthetic,,['en'],advance fee,2024-05-12T12:42:00+00:00,10.0,0.0,20,12,0,Monday,90,1,44,advance fee,en,Bill pay kiosk,0
39896bfa-a20c-4bb9-9261-8407929d71d1,synth_c8f73a6a3919,unbanked,tabddpm_synthetic,,['en'],advance fee,2024-09-02T07:46:00+00:00,10.0,0.0,20,7,0,Monday,90,1179,15,advance fee,en,Bill pay kiosk,0
532f89c2-f0c0-45f4-8168-65b1f11433fc,synth_d3fa228bb30f,unbanked,tabddpm_synthetic,,['es'],advance fee,2024-05-15T11:32:00+00:00,56.65,3.81,27,11,5,Saturday,1,863,8,advance fee,es,Bill pay kiosk,0
5610e777-cc45-4972-8296-a2484c6c39e4,synth_7b0d8cc9ffe5,unbanked,tabddpm_synthetic,,['en'],advance fee,2024-11-12T23:19:00+00:00,3000.0,1500.0,20,23,0,Monday,90,1,100,advance fee,en,Bill pay kiosk,0
a9a6df51-88aa-44f7-a801-e615b3521df0,synth_3e81bdf66b37,unbanked,tabddpm_synthetic,,['en'],advance fee,2024-07-28T00:24:00+00:00,103.3,38.28,21,0,0,Monday,0,607,5,advance fee,en,Bill pay kiosk,0
a047ead1-dd67-4fc8-87c3-cf9b4535d155,synth_2a5bfa49407d,unbanked,tabddpm_synthetic,,['en'],advance fee,2024-06-06T23:07:00+00:00,3000.0,1500.0,20,23,6,Sunday,0,1,100,advance fee,en,Bill pay kiosk,0
6bf95665-b44d-4896-ac42-d160d355535f,synth_c7844a334880,unbanked,tabddpm_synthetic,,['en'],advance fee,2024-02-20T00:29:00+00:00,3000.0,1500.0,60,0,0,Monday,52,1,100,advance fee,en,Bill pay kiosk,1
30e7b2f3-47dd-41bb-b658-927186e31899,synth_95b0bb065a98,unbanked,tabddpm_synthetic,,['en'],advance fee,2024-04-11T00:44:00+00:00,3000.0,1500.0,60,0,6,Sunday,0,1,100,advance fee,en,Bill pay kiosk,0
dbbbf739-bf78-4ca9-a614-bd9ccb8d3fbc,synth_3388f4cd447e,unbanked,tabddpm_synthetic,,['en'],advance fee,2024-03-25T00:23:00+00:00,481.98,40.49,22,0,0,Monday,0,2000,8,advance fee,en,Bill pay kiosk,0
cd7e91bb-c2d7-40e7-a692-a1fc6a64aaa7,synth_4cd99f3c0fce,unbanked,tabddpm_synthetic,,['en'],advance fee,2024-08-26T00:27:00+00:00,10.0,0.0,20,0,0,Monday,90,1,34,advance fee,en,Bill pay kiosk,0
1669d846-98bc-40ea-a416-2ae408cffa78,synth_e22e0c73266f,unbanked,tabddpm_synthetic,,['en'],advance fee,2024-05-14T12:13:00+00:00,306.38,8.71,52,12,0,Monday,0,401,7,advance fee,en,Bill pay kiosk,0
0c348bc1-1c18-4cde-bf30-8ede1ae071d7,synth_ffe953bfc5f6,unbanked,tabddpm_synthetic,,['en'],advance fee,2024-05-31T09:56:00+00:00,824.33,69.14,20,9,0,Monday,15,1303,14,advance fee,en,Bill pay kiosk,0
81467f1f-78f0-43fc-b948-39b7bf049dad,synth_1ef76df94b7c,unbanked,tabddpm_synthetic,,['en'],advance fee,2024-10-10T11:49:00+00:00,620.63,47.86,20,11,1,Tuesday,49,1067,7,advance fee,en,Bill pay kiosk,0
922a41cd-32b1-4257-b43e-039ecf618e6c,synth_c2c92e3d3005,unbanked,tabddpm_synthetic,,['en'],advance fee,2024-04-23T00:21:00+00:00,148.76,9.02,22,0,0,Monday,0,1990,10,advance fee,en,Bill pay kiosk,0
06263605-abf3-4932-a1d1-59301f859a65,synth_19dcfaa37c7e,unbanked,tabddpm_synthetic,,['en'],advance fee,2024-11-15T00:34:00+00:00,3000.0,1115.28,53,0,4,Friday,0,1,84,advance fee,en,Bill pay kiosk,0
12911b42-73dc-4b5f-ae55-76f31b6ab926,synth_1af61fba2ffa,unbanked,tabddpm_synthetic,,['en'],advance fee,2024-10-24T07:20:00+00:00,323.49,58.35,23,7,0,Monday,7,527,10,advance fee,en,Bill pay kiosk,0
b491b10e-0e89-4a28-9861-1cd159df19bc,synth_5fc54f06cba8,unbanked,tabddpm_synthetic,,['en'],advance fee,2024-08-02T00:45:00+00:00,3000.0,1457.88,51,0,0,Monday,32,1,96,advance fee,en,Bill pay kiosk,0
6572cc73-77dc-4534-a791-d3b844406706,synth_1f9f5a3b2c9b,unbanked,tabddpm_synthetic,,['en'],advance fee,2024-02-08T00:18:00+00:00,3000.0,1500.0,59,0,0,Monday,45,1,100,advance fee,en,Bill pay kiosk,0
7bef2066-2049-4d66-a2fc-97cee09394f7,synth_bb49d9d74e60,unbanked,tabddpm_synthetic,,['en'],advance fee,2024-12-17T23:49:00+00:00,3000.0,1500.0,20,23,0,Monday,90,1,100,advance fee,en,Bill pay kiosk,0
915442a7-8c54-436f-8c07-5f173bf4bbed,synth_99decc3da561,unbanked,tabddpm_synthetic,,['en'],advance fee,2024-10-14T11:24:00+00:00,201.29,42.02,20,11,0,Monday,9,1083,5,advance fee,en,Bill pay kiosk,0
3a8a01a8-21ed-4cd5-b4bc-37b4dfed6163,synth_771ad9d7c376,unbanked,tabddpm_synthetic,,['en'],advance fee,2024-09-04T21:41:00+00:00,133.03,0.0,20,21,0,Monday,90,1,56,advance fee,en,Bill pay kiosk,1
8ff8f413-b9cc-45a3-8d2f-99587a0ba496,synth_e74d823f0fba,unbanked,tabddpm_synthetic,,['en'],fake loan,2024-11-30T06:06:00+00:00,119.21,37.21,20,6,0,Monday,33,936,5,fake loan,en,Bill pay kiosk,0
da7a67e3-4545-4809-a9b2-590857541e10,synth_df4c4ab573fe,unbanked,tabddpm_synthetic,,['en'],advance fee,2024-02-24T00:54:00+00:00,2532.76,179.72,36,0,0,Monday,2,542,10,advance fee,en,Bill pay kiosk,0
ec4278b8-5597-4b88-803d-69fd3503903a,synth_b5c6dab6da8c,unbanked,tabddpm_synthetic,,['en'],advance fee,2024-01-20T23:03:00+00:00,3000.0,1500.0,20,23,6,Sunday,16,1,100,advance fee,en,Bill pay kiosk,0
326f038b-05a2-415c-8ad8-95bcfecb744a,synth_2826ed23b0d8,unbanked,tabddpm_synthetic,,['en'],advance fee,2024-12-15T23:53:00+00:00,3000.0,1500.0,20,23,0,Monday,26,1,100,advance fee,en,Bill pay kiosk,0
8b027557-2d28-4444-b3d2-e20e5634dc47,synth_34aacefa994b,unbanked,tabddpm_synthetic,,['en'],advance fee,2024-10-05T14:01:00+00:00,1189.57,141.18,20,14,2,Wednesday,13,1552,6,advance fee,en,Bill pay kiosk,0
cd1ba646-9311-4f9f-a087-df8c7ecc2691,synth_1be562bbd5e0,unbanked,tabddpm_synthetic,,['en'],advance fee,2024-05-09T23:56:00+00:00,3000.0,1500.0,20,23,6,Sunday,32,1,100,advance fee,en,Bill pay kiosk,0
06035408-78ae-4d3d-9277-b2894c40cf16,synth_a439ae0f77b8,unbanked,tabddpm_synthetic,,['en'],advance fee,2024-03-04T13:37:00+00:00,3000.0,178.22,58,13,5,Saturday,0,731,14,advance fee,en,Bill pay kiosk,0
01c8aa57-6983-40dd-b951-fcdbcd87806d,synth_76e1bf22c39b,unbanked,tabddpm_synthetic,,['en'],advance fee,2024-10-21T12:51:00+00:00,36.54,83.99,20,12,0,Monday,23,2000,4,advance fee,en,Bill pay kiosk,0
c0bc16c9-a51f-43e5-acef-f07bf7d7a68c,synth_2781cd99afc0,unbanked,tabddpm_synthetic,,['en'],advance fee,2024-11-26T23:08:00+00:00,10.0,0.0,20,23,0,Monday,90,1,100,advance fee,en,Bill pay kiosk,0
82aad762-18a1-4ff5-bf17-39e2fe007269,synth_44cd9b2d400a,unbanked,tabddpm_synthetic,,['en'],advance fee,2024-03-21T23:57:00+00:00,3000.0,1500.0,20,23,0,Monday,90,1,100,advance fee,en,Bill pay kiosk,1
c9f737dc-e6cb-4ca7-aa20-8806dc048403,synth_a29187bbdcf8,unbanked,tabddpm_synthetic,,['en'],advance fee,2024-04-11T00:45:00+00:00,3000.0,1500.0,20,0,6,Sunday,0,1,100,advance fee,en,Bill pay kiosk,0
09e6cc28-5f49-459a-861d-7fc59fc1e594,synth_e6c7bc3afd63,unbanked,tabddpm_synthetic,,['en'],advance fee,2024-08-20T19:54:00+00:00,356.73,36.78,33,19,0,Monday,10,365,10,advance fee,en,Bill pay kiosk,0
bd9cc154-5704-4a36-a3e4-5357d7f7c5ac,synth_0fc2e63a2ceb,unbanked,tabddpm_synthetic,,['en'],advance fee,2024-02-03T13:55:00+00:00,216.15,44.34,20,13,0,Monday,21,2000,4,advance fee,en,Bill pay kiosk,0
11699ab0-160a-45cc-a6f0-4b793f605a37,synth_d9f5f6980080,unbanked,tabddpm_synthetic,,['en'],advance fee,2024-08-27T09:29:00+00:00,322.68,58.08,20,9,0,Monday,32,1705,8,advance fee,en,Bill pay kiosk,0
740ae968-8f49-4561-89aa-23d04c389dd9,synth_edfec9ea4089,unbanked,tabddpm_synthetic,,['en'],advance fee,2024-02-14T08:41:00+00:00,742.22,43.63,20,8,0,Monday,90,2000,12,advance fee,en,Bill pay kiosk,0
ca5f61db-6383-4e9c-9600-5e617f408587,synth_610567d0bdb5,unbanked,tabddpm_synthetic,,['en'],advance fee,2024-10-06T01:48:00+00:00,10.0,0.0,20,1,0,Monday,90,1,36,advance fee,en,Bill pay kiosk,0
abbee22b-3657-42d4-a62f-736ea11adf0e,synth_4a08c51096b2,unbanked,tabddpm_synthetic,,['en'],advance fee,2024-06-12T23:33:00+00:00,3000.0,1500.0,60,23,0,Monday,0,1,100,advance fee,en,Bill pay kiosk,0
afd9c86a-a390-47fa-a8fb-21cc2001dda1,synth_f3d6a8dd7729,unbanked,tabddpm_synthetic,,['en'],advance fee,2024-01-14T23:05:00+00:00,3000.0,1500.0,20,23,6,Sunday,90,1,100,advance fee,en,Bill pay kiosk,0
99679341-80ba-43c9-b6f6-3ebeba09043b,synth_e3c3351e7f60,unbanked,tabddpm_synthetic,,['en'],advance fee,2024-04-14T00:58:00+00:00,3000.0,1500.0,60,0,6,Sunday,0,1,100,advance fee,en,Bill pay kiosk,0
e0fd032a-c50e-44c9-9ee9-a43d87455aac,synth_60510f37723e,unbanked,tabddpm_synthetic,,['en'],advance fee,2024-06-27T23:58:00+00:00,3000.0,1500.0,20,23,0,Monday,90,1,100,advance fee,en,Bill pay kiosk,0
a7ae5f35-2c5e-4e57-b34d-18a9cb24b520,synth_6bd376c43501,unbanked,tabddpm_synthetic,,['en'],advance fee,2024-07-11T14:47:00+00:00,482.94,83.58,20,14,0,Monday,18,1704,2,advance fee,en,Bill pay kiosk,0
25654569-45df-462c-8795-e25fcf652d2f,synth_cb77b30f43e3,unbanked,tabddpm_synthetic,,['en'],advance fee,2024-10-04T00:47:00+00:00,3000.0,866.84,20,0,0,Monday,90,485,100,advance fee,en,Bill pay kiosk,0
4ead18e7-4723-4e56-9b66-a2a4facaf487,synth_139633cde7b3,unbanked,tabddpm_synthetic,,['en'],advance fee,2024-08-11T23:13:00+00:00,3000.0,1500.0,20,23,0,Monday,90,1,100,advance fee,en,Bill pay kiosk,0
0d086f88-2b65-4329-b584-29e8d7491382,synth_d7b3c8a0ac8c,unbanked,tabddpm_synthetic,,['en'],advance fee,2024-02-21T23:59:00+00:00,3000.0,1500.0,20,23,6,Sunday,47,1,100,advance fee,en,Bill pay kiosk,0
5d754cdb-6f6e-4595-96e1-cae9f42af8d3,synth_7d61891e39ab,unbanked,tabddpm_synthetic,,['en'],advance fee,2024-07-28T23:41:00+00:00,3000.0,1283.75,20,23,0,Monday,90,1,95,advance fee,en,Bill pay kiosk,0
48175796-ee20-4263-a95d-539c72f6aa8c,synth_13685fa6cbba,unbanked,tabddpm_synthetic,,['en'],advance fee,2024-04-15T02:00:00+00:00,10.0,0.0,20,2,2,Wednesday,90,528,11,advance fee,en,Bill pay kiosk,0
dd390931-8b56-474e-a88d-0d791aa0b2ba,synth_ec829328631d,unbanked,tabddpm_synthetic,,['en'],advance fee,2024-07-24T00:37:00+00:00,401.65,58.78,60,0,0,Monday,0,568,9,advance fee,en,Bill pay kiosk,0
5810a0f9-0707-400b-82c1-de9322d11f2c,synth_487cac899c69,unbanked,tabddpm_synthetic,,['en'],advance fee,2024-12-18T08:56:00+00:00,1250.24,117.1,59,8,0,Monday,0,1829,8,advance fee,en,Bill pay kiosk,0
14597c44-957a-41c2-af26-6a5cbba18647,synth_a52356eeda37,unbanked,tabddpm_synthetic,,['en'],advance fee,2024-06-17T06:46:00+00:00,416.27,41.58,20,6,0,Monday,1,1778,6,advance fee,en,Bill pay kiosk,0
314312b6-c2ac-464c-96d7-c7c2d6c266e4,synth_590e36a7f47e,unbanked,tabddpm_synthetic,,['en'],advance fee,2024-02-26T05:49:00+00:00,156.41,9.96,20,5,0,Monday,31,1313,12,advance fee,en,Bill pay kiosk,0
07912bd1-28d3-40fb-9fb3-eff22263db63,synth_aa640c218f33,unbanked,tabddpm_synthetic,,['en'],advance fee,2024-04-26T08:54:00+00:00,58.06,4.19,21,8,0,Monday,6,1752,4,advance fee,en,Bill pay kiosk,0
a9723bac-c367-4d4d-92ea-d0c0db3d9bd6,synth_e90ebb75d346,unbanked,tabddpm_synthetic,,['en'],advance fee,2024-08-10T04:43:00+00:00,745.35,63.09,55,4,0,Monday,0,2000,13,advance fee,en,Bill pay kiosk,0
f497ac50-0658-470f-938e-8c144214a468,synth_6f630566fc44,unbanked,tabddpm_synthetic,,['en'],advance fee,2024-10-14T23:17:00+00:00,3000.0,1500.0,20,23,6,Sunday,78,1,100,advance fee,en,Bill pay kiosk,0
a689036c-3e78-4521-b151-ba5907d3b68f,synth_f74c6991f67f,unbanked,tabddpm_synthetic,,['en'],advance fee,2024-03-23T23:32:00+00:00,3000.0,1500.0,20,23,0,Monday,90,1,100,advance fee,en,Bill pay kiosk,0
1c9e4d18-0049-4a23-92b1-49a4d1152709,synth_cab92eaddf9b,unbanked,tabddpm_synthetic,,['en'],advance fee,2024-10-22T16:20:00+00:00,394.95,44.83,41,16,2,Wednesday,0,849,2,advance fee,en,Bill pay kiosk,0
a14d1ec4-183a-48ad-84c2-b7980e8ef49d,synth_e6ee7fa89394,unbanked,tabddpm_synthetic,,['en'],advance fee,2024-07-11T08:41:00+00:00,295.68,28.13,20,8,6,Sunday,14,1316,16,advance fee,en,Bill pay kiosk,0
657b28f9-e0cb-44e5-80df-40d309f02032,synth_948266ddd305,unbanked,tabddpm_synthetic,,['en'],advance fee,2024-03-31T11:19:00+00:00,134.62,0.0,27,11,0,Monday,7,1435,7,advance fee,en,Bill pay kiosk,0
11d63766-88d1-418f-8346-8e0fd97ecb72,synth_d87ebeeef78c,unbanked,tabddpm_synthetic,,['en'],advance fee,2024-02-13T00:27:00+00:00,29.58,0.0,20,0,0,Monday,0,2000,13,advance fee,en,Bill pay kiosk,0
b131c75d-5d41-4ad8-8ca9-4373391b6c53,synth_4f50210fa0a7,unbanked,tabddpm_synthetic,,['en'],advance fee,2024-09-05T00:31:00+00:00,91.68,30.12,38,0,0,Monday,0,2000,6,advance fee,en,Bill pay kiosk,0
26365b14-ef34-46eb-a376-a609f5230f0f,synth_77af8220346c,unbanked,tabddpm_synthetic,,['en'],advance fee,2024-01-28T23:26:00+00:00,3000.0,1500.0,20,23,6,Sunday,0,1,100,advance fee,en,Bill pay kiosk,0
2f335c5a-e17e-441c-aeb9-b1c907fb4e2d,synth_f0f69b90c587,unbanked,tabddpm_synthetic,,['en'],advance fee,2024-04-16T00:51:00+00:00,2387.25,213.22,20,0,0,Monday,50,1,29,advance fee,en,Bill pay kiosk,0
57c34839-c145-4c70-8311-26b3b03c06bb,synth_b513887dbe96,unbanked,tabddpm_synthetic,,['en'],advance fee,2024-03-24T03:17:00+00:00,87.61,23.62,34,3,0,Monday,0,1228,9,advance fee,en,Bill pay kiosk,0
d25b3c81-5f7f-4912-8fd8-7fd578525f90,synth_6c478a911196,unbanked,tabddpm_synthetic,,['en'],advance fee,2024-01-18T10:09:00+00:00,10.0,25.43,29,10,0,Monday,27,1059,5,advance fee,en,Bill pay kiosk,0
b8d450f0-54df-42f4-8a3d-5116f2c41e21,synth_b4018ba4455e,unbanked,tabddpm_synthetic,,['en'],advance fee,2024-04-06T14:12:00+00:00,166.23,19.03,20,14,0,Monday,2,1128,0,advance fee,en,Bill pay kiosk,0
87283765-0602-415f-b053-99c23f72b7dc,synth_40cbdba76576,unbanked,tabddpm_synthetic,,['en'],advance fee,2024-07-19T05:29:00+00:00,10.0,0.0,20,5,0,Monday,90,1,46,advance fee,en,Bill pay kiosk,0
b1e227da-5ea3-4558-8abf-3a72decde525,synth_5461f61beb87,unbanked,tabddpm_synthetic,,['en'],advance fee,2024-07-04T00:57:00+00:00,783.57,39.07,20,0,0,Monday,47,1301,29,advance fee,en,Bill pay kiosk,0
61ad7422-85b7-4757-96e3-85c00871eeac,synth_00faa24096eb,unbanked,tabddpm_synthetic,,['en'],advance fee,2024-07-05T02:04:00+00:00,10.0,0.0,20,2,0,Monday,90,474,38,advance fee,en,Bill pay kiosk,0
9d0ffe13-1617-48de-aa77-4ac579735b86,synth_4d67b638096c,unbanked,tabddpm_synthetic,,['en'],advance fee,2024-07-31T00:37:00+00:00,3000.0,1500.0,20,0,6,Sunday,0,1,100,advance fee,en,Bill pay kiosk,0
21a6e2b7-59ba-4545-a5d9-40bab77874a0,synth_67c55d7b0cd0,unbanked,tabddpm_synthetic,,['en'],advance fee,2024-01-04T17:50:00+00:00,3000.0,244.89,20,17,6,Sunday,0,132,10,advance fee,en,Bill pay kiosk,0
bc20ff86-1087-4442-a20d-ede03ec67a33,synth_ecfa27c8be11,unbanked,tabddpm_synthetic,,['en'],advance fee,2024-12-21T00:01:00+00:00,3000.0,527.04,60,0,0,Monday,0,2000,21,advance fee,en,Bill pay kiosk,0
fb9ce849-9907-47f1-9522-9a974857c78b,synth_230c0cb7c4e5,unbanked,tabddpm_synthetic,,['es'],advance fee,2024-09-07T06:32:00+00:00,10.0,0.0,20,6,0,Monday,0,1725,7,advance fee,es,Bill pay kiosk,0
aa8882ce-3ca6-4cd9-8bc7-b8ea16554de6,synth_e897f0277159,unbanked,tabddpm_synthetic,,['en'],advance fee,2024-05-20T23:24:00+00:00,3000.0,1500.0,20,23,6,Sunday,0,1,100,advance fee,en,Bill pay kiosk,0
7e9d66ef-1c4c-4219-8b5a-77a460af1c50,synth_31a9ce69bb4b,unbanked,tabddpm_synthetic,,['en'],advance fee,2024-06-17T10:22:00+00:00,10.0,0.0,20,10,0,Monday,90,1,33,advance fee,en,Bill pay kiosk,0
f2c7c0d1-bf4b-4ca6-86cb-3b29e2ea7e98,synth_d995dc7dbc66,unbanked,tabddpm_synthetic,,['en'],advance fee,2024-12-09T05:55:00+00:00,50.29,10.6,34,5,0,Monday,0,2000,8,advance fee,en,Bill pay kiosk,0
520dd0f1-2f2f-4abc-aa72-9c697dd18a11,synth_d6388aef89d2,unbanked,tabddpm_synthetic,,['en'],advance fee,2024-11-03T12:56:00+00:00,424.71,21.77,56,12,3,Thursday,1,1144,8,advance fee,en,Bill pay kiosk,0
f6c84ed4-6827-4678-924b-fb48c2f44d7e,synth_c573294fdd55,unbanked,tabddpm_synthetic,,['en'],advance fee,2024-06-08T13:39:00+00:00,10.0,0.0,20,13,0,Monday,90,1,31,advance fee,en,Bill pay kiosk,0
e594d22f-1aa0-423a-abd0-9622b33383a3,synth_04d3fbcfb6bf,unbanked,tabddpm_synthetic,,['en'],advance fee,2024-09-03T23:37:00+00:00,3000.0,1500.0,20,23,6,Sunday,0,1,100,advance fee,en,Bill pay kiosk,0
0d1193b2-a3cb-487b-be44-d303dc7e0d8a,synth_2ba3cbbd5893,unbanked,tabddpm_synthetic,,['en'],advance fee,2024-09-29T08:53:00+00:00,375.48,56.3,20,8,4,Friday,5,2000,0,advance fee,en,Bill pay kiosk,0
6a776626-0191-4b6e-adc3-e4cece2d0f3a,synth_4fb7d94ba3cb,unbanked,tabddpm_synthetic,,['en'],advance fee,2024-09-02T00:14:00+00:00,3000.0,1500.0,20,0,6,Sunday,0,1,100,advance fee,en,Bill pay kiosk,0
480e0936-d1d4-4f6a-915f-96963e916290,synth_9915f3064bdd,unbanked,tabddpm_synthetic,,['en'],advance fee,2024-01-10T23:15:00+00:00,3000.0,1500.0,60,23,0,Monday,90,1,100,advance fee,en,Bill pay kiosk,1
7d3267cf-0757-40f7-b059-050da21fc99b,synth_4d6a4a09765b,unbanked,tabddpm_synthetic,,['en'],advance fee,2024-10-26T23:49:00+00:00,3000.0,1500.0,60,23,0,Monday,90,1,100,advance fee,en,Bill pay kiosk,0
792a1041-3fd6-42fb-a511-b538fd26bc8c,synth_86f404a214e1,unbanked,tabddpm_synthetic,,['en'],advance fee,2024-09-29T08:42:00+00:00,363.03,23.75,20,8,0,Monday,14,276,14,advance fee,en,Bill pay kiosk,0
08e89d6b-3c6e-4776-9041-f22cccbb0901,synth_a11941152afd,unbanked,tabddpm_synthetic,,['en'],advance fee,2024-09-03T23:46:00+00:00,3000.0,1500.0,20,23,0,Monday,90,1,100,advance fee,en,Bill pay kiosk,0
31a16ce2-cadc-45ed-9ebf-db8b7bd11c94,synth_008f4252d3da,unbanked,tabddpm_synthetic,,['en'],advance fee,2024-07-21T09:14:00+00:00,897.96,79.15,20,9,1,Tuesday,1,105,0,advance fee,en,Bill pay kiosk,0
25d31d3b-f354-4f36-a757-b56e6475d6fe,synth_4d7d4030ce83,unbanked,tabddpm_synthetic,,['en'],advance fee,2024-08-23T05:37:00+00:00,10.0,0.0,20,5,0,Monday,90,1,58,advance fee,en,Bill pay kiosk,1
4aab6dff-1aa9-41cd-a7ef-7645d327d8cd,synth_a5507a7d9d8d,unbanked,tabddpm_synthetic,,['en'],advance fee,2024-08-02T23:24:00+00:00,3000.0,289.32,39,23,0,Monday,0,1,27,advance fee,en,Bill pay kiosk,0
32885307-aec6-4a76-b91b-24e231c84aba,synth_6d52f989e31b,unbanked,tabddpm_synthetic,,['en'],advance fee,2024-04-05T23:42:00+00:00,3000.0,1500.0,20,23,0,Monday,90,1,100,advance fee,en,Bill pay kiosk,0
e3947b7a-90b0-486e-874b-a36698e29a4e,synth_fca613a2b26f,unbanked,tabddpm_synthetic,,['en'],advance fee,2024-11-05T00:05:00+00:00,911.6,88.06,50,0,0,Monday,1,1194,8,advance fee,en,Bill pay kiosk,0
8df7be32-1c1d-4b73-9758-938fd6fa9bb3,synth_a11ae1e9d296,unbanked,tabddpm_synthetic,,['en'],advance fee,2024-12-27T05:46:00+00:00,78.98,7.95,20,5,0,Monday,34,637,7,advance fee,en,Bill pay kiosk,0
a1dc286d-d711-4ceb-a739-b3ef62284c6c,synth_a80a99af0c40,unbanked,tabddpm_synthetic,,['en'],advance fee,2024-09-06T18:50:00+00:00,1249.44,145.27,20,18,5,Saturday,53,970,0,advance fee,en,Bill pay kiosk,0
8c9e67c8-6478-4273-9dc6-2259a5980f51,synth_6088da5b96ba,unbanked,tabddpm_synthetic,,['en'],advance fee,2024-11-14T23:15:00+00:00,3000.0,1500.0,20,23,6,Sunday,0,1,100,advance fee,en,Bill pay kiosk,0
2aeb80eb-6408-4e7d-80db-db01d602e9be,synth_7ef5d7fac468,unbanked,tabddpm_synthetic,,['en'],advance fee,2024-06-21T15:57:00+00:00,413.63,54.73,20,15,0,Monday,3,1122,8,advance fee,en,Bill pay kiosk,0
0d7e5d5a-d00e-4ff3-864c-d0dede953089,synth_2c9f24a81985,unbanked,tabddpm_synthetic,,['en'],advance fee,2024-03-27T15:05:00+00:00,10.0,0.0,24,15,6,Sunday,86,450,0,advance fee,en,Bill pay kiosk,0
5969ed44-445a-461c-914c-037c194eec78,synth_b67b6057ac3c,unbanked,tabddpm_synthetic,,['en'],advance fee,2024-09-18T23:26:00+00:00,3000.0,1500.0,60,23,0,Monday,90,1,100,advance fee,en,Bill pay kiosk,1
eafcabdc-1b1a-4180-8e76-d0ddf78d5200,synth_78c8028fdf76,unbanked,tabddpm_synthetic,,['en'],advance fee,2024-04-28T01:24:00+00:00,10.0,0.0,20,1,0,Monday,90,1,19,advance fee,en,Bill pay kiosk,0
5dae0600-3add-4228-aaa2-e16458bced51,synth_e3044026ba28,unbanked,tabddpm_synthetic,,['en'],advance fee,2024-10-15T05:30:00+00:00,10.0,0.0,20,5,0,Monday,90,327,12,advance fee,en,Bill pay kiosk,0
cbd76cbf-b5bc-47aa-ac4c-6eb1a911ed9b,synth_9ed3b5b3b67e,unbanked,tabddpm_synthetic,,['en'],advance fee,2024-01-18T13:50:00+00:00,681.44,9.8,20,13,2,Wednesday,6,814,4,advance fee,en,Bill pay kiosk,0
02cc1b85-00af-4453-b4fa-3d439ced4c5e,synth_ca9f161457d3,unbanked,tabddpm_synthetic,,['en'],advance fee,2024-10-30T14:55:00+00:00,10.0,0.0,20,14,0,Monday,90,1,67,advance fee,en,Bill pay kiosk,0
f5a1a673-e7c3-44ac-a7e6-2f043beaa734,synth_18484f2e0f86,unbanked,tabddpm_synthetic,,['en'],advance fee,2024-01-06T00:26:00+00:00,3000.0,683.47,20,0,0,Monday,18,1,72,advance fee,en,Bill pay kiosk,0
b4d1a7fc-c52c-449c-bd1a-34cca6637a78,synth_c7e684f900c7,unbanked,tabddpm_synthetic,,['en'],advance fee,2024-12-18T23:38:00+00:00,3000.0,1500.0,20,23,6,Sunday,0,1,82,advance fee,en,Bill pay kiosk,0
ec6e930c-c190-466e-82e4-794e75cfc1de,synth_3368c5f96aa5,unbanked,tabddpm_synthetic,,['en'],advance fee,2024-12-30T00:27:00+00:00,169.98,14.09,20,0,0,Monday,0,2000,12,advance fee,en,Bill pay kiosk,0
0edcff26-5240-49c0-b784-28cee91c1741,synth_d634eae8ea68,unbanked,tabddpm_synthetic,,['en'],advance fee,2024-10-28T23:22:00+00:00,3000.0,1500.0,20,23,6,Sunday,0,1,100,advance fee,en,Bill pay kiosk,0
dbbebcb6-694b-45a7-8756-59d664f1124d,synth_6fcde12e1ef7,unbanked,tabddpm_synthetic,,['en'],advance fee,2024-03-10T01:12:00+00:00,24.62,0.0,37,1,0,Monday,81,1131,12,advance fee,en,Bill pay kiosk,0
7321d25c-c444-4667-9fa9-f232f4ebfc5a,synth_a42df7f6cfa5,unbanked,tabddpm_synthetic,,['en'],advance fee,2024-04-16T00:03:00+00:00,267.72,0.0,49,0,1,Tuesday,12,543,21,advance fee,en,Bill pay kiosk,0
cce5ab09-0a82-497b-a436-765fc10ec596,synth_6adf32f11c53,unbanked,tabddpm_synthetic,,['en'],advance fee,2024-08-30T23:47:00+00:00,3000.0,1500.0,20,23,6,Sunday,0,1,100,advance fee,en,Bill pay kiosk,0
8f443251-fbe3-422e-9772-98027ae8da73,synth_c5bb2e91752a,unbanked,tabddpm_synthetic,,['en'],advance fee,2024-06-19T23:33:00+00:00,3000.0,1500.0,20,23,0,Monday,90,1,100,advance fee,en,Bill pay kiosk,1
d9aed4cd-30fc-4c57-a68c-89845a32bf49,synth_b6e955e3db00,unbanked,tabddpm_synthetic,,['en'],advance fee,2024-09-15T10:38:00+00:00,476.23,43.59,20,10,0,Monday,45,857,5,advance fee,en,Bill pay kiosk,0
2b0c8be5-460f-46de-ab2f-199c574081ad,synth_cf8d9b169d59,unbanked,tabddpm_synthetic,,['en'],advance fee,2024-05-26T23:04:00+00:00,3000.0,1500.0,60,23,0,Monday,0,1,100,advance fee,en,Bill pay kiosk,0
d90fa5c8-b9c6-4e79-b8c9-46f0e15f5aa8,synth_a9243e9ee036,unbanked,tabddpm_synthetic,,['en'],advance fee,2024-11-12T23:08:00+00:00,3000.0,1500.0,20,23,0,Monday,90,1,100,advance fee,en,Bill pay kiosk,0
09d6d8fc-369a-474d-aafe-7e855ff7022c,synth_eee59c8c5e21,unbanked,tabddpm_synthetic,,['en'],advance fee,2024-11-03T07:02:00+00:00,1515.44,143.27,20,7,5,Saturday,0,959,6,advance fee,en,Bill pay kiosk,0
1b1400ec-f193-4c42-9d7e-005449324096,synth_ccb56d15c86a,unbanked,tabddpm_synthetic,,['en'],advance fee,2024-03-10T15:59:00+00:00,788.43,55.91,60,15,0,Monday,5,1145,4,advance fee,en,Bill pay kiosk,0
8f002e11-c3dc-4027-9d55-899ead5cf79e,synth_ac43b7097f04,unbanked,tabddpm_synthetic,,['en'],advance fee,2024-02-07T00:00:00+00:00,3000.0,1103.19,60,0,0,Monday,39,1,79,advance fee,en,Bill pay kiosk,0
83be2238-9c36-4d64-9eb7-954975f56eac,synth_7a5856637333,unbanked,tabddpm_synthetic,,['en'],advance fee,2024-02-20T00:19:00+00:00,505.6,36.39,28,0,0,Monday,0,2000,7,advance fee,en,Bill pay kiosk,0
fec1123f-0d97-4199-919f-4986831e9061,synth_7073423f74f3,unbanked,tabddpm_synthetic,,['en'],advance fee,2024-06-24T07:36:00+00:00,10.0,0.0,20,7,0,Monday,90,150,27,advance fee,en,Bill pay kiosk,0
64ef5b3e-3e5e-4307-a8cc-8be5e6361aae,synth_fece88c0c603,unbanked,tabddpm_synthetic,,['en'],advance fee,2024-01-20T00:08:00+00:00,3000.0,1500.0,46,0,0,Monday,66,1,100,advance fee,en,Bill pay kiosk,1
5b1ed011-f608-4260-a0d7-88cadc48eda5,synth_ef02a5ad6158,unbanked,tabddpm_synthetic,,['en'],fake loan,2024-05-15T00:06:00+00:00,3000.0,336.07,20,0,0,Monday,0,1,27,fake loan,en,Bill pay kiosk,0
c4450574-2202-48e3-98e4-5caa05fb2530,synth_263da3bf183c,unbanked,tabddpm_synthetic,,['en'],advance fee,2024-06-30T21:50:00+00:00,331.8,40.12,20,21,2,Wednesday,1,423,2,advance fee,en,Bill pay kiosk,0
615cd91c-aa84-4f8e-8ece-0a906db5ab96,synth_b3e63c550b4c,unbanked,tabddpm_synthetic,,['en'],advance fee,2024-01-22T04:14:00+00:00,10.0,13.83,28,4,0,Monday,4,1304,10,advance fee,en,Bill pay kiosk,0
611d6dd6-da1e-444d-acae-4fdaada49779,synth_067348397b9b,unbanked,tabddpm_synthetic,,['en'],advance fee,2024-10-09T23:46:00+00:00,3000.0,981.06,20,23,0,Monday,24,1,54,advance fee,en,Bill pay kiosk,1
605aafa6-3b8c-43ef-9ca4-71f6bf0f68e7,synth_1eba389bb67f,unbanked,tabddpm_synthetic,,['en'],advance fee,2024-12-16T23:27:00+00:00,3000.0,1500.0,20,23,6,Sunday,90,1,100,advance fee,en,Bill pay kiosk,0
6e7659fd-230f-4b98-bba8-acd6ace77f38,synth_1487c19fed92,unbanked,tabddpm_synthetic,,['en'],advance fee,2024-04-21T00:19:00+00:00,183.45,0.0,20,0,0,Monday,90,2000,56,advance fee,en,Bill pay kiosk,1
1dacfe67-de25-4d67-838b-e3851d1ab667,synth_d03f5d76c2c9,unbanked,tabddpm_synthetic,,['en'],advance fee,2024-10-28T23:23:00+00:00,3000.0,1500.0,20,23,6,Sunday,19,1,100,advance fee,en,Bill pay kiosk,0
65105bfd-d8e8-4846-a10c-f7a33ee6ec7a,synth_97176d699eff,unbanked,tabddpm_synthetic,,['en'],advance fee,2024-10-28T01:50:00+00:00,10.0,0.0,20,1,0,Monday,90,1051,18,advance fee,en,Bill pay kiosk,0
1345ca2c-0d3c-4122-bae4-325864961fc7,synth_34645ce23cb7,unbanked,tabddpm_synthetic,,['en'],advance fee,2024-07-14T23:59:00+00:00,3000.0,1500.0,20,23,0,Monday,90,1,97,advance fee,en,Bill pay kiosk,0
6dd507ff-6890-4540-8e44-3a34dd0a615a,synth_71825c5c81e1,unbanked,tabddpm_synthetic,,['en'],advance fee,2024-01-18T06:07:00+00:00,165.09,46.97,20,6,0,Monday,46,1637,13,advance fee,en,Bill pay kiosk,0
4a02819a-905d-49c6-b397-b06285e7554e,synth_57baf6712045,unbanked,tabddpm_synthetic,,['en'],advance fee,2024-04-25T23:34:00+00:00,3000.0,0.0,20,23,6,Sunday,90,1,100,advance fee,en,Bill pay kiosk,0
bacb14c1-3fe0-4c8f-b8da-849ce0152f02,synth_4ff62c4f2eb6,unbanked,tabddpm_synthetic,,['en'],advance fee,2024-11-24T00:09:00+00:00,3000.0,1500.0,60,0,0,Monday,0,1,100,advance fee,en,Bill pay kiosk,0
a43c7c41-ab0c-4d1d-aa74-a576a080c2af,synth_36c614e01b1a,unbanked,tabddpm_synthetic,,['en'],advance fee,2024-02-17T09:40:00+00:00,10.0,17.85,20,9,0,Monday,8,1278,6,advance fee,en,Bill pay kiosk,0
863db7d3-94b4-4d6f-ba3a-1cece9d4f2c7,synth_012eaf8036c8,unbanked,tabddpm_synthetic,,['en'],fake loan,2024-04-05T06:07:00+00:00,285.02,3.57,21,6,0,Monday,0,1234,5,fake loan,en,Bill pay kiosk,0
b5948696-46ca-402f-bcb0-6dc08510d75d,synth_11fb0cf76a67,unbanked,tabddpm_synthetic,,['en'],advance fee,2024-12-08T10:33:00+00:00,602.64,34.91,24,10,1,Tuesday,0,423,2,advance fee,en,Bill pay kiosk,0
122822d6-a830-4a0c-9711-2f0c73a6a242,synth_cae9a4999a7f,unbanked,tabddpm_synthetic,,['en'],advance fee,2024-08-20T14:04:00+00:00,271.63,31.85,35,14,0,Monday,0,1387,6,advance fee,en,Bill pay kiosk,0
e428487d-5d02-4b40-b48b-5922bc092597,synth_7aaf0ebef8eb,unbanked,tabddpm_synthetic,,['en'],advance fee,2024-11-22T23:52:00+00:00,3000.0,1500.0,20,23,6,Sunday,0,1,100,advance fee,en,Bill pay kiosk,0
8caae247-d036-418e-bd57-bb434adba03c,synth_31d07fa0c242,unbanked,tabddpm_synthetic,,['en'],advance fee,2024-04-10T08:09:00+00:00,592.81,15.6,60,8,0,Monday,12,1770,5,advance fee,en,Bill pay kiosk,0
0e945799-e18f-4ed4-9f5a-500f06919439,synth_eed3f93a8242,unbanked,tabddpm_synthetic,,['en'],advance fee,2024-04-01T04:12:00+00:00,697.43,72.48,20,4,0,Monday,22,1605,6,advance fee,en,Bill pay kiosk,0
b16a229d-d94a-428b-a98d-91847b6810a5,synth_67cb9ebf1199,unbanked,tabddpm_synthetic,,['en'],advance fee,2024-11-13T11:21:00+00:00,238.46,35.54,22,11,0,Monday,2,847,11,advance fee,en,Bill pay kiosk,0
8e0187da-3cb9-4a33-a931-35cae85fba0a,synth_04ab6c402ce9,unbanked,tabddpm_synthetic,,['en'],advance fee,2024-08-12T23:58:00+00:00,3000.0,1500.0,20,23,6,Sunday,0,1,100,advance fee,en,Bill pay kiosk,0
675fab82-dd35-425c-b3dd-0f167d349116,synth_6da0dd07b16a,unbanked,tabddpm_synthetic,,['en'],advance fee,2024-10-07T04:41:00+00:00,976.85,106.64,28,4,0,Monday,2,1387,11,advance fee,en,Bill pay kiosk,0
36d3d821-5794-4461-871a-61f3a794c72c,synth_df0e7a0699d8,unbanked,tabddpm_synthetic,,['en'],advance fee,2024-03-13T23:34:00+00:00,3000.0,1500.0,20,23,0,Monday,90,1,100,advance fee,en,Bill pay kiosk,0
e26e650f-61f4-420a-a2c4-b95088cce57c,synth_ba58c649dbde,unbanked,tabddpm_synthetic,,['en'],advance fee,2024-05-12T23:38:00+00:00,3000.0,1500.0,20,23,6,Sunday,0,1,100,advance fee,en,Bill pay kiosk,0
f5602d82-8293-4e77-a25b-ef50a644a0d0,synth_08b932deb135,unbanked,tabddpm_synthetic,,['en'],advance fee,2024-03-08T23:40:00+00:00,3000.0,1500.0,20,23,0,Monday,90,1,100,advance fee,en,Bill pay kiosk,0
9d7d713c-c0ac-4307-9c82-80f96914d4ad,synth_a6f21568d8a6,unbanked,tabddpm_synthetic,,['en'],advance fee,2024-02-16T00:50:00+00:00,3000.0,1310.73,21,0,2,Wednesday,0,1,57,advance fee,en,Bill pay kiosk,0
4ad63906-13e6-4def-ba4f-cd55f7890006,synth_5bcdbe87830e,unbanked,tabddpm_synthetic,,['en'],advance fee,2024-10-18T13:28:00+00:00,56.79,4.67,20,13,2,Wednesday,1,912,11,advance fee,en,Bill pay kiosk,0
3309e549-c0a4-41a8-8752-677dff9e516e,synth_f083862ce179,unbanked,tabddpm_synthetic,,['en'],advance fee,2024-01-06T00:59:00+00:00,1856.29,157.15,23,0,0,Monday,0,2000,4,advance fee,en,Bill pay kiosk,0
daa2d25b-cf0c-4a91-a17f-f36151759b13,synth_172deee117a2,unbanked,tabddpm_synthetic,,['en'],advance fee,2024-03-28T00:06:00+00:00,1636.68,95.95,60,0,0,Monday,0,2000,6,advance fee,en,Bill pay kiosk,0
f4423f83-41f4-496e-b1e1-f169a0298bb6,synth_2b7a4e5b1440,unbanked,tabddpm_synthetic,,['en'],advance fee,2024-06-18T00:56:00+00:00,3000.0,1500.0,20,0,6,Sunday,0,1,100,advance fee,en,Bill pay kiosk,0
4d5a6d24-65f9-4ed7-8def-f6a78202f06b,synth_ec63db9855ab,unbanked,tabddpm_synthetic,,['en'],advance fee,2024-08-02T12:54:00+00:00,274.12,0.0,20,12,0,Monday,6,978,0,advance fee,en,Bill pay kiosk,0
65912d36-0fed-4cf2-9d17-a885c8a31e7d,synth_fb774f0d4e35,unbanked,tabddpm_synthetic,,['en'],advance fee,2024-03-30T09:27:00+00:00,518.58,69.56,20,9,0,Monday,23,1876,3,advance fee,en,Bill pay kiosk,0
be529ddb-8e8c-4740-b607-467de0aa175b,synth_5f03ed7d20bc,unbanked,tabddpm_synthetic,,['en'],advance fee,2024-01-02T23:58:00+00:00,3000.0,1500.0,20,23,6,Sunday,0,1,100,advance fee,en,Bill pay kiosk,0
f972726e-daa1-4249-a626-114658a5070b,synth_f3e4a6e3e830,unbanked,tabddpm_synthetic,,['en'],advance fee,2024-01-11T23:38:00+00:00,3000.0,1500.0,20,23,0,Monday,90,1,100,advance fee,en,Bill pay kiosk,0
ce817560-5cd1-46ea-b5f7-daa3b88d9956,synth_b7dba61e7ea3,unbanked,tabddpm_synthetic,,['en'],advance fee,2024-09-14T15:32:00+00:00,526.57,45.97,20,15,0,Monday,4,2000,8,advance fee,en,Bill pay kiosk,0
591acde8-359b-4486-b21a-4b9626dc19b5,synth_be7b039bfd2c,unbanked,tabddpm_synthetic,,['en'],advance fee,2024-04-21T04:49:00+00:00,10.0,0.0,20,4,0,Monday,90,1,27,advance fee,en,Bill pay kiosk,0
feac7f73-c4b4-4bd1-bc0a-d66cbf7fdc5c,synth_9eec24bd7b07,unbanked,tabddpm_synthetic,,['en'],advance fee,2024-07-09T23:26:00+00:00,3000.0,1500.0,20,23,0,Monday,90,1,100,advance fee,en,Bill pay kiosk,0
694eee56-ff85-4826-865e-46f075d8a0c5,synth_09abde676a60,unbanked,tabddpm_synthetic,,['en'],advance fee,2024-02-15T23:01:00+00:00,3000.0,1500.0,20,23,6,Sunday,0,1,100,advance fee,en,Bill pay kiosk,0
b448064c-0672-4999-8a30-e77685495944,synth_0cc1817a077f,unbanked,tabddpm_synthetic,,['en'],advance fee,2024-08-15T23:50:00+00:00,3000.0,1500.0,20,23,6,Sunday,0,1,100,advance fee,en,Bill pay kiosk,0
76392665-a425-4660-b5f5-3dc053fb1836,synth_5d7f124c076d,unbanked,tabddpm_synthetic,,['en'],advance fee,2024-09-25T23:54:00+00:00,3000.0,1500.0,20,23,0,Monday,90,1,100,advance fee,en,Bill pay kiosk,0
af9de08f-6e62-4cbb-a057-93ebf6930b44,synth_ee1fedafae68,unbanked,tabddpm_synthetic,,['en'],advance fee,2024-10-21T08:21:00+00:00,2123.78,135.15,20,8,3,Thursday,10,1,0,advance fee,en,Bill pay kiosk,0
0d5a41dc-2bde-4c03-98fe-65ce63d1c02d,synth_6ede85dad129,unbanked,tabddpm_synthetic,,['en'],advance fee,2024-10-03T23:29:00+00:00,3000.0,1500.0,20,23,6,Sunday,87,1,100,advance fee,en,Bill pay kiosk,0
34eabd55-d7c3-4cd4-9408-b479551a6f49,synth_e4c8c4d19020,unbanked,tabddpm_synthetic,,['en'],advance fee,2024-08-14T10:55:00+00:00,143.32,1.73,34,10,0,Monday,13,987,23,advance fee,en,Bill pay kiosk,0
806675cb-191a-4444-8418-714f317bcf2c,synth_4eb6ced9179f,unbanked,tabddpm_synthetic,,['en'],advance fee,2024-09-16T09:44:00+00:00,639.02,88.89,33,9,0,Monday,9,1430,1,advance fee,en,Bill pay kiosk,0
8f0eabf3-24cf-4c66-9912-d68ee4106862,synth_9ced593a6932,unbanked,tabddpm_synthetic,,['en'],advance fee,2024-10-07T11:22:00+00:00,300.53,29.25,38,11,1,Tuesday,0,994,5,advance fee,en,Cash (informal),0
41941445-99d4-4111-a095-46b5d1758da1,synth_734b1f1bb73f,unbanked,tabddpm_synthetic,,['en'],advance fee,2024-09-05T08:54:00+00:00,10.0,4.95,32,8,0,Monday,2,924,6,advance fee,en,Bill pay kiosk,0
da8f23ad-b15a-4c1b-b609-3e1e31416f87,synth_f370643db03f,unbanked,tabddpm_synthetic,,['en'],advance fee,2024-10-12T23:22:00+00:00,3000.0,1500.0,20,23,0,Monday,90,1,100,advance fee,en,Bill pay kiosk,0
f6646f86-97a6-4a00-b835-dadac4945f95,synth_589c1a99953f,unbanked,tabddpm_synthetic,,['en'],advance fee,2024-04-16T23:13:00+00:00,3000.0,1500.0,60,23,0,Monday,90,1,100,advance fee,en,Bill pay kiosk,0
e111e62d-8c0e-4182-bc75-682e557f671e,synth_ed345b65b972,unbanked,tabddpm_synthetic,,['en'],advance fee,2024-05-06T00:27:00+00:00,154.91,0.0,20,0,0,Monday,0,2000,13,advance fee,en,Bill pay kiosk,0
b049c853-77ab-4cbc-858b-c5d265b48d07,synth_c62f767c7476,unbanked,tabddpm_synthetic,,['en'],advance fee,2024-07-12T12:37:00+00:00,501.75,17.02,20,12,0,Monday,13,21,4,advance fee,en,Bill pay kiosk,0
efc726dd-af02-4684-8d42-cbeccb6e717f,synth_78446646f563,unbanked,tabddpm_synthetic,,['en'],advance fee,2024-01-21T21:52:00+00:00,708.77,83.44,20,21,5,Saturday,8,32,0,advance fee,en,Bill pay kiosk,0
cc7840e7-4383-4046-b296-84c41b2b12e1,synth_7833efefda88,unbanked,tabddpm_synthetic,,['en'],advance fee,2024-12-09T08:07:00+00:00,10.0,0.0,20,8,0,Monday,90,1183,19,advance fee,en,Bill pay kiosk,0
6c5ef1a0-bdc5-4263-a584-703a032e1a03,synth_657146443032,unbanked,tabddpm_synthetic,,['en'],advance fee,2024-02-18T23:32:00+00:00,3000.0,1500.0,20,23,0,Monday,90,1,100,advance fee,en,Bill pay kiosk,0
2e18b4ea-6c87-49ee-b7ca-1a35318265e2,synth_73c91129b701,unbanked,tabddpm_synthetic,,['en'],advance fee,2024-12-01T20:18:00+00:00,10.0,0.0,20,20,6,Sunday,90,1,93,advance fee,en,Bill pay kiosk,1
36c787bf-c0c1-4694-a637-48b1a105660c,synth_2e2107437357,unbanked,tabddpm_synthetic,,['en'],advance fee,2024-08-20T08:35:00+00:00,10.0,0.0,22,8,0,Monday,14,1270,2,advance fee,en,Bill pay kiosk,0
fb2e0119-3430-4ad5-b5fe-3701c2f3bb76,synth_95b6b752dd28,unbanked,tabddpm_synthetic,,['en'],advance fee,2024-01-01T23:04:00+00:00,3000.0,1500.0,20,23,0,Monday,90,1,100,advance fee,en,Bill pay kiosk,0
fd3d5c18-450b-416f-9141-7381650fc820,synth_c41731a89b97,unbanked,tabddpm_synthetic,,['en'],advance fee,2024-08-01T00:05:00+00:00,317.16,25.35,38,0,0,Monday,0,339,11,advance fee,en,Bill pay kiosk,0
757ba211-3a71-44d3-9cde-3516f5900f87,synth_fda2f43ac8f5,unbanked,tabddpm_synthetic,,['en'],advance fee,2024-08-03T00:08:00+00:00,3000.0,1500.0,60,0,0,Monday,87,1,100,advance fee,en,Bill pay kiosk,1
d7cb18f2-fd0d-41df-9f82-39ccd5fe0170,synth_b1dd066e1c4a,unbanked,tabddpm_synthetic,,['en'],advance fee,2024-02-02T02:00:00+00:00,10.0,27.38,20,2,0,Monday,90,994,17,advance fee,en,Bill pay kiosk,0
0db7d7f7-4ad8-4224-b61e-060c2fd52a6a,synth_ed0557fa1d3a,unbanked,tabddpm_synthetic,,['en'],advance fee,2024-01-26T23:22:00+00:00,3000.0,1500.0,20,23,0,Monday,35,1,45,advance fee,en,Bill pay kiosk,0
abc6fbd3-36a9-4659-8a39-74b80469b262,synth_8f87d9d22b2c,unbanked,tabddpm_synthetic,,['en'],advance fee,2024-10-01T10:51:00+00:00,10.0,0.0,20,10,2,Wednesday,90,799,22,advance fee,en,Bill pay kiosk,0
f02658cd-a965-4f98-a9a1-2c627eec1435,synth_ccd416d37115,unbanked,tabddpm_synthetic,,['en'],advance fee,2024-05-17T16:41:00+00:00,339.89,34.55,29,16,6,Sunday,11,623,11,advance fee,en,Bill pay kiosk,0
d4f1e8b1-f524-464e-a19a-f061b301628e,synth_e784246bcb2c,unbanked,tabddpm_synthetic,,['en'],advance fee,2024-07-09T01:15:00+00:00,775.17,0.0,20,1,0,Monday,90,1,96,advance fee,en,Bill pay kiosk,0
78001276-f540-4439-bb60-a9af10a2afdc,synth_3a4a1ace91ed,unbanked,tabddpm_synthetic,,['en'],advance fee,2024-05-23T23:24:00+00:00,3000.0,1500.0,20,23,6,Sunday,90,1,100,advance fee,en,Bill pay kiosk,0
522bc456-90fa-47ae-a058-20923a8e4aea,synth_4288bef6a3d1,unbanked,tabddpm_synthetic,,['en'],advance fee,2024-05-27T23:37:00+00:00,3000.0,1500.0,20,23,6,Sunday,90,1,100,advance fee,en,Bill pay kiosk,0
2b1e11da-5393-447c-8bd8-42709b5fab52,synth_7e89927fbb3f,unbanked,tabddpm_synthetic,,['en'],advance fee,2024-06-02T23:05:00+00:00,3000.0,1500.0,20,23,6,Sunday,0,1,100,advance fee,en,Bill pay kiosk,0
48b4e409-0c31-4279-ac32-13797c8d6789,synth_9ddce90088dc,unbanked,tabddpm_synthetic,,['en'],advance fee,2024-12-11T08:01:00+00:00,126.34,38.03,20,8,0,Monday,25,2000,2,advance fee,en,Bill pay kiosk,0
2b639274-80e8-4743-89e3-37e768efe6a8,synth_25d0aef570e9,unbanked,tabddpm_synthetic,,['en'],advance fee,2024-04-08T23:29:00+00:00,3000.0,1500.0,20,23,0,Monday,90,1,100,advance fee,en,Bill pay kiosk,0
80e54574-8cb5-4b88-9e6f-4b694224fced,synth_836acaa2fa51,unbanked,tabddpm_synthetic,,['en'],advance fee,2024-08-29T10:49:00+00:00,733.94,57.28,32,10,1,Tuesday,6,1133,8,advance fee,en,Bill pay kiosk,0
43c6b5db-dac0-43e7-a624-737194e6a98e,synth_1a76fef90587,unbanked,tabddpm_synthetic,,['en'],advance fee,2024-12-18T11:02:00+00:00,283.35,36.37,20,11,0,Monday,90,1225,32,advance fee,en,Bill pay kiosk,1
05ecdacf-8b48-4172-ad41-6480e8086bbe,synth_9eb01586cec6,unbanked,tabddpm_synthetic,,['en'],advance fee,2024-03-28T06:07:00+00:00,3000.0,1500.0,60,6,6,Sunday,0,1,100,advance fee,en,Bill pay kiosk,0
254e84be-7349-44e3-9249-edd924eae16d,synth_b38a16e40b24,unbanked,tabddpm_synthetic,,['en'],advance fee,2024-10-18T09:47:00+00:00,10.0,1.07,20,9,6,Sunday,0,1953,5,advance fee,en,Bill pay kiosk,0
ed946d89-105b-4f6d-8809-d63004abe759,synth_10fcf5dd6393,unbanked,tabddpm_synthetic,,['en'],advance fee,2024-02-12T23:20:00+00:00,3000.0,1500.0,20,23,0,Monday,90,1,100,advance fee,en,Bill pay kiosk,0
9dbf7c84-9c98-4f18-aa74-70a2908ba07b,synth_9abcb56c6baf,unbanked,tabddpm_synthetic,,['en'],advance fee,2024-06-09T13:56:00+00:00,411.89,33.17,20,13,0,Monday,5,1677,2,advance fee,en,Bill pay kiosk,0
f08f3bb9-5ac1-4504-8089-acc5a63b33e0,synth_6c48f63d1320,unbanked,tabddpm_synthetic,,['en'],advance fee,2024-12-27T03:20:00+00:00,898.42,0.0,20,3,6,Sunday,90,1,100,advance fee,en,Bill pay kiosk,1
926f9bd3-f72a-4cf3-8d1e-d3b8f3d520ab,synth_7f74e6297d95,unbanked,tabddpm_synthetic,,['en'],advance fee,2024-10-04T23:16:00+00:00,3000.0,1500.0,20,23,0,Monday,90,1,100,advance fee,en,Bill pay kiosk,1
41fdf9c9-79e6-4b9b-a31d-b7b3b4fb7889,synth_9ca8db3878ec,unbanked,tabddpm_synthetic,,['en'],advance fee,2024-04-04T23:26:00+00:00,3000.0,1500.0,20,23,6,Sunday,0,1,100,advance fee,en,Bill pay kiosk,0
cc1ca0dc-80bd-4c58-9bf0-fc8814fd7089,synth_f3e6e7be2719,unbanked,tabddpm_synthetic,,['en'],advance fee,2024-07-10T00:43:00+00:00,2537.57,180.31,60,0,0,Monday,44,1,100,advance fee,en,Bill pay kiosk,1
f357ddee-f7f4-47a6-b590-3708085c5adf,synth_287c9ab8dcd9,unbanked,tabddpm_synthetic,,['en'],advance fee,2024-10-28T09:59:00+00:00,715.25,0.0,20,9,6,Sunday,90,1,72,advance fee,en,Bill pay kiosk,0
86345d19-a937-46b2-b9a5-9ec51ea1b98d,synth_8b705fdad10b,unbanked,tabddpm_synthetic,,['en'],advance fee,2024-07-28T08:07:00+00:00,568.29,49.18,23,8,0,Monday,12,1147,4,advance fee,en,Bill pay kiosk,0
d56a8e76-3021-4ef5-b98c-dedde8d89c04,synth_13d02773bb95,unbanked,tabddpm_synthetic,,['en'],advance fee,2024-10-12T02:10:00+00:00,10.0,0.0,20,2,0,Monday,90,718,18,advance fee,en,Bill pay kiosk,0
e16b4c9a-4833-44bb-8818-2fc62b4c4200,synth_c2bcd7c916fb,unbanked,tabddpm_synthetic,,['en'],fake loan,2024-12-13T13:56:00+00:00,248.78,0.0,43,13,0,Monday,35,1343,6,fake loan,en,Bill pay kiosk,0
4456cfca-793a-4466-b97c-c0a005c31b03,synth_3ebb1ff18237,unbanked,tabddpm_synthetic,,['en'],advance fee,2024-09-03T23:57:00+00:00,3000.0,1500.0,20,23,0,Monday,90,1,100,advance fee,en,Bill pay kiosk,0
3621f62c-b56f-45ea-9ba2-9c21a9d8c26b,synth_c5094bf2fa26,unbanked,tabddpm_synthetic,,['en'],advance fee,2024-05-31T00:55:00+00:00,3000.0,1500.0,20,0,0,Monday,72,1,100,advance fee,en,Bill pay kiosk,1
54967684-5b34-4767-87e4-da4c653b3bce,synth_b708f50c96f3,unbanked,tabddpm_synthetic,,['en'],advance fee,2024-03-12T23:59:00+00:00,3000.0,1500.0,60,23,0,Monday,22,1,100,advance fee,en,Bill pay kiosk,0
53aadef7-4127-4bb2-8233-037c9a2883a4,synth_c88483fabecd,unbanked,tabddpm_synthetic,,['en'],advance fee,2024-03-18T09:00:00+00:00,402.1,67.19,20,9,0,Monday,27,2000,4,advance fee,en,Bill pay kiosk,0
7d616aac-d2c8-4397-b1f5-1139aeeac999,synth_126338580ebb,unbanked,tabddpm_synthetic,,['en'],advance fee,2024-06-15T00:04:00+00:00,3000.0,1500.0,60,0,6,Sunday,0,1,100,advance fee,en,Bill pay kiosk,0
eb81aef3-017e-4869-bea8-8261452518ef,synth_de56bdc1d7aa,unbanked,tabddpm_synthetic,,['en'],advance fee,2024-11-11T02:46:00+00:00,10.0,0.0,20,2,0,Monday,90,1644,18,advance fee,en,Bill pay kiosk,0
473a55fa-fc6e-4b93-b409-00c9bb0e6094,synth_fb81f76e20ce,unbanked,tabddpm_synthetic,,['en'],advance fee,2024-09-28T00:05:00+00:00,2866.61,208.47,33,0,2,Wednesday,43,1,100,advance fee,en,Bill pay kiosk,1
be6cffc3-502c-45bf-9f97-99989a783d21,synth_81a3d79e0f80,unbanked,tabddpm_synthetic,,['en'],advance fee,2024-04-04T00:31:00+00:00,842.55,54.71,20,0,6,Sunday,41,928,36,advance fee,en,Bill pay kiosk,0
d91dc198-a59a-49fb-9ebc-5f13ad02a720,synth_97df8fb4098b,unbanked,tabddpm_synthetic,,['en'],advance fee,2024-11-17T02:27:00+00:00,3000.0,671.46,60,2,0,Monday,0,1,31,advance fee,en,Bill pay kiosk,0
2480b45d-6010-49e2-b0bb-53fb99c58b18,synth_5665f3e24c65,unbanked,tabddpm_synthetic,,['en'],advance fee,2024-05-23T08:24:00+00:00,87.48,106.2,20,8,0,Monday,80,2000,6,advance fee,en,Bill pay kiosk,0
b208f2ff-fd2f-4080-8246-2876dfa0c0e5,synth_3b8c12823857,unbanked,tabddpm_synthetic,,['en'],advance fee,2024-08-23T00:36:00+00:00,245.25,22.27,60,0,0,Monday,0,2000,7,advance fee,en,Bill pay kiosk,0
978bdd58-7974-4ed1-a532-7b6038526bd7,synth_de94c764b383,unbanked,tabddpm_synthetic,,['en'],advance fee,2024-08-02T23:55:00+00:00,3000.0,1500.0,60,23,0,Monday,39,1,100,advance fee,en,Bill pay kiosk,0
f6060dcf-1951-44f8-8483-2821d1b182c4,synth_bd56eab53603,unbanked,tabddpm_synthetic,,['en'],advance fee,2024-10-10T23:31:00+00:00,3000.0,1500.0,20,23,0,Monday,90,1,100,advance fee,en,Bill pay kiosk,0
86180bfc-6194-4198-8b7c-b1b6ec28efaa,synth_afcafae1065d,unbanked,tabddpm_synthetic,,['en'],advance fee,2024-03-30T17:22:00+00:00,365.37,26.12,20,17,2,Wednesday,8,1338,11,advance fee,en,Bill pay kiosk,0
868ff43c-12f9-4b03-87dc-228d70fc7a31,synth_daa40a131973,unbanked,tabddpm_synthetic,,['en'],advance fee,2024-07-30T02:39:00+00:00,10.0,0.0,20,2,0,Monday,90,405,7,advance fee,en,Bill pay kiosk,0
17a579d1-f7da-4839-9759-d5285a67dd48,synth_5b8cf5a84a4a,unbanked,tabddpm_synthetic,,['en'],advance fee,2024-08-26T09:23:00+00:00,544.21,34.86,20,9,0,Monday,27,1653,5,advance fee,en,Bill pay kiosk,0
328d44c1-6785-4f51-9d6c-77dc59fe1156,synth_2782429ca88b,unbanked,tabddpm_synthetic,,['en'],advance fee,2024-11-19T23:45:00+00:00,3000.0,1500.0,20,23,0,Monday,90,1,100,advance fee,en,Bill pay kiosk,1
3370f565-ad50-455b-9636-9c3704fd9e32,synth_d0fd35b93215,unbanked,tabddpm_synthetic,,['en'],advance fee,2024-08-28T00:01:00+00:00,3000.0,1500.0,60,0,0,Monday,90,1,100,advance fee,en,Bill pay kiosk,1
8e055ab1-f8e9-4a05-b2bc-2ab8c7e741d0,synth_8ce18a2155f1,unbanked,tabddpm_synthetic,,['en'],advance fee,2024-04-14T01:48:00+00:00,10.0,0.0,39,1,0,Monday,37,266,3,advance fee,en,Bill pay kiosk,0
feb79f18-b813-418d-b421-b34beb1a647d,synth_f780473070c3,unbanked,tabddpm_synthetic,,['en'],advance fee,2024-10-10T05:21:00+00:00,10.0,0.0,20,5,0,Monday,90,179,22,advance fee,en,Bill pay kiosk,0
81ee79dd-8da0-4ed0-858e-24d3b82e7c50,synth_ff5f7197b421,unbanked,tabddpm_synthetic,,['en'],advance fee,2024-03-08T00:05:00+00:00,919.93,36.32,20,0,5,Saturday,3,266,18,advance fee,en,Bill pay kiosk,0
6d9076a4-817a-4d02-be2a-c8c4445a5f73,synth_d08f7e7e1ca4,unbanked,tabddpm_synthetic,,['en'],advance fee,2024-04-09T00:27:00+00:00,440.82,26.37,60,0,0,Monday,0,2000,8,advance fee,en,Bill pay kiosk,0
5570e8a6-78b8-41de-8c9b-761dc70b4736,synth_fb10a4c55564,unbanked,tabddpm_synthetic,,['en'],advance fee,2024-01-11T23:24:00+00:00,3000.0,1500.0,20,23,6,Sunday,0,1,100,advance fee,en,Bill pay kiosk,0
c553fe67-37ca-4dca-ab65-ca1598f04edc,synth_ed017b257ef0,unbanked,tabddpm_synthetic,,['en'],advance fee,2024-05-25T14:05:00+00:00,200.51,17.56,49,14,0,Monday,46,1663,0,advance fee,en,Bill pay kiosk,0
278d33c3-a515-4da5-85c9-888a2757edf9,synth_f5e6493e548e,unbanked,tabddpm_synthetic,,['en'],advance fee,2024-06-23T23:01:00+00:00,3000.0,1500.0,20,23,6,Sunday,0,1,100,advance fee,en,Bill pay kiosk,0
14882a87-3926-4028-aa29-40e02e4cae50,synth_993f0869194c,unbanked,tabddpm_synthetic,,['en'],advance fee,2024-08-22T00:19:00+00:00,588.72,24.02,24,0,0,Monday,0,2000,3,advance fee,en,Bill pay kiosk,0
25eae97b-98e6-4fb0-b54b-ffcf4f13b189,synth_3b5c1156c1eb,unbanked,tabddpm_synthetic,,['en'],advance fee,2024-08-04T23:04:00+00:00,3000.0,1500.0,20,23,0,Monday,90,1,100,advance fee,en,Bill pay kiosk,0
3cfa0b22-d8ef-41c8-be40-8c9c5623a3bc,synth_bd64f0939b4a,unbanked,tabddpm_synthetic,,['en'],advance fee,2024-06-15T15:08:00+00:00,866.77,112.93,22,15,0,Monday,14,463,6,advance fee,en,Bill pay kiosk,0
c1945cc4-941a-4202-b243-671015c4ab37,synth_1278cba7ff79,unbanked,tabddpm_synthetic,,['en'],advance fee,2024-07-16T00:30:00+00:00,3000.0,475.69,60,0,0,Monday,18,1,100,advance fee,en,Bill pay kiosk,1
f49544ed-8d8b-4931-838f-e0d461ee1f22,synth_6673469c8e53,unbanked,tabddpm_synthetic,,['en'],advance fee,2024-04-21T00:53:00+00:00,266.8,0.0,20,0,0,Monday,90,957,18,advance fee,en,Bill pay kiosk,0
ac678ac2-7038-45ee-9f9d-3864881a3c96,synth_3fc4f1b7e58e,unbanked,tabddpm_synthetic,,['en'],advance fee,2024-08-27T08:07:00+00:00,10.0,0.0,25,8,0,Monday,90,867,5,advance fee,en,Bill pay kiosk,0
76d12429-2472-46a1-b37d-04b9e1abbffa,synth_11b6f9e27c63,unbanked,tabddpm_synthetic,,['en'],advance fee,2024-11-18T23:17:00+00:00,3000.0,1500.0,20,23,0,Monday,90,1,100,advance fee,en,Bill pay kiosk,0
7eeaeddb-e023-40bc-8eab-f06855ca4981,synth_a39b65cd3d6d,unbanked,tabddpm_synthetic,,['en'],advance fee,2024-07-03T00:53:00+00:00,153.22,2.17,20,0,0,Monday,0,1805,10,advance fee,en,Bill pay kiosk,0
d4634a24-43f5-42ea-aeb0-dd51e5f520bd,synth_b8e39023460a,unbanked,tabddpm_synthetic,,['en'],advance fee,2024-02-14T00:04:00+00:00,329.23,32.21,20,0,0,Monday,0,2000,10,advance fee,en,Bill pay kiosk,0
64699747-7f5c-4022-90cf-3d0a8f4fdf96,synth_f8de7b4fadf1,unbanked,tabddpm_synthetic,,['en'],advance fee,2024-06-16T23:17:00+00:00,3000.0,1500.0,20,23,0,Monday,90,1,100,advance fee,en,Bill pay kiosk,1
309b6705-02e2-4ec0-9f44-da461e3ad1b6,synth_efc07c05a7e9,unbanked,tabddpm_synthetic,,['en'],advance fee,2024-12-29T09:54:00+00:00,210.54,11.53,37,9,0,Monday,3,34,6,advance fee,en,Bill pay kiosk,0
99faa076-7f19-471d-956b-b7b99c8d2c06,synth_d572dc90d680,unbanked,tabddpm_synthetic,,['en'],advance fee,2024-08-31T04:53:00+00:00,10.0,0.0,20,4,5,Saturday,90,1689,10,advance fee,en,Bill pay kiosk,0
516f10ba-d10d-436f-8a54-689c73944468,synth_ca41ca9ef602,unbanked,tabddpm_synthetic,,['en'],advance fee,2024-01-27T23:15:00+00:00,3000.0,1500.0,20,23,0,Monday,90,1,100,advance fee,en,Bill pay kiosk,0
af14c82e-8a5d-49d7-9db1-7671bceeebaa,synth_4c05e814c9b4,unbanked,tabddpm_synthetic,,['en'],advance fee,2024-11-24T00:34:00+00:00,1243.84,119.03,46,0,0,Monday,12,135,16,advance fee,en,Bill pay kiosk,0
2db45847-194b-4473-be32-a715291dbb56,synth_101290a6ce33,unbanked,tabddpm_synthetic,,['en'],advance fee,2024-03-09T23:18:00+00:00,3000.0,1500.0,20,23,6,Sunday,90,1,100,advance fee,en,Bill pay kiosk,0
6f91d45d-5016-4124-87fb-744f5d0586d9,synth_a757114f72d6,unbanked,tabddpm_synthetic,,['en'],advance fee,2024-01-05T23:49:00+00:00,3000.0,1500.0,20,23,6,Sunday,90,1,100,advance fee,en,Bill pay kiosk,0
1709910f-46b7-495a-8861-e4e4e114b6b4,synth_2b45523b5d34,unbanked,tabddpm_synthetic,,['en'],advance fee,2024-10-15T07:59:00+00:00,178.61,11.4,23,7,0,Monday,0,1560,6,advance fee,en,Bill pay kiosk,0
d81492c7-4c3b-4909-af4e-86de5e970bd8,synth_787bd1e95dbb,unbanked,tabddpm_synthetic,,['en'],advance fee,2024-09-13T23:38:00+00:00,3000.0,1500.0,20,23,0,Monday,90,1,100,advance fee,en,Bill pay kiosk,0
5d0e9f42-7307-4e38-b044-7b864e7312ed,synth_d96ac752480d,unbanked,tabddpm_synthetic,,['en'],advance fee,2024-06-19T20:23:00+00:00,1414.39,0.0,20,20,6,Sunday,90,1,89,advance fee,en,Bill pay kiosk,0
3196ebd4-4984-47df-bb1d-ae7ed9e4f929,synth_09981b6c70c0,unbanked,tabddpm_synthetic,,['en'],advance fee,2024-03-10T23:22:00+00:00,2708.28,0.0,20,23,6,Sunday,90,1,100,advance fee,en,Bill pay kiosk,0
aee0ee99-1965-4891-96d8-a3ca17d6ce7d,synth_0e84ab3fac23,unbanked,tabddpm_synthetic,,['en'],advance fee,2024-07-06T13:38:00+00:00,53.88,0.0,34,13,6,Sunday,61,1278,10,advance fee,en,Bill pay kiosk,0
53185e00-4b9c-40ce-bac9-6a3e2e8bf784,synth_1e77b75e50e9,unbanked,tabddpm_synthetic,,['en'],advance fee,2024-12-04T23:50:00+00:00,3000.0,1500.0,20,23,0,Monday,90,1,100,advance fee,en,Bill pay kiosk,1
a7c81b42-8c4e-4a2c-8fec-95b1ef8d99b2,synth_d574e9f75d19,unbanked,tabddpm_synthetic,,['en'],advance fee,2024-02-22T00:43:00+00:00,206.33,39.5,20,0,1,Tuesday,45,975,7,advance fee,en,Bill pay kiosk,0
ed73c775-c0ed-4a8b-b6dd-2b9627f70bbb,synth_7ae23c006942,unbanked,tabddpm_synthetic,,['en'],advance fee,2024-12-08T00:56:00+00:00,884.66,98.08,24,0,0,Monday,0,1835,2,advance fee,en,Bill pay kiosk,0
ac00034c-b82c-4c9a-8183-31d490e8c2d1,synth_47bb008b0562,unbanked,tabddpm_synthetic,,['en'],advance fee,2024-10-19T07:36:00+00:00,520.61,61.89,20,7,0,Monday,39,2000,4,advance fee,en,Bill pay kiosk,0
92b1af65-a950-41a5-bcd0-4794bd89640a,synth_3594ba7f028c,unbanked,tabddpm_synthetic,,['en'],advance fee,2024-01-05T23:16:00+00:00,3000.0,1500.0,20,23,0,Monday,90,1,100,advance fee,en,Bill pay kiosk,0
6c055082-8ee1-4f34-b0ae-662371427104,synth_014cd851867f,unbanked,tabddpm_synthetic,,['en'],advance fee,2024-01-22T00:49:00+00:00,10.0,0.0,20,0,0,Monday,90,790,23,advance fee,en,Bill pay kiosk,0
34394656-aefc-4b3d-a3c0-fb01ad106c9e,synth_fa7489283271,unbanked,tabddpm_synthetic,,['en'],advance fee,2024-10-28T00:40:00+00:00,3000.0,620.0,45,0,0,Monday,17,1,80,advance fee,en,Bill pay kiosk,0
0919cb0d-5e4a-4d90-8dd5-39c446c6f6db,synth_7265b46e552d,unbanked,tabddpm_synthetic,,['en'],advance fee,2024-06-18T13:59:00+00:00,396.79,67.44,22,13,1,Tuesday,13,224,0,advance fee,en,Bill pay kiosk,0
faca1dc5-3137-45f5-b9f5-84e72c8f62c6,synth_6fa547ae7e36,unbanked,tabddpm_synthetic,,['en'],advance fee,2024-02-20T21:55:00+00:00,551.85,0.0,20,21,6,Sunday,90,1,78,advance fee,en,Bill pay kiosk,0
97dbf8bf-a862-4725-9b51-7e9b084f1af4,synth_d2080216da10,unbanked,tabddpm_synthetic,,['en'],advance fee,2024-10-02T10:50:00+00:00,202.32,0.0,41,10,0,Monday,30,1,9,advance fee,en,Bill pay kiosk,0
d01295ab-4e8f-4a46-b847-96ab9a5adb75,synth_bf14869e9ad3,unbanked,tabddpm_synthetic,,['en'],advance fee,2024-09-27T23:23:00+00:00,3000.0,1500.0,20,23,0,Monday,90,1,100,advance fee,en,Bill pay kiosk,0
b13f5dd4-f000-4482-859f-432f0d168288,synth_7b7e27f45ab5,unbanked,tabddpm_synthetic,,['en'],advance fee,2024-12-29T23:47:00+00:00,3000.0,1500.0,20,23,6,Sunday,90,1,100,advance fee,en,Bill pay kiosk,0
0a1cff1d-de0d-42ae-b84b-e924ab58a619,synth_e42b2a36053a,unbanked,tabddpm_synthetic,,['en'],advance fee,2024-03-16T08:18:00+00:00,420.92,16.55,20,8,0,Monday,7,619,4,advance fee,en,Bill pay kiosk,0
e8051685-c296-46c6-8723-93fa3d05540f,synth_09d423f612f1,unbanked,tabddpm_synthetic,,['en'],advance fee,2024-11-03T06:53:00+00:00,436.03,34.64,36,6,1,Tuesday,0,1665,5,advance fee,en,Bill pay kiosk,0
ac0ea2fc-1a2b-44d0-a01b-c9f6a7d7a5c2,synth_c4a6ad791548,unbanked,tabddpm_synthetic,,['en'],advance fee,2024-05-04T21:59:00+00:00,3000.0,0.0,20,21,0,Monday,90,1,100,advance fee,en,Bill pay kiosk,0
95aed2f7-c4ac-4eb5-bba1-44c7110bad43,synth_2366fa122f8b,unbanked,tabddpm_synthetic,,['en'],advance fee,2024-05-02T23:14:00+00:00,3000.0,1500.0,20,23,0,Monday,90,1,100,advance fee,en,Bill pay kiosk,0
74f95ef9-44ee-44d8-aa76-83e0ff0c77b5,synth_9ff1a3cb1487,unbanked,tabddpm_synthetic,,['en'],advance fee,2024-01-31T12:48:00+00:00,451.4,23.89,23,12,0,Monday,12,1713,14,advance fee,en,Bill pay kiosk,0
c297a237-756d-492a-9cd2-7c929aabd621,synth_7631bd340a9f,unbanked,tabddpm_synthetic,,['en'],advance fee,2024-12-02T23:09:00+00:00,3000.0,1500.0,20,23,0,Monday,90,1,100,advance fee,en,Bill pay kiosk,0
e23261dc-b4bf-4ff8-a0fc-c829268c2849,synth_75fbdbb4b967,unbanked,tabddpm_synthetic,,['en'],advance fee,2024-07-05T04:37:00+00:00,62.9,0.0,20,4,0,Monday,90,2000,16,advance fee,en,Bill pay kiosk,0
e232fe0f-075c-428e-90d5-ffb5be953fc1,synth_f50a0ca1d600,unbanked,tabddpm_synthetic,,['en'],advance fee,2024-01-19T00:15:00+00:00,297.5,0.0,20,0,6,Sunday,90,1,37,advance fee,en,Bill pay kiosk,0
a26689c1-1aa9-40f4-aef7-0d5fef449e72,synth_a44e3eb1a32f,unbanked,tabddpm_synthetic,,['en'],advance fee,2024-12-25T19:20:00+00:00,2723.37,429.24,20,19,0,Monday,7,1,4,advance fee,en,Bill pay kiosk,0
d2339292-e62f-4fe1-a8e0-b7c13013cfae,synth_d926f2b81522,unbanked,tabddpm_synthetic,,['en'],advance fee,2024-09-14T23:28:00+00:00,3000.0,1500.0,20,23,6,Sunday,0,1,100,advance fee,en,Bill pay kiosk,0
f7a1c667-4afe-45bc-bd89-9214a576478a,synth_bc56cbd436c3,unbanked,tabddpm_synthetic,,['en'],advance fee,2024-03-27T01:14:00+00:00,731.95,87.86,50,1,4,Friday,0,571,7,advance fee,en,Bill pay kiosk,0
e03da4e9-b1ce-4ad9-ac42-df6fb3c2f519,synth_e46170556d6e,unbanked,tabddpm_synthetic,,['en'],advance fee,2024-12-17T00:22:00+00:00,10.0,9.94,20,0,0,Monday,46,975,23,advance fee,en,Bill pay kiosk,0
faa2bdd6-079c-4458-b441-d8183bd0a04e,synth_0ac4eafcbcc1,unbanked,tabddpm_synthetic,,['en'],advance fee,2024-02-24T13:13:00+00:00,10.0,0.0,20,13,0,Monday,90,1,34,advance fee,en,Bill pay kiosk,0
a1356142-56d7-4b0f-a9e6-08b398ef8ef1,synth_c78b506264e2,unbanked,tabddpm_synthetic,,['en'],advance fee,2024-07-16T07:21:00+00:00,212.89,60.45,20,7,0,Monday,47,1248,17,advance fee,en,Bill pay kiosk,0
172c8c1f-9aa9-46e7-a69c-c627c5eaa1b2,synth_dcf86ef0d20f,unbanked,tabddpm_synthetic,,['en'],advance fee,2024-11-25T23:35:00+00:00,3000.0,1500.0,20,23,0,Monday,90,1,100,advance fee,en,Bill pay kiosk,0
66dd917a-d228-4bf2-b5ca-b8dcfbc41797,synth_dd3f0ea8a1d7,unbanked,tabddpm_synthetic,,['en'],advance fee,2024-12-25T06:26:00+00:00,10.0,0.0,20,6,0,Monday,90,1576,9,advance fee,en,Bill pay kiosk,0
6265472d-527a-4ab2-9668-4185f4407c26,synth_a2ad77c7481a,unbanked,tabddpm_synthetic,,['en'],advance fee,2024-01-05T23:59:00+00:00,3000.0,1500.0,20,23,6,Sunday,0,1,100,advance fee,en,Bill pay kiosk,0
bd95bfff-3b8a-4163-9887-97e0257a79cb,synth_a9344095925a,unbanked,tabddpm_synthetic,,['es'],advance fee,2024-03-26T12:20:00+00:00,85.79,43.55,34,12,0,Monday,10,716,5,advance fee,es,Bill pay kiosk,0
c13210f1-2922-49e8-8a12-adbb7a73f205,synth_77d3163ad3de,unbanked,tabddpm_synthetic,,['en'],advance fee,2024-09-14T23:03:00+00:00,3000.0,1500.0,20,23,0,Monday,90,1,100,advance fee,en,Bill pay kiosk,1
85348038-a7da-4c59-b0ac-b243d71ded74,synth_7a5bd6715b50,unbanked,tabddpm_synthetic,,['en'],advance fee,2024-03-11T15:22:00+00:00,819.03,44.74,20,15,0,Monday,1,273,8,advance fee,en,Bill pay kiosk,0
2e05881e-3edb-4e05-b502-09ae2922e68b,synth_991ab9f35300,unbanked,tabddpm_synthetic,,['en'],advance fee,2024-10-01T23:26:00+00:00,3000.0,1500.0,60,23,0,Monday,0,1,100,advance fee,en,Bill pay kiosk,0
6afe99d3-94a7-45d8-9af5-8bd9fb179ab8,synth_f209fd99507b,unbanked,tabddpm_synthetic,,['en'],advance fee,2024-12-22T10:52:00+00:00,10.0,5.22,20,10,4,Friday,2,490,6,advance fee,en,Bill pay kiosk,0
9b0f2e2e-87bb-4ea4-94e6-ec445d2b5de4,synth_b146f0efc531,unbanked,tabddpm_synthetic,,['en'],advance fee,2024-06-22T00:47:00+00:00,10.0,0.0,20,0,0,Monday,90,420,22,advance fee,en,Bill pay kiosk,0
2f0e61d7-c985-4bf5-8112-f36ad03a5a2b,synth_cdde277dacd4,unbanked,tabddpm_synthetic,,['en'],advance fee,2024-07-12T23:01:00+00:00,3000.0,1500.0,20,23,6,Sunday,0,1,100,advance fee,en,Bill pay kiosk,0
d7b931af-cab8-4b63-aa17-ab859fa311b9,synth_96908bac56a7,unbanked,tabddpm_synthetic,,['en'],fake loan,2024-04-24T09:38:00+00:00,99.87,0.0,36,9,0,Monday,0,247,9,fake loan,en,Bill pay kiosk,0
e2a639e8-f163-4c10-80aa-7ec8673582d4,synth_907c1908d1bc,unbanked,tabddpm_synthetic,,['en'],advance fee,2024-08-27T08:47:00+00:00,410.29,55.45,24,8,3,Thursday,31,1369,2,advance fee,en,Bill pay kiosk,0
5ad50446-391c-4b21-8481-c2ab8e50af1b,synth_2ea5f129ea96,unbanked,tabddpm_synthetic,,['en'],advance fee,2024-02-13T00:15:00+00:00,10.0,0.0,20,0,0,Monday,90,898,18,advance fee,en,Bill pay kiosk,0
94094cb1-e86a-444f-aac3-c44a79f40bfc,synth_d8003986751b,unbanked,tabddpm_synthetic,,['en'],advance fee,2024-06-07T00:29:00+00:00,3000.0,1500.0,20,0,0,Monday,90,1,100,advance fee,en,Bill pay kiosk,1
c03f95f5-7db0-4035-a2e8-c58337683f04,synth_5d2d48cf89f3,unbanked,tabddpm_synthetic,,['en'],advance fee,2024-09-30T00:46:00+00:00,2664.19,119.85,28,0,0,Monday,2,1,17,advance fee,en,Bill pay kiosk,0
17bda5d9-aaea-47af-aaee-9e2186cd9b1f,synth_3465974b242c,unbanked,tabddpm_synthetic,,['en'],advance fee,2024-11-20T23:09:00+00:00,10.0,0.0,20,23,0,Monday,90,1,100,advance fee,en,Bill pay kiosk,1
36caec3c-5ba7-40f0-8645-d5b733f5f5e1,synth_ab781bef65f0,unbanked,tabddpm_synthetic,,['en'],advance fee,2024-02-12T05:27:00+00:00,117.87,42.01,20,5,0,Monday,46,2000,6,advance fee,en,Bill pay kiosk,0
aa0ea5bd-7c08-48e8-9929-8799795f287c,synth_14bf2418d4ab,unbanked,tabddpm_synthetic,,['en'],advance fee,2024-06-08T12:57:00+00:00,286.8,37.21,20,12,0,Monday,10,1607,1,advance fee,en,Bill pay kiosk,0
c0d4b922-83da-49b9-8960-4cfdf512548e,synth_e3691a96dccf,unbanked,tabddpm_synthetic,,['en'],advance fee,2024-12-27T10:17:00+00:00,148.17,17.45,31,10,0,Monday,16,2000,2,advance fee,en,Bill pay kiosk,0
ff1bacb6-159b-4b2c-b487-c72747750b90,synth_dd332a1360e0,unbanked,tabddpm_synthetic,,['en'],advance fee,2024-07-28T00:55:00+00:00,1078.1,113.65,43,0,0,Monday,6,1055,14,advance fee,en,Bill pay kiosk,0
973603aa-de4c-467c-a18f-08ddbb5a0e18,synth_f769f772bc09,unbanked,tabddpm_synthetic,,['en'],advance fee,2024-05-05T04:28:00+00:00,381.04,30.51,27,4,0,Monday,6,773,4,advance fee,en,Bill pay kiosk,0
58d1ff6d-2bd0-426a-8d0e-fd2aa651f1fc,synth_92ee51b0102f,unbanked,tabddpm_synthetic,,['en'],advance fee,2024-03-25T00:22:00+00:00,3000.0,1500.0,60,0,0,Monday,29,1,100,advance fee,en,Bill pay kiosk,1
f5aa7bf2-1b0a-4aab-9d3b-7ce2e087740f,synth_de36002b0a70,unbanked,tabddpm_synthetic,,['en'],advance fee,2024-11-13T13:42:00+00:00,764.13,56.82,30,13,2,Wednesday,0,764,6,advance fee,en,Bill pay kiosk,0
dd0c657d-4bd6-4c40-b17c-541eb7f64ff0,synth_25459865460b,unbanked,tabddpm_synthetic,,['en'],advance fee,2024-04-06T18:06:00+00:00,1111.57,98.83,20,18,4,Friday,15,1062,6,advance fee,en,Bill pay kiosk,0
c9256b02-d3a4-43eb-8e99-f7635344a9ba,synth_627b8f9fdef3,unbanked,tabddpm_synthetic,,['en'],advance fee,2024-04-14T23:38:00+00:00,3000.0,1500.0,20,23,0,Monday,90,1,100,advance fee,en,Bill pay kiosk,0
04f988f3-9a39-4b81-b90b-472ccfc61b0e,synth_0ea27583298d,unbanked,tabddpm_synthetic,,['en'],advance fee,2024-05-07T00:22:00+00:00,2251.83,0.0,20,0,0,Monday,90,154,100,advance fee,en,Bill pay kiosk,1
9e1058b5-f6e3-43d7-8831-1dd55009c605,synth_b373b63a4d41,unbanked,tabddpm_synthetic,,['en'],advance fee,2024-09-08T04:17:00+00:00,702.37,41.91,20,4,0,Monday,90,2000,10,advance fee,en,Bill pay kiosk,0
07105096-b615-4d11-9290-d139b51c30ae,synth_75be4f09e231,unbanked,tabddpm_synthetic,,['en'],advance fee,2024-02-12T23:55:00+00:00,3000.0,1500.0,20,23,0,Monday,90,1,100,advance fee,en,Bill pay kiosk,0
6f25f969-bf2c-495a-8b40-d99e7270e544,synth_0b3c181a77f6,unbanked,tabddpm_synthetic,,['en'],advance fee,2024-03-17T00:25:00+00:00,587.48,60.68,20,0,0,Monday,58,1517,19,advance fee,en,Bill pay kiosk,0
5f203979-4d5a-4882-8141-82a9b750e8c2,synth_ef9f36968899,unbanked,tabddpm_synthetic,,['en'],advance fee,2024-11-01T07:53:00+00:00,10.0,0.0,30,7,3,Thursday,0,780,8,advance fee,en,Bill pay kiosk,0
0cb6f1f9-592a-4e15-8a6d-1aebe195f3d3,synth_af42bf92c005,unbanked,tabddpm_synthetic,,['en'],advance fee,2024-12-06T23:15:00+00:00,3000.0,1500.0,20,23,6,Sunday,0,1,100,advance fee,en,Bill pay kiosk,0
32b74ef0-366d-4bb8-9663-bf3e2464ff9b,synth_103b15261e6a,unbanked,tabddpm_synthetic,,['en'],advance fee,2024-11-30T23:22:00+00:00,3000.0,1500.0,20,23,6,Sunday,0,1,100,advance fee,en,Bill pay kiosk,0
43f56d41-d7d9-4dd8-9c01-d0d833bbcd7c,synth_1ae9173fe300,unbanked,tabddpm_synthetic,,['en'],advance fee,2024-03-28T23:03:00+00:00,3000.0,1500.0,20,23,0,Monday,90,1,100,advance fee,en,Bill pay kiosk,0
6c8c30d1-e5eb-477b-a92c-da0a3c38f76f,synth_35d05039c98a,unbanked,tabddpm_synthetic,,['en'],advance fee,2024-04-06T18:32:00+00:00,536.18,48.02,20,18,0,Monday,3,576,11,advance fee,en,Bill pay kiosk,0
596e6585-34ef-44bc-8627-1b8115731adf,synth_15f3cf6daa09,unbanked,tabddpm_synthetic,,['en'],advance fee,2024-09-13T09:47:00+00:00,241.37,83.63,20,9,0,Monday,48,2000,4,advance fee,en,Bill pay kiosk,0
8ea90a20-91dc-4efa-a620-805c9cf67b74,synth_7614a9ac9a2a,unbanked,tabddpm_synthetic,,['en'],advance fee,2024-11-19T00:01:00+00:00,500.64,29.13,60,0,0,Monday,15,419,10,advance fee,en,Bill pay kiosk,0
902c5148-67fc-4ad5-aa7b-598d3e78d80a,synth_929b3e7b89a7,unbanked,tabddpm_synthetic,,['en'],advance fee,2024-05-16T06:11:00+00:00,10.0,0.0,20,6,0,Monday,90,580,20,advance fee,en,Bill pay kiosk,0
3e4c9ee8-725d-4405-b43e-afc065341914,synth_22b62c0362af,unbanked,tabddpm_synthetic,,['en'],advance fee,2024-01-30T00:50:00+00:00,3000.0,747.52,20,0,1,Tuesday,0,1,66,advance fee,en,Bill pay kiosk,0
3099ef2f-4d90-43e2-a6ba-cc09ad126992,synth_fe06725db994,unbanked,tabddpm_synthetic,,['en'],advance fee,2024-11-14T17:49:00+00:00,858.2,112.03,20,17,1,Tuesday,1,1,7,advance fee,en,Bill pay kiosk,0
f5f8299d-92fd-4ae1-a7f0-dd52d59f37ec,synth_c03a5a1c6a9a,unbanked,tabddpm_synthetic,,['en'],advance fee,2024-11-17T23:16:00+00:00,3000.0,1500.0,20,23,0,Monday,90,1,100,advance fee,en,Bill pay kiosk,0
a674e8fa-0d6d-4617-ab35-a279fcdb0532,synth_e717a3ddf14a,unbanked,tabddpm_synthetic,,['en'],advance fee,2024-06-26T23:47:00+00:00,2486.24,125.52,20,23,0,Monday,90,839,44,advance fee,en,Bill pay kiosk,0
17688456-f866-4eab-bfd8-65bf8cad62a7,synth_b9a6d935bfb8,unbanked,tabddpm_synthetic,,['en'],advance fee,2024-02-21T00:02:00+00:00,3000.0,1500.0,20,0,0,Monday,90,1,100,advance fee,en,Bill pay kiosk,0
b864d6fb-841a-40db-b524-d37ccd7d51f1,synth_064c3146a9a5,unbanked,tabddpm_synthetic,,['en'],advance fee,2024-08-26T06:26:00+00:00,95.9,29.75,47,6,2,Wednesday,0,1492,4,advance fee,en,Bill pay kiosk,0
8051d439-7afa-446e-9dc7-33f2381a0a21,synth_b4b74162165e,unbanked,tabddpm_synthetic,,['en'],advance fee,2024-02-09T10:17:00+00:00,10.0,5.6,20,10,3,Thursday,18,798,7,advance fee,en,Bill pay kiosk,0
810f6907-56ce-442d-81c4-4b2d4393dee4,synth_fd55198894b6,unbanked,tabddpm_synthetic,,['en'],advance fee,2024-10-16T12:22:00+00:00,72.5,86.86,20,12,0,Monday,51,2000,5,advance fee,en,Bill pay kiosk,0
8faae78d-9bf3-4782-ac84-0d6474488727,synth_bdcb9102ab75,unbanked,tabddpm_synthetic,,['en'],advance fee,2024-08-20T00:03:00+00:00,471.94,0.0,20,0,0,Monday,90,930,20,advance fee,en,Bill pay kiosk,0
e87c18a3-5e41-48f5-87b1-2c5556e4882c,synth_4210bb5f702b,unbanked,tabddpm_synthetic,,['en'],advance fee,2024-11-17T09:35:00+00:00,3000.0,1500.0,44,9,0,Monday,45,178,52,advance fee,en,Bill pay kiosk,0
000ed39a-7ef5-4195-8dca-b6959b710536,synth_e6a30236e67a,unbanked,tabddpm_synthetic,,['en'],advance fee,2024-05-25T23:43:00+00:00,3000.0,1500.0,20,23,6,Sunday,90,1,100,advance fee,en,Bill pay kiosk,0
198673fa-bd95-41bd-928a-7afa0beae1bc,synth_3c5f3459e419,unbanked,tabddpm_synthetic,,['en'],advance fee,2024-05-15T23:29:00+00:00,3000.0,1500.0,60,23,0,Monday,90,1,100,advance fee,en,Bill pay kiosk,1
45d09157-bc5d-4391-91d1-8f328b04cbde,synth_efb0f27deea0,unbanked,tabddpm_synthetic,,['en'],advance fee,2024-03-27T23:31:00+00:00,3000.0,0.0,20,23,6,Sunday,90,1,100,advance fee,en,Bill pay kiosk,0
f39c902b-9717-4ce7-88ca-c831137d97d9,synth_e560b6de8125,unbanked,tabddpm_synthetic,,['en'],advance fee,2024-05-10T00:18:00+00:00,2617.47,177.85,56,0,0,Monday,5,1294,2,advance fee,en,Bill pay kiosk,0
1139490b-9abc-4c45-a1be-778e511b61a1,synth_029d541b5f68,unbanked,tabddpm_synthetic,,['en'],advance fee,2024-06-14T02:43:00+00:00,494.67,40.79,37,2,0,Monday,0,1086,7,advance fee,en,Bill pay kiosk,0
4e2b4992-a0f9-4302-a93b-8262e35e9a08,synth_b6f3c39343da,unbanked,tabddpm_synthetic,,['en'],advance fee,2024-11-28T00:13:00+00:00,99.8,0.0,20,0,6,Sunday,90,508,33,advance fee,en,Bill pay kiosk,0
7a0dfc77-05a0-4893-8574-f069eacacd69,synth_836abbf937e3,unbanked,tabddpm_synthetic,,['en'],advance fee,2024-09-11T00:45:00+00:00,3000.0,1500.0,20,0,6,Sunday,0,1,100,advance fee,en,Bill pay kiosk,0
f4844783-f152-4eb1-9556-9962324ec4e0,synth_f962e32722a6,unbanked,tabddpm_synthetic,,['en'],fake loan,2024-08-26T12:20:00+00:00,215.41,20.44,31,12,0,Monday,0,960,12,fake loan,en,Bill pay kiosk,0
29dd34e8-3789-4818-9dba-304de6ccf693,synth_a1fc89bbbc55,unbanked,tabddpm_synthetic,,['en'],advance fee,2024-09-16T00:14:00+00:00,3000.0,1500.0,20,0,6,Sunday,39,1,100,advance fee,en,Bill pay kiosk,1
4921c6b3-6d22-46e6-bf93-69a047dd1095,synth_5abad6154f92,unbanked,tabddpm_synthetic,,['en'],advance fee,2024-02-18T00:17:00+00:00,3000.0,1288.0,50,0,0,Monday,49,1,100,advance fee,en,Bill pay kiosk,0
0a0c35a0-7c2e-4b25-82db-dc58eeaf7989,synth_960c605f5bfc,unbanked,tabddpm_synthetic,,['en'],fake loan,2024-09-07T05:14:00+00:00,3000.0,211.23,20,5,0,Monday,1,271,9,fake loan,en,Bill pay kiosk,0
51cf65f9-f5d3-443c-9396-b172d2128b7e,synth_8e53fb8193d0,unbanked,tabddpm_synthetic,,['en'],advance fee,2024-01-27T10:41:00+00:00,119.3,41.22,20,10,0,Monday,23,1112,11,advance fee,en,Bill pay kiosk,0
d715e0f6-79c5-4f51-8404-d4710102c9fc,synth_60009d042a1e,unbanked,tabddpm_synthetic,,['en'],advance fee,2024-10-26T23:39:00+00:00,3000.0,1500.0,20,23,0,Monday,90,1,100,advance fee,en,Bill pay kiosk,1
1fd6a247-649b-40a0-b73f-ac85767c99da,synth_f87344359f77,unbanked,tabddpm_synthetic,,['en'],advance fee,2024-08-23T00:03:00+00:00,309.11,28.04,33,0,0,Monday,0,1690,11,advance fee,en,Bill pay kiosk,0
bc328fe9-e34b-4a72-ac5c-4f38e9270f7d,synth_4f121fb89d1f,unbanked,tabddpm_synthetic,,['en'],advance fee,2024-01-26T23:37:00+00:00,3000.0,1500.0,20,23,0,Monday,90,1,100,advance fee,en,Bill pay kiosk,0
da0c4c72-e1e8-4fe1-91b9-422769071a36,synth_e2b1d68a4254,unbanked,tabddpm_synthetic,,['en'],advance fee,2024-11-06T11:28:00+00:00,279.55,16.63,27,11,0,Monday,0,732,9,advance fee,en,Bill pay kiosk,0
82f23279-0900-40a9-b6b4-6059e36829ab,synth_1972f7022c32,unbanked,tabddpm_synthetic,,['en'],advance fee,2024-09-22T00:12:00+00:00,3000.0,1500.0,20,0,6,Sunday,0,1,100,advance fee,en,Bill pay kiosk,0
e7d81ac6-ecc9-48b7-81d1-fcaca2664d39,synth_0a983d6b9718,unbanked,tabddpm_synthetic,,['en'],advance fee,2024-10-30T00:50:00+00:00,3000.0,1500.0,20,0,0,Monday,90,1,100,advance fee,en,Bill pay kiosk,1
33d773a1-6f2a-4a5e-917d-1bb02bd0681e,synth_90ba03212505,unbanked,tabddpm_synthetic,,['en'],advance fee,2024-04-30T23:01:00+00:00,3000.0,1500.0,20,23,0,Monday,90,1,100,advance fee,en,Bill pay kiosk,0
6db2fdee-22df-4f33-b3f7-082c56abbb91,synth_daf488f05d87,unbanked,tabddpm_synthetic,,['en'],advance fee,2024-04-25T00:33:00+00:00,3000.0,1081.15,20,0,6,Sunday,0,1,93,advance fee,en,Bill pay kiosk,0
8bb34892-9fa7-49c5-99be-34af23560aee,synth_4db2e55d1b09,unbanked,tabddpm_synthetic,,['en'],advance fee,2024-07-15T06:17:00+00:00,434.57,41.34,20,6,0,Monday,90,2000,14,advance fee,en,Bill pay kiosk,0
c68dd122-95d9-4ec6-adbb-50862070440a,synth_357faf317325,unbanked,tabddpm_synthetic,,['en'],advance fee,2024-01-12T12:47:00+00:00,1023.13,48.83,27,12,0,Monday,8,1,4,advance fee,en,Bill pay kiosk,0
22b0cdc7-a745-4056-a409-0f0f06c5030b,synth_addb813636cf,unbanked,tabddpm_synthetic,,['en'],advance fee,2024-04-26T08:10:00+00:00,10.0,6.67,20,8,5,Saturday,34,123,3,advance fee,en,Bill pay kiosk,0
8e880cdb-a91f-47a8-8030-275b73162a6b,synth_02b3ab3e1c8a,unbanked,tabddpm_synthetic,,['en'],advance fee,2024-04-08T23:41:00+00:00,3000.0,1500.0,60,23,0,Monday,90,1,100,advance fee,en,Bill pay kiosk,0
f5ca60b4-873e-456c-b1b4-8ce9372148ef,synth_1d40be424333,unbanked,tabddpm_synthetic,,['en'],advance fee,2024-03-23T00:20:00+00:00,3000.0,1500.0,20,0,6,Sunday,0,1,100,advance fee,en,Bill pay kiosk,0
b8abb953-7144-4363-8177-9c153054e8fb,synth_0f7a82f69f79,unbanked,tabddpm_synthetic,,['en'],advance fee,2024-10-26T13:05:00+00:00,10.0,0.0,20,13,0,Monday,90,910,14,advance fee,en,Bill pay kiosk,0
e2431f93-a82e-44be-a638-36cefd5233df,synth_4e2782f8cae1,unbanked,tabddpm_synthetic,,['en'],advance fee,2024-10-31T13:40:00+00:00,145.8,23.22,20,13,0,Monday,9,1692,7,advance fee,en,Bill pay kiosk,0
38f474f4-0017-4b73-8e32-53647d03d53b,synth_56f2de54073d,unbanked,tabddpm_synthetic,,['en'],advance fee,2024-11-03T04:21:00+00:00,479.7,0.0,20,4,6,Sunday,90,1,30,advance fee,en,Bill pay kiosk,0
d84c4856-5e53-4d93-9495-6ac2ad040f48,synth_bf144196c683,unbanked,tabddpm_synthetic,,['en'],advance fee,2024-08-03T00:53:00+00:00,147.2,11.59,20,0,0,Monday,0,1106,10,advance fee,en,Bill pay kiosk,0
c0c2b799-cf54-4557-8414-ac0d15129e29,synth_2871629c05d1,unbanked,tabddpm_synthetic,,['en'],advance fee,2024-06-17T23:21:00+00:00,3000.0,1500.0,20,23,6,Sunday,18,1,100,advance fee,en,Bill pay kiosk,0
22ae4a74-354f-47cb-9c43-c51fedd3d0df,synth_e25f9081be99,unbanked,tabddpm_synthetic,,['en'],advance fee,2024-03-02T09:36:00+00:00,10.0,0.0,20,9,2,Wednesday,90,261,11,advance fee,en,Bill pay kiosk,0
40271a5d-b8d5-445c-b5aa-26350c5e43c8,synth_0588066f9015,unbanked,tabddpm_synthetic,,['en'],advance fee,2024-01-18T00:09:00+00:00,1575.42,39.66,20,0,0,Monday,90,2000,32,advance fee,en,Bill pay kiosk,1
04eb74d9-3f36-465f-af0b-1aac9ec9d9c4,synth_4a117478cc29,unbanked,tabddpm_synthetic,,['en'],advance fee,2024-03-30T15:30:00+00:00,531.79,0.0,20,15,6,Sunday,90,1,54,advance fee,en,Bill pay kiosk,0
503e6111-420a-455e-9555-400db77a8da1,synth_c8944125e0ea,unbanked,tabddpm_synthetic,,['en'],advance fee,2024-09-03T23:50:00+00:00,3000.0,1500.0,20,23,6,Sunday,0,1,100,advance fee,en,Bill pay kiosk,0
6129f628-17f5-40b5-89ab-9f0ff5d356c1,synth_d571de548b52,unbanked,tabddpm_synthetic,,['en'],advance fee,2024-01-03T16:49:00+00:00,264.13,28.94,53,16,3,Thursday,4,1,10,advance fee,en,Bill pay kiosk,0
5b44cad4-d9af-4aa2-a4fd-0d42fd1088b1,synth_9aca8dbe0e30,unbanked,tabddpm_synthetic,,['en'],advance fee,2024-05-26T00:36:00+00:00,3000.0,822.14,60,0,0,Monday,0,1,39,advance fee,en,Bill pay kiosk,0
0bf05abf-265f-4ef9-b139-ae4e2f592c1c,synth_24ab78d12c2f,unbanked,tabddpm_synthetic,,['en'],advance fee,2024-04-28T23:44:00+00:00,3000.0,1500.0,20,23,6,Sunday,0,1,100,advance fee,en,Bill pay kiosk,0
a3681ce5-8ca4-45ee-ba8d-75d9c37254ca,synth_e5ffbb6e8ebd,unbanked,tabddpm_synthetic,,['en'],advance fee,2024-10-16T00:39:00+00:00,3000.0,1500.0,45,0,0,Monday,0,1,100,advance fee,en,Bill pay kiosk,0
22d37b19-1cb5-4a3e-8e2b-8099bdb124ea,synth_72487a498a5a,unbanked,tabddpm_synthetic,,['en'],advance fee,2024-03-22T09:55:00+00:00,10.0,0.0,20,9,0,Monday,90,469,21,advance fee,en,Bill pay kiosk,0
bdd42128-dd3d-4d21-9430-a60d53414883,synth_36841070a71f,unbanked,tabddpm_synthetic,,['en'],advance fee,2024-04-30T17:39:00+00:00,296.42,16.76,21,17,0,Monday,6,1,3,advance fee,en,Bill pay kiosk,0
ba0e542f-a356-4a52-9ac7-aa3a14b7a8e0,synth_313ee4cb990d,unbanked,tabddpm_synthetic,,['en'],advance fee,2024-05-13T13:53:00+00:00,451.42,25.45,35,13,0,Monday,13,1408,6,advance fee,en,Bill pay kiosk,0
7a15484e-2a04-41b3-b630-9e0eb373a67c,synth_948e283f66e7,unbanked,tabddpm_synthetic,,['en'],advance fee,2024-02-01T23:50:00+00:00,3000.0,1500.0,20,23,6,Sunday,0,1,100,advance fee,en,Bill pay kiosk,0
42455817-edeb-4a33-bba9-9fcc170a74d4,synth_53fb3458f898,unbanked,tabddpm_synthetic,,['en'],advance fee,2024-12-11T00:15:00+00:00,10.0,0.0,20,0,0,Monday,90,2000,36,advance fee,en,Bill pay kiosk,1
41fcd017-3cff-490c-a346-abd5c89c0f4f,synth_6fe08f957b89,unbanked,tabddpm_synthetic,,['en'],advance fee,2024-04-23T00:10:00+00:00,2563.95,225.39,35,0,0,Monday,40,163,61,advance fee,en,Bill pay kiosk,1
f24ae770-c4b4-4d81-ac17-a6826ea33e65,synth_a6d8a4ee0187,unbanked,tabddpm_synthetic,,['en'],advance fee,2024-07-30T23:01:00+00:00,10.0,0.0,20,23,0,Monday,90,1,100,advance fee,en,Bill pay kiosk,0
8dc23bfb-8f89-49ca-bd8e-2779d9e4add2,synth_865eb09752a4,unbanked,tabddpm_synthetic,,['en'],advance fee,2024-02-26T23:11:00+00:00,3000.0,1500.0,20,23,0,Monday,90,1,100,advance fee,en,Bill pay kiosk,1
f091b2b0-cdad-419f-bd12-aa8611ceb764,synth_f83db573ffa5,unbanked,tabddpm_synthetic,,['en'],advance fee,2024-11-11T23:44:00+00:00,3000.0,1500.0,20,23,0,Monday,90,1,100,advance fee,en,Bill pay kiosk,0
affb2591-8186-4c2c-be69-e04d1422413b,synth_5eb6266ed6b8,unbanked,tabddpm_synthetic,,['en'],advance fee,2024-04-01T12:54:00+00:00,405.05,39.77,20,12,0,Monday,5,2000,6,advance fee,en,Bill pay kiosk,0
b9662227-c393-4ae6-995a-2fd41f6f69a4,synth_ff26ec80dfba,unbanked,tabddpm_synthetic,,['es'],advance fee,2024-10-03T06:08:00+00:00,420.47,61.42,35,6,0,Monday,1,1885,10,advance fee,es,Bill pay kiosk,0
1ba2e3b6-ba27-4966-8518-4059a4f6a10f,synth_dbdc30628329,unbanked,tabddpm_synthetic,,['en'],advance fee,2024-08-06T23:54:00+00:00,3000.0,1500.0,20,23,0,Monday,90,1,100,advance fee,en,Bill pay kiosk,0
7466a1f8-c14a-4fe7-99dc-7785e34ed1e4,synth_c57d32564ceb,unbanked,tabddpm_synthetic,,['en'],advance fee,2024-05-27T14:15:00+00:00,94.9,4.22,43,14,4,Friday,0,630,12,advance fee,en,Bill pay kiosk,0
3617276d-41af-4b3a-8d23-2b40906c5d8c,synth_00c2d16f9d59,unbanked,tabddpm_synthetic,,['en'],advance fee,2024-08-24T09:53:00+00:00,107.24,13.74,20,9,0,Monday,0,1357,6,advance fee,en,Bill pay kiosk,0
b5c88fd3-07f6-4871-ab38-a974ffbd6fac,synth_47ca1d54da16,unbanked,tabddpm_synthetic,,['en'],advance fee,2024-12-10T16:36:00+00:00,234.17,8.66,28,16,1,Tuesday,14,1673,16,advance fee,en,Bill pay kiosk,0
21a5f33b-346a-4f5a-ba60-bb981044943b,synth_ce5d6a856472,unbanked,tabddpm_synthetic,,['en'],fake loan,2024-10-10T07:10:00+00:00,439.8,9.96,20,7,4,Friday,1,800,3,fake loan,en,Bill pay kiosk,0
b7ab4726-e2e0-43d9-ad69-7b8a3753a01a,synth_1629643bdcfb,unbanked,tabddpm_synthetic,,['en'],advance fee,2024-10-25T23:50:00+00:00,3000.0,1500.0,20,23,6,Sunday,90,1,100,advance fee,en,Bill pay kiosk,0
6d8071fa-b93a-41d5-a727-ab65fea7eb84,synth_31b5bb6c940a,unbanked,tabddpm_synthetic,,['en'],advance fee,2024-03-29T23:55:00+00:00,3000.0,1500.0,20,23,0,Monday,90,1,100,advance fee,en,Bill pay kiosk,1
2ded7500-e229-4568-a7d8-4ba0b2ad6d49,synth_02b6215f22b1,unbanked,tabddpm_synthetic,,['en'],advance fee,2024-01-16T00:47:00+00:00,279.19,23.85,25,0,0,Monday,0,1776,2,advance fee,en,Bill pay kiosk,0
55aa90eb-ff66-4fcf-88cc-45fd79f8ba94,synth_bfc3e5cf464d,unbanked,tabddpm_synthetic,,['en'],advance fee,2024-05-29T23:09:00+00:00,2386.37,0.0,20,23,6,Sunday,90,1,100,advance fee,en,Bill pay kiosk,0
5e159a03-c5cf-4a50-9b22-c689e5b7f9d3,synth_9ca6fca3cd5e,unbanked,tabddpm_synthetic,,['en'],advance fee,2024-09-14T00:01:00+00:00,3000.0,1500.0,20,0,6,Sunday,0,1,100,advance fee,en,Bill pay kiosk,0
45d5031e-4605-45ba-80fd-36a74429e152,synth_4c9b6c6d9bdf,unbanked,tabddpm_synthetic,,['en'],advance fee,2024-08-27T23:01:00+00:00,3000.0,1500.0,20,23,0,Monday,90,1,100,advance fee,en,Bill pay kiosk,1
d182c45e-4a9d-4fd3-bca0-2d4949c75f4e,synth_4cb15fad1ab5,unbanked,tabddpm_synthetic,,['en'],advance fee,2024-08-11T15:57:00+00:00,741.6,85.72,20,15,0,Monday,16,1819,5,advance fee,en,Bill pay kiosk,0
cc218a24-6105-4cb8-850a-3b6c11eb7c9a,synth_bd042e5eec29,unbanked,tabddpm_synthetic,,['en'],advance fee,2024-07-18T11:39:00+00:00,279.81,53.1,20,11,0,Monday,13,1038,3,advance fee,en,Bill pay kiosk,0
f1f42b86-3deb-4614-b1e0-d5b358896129,synth_ea41cdf87a5b,unbanked,tabddpm_synthetic,,['en'],advance fee,2024-05-22T23:37:00+00:00,3000.0,1500.0,20,23,0,Monday,90,1,100,advance fee,en,Bill pay kiosk,0
fab2fe87-d655-4f54-9099-1d54cc4785ab,synth_44eb1f723b07,unbanked,tabddpm_synthetic,,['en'],advance fee,2024-06-06T23:35:00+00:00,3000.0,1500.0,60,23,0,Monday,0,1,100,advance fee,en,Bill pay kiosk,0
77981ca1-cf2a-4884-beca-28c20c8f72d4,synth_98d3ae35ec11,unbanked,tabddpm_synthetic,,['en'],advance fee,2024-07-11T08:40:00+00:00,545.32,64.3,20,8,0,Monday,24,1791,5,advance fee,en,Bill pay kiosk,0
ff667723-078c-4fbc-a32b-57c42057ef77,synth_e9a77e1129e1,unbanked,tabddpm_synthetic,,['en'],advance fee,2024-04-05T00:51:00+00:00,618.75,54.72,20,0,0,Monday,0,1,29,advance fee,en,Bill pay kiosk,1
3acccfec-5d1b-4c75-97e9-8a603109ef7e,synth_0667205385bc,unbanked,tabddpm_synthetic,,['en'],advance fee,2024-06-24T00:40:00+00:00,829.48,48.33,20,0,0,Monday,0,2000,7,advance fee,en,Bill pay kiosk,0
af69faed-7b03-4cc4-a8b5-0402556cad82,synth_426957b99334,unbanked,tabddpm_synthetic,,['en'],advance fee,2024-05-28T10:47:00+00:00,158.75,39.24,20,10,0,Monday,13,1646,2,advance fee,en,Bill pay kiosk,0
467ef31d-4682-4c17-9a8e-e7ecc76569a1,synth_4ea8d8c198f5,unbanked,tabddpm_synthetic,,['en'],advance fee,2024-10-12T18:06:00+00:00,138.13,23.36,45,18,2,Wednesday,0,518,11,advance fee,en,Bill pay kiosk,0
48eb6d0e-0f89-41c8-a8e6-658b0e5979ce,synth_8c522152a12a,unbanked,tabddpm_synthetic,,['en'],advance fee,2024-11-02T00:46:00+00:00,26.8,50.5,20,0,0,Monday,0,2000,10,advance fee,en,Bill pay kiosk,0
e8deb82b-92ce-4cd6-bf2c-a7d27cd162ca,synth_7dc2d892f03c,unbanked,tabddpm_synthetic,,['en'],advance fee,2024-08-22T05:53:00+00:00,530.01,0.0,20,5,6,Sunday,90,1,33,advance fee,en,Bill pay kiosk,0
d103a655-8b34-4016-b8c5-0e8960f5d855,synth_91dae5cc8c44,unbanked,tabddpm_synthetic,,['en'],advance fee,2024-09-07T11:51:00+00:00,681.07,56.83,22,11,0,Monday,13,587,7,advance fee,en,Bill pay kiosk,0
228ec70c-e38a-4b8f-90cd-40c4553e39d0,synth_844c68ff7743,unbanked,tabddpm_synthetic,,['en'],advance fee,2024-09-03T09:37:00+00:00,3000.0,536.91,20,9,6,Sunday,0,1,29,advance fee,en,Bill pay kiosk,0
d6fbb15f-c753-4b0e-94ea-7d20e6b2c097,synth_39cb67494090,unbanked,tabddpm_synthetic,,['en'],advance fee,2024-04-01T23:00:00+00:00,3000.0,1500.0,20,23,6,Sunday,90,1,100,advance fee,en,Bill pay kiosk,0
1652e91b-8527-43e1-beda-6d12d17511a5,synth_7b4e23d309ae,unbanked,tabddpm_synthetic,,['en'],advance fee,2024-02-27T16:05:00+00:00,632.35,49.13,20,16,0,Monday,2,1714,6,advance fee,en,Bill pay kiosk,0
2f8ab072-86ae-4154-bc7d-d3cc6a24a085,synth_fd7d010dba84,unbanked,tabddpm_synthetic,,['en'],advance fee,2024-06-23T10:17:00+00:00,112.68,52.64,20,10,0,Monday,29,2000,5,advance fee,en,Bill pay kiosk,0
0de1cbb6-e085-4503-b93f-3167abfccb38,synth_1aa598d1d6e7,unbanked,tabddpm_synthetic,,['en'],advance fee,2024-10-11T12:55:00+00:00,10.0,0.0,20,12,0,Monday,90,1,53,advance fee,en,Bill pay kiosk,0
e27d0a13-df6b-45e0-8b5c-1eea3de001b3,synth_9c7a55ec0626,unbanked,tabddpm_synthetic,,['en'],advance fee,2024-03-27T10:37:00+00:00,102.19,0.0,20,10,5,Saturday,90,593,7,advance fee,en,Bill pay kiosk,0
895df009-147b-4b54-824d-50f1f6a35ad7,synth_9b28a80b7d88,unbanked,tabddpm_synthetic,,['en'],advance fee,2024-11-12T23:20:00+00:00,3000.0,1500.0,60,23,6,Sunday,0,1,100,advance fee,en,Bill pay kiosk,1
bfdec00d-44b0-4ba4-a305-06ee3f5fc584,synth_1460858a0756,unbanked,tabddpm_synthetic,,['en'],advance fee,2024-12-10T00:44:00+00:00,3000.0,1500.0,60,0,0,Monday,90,1,100,advance fee,en,Bill pay kiosk,1
726f2de6-cd93-4c4e-be2d-29c174ea9bad,synth_d3b349f6397a,unbanked,tabddpm_synthetic,,['en'],advance fee,2024-04-15T00:15:00+00:00,522.78,66.23,30,0,0,Monday,0,2000,10,advance fee,en,Bill pay kiosk,0
92e85f0b-997d-439b-afdf-27339e1baa55,synth_32f22e50e55b,unbanked,tabddpm_synthetic,,['en'],advance fee,2024-09-23T00:43:00+00:00,3000.0,1500.0,20,0,6,Sunday,0,1,100,advance fee,en,Bill pay kiosk,0
c1a8df1f-d9f3-4da4-bff3-90030f6f4f6a,synth_e067d112e4f3,unbanked,tabddpm_synthetic,,['en'],advance fee,2024-03-07T07:34:00+00:00,454.94,7.09,28,7,0,Monday,2,2000,9,advance fee,en,Bill pay kiosk,0
50adbaae-bf7f-4bc6-b7d1-1f693fc5be98,synth_ce6785fb2086,unbanked,tabddpm_synthetic,,['en'],advance fee,2024-11-30T10:13:00+00:00,10.0,0.0,20,10,0,Monday,90,1,49,advance fee,en,Bill pay kiosk,0
0cf2e159-6422-4991-b8e9-baec2a96ff73,synth_f1041ce7e964,unbanked,tabddpm_synthetic,,['en'],advance fee,2024-08-29T23:07:00+00:00,3000.0,1500.0,60,23,0,Monday,0,1,100,advance fee,en,Bill pay kiosk,0
7043f76b-f461-4268-9ca4-a9de667172fe,synth_37ad3213ce50,unbanked,tabddpm_synthetic,,['en'],advance fee,2024-10-29T00:40:00+00:00,1684.24,191.1,20,0,0,Monday,48,1242,19,advance fee,en,Bill pay kiosk,0
36023982-4ad3-4b86-b65d-f7c68852c0f4,synth_f8243103d211,unbanked,tabddpm_synthetic,,['en'],advance fee,2024-07-03T11:14:00+00:00,10.0,0.0,20,11,0,Monday,90,1,93,advance fee,en,Bill pay kiosk,0
8aa95222-a0a3-4fa4-b7e1-df8ffa54ec59,synth_38e1a5e45a32,unbanked,tabddpm_synthetic,,['en'],advance fee,2024-05-25T00:24:00+00:00,3000.0,1500.0,60,0,0,Monday,3,1,68,advance fee,en,Bill pay kiosk,0
ebf9198c-e1c2-4e4c-8249-9ab0d6f6678a,synth_d482eebe3725,unbanked,tabddpm_synthetic,,['en'],advance fee,2024-12-07T00:45:00+00:00,2475.75,98.73,40,0,0,Monday,3,1,18,advance fee,en,Bill pay kiosk,0
d8978906-1e1f-4163-91f3-6f663ae8679e,synth_361ecf945168,unbanked,tabddpm_synthetic,,['en'],advance fee,2024-05-21T06:19:00+00:00,331.11,5.81,34,6,0,Monday,1,574,7,advance fee,en,Bill pay kiosk,0
a8c4c0ae-6837-42c9-9335-78452591a3f1,synth_38a6bb2250d5,unbanked,tabddpm_synthetic,,['en'],advance fee,2024-06-10T09:52:00+00:00,172.45,77.04,20,9,0,Monday,65,2000,8,advance fee,en,Bill pay kiosk,0
983cba9b-b149-4e27-9e3e-eb4e3835fd05,synth_ed0bc272244b,unbanked,tabddpm_synthetic,,['en'],fake loan,2024-06-16T15:22:00+00:00,351.7,2.15,20,15,0,Monday,2,954,5,fake loan,en,Bill pay kiosk,0
15781a12-91d1-4c25-bf37-a6acf5710535,synth_1160cfa21ebd,unbanked,tabddpm_synthetic,,['en'],advance fee,2024-01-05T03:09:00+00:00,102.0,15.14,21,3,0,Monday,0,2000,10,advance fee,en,Bill pay kiosk,0
db74a5ed-185f-4735-a897-f52cdaad30e8,synth_37f3bd95510c,unbanked,tabddpm_synthetic,,['en'],advance fee,2024-03-16T00:06:00+00:00,3000.0,1500.0,20,0,0,Monday,90,1,100,advance fee,en,Bill pay kiosk,0
7929f4e6-998e-44d1-8c66-7ca405d2b795,synth_bd94fab54723,unbanked,tabddpm_synthetic,,['en'],advance fee,2024-11-12T05:34:00+00:00,72.92,57.08,20,5,0,Monday,0,1279,9,advance fee,en,Bill pay kiosk,0
2bf35156-dacc-4073-a6aa-04e0d9972b31,synth_9ef221a89765,unbanked,tabddpm_synthetic,,['en'],advance fee,2024-11-25T23:47:00+00:00,3000.0,1500.0,20,23,6,Sunday,80,1,100,advance fee,en,Bill pay kiosk,0
ea9dae2b-bbda-4f1a-b3e3-85476540cfaa,synth_5236ff921d36,unbanked,tabddpm_synthetic,,['en'],advance fee,2024-07-22T00:05:00+00:00,283.92,0.0,20,0,0,Monday,0,2000,18,advance fee,en,Bill pay kiosk,0
e27abe4e-fe31-4524-9690-a58215e67e66,synth_235a81779f83,unbanked,tabddpm_synthetic,,['en'],advance fee,2024-10-13T23:57:00+00:00,3000.0,1500.0,20,23,0,Monday,90,1,100,advance fee,en,Bill pay kiosk,1
054ab77e-e822-4f1d-a760-0d32b032291b,synth_3a9a3be69a8c,unbanked,tabddpm_synthetic,,['en'],advance fee,2024-08-20T00:06:00+00:00,259.54,18.66,50,0,0,Monday,0,2000,11,advance fee,en,Bill pay kiosk,0
66d9479b-3ba4-4f07-851b-fc99065954f9,synth_b52b7da39569,unbanked,tabddpm_synthetic,,['en'],advance fee,2024-10-10T23:05:00+00:00,3000.0,1500.0,20,23,0,Monday,90,1,100,advance fee,en,Bill pay kiosk,0
112e2368-4b02-4d88-a7da-2722a003df44,synth_665f9028f919,unbanked,tabddpm_synthetic,,['en'],advance fee,2024-12-21T00:39:00+00:00,158.78,18.62,60,0,0,Monday,0,2000,3,advance fee,en,Bill pay kiosk,0
61d9b119-2649-45ee-82d2-9273a9e54736,synth_0a00b53b56c5,unbanked,tabddpm_synthetic,,['en'],advance fee,2024-12-01T11:59:00+00:00,10.0,0.0,20,11,0,Monday,90,1,68,advance fee,en,Bill pay kiosk,0
b01278ec-179e-4b72-bf98-e8134d69264b,synth_f72094fd5d1a,unbanked,tabddpm_synthetic,,['en'],advance fee,2024-01-27T23:52:00+00:00,3000.0,1500.0,20,23,6,Sunday,0,1,100,advance fee,en,Bill pay kiosk,0
9f5d7be7-128c-4d9a-9796-7c9834bd9a28,synth_bbc2888e21b6,unbanked,tabddpm_synthetic,,['en'],advance fee,2024-07-11T00:02:00+00:00,3000.0,1500.0,20,0,0,Monday,51,1,100,advance fee,en,Bill pay kiosk,0
da2149f3-596d-4123-bb15-ef9bb749a9ca,synth_f62422467dfd,unbanked,tabddpm_synthetic,,['en'],advance fee,2024-09-22T23:47:00+00:00,3000.0,1500.0,60,23,6,Sunday,0,1,100,advance fee,en,Bill pay kiosk,0
58a9bc0b-6623-41cc-84c4-0121679aab29,synth_216a1e95bb48,unbanked,tabddpm_synthetic,,['en'],advance fee,2024-02-25T00:41:00+00:00,3000.0,1500.0,60,0,0,Monday,90,1,100,advance fee,en,Bill pay kiosk,1
fc136ec3-827e-414b-b1ca-57c42f7cc314,synth_2bfe0814d0c9,unbanked,tabddpm_synthetic,,['en'],advance fee,2024-10-28T00:57:00+00:00,807.49,66.58,20,0,5,Saturday,61,294,22,advance fee,en,Bill pay kiosk,0
5a36c6f5-d8f6-43ae-9c43-5992dd016d27,synth_c464851a29fc,unbanked,tabddpm_synthetic,,['en'],advance fee,2024-05-15T00:10:00+00:00,3000.0,330.76,60,0,0,Monday,0,1082,13,advance fee,en,Bill pay kiosk,0
d02c0b20-bb96-45f8-a328-888f328e0ed9,synth_2a8deb30e348,unbanked,tabddpm_synthetic,,['en'],advance fee,2024-11-01T18:09:00+00:00,10.0,0.0,20,18,0,Monday,90,1,65,advance fee,en,Bill pay kiosk,1
14f5d01c-7395-45df-bf81-adc0b123d937,synth_9276cce7fb59,unbanked,tabddpm_synthetic,,['en'],advance fee,2024-12-06T23:20:00+00:00,3000.0,1500.0,20,23,6,Sunday,44,1,100,advance fee,en,Bill pay kiosk,0
9f19d3f1-0cc0-4b5a-bd64-4ffd8b1ee033,synth_a9b2e8bc4d28,unbanked,tabddpm_synthetic,,['en'],advance fee,2024-02-25T00:22:00+00:00,223.6,42.17,20,0,0,Monday,0,2000,10,advance fee,en,Bill pay kiosk,0
fbb6cb13-a6c3-4c43-b86e-f32a6febfee1,synth_df7bfc69296a,unbanked,tabddpm_synthetic,,['en'],advance fee,2024-09-20T23:07:00+00:00,3000.0,1500.0,60,23,6,Sunday,0,1,100,advance fee,en,Bill pay kiosk,0
899eb242-f058-4d51-9d57-34ae41c1e91d,synth_4e40d929ce22,unbanked,tabddpm_synthetic,,['en'],advance fee,2024-02-27T14:39:00+00:00,3000.0,676.04,20,14,6,Sunday,0,1,24,advance fee,en,Bill pay kiosk,0
baef154d-fcee-4395-a0eb-76e49529c5e7,synth_743e48cfc4e2,unbanked,tabddpm_synthetic,,['en'],advance fee,2024-06-04T23:06:00+00:00,3000.0,1500.0,20,23,0,Monday,90,1,100,advance fee,en,Bill pay kiosk,0
73d40517-2ab5-482a-95b6-929469c7987e,synth_59393990b3a3,unbanked,tabddpm_synthetic,,['en'],advance fee,2024-05-21T23:01:00+00:00,3000.0,1500.0,20,23,0,Monday,90,1,100,advance fee,en,Bill pay kiosk,0
057756ba-8c5d-4367-a698-88aaa3bd88e3,synth_877f3a0bd77c,unbanked,tabddpm_synthetic,,['en'],advance fee,2024-07-24T12:45:00+00:00,10.0,0.0,20,12,0,Monday,90,1,23,advance fee,en,Bill pay kiosk,0
f50e75a3-3a93-4a13-b76c-c2b872cb63f6,synth_286e03e543f7,unbanked,tabddpm_synthetic,,['en'],advance fee,2024-11-08T23:34:00+00:00,3000.0,1500.0,29,23,0,Monday,90,1,100,advance fee,en,Bill pay kiosk,1
671cf0af-7bed-4107-8bd3-a19f31f476b0,synth_7fc5ce0973ba,unbanked,tabddpm_synthetic,,['en'],advance fee,2024-01-22T08:41:00+00:00,150.72,22.91,20,8,0,Monday,9,1217,5,advance fee,en,Cash (informal),0
a3676486-ccf6-49ae-a6c7-2a3c497ce9f5,synth_f401380ed7b8,unbanked,tabddpm_synthetic,,['en'],advance fee,2024-04-29T00:56:00+00:00,3000.0,1500.0,20,0,0,Monday,0,1,100,advance fee,en,Bill pay kiosk,0
0fe7f565-e57f-470a-9c95-85f447952f73,synth_408c0e541f85,unbanked,tabddpm_synthetic,,['en'],fake loan,2024-05-03T11:42:00+00:00,159.86,38.3,54,11,0,Monday,7,793,5,fake loan,en,Bill pay kiosk,0
2a1c5e19-4bbb-493b-86e7-208683fd89cc,synth_d56b0df5796e,unbanked,tabddpm_synthetic,,['en'],advance fee,2024-12-12T08:58:00+00:00,12.64,55.71,20,8,0,Monday,15,1034,6,advance fee,en,Bill pay kiosk,0
073de8bf-f213-4580-92f9-2e736e7a2fad,synth_9c27248f2105,unbanked,tabddpm_synthetic,,['en'],advance fee,2024-05-06T09:17:00+00:00,1930.74,131.74,20,9,5,Saturday,0,1,16,advance fee,en,Bill pay kiosk,0
357baae9-ae5f-4f73-9a50-22612cedad6c,synth_44fb26d92754,unbanked,tabddpm_synthetic,,['en'],advance fee,2024-04-29T23:21:00+00:00,3000.0,1500.0,60,23,0,Monday,90,1,100,advance fee,en,Bill pay kiosk,1
5978eda4-b351-4e4c-a3cc-c1ac46b64db9,synth_ec6d41bf8166,unbanked,tabddpm_synthetic,,['en'],advance fee,2024-10-19T23:43:00+00:00,3000.0,1500.0,20,23,0,Monday,90,1,100,advance fee,en,Bill pay kiosk,0
d5fb7a86-0634-4d4f-946b-9d8a52924df1,synth_040957949316,unbanked,tabddpm_synthetic,,['en'],advance fee,2024-07-06T00:58:00+00:00,236.72,44.55,20,0,0,Monday,0,2000,11,advance fee,en,Bill pay kiosk,0
2721530b-e9a7-4bdc-a680-182d0b3dea5e,synth_3c88c6983b8f,unbanked,tabddpm_synthetic,,['en'],advance fee,2024-07-18T00:41:00+00:00,171.29,42.93,26,0,0,Monday,3,508,19,advance fee,en,Bill pay kiosk,0
266f3b47-399b-4a5a-9577-c96363ad0d1a,synth_e8bae173a09f,unbanked,tabddpm_synthetic,,['en'],advance fee,2024-02-28T00:56:00+00:00,429.06,11.19,48,0,0,Monday,10,1,5,advance fee,en,Bill pay kiosk,0
c83146d9-72c2-408a-a52c-5951ed6d2485,synth_4e6f869b6769,unbanked,tabddpm_synthetic,,['en'],advance fee,2024-10-03T00:34:00+00:00,3000.0,402.39,20,0,6,Sunday,10,1,23,advance fee,en,Bill pay kiosk,0
dd883f6f-1b98-4b99-bd5b-b0f6dee637b0,synth_90fb83ef49b7,unbanked,tabddpm_synthetic,,['en'],advance fee,2024-04-21T12:21:00+00:00,10.0,0.0,20,12,2,Wednesday,90,205,10,advance fee,en,Bill pay kiosk,0
341658ff-ea6e-431e-b3c1-02b25e2ba036,synth_7578138f0042,unbanked,tabddpm_synthetic,,['en'],advance fee,2024-05-05T09:53:00+00:00,65.8,0.0,27,9,0,Monday,57,760,5,advance fee,en,Bill pay kiosk,0
dd291a17-0508-43a4-956e-ffd65b45948f,synth_537dbec95e4c,unbanked,tabddpm_synthetic,,['en'],advance fee,2024-09-22T10:28:00+00:00,41.41,6.2,20,10,0,Monday,4,1131,10,advance fee,en,Bill pay kiosk,0
62053a44-8b85-485a-9c1a-abd0d7f7760a,synth_3eb40002990f,unbanked,tabddpm_synthetic,,['en'],advance fee,2024-05-21T11:03:00+00:00,106.11,10.69,41,11,0,Monday,1,1683,13,advance fee,en,Bill pay kiosk,0
35aa4ba8-fc73-48d9-a2f1-dc82a4ea401a,synth_eba4b7b8e52f,unbanked,tabddpm_synthetic,,['en'],advance fee,2024-09-04T00:42:00+00:00,3000.0,1500.0,60,0,0,Monday,90,1,100,advance fee,en,Bill pay kiosk,0
62fae111-bea1-49d2-8f6e-6b799ce58b40,synth_7791ff07606e,unbanked,tabddpm_synthetic,,['en'],advance fee,2024-07-06T23:46:00+00:00,3000.0,1500.0,20,23,0,Monday,90,1,100,advance fee,en,Bill pay kiosk,0
99af99e1-d005-46b0-a4e0-900dc3b81536,synth_da0dd762b15e,unbanked,tabddpm_synthetic,,['en'],advance fee,2024-06-05T23:24:00+00:00,3000.0,1500.0,20,23,0,Monday,90,1,100,advance fee,en,Bill pay kiosk,0
a4c4fd4c-2355-4e67-ad5e-75c5518b4cec,synth_ccc2a6cc1b3f,unbanked,tabddpm_synthetic,,['en'],advance fee,2024-05-04T09:58:00+00:00,84.93,25.35,25,9,0,Monday,2,2000,8,advance fee,en,Bill pay kiosk,0
0717c456-d340-4cff-a7a0-7be9b5e9ce30,synth_a5255dc920fe,unbanked,tabddpm_synthetic,,['en'],advance fee,2024-01-20T19:00:00+00:00,10.0,0.0,20,19,0,Monday,90,1,69,advance fee,en,Bill pay kiosk,0
6a35692e-3089-4ef7-926e-0880ad514bbf,synth_75fb29d1c95c,unbanked,tabddpm_synthetic,,['en'],advance fee,2024-09-12T23:06:00+00:00,3000.0,1500.0,20,23,0,Monday,90,1,100,advance fee,en,Bill pay kiosk,0
3a22bff7-9b4a-4e1e-a57a-f98f619128e1,synth_a0cc9e8c46f1,unbanked,tabddpm_synthetic,,['en'],advance fee,2024-08-30T13:56:00+00:00,1184.96,66.03,20,13,6,Sunday,10,665,0,advance fee,en,Bill pay kiosk,0
5448ef0e-4c7d-4359-9cc7-fa3b2806892b,synth_d4229bf2a141,unbanked,tabddpm_synthetic,,['en'],advance fee,2024-12-27T23:50:00+00:00,3000.0,1500.0,20,23,0,Monday,90,1,100,advance fee,en,Bill pay kiosk,0
fdaaeebc-e63a-4c14-ba49-7d51b76e39ad,synth_15c9cd0af588,unbanked,tabddpm_synthetic,,['en'],advance fee,2024-01-23T11:29:00+00:00,10.0,0.0,20,11,1,Tuesday,90,1,23,advance fee,en,Bill pay kiosk,0
a0929ee7-aa1c-45df-b7fc-f01e3de05a5e,synth_f5e0fcbfbea3,unbanked,tabddpm_synthetic,,['en'],advance fee,2024-07-17T00:09:00+00:00,3000.0,1500.0,20,0,0,Monday,0,1,100,advance fee,en,Bill pay kiosk,0
fcd8cfdf-e1e5-44dc-9926-70a03b26ce66,synth_e0db1159294e,unbanked,tabddpm_synthetic,,['en'],advance fee,2024-06-17T23:24:00+00:00,3000.0,1500.0,20,23,0,Monday,90,1,100,advance fee,en,Bill pay kiosk,1
1db087fe-be12-4b83-86b7-1fd2ca072d37,synth_1ec44c1cb444,unbanked,tabddpm_synthetic,,['en'],advance fee,2024-05-15T00:46:00+00:00,3000.0,1500.0,20,0,0,Monday,24,1,88,advance fee,en,Bill pay kiosk,0
03284f92-5f07-49df-b1b8-158a8de69c32,synth_5e5894517666,unbanked,tabddpm_synthetic,,['en'],advance fee,2024-05-26T11:28:00+00:00,481.96,55.71,20,11,0,Monday,8,1589,10,advance fee,en,Bill pay kiosk,0
87b0bce9-376a-42de-ad38-74b5c80560fc,synth_63de38c34121,unbanked,tabddpm_synthetic,,['en'],advance fee,2024-04-23T00:27:00+00:00,3000.0,1500.0,36,0,0,Monday,90,1,100,advance fee,en,Bill pay kiosk,1
a5804d0e-55de-4149-8477-ed85d8f758e8,synth_0c0c6f809484,unbanked,tabddpm_synthetic,,['en'],advance fee,2024-12-28T07:40:00+00:00,10.0,0.0,20,7,1,Tuesday,90,1,21,advance fee,en,Bill pay kiosk,0
5949b500-8f6a-46d6-8009-01a2f6fb5795,synth_80bba7a1d19e,unbanked,tabddpm_synthetic,,['en'],advance fee,2024-06-25T05:05:00+00:00,151.25,0.0,20,5,6,Sunday,90,1,15,advance fee,en,Bill pay kiosk,0
1216aa8b-86f5-42d9-92d1-cd6df238e7f5,synth_23321f566217,unbanked,tabddpm_synthetic,,['en'],advance fee,2024-04-26T14:38:00+00:00,381.76,98.46,20,14,0,Monday,40,2000,3,advance fee,en,Bill pay kiosk,0
99f865e6-4b10-488e-8241-0462dfda2cc7,synth_8fc31920af52,unbanked,tabddpm_synthetic,,['en'],advance fee,2024-11-07T09:57:00+00:00,304.88,25.63,23,9,0,Monday,8,853,15,advance fee,en,Bill pay kiosk,0
5d231f04-a550-451e-8891-d59fecf30ea5,synth_efb781d04bba,unbanked,tabddpm_synthetic,,['en'],advance fee,2024-12-07T23:37:00+00:00,3000.0,1500.0,60,23,0,Monday,0,1,100,advance fee,en,Bill pay kiosk,1
b3f43383-7d41-46b1-90e0-db7c9319ff25,synth_0abd260d626d,unbanked,tabddpm_synthetic,,['en'],advance fee,2024-07-22T05:02:00+00:00,10.0,0.0,20,5,0,Monday,90,194,12,advance fee,en,Bill pay kiosk,0
4db53fac-3825-41f3-ab50-6068e42bf3eb,synth_c69b4c1e66df,unbanked,tabddpm_synthetic,,['en'],advance fee,2024-09-24T00:29:00+00:00,526.24,31.7,20,0,1,Tuesday,68,1206,25,advance fee,en,Bill pay kiosk,0
db0bede4-978a-4e84-a680-cd221b567730,synth_fcec7f3b3d1e,unbanked,tabddpm_synthetic,,['en'],advance fee,2024-07-01T23:27:00+00:00,3000.0,1500.0,20,23,6,Sunday,0,1,100,advance fee,en,Bill pay kiosk,0
8b28d561-11a7-4243-b195-1c61e7a1b582,synth_86f87bd0ba65,unbanked,tabddpm_synthetic,,['en'],advance fee,2024-09-27T00:29:00+00:00,3000.0,1500.0,20,0,6,Sunday,0,1,100,advance fee,en,Bill pay kiosk,0
22befa99-b35b-4871-9363-ace07ce954fe,synth_966c1a38cdcd,unbanked,tabddpm_synthetic,,['en'],advance fee,2024-02-28T10:51:00+00:00,272.06,37.88,20,10,0,Monday,2,1154,9,advance fee,en,Bill pay kiosk,0
3144946b-4ff9-474f-8ee0-41a2a7a73cf6,synth_7eba969a3d6a,unbanked,tabddpm_synthetic,,['en'],advance fee,2024-05-10T23:42:00+00:00,3000.0,1500.0,20,23,0,Monday,90,1,100,advance fee,en,Bill pay kiosk,0
641bc5ca-9e62-4e63-aaf1-89a8c7a901d7,synth_ef67b39d1a9c,unbanked,tabddpm_synthetic,,['en'],advance fee,2024-11-27T23:38:00+00:00,3000.0,1500.0,20,23,0,Monday,90,1,100,advance fee,en,Bill pay kiosk,1
bc86404a-4dd1-478b-8c08-329bf041f779,synth_89e95a72b7d5,unbanked,tabddpm_synthetic,,['en'],advance fee,2024-06-08T00:53:00+00:00,3000.0,1500.0,60,0,0,Monday,90,1,100,advance fee,en,Bill pay kiosk,1
74d5e29a-a83d-419e-8e10-60cabf25483b,synth_8e346e3d0f3a,unbanked,tabddpm_synthetic,,['en'],advance fee,2024-08-22T11:35:00+00:00,378.29,36.88,20,11,0,Monday,19,1275,9,advance fee,en,Bill pay kiosk,0
aa527f69-cfad-4f5b-8e15-c304d4b21146,synth_370716d30a82,unbanked,tabddpm_synthetic,,['en'],advance fee,2024-05-22T00:45:00+00:00,3000.0,1500.0,60,0,0,Monday,90,1,100,advance fee,en,Bill pay kiosk,1
23ae493d-90de-4383-9e72-dfbca3fc03d6,synth_0498c4603cea,unbanked,tabddpm_synthetic,,['en'],advance fee,2024-06-06T23:49:00+00:00,3000.0,1500.0,60,23,0,Monday,0,1,65,advance fee,en,Bill pay kiosk,0
026eaa9b-b0d8-40fa-8fdf-b28cb0b0109f,synth_8e7bf7e28e8a,unbanked,tabddpm_synthetic,,['en'],advance fee,2024-10-06T11:48:00+00:00,268.54,13.93,20,11,0,Monday,0,2000,13,advance fee,en,Bill pay kiosk,0
6143f761-14ad-424e-97c6-f88596e86be7,synth_d3d90d8b1073,unbanked,tabddpm_synthetic,,['en'],advance fee,2024-08-30T23:26:00+00:00,2113.35,0.0,20,23,6,Sunday,90,1,100,advance fee,en,Bill pay kiosk,0
12ada48a-6ca7-42ce-bd49-09552161c1a4,synth_f3db1ae0c35d,unbanked,tabddpm_synthetic,,['en'],advance fee,2024-05-01T00:59:00+00:00,3000.0,1328.11,25,0,0,Monday,90,1,100,advance fee,en,Bill pay kiosk,0
5cdb54d8-26f5-4320-810d-3d7b8fa2055b,synth_b71a73719670,unbanked,tabddpm_synthetic,,['en'],advance fee,2024-07-07T07:03:00+00:00,242.81,34.2,20,7,0,Monday,28,1274,7,advance fee,en,Bill pay kiosk,0
5f8730c7-1145-4e2a-94f0-1086ba8f20e9,synth_91209fba73d6,unbanked,tabddpm_synthetic,,['en'],advance fee,2024-08-07T10:13:00+00:00,289.37,44.28,20,10,0,Monday,37,1857,3,advance fee,en,Bill pay kiosk,0
2fcb0d72-c367-4666-864c-5f9f32d5dd06,synth_69987e240777,unbanked,tabddpm_synthetic,,['en'],advance fee,2024-01-18T23:12:00+00:00,3000.0,1500.0,20,23,0,Monday,90,1,100,advance fee,en,Bill pay kiosk,0
3544598d-d76e-4300-893e-5f12e5f26e7c,synth_d1a976f71fc3,unbanked,tabddpm_synthetic,,['en'],advance fee,2024-10-14T07:18:00+00:00,786.29,0.0,20,7,0,Monday,90,106,29,advance fee,en,Bill pay kiosk,0
837a444a-16e5-4c1e-bda6-a58a1bc6f4c3,synth_9104a80ed9a1,unbanked,tabddpm_synthetic,,['en'],advance fee,2024-03-04T23:06:00+00:00,3000.0,1500.0,20,23,0,Monday,90,1,100,advance fee,en,Bill pay kiosk,1
a5e286ce-69cb-4144-b1e8-5999b9f35517,synth_310ca025dcd5,unbanked,tabddpm_synthetic,,['en'],advance fee,2024-09-23T00:18:00+00:00,521.57,30.64,60,0,0,Monday,0,858,26,advance fee,en,Bill pay kiosk,1
7d838054-ab1f-4d8e-9be7-ca2d7e27a55b,synth_2384c7ac226e,unbanked,tabddpm_synthetic,,['en'],advance fee,2024-06-19T00:47:00+00:00,3000.0,1500.0,20,0,0,Monday,90,1,100,advance fee,en,Bill pay kiosk,0
8043b48b-a45b-4298-9897-f83e0dc0f455,synth_af01256d2dee,unbanked,tabddpm_synthetic,,['en'],advance fee,2024-01-14T00:11:00+00:00,290.25,15.7,20,0,0,Monday,0,1299,11,advance fee,en,Bill pay kiosk,0
20734b89-f1d0-4474-84f8-a3c29731c090,synth_56c5955c459a,unbanked,tabddpm_synthetic,,['en'],advance fee,2024-12-27T07:57:00+00:00,122.11,25.34,20,7,0,Monday,86,1009,11,advance fee,en,Bill pay kiosk,0
29a95924-830f-4c59-9414-0fc731e2a942,synth_e42937af8297,unbanked,tabddpm_synthetic,,['en'],advance fee,2024-10-03T10:03:00+00:00,390.74,4.67,20,10,1,Tuesday,90,1162,11,advance fee,en,Bill pay kiosk,0
8c03c291-e496-4b35-a1fa-a54994edbb86,synth_5eceea7ebc55,unbanked,tabddpm_synthetic,,['en'],advance fee,2024-02-01T06:59:00+00:00,353.99,17.76,20,6,0,Monday,44,1951,10,advance fee,en,Bill pay kiosk,0
f45eb5b0-94bb-4777-a538-ee7a39c6d613,synth_c03505b33848,unbanked,tabddpm_synthetic,,['en'],advance fee,2024-03-28T23:24:00+00:00,3000.0,1500.0,20,23,2,Wednesday,84,1,100,advance fee,en,Bill pay kiosk,0
49b2d56e-09e3-4906-b60a-0d209d5d5a3d,synth_1a386a599e8d,unbanked,tabddpm_synthetic,,['en'],advance fee,2024-02-14T11:28:00+00:00,402.73,35.22,20,11,0,Monday,4,1092,3,advance fee,en,Bill pay kiosk,0
03df1e02-b388-45c0-b7d5-6e74ba218ebb,synth_bf8be91108fd,unbanked,tabddpm_synthetic,,['en'],advance fee,2024-07-17T23:29:00+00:00,3000.0,1500.0,20,23,0,Monday,90,1,100,advance fee,en,Bill pay kiosk,0
36b7db2b-3a28-425d-b209-8dd676f2d281,synth_615394612790,unbanked,tabddpm_synthetic,,['en'],advance fee,2024-02-05T23:57:00+00:00,3000.0,1500.0,60,23,0,Monday,90,1,100,advance fee,en,Bill pay kiosk,1
26da2126-e92c-4746-8335-091a6dd630e7,synth_3f2a47842f69,unbanked,tabddpm_synthetic,,['en'],advance fee,2024-06-15T11:54:00+00:00,2531.53,196.1,51,11,0,Monday,10,918,8,advance fee,en,Bill pay kiosk,0
d88be45a-43fe-4305-9f1b-93a371889495,synth_50efa76c4650,unbanked,tabddpm_synthetic,,['en'],advance fee,2024-06-08T00:45:00+00:00,448.61,2.99,21,0,4,Friday,0,804,17,advance fee,en,Bill pay kiosk,0
efe50e60-41b2-42ca-8c5f-680fcee2dc6e,synth_c0a3ae2ad375,unbanked,tabddpm_synthetic,,['en'],fake loan,2024-09-14T00:16:00+00:00,3000.0,372.44,20,0,0,Monday,16,1,27,fake loan,en,Bill pay kiosk,0
70093295-159d-4a8a-83cf-ffe8f4536099,synth_bb62a9b3465d,unbanked,tabddpm_synthetic,,['en'],advance fee,2024-11-30T11:22:00+00:00,670.7,45.44,20,11,1,Tuesday,2,1524,5,advance fee,en,Bill pay kiosk,0
8b6c3b49-0365-4a4f-9f64-34f8914c9ec8,synth_ee0c920e6d28,unbanked,tabddpm_synthetic,,['en'],advance fee,2024-08-08T05:02:00+00:00,10.0,0.0,20,5,0,Monday,90,656,7,advance fee,en,Bill pay kiosk,0
9f7e8630-1674-46d2-b178-713fb4729e22,synth_e2eb6a475f7d,unbanked,tabddpm_synthetic,,['en'],advance fee,2024-10-26T11:04:00+00:00,267.16,16.62,20,11,6,Sunday,0,1164,0,advance fee,en,Bill pay kiosk,0
1715bda8-21ce-4059-b63d-13b6913d1163,synth_7479d1358c08,unbanked,tabddpm_synthetic,,['en'],advance fee,2024-03-26T03:39:00+00:00,23.4,0.0,20,3,4,Friday,90,692,15,advance fee,en,Bill pay kiosk,0
c158d4ce-66ba-4fee-9054-e5a7f5c4ca5c,synth_b9c3558a29ec,unbanked,tabddpm_synthetic,,['en'],advance fee,2024-10-29T08:17:00+00:00,10.0,0.0,23,8,0,Monday,14,1792,6,advance fee,en,Bill pay kiosk,0
20e8f021-d7d5-4227-bef9-4dc6a68e1f31,synth_502b917905e3,unbanked,tabddpm_synthetic,,['en'],advance fee,2024-11-03T11:46:00+00:00,434.65,46.93,20,11,3,Thursday,33,1233,3,advance fee,en,Bill pay kiosk,0
5c63f34d-8adf-4a04-a068-c8505cf8e745,synth_a223966b1cd1,unbanked,tabddpm_synthetic,,['en'],advance fee,2024-09-27T08:10:00+00:00,241.7,7.91,20,8,4,Friday,0,1030,6,advance fee,en,Bill pay kiosk,0
923c6351-31b4-4edd-9c07-51e5807483e8,synth_1928f1ee4c08,unbanked,tabddpm_synthetic,,['en'],fake loan,2024-10-02T10:30:00+00:00,500.23,62.35,44,10,2,Wednesday,9,270,0,fake loan,en,Bill pay kiosk,0
690baf39-8158-4b12-b334-e381bf9080d8,synth_ebab2312a331,unbanked,tabddpm_synthetic,,['en'],advance fee,2024-10-24T13:21:00+00:00,471.56,18.21,20,13,6,Sunday,4,760,18,advance fee,en,Bill pay kiosk,0
edc80284-1a3b-4d84-8e90-c5c110706d60,synth_b91a8e47f8a9,unbanked,tabddpm_synthetic,,['en'],advance fee,2024-05-14T19:14:00+00:00,334.48,23.82,20,19,6,Sunday,20,1933,11,advance fee,en,Bill pay kiosk,0
a98db05b-133d-40c1-af6d-5ffce1309273,synth_a9897cc36fa5,unbanked,tabddpm_synthetic,,['en'],advance fee,2024-04-15T23:30:00+00:00,3000.0,1500.0,60,23,6,Sunday,0,1,100,advance fee,en,Bill pay kiosk,0
576f7c30-abfd-40a8-866d-fc0a72f6cff0,synth_9ddb5ce8b234,unbanked,tabddpm_synthetic,,['en'],advance fee,2024-04-09T23:42:00+00:00,3000.0,1500.0,20,23,6,Sunday,0,1,100,advance fee,en,Bill pay kiosk,0
3552d9ca-e19a-4147-b877-8475254c319c,synth_e7f24acacf7b,unbanked,tabddpm_synthetic,,['en'],advance fee,2024-01-27T23:46:00+00:00,3000.0,1500.0,20,23,0,Monday,90,1,100,advance fee,en,Bill pay kiosk,0
0294786e-361f-40e8-bacc-2b71c3ad6ebc,synth_15d0b138fa67,unbanked,tabddpm_synthetic,,['en'],advance fee,2024-11-08T08:10:00+00:00,948.89,72.32,60,8,0,Monday,14,1264,3,advance fee,en,Bill pay kiosk,0
7a5d4c47-f6a1-4951-817e-1c10643f5f5f,synth_1230ba820158,unbanked,tabddpm_synthetic,,['en'],advance fee,2024-05-11T23:16:00+00:00,3000.0,0.0,20,23,0,Monday,90,1,72,advance fee,en,Bill pay kiosk,0
c529c2c3-03e0-4898-a067-becfa7261c32,synth_9a2e56491598,unbanked,tabddpm_synthetic,,['en'],advance fee,2024-09-07T00:45:00+00:00,163.29,24.77,37,0,0,Monday,0,961,10,advance fee,en,Bill pay kiosk,0
490c2be6-67a0-4680-a85f-17c7a3b1add5,synth_ff792e87b111,unbanked,tabddpm_synthetic,,['en'],advance fee,2024-02-29T02:02:00+00:00,453.87,30.2,27,2,0,Monday,0,2000,3,advance fee,en,Bill pay kiosk,0
3d2779f4-07c6-4618-93f4-69a1c917304e,synth_37349ce03eb3,unbanked,tabddpm_synthetic,,['en'],advance fee,2024-01-12T16:44:00+00:00,175.23,0.0,35,16,1,Tuesday,5,544,5,advance fee,en,Bill pay kiosk,0
423ee397-7088-45d3-a139-a7848ff8bde5,synth_942144430c4f,unbanked,tabddpm_synthetic,,['en'],advance fee,2024-07-11T03:02:00+00:00,10.0,0.0,20,3,6,Sunday,90,1,33,advance fee,en,Bill pay kiosk,0
b8cbfbd1-efb3-482a-a91e-104c983cbacb,synth_280595ab2d20,unbanked,tabddpm_synthetic,,['en'],advance fee,2024-03-03T00:28:00+00:00,3000.0,1500.0,20,0,2,Wednesday,16,1,100,advance fee,en,Bill pay kiosk,0
160fde6a-e03a-4210-a7af-8f0daf450d3c,synth_a3f7d6bd4208,unbanked,tabddpm_synthetic,,['en'],advance fee,2024-03-17T00:24:00+00:00,2297.69,212.25,39,0,6,Sunday,26,1,100,advance fee,en,Bill pay kiosk,1
53a4a5b9-a35d-4933-b6f0-517fcb9be13f,synth_9aac9b252069,unbanked,tabddpm_synthetic,,['en'],advance fee,2024-03-17T10:47:00+00:00,466.29,69.59,23,10,2,Wednesday,1,1069,8,advance fee,en,Bill pay kiosk,0
926db531-ca23-4cc6-b413-a329376318c2,synth_47eb1da35453,unbanked,tabddpm_synthetic,,['en'],advance fee,2024-02-23T00:55:00+00:00,3000.0,1500.0,60,0,0,Monday,0,1,100,advance fee,en,Bill pay kiosk,0
8c0b7086-b9f4-4862-8ac6-6234e3f523ed,synth_748d49619718,unbanked,tabddpm_synthetic,,['en'],advance fee,2024-10-05T23:22:00+00:00,3000.0,1500.0,20,23,6,Sunday,52,1,100,advance fee,en,Bill pay kiosk,0
15b15eb1-4d35-4f77-bc55-b2fa80c5f84d,synth_73112807b1ca,unbanked,tabddpm_synthetic,,['en'],advance fee,2024-12-29T11:22:00+00:00,463.36,39.74,20,11,0,Monday,19,575,6,advance fee,en,Bill pay kiosk,0
8450fc0b-d1bb-41df-8ac7-c7d1382a90b5,synth_174c5ace4230,unbanked,tabddpm_synthetic,,['en'],advance fee,2024-04-03T00:39:00+00:00,2031.23,159.2,35,0,5,Saturday,29,1,100,advance fee,en,Bill pay kiosk,0
f28db3e0-034e-44cf-b865-dae397a945e7,synth_5bebf4cbb081,unbanked,tabddpm_synthetic,,['en'],advance fee,2024-01-26T23:53:00+00:00,3000.0,1500.0,20,23,6,Sunday,0,1,100,advance fee,en,Bill pay kiosk,0
e1ef2253-d4e6-4298-b1f3-e35d26482b46,synth_13d96f8c4512,unbanked,tabddpm_synthetic,,['en'],advance fee,2024-11-25T15:53:00+00:00,3000.0,1500.0,20,15,6,Sunday,0,1,85,advance fee,en,Bill pay kiosk,0
9b0f30a6-af9a-47ab-a31e-9c01e3742511,synth_4f31b7303199,unbanked,tabddpm_synthetic,,['en'],advance fee,2024-11-07T23:10:00+00:00,3000.0,1500.0,20,23,6,Sunday,0,1,100,advance fee,en,Bill pay kiosk,0
16143ad2-e71b-459b-9486-3a8af60ae5be,synth_d27fc021dea0,unbanked,tabddpm_synthetic,,['en'],advance fee,2024-02-09T23:24:00+00:00,3000.0,1500.0,20,23,6,Sunday,0,1,100,advance fee,en,Bill pay kiosk,0
886b6ed7-6286-4bfe-9e7b-c9c4d96987f5,synth_d7e8a4d0ab1a,unbanked,tabddpm_synthetic,,['en'],advance fee,2024-01-21T23:48:00+00:00,547.13,0.0,20,23,0,Monday,90,1,100,advance fee,en,Bill pay kiosk,1
fa08032f-b143-4a77-b388-e96405f4c065,synth_0f2c3919edd4,unbanked,tabddpm_synthetic,,['en'],advance fee,2024-08-23T00:43:00+00:00,3000.0,1500.0,20,0,0,Monday,58,1,100,advance fee,en,Bill pay kiosk,0
f132918d-4ec9-42e2-b573-fb06ea26e9da,synth_2b2865b6b6fe,unbanked,tabddpm_synthetic,,['en'],advance fee,2024-08-02T08:59:00+00:00,130.54,3.34,47,8,0,Monday,4,936,6,advance fee,en,Bill pay kiosk,0
3095aa4e-3535-4ae3-ad1d-de55cde56a16,synth_30b883ea8602,unbanked,tabddpm_synthetic,,['en'],advance fee,2024-01-27T08:27:00+00:00,21.94,8.2,20,8,0,Monday,70,483,14,advance fee,en,Bill pay kiosk,0
8a676fca-a136-43ea-a65e-96c02f155e59,synth_3e35ec21259a,unbanked,tabddpm_synthetic,,['en'],advance fee,2024-06-01T00:53:00+00:00,533.93,0.0,20,0,1,Tuesday,90,1,62,advance fee,en,Bill pay kiosk,1
90496b17-8c42-4745-8c06-f4d313131e3d,synth_1997e456d9d1,unbanked,tabddpm_synthetic,,['en'],advance fee,2024-12-15T23:14:00+00:00,196.61,0.0,20,23,0,Monday,90,1,100,advance fee,en,Bill pay kiosk,0
35a13e91-25c0-44f9-b5ab-05934b28ea3d,synth_e71ae24722de,unbanked,tabddpm_synthetic,,['en'],advance fee,2024-04-22T00:54:00+00:00,3000.0,1500.0,20,0,6,Sunday,0,1,100,advance fee,en,Bill pay kiosk,0
f2b4a75c-241a-4f14-b15d-a3f7d23c91e5,synth_7b1ebe568502,unbanked,tabddpm_synthetic,,['en'],advance fee,2024-12-20T13:26:00+00:00,179.06,62.48,20,13,2,Wednesday,33,844,3,advance fee,en,Bill pay kiosk,0
4e130e7b-9026-4168-9e23-969d652dfb85,synth_a2d1e483fc89,unbanked,tabddpm_synthetic,,['en'],advance fee,2024-03-06T23:27:00+00:00,3000.0,1500.0,20,23,0,Monday,90,1,100,advance fee,en,Bill pay kiosk,0
fa93b34e-1f6a-40fe-9b5b-cae40fbbf07e,synth_b5c03aa73e63,unbanked,tabddpm_synthetic,,['en'],advance fee,2024-01-17T23:40:00+00:00,3000.0,1500.0,20,23,0,Monday,90,1,100,advance fee,en,Bill pay kiosk,0
9bada741-1f11-42a4-b3c1-ae7a83aa1dbc,synth_915d6b89bffe,unbanked,tabddpm_synthetic,,['en'],advance fee,2024-12-28T11:14:00+00:00,112.46,17.45,58,11,2,Wednesday,14,1342,11,advance fee,en,Bill pay kiosk,0
a2adf2e3-05e0-4ed9-9009-796a4693cee3,synth_9646df18113f,unbanked,tabddpm_synthetic,,['en'],advance fee,2024-06-24T21:47:00+00:00,2889.38,286.45,20,21,3,Thursday,16,1,18,advance fee,en,Bill pay kiosk,0
7f250c9a-8cfc-4aaf-bc26-0e5256b4186a,synth_3b4a0b193c2b,unbanked,tabddpm_synthetic,,['en'],advance fee,2024-08-07T00:31:00+00:00,141.52,0.0,20,0,6,Sunday,90,1,25,advance fee,en,Bill pay kiosk,0
04ea1175-3637-4e99-9f1d-7f977f76e5d8,synth_e5e867ca4fd9,unbanked,tabddpm_synthetic,,['en'],advance fee,2024-02-20T00:30:00+00:00,3000.0,1500.0,60,0,0,Monday,34,1,100,advance fee,en,Bill pay kiosk,1
72800910-bfe2-44ee-ad04-9956570b86fd,synth_9f29e315eb21,unbanked,tabddpm_synthetic,,['en'],advance fee,2024-12-27T00:08:00+00:00,807.58,85.04,60,0,0,Monday,5,302,15,advance fee,en,Bill pay kiosk,0
d5b9de30-177d-495e-b0be-bb3e562f106c,synth_33872c68586d,unbanked,tabddpm_synthetic,,['en'],advance fee,2024-11-08T05:17:00+00:00,516.29,71.16,20,5,0,Monday,0,1762,7,advance fee,en,Bill pay kiosk,0
fec3e484-642e-40ac-830f-b2a73092c033,synth_64b693c35c37,unbanked,tabddpm_synthetic,,['en'],advance fee,2024-11-08T23:12:00+00:00,3000.0,1500.0,20,23,0,Monday,90,1,100,advance fee,en,Bill pay kiosk,1
b1b51fcb-14f3-4d17-9642-39c31f9f2c72,synth_3b195f21e6e8,unbanked,tabddpm_synthetic,,['en'],advance fee,2024-12-22T23:04:00+00:00,3000.0,1500.0,20,23,0,Monday,0,1,100,advance fee,en,Bill pay kiosk,0
7340d2ec-eb1e-46d5-8701-d46539139c62,synth_05b35640d979,unbanked,tabddpm_synthetic,,['en'],advance fee,2024-05-29T23:00:00+00:00,3000.0,1500.0,20,23,0,Monday,90,1,100,advance fee,en,Bill pay kiosk,0
24da93ec-e33c-41bc-b949-b048c4302f3c,synth_4e5c23cce143,unbanked,tabddpm_synthetic,,['en'],advance fee,2024-12-12T00:59:00+00:00,1468.98,94.88,31,0,2,Wednesday,0,423,24,advance fee,en,Bill pay kiosk,0
d06930d0-7310-4edb-8653-7e90b6289796,synth_45b51f24e846,unbanked,tabddpm_synthetic,,['en'],advance fee,2024-10-26T06:24:00+00:00,57.63,52.58,20,6,0,Monday,37,2000,16,advance fee,en,Bill pay kiosk,1
029ec498-9092-48fa-b185-8a2891b29dbb,synth_6da0c0a0dc3d,unbanked,tabddpm_synthetic,,['en'],advance fee,2024-02-04T12:41:00+00:00,534.13,64.32,20,12,0,Monday,28,2000,1,advance fee,en,Bill pay kiosk,0
385278d9-e583-49b6-8474-5f013e60c61b,synth_aca06ebbbdf3,unbanked,tabddpm_synthetic,,['en'],advance fee,2024-09-16T23:55:00+00:00,3000.0,1500.0,20,23,0,Monday,90,1,100,advance fee,en,Bill pay kiosk,1
a824ea1f-e557-4091-b095-925a842c0352,synth_bc477c65c506,unbanked,tabddpm_synthetic,,['en'],advance fee,2024-07-15T00:13:00+00:00,225.27,49.09,53,0,0,Monday,0,1117,13,advance fee,en,Bill pay kiosk,0
9fcc0b8c-75cb-4033-829e-e88537841a0c,synth_4cde25ffbc6f,unbanked,tabddpm_synthetic,,['en'],advance fee,2024-05-30T09:16:00+00:00,85.53,0.0,20,9,6,Sunday,90,1,24,advance fee,en,Bill pay kiosk,0
bf9f1ad7-1953-4d2e-8255-39e9f6d2159b,synth_d2a67af1408f,unbanked,tabddpm_synthetic,,['en'],advance fee,2024-04-15T05:18:00+00:00,158.1,19.2,20,5,0,Monday,4,799,11,advance fee,en,Bill pay kiosk,0
fb9de9eb-51db-457a-ab13-ade04013a102,synth_02ed1750b357,unbanked,tabddpm_synthetic,,['en'],advance fee,2024-04-25T00:22:00+00:00,3000.0,972.15,55,0,0,Monday,11,1,35,advance fee,en,Bill pay kiosk,0
a77a2353-0111-49ec-8c54-4460cf23b0d1,synth_c90fd8b6c749,unbanked,tabddpm_synthetic,,['en'],advance fee,2024-01-14T05:32:00+00:00,153.56,39.57,20,5,0,Monday,6,1574,11,advance fee,en,Bill pay kiosk,0
feace8de-2b6d-41fd-a0af-34e7974b0110,synth_4d9a70a4038e,unbanked,tabddpm_synthetic,,['en'],advance fee,2024-09-14T00:43:00+00:00,3000.0,1500.0,20,0,0,Monday,90,1,100,advance fee,en,Bill pay kiosk,1
91ca16fd-4a39-4336-b771-f97b3e7e7f2a,synth_71fc05e67808,unbanked,tabddpm_synthetic,,['en'],advance fee,2024-05-15T14:29:00+00:00,759.5,70.22,20,14,6,Sunday,31,1535,0,advance fee,en,Bill pay kiosk,0
f3716c55-c25f-44f2-9628-38b924d8cc94,synth_9d69f2910e11,unbanked,tabddpm_synthetic,,['en'],advance fee,2024-10-05T23:21:00+00:00,3000.0,1500.0,60,23,0,Monday,0,1,100,advance fee,en,Bill pay kiosk,0
154c0a72-ca85-49bf-93a6-b92e0104df48,synth_3ba459b3d4ab,unbanked,tabddpm_synthetic,,['en'],advance fee,2024-11-17T00:11:00+00:00,3000.0,1500.0,60,0,0,Monday,90,1,100,advance fee,en,Bill pay kiosk,1
bfcc4029-c7a2-481c-9c39-f67f25dd4595,synth_acb99e2b1cb7,unbanked,tabddpm_synthetic,,['en'],advance fee,2024-06-30T23:50:00+00:00,3000.0,1500.0,20,23,6,Sunday,90,1,100,advance fee,en,Bill pay kiosk,0
54a2f344-a09a-4b89-899a-f9bbb9789ab4,synth_ba1e19db7c49,unbanked,tabddpm_synthetic,,['en'],advance fee,2024-04-23T00:43:00+00:00,3000.0,1500.0,60,0,0,Monday,90,1,100,advance fee,en,Bill pay kiosk,0
a20d30f0-736a-443f-9e8c-e803ee0d4f51,synth_53b6d3ae0bca,unbanked,tabddpm_synthetic,,['es'],advance fee,2024-12-10T19:41:00+00:00,727.26,114.94,20,19,6,Sunday,15,529,0,advance fee,es,Bill pay kiosk,0
cbe0f3cd-1c87-42e1-a8d5-11d69d36b7f6,synth_2d22e972378b,unbanked,tabddpm_synthetic,,['en'],advance fee,2024-04-06T23:28:00+00:00,3000.0,1500.0,20,23,6,Sunday,0,1,100,advance fee,en,Bill pay kiosk,0
7d728fa9-834a-41ed-8cc1-be3c7eecd3e0,synth_e2e24ab8284a,unbanked,tabddpm_synthetic,,['en'],advance fee,2024-07-28T13:18:00+00:00,271.09,35.16,20,13,1,Tuesday,7,1861,11,advance fee,en,Bill pay kiosk,0
6b266436-11f3-431d-9f16-3743abcaa4f0,synth_0c73168c859e,unbanked,tabddpm_synthetic,,['es'],advance fee,2024-07-14T01:40:00+00:00,173.27,2.83,20,1,0,Monday,0,354,14,advance fee,es,Bill pay kiosk,0
fec87118-4272-470c-b3cb-c1abb5c03bd2,synth_e1b8a76d7ea5,unbanked,tabddpm_synthetic,,['en'],advance fee,2024-01-20T06:47:00+00:00,411.73,60.75,20,6,0,Monday,34,2000,8,advance fee,en,Bill pay kiosk,0
9063353b-0a28-4579-a944-2c3d893dcd4e,synth_97ea3c2b3dd1,unbanked,tabddpm_synthetic,,['en'],advance fee,2024-09-29T09:33:00+00:00,357.05,38.56,20,9,3,Thursday,15,1555,2,advance fee,en,Bill pay kiosk,0
9cf1f648-3158-4bc6-8793-e2fb4928c927,synth_e65d244bb8fa,unbanked,tabddpm_synthetic,,['en'],fake loan,2024-08-11T11:33:00+00:00,10.0,30.28,22,11,0,Monday,27,2000,3,fake loan,en,Bill pay kiosk,0
b11c876b-7b2c-4dfd-8b6d-05b3de6342ca,synth_72ad3b219efa,unbanked,tabddpm_synthetic,,['en'],advance fee,2024-09-30T04:32:00+00:00,1127.61,77.21,20,4,0,Monday,0,2000,4,advance fee,en,Bill pay kiosk,0
9ad47588-c275-485e-b5e4-cd1b69a651c0,synth_6ddca4dc1079,unbanked,tabddpm_synthetic,,['en'],advance fee,2024-04-03T05:28:00+00:00,214.32,4.01,41,5,0,Monday,0,1153,5,advance fee,en,Bill pay kiosk,0
6fd9a84a-64ef-4d8e-822e-7da0068112f7,synth_4d54e6eeac34,unbanked,tabddpm_synthetic,,['en'],advance fee,2024-09-01T12:15:00+00:00,650.87,94.78,20,12,0,Monday,18,2000,7,advance fee,en,Bill pay kiosk,0
59c389b4-7475-4393-9a1c-55e2c626ba08,synth_480c7bdc6ac4,unbanked,tabddpm_synthetic,,['en'],advance fee,2024-11-07T07:47:00+00:00,662.38,48.3,39,7,5,Saturday,8,865,8,advance fee,en,Bill pay kiosk,0
699ffb2f-8f56-49bc-86ba-37aa32ad545f,synth_db2a18b7cdbf,unbanked,tabddpm_synthetic,,['en'],advance fee,2024-12-28T14:24:00+00:00,704.36,26.15,20,14,0,Monday,10,1535,3,advance fee,en,Bill pay kiosk,0
9b1eae29-b769-44a3-baac-07759c87b695,synth_9080237de8fd,unbanked,tabddpm_synthetic,,['en'],advance fee,2024-03-02T11:23:00+00:00,112.93,39.63,20,11,0,Monday,10,1618,4,advance fee,en,Bill pay kiosk,0
ff0f44bf-028d-46ef-bc3b-36eaba23918b,synth_6dd512c7a2a2,unbanked,tabddpm_synthetic,,['en'],advance fee,2024-01-22T00:04:00+00:00,1386.58,63.63,20,0,0,Monday,0,2000,2,advance fee,en,Bill pay kiosk,0
ff792449-9650-4e62-8915-5f707232c430,synth_160682852ba8,unbanked,tabddpm_synthetic,,['en'],advance fee,2024-12-05T09:43:00+00:00,286.05,12.06,20,9,0,Monday,1,805,4,advance fee,en,Bill pay kiosk,0
7d2a273e-9a69-4e8d-b495-5dae1021c1b5,synth_a1456a457bcf,unbanked,tabddpm_synthetic,,['en'],advance fee,2024-12-25T17:53:00+00:00,325.89,31.38,20,17,5,Saturday,14,1969,0,advance fee,en,Bill pay kiosk,0
4f5ed9af-1d9e-4424-9ae1-3170816aae80,synth_caaf92c380fb,unbanked,tabddpm_synthetic,,['en'],advance fee,2024-07-13T11:18:00+00:00,277.09,40.85,23,11,0,Monday,1,1,10,advance fee,en,Bill pay kiosk,0
e5341ab9-e8a4-4212-915c-a33d35f0293a,synth_973898aaf0be,unbanked,tabddpm_synthetic,,['en'],advance fee,2024-07-30T00:52:00+00:00,191.69,14.73,44,0,0,Monday,2,1241,1,advance fee,en,Bill pay kiosk,0
3c3d261d-12a0-49f4-a096-699b3a41a31a,synth_2e6039abde8a,unbanked,tabddpm_synthetic,,['en'],advance fee,2024-07-10T14:39:00+00:00,312.87,0.86,60,14,0,Monday,0,799,4,advance fee,en,Bill pay kiosk,0
fa4eedd1-2713-4334-a3b7-fd48f72d3cbd,synth_f69eac3b0820,unbanked,tabddpm_synthetic,,['en'],advance fee,2024-12-05T14:26:00+00:00,970.2,77.23,45,14,0,Monday,11,1623,2,advance fee,en,Bill pay kiosk,0
372fe768-3fff-4282-85f2-823884b5865b,synth_ca26f00032c9,unbanked,tabddpm_synthetic,,['en'],advance fee,2024-12-26T09:23:00+00:00,44.5,40.9,20,9,0,Monday,37,2000,9,advance fee,en,Bill pay kiosk,0
d42ce2ed-eb06-4581-94ce-d337d1b3a967,synth_4f22cc0edd0f,unbanked,tabddpm_synthetic,,['en'],advance fee,2024-06-07T00:53:00+00:00,3000.0,1500.0,60,0,0,Monday,9,1,100,advance fee,en,Bill pay kiosk,0
04b0d4bb-ead8-4990-9172-f95fa6f27636,synth_10fb703dac84,unbanked,tabddpm_synthetic,,['en'],advance fee,2024-06-17T15:12:00+00:00,189.23,21.26,20,15,5,Saturday,13,1685,5,advance fee,en,Bill pay kiosk,0
67652ce7-bbb5-418c-af47-b007c821d433,synth_a0b0454cc9cc,unbanked,tabddpm_synthetic,,['en'],advance fee,2024-06-02T08:14:00+00:00,10.0,0.0,20,8,0,Monday,90,1,19,advance fee,en,Bill pay kiosk,0
6fe4715a-75ed-4c43-8db1-2eea3c692f25,synth_62f1ed7c9113,unbanked,tabddpm_synthetic,,['en'],advance fee,2024-03-03T00:31:00+00:00,10.0,0.0,20,0,0,Monday,90,810,23,advance fee,en,Bill pay kiosk,0
5b65c0fd-29df-4973-b675-a4a7d5742a60,synth_3c580c42494c,unbanked,tabddpm_synthetic,,['en'],advance fee,2024-01-19T00:33:00+00:00,3000.0,1500.0,20,0,0,Monday,0,1,100,advance fee,en,Bill pay kiosk,0
95e77fd1-f0ef-4b9c-8a47-b26d6c1e2ea4,synth_00b9c582f7be,unbanked,tabddpm_synthetic,,['en'],advance fee,2024-10-12T17:01:00+00:00,1395.76,173.01,20,17,6,Sunday,1,210,6,advance fee,en,Bill pay kiosk,0
b4a1d47c-c332-48ab-a83d-e74f6a42c831,synth_f853b4bfd829,unbanked,tabddpm_synthetic,,['en'],advance fee,2024-02-07T13:52:00+00:00,185.26,46.38,20,13,0,Monday,31,800,10,advance fee,en,Bill pay kiosk,0
32cce19a-377e-47f5-afbf-87b8de5ebf26,synth_6b29fe1a0b32,unbanked,tabddpm_synthetic,,['en'],advance fee,2024-06-18T23:45:00+00:00,3000.0,1500.0,60,23,0,Monday,90,1,100,advance fee,en,Bill pay kiosk,1
db2a2bf3-a0ef-4ac5-bfac-f4f7831acb38,synth_4d9dc37e52b4,unbanked,tabddpm_synthetic,,['en'],advance fee,2024-09-21T23:20:00+00:00,3000.0,1500.0,20,23,6,Sunday,0,1,100,advance fee,en,Bill pay kiosk,1
4ae6bbfa-452e-4b37-b188-770231c96a3f,synth_4822977c26fc,unbanked,tabddpm_synthetic,,['en'],advance fee,2024-07-28T23:42:00+00:00,3000.0,1500.0,20,23,6,Sunday,0,1,100,advance fee,en,Bill pay kiosk,0
18cbb5df-6c05-4ddf-8dac-62e7d3ce59a3,synth_4d81c9f1e872,unbanked,tabddpm_synthetic,,['en'],advance fee,2024-12-22T04:32:00+00:00,46.07,24.32,38,4,1,Tuesday,0,1817,7,advance fee,en,Bill pay kiosk,0
76602ea4-c04e-45a9-a6ea-ae91ea881d55,synth_6b6cd00ce1b8,unbanked,tabddpm_synthetic,,['en'],advance fee,2024-01-19T00:55:00+00:00,297.9,21.32,52,0,0,Monday,0,243,8,advance fee,en,Bill pay kiosk,0
65964cfc-bff9-403f-b1f5-f1d1d41ef066,synth_972cd4f8e76f,unbanked,tabddpm_synthetic,,['en'],advance fee,2024-06-25T05:10:00+00:00,10.0,0.0,20,5,0,Monday,90,1,23,advance fee,en,Bill pay kiosk,0
14ff146d-e96d-48f5-b8ec-e0836e74848a,synth_f613d04beee0,unbanked,tabddpm_synthetic,,['en'],advance fee,2024-06-17T00:28:00+00:00,3000.0,412.37,56,0,0,Monday,0,1,43,advance fee,en,Bill pay kiosk,0
f6a1c506-e0e6-428b-853f-5638df57dbbe,synth_60311b6e61ff,unbanked,tabddpm_synthetic,,['en'],advance fee,2024-04-09T09:59:00+00:00,87.45,44.38,60,9,0,Monday,23,659,0,advance fee,en,Bill pay kiosk,0
58f035de-8549-4300-aa39-1fb5f40ea17f,synth_16122ffb2c82,unbanked,tabddpm_synthetic,,['en'],advance fee,2024-04-03T12:23:00+00:00,10.0,0.0,20,12,1,Tuesday,90,1571,5,advance fee,en,Bill pay kiosk,0
b3126da2-8476-4c91-84a7-c898cb367932,synth_02e3dbe7dc31,unbanked,tabddpm_synthetic,,['en'],advance fee,2024-01-20T01:15:00+00:00,462.74,45.99,22,1,0,Monday,0,1254,4,advance fee,en,Bill pay kiosk,0
f1566d08-5452-4bfa-bc4d-37e8d3fc9167,synth_5da278514331,unbanked,tabddpm_synthetic,,['en'],advance fee,2024-02-07T00:12:00+00:00,3000.0,221.83,20,0,3,Thursday,2,1,27,advance fee,en,Bill pay kiosk,0
e79f41e5-b5cf-4707-8781-0f60efb9f94f,synth_3867de846f73,unbanked,tabddpm_synthetic,,['en'],advance fee,2024-01-16T23:33:00+00:00,3000.0,1500.0,20,23,0,Monday,90,1,100,advance fee,en,Bill pay kiosk,0
79a8884a-93f8-46f9-9aad-f7f31261bcd7,synth_7c75b4f74435,unbanked,tabddpm_synthetic,,['en'],advance fee,2024-08-17T09:42:00+00:00,85.62,62.9,20,9,0,Monday,19,2000,2,advance fee,en,Bill pay kiosk,0
4b47b8c5-7400-4836-9414-6be2acaf8357,synth_158520f90000,unbanked,tabddpm_synthetic,,['en'],advance fee,2024-09-08T18:24:00+00:00,178.04,24.75,25,18,0,Monday,0,730,7,advance fee,en,Bill pay kiosk,0
7e96938f-307e-4aa3-a840-31abee20f2b1,synth_71f0ce2ba4bb,unbanked,tabddpm_synthetic,,['es'],advance fee,2024-08-11T15:18:00+00:00,204.0,52.83,20,15,0,Monday,19,1593,5,advance fee,es,Bill pay kiosk,0
08b7b0a7-1602-4e10-a92b-794a676be5c6,synth_f93144b575a1,unbanked,tabddpm_synthetic,,['en'],advance fee,2024-04-26T00:06:00+00:00,748.27,40.58,60,0,0,Monday,0,1658,11,advance fee,en,Bill pay kiosk,0
8062b9bd-e144-4448-b3be-ef6320e50143,synth_db2aaf33e76e,unbanked,tabddpm_synthetic,,['en'],advance fee,2024-10-17T00:14:00+00:00,487.28,37.3,23,0,0,Monday,0,2000,7,advance fee,en,Bill pay kiosk,0
5eaa7262-50c5-49e1-a7ee-43abe2c88f8a,synth_4f96f28b0e6e,unbanked,tabddpm_synthetic,,['en'],advance fee,2024-06-18T23:01:00+00:00,3000.0,1500.0,20,23,6,Sunday,90,1,100,advance fee,en,Bill pay kiosk,0
8b19d0e7-fd81-46de-aa26-88bbd1c68cd2,synth_1d4bf3d04646,unbanked,tabddpm_synthetic,,['en'],advance fee,2024-05-23T05:49:00+00:00,45.54,33.85,24,5,0,Monday,0,883,9,advance fee,en,Bill pay kiosk,0
530b1eb4-0cfc-4f0f-a727-861fa93ffc54,synth_b8dabcea65cd,unbanked,tabddpm_synthetic,,['en'],advance fee,2024-05-06T00:28:00+00:00,3000.0,473.17,52,0,0,Monday,8,1,24,advance fee,en,Bill pay kiosk,0
c410ec18-99c6-4152-a4df-771e02520c72,synth_0a82c91e50a1,unbanked,tabddpm_synthetic,,['en'],advance fee,2024-03-03T14:05:00+00:00,104.43,11.2,20,14,6,Sunday,11,2000,4,advance fee,en,Bill pay kiosk,0
778865cc-181b-4293-817f-b14a7b175614,synth_f5c0fc85383a,unbanked,tabddpm_synthetic,,['en'],advance fee,2024-07-19T10:10:00+00:00,358.69,26.16,20,10,0,Monday,20,2000,4,advance fee,en,Bill pay kiosk,0
0bbcf498-3e6a-4e6e-831f-398f566c2db5,synth_e18b01ef758d,unbanked,tabddpm_synthetic,,['en'],advance fee,2024-05-09T05:04:00+00:00,976.65,0.0,20,5,0,Monday,90,1,41,advance fee,en,Bill pay kiosk,0
e1d3df0c-324f-4bd8-b23f-f199e3079443,synth_3ca5d8cb0081,unbanked,tabddpm_synthetic,,['en'],advance fee,2024-12-16T00:05:00+00:00,10.0,0.0,20,0,0,Monday,90,1,39,advance fee,en,Bill pay kiosk,0
aed4f168-dc0d-44fb-a90e-477f6ee8e288,synth_48ece6de1c83,unbanked,tabddpm_synthetic,,['en'],advance fee,2024-04-26T05:27:00+00:00,764.31,37.81,60,5,0,Monday,13,1105,2,advance fee,en,Bill pay kiosk,0
c3cd59b4-623c-4e85-8fe3-8c8c7c496178,synth_c3ac13c3fe73,unbanked,tabddpm_synthetic,,['en'],advance fee,2024-01-20T12:21:00+00:00,390.58,68.97,20,12,0,Monday,8,2000,2,advance fee,en,Bill pay kiosk,0
112ebaeb-18e7-4381-a045-22a2a0133ef6,synth_3b5ea66bffa0,unbanked,tabddpm_synthetic,,['en'],advance fee,2024-12-04T02:12:00+00:00,163.23,5.66,41,2,0,Monday,17,1195,5,advance fee,en,Bill pay kiosk,0
29355971-aa70-4f57-bc9d-071f1b01798a,synth_3b471cf2eb36,unbanked,tabddpm_synthetic,,['en'],advance fee,2024-11-03T09:24:00+00:00,181.45,13.03,43,9,5,Saturday,54,637,1,advance fee,en,Bill pay kiosk,0
a66e91d8-6db7-4e93-9e73-320ca72d0a82,synth_4cc47364c510,unbanked,tabddpm_synthetic,,['en'],advance fee,2024-10-18T12:56:00+00:00,338.47,10.98,20,12,0,Monday,2,1389,3,advance fee,en,Bill pay kiosk,0
85c4e28b-e73f-4006-b520-dcdd1df1999d,synth_799d595e4690,unbanked,tabddpm_synthetic,,['en'],advance fee,2024-01-05T14:50:00+00:00,3000.0,35.23,20,14,0,Monday,90,1,57,advance fee,en,Bill pay kiosk,0
e302b4bc-febb-4788-be67-86bb2004c800,synth_e6f76a4dc6e7,unbanked,tabddpm_synthetic,,['en'],advance fee,2024-11-13T23:40:00+00:00,3000.0,1500.0,20,23,6,Sunday,0,1,100,advance fee,en,Bill pay kiosk,0
ac875792-3aa4-4e20-9f2e-dcde9b3f19e5,synth_cd93c4c8e238,unbanked,tabddpm_synthetic,,['en'],advance fee,2024-06-23T23:55:00+00:00,3000.0,1500.0,20,23,0,Monday,90,1,100,advance fee,en,Bill pay kiosk,0
73600029-31e1-474e-88bc-18aa40810887,synth_06afcc7f1661,unbanked,tabddpm_synthetic,,['en'],advance fee,2024-03-03T23:42:00+00:00,3000.0,1500.0,60,23,0,Monday,90,1,100,advance fee,en,Bill pay kiosk,1
9f7db769-fd84-4b81-a1d2-b5135887f650,synth_d59f05ade28e,unbanked,tabddpm_synthetic,,['en'],advance fee,2024-02-25T16:03:00+00:00,3000.0,467.06,20,16,6,Sunday,0,1,19,advance fee,en,Bill pay kiosk,0
49b19e01-59f1-4e13-8eb2-8b2beb1b69ce,synth_d9691c83504e,unbanked,tabddpm_synthetic,,['en'],advance fee,2024-12-29T13:28:00+00:00,506.3,35.78,44,13,0,Monday,26,1251,5,advance fee,en,Bill pay kiosk,0
65f1c609-b23c-4116-bae0-1024f28440ac,synth_a8213e988f28,unbanked,tabddpm_synthetic,,['en'],advance fee,2024-06-13T06:35:00+00:00,10.0,0.0,20,6,6,Sunday,90,160,14,advance fee,en,Bill pay kiosk,0
efa0ab0c-4d8f-4399-ae30-56b259ba1805,synth_f3ed05fdfb30,unbanked,tabddpm_synthetic,,['en'],fake loan,2024-11-05T09:24:00+00:00,221.62,21.58,21,9,0,Monday,3,1344,6,fake loan,en,Bill pay kiosk,0
10818c89-5f22-4901-91ef-d6d18ec9fa78,synth_d33d42e5b7c6,unbanked,tabddpm_synthetic,,['en'],advance fee,2024-04-03T12:40:00+00:00,420.1,44.97,20,12,0,Monday,24,2000,7,advance fee,en,Bill pay kiosk,0
60ba40ce-7d25-4755-a15f-90a78dd53f8f,synth_6334188d06b1,unbanked,tabddpm_synthetic,,['es'],advance fee,2024-12-11T11:38:00+00:00,504.56,34.62,25,11,0,Monday,4,1792,9,advance fee,es,Bill pay kiosk,0
dbb8fff5-4501-403e-a29d-d748e22452fe,synth_40b4c5fce3ab,unbanked,tabddpm_synthetic,,['en'],advance fee,2024-11-19T00:38:00+00:00,3000.0,1500.0,60,0,0,Monday,90,1,100,advance fee,en,Bill pay kiosk,1
57c0339c-dcab-46b7-9aae-10bfb91254be,synth_1845fb8d794e,unbanked,tabddpm_synthetic,,['en'],advance fee,2024-12-28T23:38:00+00:00,3000.0,1500.0,20,23,0,Monday,90,1,100,advance fee,en,Bill pay kiosk,0
0ab588d5-5781-4324-bdc5-83196c644d08,synth_2317e80ae79a,unbanked,tabddpm_synthetic,,['en'],advance fee,2024-07-30T01:38:00+00:00,1582.44,137.81,20,1,0,Monday,0,1363,15,advance fee,en,Bill pay kiosk,0
4d353adf-f351-4230-a24d-6bb2ff0a98c1,synth_19030691dbc4,unbanked,tabddpm_synthetic,,['en'],advance fee,2024-03-06T07:04:00+00:00,882.29,57.84,45,7,0,Monday,4,1639,2,advance fee,en,Bill pay kiosk,0
81e50a09-1ccc-49e2-a2bb-cfc8f67da9c7,synth_250d2e405603,unbanked,tabddpm_synthetic,,['en'],advance fee,2024-10-27T00:31:00+00:00,217.84,0.0,55,0,0,Monday,0,1603,5,advance fee,en,Bill pay kiosk,0
ca95c330-e485-43ba-9c49-93b318ba4ac5,synth_500f51acd8e4,unbanked,tabddpm_synthetic,,['en'],advance fee,2024-03-06T00:23:00+00:00,492.69,35.36,60,0,1,Tuesday,0,1413,12,advance fee,en,Bill pay kiosk,0
efd28f3a-e23b-4af6-9b52-af7c2fa33b0a,synth_d93531872328,unbanked,tabddpm_synthetic,,['en'],advance fee,2024-08-22T00:36:00+00:00,3000.0,469.59,60,0,0,Monday,30,1,100,advance fee,en,Bill pay kiosk,1
35926bf8-6789-4e0c-924f-885dfc7be274,synth_358208e3fe22,unbanked,tabddpm_synthetic,,['en'],fake loan,2024-05-20T09:07:00+00:00,23.06,0.0,34,9,0,Monday,0,1533,6,fake loan,en,Bill pay kiosk,0
e00e4893-1ffa-482c-b20c-b5c0a7e8da2f,synth_512e7818fa92,unbanked,tabddpm_synthetic,,['en'],advance fee,2024-10-05T15:19:00+00:00,164.58,0.0,20,15,2,Wednesday,90,1221,11,advance fee,en,Bill pay kiosk,0
27cc1cab-71e5-492d-96c6-c32b1fcd8361,synth_c10a6171b6f9,unbanked,tabddpm_synthetic,,['en'],advance fee,2024-05-18T23:16:00+00:00,3000.0,1500.0,60,23,0,Monday,1,1,100,advance fee,en,Bill pay kiosk,1
af6d2934-a160-4777-9df4-307f8606893b,synth_8532656e3b5e,unbanked,tabddpm_synthetic,,['en'],advance fee,2024-06-03T16:43:00+00:00,475.02,48.68,20,16,0,Monday,5,1722,5,advance fee,en,Bill pay kiosk,0
66da9927-0c08-4e68-abe4-a30b6546a567,synth_22a4c98c38cb,unbanked,tabddpm_synthetic,,['en'],advance fee,2024-06-16T23:03:00+00:00,3000.0,1500.0,20,23,6,Sunday,90,1,100,advance fee,en,Bill pay kiosk,0
e51679ce-c13e-4366-b588-1e001462e5c4,synth_292064077270,unbanked,tabddpm_synthetic,,['en'],advance fee,2024-01-07T23:08:00+00:00,1333.18,84.86,20,23,5,Saturday,40,1,94,advance fee,en,Bill pay kiosk,1
124d4234-944d-4abd-8a7e-094460ee3700,synth_88680b55b415,unbanked,tabddpm_synthetic,,['en'],advance fee,2024-05-19T05:25:00+00:00,10.0,0.0,20,5,0,Monday,90,973,26,advance fee,en,Bill pay kiosk,0
bcc862fc-b4f8-49b3-85ed-28fb6994f958,synth_5b9b3fad6855,unbanked,tabddpm_synthetic,,['en'],advance fee,2024-01-31T08:34:00+00:00,296.17,48.6,20,8,0,Monday,33,1633,1,advance fee,en,Bill pay kiosk,0
5c918c54-fbba-465a-b76b-5a33c9ec4b6c,synth_022eee5f405a,unbanked,tabddpm_synthetic,,['en'],advance fee,2024-04-21T23:57:00+00:00,3000.0,1500.0,20,23,0,Monday,25,1,100,advance fee,en,Bill pay kiosk,1
f51bd79c-9ee3-4c9f-993a-e0607d35d586,synth_1379d7600969,unbanked,tabddpm_synthetic,,['en'],fake loan,2024-07-17T10:12:00+00:00,326.34,46.91,27,10,0,Monday,6,1407,9,fake loan,en,Bill pay kiosk,0
cca567d2-4688-4f8d-b342-4ec51e698912,synth_142df9a92dc7,unbanked,tabddpm_synthetic,,['en'],advance fee,2024-03-14T00:21:00+00:00,3000.0,1500.0,60,0,0,Monday,42,1,100,advance fee,en,Bill pay kiosk,0
12a5d027-5cd3-4ac1-b97b-f1e1446c3972,synth_6b9560f801e6,unbanked,tabddpm_synthetic,,['en'],advance fee,2024-01-12T23:37:00+00:00,10.0,0.0,20,23,0,Monday,90,1,100,advance fee,en,Bill pay kiosk,0
bbbdff8d-b377-4e17-801c-4c4cff198cf2,synth_a70ae2a9e609,unbanked,tabddpm_synthetic,,['en'],advance fee,2024-07-05T09:46:00+00:00,764.8,68.77,20,9,0,Monday,90,1652,18,advance fee,en,Bill pay kiosk,0
bc8dd596-7129-4bf0-8685-8f57335fe48a,synth_f4c2a20ec2c6,unbanked,tabddpm_synthetic,,['en'],advance fee,2024-12-17T12:56:00+00:00,10.0,7.06,24,12,0,Monday,19,1314,7,advance fee,en,Bill pay kiosk,0
e195e2cc-0d24-47de-b164-d05bda8a65e3,synth_127876446f05,unbanked,tabddpm_synthetic,,['en'],advance fee,2024-05-18T06:18:00+00:00,929.56,67.79,20,6,1,Tuesday,3,839,6,advance fee,en,Cash (informal),0
ec2d6cd7-8426-4397-98b5-9910de216faa,synth_b494b211252f,unbanked,tabddpm_synthetic,,['en'],advance fee,2024-07-22T09:43:00+00:00,398.61,49.6,36,9,0,Monday,0,786,7,advance fee,en,Bill pay kiosk,0
ad5d829c-0dd1-4245-bbb3-e3f4eb8d4849,synth_03c62479ad71,unbanked,tabddpm_synthetic,,['en'],advance fee,2024-10-23T02:17:00+00:00,127.19,27.63,20,2,0,Monday,9,926,4,advance fee,en,Bill pay kiosk,0
45a4df81-1aa2-4e56-b17e-9e82e6705745,synth_a39522254081,unbanked,tabddpm_synthetic,,['en'],advance fee,2024-10-30T07:21:00+00:00,272.8,47.34,20,7,0,Monday,36,2000,7,advance fee,en,Bill pay kiosk,0
8f48aedf-a2c4-4464-8199-6c8a5e70fedb,synth_08c6d46a73a2,unbanked,tabddpm_synthetic,,['en'],advance fee,2024-03-30T09:27:00+00:00,453.51,57.71,20,9,0,Monday,15,2000,9,advance fee,en,Bill pay kiosk,0
a420c8bf-43ec-4ec5-bf15-7da5616c851d,synth_20c9ea4b3fe9,unbanked,tabddpm_synthetic,,['en'],advance fee,2024-01-21T00:24:00+00:00,262.15,14.22,20,0,0,Monday,55,753,10,advance fee,en,Bill pay kiosk,0
24ab015d-f865-4737-84d8-64ce8bce1639,synth_b518872a7000,unbanked,tabddpm_synthetic,,['en'],advance fee,2024-08-16T00:53:00+00:00,344.66,0.0,42,0,0,Monday,83,1451,11,advance fee,en,Bill pay kiosk,0
41f0cecb-e11e-4957-ae74-8687a959ea23,synth_b693667b61ed,unbanked,tabddpm_synthetic,,['en'],advance fee,2024-07-31T02:16:00+00:00,107.06,0.0,50,2,0,Monday,8,532,7,advance fee,en,Bill pay kiosk,0
10f87bb9-1329-4452-969d-a48e9b81c7dc,synth_b86d17f104db,unbanked,tabddpm_synthetic,,['en'],advance fee,2024-06-01T08:38:00+00:00,2886.88,122.69,23,8,2,Wednesday,4,1,18,advance fee,en,Bill pay kiosk,0
1393f9a6-2b8f-409a-a3ea-f63ba2b0069c,synth_6e06c6a21df5,unbanked,tabddpm_synthetic,,['en'],advance fee,2024-03-29T10:41:00+00:00,195.77,37.97,20,10,0,Monday,9,711,4,advance fee,en,Bill pay kiosk,0
77a7fd8f-c866-48be-aeba-09f828051ed0,synth_6b8b3aa207ea,unbanked,tabddpm_synthetic,,['en'],advance fee,2024-09-02T00:13:00+00:00,1472.88,135.29,20,0,6,Sunday,44,1,76,advance fee,en,Bill pay kiosk,1
d24347c1-b922-41d2-903c-da5b44b52a33,synth_365d8cb1277c,unbanked,tabddpm_synthetic,,['en'],advance fee,2024-02-23T05:51:00+00:00,10.0,0.0,20,5,0,Monday,90,610,5,advance fee,en,Bill pay kiosk,0
1a712781-3340-4777-8e21-a5c063e4aa4f,synth_1ec71ccd27cf,unbanked,tabddpm_synthetic,,['en'],advance fee,2024-06-27T16:56:00+00:00,580.57,76.08,20,16,0,Monday,18,1301,0,advance fee,en,Bill pay kiosk,0
d31d5748-69fb-4cf8-afe9-42e7876364c7,synth_2e6170a7f37f,unbanked,tabddpm_synthetic,,['en'],advance fee,2024-06-01T23:34:00+00:00,3000.0,1500.0,20,23,6,Sunday,0,1,100,advance fee,en,Bill pay kiosk,0
fd0e1dbf-a0ab-48e0-bc62-f5574b7d96e1,synth_9625d9b7316d,unbanked,tabddpm_synthetic,,['en'],advance fee,2024-07-18T23:24:00+00:00,3000.0,1500.0,60,23,0,Monday,0,619,78,advance fee,en,Bill pay kiosk,0
578f44d4-86b5-49d0-9464-045e839d29d8,synth_447e06bf708e,unbanked,tabddpm_synthetic,,['en'],fake loan,2024-12-13T05:14:00+00:00,579.25,70.96,26,5,0,Monday,14,1650,6,fake loan,en,Bill pay kiosk,0
f10519af-e6f9-44f8-b12c-ee8d3558b795,synth_1e04e6f1b200,unbanked,tabddpm_synthetic,,['en'],advance fee,2024-04-05T23:51:00+00:00,3000.0,1500.0,20,23,0,Monday,90,1,100,advance fee,en,Bill pay kiosk,0
7e6fdc31-6ea1-4b0e-9469-4c8a83c423d8,synth_046d31670646,unbanked,tabddpm_synthetic,,['en'],advance fee,2024-06-25T23:12:00+00:00,1602.53,0.0,20,23,0,Monday,90,1,100,advance fee,en,Bill pay kiosk,0
a4e004ed-26d6-4138-b1a1-03ff2dffba39,synth_73d79e809b12,unbanked,tabddpm_synthetic,,['en'],advance fee,2024-02-07T23:10:00+00:00,3000.0,1500.0,20,23,0,Monday,90,1,100,advance fee,en,Bill pay kiosk,0
43ad0d52-4ee5-433b-9eff-0e8ca396933b,synth_3e6685462818,unbanked,tabddpm_synthetic,,['en'],advance fee,2024-07-18T23:06:00+00:00,3000.0,564.8,20,23,6,Sunday,0,852,3,advance fee,en,Bill pay kiosk,0
0bfb7340-b2ab-46cd-8396-f3a880c831bf,synth_21eb01dd7820,unbanked,tabddpm_synthetic,,['en'],advance fee,2024-06-15T16:16:00+00:00,365.96,26.97,20,16,0,Monday,10,1806,3,advance fee,en,Cash (informal),0
9423fad7-3e1e-4ac5-b119-3bdaec021a1c,synth_fa8e6fe79e28,unbanked,tabddpm_synthetic,,['en'],advance fee,2024-07-08T07:14:00+00:00,3000.0,1500.0,20,7,6,Sunday,0,1,94,advance fee,en,Bill pay kiosk,0
5192fbc9-a5ec-4ac0-82fc-319ec8f18ed1,synth_dfe98985cd5e,unbanked,tabddpm_synthetic,,['en'],advance fee,2024-01-11T23:49:00+00:00,3000.0,1500.0,60,23,0,Monday,90,1,100,advance fee,en,Bill pay kiosk,1
fbad6f29-af01-4eaf-b7f4-858721f3abc3,synth_43a47f07f4d8,unbanked,tabddpm_synthetic,,['en'],advance fee,2024-06-23T11:18:00+00:00,374.19,54.3,20,11,0,Monday,63,1269,11,advance fee,en,Bill pay kiosk,0
a7933bb2-6d2a-4b26-9cba-bc5741c5df07,synth_1bd34055d184,unbanked,tabddpm_synthetic,,['en'],advance fee,2024-07-31T23:22:00+00:00,3000.0,1500.0,20,23,6,Sunday,0,1,100,advance fee,en,Bill pay kiosk,0
a9fd151f-00a4-4ff7-80c0-5ad9782e37d9,synth_6f73ce989d1c,unbanked,tabddpm_synthetic,,['en'],advance fee,2024-01-27T00:44:00+00:00,184.1,7.18,20,0,0,Monday,68,1097,12,advance fee,en,Bill pay kiosk,0
e962f81b-cbd9-41d8-8710-43c20d957ca6,synth_5c02c06cfd2f,unbanked,tabddpm_synthetic,,['en'],advance fee,2024-05-10T13:44:00+00:00,288.68,9.24,31,13,0,Monday,9,1029,10,advance fee,en,Bill pay kiosk,0
723e5254-31a7-43bb-b7ff-1804f62cc454,synth_9dc1ac5d8472,unbanked,tabddpm_synthetic,,['en'],advance fee,2024-05-31T00:27:00+00:00,3000.0,821.69,20,0,6,Sunday,20,1,49,advance fee,en,Bill pay kiosk,0
6919f4e3-85b4-447a-9c25-3f8a35580dbd,synth_9c2da95a9e25,unbanked,tabddpm_synthetic,,['en'],advance fee,2024-12-04T23:38:00+00:00,3000.0,1500.0,20,23,0,Monday,90,1,100,advance fee,en,Bill pay kiosk,0
c80a3a35-e397-4368-9cdf-2488baf6b5cf,synth_4446bbbf3ab4,unbanked,tabddpm_synthetic,,['en'],advance fee,2024-05-05T05:27:00+00:00,533.86,45.56,53,5,0,Monday,8,872,7,advance fee,en,Bill pay kiosk,0
593c9e6d-972c-49b9-b109-c410ae7261c1,synth_ea2f35682e82,unbanked,tabddpm_synthetic,,['en'],advance fee,2024-12-20T14:30:00+00:00,434.16,60.61,20,14,0,Monday,7,1781,8,advance fee,en,Bill pay kiosk,0
9c5f19d5-48c3-4cc0-9580-732d38310200,synth_a78b8ff42697,unbanked,tabddpm_synthetic,,['en'],advance fee,2024-06-11T00:06:00+00:00,3000.0,1500.0,60,0,0,Monday,0,1,100,advance fee,en,Bill pay kiosk,0
08e9b06d-9603-4c73-aa99-93aada690ea2,synth_6314bf9a3595,unbanked,tabddpm_synthetic,,['en'],advance fee,2024-08-23T05:16:00+00:00,207.78,34.8,20,5,3,Thursday,61,192,6,advance fee,en,Bill pay kiosk,0
b4eb4cca-a8f1-40f4-8323-a7acfbbbf938,synth_b600b97ca3c7,unbanked,tabddpm_synthetic,,['en'],advance fee,2024-04-28T00:59:00+00:00,3000.0,1500.0,60,0,0,Monday,0,1,100,advance fee,en,Bill pay kiosk,1
ccfa31a1-b7de-459e-bc78-be8261d943a6,synth_f1b8a4491cdd,unbanked,tabddpm_synthetic,,['en'],advance fee,2024-02-07T23:24:00+00:00,3000.0,1500.0,60,23,0,Monday,0,1,100,advance fee,en,Bill pay kiosk,0
c1c49ead-21f9-4bf4-9545-398d443952d2,synth_2bc282f0ea81,unbanked,tabddpm_synthetic,,['en'],advance fee,2024-04-17T21:37:00+00:00,10.0,0.0,20,21,0,Monday,90,1,94,advance fee,en,Bill pay kiosk,0
871ac62e-d5c7-41a5-affd-048de9c635a2,synth_df9d2554cf05,unbanked,tabddpm_synthetic,,['en'],advance fee,2024-11-30T23:28:00+00:00,3000.0,1500.0,20,23,0,Monday,90,1,100,advance fee,en,Bill pay kiosk,0
6bdd4353-bb2d-4944-b0cd-2560db6f62a5,synth_ff38c1b6429f,unbanked,tabddpm_synthetic,,['en'],advance fee,2024-07-28T12:23:00+00:00,18.44,23.44,20,12,0,Monday,19,1151,9,advance fee,en,Bill pay kiosk,0
553bbec3-f926-4cc7-9a8e-b31da50af1f7,synth_51792b2ce8ea,unbanked,tabddpm_synthetic,,['en'],fake loan,2024-04-06T16:03:00+00:00,632.27,30.78,20,16,0,Monday,8,2000,8,fake loan,en,Bill pay kiosk,0
5d4e64ee-c3dd-4959-8083-50ee7c4c451b,synth_b8191e12d61c,unbanked,tabddpm_synthetic,,['en'],advance fee,2024-10-17T00:52:00+00:00,3000.0,343.41,56,0,0,Monday,57,1,100,advance fee,en,Bill pay kiosk,1
ec6487ba-711f-451b-82a6-70ebdfabc95a,synth_1d832c052314,unbanked,tabddpm_synthetic,,['en'],fake loan,2024-09-23T13:01:00+00:00,656.17,90.54,20,13,0,Monday,29,2000,6,fake loan,en,Bill pay kiosk,0
273663ac-64ec-4210-b979-971d170beb79,synth_6ab50456d4b1,unbanked,tabddpm_synthetic,,['en'],advance fee,2024-07-18T23:25:00+00:00,3000.0,1500.0,20,23,0,Monday,90,1,100,advance fee,en,Bill pay kiosk,0
ff8ee0c8-3387-49d9-a29b-010562f78c7a,synth_068c7ccfb7ec,unbanked,tabddpm_synthetic,,['en'],advance fee,2024-10-18T23:37:00+00:00,3000.0,886.04,41,23,6,Sunday,0,1,31,advance fee,en,Bill pay kiosk,0
d8d79320-9168-4e73-8b90-fe05014dbe81,synth_83e284ac8516,unbanked,tabddpm_synthetic,,['en'],advance fee,2024-07-14T17:15:00+00:00,3000.0,856.53,60,17,2,Wednesday,0,1,23,advance fee,en,Bill pay kiosk,0
792a9fa8-f1ea-4f9a-8937-37d4254c8522,synth_367bb2303ea2,unbanked,tabddpm_synthetic,,['en'],advance fee,2024-01-26T11:52:00+00:00,10.0,24.09,20,11,3,Thursday,11,715,3,advance fee,en,Bill pay kiosk,0
d11fe796-ce3a-4231-8829-43f704d3b057,synth_b6d23655b297,unbanked,tabddpm_synthetic,,['en'],advance fee,2024-12-23T23:53:00+00:00,3000.0,1500.0,20,23,0,Monday,90,1,100,advance fee,en,Bill pay kiosk,1
533bdbf6-8c27-46e1-8db2-fa2c9d9da6dc,synth_23591433275f,unbanked,tabddpm_synthetic,,['en'],advance fee,2024-06-11T23:53:00+00:00,3000.0,1500.0,60,23,0,Monday,0,1,100,advance fee,en,Bill pay kiosk,0
6f725b61-80c6-4f15-b081-5d45b1ec15dc,synth_d5d3bb52ea20,unbanked,tabddpm_synthetic,,['en'],advance fee,2024-03-05T02:44:00+00:00,10.0,0.0,20,2,0,Monday,90,1,56,advance fee,en,Bill pay kiosk,0
6cc884dd-a640-4bb3-af58-edbc41a6f01e,synth_aa0666d917ec,unbanked,tabddpm_synthetic,,['en'],advance fee,2024-10-17T05:24:00+00:00,201.53,29.46,20,5,0,Monday,2,884,7,advance fee,en,Bill pay kiosk,0
01ffef1f-4d30-4845-81ab-b1e5a011f811,synth_ab4eab5281d1,unbanked,tabddpm_synthetic,,['en'],advance fee,2024-04-29T04:59:00+00:00,2377.94,105.26,20,4,0,Monday,2,463,8,advance fee,en,Bill pay kiosk,0
5152e47c-7fb7-4b85-b95b-94126d846704,synth_6dd7558d1b8a,unbanked,tabddpm_synthetic,,['en'],advance fee,2024-05-14T23:00:00+00:00,3000.0,1500.0,20,23,0,Monday,90,1,100,advance fee,en,Bill pay kiosk,0
3a2b8ac4-2691-418e-b4d5-8a83df8381d5,synth_61c110e75c25,unbanked,tabddpm_synthetic,,['en'],advance fee,2024-01-26T23:50:00+00:00,3000.0,1500.0,60,23,0,Monday,10,1,100,advance fee,en,Bill pay kiosk,0
32e4c819-2950-4efc-ac81-dba199703221,synth_be514b531f7f,unbanked,tabddpm_synthetic,,['en'],advance fee,2024-03-19T16:29:00+00:00,3000.0,414.23,20,16,6,Sunday,8,1,22,advance fee,en,Bill pay kiosk,0
629d09b0-61e0-44cb-9b3a-c15d49dc4215,synth_ad677748383f,unbanked,tabddpm_synthetic,,['en'],advance fee,2024-08-09T23:06:00+00:00,3000.0,1500.0,20,23,6,Sunday,0,1,100,advance fee,en,Bill pay kiosk,0
d2216d05-baa7-478a-a989-ba4848382841,synth_1103db12e116,unbanked,tabddpm_synthetic,,['en'],advance fee,2024-12-28T00:45:00+00:00,247.78,13.32,20,0,0,Monday,0,1,3,advance fee,en,Bill pay kiosk,0
6e2401bc-05c0-4df7-beb3-904c19aab160,synth_97f1f6da4991,unbanked,tabddpm_synthetic,,['en'],advance fee,2024-11-07T10:20:00+00:00,189.01,6.04,32,10,5,Saturday,7,819,5,advance fee,en,Bill pay kiosk,0
885bd2b0-2d14-49a5-aed9-3940b520617f,synth_de4f33a5e323,unbanked,tabddpm_synthetic,,['en'],advance fee,2024-04-26T00:06:00+00:00,548.68,56.39,27,0,1,Tuesday,28,220,10,advance fee,en,Bill pay kiosk,0
57321648-606d-4f5a-a5e7-3887500a0f85,synth_655bec8d8787,unbanked,tabddpm_synthetic,,['en'],advance fee,2024-07-21T12:43:00+00:00,1003.28,44.62,33,12,2,Wednesday,0,561,7,advance fee,en,Bill pay kiosk,0
07b8e42f-5fa3-4521-90f4-82ede44c3773,synth_3961b8e8353a,unbanked,tabddpm_synthetic,,['en'],advance fee,2024-07-23T23:33:00+00:00,3000.0,1500.0,20,23,0,Monday,76,1,100,advance fee,en,Bill pay kiosk,0
b188543b-d7ea-4c66-b589-2f748c461cca,synth_d3a517b9366e,unbanked,tabddpm_synthetic,,['en'],advance fee,2024-10-28T00:49:00+00:00,3000.0,1070.48,60,0,0,Monday,6,1,90,advance fee,en,Bill pay kiosk,1
2a9a8ea9-f47c-4bc3-953c-032ed1883ba5,synth_cc9d189a3351,unbanked,tabddpm_synthetic,,['en'],advance fee,2024-08-14T23:04:00+00:00,3000.0,1500.0,20,23,6,Sunday,90,1,100,advance fee,en,Bill pay kiosk,0
215b6d2f-ec68-472d-93bc-5b03e16e1475,synth_6f7edf4860bc,unbanked,tabddpm_synthetic,,['en'],advance fee,2024-11-24T05:06:00+00:00,273.98,7.07,20,5,0,Monday,49,1752,8,advance fee,en,Bill pay kiosk,0
578760c6-4b61-4577-90a4-c4ba760463ea,synth_6026cdef02b0,unbanked,tabddpm_synthetic,,['en'],advance fee,2024-08-08T23:26:00+00:00,3000.0,1500.0,20,23,0,Monday,90,1,100,advance fee,en,Bill pay kiosk,0
b9e0c3fd-74bb-4ad6-b0be-adcbb435033d,synth_3c1f0a1621cd,unbanked,tabddpm_synthetic,,['en'],advance fee,2024-10-22T01:21:00+00:00,32.2,7.74,20,1,0,Monday,90,1818,7,advance fee,en,Bill pay kiosk,0
b8673199-21f6-480b-aaa7-8566c79cbef1,synth_81e979003a0c,unbanked,tabddpm_synthetic,,['en'],advance fee,2024-07-30T23:19:00+00:00,3000.0,1500.0,20,23,0,Monday,90,1,100,advance fee,en,Bill pay kiosk,0
5e0c8410-a272-4ca5-8e6b-95f4a9894c62,synth_3cd6dab6c650,unbanked,tabddpm_synthetic,,['en'],advance fee,2024-06-23T00:23:00+00:00,2100.47,32.46,20,0,0,Monday,90,1,100,advance fee,en,Bill pay kiosk,1
3c50c9ce-d6e9-454b-aea6-d7064363f838,synth_becce03c1f6c,unbanked,tabddpm_synthetic,,['en'],advance fee,2024-02-03T06:33:00+00:00,888.4,18.67,46,6,1,Tuesday,4,1702,7,advance fee,en,Bill pay kiosk,0
27bbb035-43fd-4bb0-ba2a-5216b010dcbd,synth_c3e7dcf06e45,unbanked,tabddpm_synthetic,,['en'],advance fee,2024-01-15T00:59:00+00:00,3000.0,1500.0,20,0,0,Monday,0,1,100,advance fee,en,Bill pay kiosk,0
39342597-da0b-4b7d-998d-129ee4db1446,synth_494a0946ff14,unbanked,tabddpm_synthetic,,['en'],advance fee,2024-03-04T04:33:00+00:00,3000.0,1500.0,20,4,6,Sunday,0,1,100,advance fee,en,Bill pay kiosk,0
8e4c6cab-93de-43bb-ad69-0057c43393c3,synth_ce4802c119fa,unbanked,tabddpm_synthetic,,['en'],advance fee,2024-04-24T09:28:00+00:00,93.58,67.7,20,9,0,Monday,18,2000,7,advance fee,en,Bill pay kiosk,0
1a3009e8-3bfc-4193-a873-93bcf920ece5,synth_5afd5070a82e,unbanked,tabddpm_synthetic,,['en'],advance fee,2024-12-29T23:10:00+00:00,3000.0,1500.0,20,23,0,Monday,0,1,100,advance fee,en,Bill pay kiosk,1
84526958-12ba-47ca-9ae1-579811c7db0b,synth_d97994276972,unbanked,tabddpm_synthetic,,['en'],advance fee,2024-08-18T00:44:00+00:00,10.0,8.39,20,0,0,Monday,0,2000,8,advance fee,en,Bill pay kiosk,0
5303fb2f-3eda-4e28-8b81-226a1bb3733e,synth_817b14a24de3,unbanked,tabddpm_synthetic,,['en'],advance fee,2024-02-18T23:26:00+00:00,3000.0,1500.0,55,23,6,Sunday,0,1,58,advance fee,en,Bill pay kiosk,0
8f3c10ad-db5f-4a5a-a20c-a3ceea21ebce,synth_d1c337cc18c4,unbanked,tabddpm_synthetic,,['en'],advance fee,2024-02-25T12:35:00+00:00,95.42,1.53,43,12,0,Monday,13,710,5,advance fee,en,Bill pay kiosk,0
85eb5d0c-cc36-4b7d-beae-65b2e6ed3b21,synth_f522653674dd,unbanked,tabddpm_synthetic,,['en'],fake loan,2024-03-16T13:22:00+00:00,10.0,29.03,23,13,0,Monday,3,561,8,fake loan,en,Bill pay kiosk,0
2b7ef942-01be-4915-855a-ec21af20acf5,synth_9bb8c6074e6c,unbanked,tabddpm_synthetic,,['en'],advance fee,2024-02-21T00:35:00+00:00,257.66,39.97,23,0,0,Monday,0,1811,7,advance fee,en,Bill pay kiosk,0
1eaacae4-ea4f-4528-bbf2-cf50db3d7eb5,synth_6d247f76160a,unbanked,tabddpm_synthetic,,['en'],advance fee,2024-10-26T06:15:00+00:00,10.0,0.0,20,6,0,Monday,90,1,35,advance fee,en,Bill pay kiosk,0
2adc9e6d-d476-4a2f-bde5-c5ebe97fe2e7,synth_6b34c1c3074b,unbanked,tabddpm_synthetic,,['es'],advance fee,2024-07-12T16:31:00+00:00,1105.17,54.09,20,16,0,Monday,5,1427,9,advance fee,es,Bill pay kiosk,0
c56fcff7-5055-4014-a2cb-ce1a132b12bd,synth_5013c5151da9,unbanked,tabddpm_synthetic,,['en'],advance fee,2024-03-28T00:31:00+00:00,10.0,0.0,20,0,0,Monday,90,1119,31,advance fee,en,Bill pay kiosk,0
764013dc-b7ea-4f6b-be70-e769ed7983ef,synth_f8742f7d677e,unbanked,tabddpm_synthetic,,['en'],advance fee,2024-03-28T06:21:00+00:00,50.96,0.0,20,6,0,Monday,20,1851,4,advance fee,en,Bill pay kiosk,0
8e5259ec-fd25-4065-ae60-dcdc2c1db699,synth_c1c62afc40e3,unbanked,tabddpm_synthetic,,['en'],advance fee,2024-03-18T10:44:00+00:00,216.29,68.25,20,10,0,Monday,20,1990,5,advance fee,en,Bill pay kiosk,0
9555f6d3-77e1-4f13-9b09-fb5e5c92ffab,synth_fbe23c636a5a,unbanked,tabddpm_synthetic,,['en'],advance fee,2024-10-29T23:35:00+00:00,3000.0,1500.0,20,23,0,Monday,90,1,100,advance fee,en,Bill pay kiosk,0
0da961eb-852b-48d3-a675-34f9f6e33a65,synth_6a384c6bd50b,unbanked,tabddpm_synthetic,,['en'],advance fee,2024-07-18T10:17:00+00:00,1631.31,143.32,38,10,0,Monday,5,1356,7,advance fee,en,Bill pay kiosk,0
bf5320a4-5295-48fe-838a-fe7040cfa770,synth_d1fec7e886bb,unbanked,tabddpm_synthetic,,['en'],advance fee,2024-07-14T00:47:00+00:00,3000.0,699.85,20,0,6,Sunday,0,1,43,advance fee,en,Bill pay kiosk,0
08c27c70-6383-42b4-9da3-2b0b07c9e958,synth_79b528f496c5,unbanked,tabddpm_synthetic,,['en'],advance fee,2024-05-01T04:08:00+00:00,10.0,0.0,20,4,0,Monday,90,758,24,advance fee,en,Bill pay kiosk,0
196a30a4-8d45-4b44-8dc9-909dda2c85d8,synth_32b85046825c,unbanked,tabddpm_synthetic,,['en'],advance fee,2024-12-14T01:29:00+00:00,389.44,42.68,26,1,0,Monday,0,1681,6,advance fee,en,Bill pay kiosk,0
d5193104-f3e7-47fc-93bf-40c3a6e65304,synth_097fc00d07c9,unbanked,tabddpm_synthetic,,['en'],advance fee,2024-09-07T23:53:00+00:00,3000.0,1500.0,20,23,0,Monday,90,1,100,advance fee,en,Bill pay kiosk,0
45568f3e-e203-48d6-8285-88c8c2e7832a,synth_d1aab6482b99,unbanked,tabddpm_synthetic,,['en'],advance fee,2024-11-03T23:14:00+00:00,3000.0,1500.0,20,23,0,Monday,90,1,100,advance fee,en,Bill pay kiosk,0
b20f0a99-b65b-491f-b7f0-98d679555749,synth_a04963e18002,unbanked,tabddpm_synthetic,,['en'],advance fee,2024-05-04T11:40:00+00:00,324.76,28.07,20,11,0,Monday,7,1528,11,advance fee,en,Bill pay kiosk,0
2240b402-60cd-42c4-88e8-610226db9d37,synth_4e86d749460d,unbanked,tabddpm_synthetic,,['en'],advance fee,2024-06-05T00:59:00+00:00,2512.36,147.34,60,0,0,Monday,50,1,100,advance fee,en,Bill pay kiosk,1
d5cac746-f3db-438a-88d8-d123e2ce57f9,synth_95f1b45b34f4,unbanked,tabddpm_synthetic,,['en'],advance fee,2024-06-11T10:18:00+00:00,681.86,46.57,24,10,0,Monday,2,824,9,advance fee,en,Bill pay kiosk,0
8cf1018c-0953-4774-9fed-96d1606562b9,synth_3ab1af671050,unbanked,tabddpm_synthetic,,['en'],advance fee,2024-03-09T13:49:00+00:00,1144.56,136.68,33,13,0,Monday,7,2000,7,advance fee,en,Bill pay kiosk,0
b92cb53a-1a91-49a3-aa62-b24ea7dc3e8f,synth_4fa42a38e23d,unbanked,tabddpm_synthetic,,['en'],advance fee,2024-10-20T16:33:00+00:00,1859.55,251.63,20,16,0,Monday,75,2000,3,advance fee,en,Bill pay kiosk,0
0150151e-04c2-4d87-bf0b-0a9ffa70d65c,synth_b8a93acc5cb1,unbanked,tabddpm_synthetic,,['en'],advance fee,2024-09-04T15:12:00+00:00,113.95,11.07,23,15,0,Monday,7,877,9,advance fee,en,Bill pay kiosk,0
67321468-30a0-4816-af68-a66a63f3de79,synth_9ed66087d0de,unbanked,tabddpm_synthetic,,['en'],advance fee,2024-06-12T23:56:00+00:00,3000.0,1308.2,60,23,0,Monday,0,1,48,advance fee,en,Bill pay kiosk,0
d00250fc-78e1-43a4-a3d9-ad83d6953c8e,synth_d9db31e7e5b2,unbanked,tabddpm_synthetic,,['en'],advance fee,2024-08-11T13:49:00+00:00,320.74,12.76,20,13,0,Monday,8,2000,3,advance fee,en,Bill pay kiosk,0
572595af-7024-4ea1-a05f-42ef8f23222a,synth_bb218ca5d0cd,unbanked,tabddpm_synthetic,,['en'],advance fee,2024-06-05T23:58:00+00:00,3000.0,1500.0,60,23,0,Monday,73,1,100,advance fee,en,Bill pay kiosk,1
16cff0ef-7dfd-4784-bb53-dda26c46723f,synth_8cd98fcfdb93,unbanked,tabddpm_synthetic,,['en'],advance fee,2024-04-19T00:51:00+00:00,597.11,37.68,60,0,0,Monday,12,1,45,advance fee,en,Bill pay kiosk,1
1f188912-4ab0-41db-9251-2d037ed6374a,synth_a7ef51141aac,unbanked,tabddpm_synthetic,,['en'],advance fee,2024-04-16T08:31:00+00:00,634.36,88.71,20,8,0,Monday,19,2000,6,advance fee,en,Bill pay kiosk,0
673255d8-4ebf-4033-b723-ca28925f9194,synth_63445e2cd116,unbanked,tabddpm_synthetic,,['en'],advance fee,2024-06-26T15:21:00+00:00,1023.08,84.51,21,15,4,Friday,0,1,11,advance fee,en,Bill pay kiosk,0
61da6974-9a37-4a70-aed3-10484b630b48,synth_452f7f5255c0,unbanked,tabddpm_synthetic,,['en'],advance fee,2024-11-24T02:56:00+00:00,508.01,29.86,20,2,0,Monday,73,1759,7,advance fee,en,Bill pay kiosk,0
795fb519-273b-4d50-a8e3-aa3338b68343,synth_c90250f20fd0,unbanked,tabddpm_synthetic,,['en'],advance fee,2024-01-23T23:39:00+00:00,3000.0,1500.0,20,23,6,Sunday,0,1,100,advance fee,en,Bill pay kiosk,0
34e24790-9698-495d-aa21-58e0e542a442,synth_7f5b57295c96,unbanked,tabddpm_synthetic,,['en'],advance fee,2024-01-02T23:39:00+00:00,102.48,45.07,40,23,0,Monday,0,136,12,advance fee,en,Bill pay kiosk,0
1d2ba819-213f-46be-bce3-935608db8b99,synth_10f1bf346417,unbanked,tabddpm_synthetic,,['en'],advance fee,2024-11-04T23:49:00+00:00,3000.0,1500.0,20,23,0,Monday,90,1,100,advance fee,en,Bill pay kiosk,0
9495ab02-4d44-4d58-84be-4ac6f9eead23,synth_6202fdd9a1b6,unbanked,tabddpm_synthetic,,['en'],advance fee,2024-04-18T21:22:00+00:00,3000.0,98.82,20,21,0,Monday,90,1,100,advance fee,en,Bill pay kiosk,0
a8f9257d-2bd7-455e-bd25-af22a56003eb,synth_a7f45710d2df,unbanked,tabddpm_synthetic,,['en'],advance fee,2024-03-17T23:53:00+00:00,3000.0,1500.0,20,23,0,Monday,90,1,100,advance fee,en,Bill pay kiosk,0
537da1cd-8075-4620-b045-6493db19d97b,synth_2e3018723d3e,unbanked,tabddpm_synthetic,,['en'],advance fee,2024-12-12T12:19:00+00:00,1495.41,120.91,60,12,0,Monday,9,849,14,advance fee,en,Bill pay kiosk,0
4a47f9f1-5dc4-4848-b1f2-1dbfd3f64244,synth_eee8f7cd09e4,unbanked,tabddpm_synthetic,,['en'],advance fee,2024-03-08T00:30:00+00:00,3000.0,1500.0,38,0,6,Sunday,0,1,100,advance fee,en,Bill pay kiosk,0
af5f843e-976c-447d-810a-cbf7cf0e87e0,synth_61ad3fe2abae,unbanked,tabddpm_synthetic,,['en'],advance fee,2024-03-06T23:07:00+00:00,3000.0,1500.0,20,23,0,Monday,90,1,100,advance fee,en,Bill pay kiosk,0
0a59b5bf-b517-492a-9c1d-4438ef83db94,synth_c9b983c29ddd,unbanked,tabddpm_synthetic,,['en'],advance fee,2024-12-10T09:34:00+00:00,40.12,23.6,20,9,0,Monday,24,1604,13,advance fee,en,Bill pay kiosk,0
01fb9c5c-f08e-4bb4-929e-063c651141a1,synth_95c47d971742,unbanked,tabddpm_synthetic,,['en'],advance fee,2024-09-13T00:01:00+00:00,3000.0,1500.0,60,0,0,Monday,0,1,100,advance fee,en,Bill pay kiosk,0
c2555dfb-23f0-45c4-b636-b930a47d5a8a,synth_1db13ed0252a,unbanked,tabddpm_synthetic,,['en'],advance fee,2024-04-26T00:02:00+00:00,3000.0,445.3,20,0,0,Monday,4,1603,20,advance fee,en,Bill pay kiosk,0
da7b6119-22d4-4cf1-a6b1-935879e34d99,synth_9eafcf7d51ab,unbanked,tabddpm_synthetic,,['en'],advance fee,2024-09-17T23:26:00+00:00,3000.0,1500.0,20,23,6,Sunday,90,1,100,advance fee,en,Bill pay kiosk,0
ddd2fec7-2f32-47c0-9b9f-77ce7ecdd3e2,synth_38cec364918d,unbanked,tabddpm_synthetic,,['en'],advance fee,2024-07-29T00:58:00+00:00,3000.0,1500.0,60,0,0,Monday,39,1,100,advance fee,en,Bill pay kiosk,1
413e8af3-ea79-4529-9c92-2b7e93f282a2,synth_83f734b6a3fb,unbanked,tabddpm_synthetic,,['en'],advance fee,2024-08-07T23:37:00+00:00,3000.0,1500.0,20,23,0,Monday,90,1,100,advance fee,en,Bill pay kiosk,0
364195d8-d526-4998-976e-6aa40a45ec70,synth_3593da333a52,unbanked,tabddpm_synthetic,,['en'],advance fee,2024-05-12T23:50:00+00:00,3000.0,1500.0,20,23,0,Monday,90,1,100,advance fee,en,Bill pay kiosk,0
5e267d21-9e94-4d8d-a11f-e10e51e17c45,synth_e946f3e8fef4,unbanked,tabddpm_synthetic,,['en'],advance fee,2024-05-13T12:16:00+00:00,3000.0,1188.11,20,12,0,Monday,64,1,54,advance fee,en,Bill pay kiosk,0
a8b26556-05f9-47de-9cb4-9f2f6bc42354,synth_660004447ed1,unbanked,tabddpm_synthetic,,['en'],advance fee,2024-10-07T23:05:00+00:00,3000.0,1500.0,60,23,0,Monday,90,1,100,advance fee,en,Bill pay kiosk,1
5cbea25c-8f52-4bdd-a6fb-90a9e2a464c5,synth_d1135c9fd9fb,unbanked,tabddpm_synthetic,,['en'],advance fee,2024-02-28T12:20:00+00:00,421.68,70.37,21,12,0,Monday,17,2000,5,advance fee,en,Bill pay kiosk,0
70cfdf0c-51e4-419d-a9e9-ecd1d92705a3,synth_0c6cd412151e,unbanked,tabddpm_synthetic,,['en'],advance fee,2024-06-10T23:08:00+00:00,3000.0,1500.0,20,23,0,Monday,90,1,100,advance fee,en,Bill pay kiosk,1
f5ccf827-781f-4d4e-873a-a85097a0cb56,synth_f9e7ebfdce51,unbanked,tabddpm_synthetic,,['en'],advance fee,2024-06-18T06:56:00+00:00,560.63,67.98,20,6,1,Tuesday,20,1750,22,advance fee,en,Bill pay kiosk,1
c1ea5084-db15-4dc9-aa60-b1d7c31b5382,synth_9310afd93242,unbanked,tabddpm_synthetic,,['en'],advance fee,2024-12-14T00:55:00+00:00,3000.0,1500.0,20,0,3,Thursday,0,1,100,advance fee,en,Bill pay kiosk,0
59d656e8-0620-4cc0-a0bd-113ac1924d54,synth_90eacddf7b8a,unbanked,tabddpm_synthetic,,['en'],advance fee,2024-12-17T23:06:00+00:00,3000.0,1500.0,20,23,0,Monday,90,1,100,advance fee,en,Bill pay kiosk,0
d906ab35-d88b-4ed4-89a4-40cfab3f8d96,synth_433af0bf7406,unbanked,tabddpm_synthetic,,['en'],advance fee,2024-10-10T23:39:00+00:00,3000.0,1500.0,20,23,6,Sunday,0,1,100,advance fee,en,Bill pay kiosk,0
c0ba68fe-6beb-45e7-9313-5837978b6031,synth_55280ebd5ba7,unbanked,tabddpm_synthetic,,['es'],advance fee,2024-02-24T11:35:00+00:00,506.4,53.91,35,11,1,Tuesday,7,1322,14,advance fee,es,Bill pay kiosk,0
5222db99-b22a-4e6b-adf9-254d83625d6e,synth_d2ea1364cc6d,unbanked,tabddpm_synthetic,,['en'],advance fee,2024-06-13T07:06:00+00:00,479.94,55.5,20,7,3,Thursday,27,1,1,advance fee,en,Bill pay kiosk,0
4e6036c9-78d5-4c15-bbd8-68e66b58f6e6,synth_464ca21be229,unbanked,tabddpm_synthetic,,['en'],advance fee,2024-01-21T00:24:00+00:00,318.29,0.0,20,0,0,Monday,90,1232,22,advance fee,en,Bill pay kiosk,0
615ffaf5-84ed-4163-ab48-96c9cefadea7,synth_b5eef052cb04,unbanked,tabddpm_synthetic,,['en'],advance fee,2024-11-20T14:18:00+00:00,450.26,81.92,20,14,0,Monday,16,2000,8,advance fee,en,Bill pay kiosk,0
212c5d46-1f2a-4c51-8475-ebc16781957d,synth_4347f5034afa,unbanked,tabddpm_synthetic,,['en'],advance fee,2024-11-02T09:47:00+00:00,10.0,0.0,36,9,2,Wednesday,2,595,3,advance fee,en,Bill pay kiosk,0
a03916c4-b6c3-42d8-ad02-ad0a23eb5063,synth_02fcf88a442a,unbanked,tabddpm_synthetic,,['en'],advance fee,2024-11-17T01:33:00+00:00,10.0,0.0,20,1,0,Monday,90,1,66,advance fee,en,Bill pay kiosk,0
a6e65eb7-034e-40a2-8934-b65bda0d5733,synth_bbdc5c0ad608,unbanked,tabddpm_synthetic,,['en'],advance fee,2024-06-15T00:56:00+00:00,3000.0,1500.0,20,0,0,Monday,37,1,100,advance fee,en,Bill pay kiosk,0
ff81559c-7fed-4cfb-a79b-e82c671896ad,synth_6ac6e69f6e30,unbanked,tabddpm_synthetic,,['en'],advance fee,2024-06-05T04:09:00+00:00,10.0,0.0,20,4,0,Monday,90,1,42,advance fee,en,Bill pay kiosk,0
94053f66-0b8b-4061-9ae6-91b1a4c0d823,synth_53439f7ff90f,unbanked,tabddpm_synthetic,,['en'],fake loan,2024-12-14T10:54:00+00:00,839.55,88.93,31,10,0,Monday,5,883,16,fake loan,en,Bill pay kiosk,0
2e1d0a98-4269-46b8-b784-b0757c143a07,synth_450b428646e0,unbanked,tabddpm_synthetic,,['en'],advance fee,2024-05-28T17:47:00+00:00,675.48,100.5,20,17,0,Monday,51,1253,10,advance fee,en,Bill pay kiosk,0
4ebf1040-7b52-46b8-9a93-c8d4164b1ad5,synth_bb0af6723c4c,unbanked,tabddpm_synthetic,,['en'],advance fee,2024-12-20T23:29:00+00:00,3000.0,1500.0,20,23,0,Monday,90,1,100,advance fee,en,Bill pay kiosk,0
d6011237-901e-44ad-b06b-301a30803b46,synth_5c0c06bcfcf5,unbanked,tabddpm_synthetic,,['en'],advance fee,2024-07-18T18:40:00+00:00,188.58,49.53,20,18,0,Monday,0,428,3,advance fee,en,Bill pay kiosk,0
3679c6c0-5c76-4d37-a489-4735128fb62e,synth_02184498c397,unbanked,tabddpm_synthetic,,['en'],advance fee,2024-09-21T12:13:00+00:00,688.44,27.42,20,12,0,Monday,6,2000,6,advance fee,en,Bill pay kiosk,0
85cddaa6-4c7e-4241-8d66-9b475f899dd6,synth_1ac0f5e163cd,unbanked,tabddpm_synthetic,,['en'],advance fee,2024-07-22T23:59:00+00:00,3000.0,1500.0,20,23,6,Sunday,0,1,100,advance fee,en,Bill pay kiosk,0
fb457c8e-e0a7-4ffb-8899-54ab2b9d8e72,synth_162a5b7dc40b,unbanked,tabddpm_synthetic,,['en'],advance fee,2024-11-26T23:48:00+00:00,3000.0,1500.0,20,23,6,Sunday,0,1,100,advance fee,en,Bill pay kiosk,0
6825c5cf-080f-47a4-9e8a-a984e5bb215c,synth_66b944a3350f,unbanked,tabddpm_synthetic,,['en'],advance fee,2024-05-15T22:33:00+00:00,1064.88,96.3,60,22,0,Monday,0,1,40,advance fee,en,Bill pay kiosk,1
cbd9fdd3-82ba-4a62-9282-b374cdb34db2,synth_90794e0cd23a,unbanked,tabddpm_synthetic,,['en'],advance fee,2024-01-25T00:12:00+00:00,3000.0,1500.0,44,0,6,Sunday,0,1,100,advance fee,en,Bill pay kiosk,0
5f5f5d40-f7e5-403f-8423-7d69f0ae72be,synth_ad53ed5b9aad,unbanked,tabddpm_synthetic,,['en'],advance fee,2024-08-02T23:30:00+00:00,3000.0,1500.0,60,23,0,Monday,54,1,100,advance fee,en,Bill pay kiosk,0
8b49c4c8-20e7-42ea-ae90-d51c8ff39235,synth_77739f6de9f2,unbanked,tabddpm_synthetic,,['en'],advance fee,2024-10-01T12:25:00+00:00,116.56,0.0,20,12,0,Monday,90,1,76,advance fee,en,Bill pay kiosk,0
c623dbd2-7dff-4347-bdc0-50da45505e2a,synth_5ef71152af57,unbanked,tabddpm_synthetic,,['en'],advance fee,2024-02-24T23:34:00+00:00,3000.0,1500.0,20,23,6,Sunday,0,1,100,advance fee,en,Bill pay kiosk,0
c672bff2-06a3-4ef6-bcd4-a1117d680ee8,synth_5a9b1bafae95,unbanked,tabddpm_synthetic,,['en'],advance fee,2024-12-19T11:29:00+00:00,148.96,15.43,22,11,0,Monday,4,1276,7,advance fee,en,Bill pay kiosk,0
9a79cd69-d105-4d52-8266-659fd747c6e7,synth_c1147fc59ebe,unbanked,tabddpm_synthetic,,['en'],advance fee,2024-08-09T23:05:00+00:00,3000.0,1500.0,20,23,0,Monday,90,1,100,advance fee,en,Bill pay kiosk,0
86677867-60ae-4f06-ab8b-b63391872c2c,synth_f7434267aa7a,unbanked,tabddpm_synthetic,,['en'],advance fee,2024-06-24T00:48:00+00:00,301.83,0.0,37,0,0,Monday,0,2000,8,advance fee,en,Bill pay kiosk,0
34d78135-342e-47ed-a40a-d38973cd86a8,synth_da198a6eac89,unbanked,tabddpm_synthetic,,['en'],advance fee,2024-12-15T11:03:00+00:00,3000.0,393.57,57,11,6,Sunday,0,343,22,advance fee,en,Bill pay kiosk,0
20591831-c822-4b15-8a0a-c6ed83497972,synth_9e3d6c24e09c,unbanked,tabddpm_synthetic,,['en'],advance fee,2024-08-05T00:29:00+00:00,3000.0,1500.0,60,0,0,Monday,0,1,100,advance fee,en,Bill pay kiosk,0
51339ceb-fcda-4279-a89f-881df772c2b3,synth_960c2287349b,unbanked,tabddpm_synthetic,,['en'],advance fee,2024-02-04T23:33:00+00:00,3000.0,1500.0,60,23,0,Monday,0,1,100,advance fee,en,Bill pay kiosk,0
ca700340-9288-4348-9c84-ec253093c67c,synth_2fbd74ee1fb1,unbanked,tabddpm_synthetic,,['en'],advance fee,2024-03-19T00:02:00+00:00,10.0,0.0,20,0,0,Monday,90,1188,8,advance fee,en,Bill pay kiosk,0
ee3bc349-0a23-471c-8faa-35d11ab2a4b0,synth_fc9e033789bd,unbanked,tabddpm_synthetic,,['en'],advance fee,2024-04-27T10:11:00+00:00,107.03,17.94,54,10,0,Monday,3,225,8,advance fee,en,Bill pay kiosk,0
c745b456-afd4-4717-bb9c-2f09915a77e5,synth_313fc5ac4508,unbanked,tabddpm_synthetic,,['en'],advance fee,2024-06-29T07:36:00+00:00,10.0,0.0,20,7,0,Monday,90,703,10,advance fee,en,Bill pay kiosk,0
0364615d-3a0e-40ed-a99d-1bb8489d8e78,synth_7e57baa13281,unbanked,tabddpm_synthetic,,['en'],advance fee,2024-06-03T00:42:00+00:00,3000.0,1500.0,20,0,0,Monday,0,1,100,advance fee,en,Bill pay kiosk,0
aec05c06-52e2-4c4d-b7b7-d68e8f9adf28,synth_a85211fa3941,unbanked,tabddpm_synthetic,,['en'],advance fee,2024-11-22T15:20:00+00:00,1265.38,170.35,50,15,0,Monday,0,295,16,advance fee,en,Bill pay kiosk,0
73b6e47f-c7a7-4610-bc4f-0a618f290a9d,synth_e0fc8f9b47e5,unbanked,tabddpm_synthetic,,['en'],advance fee,2024-04-14T23:29:00+00:00,3000.0,1500.0,20,23,6,Sunday,90,1,100,advance fee,en,Bill pay kiosk,0
b2155467-7c8d-435e-bb57-86719c9bec01,synth_3775cb7616d6,unbanked,tabddpm_synthetic,,['en'],advance fee,2024-10-26T07:00:00+00:00,422.48,51.46,20,7,0,Monday,35,2000,6,advance fee,en,Bill pay kiosk,0
960deca9-d450-458d-bebc-17e28e161d3e,synth_e0af07c46741,unbanked,tabddpm_synthetic,,['en'],advance fee,2024-01-04T00:23:00+00:00,10.0,0.0,29,0,0,Monday,90,1374,7,advance fee,en,Bill pay kiosk,0
3a34feea-5056-4381-9a8a-914b1d04dbad,synth_6a843fd1d601,unbanked,tabddpm_synthetic,,['en'],advance fee,2024-08-24T00:08:00+00:00,3000.0,1500.0,20,0,0,Monday,90,1,100,advance fee,en,Bill pay kiosk,1
970b9b8d-302b-4d79-b616-d2a65922017b,synth_5243e2f51756,unbanked,tabddpm_synthetic,,['en'],fake loan,2024-04-20T14:43:00+00:00,388.8,64.42,20,14,0,Monday,6,1323,6,fake loan,en,Bill pay kiosk,0
e9436d97-6240-47bb-ab84-163eb790145f,synth_65148b92cec9,unbanked,tabddpm_synthetic,,['en'],advance fee,2024-07-17T08:06:00+00:00,175.84,13.91,20,8,0,Monday,0,1101,8,advance fee,en,Bill pay kiosk,0
a70618b8-a1dc-4d79-bda1-b3d5b0e20d2a,synth_3f78119bf26c,unbanked,tabddpm_synthetic,,['en'],advance fee,2024-06-30T00:59:00+00:00,10.0,0.0,20,0,0,Monday,90,2000,12,advance fee,en,Bill pay kiosk,0
ae8a7cd4-b5df-4b15-b0b5-b045f967b4a5,synth_1326b468d329,unbanked,tabddpm_synthetic,,['en'],advance fee,2024-06-03T00:42:00+00:00,3000.0,649.18,20,0,0,Monday,5,1,49,advance fee,en,Bill pay kiosk,0
cbfb54e3-5e92-48cb-8fd5-bcdae8ed340f,synth_ed0c4e501055,unbanked,tabddpm_synthetic,,['en'],advance fee,2024-08-14T23:11:00+00:00,3000.0,1500.0,20,23,0,Monday,90,1,100,advance fee,en,Bill pay kiosk,0
87e33d75-8601-4fb0-9a56-97e3f2ec3b12,synth_75608a3c68f7,unbanked,tabddpm_synthetic,,['en'],advance fee,2024-11-29T03:36:00+00:00,616.94,0.0,42,3,0,Monday,0,2000,3,advance fee,en,Bill pay kiosk,0
85cc61e6-589c-4b9a-9880-32fd6a2b3e7b,synth_c4fe2596c71e,unbanked,tabddpm_synthetic,,['en'],advance fee,2024-10-29T23:06:00+00:00,3000.0,1500.0,20,23,0,Monday,90,1,100,advance fee,en,Bill pay kiosk,0
c62162d5-6803-44e1-8b88-d4b6d8243578,synth_8d95739c6e94,unbanked,tabddpm_synthetic,,['en'],advance fee,2024-12-04T00:31:00+00:00,3000.0,1500.0,46,0,0,Monday,48,1,100,advance fee,en,Bill pay kiosk,1
86a0407b-71fb-46a7-99fe-b7499ba09e87,synth_d0bf59113d01,unbanked,tabddpm_synthetic,,['en'],advance fee,2024-02-17T23:48:00+00:00,3000.0,1500.0,20,23,0,Monday,90,1,100,advance fee,en,Bill pay kiosk,0
ce49d917-f66e-453c-9d33-10056ad93a7a,synth_014d4b15fd6e,unbanked,tabddpm_synthetic,,['en'],advance fee,2024-06-01T00:16:00+00:00,909.14,49.8,20,0,0,Monday,90,402,39,advance fee,en,Bill pay kiosk,0
12947f78-a30b-4413-8e21-abefb5e84684,synth_aa726db6756a,unbanked,tabddpm_synthetic,,['en'],advance fee,2024-02-15T23:05:00+00:00,3000.0,1500.0,20,23,0,Monday,90,1,100,advance fee,en,Bill pay kiosk,0
b6a9b4dd-3cd0-47d9-99bd-117051e8d655,synth_639b4b4fb450,unbanked,tabddpm_synthetic,,['en'],advance fee,2024-12-06T10:29:00+00:00,371.8,45.47,20,10,0,Monday,6,1993,3,advance fee,en,Bill pay kiosk,0
75b6a16e-9c09-42f3-bc34-e1da448d3935,synth_c8ceaca5d208,unbanked,tabddpm_synthetic,,['en'],advance fee,2024-07-05T23:45:00+00:00,3000.0,1500.0,20,23,6,Sunday,0,1,100,advance fee,en,Bill pay kiosk,0
74ef9eb0-8eb2-46ed-8033-518813713ae9,synth_bf7c7d87ac35,unbanked,tabddpm_synthetic,,['en'],advance fee,2024-05-11T23:54:00+00:00,3000.0,1500.0,60,23,0,Monday,90,1,100,advance fee,en,Bill pay kiosk,1
423f4981-471f-416b-b278-68cfc8b98711,synth_f978233de57c,unbanked,tabddpm_synthetic,,['en'],advance fee,2024-02-26T00:29:00+00:00,3000.0,1500.0,60,0,0,Monday,90,1,100,advance fee,en,Bill pay kiosk,1
550de845-0307-43eb-8aea-f3b8f11bf0ec,synth_5333c87d5829,unbanked,tabddpm_synthetic,,['en'],advance fee,2024-07-14T00:18:00+00:00,1143.44,120.97,60,0,0,Monday,0,1618,5,advance fee,en,Bill pay kiosk,0
5439fc7b-8e03-41f5-8b19-3e69066d9e82,synth_f7ca66c653df,unbanked,tabddpm_synthetic,,['en'],advance fee,2024-10-27T10:33:00+00:00,901.87,53.06,41,10,5,Saturday,1,1028,8,advance fee,en,Bill pay kiosk,0
93c1dcfe-46f6-4dc2-8f5b-d28c1e8fe3ab,synth_1c83bad3a3de,unbanked,tabddpm_synthetic,,['en'],advance fee,2024-12-13T08:48:00+00:00,634.03,88.34,20,8,0,Monday,14,2000,7,advance fee,en,Bill pay kiosk,0
9d3d6b4a-9924-42d7-8899-a1432edcdaf9,synth_bd79fcf6633c,unbanked,tabddpm_synthetic,,['en'],advance fee,2024-05-16T23:13:00+00:00,3000.0,1500.0,20,23,0,Monday,90,1,100,advance fee,en,Bill pay kiosk,0
42c88888-7e89-4bd1-bc18-c4fae970bc59,synth_40089cfff901,unbanked,tabddpm_synthetic,,['en'],fake loan,2024-12-01T16:06:00+00:00,180.59,14.4,44,16,3,Thursday,2,572,15,fake loan,en,Bill pay kiosk,0
f8a166a5-f815-4cc0-af39-16741816f277,synth_f7a5c193b239,unbanked,tabddpm_synthetic,,['en'],advance fee,2024-06-07T23:51:00+00:00,3000.0,1500.0,60,23,0,Monday,44,1,100,advance fee,en,Bill pay kiosk,0
99a77101-f521-4756-bef1-5b348bf01165,synth_50dfc9851919,unbanked,tabddpm_synthetic,,['en'],advance fee,2024-11-25T10:25:00+00:00,144.12,63.7,20,10,0,Monday,54,2000,6,advance fee,en,Bill pay kiosk,0
88f1cae1-f8ac-48fc-a17d-81972f54f8c1,synth_e79956561a05,unbanked,tabddpm_synthetic,,['en'],advance fee,2024-08-08T12:37:00+00:00,465.18,49.84,20,12,0,Monday,12,1683,4,advance fee,en,Bill pay kiosk,0
35d9d832-d873-46c5-82e2-23e62618170f,synth_6d6826bb30c2,unbanked,tabddpm_synthetic,,['en'],advance fee,2024-03-22T08:23:00+00:00,952.34,134.02,20,8,6,Sunday,90,724,0,advance fee,en,Bill pay kiosk,0
1e4bfad8-5038-4608-9755-9be932c4b0dc,synth_7853442bdbd7,unbanked,tabddpm_synthetic,,['en'],advance fee,2024-01-03T23:18:00+00:00,3000.0,1500.0,60,23,0,Monday,90,1,100,advance fee,en,Bill pay kiosk,0
832ffe60-9da6-4134-9944-d8b9569c27f2,synth_33b0b392cf10,unbanked,tabddpm_synthetic,,['en'],advance fee,2024-11-27T05:39:00+00:00,10.0,40.12,20,5,0,Monday,0,1621,9,advance fee,en,Bill pay kiosk,0
bbd9428a-cd9e-401b-ab37-17e4c6f1c76f,synth_d4327ea972a8,unbanked,tabddpm_synthetic,,['en'],advance fee,2024-02-22T23:38:00+00:00,3000.0,1500.0,20,23,6,Sunday,90,1,100,advance fee,en,Bill pay kiosk,0
7530f2fc-4365-460c-958d-f9d2bd9ff1ca,synth_4528cf7ccb74,unbanked,tabddpm_synthetic,,['en'],advance fee,2024-11-21T23:28:00+00:00,3000.0,1500.0,20,23,6,Sunday,0,1,100,advance fee,en,Bill pay kiosk,0
4a76994d-5de6-4ad5-b93b-31ef8b02dfd5,synth_800e180ba31a,unbanked,tabddpm_synthetic,,['en'],fake loan,2024-12-14T14:11:00+00:00,296.67,27.86,39,14,0,Monday,8,895,0,fake loan,en,Bill pay kiosk,0
5303554c-87b2-4224-aca2-7dc04f3f85f8,synth_2b498ae5e11c,unbanked,tabddpm_synthetic,,['en'],advance fee,2024-09-09T14:52:00+00:00,682.32,90.03,24,14,0,Monday,0,1188,5,advance fee,en,Bill pay kiosk,0
bc5b610e-6edf-4ee2-831c-62cb240bfca3,synth_d54c5234faf9,unbanked,tabddpm_synthetic,,['en'],advance fee,2024-10-24T16:24:00+00:00,686.71,36.03,20,16,0,Monday,5,208,5,advance fee,en,Bill pay kiosk,0
f633d79f-d39b-4298-86b5-7d8d2e3f897e,synth_79752f6bf081,unbanked,tabddpm_synthetic,,['en'],advance fee,2024-04-07T23:58:00+00:00,3000.0,1500.0,20,23,0,Monday,90,1,100,advance fee,en,Bill pay kiosk,0
b7a707a1-14f1-42fc-b82f-22619a5a60b6,synth_f18c4c5bb3a6,unbanked,tabddpm_synthetic,,['en'],advance fee,2024-07-17T03:16:00+00:00,10.0,0.0,20,3,6,Sunday,90,595,13,advance fee,en,Bill pay kiosk,0
1ecdd76d-d989-4735-9598-013ddd96e791,synth_774c98d71072,unbanked,tabddpm_synthetic,,['en'],advance fee,2024-11-09T00:39:00+00:00,94.76,2.46,20,0,0,Monday,0,1024,11,advance fee,en,Bill pay kiosk,0
9befbe38-fa7b-42e0-992a-eb08bd064b6f,synth_2e1bb3bd3dda,unbanked,tabddpm_synthetic,,['en'],advance fee,2024-04-12T12:28:00+00:00,996.11,51.18,25,12,6,Sunday,13,863,8,advance fee,en,Bill pay kiosk,0
6636e454-aecb-40cd-ab7f-00e977bd5478,synth_673393831699,unbanked,tabddpm_synthetic,,['en'],advance fee,2024-07-27T03:36:00+00:00,824.79,51.06,20,3,0,Monday,2,2000,12,advance fee,en,Bill pay kiosk,0
11fc8973-dd34-44a3-aaf9-9543fde1a1ad,synth_5b06939cf7d2,unbanked,tabddpm_synthetic,,['en'],advance fee,2024-06-14T23:07:00+00:00,3000.0,1500.0,20,23,6,Sunday,0,1,100,advance fee,en,Bill pay kiosk,0
9d4a3b98-a2fe-4c09-bbd9-1fdb403c895d,synth_36c4adda7618,unbanked,tabddpm_synthetic,,['en'],advance fee,2024-02-05T00:07:00+00:00,901.25,58.39,30,0,0,Monday,30,1006,16,advance fee,en,Bill pay kiosk,0
8023382d-7d07-4cfb-bd47-c7f54357f23a,synth_2c3f9c987b6a,unbanked,tabddpm_synthetic,,['en'],advance fee,2024-04-14T05:14:00+00:00,731.41,73.03,34,5,0,Monday,0,519,6,advance fee,en,Bill pay kiosk,0
e6306141-d9c9-47eb-a891-70f7dc48c831,synth_fcea77a2d26a,unbanked,tabddpm_synthetic,,['en'],advance fee,2024-01-20T03:39:00+00:00,10.0,0.0,20,3,0,Monday,90,1,23,advance fee,en,Bill pay kiosk,0
8a4e9c25-fe98-4b5b-867a-4b2d61099aa2,synth_a9778be4d5e8,unbanked,tabddpm_synthetic,,['en'],advance fee,2024-02-11T00:39:00+00:00,1253.68,95.1,60,0,0,Monday,68,228,30,advance fee,en,Bill pay kiosk,0
49059194-476b-469b-b73e-e8c6d24f6d3f,synth_3a8d9cfbdc40,unbanked,tabddpm_synthetic,,['en'],advance fee,2024-06-18T00:58:00+00:00,3000.0,423.96,37,0,0,Monday,20,467,15,advance fee,en,Bill pay kiosk,0
b49ec40a-d8e9-4350-b2a5-40f39a1096df,synth_a3e03042d916,unbanked,tabddpm_synthetic,,['en'],advance fee,2024-01-02T08:24:00+00:00,835.04,132.82,20,8,0,Monday,33,2000,5,advance fee,en,Bill pay kiosk,0
9c3a8a56-bcdc-48b3-b3db-fc656e79e42d,synth_0e21da58b2e7,unbanked,tabddpm_synthetic,,['en'],advance fee,2024-12-26T12:02:00+00:00,246.57,22.98,20,12,0,Monday,11,1642,7,advance fee,en,Bill pay kiosk,0
a85b93c5-7765-43ff-ab3f-30ee9405e636,synth_e2c00efc87f6,unbanked,tabddpm_synthetic,,['en'],advance fee,2024-11-20T16:16:00+00:00,749.73,84.64,20,16,0,Monday,9,1298,2,advance fee,en,Bill pay kiosk,0
e7916d03-ebc0-4a7e-9844-8b4ec3956dcd,synth_1a6ecc8d8a99,unbanked,tabddpm_synthetic,,['en'],advance fee,2024-10-08T00:09:00+00:00,3000.0,1500.0,60,0,0,Monday,90,1,100,advance fee,en,Bill pay kiosk,1
77aa93fb-7bc5-4897-8216-57b840042a56,synth_8e8f45b6b163,unbanked,tabddpm_synthetic,,['en'],advance fee,2024-09-26T00:01:00+00:00,3000.0,703.12,60,0,0,Monday,37,1,100,advance fee,en,Bill pay kiosk,0
d519bfd8-1406-4134-9056-f9690c35e687,synth_70568e73b215,unbanked,tabddpm_synthetic,,['en'],advance fee,2024-03-03T10:54:00+00:00,935.02,35.83,20,10,1,Tuesday,0,1368,8,advance fee,en,Bill pay kiosk,0
86421173-284f-4daf-a0c0-de16b04ede4d,synth_2f7f6b6d319c,unbanked,tabddpm_synthetic,,['en'],advance fee,2024-05-07T23:52:00+00:00,3000.0,1500.0,20,23,6,Sunday,0,1,100,advance fee,en,Bill pay kiosk,0
31d92034-eb46-4550-b210-c21952d4fd7d,synth_de4b6434e13f,unbanked,tabddpm_synthetic,,['en'],advance fee,2024-05-17T13:38:00+00:00,455.75,54.34,51,13,0,Monday,2,1,7,advance fee,en,Bill pay kiosk,0
eae6c95e-d634-49b8-806f-6c6bbfa89b41,synth_651d76bb334b,unbanked,tabddpm_synthetic,,['en'],advance fee,2024-06-07T13:03:00+00:00,293.11,39.37,30,13,0,Monday,0,2000,7,advance fee,en,Bill pay kiosk,0
5efe234c-8a3b-47d7-8486-72d4ced2c4f6,synth_09b2172f9a79,unbanked,tabddpm_synthetic,,['en'],advance fee,2024-09-28T00:47:00+00:00,230.73,36.58,33,0,0,Monday,0,1166,14,advance fee,en,Bill pay kiosk,0
cfc2093d-3cc7-445c-864f-ac1df9c82b8b,synth_3bcf27e7a584,unbanked,tabddpm_synthetic,,['en'],advance fee,2024-03-20T23:39:00+00:00,3000.0,1500.0,20,23,0,Monday,90,1,100,advance fee,en,Bill pay kiosk,0
d62b09d3-d7a2-4872-a932-49d48f8bdc71,synth_8e578d068054,unbanked,tabddpm_synthetic,,['en'],advance fee,2024-11-24T00:12:00+00:00,538.9,55.04,60,0,0,Monday,3,1627,15,advance fee,en,Bill pay kiosk,0
792bc723-c2fa-4f27-8d9c-457f8bd4f0bf,synth_6af47bd6fa99,unbanked,tabddpm_synthetic,,['en'],advance fee,2024-09-28T01:52:00+00:00,214.13,15.42,35,1,0,Monday,0,1369,6,advance fee,en,Bill pay kiosk,0
e8b1cee8-d2a0-429b-9663-2769d5109821,synth_2e03c08f0e5e,unbanked,tabddpm_synthetic,,['en'],advance fee,2024-05-10T00:14:00+00:00,3000.0,278.66,25,0,0,Monday,33,1,28,advance fee,en,Bill pay kiosk,0
38698403-79b4-477b-ae76-24e4270410c8,synth_2aa47f86c62d,unbanked,tabddpm_synthetic,,['en'],advance fee,2024-10-21T23:06:00+00:00,3000.0,1500.0,20,23,6,Sunday,0,1,100,advance fee,en,Bill pay kiosk,0
ef3d6fb0-6485-4415-8be9-606766b1002f,synth_9904e11aa7e2,unbanked,tabddpm_synthetic,,['en'],advance fee,2024-08-03T09:05:00+00:00,394.99,27.23,20,9,0,Monday,25,1587,5,advance fee,en,Bill pay kiosk,0
8c82de69-6f34-48ab-a67a-00e243804876,synth_a6e61babd443,unbanked,tabddpm_synthetic,,['en'],advance fee,2024-09-10T09:13:00+00:00,116.57,32.3,23,9,0,Monday,0,725,5,advance fee,en,Bill pay kiosk,0
ef8223a6-655b-4be7-b909-b3abd77d59de,synth_00fea278f71c,unbanked,tabddpm_synthetic,,['en'],advance fee,2024-05-10T17:29:00+00:00,1463.91,140.17,20,17,0,Monday,32,2000,1,advance fee,en,Bill pay kiosk,0
173d47f3-69ed-4b4c-9c0c-db61c5e51a88,synth_057cb816a61d,unbanked,tabddpm_synthetic,,['en'],advance fee,2024-03-15T14:48:00+00:00,10.0,0.0,20,14,6,Sunday,90,17,33,advance fee,en,Bill pay kiosk,0
9270cd53-ca31-4dfe-84cf-aa85340dfa06,synth_273f2bdde5db,unbanked,tabddpm_synthetic,,['en'],advance fee,2024-11-27T23:06:00+00:00,3000.0,1500.0,20,23,6,Sunday,0,1,100,advance fee,en,Bill pay kiosk,0
b299b438-cae5-4fe8-ba01-ec32ab786f4e,synth_bfd8cbee1901,unbanked,tabddpm_synthetic,,['en'],advance fee,2024-06-11T12:38:00+00:00,570.45,92.91,20,12,0,Monday,37,2000,5,advance fee,en,Bill pay kiosk,0
1c9d3d7b-24ad-46b8-a40b-6f4ac53fad99,synth_b73d5e60f1c6,unbanked,tabddpm_synthetic,,['en'],advance fee,2024-06-13T00:19:00+00:00,3000.0,1500.0,60,0,6,Sunday,0,1,100,advance fee,en,Bill pay kiosk,0
904e4481-c000-4fa3-9398-aa51d61c09de,synth_8743ce021ed6,unbanked,tabddpm_synthetic,,['en'],advance fee,2024-12-22T23:42:00+00:00,3000.0,1500.0,20,23,0,Monday,90,1,100,advance fee,en,Bill pay kiosk,0
48494c41-1efb-4c1d-a951-253312d32966,synth_6c6b82fc7745,unbanked,tabddpm_synthetic,,['en'],advance fee,2024-04-01T00:17:00+00:00,3000.0,964.9,60,0,0,Monday,0,1,65,advance fee,en,Bill pay kiosk,0
a87d5a16-eb4d-48a5-a580-6e22dceb4f9e,synth_7a2a8385942b,unbanked,tabddpm_synthetic,,['en'],advance fee,2024-07-05T04:49:00+00:00,202.13,16.17,20,4,0,Monday,0,2000,9,advance fee,en,Bill pay kiosk,0
07946246-695f-41dd-b38e-df41baa1b136,synth_114b4400ba74,unbanked,tabddpm_synthetic,,['en'],advance fee,2024-02-23T00:46:00+00:00,3000.0,1500.0,20,0,0,Monday,76,1,100,advance fee,en,Bill pay kiosk,1
2faa74dc-e07e-4480-aa46-222595b425bd,synth_ea879871591f,unbanked,tabddpm_synthetic,,['en'],advance fee,2024-01-17T15:46:00+00:00,3000.0,1498.5,20,15,6,Sunday,0,1,47,advance fee,en,Bill pay kiosk,0
11843335-fbe9-49c4-8933-3dcde1261d59,synth_bda69412b41c,unbanked,tabddpm_synthetic,,['en'],advance fee,2024-07-26T04:33:00+00:00,10.0,0.0,20,4,0,Monday,90,1144,9,advance fee,en,Bill pay kiosk,0
c28fbea4-e743-4863-a836-4c9f1a0a2bb0,synth_526c913751e2,unbanked,tabddpm_synthetic,,['en'],advance fee,2024-02-02T23:12:00+00:00,3000.0,1500.0,20,23,0,Monday,48,1,100,advance fee,en,Bill pay kiosk,0
ca47fadd-bc2b-454b-b0fd-7061cb140236,synth_7a2efea5fa95,unbanked,tabddpm_synthetic,,['en'],advance fee,2024-09-01T23:26:00+00:00,3000.0,1500.0,20,23,0,Monday,90,1,100,advance fee,en,Bill pay kiosk,0
af733a20-a4a6-4a93-8f18-0a293de72fe2,synth_34aaca0a1d39,unbanked,tabddpm_synthetic,,['en'],advance fee,2024-08-03T08:23:00+00:00,425.57,42.7,20,8,0,Monday,31,1483,2,advance fee,en,Bill pay kiosk,0
5f32c310-ddeb-4bcf-b69d-29beaa5c9405,synth_1fefdf57d962,unbanked,tabddpm_synthetic,,['en'],advance fee,2024-09-09T03:51:00+00:00,10.0,0.0,20,3,0,Monday,90,1,45,advance fee,en,Bill pay kiosk,0
983fd1aa-fa94-47b2-ac0c-e1ccc26f8caf,synth_62899ee1456d,unbanked,tabddpm_synthetic,,['en'],advance fee,2024-10-16T00:07:00+00:00,10.0,49.58,20,0,0,Monday,0,925,6,advance fee,en,Bill pay kiosk,0
1a11ae7b-647e-4706-b096-02d0e1cb027e,synth_68525a39b7d4,unbanked,tabddpm_synthetic,,['en'],advance fee,2024-06-19T11:05:00+00:00,365.17,23.82,20,11,1,Tuesday,30,1227,9,advance fee,en,Bill pay kiosk,0
39663cd9-dce1-4147-b6e0-a37b64fd79d1,synth_4adff0861286,unbanked,tabddpm_synthetic,,['en'],advance fee,2024-03-18T09:28:00+00:00,10.0,0.0,20,9,6,Sunday,90,1,31,advance fee,en,Bill pay kiosk,0
ca93e414-9397-43c8-8d44-5e0116ba97e9,synth_1dc3cebf6375,unbanked,tabddpm_synthetic,,['en'],advance fee,2024-03-17T00:03:00+00:00,1123.01,80.33,60,0,0,Monday,0,2000,9,advance fee,en,Bill pay kiosk,0
ba5b3299-6420-4d1c-8137-006bc1ff24c1,synth_cfedfe37264c,unbanked,tabddpm_synthetic,,['en'],advance fee,2024-03-08T04:09:00+00:00,406.27,0.0,20,4,5,Saturday,3,1985,7,advance fee,en,Bill pay kiosk,0
1a256be4-06a9-4ce8-b25a-969bd937440d,synth_a20ea73d33f2,unbanked,tabddpm_synthetic,,['en'],advance fee,2024-02-11T04:30:00+00:00,10.0,0.0,20,4,0,Monday,90,1,22,advance fee,en,Bill pay kiosk,0
902d6019-3523-4b6a-b40a-767b5db1081a,synth_d41cc8ad97ea,unbanked,tabddpm_synthetic,,['en'],advance fee,2024-05-17T00:42:00+00:00,3000.0,1500.0,20,0,0,Monday,90,1,100,advance fee,en,Bill pay kiosk,0
bd8bb29b-2155-4f34-9de8-d777a7e911c7,synth_e134331a89bc,unbanked,tabddpm_synthetic,,['en'],advance fee,2024-09-03T23:32:00+00:00,3000.0,1500.0,20,23,6,Sunday,83,1,100,advance fee,en,Bill pay kiosk,0
ec1b7bc6-0b4d-40e5-8efd-a15aadc6c4fe,synth_b9c3670ce5b5,unbanked,tabddpm_synthetic,,['en'],advance fee,2024-12-29T06:03:00+00:00,297.26,45.3,20,6,0,Monday,10,1383,11,advance fee,en,Bill pay kiosk,0
c63879e3-dc5d-4ebd-9767-3f0786e19bbe,synth_471561016109,unbanked,tabddpm_synthetic,,['en'],advance fee,2024-11-04T23:17:00+00:00,3000.0,1500.0,20,23,6,Sunday,90,1,40,advance fee,en,Bill pay kiosk,0
f60b6578-1ac9-404c-9d29-d79087747b55,synth_2fc26bee1c4a,unbanked,tabddpm_synthetic,,['en'],advance fee,2024-09-06T00:57:00+00:00,594.47,40.73,31,0,0,Monday,0,942,6,advance fee,en,Bill pay kiosk,0
b248967c-a380-46d9-85fb-2ffa5450618d,synth_ef2ea48640dd,unbanked,tabddpm_synthetic,,['en'],advance fee,2024-04-29T00:36:00+00:00,293.59,23.73,20,0,0,Monday,0,1668,8,advance fee,en,Bill pay kiosk,0
79689d51-4939-4fde-8884-6d1ece60b34e,synth_ffe6b4a2582f,unbanked,tabddpm_synthetic,,['en'],advance fee,2024-01-12T00:41:00+00:00,596.58,55.67,20,0,0,Monday,0,892,13,advance fee,en,Bill pay kiosk,0
b0d501ee-b638-4ada-b2c3-c7db9f1efa27,synth_46cda837ac7f,unbanked,tabddpm_synthetic,,['en'],advance fee,2024-11-11T18:52:00+00:00,2419.17,350.33,20,18,4,Friday,0,970,10,advance fee,en,Bill pay kiosk,0
b7f03378-7576-46da-9bec-67e552121a53,synth_75ba55c1db23,unbanked,tabddpm_synthetic,,['en'],advance fee,2024-07-25T23:04:00+00:00,3000.0,1500.0,20,23,6,Sunday,0,1,100,advance fee,en,Bill pay kiosk,1
de7f5de7-9018-4f5b-a52b-5d906b662d0d,synth_88f50738b5c2,unbanked,tabddpm_synthetic,,['en'],advance fee,2024-06-24T23:25:00+00:00,3000.0,1500.0,20,23,0,Monday,90,1,100,advance fee,en,Bill pay kiosk,0
44376f57-06bf-4976-9c34-63efca27bffa,synth_199268a3f017,unbanked,tabddpm_synthetic,,['es'],advance fee,2024-03-18T14:25:00+00:00,10.0,19.11,20,14,0,Monday,1,1519,4,advance fee,es,Bill pay kiosk,0
2223c1f2-c907-407e-b204-04970928ed97,synth_316d0a2d3bdf,unbanked,tabddpm_synthetic,,['en'],advance fee,2024-10-08T04:13:00+00:00,1021.93,152.59,20,4,0,Monday,0,2000,8,advance fee,en,Bill pay kiosk,0
d21ed08a-4895-42d1-bd9f-c30e2b529e58,synth_1892dc42f508,unbanked,tabddpm_synthetic,,['en'],advance fee,2024-06-08T03:02:00+00:00,10.0,0.0,20,3,0,Monday,90,1009,19,advance fee,en,Bill pay kiosk,0
4fc415c1-9816-4800-8c94-41644a27b22b,synth_9da5b1260f10,unbanked,tabddpm_synthetic,,['en'],advance fee,2024-08-17T23:26:00+00:00,3000.0,1500.0,20,23,6,Sunday,0,1,100,advance fee,en,Bill pay kiosk,0
23f95a0d-f22e-45aa-b460-9d961e24c434,synth_dbe574b9e07d,unbanked,tabddpm_synthetic,,['en'],advance fee,2024-10-10T23:42:00+00:00,3000.0,1500.0,30,23,0,Monday,0,1,100,advance fee,en,Bill pay kiosk,1
0ed04d24-cf76-4771-975d-f3d0ba310a13,synth_2a248443213b,unbanked,tabddpm_synthetic,,['en'],advance fee,2024-11-21T23:14:00+00:00,3000.0,1500.0,60,23,0,Monday,90,1,100,advance fee,en,Bill pay kiosk,0
e7b27d50-a34a-4f8b-bf57-df34bfc1080e,synth_4060ed70e1c4,unbanked,tabddpm_synthetic,,['en'],advance fee,2024-09-16T23:06:00+00:00,3000.0,1500.0,60,23,0,Monday,0,1,74,advance fee,en,Bill pay kiosk,0
3b6a813c-1447-446c-a62f-ee2011325230,synth_cf0c5a816763,unbanked,tabddpm_synthetic,,['en'],fake loan,2024-09-15T15:00:00+00:00,10.0,0.0,33,15,0,Monday,2,389,7,fake loan,en,Bill pay kiosk,0
6d4d51d0-2ac6-45da-bb95-5ec9d0dd4c23,synth_24a9e871a34d,unbanked,tabddpm_synthetic,,['en'],advance fee,2024-08-09T04:05:00+00:00,794.02,50.67,20,4,6,Sunday,2,1990,4,advance fee,en,Bill pay kiosk,0
789f87df-9916-4655-a53c-9ee00f5d5a3c,synth_f1725110b694,unbanked,tabddpm_synthetic,,['en'],advance fee,2024-09-05T09:12:00+00:00,569.58,6.08,20,9,6,Sunday,90,1142,8,advance fee,en,Bill pay kiosk,0
d983cc75-8eca-40a6-9cdd-49f4c06142b8,synth_f45d9514c3e0,unbanked,tabddpm_synthetic,,['en'],advance fee,2024-04-25T08:36:00+00:00,10.0,0.0,20,8,0,Monday,90,315,21,advance fee,en,Bill pay kiosk,0
c62b4537-0c55-4b30-9626-a57927473fd3,synth_d8f9d1510fdc,unbanked,tabddpm_synthetic,,['en'],advance fee,2024-05-22T00:07:00+00:00,3000.0,409.96,20,0,4,Friday,0,1,44,advance fee,en,Bill pay kiosk,0
b48691d3-ec5b-4f3c-a7c9-87e79b76be2c,synth_0d6b6242cb28,unbanked,tabddpm_synthetic,,['en'],fake loan,2024-10-03T15:33:00+00:00,44.58,24.69,22,15,0,Monday,26,1379,6,fake loan,en,Bill pay kiosk,0
22e4ca4f-2a8d-4026-85be-a6f4ac9b3f31,synth_e10ff0fa7b32,unbanked,tabddpm_synthetic,,['en'],advance fee,2024-08-16T05:08:00+00:00,273.18,10.17,20,5,0,Monday,0,1254,4,advance fee,en,Bill pay kiosk,0
f7a9c132-0a19-4d4f-9f09-b00c9d259ff5,synth_22297cf9c63e,unbanked,tabddpm_synthetic,,['en'],advance fee,2024-05-14T13:49:00+00:00,277.77,31.33,20,13,0,Monday,39,1192,5,advance fee,en,Bill pay kiosk,0
b9362339-25f6-44da-a483-f673125f4d81,synth_ce1d05f5d882,unbanked,tabddpm_synthetic,,['en'],advance fee,2024-03-07T00:26:00+00:00,3000.0,298.82,60,0,0,Monday,28,1052,22,advance fee,en,Bill pay kiosk,0
e857f3e3-d6ec-4072-99c0-c0fe30bf8015,synth_269f54cd471a,unbanked,tabddpm_synthetic,,['en'],advance fee,2024-12-30T23:45:00+00:00,3000.0,1500.0,20,23,0,Monday,90,1,100,advance fee,en,Bill pay kiosk,1
2b8dcfb3-404f-42c6-a72e-d3d9c328bad0,synth_c42e90bf42c9,unbanked,tabddpm_synthetic,,['en'],advance fee,2024-07-12T00:58:00+00:00,3000.0,1500.0,55,0,0,Monday,59,1,100,advance fee,en,Bill pay kiosk,1
b1f083d5-1563-4abc-a570-3d7a68e36366,synth_74f686b6b821,unbanked,tabddpm_synthetic,,['en'],advance fee,2024-10-02T23:32:00+00:00,10.0,0.0,20,23,0,Monday,90,1,100,advance fee,en,Bill pay kiosk,0
ba0b7441-8bcb-456e-9969-e0c498b23230,synth_45c6861762a0,unbanked,tabddpm_synthetic,,['en'],advance fee,2024-10-07T06:49:00+00:00,242.53,0.0,60,6,0,Monday,15,252,3,advance fee,en,Bill pay kiosk,0
17eab74d-fe80-476d-aebc-99af21377527,synth_45bffe150b90,unbanked,tabddpm_synthetic,,['en'],advance fee,2024-01-07T00:22:00+00:00,3000.0,1124.25,23,0,0,Monday,76,1,100,advance fee,en,Bill pay kiosk,1
faf47093-32aa-4468-8010-6d284e6f89ef,synth_60044d207c5e,unbanked,tabddpm_synthetic,,['en'],advance fee,2024-05-04T06:18:00+00:00,10.0,0.0,21,6,0,Monday,82,629,10,advance fee,en,Bill pay kiosk,0
75634204-2978-4aa8-b48b-258b2bb678d9,synth_1ac4bcb2f421,unbanked,tabddpm_synthetic,,['en'],advance fee,2024-01-14T00:34:00+00:00,3000.0,268.52,60,0,0,Monday,0,802,24,advance fee,en,Bill pay kiosk,0
d2888c30-acf3-4ccc-b123-3a967b4dc3b7,synth_ebb2d2a02beb,unbanked,tabddpm_synthetic,,['en'],advance fee,2024-05-11T09:30:00+00:00,96.88,0.0,20,9,6,Sunday,90,135,24,advance fee,en,Bill pay kiosk,0
cddc3101-dbbe-4883-8c80-409266e6b1d3,synth_e21003ec42cc,unbanked,tabddpm_synthetic,,['en'],advance fee,2024-01-12T04:58:00+00:00,440.12,71.31,20,4,0,Monday,27,1614,5,advance fee,en,Bill pay kiosk,0
62fdc6f5-5b9e-4446-8c3f-f0a2e30a72c9,synth_e9921546c63d,unbanked,tabddpm_synthetic,,['en'],advance fee,2024-06-16T09:44:00+00:00,10.0,0.0,20,9,0,Monday,90,1,39,advance fee,en,Bill pay kiosk,0
abc9c0be-2fbc-4fa6-b8ba-3093272a014c,synth_09503290d306,unbanked,tabddpm_synthetic,,['en'],advance fee,2024-04-15T23:44:00+00:00,3000.0,1500.0,20,23,0,Monday,90,1,100,advance fee,en,Bill pay kiosk,0
34046834-6828-4571-8676-9fb505fec1c9,synth_9647514f070b,unbanked,tabddpm_synthetic,,['en'],advance fee,2024-09-25T09:17:00+00:00,10.0,0.0,20,9,0,Monday,90,967,26,advance fee,en,Bill pay kiosk,0
5f259665-3ea3-4c5a-b3e5-17288077fdd1,synth_799ec497fd38,unbanked,tabddpm_synthetic,,['en'],advance fee,2024-04-04T00:59:00+00:00,3000.0,1500.0,20,0,6,Sunday,0,1,100,advance fee,en,Bill pay kiosk,0
676ce95f-0b6f-43af-8b30-80b6d4e5832c,synth_33defc94af16,unbanked,tabddpm_synthetic,,['en'],advance fee,2024-05-16T23:05:00+00:00,3000.0,1500.0,20,23,6,Sunday,0,1,100,advance fee,en,Bill pay kiosk,0
77e0b654-ca33-4c43-874f-a05309e34e85,synth_db0890fad41e,unbanked,tabddpm_synthetic,,['en'],advance fee,2024-05-30T23:20:00+00:00,3000.0,1500.0,20,23,0,Monday,90,1,100,advance fee,en,Bill pay kiosk,0
3c425ade-47e9-45f7-a9a5-0bfd7f8497ab,synth_07a466c4b19a,unbanked,tabddpm_synthetic,,['en'],advance fee,2024-08-16T07:37:00+00:00,76.74,8.67,29,7,4,Friday,13,1350,7,advance fee,en,Bill pay kiosk,0
9c80db3e-30fe-4040-8c00-20bcb088f4b6,synth_457b97320559,unbanked,tabddpm_synthetic,,['en'],advance fee,2024-04-13T23:44:00+00:00,3000.0,1500.0,60,23,0,Monday,90,1,100,advance fee,en,Bill pay kiosk,0
a9532a59-98da-4c8c-be47-f521e5ab2834,synth_062480933c83,unbanked,tabddpm_synthetic,,['en'],advance fee,2024-02-17T00:14:00+00:00,10.0,18.45,20,0,0,Monday,50,2000,17,advance fee,en,Bill pay kiosk,0
08529dd2-8a94-448d-a027-f5729980a96b,synth_186a0d1273f8,unbanked,tabddpm_synthetic,,['en'],advance fee,2024-03-16T23:07:00+00:00,3000.0,1500.0,20,23,0,Monday,90,1,100,advance fee,en,Bill pay kiosk,0
8924b0d5-2846-4365-bf91-475b2fff6796,synth_686c23968a1c,unbanked,tabddpm_synthetic,,['en'],advance fee,2024-10-14T12:07:00+00:00,294.93,38.05,25,12,3,Thursday,7,945,3,advance fee,en,Bill pay kiosk,0
775fbe4f-64f2-42a2-b415-96c23b95e23d,synth_9abce1f3db61,unbanked,tabddpm_synthetic,,['en'],advance fee,2024-09-18T06:34:00+00:00,328.42,29.14,53,6,2,Wednesday,6,240,4,advance fee,en,Bill pay kiosk,0
4a51cfe7-8cb4-4f8d-af1f-d7c3ace4c358,synth_6349fa4b99fe,unbanked,tabddpm_synthetic,,['en'],advance fee,2024-01-11T09:44:00+00:00,188.7,3.8,20,9,0,Monday,2,1955,5,advance fee,en,Bill pay kiosk,0
c96ba1e8-61e8-479b-b431-f3746f50225f,synth_a3ee7b90cdd6,unbanked,tabddpm_synthetic,,['en'],advance fee,2024-06-18T00:16:00+00:00,446.28,18.74,20,0,0,Monday,1,517,11,advance fee,en,Bill pay kiosk,0
53e9474f-6b81-449a-9bc9-26ee749ca62a,synth_23ca35325109,unbanked,tabddpm_synthetic,,['en'],advance fee,2024-11-02T06:13:00+00:00,3000.0,427.95,60,6,0,Monday,6,759,22,advance fee,en,Bill pay kiosk,0
fba48260-f2ab-42cb-8c51-a35a96dab06a,synth_69c52e6de234,unbanked,tabddpm_synthetic,,['en'],advance fee,2024-07-05T13:38:00+00:00,1114.16,85.88,20,13,0,Monday,17,385,2,advance fee,en,Bill pay kiosk,0
e0fda89d-25b1-45db-bdd6-98ad43a13d81,synth_5e8449447221,unbanked,tabddpm_synthetic,,['en'],advance fee,2024-01-14T08:09:00+00:00,10.0,0.0,20,8,0,Monday,90,1,15,advance fee,en,Bill pay kiosk,0
ab4462bd-eecd-4209-ad18-c8d014c2fa1f,synth_b6c5745d702b,unbanked,tabddpm_synthetic,,['en'],advance fee,2024-11-26T00:12:00+00:00,3000.0,1500.0,60,0,0,Monday,84,1,100,advance fee,en,Bill pay kiosk,1
a1d0cd59-8116-40c0-9486-3fce0bb2a44e,synth_bc04ac63e6fb,unbanked,tabddpm_synthetic,,['en'],advance fee,2024-11-19T23:00:00+00:00,3000.0,1500.0,20,23,6,Sunday,0,1,100,advance fee,en,Bill pay kiosk,1
7950c7cc-bce7-4a26-aab3-2c57346f2434,synth_492055ebcc81,unbanked,tabddpm_synthetic,,['en'],advance fee,2024-11-30T23:42:00+00:00,3000.0,1500.0,20,23,0,Monday,90,1,100,advance fee,en,Bill pay kiosk,0
efd91a12-1854-4abe-905f-4d9129751fed,synth_fcb948e74cdc,unbanked,tabddpm_synthetic,,['en'],advance fee,2024-05-22T23:57:00+00:00,3000.0,1500.0,20,23,0,Monday,90,1,100,advance fee,en,Bill pay kiosk,1
e973469a-af4d-483f-9be7-8df9f8e8c99f,synth_5ea194d00cd9,unbanked,tabddpm_synthetic,,['en'],advance fee,2024-04-22T11:34:00+00:00,326.5,21.79,31,11,1,Tuesday,23,444,6,advance fee,en,Bill pay kiosk,0
710e4009-7067-4895-805b-9cf1e44117a2,synth_996f92aa8c86,unbanked,tabddpm_synthetic,,['en'],advance fee,2024-09-03T09:07:00+00:00,2219.59,181.6,20,9,0,Monday,5,637,8,advance fee,en,Bill pay kiosk,0
b4d2faaa-87aa-4893-a8eb-5d8e6e67e572,synth_efaa4eff5728,unbanked,tabddpm_synthetic,,['en'],advance fee,2024-04-23T00:38:00+00:00,10.0,0.0,20,0,0,Monday,90,650,26,advance fee,en,Bill pay kiosk,0
c05abca8-fa88-474a-bf96-db60227699a7,synth_3f2263a6dcc0,unbanked,tabddpm_synthetic,,['en'],advance fee,2024-08-04T00:49:00+00:00,3000.0,1500.0,60,0,0,Monday,62,1,100,advance fee,en,Bill pay kiosk,0
855dd8e1-2178-414c-98f1-5c655424b998,synth_31462046445b,unbanked,tabddpm_synthetic,,['en'],advance fee,2024-01-17T09:45:00+00:00,597.44,72.71,20,9,0,Monday,76,2000,12,advance fee,en,Bill pay kiosk,0
cc1ee165-5e9b-4b5b-ac64-a7dc675d0f62,synth_9a25e26e242a,unbanked,tabddpm_synthetic,,['en'],advance fee,2024-05-17T11:25:00+00:00,10.0,0.0,20,11,0,Monday,90,1,40,advance fee,en,Bill pay kiosk,0
dbae0825-584f-4742-ad18-463f1a0185ca,synth_84eddbeb76a0,unbanked,tabddpm_synthetic,,['en'],advance fee,2024-03-10T00:47:00+00:00,543.95,0.0,20,0,6,Sunday,90,224,51,advance fee,en,Bill pay kiosk,0
260c103c-2720-4bda-add8-aa40b1c50a21,synth_6108fb02e45e,unbanked,tabddpm_synthetic,,['en'],advance fee,2024-09-17T23:47:00+00:00,3000.0,1500.0,20,23,6,Sunday,0,1,100,advance fee,en,Bill pay kiosk,0
1afb5408-278a-48a8-9d52-1d4a93e8af93,synth_839a62eedb31,unbanked,tabddpm_synthetic,,['en'],fake loan,2024-02-10T10:34:00+00:00,154.92,9.91,22,10,1,Tuesday,2,1314,5,fake loan,en,Bill pay kiosk,0
64ec4206-bdaf-4d17-8b1e-e52cf0efe0d3,synth_cd20bc3b6c60,unbanked,tabddpm_synthetic,,['en'],advance fee,2024-06-12T00:21:00+00:00,2456.51,210.23,20,0,0,Monday,10,1,21,advance fee,en,Bill pay kiosk,0
6981a8ee-667f-4cb4-a573-a1be0dae2880,synth_83c43ff2f616,unbanked,tabddpm_synthetic,,['en'],advance fee,2024-03-20T23:01:00+00:00,3000.0,1500.0,20,23,0,Monday,90,1,100,advance fee,en,Bill pay kiosk,0
ad127a05-0991-4e63-a0ec-e2186fc0e391,synth_473425c93d6e,unbanked,tabddpm_synthetic,,['en'],advance fee,2024-08-17T23:59:00+00:00,1362.0,26.17,20,23,6,Sunday,90,1,36,advance fee,en,Bill pay kiosk,0
4f9de4d8-735d-4e53-ade8-a2416f68cce0,synth_c836c1461335,unbanked,tabddpm_synthetic,,['en'],advance fee,2024-10-13T00:31:00+00:00,10.0,0.0,20,0,0,Monday,90,558,48,advance fee,en,Bill pay kiosk,1
fcf5583c-4b4c-449b-977f-b21fb0a98c15,synth_95d3b5e50fa4,unbanked,tabddpm_synthetic,,['en'],advance fee,2024-01-23T00:37:00+00:00,3000.0,466.85,60,0,0,Monday,26,1,73,advance fee,en,Bill pay kiosk,0
f9daa5b2-3673-456a-b1e2-18817b4c7af6,synth_af8bc2631654,unbanked,tabddpm_synthetic,,['en'],advance fee,2024-05-03T23:33:00+00:00,3000.0,1500.0,20,23,0,Monday,90,1,100,advance fee,en,Bill pay kiosk,0
39a60ac6-2062-4453-9133-18ffc629bdf5,synth_50f02d3f8b15,unbanked,tabddpm_synthetic,,['en'],advance fee,2024-03-09T23:28:00+00:00,3000.0,1500.0,20,23,6,Sunday,0,1,100,advance fee,en,Bill pay kiosk,0
02681f90-508c-42de-9ef6-70e5261e964b,synth_6ac02d710555,unbanked,tabddpm_synthetic,,['en'],advance fee,2024-04-08T00:18:00+00:00,325.65,39.79,20,0,0,Monday,0,1834,11,advance fee,en,Bill pay kiosk,0
d354d2a2-6134-4d67-a0f9-7838efb14379,synth_207f7e351052,unbanked,tabddpm_synthetic,,['en'],advance fee,2024-01-22T23:04:00+00:00,3000.0,1500.0,20,23,0,Monday,90,1,100,advance fee,en,Bill pay kiosk,0
3a15b132-c774-4934-8467-ad3812512703,synth_19d77d16119f,unbanked,tabddpm_synthetic,,['en'],advance fee,2024-12-23T11:15:00+00:00,496.59,31.99,20,11,0,Monday,47,1153,15,advance fee,en,Bill pay kiosk,1
77bfb2f7-5956-4424-9997-76c759e9119d,synth_e26133a72c28,unbanked,tabddpm_synthetic,,['en'],advance fee,2024-11-30T03:36:00+00:00,194.19,0.0,20,3,0,Monday,90,1434,18,advance fee,en,Bill pay kiosk,0
de9d526e-4663-4359-8549-9fe675ff1463,synth_8578b5352b5c,unbanked,tabddpm_synthetic,,['en'],advance fee,2024-09-20T08:42:00+00:00,90.08,11.43,20,8,0,Monday,9,1307,4,advance fee,en,Bill pay kiosk,0
6d6dde82-d97d-4dda-b6b6-34ba74252559,synth_2b57fb0d9c34,unbanked,tabddpm_synthetic,,['en'],advance fee,2024-03-04T11:59:00+00:00,47.01,21.52,40,11,1,Tuesday,13,403,3,advance fee,en,Bill pay kiosk,0
06b9f89c-be70-4d53-8357-88d8f160e908,synth_c3ff4da0f820,unbanked,tabddpm_synthetic,,['en'],advance fee,2024-01-24T11:46:00+00:00,1756.48,143.12,20,11,3,Thursday,0,673,6,advance fee,en,Bill pay kiosk,0
5de8db33-4d51-4676-8c4c-480c0548b71d,synth_08b3534c0ec4,unbanked,tabddpm_synthetic,,['en'],advance fee,2024-06-21T15:48:00+00:00,597.18,73.77,28,15,1,Tuesday,17,762,1,advance fee,en,Bill pay kiosk,0
e2a3048a-1b42-4251-97e8-2302a83ba989,synth_e8d4bce87639,unbanked,tabddpm_synthetic,,['en'],advance fee,2024-09-12T10:10:00+00:00,16.84,15.02,20,10,0,Monday,24,2000,9,advance fee,en,Bill pay kiosk,0
5ecdbd27-6ff7-4c61-a4e5-dd07995082be,synth_ab21aa68033a,unbanked,tabddpm_synthetic,,['en'],advance fee,2024-11-10T18:21:00+00:00,708.07,25.94,23,18,0,Monday,0,386,9,advance fee,en,Bill pay kiosk,0
df89332f-f41d-4e0c-b4a7-61663d4af8ca,synth_2775635b8d04,unbanked,tabddpm_synthetic,,['en'],advance fee,2024-11-26T08:27:00+00:00,10.0,0.0,33,8,2,Wednesday,72,613,12,advance fee,en,Bill pay kiosk,0
fdc4f842-413f-4082-a3b2-edca7db97e9e,synth_44f7492e5380,unbanked,tabddpm_synthetic,,['en'],advance fee,2024-12-21T00:07:00+00:00,3000.0,687.37,60,0,0,Monday,5,1,87,advance fee,en,Bill pay kiosk,0
4d71afbf-79bc-4ff0-a72e-08b668d8a0db,synth_0ab1874e9620,unbanked,tabddpm_synthetic,,['en'],advance fee,2024-02-28T00:05:00+00:00,3000.0,1020.54,60,0,3,Thursday,0,1,100,advance fee,en,Bill pay kiosk,0
d569fd9e-4a6a-4ee6-98e1-d2b67763aec4,synth_701ea3b6a4c4,unbanked,tabddpm_synthetic,,['en'],advance fee,2024-03-17T11:08:00+00:00,10.0,0.0,20,11,0,Monday,90,1,57,advance fee,en,Bill pay kiosk,0
16ae520e-a01b-46d0-8ef3-6c5c898870a7,synth_3116471be69d,unbanked,tabddpm_synthetic,,['en'],advance fee,2024-12-08T06:37:00+00:00,10.0,0.0,20,6,0,Monday,90,1473,23,advance fee,en,Bill pay kiosk,0
0c96b1b5-8ad6-448f-8600-310e04a4f4c0,synth_56b1e7539490,unbanked,tabddpm_synthetic,,['en'],advance fee,2024-03-09T21:39:00+00:00,580.06,37.77,23,21,0,Monday,1,1,10,advance fee,en,Bill pay kiosk,0
c6098c5a-f567-489e-bdb6-37d0cfea5b78,synth_5172d1c808c3,unbanked,tabddpm_synthetic,,['en'],advance fee,2024-10-27T09:12:00+00:00,10.0,0.0,31,9,1,Tuesday,77,347,4,advance fee,en,Bill pay kiosk,0
3e34cdb9-31d3-4107-8842-9ebc68174a48,synth_ba755bc2a3bd,unbanked,tabddpm_synthetic,,['en'],advance fee,2024-08-07T15:32:00+00:00,3000.0,646.56,20,15,6,Sunday,0,1,100,advance fee,en,Bill pay kiosk,1
8f3d703a-6ddb-411d-bf28-b50924d4cc14,synth_b740f2214180,unbanked,tabddpm_synthetic,,['en'],advance fee,2024-07-31T04:09:00+00:00,64.27,31.67,20,4,2,Wednesday,6,2000,4,advance fee,en,Bill pay kiosk,0
de007c65-e2f2-4ada-9e74-0d3d9bfedd33,synth_7961f1f56d11,unbanked,tabddpm_synthetic,,['en'],advance fee,2024-06-01T08:47:00+00:00,192.77,76.21,20,8,0,Monday,38,1682,11,advance fee,en,Bill pay kiosk,0
d70f496a-1eee-4583-8ce9-55d9bd5b50e3,synth_b1303305f979,unbanked,tabddpm_synthetic,,['en'],advance fee,2024-03-29T00:39:00+00:00,10.0,0.0,20,0,0,Monday,57,690,12,advance fee,en,Bill pay kiosk,0
48d0eaeb-eefc-4fd1-bb3a-7b8503cb9942,synth_feff77e7f1eb,unbanked,tabddpm_synthetic,,['en'],advance fee,2024-08-21T23:31:00+00:00,3000.0,951.55,20,23,0,Monday,90,1,100,advance fee,en,Bill pay kiosk,0
924fce7a-58e5-4ef2-8120-2ff76f97782e,synth_11aeeb8089b9,unbanked,tabddpm_synthetic,,['en'],advance fee,2024-01-31T23:57:00+00:00,3000.0,1500.0,20,23,0,Monday,90,1,100,advance fee,en,Bill pay kiosk,0
a5735b6e-2afd-4e2a-9d49-a34acee148db,synth_e05bb4a66c3e,unbanked,tabddpm_synthetic,,['en'],advance fee,2024-01-04T23:37:00+00:00,3000.0,1500.0,20,23,0,Monday,57,1,100,advance fee,en,Bill pay kiosk,0
9269facc-54d4-42c4-9a00-ad37e758a5fc,synth_fd4452a65b67,unbanked,tabddpm_synthetic,,['en'],fake loan,2024-08-15T08:21:00+00:00,126.47,25.69,20,8,0,Monday,13,1178,8,fake loan,en,Bill pay kiosk,0
bfdced58-599b-4471-a998-737e89c62d42,synth_2a66c0f04877,unbanked,tabddpm_synthetic,,['en'],advance fee,2024-11-04T23:47:00+00:00,3000.0,587.25,20,23,0,Monday,16,1,15,advance fee,en,Bill pay kiosk,0
685e24d8-a4cd-4ade-864f-99803162cf2f,synth_c88b80483fe1,unbanked,tabddpm_synthetic,,['en'],advance fee,2024-05-07T06:13:00+00:00,224.23,15.16,38,6,1,Tuesday,37,828,6,advance fee,en,Bill pay kiosk,0
6799d21a-de43-4e02-a467-b9e80680b49a,synth_9ff4b722a868,unbanked,tabddpm_synthetic,,['en'],advance fee,2024-05-11T00:00:00+00:00,3000.0,680.53,58,0,0,Monday,6,1,94,advance fee,en,Bill pay kiosk,1
bf080881-745b-4355-8c13-d870ff432a2e,synth_e08e2202f848,unbanked,tabddpm_synthetic,,['en'],advance fee,2024-11-04T18:43:00+00:00,10.0,0.0,20,18,0,Monday,90,1,84,advance fee,en,Bill pay kiosk,0
49721a48-d7e7-4123-b3f5-db8558a8b609,synth_11285455c8c3,unbanked,tabddpm_synthetic,,['en'],advance fee,2024-03-23T06:59:00+00:00,124.29,0.0,20,6,4,Friday,90,146,20,advance fee,en,Bill pay kiosk,0
75fb9aa4-3596-45f3-94b3-c4331035644a,synth_770e54254779,unbanked,tabddpm_synthetic,,['en'],advance fee,2024-01-23T20:53:00+00:00,370.42,41.27,43,20,0,Monday,17,1,66,advance fee,en,Bill pay kiosk,1
26c26664-e6fe-4ab2-947d-f72748ac207d,synth_5c12fba5a7a6,unbanked,tabddpm_synthetic,,['en'],advance fee,2024-03-22T13:53:00+00:00,10.0,0.0,20,13,0,Monday,90,1,60,advance fee,en,Bill pay kiosk,0
88ec9feb-234c-47a0-b657-97507208f33e,synth_c4e44e7a0c72,unbanked,tabddpm_synthetic,,['en'],advance fee,2024-01-21T23:42:00+00:00,3000.0,1500.0,20,23,0,Monday,90,1,100,advance fee,en,Bill pay kiosk,1
486b5cab-0ad2-4230-b99c-b3f08e5146ab,synth_c33b5779e4a3,unbanked,tabddpm_synthetic,,['en'],fake loan,2024-08-16T10:17:00+00:00,257.04,32.18,30,10,4,Friday,5,376,6,fake loan,en,Bill pay kiosk,0
0d731f03-150d-41aa-9333-988a32ccb6b1,synth_c41f178de656,unbanked,tabddpm_synthetic,,['en'],advance fee,2024-06-22T11:55:00+00:00,406.93,97.13,20,11,1,Tuesday,27,1622,2,advance fee,en,Bill pay kiosk,0
ef28c39d-6b30-4693-b8fd-91b3608d0d5a,synth_a8d6f34c9653,unbanked,tabddpm_synthetic,,['en'],advance fee,2024-07-25T00:36:00+00:00,3000.0,237.62,45,0,0,Monday,9,1,34,advance fee,en,Bill pay kiosk,0
789716cb-e5ee-42f7-8495-c25841b81bb6,synth_fcca1a89858b,unbanked,tabddpm_synthetic,,['en'],advance fee,2024-09-19T15:18:00+00:00,203.97,25.68,20,15,3,Thursday,86,2000,11,advance fee,en,Bill pay kiosk,0
0933b151-b13f-4e8a-a7a4-8392d6d056d9,synth_4d4996d29080,unbanked,tabddpm_synthetic,,['en'],advance fee,2024-04-29T23:40:00+00:00,3000.0,1500.0,20,23,0,Monday,90,1,100,advance fee,en,Bill pay kiosk,0
4578a1d8-8941-48fe-bcd1-bb9ed8fa6761,synth_d7ed3c8d0cab,unbanked,tabddpm_synthetic,,['en'],advance fee,2024-01-05T16:19:00+00:00,3000.0,1489.49,20,16,6,Sunday,0,1,71,advance fee,en,Bill pay kiosk,0
86211e2c-6d58-462d-8017-be334334b209,synth_bff44882ef53,unbanked,tabddpm_synthetic,,['en'],advance fee,2024-04-03T14:41:00+00:00,145.84,22.04,22,14,0,Monday,0,431,4,advance fee,en,Bill pay kiosk,0
34889a86-f6b9-4b8c-b81a-215323afdd52,synth_0083282c68a4,unbanked,tabddpm_synthetic,,['en'],advance fee,2024-12-17T23:20:00+00:00,3000.0,1500.0,20,23,6,Sunday,0,1,100,advance fee,en,Bill pay kiosk,0
96fac868-8c98-48ed-bbc1-84ad50f2d271,synth_bd03ff5b94bb,unbanked,tabddpm_synthetic,,['en'],advance fee,2024-12-22T00:53:00+00:00,3000.0,1214.6,20,0,0,Monday,90,1,100,advance fee,en,Bill pay kiosk,0
992897f4-0aab-430d-bdf5-1ecdf3cbfbfa,synth_7fc8d85a38a6,unbanked,tabddpm_synthetic,,['en'],advance fee,2024-02-16T23:15:00+00:00,3000.0,1500.0,20,23,0,Monday,90,1,100,advance fee,en,Bill pay kiosk,1
996b677f-aec0-4540-a193-2048ae36ad2e,synth_a4c534209174,unbanked,tabddpm_synthetic,,['en'],advance fee,2024-07-30T00:42:00+00:00,3000.0,1500.0,20,0,6,Sunday,90,1,100,advance fee,en,Bill pay kiosk,0
4d02446f-9def-45a9-ba9b-ee347b5b8e8a,synth_f85415b090c6,unbanked,tabddpm_synthetic,,['en'],advance fee,2024-07-03T06:40:00+00:00,10.0,0.0,20,6,0,Monday,90,1,33,advance fee,en,Bill pay kiosk,0
a1d79ddb-b746-4854-8546-c4c11e7f0490,synth_a7a3744d437d,unbanked,tabddpm_synthetic,,['en'],advance fee,2024-12-21T00:10:00+00:00,1216.57,94.4,20,0,0,Monday,0,849,14,advance fee,en,Bill pay kiosk,0
214782fe-45a0-4a12-ae29-03f916270402,synth_ea9dc31a2950,unbanked,tabddpm_synthetic,,['en'],advance fee,2024-11-22T06:08:00+00:00,165.97,33.15,34,6,0,Monday,10,1318,6,advance fee,en,Bill pay kiosk,0
d6fa9c5f-be95-4335-9ec1-ab457731c9a0,synth_2a12ae6fe92a,unbanked,tabddpm_synthetic,,['es'],advance fee,2024-04-11T10:40:00+00:00,45.68,7.95,31,10,0,Monday,5,1123,5,advance fee,es,Bill pay kiosk,0
5ff50941-8e0f-4beb-bd1c-390ee63f71ed,synth_39b2767ed58b,unbanked,tabddpm_synthetic,,['en'],advance fee,2024-07-02T15:49:00+00:00,462.48,68.55,20,15,2,Wednesday,6,597,3,advance fee,en,Bill pay kiosk,0
aa8deaeb-fec7-4f8c-bfc1-61cba44aba94,synth_e20a332c2c74,unbanked,tabddpm_synthetic,,['en'],advance fee,2024-10-08T10:15:00+00:00,10.0,0.0,20,10,0,Monday,90,1,24,advance fee,en,Bill pay kiosk,0
4ebc7cde-befe-4881-94cf-d9b7d1c9f42a,synth_72fd4423295e,unbanked,tabddpm_synthetic,,['en'],advance fee,2024-10-23T05:38:00+00:00,386.8,11.65,47,5,0,Monday,0,1385,6,advance fee,en,Bill pay kiosk,0
8108479a-945a-4305-801d-5833ac136818,synth_c724a04c19cb,unbanked,tabddpm_synthetic,,['en'],advance fee,2024-06-05T23:20:00+00:00,3000.0,1500.0,20,23,0,Monday,90,1,100,advance fee,en,Bill pay kiosk,0
a4d0ee4f-b367-4e68-9b2e-cf832c1cd600,synth_3b8702133dec,unbanked,tabddpm_synthetic,,['en'],advance fee,2024-12-23T23:36:00+00:00,3000.0,1500.0,20,23,0,Monday,90,1,100,advance fee,en,Bill pay kiosk,0
ab6b2eef-85f5-4637-b5a4-c879932f8f59,synth_81d32c27fb75,unbanked,tabddpm_synthetic,,['en'],advance fee,2024-09-10T10:52:00+00:00,10.0,0.0,20,10,0,Monday,90,1,31,advance fee,en,Bill pay kiosk,0
ed5d0fc9-472b-45e1-92d5-d1b3e91603f2,synth_2ba60e28a439,unbanked,tabddpm_synthetic,,['en'],advance fee,2024-03-10T23:11:00+00:00,3000.0,1500.0,20,23,6,Sunday,0,1,100,advance fee,en,Bill pay kiosk,0
f4b69682-bd05-4be7-917c-3ceba1901d4a,synth_d479ef85b585,unbanked,tabddpm_synthetic,,['en'],advance fee,2024-04-01T08:06:00+00:00,582.03,34.39,24,8,0,Monday,13,1946,4,advance fee,en,Bill pay kiosk,0
7b649c5f-09d7-4aa2-8639-595eeee624f4,synth_e8d11461427d,unbanked,tabddpm_synthetic,,['en'],advance fee,2024-01-21T11:41:00+00:00,384.82,44.42,29,11,0,Monday,4,1,5,advance fee,en,Bill pay kiosk,0
57091ceb-82c3-42c4-98a9-d9e246eb01a1,synth_7a3bb1974d18,unbanked,tabddpm_synthetic,,['en'],advance fee,2024-03-04T03:05:00+00:00,10.0,0.0,20,3,0,Monday,90,1010,20,advance fee,en,Bill pay kiosk,0
71e27958-7899-4d33-b263-a294e4365dc3,synth_41f7a40d0470,unbanked,tabddpm_synthetic,,['en'],advance fee,2024-03-20T10:36:00+00:00,481.11,42.94,20,10,0,Monday,19,1320,1,advance fee,en,Bill pay kiosk,0
0150e31e-7e93-4f95-abc6-ee97e8945e5a,synth_3d3063f5d8f4,unbanked,tabddpm_synthetic,,['en'],advance fee,2024-09-12T12:13:00+00:00,85.76,0.0,20,12,6,Sunday,90,362,24,advance fee,en,Bill pay kiosk,0
2d5b392b-8999-48b5-8c51-c4579d823a26,synth_2f29d749fece,unbanked,tabddpm_synthetic,,['en'],advance fee,2024-04-08T10:20:00+00:00,259.51,63.0,20,10,0,Monday,41,2000,5,advance fee,en,Bill pay kiosk,0
0721ef70-84a9-4f3e-89f7-d839a2b3b66c,synth_ce452cb76b5f,unbanked,tabddpm_synthetic,,['en'],advance fee,2024-05-13T23:40:00+00:00,3000.0,1500.0,20,23,0,Monday,90,1,100,advance fee,en,Bill pay kiosk,0
a88f9e1b-fed4-4a23-8158-6999d695c3fb,synth_5934d1e8e19b,unbanked,tabddpm_synthetic,,['en'],advance fee,2024-09-25T23:37:00+00:00,3000.0,1500.0,20,23,0,Monday,90,1,100,advance fee,en,Bill pay kiosk,0
a1655695-b654-40bb-83f1-51198132d1c4,synth_d6d622fc515b,unbanked,tabddpm_synthetic,,['en'],advance fee,2024-10-29T09:09:00+00:00,225.73,49.48,29,9,2,Wednesday,4,305,1,advance fee,en,Bill pay kiosk,0
a4b0f4a1-281a-4e14-b210-2f423841e870,synth_e7fada3b1b3d,unbanked,tabddpm_synthetic,,['en'],advance fee,2024-01-17T23:55:00+00:00,3000.0,1500.0,20,23,0,Monday,90,1,100,advance fee,en,Bill pay kiosk,0
18a40e43-4632-4369-8bed-958e5711b11b,synth_751ebd68aba7,unbanked,tabddpm_synthetic,,['en'],advance fee,2024-02-12T15:28:00+00:00,216.35,16.32,41,15,0,Monday,3,759,6,advance fee,en,Bill pay kiosk,0
c729bb79-c6bf-4815-824c-272c2ea8206f,synth_9f660f282bd1,unbanked,tabddpm_synthetic,,['en'],advance fee,2024-12-28T23:02:00+00:00,3000.0,1500.0,60,23,0,Monday,0,1,100,advance fee,en,Bill pay kiosk,1
4ec4d901-d1df-414b-99f2-cf4aa1697b5f,synth_768c5c0c4978,unbanked,tabddpm_synthetic,,['en'],advance fee,2024-05-24T11:30:00+00:00,3000.0,1179.1,32,11,0,Monday,16,1,33,advance fee,en,Bill pay kiosk,0
3b322b80-3231-4288-b11f-19acfd118a8f,synth_cdbea049043a,unbanked,tabddpm_synthetic,,['en'],advance fee,2024-01-08T23:53:00+00:00,3000.0,1500.0,20,23,6,Sunday,0,1,100,advance fee,en,Bill pay kiosk,0
aa05e6ce-8dc1-4f0e-b315-e2df86114a40,synth_2706ec2364f2,unbanked,tabddpm_synthetic,,['en'],advance fee,2024-11-04T00:19:00+00:00,337.84,29.11,29,0,0,Monday,0,2000,8,advance fee,en,Bill pay kiosk,0
9369d738-06f4-4933-9989-26bb617ccbe3,synth_5b3db5fd8350,unbanked,tabddpm_synthetic,,['en'],advance fee,2024-08-28T01:31:00+00:00,3000.0,135.0,45,1,0,Monday,4,1,18,advance fee,en,Bill pay kiosk,0
36be0c6f-afee-47c6-a130-4b41e1b0af79,synth_6b9acfba462a,unbanked,tabddpm_synthetic,,['en'],advance fee,2024-08-23T23:32:00+00:00,3000.0,1500.0,60,23,0,Monday,0,1,100,advance fee,en,Bill pay kiosk,0
8dbf6809-1548-4ec7-b830-c43549b26ea4,synth_5a85fb6a1e52,unbanked,tabddpm_synthetic,,['en'],advance fee,2024-01-10T00:58:00+00:00,147.05,0.0,27,0,0,Monday,78,665,4,advance fee,en,Bill pay kiosk,0
5abd74e7-35df-4f57-bc25-d266aa7de940,synth_99e7976f0740,unbanked,tabddpm_synthetic,,['en'],advance fee,2024-12-14T23:05:00+00:00,3000.0,1500.0,20,23,6,Sunday,0,1,100,advance fee,en,Bill pay kiosk,0
133a8c6f-61d1-474d-8c45-944b2499d4f5,synth_4845ff7f978f,unbanked,tabddpm_synthetic,,['en'],advance fee,2024-12-29T23:29:00+00:00,3000.0,1500.0,20,23,0,Monday,90,1,100,advance fee,en,Bill pay kiosk,0
c2f15933-e922-4c20-8a09-0b66582c6c7a,synth_322b1516d182,unbanked,tabddpm_synthetic,,['en'],advance fee,2024-07-22T23:06:00+00:00,3000.0,1500.0,20,23,6,Sunday,0,1,74,advance fee,en,Bill pay kiosk,0
c5595ab5-ae06-4216-813e-01eb5cc22574,synth_50697e685567,unbanked,tabddpm_synthetic,,['en'],advance fee,2024-06-16T00:16:00+00:00,3000.0,1500.0,60,0,0,Monday,90,1,100,advance fee,en,Bill pay kiosk,0
bfdb6f23-09bf-407d-aafa-79b0b400adb9,synth_e0103671925f,unbanked,tabddpm_synthetic,,['en'],advance fee,2024-09-15T02:06:00+00:00,484.72,23.05,60,2,0,Monday,0,1923,8,advance fee,en,Bill pay kiosk,0
248e201f-daf4-4efd-b89f-4271ab23e263,synth_76b09216114f,unbanked,tabddpm_synthetic,,['en'],advance fee,2024-02-24T16:54:00+00:00,333.9,43.86,20,16,6,Sunday,6,2000,4,advance fee,en,Bill pay kiosk,0
20ad730c-a13e-4305-9b10-0b2aba3ffc37,synth_e3ba675f37ab,unbanked,tabddpm_synthetic,,['en'],advance fee,2024-01-08T09:52:00+00:00,171.32,72.6,21,9,1,Tuesday,41,857,8,advance fee,en,Bill pay kiosk,0
6fa49f5c-5bf2-40f8-bacd-5445272b37ef,synth_8f9ad7910baa,unbanked,tabddpm_synthetic,,['en'],advance fee,2024-01-11T00:33:00+00:00,696.37,81.85,20,0,0,Monday,85,1300,25,advance fee,en,Bill pay kiosk,0
181022b9-45fa-4537-ab3f-40751511acae,synth_5299b6310fc0,unbanked,tabddpm_synthetic,,['en'],advance fee,2024-07-13T13:03:00+00:00,36.14,33.74,20,13,0,Monday,0,263,8,advance fee,en,Bill pay kiosk,0
0cf0d657-9149-4d2c-a6ef-440ac6c8c782,synth_446636cbb09b,unbanked,tabddpm_synthetic,,['en'],advance fee,2024-05-01T00:15:00+00:00,1415.42,127.47,20,0,0,Monday,90,1727,19,advance fee,en,Bill pay kiosk,0
2cde4500-3c96-42b0-b114-bcf475325592,synth_6ee530b8a74c,unbanked,tabddpm_synthetic,,['en'],advance fee,2024-11-15T23:39:00+00:00,3000.0,1500.0,20,23,6,Sunday,0,1,100,advance fee,en,Bill pay kiosk,0
3cc4ea27-5910-4209-91c5-87589b8d2945,synth_7fbfd3d868c6,unbanked,tabddpm_synthetic,,['en'],advance fee,2024-05-08T01:00:00+00:00,3000.0,1500.0,20,1,6,Sunday,0,1,65,advance fee,en,Bill pay kiosk,0
6a864f65-93ad-48df-8536-32087a5fcc32,synth_222e6c3d1e11,unbanked,tabddpm_synthetic,,['en'],advance fee,2024-03-26T09:00:00+00:00,304.17,23.01,20,9,0,Monday,17,1863,6,advance fee,en,Bill pay kiosk,0
22c42189-491d-4e09-aa7d-5653b7687d33,synth_50d94a6ec1e6,unbanked,tabddpm_synthetic,,['en'],advance fee,2024-04-30T05:41:00+00:00,2241.66,251.8,38,5,0,Monday,27,1364,7,advance fee,en,Bill pay kiosk,0
d2278475-2228-4497-be08-65eb37628c3d,synth_e03c5bb0e7cf,unbanked,tabddpm_synthetic,,['en'],advance fee,2024-12-29T00:32:00+00:00,288.64,38.69,26,0,0,Monday,0,2000,8,advance fee,en,Bill pay kiosk,0
81dfb38c-f0d9-4507-8f5a-d2b1b52de8ee,synth_9cdd36e0dc67,unbanked,tabddpm_synthetic,,['en'],advance fee,2024-02-07T23:26:00+00:00,3000.0,1500.0,20,23,6,Sunday,0,1,100,advance fee,en,Bill pay kiosk,1
1753447d-d259-4daf-b2ed-2f58207df313,synth_b5da9e217646,unbanked,tabddpm_synthetic,,['en'],advance fee,2024-03-18T00:44:00+00:00,3000.0,1500.0,20,0,0,Monday,90,1,100,advance fee,en,Bill pay kiosk,0
86e9acfd-91a9-4029-8fe4-312cc733ef09,synth_b4821b873b6d,unbanked,tabddpm_synthetic,,['en'],advance fee,2024-08-19T11:49:00+00:00,1155.91,73.09,30,11,4,Friday,8,365,2,advance fee,en,Bill pay kiosk,0
cf260666-3f11-48ea-911d-41506ca16934,synth_fc6cbbc3eee3,unbanked,tabddpm_synthetic,,['en'],advance fee,2024-01-07T00:22:00+00:00,2316.42,139.93,23,0,3,Thursday,50,1,60,advance fee,en,Bill pay kiosk,0
0b9563ca-2b58-4390-98dc-404763f37206,synth_a41d8327f7ad,unbanked,tabddpm_synthetic,,['en'],advance fee,2024-09-14T16:31:00+00:00,496.39,95.32,20,16,0,Monday,15,1557,5,advance fee,en,Bill pay kiosk,0
0c721a25-ebda-4472-9b19-69db8765ff71,synth_439f0f3b8f8c,unbanked,tabddpm_synthetic,,['en'],advance fee,2024-11-25T17:02:00+00:00,1104.64,68.2,54,17,0,Monday,3,1725,16,advance fee,en,Bill pay kiosk,0
35296e08-3cce-46d9-b799-57285a8c759b,synth_bbc40141b1ac,unbanked,tabddpm_synthetic,,['en'],advance fee,2024-06-22T23:03:00+00:00,3000.0,1500.0,60,23,0,Monday,0,1,100,advance fee,en,Bill pay kiosk,0
66a00712-ea30-43bc-83dc-781aacd91a98,synth_e42a956e478a,unbanked,tabddpm_synthetic,,['en'],advance fee,2024-06-21T10:59:00+00:00,500.37,29.58,26,10,0,Monday,6,746,8,advance fee,en,Bill pay kiosk,0
b986ba14-5ee6-4e21-bc98-6b421b51eaf4,synth_503fe265eb85,unbanked,tabddpm_synthetic,,['en'],advance fee,2024-05-15T23:02:00+00:00,3000.0,1500.0,20,23,1,Tuesday,79,1,100,advance fee,en,Bill pay kiosk,0
a2261d7e-f368-4c4e-98a3-8983d763911d,synth_c183f690ab5a,unbanked,tabddpm_synthetic,,['en'],advance fee,2024-08-19T02:53:00+00:00,10.0,0.0,20,2,3,Thursday,90,866,11,advance fee,en,Bill pay kiosk,0
2dca9bb9-aa9e-4782-8f05-25bdf05c58e8,synth_5d12595c35d1,unbanked,tabddpm_synthetic,,['en'],advance fee,2024-04-14T23:07:00+00:00,3000.0,1500.0,20,23,0,Monday,90,1,100,advance fee,en,Bill pay kiosk,0
9bef1711-753f-4049-a2ea-a92fb4f3fe0f,synth_b136132093c3,unbanked,tabddpm_synthetic,,['en'],advance fee,2024-07-27T23:25:00+00:00,3000.0,1500.0,60,23,0,Monday,90,1,100,advance fee,en,Bill pay kiosk,0
5041b3d9-6708-4ab6-93d1-c2b2336effe1,synth_c10779f4c2f9,unbanked,tabddpm_synthetic,,['en'],advance fee,2024-02-08T05:08:00+00:00,109.79,7.65,59,5,1,Tuesday,11,295,4,advance fee,en,Bill pay kiosk,0
6a7f1223-6ce5-4ec9-bfc0-68c69ac42925,synth_c219308a4945,unbanked,tabddpm_synthetic,,['en'],advance fee,2024-08-16T12:35:00+00:00,69.14,0.0,20,12,6,Sunday,90,1,66,advance fee,en,Bill pay kiosk,0
42704177-f700-4a66-b5c0-e5d8fa9bd69f,synth_e3187f90726f,unbanked,tabddpm_synthetic,,['en'],advance fee,2024-03-01T00:12:00+00:00,3000.0,798.61,60,0,0,Monday,2,1,100,advance fee,en,Bill pay kiosk,0
75a19fa6-05a8-4597-ab24-3f8af7d96638,synth_0e464100ad03,unbanked,tabddpm_synthetic,,['en'],advance fee,2024-07-16T23:54:00+00:00,3000.0,1500.0,20,23,0,Monday,90,1,100,advance fee,en,Bill pay kiosk,0
3a96fe41-0c40-4b9a-8b57-af023c0ed453,synth_2a8761341182,unbanked,tabddpm_synthetic,,['en'],advance fee,2024-11-13T07:16:00+00:00,279.9,23.42,20,7,3,Thursday,0,1716,6,advance fee,en,Bill pay kiosk,0
7695e033-56a6-4b54-be3c-449831ca39af,synth_139c373efe4a,unbanked,tabddpm_synthetic,,['en'],advance fee,2024-05-11T23:54:00+00:00,3000.0,1500.0,20,23,0,Monday,90,1,100,advance fee,en,Bill pay kiosk,1
70f261d1-5048-470c-9929-3145b84e97bb,synth_f7dfc15898a1,unbanked,tabddpm_synthetic,,['en'],advance fee,2024-03-11T08:42:00+00:00,490.18,91.42,20,8,0,Monday,23,2000,1,advance fee,en,Bill pay kiosk,0
aae8e09a-5eb1-48bb-9661-7ed828a9dece,synth_f95e3cd5f95a,unbanked,tabddpm_synthetic,,['en'],advance fee,2024-04-30T23:06:00+00:00,3000.0,1500.0,20,23,0,Monday,90,1,100,advance fee,en,Bill pay kiosk,0
137c1ea2-5e5a-416c-a348-1cc955cf299f,synth_ef4a9d7e9e1d,unbanked,tabddpm_synthetic,,['en'],advance fee,2024-04-30T10:49:00+00:00,857.91,70.74,20,10,0,Monday,2,1,8,advance fee,en,Bill pay kiosk,0
715d3e2a-919a-464f-a3ca-bc812a882625,synth_f74397e134c7,unbanked,tabddpm_synthetic,,['en'],advance fee,2024-06-04T23:33:00+00:00,3000.0,1500.0,20,23,0,Monday,90,1,100,advance fee,en,Bill pay kiosk,0
df04ffca-912f-48c5-9dfe-c46029cc0543,synth_b08d9ce80a7b,unbanked,tabddpm_synthetic,,['en'],advance fee,2024-04-14T10:36:00+00:00,526.74,11.43,40,10,0,Monday,7,1777,1,advance fee,en,Bill pay kiosk,0
6d8938ef-0fb6-4bfe-b1e1-5f90147267af,synth_0d85d526c2ea,unbanked,tabddpm_synthetic,,['en'],advance fee,2024-02-28T23:27:00+00:00,3000.0,1500.0,20,23,6,Sunday,0,1,100,advance fee,en,Bill pay kiosk,0
fa7c6aad-5a0f-4414-8cd4-6ff576946e78,synth_9b9b7fb5010b,unbanked,tabddpm_synthetic,,['en'],advance fee,2024-02-09T02:55:00+00:00,3000.0,1500.0,60,2,0,Monday,18,1,100,advance fee,en,Bill pay kiosk,1
19a28779-bede-43a9-ae02-40ee9dbf854f,synth_dfba95ac4324,unbanked,tabddpm_synthetic,,['en'],advance fee,2024-01-01T09:21:00+00:00,190.96,11.02,27,9,0,Monday,1,765,3,advance fee,en,Bill pay kiosk,0
021dbb9b-ba92-4ae0-b337-b4a091a615a1,synth_043a8c5d8779,unbanked,tabddpm_synthetic,,['en'],advance fee,2024-08-03T02:19:00+00:00,378.76,38.85,20,2,0,Monday,0,2000,9,advance fee,en,Bill pay kiosk,0
9d0efb4f-04e4-44c6-ba5e-94333be7831c,synth_203f7381568b,unbanked,tabddpm_synthetic,,['en'],advance fee,2024-12-20T13:02:00+00:00,317.3,59.05,20,13,0,Monday,29,1964,6,advance fee,en,Bill pay kiosk,0
96aeb0dc-3292-4bc1-9f24-6ad5b9e2e4f2,synth_a9f7fb580e37,unbanked,tabddpm_synthetic,,['en'],advance fee,2024-05-24T00:04:00+00:00,1822.77,134.36,55,0,0,Monday,5,521,1,advance fee,en,Bill pay kiosk,0
a1b6e4f3-f3d7-4202-8fbb-18591ee4f5d2,synth_8325dc957ab4,unbanked,tabddpm_synthetic,,['en'],advance fee,2024-12-10T00:35:00+00:00,456.57,24.59,20,0,0,Monday,82,2000,16,advance fee,en,Bill pay kiosk,0
91162bb2-55a5-4c84-9efe-afad0e63edf7,synth_7da8bc850cab,unbanked,tabddpm_synthetic,,['en'],advance fee,2024-11-29T00:56:00+00:00,223.04,34.23,21,0,0,Monday,0,2000,10,advance fee,en,Bill pay kiosk,0
74b2fb60-b720-4422-892a-ba9473374233,synth_3bb7c65abacc,unbanked,tabddpm_synthetic,,['en'],advance fee,2024-02-08T00:41:00+00:00,3000.0,1500.0,20,0,0,Monday,90,1,100,advance fee,en,Bill pay kiosk,0
b616bf3d-c69a-49ad-8f91-0a8cf2e0bcfc,synth_927479fe59e3,unbanked,tabddpm_synthetic,,['en'],advance fee,2024-12-20T23:58:00+00:00,3000.0,1500.0,20,23,0,Monday,90,1,100,advance fee,en,Bill pay kiosk,0
55862a3d-a7e1-4131-86d1-2b511400be71,synth_5a16d3a5aab6,unbanked,tabddpm_synthetic,,['en'],advance fee,2024-03-23T02:37:00+00:00,277.78,23.44,23,2,0,Monday,0,641,12,advance fee,en,Bill pay kiosk,0
cc546f62-9725-40c5-878c-c9ebfb304b6b,synth_d5829197a7dd,unbanked,tabddpm_synthetic,,['en'],advance fee,2024-11-26T06:33:00+00:00,84.34,2.21,20,6,0,Monday,3,1088,12,advance fee,en,Bill pay kiosk,0
2e5c1c03-2b3f-4ef0-a480-c7130949cc14,synth_2fc80362627a,unbanked,tabddpm_synthetic,,['en'],advance fee,2024-05-13T00:29:00+00:00,1266.73,138.56,20,0,0,Monday,0,428,9,advance fee,en,Bill pay kiosk,0
7c5c5ba9-2ece-4e44-a425-1c5ee2a1484f,synth_11a8ba2d6593,unbanked,tabddpm_synthetic,,['en'],advance fee,2024-02-18T17:50:00+00:00,235.98,0.0,20,17,0,Monday,90,1,46,advance fee,en,Bill pay kiosk,0
b2296823-583c-445b-86a3-7bb729dfa4bf,synth_b5e85dc2b310,unbanked,tabddpm_synthetic,,['en'],advance fee,2024-06-24T11:36:00+00:00,267.67,34.11,20,11,0,Monday,19,2000,5,advance fee,en,Bill pay kiosk,0
6bb90e46-2124-4ed9-a760-63af1415f9c0,synth_1ecbc63e6987,unbanked,tabddpm_synthetic,,['en'],advance fee,2024-09-30T23:56:00+00:00,3000.0,1500.0,20,23,6,Sunday,0,1,100,advance fee,en,Bill pay kiosk,0
a3349738-b6fa-4397-a077-fd105bda5525,synth_9fe3b06cebe5,unbanked,tabddpm_synthetic,,['en'],advance fee,2024-11-16T23:46:00+00:00,3000.0,1500.0,20,23,0,Monday,90,1,100,advance fee,en,Bill pay kiosk,1
8ed8fc10-6eb7-409f-8b83-e7b8477abfd3,synth_b166b945c2c5,unbanked,tabddpm_synthetic,,['en'],advance fee,2024-07-04T11:59:00+00:00,764.88,49.31,20,11,0,Monday,11,102,0,advance fee,en,Bill pay kiosk,0
d44cc0aa-eb5b-4531-bfc5-fa2409f54add,synth_9ff3a44f8191,unbanked,tabddpm_synthetic,,['en'],advance fee,2024-12-25T16:22:00+00:00,3000.0,571.31,20,16,1,Tuesday,43,1,18,advance fee,en,Bill pay kiosk,0
b06b4755-0117-4ece-bc0a-8e8618a8d3db,synth_c7b9d39dbc6c,unbanked,tabddpm_synthetic,,['en'],advance fee,2024-05-19T03:54:00+00:00,439.92,11.46,20,3,0,Monday,0,1037,6,advance fee,en,Bill pay kiosk,0
fe7e9993-26c0-4121-8db7-dfbbbd7cca73,synth_9b59ab5e409e,unbanked,tabddpm_synthetic,,['en'],advance fee,2024-06-22T06:18:00+00:00,13.71,0.0,28,6,0,Monday,5,1838,7,advance fee,en,Bill pay kiosk,0
8416ea8f-c243-449e-8c4b-e7d11eb24774,synth_c4f0f8b0165b,unbanked,tabddpm_synthetic,,['en'],advance fee,2024-11-08T23:51:00+00:00,3000.0,1500.0,20,23,0,Monday,90,1,100,advance fee,en,Bill pay kiosk,0
0f86a5df-1d7e-4dc0-bb80-165e8b440f90,synth_f8aca2f3cfeb,unbanked,tabddpm_synthetic,,['en'],advance fee,2024-08-16T00:48:00+00:00,708.27,56.93,20,0,0,Monday,0,2000,22,advance fee,en,Bill pay kiosk,1
11df7f7c-34f2-45da-8f71-490fecbe25ec,synth_80254941d200,unbanked,tabddpm_synthetic,,['en'],advance fee,2024-07-18T00:37:00+00:00,3000.0,1500.0,47,0,0,Monday,90,1,100,advance fee,en,Bill pay kiosk,1
df7374a0-e324-4027-95f7-2e751dcb2b28,synth_e378f90368d1,unbanked,tabddpm_synthetic,,['en'],advance fee,2024-06-19T14:34:00+00:00,412.65,23.91,20,14,0,Monday,2,1359,3,advance fee,en,Bill pay kiosk,0
11dfeb8d-553d-4d07-9a91-ca4dca9c0502,synth_2839b65b9d1d,unbanked,tabddpm_synthetic,,['en'],advance fee,2024-09-24T11:43:00+00:00,690.57,69.8,20,11,3,Thursday,6,1337,14,advance fee,en,Bill pay kiosk,0
7a336b77-1aef-4e83-adcd-29968523d75f,synth_6a63bc7da5e7,unbanked,tabddpm_synthetic,,['en'],advance fee,2024-11-04T23:28:00+00:00,3000.0,1500.0,60,23,0,Monday,0,1,100,advance fee,en,Bill pay kiosk,0
1b1f8b8a-8033-49c6-950e-fd8bfbd5d025,synth_15f34c1444cd,unbanked,tabddpm_synthetic,,['en'],advance fee,2024-04-22T14:20:00+00:00,328.94,42.56,20,14,4,Friday,6,604,5,advance fee,en,Bill pay kiosk,0
ef66dd2b-f91c-430f-8170-d5b09d3fe857,synth_69ad1b09e1db,unbanked,tabddpm_synthetic,,['en'],advance fee,2024-10-30T23:11:00+00:00,3000.0,1500.0,20,23,0,Monday,90,1,100,advance fee,en,Bill pay kiosk,0
5561be96-08eb-4fc2-a989-56a7d2216ba9,synth_50e31de2ea1e,unbanked,tabddpm_synthetic,,['en'],advance fee,2024-03-13T14:22:00+00:00,331.17,32.2,34,14,0,Monday,10,1746,6,advance fee,en,Bill pay kiosk,0
eea98dce-3cac-4c8b-899d-f75a1bb6419b,synth_1a0833bada91,unbanked,tabddpm_synthetic,,['en'],advance fee,2024-12-09T00:36:00+00:00,3000.0,1500.0,20,0,6,Sunday,0,1,100,advance fee,en,Bill pay kiosk,0
69b95b9e-6762-4a1f-ad8c-d7ed9b35b73d,synth_35af5c0fc22d,unbanked,tabddpm_synthetic,,['en'],advance fee,2024-07-27T00:04:00+00:00,3000.0,817.54,39,0,0,Monday,0,1,64,advance fee,en,Bill pay kiosk,0
2195f7ee-f618-4fe2-9406-cc9fbf81cb72,synth_a4c37aeab2bb,unbanked,tabddpm_synthetic,,['en'],advance fee,2024-07-05T23:57:00+00:00,3000.0,1500.0,20,23,0,Monday,90,1,100,advance fee,en,Bill pay kiosk,0
1af388c1-8319-438c-b3f2-897573987cab,synth_b21d5a0bb271,unbanked,tabddpm_synthetic,,['en'],advance fee,2024-04-12T23:58:00+00:00,3000.0,1500.0,20,23,6,Sunday,31,1,100,advance fee,en,Bill pay kiosk,0
435ca89e-bd14-4dc8-8e4a-e99906b30e7a,synth_96d9cdff2bc5,unbanked,tabddpm_synthetic,,['en'],advance fee,2024-04-06T23:43:00+00:00,3000.0,1500.0,20,23,1,Tuesday,90,1,100,advance fee,en,Bill pay kiosk,0
5ccbb514-b546-4cc2-a71a-8855ca72b226,synth_dfcdf5053572,unbanked,tabddpm_synthetic,,['en'],advance fee,2024-07-06T12:00:00+00:00,54.28,37.81,20,12,0,Monday,42,1486,7,advance fee,en,Bill pay kiosk,0
8276fb4e-2e27-4b4d-9bb3-e1f83ad02282,synth_4717eb25bba9,unbanked,tabddpm_synthetic,,['en'],advance fee,2024-06-30T06:09:00+00:00,442.62,50.18,20,6,0,Monday,7,1066,12,advance fee,en,Bill pay kiosk,0
e665110e-9cf4-48f5-ae88-7898a0fd7e44,synth_b60317a1b83b,unbanked,tabddpm_synthetic,,['en'],advance fee,2024-04-13T00:31:00+00:00,934.56,95.27,20,0,0,Monday,0,1775,6,advance fee,en,Bill pay kiosk,0
b3d5d1f0-cd52-4ef4-8dbe-31e12622251a,synth_89a75bf5a2b2,unbanked,tabddpm_synthetic,,['en'],advance fee,2024-11-14T23:51:00+00:00,3000.0,1500.0,60,23,0,Monday,90,1,100,advance fee,en,Bill pay kiosk,1
86022cb0-990e-439c-a46d-638fec4f2ea3,synth_4b84a999f78e,unbanked,tabddpm_synthetic,,['en'],advance fee,2024-12-27T23:17:00+00:00,3000.0,1500.0,20,23,0,Monday,90,1,100,advance fee,en,Bill pay kiosk,0
26ce2543-48da-4175-88e6-62349e247ed2,synth_a10969ba373b,unbanked,tabddpm_synthetic,,['en'],advance fee,2024-03-06T05:45:00+00:00,281.19,0.0,46,5,0,Monday,9,1730,3,advance fee,en,Bill pay kiosk,0
02e15cf4-6c87-4758-9772-da2c29c314dc,synth_46f79f24c69f,unbanked,tabddpm_synthetic,,['en'],advance fee,2024-05-11T00:53:00+00:00,560.28,0.0,20,0,6,Sunday,90,309,48,advance fee,en,Bill pay kiosk,0
38b58d29-dfcc-4952-9aba-7c7666c7be51,synth_8546e3bff434,unbanked,tabddpm_synthetic,,['en'],advance fee,2024-10-18T20:21:00+00:00,120.37,0.0,38,20,0,Monday,0,1570,6,advance fee,en,Bill pay kiosk,0
3efa7dd1-f7aa-49df-aab1-d372289a416f,synth_4bf4ac98f75c,unbanked,tabddpm_synthetic,,['en'],advance fee,2024-12-09T23:32:00+00:00,3000.0,1500.0,20,23,0,Monday,90,1,100,advance fee,en,Bill pay kiosk,0
88885120-552a-488f-aad8-9fea3680243d,synth_2dcf00ea887f,unbanked,tabddpm_synthetic,,['en'],advance fee,2024-05-13T07:12:00+00:00,237.74,64.98,20,7,0,Monday,29,2000,4,advance fee,en,Bill pay kiosk,0
f4da84ac-4dd9-4033-99ca-f23d44259eb9,synth_14f9d6600a9c,unbanked,tabddpm_synthetic,,['en'],advance fee,2024-12-13T15:21:00+00:00,232.24,29.24,24,15,0,Monday,6,663,4,advance fee,en,Bill pay kiosk,0
5551cd16-8954-4783-a52f-aa10ba59294b,synth_0559a3679868,unbanked,tabddpm_synthetic,,['en'],advance fee,2024-06-14T13:55:00+00:00,3000.0,473.68,20,13,6,Sunday,0,1,14,advance fee,en,Bill pay kiosk,0
75fe7351-07c3-4220-9ccc-139f383f19ed,synth_f2f073d490c9,unbanked,tabddpm_synthetic,,['en'],advance fee,2024-10-28T23:11:00+00:00,3000.0,1500.0,20,23,0,Monday,90,1,100,advance fee,en,Bill pay kiosk,0
8a829dbe-cf41-445d-823b-afb6d82619f7,synth_da44bc9de7db,unbanked,tabddpm_synthetic,,['en'],fake loan,2024-11-27T13:53:00+00:00,175.68,0.0,23,13,0,Monday,9,1432,3,fake loan,en,Bill pay kiosk,0
d6526df2-70ef-43e0-bc4a-35c020bc6291,synth_09c72b1a3956,unbanked,tabddpm_synthetic,,['en'],advance fee,2024-07-22T01:01:00+00:00,10.0,0.0,20,1,0,Monday,90,6,27,advance fee,en,Bill pay kiosk,0
3455b06d-1582-4251-9211-444071ba5c3e,synth_db7517f01675,unbanked,tabddpm_synthetic,,['en'],advance fee,2024-02-11T00:47:00+00:00,678.46,69.82,60,0,0,Monday,0,922,8,advance fee,en,Bill pay kiosk,0
a60ebda5-98f1-48d6-8df7-d93c759333ae,synth_dc5fc8d54c0e,unbanked,tabddpm_synthetic,,['en'],advance fee,2024-07-15T23:39:00+00:00,3000.0,1500.0,20,23,6,Sunday,90,1,100,advance fee,en,Bill pay kiosk,0
c301258e-4b18-4268-9953-72e00348d3e9,synth_4158f758f7b7,unbanked,tabddpm_synthetic,,['en'],advance fee,2024-04-02T17:04:00+00:00,10.0,0.0,20,17,6,Sunday,90,707,12,advance fee,en,Bill pay kiosk,0
dd2202c5-2014-4a1b-80ee-96cbc18f0e68,synth_ae316f57a0d2,unbanked,tabddpm_synthetic,,['en'],advance fee,2024-05-05T14:23:00+00:00,283.22,51.25,20,14,5,Saturday,18,1749,8,advance fee,en,Bill pay kiosk,0
f4c666a3-7477-4bfc-9385-f3e6cac3b4cd,synth_1504f04b689c,unbanked,tabddpm_synthetic,,['en'],advance fee,2024-08-22T10:54:00+00:00,188.94,41.7,20,10,0,Monday,0,1333,7,advance fee,en,Bill pay kiosk,0
5dcd044b-829d-4a76-8524-79b185c57610,synth_fd01669b38f4,unbanked,tabddpm_synthetic,,['en'],advance fee,2024-02-09T00:49:00+00:00,10.0,20.06,30,0,0,Monday,0,2000,9,advance fee,en,Bill pay kiosk,0
d3ec29bc-349b-49f2-b637-b1ed350fc13b,synth_af5b6e9430d7,unbanked,tabddpm_synthetic,,['en'],advance fee,2024-07-24T00:13:00+00:00,3000.0,1500.0,60,0,0,Monday,90,1,100,advance fee,en,Bill pay kiosk,1
5ed5eaf1-9247-4c9e-8550-3ece6d6e3965,synth_d738def919c3,unbanked,tabddpm_synthetic,,['en'],advance fee,2024-08-22T00:50:00+00:00,397.15,24.74,36,0,0,Monday,0,45,6,advance fee,en,Bill pay kiosk,0
0e723e20-9669-44ad-ae13-36ca317f674e,synth_0da1117dc3ad,unbanked,tabddpm_synthetic,,['en'],advance fee,2024-07-15T00:01:00+00:00,347.61,33.43,20,0,0,Monday,29,1162,20,advance fee,en,Bill pay kiosk,1
45f245a8-fb6d-456d-b01e-8cb933b176c8,synth_f41672db2206,unbanked,tabddpm_synthetic,,['en'],advance fee,2024-12-23T10:26:00+00:00,3000.0,565.09,20,10,6,Sunday,0,355,9,advance fee,en,Bill pay kiosk,0
a6765ff6-ae8d-43b7-85e8-c2f5e8e8085f,synth_12974368b6c8,unbanked,tabddpm_synthetic,,['en'],advance fee,2024-05-10T10:51:00+00:00,10.0,0.0,33,10,0,Monday,88,1360,14,advance fee,en,Bill pay kiosk,0
0c0c2344-2939-4edb-9fcb-8bd49eeace6f,synth_7744af589fe6,unbanked,tabddpm_synthetic,,['en'],advance fee,2024-05-16T08:56:00+00:00,193.67,8.35,20,8,0,Monday,24,2000,8,advance fee,en,Bill pay kiosk,0
cb3b12fa-b65d-4177-bab4-43db7bae6b6f,synth_33bc22547c98,unbanked,tabddpm_synthetic,,['en'],advance fee,2024-07-28T10:17:00+00:00,10.0,0.0,22,10,0,Monday,90,1,6,advance fee,en,Bill pay kiosk,0
9a46d9a2-a11c-4d1d-ab03-5c56e3e9190c,synth_20610080adaa,unbanked,tabddpm_synthetic,,['en'],advance fee,2024-03-14T23:18:00+00:00,3000.0,1500.0,20,23,0,Monday,90,1,100,advance fee,en,Bill pay kiosk,0
356cfafc-5ba2-4674-980a-c0a5e8d046e2,synth_0ba889c5d598,unbanked,tabddpm_synthetic,,['en'],advance fee,2024-08-04T05:57:00+00:00,418.46,96.11,20,5,0,Monday,0,1,31,advance fee,en,Bill pay kiosk,1
67707ce3-c92d-449a-9191-8ade47847e46,synth_88b213328d1f,unbanked,tabddpm_synthetic,,['en'],advance fee,2024-08-16T00:10:00+00:00,3000.0,1500.0,60,0,0,Monday,0,1,100,advance fee,en,Bill pay kiosk,0
bb74d1cb-ec13-48a0-9dbb-05c7302aff67,synth_b15e6085baa5,unbanked,tabddpm_synthetic,,['en'],advance fee,2024-04-10T03:32:00+00:00,611.84,26.62,22,3,0,Monday,9,2000,6,advance fee,en,Bill pay kiosk,0
2daefa4a-1f77-45e0-b00a-7f7035479fc7,synth_a756900f89b1,unbanked,tabddpm_synthetic,,['en'],advance fee,2024-10-30T23:28:00+00:00,3000.0,1500.0,60,23,6,Sunday,0,1,100,advance fee,en,Bill pay kiosk,0
9783fc9d-e70d-4eae-a002-d5b72e2f20e9,synth_a5758eb26d4f,unbanked,tabddpm_synthetic,,['en'],advance fee,2024-06-27T00:36:00+00:00,10.0,0.0,20,0,0,Monday,90,418,47,advance fee,en,Bill pay kiosk,0
ccf3110e-f241-4250-b3af-129696054d99,synth_7e392833f7f2,unbanked,tabddpm_synthetic,,['en'],advance fee,2024-10-01T23:27:00+00:00,3000.0,1500.0,60,23,6,Sunday,0,1,100,advance fee,en,Bill pay kiosk,1
9d9532c9-cee8-426e-874b-6f631909d337,synth_df50049f7058,unbanked,tabddpm_synthetic,,['en'],advance fee,2024-05-11T00:36:00+00:00,382.88,60.13,20,0,0,Monday,1,2000,5,advance fee,en,Bill pay kiosk,0
b94e6218-7529-4381-bd7b-3e5356fd8071,synth_c6d7087d979c,unbanked,tabddpm_synthetic,,['en'],advance fee,2024-08-24T06:27:00+00:00,170.96,37.09,20,6,0,Monday,29,2000,7,advance fee,en,Bill pay kiosk,0
9de8943a-074b-4213-9fcc-dcd9961f2758,synth_3c0a525893f8,unbanked,tabddpm_synthetic,,['en'],advance fee,2024-06-08T23:40:00+00:00,403.26,0.0,20,23,0,Monday,90,1,100,advance fee,en,Bill pay kiosk,1
434f5d14-07ab-4efa-ba02-6b7798bd4823,synth_0452c728a49f,unbanked,tabddpm_synthetic,,['en'],advance fee,2024-12-05T13:27:00+00:00,736.9,83.65,44,13,0,Monday,16,1095,8,advance fee,en,Bill pay kiosk,0
05517f26-e685-476e-a3c5-0e85eed52fdf,synth_b23b510fc0b3,unbanked,tabddpm_synthetic,,['en'],advance fee,2024-06-29T23:58:00+00:00,3000.0,1500.0,20,23,6,Sunday,0,1,100,advance fee,en,Bill pay kiosk,0
ac7aa63f-71a9-4507-abd4-0f32080fa093,synth_a3ce55be619a,unbanked,tabddpm_synthetic,,['en'],advance fee,2024-02-04T06:22:00+00:00,231.5,26.38,20,6,0,Monday,28,1111,7,advance fee,en,Bill pay kiosk,0
95fbd6e9-7946-466a-94b1-0c130c56069b,synth_b29d42f6cf6b,unbanked,tabddpm_synthetic,,['en'],advance fee,2024-07-27T10:08:00+00:00,151.78,54.35,20,10,0,Monday,24,2000,5,advance fee,en,Bill pay kiosk,0
c2fadef4-1949-42fb-bf69-43578762c34b,synth_fab43fae8728,unbanked,tabddpm_synthetic,,['en'],advance fee,2024-08-08T23:12:00+00:00,3000.0,1398.02,20,23,0,Monday,15,1,41,advance fee,en,Bill pay kiosk,0
09a5eda1-ff61-49e7-9801-1eb3f59d3a7c,synth_ce7a190ac78a,unbanked,tabddpm_synthetic,,['en'],advance fee,2024-02-23T23:03:00+00:00,3000.0,1500.0,58,23,0,Monday,90,1,100,advance fee,en,Bill pay kiosk,0
e5b76708-776b-407f-b7ea-7d491dafd589,synth_92186e53ee01,unbanked,tabddpm_synthetic,,['en'],advance fee,2024-05-02T23:18:00+00:00,3000.0,1500.0,20,23,6,Sunday,90,1,100,advance fee,en,Bill pay kiosk,0
9536a001-5624-4f89-a233-48f9af77ed2d,synth_1d4adc9b6f6b,unbanked,tabddpm_synthetic,,['en'],advance fee,2024-05-08T09:50:00+00:00,1319.49,144.21,20,9,0,Monday,20,2000,5,advance fee,en,Bill pay kiosk,0
266eeded-282f-4b00-a749-2f5e731e4b73,synth_9aa5900ddab5,unbanked,tabddpm_synthetic,,['en'],advance fee,2024-05-10T23:57:00+00:00,3000.0,1500.0,20,23,0,Monday,90,1,100,advance fee,en,Bill pay kiosk,0
acc5c20c-899a-4f0c-bdf7-479af5e040f0,synth_be781a721ce8,unbanked,tabddpm_synthetic,,['en'],advance fee,2024-07-30T05:30:00+00:00,10.0,0.0,20,5,0,Monday,90,171,16,advance fee,en,Bill pay kiosk,0
238a839f-1d1a-4b02-ad88-200058d1f4a4,synth_18a4c5f30f3a,unbanked,tabddpm_synthetic,,['en'],advance fee,2024-02-06T06:43:00+00:00,205.53,0.0,60,6,0,Monday,0,1316,3,advance fee,en,Bill pay kiosk,0
daa43dc3-f879-46cc-9a7c-a43ac992bd45,synth_a3e8cdb262dc,unbanked,tabddpm_synthetic,,['en'],advance fee,2024-04-21T06:19:00+00:00,227.76,21.59,20,6,0,Monday,33,1225,5,advance fee,en,Bill pay kiosk,0
d6578a31-b544-468e-9bbb-d5b66b0930d6,synth_0111c8399f04,unbanked,tabddpm_synthetic,,['en'],advance fee,2024-12-02T23:04:00+00:00,3000.0,1500.0,20,23,6,Sunday,0,1,100,advance fee,en,Bill pay kiosk,0
e97315c9-e0a5-4588-8eea-4cb28d613cf3,synth_b904ce6df9cf,unbanked,tabddpm_synthetic,,['en'],advance fee,2024-02-29T00:56:00+00:00,3000.0,1500.0,20,0,0,Monday,90,1,100,advance fee,en,Bill pay kiosk,0
72b583a1-675c-4797-8e60-e65dde8bd96d,synth_b36dc15918ce,unbanked,tabddpm_synthetic,,['en'],fake loan,2024-05-17T04:57:00+00:00,10.0,0.0,20,4,0,Monday,33,2000,6,fake loan,en,Bill pay kiosk,0
2dd7953c-6c4f-4a4c-8ce2-bba332a3ff94,synth_233b54957653,unbanked,tabddpm_synthetic,,['en'],advance fee,2024-08-10T00:05:00+00:00,10.0,47.8,20,0,0,Monday,0,2000,13,advance fee,en,Bill pay kiosk,0
946899ad-4586-4d8c-9dd5-842ea0007f32,synth_8382a14a948c,unbanked,tabddpm_synthetic,,['en'],advance fee,2024-12-29T08:12:00+00:00,446.27,76.38,20,8,0,Monday,48,2000,7,advance fee,en,Bill pay kiosk,0
afcb6e47-ff52-4deb-9634-0f775d1a12da,synth_d098444fa3c2,unbanked,tabddpm_synthetic,,['en'],advance fee,2024-04-08T15:16:00+00:00,381.17,70.43,20,15,0,Monday,6,2000,2,advance fee,en,Bill pay kiosk,0
b8b4c522-72fa-4c99-96d6-5116f9f64b1e,synth_a79990aaece9,unbanked,tabddpm_synthetic,,['en'],advance fee,2024-11-27T23:42:00+00:00,3000.0,1500.0,20,23,0,Monday,90,1,100,advance fee,en,Bill pay kiosk,1
9c101c1a-ae52-4dbb-a894-5a82c99f6916,synth_a6dd49da59c7,unbanked,tabddpm_synthetic,,['en'],advance fee,2024-01-02T00:35:00+00:00,3000.0,263.7,60,0,0,Monday,22,179,75,advance fee,en,Bill pay kiosk,1
d35668da-e99c-4679-8718-91c53cacb93d,synth_457412923023,unbanked,tabddpm_synthetic,,['en'],advance fee,2024-04-25T00:52:00+00:00,10.0,0.0,20,0,0,Monday,90,702,16,advance fee,en,Bill pay kiosk,0
9efc7663-bf92-4b87-9ff8-6ae629347d8c,synth_5c8eacb26a68,unbanked,tabddpm_synthetic,,['en'],advance fee,2024-11-25T23:39:00+00:00,3000.0,1500.0,20,23,6,Sunday,27,1,100,advance fee,en,Bill pay kiosk,0
25ea21b1-8d28-4d22-8f82-d570a6d99a38,synth_74617da608ca,unbanked,tabddpm_synthetic,,['en'],advance fee,2024-11-21T14:59:00+00:00,243.99,37.43,20,14,0,Monday,64,1429,20,advance fee,en,Bill pay kiosk,1
73a9db58-647c-4c27-80a9-f654e41c3411,synth_4bc20d0c2553,unbanked,tabddpm_synthetic,,['en'],advance fee,2024-04-02T00:10:00+00:00,299.89,38.71,43,0,0,Monday,0,1075,5,advance fee,en,Bill pay kiosk,0
f7052ba4-2cac-4f91-82b2-2b29cc832dad,synth_e967d8fdcdc2,unbanked,tabddpm_synthetic,,['en'],advance fee,2024-09-01T23:16:00+00:00,3000.0,1500.0,60,23,0,Monday,90,1,100,advance fee,en,Bill pay kiosk,1
a28ee7df-d372-44e3-95f0-5a48b4d62e8d,synth_86f092732970,unbanked,tabddpm_synthetic,,['en'],advance fee,2024-03-02T07:20:00+00:00,1332.97,0.0,20,7,0,Monday,90,804,44,advance fee,en,Bill pay kiosk,0
8b18a834-159d-4072-b452-5ce51ad64893,synth_21cc2982c5f2,unbanked,tabddpm_synthetic,,['en'],advance fee,2024-11-13T23:46:00+00:00,3000.0,1500.0,20,23,0,Monday,90,1,100,advance fee,en,Bill pay kiosk,0
7cfd8183-d6fb-4823-abc7-ab6d4bd45b5c,synth_5807d2f5cdc2,unbanked,tabddpm_synthetic,,['en'],advance fee,2024-11-09T09:46:00+00:00,202.48,21.44,20,9,6,Sunday,2,2000,4,advance fee,en,Bill pay kiosk,0
2eef5d24-03ae-46ec-8773-565bf0787dd3,synth_33eb60c35467,unbanked,tabddpm_synthetic,,['en'],advance fee,2024-12-01T05:39:00+00:00,10.0,0.0,20,5,0,Monday,90,606,22,advance fee,en,Bill pay kiosk,0
d95754b0-c40f-4267-9eea-383222721806,synth_72cab55e41c9,unbanked,tabddpm_synthetic,,['en'],advance fee,2024-01-30T23:45:00+00:00,3000.0,1500.0,20,23,0,Monday,90,1,100,advance fee,en,Bill pay kiosk,0
4e3bb296-83a6-4646-adb3-6ef10a428940,synth_49f706330203,unbanked,tabddpm_synthetic,,['en'],advance fee,2024-05-20T23:58:00+00:00,3000.0,1500.0,20,23,6,Sunday,90,1,100,advance fee,en,Bill pay kiosk,0
f4cac777-9bcb-44bb-b498-e80afa4aa167,synth_bf9025b86b72,unbanked,tabddpm_synthetic,,['en'],advance fee,2024-03-09T12:27:00+00:00,154.97,15.34,55,12,2,Wednesday,2,1325,6,advance fee,en,Bill pay kiosk,0
34c043df-8871-4f04-a1c4-810335ff4c86,synth_7b3ef9222641,unbanked,tabddpm_synthetic,,['en'],advance fee,2024-12-03T11:38:00+00:00,151.47,51.67,20,11,0,Monday,23,1602,8,advance fee,en,Bill pay kiosk,0
0e495167-299f-4d1a-b625-0718abecd716,synth_e1048ec961ca,unbanked,tabddpm_synthetic,,['en'],advance fee,2024-11-04T00:57:00+00:00,3000.0,1500.0,20,0,6,Sunday,0,1,100,advance fee,en,Bill pay kiosk,0
536eab66-d519-4e0f-ac67-3a1056d5a766,synth_3a69b3138ea6,unbanked,tabddpm_synthetic,,['en'],advance fee,2024-09-29T08:09:00+00:00,444.87,34.49,20,8,0,Monday,31,1752,2,advance fee,en,Bill pay kiosk,0
973ed872-4018-4ad6-bca5-d1eee08037f8,synth_af6301db1171,unbanked,tabddpm_synthetic,,['en'],advance fee,2024-08-04T23:36:00+00:00,3000.0,1288.35,20,23,0,Monday,90,1,17,advance fee,en,Bill pay kiosk,0
017c0250-e0c3-43a9-9435-7c36cc867fd7,synth_dc0c8541cd8e,unbanked,tabddpm_synthetic,,['en'],advance fee,2024-06-21T23:52:00+00:00,3000.0,1500.0,20,23,6,Sunday,90,1,100,advance fee,en,Bill pay kiosk,0
35008f92-ec46-49fd-b39f-c10a1c50c7e0,synth_aed82176d978,unbanked,tabddpm_synthetic,,['en'],advance fee,2024-08-13T03:01:00+00:00,10.0,0.0,20,3,0,Monday,90,1,34,advance fee,en,Bill pay kiosk,0
83fa8ff8-e74b-496c-a7fe-3fc36e214a40,synth_2a531a7a48f1,unbanked,tabddpm_synthetic,,['en'],advance fee,2024-09-17T12:16:00+00:00,10.0,0.0,20,12,0,Monday,69,1092,4,advance fee,en,Bill pay kiosk,0
fbad69a4-70f2-4c11-97e2-88696f22eaa4,synth_c8cf61fda882,unbanked,tabddpm_synthetic,,['en'],advance fee,2024-06-12T00:36:00+00:00,3000.0,1159.94,60,0,0,Monday,0,1,40,advance fee,en,Bill pay kiosk,0
3c46cd97-66a9-4337-ae3b-04b4497c5af1,synth_a2f2bba3e381,unbanked,tabddpm_synthetic,,['en'],advance fee,2024-11-12T12:49:00+00:00,331.89,27.49,20,12,0,Monday,36,1952,6,advance fee,en,Bill pay kiosk,0
d792b1e5-8e4c-4f90-a23e-c2dbeecb63be,synth_e1c5d72001b3,unbanked,tabddpm_synthetic,,['en'],advance fee,2024-09-10T23:15:00+00:00,3000.0,605.37,60,23,0,Monday,0,1,100,advance fee,en,Bill pay kiosk,1
d667509a-a21e-4eef-bfba-0a993c848ae0,synth_3772ea428ec3,unbanked,tabddpm_synthetic,,['en'],advance fee,2024-01-22T23:59:00+00:00,3000.0,1500.0,60,23,0,Monday,90,1,100,advance fee,en,Bill pay kiosk,1
d511e950-e64a-4f08-91a6-a6b99e8fe458,synth_7ecb6d582027,unbanked,tabddpm_synthetic,,['en'],advance fee,2024-06-02T00:36:00+00:00,3000.0,1500.0,20,0,0,Monday,90,1,100,advance fee,en,Bill pay kiosk,0
215cfc7f-2d26-49dc-9a23-0ffae00fb919,synth_7975b8059726,unbanked,tabddpm_synthetic,,['en'],advance fee,2024-07-22T07:31:00+00:00,10.0,0.0,20,7,0,Monday,90,1,47,advance fee,en,Bill pay kiosk,0
f4e575ae-a759-46e1-858c-211826c371ef,synth_eb6037654464,unbanked,tabddpm_synthetic,,['en'],advance fee,2024-07-22T23:00:00+00:00,3000.0,1500.0,20,23,6,Sunday,0,1,100,advance fee,en,Bill pay kiosk,0
08f712f1-9645-43b0-9d10-183856bc04ce,synth_aa30ba6ec5e7,unbanked,tabddpm_synthetic,,['en'],advance fee,2024-11-13T04:42:00+00:00,1228.36,103.87,39,4,0,Monday,0,2000,8,advance fee,en,Bill pay kiosk,0
2bccb9e0-515a-46d5-84fc-986fb055f7fc,synth_6da4815ac93d,unbanked,tabddpm_synthetic,,['en'],advance fee,2024-12-07T02:40:00+00:00,204.96,0.0,31,2,4,Friday,48,509,5,advance fee,en,Bill pay kiosk,0
4a009486-83f1-4ef0-9996-1f4415e6b41a,synth_3f67343127f9,unbanked,tabddpm_synthetic,,['en'],advance fee,2024-04-22T00:27:00+00:00,323.72,69.05,40,0,0,Monday,0,1929,7,advance fee,en,Bill pay kiosk,0
2bf5c773-a5c6-421a-bfc6-5b35bd1c51b6,synth_5c5ed77abd5a,unbanked,tabddpm_synthetic,,['en'],advance fee,2024-02-26T08:02:00+00:00,309.6,31.63,20,8,0,Monday,90,1661,15,advance fee,en,Bill pay kiosk,0
cdc9dfb1-b26b-422f-a8bc-766a90cdeae8,synth_61b2b7bc4b94,unbanked,tabddpm_synthetic,,['en'],advance fee,2024-07-31T19:22:00+00:00,664.91,72.51,20,19,0,Monday,7,1,7,advance fee,en,Bill pay kiosk,0
d5b0221e-bbf8-4364-b1a2-ea2549fd6345,synth_f10d882bd1dc,unbanked,tabddpm_synthetic,,['en'],advance fee,2024-05-16T23:33:00+00:00,3000.0,1500.0,20,23,0,Monday,90,1,100,advance fee,en,Bill pay kiosk,0
32d1f938-421c-4dc6-853e-59889ddd8b21,synth_f74bf24f2855,unbanked,tabddpm_synthetic,,['en'],advance fee,2024-03-12T02:48:00+00:00,60.82,3.68,20,2,0,Monday,16,2000,4,advance fee,en,Bill pay kiosk,0
