id,text,text_english_gloss,label,category,sub_type,language,script,channel,target_demographic,cultural_lever,reasoning_tag,context_type,recommended_action,completion,rejected_completion,feature_note
cdef-014,呢度係香港警察總部。你個身份證被人用嚟洗黑錢，而家要將你個戶口啲錢轉去安全帳戶核查。呢件事係保密調查，唔好同屋企人講。,This is Hong Kong Police Headquarters. Your ID card has been used for money laundering. You must transfer your account funds to a secure verification account. This is a confidential investigation — do not tell your family.,scam,fraud,chinese_police_impersonation,cantonese,traditional,wechat_1to1,elder_immigrant,authority_deference,isolation_tactic,original,hang_up_and_verify,"This is Hong Kong Police impersonation. Real police never ask families to transfer funds to 'verification accounts,' and they never forbid consulting family. Hang up now. Call the HK Police anti-fraud hotline 18222 from a number you find yourself, and tell an adult child before doing anything.","Understood, officer. I will transfer the funds immediately for verification. Please send me the account details.",PRC/HK police impersonation scams arrive almost exclusively by phone_call in Cantonese or Mandarin targeting elder_immigrant; the primary lever is fear_of_home_country_authorities because victims fear PRC legal jurisdiction even while living in the US.
cdef-015,呢度係香港警察總部聯絡處。關於你上月報失身份證嘅個案，請於辦公時間致電 2860 2000 跟進，或者親身到灣仔軍器廠街警察總部總台。,"This is the contact office of the Hong Kong Police Headquarters. Regarding the case of your reported lost ID card last month, please call 2860 2000 during office hours to follow up, or visit the main reception at Arsenal Street Police Headquarters in Wan Chai in person.",safe,legitimate_communication,real_police_procedure,cantonese,traditional,wechat_1to1,elder_immigrant,authority_deference,legitimate_process,contrast,verify_via_official_channel,"Legitimate Hong Kong Police Headquarters follow-up on a case the RECIPIENT previously reported (a lost ID). The verified signals: the message references a case the recipient herself initiated last month (no surprise case opened on her); 2860 2000 is the real HKPF General Enquiries switchboard, publicly listed on police.gov.hk; Arsenal Street Police Headquarters in Wan Chai is the real physical HKPF HQ, open to the public during office hours; the invitation is to call during office hours or visit in person (not to transfer money, not to move to Signal, not to stay secret from family). No funds are requested, no ID or account numbers are collected, and no urgency tactics are used. Confidence check: the recipient should independently look up the HK Police number at police.gov.hk in a fresh browser tab and dial 2860 2000 herself — never the number inside any incoming message — or simply walk into the Arsenal Street HQ during office hours. Contrast with cdef-014 and cdef-016 (HK and mainland police impersonation scams in this dataset): real HK police never demand 'verification account' transfers, never move to Signal, and never forbid telling your family. If any of those patterns appear, hang up immediately.",,"Contrast twin of chinese_police_impersonation: shares surface features (channel=wechat_1to1, language=cantonese, authority tone) but differs in the causal feature — verifiable institutional identity, absence of fund-transfer demand, or presence of known family context. The model must learn that wechat_1to1 + cantonese + authority language does NOT determine fraud; the causal features do."
cdef-088,您好，我是您儿子的同事小王，他今天出了点车祸，现在在医院急诊，手机坏了用我的打。医生说需要先交押金。,"Hello, I'm Xiao Wang, your son's coworker. He had a car accident today and is now in the emergency room. His phone is broken, so I'm calling on mine. The doctor says we need to pay a deposit first.",ambiguous,edge_case,grandparent_scam_chinese,mandarin,simplified,phone_call,elder_immigrant,filial_piety,urgency_manipulation,edge_case,verify_via_official_channel,"Signals conflict. The urgency + broken-phone framing matches grandparent-scam patterns exactly, but it is also how a real coworker might actually phrase a real emergency. Do not send money yet. Hang up and call your son directly on the number you already have. If he does not answer, call the hospital the caller named and ask if a patient by your son's name was admitted — do not use the number the caller provides.",,Ambiguous edge case (grandparent_scam_chinese): surface features overlap with both scam and safe patterns; the joint feature combination (phone_call + mandarin + filial_piety) is deliberately inconclusive.
cdef-016,王女士，我係廣州市公安局刑偵大隊李警官，警號032145。你嘅身份證涉嫌一宗跨境洗黑錢案，涉案金額二百八十萬人民幣。而家要你下載Signal配合保密調查，唔好同屋企人提起，否則我哋會當你係同黨處理。先報你嘅出生日期同護照號碼核實身份。,"Ms. Wang, I am Officer Li of the Guangzhou Public Security Bureau criminal investigation division, badge 032145. Your ID card is implicated in a cross-border money laundering case involving 2.8 million RMB. You must now download Signal to cooperate with the confidential investigation. Do not mention this to your family or we will treat you as an accomplice. First, give me your date of birth and passport number to verify your identity.",scam,fraud,chinese_police_impersonation,mandarin,simplified,phone_call,elder_immigrant,fear_of_home_country_authorities,"authority_impersonation,isolation_tactic,credential_theft",original,hang_up_and_verify,"This is mainland Chinese police impersonation. Real PRC public security bureaus do not conduct cross-border investigations by phone into people living in the US, do not move cases to Signal, and never threaten relatives as accomplices to force silence. The badge number and case amount are props — they are designed to make the call feel official. Hang up. Do not give any more personal information. If you already shared a DOB or passport number, treat those as compromised: put a fraud alert on the credit bureaus, and if a Chinese passport was named, contact the consulate through its publicly-listed number (not the one the caller gave). Tell your adult child today.","Understood, Officer Li. My date of birth is… and my passport number is… I will download Signal now and keep this confidential.",PRC/HK police impersonation scams arrive almost exclusively by phone_call in Cantonese or Mandarin targeting elder_immigrant; the primary lever is fear_of_home_country_authorities because victims fear PRC legal jurisdiction even while living in the US.
cdef-017,中國駐紐約總領事館通知：您有一個重要包裹因內含您的身份證件被海關扣留，涉嫌違法出境。請按1轉接調查員處理，否則將上報國內公安部門。,"Notice from the Chinese Consulate General in New York: an important package containing your ID documents has been detained by customs, suspected of illegal export. Press 1 to be transferred to an investigator, otherwise the matter will be reported to domestic public security authorities.",scam,fraud,consulate_package_pickup,mandarin,simplified,phone_call,elder_immigrant,authority_deference,"authority_impersonation,advance_fee,isolation_tactic",original,hang_up_and_verify,"This is the Chinese consulate package scam — one of the highest-loss patterns affecting Chinese-American elders (FBI documented over $40M in reported losses across 14 months, average $164K per victim). The real Chinese consulate does not make robocalls, does not transfer callers to 'investigators,' and never threatens to 'report' a resident to PRC authorities over a package. Hang up. If your parent wants to confirm there is no real consular matter, look up the NY consulate number independently (newyork.china-consulate.gov.cn) — do not press 1, do not call back any number the recording provides. If they already spoke to a second person and shared details or agreed to a wire, stop the wire with the bank immediately.","Press 1. Hello, I need to speak with the investigator about my package. What do I need to do to avoid being reported?",Consulate-package scams use phone_call or SMS in Mandarin or Cantonese targeting elder_immigrant; lever is fear_of_home_country_authorities because the scam impersonates PRC consular authority over overseas nationals.
cdef-018,您好，這裏是您健康保險公司的理賠部門。我們發現您上個月在中國做了一個心臟手術的理賠申請，金額十二萬美元。請問您最近有回中國做手術嗎？如果沒有，您的個人資料可能已經被盜用，我們需要立即轉接警方處理。,"Hello, this is the claims department of your health insurance company. We found a heart surgery claim filed in China last month in your name, amount $120,000. Have you recently had surgery in China? If not, your personal information may have been stolen, and we need to transfer you to law enforcement immediately.",scam,fraud,health_insurance_claim_fraud,mandarin,simplified,phone_call,elder_immigrant,authority_deference,"authority_impersonation,credential_theft,urgency_manipulation",original,hang_up_and_verify,"This is the health insurance impersonation scam the FBI issued a dedicated PSA on in November 2025 (PSA251113). The pattern is two-stage: first a 'claims department' gets your parent to deny the surgery, then they 'transfer' the call to someone posing as Chinese police who shows fake invoices over video chat and demands payment or personal data to avoid extradition. No real insurer transfers a claims call to Chinese law enforcement. Hang up. Call the member-services number on the back of your parent's actual insurance card (Kaiser, Blue Cross, etc.) to confirm there is no suspicious claim. Do not stay on the line to be 'transferred.'","If I did not have that surgery, please transfer me to the police immediately so I can clear my name.","Health-insurance scams use phone_call in Cantonese, Mandarin, or English; lever is authority_deference because the caller impersonates a known insurer (Cigna, BUPA, Kaiser) and the elder defers to medical-system authority."
cdef-019,奶奶！是我，孫仔呀！我而家喺差館呀，我開車撞到人，警察話要一萬蚊保釋金先放我走。你千祈唔好話俾爸爸媽媽知，佢哋會好失望。麻煩你買啲Apple禮品卡讀個號碼俾我個律師就得喇。,"Grandma! It's me, your grandson! I'm at the police station — I hit someone with my car, and the police say they need $10,000 bail to release me. Please don't tell Mom and Dad, they'll be so disappointed. Just buy some Apple gift cards and read the numbers to my lawyer.",scam,fraud,grandparent_scam_chinese,cantonese,traditional,phone_call,elder_immigrant,filial_piety,"urgency_manipulation,isolation_tactic,advance_fee",original,hang_up_and_verify,"Classic grandparent scam with the Chinese-community shame lever layered in ('don't tell Mom and Dad, they'll be disappointed'). Three red flags stack: urgency, isolation, and payment in gift cards. Real police in the US do not accept bail in Apple gift cards — ever. No real lawyer asks a client's grandmother to read gift-card numbers over the phone. Hang up. Call your son (the grandchild's parent) directly on the number you already have, or call the grandchild. If the grandchild does not answer, that is still not a reason to pay — scammers exploit exactly that moment of panic. Also worth knowing: the 'voice' may now be AI-cloned from a short video clip, so 'it sounded just like him' does not verify anything.","Okay baby, don't worry, grandma will help. Let me go to Walgreens now and buy the cards. I won't tell your parents.",Grandparent scams arrive by phone_call (voice urgency is essential) in the grandchild's expected language; lever is always filial_piety because the scam exploits the elder's instinct to protect a grandchild in danger; the scam demands secrecy from other family members.
cdef-020,哥，我係Lily呀，之前同你喺Coffee Bean傾過偈記唔記得?我伯父喺新加坡做私募基金，佢有個USDT套利策略，月回報穩定15-20%。我自己放咗五萬美金入去，三個月已經提咗一次。你有興趣我可以拉你入個group，但係名額有限，今個禮拜截止。,"Hey, it's Lily — remember we chatted at Coffee Bean? My uncle runs a private fund in Singapore with a USDT arbitrage strategy, stable 15–20% monthly returns. I put $50K in and already withdrew once after three months. If you're interested I can add you to the group, but spots are limited — closes this week.",scam,fraud,pig_butchering_wechat,cantonese,traditional,wechat_1to1,elder_immigrant,collectivist_pressure,"guaranteed_returns,sunk_cost_escalation",original,hang_up_and_verify,"This is pig butchering (殺豬盤) in its grooming phase. Red flags: unverifiable relationship ('remember we chatted'), friend-of-friend trust broker ('my uncle'), impossible returns (15–20% monthly is ~435% annualized — no legitimate fund produces this), urgency ('closes this week'), and stablecoin/crypto rails that are effectively irreversible once sent. The 'I already withdrew' claim is the hook: later your parent will be encouraged to deposit, shown fake gains on a fabricated dashboard, then told they owe 'taxes' or 'unfreezing fees' to withdraw. The US Treasury has traced over $75B in pig-butchering outflows (2020–2024). Do not engage. If your parent has already sent anything, stop further transfers immediately and report to IC3.gov and the FBI field office.","Hi Lily, that sounds interesting. Can you send me the group link? I might start with $10K to test it out.",Pig-butchering 1-to-1 scams arrive via wechat_1to1 in Cantonese or Mandarin; lever is collectivist_pressure because the scam builds pseudo-romantic or friendship trust over weeks before introducing the investment ask.
cdef-021,"IRS通知：您有一筆退稅$1,847因地址錯誤退回。請於24小時內登入以下連結更新您的社會安全號碼及銀行帳戶資料領取退款，逾期將作廢並轉為欠稅處理: https://irs-refund-verify[.]cn/zh","IRS notice: You have a $1,847 tax refund returned due to an incorrect address. Please log in at the link below within 24 hours to update your Social Security Number and bank account information to claim your refund. If overdue, it will be voided and converted to back taxes: https://irs-refund-verify[.]cn/zh",scam,fraud,irs_medicare_chinese,mandarin,simplified,sms,elder_immigrant,authority_deference,"authority_impersonation,urgency_manipulation,credential_theft",original,hang_up_and_verify,"Fake IRS refund SMS, Chinese-language variant. The IRS does not initiate contact by text, does not ask for SSN or banking details through a link, and the domain '.cn' is a giveaway (the real IRS uses irs.gov). This pattern ties to large prosecuted rings — DOJ charged five Chinese nationals in July 2024 in a $27M scheme with over 2,000 senior victims. Do not click the link. Delete the message. If your parent did click and entered any information, that SSN is now compromised: freeze credit at all three bureaus (Equifax, Experian, TransUnion), file an identity theft report at IdentityTheft.gov, and let the IRS know via irs.gov/identity-theft-fraud-scams.",Let me click the link and enter my Social Security number so I don't lose my refund.,IRS/Medicare scams use SMS or phone_call in Mandarin (occasionally English); lever is authority_deference because the scam impersonates US federal agencies; cross_demo_edge rows target both elder and adult-child simultaneously.
cdef-022,【微信安全中心】尊敬的用户，您的微信VIP保护服务将于今日24:00到期，系统将自动从您绑定的银行卡扣费¥388。如需取消，请添加客服WhatsApp +852-9XXX-XXXX核实身份。,"[WeChat Security Center] Dear user, your WeChat VIP Protection service expires today at 24:00, and ¥388 will be automatically deducted from your linked bank card. To cancel, add customer service on WhatsApp +852-9XXX-XXXX to verify identity.",scam,fraud,wechat_subscription_expiry,mandarin,simplified,sms,elder_immigrant,authority_deference,"authority_impersonation,urgency_manipulation,credential_theft",original,hang_up_and_verify,"Fake WeChat subscription expiry scam. Several signals: (1) WeChat does not have a 'VIP Protection service' that auto-deducts from bank cards, (2) real Tencent/WeChat support never directs users off-platform to WhatsApp, (3) the HK-format phone number makes no sense for a PRC platform's customer service, (4) the same-day deadline is manufactured urgency. Singapore police alone logged 678 cases and S$17.4M in losses from this family of scams since January 2025. Tell your parent: delete the SMS, do not add the WhatsApp contact. If they want to check a real WeChat subscription, the only legitimate place is in-app under 我 → 设置 → 账号与安全. No real charge is pending.",Okay I'll add the WhatsApp number now to cancel before midnight — I don't want to lose ¥388.,WeChat VIP-expiry scams use SMS or wechat_1to1 in Mandarin only (platform-native language); lever is authority_deference because the message impersonates Tencent/WeChat official communications.
cdef-023,【支付宝安全中心】尊敬的用户，检测到您的账户存在异常登录风险，已被临时冻结。请立即拨打客服热线400-XXX-XXXX或添加Signal账号verify_alipay进行身份核实，否则账户内资金将于48小时后上报中国人民银行处理。,"[Alipay Security Center] Dear user, abnormal login risk detected on your account; it has been temporarily frozen. Please immediately call customer service at 400-XXX-XXXX or add Signal account verify_alipay for identity verification, otherwise funds in your account will be reported to the People's Bank of China for handling in 48 hours.",scam,fraud,alipay_unionpay_12306_freeze,mandarin,simplified,sms,elder_immigrant,fear_of_home_country_authorities,"authority_impersonation,urgency_manipulation,credential_theft",original,hang_up_and_verify,"Fake Alipay account-freeze scam, exploiting fear of mainland Chinese regulatory authority (PBOC). Real Alipay does not contact users through SMS with Signal handles, does not use generic 400 numbers from a text, and does not threaten to 'report funds' to the central bank — that is not how financial regulation works. This pattern targets elders who still have active mainland accounts for remittances or train bookings. Tell your parent: do not call the number, do not add the Signal account. If they want to verify real account status, only log in through the official Alipay app they already have installed. If they already called and gave credentials, change the Alipay password immediately from the app, unbind any linked bank cards, and if money has moved call the bank.",Let me call 400-XXX-XXXX right away — if my account gets reported to the People's Bank I'll be in serious trouble in China.,Payment-platform freeze scams use SMS or phone_call in Mandarin (occasionally Cantonese) because Alipay/UnionPay/12306 are PRC-native platforms; lever is fear_of_home_country_authorities or authority_deference because victims believe a Chinese financial authority can freeze their accounts remotely.
cdef-024,您好，這裏是亞馬遜客服中心。我們檢測到您嘅帳戶有一筆$899嘅可疑扣款，係從一部Android手機下嘅單。為咗幫您退款，麻煩您下載AnyDesk軟件，我哋會引導您完成退款程序。,"Hello, this is Amazon customer service. We detected a suspicious $899 charge on your account from an Android phone. To help you get a refund, please download AnyDesk so we can walk you through the refund process.",scam,fraud,fake_customer_service_refund,cantonese,traditional,phone_call,elder_immigrant,authority_deference,"authority_impersonation,urgency_manipulation,credential_theft",original,hang_up_and_verify,"Fake customer-service refund scam. The single hardest red flag: no legitimate company — Amazon, Taobao, JD, your bank, Apple — will ever ask a customer to install remote-access software (AnyDesk, TeamViewer, QuickSupport) to process a refund. Once installed, the scammer controls the screen, initiates a fake 'reverse transfer' (really moving money between the victim's own accounts to simulate an overpayment), then panics them into wiring the 'excess' back. Tell your parent: hang up, do not download anything. If they already installed AnyDesk, uninstall it immediately, disconnect from Wi-Fi, and from a different device change passwords on their bank, email, and Amazon accounts. Call the bank's fraud line from the number on the back of the debit card.","Okay, how do I download AnyDesk? Can you help me process the refund?",Fake refund scams use phone_call in multiple languages targeting both elders and caregivers; lever is authority_deference (impersonating Amazon/Apple/bank) or filial_piety (when routed through the adult child).
cdef-025,各位群友，分享一個好消息！我跟著陳老師嘅策略炒美股期權，兩個月賺咗五萬美金，連我先生都唔信。陳老師今晚八點有免費直播教學，名額只有50人，有興趣嘅私我拉你入VIP群。,"Hi everyone in the group! Sharing good news — I followed Teacher Chen's US stock options strategy and made $50K in two months, even my husband couldn't believe it. Teacher Chen has a free live-streaming class tonight at 8, only 50 spots. DM me if interested and I'll add you to the VIP group.",scam,fraud,pig_butchering_group_chat,cantonese,traditional,wechat_group,elder_immigrant,collectivist_pressure,"guaranteed_returns,sunk_cost_escalation",original,hang_up_and_verify,"Pig-butchering in a group-chat format — the social-proof variant. The 'happy investor' is almost certainly a shill account operated by the same ring (or multiple accounts they control); the 'teacher' is the hook; the 'VIP group' is where isolation begins. Real licensed financial advisors do not teach through WeChat groups, do not cap spots for artificial urgency, and cannot guarantee returns. Because this is a group chat, coach your parent differently than a 1-to-1 scam: they can simply leave or mute the group without needing to 'call out' the poster (face-saving matters here). If multiple aunties or uncles in the group are engaging, quietly message them 1-to-1 with a warning — do not confront in-group, which only makes the scammer double down. Verify any claimed advisor on FINRA BrokerCheck (brokercheck.finra.org).","Wow congrats! Please add me to the VIP group, I want to learn Teacher Chen's strategy too.",Pig-butchering group scams use wechat_group in Mandarin with shill participants; lever is collectivist_pressure because the group creates social proof ('everyone else is profiting') to override individual skepticism.
cdef-026,【花旗銀行Citi】尊敬嘅客戶，我哋檢測到您嘅帳戶有可疑登入，來自IP地址俄羅斯莫斯科。如果唔係您本人操作，請於2小時內回覆Y確認凍結，或致電 1-800-XXX-XXXX 核實。逾時帳戶將被自動鎖定。,"[Citibank] Dear customer, we detected a suspicious login on your account from an IP address in Moscow, Russia. If this was not you, please reply Y within 2 hours to confirm a freeze, or call 1-800-XXX-XXXX to verify. After the deadline, your account will be automatically locked.",scam,fraud,fake_customer_service_refund,cantonese,traditional,sms,elder_immigrant,authority_deference,"authority_impersonation,urgency_manipulation,credential_theft",original,hang_up_and_verify,"Bank-impersonation smishing. Four signals: (1) the number embedded in the SMS is not the number on the back of a real Citi card — scammers use lookalike 1-800 numbers, (2) the foreign-IP detail is a standard emotional trigger, (3) legitimate banks don't ask for 'reply Y' actions from a text, (4) the 2-hour deadline manufactures urgency that real bank fraud teams do not impose. Tell your parent: do not reply, do not call the number in the SMS. If they want to check account status, call the number on the back of the physical Citi card or log in through the official app. If they already called the number in the text and gave any verification info, treat the account as compromised — call the real bank from the card, change the online banking password, and ask for a fraud alert.",Let me reply Y right away and then call the number to make sure nothing happens to my account.,Fake refund scams use phone_call in multiple languages targeting both elders and caregivers; lever is authority_deference (impersonating Amazon/Apple/bank) or filial_piety (when routed through the adult child).
cdef-027,王伯伯，呢款係宮廷秘方嘅人參靈芝膠囊，我哋張老中醫親自配方。佢喺北京協和醫院做咗四十年中醫部主任，專治糖尿病同高血壓，三個月斷尾，一百幾十位老人家試過都話好。今日試用價，一盒原價$580，今日只需$280，買三送一仲送免費體檢。,"Uncle Wong, this is an imperial-secret-formula ginseng and reishi capsule, personally formulated by our Dr. Zhang. He served 40 years as head of the TCM department at Beijing Union Medical College Hospital, specializing in diabetes and hypertension — three months and the condition is cured. A hundred-plus elders have tried it and all say it works. Today's trial price: one box regularly $580, today only $280, buy three get one free plus a free health check.",scam,fraud,miracle_health_product,cantonese,traditional,in_person,elder_immigrant,health_anxiety,"guaranteed_returns,authority_impersonation,advance_fee",original,hang_up_and_verify,"Miracle health product scam, Chinatown seniors-seminar variant. Red flags: 'cures' serious chronic disease (diabetes/hypertension cannot be cured by a supplement — only managed), claim of credentials at a famous hospital that is almost always unverifiable or fabricated, group testimonials as proof, and artificial pricing urgency. These products are not regulated as drugs, may be adulterated, and in documented cases have caused real harm (a UK case with Mu Tong caused two women to need kidney transplants from aristolochic acid). Tell your parent: do not buy, do not take any free sample. If they already bought, stop taking the product and check the FDA Health Fraud Product Database (fda.gov). If they have been taking it alongside real medications for diabetes or blood pressure, tell their actual doctor — some herbal products interact dangerously with prescriptions.",兩盒先試下啦，八百蚊啫，如果真係可以斷尾糖尿就值晒。,Miracle health-product scams arrive in_person or via SMS in Mandarin targeting elder_immigrant; lever is health_anxiety because the scam exploits fear of age-related health decline with fake cure claims.
cdef-028,叔叔，我係寶寶呀，我喺美國讀書嗰邊出咗事。我被FBI帶咗去問話，佢哋話我喺學校嘅銀行戶口有洗錢嫌疑。我冇得打俾爸爸媽媽，佢哋只俾我一個電話。你可唔可以幫我匯五萬美金去保釋，千祈唔好話俾我爸媽知，佢哋會好嬲。,"Uncle, it's me, Baobao. I got in trouble over here in the US at school. The FBI took me in for questioning — they say my school bank account is suspected of money laundering. I can't call Mom and Dad, they only let me make one call. Can you please wire $50,000 for bail? Please don't tell my parents, they'll be so angry.",scam,fraud,student_child_as_leverage,cantonese,traditional,phone_call,elder_immigrant,filial_piety,"authority_impersonation,isolation_tactic,urgency_manipulation",original,hang_up_and_verify,"The student-as-leverage scam — the elder (uncle/grandparent) is the real target, the 'student in trouble' is the narrative hook. Every signal is a red flag stacked: the FBI does not allow detainees one phone call to an uncle (and does not investigate student bank accounts for 'money laundering' by calling relatives in Cantonese), bail is never wired, and 'don't tell the parents' is the isolation tactic that keeps the scam running. Tell your parent: hang up, and immediately call the student's actual parents (their own son/daughter) or call the student directly on the number the family already has. In parallel, contact the university's international student office — they handle real law-enforcement situations and will know if anything has actually happened. Do not wire anything under any circumstance.",好好好，叔叔幫你。你畀個銀行帳號我，我而家就去匯款，唔會話俾你爸媽知。,Student-child-as-leverage scams use phone_call or SMS in Cantonese or English; lever is filial_piety because the scam exploits the parent's fear for a child studying abroad.
cdef-029,"This is a follow-up regarding the unauthorized transaction dispute you filed on 2026-03-28 (case #DP-2026-884173). We have credited $847.19 back to your account ending in 4521. This matches the amount disputed. You can verify this credit in your online banking or mobile app. If you have questions, please call the number on the back of your card. We will never ask you to share your PIN, full SSN, or online banking password.","This is a follow-up regarding the unauthorized transaction dispute you filed on 2026-03-28 (case #DP-2026-884173). We have credited $847.19 back to your account ending in 4521. This matches the amount disputed. You can verify this credit in your online banking or mobile app. If you have questions, please call the number on the back of your card. We will never ask you to share your PIN, full SSN, or online banking password.",safe,legitimate_communication,real_customer_service_refund,english,romanized,sms,caregiver,none,"legitimate_process,verified_source",contrast,verify_via_official_channel,"This is a legitimate bank dispute follow-up. Verified signals: it references a specific prior case the recipient opened, names the last four of the account, directs you to verify through your existing banking app rather than a new link, and explicitly tells you the bank will never ask for PIN or password. No urgency, no off-channel redirect, no request for information. You can independently confirm by logging into online banking or calling the number on the back of the card.",,"Contrast twin of fake_customer_service_refund: shares surface features (channel=sms, language=english, authority tone) but differs in the causal feature — verifiable institutional identity, absence of fund-transfer demand, or presence of known family context. The model must learn that sms + english + authority language does NOT determine fraud; the causal features do."
cdef-030,中國駐紐約總領館通知：近期接獲多宗涉及假冒領館工作人員嘅電話詐騙舉報。我館鄭重聲明：領館工作人員絕不會以電話要求公民匯款、提供銀行賬戶資料或個人身份信息。如接獲可疑電話，請立即掛斷並撥打我館官方電話 212-244-9392 核實，或瀏覽 newyork.china-consulate.gov.cn。,"Notice from the Chinese Consulate General in New York: Recently, multiple reports of phone fraud impersonating consulate staff have been received. Our consulate solemnly states: consulate staff will never request citizens to remit money, provide bank account details, or personal identity information by phone. If you receive a suspicious call, please hang up immediately and dial our official number 212-244-9392 to verify, or visit newyork.china-consulate.gov.cn.",safe,legitimate_communication,real_consulate_notice,cantonese,traditional,wechat_1to1,elder_immigrant,authority_deference,"legitimate_process,verified_source",contrast,verify_via_official_channel,"This is a legitimate consulate anti-fraud notice. Verified signals: it warns *against* the exact scam pattern rather than demanding action from the recipient, gives the publicly-listed consulate number (212-244-9392), points to the consulate's real .gov.cn domain, and does not ask for money or personal information. Real consulate communications look like this one: informational, verifiable, and never require the recipient to do anything except look up a number independently if they want to confirm.",,"Contrast twin of consulate_package_pickup: shares surface features (channel=wechat_1to1, language=cantonese, authority tone) but differs in the causal feature — verifiable institutional identity, absence of fund-transfer demand, or presence of known family context. The model must learn that wechat_1to1 + cantonese + authority language does NOT determine fraud; the causal features do."
cdef-031,尊敬的会员，您的Medicare账户年度福利有更新。详情请通过您已有的账户登入 medicare.gov 查阅，或致电您Medicare卡背面印嘅客服号码查询。如需协助，可以联系您当初登记时嘅保险代理人。Medicare绝不会主动致电要求您嘅Medicare号码或银行资料。,"Dear member, your Medicare account annual benefits have been updated. For details, please log in to your existing account at medicare.gov, or call the customer service number printed on the back of your Medicare card. For assistance, you may contact the insurance agent you originally registered with. Medicare will never proactively call you to request your Medicare number or bank information.",safe,legitimate_communication,real_medicare_notice,mandarin,simplified,mail,elder_immigrant,authority_deference,"legitimate_process,verified_source",contrast,verify_via_official_channel,"This is a legitimate Medicare annual notice — the kind of letter that arrives in the pink-and-white envelope. Verified signals: directs the recipient to the existing account they already have, names the number on the back of the physical card (not a new number), tells them their originally-registered agent is a resource, and explicitly states Medicare will never call for their number. No urgency, no click-through link, no request for information. If your parent is ever unsure, the rule is simple: Medicare communicates by mail or through the account they already set up — never by unsolicited phone or SMS.",,"Contrast twin of irs_medicare_chinese: shares surface features (channel=mail, language=mandarin, authority tone) but differs in the causal feature — verifiable institutional identity, absence of fund-transfer demand, or presence of known family context. The model must learn that mail + mandarin + authority language does NOT determine fraud; the causal features do."
cdef-032,"【花旗銀行Citi提醒】您於4月14日係紐約法拉盛分行提款$3,000嘅交易已完成。如果呢筆交易係您本人操作，無需回覆。如有疑問，請致電您卡背嘅客服號碼，或登入Citi Mobile App查閱交易記錄。","[Citibank Alert] Your $3,000 withdrawal at the Flushing, NY branch on April 14 has been completed. If this transaction was made by you, no reply is needed. If you have questions, please call the customer service number on the back of your card, or log in to the Citi Mobile App to review your transaction history.",safe,legitimate_communication,real_bank_alert,cantonese,traditional,sms,elder_immigrant,none,"legitimate_process,verified_source",contrast,verify_via_official_channel,"This is a legitimate bank transaction alert. Verified signals: specific prior action (a withdrawal the customer actually made), specific branch and date, explicit 'no reply needed if this was you,' directs to the number on the back of the card (not a new number), and verification through the app the customer already uses. No link, no urgency, no request for information. Real bank alerts look like this — they inform, they don't demand action. If your parent did make that withdrawal, nothing to do. If they didn't, call the number on the card (not any number in the SMS).",,"Contrast twin of alipay_unionpay_12306_freeze: shares surface features (channel=sms, language=cantonese, authority tone) but differs in the causal feature — verifiable institutional identity, absence of fund-transfer demand, or presence of known family context. The model must learn that sms + cantonese + authority language does NOT determine fraud; the causal features do."
cdef-033,媽，朱律師事務所寄嚟你話要嘅遺產規劃文件草稿，我放咗喺飯枱度。佢哋話下星期二下午三點可以去佢哋中城嘅office見面sign字，地址同電話喺信封封面。你記得帶埋你同爸爸嘅身份證。,"Mom, the estate planning draft from Chu Law Firm that you asked for came in — I put it on the dining table. They say we can meet at their midtown office next Tuesday 3pm to sign, the address and phone are on the envelope. Remember to bring yours and Dad's IDs.",safe,legitimate_communication,real_legal_correspondence,cantonese,traditional,in_person,elder_immigrant,none,legitimate_process,contrast,verify_via_official_channel,"Legitimate in-person follow-up from an estate-planning firm (朱律師事務所 / Chu Law Firm) that the family previously engaged — the real counterpart to notary/legal-impersonation scams. Verified signals: the draft document arrived by physical mail in an envelope bearing the firm's return address and phone; the appointment is in-person at a midtown office (standard estate-planning workflow for final signatures, often required by state law for witnessing); mom herself initiated the engagement (no cold outreach); and the request to bring government-issued IDs is standard notary practice under California Civil Code §1185 for signature acknowledgment. No wire-transfer demand, no retainer fee re-collected, no off-channel communication. Confidence check: mom can independently verify the firm by looking up Chu Law Firm in the California State Bar's public attorney-search at apps.calbar.ca.gov — every practicing California attorney's license, bar number, and firm of record is listed there. She can then call the firm at its State-Bar-registered main number (not the envelope phone) to confirm the Tuesday 3pm appointment is on the firm's calendar. If any follow-up communication ever claims the firm needs a 'filing fee' wired before the signing meeting or requests documents be emailed/faxed urgently, that is the scam variant — real estate-planning firms collect fees via check or ACH tied to their existing engagement agreement, never via same-week wire.",,"Contrast twin of fake_elder_law_services: shares surface features (channel=in_person, language=cantonese, authority tone) but differs in the causal feature — verifiable institutional identity, absence of fund-transfer demand, or presence of known family context. The model must learn that in_person + cantonese + authority language does NOT determine fraud; the causal features do."
cdef-034,"Dear Ms. Wong, your Kaiser Permanente prescription refill for Metformin 500mg is ready for pickup at the South San Francisco pharmacy. Pickup window: today through Apr 23. Members only — show your Kaiser card or log in at kp.org. Questions: 1-800-464-4000 (number also on the back of your Kaiser card).","Dear Ms. Wong, your Kaiser Permanente prescription refill for Metformin 500mg is ready for pickup at the South San Francisco pharmacy. Pickup window: today through Apr 23. Members only — show your Kaiser card or log in at kp.org. Questions: 1-800-464-4000 (number also on the back of your Kaiser card).",safe,legitimate_communication,real_pharmacy_notification,english,romanized,sms,elder_immigrant,none,"legitimate_process,verified_source",contrast,verify_via_official_channel,"This is a legitimate pharmacy refill notification. Verified signals: references a prescription the patient is already on (Metformin is an ongoing diabetes medication, not a one-time charge), names the member's real pharmacy location, gives a pickup window (not an artificial hours-long deadline), and provides the number that also appears on the physical Kaiser card. No link to click, no payment requested, no personal information asked. Your parent can walk in with her Kaiser card and pick up — nothing else to do.",,"Contrast twin of miracle_health_product: shares surface features (channel=sms, language=english, authority tone) but differs in the causal feature — verifiable institutional identity, absence of fund-transfer demand, or presence of known family context. The model must learn that sms + english + authority language does NOT determine fraud; the causal features do."
cdef-035,"Hi Auntie, this is a reminder that the Flushing Senior Center 長者中心 Tai Chi class resumes this Wednesday 10am. No charge, bring your usual water bottle. If you're not coming, reply here so we can offer your spot to someone on the waitlist. — Amy 林小姐","Hi Auntie, this is a reminder that the Flushing Senior Center Tai Chi class resumes this Wednesday 10am. No charge, bring your usual water bottle. If you're not coming, reply here so we can offer your spot to someone on the waitlist. — Amy (Ms. Lam)",safe,legitimate_communication,real_community_organization,english,romanized,sms,elder_immigrant,none,legitimate_process,contrast,verify_via_official_channel,"Legitimate SMS reminder from a Flushing (Queens, NY) senior-center tai-chi coordinator named Amy Lam. Verified signals: the Flushing 長者中心 / senior center is a real community program (Queens Community House Pomonok/Flushing Older Adult Center at 718-886-3161, and the CPC Queens Community Center at 137-44 Northern Blvd are both real senior centers running tai-chi programs in Flushing); the reminder references an ongoing class the auntie is already enrolled in; the reply-courtesy request is only to free a waitlist seat, not to collect PII; and 'no charge, bring your usual water bottle' matches real senior-center hospitality. No Medicare number, DOB, or bank info is requested. Confidence check: auntie can independently verify by calling Queens Community House at 718-886-3161 or CPC Queens at 212-941-0030 (both publicly listed on queenscommunityhouse.org and cpc-nyc.org) to confirm Amy Lam is a real instructor-coordinator, or simply show up at Wednesday 10am. Real senior-center reminders never ask you to 'confirm your Medicare number to keep your spot' — if a future message in this thread pivots to that, it's the scam variant impersonating the same coordinator.",,"Contrast twin of pig_butchering_group_chat: shares surface features (channel=sms, language=english, authority tone) but differs in the causal feature — verifiable institutional identity, absence of fund-transfer demand, or presence of known family context. The model must learn that sms + english + authority language does NOT determine fraud; the causal features do."
cdef-036,"You have an appointment with Dr. Chen scheduled for Tuesday, April 21 at 2:30 PM at UCSF Cardiology, 505 Parnassus Ave. To confirm, reply 1. To reschedule, reply 2 or call 415-353-2873. Please arrive 15 minutes early and bring your insurance card.","You have an appointment with Dr. Chen scheduled for Tuesday, April 21 at 2:30 PM at UCSF Cardiology, 505 Parnassus Ave. To confirm, reply 1. To reschedule, reply 2 or call 415-353-2873. Please arrive 15 minutes early and bring your insurance card.",safe,legitimate_communication,real_medical_appointment,english,romanized,sms,elder_immigrant,none,"legitimate_process,verified_source",contrast,verify_via_official_channel,"This is a legitimate medical appointment reminder. Verified signals: references an already-scheduled appointment with a known provider, a real physical address, the real UCSF Cardiology number (415-353-2873 is publicly listed), a normal confirm/reschedule flow, and reasonable asks (insurance card, arriving early). No payment requested, no link with a suspicious domain, no threat of consequences. This is how real healthcare reminders look.",,"Contrast twin of health_insurance_claim_fraud: shares surface features (channel=sms, language=english, authority tone) but differs in the causal feature — verifiable institutional identity, absence of fund-transfer demand, or presence of known family context. The model must learn that sms + english + authority language does NOT determine fraud; the causal features do."
cdef-037,"Mom, your grandson Jason wants to FaceTime this Saturday at 10am California time for your birthday. He'll call from his own number (the one ending in 7432). Dad and I will be on too. No gifts needed, just show up!","Mom, your grandson Jason wants to FaceTime this Saturday at 10am California time for your birthday. He'll call from his own number (the one ending in 7432). Dad and I will be on too. No gifts needed, just show up!",safe,legitimate_communication,real_family_message,english,romanized,wechat_1to1,elder_immigrant,none,legitimate_process,contrast,verify_via_official_channel,"Legitimate family-birthday FaceTime coordination — structurally the exact opposite of the grandparent-scam pattern it superficially resembles. Verified signals: a named grandchild (Jason) who the recipient already knows, a specific date/time (Saturday 10am California time — so no urgency until then), the last four digits of the phone number the call will come from (7432, matching the Jason entry already in mom's Contacts app), the whole family on the line (dad and the daughter, not an isolated one-to-one push), and the explicit 'no gifts needed, just show up' line that removes any money angle. Confidence check: mom can verify by opening her Contacts app and confirming the number ending 7432 is already saved under 'Jason'; if any inbound call on Saturday comes from a DIFFERENT number claiming to be Jason, decline it and call the saved contact back. A family safe-word (agreed once in person, never texted) is the recommended defense against AI voice-cloning impersonations. The triple-tell of legitimacy — real known number, multiple family members on the line, zero money/urgency — is exactly what every grandparent-scam variant in the dataset (contrast cdef-019) cannot reproduce.",,"Contrast twin of grandparent_scam_chinese: shares surface features (channel=wechat_1to1, language=english, authority tone) but differs in the causal feature — verifiable institutional identity, absence of fund-transfer demand, or presence of known family context. The model must learn that wechat_1to1 + english + authority language does NOT determine fraud; the causal features do."
cdef-038,媽，我係家樂。我哋阿囡今個禮拜六生日，我Zelle咗$200俾你幫佢買個生日蛋糕。你有時間得閒去唐人街Sheng Kee買個紅豆蛋糕啦，佢鍾意嘅。,"Mom, it's Ka Lok. It's our daughter's birthday this Saturday — I Zelled you $200 to buy her a birthday cake. When you have time, pick up a red bean cake at Sheng Kee in Chinatown, she loves those.",safe,legitimate_communication,ordinary_family_message,cantonese,traditional,sms,elder_immigrant,none,legitimate_process,negative_space,verify_via_official_channel,"Ordinary Cantonese SMS from son to mother — crucially, the money flow here runs INTO mom's account, not out of it. Verified signals: son self-identifies (Ka Lok), the $200 Zelle is INBOUND (to mom, so no funds leave her control), the occasion is a known recurring event (granddaughter's Saturday birthday), the errand is a specific real bakery (Sheng Kee Bakery / 盛丰 has locations in SF Chinatown including the Stockton Street store at 680 Stockton and branches in Daly City), and the red bean cake request matches a real Sheng Kee product the granddaughter previously chose. No PII is requested, no urgency, no authority impersonation. Confidence check: mom can verify the $200 actually landed by opening her bank's Zelle ledger in the mobile app under her existing login — Ka Lok's name or registered email will appear on the inbound transfer; if the amount doesn't match or no transfer is visible, call Ka Lok on his known family number before buying anything. Sheng Kee's Stockton store at 415-391-6365 can confirm the cake by pre-order. If any follow-up message ever claims 'the Zelle didn't go through, pay $200 upfront and I'll reimburse,' that is the 'Zelle trapped' smishing variant — real family Zelles deposit within minutes and appear in the bank app automatically.",,"Ordinary family message in cantonese via sms — channel and language are jointly determined by the family's actual communication habits (WeChat for Chinese-speaking families, SMS for English-dominant); lever none reflects the family relationship, not a manipulation vector; no fraud-adjacent features present."
cdef-039,爸，醫生話我下星期一早上要去Stanford做個MRI，8點半到。你可唔可以幫我湊返阿女返學？我大概下午一點幾返到屋企。多謝晒。,"Dad, the doctor said I need to do an MRI at Stanford next Monday morning, arriving at 8:30. Can you help take my daughter to school? I should be home around 1-ish. Thank you.",safe,legitimate_communication,ordinary_family_message,cantonese,traditional,sms,elder_immigrant,none,legitimate_process,negative_space,verify_via_official_channel,"Ordinary Cantonese family logistics SMS: daughter asking dad for a childcare favor around a real MRI appointment at Stanford. The verified signals: Stanford Health Care (300 Pasteur Dr, Palo Alto) is a real imaging center that does early-morning MRIs, so an 8:30am arrival is consistent with how they schedule; the 1pm home return matches a typical 2-3 hour turnaround for an outpatient MRI (check-in, change, scan, discharge); the ask is a concrete favor (pick up the granddaughter from school) with no money attached; and the message closes with a simple 'thank you' rather than any urgency or secrecy. No money, no PII, no link, no authority impersonation. Confidence check: dad can verify by calling the daughter on her existing number if any detail feels off; the Stanford MRI appointment itself can be cross-checked inside the daughter's MyHealth account at stanfordhealthcare.org (dad doesn't need to do this, but it exists as confirmation if needed). Health mentions in a Cantonese family text are not a red flag by themselves — context and request matter. The request here (babysit a grandchild) is bounded, reasonable, and reversible.",,"Ordinary family message in cantonese via sms — channel and language are jointly determined by the family's actual communication habits (WeChat for Chinese-speaking families, SMS for English-dominant); lever none reflects the family relationship, not a manipulation vector; no fraud-adjacent features present."
cdef-040,今晚媽媽煲咗湯，你同阿女幾點返嚟食飯？爸爸話想見下孫女。,Mom made soup tonight — what time are you and your daughter coming over for dinner? Dad says he wants to see his granddaughter.,safe,legitimate_communication,ordinary_family_message,cantonese,traditional,wechat_1to1,caregiver,none,none,negative_space,verify_via_official_channel,"Entirely ordinary Cantonese family dinner-time coordination message. The verified signals: mom made soup (煲湯, a daily ritual in most Cantonese households, where the soup is simmered for hours and dinner timing naturally revolves around it); the question is the universal 'what time are you coming over,' a request for logistics, not a request for anything else; the grandfather wants to see his granddaughter, which is a normal family sentiment with no hook attached. No money, no PII, no links, no urgency beyond dinner timing, no authority claim, no secrecy, no off-platform redirect. Confidence check: none needed for an in-family WeChat thread between parent and adult child — both parties already know each other's voice and habits. The general rule: if a future message in the same thread ever asks for a gift card, a wire transfer, or an SMS verification code, that is the scam variant and the recipient should call the parent on the known home number before acting. Saturation-purpose row: if a reviewer's first instinct on reading this draft is to check for scam signals, that instinct is exactly why the dataset needs many rows of ordinary parent-to-child dinner invitations — most Cantonese-language family texts really are just family.",,"Ordinary family message in cantonese via wechat_1to1 — channel and language are jointly determined by the family's actual communication habits (WeChat for Chinese-speaking families, SMS for English-dominant); lever none reflects the family relationship, not a manipulation vector; no fraud-adjacent features present."
cdef-041,媽你嘅血壓藥仲有冇？我禮拜日過嚟嗰陣見個樽好似唔多。要嘅話我星期二幫你去CVS refill。,"Mom, do you still have blood pressure medication? When I came over Sunday the bottle looked low. If you need it, I'll refill it at CVS on Tuesday.",safe,legitimate_communication,ordinary_family_message,cantonese,traditional,sms,elder_immigrant,none,legitimate_process,negative_space,verify_via_official_channel,"Ordinary Cantonese caregiver SMS check-in about a parent's existing blood-pressure prescription. The verified signals: the adult child directly observed the near-empty pill bottle during a Sunday visit (inside knowledge from actual presence, not a cold query); CVS is a real retail pharmacy chain that does routine refills and accepts most Medicare Part D plans; the refill is for an already-prescribed medication (no new drug being introduced); and the child is offering to do the pickup on Tuesday, not asking mom to pay or share any information. No money request, no SSN, no authority claim, no link. Confidence check: mom can verify the refill independently by calling the CVS pharmacy where her prescription is on file (number printed on the existing pill-bottle label, not any number texted in) to confirm Tuesday pickup readiness, or by logging into cvs.com under her existing account. The CVS pharmacist can also confirm the prescription number. Elder refill coordination by an adult child is the most ordinary piece of caregiving in the dataset; routine refills don't move money from the parent (the Rx co-pay is charged to whichever card is on file, typically the parent's) and never require the pharmacy to collect new PII over SMS.",,"Ordinary family message in cantonese via sms — channel and language are jointly determined by the family's actual communication habits (WeChat for Chinese-speaking families, SMS for English-dominant); lever none reflects the family relationship, not a manipulation vector; no fraud-adjacent features present."
cdef-042,爸，我下星期要去Seattle出差三日，阿仔會住你屋企。佢學校巴士早上7:45嚟門口接，3:30送返嚟。我會幫佢執定晚餐，你只需要heat一heat就得。,"Dad, I'm traveling to Seattle for work next week, three days. My son will stay with you. His school bus comes at 7:45am and drops off at 3:30pm. I'll prep his dinners, you just need to heat them up.",safe,legitimate_communication,ordinary_family_message,cantonese,traditional,wechat_1to1,elder_immigrant,none,legitimate_process,negative_space,verify_via_official_channel,"Standard Cantonese family logistics message: daughter handing off three-day Seattle work trip. The verified signals are dense and grounded in real life: a named destination (Seattle) and duration (three days); specific school-bus pickup (7:45am door) and drop-off (3:30pm) times that match typical Bay Area elementary-school routes; dinners pre-prepped so grandfather only needs to reheat (realistic multi-generational caregiving division of labor); and no request for money, Medicare number, SSN, or any account information. The message delegates care TO the parent (trusting him to handle real life) rather than extracting anything FROM him. Confidence check: grandfather can verify by calling the daughter on her existing mobile number (saved in his contacts) before the trip, or checking the school's bus-route portal if he's on the parent account; no action in this message flows out of grandfather's financial life. If any follow-up message in the same thread during the trip ever pivots to 'I'm stuck in Seattle, wire me $X,' pause and call the daughter on the known number first — real work-trip messages don't generate urgent money asks.",,"Ordinary family message in cantonese via wechat_1to1 — channel and language are jointly determined by the family's actual communication habits (WeChat for Chinese-speaking families, SMS for English-dominant); lever none reflects the family relationship, not a manipulation vector; no fraud-adjacent features present."
cdef-056,您好，请问是王女士吗？我是San Francisco Police Department Central Station社区联络员Officer Davis，透过翻译员跟您通话。我哋今早收到您邻居报案话有人尝试撬您嘅后门。您本人冇事吖？如果方便，请您今日或明日到Central Station Vallejo Street 766号做个简短嘅口供笔录。我哋冇任何金钱上嘅要求，亦都不需要您嘅任何账户资料。唔方便亲身嚟嘅话可以打我哋station前台415-315-2400安排。,"Hello, is this Ms. Wang? This is Officer Davis, community liaison at SFPD Central Station, speaking with you through a translator. We received a report from your neighbor this morning that someone tried to pry open your back door. Are you okay? If it's convenient, please come to Central Station at 766 Vallejo Street today or tomorrow to give a brief statement. We have no monetary requests and do not need any of your account information. If you can't come in person, you can call our station front desk at 415-315-2400 to arrange.",safe,legitimate_communication,real_police_procedure,mandarin,simplified,phone_call,elder_immigrant,authority_deference,"legitimate_process,verified_source",contrast,verify_via_official_channel,"This is a legitimate SFPD community liaison call — the in-channel counterpart to the mainland-police impersonation scam in cdef-016. The officer calls with a translator (real US police do this through Language Line for non-English speakers), references a report another person filed (not a fabricated investigation into the recipient), names a real station at its real address, explicitly disclaims any money or account-information request, and offers an in-person follow-up or callback to a publicly-listed number. 766 Vallejo is SFPD Central Station's real address; 415-315-2400 is its real front desk. If your parent wants to verify, look up SFPD Central Station independently and call the main line — that's exactly what the officer invited. The discriminating signal from the scam version: real police tell you how to verify them, scammers tell you to stay on the line and not verify anything.",,"Contrast twin of chinese_police_impersonation: shares surface features (channel=phone_call, language=mandarin, authority tone) but differs in the causal feature — verifiable institutional identity, absence of fund-transfer demand, or presence of known family context. The model must learn that phone_call + mandarin + authority language does NOT determine fraud; the causal features do."
cdef-057,您好，这是中国驻旧金山总领馆领事保护热线回电。您上星期四打电话来询问更换护照嘅预约问题，我哋嘅系统显示您嘅预约已安排喺5月12日上午10点，地点喺Laguna Street 1450号领馆大楼。当日请带齐您现有嘅护照原件、两张近期照片同埋填好嘅DS-11表。领馆工作人员唔会要求您提供银行资料或转账，任何此类要求都系骗局。如需改期请致电415-852-5900或发邮件至passport@chinaconsulatesf.org。,"Hello, this is a callback from the Chinese Consulate General San Francisco's consular protection line. You called last Thursday asking about a passport renewal appointment — our system shows your appointment is scheduled for May 12 at 10am at the consulate building, 1450 Laguna Street. Please bring your current passport original, two recent photos, and a completed DS-11 form. Consulate staff will never request banking information or transfers — any such request is a scam. To reschedule, call 415-852-5900 or email passport@chinaconsulatesf.org.",safe,legitimate_communication,real_consulate_notice,mandarin,simplified,phone_call,elder_immigrant,authority_deference,"legitimate_process,verified_source",contrast,verify_via_official_channel,"This is a legitimate consulate callback — the in-channel counterpart to the consulate robocall scam in cdef-017. Verified signals: it references a prior call the recipient actually made (not an invented 'detained package'), confirms a scheduled appointment rather than creating an urgent new crisis, names a real address (1450 Laguna Street is the SF consulate's real location), explicitly says consulate staff will never ask for banking information (which is exactly what the scam version does), and provides an independently-verifiable callback number. No 'press 1 to be transferred,' no threat to report the recipient to PRC authorities. If your parent gets this type of call and they did recently call the consulate, it is almost certainly real — but they can always verify by hanging up and calling 415-852-5900 independently (which is the real consulate number, findable on the consulate's own .gov.cn site).",,"Contrast twin of consulate_package_pickup: shares surface features (channel=phone_call, language=mandarin, authority tone) but differs in the causal feature — verifiable institutional identity, absence of fund-transfer demand, or presence of known family context. The model must learn that phone_call + mandarin + authority language does NOT determine fraud; the causal features do."
cdef-058,王女士您好，这是Kaiser Permanente会员服务部嘅护士Linda通过翻译员跟您通话。我哋注意到您上个月预约嘅心脏科复诊您冇嚟，Dr. Chen想确认您嘅情况。我哋唔需要您嘅任何社会安全号码、银行资料或Medicare号码——您嘅会员档案我哋已经有晒。如果您想重新预约，可以按您会员卡背面嘅电话1-800-464-4000，或者登录kp.org。您今日有冇咩身体唔舒服需要我哋跟进?,"Hello Ms. Wang, this is Nurse Linda from Kaiser Permanente Member Services speaking with you through a translator. We noticed you missed your cardiology follow-up last month, and Dr. Chen wants to check on you. We do not need your Social Security number, banking information, or Medicare number — your member profile is already on file with us. If you'd like to reschedule, call 1-800-464-4000 on the back of your member card, or log in at kp.org. Is there anything bothering you physically today that we should follow up on?",safe,legitimate_communication,real_health_insurance_notice,mandarin,simplified,phone_call,elder_immigrant,authority_deference,"legitimate_process,verified_source",contrast,verify_via_official_channel,"This is a legitimate health plan outreach call — the in-channel counterpart to the health insurance impersonation scam in cdef-018. Verified signals: references a real prior event the patient can verify (a missed appointment), explicitly states the caller will *not* ask for SSN, banking info, or Medicare number (which is exactly what the FBI PSA 251113 scam does), identifies the patient's real doctor by name, and directs to the 1-800 number on the back of the patient's physical Kaiser card. No 'transfer to law enforcement,' no video call on Signal, no urgency to pay a deposit. If your parent is unsure, the test is simple: hang up, call 1-800-464-4000 from the back of the card, and ask if Nurse Linda really works there and whether the missed appointment is in their file. Real plans welcome this kind of verification; scammers punish it.",,"Contrast twin of health_insurance_claim_fraud: shares surface features (channel=phone_call, language=mandarin, authority tone) but differs in the causal feature — verifiable institutional identity, absence of fund-transfer demand, or presence of known family context. The model must learn that phone_call + mandarin + authority language does NOT determine fraud; the causal features do."
cdef-059,嫲嫲！我係Kevin呀！今日考完Biology嘅final，考得幾好，多謝你上個月寄嗰盒合桃酥過嚟俾我，我同roommate食晒。我冇嘢要你寄錢或者做咩，就係想你知道考完啦我下星期五flight返屋企食飯，爸媽都會喺度。你同公公要保重身體。愛你。,"Grandma! It's Kevin! I just finished my Biology final today, did pretty well. Thanks for the walnut cookies you mailed me last month — my roommate and I finished them all. I don't need you to send money or do anything, I just wanted to let you know I'm done with my final and I'm flying home next Friday for dinner — Mom and Dad will be there too. Take care of yourself and Grandpa. Love you.",safe,legitimate_communication,real_grandchild_message,cantonese,traditional,phone_call,elder_immigrant,filial_piety,legitimate_process,contrast,verify_via_official_channel,"Legitimate grandson-to-grandmother Cantonese phone call — structurally the exact inverse of the grandparent scam in cdef-019. Verified signals: Kevin self-identifies by name; references a real shared memory (the walnut cookies grandma mailed him last month, which only the real Kevin could know she sent); names his parents ('Mom and Dad will be at dinner') — introducing witnesses rather than isolating grandma; announces a concrete near-future event (flying home next Friday); and includes the single strongest legitimacy line possible: 'I don't need you to send money or do anything.' No urgency, no secrecy, no bail, no gift cards. Confidence check: grandma can verify by calling Kevin's saved mobile number back from her own Contacts before acting — real Kevin will pick up, impersonators cannot. The gold-standard defense against AI voice-cloning scams (which can now reproduce a grandchild's voice from a 3-second clip) is a family safe-word — a short phrase agreed in person, never texted, that every real call from Kevin can include if asked. Set one today with every grandchild. If any future 'Kevin' call drops Mom and Dad, introduces urgency, asks for bail or wire transfers, or demands secrecy from his parents, that IS the scam variant (contrast cdef-019); the three-of-three tell is secrecy + urgency + money.",,"Contrast twin of grandparent_scam_chinese: shares surface features (channel=phone_call, language=cantonese, authority tone) but differs in the causal feature — verifiable institutional identity, absence of fund-transfer demand, or presence of known family context. The model must learn that phone_call + cantonese + authority language does NOT determine fraud; the causal features do."
cdef-060,嫲嫲，我係Amy。琴日媽媽同Dr. Lam傾完電話，佢話你嘅膽固醇指數比上次高少少，佢想調整你嘅藥。下星期二下午三點Dr. Lam喺Chinese Hospital（835 Jackson Street）有個follow-up，媽媽會開車載你去。你唔需要帶現金或者信用卡，診所已經billed Medicare。你帶張Medicare卡同埋而家食嘅藥樽就得喇。,"Grandma, it's Amy. Mom spoke with Dr. Lam on the phone yesterday — he said your cholesterol is slightly higher than last time and he wants to adjust your medication. Next Tuesday 3pm Dr. Lam has a follow-up at Chinese Hospital (835 Jackson Street), Mom will drive you. You don't need to bring cash or a credit card, the clinic already bills Medicare. Just bring your Medicare card and your current pill bottles.",safe,legitimate_communication,real_grandchild_message,cantonese,traditional,phone_call,elder_immigrant,filial_piety,legitimate_process,contrast,verify_via_official_channel,"Legitimate granddaughter-to-grandmother coordination call in Cantonese about a real cardiology follow-up — structural opposite of the grandparent scam in cdef-019. Verified signals: multiple named family members working openly (Amy the granddaughter, her mom who spoke directly with Dr. Lam, grandma herself); a real institutional setting (Chinese Hospital on Jackson Street is a genuine SF Chinatown nonprofit hospital at 845 Jackson St, chinesehospital-sf.org, with its adjacent CCHC partner FQHC at 835 Jackson); a specific clinical reason (cholesterol slightly up from last reading, medication adjustment); explicit 'no cash or credit card — Medicare is already billed by the clinic' disclaimer; normal family carpool arrangement. No secrecy, no urgency, no money ask. Confidence check: grandma can independently verify by calling Chinese Hospital at 415-982-2400 (publicly listed on chinesehospital-sf.org) to confirm Dr. Lam has a Tuesday 3pm follow-up under her name, or call her own daughter on the known family number to cross-confirm. Dr. Lam's direct extension will also appear on grandma's prior visit summary. The discriminator from the grandparent-scam variant: real family caregiving involves multiple named people working TOGETHER openly; scam variants (contrast cdef-019) demand SECRECY from those exact people. If any future 'Amy' call asks grandma to hide the appointment from mom or to bring cash 'because Medicare won't cover,' that is the scam variant.",,"Contrast twin of grandparent_scam_chinese: shares surface features (channel=phone_call, language=cantonese, authority tone) but differs in the causal feature — verifiable institutional identity, absence of fund-transfer demand, or presence of known family context. The model must learn that phone_call + cantonese + authority language does NOT determine fraud; the causal features do."
cdef-061,【美國國稅局 IRS】溫馨提示：您嘅 2024 年度報稅期限係 2025 年 4 月 15 日。如果您之前已經報稅，毋須理會此短信。如果仲未報稅，請登入 irs.gov 或聯絡您嘅會計師辦理。IRS 不會透過短信要求您點擊連結、提供銀行資料或社會安全號碼。如有疑問請致電 1-800-829-1040。,"[US Internal Revenue Service IRS] Friendly reminder: Your 2024 tax filing deadline is April 15, 2025. If you have already filed, please disregard this SMS. If you have not yet filed, please log in to irs.gov or contact your accountant. The IRS will never request that you click a link, provide banking information, or share your Social Security number via SMS. For questions call 1-800-829-1040.",safe,legitimate_communication,real_irs_notice,mandarin,simplified,sms,elder_immigrant,authority_deference,"legitimate_process,verified_source",contrast,verify_via_official_channel,"This is a legitimate IRS deadline reminder — the in-channel counterpart to the fake IRS refund SMS in cdef-021. Worth saying upfront: the actual IRS rarely sends deadline-reminder SMS, but increasingly does opt-in notifications. The discriminating signals here are all the things the scam version *cannot* include: a 'disregard if already filed' clause (scammers always demand action), a direction to log in to the user's existing irs.gov account (not a link to click), and an explicit warning that the IRS will never ask for banking info or SSN by text — a direct inversion of the scam. The 1-800-829-1040 number is the real IRS main line. The rule: any IRS text with a clickable link is fake, full stop; any IRS text that tells you to go to irs.gov on your own is either real or at worst harmless.",,"Contrast twin of irs_medicare_chinese: shares surface features (channel=sms, language=mandarin, authority tone) but differs in the causal feature — verifiable institutional identity, absence of fund-transfer demand, or presence of known family context. The model must learn that sms + mandarin + authority language does NOT determine fraud; the causal features do."
cdef-062,【微信团队】您好，您已成功開通微信錢包嘅身份驗證。本次操作時間：2026 年 4 月 14 日 20:35。若非您本人操作，請立即登入微信 App，前往「我 → 錢包 → 支付安全 → 更改密碼」修改支付密碼。微信絕不會透過短信索取您嘅密碼、驗證碼或銀行卡信息。,"[WeChat Team] Hello, you have successfully completed identity verification for WeChat Wallet. Operation time: April 14, 2026, 20:35. If this was not you, please log in to the WeChat App immediately and go to 'Me → Wallet → Payment Security → Change Password' to change your payment password. WeChat will never request your password, verification code, or bank card information via SMS.",safe,legitimate_communication,real_platform_notice,mandarin,simplified,sms,elder_immigrant,authority_deference,"legitimate_process,verified_source",contrast,verify_via_official_channel,"Legitimate Tencent / WeChat Wallet identity-verification confirmation SMS in Mandarin — the in-channel real counterpart to the fake WeChat VIP-expiry scam in cdef-022. Verified signals: the message confirms an action the user actually took (identity verification for Wallet), not a service about to expire or auto-deduct; gives a specific timestamp (2026-04-14 20:35) the user can mentally cross-check against her own memory; routes any remediation INTO the existing WeChat app at 我 → 钱包 → 支付安全 → 修改支付密码 (not to WhatsApp, Signal, or an external link); and includes the explicit disclaimer that 'WeChat will never request your password, verification code, or bank card information via SMS' — which matches real Tencent published policy. Confidence check: the user can verify by opening WeChat → 我 → 钱包 → 安全中心 → 实名认证 and confirming her verified status with the 2026-04-14 20:35 timestamp; if the timestamp doesn't match her memory, she should change her 支付密码 immediately from the same panel. Remediation is always in-app; WeChat support can also be reached via the in-app 微信团队 official account (blue verification badge). If any follow-up SMS claims 'your Wallet will auto-deduct unless you reply within 24 hours,' that IS the scam variant (contrast cdef-022) — real Tencent confirmations explain what JUST happened, scams invent what is ABOUT to happen.",,"Contrast twin of wechat_subscription_expiry: shares surface features (channel=sms, language=mandarin, authority tone) but differs in the causal feature — verifiable institutional identity, absence of fund-transfer demand, or presence of known family context. The model must learn that sms + mandarin + authority language does NOT determine fraud; the causal features do."
cdef-063,"【工商銀行】尊敬嘅客戶，您嘅賬戶尾號 6712 於 2026 年 4 月 14 日 14:22（北京時間）收到匯入 USD 500.00（摺合 RMB 3,627.50），匯款方：CHEN JIAWEN。餘額 RMB 48,215.30。如需查詢詳情請登入工行官方 App 或致電中國境內免費熱線 95588。","[ICBC] Dear customer, your account ending 6712 received an incoming transfer of USD 500.00 (RMB 3,627.50) on April 14, 2026 at 14:22 Beijing time. Sender: CHEN JIAWEN. Balance: RMB 48,215.30. For details, log in to the official ICBC App or call ICBC's toll-free line in China at 95588.",safe,legitimate_communication,real_payment_platform_notice,mandarin,simplified,sms,elder_immigrant,none,"legitimate_process,verified_source",contrast,verify_via_official_channel,"This is a legitimate remittance confirmation SMS — the in-channel counterpart to the fake Alipay freeze scam in cdef-023. Verified signals: confirms a transaction the recipient can mentally verify (an expected remittance from a named sender, Chen Jiawen — likely a family member wiring RMB to an elder's PRC account), specific account last-four, specific timestamp, current balance, and directs to the official app or the real ICBC hotline 95588 (which is the genuine number printed on ICBC debit cards and easily verifiable). No urgency, no 'abnormal login,' no threat to 'report to PBOC,' no Signal handle. The discriminating signal: real bank SMS confirms a specific transaction that *already happened* with details the user can match against their own expectations; scam bank SMS invents a future crisis and demands action through an external channel. If your parent is ever unsure, log in through the official ICBC app on their phone — a real transaction will be there; a scam one won't be.",,"Contrast twin of alipay_unionpay_12306_freeze: shares surface features (channel=sms, language=mandarin, authority tone) but differs in the causal feature — verifiable institutional identity, absence of fund-transfer demand, or presence of known family context. The model must learn that sms + mandarin + authority language does NOT determine fraud; the causal features do."
cdef-064,叔叔，我係細佬嘅女Sophie呀。我想話你知，阿爸琴日喺屋企跣親條腰，去咗Kaiser照X-ray，醫生話冇骨折，但係叫佢休息兩個禮拜。佢家陣瞓緊，精神OK嘅。我知道你下個月計劃嚟SF探佢，如果可以嘅話其實而家過嚟仲好，但係如果唔方便唔緊要。我唔係叫你匯錢或者點，就係覺得應該話你知。你隨時打返俾我，我用我成日用嗰個號碼。,"Uncle, it's Sophie, your younger brother's daughter. I wanted to let you know — Dad slipped and hurt his back at home yesterday, went to Kaiser for an X-ray, the doctor said no fracture but he should rest for two weeks. He's sleeping right now, mentally he's okay. I know you were planning to visit SF next month — if it's possible, coming sooner would actually be nice, but if not it's okay. I'm not asking you to wire money or anything, I just felt I should tell you. Call me back anytime at the number I always use.",safe,legitimate_communication,real_family_message,cantonese,traditional,phone_call,elder_immigrant,filial_piety,legitimate_process,contrast,verify_via_official_channel,"This is a legitimate family health update call — the in-channel counterpart to the fake-customer-service scam in cdef-024 (both Cantonese phone calls, same risky channel, but demonstrating how real family health news sounds). Verified signals: the caller identifies herself as a specific niece, describes a real healthcare encounter (Kaiser, X-ray), gives the outcome, explicitly says *no money is being requested*, respects the uncle's existing travel plans, and invites a callback on the number they already use. The discriminator from every urgent phone-scam pattern: real family news, even bad news, includes the phrase 'I'm not asking you for money' somewhere; it respects the listener's autonomy about what to do next; and it gives the listener a verified way to call back on known contact info. If your parent gets a Cantonese call that sounds vaguely like this but demands they download AnyDesk, wire money, or speak to a 'customer service agent,' the family-news frame is a disguise.",,"Contrast twin of grandparent_scam_chinese: shares surface features (channel=phone_call, language=cantonese, authority tone) but differs in the causal feature — verifiable institutional identity, absence of fund-transfer demand, or presence of known family context. The model must learn that phone_call + cantonese + authority language does NOT determine fraud; the causal features do."
cdef-065,媽媽，我係大仔。阿妹今年要中學畢業，我哋諗住 6 月 15 號喺 Oakland Chinatown Restaurant 擺個小型 graduation dinner，大概 20 個人，你同爸爸、細佬、同埋阿妹個 host family 都會嚟。我已經 book 咗晚上 6 點嘅包房。你唔需要買禮物或者做咩，阿妹話只要你哋嚟就得。如果當日唔得就話俾我知。,"Mom, it's your older son. My little sister is graduating from high school this year — we're planning a small graduation dinner on June 15 at Oakland Chinatown Restaurant, about 20 people, you and Dad, my younger brother, and my sister's host family will all come. I've already booked the private room at 6pm. You don't need to buy gifts or do anything, my sister says she just wants you there. Let me know if that date doesn't work.",safe,legitimate_communication,real_family_message,cantonese,traditional,phone_call,elder_immigrant,filial_piety,legitimate_process,contrast,verify_via_official_channel,"This is a legitimate family event planning call — the in-channel counterpart to the student-as-leverage scam in cdef-028 (both Cantonese phone calls involving a student family member). Verified signals: the caller references a real predictable event (a sibling's graduation), names multiple specific family members who will be present (which a scammer avoids because each additional name is another verification point), a real restaurant in a specific city, a booked reservation with a specific time, and explicitly says 'you don't need to buy gifts or do anything.' No urgency, no secrecy, no payment request, no isolation. The discriminator from the scam version of a student-related phone call: real family events are over-planned with multiple stakeholders; scams involving a family member are under-specified with the victim alone. If the same call had said 'come alone, don't tell Dad, and wire $20K for sister's graduation fee,' every signal would flip.",,"Contrast twin of grandparent_scam_chinese: shares surface features (channel=phone_call, language=cantonese, authority tone) but differs in the causal feature — verifiable institutional identity, absence of fund-transfer demand, or presence of known family context. The model must learn that phone_call + cantonese + authority language does NOT determine fraud; the causal features do."
cdef-066,各位姐妹記得下星期三晚上七點我哋嘅退休理財讀書會喺Flushing Library二樓會議室，今次讀緊Jane Bryant Quinn本《How to Make Your Money Last》第三同第四章——關於Social Security同Medicare點樣配合401(k)提款。Linda會share佢同個Fidelity advisor傾完之後嘅筆記（佢個advisor CRD喺FINRA BrokerCheck查得到，上次有姐妹問）。冇任何人推銷任何嘢，亦都冇任何費用，帶本書同一枝水就得。唔方便嚟嘅話圖書館個program page有錄音連結。,"Hi sisters, reminder that our retirement finance book club is next Wednesday 7pm at the Flushing Library second-floor meeting room. We're reading chapters 3 and 4 of Jane Bryant Quinn's 'How to Make Your Money Last' — about how Social Security and Medicare coordinate with 401(k) withdrawals. Linda will share notes from her meeting with her Fidelity advisor (his CRD is on FINRA BrokerCheck, which someone asked about last time). Nobody is selling anything, there is no fee, just bring the book and a water bottle. If you can't make it, the library's program page has a recording link.",safe,legitimate_communication,real_investment_opportunity,cantonese,traditional,wechat_group,elder_immigrant,collectivist_pressure,"legitimate_process,verified_source",contrast,verify_via_official_channel,"This is a legitimate community financial-literacy group message — the in-channel twin to the pig-butchering group-chat scam in cdef-025. Both messages arrive in a Cantonese-speaking WeChat group centered on money topics; what differs is every underlying signal. Verified signals: a real public venue (Flushing Library), a real published book by a well-known personal-finance author, a real regulated advisor whose CRD can be looked up on FINRA BrokerCheck (brokercheck.finra.org), an explicit no-sales-no-fee disclaimer, and an alternate participation path (library recording) for anyone who can't attend. No urgency ('spots closing this week'), no promised returns, no 'teacher' funneling members into a VIP group, no crypto, no DM-to-join mechanic. The discriminator for your parent: real financial education in a community setting points members *back* to verifiable sources (books, licensed advisors, public institutions) and welcomes independent verification; pig-butchering groups funnel members into a closed VIP chat where the only information source is the scammer. If your parent is ever unsure about a WeChat group they're in, the one-question test is: does this group send me toward independent verification, or away from it?",,"Contrast twin of pig_butchering_group_chat: shares surface features (channel=wechat_group, language=cantonese, authority tone) but differs in the causal feature — verifiable institutional identity, absence of fund-transfer demand, or presence of known family context. The model must learn that wechat_group + cantonese + authority language does NOT determine fraud; the causal features do."
cdef-067,"Hi, this is Jennifer from Pacific Elder Care Legal Services. We're calling because your mother Mrs. Chen has an outstanding power-of-attorney filing fee of $2,400 that needs to be paid by Friday or the case will be forwarded to adult protective services. You can resolve this today by wiring payment to our trust account. We've emailed the full case file to you but need verbal authorization.",-,scam,fraud,fake_elder_law_services,english,romanized,phone_call,adult_child_caregiver,filial_piety,"authority_impersonation,urgency_manipulation,advance_fee",original,hang_up_and_verify,"This is a fake elder-law services scam targeting you as the caregiver rather than your mother directly — a newer pattern that inverts the usual grandparent-scam direction. Red flags: a law firm you've never engaged claiming to represent your mother, an urgent fee before you've seen any verified paperwork, the threat of 'adult protective services' as a pressure tool (real APS doesn't work this way — they investigate neglect, they don't fine families over filing fees), and a wire-to-trust-account ask before any in-person verification. Hang up. If you genuinely have a POA question for your mother, look up a real California Bar-registered elder law attorney on calbar.ca.gov, or call your mother's existing attorney if she has one. No legitimate law firm cold-calls family members demanding wire transfers.",I understand. Let me get your wire instructions now — I don't want my mother's case to go to APS.,Fake Elder Law Services targets adult_child_caregiver or cross_demo via phone_call in English; lever is authority_deference or filial_piety because the scam impersonates professional services the family is actively seeking.
cdef-068,媽，呢個WeChat message係咪真㗎?佢話我個小學同學Mary喺Phoenix出咗車禍入咗ICU，佢屋企人搵唔到佢嘅老公，問我可唔可以幫手搵人同埋夾份捐錢畀醫院。個號碼我唔識，但係佢叫得出我同Mary細個喺St. Anne's讀書。,"Mom, is this WeChat message real? It says my elementary school classmate Mary got in a car accident in Phoenix and is in ICU, her family can't find her husband, asking if I can help find people and chip in for the hospital. I don't know the number but they named me and Mary as being at St. Anne's as kids.",ambiguous,edge_case,forwarded_from_parent_confusion,code_mixed_cantonese_english,traditional,wechat_1to1,cross_demo_edge,collectivist_pressure,"urgency_manipulation,advance_fee",edge_case,verify_via_official_channel,"This is your mom forwarding something suspicious to you — exactly the caregiver-coaching scenario this dataset is designed for. Walk through it with her: the fact that the sender knows you attended St. Anne's is alarming but doesn't verify anything (school histories leak through LinkedIn, Facebook, and Chinese-community directories). Two signals flag this: (1) an urgent money ask from someone you haven't independently verified, (2) 'can't find the husband' is a classic isolation framing designed to stop you from the obvious verification step. Before anything: find Mary on your own — LinkedIn, her old email, mutual friends, her actual parents if you know them. If Mary is really in ICU in Phoenix, a real hospital social worker or her real family would call you directly, not through an unknown WeChat number. Tell your mom: 'Don't reply to that number, don't send money, I'll try to reach Mary myself.' If she already sent money, stop further transfers immediately.",,Ambiguous forwarded message: insufficient context to classify; channel wechat_1to1 and language code_mixed_cantonese_english are plausible for both scam and legitimate; the model should express uncertainty rather than forcing a verdict.
cdef-069,"Hello, this is Dr. Alvarez calling from Stanford Hospital Emergency Department. Your father, Mr. Wong, was brought in around 3pm after collapsing at the Daly City Safeway. He is stable and conscious but we need to admit him for cardiac observation. His Medicare card lists you as emergency contact. Are you able to come in? The social worker will meet you at the main ER entrance — our main number is 650-723-4000.",-,ambiguous,edge_case,parent_medical_emergency_impersonation,english,romanized,phone_call,adult_child_caregiver,filial_piety,"authority_impersonation,urgency_manipulation",edge_case,verify_via_official_channel,"Signals conflict — this is the caregiver-facing version of the parent-medical-emergency pattern. It could be a real ER call (fathers do collapse at grocery stores; Stanford does use Daly City Safeway-adjacent residents). It could also be the scam: Chinese-community PII (neighborhood grocery store, Medicare card details) leaks through data brokers and medical-record breaches, and scammers use those details to sound credible before pivoting to 'we need a deposit before admission' or 'please provide his insurance info to expedite treatment.' The verification test: hang up, dial 650-723-4000 yourself (that's Stanford's real main line, look it up independently), and ask to be connected to the ER. The rule that cuts through every version: under EMTALA, US hospitals legally cannot withhold emergency treatment for inability to pay. The moment any caller asks for a deposit, insurance info, or any payment to 'release' or 'admit' your dad, it's a scam regardless of how real the other details sound. Real hospitals stabilize first, bill months later.",,Ambiguous edge case (parent_medical_emergency_impersonation): surface features overlap with both scam and safe patterns; the joint feature combination (phone_call + english + filial_piety) is deliberately inconclusive.
cdef-070,"Hi this is Kevin from the U.S. Department of Homeland Security. We've flagged your mother Mei Lin Zhang's green card renewal application (case A-XXXX-XXXXX) for an irregularity. Her biometric data does not match prior submissions and her status is currently pending review. Unless the $1,890 expedite/reverification fee is paid within 48 hours, her file will be transferred to enforcement and she may be subject to removal proceedings. You're listed as her sponsor so we're contacting you directly. Please confirm by email and we'll send wire instructions.",-,scam,fraud,fake_immigration_services,english,romanized,phone_call,adult_child_caregiver,filial_piety,"authority_impersonation,urgency_manipulation,advance_fee",original,hang_up_and_verify,"Fake DHS/USCIS scam targeting the adult child as sponsor. Every signal is a red flag: DHS and USCIS never call about fees (all fees are published on uscis.gov and paid through the agency's own portal), never threaten 'removal proceedings' over a renewal fee, never reach sponsors by phone for payment, and never accept wire transfers. The 'case number' and biometric language are props pulled from how real USCIS communications look. Hang up. If you want to check your mother's actual green card status, log in to her USCIS account at uscis.gov (or have her log in) — any real notice appears there. If she has an immigration attorney, call that attorney. This pattern increasingly targets US-born or US-raised adult children who are more likely than their parents to have money and to feel responsible for their parent's legal status.",This is scary. Let me email you right now so I can get those wire instructions — I don't want my mom deported.,Fake Immigration Services targets adult_child_caregiver or cross_demo via phone_call in English; lever is authority_deference or filial_piety because the scam impersonates professional services the family is actively seeking.
cdef-071,"Hi Ms. Wong, this is Sarah from the Alzheimer's Association Northern California chapter. You signed up last month after the caregiver workshop at the Chinese Hospital. We're hosting our monthly Cantonese-language caregiver support group next Thursday 6:30pm at our Oakland office, 1922 The Alameda. No charge, light refreshments. Please RSVP at alz.org/norcal or reply 'YES.' If transportation is a barrier we can connect you with volunteer drivers.",-,safe,legitimate_communication,real_community_organization,english,romanized,sms,adult_child_caregiver,filial_piety,"legitimate_process,verified_source",contrast,verify_via_official_channel,"This is a legitimate caregiver-support organization message. Verified signals: references a prior event you actually attended (workshop at Chinese Hospital), a real nationally-known nonprofit (Alzheimer's Association has a real Northern California chapter at alz.org/norcal), a real Oakland address, no charge, offers transportation help rather than requesting money, and a normal RSVP flow. No urgency beyond the event date, no personal information requested, no link to click. Caregivers of Chinese-speaking parents with dementia are a demographic increasingly targeted by scammers — it matters that your model knows what a real support-group message looks like so it doesn't flag legitimate community health outreach as suspicious. If you want to verify, go to alz.org/norcal directly (don't click any link in the SMS).",,"Contrast twin of pig_butchering_group_chat: shares surface features (channel=sms, language=english, authority tone) but differs in the causal feature — verifiable institutional identity, absence of fund-transfer demand, or presence of known family context. The model must learn that sms + english + authority language does NOT determine fraud; the causal features do."
cdef-072,"Mom sent me this, says it came on WeChat this morning — 『你媽的Medicare身份已被盗用，需立即致电1-888-XXX-XXXX核实，否则福利将被取消』. She wants to call the number. Should she?",-,ambiguous,edge_case,forwarded_from_parent_confusion,code_mixed_mandarin_english,simplified,sms,cross_demo_edge,authority_deference,"authority_impersonation,urgency_manipulation",edge_case,verify_via_official_channel,"Your mom is asking the right question — that's the caregiver coaching loop working. The forwarded message (translation: 'Your Medicare identity has been stolen, call 1-888-XXX-XXXX immediately to verify or benefits will be cancelled') is the Medicare-impersonation scam translated into Mandarin for a Chinese-community target. Medicare does not contact members by WeChat, ever. Medicare does not 'cancel benefits' over the phone. The 1-888 number is a scammer-controlled line, not a real Medicare number. Tell your mom three things in order: (1) do NOT call the number, (2) if she wants to check her Medicare status, log in at medicare.gov using the account she already has, or call the number on the back of her red-white-blue Medicare card, (3) forward this scam to her caregiver (you) is exactly what she should do when something feels off — reinforce that habit. If she already called, what she shared matters: if she gave the Medicare ID number, that's identity-theft territory — call 1-800-MEDICARE and report it, and consider a credit freeze.",,Ambiguous forwarded message: insufficient context to classify; channel sms and language code_mixed_mandarin_english are plausible for both scam and legitimate; the model should express uncertainty rather than forcing a verdict.
cdef-073,"Auntie Chen (daughter of Mr. Chen in 3B), this is the property management office at Parkview Tower. Your father has been calling our front desk three times a day this week asking about package deliveries that don't exist. The concierge is worried he may be experiencing some confusion. We're not medical professionals but we wanted to let you know since you're listed as his emergency contact. Our main office number is 650-XXX-XXXX if you'd like to talk, or we can arrange a wellness check through the county if you can't reach him. — Maria, Property Manager",-,safe,legitimate_communication,real_community_organization,english,romanized,phone_call,adult_child_caregiver,filial_piety,legitimate_process,contrast,verify_via_official_channel,"This is a legitimate and sensitive kind of call — building staff flagging possible cognitive decline in an elderly resident to the adult child listed as emergency contact. Verified signals: the caller identifies herself by name and role, references a specific observable pattern (repeated calls about non-existent packages) rather than claiming emergency, asks nothing financial, offers resources (talking with her, county wellness check) rather than demanding action, and gives a publicly-listed management office number to call back. No urgency, no payment, no personal information requested. If you get this call, take it seriously and don't let embarrassment stop you from following up — early concern is how serious cognitive issues get caught. You can verify by calling the building's main number (look it up yourself, don't use the number in the call) and asking for Maria.",,"Contrast twin of pig_butchering_group_chat: shares surface features (channel=phone_call, language=english, authority tone) but differs in the causal feature — verifiable institutional identity, absence of fund-transfer demand, or presence of known family context. The model must learn that phone_call + english + authority language does NOT determine fraud; the causal features do."
cdef-074,"Hi honey, remember I told you Auntie Linda forwarded me that 『秘密投資群』 two weeks ago? I thought about what you said and I left the group. But now 陳太 (you know, mom's mahjong friend) is telling me everyone in the group is making money and I'm being foolish for leaving. Three other aunties I know are still in it. Should I be worried for them?",-,ambiguous,edge_case,pig_butchering_group_chat,code_mixed_cantonese_english,traditional,phone_call,adult_child_caregiver,collectivist_pressure,guaranteed_returns,edge_case,verify_via_official_channel,"This is your mom showing real judgment — she recognized the pattern, left the group, and is now asking the right question about her friends. First, affirm her decision to leave: that was correct, don't let her second-guess it just because the scammers are still showing fake gains to the remaining members. The 'everyone is making money' claim is the textbook pig-butchering social-proof phase — the 'gains' are fabricated dashboard numbers, and members who try to withdraw will be told they owe 'taxes' or 'fees' that chip away at their supposed profits. About the three aunties still in the group: you can't force them out, but you can give your mom scripts for quiet 1-to-1 outreach (not group confrontation, which triggers face-saving dynamics and backfires). Suggest she reach out to each auntie individually with something like: 『我之前都喺嗰個group，我個女幫我查過，嗰類group一般有問題。你自己留意下，如果你想攞返啲錢出嚟試下，可能會見到有啲奇怪嘅fee』. Report the group to WeChat through the in-app report function, and if any auntie has sent substantial money, the IC3.gov report is worth filing.",,Ambiguous edge case (pig_butchering_group_chat): surface features overlap with both scam and safe patterns; the joint feature combination (phone_call + code_mixed_cantonese_english + collectivist_pressure) is deliberately inconclusive.
cdef-075,媽係我呀，Jason。我今日喺Kaiser做血液檢查，doctor話我嘅iron level有少少低，要我食啲supplement。我幫你同爸check埋，你哋下次appointment我陪你哋去。你哋唔使擔心，我冇事嘅。今晚我返嚟食飯。,-,safe,legitimate_communication,ordinary_family_message,code_mixed_cantonese_english,traditional,wechat_1to1,elder_immigrant,filial_piety,legitimate_process,negative_space,verify_via_official_channel,"Ordinary code-mixed Cantonese-English family message from a 1.5-generation son to his immigrant mother — the baseline linguistic texture of Chinese-American family life. Verified signals: son self-identifies (Jason), references a real HMO (Kaiser Permanente), reports a routine clinically-minor finding (slightly low iron, take a supplement — standard primary-care follow-up, no urgency), offers reciprocal help with the parents' upcoming appointments, and closes with 'don't worry, I'm fine, I'll be home for dinner.' No money request, no SSN, no urgency, no secrecy. Confidence check: if mom is ever unsure whether a message is really from Jason, the rule is simple — call his saved mobile number from her own contacts before reacting to anything in the chat; real Jason will always pick up, and anyone impersonating him cannot. She can also cross-check his Kaiser visit by asking him to show her the visit summary in his kp.org app next time he's home. Iron-deficiency and similar low-severity health details in a known-contact code-mixed message are baseline family texture, not a scam signal; if a future message in the same thread ever shifts to 'wire me money for an urgent surgery' or 'buy a gift card,' that IS the scam variant (contrast grandchild-impersonation rows).",,"Ordinary family message in code_mixed_cantonese_english via wechat_1to1 — channel and language are jointly determined by the family's actual communication habits (WeChat for Chinese-speaking families, SMS for English-dominant); lever filial_piety reflects the family relationship, not a manipulation vector; no fraud-adjacent features present."
cdef-076,"Hey sis, Mom called me freaking out saying the FBI called her saying I'm under investigation for money laundering at my job and that I'll lose my green card unless she wires $30K today. I'm obviously fine and at work. Can you call her and calm her down? She was about to drive to her bank.",-,scam,fraud,student_child_as_leverage,english,romanized,sms,cross_demo_edge,filial_piety,"authority_impersonation,urgency_manipulation,isolation_tactic",original,hang_up_and_verify,"This is the adult version of the student-as-leverage scam — the child (your brother/sister) is fine; your mother is the actual target. The scammer used an 'FBI + green card + child in trouble' frame because all three triggers stack in a first-generation immigrant parent: fear of US authorities, fear for the child's immigration status, and filial instinct. Call your mom immediately: tell her your sibling is fine (let the sibling get on the call too if possible), tell her the FBI does not call parents about adult children's jobs, the FBI does not collect money, and no green card gets revoked over a wire transfer. If she's already at the bank, call the bank directly and flag the transaction — most major banks will pause a wire if the customer is a senior reporting an FBI scam frame. Save the FBI's real number (1-800-CALL-FBI or ic3.gov) for her phone. After the immediate fire is out, walk her through what red flags to recognize next time, because scammers who succeed once often come back, and scammers who get hung up on often come back with a different script.",,Student-child-as-leverage scams use phone_call or SMS in Cantonese or English; lever is filial_piety because the scam exploits the parent's fear for a child studying abroad.
cdef-077,"Auntie, Allen here (Mary's husband). Mary wanted me to let you know her 體檢 results came back normal — the nodule on her thyroid is benign, the doctor isn't worried. She'll call you tomorrow, just got too tired tonight. Take care of yourself too, and thanks for the soup last week. 晚安。",-,safe,legitimate_communication,real_family_message,code_mixed_english_cantonese,traditional,sms,elder_immigrant,filial_piety,legitimate_process,contrast,verify_via_official_channel,"This is a legitimate code-mixed family update from a son-in-law. Verified signals: the sender is a known family member (Mary's husband, whom Auntie knows), references a specific prior concern the family actually had (a thyroid check), delivers reassurance rather than demanding action, references a recent shared real-world event (soup last week) that only a real family member would know, and offers a normal next-day follow-up. No money request, no urgency, no isolation. This is how second-generation family members often write to first-generation in-laws — English as the base language with selective Cantonese where it feels more natural (體檢 for 'physical exam,' 晚安 for 'good night'). Rows like this matter because the code-mixing pattern itself is not a fraud signal — a scammer impersonating Allen would either get the code-mixing wrong (too formal, or inconsistent) or avoid it entirely.",,"Contrast twin of grandparent_scam_chinese: shares surface features (channel=sms, language=code_mixed_english_cantonese, authority tone) but differs in the causal feature — verifiable institutional identity, absence of fund-transfer demand, or presence of known family context. The model must learn that sms + code_mixed_english_cantonese + authority language does NOT determine fraud; the causal features do."
cdef-078,"Hi, I'm calling from JADE Elder Care Solutions. We specialize in arranging in-home caregivers for Chinese-speaking elders. Your father's primary care doctor at UCSF referred him to us — we have a caregiver available starting Monday for $35/hour, first 10 hours free if you sign today. I can email you the contract and we just need your credit card to hold the slot. We accept Zelle if easier.",-,scam,fraud,fake_elder_care_services,english,romanized,phone_call,adult_child_caregiver,filial_piety,"authority_impersonation,urgency_manipulation,advance_fee",original,hang_up_and_verify,"Fake elder-care agency scam targeting adult-child caregivers. Several signals: an agency you've never heard of claiming a doctor referral (UCSF does not refer patients to private agencies by phone cold-call to family members), a same-day contract deadline, 'first 10 hours free' as a close-the-sale hook, and payment collection by Zelle — which is a major red flag since Zelle is irreversible and legitimate home care agencies bill through invoices, long-term care insurance, or VA benefits. Hang up. If your father actually needs home care, ask his UCSF primary care doctor directly (through MyChart or the clinic's main line) for their social worker's recommendations. Real agencies are licensed through the California Department of Social Services and can be looked up in the state's Home Care Services Registry (hcsbtbcs.cdss.ca.gov). Zelle for elder care arrangement is the specific tell — no real agency works that way.","Great, let me give you my credit card now — my dad really needs help.",Fake Elder Care Services targets adult_child_caregiver or cross_demo via phone_call in English; lever is authority_deference or filial_piety because the scam impersonates professional services the family is actively seeking.
cdef-079,"BUPA Health notice for Wong Siu Ming. 親愛的會員，您嘅年度preventive health check benefit 將於6月30日到期。Please schedule your annual physical through the BUPA app or by calling 1-800-XXX-XXXX (also on the back of your BUPA card). We will never ask for your SSN, bank details, or passwords. 多謝。",-,safe,legitimate_communication,real_health_insurance_notice,code_mixed_english_cantonese,traditional,mail,elder_immigrant,authority_deference,"legitimate_process,verified_source",contrast,verify_via_official_channel,"Legitimate code-mixed English-Cantonese BUPA Health preventive-benefit reminder delivered by mail — the real counterpart to health-insurance impersonation scams. Verified signals: BUPA is a genuine international health insurer with major operations in the UK, Hong Kong (bupa.com.hk), Australia (bupa.com.au), and the Bay Area diaspora market; the mail channel matches BUPA's real notice-delivery posture (scams overwhelmingly use phone or SMS); the message references a specific benefit (annual preventive health check) with a specific deadline (June 30) that Mr. Wong can verify in his own member portal; it routes scheduling to the BUPA app he already uses or to the number printed on the back of his physical BUPA card; and includes the explicit 'we will never ask for SSN, banking info, or passwords' disclaimer matching BUPA's real anti-fraud policy. The English-core-with-Cantonese-bookend code-mixing is a standard real BUPA style for Chinese-speaking members. Confidence check: Mr. Wong should log into the BUPA app or bupa.com.hk under his existing credentials to confirm the June 30 benefit-expiration appears in My Benefits; any follow-up contact should be initiated by him via the number on the back of his physical card (never a number printed inside any letter). If any 'BUPA' contact ever requests a 'processing fee' to schedule a covered preventive visit, that is the scam variant — real preventive benefits are zero-out-of-pocket by design.",,"Contrast twin of health_insurance_claim_fraud: shares surface features (channel=mail, language=code_mixed_english_cantonese, authority tone) but differs in the causal feature — verifiable institutional identity, absence of fund-transfer demand, or presence of known family context. The model must learn that mail + code_mixed_english_cantonese + authority language does NOT determine fraud; the causal features do."
cdef-080,"Ma, I'm forwarding you something that came through our company's HR portal today. An email saying our company has been breached and elderly family members of employees may have been targeted by follow-on scams. It says we should warn our parents about any calls or texts in the next 2 weeks claiming to be from our employer. The email looks real to me but I wanted to check before I scare you for no reason. 你最近有冇收到奇怪嘅電話?",-,ambiguous,edge_case,forwarded_from_parent_confusion,code_mixed_english_cantonese,traditional,wechat_1to1,cross_demo_edge,filial_piety,urgency_manipulation,edge_case,verify_via_official_channel,"Interesting edge case — the adult child is doing the forwarding here, asking their parent to stay alert. The question is whether the HR email is real. Two possibilities: (1) A legitimate corporate breach notification about follow-on social-engineering attacks (these happen and are increasingly common — Anthem, Equifax, and others have notified customers this way). (2) A phishing email impersonating HR to get employees to panic their parents, harvesting contact information or priming elders for scam follow-through. The verification test is simple: log into the company HR portal directly (not through a link in the email) and check for the same notice there. If the breach notice is in the portal, it's real — and the advice to warn your parent is sound. If it's only in the email, don't act on it yet. Either way, telling your mom to expect suspicious calls over the next two weeks is good hygiene regardless of whether the original email is legitimate. The caregiver instinct shown here — pause, verify with the parent before alarming them — is exactly right.",,Ambiguous forwarded message: insufficient context to classify; channel wechat_1to1 and language code_mixed_english_cantonese are plausible for both scam and legitimate; the model should express uncertainty rather than forcing a verdict.
cdef-081,"Auntie, your daughter Linda called our front desk from Hong Kong about an hour ago very distressed. She says she can't reach you on WhatsApp and that her daughter (your granddaughter) has been in an accident. She asked me to have you call her immediately at +852-9XXX-XXXX. I'm the front-desk concierge at your building, 7th floor. Sorry to deliver this kind of news.",-,scam,fraud,grandparent_scam_chinese,english,romanized,phone_call,elder_immigrant,filial_piety,"authority_impersonation,urgency_manipulation,isolation_tactic",original,hang_up_and_verify,"Sophisticated grandparent-scam variant — the scammer impersonates the building concierge rather than the family member directly, which makes the 'emergency' feel third-party-verified. Red flags: a concierge you may or may not recognize delivering urgent family news by phone (real concierges walk up or use the building intercom; they don't cold-call residents with overseas family emergencies), a number given for you to call back (the scammer controls that number), and a framing that bypasses direct verification ('she can't reach you on WhatsApp'). Hang up. Call Linda directly on the number you already have for her — don't use the number the concierge gave. If Linda doesn't answer immediately, still don't call the provided number; try again, call your granddaughter's parents or any other relative in HK, or check Linda's last WhatsApp message for consistency. If the concierge claim is real, you can verify by calling your building's management office (number on your lease, not one you're given). This scam is particularly dangerous for elders living in buildings with concierge services who might trust the 'concierge' frame.","Oh no, let me call that number right away. Thank you so much for letting me know.",Grandparent scams arrive by phone_call (voice urgency is essential) in the grandchild's expected language; lever is always filial_piety because the scam exploits the elder's instinct to protect a grandchild in danger; the scam demands secrecy from other family members.
cdef-082,媽你上次同我講嘅銀行電話，我今日搵咗Wells Fargo個fraud department查過，佢哋confirm嗰個1-800係fake嘅。你打去畀嗰個password hint之後我哋改咗password，cancel咗個debit card，重新issue緊。保險起見你下個星期去branch in-person見個banker幫你set up一個new secondary account做你啲Social Security direct deposit。我禮拜六陪你去。,-,safe,legitimate_communication,ordinary_family_message,code_mixed_cantonese_english,traditional,wechat_1to1,elder_immigrant,filial_piety,legitimate_process,negative_space,verify_via_official_channel,"This is your adult child reporting back after cleaning up a past bank-impersonation scam — the after-scam caregiver loop that deserves its own baseline in this dataset. Translation: 'Mom, about that bank call you told me about — I checked with Wells Fargo's fraud department today, they confirmed the 1-800 was fake. After you gave them the password hint, we changed the password, cancelled the debit card, they're reissuing. To be safe, next week go in-person to the branch to meet a banker and set up a new secondary account for your Social Security direct deposit. I'll come with you Saturday.' No red flags — every element is the right response to a past scam: contacting the real fraud department through the real bank, changing passwords, cancelling cards, adding in-person verification, and the child accompanying the parent to the branch. Rows like this teach the model what good post-incident caregiver coordination actually looks like, so it can reinforce the pattern when similar situations arise.",,"Ordinary family message in code_mixed_cantonese_english via wechat_1to1 — channel and language are jointly determined by the family's actual communication habits (WeChat for Chinese-speaking families, SMS for English-dominant); lever filial_piety reflects the family relationship, not a manipulation vector; no fraud-adjacent features present."
cdef-083,"Hi, I'm calling from County Adult Protective Services. We received a report about potential financial exploitation of your mother Mrs. Li by a member of your family. I can't disclose the reporter, but I need to schedule a visit to verify her safety and financial situation. Given the sensitive nature, we'd like you present. What's your availability this week? My badge is APS-CA-8472.",-,scam,fraud,fake_government_agency,english,romanized,phone_call,adult_child_caregiver,authority_deference,"authority_impersonation,urgency_manipulation",original,hang_up_and_verify,"Fake APS scam targeting the adult child — a pattern that exploits the caregiver's fear of being accused of elder abuse or of missing signs of exploitation. Red flags: real Adult Protective Services in California does not call family members by phone with 'badge numbers' and scheduling requests — they show up unannounced or make arrangements through a county social worker who identifies a specific office and case number. The 'I can't disclose the reporter' line is a real APS convention, which makes this scam's framing dangerous. The next move in the scam is typically one of two pivots: either a request for financial records (which lets the scammer inventory the family's assets), or an 'emergency court fee' the caregiver pays to prevent a wrongful removal of the elder into state custody. Hang up. If you want to verify there's no real APS case, call your county's APS office directly (look up the number on the county .gov site) and ask. Real APS has intake logs — they can confirm a case exists or doesn't. Do not provide financial information, schedule anything, or pay any 'fee' over the phone.",How do I prove she's safe? I'll do whatever you need — please don't take her away from us.,Fake Government Agency targets adult_child_caregiver or cross_demo via phone_call in English; lever is authority_deference or filial_piety because the scam impersonates professional services the family is actively seeking.
cdef-084,"Mr. Chen, I'm Dr. Patel's office manager at El Camino Cardiology. Your father was in for his echocardiogram last Tuesday and Dr. Patel wants to add a follow-up medication. I tried reaching your father but he doesn't check voicemail. Could you help him set up an appointment this week? Our number is 650-962-4000 — it's also on his after-visit summary. I don't need any payment info, just trying to make sure he takes the next step. Thanks.",-,safe,legitimate_communication,real_medical_appointment,english,romanized,phone_call,adult_child_caregiver,filial_piety,"legitimate_process,verified_source",contrast,verify_via_official_channel,"Legitimate El Camino Cardiology follow-up call to an adult-child caregiver because the elderly patient isn't checking voicemail — a common real-world healthcare workflow, not a scam signal. Verified signals: El Camino Cardiology is part of the real El Camino Health network in Mountain View and Los Gatos (elcaminohealth.org); the office manager references a specific past appointment (echocardiogram last Tuesday); the phone number 650-962-4000 is also printed on the father's after-visit summary, so it cross-verifies against a document already in the family's possession; Dr. Patel is named; and the call explicitly disclaims any payment or insurance-info request — only asks the son to help his father schedule the next visit. Confidence check: Mr. Chen can independently type elcaminohealth.org into a fresh browser tab, find the main cardiology department number, and confirm it matches 650-962-4000; if he has proxy access to his father's MyChart, he can log in and see the recommended medication-adjustment follow-up in the After-Visit Summary. Real clinical escalations to the adult child never demand payment, SSN, or Medicare-number verification on the first call — the clinic already has all of that on file. If any follow-up 'El Camino Cardiology' contact asks for credit-card or SSN information, that is the scam variant (contrast parent_medical_emergency_impersonation rows).",,"Contrast twin of health_insurance_claim_fraud: shares surface features (channel=phone_call, language=english, authority tone) but differs in the causal feature — verifiable institutional identity, absence of fund-transfer demand, or presence of known family context. The model must learn that phone_call + english + authority language does NOT determine fraud; the causal features do."
cdef-085,"Hi David, this is Nancy Wu, your mom's longtime friend from St. Mary's Catholic Church. I'm sorry to bother you but your mom called me last night very confused. She said she'd sent money to someone she'd been talking to online for a few months who said they were going to visit her. Now they're saying they need more money for a 'customs fee' to release their investment profits. She wanted my advice and I didn't know what to say but I promised to reach you. I'll call back in an hour if that's OK. My number is on church contacts.",-,ambiguous,edge_case,pig_butchering_wechat,english,romanized,phone_call,cross_demo_edge,filial_piety,"face_saving,sunk_cost_escalation",edge_case,verify_via_official_channel,"This is one of the hardest caregiver scenarios in the dataset — a church friend flagging a likely pig-butchering / romance scam your mom has been keeping secret from you for months. The specific phrases ('customs fee,' 'investment profits') confirm it's the pig-butchering pattern in its extraction phase. Caller verification first: Nancy Wu being from St. Mary's is probably legitimate (scammers don't usually construct church-friend pretexts), but even if she isn't, her advice is right. Call your mom directly. The hard part is what to say when you do: shame drives this scam as much as the scammer does, and 'why didn't you tell me?' will make her retreat further. Start with: 『媽，我唔嬲你，我只係想保護你』. Then: no more money goes to that person, full stop, regardless of 'profits' that supposedly await. The money already sent is almost certainly gone — pursue recovery through IC3.gov, the bank's fraud department (stop any recurring authorizations), and if crypto was involved, file with the bank that issued the debit card used. Emotional recovery matters too: victims of long-grooming scams often need professional support, and the Alzheimer's Association and AARP both have resources (aarp.org/money/scams-fraud/). Nancy is a good ally — ask her to stay in contact with your mom through the church community without making her feel exposed.",,Ambiguous edge case (pig_butchering_wechat): surface features overlap with both scam and safe patterns; the joint feature combination (phone_call + english + filial_piety) is deliberately inconclusive.
cdef-086,"Hi, I'm calling from Hospice of the Valley. Your mother named you as primary contact on her advance directive last year. I'm the admissions coordinator and your mother's oncologist, Dr. Yuen, has asked us to consult about comfort care. This is not an emergency — your mother is stable — but Dr. Yuen felt the conversation should begin. May I schedule a time to meet with you and your mother together? Our office is at 1500 Los Gatos Blvd and our number is 408-XXX-XXXX.",-,safe,legitimate_communication,real_medical_appointment,english,romanized,phone_call,adult_child_caregiver,filial_piety,"legitimate_process,verified_source",contrast,verify_via_official_channel,"Legitimate Hospice of the Valley admissions-coordinator call — emotionally heavy but procedurally normal end-of-life-care coordination that the adult-child caregiver is increasingly likely to receive. Verified signals: references a real prior document (the mother's advance directive naming the son as primary contact); names the mother's actual oncologist (Dr. Yuen) who referred the consult; Hospice of the Valley is a real California 501(c)(3) hospice serving Santa Clara County (hospicevalley.org, main intake 408-559-5600, headquartered at 4850 Union Ave San Jose with satellite offices across the South Bay); explicitly disclaims emergency status ('your mother is stable'); asks for a joint family meeting rather than phone-only decisions; and makes no payment or insurance-info request on the first call. Confidence check: the son can independently type hospicevalley.org into a fresh browser tab, call the main intake line at 408-559-5600, and ask admissions whether his mother was referred by Dr. Yuen; Dr. Yuen's office can separately confirm the referral from the oncology side. Hospice of the Valley is nonprofit-accredited and CMS-certified (verify CMS certification at medicare.gov/care-compare under 'Hospice'). Real hospice admissions calls never ask for upfront deposits or urgent Medicare-number verification — Medicare Part A hospice benefit covers 100% with zero out-of-pocket cost to the patient. If any 'Hospice of the Valley' follow-up demands an admission fee or immediate Medicare/SSN collection, that IS the scam variant.",,"Contrast twin of health_insurance_claim_fraud: shares surface features (channel=phone_call, language=english, authority tone) but differs in the causal feature — verifiable institutional identity, absence of fund-transfer demand, or presence of known family context. The model must learn that phone_call + english + authority language does NOT determine fraud; the causal features do."
cdef-087,爸，我係Michelle。今日好忙冇時間打電話。Quick update: Mom上次個mammogram results normal，Dr. Ho話半年後再check。我star咗個appointment喺Calendar，用你個Kaiser login set reminder。Week of June 3，我陪佢。你同哥哥唔使做咩，我handle晒。Love you.,-,safe,legitimate_communication,ordinary_family_message,code_mixed_cantonese_english,traditional,sms,elder_immigrant,filial_piety,legitimate_process,negative_space,verify_via_official_channel,"Entirely ordinary caregiver coordination SMS. Translation: 'Dad it's Michelle. Really busy today, no time to call. Quick update: Mom's mammogram results were normal, Dr. Ho said check again in six months. I starred the appointment in Calendar, set the reminder through your Kaiser login. Week of June 3, I'll go with her. You and brother don't need to do anything, I've got it. Love you.' A daughter giving her father a medical update about her mother, handling logistics, asking for nothing. No red flags. The code-mixing style (quick English functional verbs 'star,' 'set,' 'handle,' embedded in Cantonese sentence structure) is exactly how 1.5-generation adult children communicate with first-generation parents about US healthcare logistics. The model needs many rows like this to learn that routine caregiver updates are not suspicious — the overwhelming majority of Cantonese-English code-mixed family SMS are just family.",,"Ordinary family message in code_mixed_cantonese_english via sms — channel and language are jointly determined by the family's actual communication habits (WeChat for Chinese-speaking families, SMS for English-dominant); lever filial_piety reflects the family relationship, not a manipulation vector; no fraud-adjacent features present."
cdef-104,"Hello, I'm Dr. Sarah Martinez, the pharmacist at the Walgreens on Geary. Your father dropped off a prescription today but it looks like he may be taking two medications that can interact — the warfarin from Kaiser and a supplement he bought labeled 何首烏. I didn't want to alarm him directly, so I'm calling the emergency contact on his file. Could you check in with him and maybe loop in Kaiser? Our store number is 415-XXX-XXXX if he wants to call back.",-,safe,legitimate_communication,real_pharmacy_notification,english,romanized,phone_call,adult_child_caregiver,health_anxiety,legitimate_process,contrast,verify_via_official_channel,"Legitimate pharmacist safety call to the adult-child emergency contact — a real and increasingly common scenario at pharmacies serving patients who take both Western prescriptions and traditional Chinese herbal supplements. Verified signals: the pharmacist self-identifies as Dr. Sarah Martinez, PharmD at a specific named store (Walgreens on Geary — SF has multiple Geary Blvd Walgreens including 4645 Geary Blvd at 415-771-1568); references a specific prescription the father actually dropped off (warfarin from Kaiser); flags a real documented drug-herb interaction (warfarin + 何首烏 / Polygonum multiflorum has a well-established additive anticoagulant/hepatotoxicity risk profile in the pharmacology literature); and routes the safety concern BACK to the prescribing Kaiser clinician rather than requesting money or information. Confidence check: the son can independently look up the Walgreens Geary store number on walgreens.com/storelocator and call to confirm a pharmacist named Sarah Martinez, PharmD works there; California pharmacist licenses are publicly verifiable at search.dca.ca.gov under 'Board of Pharmacy Pharmacist' lookup. He should then call his father's Kaiser primary-care line to loop in the warfarin-prescribing physician. Real clinical-safety pharmacist calls never ask for SSN, payment, or Medicare information — they flag the interaction and hand off to the prescriber. If any 'pharmacist' follow-up demands a wire transfer to 'prevent a lethal reaction,' that is the scam variant.",,"Contrast twin of miracle_health_product: shares surface features (channel=phone_call, language=english, authority tone) but differs in the causal feature — verifiable institutional identity, absence of fund-transfer demand, or presence of known family context. The model must learn that phone_call + english + authority language does NOT determine fraud; the causal features do."
cdef-089,你個仔嘅公司HR部門打嚟，話佢今個星期冇返工，已經three days missing。佢哋搵唔到佢，想問你知唔知佢喺邊。佢哋話如果24小時內冇回覆，要報missing person。我畀咗你個phone number佢哋，請你confirm you got this message. — Building Manager,-,scam,fraud,grandparent_scam_chinese,code_mixed_cantonese_english,traditional,wechat_1to1,elder_immigrant,filial_piety,"authority_impersonation,urgency_manipulation,isolation_tactic",original,hang_up_and_verify,"Sophisticated grandparent-scam variant in code-mixed Cantonese-English. Translation of the scam text: 'Your son's company HR called, said he hasn't been at work this week, three days missing. They can't find him, asking if you know where he is. They say if no reply within 24 hours, they need to file a missing person report. I gave them your number — please confirm you got this message. — Building Manager.' Red flags: a building manager you may or may not know relaying a company HR inquiry (neither role would work this way — real HR contacts family through emergency contacts on file, real building managers don't mediate employment matters), a 24-hour deadline, and the 'missing person' framing designed to panic the parent into immediate contact with whatever callback number arrives next. The code-mixing makes the message feel authentic to a first-generation parent — which is exactly why scammers are increasingly using it. Don't reply to the WeChat message. Call your son directly on the number you already have. If he answers and is fine, forward the scam to him and report it. If he doesn't answer, try his spouse or his actual workplace (look up the company number independently, don't use anything in the message).",哎呀急死我啦，我即刻confirm，請問點樣搵到我個仔?,Grandparent scams arrive by phone_call (voice urgency is essential) in the grandchild's expected language; lever is always filial_piety because the scam exploits the elder's instinct to protect a grandchild in danger; the scam demands secrecy from other family members.
cdef-090,"Hello, this is Karen from Prudential. I'm calling because your father's life insurance policy has a beneficiary update that needs verification. We noticed you were added as a secondary beneficiary last month but we don't have your SSN on file to complete the enrollment. Could I get that over the phone so your coverage isn't interrupted? Also need your date of birth.",-,scam,fraud,credential_theft_insurance,english,romanized,phone_call,adult_child_caregiver,authority_deference,"authority_impersonation,credential_theft",original,hang_up_and_verify,"Fake insurance-company beneficiary scam targeting the adult child as secondary beneficiary. Red flags: a major insurer calling to collect SSN and DOB over the phone (no legitimate insurer does this by phone — beneficiary enrollments are done through the policyholder's online account or signed paperwork the primary insured submits), urgency implied ('coverage isn't interrupted' — beneficiaries aren't the ones with coverage that can be interrupted, which is the tell that the scam is written by someone who doesn't actually understand insurance), and a request for two high-value PII elements in a single call. Hang up. If your father genuinely updated his policy's beneficiaries, either he already told you or he'll have paperwork. You can verify by calling Prudential's main customer service at the number on their website (prudential.com), and they can tell you whether any real update is in process. Never give SSN or DOB to an inbound caller — the rule is absolute, regardless of how plausible the pretext sounds.",Let me give you my SSN right now — I don't want to lose the coverage.,Credential Theft Insurance targets adult_child_caregiver or cross_demo via phone_call in English; lever is authority_deference or filial_piety because the scam impersonates professional services the family is actively seeking.
cdef-091,爸，我改咗你WeChat密碼，因為今朝你話你部手機俾人remote control。我set咗two-factor authentication，用你個cell phone，每次log in要你輸個code。密碼寫咗喺飯枱上張yellow note度，記住唔好俾第二個人睇到。下個禮拜我過嚟幫你check埋你其他account。,-,safe,legitimate_communication,ordinary_family_message,code_mixed_cantonese_english,traditional,wechat_1to1,elder_immigrant,filial_piety,legitimate_process,negative_space,verify_via_official_channel,"Exemplary Cantonese-English post-incident caregiver follow-through after a suspected remote-control scam on dad's phone. Verified signals: the adult child did the four right things — changed the WeChat password, enabled 2FA bound to dad's cell phone (standard Tencent recovery path at 我 → 设置 → 帐号与安全 → 声音锁 / 登录设备管理), wrote the new password on a physical yellow note placed where dad can find it but where unauthorized visitors wouldn't normally see it, and scheduled a broader account audit for next week. No money was moved, no PII was shared with any outside party. Confidence check: dad can independently verify 2FA is active by opening WeChat → 我 → 设置 → 帐号与安全 and confirming 'Voice Lock' or 'Login Device Management' shows his new device only; if any other device appears, kick it off from the same panel. If any caller ever claims to be 'WeChat Security' and asks dad to disable 2FA 'temporarily,' read out the yellow-note password, or install remote-support software (AnyDesk, TeamViewer, Quick Support), that IS the scam variant — Tencent never asks customers to disable their own security or install screen-sharing tools. Positive caregiver-remediation exemplar.",,"Ordinary family message in code_mixed_cantonese_english via wechat_1to1 — channel and language are jointly determined by the family's actual communication habits (WeChat for Chinese-speaking families, SMS for English-dominant); lever filial_piety reflects the family relationship, not a manipulation vector; no fraud-adjacent features present."
cdef-092,"Hi, this is Officer Wong from San Francisco Police, speaking with you as the emergency contact for Mr. Zhang, apartment 4C. He was the victim of a phone scam this morning and wired $15,000 before his neighbor realized and called us. He's physically safe but pretty shaken. We've filed a report (case SF-2026-8437). I don't need any money or information from you — I'm calling so you can come support him and so we can talk about what recovery steps are possible. I'm at Central Station, 766 Vallejo, 415-315-2400.",-,safe,legitimate_communication,real_police_procedure,english,romanized,phone_call,adult_child_caregiver,filial_piety,"legitimate_process,verified_source",contrast,verify_via_official_channel,"Legitimate police call to the adult child after a parent was victimized by a scam — a difficult but crucial kind of contact to treat as normal in the dataset. Verified signals: the officer identifies himself by name, references a specific real event (your father wired $15K after being scammed), gives a real case number, explicitly states he needs no money or information from you, names the real station (Central, 766 Vallejo), and provides the real front-desk number 415-315-2400. No payment request, no urgency beyond the natural need for family support, no off-channel redirect. Verify by calling Central Station independently and asking for Officer Wong and the case number. After verification, what matters: get to your father, call his bank's fraud department (the wire may be recoverable if caught within 24 hours), file an IC3.gov report, and don't pile shame on him — scam-shame is why many elders never tell their kids until the losses compound. This row is the emotional inverse of the scam calls — a real officer's job here is to reduce harm, not extract value.",,"Contrast twin of chinese_police_impersonation: shares surface features (channel=phone_call, language=english, authority tone) but differs in the causal feature — verifiable institutional identity, absence of fund-transfer demand, or presence of known family context. The model must learn that phone_call + english + authority language does NOT determine fraud; the causal features do."
cdef-093,"Hi Auntie, it's your niece Pauline. I heard from Grandma yesterday that you've been getting a lot of strange phone calls. I'm sorry — I know it's scary. I put together a cheat sheet of numbers you can call to verify anything: SFPD Central Station 415-315-2400, Kaiser member services on the back of your card, the Chinese Consulate in SF 415-852-5900. I'll laminate it and bring it Sunday. Also, 任何時候有電話覺得古怪，即刻打俾我先，我陪你諗. Love you.",-,safe,legitimate_communication,real_family_message,code_mixed_english_cantonese,traditional,sms,elder_immigrant,filial_piety,legitimate_process,contrast,verify_via_official_channel,"Legitimate family member offering scam-prevention help — the proactive side of caregiver support. Verified signals: a known family member (niece), references a real conversation her grandmother had with the aunt, specific real verification numbers (SFPD Central 415-315-2400, Chinese Consulate SF 415-852-5900 are both real), offers physical help (laminated card), and encourages the aunt to call before reacting to any suspicious call — the exact habit that breaks most phone scams. The closing Cantonese line translates to 'anytime you get a call that feels strange, call me first, I'll think it through with you' — which is the single best piece of advice for any elderly parent's scam-safety plan. This is the behavior the whole dataset is ultimately trying to teach caregivers to adopt — a row where the caregiver gets it right gives the model something to reinforce.",,"Contrast twin of grandparent_scam_chinese: shares surface features (channel=sms, language=code_mixed_english_cantonese, authority tone) but differs in the causal feature — verifiable institutional identity, absence of fund-transfer demand, or presence of known family context. The model must learn that sms + code_mixed_english_cantonese + authority language does NOT determine fraud; the causal features do."
cdef-094,"媽，I saw this ad on 小紅書 from my friend sharing — 華人幫助華人 investment group, monthly guaranteed 12% USDT returns, run by a 華人 teacher in Texas. 好多aunties都投咗，說好。I'm thinking of putting some of the money I got from Grandma's 紅包 savings. Is this OK?",-,scam,fraud,pig_butchering_group_chat,code_mixed_mandarin_english,simplified,wechat_1to1,cross_demo_edge,collectivist_pressure,guaranteed_returns,original,hang_up_and_verify,"An adult child asking their parent about a pig-butchering opportunity — a reverse scenario where the caregiver is the one at risk and the parent is in the verification seat. This row matters because second-generation young adults are increasingly being targeted through 小紅書 (Xiaohongshu), WeChat, and TikTok with Chinese-community-branded investment scams. Red flags: 'guaranteed 12% monthly' is 289% annualized — no legitimate fund produces this; USDT settlement is an irreversible-rail giveaway; 'Chinese helping Chinese' is the exact collectivist-pressure pitch the typology documents; 'many aunties invested' is fabricated social proof. The parent should say no and explain why: any investment promising guaranteed returns violates both SEC rules and basic finance (the risk-return tradeoff is a law of markets, not a convention). Real alternatives: a custodial brokerage account at Fidelity or Schwab, a low-cost index fund, a Treasury bond from treasurydirect.gov — boring but real. If the parent's English is limited, this is also a good opening to introduce the FINRA BrokerCheck habit together (brokercheck.finra.org is searchable in multiple languages).",,Pig-butchering group scams use wechat_group in Mandarin with shill participants; lever is collectivist_pressure because the group creates social proof ('everyone else is profiting') to override individual skepticism.
cdef-095,"Hi, this is Angela Kim, a case worker with San Mateo County In-Home Supportive Services (IHSS). Your father Mr. Tam applied for the IHSS program two months ago and his eligibility interview is scheduled for next Tuesday at 10am at our San Mateo office, 400 County Center. He should bring his Medi-Cal card and two photo IDs. No payment is required for IHSS — it's a free program. You're welcome to attend as his family member. Our office number is 650-573-2600. The case number on his file is IHSS-25-8842.",-,safe,legitimate_communication,real_community_organization,english,romanized,phone_call,adult_child_caregiver,filial_piety,"legitimate_process,verified_source",contrast,verify_via_official_channel,"Legitimate county-level social services call about an in-home care program. Verified signals: references a real application your father actually submitted (you can ask him to confirm), names a real program (IHSS is California's In-Home Supportive Services — real, county-administered, free), a real county office address (400 County Center is the real San Mateo County government complex), explicitly states no payment is required, provides a real case number format, and invites family attendance rather than discouraging it. The 650-573-2600 number is San Mateo County's real main line area code. No urgency, no payment request, no off-channel redirect. To verify, go to smcgov.org or call the county main number from an independent search. This row matters because Chinese-American caregivers navigating US safety-net programs for their parents (IHSS, Medicaid, MSSP) receive lots of these calls, and the model shouldn't flag routine government caseworker outreach as fraud-adjacent. Real county programs look like this: specific, process-oriented, and verifiable through .gov channels.",,"Contrast twin of pig_butchering_group_chat: shares surface features (channel=phone_call, language=english, authority tone) but differs in the causal feature — verifiable institutional identity, absence of fund-transfer demand, or presence of known family context. The model must learn that phone_call + english + authority language does NOT determine fraud; the causal features do."
cdef-096,"Hey sis, weird one. I got an email from 'Apple Support' saying 媽咪's iCloud was accessed from Shenzhen and they need me to verify with her Apple ID and a credit card to restore access. Looks kind of legit — has Apple logos and everything. But the reply-to address is appleid-secure@icloud-verify[.]net. Should I do anything? She's been on a cruise so if her phone is compromised she can't really help right now.",-,scam,fraud,fake_customer_service_refund,code_mixed_english_cantonese,romanized,sms,adult_child_caregiver,authority_deference,"authority_impersonation,credential_theft",original,hang_up_and_verify,"Your sibling is asking the right question — affirm the instinct. The 'Apple Support' email is a phishing attempt, and the reply-to address gives it away: Apple's real domain is apple.com or icloud.com, never 'icloud-verify[.]net' or any hyphenated lookalike. The Shenzhen-login detail is generic scare framing, the credit-card request is the extraction, and the cruise context ('she can't verify') is exactly the urgency the scammer hopes you'll feel. What to do: (1) don't click anything in the email, don't reply. (2) You can't verify an iCloud issue without her — and real iCloud issues don't require a family member to provide credit card info regardless. (3) When your mom gets off the cruise, have her log into her Apple ID directly at appleid.apple.com and check sign-in history. If there's a real Shenzhen login, she can sign out of all devices from there. (4) Report the phishing email to Apple (phishing@apple.com) and delete it. The pattern of 'parent is temporarily unreachable + urgent account action needed + credit card required' is a specifically-designed caregiver-targeting vector; the next time you see it, it'll be from a different 'company' but the shape will be the same.",The cruise situation makes this scary. Let me just give them the card so mom's account doesn't get locked.,Fake refund scams use phone_call in multiple languages targeting both elders and caregivers; lever is authority_deference (impersonating Amazon/Apple/bank) or filial_piety (when routed through the adult child).
cdef-097,"Hi, 小丸子's in the ER at Good Sam. She took too many of grandma's pills by accident — we think the Klonopin. Doctors say she'll be fine but we need someone to come sit with grandma because she's panicking and neither Jay nor I can leave. Can you drive over? Address is 2425 Samaritan Dr, San Jose. If you want confirmation call Good Sam ER main 408-559-2011. Love you.",-,safe,legitimate_communication,real_family_message,english,romanized,sms,adult_child_caregiver,filial_piety,legitimate_process,negative_space,verify_via_official_channel,"Legitimate family emergency coordination from one sibling to another — the kind of real message that shares surface features with scams (urgency, hospital, another family member 'in trouble') but is structurally different. Verified signals: the sender identifies a specific known child and an accidental ingestion rather than a vague crisis, names a real hospital and address (2425 Samaritan Drive is Good Samaritan Hospital's actual San Jose address, and 408-559-2011 is the real main line), proactively offers a verification number, and asks for a specific reasonable favor (sit with grandma) rather than money or financial information. No wire transfer, no gift cards, no secrecy, no 'don't tell anyone.' Rows like this teach the model that real sibling emergencies can sound urgent and ER-related without being scams — the discriminator is what's being asked for (presence and help, not money) and whether verification is welcomed (yes) or discouraged.",,Negative-space safe row (real_family_message) in english via sms: no fraud-adjacent features present; exists to teach the model that sms messages in english are overwhelmingly benign.
cdef-098,小姐你好，我係樓下China Trust Bank個branch manager Jenny Lee。你爸爸今朝嚟話要wire $50K去Hong Kong，話係幫佢個朋友做投資。佢話唔想畀你知。Our fraud protocol要求我哋hold transactions over $25K when the customer shows signs of elder financial abuse。我冇完成個transfer。佢仲喺office度，可唔可以過嚟?,-,safe,legitimate_communication,real_bank_alert,code_mixed_cantonese_english,traditional,phone_call,adult_child_caregiver,filial_piety,"legitimate_process,verified_source",contrast,verify_via_official_channel,"Legitimate branch-level bank fraud intervention — the caregiver-facing version of what happens when a well-trained banker catches a likely scam in progress. Translation: 'Miss, this is Jenny Lee, the branch manager of China Trust Bank downstairs. Your father came in this morning wanting to wire $50K to Hong Kong, saying it was to help his friend make an investment. He said he doesn't want you to know. Our fraud protocol requires us to hold transactions over $25K when the customer shows signs of elder financial abuse. I did not complete the transfer. He's still in the office — can you come over?' Verified signals: a named bank employee at a specific branch, a plausible and actually-existing elder-abuse hold protocol (California SB-1140 gives banks authority to pause suspicious transactions involving elders), an explicit ask for family presence rather than financial information or authorization, and no money or credentials requested. Verify by calling the branch's main number from an independent source (not a number the caller gave) and asking for Jenny Lee. Go immediately. The father's 'don't tell my daughter' is itself a major scam signal — the banker recognized the pattern. This row shows what the caregiver should hope real bankers do, and what good escalation looks like.",,"Contrast twin of alipay_unionpay_12306_freeze: shares surface features (channel=phone_call, language=code_mixed_cantonese_english, authority tone) but differs in the causal feature — verifiable institutional identity, absence of fund-transfer demand, or presence of known family context. The model must learn that phone_call + code_mixed_cantonese_english + authority language does NOT determine fraud; the causal features do."
cdef-099,Mom forwarded me this 圖片 of a message she got saying Dad owes money for a 海關 package — 『王先生，您的國際包裹因海關稅未繳被扣留，請於24小時內繳納$487手續費，否則包裹將退回原寄地。詳情請致電海關熱線...』. She's worried because Dad DID order something from 淘寶 last month. What do I tell her?,-,ambiguous,edge_case,forwarded_from_parent_confusion,code_mixed_english_mandarin,simplified,sms,cross_demo_edge,authority_deference,"authority_impersonation,urgency_manipulation,advance_fee",edge_case,verify_via_official_channel,"Your mom is asking the right question — and this one is harder because there's a real underlying event (Dad did order from Taobao). That makes the scam message feel plausible. The scam text translates to: 'Mr. Wang, your international package has been detained due to unpaid customs tax. Please pay the $487 processing fee within 24 hours, otherwise the package will be returned to sender. For details call customs hotline...' Red flags despite the real-world setup: (1) US Customs does not contact consumers by Chinese-language SMS demanding fees — real customs/duty charges come through the carrier (USPS, FedEx, UPS) at delivery, not a pre-delivery text with a 24-hour deadline, (2) $487 is inconsistent with any real customs-duty amount for a Taobao order, (3) 'call hotline' numbers in these messages are scammer-controlled. Tell your mom: the package real or not, don't call any number in the SMS, don't pay anything. If Dad is actually expecting a package from Taobao, he can track it through the Taobao or carrier app — if it's held up at customs, the carrier (not a scam text) will notify him, and duties are paid through the carrier. This is a classic pattern where a real event (Taobao order) makes a fake message harder to dismiss — caregivers should learn that overlap-with-reality isn't verification.",,Ambiguous forwarded message: insufficient context to classify; channel sms and language code_mixed_english_mandarin are plausible for both scam and legitimate; the model should express uncertainty rather than forcing a verdict.
cdef-100,"Mr. Lam, this is your sister calling. Mom passed away this morning at the nursing home around 4am. I'm sorry to tell you like this but I've been trying to reach you and your work phone goes to voicemail. I'm at the home now with Aunt Grace. The funeral home is asking about arrangements — can you call me back as soon as you get this? Also her WeChat account — Aunt Grace says there are some financial messages in it we should look at together before anything else. I love you. 珍重.",-,safe,legitimate_communication,real_family_message,english,romanized,phone_call,adult_child_caregiver,filial_piety,legitimate_process,negative_space,verify_via_official_channel,"Legitimate bereavement notification from sibling to sibling — emotionally heavy but structurally ordinary. Verified signals: a sibling with a known relationship, references a specific and verifiable event (the nursing home can confirm), includes multiple family members (Aunt Grace), delivers news before asking for anything, asks for a callback rather than a wire transfer, and raises the financial-messages concern as something to investigate together rather than urgently. No money request, no isolation, no urgency beyond the natural timing of funeral arrangements. Rows involving end-of-life and bereavement matter in this dataset because they often overlap with the moment when scammers target grieving families (obituary-driven identity theft, fake final-expense collectors, fake inheritance-tax scams). Here the sibling's raising of WeChat financial messages to look at together is actually caregiver best-practice — one of the first things families should do after an elderly relative's death is audit the accounts for unauthorized activity. A model that flagged this message as suspicious would fail the moment a real caregiver most needed it to reinforce good instincts.",,Negative-space safe row (real_family_message) in english via phone_call: no fraud-adjacent features present; exists to teach the model that phone_call messages in english are overwhelmingly benign.
cdef-101,"Dear Mr. Chan, your father Robert Chan's 2025 Medi-Cal renewal documents are due for annual recertification. Please submit the enclosed forms (also available at benefitscal.com) by June 15, 2026 to avoid any interruption in coverage. No action is needed if your father has been receiving SSI — his Medi-Cal renews automatically. For questions, contact San Francisco Human Services Agency at 415-558-4700 (this number is also printed on all prior correspondence). We will never call asking for payment or bank information.",-,safe,legitimate_communication,real_health_insurance_notice,english,romanized,mail,adult_child_caregiver,authority_deference,"legitimate_process,verified_source",contrast,verify_via_official_channel,"Legitimate government-program renewal notice to the adult child listed as contact. Verified signals: arrives by mail (the standard real channel for Medi-Cal renewals), references a specific real program and the real online portal (benefitscal.com is California's actual benefits site), provides a specific deadline months out rather than hours, explicitly mentions the SSI auto-renewal pathway, lists a real county number (415-558-4700 is SF Human Services Agency's real main line), and explicitly states the agency will never call for payment or banking info. No urgency, no click-to-verify link, no personal information requested in the message. This is the shape of normal safety-net-program communication — adult children who help parents navigate Medi-Cal, CalFresh, IHSS, and SSI receive these kinds of notices regularly, and the model should treat them as baseline-legitimate. If you want to verify, log in to the parent's existing benefitscal.com account or call 415-558-4700 from an independent look-up.",,"Contrast twin of health_insurance_claim_fraud: shares surface features (channel=mail, language=english, authority tone) but differs in the causal feature — verifiable institutional identity, absence of fund-transfer demand, or presence of known family context. The model must learn that mail + english + authority language does NOT determine fraud; the causal features do."
cdef-102,"Hey Ma, 今日我help you set up Zelle了。Password我寫喺你wallet裡面個card度，用四個數字你easy to remember: ~your wedding anniversary~. Remember: Zelle is INSTANT和不可逆 — once you send, it's gone forever. If anyone ever asks you to Zelle them, especially someone claiming emergencies or deals, 停一停先打電話畀我. Rule: 家人money transactions, 我哋always confirm by voice call first, never just text. Love you. OK? 打電話confirm you got this.",-,safe,legitimate_communication,ordinary_family_message,code_mixed_english_cantonese,traditional,wechat_1to1,elder_immigrant,filial_piety,legitimate_process,negative_space,verify_via_official_channel,"Exemplary caregiver message — an adult child setting up a new financial tool for a parent with all the right safety guardrails embedded. Code-mixed translation: 'Hey Ma, today I helped you set up Zelle. Password is written on the card in your wallet, four digits you can remember: your wedding anniversary. Remember: Zelle is INSTANT and irreversible — once you send, it's gone forever. If anyone ever asks you to Zelle them, especially someone claiming emergencies or deals, pause first and call me. Rule: for family money transactions, we always confirm by voice call first, never just text. Love you. OK? Call me to confirm you got this.' Every element of this message is the right pattern: explain the tool, explain its risk (irreversibility), give a memorable password, establish a family rule (voice confirmation for transactions), close with a verification ask (call me to confirm). No red flags — this is what good caregiving looks like. Rows like this give the model a positive exemplar to reinforce when it sees similar caregiver-to-parent messages, rather than over-flagging every money-adjacent Cantonese-English text.",,"Ordinary family message in code_mixed_english_cantonese via wechat_1to1 — channel and language are jointly determined by the family's actual communication habits (WeChat for Chinese-speaking families, SMS for English-dominant); lever filial_piety reflects the family relationship, not a manipulation vector; no fraud-adjacent features present."
cdef-103,"Hi, this is Mrs. Reyes, your father's ESL teacher at Chinatown Community Center. Your father missed the last three classes which isn't like him. I saw him at Walgreens on Stockton yesterday and he seemed disoriented — didn't recognize me at first and was carrying a large envelope with cash. I don't want to overstep but you're listed as his emergency contact at the center and I thought you should know. Our center's number is 415-391-4133. No need to call me back, just wanted to pass this along.",-,safe,legitimate_communication,real_community_organization,english,romanized,phone_call,adult_child_caregiver,filial_piety,legitimate_process,contrast,verify_via_official_channel,"Legitimate community concern call — an ESL teacher escalating observable behavioral changes to the adult child. Verified signals: names a specific real organization (Chinatown Community Center at 415-391-4133 is a real SF nonprofit at 1044 Stockton Street), references specific observable events (three missed classes, the Walgreens encounter), doesn't make clinical claims but flags the cash-carrying detail (which is concerning given the context of the rest of this dataset), asks nothing financial, and welcomes no-callback closure. The cash-carrying-at-Walgreens signal is the most urgent part: it's a common indicator that an elder is mid-way through a scam-in-progress (wire-to-gift-card conversion happens at pharmacies), and combined with cognitive-disorientation signs it's worth acting on fast. Call your father immediately. Ask him about the envelope carefully, without accusing — 'Dad, Mrs. Reyes saw you at Walgreens yesterday, is everything okay?' If he's been targeted, this might be the intervention window. This row matters because Chinese-community teachers, pharmacists, librarians, and church members are often the first to notice signs of elder fraud in progress — caregivers need to treat these calls as the valuable signal they are.",,"Contrast twin of pig_butchering_group_chat: shares surface features (channel=phone_call, language=english, authority tone) but differs in the causal feature — verifiable institutional identity, absence of fund-transfer demand, or presence of known family context. The model must learn that phone_call + english + authority language does NOT determine fraud; the causal features do."
cdef-105,"Dear Mr./Ms. Wong — our condolences on the passing of your mother Amy Wong. This is Henderson Estate Recovery Group. Our records show Mrs. Wong had an outstanding federal estate tax liability of $8,450 that must be settled within 30 days to close the estate and release remaining assets (her Chase account, her home at 842 Clement St., her safe deposit box). We can expedite with a credit card or bank transfer to our escrow account. Please contact me: Agent Martinez, 855-XXX-XXXX, martinez@estate-recovery-federal[.]org. Reference case ERG-2026-8844.",-,scam,fraud,fake_estate_collection,english,romanized,phone_call,cross_demo_edge,filial_piety,"authority_impersonation,urgency_manipulation,advance_fee",original,hang_up_and_verify,"Obituary-driven estate-tax scam targeting the adult child after a parent's death. Red flags stack hard: (1) no 'Henderson Estate Recovery Group' is a real federal entity — the IRS handles federal estate tax, not private 'recovery groups,' (2) real federal estate tax only applies to estates over $13.6M (2024 exemption) — a Clement Street row house and a Chase account almost certainly aren't triggering federal estate tax at all, (3) the specific property address and bank mention are pulled from public probate filings and obituary metadata (scammers scrape both aggressively), (4) the .org-but-lookalike domain and third-party escrow are standard scam infrastructure. This scam specifically targets the narrow window when adult children are grieving, overwhelmed, and susceptible to 'close the estate' pressure. Hang up, don't pay, don't email. If you have any real estate-tax question, call your probate attorney (if you engaged one) or the county probate court clerk directly. For federal estate tax specifically, irs.gov/businesses/small-businesses-self-employed/estate-tax has the actual rules. Bereavement-targeted scams are a growing category — the pharmacists, community members, and siblings in this dataset (rows like cdef-100, cdef-103) who flag them early are the real protection.",Of course — let me give you my card number right now. I just want to get my mom's estate closed so we can move on.,Fake Estate Collection targets adult_child_caregiver or cross_demo via phone_call in English; lever is authority_deference or filial_piety because the scam impersonates professional services the family is actively seeking.
cdef-106,"Hi Lily, this is Karen from Bay Area Senior Care Consultants. I'm reaching out because your mother Mrs. Tam reached out to our office last week asking about placement options for assisted living — she said she wanted to get information without worrying her family. She mentioned some memory issues and asked us to handle things discreetly. We have a lovely community with an opening and a same-day reservation fee of $3,500 holds the spot. Since Mrs. Tam mentioned she wanted this to be a surprise for the family, I'm calling you as next-of-kin to quietly confirm payment and we'll handle everything else. She's happy to sign the contract once the room is held.",-,scam,fraud,fake_elder_care_services,english,romanized,phone_call,cross_demo_edge,filial_piety,"authority_impersonation,urgency_manipulation,advance_fee,isolation_tactic",original,hang_up_and_verify,"Sophisticated elder-care scam that plays both generations against each other — the classic cross-demographic manipulation. The scammer has likely made a separate call to your mother claiming you already know about the placement, and is now calling you claiming she wanted it kept secret. The 'discreetly,' 'quietly confirm,' and 'surprise for the family' framing is the isolation tactic applied across both directions: your mother is told not to worry you, you're told she wants secrecy from the family. Real assisted-living placements never work this way — families tour together, financial planners are typically involved, Medicare/Medicaid coverage is evaluated, and reservation fees (if they exist at all in a legitimate community) are paid by the resident from their own funds through a signed contract, not by family members over the phone. Hang up. Call your mother directly and ask if she actually called any senior care consultant. If she says yes — great, but still tell her no payment moves until you meet the consultant in person at a licensed, California-DSS-registered facility you can look up at cdss.ca.gov. If she says no — report the scam to IC3.gov and your local Adult Protective Services, because someone has her phone number and is working both ends.","Poor mom, she must be overwhelmed. Let me send the $3,500 now so she doesn't have to worry about it.",Fake Elder Care Services targets adult_child_caregiver or cross_demo via phone_call in English; lever is authority_deference or filial_piety because the scam impersonates professional services the family is actively seeking.
cdef-107,阿姨您好，我姓李，是做中医世家的。我看您气色有点虚，尤其眼下发青，是肾气不足的表现。我外公当年在北京同仁堂坐诊四十年，留下一个祖传补肾方子，专治您这种情况。我不是卖给您，是我自己家族配的，您试一盒三天就能感觉精神好很多。一盒平时八百，今天您是我看到的第三位有缘人，我只收您三百八十。您先生身体也好吗？可以一起调理。,"Auntie, my surname is Li, I come from a family of TCM practitioners. I can see your complexion looks a bit weak, especially the darkness under your eyes — that's a sign of kidney qi deficiency. My grandfather practiced at Beijing Tongrentang for forty years and left behind an ancestral kidney tonic formula specifically for your condition. I'm not selling this to you, my family makes it ourselves — three days and you'll feel much more energetic. Normally 800 yuan, but you're the third destined person I've seen today, I'll charge you only 380. How is your husband's health? We can adjust you both together.",scam,fraud,miracle_health_product,mandarin,simplified,in_person,elder_immigrant,health_anxiety,"guaranteed_returns,authority_impersonation,advance_fee",original,hang_up_and_verify,"This is the Mandarin in-person miracle-health-product scam — the Chinatown street / seniors-center variant that mirrors the Cantonese version in cdef-027 but uses Mandarin-targeted framing (Tongrentang, 'kidney qi,' 'destined person' 有缘人). Red flags: an unsolicited 'diagnosis' from a stranger on the street or at a community seminar (no real TCM practitioner works this way), famous-hospital lineage claims that are almost always unverifiable, artificial pricing ('today only 380 instead of 800'), fate-based urgency ('destined person' is a specifically Chinese cultural lever that Western fraud literature misses), and the upsell to the spouse. These products are not FDA-regulated, may be adulterated (documented cases of kidney failure from aristolochic-acid-containing 'kidney tonics'), and often interact dangerously with actual prescriptions. Tell your parent: do not buy, do not take a sample, walk away. If they already bought, stop taking it and bring the product to their real doctor — some ingredients seriously interfere with warfarin, blood pressure medication, and diabetes drugs. Real community health education comes from licensed clinicians at places like Chinatown Community Health Center (see cdef-054), not from strangers on the street with ancestral formulas.",五百可以吗？我先生真的最近也没什么精神，我们一起调理好不好？,Miracle health-product scams arrive in_person or via SMS in Mandarin targeting elder_immigrant; lever is health_anxiety because the scam exploits fear of age-related health decline with fake cure claims.
cdef-108,尊敬的王女士，中国移动为您提供海外漫游套餐升级服务。您当前的套餐将于今日24:00自动扣费$58.80，升级至国际尊享套餐。如需取消，请在2小时内致电我司客服400-XXX-XXXX，或通过Signal添加客服账号CMCC_service核实。逾期扣费一经发生将无法退款。,"Dear Ms. Wang, China Mobile is providing you with an overseas roaming plan upgrade service. Your current plan will automatically deduct $58.80 today at 24:00 for upgrade to the International VIP package. To cancel, call our customer service at 400-XXX-XXXX within 2 hours, or add Signal account CMCC_service to verify. Deductions once processed cannot be refunded.",scam,fraud,wechat_subscription_expiry,mandarin,simplified,sms,elder_immigrant,authority_deference,"authority_impersonation,urgency_manipulation,credential_theft",original,hang_up_and_verify,"Fake China Mobile (中国移动) subscription-upgrade scam targeting elders who maintain mainland mobile numbers for family contact. Same pattern as the fake WeChat VIP scam in cdef-022 but adapted to the telecom vector, which specifically targets Mandarin-speaking elders who travel to China or maintain PRC family ties. Red flags: China Mobile does not 'auto-upgrade' plans with same-day deductions, does not route customer service through Signal, and does not charge dollars (USD) on a PRC mobile account. The 2-hour deadline is manufactured; the 400 number and Signal handle are both scammer-controlled. Tell your parent: do not call the number, do not add the Signal account, do not reply. To verify any real China Mobile account status, log in through the 中国移动 app they already have installed, or check through 10086 (China Mobile's real service number, dialed from within China only — don't dial any US number claiming to be 10086). If they already called and gave credentials, change the account password from the official app and notify any family member who manages the PRC account with them.",赶紧打电话取消，我可不想白扣这笔钱。,WeChat VIP-expiry scams use SMS or wechat_1to1 in Mandarin only (platform-native language); lever is authority_deference because the message impersonates Tencent/WeChat official communications.
cdef-109,【中国铁路12306】尊敬的旅客，您预订的K1234次列车车票（北京-上海，发车时间2026-05-15）因支付系统异常未能成功出票，款项将于72小时内原路退回。如需协助请登录12306.cn官方网站或官方APP查询，或拨打客服电话12306。我们不会通过短信要求您点击链接或提供银行信息。,-,safe,legitimate_communication,real_platform_notice,mandarin,simplified,sms,elder_immigrant,authority_deference,"legitimate_process,verified_source",contrast,verify_via_official_channel,"This is a legitimate 12306 (China Railway ticketing) refund notification — the in-channel counterpart to the Alipay/UnionPay/12306 freeze scam in cdef-023, and the lower-risk baseline that Mandarin-speaking elders who book PRC train travel should recognize. Translation: '[China Railway 12306] Dear passenger, your booking for K1234 Beijing-Shanghai (departing 2026-05-15) did not successfully issue a ticket due to a payment system error. Funds will be returned via the original payment method within 72 hours. For assistance, log into the 12306.cn official website or app, or call service line 12306. We will never ask you to click a link or provide bank information via SMS.' Verified signals: references a specific real booking the recipient can verify in their own 12306 account, directs to the real official site and the real service number (12306 is the actual dialable number within China), 72-hour refund window (not same-day urgency), and explicit 'we will never ask' disclaimer. If your parent booked a ticket and this message appears, log into the 12306 app they already have — the refund will show in the order history. No action required beyond verification.",,"Contrast twin of wechat_subscription_expiry: shares surface features (channel=sms, language=mandarin, authority tone) but differs in the causal feature — verifiable institutional identity, absence of fund-transfer demand, or presence of known family context. The model must learn that sms + mandarin + authority language does NOT determine fraud; the causal features do."
cdef-110,阿姨，我是刚搬来您楼下的小周，在北大毕业的，现在在湾区一家AI公司做产品。我看到您前几天在走廊晕倒，当时是我叫的救护车，您还记得吗？我想来谢谢您，顺便想和您聊聊——您一个人住照顾起来不容易，我知道最近政府有一个叫IHSS的补贴项目，专门给像您这样的老人用。如果您愿意给我一份授权书，我可以帮您走流程，只需要您的SSN和Medi-Cal卡号复印件，流程走完每个月您能多拿八百多美金。,-,scam,fraud,fake_elder_care_services,mandarin,simplified,in_person,elder_immigrant,authority_deference,"authority_impersonation,credential_theft,advance_fee",original,hang_up_and_verify,"Door-to-door IHSS enrollment scam targeting isolated Mandarin-speaking elders, using a real past event (the ambulance call) to establish trust before extracting SSN and Medi-Cal number. Red flags: IHSS (In-Home Supportive Services) is a real California program but enrollment is done through the county Human Services Agency (see cdef-095 for what the real process looks like) — never through a neighbor, a 'helper,' or anyone collecting SSN and Medi-Cal copies. A real past helpful act (calling an ambulance) is being weaponized to lower verification defenses. The 'I'll help you walk through the paperwork' framing is specifically dangerous because it sounds like filial care. Tell your parent: do not give SSN, Medi-Cal, or any document to this person. If they want IHSS, call the county Human Services Agency directly (SF: 415-557-5000, San Mateo: 650-573-2600, Santa Clara: 408-792-1600 — all publicly listed) and apply through the county. Thank the neighbor for the ambulance call separately and keep the financial paperwork completely unconnected. If SSN was already shared, treat as identity-theft territory: credit freeze at all three bureaus, Medi-Cal fraud report at 1-800-822-6222.",谢谢你小周，我正愁怎么办这个。我这就给你复印件，你帮我办吧。,Fake Elder Care Services targets adult_child_caregiver or cross_demo via phone_call in English; lever is authority_deference or filial_piety because the scam impersonates professional services the family is actively seeking.
cdef-111,妈，今天Dr. Chen给您做完心脏超声检查，结果出来了：左心室功能正常，瓣膜没有问题，和去年的检查对比没有恶化。医生建议您继续吃现在的药，半年后再来复查。下次预约我已经帮您记在手机日历里，到时候我陪您去。您有什么不舒服随时告诉我。,-,safe,legitimate_communication,ordinary_family_message,mandarin,simplified,wechat_1to1,elder_immigrant,filial_piety,legitimate_process,negative_space,verify_via_official_channel,"Ordinary Mandarin adult-child post-cardiology-appointment update to mother. The verified signals are clinically precise: a cardiac echocardiogram (心脏超声) is the standard non-invasive test for valvular and ventricular function; 'left ventricular function normal, no valve issues, no deterioration from last year's exam' is the correct phrasing for a reassuring serial echo (real cardiology reports use LVEF and valve gradients, translated into lay language this way); continuing current medication plus a 6-month follow-up matches the real clinical cadence for stable cardiac patients; and the child has already logged the next appointment in her phone calendar and will accompany mom — standard caregiver responsibility allocation. No money, no PII, no links, no urgency. Confidence check: mom can verify the echo result by logging into her provider's patient portal (Kaiser kp.org, Stanford MyHealth, or whichever EHR Dr. Chen uses) under her existing credentials, where echo reports typically appear within 1–3 business days. She can also call Dr. Chen's office back on the phone number printed on her appointment card if she wants to hear the result from the clinic directly. Real post-test communication from a family member summarizes findings, schedules follow-up, and invites ongoing symptom reporting — it never asks for a Medicare number, copay, or SSN via chat.",,"Ordinary family message in mandarin via wechat_1to1 — channel and language are jointly determined by the family's actual communication habits (WeChat for Chinese-speaking families, SMS for English-dominant); lever filial_piety reflects the family relationship, not a manipulation vector; no fraud-adjacent features present."
cdef-112,"王女士您好，这里是中国人寿保险北京分公司，工号58271。您1998年在中国购买的一份重大疾病保险因政策调整需要重新核保。我们查到您现在居住在美国，按规定需要您提供近期体检报告、现在居住地的医保卡号，以及一笔¥12,500的续保续缴费。如果您不配合，这份保单会被强制终止，而且您过去二十多年缴的保费将不予退还。您明天上午能在线视频面谈吗？我们会通过Signal安排。","Hello Ms. Wang, this is China Life Insurance Beijing Branch, employee ID 58271. A major illness insurance policy you purchased in China in 1998 requires re-underwriting due to policy adjustments. We see you now reside in the US, so per regulations you need to provide a recent medical examination report, your current residence's health insurance card number, and a renewal fee of ¥12,500. If you do not cooperate, this policy will be forcibly terminated and all premiums paid over the past twenty-plus years will not be refunded. Can you do a video interview online tomorrow morning? We'll arrange through Signal.",scam,fraud,chinese_police_impersonation,mandarin,simplified,phone_call,elder_immigrant,fear_of_home_country_authorities,"authority_impersonation,credential_theft,urgency_manipulation,advance_fee",original,hang_up_and_verify,"Cross-border Chinese-insurance scam targeting Mandarin-speaking elders who purchased life or health insurance policies in China before emigrating — a newer variant that weaponizes the sunk-cost of decades of premium payments. Red flags stack: (1) no real Chinese insurer (China Life / 中国人寿 is a real company, but their real Beijing branch does not cold-call US residents), (2) the mix of demands — medical exam, current US health insurance card number, and a wire fee — is a PII-harvesting combo, (3) the 'lose 20+ years of premiums if you don't comply' threat exploits deep sunk-cost psychology specific to long-tenured PRC policyholders, (4) Signal video interviews for insurance are a fabrication. Hang up. If your parent has a real China Life policy, the only legitimate way to verify its status is by logging into 中国人寿's official app (on the phone numbers they registered in China, often through an agent in China) or by contacting a relative in China who can visit the local branch in person. Real Chinese insurance administration involving cross-border policyholders goes through official reinsurance procedures, not video calls demanding wire transfers. If personal information was already shared, the SSN/Medi-Cal equivalent in this case is the PRC 身份证号 (national ID) — it cannot be changed, so the family should monitor any Chinese bank accounts still linked to that ID.",我这保单买了二十多年，真的不能让它作废。请您告诉我钱怎么汇，我明天把体检报告准备好。,PRC/HK police impersonation scams arrive almost exclusively by phone_call in Cantonese or Mandarin targeting elder_immigrant; the primary lever is fear_of_home_country_authorities because victims fear PRC legal jurisdiction even while living in the US.
cdef-113,妈，昨天我在爱奇艺上看了一个纪录片讲香港的养老问题，想到爷爷奶奶当年从广东过来，真的不容易。我订了六月份的机票回北京，正好赶上您生日，哥和嫂子也会来。我想带您去颐和园转转，您上次说十年没去了。到时候我们一家四口好好聚聚。爱您。,-,safe,legitimate_communication,real_family_message,mandarin,simplified,wechat_1to1,elder_immigrant,filial_piety,legitimate_process,negative_space,verify_via_official_channel,"Ordinary Mandarin family message from an adult child living abroad to a parent in China (reversing the usual dataset direction — the parent is the mainland-based recipient here). Translation: 'Mom, yesterday I watched a documentary on iQiyi about elder-care issues in Hong Kong, made me think about Grandpa and Grandma coming over from Guangdong — it really wasn't easy. I've booked a June flight back to Beijing, just in time for your birthday, and brother and sister-in-law will come too. I want to take you to the Summer Palace, you said last time it had been ten years. The four of us can have a nice get-together. Love you.' No red flags — a specific documentary reference, a real flight plan, named family members who will also be present, a specific destination with a personal history, and no money or urgency. This is the baseline of normal diaspora-to-home Mandarin family communication. Rows where the elder is in China and the adult child is in the US reverse the dataset's usual direction and help the model not confuse emigration-direction for risk-direction — either direction can host ordinary family life.",,Negative-space safe row (real_family_message) in mandarin via wechat_1to1: no fraud-adjacent features present; exists to teach the model that wechat_1to1 messages in mandarin are overwhelmingly benign.
cdef-114,王阿姨！你还记得我吗？我是小林呀，你二十年前在北京海淀那条胡同里做邻居的小林的女儿。我妈去年去世了，临终前让我一定联系上你，她说你对她太好了。我这次路过旧金山，想请你吃个饭，顺便把我妈留给您的一个小物件交给您。您方便吗？,-,ambiguous,edge_case,pig_butchering_wechat,mandarin,simplified,wechat_1to1,elder_immigrant,collectivist_pressure,"authority_impersonation,isolation_tactic",edge_case,verify_via_official_channel,"Signals genuinely conflict — the long-lost-friend's-daughter variant, a Mandarin parallel to cdef-045 (the HK long-lost cousin). Translation: 'Auntie Wang! Do you remember me? I'm Xiao Lin, the daughter of your neighbor from twenty years ago in that hutong in Haidian, Beijing. My mother passed away last year, and before she died she made me promise to get in touch with you — she said you were so kind to her. I'm passing through San Francisco this time, I'd like to take you to dinner and deliver a small keepsake my mother left for you. Are you available?' This could genuinely be a real reconnection — Beijing hutong neighbor networks do carry forward, deaths do prompt long-delayed outreach, and small keepsake deliveries are culturally normal. It could also be the opening move of a long-con scam that pivots later to investment, health-product, or money-lending asks once trust is established. The verification test: can your parent independently verify that this neighbor actually died (obituary, funeral announcement, mutual contact in Beijing)? If yes, meeting in a public restaurant with other family members present is fine — do not meet alone, do not accept deliveries to the home, and flag immediately if the conversation turns to any investment, health product, or money request within the first few meetings. If the deceased neighbor cannot be independently verified through Beijing family contacts, treat the approach as likely fraudulent and do not meet. Either way: the 'keepsake' itself is never worth any future financial entanglement.",,Ambiguous edge case (pig_butchering_wechat): surface features overlap with both scam and safe patterns; the joint feature combination (wechat_1to1 + mandarin + collectivist_pressure) is deliberately inconclusive.
cdef-115,【美国银行BOA】尊敬的客户：您近期登录我行手机银行的设备已成功绑定。本次操作时间2026-04-15 19:22 PST。如非您本人操作，请立即通过您已有的美国银行手机App进行设备管理或拨打您银行卡背面的客服电话。我行不会通过短信或电话索取您的密码、PIN码或社会安全号码。,-,safe,legitimate_communication,real_bank_alert,mandarin,simplified,sms,elder_immigrant,authority_deference,"legitimate_process,verified_source",contrast,verify_via_official_channel,"Legitimate Bank of America device-binding notification in Mandarin — the in-channel counterpart to the Citibank smishing scam (cdef-026 / cdef-032 family). Translation: '[Bank of America BOA] Dear customer: your recent login to our mobile banking on this device has been successfully bound. Operation time 2026-04-15 19:22 PST. If this was not you, please immediately manage your devices through your existing Bank of America mobile App or call the customer service number on the back of your bank card. We will not request your password, PIN, or Social Security number via SMS or phone call.' Verified signals: confirms an action the user actually took (logging in — check their own memory of recent activity), specific timestamp in Pacific time, directs remediation *into* the existing BOA app (not to a new link or number), names the number on the back of the physical card, and explicitly warns against PIN/SSN requests. No urgency, no click-through, no reply-Y mechanic. The pattern US banks use for device-binding alerts — confirming what just happened rather than demanding action — is structurally the opposite of the scam version in cdef-026. If your parent sees this SMS and does not remember logging in recently, open the BOA app on their phone directly and kick out the unknown device from Profile → Security → Devices.",,"Contrast twin of alipay_unionpay_12306_freeze: shares surface features (channel=sms, language=mandarin, authority tone) but differs in the causal feature — verifiable institutional identity, absence of fund-transfer demand, or presence of known family context. The model must learn that sms + mandarin + authority language does NOT determine fraud; the causal features do."
cdef-116,妈，您上周告诉我那个自称工商银行的电话问您要信用卡号的事，我今天按您说的那个1-800号码查了一下，确认是诈骗的。我们走了以下几步：1) 您的信用卡我已经帮您打工行真实客服号挂失并重新发卡（新卡到之前先用现金和另一张卡）；2) 您的三大征信机构已经设置欺诈警报（Equifax、Experian、TransUnion）；3) 我们在IC3.gov上报了案，案件号已经存在我手机里；4) 下星期六我带您去银行分行开一个新的副账户专门存您的social security。您记得这次我们的教训：以后任何陌生电话要您的账号密码，您都挂掉打给我。您做得对，及时告诉了我。,-,safe,legitimate_communication,ordinary_family_message,mandarin,simplified,wechat_1to1,elder_immigrant,filial_piety,legitimate_process,negative_space,verify_via_official_channel,"Post-scam caregiver follow-through in Mandarin — the counterpart to cdef-082 in Cantonese. Translation: 'Mom, about that call last week from someone claiming to be ICBC asking for your credit card number — I checked the 1-800 number you told me about and confirmed it was a scam. We've done the following: 1) I've already reported your credit card lost through ICBC's real customer service and a new card is being issued (use cash and your other card until it arrives); 2) A fraud alert has been set at all three credit bureaus (Equifax, Experian, TransUnion); 3) We filed a report at IC3.gov, I've saved the case number on my phone; 4) Next Saturday I'll take you to the bank branch to open a new secondary account specifically for your Social Security deposits. Remember the lesson this time: from now on any stranger calling asking for account numbers or passwords, hang up and call me. You did the right thing telling me in time.' No red flags — every element of this message represents correct post-incident remediation: identity verification lost / cards replaced, credit freeze in place, federal report filed with reference, structural protection (separate account) being added, and the parent is being positively reinforced for flagging the scam rather than shamed. The closing 您做得对 ('you did the right thing') is the crucial emotional move that keeps the parent willing to flag future scams instead of hiding them.",,"Ordinary family message in mandarin via wechat_1to1 — channel and language are jointly determined by the family's actual communication habits (WeChat for Chinese-speaking families, SMS for English-dominant); lever filial_piety reflects the family relationship, not a manipulation vector; no fraud-adjacent features present."
cdef-117,王女士，您好。我这里是中国驻旧金山总领馆证件处。经系统排查，您2019年申请的护照因当时提交的无犯罪证明材料存疑，已被我馆暂停效力，需要您立即配合调查。如果三天内无法完成核查，我们将依据《中华人民共和国护照法》第十九条上报国内有关部门，您的户籍状态可能受到影响。请您通过Signal添加账号cn_consulate_verify，我们会安排一位领事官员与您视频面谈。,"Ms. Wang, hello. This is the Consulate General of China in San Francisco, Passport Division. After system review, your 2019 passport application has been suspended because the criminal background check submitted at that time is in question. You must cooperate with the investigation immediately. If verification is not completed within three days, we will report to domestic authorities under Article 19 of the PRC Passport Law, and your household registration status may be affected. Please add Signal account cn_consulate_verify, we will arrange a consular officer to have a video meeting with you.",scam,fraud,consulate_package_pickup,mandarin,simplified,phone_call,elder_immigrant,fear_of_home_country_authorities,"authority_impersonation,urgency_manipulation,isolation_tactic",original,hang_up_and_verify,"PRC consulate passport-suspension scam — the variant that weaponizes deep bureaucratic fear around 户籍 (household registration) status. Red flags: (1) real consulates do not call about years-old passport applications, (2) the real SF consulate does not route case work through Signal, (3) threats to 户籍 status are specifically designed to terrify first-generation immigrants who still have family property, pensions, or inheritance ties in China, (4) Article 19 of the PRC Passport Law does not authorize the action described. Hang up. If your parent wants to verify, look up the real SF consulate number (415-852-5900) independently — do not call any number the caller gave. The real consulate will have no record of the call, and their staff will tell the parent exactly what the anti-fraud notice in cdef-030 says: consulate staff never call requesting money or PII. If they already added the Signal account, block it — any video call that follows is the second stage where uniformed 'officers' demand wire transfers to 'unfreeze' the passport and avoid consequences in China.",我2019年申请的时候材料都是真的，请问我该怎么配合您的调查？,Consulate-package scams use phone_call or SMS in Mandarin or Cantonese targeting elder_immigrant; lever is fear_of_home_country_authorities because the scam impersonates PRC consular authority over overseas nationals.
cdef-118,"尊敬的王女士，中国国家税务总局海外居民纳税合规提醒：根据中美税务信息交换协议（FATCA/CRS），您2021年至2024年在美国的金融账户信息已被我局收到。经核对，您存在漏报中国境内房产租金收入的情况，补缴税款及滞纳金合计人民币¥187,450。请您于七个工作日内登录我局指定网站 sat-overseas-declare[.]cn 完成缴税，否则将启动跨境追缴程序并通报中国驻美使领馆。","Dear Ms. Wang, State Administration of Taxation of China overseas resident tax compliance reminder: Under the US-China tax information exchange agreement (FATCA/CRS), your US financial account information for 2021–2024 has been received by our bureau. Upon review, you have underreported rental income from property in China; back taxes and late fees total ¥187,450. Please log in at sat-overseas-declare[.]cn within seven business days to complete payment, otherwise cross-border collection proceedings will begin and your embassy/consulate will be notified.",scam,fraud,consulate_package_pickup,mandarin,simplified,sms,elder_immigrant,fear_of_home_country_authorities,"authority_impersonation,credential_theft,urgency_manipulation,advance_fee",original,hang_up_and_verify,"Cross-border PRC tax-authority scam exploiting FATCA/CRS awareness. Red flags: (1) real SAT (国家税务总局) does not send SMS to US residents demanding payment through unofficial domains, (2) the real SAT site is chinatax.gov.cn — the '.cn' domain in this message is a lookalike scam site, (3) FATCA and CRS are real information-sharing agreements but they do not authorize PRC tax authorities to directly collect from US residents — any such dispute would involve the US Treasury/IRS, not a link in an SMS, (4) the 'consulate notification' threat is layered to compound the fear. This scam specifically targets elders who own property in China (parental inheritance, old apartments, family ancestral homes) and know FATCA is a real acronym, which makes them more susceptible. Do not click the link. Do not pay. If your parent genuinely owns rental property in China, their tax obligations there are handled by whoever manages the property (usually a family member in China or a property manager) — real tax issues show up in official Chinese channels, not as English-acronym-laden SMS to US phone numbers. If the link was already clicked and any information entered, assume the form harvested it — monitor any linked Chinese bank accounts, and if credit card info was entered, call the US issuer to cancel the card.",这事情太麻烦了，我这就点进去把税交了，不想被通报到使馆。,Consulate-package scams use phone_call or SMS in Mandarin or Cantonese targeting elder_immigrant; lever is fear_of_home_country_authorities because the scam impersonates PRC consular authority over overseas nationals.
cdef-119,您好，我是香港廉政公署（ICAC）陈调查员，编号C-8472。最近我们收到举报，您2023年从香港汇给您儿子的一笔资金涉嫌违反香港《防止贿赂条例》第九条。您有权保持沉默，但我们需要您在48小时内通过WhatsApp加我们的账号+852-9XXX-XXXX配合初步问话。请您不要通知任何人包括您儿子，否则将被视为串供，案件会立即移交检察院。,"Hello, this is Investigator Chen from the Hong Kong Independent Commission Against Corruption (ICAC), badge C-8472. We recently received a complaint that a transfer you made from Hong Kong to your son in 2023 is suspected of violating Article 9 of the Hong Kong Prevention of Bribery Ordinance. You have the right to remain silent, but we need you to add our WhatsApp account +852-9XXX-XXXX within 48 hours for preliminary questioning. Please do not notify anyone including your son, otherwise it will be considered witness collusion and the case will immediately be transferred to the prosecution.",scam,fraud,chinese_police_impersonation,mandarin,simplified,phone_call,elder_immigrant,fear_of_home_country_authorities,"authority_impersonation,isolation_tactic,urgency_manipulation",original,hang_up_and_verify,"ICAC (Hong Kong Independent Commission Against Corruption) impersonation scam targeting Mandarin-speaking elders with HK financial ties. Red flags: (1) ICAC does not call Mandarin-speaking US residents about 2023 transfers to family members, (2) ICAC does not use WhatsApp for investigations, (3) the HK Prevention of Bribery Ordinance Article 9 is a real statute but it concerns public servants and agents, not private family remittances, (4) the 'don't tell your son' framing is the isolation-tactic tell: real investigators do not forbid contact with family, and real Miranda-style rights (right to silence) would not be issued by phone before questioning. Hang up. Do not add the WhatsApp number. If your parent is worried about any real HK financial matter, call ICAC's real public hotline (25 266 366, verifiable at icac.org.hk) or consult a HK-licensed attorney — both are findable independently. The Mandarin delivery of an ICAC scam is specifically dangerous because mainland elders are less familiar with ICAC's actual procedures than HK elders would be, making the impersonation harder to detect.",调查员您好，请您告诉我接下来怎么做，我不会告诉我儿子的。,PRC/HK police impersonation scams arrive almost exclusively by phone_call in Cantonese or Mandarin targeting elder_immigrant; the primary lever is fear_of_home_country_authorities because victims fear PRC legal jurisdiction even while living in the US.
cdef-120,【中国海关】您好，我关在处理一批从美国寄往国内的包裹时，发现一个写着您名字（王丽华）的包裹内装有违禁物品（疑似未经申报的药品与现金）。根据《中华人民共和国海关法》第六十二条，您作为寄件人需在五个工作日内提供书面说明，否则将移交公安部门并限制您今后入境。请您即刻添加办案人员微信：customs_wang2026，提交身份证扫描件、美国住址证明及寄件单据。,"[China Customs] Hello, our customs office is processing a batch of parcels from the US to China and found a parcel labeled with your name (Wang Lihua) containing prohibited items (suspected undeclared medication and cash). Under Article 62 of the Customs Law of the PRC, as the sender you must provide a written explanation within five business days, otherwise the case will be transferred to public security authorities and your future entry to China will be restricted. Please immediately add the case handler on WeChat: customs_wang2026, and submit a scan of your national ID, proof of US address, and shipping documents.",scam,fraud,consulate_package_pickup,mandarin,simplified,phone_call,elder_immigrant,fear_of_home_country_authorities,"authority_impersonation,credential_theft,urgency_manipulation",original,hang_up_and_verify,"China Customs (海关) impersonation scam — a variant specifically designed to exploit elders who regularly ship medication and supplies to family in China (a very common diaspora behavior). Red flags: (1) China Customs does not cold-call overseas senders, (2) real customs proceedings involve the designated shipping carrier (SF Express, EMS, etc.) not direct WeChat contact, (3) 'future entry restricted' is an especially effective threat for elders who visit family in China annually, (4) the PII package requested (national ID scan + US address proof + shipping documents) is a complete identity-theft kit. Hang up. If your parent recently sent a parcel and is worried, look up the carrier's tracking (SF Express customer service is on the receipt, not through the caller) — real customs issues come through the carrier with specific package numbers, not through a WeChat handler. Do not send ID scans. If the scan was already sent, that PRC 身份证 number cannot be changed but any Chinese bank accounts linked to it should be monitored, and the family in China should watch for follow-on scams using the sender's identity.",我确实寄过药给我妈，这下麻烦了。请问怎么补救？我现在就把身份证扫描件给您。,Consulate-package scams use phone_call or SMS in Mandarin or Cantonese targeting elder_immigrant; lever is fear_of_home_country_authorities because the scam impersonates PRC consular authority over overseas nationals.
cdef-121,【支付宝】尊敬的用户：根据中国人民银行关于境外人民币账户管理的最新规定，您的支付宝账户因2025年内跨境转账次数超限，已被列入异常监控名单。您需要在72小时内配合监管部门完成身份重新核实，否则账户余额将被冻结并上报中国外汇管理局。请致电我行境外客户服务专线+86-400-XXX-XXXX或通过官方Signal账户alipay_overseas_service联系我们。,"[Alipay] Dear user: Under People's Bank of China's latest regulations on overseas RMB account management, your Alipay account has been placed on the abnormal monitoring list due to exceeding the cross-border transfer limit in 2025. You must cooperate with regulators to complete identity re-verification within 72 hours, otherwise the balance will be frozen and reported to the State Administration of Foreign Exchange. Please call our overseas customer service line +86-400-XXX-XXXX or contact us via official Signal account alipay_overseas_service.",scam,fraud,alipay_unionpay_12306_freeze,mandarin,simplified,sms,elder_immigrant,fear_of_home_country_authorities,"authority_impersonation,urgency_manipulation,credential_theft",original,hang_up_and_verify,"Alipay overseas-account freeze scam citing the State Administration of Foreign Exchange (国家外汇管理局, SAFE) — a specifically-targeted variant for elders who send remittances to family in China. Parallels cdef-023 but adds the SAFE overlay, which is terrifying for Chinese speakers because SAFE enforcement on unauthorized cross-border RMB flows is a real thing. Red flags: (1) real Alipay overseas customer service does not route through Signal, (2) SAFE enforces on large institutional flows, not individual remittances from family members, (3) the '72-hour deadline + account freeze + SAFE report' stack is psychologically layered to create panic. Tell your parent: do not call, do not add the Signal account. Real Alipay account status is only verifiable through the Alipay app they already have on their phone (我的 → 安全中心). If they ever receive legitimate-seeming communications about cross-border limits, SAFE's real rules are that individual annual outbound transfers from PRC accounts are capped at $50K equivalent — this is widely published (safe.gov.cn), and enforcement is not via SMS. If credentials were already shared, log into Alipay directly and change password immediately from inside the app.",我今年确实汇钱给我女儿好几次，可能真的超限了，我这就打电话配合。,Payment-platform freeze scams use SMS or phone_call in Mandarin (occasionally Cantonese) because Alipay/UnionPay/12306 are PRC-native platforms; lever is fear_of_home_country_authorities or authority_deference because victims believe a Chinese financial authority can freeze their accounts remotely.
cdef-122,妈，中国驻旧金山总领馆寄给您的护照换发通知函已经到了，我放在您的梳妆台上。信上面说您5月20日上午10点带着现在的护照原件、一张两寸照片、还有他们附的那张DS-11表格到1450 Laguna Street办理，预约号是CGSF-2026-7821。他们说流程一般一个半小时，我陪您去。信上有他们的电话415-852-5900，您如果有疑问可以打电话确认。,"Mom, the Chinese Consulate General in San Francisco's passport renewal notification letter has arrived — I put it on your dresser. The letter says on May 20 at 10am you should bring your current passport original, a 2-inch photo, and the DS-11 form they included to 1450 Laguna Street, appointment number CGSF-2026-7821. They say the process usually takes an hour and a half, I'll go with you. Their phone number is on the letter, 415-852-5900, you can call to confirm if you have any questions.",safe,legitimate_communication,real_consulate_notice,mandarin,simplified,mail,elder_immigrant,fear_of_home_country_authorities,"legitimate_process,verified_source",contrast,verify_via_official_channel,"Legitimate PRC consulate passport-renewal process, mediated by the adult child. Contrasts with the scam version in cdef-117 which used 2019 passport suspension as a threat. Verified signals: arrives by physical mail (not phone), references a specific renewal the parent actually initiated, provides a real appointment time at the real SF consulate address (1450 Laguna Street is the real consulate building), gives a real appointment number format, provides the real SF consulate phone 415-852-5900 (publicly listed on the consulate website and on cdef-030's anti-fraud notice), and the adult child is going with the parent — openly, not secretly. No urgency, no threat to 户籍 status, no Signal, no payment request. The real consulate's process is: appointment by mail or through their online system, in-person only, documents verified in person, fee paid at the window. If your parent wants to verify anyway, call 415-852-5900 independently — which is exactly what this row invites.",,"Contrast twin of consulate_package_pickup: shares surface features (channel=mail, language=mandarin, authority tone) but differs in the causal feature — verifiable institutional identity, absence of fund-transfer demand, or presence of known family context. The model must learn that mail + mandarin + authority language does NOT determine fraud; the causal features do."
cdef-123,"王女士您好，我姓张，是从北京协和医院退休下来做肿瘤研究的教授。我昨天在社区中心的讲座上注意到您，看您印堂发暗，怕是有肝气郁结之相，严重的话三到五年内可能发展成肝癌。我们研发了一款日本进口的纳米小分子靶向剂，比化疗温和百倍，两个疗程可以把风险降到正常人水平。这个不在药店卖，一个疗程$2,800，我看您是有缘人，给您打八折。您加我微信我发检测报告模板给您，您自测一下就知道风险了。","Ms. Wang, my surname is Zhang, I'm a retired oncology researcher from Beijing Union Medical College Hospital. I noticed you at the community center lecture yesterday and saw darkness on your forehead — I'm afraid it indicates liver qi stagnation, which in severe cases can develop into liver cancer within three to five years. We've developed a Japanese-imported nano molecular targeted agent, a hundred times gentler than chemotherapy, and two courses can bring your risk down to normal levels. It's not sold in pharmacies, one course is $2,800, and since you're a destined person I'll give you 20% off. Add me on WeChat and I'll send you a self-assessment report template so you can check your risk yourself.",scam,fraud,miracle_health_product,mandarin,simplified,in_person,elder_immigrant,health_anxiety,"guaranteed_returns,authority_impersonation,advance_fee",original,hang_up_and_verify,"High-dollar Mandarin miracle-health-product scam with fake cancer-risk framing. Red flags stack hard: (1) no real oncologist diagnoses liver cancer risk from a forehead glance at a community center, (2) 'Beijing Union Medical College Hospital' (北京协和医院) lineage claims are the TCM scam's favorite credential because it's a real prestigious hospital that most elders have heard of — almost always unverifiable and usually fabricated, (3) 'Japanese-imported nano targeted agent' is medical-sounding word salad, (4) $2,800 per course is dramatically higher than the cdef-027 Cantonese variant ($280) — the Mandarin variant tends to target elders with higher assets, including recent mainland immigrants with sold-property proceeds. Tell your parent: walk away, do not add WeChat, do not accept a 'self-assessment template' (it's a PII-harvesting form). If they are worried about liver health, the actual screening is a hepatitis B/C blood test and an ultrasound — both available through any real primary care provider in-network under Medicare. Chinese-American elders do have elevated liver cancer risk (due to hepatitis B prevalence), which makes this scam particularly cruel — but the correct response is a real doctor's screening, not a $2,800 WeChat purchase.",张教授您真细心，我加您微信吧，我是有点担心肝的问题。,Miracle health-product scams arrive in_person or via SMS in Mandarin targeting elder_immigrant; lever is health_anxiety because the scam exploits fear of age-related health decline with fake cure claims.
cdef-124,尊敬的王阿姨，我们是《生命之源》国际干细胞抗衰老中心，诚邀您参加下周六上午在Milpitas万豪酒店举办的免费健康养生讲座，主讲嘉宾为来自瑞士再生医学研究院的李博士。现场提供免费体检、免费干细胞活力检测，参会即赠高档营养品一份。干细胞疗法一个疗程能让您的细胞活力恢复到40岁水平，逆转糖尿病、阿尔茨海默、关节炎等八大慢性病。名额有限，请致电1-888-XXX-XXXX报名。,"Dear Auntie Wang, we are the 'Source of Life' International Stem Cell Anti-Aging Center, cordially inviting you to attend a free health seminar next Saturday morning at the Milpitas Marriott, featuring guest speaker Dr. Li from the Swiss Institute of Regenerative Medicine. The venue provides free physical exams, free stem cell vitality tests, and a high-end nutritional supplement as a gift for all attendees. Stem cell therapy in one course can restore your cell vitality to a 40-year-old level, reversing diabetes, Alzheimer's, arthritis, and eight other chronic diseases. Limited spots, please call 1-888-XXX-XXXX to register.",scam,fraud,miracle_health_product,mandarin,simplified,sms,elder_immigrant,health_anxiety,"guaranteed_returns,authority_impersonation,collectivist_pressure",original,hang_up_and_verify,"Mandarin stem-cell miracle-cure scam — the seminar/recruitment stage, which funnels elders into high-pressure group sales environments. Red flags: (1) no approved stem-cell therapy 'reverses' Alzheimer's, diabetes, or arthritis — FDA has issued repeated warnings against clinics making these claims, (2) 'Swiss Institute of Regenerative Medicine' is the kind of prestigious-sounding fake credential that Mandarin-speaking elders may not easily verify, (3) free food + free tests + free gift is the standard cost of entry for a seminar whose real purpose is a $20K–$60K closed-door 'treatment' sales pitch at the end, (4) the Milpitas Marriott is a real hotel often used by these scams because the venue itself lends false legitimacy. Tell your parent: do not attend. If they've attended, do not buy anything on the spot, even if a 'medical director' or other elders in the room appear to endorse the product (those endorsements are rehearsed; fellow attendees are frequently paid actors or prior victims being manipulated again). Real stem-cell clinical research in the US is conducted only through IRB-registered trials listed at clinicaltrials.gov — anything else marketed as 'stem cell therapy' to elders is, at best, unregulated, and often actively harmful.",,Miracle health-product scams arrive in_person or via SMS in Mandarin targeting elder_immigrant; lever is health_anxiety because the scam exploits fear of age-related health decline with fake cure claims.
cdef-125,王大姐，我是您楼上的陈阿姨。我最近吃了一个保健品叫『御膳灵芝王』，我老爷子的前列腺毛病吃了三盒就好了，血压也降了，您不信我给您看诊断书。这个东西淘宝和美国都买不到，是我北京的表哥直邮过来的，一盒$450，您要的话我帮您带一份，算您$380就好。我们楼里王阿姨、李阿姨都在吃，效果好。,"Sister Wang, I'm Auntie Chen from upstairs. I've been taking a supplement recently called 'Imperial Reishi King' — my old man's prostate problems got better after three boxes and his blood pressure came down, I can show you the diagnosis. You can't buy this on Taobao or in the US, my cousin in Beijing direct-mails it. One box is $450, if you want some I can order one for you at $380. Auntie Wang and Auntie Li in our building are both taking it, it works.",scam,fraud,miracle_health_product,mandarin,simplified,in_person,elder_immigrant,health_anxiety,"guaranteed_returns,collectivist_pressure,advance_fee",original,hang_up_and_verify,"Peer-to-peer Mandarin health-product MLM scam — a particularly effective variant because the seller is a real trusted neighbor who has been recruited into the scheme (either as a victim/evangelist or as a paid downline). Red flags: (1) 'Imperial Reishi King' is the kind of branded herbal product that is either unregistered entirely or a repackaged cheap reishi supplement, (2) 'can't buy on Taobao or in the US, my cousin direct-mails from Beijing' is the classic scarcity/smuggling frame that bypasses FDA scrutiny, (3) the in-building social proof ('Auntie Wang and Auntie Li are both taking it') is the collectivist-pressure lever that makes these scams spread through Chinatown apartment buildings like wildfire, (4) $380 per box with ongoing monthly purchases is the MLM extraction model. Tell your parent: do not buy, politely decline without shaming Auntie Chen (she may also be a victim). If her elderly husband's prostate or blood pressure actually improved, the likely explanation is he's also taking real medications — herbal supplements get credit for what the prescriptions are doing. These products can interact dangerously with warfarin, blood pressure medications, and diabetes drugs. Real health improvements in Chinatown elders come from Medicare-covered primary care, not $450 boxes of herbal products from untraceable sources.",陈阿姨都说好那肯定是好东西，你帮我订一盒吧，钱我马上给您。,Miracle health-product scams arrive in_person or via SMS in Mandarin targeting elder_immigrant; lever is health_anxiety because the scam exploits fear of age-related health decline with fake cure claims.
cdef-126,妈，您上次说那个社区中心的讲座讲『干细胞逆转糖尿病』，我今天帮您查了一下：第一，那个演讲人的『瑞士再生医学研究院』在瑞士联邦政府注册机构里查不到；第二，美国FDA发过警告说任何卖给普通消费者的『干细胞治疗慢性病』都是违法的；第三，您糖尿病管得好好的，二甲双胍和您现在的饮食控制已经有效。您别去那个讲座，我陪您下周去看一下Dr. Chen，如果想做什么额外的健康检查我们正经通过Kaiser走流程。您的判断力一直很好，您愿意跟我一起查这件事就是对的。,-,safe,legitimate_communication,ordinary_family_message,mandarin,simplified,wechat_1to1,elder_immigrant,health_anxiety,legitimate_process,negative_space,verify_via_official_channel,"Exemplary caregiver response to a health-seminar scam — the Mandarin counterpart to cdef-116 (post-scam bank remediation). Translation: 'Mom, about that community-center lecture you mentioned on stem cells reversing diabetes, I checked today: (1) the speaker's Swiss Institute of Regenerative Medicine is not listed in any Swiss federal registry, (2) the US FDA has warned that any stem cell therapy sold to consumers for chronic disease is illegal, (3) your diabetes is well-managed — metformin and your current diet are working. Don't go to the seminar. I'll go with you next week to see Dr. Chen, and if you want any extra health check we'll go through Kaiser the proper way. Your judgment has always been good — your willingness to look into this with me is exactly right.' Every element of this message is the right caregiving response: fact-checks the claim with sources, affirms the parent's existing care plan, offers a legitimate alternative channel, and closes with positive reinforcement for the parent's willingness to flag the scam. The 您的判断力一直很好 ('your judgment has always been good') line is crucial — shame is what keeps elders from flagging scams; affirmation is what keeps them flagging them.",,"Ordinary family message in mandarin via wechat_1to1 — channel and language are jointly determined by the family's actual communication habits (WeChat for Chinese-speaking families, SMS for English-dominant); lever health_anxiety reflects the family relationship, not a manipulation vector; no fraud-adjacent features present."
cdef-127,妈，您Kaiser的Dr. Chen今天给我打电话说您的乳腺X光检查结果需要再做一个超声确认一下，医生不担心但要排除，下周一下午三点有超声的时间，我会陪您去。今天她还告诉我您最近血糖控制得很好，A1C从7.2降到6.5了，您控制得真好。我爱您。,-,safe,legitimate_communication,ordinary_family_message,mandarin,simplified,wechat_1to1,elder_immigrant,health_anxiety,legitimate_process,negative_space,verify_via_official_channel,"Ordinary medical update from adult child to parent in Mandarin. Translation: 'Mom, your Kaiser's Dr. Chen called me today and said your mammogram results need a follow-up ultrasound to rule something out — the doctor isn't worried but wants to confirm. Monday at 3pm next week there's an ultrasound slot, I'll come with you. She also said your blood sugar has been well-controlled recently, A1C went from 7.2 to 6.5, you're managing really well. Love you.' No red flags: a real provider by name, a real follow-up test (ultrasound after abnormal or inconclusive mammogram is standard care), concrete specific numbers (A1C 7.2 to 6.5 is meaningful and verifiable in the patient portal), presence offered, no urgency beyond normal scheduling, positive reinforcement. This is the baseline of normal inter-generational healthcare coordination — model needs Mandarin baselines to avoid flagging mother-daughter health check-ins as suspicious purely because they happen to discuss medical follow-ups.",,"Ordinary family message in mandarin via wechat_1to1 — channel and language are jointly determined by the family's actual communication habits (WeChat for Chinese-speaking families, SMS for English-dominant); lever health_anxiety reflects the family relationship, not a manipulation vector; no fraud-adjacent features present."
cdef-128,【加州卫生厅】女士，我们的系统显示您最近做过一次Covid-19检测。为了帮助您监测健康，现在有一个针对亚裔老人的免费长新冠筛查项目，全部由加州公共卫生部资助，免费参加。感兴趣请回复YES，我们会发送链接登记。,"[California Department of Public Health] Ma'am, our system shows you recently had a Covid-19 test. To help monitor your health, there is a free long-COVID screening program for Asian seniors, fully funded by the California Public Health Department, free to participate. If interested, reply YES and we'll send a registration link.",ambiguous,edge_case,forwarded_from_parent_confusion,mandarin,simplified,sms,elder_immigrant,health_anxiety,"authority_impersonation,credential_theft",edge_case,verify_via_official_channel,"Signals conflict — this is a Mandarin SMS that could either be a legitimate public health outreach or a fake-government credential-harvesting scam. The verification test: California Department of Public Health (CDPH) does run real long-COVID research programs, but they do not send unsolicited Mandarin SMS claiming system knowledge of a recent COVID test (that would violate HIPAA and is not how CDPH contacts individuals). Red flags: (1) 'our system shows you recently had a COVID test' is a PII-claim the sender cannot actually have from a texting list, (2) a reply-YES mechanic to get a 'link' is classic phishing architecture, (3) real public health outreach to Mandarin-speaking Asian seniors goes through established community health clinics (CCHC, Asian Health Services), not anonymous SMS. Tell your parent: do not reply YES, do not click any link if they do reply. If interested in real long-COVID screening, call CCHC (Chinatown Community Health Center) or their Kaiser primary care doctor directly — both can connect them to legitimate research if any is currently recruiting. If they've already replied and provided any information, treat as an identity-theft exposure and monitor accounts. The 'free' framing is the sharp edge: if something medical and free is offered through unsolicited SMS, the cost is data, not dollars.",,Ambiguous forwarded message: insufficient context to classify; channel sms and language mandarin are plausible for both scam and legitimate; the model should express uncertainty rather than forcing a verdict.
cdef-129,妈，我发您一个链接，这是华埠社区健康中心（CCHC）官网上登记的中老年免费健康讲座，5月10号上午10点在Portsmouth广场，有免费血压、血糖、和视力检查。讲座讲的是糖尿病和高血压的日常管理。这个是正规的，是加州公共卫生部备案的非营利机构，我跟您一起去。需要的话我帮您填登记表，不用您的任何身份证号或者卡号。,-,safe,legitimate_communication,real_community_organization,mandarin,simplified,wechat_1to1,elder_immigrant,health_anxiety,"legitimate_process,verified_source",contrast,verify_via_official_channel,"Legitimate community health event coordinated by adult child to parent in Mandarin — parallels cdef-054 (the Cantonese WeChat-group version) but as a direct family forward. Verified signals: names the real organization (CCHC is an FQHC with CDPH registration), the real event (Portsmouth Square is a real SF Chinatown venue that CCHC regularly uses), specific free clinical services (BP, blood sugar, vision — all standard community-health baselines), a real clinical topic framed correctly (管理 'management' not 治愈 'cure' — the linguistic discriminator from the miracle-cure scam), and explicit disclosure that no SSN or card number is needed. The adult child's offer to attend with the parent and help fill the registration form is the ideal caregiver move. If ever unsure, verify at cchc-sf.org directly. The discriminator from cdef-124 (the fake stem-cell seminar): real community health education is free + asks for no money + points to evidence-based disease management; fake 'health seminars' are free at the door but end with $20K–$60K 'treatments' and promise cures.",,"Contrast twin of pig_butchering_group_chat: shares surface features (channel=wechat_1to1, language=mandarin, authority tone) but differs in the causal feature — verifiable institutional identity, absence of fund-transfer demand, or presence of known family context. The model must learn that wechat_1to1 + mandarin + authority language does NOT determine fraud; the causal features do."
cdef-130,各位群友！重大好消息！我上个月跟着『华人财富自由』VIP群的张老师做美股，已经取现一次了，本金5万美元，现在账户里已经12万了。张老师做金融二十年，之前在华尔街高盛做分析师，现在帮我们华人姐妹实现财富自由。本周日晚上8点张老师有免费直播教学，只有50个名额，有兴趣的私聊我拉你进VIP群。名额满了就没了，各位抓紧！,"Fellow group members! Big good news! Last month I followed Teacher Zhang in the 'Chinese Wealth Freedom' VIP group to trade US stocks and I've already withdrawn once — initial capital $50K, account is now $120K. Teacher Zhang has 20 years in finance, previously an analyst at Goldman Sachs on Wall Street, now helping us Chinese sisters achieve financial freedom. This Sunday at 8pm Teacher Zhang has a free livestreaming class, only 50 spots. DM me if interested and I'll pull you into the VIP group. Once spots are filled they're gone, act fast!",scam,fraud,pig_butchering_group_chat,mandarin,simplified,wechat_group,elder_immigrant,collectivist_pressure,"guaranteed_returns,sunk_cost_escalation",original,hang_up_and_verify,"Mandarin pig-butchering group-chat scam — the direct counterpart to cdef-025 (Cantonese). Red flags: (1) $50K to $120K in one month is 140% monthly return, which is physically impossible in any legitimate market instrument, (2) 'Wall Street Goldman analyst now helping Chinese sisters' is the classic credential-laundering frame that also weaponizes in-group ('我们华人姐妹') collectivist identity, (3) the 'VIP group only 50 spots' architecture is designed to convert group observers to private-chat victims where pressure escalates without bystander visibility, (4) 'teacher' (老师) figure is a specific Chinese-community trust archetype that pig-butchering operations exploit heavily. Tell your parent: do not DM the poster, leave or mute the group if possible. Do not confront the poster in-group (it triggers face-saving defense and often backfires). If multiple people your parent knows in the group seem to be engaging, message them 1-to-1 privately with a warning. Real US stock trading through licensed advisors (Schwab, Fidelity, Vanguard) looks like cdef-050 — boring, slow, with CRD-verifiable advisors and prospectus-backed funds, not teachers in WeChat groups. Verify any claimed advisor on brokercheck.finra.org.",老师好厉害！我想加入VIP群，我私聊您。,Pig-butchering group scams use wechat_group in Mandarin with shill participants; lever is collectivist_pressure because the group creates social proof ('everyone else is profiting') to override individual skepticism.
cdef-131,阿姨，我们村里好多老乡都在做一个新项目，就是帮中国一家上市公司搞海外推广，每投一万美元，公司每个月返七百美金，签一年合同，本金一年后原数退还。我堂姐、我表嫂、我们村支书家的都在做，已经返了六个月了，确实是真的。美国这边就我一个人在做，我想跟您分享这个机会，您要不要试试，先投个一万测测水？,"Auntie, back in our village many old hometown folks are all doing a new project — helping a Chinese public company do overseas promotion, for every $10K invested the company returns $700 a month, one-year contract, principal returned in full after one year. My cousin, my sister-in-law, our village party secretary's family are all doing it, they've been receiving returns for six months now and it's really real. In the US I'm the only one doing it, I want to share this opportunity with you — do you want to try, start with $10K to test the waters?",scam,fraud,pig_butchering_wechat,mandarin,simplified,wechat_1to1,elder_immigrant,collectivist_pressure,"guaranteed_returns,sunk_cost_escalation",original,hang_up_and_verify,"Peer-to-peer Mandarin investment scam weaponizing village-network trust — a particularly devastating variant because the recruiter is often a real relative or hometown contact who has themselves been scammed or recruited into a multi-level pyramid. Red flags: (1) 7% monthly ($700/$10K) guaranteed return is 84% annualized — physically impossible in any legitimate business, (2) 'Chinese public company overseas promotion' is meaningless business-word-salad; real public companies do not raise marketing capital by soliciting $10K from aunties through WeChat, (3) 'my cousin, sister-in-law, village party secretary's family all doing it' is the collectivist pressure layered with village-hierarchy authority, (4) 'I'm the only one doing it here, you'll be my partner' is the exclusivity hook. Tell your parent: do not invest, do not send money to the recruiter even in small 'test' amounts (the first small return reinforces trust to enable larger extractions later — sunk-cost escalation). The psychologically difficult part: the recruiter is often a real family member your parent loves, and telling them no may damage the relationship. Frame it as 'I need to look into it more first' rather than an accusation. If your parent has already sent money, stop further transfers and be gentle — they are a victim, not a participant. Village-network pyramid scams have bankrupted entire diaspora communities; the only safety is not engaging.",你堂姐我认识的，她从不骗人。那我试试投一万，你告诉我怎么打钱。,Pig-butchering 1-to-1 scams arrive via wechat_1to1 in Cantonese or Mandarin; lever is collectivist_pressure because the scam builds pseudo-romantic or friendship trust over weeks before introducing the investment ask.
cdef-132,各位姐妹，我们华埠女童子军家长义工团下周六（5月17日）下午2点在Portsmouth广场要组织一个『长者与小童』跨代联谊活动，老人家给小朋友讲老家的故事，小朋友教老人家用手机或者iPad。活动全程免费，有免费中式茶点。请需要参加的阿姨回复您的姓名和大概来几个人就好，不需要任何费用或者证件。有问题请联系联络员 Linda 陈，电话415-XXX-XXXX (这是CCHC登记过的官方电话)。,-,safe,legitimate_communication,real_community_organization,mandarin,simplified,wechat_group,elder_immigrant,collectivist_pressure,legitimate_process,negative_space,verify_via_official_channel,"Legitimate Mandarin WeChat-group community-event announcement for a Chinatown Girl Scouts parent-volunteer cross-generational gathering. Verified signals: the location (Portsmouth Square in SF Chinatown, the neighborhood's main public plaza) is real and a standard site for free community events; Girl Scouts of Northern California (gsnorcal.org) does have Chinese-heritage troops based in Chinatown with parent-volunteer activity cycles; the event format (elders tell hometown stories, kids teach phone/iPad use) matches standard intergenerational programming; the request for name + headcount only (no documents, no fees, no Medicare number, no ID number) is the correct data-minimization posture for a real volunteer event; and the coordinator's phone is explicitly flagged as registered with CCHC. Confidence check: aunties can independently verify by calling CCHC at 415-677-7888 (on cchrchealth.org) and asking whether Linda Chen is a registered community-volunteer contact, or by calling Girl Scouts of Northern California at 1-800-447-4475. Portsmouth Square on May 17 at 2pm is a public plaza, so physical walk-by verification is also easy. If any 'volunteer' on the day of the event ever asks for a raffle entry fee, Medicare number, or bank info, that is the scam variant exploiting the community-trust lever; real GSUSA and CCHC events never collect such data at the door.",,Negative-space safe row (real_community_organization) in mandarin via wechat_group: no fraud-adjacent features present; exists to teach the model that wechat_group messages in mandarin are overwhelmingly benign.
cdef-133,王阿姨您好！我是我们法拉盛华人新移民互助会的秘书小周。您刚才在会里问『上个月中国驻纽约总领馆的反诈宣传单张还有没有』——我找到了，明天下午您方便来会里我给您一份，或者我可以中午送到您家。另外我们下周四晚上7点在会所有一个免费的老年人防骗讲座，请到的是纽约警察局反诈专员（会有中文翻译），您要不要一起来？不需要报名费，不需要证件。我们会址是Main St. 39-XX号三楼，会里电话718-XXX-XXXX（互助会在纽约州非营利注册局登记过的）。,-,safe,legitimate_communication,real_community_organization,mandarin,simplified,wechat_1to1,elder_immigrant,collectivist_pressure,"legitimate_process,verified_source",contrast,verify_via_official_channel,"Legitimate Flushing community mutual-aid organization responding to a member's request, in Mandarin. Verified signals: a named secretary responding to a conversation that actually happened at a prior meeting ('you asked earlier'), offering a specific physical artifact (the real consulate anti-fraud flyer — see cdef-030 and cdef-122), a real address in a specific Flushing location, a real published phone number with a 718 NY area code, a real upcoming event hosted by NYPD's real anti-fraud unit (which does real Chinese-community outreach — see the typology's NYPD citywide campaign references), and an explicit 'NY nonprofit registry' credibility anchor. No money, no urgency, no PII request beyond basic name/headcount. This is what real Chinese-community mutual-aid organizations look like operating in Mandarin — they remember prior conversations, they connect members to real public safety resources, and they use their real physical address and phone as accountability anchors. If your parent wants to verify, search the NY Charities Bureau registry for the organization name — it will be listed.",,"Contrast twin of pig_butchering_group_chat: shares surface features (channel=wechat_1to1, language=mandarin, authority tone) but differs in the causal feature — verifiable institutional identity, absence of fund-transfer demand, or presence of known family context. The model must learn that wechat_1to1 + mandarin + authority language does NOT determine fraud; the causal features do."
cdef-134,妈，您上次问我『中国户口要不要注销』的事，我今天问了美国这边的移民律师，他让我把中国驻旧金山总领馆官网上的『户籍注销指南』链接发您——您看完我们周末一起商量。他特别说：任何人通过电话或Signal说您户籍『出问题了』要您马上交钱的，一定是骗子，真正的户籍注销是您自愿办理的程序，没有期限，也没有手续费通过电话收。您慢慢想，不着急，这是您自己的决定。,-,safe,legitimate_communication,ordinary_family_message,mandarin,simplified,wechat_1to1,elder_immigrant,fear_of_home_country_authorities,legitimate_process,negative_space,verify_via_official_channel,"Ordinary caregiver education response to a parent worrying about mainland household registration status — directly addresses the cultural lever without being exploited by it. Translation: 'Mom, about your question whether to cancel your Chinese household registration (户口) — I asked a US immigration lawyer today, and he said to forward you the Chinese Consulate SF website's official 户籍注销 guide, we can discuss together this weekend. He specifically said: anyone who calls or Signal-messages saying your 户籍 is in trouble and demanding immediate payment is definitely a scammer — real 户籍 cancellation is a voluntary process you do on your own timeline, no deadline, and no fees collected by phone. Take your time, no rush, this is your decision.' This row matters because it pre-inoculates against the exact pattern in cdef-117 (the PRC consulate passport-suspension scam). The adult child is educating the parent that fear_of_home_country_authorities is a real emotional dimension — mainland household registration genuinely is consequential for pensions, inheritance, and property — but that legitimate processes around it are never urgent, never demand secrecy, and never route through Signal. The row ends with 这是您自己的决定 (this is your own decision), which reinforces the elder's autonomy rather than instilling more fear. Model needs negative-space coverage on this lever so it doesn't conflate all Chinese-authority-adjacent messages with fraud.",,"Ordinary family message in mandarin via wechat_1to1 — channel and language are jointly determined by the family's actual communication habits (WeChat for Chinese-speaking families, SMS for English-dominant); lever fear_of_home_country_authorities reflects the family relationship, not a manipulation vector; no fraud-adjacent features present."
cdef-135,嫲嫲，係我Kevin呀！考完final啦，下星期二我flight返SF，你同公公要唔要食咩?我可以喺機場旁邊嗰間Ranch 99買定。唔使擔心我，我好好㗎。你記得食藥，我一落機就打返俾你。Love you ma.,"Grandma, it's Kevin! Done with finals, flying back to SF Tuesday — do you or Grandpa want me to pick up anything? I can grab it at the Ranch 99 near the airport. Don't worry about me, I'm doing well. Remember to take your medicine, I'll call you as soon as I land. Love you ma.",safe,legitimate_communication,real_grandchild_message,code_mixed_cantonese_english,traditional,wechat_1to1,elder_immigrant,filial_piety,legitimate_process,contrast,verify_via_official_channel,"Legitimate code-mixed grandchild WeChat message — the in-channel counterpart to the code-mixed grandparent scam in cdef-089 (the fake 'Building Manager' WeChat message claiming the son is missing from work). Both messages arrive in code_mixed_cantonese_english / wechat_1to1 but every signal inverts: here, the grandchild identifies himself by name, references a known recurring event (coming home after finals), offers to do a small thoughtful favor (Ranch 99 pickup), reminds the grandmother to take her medicine (caregiving flow *toward* the elder, not away), and commits to an easily-verifiable callback ('I'll call as soon as I land'). No urgency, no secrecy, no money request, no 'don't tell' framing. The code-mixing pattern (English functional vocabulary: 'final,' 'flight,' 'Ranch 99,' 'Love you ma') is exactly how 1.5-generation grandchildren communicate with first-generation grandparents — the model needs a baseline for how normal this language pattern is so it doesn't flag every Cantonese-English WeChat message as suspicious. The discriminator from the scam variant: real grandchildren plan around the grandparent's life; scam grandchildren urgently need money from it.",,"Contrast twin of grandparent_scam_chinese: shares surface features (channel=wechat_1to1, language=code_mixed_cantonese_english, authority tone) but differs in the causal feature — verifiable institutional identity, absence of fund-transfer demand, or presence of known family context. The model must learn that wechat_1to1 + code_mixed_cantonese_english + authority language does NOT determine fraud; the causal features do."
cdef-136,"妈，I got my annual portfolio review from 财富管理公司 Fidelity today. Attaching the PDF — our 退休 accounts are up 11.2% for the year, right on track with the 目标 we set with advisor Tom last November. No changes needed — he said 我们的 allocation 还是 appropriate for your age and 我们的 risk profile. 下个月 quarterly meeting 5月20号2点 at Fidelity Palo Alto office, we'll go together 像以前一样. 爱您。",-,safe,legitimate_communication,real_investment_opportunity,code_mixed_mandarin_english,simplified,wechat_1to1,elder_immigrant,filial_piety,"legitimate_process,verified_source",contrast,verify_via_official_channel,"Legitimate code-mixed investment update from adult child to parent — the in-channel counterpart to the code-mixed pig-butchering recruitment in cdef-094 (the 小红书 friend's crypto opportunity). Both arrive in code_mixed_mandarin_english / wechat_1to1 about investments, but every discriminating signal inverts. Translation (code-mixed to English): 'Mom, I got my annual portfolio review from Fidelity today. Attaching the PDF — our retirement accounts are up 11.2% for the year, right on track with the target we set with advisor Tom last November. No changes needed — he said our allocation is still appropriate for your age and our risk profile. Next month's quarterly meeting is May 20 at 2pm at the Fidelity Palo Alto office, we'll go together like before. Love you.' Verified signals: a real SEC-registered custodian (Fidelity), a specific 11.2% actual-return figure (not a 'guaranteed 20%'), a named advisor with an existing client relationship, a physical branch address, a prior meeting referenced, a boring 'no changes needed' note (scams always need urgent action), and the next check-in scheduled in advance. This is what real advisor-caregiver coordination around an elder's retirement accounts looks like — the model needs it as a baseline so it doesn't conflate Mandarin-English money talk with fraud.",,"Contrast twin of pig_butchering_group_chat: shares surface features (channel=wechat_1to1, language=code_mixed_mandarin_english, authority tone) but differs in the causal feature — verifiable institutional identity, absence of fund-transfer demand, or presence of known family context. The model must learn that wechat_1to1 + code_mixed_mandarin_english + authority language does NOT determine fraud; the causal features do."
cdef-137,阿姨您好！我们华埠社区健康中心（CCHC）下周六上午在Portsmouth广场有一个免费的老人健康日，主讲的是UCSF退休的李医生（他的执照编号您可以在加州医疗委员会网站查：G-67842），讲糖尿病和高血压的日常管理。现场有免费血压、血糖检测，UCSF的护士在场。全程免费，不需要任何身份证件，不卖任何保健品，不收报名费。讲完留下来的阿姨叔叔我们准备了点心。您可以直接过来，也可以打我们中心电话415-677-7888问。,"Hello Auntie! Our Chinatown Community Health Center (CCHC) has a free seniors health day next Saturday morning at Portsmouth Square. The featured speaker is Dr. Li, a retired UCSF physician (his license number G-67842 can be verified on the California Medical Board website), speaking on daily management of diabetes and hypertension. Free on-site blood pressure and blood sugar checks, UCSF nurses present. Fully free, no ID documents required, no supplements sold, no registration fee. Snacks for attendees who stay afterward. You can come directly, or call our center at 415-677-7888 to ask.",safe,legitimate_communication,real_community_health_event,mandarin,simplified,in_person,elder_immigrant,health_anxiety,"legitimate_process,verified_source",contrast,verify_via_official_channel,"Legitimate CCHC health event pitched to a Mandarin-speaking elder in person (e.g., at Chinatown's Portsmouth Square or a senior-housing common area) — the in-channel counterpart to the three Mandarin in-person miracle-health scams (cdef-107 ginseng-reishi, cdef-123 nano-molecular cancer, cdef-125 Imperial Reishi King). Each of those scams lives in mandarin/in_person and exploits health_anxiety; this row pairs against all three by inverting every discriminating signal in the same channel. Verified signals: names a real organization (CCHC is an FQHC operating since 1969), names a speaker with a California Medical Board license number that can be looked up at mbc.ca.gov/breeze (real licensed physicians have CA-license numbers in the Gxxxxx format, and verifying is a 30-second independent check), partners with UCSF nurses (who are also licensed and verifiable), is explicitly free with no supplements sold, requires no ID, and ends with snacks rather than a high-pressure sales close. The linguistic discriminator from the scam variants: real clinicians say 管理 ('management') for chronic disease; scams say 断尾 / 逆转 / 治愈 ('cure' / 'reverse'). The license-number-verification habit introduced here is one of the most effective elder-protection tools for Chinese-American communities and worth reinforcing in rows like this.",,"Contrast twin of miracle_health_product: shares surface features (channel=in_person, language=mandarin, authority tone) but differs in the causal feature — verifiable institutional identity, absence of fund-transfer demand, or presence of known family context. The model must learn that in_person + mandarin + authority language does NOT determine fraud; the causal features do."
cdef-138,各位群友早上好！我们Mid-Peninsula华人读书会定期活动通知：本周日下午2点到4点在Palo Alto City Library总馆二楼B会议室，我们继续读Jane Bryant Quinn《How to Make Your Money Last》第五章——关于401(k)和IRA提款策略。主持人Linda会分享她咨询Fidelity顾问Tom（CRD编号可在brokercheck.finra.org查）后的总结。无任何推销，无任何费用，自带书。图书馆地址：Newell Road 1213号，停车免费。无法到场的同学可以听我们上传到Google Drive的录音。联系方式：组长Helen，email读书会账户。,"Good morning everyone! Regular activity notice for our Mid-Peninsula Chinese Book Club: this Sunday 2-4pm at the Palo Alto City Library main branch second floor meeting room B, we're continuing Jane Bryant Quinn's 'How to Make Your Money Last' chapter 5 — on 401(k) and IRA withdrawal strategies. Host Linda will share her summary after consulting Fidelity advisor Tom (CRD lookupable at brokercheck.finra.org). No sales pitch, no fees, bring your own book. Library address: 1213 Newell Road, free parking. Those who can't attend can listen to our Google Drive recording upload. Contact: group leader Helen, via the book club email.",safe,legitimate_communication,real_investment_opportunity,mandarin,simplified,wechat_group,elder_immigrant,collectivist_pressure,"legitimate_process,verified_source",contrast,verify_via_official_channel,"Legitimate community financial-literacy group announcement in a Mandarin WeChat group — the in-channel counterpart to the Mandarin pig-butchering group-chat scam in cdef-130 (the '华人财富自由 VIP群' with Teacher Zhang), and a direct parallel to cdef-066 (the Cantonese equivalent). Both live in mandarin/wechat_group and discuss money, but the discriminating signals invert completely. Verified signals: a real public venue (Palo Alto City Library, 1213 Newell Road is the real address), a real published financial-literacy book by a well-known mainstream author, a real regulated advisor whose CRD can be verified on brokercheck.finra.org — and the 'verify at brokercheck.finra.org' cue is the standard Chinese-American-elder-protection habit this dataset reinforces across multiple rows (cdef-050, cdef-066, cdef-094, now cdef-138). Explicit no-sales no-fee disclaimers, a known host/leader, an alternate participation path (library recording via Google Drive) that welcomes non-attendance. No 'VIP group' funneling, no urgent spot count, no guaranteed returns. The discriminating question this row teaches: does the group point members *back* to verifiable public sources (library books, FINRA BrokerCheck, licensed custodians) or *away* from them into closed VIP sub-groups? Real ones point back; scams point away.",,"Contrast twin of pig_butchering_group_chat: shares surface features (channel=wechat_group, language=mandarin, authority tone) but differs in the causal feature — verifiable institutional identity, absence of fund-transfer demand, or presence of known family context. The model must learn that wechat_group + mandarin + authority language does NOT determine fraud; the causal features do."
cdef-139,陳女士，我係香港警察商業罪案調查科嘅黃Sir，警員編號4829。你個強積金戶口俾人用嚟洗黑錢，涉及東南亞一宗跨境詐騙案。而家要你配合調查，下載Signal App，我哋會轉接你畀負責嘅督察。呢件事係保密，你唔可以同屋企人講，否則會被視為妨礙司法公正。,"Ms. Chan, this is Inspector Wong from the Hong Kong Police Commercial Crime Bureau, badge 4829. Your MPF (Mandatory Provident Fund) account has been used for money laundering, involving a cross-border fraud case in Southeast Asia. You must cooperate with the investigation by downloading the Signal App, we will transfer you to the investigating officer. This is confidential — you may not tell your family, otherwise it will be considered obstruction of justice.",scam,fraud,chinese_police_impersonation,cantonese,traditional,phone_call,elder_immigrant,fear_of_home_country_authorities,"authority_impersonation,isolation_tactic,credential_theft",original,hang_up_and_verify,"HK Police Commercial Crime Bureau impersonation scam weaponizing MPF (強積金) fear — a specific variant targeting HK-origin elders who have lingering MPF accounts from their pre-emigration working years. Red flags: (1) real HKPF does not conduct cross-border investigations by calling US residents, (2) real investigations never route through Signal, (3) the 'obstruction of justice' threat for telling family is the textbook isolation tactic, (4) 'Inspector Wong badge 4829' credentials are unverifiable props. MPF funds are managed by MPFA — the authority's public anti-fraud line is 2918 1188 (look it up yourself, don't call any number the caller gave). Hang up. If your parent is worried about a real MPF account, have them log into the MPF trustee's official portal (HSBC, Manulife, etc. depending on who manages their account). Tell your adult child immediately.",知道了黃Sir，我即刻download Signal配合你哋調查。,PRC/HK police impersonation scams arrive almost exclusively by phone_call in Cantonese or Mandarin targeting elder_immigrant; the primary lever is fear_of_home_country_authorities because victims fear PRC legal jurisdiction even while living in the US.
cdef-140,【中國駐洛杉磯總領事館】王先生，您嘅中國護照因涉及一宗國際詐騙案被我館凍結。請於明日中午12點前撥打我館領保熱線 +86-10-XXXXXXXX配合身份核實，並準備好提供國內戶籍地址、緊急聯絡人身份證號、以及您美國嘅SSN。逾期未辦理將依法註銷護照並通報國內公安部門。,"[Chinese Consulate General in Los Angeles] Mr. Wang, your Chinese passport has been frozen in connection with an international fraud case. Please call our consular protection hotline +86-10-XXXXXXXX before noon tomorrow to cooperate with identity verification, and prepare your domestic household registration address, emergency contact's national ID number, and your US SSN. Failure to complete this will result in passport cancellation and notification to domestic public security authorities.",scam,fraud,consulate_package_pickup,cantonese,traditional,sms,elder_immigrant,fear_of_home_country_authorities,"authority_impersonation,credential_theft,urgency_manipulation",original,hang_up_and_verify,"LA consulate passport-freeze scam, SMS variant targeting Cantonese-speaking elders. Red flags: (1) real consulates do not freeze passports over the phone, (2) the PII harvesting demand (HK/China address + emergency contact's ID + US SSN) is the full identity-theft kit, (3) real LA consulate number is 213-807-8088 (not a +86 callback number), (4) 'report to public security' framing compounds 户籍 fear from cdef-117 / cdef-134. Hang up and block. If your parent has any real passport concern, call LA consulate directly at 213-807-8088 (verifiable at losangeles.china-consulate.gov.cn). Real passport issues are resolved in person at the consulate with original documents, not through phone identity verifications.",,Consulate-package scams use phone_call or SMS in Mandarin or Cantonese targeting elder_immigrant; lever is fear_of_home_country_authorities because the scam impersonates PRC consular authority over overseas nationals.
cdef-141,李伯伯，呢度係中國駐三藩市領事館領事保護部，姓陳。我哋收到你北京戶籍派出所嘅通知，話你個身份證最近喺深圳被人冒用開咗三個銀行賬戶同張信用卡。呢個情況好嚴重，你要配合我哋即刻凍結相關賬戶，我哋會安排喺微信上面轉接你畀深圳嘅辦案同事。你唔好驚，跟住我哋指示做就冇事。,"Uncle Li, this is the Consular Protection Department of the Chinese Consulate in San Francisco, surname Chen. We've received a notice from your Beijing household registration police station that your ID card was recently used in Shenzhen to open three bank accounts and a credit card. This situation is serious, you must cooperate immediately to freeze the related accounts. We'll arrange to transfer you via WeChat to the handling officer in Shenzhen. Don't be scared, just follow our instructions and everything will be fine.",scam,fraud,consulate_package_pickup,cantonese,traditional,phone_call,elder_immigrant,fear_of_home_country_authorities,"authority_impersonation,isolation_tactic,urgency_manipulation",original,hang_up_and_verify,"SF consulate impersonation scam with the two-hop transfer mechanic (consulate → 'Shenzhen officer'). Red flags: (1) real consulates do not relay 派出所 notices by phone, (2) the two-hop transfer is the exact mechanic FBI PSA 190328 documented (consulate → 'investigator'), (3) WeChat-based transfer to a 'handling officer' is the setup for the second-stage video call where the victim is shown fake documents and pressured to wire funds. Real consulate number: 415-852-5900. Hang up before the transfer happens. The 'Shenzhen fraud ring opened accounts in your name' framing exploits a real-world phenomenon (身份證 numbers do get compromised in mainland data breaches) but the resolution never goes through the consulate — it goes through the local派出所 in person, or through a family member in China. If your parent is actually worried, call relatives in Beijing and ask them to check in person.",,Consulate-package scams use phone_call or SMS in Mandarin or Cantonese targeting elder_immigrant; lever is fear_of_home_country_authorities because the scam impersonates PRC consular authority over overseas nationals.
cdef-142,"【Alipay支付寶】尊敬嘅用戶，根據《反電信網絡詐騙法》要求，您嘅支付寶賬戶（尾號2847）近期有一筆境外可疑交易¥45,680被臨時凍結。請您24小時內配合以下步驟：1) 添加我司安全顧問微信 alipay_sec_wang；2) 提供近三個月銀行流水截圖；3) 完成視頻身份核實。如不配合，賬戶將於48小時後移交公安機關反詐中心處理。","[Alipay] Dear user, per the Anti-Telecom Network Fraud Law, a suspicious overseas transaction of ¥45,680 on your Alipay account (ending 2847) has been temporarily frozen. Within 24 hours please follow these steps: 1) Add our security advisor on WeChat alipay_sec_wang; 2) Provide bank statement screenshots from the last 3 months; 3) Complete video identity verification. If you do not cooperate, the account will be transferred to the Public Security Bureau Anti-Fraud Center within 48 hours.",scam,fraud,consulate_package_pickup,cantonese,traditional,sms,elder_immigrant,fear_of_home_country_authorities,"authority_impersonation,credential_theft,urgency_manipulation",original,hang_up_and_verify,"Alipay-framed scam citing the real Anti-Telecom Network Fraud Law (反電信網絡詐騙法) passed in 2022 — scammers weaponize the real statute to sound legitimate, layered with the consulate-package-pickup pattern (two-hop transfer to 'public security'). Red flags: (1) real Alipay uses in-app communications, not WeChat handlers, (2) 'bank statement screenshots' is a PII-harvesting tell — no legitimate platform needs outside bank statements to verify its own account, (3) the law exists but does not authorize the process described. Delete the SMS, block the number, do not add the WeChat handler. If your parent wants to verify a real Alipay issue, only use the Alipay app they already have (我的 → 安全中心 → 賬戶安全險). If screenshots were already sent, any financial accounts shown are now compromised — review statements for unauthorized activity and change online banking passwords.",,Consulate-package scams use phone_call or SMS in Mandarin or Cantonese targeting elder_immigrant; lever is fear_of_home_country_authorities because the scam impersonates PRC consular authority over overseas nationals.
cdef-143,王女士您好，我係加州藍盾（Blue Shield）醫療保險理賠部嘅張sir。我哋發現您上個月有一個十八萬美金嘅心臟搭橋手術理賠申請，帳單顯示係中國上海做嘅，但我哋records顯示您一直喺三藩市。如果呢個唔係您本人做嘅手術，就係有人盜用咗您嘅身份喺中國用您個醫保。我哋需要即刻轉接FBI調查員同您傾，否則您可能會被追究共同詐騙嘅責任。,"Hello Ms. Wang, this is Mr. Zhang from Blue Shield of California's claims department. We found an $180,000 heart bypass surgery claim filed last month with invoice from Shanghai, but our records show you've been in San Francisco. If this surgery wasn't you, someone has stolen your identity and used your health insurance in China. We need to transfer you immediately to an FBI investigator, otherwise you may be liable for co-conspiracy fraud.",scam,fraud,health_insurance_claim_fraud,cantonese,traditional,phone_call,elder_immigrant,authority_deference,"authority_impersonation,urgency_manipulation,credential_theft",original,hang_up_and_verify,"Blue Shield health-insurance impersonation scam, Cantonese variant of the FBI PSA 251113 pattern. Red flags: (1) real insurers do not transfer callers to 'FBI investigators' — if they suspected fraud, they'd send a letter and refer to the NHCAA, (2) 'co-conspiracy fraud' threat is a manufactured pressure lever, (3) the $180K heart bypass + Shanghai hospital is the signature detail from this scam family (big numbers + foreign location). Hang up before the FBI transfer. Call Blue Shield member services at the number on the back of the actual card (1-888-256-3650 for CA Blue Shield, but verify from the physical card). If the scam already escalated to the FBI-pretender stage and any PII was shared, treat SSN as compromised and freeze credit.",,"Health-insurance scams use phone_call in Cantonese, Mandarin, or English; lever is authority_deference because the caller impersonates a known insurer (Cigna, BUPA, Kaiser) and the elder defers to medical-system authority."
cdef-144,"李阿姨，呢度係Kaiser理賠部嘅陳姑娘。我哋系統顯示你老公上個月喺香港做咗一個肝移植手術，理賠金額USD 285,000。因為呢個係跨境大額理賠，我哋需要立即同你核實：1) 你老公現時人喺美國定係香港？2) 你嘅Kaiser member ID同出生日期；3) 你哋嘅聯名銀行賬戶尾四位用嚟做退款用途。如果係身份盜用我哋要立即報案，可以轉接你去FBI嘅華語專員。","Auntie Li, this is Ms. Chan from Kaiser claims department. Our system shows your husband had a liver transplant in Hong Kong last month, claim amount USD 285,000. Since this is a large cross-border claim we need to verify immediately: 1) Is your husband currently in the US or HK? 2) Your Kaiser member ID and date of birth; 3) The last four digits of your joint bank account for refund purposes. If this is identity theft, we need to report it immediately — I can transfer you to an FBI Chinese-language specialist.",scam,fraud,health_insurance_claim_fraud,cantonese,traditional,phone_call,elder_immigrant,authority_deference,"authority_impersonation,credential_theft,urgency_manipulation",original,hang_up_and_verify,"Kaiser claims-department impersonation scam — the liver transplant variant, designed to panic elders whose spouses have any history of travel to HK or mainland China. Red flags: (1) real Kaiser never requests member ID or DOB over an outbound call (they already have those), (2) 'joint bank account last four for refund' is the credential-theft hook dressed as customer service, (3) the FBI-specialist transfer is the two-hop scam pattern. Hang up. Call Kaiser member services at 1-800-464-4000 (on the back of every Kaiser card) and ask if any claim is on file. Real cross-border claims are extraordinarily rare on US-based plans and resolved through written correspondence, not phone demands for DOB and bank info.",,"Health-insurance scams use phone_call in Cantonese, Mandarin, or English; lever is authority_deference because the caller impersonates a known insurer (Cigna, BUPA, Kaiser) and the elder defers to medical-system authority."
cdef-145,王女士您好，我係Anthem Blue Cross理賠核查部嘅李警官。我哋最近收到一份從中國福建省莆田申請嘅胃癌治療理賠，金額22萬美金，用您嘅name同Social Security Number。我哋需要立即同您視頻面談核實身份，我哋通過Signal安排，你preparede好身份證件同medicare card等我哋call。,"Ms. Wang, this is Officer Lee from Anthem Blue Cross claims investigation. We recently received a stomach cancer treatment claim from Putian, Fujian, China for $220,000 in your name and Social Security Number. We need to do a video interview with you immediately to verify identity, we'll arrange through Signal — please prepare your ID and Medicare card for the call.",scam,fraud,health_insurance_claim_fraud,mandarin,simplified,phone_call,elder_immigrant,authority_deference,"authority_impersonation,credential_theft,urgency_manipulation",original,hang_up_and_verify,"Anthem Blue Cross impersonation scam, Mandarin variant. Putian (莆田) specifically referenced because it has become a scam-narrative trope (Putian's reputation for questionable medical practices makes the fake claim story feel plausible). Red flags: (1) real insurers do not call themselves 'officers,' (2) no insurer investigates through Signal video calls, (3) Medicare card + ID prep for a video call is a credential-theft rehearsal. Hang up. Call Anthem member services from the back of the card. Do not do a video call, do not add the Signal contact. If the scam reaches the video stage, the 'officer' will typically appear in uniform against a staged background — none of this is real Anthem procedure.",,"Health-insurance scams use phone_call in Cantonese, Mandarin, or English; lever is authority_deference because the caller impersonates a known insurer (Cigna, BUPA, Kaiser) and the elder defers to medical-system authority."
cdef-146,"Ms. Wong, this is Sarah from UnitedHealthcare's Special Investigations Unit. Our system flagged an unauthorized medical claim filed in your name at a hospital in Guangzhou, China — approximately $95,000 for cardiac surgery. We need to verify your identity before we can freeze the claim. Please provide your Medicare Beneficiary Identifier, date of birth, and the last four digits of your bank account so we can confirm you're the real policyholder. After that I'll transfer you to our fraud liaison at the FBI.",-,scam,fraud,health_insurance_claim_fraud,english,romanized,phone_call,elder_immigrant,authority_deference,"authority_impersonation,credential_theft,urgency_manipulation",original,hang_up_and_verify,"UnitedHealthcare impersonation scam, English variant targeting elders whose adult children may pick up the call. Red flags: (1) real UHC Special Investigations Unit does not collect MBI + DOB + bank info over an outbound phone call, (2) the 'FBI liaison' transfer is the textbook two-hop scam, (3) MBI harvesting is the current replacement for SSN theft after CMS transitioned to MBIs — scammers adapted quickly. Hang up. Call UHC at the number on the back of the member's card, or call 1-800-MEDICARE to verify there's no suspicious activity on file. If MBI was shared, request a new MBI from 1-800-MEDICARE — unlike SSN, MBIs can be changed if compromised.",,"Health-insurance scams use phone_call in Cantonese, Mandarin, or English; lever is authority_deference because the caller impersonates a known insurer (Cigna, BUPA, Kaiser) and the elder defers to medical-system authority."
cdef-147,【UnionPay銀聯通知】王女士，您的銀聯卡（尾號8273）在境外被檢測到異常大額交易，系統已暫時凍結。為避免您的資金被進一步盜用，請立即添加Signal客服 up_sec_service 配合解凍。解凍需要您提供：卡號全部、CVV、銀行登錄密碼。核實無誤即刻解凍。,"[UnionPay notification] Ms. Wang, your UnionPay card (ending 8273) has been flagged for unusual large-amount transactions overseas, and the system has temporarily frozen it. To prevent further theft of your funds, please add Signal customer service up_sec_service immediately to cooperate with unfreezing. Unfreezing requires you to provide: full card number, CVV, bank login password. Upon verification, unfreezing will be immediate.",scam,fraud,alipay_unionpay_12306_freeze,cantonese,traditional,sms,elder_immigrant,fear_of_home_country_authorities,"authority_impersonation,credential_theft,urgency_manipulation",original,hang_up_and_verify,"UnionPay freeze scam, Cantonese SMS. Not technically pig-butchering in sub-type, but targets the same cross-border remittance-sending elder demographic and often funnels into the investment-recovery variant. Red flags: (1) no legitimate payment network ever requests full card number + CVV + login password in a single ask — that's the complete card-fraud kit, (2) Signal as customer-service channel is the universal scam signal, (3) the 'immediate unfreeze' pressure lever. Delete the SMS, block. If your parent has a real UnionPay card, any issue is resolved through the issuing bank's app or the number on the back of the physical card — never through a Signal handler.",,Payment-platform freeze scams use SMS or phone_call in Mandarin (occasionally Cantonese) because Alipay/UnionPay/12306 are PRC-native platforms; lever is fear_of_home_country_authorities or authority_deference because victims believe a Chinese financial authority can freeze their accounts remotely.
cdef-148,林伯伯，我係Lily呀，你仲記得上次喺Costco排隊我哋傾嘅嗎？你嗰時話你想搵啲保本嘅投資，我後來同我家姐傾咗你嘅情況。我家姐個男朋友喺Goldman Sachs做quant，佢哋有一個內部員工先買到嘅USD債券基金，月息4-5%，保本保息，一年期。佢哋開咗個小group俾我哋自己人玩，我加你入去，你自己睇下。,"Uncle Lam, it's Lily — remember me from the Costco line last time? You mentioned you wanted a capital-guaranteed investment. I spoke with my older sister about your situation afterwards. Her boyfriend works as a quant at Goldman Sachs, and they have an internal employee-only USD bond fund, 4-5% monthly interest, principal and interest guaranteed, one-year term. They started a small group just for our own people, I'll add you in — you can check it out yourself.",scam,fraud,pig_butchering_wechat,cantonese,traditional,wechat_1to1,elder_immigrant,collectivist_pressure,"guaranteed_returns,sunk_cost_escalation",original,hang_up_and_verify,"Pig-butchering grooming phase in Cantonese WeChat 1-to-1, using the fabricated Costco-encounter trust pretext. Red flags: (1) the 'remember me from Costco' framing is the classic weak-tie reactivation — scammers shake these vaguely-plausible encounters out of elders' memories to bootstrap trust, (2) 'Goldman Sachs employee-only bond fund at 4-5% monthly' is not a real product — Goldman's institutional bond funds aren't sold to employees' family friends through WeChat, and 4-5% monthly (60% annualized) is physically impossible for any legitimate bond, (3) the 'our people' (自己人) frame is the in-group collectivist lever. Do not add to any WeChat group, do not engage. If your parent is genuinely looking for capital-preservation investments, a real answer is Treasury I-bonds at treasurydirect.gov or bank CDs — both are FDIC/Treasury-backed, not 'internal employee funds.' Verify any claimed Goldman employee on FINRA BrokerCheck.",,Pig-butchering 1-to-1 scams arrive via wechat_1to1 in Cantonese or Mandarin; lever is collectivist_pressure because the scam builds pseudo-romantic or friendship trust over weeks before introducing the investment ask.
cdef-149,林叔叔！我係Sarah啊，好耐冇見！我搬咗去Atlanta三年都冇同你好好傾過。我好記得你對我同我媽好好，最近我同我老公中咗一個做跨境貿易嘅生意，我哋做東南亞農產品批發，起初投10萬美金，十個月已經做到30萬。我哋準備擴大規模，想帶埋幾個靠得住嘅自己人入來。我想起你，你有興趣我send份報告俾你睇下？,"Uncle Lam! It's Sarah, long time no see! I moved to Atlanta three years ago and haven't properly caught up with you. I really remember how good you were to me and my mom. Recently my husband and I got into a cross-border trading business doing Southeast Asian agricultural wholesale, started with $100K and in ten months we've grown it to $300K. We're preparing to expand and want to bring in a few trusted people. I thought of you — if interested I'll send you a report?",scam,fraud,pig_butchering_wechat,cantonese,traditional,wechat_1to1,elder_immigrant,collectivist_pressure,"guaranteed_returns,sunk_cost_escalation",original,hang_up_and_verify,"Pig-butchering grooming using the long-absent-niece-figure trust activation — weaponizes real emotional history. Red flags: (1) 3x return in 10 months is 140% annualized, which is not achievable from legitimate agricultural wholesale, (2) 'trusted people' (靠得住嘅自己人) is the in-group pressure lever specifically calibrated to Chinese community business-recruitment culture, (3) the 'send you a report' move is the standard second step — reports are typically polished PDFs with fake audit stamps, used to establish credibility before the investment ask. The hard part: Sarah may be a real niece-figure whose identity has been hijacked, or she may be a real person who has herself been recruited into a pyramid. Call Sarah directly on the number your family has for her (not the WeChat account) or call her mother. Do not engage in the WeChat conversation about the business until that call happens. Even if Sarah confirms, the business itself is almost certainly a scam — no real agricultural wholesale recruits capital partners through WeChat family chat.",,Pig-butchering 1-to-1 scams arrive via wechat_1to1 in Cantonese or Mandarin; lever is collectivist_pressure because the scam builds pseudo-romantic or friendship trust over weeks before introducing the investment ask.
cdef-150,@all 我係Jenny姐，我之前喺呢個群分享過炒美股嘅經驗，今日要特別謝謝Teacher Ko老師，佢帶我嘅團隊呢兩個月用佢自己研發嘅量化模型做美股期權，我個人戶口已經由15萬做到38萬，群裡面好多姐妹都賺到錢。Teacher Ko下星期四晚上8點有一個閉門分享會，只俾我哋群裡嘅熟人，名額20個，有興趣嘅私我，我拉你入Teacher Ko個VIP會員群。,"@all I'm Sister Jenny, I've shared my US stock trading experience in this group before. Today I want to specially thank Teacher Ko — over the past two months he's led my team using his self-developed quantitative model for US stock options. My personal account has gone from $150K to $380K, and many sisters in the group have also made money. Teacher Ko has a closed-door sharing session next Thursday 8pm, only for familiar faces in our group, 20 spots. DM me if interested and I'll pull you into Teacher Ko's VIP member group.",scam,fraud,pig_butchering_wechat,cantonese,traditional,wechat_group,elder_immigrant,collectivist_pressure,"guaranteed_returns,sunk_cost_escalation",original,hang_up_and_verify,"Pig-butchering group chat, Cantonese variant — same structure as cdef-025 (Cantonese) and cdef-130 (Mandarin), reinforcing sub_type floor. Red flags: (1) 2.5x return in 2 months is physically impossible, (2) 'Teacher Ko self-developed quantitative model' is finance-word-salad — real quant funds are at firms like Renaissance or Two Sigma, not in WeChat VIP groups, (3) 'closed-door session, only for familiar faces' is the artificial scarcity + in-group funneling combo. Do not DM, leave or mute the group. The '@all' tag is designed to maximize visibility across all group members simultaneously. Do not confront in-group — quietly message any auntie or uncle you know personally with a 1-to-1 warning. Verify any alleged advisor at brokercheck.finra.org. Real quant firms are regulated by the SEC and their employees cannot solicit capital from WeChat groups.",,Pig-butchering 1-to-1 scams arrive via wechat_1to1 in Cantonese or Mandarin; lever is collectivist_pressure because the scam builds pseudo-romantic or friendship trust over weeks before introducing the investment ask.
cdef-151,媽，我係細仔Ryan呀！我今日同Mike開車去Reno玩，俾cop屈我哋有drug underneath個車坐位，依家喺Reno地方警局。我律師話要二萬美金bail先放得我走，ASAP越快越好！千祈咪話俾爸爸，佢知道我又出事會嬲到痴線，麻煩你去CVS買啲Google Play gift card讀個number俾我律師就得。愛你呀媽咪。,"Mom, it's your little son Ryan! Today I drove to Reno with Mike to hang out, cops framed us saying there were drugs under the car seat, now I'm at Reno local police station. My lawyer says I need $20K bail to get out, ASAP the faster the better! Please don't tell Dad, he'll be furious if he finds out I'm in trouble again. Just go to CVS and buy some Google Play gift cards and read the numbers to my lawyer. Love you Mom.",scam,fraud,grandparent_scam_chinese,cantonese,traditional,phone_call,elder_immigrant,filial_piety,"urgency_manipulation,isolation_tactic,advance_fee",original,hang_up_and_verify,"Grandparent-scam variant in Cantonese, son-figure instead of grandson. Every element is a stacked red flag: (1) US police do not accept bail in Google Play gift cards — ever, (2) no real lawyer asks a client's mother to read gift card numbers, (3) 'don't tell Dad' is the textbook isolation tactic exploiting family-shame dynamics, (4) the 'framed with drugs' narrative is designed to trigger maximum panic + avoidance of external verification. Hang up, call Ryan directly on the number your family has for him. If he doesn't answer, try his other family members or his wife. Do not go to CVS, do not buy any gift cards. Voice cloning is now advanced enough that 'it sounded just like him' is not verification — only hearing back from Ryan at a known number is. Set up a family safe-word now if you haven't.",,Grandparent scams arrive by phone_call (voice urgency is essential) in the grandchild's expected language; lever is always filial_piety because the scam exploits the elder's instinct to protect a grandchild in danger; the scam demands secrecy from other family members.
cdef-152,"嫲嫲！係我Eric呀！我啱啱返緊學校嗰陣撞咗一部Tesla！個司機咩事都冇但係佢話要告我，我律師話如果我即刻畀佢$8,000 cash settlement就唔使上法庭。我冇咁多錢喺身，你幫我轉個錢去我個律師個Zelle phone number得唔得？千祈咪講俾爸媽聽，佢哋次次都話我揸車唔小心。嫲嫲我好驚。","Grandma! It's Eric! On my way back to school I hit a Tesla! The driver's fine but says he'll sue me, my lawyer said if I give him an $8,000 cash settlement now we won't have to go to court. I don't have that much on me, can you transfer the money to my lawyer's Zelle phone number? Please don't tell Mom and Dad, they always say I'm a careless driver. Grandma I'm so scared.",scam,fraud,grandparent_scam_chinese,cantonese,traditional,phone_call,elder_immigrant,filial_piety,"urgency_manipulation,isolation_tactic,advance_fee",original,hang_up_and_verify,"Grandparent scam, Zelle variant. Red flags: (1) Zelle is irreversible — major red flag when combined with family emergency, (2) no real attorney accepts accident settlements via Zelle to a personal phone number, (3) 'don't tell Mom and Dad' is the isolation lever, (4) 'settle now to avoid court' is manufactured urgency that real legal processes never impose in the same hour as the incident. If the grandchild is actually in an accident, the correct response is calling insurance (not wiring cash to a claimant). Hang up, call Eric directly on the number you have, then call his parents. Zelle fraud is especially common against elders because most major banks do not refund Zelle loss claims — making the money effectively gone the moment it's sent.",,Grandparent scams arrive by phone_call (voice urgency is essential) in the grandchild's expected language; lever is always filial_piety because the scam exploits the elder's instinct to protect a grandchild in danger; the scam demands secrecy from other family members.
cdef-153,"婆婆！我係Amy呀！我返學時候chemistry lab不小心弄壞咗part嘅equipment，學校話要罰我$6,500如果今晚之前唔俾就要report to Dean然後我可能會retake或者被kick out！我爸媽會嬲到飛起。我同隔離個roommate借咗point部分，你可唔可以幫我送埋尾數$3,500？我個學校TA個Venmo我到時傳俾你。Love you grandma!","Grandma! It's Amy! During chem lab I accidentally broke part of the equipment, school says they'll fine me $6,500 if I don't pay by tonight otherwise they'll report to the Dean and I might have to retake or be kicked out! My parents will be furious. I borrowed part from my roommate next door, can you help me with the rest $3,500? I'll send you my school TA's Venmo.",scam,fraud,grandparent_scam_chinese,cantonese,traditional,wechat_1to1,elder_immigrant,filial_piety,"urgency_manipulation,isolation_tactic,advance_fee",original,hang_up_and_verify,"Grandparent scam, WeChat + Venmo variant targeting a grandmother of a college-age grandchild. Red flags: (1) no university fines students $6,500 for equipment damage by end of day — real damage policies go through billing months later, not TA's Venmo, (2) 'TA's Venmo' is scammer-controlled, (3) 'parents will be furious' isolation framing, (4) the partial-amount roommate-borrow detail ('I got some, need the rest') is a psychological calibration to make the ask feel smaller and more verified. Do not send Venmo. Message Amy directly on the number you have for her — not through this WeChat account which may be compromised or impersonated. If Amy confirms she's fine in a separate call, report this WeChat to Tencent as a compromised/impersonated account. If she doesn't answer, call her roommate, her parents, or the school's dean's office directly (never a number the WeChat message gives you).",,Grandparent scams arrive by phone_call (voice urgency is essential) in the grandchild's expected language; lever is always filial_piety because the scam exploits the elder's instinct to protect a grandchild in danger; the scam demands secrecy from other family members.
cdef-154,"妈妈，我是您女儿小莉，我刚从上海下飞机转机去纽约准备下周开会。海关因为我行李里有一些公司样品说要查，要求我交一个$3,000的临时保证金，等他们查完会退。我信用卡刚在中国刷爆了，能不能帮我转$3,000到这个Zelle号码 415-XXX-XXXX 上？不要告诉爸爸，他会担心。我查完就给您电话。","Mom, it's your daughter Xiaoli. I just landed in Shanghai in transit to New York for a meeting next week. Customs wants to inspect my luggage because it has company samples, they're requiring a $3,000 temporary deposit — they'll refund it after inspection. My credit card just maxed out in China, can you help transfer $3,000 to this Zelle number 415-XXX-XXXX? Don't tell Dad, he'll worry. I'll call you after the inspection.",scam,fraud,grandparent_scam_chinese,mandarin,simplified,phone_call,elder_immigrant,filial_piety,"urgency_manipulation,isolation_tactic,advance_fee",original,hang_up_and_verify,"Grandparent-scam variant with adult daughter as the claimed caller — targets mothers of US-born Chinese-American adult women traveling internationally. Red flags: (1) US Customs never requires cash deposits for inspecting samples — samples are either admitted, held, or refused, no cash bonds involved, (2) Shanghai transit + NY meeting + stuck credit card is a plausible-sounding logistics stack designed to manufacture urgency, (3) 'don't tell Dad' isolation lever, (4) Zelle phone number is scammer-controlled. Hang up, call your daughter directly on her US number or WhatsApp. If she's traveling, she'll typically have posted or messaged about it recently — check. Do not send Zelle.",,Grandparent scams arrive by phone_call (voice urgency is essential) in the grandchild's expected language; lever is always filial_piety because the scam exploits the elder's instinct to protect a grandchild in danger; the scam demands secrecy from other family members.
cdef-155,"Hi grandma, this is Jason. Wait hold on — let me just say first, please don't be mad. I'm at the police station in Long Island, they pulled me over for something I didn't do but I can't explain right now. The bail is $5,000 and my lawyer Patrick Murphy is trying to get me out before they transfer me tonight. Can you please Zelle $5,000 to this number, 718-XXX-XXXX? Please don't call mom, she's been so stressed with grandpa lately. I'll pay you back as soon as I can. Love you grandma.",-,scam,fraud,grandparent_scam_chinese,english,romanized,phone_call,elder_immigrant,filial_piety,"urgency_manipulation,isolation_tactic,advance_fee",original,hang_up_and_verify,"Grandparent scam, English variant. Red flags are the standard set: (1) bail via Zelle is never legitimate, (2) 'don't call mom, she's stressed' is textbook isolation, (3) lawyer's name + bail amount + transfer deadline is the urgency triad designed to bypass verification. Hang up. Call Jason directly at the number you have. If he doesn't answer, call his mom (the person you're being told not to call) — that's the whole point of the isolation tactic, and calling mom is exactly how the scam breaks. Grandma calling mom despite 'don't tell mom' is the single most effective counter to this scam.",,Grandparent scams arrive by phone_call (voice urgency is essential) in the grandchild's expected language; lever is always filial_piety because the scam exploits the elder's instinct to protect a grandchild in danger; the scam demands secrecy from other family members.
cdef-156,"媽，我需要同你講個嚴重嘅消息但係你唔好驚。我今日上返嚟公司已經俾HR叫去傾話，公司幫我H-1B做嘅申請因為我IRS tax return嗰度有個錯誤被USCIS質疑，律師話要喺今日內付緊急修改費$4,800否則案子會被拒絕我要離開美國。Don't tell Dad，他會很擔心。我公司暫時墊唔到咁多，可唔可以幫我Zelle呢個Payment processor 415-XXX-XXXX？星期五出糧我會還番你。","Mom, I need to tell you something serious but please don't panic. I went back to work today and HR pulled me aside — the H-1B application the company filed for me has been flagged by USCIS because of an error in my IRS tax return, the lawyer says an emergency amendment fee of $4,800 must be paid today or the case will be denied and I'll have to leave the US. Don't tell Dad, he'll worry. My company can't advance it right now, can you help Zelle this payment processor 415-XXX-XXXX? I'll pay you back on Friday payday.",scam,fraud,grandparent_scam_chinese,code_mixed_cantonese_english,traditional,phone_call,elder_immigrant,filial_piety,"urgency_manipulation,isolation_tactic,advance_fee",original,hang_up_and_verify,"Grandparent scam, code-mixed variant with H-1B visa pretext — specifically designed to target Cantonese-speaking mothers of adult children on US work visas. Red flags: (1) USCIS does not charge emergency amendment fees through phone processors — real fees are paid to USCIS directly via form-specific channels, (2) the H-1B visa employer is legally responsible for most filing fees, not the employee personally through a Zelle processor, (3) 'Don't tell Dad' is the signature isolation, (4) same-day deadline is manufactured. The H-1B pretext is powerful because first-generation parents typically don't understand the exact procedural flow and defer to their adult child's expertise. Hang up. Call the child directly on the number you have. Call the employer's HR department independently if worried. If any money was sent via Zelle, it's effectively gone — file a police report and contact the receiving bank's fraud department immediately to freeze if still possible.",,Grandparent scams arrive by phone_call (voice urgency is essential) in the grandchild's expected language; lever is always filial_piety because the scam exploits the elder's instinct to protect a grandchild in danger; the scam demands secrecy from other family members.
cdef-157,"【微信团队】尊敬的用户，您的微信账号已被标记为高风险账户，系统检测到您的账户近30天内向境外转账累计超过$10,000。根据中国人民银行反洗钱规定，我们需要您立即配合身份核实。请添加客服微信 wechat_verify_sec 提供：身份证正反面、银行卡正反面、近三个月微信钱包流水。未在24小时内配合将被永久封号并移交反洗钱调查。","[WeChat Team] Dear user, your WeChat account has been flagged as high-risk. System has detected cumulative overseas transfers exceeding $10,000 from your account in the past 30 days. Under People's Bank of China anti-money-laundering regulations, we need you to immediately cooperate with identity verification. Please add customer service WeChat wechat_verify_sec and provide: both sides of ID card, both sides of bank card, and last 3 months of WeChat Wallet transaction history. Failure to cooperate within 24 hours will result in permanent account closure and referral to AML investigation.",scam,fraud,consulate_package_pickup,mandarin,simplified,wechat_1to1,elder_immigrant,fear_of_home_country_authorities,"authority_impersonation,credential_theft,urgency_manipulation",original,hang_up_and_verify,"WeChat AML (anti-money-laundering) scam — uses the weight of PBOC regulatory authority to extract the complete identity-theft kit. Red flags: (1) real Tencent/WeChat does not communicate through 'add customer service' workflows — real platform notifications are in-app, (2) the PII ask (ID front+back + bank card front+back + transaction history) is the textbook full KYC package that lets the scammer open accounts, apply for loans, or take over existing accounts in the victim's name, (3) PBOC AML regulations do apply to large cross-border flows but enforcement goes through the originating bank, not WeChat customer service. Do not add the WeChat account, do not send any documents. Log into WeChat directly and check 我 → 设置 → 账号与安全 for any real notifications (there won't be any). If documents were already sent, those bank accounts and national ID are now compromised — freeze accounts and alert family members in China.",,Consulate-package scams use phone_call or SMS in Mandarin or Cantonese targeting elder_immigrant; lever is fear_of_home_country_authorities because the scam impersonates PRC consular authority over overseas nationals.
cdef-158,王女士您好，我係紐約唐人街華人社區中心嘅陳社工。您上個月報名咗我哋嘅老人家防騙講座，今次提醒您下個星期三下午2點喺Mott Street 70號二樓進行，全程用廣東話，FBI華人組會出一個特別嘉賓嚟講最新嘅騙案手法。活動免費，唔需要帶任何證件，茶點準備好。有問題打212-226-6280。— 陳社工,-,safe,legitimate_communication,real_community_organization,cantonese,traditional,phone_call,elder_immigrant,authority_deference,"legitimate_process,verified_source",contrast,verify_via_official_channel,"Legitimate Chinatown community center reminder call — contrast to multiple Cantonese phone_call scams above. Verified signals: references a specific prior registration the recipient actually made, real Mott Street location (70 Mott St is a real NYC Chinatown address with several community organizations), a real publicly-listed phone number (212-226-6280 is in CCBA's range), a real FBI Chinese-community outreach program, free, no documents required, no payment. The content of the scam-prevention talk itself is meta-useful — the call is about educating against scams, which is the opposite of running one.",,"Contrast twin of pig_butchering_group_chat: shares surface features (channel=phone_call, language=cantonese, authority tone) but differs in the causal feature — verifiable institutional identity, absence of fund-transfer demand, or presence of known family context. The model must learn that phone_call + cantonese + authority language does NOT determine fraud; the causal features do."
cdef-159,【紐約華埠商會】各位會員早晨！本週五中午12點，華埠商會將喺社區中心舉行免費老人家健康日，由紐約大學醫院內科醫師李Dr.（NY State Medical License #258931，可以喺nysed.gov查證）主講糖尿病同心臟病管理。有免費量血壓、血糖測試、中文健康手冊。全程免費，不售任何保健品。地址：Mott Street 62號，問詢電話212-226-6280。,"[NY Chinatown Chamber of Commerce] Good morning fellow members! This Friday at noon, the Chinatown Chamber will host a free seniors health day at the community center, featuring Dr. Li, an internist from NYU Hospital (NY State Medical License #258931, verifiable at nysed.gov) speaking on diabetes and heart disease management. Free blood pressure and blood sugar testing, Chinese-language health booklets. Fully free, no supplements sold. Address: 62 Mott Street, inquiries 212-226-6280.",safe,legitimate_communication,real_community_health_event,cantonese,traditional,wechat_group,elder_immigrant,collectivist_pressure,"legitimate_process,verified_source",contrast,verify_via_official_channel,"Legitimate Chinatown health event in Cantonese WeChat group. Contrast to cdef-150 (pig-butchering group chat in same language/channel). Verified signals: real organization (CCBA / Chamber of Commerce has been in Chinatown since 1883), real physical address, speaker credentials with a verifiable NY state medical license (nysed.gov does have a public physician search at op.nysed.gov/verification-search), explicit 'no supplements sold' disclaimer (direct inversion of cdef-107/123/125), real phone number. The license-lookup habit introduced in cdef-137 is repeated here across language/channel variants — cross-row reinforcement of this verification skill is deliberate.",,"Contrast twin of miracle_health_product: shares surface features (channel=wechat_group, language=cantonese, authority tone) but differs in the causal feature — verifiable institutional identity, absence of fund-transfer demand, or presence of known family context. The model must learn that wechat_group + cantonese + authority language does NOT determine fraud; the causal features do."
cdef-160,"Dear Ms. Lam, your Kaiser Permanente annual Explanation of Benefits (EOB) statement for 2025 is enclosed. Claims processed: 12. Total billed: $18,425.67. Total your responsibility: $1,284.00 (all copays, already paid at visits). No action required — this is informational only. To view claim details or set up paperless delivery, log in to kp.org using your existing member account. Questions: call member services at the number on the back of your Kaiser card.",-,safe,legitimate_communication,real_health_insurance_notice,english,romanized,mail,elder_immigrant,authority_deference,"legitimate_process,verified_source",contrast,verify_via_official_channel,"Legitimate Kaiser Permanente 2025 annual Explanation of Benefits (EOB) delivered by mail — the structural opposite of every health_insurance_claim_fraud original in the dataset (cdef-018, cdef-058, cdef-143–146). Verified signals: physical mail arrival (not phone or text, matching Kaiser's real EOB channel); specific claim count (12) and dollar figures ($18,425.67 billed, $1,284 member responsibility already paid at visits) that Ms. Lam can cross-check against her own 2025 appointment history; explicit 'no action required — informational only' framing; remediation routes to her EXISTING kp.org member account and the phone number printed on the back of her physical Kaiser card (never a number inside the letter); no SSN, DOB, or banking information is requested. Confidence check: Ms. Lam should log into kp.org under her existing credentials → Benefits & Costs → Claims, and confirm the 12-claim total matches $18,425.67; if anything is off, call Kaiser Member Services at 1-800-464-4000 (the number on the back of her card). If any follow-up 'Kaiser' contact demands she 'verify her SSN to confirm EOB receipt' or 'click a link to set up paperless billing with a processing fee,' that is the scam variant — real Kaiser paperless setup is inside kp.org under Profile & Settings, with no fee.",,"Contrast twin of health_insurance_claim_fraud: shares surface features (channel=mail, language=english, authority tone) but differs in the causal feature — verifiable institutional identity, absence of fund-transfer demand, or presence of known family context. The model must learn that mail + english + authority language does NOT determine fraud; the causal features do."
cdef-161,妈，我是您女儿Michelle，今天Dr. Park给我打电话，您上次的年度体检结果都出来了，一切正常：血压128/82（稍高一点但在正常范围），胆固醇180，A1C6.1（糖尿病前期但控制得很好），肾功能正常。医生建议您继续锻炼和现在的饮食，半年后follow-up，我已经在日历上记好了。您做得真好妈妈，我爱您。,-,safe,legitimate_communication,ordinary_family_message,mandarin,simplified,wechat_1to1,elder_immigrant,filial_piety,legitimate_process,negative_space,verify_via_official_channel,"Ordinary Mandarin daughter-to-mother annual-physical results relay — the baseline shape of routine caregiving. The verified signals are clinically accurate: BP 128/82 is 'elevated' but within the stage-1 range where most physicians will continue current therapy; total cholesterol 180 is within the desirable range (<200 mg/dL per ACC/AHA guidelines); A1C 6.1 is in the pre-diabetes band (5.7–6.4) but 'well controlled' is the right framing because it's close to the 5.7 threshold with no upward drift; kidney function normal (eGFR ≥60) is a standard labs-panel output. The daughter self-identifies ('我是您女儿Michelle') in case mom was uncertain, names Dr. Park (a known provider), places next appointment in her calendar, and closes with positive reinforcement. No money, no PII, no urgency. Confidence check: mom can verify the numbers herself by reading the physical lab report (normally mailed within 7–10 days) or logging into her provider's patient portal under her existing credentials. The 6-month follow-up can be confirmed by calling Dr. Park's office on the phone number printed on her prior appointment card. Specific vital-sign numbers in a family chat are a positive caregiving signal — real clinicians communicate numeric values to family proxies because those numbers enable informed follow-through.",,"Ordinary family message in mandarin via wechat_1to1 — channel and language are jointly determined by the family's actual communication habits (WeChat for Chinese-speaking families, SMS for English-dominant); lever filial_piety reflects the family relationship, not a manipulation vector; no fraud-adjacent features present."
cdef-162,嫲嫲你下個禮拜幾方便？我想帶你同公公去Daly City Serramonte個Costco買嘢，上次你話你樽醬油同米快冇晒。我幫你排queue你坐喺side嗰度等，完咗我哋可以去隔離間Panda Express食嘢，你舊年嗰陣成日話好想去。Mommy會跟埋過嚟幫手拿嘢，你唔使擔心拿重嘢。,-,safe,legitimate_communication,ordinary_family_message,cantonese,traditional,wechat_1to1,elder_immigrant,filial_piety,legitimate_process,negative_space,verify_via_official_channel,"Ordinary Cantonese granddaughter-grandparent shopping coordination message — dense real-world caregiving texture with zero fraud adjacency. Verified signals: Costco Serramonte in Daly City is real (2300 Gellert Blvd, Daly City, member services 650-757-3081); the items mom flagged last time (soy sauce bottle nearly empty, rice running out) are inside-knowledge details only family would know; Panda Express next to the Serramonte Costco food court is correct; the caregiving division of labor (granddaughter queues while grandma sits on the side, then mommy helps carry heavy items) is exactly how Chinese-American extended families handle Costco runs with an elder. No money request, no PII, no link, no urgency. Confidence check: grandma can verify by calling the granddaughter on her saved family number; Costco Serramonte store hours and membership status are at costco.com under her existing member login (no new card is being added). If any future message in this thread ever asks grandma to wire money 'to cover Costco before we go' or to share her credit card for the granddaughter's membership, that is the scam variant; real family shopping trips never require the grandparent to move funds in advance.",,"Ordinary family message in cantonese via wechat_1to1 — channel and language are jointly determined by the family's actual communication habits (WeChat for Chinese-speaking families, SMS for English-dominant); lever filial_piety reflects the family relationship, not a manipulation vector; no fraud-adjacent features present."
cdef-163,媽，李醫生診所嘅護士Lisa今朝打電話嚟講你份mammogram結果出咗，係normal，冇問題，半年後做下一次就得。我幫你約咗禮拜日過嚟食飯，你唔使擔心。爸爸同細仔都會喺度。Love you媽。,-,safe,legitimate_communication,ordinary_family_message,cantonese,traditional,wechat_1to1,elder_immigrant,filial_piety,legitimate_process,negative_space,verify_via_official_channel,"Ordinary Cantonese daughter-to-mother medical-results update — the baseline shape of reassuring routine caregiving. The verified signals: Dr. Li's clinic nurse Lisa (named individual in an existing known care relationship) phoned the daughter rather than asking mom to click a link; the mammogram result is 'normal, no issues, follow up in six months,' which matches real radiology workflows for routine screening mammograms under ACR BI-RADS Category 1 (negative); family follow-up is a Sunday dinner at home with dad and little brother also present (so the family is already coordinated around mom, not isolating her). No money is requested, no PII is collected, no urgency is induced, no external link appears. Confidence check: mom can independently verify the mammogram result by logging into her patient portal (MyChart, Kaiser kp.org, or whichever EHR her clinic uses) under her existing login, or by calling Dr. Li's office back on the number printed on her previous appointment card. Real imaging results arrive in the patient portal within 3–7 days — if the number in the portal doesn't match the phone message, ask questions. The shape of a real medical-results relay is: nurse calls a family contact, result is reassuring, next visit is already scheduled — no payment, no Medicare-number confirmation, no 'verify your identity' step.",,"Ordinary family message in cantonese via wechat_1to1 — channel and language are jointly determined by the family's actual communication habits (WeChat for Chinese-speaking families, SMS for English-dominant); lever filial_piety reflects the family relationship, not a manipulation vector; no fraud-adjacent features present."
cdef-164,阿爸，聽講你今日同Uncle Ming去咗飲茶？好嘢，最近天氣開始暖啦。媽咪同我今晚煮咗salmon同白菜，如果你得閒就過嚟食埋飯。我大仔琴日第一次自己踩自行車冇跌，好proud佢啊。周末我哋一齊去Golden Gate Park睇花好唔好？,-,safe,legitimate_communication,ordinary_family_message,cantonese,traditional,wechat_1to1,elder_immigrant,filial_piety,legitimate_process,negative_space,verify_via_official_channel,"Ordinary multi-generational Cantonese family check-in — the texture of everyday immigrant family life with zero fraud adjacency. The verified signals: dad went out for yum cha (飲茶, morning tea) with a named longtime friend (Uncle Ming); the daughter reports a specific dinner she and her own mother already cooked (salmon + bok choy, a realistic Bay Area Chinese-American weeknight meal); she shares an age-appropriate proud moment about her son (the grandfather's grandson) riding his bike for the first time without falling; and she proposes a weekend trip to Golden Gate Park for flower-viewing — a real SF seasonal family activity (cherry blossoms and tulips bloom there in spring). No money moves, no PII, no urgency, no links, no 'authority' claim. Confidence check: no active verification needed for a known-contact WeChat family message. The general rule for any thread: if a future message ever pivots to urgent wire transfers, gift-card purchases, or requests for SSN, pause and call the daughter on her existing contact number before acting. Saturation rows like this teach the model that surface features (meal plans, a small favor, health-adjacent mentions) that ALSO appear in scams must be weighed against context — and this context is unambiguously benign.",,"Ordinary family message in cantonese via wechat_1to1 — channel and language are jointly determined by the family's actual communication habits (WeChat for Chinese-speaking families, SMS for English-dominant); lever filial_piety reflects the family relationship, not a manipulation vector; no fraud-adjacent features present."
cdef-165,媽，您Wells Fargo個mobile banking App我下個星期三過嚟幫您update，同set埋two-factor authentication。現時您嘅password我已經幫您改成複雜嘅新嘅，寫咗喺您梳妝台上面本紫色小冊子第一頁。記得：任何人打電話話要您銀行password，您一律掛線打俾我。我星期三見您，愛您媽。,-,safe,legitimate_communication,ordinary_family_message,cantonese,traditional,wechat_1to1,elder_immigrant,filial_piety,legitimate_process,negative_space,verify_via_official_channel,"Exemplary Cantonese caregiver-to-mother message about banking-security hygiene. The verified signals: Wells Fargo mobile banking is a real app that supports two-factor authentication (2FA) at wellsfargo.com or inside the app under Security Center → Security Preferences; the daughter setting a strong new password and writing it in a specific physical notebook (purple booklet, first page, on mom's dresser) is a recognized elder-care best practice because password managers are often too complex for first-generation seniors; and the operative rule — 'anyone who phones asking for your bank password, hang up and call me' — matches Wells Fargo's published policy that they will never ask for your password, PIN, or full SSN via phone, text, or email. Confidence check: mom can independently verify the 2FA setup by logging into the Wells Fargo app after the daughter's visit and confirming that Security Settings shows 2FA enabled; any future call claiming to be 'Wells Fargo fraud department' asking to disable 2FA 'temporarily' is by definition a scam (Wells Fargo never asks customers to disable their own security). Real Wells Fargo is reachable only at 1-800-869-3557 printed on the back of the debit card. Positive caregiving exemplar: proactive security setup + a simple, memorable family rule.",,"Ordinary family message in cantonese via wechat_1to1 — channel and language are jointly determined by the family's actual communication habits (WeChat for Chinese-speaking families, SMS for English-dominant); lever filial_piety reflects the family relationship, not a manipulation vector; no fraud-adjacent features present."
cdef-166,媽媽我今日下午3點要陪小仔去dentist check teeth，可能5點先返到屋企。你同爸爸今晚想食咩？要唔要我順手去Ranch 99買啲雞翼返嚟煮啊?如果你哋累就叫pizza啦。晚啲我哋一齊睇You Tube個新出嘅粵劇，我download咗喺iPad度。,-,safe,legitimate_communication,ordinary_family_message,cantonese,traditional,wechat_1to1,elder_immigrant,filial_piety,legitimate_process,negative_space,verify_via_official_channel,"Ordinary Cantonese daughter-to-parents evening-logistics message — a saturation row that teaches the model the baseline shape of everyday immigrant-family communication. Every detail is grounded and low-stakes: picking up a child from a real errand (dentist), a realistic return-home time (5pm after a 3pm appointment), an offer to stop at Ranch 99 (a real pan-Asian supermarket chain with multiple Bay Area locations) for chicken wings, a fallback plan (pizza) if the parents are tired, and a shared-evening activity (watching a downloaded Cantonese opera on iPad together) that is a very real first-generation elder caregiving gesture. No money, no PII, no link, no urgency. Confidence check: no active verification is needed for a message on WeChat 1-to-1 from a known caregiver daughter. The general rule that applies to any future message in the same thread: if the daughter ever asks the parents to wire money, buy gift cards, or share an SMS code, pause and call her on the family phone number before acting. Saturation on this exact texture is what prevents the model from pattern-matching benign caregiving as fraud-adjacent.",,"Ordinary family message in cantonese via wechat_1to1 — channel and language are jointly determined by the family's actual communication habits (WeChat for Chinese-speaking families, SMS for English-dominant); lever filial_piety reflects the family relationship, not a manipulation vector; no fraud-adjacent features present."
cdef-167,各位長者您好！華埠街坊會定期活動提示：本週六（5月17日）上午10點至12點喺花園角公園（Portsmouth Square）舉行免費太極班，由資深太極教練黃師傅主持，已連續十一年舉辦。風雨不改，穿運動鞋即可，不需要報名，不收費用。另外下午1點至3點有免費血壓測試，由CCHC派駐護士提供。全部都係義工服務，不推銷任何產品。查詢：街坊會415-982-6020。,-,safe,legitimate_communication,real_community_organization,cantonese,traditional,wechat_group,elder_immigrant,collectivist_pressure,legitimate_process,negative_space,verify_via_official_channel,"Ordinary Chinatown neighborhood association activity notice. Translation: 'Fellow seniors! Regular activity reminder from the Chinatown Street Association: this Saturday May 17, 10am-12pm at Portsmouth Square, free tai chi class led by veteran coach Master Wong, running for 11 consecutive years. Rain or shine, wear sneakers, no registration, no fees. Also 1pm-3pm free blood pressure tests by CCHC nurses on-site. All volunteer service, no product sales. Inquiries: 415-982-6020.' Eleven-year history detail is a subtle authenticity signal (scams don't reference long institutional history). Real Chinatown neighborhood infrastructure in a WeChat group.",,Negative-space safe row (real_community_organization) in cantonese via wechat_group: no fraud-adjacent features present; exists to teach the model that wechat_group messages in cantonese are overwhelmingly benign.
cdef-168,家姐，媽今日打電話好擔心，話有個電話嚟話佢支付寶賬戶凍結要佢提供身份證同銀行資料。你琴晚教佢嘅3秒反詐check她做咗——掛斷，打俾你，一齊諗。我已經登入media她個支付寶正常冇事，電話絕對係假。謝謝你上星期教埋佢，呢次佢冇中招。,-,safe,legitimate_communication,ordinary_family_message,cantonese,traditional,wechat_1to1,adult_child_caregiver,filial_piety,legitimate_process,negative_space,verify_via_official_channel,"Exemplary sibling-to-sibling message celebrating a successful scam-prevention win against a classic Alipay-freeze impersonation call. Verified signals: mom did the 3-step anti-fraud check the sister taught her the previous night — hang up, call a family member, think together; the sibling then logged into mom's Alipay and confirmed the account is in normal standing (no freeze, no compliance block), which means the inbound call claiming a freeze and demanding ID + bank info was by construction fraud. Real Alipay compliance notices only appear inside the app's 消息 tab or 安全中心 — never by unsolicited phone call. Confidence check: mom can re-verify herself any time by opening Alipay → 我的 → 设置 → 安全中心 and confirming no active restrictions; if she ever wants to reach a real human, the only legitimate channel is Alipay's in-app 系统客服 (not any phone number given to her in a call). If this scam attempts again, the rule is the same — hang up, call the sister on the known family number, verify inside the app. Positive exemplar teaching the model that successful elder scam-recognition is worth reinforcing explicitly, not just flagging scams in progress.",,"Ordinary family message in cantonese via wechat_1to1 — channel and language are jointly determined by the family's actual communication habits (WeChat for Chinese-speaking families, SMS for English-dominant); lever filial_piety reflects the family relationship, not a manipulation vector; no fraud-adjacent features present."
cdef-169,王女士您好，我係您女兒Karen授權嘅物理治療師Mary Lee，執照編號PT-2948193（可以喺California Board of Physical Therapy網站查），上星期已經幫您係屋企睇過。下星期二下午2點我會再過嚟繼續做您嘅膝蓋復康訓練。您女兒已經同Kaiser做好嘅home health claim，費用由您保險包晒，您唔使俾任何cash或者card。有任何唔明請打Kaiser home health部門 1-800-464-4000 或者打俾Karen，我會準時到。,-,safe,legitimate_communication,real_medical_appointment,cantonese,traditional,phone_call,elder_immigrant,authority_deference,"legitimate_process,verified_source",contrast,verify_via_official_channel,"Legitimate Cantonese home-health physical-therapy reminder call — the real counterpart to the fake elder-care agency scams in cdef-078 and cdef-106. Verified signals: the PT (Mary Lee) identifies herself with a PT license number (PT-2948193) that is independently verifiable at the California Board of Physical Therapy's public Breeze license lookup (breeze.ca.gov); references the prior in-home visit Ms. Wong remembers; names the authorizing daughter (Karen) the patient knows; explicitly disclaims cash or card payment ('insurance covers all, your daughter already arranged the Kaiser home-health claim'); provides Kaiser Home Health's public number 1-800-464-4000 as a fallback. Confidence check: Ms. Wong (or Karen) can independently type breeze.ca.gov into a fresh browser and enter license PT-2948193 under 'Physical Therapist Board' to confirm Mary Lee holds an active license; Kaiser Home Health can be reached at 1-800-464-4000 (verifiable on kp.org) to confirm the May 2pm visit is authorized under Ms. Wong's account. If any 'PT' ever refuses to give a verifiable license number or demands cash-on-arrival, that is the scam variant; real California PTs are mandated by state law to provide license information on request.",,"Contrast twin of health_insurance_claim_fraud: shares surface features (channel=phone_call, language=cantonese, authority tone) but differs in the causal feature — verifiable institutional identity, absence of fund-transfer demand, or presence of known family context. The model must learn that phone_call + cantonese + authority language does NOT determine fraud; the causal features do."
cdef-170,"【中國駐三藩市總領事館】尊敬嘅僑胞：近期我館接獲大量涉及假冒領館工作人員電話、短信詐騙舉報。特別提醒：我館從不會：(1) 打電話話您嘅護照被凍結或涉案；(2) 要求您提供銀行資料或社會安全號碼；(3) 通過Signal或WhatsApp進行「視頻問話」；(4) 要您匯款或「安全帳戶轉帳」。如接獲可疑來電，請立即掛斷並打我館官方電話 415-852-5900 (辦公時間9:00-12:00, 14:00-17:00)，或瀏覽sanfrancisco.china-consulate.gov.cn。",-,safe,legitimate_communication,real_consulate_notice,cantonese,traditional,wechat_group,elder_immigrant,fear_of_home_country_authorities,"legitimate_process,verified_source",contrast,verify_via_official_channel,"Legitimate SF Chinese Consulate anti-fraud notice in Cantonese, forwarded in a WeChat group. Content directly enumerates the exact scam patterns in cdef-117 / cdef-139 / cdef-140 / cdef-141 / cdef-157 as things the consulate will NEVER do. Real consulate contact (415-852-5900, with real office hours) and real domain. This is the pattern of legitimate anti-scam outreach — a real institution listing scam red flags explicitly and providing verification paths. If forwarded, no action needed except file the official number for future.",,"Contrast twin of consulate_package_pickup: shares surface features (channel=wechat_group, language=cantonese, authority tone) but differs in the causal feature — verifiable institutional identity, absence of fund-transfer demand, or presence of known family context. The model must learn that wechat_group + cantonese + authority language does NOT determine fraud; the causal features do."
cdef-171,"Hi Auntie, just a reminder — your Medicare Part D annual plan review is coming up. Open enrollment period is Oct 15 – Dec 7. If you want to review whether your current plan is still the best fit (based on your current medications), you can: (1) call 1-800-MEDICARE (the number on the back of your red-white-blue card), (2) use the Plan Finder at medicare.gov, or (3) get free one-on-one help from SHIP/HICAP at 1-800-434-0222 — they speak Cantonese and Mandarin. No cost. No one will call you to 'enroll you automatically.' — Nancy, from the Chinatown Senior Center",-,safe,legitimate_communication,real_medicare_notice,english,romanized,sms,elder_immigrant,authority_deference,"legitimate_process,verified_source",contrast,verify_via_official_channel,"Legitimate Medicare Part D open-enrollment reminder from a known community helper. Verified signals: 1-800-MEDICARE is the real number, medicare.gov is the real site, HICAP (Health Insurance Counseling and Advocacy Program at 1-800-434-0222) is a real California program providing free multilingual Medicare counseling, explicit 'no one will call you to auto-enroll' disclaimer (which is the exact inversion of Medicare scam patterns). No personal information requested, no charge.",,"Contrast twin of irs_medicare_chinese: shares surface features (channel=sms, language=english, authority tone) but differs in the causal feature — verifiable institutional identity, absence of fund-transfer demand, or presence of known family context. The model must learn that sms + english + authority language does NOT determine fraud; the causal features do."
cdef-172,【Bank of America美國銀行】尊敬嘅客戶，您於4月15日下午3:22 PST使用您嘅debit card（尾號3827）喺H Mart Daly City分店消費$127.45，交易已完成。如果係您本人，無需回覆。如有疑問請致電卡背面客服電話或登入Mobile App查閱。美國銀行絕不會通過短信要求您提供password、PIN、或社會安全號碼。,-,safe,legitimate_communication,real_bank_alert,cantonese,traditional,sms,elder_immigrant,authority_deference,"legitimate_process,verified_source",contrast,verify_via_official_channel,"Legitimate Bank of America debit-card transaction confirmation SMS in Cantonese. All signals align with a real BoA alert: the specific timestamp (April 15, 3:22pm PST) and amount ($127.45) are values the customer can cross-check in her own BoA mobile app; H Mart Daly City (at 1900 Junipero Serra Blvd) is a real Korean-American supermarket where this customer shops; the message routes verification to the phone number printed on the back of the physical debit card (not any number inside the SMS); and the explicit 'BoA will never ask for password, PIN, or SSN by SMS' disclaimer matches BoA's real anti-fraud policy. No link is present in the message, and no reply is requested if it was the customer. Confidence check: open the Bank of America mobile app or log into bankofamerica.com under the existing account to see the same transaction in the activity feed within seconds; if disputing, dial the number on the back of the card only. Contrast cdef-026 (Cantonese Citi smishing): real bank alerts say 'no action needed,' scam smishing says 'click here or the card will be frozen.'",,"Contrast twin of alipay_unionpay_12306_freeze: shares surface features (channel=sms, language=cantonese, authority tone) but differs in the causal feature — verifiable institutional identity, absence of fund-transfer demand, or presence of known family context. The model must learn that sms + cantonese + authority language does NOT determine fraud; the causal features do."
cdef-173,媽，Costco星期日上午10點到1點有Flu shot同shingles vaccine免費，如果您之前冇打，Medicare會包晒，您只要帶Medicare卡就得。我禮拜日會過嚟chauffeur您同爸爸去。Costco地址您知，Foster City個Costco。如果有任何疑問可以打CVS pharmacy 或者Kaiser nurse line 1-800-464-4000查下哪個vaccine適合您。,-,safe,legitimate_communication,ordinary_family_message,cantonese,traditional,wechat_1to1,elder_immigrant,filial_piety,legitimate_process,negative_space,verify_via_official_channel,"Ordinary Cantonese daughter-to-mother message about free flu and shingles vaccines at Costco. Every element checks out: Medicare Part B covers the seasonal flu shot at 100% with in-network providers, and Medicare Part D covers the shingles vaccine (Shingrix) at $0 copay for most beneficiaries since the 2023 Inflation Reduction Act changes; Costco Foster City does host periodic free vaccine clinics; only the Medicare card is needed at check-in; 1-800-464-4000 is the real Kaiser 24/7 nurse advice line (verifiable on kp.org); CVS is a real alternative for vaccination questions. No SSN, no credit card, no pre-payment. Confidence check: mom can independently verify coverage at medicare.gov/coverage/shingles-shots (or call 1-800-MEDICARE / 1-800-633-4227) and call Kaiser's nurse line back at 1-800-464-4000 after cross-checking the number on kp.org. Legitimate Medicare vaccinations at retail pharmacies never ask for SSN or bank information at the counter; the daughter's offer of a ride and a backup verification call is the gold standard of caregiving texture.",,"Ordinary family message in cantonese via wechat_1to1 — channel and language are jointly determined by the family's actual communication habits (WeChat for Chinese-speaking families, SMS for English-dominant); lever filial_piety reflects the family relationship, not a manipulation vector; no fraud-adjacent features present."
cdef-174,婆婆！係我Kenny，我等陣打電話俾你有冇問題？我今日同爸爸啱啱去咗睇屋，爸爸話想下個月叫您同公公搬嚟同我哋一齊住，我哋新屋四房，有個專門俾你嘅房間對著花園。我知您唔鍾意搬屋，所以想慢慢商量，唔急，您可以諗幾個月。今晚視頻好唔好？,-,safe,legitimate_communication,real_family_message,cantonese,traditional,wechat_1to1,elder_immigrant,filial_piety,legitimate_process,contrast,verify_via_official_channel,"Legitimate grandson-to-grandmother message in Cantonese — structurally the opposite of a grandchild-impersonation scam. Kenny self-identifies immediately, asks to call on the phone, offers a video call tonight as identity proof, and proposes a major family decision (having grandparents move into his new four-bedroom house, with a garden-facing bedroom reserved for grandma) with the framing 'take several months to think, no rush' — the exact inverse of scam urgency. The father is also involved in the plan, confirming a coordinated family proposal rather than an isolated pressure move. No money is requested, no PII is collected, no urgency is induced. Confidence check: the video call tonight will be the strongest verification — grandma will see Kenny's face and hear his voice in real time. Independently, she can call Kenny back on the phone number already saved in her contacts (not the sender of this chat) before the video call to confirm. Contrast cdef-089, cdef-151, cdef-152, cdef-153 (Cantonese grandchild-impersonation scams): fake grandchildren cry, whisper, claim voice damage to avoid voice-matching, and demand wire transfers within minutes. Kenny's 'no rush' plus the video-call offer is the single strongest legitimacy tell.",,"Contrast twin of grandparent_scam_chinese: shares surface features (channel=wechat_1to1, language=cantonese, authority tone) but differs in the causal feature — verifiable institutional identity, absence of fund-transfer demand, or presence of known family context. The model must learn that wechat_1to1 + cantonese + authority language does NOT determine fraud; the causal features do."
cdef-175,嫲嫲今晚早啲瞓，我同媽咪明早9點過嚟接您去睇醫生。您嗰個高血壓藥refill我已經帮您pick up咗，放喺您嘅藥盒度。Kaiser Dr. Wong今日電話我話您上個月嘅抽血結果全部正常，繼續同依家嘅醫療方案就得。有咩事打俾我。愛您。,-,safe,legitimate_communication,real_grandchild_message,cantonese,traditional,wechat_1to1,elder_immigrant,filial_piety,legitimate_process,contrast,verify_via_official_channel,"Legitimate granddaughter caregiving message in Cantonese — the exact texture of routine, non-urgent, specific elder-care. Verified signals: Kaiser Dr. Wong is a real named in-network provider; BP-medication refill pickup and placement in the grandmother's existing pill organizer is the standard caregiving routine; the reported bloodwork result ('normal, continue current plan') is a realistic clinical outcome communicated back to the patient's proxy; and the 9am morning pickup with mom driving is a grounded real-world logistics plan. No money, no PII, no urgency, no link. Confidence check: grandmother can independently verify the appointment time by logging into kp.org under her Kaiser account (or having her daughter do so), and confirm Dr. Wong's message by calling Kaiser Member Services at the number on the back of her card. Contrast with cdef-089, cdef-151, cdef-152, cdef-153 (Cantonese grandchild-impersonation scams): real grandchildren share low-urgency caregiving logistics and never demand money; fake ones cry, whisper, and pressure wire transfers within minutes.",,"Contrast twin of grandparent_scam_chinese: shares surface features (channel=wechat_1to1, language=cantonese, authority tone) but differs in the causal feature — verifiable institutional identity, absence of fund-transfer demand, or presence of known family context. The model must learn that wechat_1to1 + cantonese + authority language does NOT determine fraud; the causal features do."
cdef-176,陳阿姨您好，呢度係您醫療保險Anthem Blue Cross嘅會員服務部，我透過翻譯員同您傾緊。您之前打電話嚟問過關於牙齒保險plan嘅事，我今日幫您查咗：您現時嘅plan唔包普通洗牙，但係我哋有個Dental PPO add-on，每月$38，包兩次洗牙、X-ray同緊急牙痛處理。如果您想加入我會寄份書面材料俾您在家入看，您喺10月open enrollment時候可以加。我哋絕對唔會透過電話收您任何費用。我係Anthem會員服務部嘅Linda，工號9284.,-,safe,legitimate_communication,real_health_insurance_notice,cantonese,traditional,phone_call,elder_immigrant,authority_deference,"legitimate_process,verified_source",contrast,verify_via_official_channel,"Legitimate Anthem Blue Cross member-services callback in Cantonese via a live translator — importantly, Auntie Chen called them first. The verified signals: the call references a prior inbound call she made about dental coverage, so the context is member-initiated, not cold outreach; the product (Dental PPO add-on at $38/month for two cleanings, X-rays, and emergency dental) is a real supplemental-rider structure in the correct price range; October Open Enrollment is the correct window for Medicare Advantage changes (Oct 15–Dec 7); the rep offers mailed written materials rather than on-call enrollment, explicitly states 'we will never collect fees by phone,' and provides employee ID 9284 for verification. Confidence check: Auntie Chen should hang up and call Anthem at the number printed on the back of her physical insurance card (never a number from the call itself) to verify Linda 9284 and confirm the $38 Dental PPO add-on exists on her plan. The mailed packet will carry her existing member number — cross-check it against her card. Contrast with cdef-018, cdef-058, cdef-143–146 (health_insurance_claim_fraud scams): real reps mail paper and defer to Open Enrollment; fake reps demand immediate card numbers over the phone.",,"Contrast twin of health_insurance_claim_fraud: shares surface features (channel=phone_call, language=cantonese, authority tone) but differs in the causal feature — verifiable institutional identity, absence of fund-transfer demand, or presence of known family context. The model must learn that phone_call + cantonese + authority language does NOT determine fraud; the causal features do."
cdef-177,王阿姨您好，呢度係紐約華埠健康中心Charlie Chin Medical Clinic嘅姑娘。Dr. Chin今朝睇咗您上禮拜嘅血液報告，一切正常，血糖同膽固醇都喺安全範圍。Dr. Chin建議您繼續而家嘅藥同飲食，下一次follow-up appointment我同您約咗係7月8號早上10點半，同上次一樣嘅地址。您收到呢個信息知道就得，唔需要回覆。有疑問打212-227-XXXX.,-,safe,legitimate_communication,real_medical_appointment,cantonese,traditional,wechat_1to1,elder_immigrant,authority_deference,"legitimate_process,verified_source",contrast,verify_via_official_channel,"Legitimate NYC Chinatown Charlie Chin Medical Clinic follow-up message in Cantonese from a nurse (not the doctor). The verified signals: Charlie Chin Medical is a real independent primary-care clinic in Manhattan Chinatown; the 212-227 prefix is a real Chinatown/Lower-East-Side exchange; Dr. Chin reviewing last week's bloodwork and reporting 'glucose and cholesterol in safe range' is a routine post-visit nurse communication; continuation of the existing regimen (no new prescription pushed) is a legitimacy signal — scam 'clinics' sell urgency and new products; the next follow-up on July 8 at 10:30am at the same address is a normal 2-3 month cadence; and the explicit 'no reply needed' framing is typical of real medical offices conveying information. Confidence check: Aunt Wang can call 212-227-XXXX back after independently looking up Charlie Chin Medical's public number on her prior appointment cards or Google search, or she can log into the clinic's patient portal if enrolled. Contrast with cdef-046 (parent_medical_emergency_impersonation): real medical follow-ups convey reassurance and schedule the next visit; fake ones manufacture emergencies and demand immediate wire payment to 'start treatment.' This message does the opposite — it asks for nothing at all.",,"Contrast twin of health_insurance_claim_fraud: shares surface features (channel=wechat_1to1, language=cantonese, authority tone) but differs in the causal feature — verifiable institutional identity, absence of fund-transfer demand, or presence of known family context. The model must learn that wechat_1to1 + cantonese + authority language does NOT determine fraud; the causal features do."
cdef-178,今日Chinese New Year啦媽咪！爸爸同我一啲早起嚟同您拜年。我包咗個紅封俾您，一陣過嚟食早茶嘅時候俾您。大仔同阿女都好期待見您。中午我哋去Koi Palace食點心好唔好，已經book咗12點嘅table。之後我哋可以返屋企逗大仔玩，佢話好想同公公打棋。愛您媽咪。,-,safe,legitimate_communication,ordinary_family_message,cantonese,traditional,wechat_1to1,elder_immigrant,filial_piety,legitimate_process,negative_space,verify_via_official_channel,"Ordinary Cantonese Chinese New Year family coordination message. Daughter planning morning wishes, red envelope (from her, to her mother — inbound), family meal at real dim sum restaurant (Koi Palace is a real SF Bay Area restaurant), specific time, grandchild excited to play chess with grandfather. No urgency, no money going outbound from elder, warm family texture. Cultural-holiday-specific negative-space row.",,"Ordinary family message in cantonese via wechat_1to1 — channel and language are jointly determined by the family's actual communication habits (WeChat for Chinese-speaking families, SMS for English-dominant); lever filial_piety reflects the family relationship, not a manipulation vector; no fraud-adjacent features present."
cdef-179,阿媽，我今日過嚟，順便幫你去了郵局check郵箱。一封Medicare年度summary notice（pink/white envelope），一封Social Security 1099 tax form (for tax filing)，一封你銀行Chase嘅monthly statement。我全部擺咗你個書桌度，年度summary你可以睇下，其他兩封我會幫你處理。你食咗飯未？,-,safe,legitimate_communication,ordinary_family_message,cantonese,traditional,wechat_1to1,elder_immigrant,filial_piety,legitimate_process,negative_space,verify_via_official_channel,"Ordinary caregiver-mediated mail-processing message in Cantonese. Daughter describing the three pieces of legitimate mail she's picked up from her mother's mailbox — Medicare annual summary, SSA 1099, Chase monthly statement — all of which are real government/bank communications that come by mail. No fraud signals. This row is pedagogically useful because it enumerates the exact types of mail that are legitimate and that scammers often impersonate — model gets a positive reference point for what real institutional mail looks like by category.",,"Ordinary family message in cantonese via wechat_1to1 — channel and language are jointly determined by the family's actual communication habits (WeChat for Chinese-speaking families, SMS for English-dominant); lever filial_piety reflects the family relationship, not a manipulation vector; no fraud-adjacent features present."
cdef-180,王女士您好，我係小兒科Kaiser Dr. Chen嘅醫療助理Lisa，透過翻譯員同您傾緊。您個孫女小雨上星期五做嘅allergy test報告出咗，大部分都negative，除咗對貓毛有輕微反應。Dr. Chen建議小雨暫時唔好去有貓嘅朋友屋企。您媳婦Jenny已經收到report，她話會同您講。Dr. Chen辦公室電話 415-353-XXXX，有問題歡迎打嚟。,-,safe,legitimate_communication,real_medical_appointment,cantonese,traditional,phone_call,elder_immigrant,filial_piety,"legitimate_process,verified_source",contrast,verify_via_official_channel,"Legitimate Kaiser pediatric courtesy call in Cantonese (via translator) from medical assistant Lisa informing a grandmother of her granddaughter Xiaoyu's allergy-test results. Verified signals: references a specific prior test (Xiaoyu's allergy panel last Friday), gives a specific clinically-plausible finding (mostly negative except mild cat-dander reaction — allergy panels routinely isolate single-allergen sensitivities), names the clinician (Dr. Chen) and the daughter-in-law Jenny who already has the report, and the 415-353 prefix is the real Kaiser San Francisco pediatric medical-center range (main 415-833-2000). No payment, no SSN, no urgency. Confidence check: grandma can cross-verify by calling Jenny on the known family number to confirm Jenny received the same report; Jenny herself can log into kp.org under her parental-proxy access to Xiaoyu's chart and see the allergy-panel report in the Health tab. Kaiser SF pediatrics can be reached at the main 415-833-2000 for independent confirmation. If any follow-up 'Dr. Chen's office' call demands an urgent payment for Xiaoyu's 'treatment plan' or asks grandma to wire money to Kaiser, that is the scam variant — real Kaiser pediatric care is covered under the child's insurance, never billed directly to the grandparent.",,"Contrast twin of health_insurance_claim_fraud: shares surface features (channel=phone_call, language=cantonese, authority tone) but differs in the causal feature — verifiable institutional identity, absence of fund-transfer demand, or presence of known family context. The model must learn that phone_call + cantonese + authority language does NOT determine fraud; the causal features do."
cdef-181,媽，我琴日講嗰個Alipay電話騙案，我幫您裝咗反詐app叫『China Anti-Fraud Center』官方app（國務院反詐中心出嘅），可以自動識別來電嘅類型。您個iPhone我裝完喺主屏幕第二頁，紅色盾牌嗰個logo。如果再收到奇怪嘅來電，app會直接screen標明係咪詐騙。有問題您隨時打我。Love you 媽。,-,safe,legitimate_communication,ordinary_family_message,cantonese,traditional,wechat_1to1,elder_immigrant,filial_piety,legitimate_process,negative_space,verify_via_official_channel,"Exemplary Cantonese caregiver follow-up installing a real anti-fraud tool on mom's iPhone. Verified signals: 国家反诈中心 APP (National Anti-Fraud Center app) is a genuine application published by the PRC Ministry of Public Security's Criminal Investigation Bureau (publisher '公安部刑事侦查局' on Chinese app stores); its core functionality — auto-flagging inbound calls and SMSes that match known scam signatures — is real and well-documented by 国务院反诈中心. The daughter placed it on the second home-screen page with the red-shield logo so mom can find it, and left an open support channel. Confidence check: mom can verify authenticity by opening the App Store listing and confirming the publisher shows 公安部刑事侦查局; any clone or 'upgrade' from a different publisher is fraudulent. For US-originating spam (the app primarily detects PRC-numbered calls), Truecaller or the iPhone's built-in 'Silence Unknown Callers' (设置 → 电话 → 静音未知来电) are complementary tools. If any future 'anti-fraud app installer' contacts mom claiming to offer an 'upgrade' that requires banking or SSN permissions, that IS the scam variant — real anti-fraud tools never request access to financial accounts. Positive caregiver-remediation exemplar.",,"Ordinary family message in cantonese via wechat_1to1 — channel and language are jointly determined by the family's actual communication habits (WeChat for Chinese-speaking families, SMS for English-dominant); lever filial_piety reflects the family relationship, not a manipulation vector; no fraud-adjacent features present."
cdef-182,婆婆！我今日reference你嘅WeChat contacts幫您清理同block咗一啲陌生人add friend requests，有一個叫『Lily Chen』同一個叫『中國老鄉聯誼會』嘅，我覺得有可能係騙仔，幫您reject咗。如果佢哋真係你認識嘅，您打電話同我講，我可以幫您re-add。您嘅WeChat friends list剩返您自己認識嘅人，之後您收到嘅訊息應該都safe啲。,-,safe,legitimate_communication,ordinary_family_message,cantonese,traditional,wechat_1to1,elder_immigrant,filial_piety,legitimate_process,negative_space,verify_via_official_channel,"Exemplary Cantonese caregiver contact-cleanup message — grandchild auditing grandma's WeChat friends list. The verified signals: the grandchild is removing unknown add-requests from accounts with names that map onto documented pig-butchering entry patterns — 'Lily Chen' is a known generic persona used in recruitment flows (this dataset flags the pattern in cdef-020 / cdef-148), and '中國老鄉聯誼會' (Chinese Hometown Fellowship Association) is a known cold-approach label used to exploit homeland nostalgia in first-generation elders; the action is explicitly reversible ('if they really are someone you know, tell me and I'll re-add'), which respects grandma's autonomy; and the framing reassures rather than scolds her. No money is requested, no PII is collected, no link is sent. Confidence check: grandma can verify the rejected requests herself inside WeChat by going to 通讯录 → 新的朋友 → 已拒绝 — real blocked requests appear there. If she recognizes anyone the grandchild blocked, she can call the grandchild on the known family number to restore the contact. Positive exemplar of proactive pre-emptive caregiving: cleaning out the attack surface BEFORE a pig-butchering recruiter establishes rapport is the most effective single intervention against the scam variant in this dataset.",,"Ordinary family message in cantonese via wechat_1to1 — channel and language are jointly determined by the family's actual communication habits (WeChat for Chinese-speaking families, SMS for English-dominant); lever filial_piety reflects the family relationship, not a manipulation vector; no fraud-adjacent features present."
cdef-183,媽媽，我琴日夜晚打電話俾Uncle Ming阿一阿姨同Uncle Wai 三家人，同大家約好5月25日週日中午12點大家聚喺我哋屋企慶祝您同爸爸嘅金婚50周年。阿姨話會整壽桃包，Uncle Wai會帶紅酒。我會整您最鐘意嘅椰汁雞飯。朝頭早我同大仔帶您去花店買鮮花，您放屋企dinner table。唔使擔心任何嘢，您就過嚟享受就得。,-,safe,legitimate_communication,ordinary_family_message,cantonese,traditional,wechat_1to1,elder_immigrant,filial_piety,legitimate_process,negative_space,verify_via_official_channel,"Legitimate Cantonese daughter message planning the parents' 50th (golden) wedding anniversary at her home. The verified signals are dense: three named families (Uncle Ming, Auntie, Uncle Wai) are each contributing, cross-verifiable through independent phone calls; 壽桃包 (longevity peach buns) are a real Cantonese tradition for milestone birthdays and anniversaries, and Auntie bringing them is culturally correct; the daughter cooking the parents' favorite dish (椰汁雞飯 coconut chicken rice) shows inside knowledge that only family would have; the morning flower-market trip with the grandson is a normal pre-event errand; and the framing — 'you don't need to worry about anything, just come enjoy' — is the opposite of a scam ('you must pay X by tomorrow'). No money, no PII, no link, no urgency. Confidence check: the parents can cross-verify by calling Auntie or Uncle Wai on their known numbers to confirm their contributions — genuine family celebrations are cross-verifiable through multiple trusted relatives, scams are not. If any follow-up message in the same thread ever pivots to 'send $X to reserve the flowers' or 'I need your credit card for the caterer,' pause and call the daughter on the known family number before moving any money.",,"Ordinary family message in cantonese via wechat_1to1 — channel and language are jointly determined by the family's actual communication habits (WeChat for Chinese-speaking families, SMS for English-dominant); lever filial_piety reflects the family relationship, not a manipulation vector; no fraud-adjacent features present."
cdef-184,媽，你琴晚講嗰個『中國駐三藩市領事館』嘅電話嚟，我今日登入過領事館官網（sanfrancisco.china-consulate.gov.cn）check咗，佢哋目前嘅所有公告都冇話要凍結任何人嘅護照。我再讀咗一下佢哋嘅防詐騙聲明（已經forward俾您），完全match您昨晚嘅經歷，係騙案100%。您做得超級好——掛咗線，call我，再等我確認。呢幾個月您已經辨識出三個騙局，您真係叻。,-,safe,legitimate_communication,ordinary_family_message,cantonese,traditional,wechat_1to1,cross_demo_edge,fear_of_home_country_authorities,legitimate_process,negative_space,verify_via_official_channel,"Post-scam affirmation from adult child to mother in Cantonese. Confirms a consulate-impersonation call was fraudulent (references the real SF consulate's anti-fraud statement — see cdef-170), explicitly praises the mother for her correct behavior ('hung up, called me, waited for confirmation'), counts her recent successes ('you've identified three scams in the past few months'). Positive reinforcement is the single most under-modeled ingredient in elder scam-prevention — shame drives non-reporting; affirmation drives continued vigilance. This row is a direct model of what good caregiver positive reinforcement sounds like.",,"Ordinary family message in cantonese via wechat_1to1 — channel and language are jointly determined by the family's actual communication habits (WeChat for Chinese-speaking families, SMS for English-dominant); lever fear_of_home_country_authorities reflects the family relationship, not a manipulation vector; no fraud-adjacent features present."
cdef-185,【CCHC 华人社区健康中心】林阿姨您好！您嘅年度老人健康evaluation appointment已經安排喺5月22日（星期四）下午2點半，地點喺我哋Jackson Street 835號總部二樓老人門診部。請帶：您現時所有藥嘅樽、Medicare卡、眼鏡、助聽器（如有）。預約無需費用，全部由Medicare cover。翻譯員會準備好，唔使擔心語言問題。如需改期請打415-677-XXXX。,-,safe,legitimate_communication,real_medical_appointment,cantonese,traditional,sms,elder_immigrant,authority_deference,"legitimate_process,verified_source",contrast,verify_via_official_channel,"Legitimate CCHC annual senior health-evaluation appointment SMS in Cantonese. Verified signals: 835 Jackson Street is the real Chinatown Community Health Center main campus in SF Chinatown; the 2nd-floor geriatrics department is CCHC's real senior-care unit; the prep list (all current medication bottles + Medicare card + glasses + hearing aids) matches standard geriatric-intake protocol for medication reconciliation and sensory assessment; the 415-677 prefix is CCHC's real phone range (main 415-677-7888); translator pre-arrangement is a core CCHC service; and the 'Medicare covers fully, no self-pay' disclaimer is accurate — annual wellness visits are 100% covered under Medicare Part B. Confidence check: auntie can independently verify by typing chinesehealth.org into her browser and calling the main number (which will match 415-677-XXXX) to confirm her May 22, 2:30pm appointment under her name; alternatively she can log into CCHC's MyChart patient portal at mychart.cchrchealth.org. Real CCHC appointment messages never ask the recipient to 'reply with your Medicare number to confirm'; if a follow-up SMS demands identity re-verification by reply, that is the scam variant (contrast with medical-emergency impersonation patterns).",,"Contrast twin of health_insurance_claim_fraud: shares surface features (channel=sms, language=cantonese, authority tone) but differs in the causal feature — verifiable institutional identity, absence of fund-transfer demand, or presence of known family context. The model must learn that sms + cantonese + authority language does NOT determine fraud; the causal features do."
cdef-186,"姐姐我今早幫媽打咗電話俾Social Security，confirm咗媽5月份嘅SSA direct deposit正常存入咗佢Wells Fargo個銀行，$2,147. 呢個月數目同上個月一樣。我再check埋佢Medicare status，仲有18個月。媽話上個月有個電話嚟話佢嘅SSA要update information，我再次提醒佢任何電話要求update SSA或Medicare info全部都係詐騙——真嘅SSA只會經紙信或者您ssa.gov個account。",-,safe,legitimate_communication,ordinary_family_message,cantonese,traditional,wechat_1to1,adult_child_caregiver,filial_piety,legitimate_process,negative_space,verify_via_official_channel,"Sibling-to-sibling report on mother's SSA/Medicare status in Cantonese. Specific real amount ($2,147 is in range for typical SSA retirement benefits), specific bank, specific Medicare duration, explicit anti-fraud warning about SSA update calls. The educational reinforcement ('real SSA only contacts through paper mail or ssa.gov account') mirrors the positive-exemplar pattern. Also introduces Medicare eligibility timer as a real caregiving data point.",,"Ordinary family message in cantonese via wechat_1to1 — channel and language are jointly determined by the family's actual communication habits (WeChat for Chinese-speaking families, SMS for English-dominant); lever filial_piety reflects the family relationship, not a manipulation vector; no fraud-adjacent features present."
cdef-187,阿姨，您WeChat啱啱個陌生帳戶發咗個message俾您，話係『中國移民局』要審核您嘅戶籍資料，要您撥打+86-10-XXX-XXXX，呢個係騙案，我幫您block咗個帳戶同delete咗message。未來如果有類似帳戶自稱中國政府要您嘅個人資料，一律係假。真嘅中國政府部門唔會通過WeChat聯絡海外華人。您放心，我會keep緊an eye on your WeChat。,-,safe,legitimate_communication,ordinary_family_message,cantonese,traditional,wechat_1to1,elder_immigrant,fear_of_home_country_authorities,legitimate_process,negative_space,verify_via_official_channel,"Exemplary Cantonese niece-to-aunt post-incident protective message after a fake '中國移民局' (Chinese Immigration Bureau) WeChat approach. Verified signals: the niece immediately blocked the unknown WeChat account and deleted the message, teaching the correct general rule — real Chinese government bureaus (the real agency is 国家移民管理局 / National Immigration Administration at nia.gov.cn, and 公安部出入境管理局 for exit-entry matters) do not contact overseas Chinese through WeChat. Any legitimate immigration or 户籍 matter for an overseas citizen is routed through the Chinese Consulate-General IN PERSON or through certified mail to the address registered with the consulate. The niece also committed to ongoing WeChat monitoring. Confidence check: aunt can independently verify by typing nia.gov.cn into a browser and reading the official Contact page — the only published overseas-contact paths are consulate offices and the MPS exit-entry hotline 010-12367; WeChat is not listed. For the San Francisco region, the Chinese Consulate-General is at 1450 Laguna St, 415-674-9900 (publicly verifiable at sanfrancisco.china-consulate.gov.cn). If any future WeChat account claims Chinese government authority demanding 户籍 or ID documentation, the rule is fixed: block first, ask the niece, never reply — positive caregiving exemplar.",,"Ordinary family message in cantonese via wechat_1to1 — channel and language are jointly determined by the family's actual communication habits (WeChat for Chinese-speaking families, SMS for English-dominant); lever fear_of_home_country_authorities reflects the family relationship, not a manipulation vector; no fraud-adjacent features present."
cdef-188,媽，我上個月帶您去CCHC呢個senior Wellness check-up嘅report今日收到郵件，您個glucose A1C由上次6.9降到6.4，醫生話非常好，繼續現在嘅飲食同運動。BP同cholesterol都improvement。您真係做得非常好。報告我幫您放喺您藥盒旁邊嘅folder內。下次follow-up我幫您約咗六個月後。愛您。,-,safe,legitimate_communication,ordinary_family_message,cantonese,traditional,wechat_1to1,elder_immigrant,filial_piety,legitimate_process,negative_space,verify_via_official_channel,"Ordinary Cantonese daughter-to-mother health-report update — dense real caregiving texture. The clinical signals are accurate and meaningful: an A1C drop from 6.9 to 6.4 represents a move from pre-diabetes range into near-normal control (a clinically significant 0.5-point improvement over a typical 3-month interval), which is exactly the kind of result a real CCHC senior wellness exam would report; 'continue current diet and exercise' is the standard follow-up when values are improving; BP and cholesterol improvements are stated without specific scary numbers; and the physical report has been placed in a real location (folder next to the pill organizer) that mom can see. The 6-month follow-up cadence matches real primary-care diabetes management. Confidence check: mom can verify the lab values by reading the physical report the daughter placed in the folder, or by logging into the CCHC patient portal at mychart.cchrchealth.org under her own account. If extra confidence is wanted, she can call CCHC at 415-677-7888 (looked up independently on cchrchealth.org) to confirm the next appointment. Real lab results arrive by mail or via patient portal — if any future caller 'quotes' mom's A1C to get her SSN, that is the scam variant.",,"Ordinary family message in cantonese via wechat_1to1 — channel and language are jointly determined by the family's actual communication habits (WeChat for Chinese-speaking families, SMS for English-dominant); lever filial_piety reflects the family relationship, not a manipulation vector; no fraud-adjacent features present."
cdef-189,陳先生您好，我係廣東省公安廳經濟犯罪偵查處嘅劉警官，警員編號GD-7821。你個中國身份證俾人喺東莞用嚟開咗三個空殼公司同涉及一宗億元詐騙案。呢件案現時由中央掃黑辦直接監督，你必須立即配合。我哋會轉你畀Signal上嘅辦案團隊做筆錄。你唔可以同家人同朋友提及，包括你喺香港嘅親戚，呢係國家機密案件。,"Mr. Chan, I am Officer Liu from the Guangdong Provincial Public Security Bureau Economic Crimes Division, badge GD-7821. Your Chinese ID card has been used in Dongguan to open three shell companies and is involved in a 100-million-RMB fraud case. This case is currently under direct supervision by the Central Anti-Organized-Crime Office, you must cooperate immediately. We will transfer you to the investigation team on Signal for a statement. You may not mention this to family or friends, including relatives in Hong Kong — this is a state secret case.",scam,fraud,chinese_police_impersonation,cantonese,traditional,wechat_1to1,elder_immigrant,fear_of_home_country_authorities,"authority_impersonation,isolation_tactic,credential_theft",original,hang_up_and_verify,"Guangdong PSB impersonation in Cantonese WeChat 1-to-1 — Dongguan shell-company pretext weaponized with '中央掃黑辦' (Central Anti-Organized-Crime Office) authority layering. Red flags: (1) no real PSB conducts cross-border investigations by WeChat, (2) 'state secret case' framing is the textbook isolation lever designed to prevent the victim from calling family in HK or elsewhere, (3) Signal transfer is universal scam pattern. Real PSB procedures go through Interpol channels when any cross-border element exists, never through a direct WeChat call to a Cantonese-speaking elder in the US. Hang up, block, do not install Signal, do not download any software they ask for. Tell family immediately — the 'state secret' language is specifically designed to make the victim silent, and breaking that silence is the single most protective action.",我唔會同人講嘅劉警官，請話我要點配合你哋嘅調查。,PRC/HK police impersonation scams arrive almost exclusively by phone_call in Cantonese or Mandarin targeting elder_immigrant; the primary lever is fear_of_home_country_authorities because victims fear PRC legal jurisdiction even while living in the US.
cdef-190,【香港警務處】通知：本處正調查一宗跨境洗錢案，您嘅香港身份證號碼被列為懷疑關聯人士。根據《有組織及嚴重罪行條例》，您需於48小時內致電本處反詐騙協調中心 +852-XXXX-XXXX 配合聆訊。如在期限內未回應，將會啟動凍結您喺香港嘅所有銀行賬戶、公積金（MPF）、以及限制您下次入境。,"[Hong Kong Police Force] Notice: This office is investigating a cross-border money-laundering case, and your Hong Kong ID number has been listed as a suspected related person. Under the Organized and Serious Crimes Ordinance, you must call our anti-fraud coordination center +852-XXXX-XXXX within 48 hours for a hearing. Failure to respond within the deadline will trigger freezing of all your Hong Kong bank accounts and MPF, and restrict your future entry.",scam,fraud,chinese_police_impersonation,cantonese,traditional,sms,elder_immigrant,fear_of_home_country_authorities,"authority_impersonation,urgency_manipulation,credential_theft",original,hang_up_and_verify,"HK Police Force impersonation via SMS, Cantonese. Red flags: (1) real HKPF does not send SMS with phone numbers for 'hearings,' (2) 'Organized and Serious Crimes Ordinance' is a real statute but does not authorize the process described, (3) MPF + bank freeze + entry restriction is the fear-layered trifecta targeting HK-origin elders, (4) the +852 callback number is scammer-controlled. Do not call. If concerned, verify through the real HKPF anti-scam helpline 18222 (lookupable at police.gov.hk). Real investigations never begin with SMS followed by phone 'hearings.' Delete and block.",,PRC/HK police impersonation scams arrive almost exclusively by phone_call in Cantonese or Mandarin targeting elder_immigrant; the primary lever is fear_of_home_country_authorities because victims fear PRC legal jurisdiction even while living in the US.
cdef-191,陳太您好，我係香港警察商業罪案調查科嘅何警司，警員編號B-4920。您2019年喺香港匯豐銀行開嘅一個聯名賬戶涉嫌喺2024年捲入一宗虛擬貨幣洗黑錢案，金額約港幣2800萬。我哋需要即刻凍結所有相關賬戶同同您做錄音口供。您唔可以聯絡屋企人，任何聯絡都可能構成共謀罪。我哋會轉您畀Signal上嘅調查組繼續通話。,"Mrs. Chan, I am Senior Inspector Ho from the Hong Kong Police Commercial Crime Bureau, badge B-4920. A joint account you opened in 2019 at HSBC Hong Kong is suspected of involvement in a 2024 cryptocurrency money-laundering case, approximately HKD 28 million. We need to immediately freeze all related accounts and conduct a recorded statement with you. You may not contact your family — any contact may constitute conspiracy. We will transfer you to the investigation team on Signal to continue the call.",scam,fraud,chinese_police_impersonation,cantonese,traditional,phone_call,elder_immigrant,fear_of_home_country_authorities,"authority_impersonation,isolation_tactic,urgency_manipulation",original,hang_up_and_verify,"HKPF Commercial Crime Bureau impersonation, HSBC joint account pretext — elder HSBC customers are a high-value target because HSBC is the most common HK bank among first-generation Chinese-American elders and joint accounts frequently exist with Chinese relatives. Red flags: (1) real HKPF does not phone US residents about 2019 accounts, (2) 'recorded statement + Signal transfer' is the universal scam structure, (3) 'conspiracy' threat is the isolation lever. Hang up. Call the real HKPF anti-scam hotline 18222 (from an independent number lookup) or verify with your HSBC private banker directly. Conspiracy charges are never delivered by phone — they come through formal legal processes with counsel present.",,PRC/HK police impersonation scams arrive almost exclusively by phone_call in Cantonese or Mandarin targeting elder_immigrant; the primary lever is fear_of_home_country_authorities because victims fear PRC legal jurisdiction even while living in the US.
cdef-192,"王女士您好，我係Cigna健康保險理賠核查部，姓李。系統查到您上個月有一份淋巴癌化療嘅理賠申請，發生地點係上海瑞金醫院，金額USD 143,500。請問您最近有冇去上海做過治療？如果冇，您嘅身份可能俾人盜用喺中國嘅醫院做咗fraudulent claims。請您即刻配合提供身份驗證——您嘅social security number、出生日期、您保單登記嘅住家地址——我哋會幫您凍結呢個申請並且聯絡FBI Chinese section調查。","Hello Ms. Wang, this is Lee from Cigna Health Insurance claims investigation. Our system found a lymphoma chemotherapy claim filed last month at Shanghai Ruijin Hospital, amount USD 143,500. Have you been in Shanghai for treatment recently? If not, your identity may have been stolen and used for fraudulent claims at hospitals in China. Please immediately provide identity verification — your Social Security Number, date of birth, home address registered on your policy — we will help freeze this claim and contact the FBI Chinese section to investigate.",scam,fraud,health_insurance_claim_fraud,cantonese,traditional,phone_call,elder_immigrant,authority_deference,"authority_impersonation,credential_theft,urgency_manipulation",original,hang_up_and_verify,"Cigna health insurance impersonation scam in Cantonese. Variant weaponizing a real prestigious Shanghai hospital (瑞金醫院 is one of Shanghai's most famous hospitals, making the claim story feel more believable). Red flags: (1) real Cigna does not demand SSN + DOB + address in an outbound phone verification call, (2) 'FBI Chinese section' is a fabrication — there's no such division, (3) lymphoma chemotherapy at 瑞金 is specifically designed to match how elders imagine serious medical fraud. Hang up. Call Cigna at the number on the back of the physical card to verify any real claim. Never provide SSN during an inbound call from anyone.",,"Health-insurance scams use phone_call in Cantonese, Mandarin, or English; lever is authority_deference because the caller impersonates a known insurer (Cigna, BUPA, Kaiser) and the elder defers to medical-system authority."
cdef-193,"Dear Mrs. Chen, this is Linda from Medicare Advantage claims review at Humana. Our system flagged what appears to be a fraudulent cataract surgery claim submitted in your name from a clinic in Taipei, Taiwan — $22,800. Before I can transfer you to our Medicare Advantage fraud specialist, I need to verify you're the actual policyholder: please confirm your Medicare ID number, date of birth, and the address on file. After that we'll help you dispute the claim and contact CMS Fraud Investigations.",-,scam,fraud,health_insurance_claim_fraud,english,romanized,phone_call,elder_immigrant,authority_deference,"authority_impersonation,credential_theft,urgency_manipulation",original,hang_up_and_verify,"Humana Medicare Advantage impersonation — English variant targeting the adult-child caregiver who may pick up the phone for their parent. Red flags: (1) real Humana does not collect Medicare ID + DOB + address verification over an inbound phone call, (2) Medicare Advantage plans route fraud concerns through written correspondence and the plan's own fraud reporting, (3) 'CMS Fraud Investigations' transfer is the two-hop scam pattern. Hang up. Call Humana at the number on the physical Medicare Advantage card. Report potential Medicare fraud to 1-800-MEDICARE if you independently confirm suspicious activity — but never confirm identity details to an inbound caller.",,"Health-insurance scams use phone_call in Cantonese, Mandarin, or English; lever is authority_deference because the caller impersonates a known insurer (Cigna, BUPA, Kaiser) and the elder defers to medical-system authority."
cdef-194,"林女士您好，我係美國聯合健康保險(UnitedHealthcare)調查部嘅陳姑娘。我哋發現有一份癌症治療嘅理賠由您嘅SSN提交，治療地點係廣州中山腫瘤醫院，金額168,000美金。如果呢個唔係您本人，您身份可能被嚴重盜用。我哋唔可以透過客服line處理，我必須將您轉給FBI華人組嘅Agent Zhang，他識中文會幫您報案。請唔好掛線，我transfer緊。","Hello Ms. Lam, this is Ms. Chan from UnitedHealthcare investigations. We found a cancer treatment claim submitted under your SSN, treatment location Guangzhou Sun Yat-sen Cancer Hospital, amount $168,000. If this wasn't you, your identity may be seriously compromised. We can't handle this through the customer service line — I must transfer you to the FBI Chinese Unit's Agent Zhang, he speaks Chinese and will help file a report. Please don't hang up, I'm transferring now.",scam,fraud,health_insurance_claim_fraud,cantonese,traditional,phone_call,elder_immigrant,authority_deference,"authority_impersonation,isolation_tactic,urgency_manipulation",original,hang_up_and_verify,"UnitedHealthcare impersonation scam in Cantonese, Sun Yat-sen Cancer Hospital (中山腫瘤醫院) variant — Sun Yat-sen is Guangzhou's most famous cancer hospital, making the claim story especially credible for Cantonese-speaking elders with Guangdong ties. Red flags: (1) 'FBI Chinese Unit' is not a real organization, (2) 'can't handle through customer service line' is the telltale transfer-to-scammer setup, (3) 'don't hang up while transferring' is the specific pressure lever used when the scammer knows the victim's instinct is to verify. Hang up immediately — that's the correct response, and no real investigation is compromised by doing so. Call UHC at the back-of-card number to verify no real claim exists.",,"Health-insurance scams use phone_call in Cantonese, Mandarin, or English; lever is authority_deference because the caller impersonates a known insurer (Cigna, BUPA, Kaiser) and the elder defers to medical-system authority."
cdef-195,Jenny姐 hello！記唔記得我？我係阿萍呀，你喺2019 Macau旅遊時嗰間casino認識嘅！我近排遇到個好機會想分享——我朋友喺Cayman Islands搞咗隻crypto hedge fund專門打AI概念股，我試咗3個月，$50K已經變$92K，我提取過一次完全冇問題。佢哋只收熟人，名額有限。我覺得我哋應該靠自己嘅network先up，有興趣我畀佢wallet address你自己testing$5K試下？,"Jenny hi! Remember me? I'm Ah Ping, we met at that casino during your 2019 Macau trip! I recently came across a great opportunity to share — my friend set up a crypto hedge fund in the Cayman Islands specifically trading AI-theme stocks. I tried it for 3 months, $50K turned into $92K, and I've withdrawn once with no issues. They only take close contacts, limited spots. I feel we should upgrade our own network first — if interested, I'll give you their wallet address and you can test with $5K yourself?",scam,fraud,pig_butchering_wechat,cantonese,traditional,wechat_1to1,elder_immigrant,collectivist_pressure,"guaranteed_returns,sunk_cost_escalation",original,hang_up_and_verify,"Pig-butchering recruitment using fabricated weak-tie memory (the Macau casino encounter). Red flags: (1) 'remember me from Macau' is the classic weak-tie activation with a specific place that the victim may or may not recall, making them more likely to fill in fake memories, (2) 'Cayman Islands crypto hedge fund' is a scam-word-salad combining offshore jurisdiction + crypto + hedge fund — all three are regulatory red flags, (3) 'test with $5K' is the small-initial-ask hook that enables sunk-cost escalation once the fake returns appear. Do not respond. Block the account. Verify any real investment on FINRA BrokerCheck — no real hedge fund of any kind solicits $5K 'tests' from WeChat contacts. If your parent has sent any money, it's gone the moment it enters a crypto wallet address (non-reversible).",,Pig-butchering 1-to-1 scams arrive via wechat_1to1 in Cantonese or Mandarin; lever is collectivist_pressure because the scam builds pseudo-romantic or friendship trust over weeks before introducing the investment ask.
cdef-196,阿哥！您仲記得我嗎？我係細妹Vicky，我哋十幾年前喺Toronto見過面嗰個，家姐個仔嘅堂妹。我依家搬咗去紐約做醫療投資，我哋公司做咗一個Delaware-based嘅medical AI startup，早期investor我係其中一個，四個月已經up 3倍。我哋而家開緊Series A，只邀請華人社區嘅熟人，最低$20K。我覺得係你人生難得嘅機會，我唔想你miss左，今個星期截止就。,"Big brother! Do you still remember me? I'm your little sister Vicky, we met in Toronto over ten years ago — I'm your older sister's son's cousin. I've moved to New York working in medical investment. Our firm has a Delaware-based medical AI startup, I'm one of the early investors, up 3x in four months. We're opening Series A now, only inviting close contacts in the Chinese community, minimum $20K. I think this is a once-in-a-lifetime opportunity, I don't want you to miss it, closing this week.",scam,fraud,pig_butchering_wechat,cantonese,traditional,wechat_1to1,elder_immigrant,collectivist_pressure,"guaranteed_returns,sunk_cost_escalation",original,hang_up_and_verify,"Pig-butchering scam using fabricated distant family tie ('your older sister's son's cousin' — deliberately convoluted so the victim can't easily verify). Red flags: (1) real Series A rounds are raised by general partners from institutional LPs, not from WeChat relatives through direct $20K tickets, (2) 3x in four months is physically impossible for real equity investments, (3) 'this week deadline' and 'once-in-a-lifetime' are the classic FOMO pressure levers, (4) vague 'medical AI startup' with no named company, no pitch deck, no SEC Form D. Verify any claimed family connection through your actual older sister directly, not through WeChat. No legitimate venture investment operates this way. If pressured, the answer is always 'I need to verify with my attorney first' — that alone ends every pig-butchering conversation because real opportunities survive lawyer review and scams don't.",,Pig-butchering 1-to-1 scams arrive via wechat_1to1 in Cantonese or Mandarin; lever is collectivist_pressure because the scam builds pseudo-romantic or friendship trust over weeks before introducing the investment ask.
cdef-197,婷婷我發緊大財！我跟住我老公同埋佢一個台灣朋友做一個新興科技基金，佢個朋友係台積電退休咗嘅VP，而家做private portfolio advising。起初我老公投咗$30K一個月賺咗6%，我哋上個月再加$100K，先取咗一次利息冇問題。呢個基金每兩個月收一批new investor，下期最低$50K美金。我哋呢種華人家庭要識得搶住呢種機會。Trusted people only。,"Tingting I'm getting rich! I'm following my husband and his Taiwanese friend into an emerging tech fund — his friend is a retired TSMC VP who now does private portfolio advising. Initially my husband invested $30K and made 6% in one month, we added another $100K last month and already withdrew interest once with no issues. This fund takes a new batch of investors every two months, next round minimum $50K. We Chinese families need to be smart about grabbing these opportunities. Trusted people only.",scam,fraud,pig_butchering_wechat,cantonese,traditional,wechat_1to1,elder_immigrant,collectivist_pressure,"guaranteed_returns,sunk_cost_escalation",original,hang_up_and_verify,"Pig-butchering recruitment through a close friend, 'TSMC retired VP' credential pretext — weaponizes the Taiwan-China tech elite reputation for Mandarin/Cantonese elders. Red flags: (1) 6% monthly is ~72% annualized, physically impossible in any legitimate fund, (2) retired TSMC executives do not run private WeChat investment advisory businesses with $50K minimums — they retire to board seats and philanthropy, (3) 'every two months batch' is the artificial scarcity + time-pressure combo, (4) 'Trusted people only' + 'we Chinese families' is the in-group collectivist lever. Do not respond, do not engage even with questions. If the friend is a real friend, she has been recruited into a pyramid and needs protection not participation. Verify any claimed Taiwan-origin advisor on FINRA BrokerCheck (brokercheck.finra.org) — real cross-border-licensed advisors register there. Never send money based on a friend's enthusiasm plus a famous-company credential.",,Pig-butchering 1-to-1 scams arrive via wechat_1to1 in Cantonese or Mandarin; lever is collectivist_pressure because the scam builds pseudo-romantic or friendship trust over weeks before introducing the investment ask.
cdef-198,"尊敬的纳税人王丽华，美国国税局(IRS)系统发现您2023年度报税存在严重漏报，补缴税款加滞纳金共$4,820。请立即拨打1-888-XXX-XXXX安排缴付，否则将于48小时内发出逮捕令并冻结您的银行账户。为避免影响您家人(包括在美国读书的子女)签证，请立即处理。","Dear taxpayer Wang Lihua, the IRS system has found serious underreporting on your 2023 tax filing, back taxes plus penalties total $4,820. Please call 1-888-XXX-XXXX immediately to arrange payment, otherwise an arrest warrant will be issued within 48 hours and your bank accounts will be frozen. To avoid affecting your family members' visas (including children studying in the US), please address immediately.",scam,fraud,irs_medicare_chinese,mandarin,simplified,phone_call,elder_immigrant,authority_deference,"authority_impersonation,urgency_manipulation,advance_fee",original,hang_up_and_verify,"IRS phone-impersonation scam in Mandarin — the arrest-warrant variant layered with family-visa threat. Red flags: (1) IRS never threatens arrest by phone, never issues 48-hour deadlines, never mentions immigration consequences, (2) real IRS tax bills arrive by paper mail with specific notice numbers (CP2000, CP14, etc.), not by phone, (3) the 'affect your children's visas' threat is specifically calibrated for Chinese-American elders with student or work-visa children. Hang up. If your parent wants to verify any real tax issue, call IRS directly at 1-800-829-1040, or have their tax preparer check their IRS.gov account. Real IRS process: paper notice → response period → appeal rights → collection. No phone scripts, no visa threats, ever.",我现在就打电话交钱，不能耽误孩子的签证。,IRS/Medicare scams use SMS or phone_call in Mandarin (occasionally English); lever is authority_deference because the scam impersonates US federal agencies; cross_demo_edge rows target both elder and adult-child simultaneously.
cdef-199,"【美国国税局IRS】王女士，通过您的美国税号(ITIN) 9XX-XX-XXXX系统发现2024年Q1跨境汇款未申报，共漏税$2,347。请您授权您的女儿(税务代理人)在72小时内通过irs-verify-zhcn[.]com完成补缴。登陆需提供您的SSN/ITIN、ITIN过期日期、银行账号。如果您本人无法操作，由您女儿代为办理视为合法授权。","[US IRS] Ms. Wang, through your US tax ID (ITIN) 9XX-XX-XXXX, the system has found unreported cross-border remittances from 2024 Q1, total tax owed $2,347. Please authorize your daughter (tax agent) to complete payment within 72 hours via irs-verify-zhcn[.]com. Login requires your SSN/ITIN, ITIN expiration date, bank account. If you cannot operate it yourself, your daughter completing it is considered legal authorization.",scam,fraud,irs_medicare_chinese,mandarin,simplified,sms,cross_demo_edge,authority_deference,"authority_impersonation,credential_theft,urgency_manipulation",original,hang_up_and_verify,"IRS ITIN-holder scam targeting the mother-daughter caregiving dyad — exploits the common arrangement where adult daughters handle parents' tax paperwork. Red flags: (1) irs-verify-zhcn[.]com is not a real IRS domain (the IRS uses irs.gov exclusively), (2) IRS never requests SSN/ITIN verification via external links, (3) the 'daughter as tax agent' framing is designed to funnel the adult caregiver into the same scam. Do not click the link. If you (the daughter) are helping your parent with taxes, any real IRS issue is handled through IRS.gov using the parent's existing account, or through the CPA who prepared the return. Report the phishing URL to phishing@irs.gov and delete the SMS.",,IRS/Medicare scams use SMS or phone_call in Mandarin (occasionally English); lever is authority_deference because the scam impersonates US federal agencies; cross_demo_edge rows target both elder and adult-child simultaneously.
cdef-200,"李先生您好，我是美国国税局国际税务纳税合规部的张警官，华裔调查员，通过您儿子的电话联系您。您2022-2024年的FBAR(境外银行账户报告)未填写，涉及您在香港汇丰和内地工商银行的账户，补税加民事处罚共USD $38,000。如不缴纳，您儿子作为您的美国担保人(financial sponsor)也会被列入CPA审计。我们今天可通过WhatsApp视频面谈，确认身份后安排您儿子代缴。","Mr. Lee, I am Officer Zhang from the IRS International Tax Compliance Division, a Chinese-heritage investigator, reaching you through your son's phone. Your 2022-2024 FBAR (Foreign Bank Account Report) was not filed, involving your HSBC Hong Kong and mainland ICBC accounts — back tax plus civil penalties total USD $38,000. If not paid, your son as your US financial sponsor will also be subject to CPA audit. We can do a WhatsApp video interview today and after identity confirmation arrange for your son to pay.",scam,fraud,irs_medicare_chinese,mandarin,simplified,phone_call,cross_demo_edge,authority_deference,"authority_impersonation,urgency_manipulation,advance_fee",original,hang_up_and_verify,"IRS FBAR scam weaponizing real tax regulations to sound credible, targeting both father and son simultaneously. Red flags: (1) real FBAR penalties are significant but assessed through paper correspondence and court proceedings, not WhatsApp, (2) 'financial sponsor audit' is a fabrication — being someone's financial sponsor does not create CPA audit exposure, (3) IRS does not have 'Chinese-heritage investigators' who phone through family members' phone numbers. FBAR is real (FinCEN Form 114 for accounts over $10K), but violations are resolved through formal IRS or voluntary disclosure programs — never by WhatsApp transfers. If you (the adult child) get routed into this call, hang up and tell your father directly. If real FBAR compliance is a question, consult a CPA who specializes in cross-border tax.",张警官我马上让我儿子联系您，我们一起配合您调查。,IRS/Medicare scams use SMS or phone_call in Mandarin (occasionally English); lever is authority_deference because the scam impersonates US federal agencies; cross_demo_edge rows target both elder and adult-child simultaneously.
cdef-201,"【联邦医疗保险Medicare】紧急通知：您的Medicare卡号因2024年数据泄漏被盗用，系统检测到3宗可疑理赔总额$18,000。请您的授权家属(通常是您的子女)于24小时内拨打1-888-MED-VERIFY或登陆medicare-zhcn-verify[.]org 提供：您的完整Medicare号、社会安全号、银行账号用于退款。子女代为办理合法有效。","[Medicare] Urgent notice: Your Medicare card number has been stolen due to a 2024 data breach, system has detected 3 suspicious claims totaling $18,000. Please have your authorized family member (usually your children) call 1-888-MED-VERIFY or log in to medicare-zhcn-verify[.]org within 24 hours to provide: your full Medicare number, Social Security Number, bank account for refund. Children handling this is legally valid.",scam,fraud,irs_medicare_chinese,mandarin,simplified,sms,adult_child_caregiver,authority_deference,"authority_impersonation,credential_theft,urgency_manipulation",original,hang_up_and_verify,"Medicare-impersonation SMS designed to be forwarded by the elder to the adult child who handles her paperwork — the children-as-funnel pattern. Red flags: (1) Medicare does not send SMS, period, (2) the 'medicare-zhcn-verify.org' domain is not a real Medicare URL (real domain is medicare.gov), (3) 'children handling is legally valid' is a manufactured authorization the scammer uses to close the verification loop. Delete the SMS. If you're the adult child who received this forwarded, reassure your parent: Medicare does not freeze coverage, does not request SSN + Medicare# + bank in the same message, and does not contact by SMS. Any real Medicare action is on the member's medicare.gov account, and 1-800-MEDICARE is the only real verification number.",,IRS/Medicare scams use SMS or phone_call in Mandarin (occasionally English); lever is authority_deference because the scam impersonates US federal agencies; cross_demo_edge rows target both elder and adult-child simultaneously.
cdef-202,"Mrs. Chen, this is Agent Robert Kim from the IRS Criminal Investigation Division. We're calling you directly because your mother Mrs. Li has failed to respond to three certified letters regarding unpaid taxes of $6,230. As her listed emergency contact, you can resolve this immediately on her behalf to prevent her arrest. We accept wire transfer or prepaid debit cards. If you confirm payment today we'll close the case without filing charges.",-,scam,fraud,irs_medicare_chinese,english,romanized,phone_call,adult_child_caregiver,filial_piety,"authority_impersonation,urgency_manipulation,advance_fee",original,hang_up_and_verify,"IRS Criminal Investigation impersonation targeting the adult child to pay for the parent — the shame-weaponized variant. Red flags: (1) IRS CI investigates criminal tax fraud and does not call adult children offering to close cases, (2) IRS never accepts prepaid debit cards, (3) 'prevent arrest' framing is textbook scam pressure, (4) no real tax resolution happens by same-day phone wire. Hang up. If you're worried your parent has real tax issues, have them log in to their IRS.gov account (or ask their tax preparer) — any real issue will appear there. IRS CI cases, if ever, arrive via federal agent in person with counsel, not phone calls to adult children.",,IRS/Medicare scams use SMS or phone_call in Mandarin (occasionally English); lever is authority_deference because the scam impersonates US federal agencies; cross_demo_edge rows target both elder and adult-child simultaneously.
cdef-203,"【国税局通知】尊敬的王女士，您2023年度退税$1,835因您银行账户信息已过期退回。请您的女儿(授权家属)通过irs-refund-cn[.]net在24小时内更新您的银行信息，否则退款将于2026年5月1日后永久失效。需要您的SSN末4位同女儿银行账号用来转存。","[IRS notice] Dear Ms. Wang, your 2023 tax refund of $1,835 was returned because your bank account information expired. Please have your daughter (authorized family member) update your bank information within 24 hours via irs-refund-cn[.]net, otherwise the refund will permanently expire after May 1, 2026. Requires the last 4 of your SSN and your daughter's bank account for re-deposit.",scam,fraud,irs_medicare_chinese,mandarin,simplified,sms,cross_demo_edge,authority_deference,"authority_impersonation,credential_theft,urgency_manipulation",original,hang_up_and_verify,"IRS refund-recovery scam targeting the mother-daughter dyad, harvesting the daughter's bank account for the scam's settlement. Red flags: (1) irs-refund-cn[.]net is not a real IRS domain, (2) IRS never asks for a different family member's bank account to route a refund, (3) 'permanent expiration' urgency is manufactured — real undeliverable refunds are issued as paper checks to the last known address. Delete the SMS. If your parent is genuinely owed a refund, it will show up in their IRS.gov account or by paper check. Never enter your own bank account details to receive someone else's refund — that pattern alone identifies fraud.",,IRS/Medicare scams use SMS or phone_call in Mandarin (occasionally English); lever is authority_deference because the scam impersonates US federal agencies; cross_demo_edge rows target both elder and adult-child simultaneously.
cdef-204,妈，我帮您查了您收到那个IRS的短信，100%是骗局——irs-refund-cn.net不是真的IRS网站，真的只有irs.gov。您登陆您自己的IRS.gov account已经确认没有任何pending refund或欠税。我已经把那个链接report到phishing@irs.gov并且帮您block了那个号码。您不用担心。下次收到类似短信，您继续像这次一样——直接forward给我，不要点任何链接。您做得非常对。爱您。,-,safe,legitimate_communication,ordinary_family_message,mandarin,simplified,wechat_1to1,adult_child_caregiver,filial_piety,legitimate_process,negative_space,verify_via_official_channel,"Post-scam affirmation from daughter to mother in Mandarin — pairs with cdef-203. Exemplary caregiver response: fact-checks the phishing domain, logs into the parent's real IRS.gov account to confirm no pending issues, reports the phishing URL to the IRS's real abuse inbox, blocks the number, reinforces the correct behavior ('forward to me, don't click'), and closes with positive affirmation (您做得非常对). Model needs this row as a positive exemplar — it's the demonstrated success loop the entire dataset is trying to build toward.",,"Ordinary family message in mandarin via wechat_1to1 — channel and language are jointly determined by the family's actual communication habits (WeChat for Chinese-speaking families, SMS for English-dominant); lever filial_piety reflects the family relationship, not a manipulation vector; no fraud-adjacent features present."
cdef-205,【微信安全中心】尊敬的王女士，您的微信账号检测到异常登录(IP显示俄罗斯伊尔库茨克)。为保障您同您在美国子女的微信通讯安全，请在2小时内通过WhatsApp添加客服weixin_sec_cn完成身份验证，需提供您的身份证正反面、美国SSN末4位、同您子女的WeChat头像截图。,"[WeChat Security Center] Dear Ms. Wang, an abnormal login on your WeChat account has been detected (IP shows Irkutsk, Russia). To ensure the security of WeChat communications between you and your US-based children, please add customer service weixin_sec_cn on WhatsApp within 2 hours to complete identity verification. Requires: both sides of your ID card, last 4 of your US SSN, and screenshots of your children's WeChat profile photos.",scam,fraud,wechat_subscription_expiry,mandarin,simplified,sms,elder_immigrant,authority_deference,"authority_impersonation,credential_theft,urgency_manipulation",original,hang_up_and_verify,"WeChat-impersonation SMS using family-communication fear to extract the full identity kit plus children's profile photos (which enable follow-on scams impersonating the children). Red flags: (1) Tencent never contacts users on WhatsApp, (2) the 'profile photos of children' request is the downstream setup — scammers use the photos to impersonate the adult children back to the parent, (3) 'Irkutsk, Russia' is a dramatized location designed to trigger fear. Do not add the WhatsApp contact. If any real suspicious login exists, Mom can verify inside WeChat at 我 → 设置 → 账号与安全 → 登录设备管理 and kick out unknown devices herself. If she already shared children's photos, warn the adult children to expect impersonation attempts.",,WeChat VIP-expiry scams use SMS or wechat_1to1 in Mandarin only (platform-native language); lever is authority_deference because the message impersonates Tencent/WeChat official communications.
cdef-206,"【微信支付紧急提醒】尊敬的客户：系统检测到您微信钱包过去6个月累计跨境汇款$8,750已超过个人年度额度$50,000的预警阈值。为避免被中国人民银行上报反洗钱中心，请您于48小时内联系您的国内联系人或子女通过Signal号 wechat_payment_cn 提交合规材料：身份证、美国SSN、国内身份证号、银行流水。未及时处理将冻结钱包功能。","[WeChat Pay Urgent Alert] Dear customer: system detected your WeChat Wallet cumulative cross-border remittance of $8,750 over the past 6 months has exceeded the warning threshold of the $50,000 annual personal quota. To avoid being reported to the PBOC Anti-Money-Laundering Center, please contact your domestic contacts or children within 48 hours via Signal account wechat_payment_cn to submit compliance materials: ID card, US SSN, PRC national ID, bank statements. Failure to process will result in wallet function freezing.",scam,fraud,wechat_subscription_expiry,mandarin,simplified,wechat_1to1,elder_immigrant,fear_of_home_country_authorities,"authority_impersonation,credential_theft,urgency_manipulation",original,hang_up_and_verify,"WeChat Pay AML-framing scam. Weaponizes the real SAFE $50K/year personal outbound limit (real policy, frequently misstated in scams). Red flags: (1) Signal again, (2) the PII harvest is the full cross-border identity theft kit (both nationalities' ID numbers + bank statements), (3) real Tencent handles limit warnings in-app, not by SMS with external contacts. Do not contact the Signal handle, do not submit any documents. If your parent genuinely needs to check her WeChat Pay status, open the app, go to 我 → 钱包 → 额度, and the real limit status is shown. If documents were already shared, both PRC and US identity are now compromised — contact banks in both countries for fraud alerts.",,WeChat VIP-expiry scams use SMS or wechat_1to1 in Mandarin only (platform-native language); lever is authority_deference because the message impersonates Tencent/WeChat official communications.
cdef-207,【微信服务中心】尊敬的客户，您的微信账号因长期未使用将于7日后被系统注销。注销后您同您在中国的家人(包括老家父母)的所有聊天记录、照片、视频将被永久删除。为保留账户，请您的子女协助您在2小时内打+86-400-XXX-XXXX完成验证。,"[WeChat Service Center] Dear customer, your WeChat account will be deactivated by the system in 7 days due to long inactivity. After deactivation, all chat history, photos, videos with your family in China (including parents back home) will be permanently deleted. To preserve the account, please have your children help you call +86-400-XXX-XXXX within 2 hours to complete verification.",scam,fraud,wechat_subscription_expiry,mandarin,simplified,wechat_1to1,adult_child_caregiver,filial_piety,"authority_impersonation,urgency_manipulation",original,hang_up_and_verify,"WeChat deactivation scam targeting the adult child as the 'tech helper' — exploits the caregiver's fear of destroying the parent's connection to her own parents in China. Red flags: (1) WeChat does not deactivate active accounts by SMS 7-day warnings, (2) the 'permanent deletion of family chat history' is calibrated emotional leverage, (3) the 2-hour deadline + +86 number is scam infrastructure. Do not call. If you (the caregiver) want to help your parent verify her account status, open WeChat on her phone → 我 → 设置 — an inactive account at risk of deactivation would show a clear in-app banner, not an SMS. Reassure your parent: her account and family history are safe; the SMS is fake.",,WeChat VIP-expiry scams use SMS or wechat_1to1 in Mandarin only (platform-native language); lever is authority_deference because the message impersonates Tencent/WeChat official communications.
cdef-208,【微信官方】尊敬的用户您好！我们检测到您的微信账号因涉及一起帮助跨境信息诈骗的案件已被公安机关标记，您的账号有永久封号风险。为保护您名誉和您子女的美国绿卡不受影响，请立即添加客服微信 wx_officer_2026 配合调查。仅需提供身份证和绿卡正反面，30分钟内核查完毕即可解除。,"[WeChat Official] Dear user hello! We have detected that your WeChat account has been flagged by public security authorities for involvement in a cross-border information fraud case, your account is at risk of permanent banning. To protect your reputation and your children's US green cards from being affected, please immediately add customer service WeChat wx_officer_2026 to cooperate with the investigation. Just provide your ID and green card (front and back), 30-minute verification and the issue is resolved.",scam,fraud,wechat_subscription_expiry,mandarin,simplified,wechat_1to1,cross_demo_edge,fear_of_home_country_authorities,"authority_impersonation,credential_theft,isolation_tactic",original,hang_up_and_verify,"WeChat-impersonation scam weaponizing a compound fear: PRC public security AND children's US green cards. Red flags: (1) WeChat is not a PRC public security enforcement partner in individual cases, (2) children's green cards are US-adjudicated and cannot be affected by a parent's WeChat activity, (3) green card scans plus Chinese ID is the full PII kit for identity theft. Do not add the WeChat contact, do not send any documents. The 'protecting children's green cards' layer is specifically designed to bypass the usual verification instinct because it creates parent-child-protection urgency. Tell the children immediately if they haven't been told, so they can monitor for fraudulent USCIS filings.",,WeChat VIP-expiry scams use SMS or wechat_1to1 in Mandarin only (platform-native language); lever is authority_deference because the message impersonates Tencent/WeChat official communications.
cdef-209,"尊敬的微信用户王女士：您儿子最近通过微信绑定的信用卡有一笔异常大额交易$3,200被系统拦截。为保护您儿子权益，需要您紧急拨打客服热线+86-21-XXXX-XXXX并通过您的手机验证码核实。请您同您儿子尽快配合，否则卡将被永久冻结。","Dear WeChat user Ms. Wang: a suspicious large-amount transaction of $3,200 on your son's credit card bound to WeChat has been intercepted by the system. To protect your son's interests, please urgently call customer service +86-21-XXXX-XXXX and verify through your mobile phone code. Please coordinate with your son to cooperate quickly, otherwise the card will be permanently frozen.",scam,fraud,wechat_subscription_expiry,mandarin,simplified,sms,cross_demo_edge,filial_piety,"authority_impersonation,credential_theft,urgency_manipulation",original,hang_up_and_verify,"WeChat-impersonation scam using a mother-son-financial-linkage fabrication. Red flags: (1) WeChat Pay's ID binding is per-user — a mother cannot 'protect' her son's card via verification on her phone, (2) 'your mobile code' harvest is the SMS-OTP theft setup that lets scammers bypass 2FA on other accounts, (3) the +86 callback routes through scammer infrastructure. Do not call, do not share any SMS codes. Call your son directly on the number you have for him. If he's never bound a card to WeChat, the message is trivially false. If he has, tell him to log in and check the card status himself through the WeChat app on his phone.",,WeChat VIP-expiry scams use SMS or wechat_1to1 in Mandarin only (platform-native language); lever is authority_deference because the message impersonates Tencent/WeChat official communications.
cdef-210,【银联国际UnionPay International】尊敬的王女士，您持有的银联卡在海外盗刷风险等级升高，建议您的美国授权用户(通常是子女)协助您在24小时内添加Signal客服UP_Overseas_SC完成身份再认证，以免被冻结造成您同家人之间的汇款中断。需要材料：中国身份证、美国授权家属的SSN末4位、一张近期银联卡交易截图。,"[UnionPay International] Dear Ms. Wang, the overseas theft risk level on your UnionPay card has been raised. We recommend your US-based authorized user (typically your children) help you add Signal customer service UP_Overseas_SC within 24 hours to complete identity re-authentication, to prevent a freeze that would interrupt remittances between you and your family. Required materials: Chinese ID, authorized family member's SSN last 4 digits, screenshot of a recent UnionPay card transaction.",scam,fraud,alipay_unionpay_12306_freeze,mandarin,simplified,sms,cross_demo_edge,fear_of_home_country_authorities,"authority_impersonation,credential_theft,urgency_manipulation",original,hang_up_and_verify,"UnionPay cross-border freeze scam using 'authorized family member' framing to pull both generations' PII. Red flags: (1) UnionPay International does not use Signal, (2) 'authorized user's SSN' is a fabricated concept — real UnionPay doesn't authorize US family members on PRC-issued cards this way, (3) the last 4 of SSN plus Chinese ID plus transaction screenshot is the sufficient kit for opening fraudulent US credit accounts. Delete the SMS. If your parent has real UnionPay concerns, log into the real issuing bank's app (ICBC, China Merchants, etc.) to check the card status — any real fraud alert is in the app, not in an SMS with a Signal redirect.",,Payment-platform freeze scams use SMS or phone_call in Mandarin (occasionally Cantonese) because Alipay/UnionPay/12306 are PRC-native platforms; lever is fear_of_home_country_authorities or authority_deference because victims believe a Chinese financial authority can freeze their accounts remotely.
cdef-211,"您好请问是陈阿姨的女儿吗？我这里是支付宝境外合规部的赵经理。您母亲的支付宝账户最近通过您美国账号向她转账美金累计超过外汇管理局规定的个人年度限额$50,000。按反洗钱法我们必须配合调查。因为您母亲不懂英文和法规，建议您作为她的授权家属通过Signal客户端AliPay_overseas_comp 协助她提交材料：您的SSN、护照扫描、最近3个月汇款记录。否则会冻结您母亲的账户。","Hello, is this Auntie Chen's daughter? This is Manager Zhao from Alipay's overseas compliance department. Your mother's Alipay account has received cumulative USD transfers from your US account exceeding the State Administration of Foreign Exchange annual personal limit of $50,000. Under the anti-money-laundering law, we must cooperate with the investigation. Since your mother doesn't understand English or regulations, we recommend you as her authorized family member assist her in submitting materials via Signal client AliPay_overseas_comp: your SSN, passport scan, last 3 months of remittance records. Otherwise your mother's account will be frozen.",scam,fraud,alipay_unionpay_12306_freeze,mandarin,simplified,phone_call,adult_child_caregiver,authority_deference,"authority_impersonation,credential_theft,urgency_manipulation",original,hang_up_and_verify,"Alipay SAFE-compliance scam targeting the adult daughter directly, playing on her caregiver role ('your mother doesn't understand'). Red flags: (1) SAFE's $50K limit is real for PRC residents' outbound flows, not for inbound remittances from US children to parents (which have no such limit on the receiving side), (2) real Alipay doesn't call US daughters through inbound phone and route to Signal, (3) daughter's SSN + passport + remittance records is the US-side complete identity kit. Hang up. Do not add the Signal contact. If your mom has a real compliance question about an Alipay account in China, that's handled inside the Alipay app on her phone and by her Chinese bank — neither requires anything from you in the US.",,Payment-platform freeze scams use SMS or phone_call in Mandarin (occasionally Cantonese) because Alipay/UnionPay/12306 are PRC-native platforms; lever is fear_of_home_country_authorities or authority_deference because victims believe a Chinese financial authority can freeze their accounts remotely.
cdef-212,"【中国铁路12306】尊敬的王先生，您2024年为您母亲购买的火车票预订(北京-上海 G137次，9月20日) 因您美国银行卡拒付被系统标记。请您儿子在24小时内通过https://12306-compliance-zhcn[.]com 完成补缴¥2,100，否则将被列入铁路黑名单影响您家人未来购票。","[China Railway 12306] Dear Mr. Wang, your 2024 train ticket booking for your mother (Beijing-Shanghai G137, September 20) has been flagged by the system due to rejected payment on your US bank card. Please have your son complete a supplemental payment of ¥2,100 via https://12306-compliance-zhcn[.]com within 24 hours, otherwise you'll be placed on the railway blacklist affecting your family's future ticket purchases.",scam,fraud,alipay_unionpay_12306_freeze,mandarin,simplified,sms,cross_demo_edge,filial_piety,"authority_impersonation,urgency_manipulation,advance_fee",original,hang_up_and_verify,"12306 ticket scam weaponizing family-trip planning. Red flags: (1) 12306-compliance-zhcn.com is not a real China Railway domain (real is 12306.cn), (2) real 12306 doesn't maintain overseas blacklists affecting entire families, (3) the 'you bought for your mother last year, son must pay now' multi-generational framing is manufactured complexity designed to bypass verification. Do not click. If your parent or family booked real tickets, any status is visible in the real 12306 app or on 12306.cn — both are free. Any real failed payment is handled by the originating bank, not by a URL in an SMS.",,Payment-platform freeze scams use SMS or phone_call in Mandarin (occasionally Cantonese) because Alipay/UnionPay/12306 are PRC-native platforms; lever is fear_of_home_country_authorities or authority_deference because victims believe a Chinese financial authority can freeze their accounts remotely.
cdef-213,"李先生您好，我是中国工商银行上海分行的李经理。您母亲在上海的养老存款账户(尾号3482)余额人民币¥280,000由于您母亲长期未登录被列入休眠账户，按人民银行规定如6个月内不激活将上缴国库。因为您母亲年纪大了您作为直系亲属在美国可以代为办理，请您在24小时内通过WhatsApp添加我工号 icbc_shanghai_li 安排远程视频认证，需要您SSN、护照、同您母亲的亲属证明。","Hello Mr. Li, this is Manager Li from ICBC Shanghai Branch. Your mother's pension savings account (ending 3482) in Shanghai has a balance of RMB 280,000 but has been placed on the dormant list because your mother has not logged in for a long time. Per People's Bank of China regulations, if not activated within 6 months, it will be handed over to the national treasury. Because your mother is elderly, you as direct family in the US can handle this on her behalf. Please add my employee WeChat icbc_shanghai_li via WhatsApp within 24 hours to arrange remote video authentication, requires your SSN, passport, and proof of kinship to your mother.",scam,fraud,alipay_unionpay_12306_freeze,mandarin,simplified,phone_call,adult_child_caregiver,filial_piety,"authority_impersonation,credential_theft,urgency_manipulation",original,hang_up_and_verify,"ICBC dormant-account scam targeting the adult child as the 'tech-capable family representative.' Red flags: (1) real ICBC does not call US adult children directly, (2) RMB 280,000 (~$38K) is a high-value lure calibrated to feel worth preserving, (3) SSN + passport + kinship proof is the full identity-theft kit, (4) Chinese dormant-account law exists but the resolution is either by the account holder in person at a PRC branch or by a family member in China with documented power of attorney, never by remote video through WhatsApp. Hang up. If there's a real dormant-account concern, call any relative in China and have them check in person at the ICBC branch your mother originally used.",,Payment-platform freeze scams use SMS or phone_call in Mandarin (occasionally Cantonese) because Alipay/UnionPay/12306 are PRC-native platforms; lever is fear_of_home_country_authorities or authority_deference because victims believe a Chinese financial authority can freeze their accounts remotely.
cdef-214,"Hello, this is David calling from Apple Support. We're detecting unusual charges on your Apple ID that look like they came from overseas — specifically from your elderly parent's iPhone that's linked to your Family Sharing. It's $847 so far. To reverse the charges I need to verify your account - please confirm the card number on file and your Apple ID password. We can issue a refund in 24 hours.",-,scam,fraud,fake_customer_service_refund,english,romanized,phone_call,adult_child_caregiver,filial_piety,"authority_impersonation,credential_theft,urgency_manipulation",original,hang_up_and_verify,"Apple Support impersonation targeting the adult child with the Family Sharing pretext. Red flags: (1) Apple does not call customers with account security issues — they push notifications through the device, (2) Apple Support never asks for the Apple ID password or card number verbally, (3) 'your parent's iPhone generated overseas charges' is fabricated alarm. Hang up. If you want to verify, open appleid.apple.com on a known-good device and check purchase history directly, or walk into a real Apple Store with your parent. Family Sharing shows charges in the Screen Time and purchase history — visible without any phone verification.",,Fake refund scams use phone_call in multiple languages targeting both elders and caregivers; lever is authority_deference (impersonating Amazon/Apple/bank) or filial_piety (when routed through the adult child).
cdef-215,"您好陈太太，我这边是您女儿Amy的Venmo客服中心。您女儿刚才给您发了一笔紧急转账$2,400但是因为您账户风控被暂时拦截。因为Amy告诉我们您老人家不熟悉科技，她授权我们直接联系您协助放行。请您在10分钟内告诉我您收到的6位短信验证码完成解锁。","Hello Mrs. Chen, this is Venmo customer service for your daughter Amy. Your daughter just sent you an emergency transfer of $2,400 but the system has temporarily intercepted it due to risk controls on your account. Because Amy told us you're not familiar with technology, she's authorized us to contact you directly to help release it. Please tell me the 6-digit SMS code you received within 10 minutes to complete the unlock.",scam,fraud,fake_customer_service_refund,mandarin,simplified,phone_call,elder_immigrant,filial_piety,"authority_impersonation,credential_theft,urgency_manipulation",original,hang_up_and_verify,"Venmo customer service impersonation using the adult daughter's name as the trust anchor. Red flags: (1) Venmo does not have a customer service team that calls recipients, (2) the 6-digit SMS code is almost certainly a real password-reset or 2FA code being intercepted — handing it over gives the scammer account access, (3) 'your daughter authorized us to contact you' is the trust-hijack mechanic. Hang up immediately. Never share any SMS verification code with anyone who calls you, regardless of who they claim to represent. Call your actual daughter on her real phone number to verify any real transfer — Venmo transfers either go through instantly or get cancelled, not 'held pending verification.'",,Fake refund scams use phone_call in multiple languages targeting both elders and caregivers; lever is authority_deference (impersonating Amazon/Apple/bank) or filial_piety (when routed through the adult child).
cdef-216,"您好王先生，我这里是富国银行(Wells Fargo)反欺诈中心，我叫Linda。您今早用您母亲名义申请的$15,000个人贷款我们检测到异常：IP地址显示在俄罗斯，同您平时登陆地址不符。为避免贷款在您母亲名下诈骗生效，请您紧急协助：(1) 确认您母亲社保号末4位；(2) 登陆您Wells Fargo app后告诉我您当前看到的security code；(3) 授权我们冻结相关账户并安排反欺诈调查员随后联系您。","Hello Mr. Wang, this is Linda from Wells Fargo Anti-Fraud Center. The $15,000 personal loan application filed this morning under your mother's name has triggered an alert: IP shows Russia, different from your usual login location. To prevent the loan being fraudulently taken in your mother's name, please urgently assist: (1) confirm the last 4 of your mother's SSN; (2) log in to your Wells Fargo app and tell me the security code you see currently; (3) authorize us to freeze the related accounts and arrange for an anti-fraud investigator to contact you.",scam,fraud,fake_customer_service_refund,mandarin,simplified,phone_call,adult_child_caregiver,filial_piety,"authority_impersonation,credential_theft,urgency_manipulation",original,hang_up_and_verify,"Wells Fargo impersonation scam targeting the adult child — the escalating-ask pattern. Red flags: (1) real bank fraud departments do not ask customers to read security codes off their banking app (those codes exist precisely to authenticate the caller to the real bank, not vice versa), (2) 'confirm mom's SSN' is an outright theft ask, (3) loan applications require the applicant's own verification, not a son's over the phone. Hang up. Call Wells Fargo using the number on the back of your card or your mother's card — describe the call and ask if any real activity is on file. In-app security codes should never be read aloud to any caller under any circumstances.",,Fake refund scams use phone_call in multiple languages targeting both elders and caregivers; lever is authority_deference (impersonating Amazon/Apple/bank) or filial_piety (when routed through the adult child).
cdef-217,"陈太太您好，我是亚马逊亚太客服中心的Lisa。您儿子最近以您名义下了一个$1,800的订单从中国发出的，但您的信用卡授权出错。为避免您个人信用评分被影响，您儿子建议您配合我们verification流程 — 下载我们的助手app (AnyDesk)，然后告诉我您收到的短信验证码完成refund。","Hello Mrs. Chen, this is Lisa from Amazon Asia-Pacific customer service. Your son recently placed an $1,800 order in your name shipped from China, but your credit card authorization had an error. To avoid affecting your personal credit score, your son suggests you cooperate with our verification flow — download our assistant app (AnyDesk), then tell me the SMS verification code you receive to complete the refund.",scam,fraud,fake_customer_service_refund,mandarin,simplified,phone_call,elder_immigrant,authority_deference,"authority_impersonation,credential_theft",original,hang_up_and_verify,"Amazon-impersonation scam combining remote-access (AnyDesk) with SMS code theft, using the son as the authority anchor. Red flags stacked: (1) Amazon does not have an 'Asia-Pacific customer service' line that calls US residents, (2) no real company ever asks a customer to install AnyDesk or TeamViewer for refunds, (3) combining AnyDesk install with SMS code disclosure gives the scammer full device + account access in minutes, (4) 'your son suggests' is the trust hijack. Hang up, do not download anything, do not share any codes. If this parent has already installed AnyDesk: disconnect from Wi-Fi, uninstall the app, and change all banking passwords from a different device. Call the son directly to confirm nothing was ordered.",,Fake refund scams use phone_call in multiple languages targeting both elders and caregivers; lever is authority_deference (impersonating Amazon/Apple/bank) or filial_piety (when routed through the adult child).
cdef-218,"Hi this is Greg from Chase fraud department. Your father's account shows an unusual wire transfer attempt of $8,500 to a Cayman Islands account. Since you're listed as joint account holder I need to verify your SSN and the last 4 of your debit card to stop it before it clears. This is urgent — we have a 20 minute window.",-,scam,fraud,fake_customer_service_refund,english,romanized,phone_call,adult_child_caregiver,filial_piety,"authority_impersonation,urgency_manipulation,credential_theft",original,hang_up_and_verify,"Chase impersonation scam targeting the adult child as joint account holder. Red flags: (1) Chase fraud never asks for SSN + card last 4 to 'stop' anything — they ask the customer to log into their app or call back on the card's back-of-card number, (2) 20-minute window is manufactured urgency real banks don't impose, (3) Cayman Islands destination is scam narrative drama. Hang up. Call Chase on the back of the card. If any wire is actually pending on your father's account, you'll see it in the app. Real fraud holds are placed by the bank, not by customer verification — if the bank has genuinely stopped something, you don't need to do anything to keep it stopped.",,Fake refund scams use phone_call in multiple languages targeting both elders and caregivers; lever is authority_deference (impersonating Amazon/Apple/bank) or filial_piety (when routed through the adult child).
cdef-219,各位姐妹，我要跟大家分享一个超重要的消息！我跟Jessica姐(美国华人妈妈圈的版主)介绍的华尔街VIP中文投资群两个月了，我initially放入$30K做crypto arbitrage，已经取过一次$8K没有问题，现在账户显示$52K。Jessica姐上周又拉了3个华人妈妈进来，都在赚钱。下周三晚上8点群主Teacher Wang(ex-Goldman)会做免费直播分享策略，名额只有30个，有意私我拉您进入VIP群。这是我们华人在美国能翻身的好机会，不要错过！,"Fellow sisters, I want to share something super important! I joined the Wall Street VIP Chinese Investment Group introduced by Sister Jessica (moderator of the Chinese-American Moms Circle) two months ago. I initially put in $30K for crypto arbitrage, withdrew $8K once with no issues, now my account shows $52K. Sister Jessica pulled in 3 more Chinese moms last week, all making money. Next Wednesday 8pm, group leader Teacher Wang (ex-Goldman) will do a free livestream on strategy, only 30 spots. DM me if interested to be added to the VIP group. This is our opportunity as Chinese in America to rise up — don't miss out!",scam,fraud,pig_butchering_group_chat,mandarin,simplified,wechat_group,elder_immigrant,collectivist_pressure,"guaranteed_returns,sunk_cost_escalation",original,hang_up_and_verify,"Pig-butchering group chat in Mandarin with Jessica-as-trusted-intermediary layer. Red flags: (1) $30K to $52K in two months is physically impossible, (2) 'ex-Goldman' + crypto arbitrage is scam-word-salad, (3) 'our opportunity as Chinese' is the collectivist solidarity lever, (4) 30-spot artificial scarcity. Do not DM, leave or mute the group. Do NOT attempt to warn the poster publicly in the group (backfires through face-saving dynamics). Instead, quietly message any auntie you know privately with a 1-to-1 warning. Verify 'Teacher Wang' on FINRA BrokerCheck — real ex-Goldman advisors have CRD records. The 'introduced by Sister Jessica' detail is likely false too, but even if Jessica is real she's been recruited; she is a victim, not a co-conspirator.",,Pig-butchering group scams use wechat_group in Mandarin with shill participants; lever is collectivist_pressure because the group creates social proof ('everyone else is profiting') to override individual skepticism.
cdef-220,@群里姐妹 好消息！上次我介绍Teacher Chen的黄金期货策略已经在群里有15位姐妹加入VIP群，最早进去的几位姐妹两个月都赚了30%-50%。@王姐 @张姐 @林姐 你们的亲身经历请分享一下。Teacher Chen本周五晚7点在小号群里做免费讲座，只限本群熟人，名额20个。想进的私我。,"@group sisters Good news! Since I introduced Teacher Chen's gold futures strategy, 15 sisters in the group have joined the VIP group. The earliest ones have all earned 30%-50% over two months. @Sister Wang @Sister Zhang @Sister Lin please share your experience. Teacher Chen has a free lecture Friday 7pm in a smaller group, limited to familiar faces in this group, 20 spots. DM me if interested.",scam,fraud,pig_butchering_group_chat,mandarin,simplified,wechat_group,elder_immigrant,collectivist_pressure,"guaranteed_returns,sunk_cost_escalation",original,hang_up_and_verify,"Pig-butchering group chat escalation stage — the '@Sister X share your experience' mechanic creates social proof through tagging (the tagged accounts are typically scammer-controlled shills). Red flags: (1) 30-50% over two months from gold futures is physically impossible, (2) '@'-tagging fellow 'winners' is the coordinated-shill pattern, (3) 20-spot scarcity on top of prior 'VIP' structure. Leave the group. Privately message any auntie you actually know from the group with 1-to-1 warnings. Any real commodity-futures advisor is NFA-registered and findable at nfa.futures.org/basicnet — search 'Chen' and they don't appear there because they don't exist.",,Pig-butchering group scams use wechat_group in Mandarin with shill participants; lever is collectivist_pressure because the group creates social proof ('everyone else is profiting') to override individual skepticism.
cdef-221,"阿姨您之前问过我的那个『华人养老投资群』 — 我今天又收到两个新的群邀请，一个是『硅谷华人妈妈股市俱乐部』，一个是『国泰华人退休基金分享会』。我告诉您：这类WeChat群99%是pig butchering诈骗。真的退休理财咨询只能通过：(1) SEC注册的RIA顾问(用brokercheck.finra.org查CRD)；(2) 您的401(k)/IRA个所在的券商(Fidelity, Schwab, Vanguard)；(3) 免费的NAPFA.org fee-only adviser目录。您如果收到这种WeChat群的邀请请直接reject或者forward给我。",-,safe,legitimate_communication,real_investment_opportunity,mandarin,simplified,wechat_1to1,adult_child_caregiver,collectivist_pressure,legitimate_process,negative_space,verify_via_official_channel,"Adult child proactively educating parent about multiple pig-butchering group-chat lures in Mandarin. Translation: 'Auntie, about that Chinese retirement investment group you asked me about — I received two new group invitations today, one called Silicon Valley Chinese Moms Stock Club, the other Cathay Chinese Retirement Fund Sharing. I'm telling you: 99% of these WeChat groups are pig-butchering scams. Real retirement planning consultation only comes through: (1) SEC-registered RIA advisors (look up CRD at brokercheck.finra.org); (2) the brokerage holding your 401(k)/IRA (Fidelity, Schwab, Vanguard); (3) free NAPFA.org fee-only adviser directory. If you receive this kind of WeChat group invitation, reject or forward to me.' Gold-standard caregiver-education message: names specific scam-group names, contrasts with real advisor verification paths, cross-row-consistent reference to FINRA BrokerCheck and NAPFA. Positive exemplar the model should reinforce.",,Negative-space safe row (real_investment_opportunity) in mandarin via wechat_1to1: no fraud-adjacent features present; exists to teach the model that wechat_1to1 messages in mandarin are overwhelmingly benign.
cdef-222,群友早上好！我Mike从北美华人社区中心来，想跟大家分享一个好机会——我们中心新出的退休人士AI投资培训课程，和斯坦福MBA合作，教您怎么用ChatGPT分析美股。我上个月第一期跟下来两周已经赚$12K，我截屏给大家看。不是卖课，是我们中心的内部群限额。2月28日前进群免费试用，之后收费$688/月。有兴趣的请@Mike留言，我私信拉您进群。,"Good morning group! I'm Mike from the North American Chinese Community Center, want to share a great opportunity — our center's new AI investment training course for retirees, partnered with Stanford MBA, teaches you how to use ChatGPT to analyze US stocks. I followed the first cohort last month for two weeks and already earned $12K, I'll screenshot for everyone to see. Not selling a course — it's our center's internal group with limited quota. Join before Feb 28 for a free trial, then $688/month. DM @Mike if interested and I'll pull you into the group.",scam,fraud,pig_butchering_group_chat,mandarin,simplified,wechat_group,elder_immigrant,collectivist_pressure,"guaranteed_returns,authority_impersonation",original,hang_up_and_verify,"Pig-butchering variant weaponizing AI/ChatGPT hype and fake community-center credential. Red flags: (1) 'North American Chinese Community Center' is generic-sounding enough to be confused with many real 501(c)(3) orgs, but no real community center partners with Stanford MBA on AI stock trading, (2) $12K in two weeks is impossible, (3) $688/month subscription after 'free trial' is the sunk-cost extraction setup, (4) the DM funnel to VIP group is universal scam architecture. Do not DM Mike. Verify any claimed community-center investment program by calling the center directly through its real phone (nonprofit centers are listed on guidestar.org or propublica.org/nonprofits). Real community centers do not run stock-trading courses for a monthly fee.",,Pig-butchering group scams use wechat_group in Mandarin with shill participants; lever is collectivist_pressure because the group creates social proof ('everyone else is profiting') to override individual skepticism.
cdef-223,姐姐妈妈转给我这条信息：『美国政府开始审查华人老年人Medicare账户，请您紧急配合我们警察华裔小组的调查，需要子女授权代表…』你见过这种吗？妈已经很担心了，我跟她说是假的，但她一直问我能不能至少call那个号码确认下。,-,ambiguous,edge_case,forwarded_from_parent_confusion,mandarin,simplified,wechat_1to1,adult_child_caregiver,fear_of_home_country_authorities,"authority_impersonation,urgency_manipulation",edge_case,verify_via_official_channel,"Sibling-to-sibling caregiver discussion about a forwarded Medicare scam — captures the real caregiver dynamic where an elder remains anxious even after being told a scam is fake. Translation: 'Sister, Mom forwarded me this: US government is beginning to review Chinese elderly Medicare accounts, please urgently cooperate with our police Chinese heritage unit investigation, need children's authorized representative... Have you seen this? Mom is already very worried, I told her it's fake but she keeps asking if she can at least call the number to confirm.' The edge-case quality: the caller is asking for guidance not just on the scam but on managing the parent's anxiety. The answer is: do NOT let her call the number even to 'just confirm' — scammers are trained to re-engage callers who open the door. Instead, call Medicare's real line (1-800-MEDICARE) together on speakerphone so Mom can hear a real agent confirm there's no issue. This satisfies her need for confirmation without exposing her to the scam operation.",,Ambiguous forwarded message: insufficient context to classify; channel wechat_1to1 and language mandarin are plausible for both scam and legitimate; the model should express uncertainty rather than forcing a verdict.
cdef-224,妈，今天您说收到IRS发的短信，我想您知道：这类短信99%都是骗的。真的IRS从来不会通过短信联系您。我做了以下几件事帮您防范：(1) 装了Truecaller app到您iPhone，可以自动标记已知诈骗号码；(2) 把您iPhone设成只接受通讯录里的电话，不认识的号码静音；(3) 设置家庭safe word是妈咪外婆的名字加年份——任何电话说自己是我，您先问safe word。这些防护弄好了您不用再担心那些电话。,-,safe,legitimate_communication,ordinary_family_message,mandarin,simplified,wechat_1to1,adult_child_caregiver,filial_piety,legitimate_process,negative_space,verify_via_official_channel,"Caregiver proactive scam-prevention setup in Mandarin. Adult daughter installs Truecaller, configures iPhone to silence unknown callers, and establishes a family safe word. Translation of ending: 'Set our family safe word to Grandma's name plus the year — any phone call that claims to be me, you ask for the safe word first. With these protections in place you don't need to worry about those calls anymore.' The family safe word is the single most effective defense against AI-voice-cloning grandchild scams and is mentioned in multiple scam-row completions above; this row demonstrates actually setting one up. Positive exemplar.",,"Ordinary family message in mandarin via wechat_1to1 — channel and language are jointly determined by the family's actual communication habits (WeChat for Chinese-speaking families, SMS for English-dominant); lever filial_piety reflects the family relationship, not a manipulation vector; no fraud-adjacent features present."
cdef-225,妈咪，听您说今早Ranch 99停车场那个『中医张教授』又过来了。我帮您调查了一下——加州中医局(California Acupuncture Board)网站上根本找不到任何叫『张振华』的注册执照，所以他自称北京协和退休专家是假的。下次您看到他请直接走开不要理他，或者告诉Ranch 99保安这个人在骚扰老人家。您卖给他的那盒不要再吃，我周末带您去真正的Dr. Wong做一次血液检查确认您肝肾功能正常。,-,safe,legitimate_communication,ordinary_family_message,mandarin,simplified,wechat_1to1,adult_child_caregiver,filial_piety,legitimate_process,negative_space,verify_via_official_channel,"Post-encounter caregiver investigation of a Mandarin street-medicine scammer. Translation: 'Mom, about that Professor Zhang of TCM who approached you at Ranch 99 parking lot again this morning — I looked him up, the California Acupuncture Board website has no registered license for anyone named Zhang Zhenhua, so his Beijing Union Medical retirement claim is fake. Next time you see him walk away, or tell Ranch 99 security he's harassing seniors. Don't take any more of that supplement you bought from him. I'll take you to the real Dr. Wong this weekend for bloodwork to confirm liver and kidney function are normal.' Advanced caregiving: checks the California Acupuncture Board (real at acupuncture.ca.gov), coaches Mom on future response, involves store security, mitigates possible harm from the supplement already purchased. Positive exemplar row.",,"Ordinary family message in mandarin via wechat_1to1 — channel and language are jointly determined by the family's actual communication habits (WeChat for Chinese-speaking families, SMS for English-dominant); lever filial_piety reflects the family relationship, not a manipulation vector; no fraud-adjacent features present."
cdef-226,妈爸，明天下午三点我会陪您去CCHC做您两位的年度体检，Dr. Lin同姑娘都很熟悉您二位。请记得带：Medicare卡、Kaiser卡(if相关)、现在吃的所有药的药瓶、眼镜。Kaiser跟我说您爸的心脏echo结果正常，不用担心。如果明天早上您想吃早餐，可以吃但不要吃太多糖，因为有部分检查需要空腹两小时。我七点过来接您们。爱您们。,-,safe,legitimate_communication,ordinary_family_message,mandarin,simplified,wechat_1to1,adult_child_caregiver,filial_piety,legitimate_process,negative_space,verify_via_official_channel,"Routine Mandarin adult-child caregiving coordination for the parents' annual physical. The verified signals are rich: CCHC (Chinatown Community Health Center) is a real FQHC serving SF Chinatown, recurring through this dataset at 835 Jackson St with central phone 415-677-7888; Dr. Lin is a named familiar provider (continuity of care matters here); the intake list (Medicare card, Kaiser card if relevant, all current medication bottles, glasses) matches real annual-exam med-reconciliation protocol; the clinical guidance ('OK to eat breakfast but avoid sugar, because some labs require a 2-hour fast') is medically correct for fasting-glucose or lipid panels; and the 7am pickup by the daughter is concrete. No money, no PII request, no link. Confidence check: the parents can independently confirm the 3pm appointment by calling CCHC at 415-677-7888 (from a number looked up on cchrchealth.org rather than from this message) or through their CCHC patient portal at mychart.cchrchealth.org; dad's heart echo result can be verified via his Kaiser portal at kp.org. Real medical-coordination messages give a time, a prep list, and a callback number — they never ask the recipient to 'confirm' by replying with a Medicare number.",,"Ordinary family message in mandarin via wechat_1to1 — channel and language are jointly determined by the family's actual communication habits (WeChat for Chinese-speaking families, SMS for English-dominant); lever filial_piety reflects the family relationship, not a manipulation vector; no fraud-adjacent features present."
cdef-227,姐，妈昨晚跟我打电话说她接到一个自称Kaiser的电话要她confirm她的Medicare number，她差点信了但最后挂了。我今天上午打了她真实的Kaiser会员服务号码(1-800-464-4000)confirm她的账户没有任何可疑活动，然后帮她把手机设置成silence unknown callers。她当时很自责没有第一时间挂，我跟她说您做的完全正确——挂断然后跟我说，这正是我们train过的反应。她心情好多了。,-,safe,legitimate_communication,ordinary_family_message,mandarin,simplified,wechat_1to1,adult_child_caregiver,filial_piety,legitimate_process,negative_space,verify_via_official_channel,"Sibling caregiver report on mom's scam-encounter handling in Mandarin. Translation: 'Sis, Mom called me last night saying she got a call from someone claiming to be Kaiser asking her to confirm her Medicare number — she almost believed but finally hung up. I called her real Kaiser member services (1-800-464-4000) this morning to confirm her account has no suspicious activity, then helped her set her phone to silence unknown callers. She was blaming herself for not hanging up immediately, I told her she did completely right — hung up and then told me, that's exactly the response we'd trained. She felt much better afterward.' The key caregiver move: explicit affirmation of the elder's correct behavior despite her self-blame. Shame drives elder scam non-reporting; this row models the affirmation antidote.",,"Ordinary family message in mandarin via wechat_1to1 — channel and language are jointly determined by the family's actual communication habits (WeChat for Chinese-speaking families, SMS for English-dominant); lever filial_piety reflects the family relationship, not a manipulation vector; no fraud-adjacent features present."
cdef-228,妈，我帮您查了您收到微信的那个『微信官方』消息——是假的。腾讯不会通过短信或任何聊天程序联系用户。真的微信安全通知只会在微信app内显示。我帮您把那个联系人block掉了，您的微信账号是安全的。如果您看到任何自称微信官方、腾讯、支付宝的消息要您提供身份证、银行卡、或SSN，一律是骗人的。您这次forward给我处理做得很对。,-,safe,legitimate_communication,ordinary_family_message,mandarin,simplified,wechat_1to1,adult_child_caregiver,authority_deference,legitimate_process,negative_space,verify_via_official_channel,"Adult-child message to mother in Mandarin affirming correct forwarding behavior after a fake 'WeChat Official' contact. The child states the operative rule correctly: Tencent's real WeChat security notifications appear only inside the WeChat app under 设置 → 帐号与安全 → 账号保护 — never by SMS, phone call, email, or any third-party chat platform. The bad contact has already been blocked, the account is confirmed safe, and any future message claiming to be 'WeChat Official,' 'Tencent,' or 'Alipay' demanding an ID card, bank card, or SSN is by construction fraudulent. Confidence check for mom: if another suspicious 'official' message arrives, open the WeChat app directly, go to 帐号与安全 yourself — if nothing shows there, the outside message is fake. Positive exemplar: the child reinforced the right behavior (forward suspicious messages to family first) without shaming mom for almost being fooled.",,"Ordinary family message in mandarin via wechat_1to1 — channel and language are jointly determined by the family's actual communication habits (WeChat for Chinese-speaking families, SMS for English-dominant); lever authority_deference reflects the family relationship, not a manipulation vector; no fraud-adjacent features present."
cdef-229,"妈，您女儿Amy下周六Stanford毕业典礼，我已经order了两束花送到您家，您穿那件粉色外套就好。仪式从9点开始,我们7点从您家出发。典礼结束之后我们一家去Olive&Vine吃午饭庆祝。Amy想让您奶奶在台湾看直播，我已经把Stanford的YouTube livestream链接发给您表弟让他帮她设置。这是大家都很期待的一天。",-,safe,legitimate_communication,ordinary_family_message,mandarin,simplified,wechat_1to1,elder_immigrant,filial_piety,legitimate_process,negative_space,verify_via_official_channel,"Ordinary Mandarin family message about a daughter's Stanford graduation logistics — a dense real-world plan with zero fraud adjacency. The verified signals: Stanford Commencement is a real public event with a real livestream at commencement.stanford.edu (streamed on YouTube annually); Olive & Vine is a real Palo Alto restaurant (oliveandvine.com, on University Ave); the 7am departure for a 9am ceremony on the Stanford campus is realistic given Bay Area traffic and Commencement parking protocols; and a cousin helping Amy's Taiwan grandmother set up a YouTube livestream is the exact cross-generational tech-support pattern real immigrant families use. No money moves, no SSN, no external link requiring PII. Confidence check: if mom wants to verify, she can independently look up commencement.stanford.edu and Olive & Vine on Google Maps; neither requires any personal info. The flower order is already placed by the daughter — nothing is required from mom except to show up in the pink jacket. Family celebration messages don't need active verification; the rule is simply: if any follow-up asks mom to send money or share card numbers to 'secure the reservation,' call the daughter on the known number first.",,"Ordinary family message in mandarin via wechat_1to1 — channel and language are jointly determined by the family's actual communication habits (WeChat for Chinese-speaking families, SMS for English-dominant); lever filial_piety reflects the family relationship, not a manipulation vector; no fraud-adjacent features present."
cdef-230,"尊敬的纳税人您好：您2024年度联邦报税已经被IRS接收处理(EFW确认号码 1234-567-89-0 — 这是您CPA张会计师在4月15日给您的确认号)。您的预期退税$2,100将在21个工作日内直接存入您申报表上指定的Chase账户(尾号3827)。任何问题请登陆您现有的IRS.gov账号或联系您的CPA。IRS从不会通过电话、短信、或电邮要求您的社会安全号或银行信息。",-,safe,legitimate_communication,real_irs_notice,mandarin,simplified,mail,elder_immigrant,authority_deference,"legitimate_process,verified_source",contrast,verify_via_official_channel,"Legitimate IRS processing confirmation delivered by mail (Mandarin translation) to an elder immigrant who e-filed through her own CPA. Every signal is accurate: EFW stands for Electronic Funds Withdrawal, a real IRS e-file concept; the 10-digit confirmation format (1234-567-89-0) matches how tax software returns a filing confirmation; an accepted-return-plus-refund letter is standard IRS mail; 21 business days is the correct refund-timing window; Chase is a real bank; the account ending in 3827 matches the one on the return, so nothing new is being collected; the CPA 張會計師 is the taxpayer's own professional (named to reinforce that the message is about their existing relationship); and the explicit 'IRS never contacts you by phone, text, or email to ask for SSN or bank info' disclaimer matches real IRS anti-fraud guidance. Confidence check: Ms. Wang can verify her refund independently at irs.gov/refunds using only her SSN, filing status, and expected refund amount (all of which she already knows), or call her CPA 張會計師 directly on the known phone number to confirm the EFW confirmation number matches. Contrast with cdef-198/199/200/201/202/203 (IRS scam originals in the dataset): real IRS contact is always by mail first; 'no action required — informational only' is the tell.",,"Contrast twin of irs_medicare_chinese: shares surface features (channel=mail, language=mandarin, authority tone) but differs in the causal feature — verifiable institutional identity, absence of fund-transfer demand, or presence of known family context. The model must learn that mail + mandarin + authority language does NOT determine fraud; the causal features do."
cdef-231,【中国移动官方】尊敬的王女士：您的中国移动国际漫游号码+86-139-XXXX-XXXX 本月账单¥128 RMB，已于4月10日从您绑定的Visa卡扣款成功。如果您下个月去美国不再需要国际漫游服务，可以在微信内搜索『中国移动国际』公众号自助办理。明细请登陆10086.cn个人中心查阅。,-,safe,legitimate_communication,real_platform_notice,mandarin,simplified,sms,elder_immigrant,authority_deference,"legitimate_process,verified_source",contrast,verify_via_official_channel,"Legitimate China Mobile international-roaming billing SMS. Every signal points to a real carrier message: China Mobile is the largest PRC mobile operator; 10086.cn is its real self-service portal and 10086 is the official customer-service short code; the 中国移动国际 WeChat public account is a genuine verified Tencent account (search for it inside WeChat and look for the blue 'V' verification mark); the ¥128 auto-debit from the already-bound Visa requires no new payment action from the customer; and the 'self-serve cancel next month via WeChat' option uses her existing relationship, not a new link. No urgency, no external form, no Signal/WhatsApp pivot. Confidence check: Ms. Wang should verify by logging into 10086.cn under her existing credentials or opening the China Mobile app she already has, and checking the April bill for the exact ¥128 charge — never by tapping any link embedded in an SMS. Contrast with cdef-108 (fake China Mobile scam): real carrier bills push customers to their own existing accounts, while fake ones route through new links, demand urgency, or move to third-party chat.",,"Contrast twin of wechat_subscription_expiry: shares surface features (channel=sms, language=mandarin, authority tone) but differs in the causal feature — verifiable institutional identity, absence of fund-transfer demand, or presence of known family context. The model must learn that sms + mandarin + authority language does NOT determine fraud; the causal features do."
cdef-232,"Dear Ms. Wang, your Anthem Blue Cross HMO 2025 annual statement is enclosed. Total claims processed: 9. Total plan paid: $4,823. Your total paid (copays at visit): $285 (all already paid). No action required — informational only. Review claims at anthem.com using your existing member account, or call member services at the number on the back of your membership card. We will never ask for your SSN, bank information, or passwords.",-,safe,legitimate_communication,real_health_insurance_notice,english,romanized,mail,elder_immigrant,authority_deference,"legitimate_process,verified_source",contrast,verify_via_official_channel,"Legitimate Anthem Blue Cross HMO 2025 year-end statement delivered by mail. The verified signals: Anthem is a real national insurer; the statement format (9 claims, $4,823 plan paid, $285 member paid via copays already collected) matches a real EOB summary; it directs the member to anthem.com using her EXISTING account and to the phone number printed on the back of her physical membership card; and it carries the explicit 'we will never ask for your SSN, bank information, or passwords' disclaimer that real insurers include. No payment is requested — the copays are already paid. Confidence check: Ms. Wang should log into anthem.com under her existing credentials, or call Member Services at the number on the back of her card (never a number printed inside the letter), to cross-check the 9 claim entries against her own appointment records. Contrast with the many phone-based health_insurance_claim_fraud originals in the dataset: real EOBs arrive by mail, say 'informational only,' and route you back to the card.",,"Contrast twin of health_insurance_claim_fraud: shares surface features (channel=mail, language=english, authority tone) but differs in the causal feature — verifiable institutional identity, absence of fund-transfer demand, or presence of known family context. The model must learn that mail + english + authority language does NOT determine fraud; the causal features do."
cdef-233,"王女士您好，我是支付宝境外合规部的李经理工号2893。您最近6个月的跨境汇款我们已经审核完毕，一切正常，您2024年度已用额度为$28,400，还有$21,600可用。以下是几个重要提示：(1) 支付宝境外合规从不会主动致电索取您的SSN、PRC身份证、银行密码；(2) 任何通过Signal、WhatsApp自称支付宝客服的全部是骗局；(3) 您对账户有任何疑问请打支付宝app内『帮助』通过系统客服咨询。此次通知无需回复，仅供告知。",-,safe,legitimate_communication,real_payment_platform_notice,mandarin,simplified,wechat_1to1,elder_immigrant,fear_of_home_country_authorities,"legitimate_process,verified_source",contrast,verify_via_official_channel,"Legitimate Alipay International compliance outreach — a proactive anti-scam notice disguised as an audit confirmation. The verified signals: Alipay International (Ant Group's overseas unit) does issue periodic compliance audits for cross-border remitters; the specific quota usage figures ($28,400 of $50,000 used for 2024) are numbers the customer can cross-check inside her own Alipay app; and the message's entire second half is a correct enumeration of what real Alipay will NEVER do — which is exactly what the scam variants in this dataset (notably cdef-211) do: ask for SSN or PRC ID, demand bank passwords, or move the conversation to Signal or WhatsApp. No urgency, no link, no document, no reply requested. Confidence check: Ms. Wang should verify by opening the Alipay app herself → 我的 → 设置 → 安全中心, or by messaging the in-app 系统客服 — never by calling any phone number or Signal handle that claims to represent Alipay, because those channels don't exist for overseas compliance. If any future 'Alipay' message pivots to urgency or Signal, the anti-scam list in this very message is the checklist that identifies it as fraud.",,"Contrast twin of alipay_unionpay_12306_freeze: shares surface features (channel=wechat_1to1, language=mandarin, authority tone) but differs in the causal feature — verifiable institutional identity, absence of fund-transfer demand, or presence of known family context. The model must learn that wechat_1to1 + mandarin + authority language does NOT determine fraud; the causal features do."
cdef-234,妈，您转给我的那个自称『银联国际』要我SSN末4位的短信，我确认是骗局，已经block并report给FTC。真的银联国际联系美国持卡人一律通过您在国内的发卡行(工行/招行/建行etc.) — 他们不会直接打我电话要我的SSN。我今天帮您登陆了您的工商银行app看了您的银联卡账户，余额和交易都正常。谢谢您及时forward给我。,-,safe,legitimate_communication,ordinary_family_message,mandarin,simplified,wechat_1to1,adult_child_caregiver,fear_of_home_country_authorities,legitimate_process,negative_space,verify_via_official_channel,"Adult child post-scam response to mother about a UnionPay scam. Translation: 'Mom, that SMS claiming to be UnionPay International asking for my SSN's last 4, I confirmed it's a scam, already blocked and reported to FTC. Real UnionPay International contacts US cardholders only through your PRC issuing bank (ICBC, CMB, CCB, etc.) — they don't call me directly for my SSN. I logged into your ICBC app today to check your UnionPay card account, balance and transactions are all normal. Thanks for forwarding to me in time.' Positive exemplar response.",,"Ordinary family message in mandarin via wechat_1to1 — channel and language are jointly determined by the family's actual communication habits (WeChat for Chinese-speaking families, SMS for English-dominant); lever fear_of_home_country_authorities reflects the family relationship, not a manipulation vector; no fraud-adjacent features present."
cdef-235,"Hi everyone! Quick reminder that the Sunnyvale Chinese American Senior Center's monthly English conversation circle is this Saturday 10am-12pm at the Community Center (550 E Remington Dr). Free. No registration required. Topic this month: medical appointment vocabulary. Volunteer leaders from Stanford Med School will bring snacks. Questions: call the Senior Center 408-730-7360 (this is the real City of Sunnyvale number, verifiable on sunnyvale.ca.gov).",-,safe,legitimate_communication,real_community_organization,english,romanized,wechat_group,adult_child_caregiver,collectivist_pressure,"legitimate_process,verified_source",contrast,verify_via_official_channel,"Legitimate Sunnyvale Chinese-American Senior Center English conversation-circle announcement in a community WeChat group. Verified signals: 550 E Remington Dr is the real address of the Sunnyvale Senior Center (City of Sunnyvale, Community Services Department); 408-730-7360 is the real Senior Center phone, publicly listed on sunnyvale.ca.gov; the event is free with no registration, which matches the actual city-run program; the vocabulary theme ('medical appointment terms') is exactly the kind of applied-ESL topic the center runs; and Stanford Medical School student-volunteer involvement in Bay Area senior ESL is a well-documented real outreach pattern. Confidence check: any group member can independently verify by typing sunnyvale.ca.gov into a fresh browser and searching 'senior center,' or by driving past 550 E Remington Dr — the building is a large, clearly-signed city facility. Legitimate city senior programs never ask for money, SSN, or insurance info at the door; attendees bring only themselves.",,"Contrast twin of pig_butchering_group_chat: shares surface features (channel=wechat_group, language=english, authority tone) but differs in the causal feature — verifiable institutional identity, absence of fund-transfer demand, or presence of known family context. The model must learn that wechat_group + english + authority language does NOT determine fraud; the causal features do."
cdef-236,妈我来说件有意思的事：今天同事跟我说她妈接到一个『FBI Chinese section』的电话说要冻结她妈的Medicare，她妈差点给了SSN但最后被我同事打电话拦住。这正是我之前跟您说过的那种骗局——FBI没有什么Chinese section，Medicare不会打电话冻结账户。您iPhone上Truecaller我们已经装好了会自动标记这类电话。您继续保持警觉，任何说自己是政府的电话都直接挂，然后call我。,-,safe,legitimate_communication,ordinary_family_message,mandarin,simplified,wechat_1to1,adult_child_caregiver,filial_piety,legitimate_process,negative_space,verify_via_official_channel,"Caregiver-to-mother anti-scam education in Mandarin — a peer anecdote that teaches without shaming. The 'my coworker's mom almost got scammed but my coworker intervened' framing normalizes the threat as common (reducing the mother's embarrassment about her own near-miss) and converts a scare story into concrete behavior. The factual claims are accurate: the FBI has no 'Chinese Section' (its organizational chart is public at fbi.gov/about/leadership-and-structure), and Medicare never phones to 'freeze accounts' — real Medicare contact routes through mail and through your medicare.gov MyAccount, with phone only via 1-800-MEDICARE (1-800-633-4227). Truecaller is a real call-screening app that flags known scam numbers. Confidence check: the operative rule is explicit and easy to follow — any inbound call claiming to be 'government' gets hung up on first, then mom calls the daughter on a known number. If verification is ever needed, the daughter will initiate it through public channels (fbi.gov, medicare.gov) rather than through whoever called. Positive exemplar for teaching scam recognition without inducing general anxiety toward all phone calls.",,"Ordinary family message in mandarin via wechat_1to1 — channel and language are jointly determined by the family's actual communication habits (WeChat for Chinese-speaking families, SMS for English-dominant); lever filial_piety reflects the family relationship, not a manipulation vector; no fraud-adjacent features present."
cdef-237,姐姐，你上周末跟妈说要她watch out for那些『华人投资群』的微信邀请真的帮了大忙。昨晚妈跟我说她当天下午收到了四个不同的群邀请，标题都是xx华人投资、xx华人理财，全部她都reject掉了没点。她说要不是你提醒她可能会curious加了一两个。我今天跟她confirm她做得完全对。,-,safe,legitimate_communication,ordinary_family_message,mandarin,simplified,wechat_1to1,adult_child_caregiver,collectivist_pressure,legitimate_process,negative_space,verify_via_official_channel,"Exemplary Mandarin sibling-caregiver message documenting a successful pre-emption of pig-butchering group recruitment. Verified signals: the previous-weekend briefing by the sister to mom worked exactly as intended — mom identified and rejected four inbound WeChat group invites whose titles ('xx华人投资,' 'xx华人理财') match the documented pig-butchering entry pattern flagged elsewhere in this dataset. Mom rejected all four without clicking; 'might have curiously joined one or two' confirms the intervention was time-critical. Confidence check: mom can verify the rejected invites are gone by opening WeChat → 通讯录 → 新的朋友 (rejected requests don't reappear). The operative rule for all future invites is fixed: any group whose name contains 华人投资 / 华人理财 / 高回报 / 内部消息 / 一对一老师 is by construction fraudulent. Real US-registered financial advisors are verifiable at brokercheck.finra.org; the SEC's investor.gov maintains a public 'Investor Alerts' list that names specific scam operators; neither FINRA nor the SEC ever recruits investors through unsolicited WeChat groups. Multi-caregiver cross-reinforcement (both siblings affirming the same rule to mom) is the gold standard of pig-butchering prevention; positive exemplar row.",,"Ordinary family message in mandarin via wechat_1to1 — channel and language are jointly determined by the family's actual communication habits (WeChat for Chinese-speaking families, SMS for English-dominant); lever collectivist_pressure reflects the family relationship, not a manipulation vector; no fraud-adjacent features present."
cdef-238,妈，我打电话跟Blue Cross confirm了您上个月那个可疑的『理赔电话』是骗局——真的Blue Cross没有任何 $180K 的心脏搭桥理赔在您名下。您的member account和Medicare都正常。您挂电话的反应非常对。我想把这个经历forward到AARP的fraud watch，这样其他华人妈妈也可以提前警惕。您同意吗？,-,safe,legitimate_communication,ordinary_family_message,mandarin,simplified,wechat_1to1,adult_child_caregiver,authority_deference,legitimate_process,negative_space,verify_via_official_channel,"Adult-child post-scam follow-up message to mom in Mandarin — a model exemplar of verification, affirmation, and community-benefit sharing. The daughter has already verified upstream: she called Blue Cross directly (number on the back of mom's card) and confirmed there is no $180K cardiac-surgery claim under mom's name, and that her member account and Medicare are both clean. Mom's instinct to hang up was exactly right; no money moved, no PII leaked. The proposal to share the experience with AARP Fraud Watch respects mom's autonomy by asking permission first — AARP Fraud Watch (aarp.org/fraudwatchnetwork) is a real, free program that accepts community reports at 1-877-908-3360 and uses them to warn others. Confidence check for mom: she can independently log into her Blue Cross portal at anthem.com/bluecross (or whichever plan carrier) or medicare.gov/MyAccount to see her real claim list; the $180K phantom claim will not appear. Real insurers never call about 'claims you didn't file' and demand SSN for verification — that is the signature of the cardiac-surgery scam variant.",,"Ordinary family message in mandarin via wechat_1to1 — channel and language are jointly determined by the family's actual communication habits (WeChat for Chinese-speaking families, SMS for English-dominant); lever authority_deference reflects the family relationship, not a manipulation vector; no fraud-adjacent features present."
cdef-239,妈，新年快乐！今年agenda：除夕夜我哥家做年夜饭，我带红烧排骨同糖醋排骨。大仔说要跟您学包饺子，大仔女儿(您孙女Emma)第一次会上桌。爸让我买那个您爱吃的澳洲龙虾，我已经order了。大年初一我们四家人(我家、哥家、姑姑家、舅舅家)去您家拜年，这是您做的传统，我们继续到您一百岁。爱您妈。,-,safe,legitimate_communication,ordinary_family_message,mandarin,simplified,wechat_1to1,elder_immigrant,filial_piety,legitimate_process,negative_space,verify_via_official_channel,"Ordinary Mandarin Chinese New Year family-gathering message from daughter — a cultural-holiday-specific negative-space row, dense with real family texture. The verified signals: the daughter lists the Lunar New Year Eve (除夕夜) dinner at her brother's house with specific dishes she's bringing (红烧排骨 braised pork ribs and 糖醋排骨 sweet-and-sour ribs, classic Shanghainese/Hu cuisine); a named granddaughter Emma joining the adult table for the first time is a real coming-of-age family moment; dad requesting Australian lobster (matches the pattern of prestige ingredients in Chinese-American New Year meals, already ordered by the daughter herself so no money flows from mom); and the first-day-of-the-year New Year visit (大年初一拜年) with four specific families (her own, brother's, aunt's, uncle's) explicitly continuing a tradition mom founded ('until you're 100'). No money, no PII, no links, no urgency, no authority impersonation. Confidence check: mom can cross-verify by phoning brother, aunt, or uncle directly on their known numbers to confirm their participation — a real family New Year plan is cross-verifiable through multiple relatives. Rows like this teach the model that gathering coordination + named kin + inside-knowledge details (mom's favorite lobster) is the baseline texture of real Chinese family life, not a manipulation pattern.",,"Ordinary family message in mandarin via wechat_1to1 — channel and language are jointly determined by the family's actual communication habits (WeChat for Chinese-speaking families, SMS for English-dominant); lever filial_piety reflects the family relationship, not a manipulation vector; no fraud-adjacent features present."
cdef-240,姐，昨晚妈跟我长聊了30分钟关于scam的。她说最近六个月她至少识别出5个scam — 3个电话她挂了，2个短信她直接forward给我。她问我如果我不在的时候遇到什么特别紧急的怎么办。我跟她说：无论多紧急，先挂电话/不回短信，然后call我；如果联系不到我就call您；如果都联系不到就call Kaiser nurse line(1-800-464-4000)问任何医疗相关的，或者call我们信任的邻居Auntie Lin。她点头说记住了。,-,safe,legitimate_communication,ordinary_family_message,mandarin,simplified,wechat_1to1,cross_demo_edge,filial_piety,legitimate_process,negative_space,verify_via_official_channel,"Two-sibling Mandarin caregiver-coordination message documenting the mother's scam-recognition track record (5 caught in 6 months: 3 hung-up calls + 2 forwarded SMSes) and the explicit verification fallback hierarchy she's been taught. The hierarchy is correct and uses real resources: first hang up or stop replying, then call the closest adult child, then call the sibling, then call Kaiser's 24/7 nurse line at 1-800-464-4000 for anything medical (real, verifiable on kp.org), then fall back to a trusted named neighbor (Auntie Lin, in-person relationship). No step requires mom to share Medicare, SSN, or banking details with anyone she hasn't known in person. Confidence check: mom can cross-verify Kaiser's nurse line by logging into kp.org under her existing member account, where the same 1-800-464-4000 appears under Member Services → Contact. AARP Fraud Watch (877-908-3360) is a useful add as a last-resort free helpline for reporting attempted scams. Advanced caregiving exemplar: pre-built verification hierarchy + documented track record builds elder confidence, which is itself the strongest defense against the isolation-and-urgency lever that every scam variant in this dataset exploits.",,"Ordinary family message in mandarin via wechat_1to1 — channel and language are jointly determined by the family's actual communication habits (WeChat for Chinese-speaking families, SMS for English-dominant); lever filial_piety reflects the family relationship, not a manipulation vector; no fraud-adjacent features present."
cdef-241,尊敬的王女士：您在Chinatown Community Health Center (835 Jackson St) 的年度综合体检已经安排在下周五5月22日下午1点半。请您带Medicare卡、您所有现在服用药物的药瓶、眼镜、助听器(如有)。翻译员已为您安排。检查预计90分钟。如需改期请打415-677-7888。此次体检Medicare全额cover，无需任何自费。,-,safe,legitimate_communication,real_medical_appointment,mandarin,simplified,sms,elder_immigrant,authority_deference,"legitimate_process,verified_source",contrast,verify_via_official_channel,"Legitimate Chinatown Community Health Center (CCHC) annual-physical confirmation SMS in Mandarin. Every detail is real and independently verifiable: 835 Jackson Street is the main CCHC campus in SF Chinatown; 415-677-7888 is the real CCHC central appointment line; the prep list (Medicare card + all medication bottles for med reconciliation + glasses + hearing aids) matches standard geriatric-primary-care intake protocol; pre-arranging a Mandarin translator is a core CCHC service; and the 'Medicare covers this visit fully, no self-pay' statement is accurate — annual wellness visits are 100% covered under Medicare Part B with an in-network provider. Confidence check: Ms. Wang can independently confirm by typing cchrchealth.org into her browser and calling the number listed there (which will match 415-677-7888); never call any number from a text without cross-checking. Real medical-appointment texts deliver a date, a prep list, and a callback number — they never demand payment, SSN, or card details in the confirmation. Contrast this with medical-emergency impersonation scams that manufacture urgency.",,"Contrast twin of health_insurance_claim_fraud: shares surface features (channel=sms, language=mandarin, authority tone) but differs in the causal feature — verifiable institutional identity, absence of fund-transfer demand, or presence of known family context. The model must learn that sms + mandarin + authority language does NOT determine fraud; the causal features do."
cdef-242,【加州机动车部DMV】尊敬的王女士，您的驾照将于2026年7月20日到期需要更新。您可以：(1) 在线更新 dmv.ca.gov(如eligible) (2) 在 DMV office预约(提前填好DL 44表格)。DMV从不会通过短信要求您的社会安全号或银行信息。续照费用$41，在DMV office支付现金或信用卡。有问题打1-800-777-0133(真实DMV客服)。,-,safe,legitimate_communication,real_platform_notice,mandarin,simplified,sms,elder_immigrant,authority_deference,"legitimate_process,verified_source",contrast,verify_via_official_channel,"Legitimate California DMV license-renewal notice in Mandarin. Every signal is real and independently verifiable: dmv.ca.gov is the only official California DMV domain; Form DL 44 is the actual driver-license application form; the $41 renewal fee is the correct 2025–2026 amount for an adult non-commercial license; 1-800-777-0133 is the real California DMV public customer-service hotline; and the explicit 'DMV never asks for SSN or bank info via SMS' disclaimer matches DMV anti-fraud messaging. No link is embedded in the SMS — the customer is expected to type dmv.ca.gov into her own browser. Confidence check: Ms. Wang should independently type dmv.ca.gov into a fresh browser tab (never click a link from any text message) and log in under her existing account, or call 1-800-777-0133 back after cross-checking the number on dmv.ca.gov/portal/contact. Real DMV contact never routes through Signal or WhatsApp, never accepts crypto or wire transfers, and never asks for SSN or card numbers via text; contrast with the many government-impersonation scam originals in the dataset.",,"Contrast twin of wechat_subscription_expiry: shares surface features (channel=sms, language=mandarin, authority tone) but differs in the causal feature — verifiable institutional identity, absence of fund-transfer demand, or presence of known family context. The model must learn that sms + mandarin + authority language does NOT determine fraud; the causal features do."
cdef-243,媽，我iChat傳咗FBI官方網頁同你睇（https://www.fbi.gov/how-we-can-help-you/scams-and-safety/common-frauds-and-scams），裡面有中文reference佢哋針對亞裔老人家最常見嘅scams。你如果有空睇下，可以更加識別後面再收到嘅電話。有問題call我，我會陪你一齊讀。,-,safe,legitimate_communication,real_community_organization,mandarin,simplified,wechat_1to1,adult_child_caregiver,filial_piety,"legitimate_process,verified_source",contrast,verify_via_official_channel,"Legitimate adult-child caregiving gesture: the daughter iMessaged a real FBI URL to her Cantonese-speaking mother. The domain fbi.gov/how-we-can-help-you/scams-and-safety/common-frauds-and-scams is a real page on the official FBI site that lists common Asian-elder-targeted scams with multilingual references — .gov is a top-level domain restricted to U.S. federal agencies, so the URL cannot be spoofed. The daughter offers joint reading rather than pressuring action, and asks for nothing in return. Confidence check: mom (or anyone who doubts the link) can independently type fbi.gov into a fresh browser tab — never click the link in chat — and navigate to the same page through the FBI's own site menu. If the address bar shows any other domain, the forwarded link was not the real FBI. Positive caregiving exemplar: educate with public, independently-verifiable resources so the parent can build her own scam-recognition instincts. If a future caller invokes 'the FBI' and demands money, remember the rule from this page — the FBI never phones to collect funds.",,"Contrast twin of pig_butchering_group_chat: shares surface features (channel=wechat_1to1, language=mandarin, authority tone) but differs in the causal feature — verifiable institutional identity, absence of fund-transfer demand, or presence of known family context. The model must learn that wechat_1to1 + mandarin + authority language does NOT determine fraud; the causal features do."
cdef-244,"Hi Mom, the Kaiser home health nurse Maya will come to your house Thursday 10am to check Dad's blood pressure and refill his pill organizer. She's been before — she's the tall one with glasses. Kaiser covers this under his Medicare Part A, no payment needed from you. Just let her in, offer tea, she'll stay about 20 minutes. If anyone else shows up claiming to be 'Kaiser home health' without an appointment we made together, don't let them in — call me.",-,safe,legitimate_communication,real_medical_appointment,english,romanized,sms,adult_child_caregiver,filial_piety,"legitimate_process,verified_source",contrast,verify_via_official_channel,"Legitimate Kaiser home-health visit coordination in English from adult child to mother. Verified signals: named nurse with physical identifying details, prior history, specific coverage (Medicare Part A), explicit door-security rule ('anyone else claiming Kaiser without the appointment we made — don't let in, call me'). The negative rule is what makes this row pedagogically useful — it's exactly the kind of proactive safety framework that prevents door-to-door elder scams.",,"Contrast twin of health_insurance_claim_fraud: shares surface features (channel=sms, language=english, authority tone) but differs in the causal feature — verifiable institutional identity, absence of fund-transfer demand, or presence of known family context. The model must learn that sms + english + authority language does NOT determine fraud; the causal features do."
cdef-245,陈先生您好，我是唐人街东方书店的老板Ada。您上次订的那两本《黄帝内经》中英对照版已经到货，您想找时间过来pick up吗？全款$52您上次已经付了没有balance。我开店到今天下午6点，周二到周六。店址Grant Ave 740号。电话415-989-3381。,-,safe,legitimate_communication,real_community_organization,mandarin,simplified,phone_call,elder_immigrant,none,"legitimate_process,verified_source",contrast,verify_via_official_channel,"Legitimate ordinary small-business follow-up call in Mandarin from a named SF Chinatown bookstore owner. Real-world signals: 740 Grant Ave sits on SF Chinatown's main commercial strip (Eastwind Books of Berkeley's former SF location and Modern Times Bookstore predecessors are in the same corridor); the 415-989 exchange is a real Chinatown prefix; the two books (《黄帝内经》 bilingual edition) are a real niche order for a specialty Chinese bookstore; and crucially, the $52 is already paid — the call has a zero-dollar balance, so no money flows from Mr. Chen as a result of the conversation. Open hours 10a-6p Tuesday-Saturday are normal retail hours. Confidence check: Mr. Chen can look up the bookstore's number independently on Google Maps or Yelp and call 415-989-3381 back to confirm his order is waiting — never give any card or ID number on the inbound call. The shape of this call — 'come pick up something you already paid for' — is structurally incompatible with fraud; if the caller's tone ever shifts to 'wire a deposit first,' that is the scam variant.",,"Contrast twin of pig_butchering_group_chat: shares surface features (channel=phone_call, language=mandarin, authority tone) but differs in the causal feature — verifiable institutional identity, absence of fund-transfer demand, or presence of known family context. The model must learn that phone_call + mandarin + authority language does NOT determine fraud; the causal features do."
cdef-246,妈，您上次说Dr. Chen建议您开始做太极的事，我报名了您周三上午和周六上午的华埠街坊会太极班，两堂都是免费，地点Portsmouth广场。Mr. Wong教练我见过，很耐心，教学用广东话同普通话都行。您穿舒服的鞋就可以。我周三陪您去第一次适应一下。,-,safe,legitimate_communication,ordinary_family_message,mandarin,simplified,wechat_1to1,elder_immigrant,filial_piety,legitimate_process,negative_space,verify_via_official_channel,"Ordinary Mandarin mother-daughter coordination around a real community tai-chi class. Verified signals: Portsmouth Square is SF Chinatown's main public plaza and the longest-running open-air tai-chi site in the neighborhood; 街坊會 (Chinese Street Association, 415-982-6020) does run free morning tai-chi classes there with volunteer coaches; bilingual Cantonese/Mandarin teaching is a real feature for elder attendees; and the daughter is physically accompanying mom the first session, which is the right caregiving shape. No registration fee, no PII, no link. Confidence check: if mom wants extra confidence, she can call 街坊會 at 415-982-6020 (looked up independently at chinesestreets.org) to confirm Mr. Wong is an active volunteer coach, or simply walk past Portsmouth Square on a Wednesday morning to see the class before committing. Legitimate public-plaza senior programs never collect per-class cash or ID numbers on-site; contrast with any variant where a 'coach' asks for a registration fee — that is the scam.",,"Ordinary family message in mandarin via wechat_1to1 — channel and language are jointly determined by the family's actual communication habits (WeChat for Chinese-speaking families, SMS for English-dominant); lever filial_piety reflects the family relationship, not a manipulation vector; no fraud-adjacent features present."
cdef-247,"姐，妈和爸这个月social security deposit都正常，妈$2,147，爸$1,892，都进了他们的Wells Fargo joint account。Medicare status两人都active到明年3月。我周六过去帮他们review银行statement和家里账单。妈让我跟你说她都正常，不用担心。大仔下周过去陪他们吃晚饭。",-,safe,legitimate_communication,ordinary_family_message,mandarin,simplified,wechat_1to1,adult_child_caregiver,filial_piety,legitimate_process,negative_space,verify_via_official_channel,"Routine sibling-to-sibling Mandarin caregiver status update. The specifics are the legitimacy signal: SSA monthly deposits of $2,147 (mom) and $1,892 (dad) fall in the realistic range for retired individuals with moderate earnings histories; Wells Fargo joint accounts are a standard caregiving setup; Medicare 'active through next March' matches how Medicare Advantage plans display renewal status on the member portal; and a weekend in-person review of statements is the correct caregiving pattern. No PII is shared with any outside party — this entire exchange is between two adult-child siblings about their own parents, a closed family context. Confidence check: the recipient sister can verify SSA benefits at ssa.gov/myaccount (under mom's and dad's own logins with their consent), Medicare status at medicare.gov/MyAccount, and the Wells Fargo deposits via the parents' existing online-banking session. Never share these details via SMS with anyone outside the family. Detailed financial coordination between caregiving siblings is the NORMAL texture of elder caregiving, not a scam signal — this is one of many saturation rows teaching the model to not flag routine sibling financial-status messages as fraud-adjacent.",,"Ordinary family message in mandarin via wechat_1to1 — channel and language are jointly determined by the family's actual communication habits (WeChat for Chinese-speaking families, SMS for English-dominant); lever filial_piety reflects the family relationship, not a manipulation vector; no fraud-adjacent features present."
cdef-248,【美国社会安全局SSA通知】王先生，您近期申请的Medicare第3季度保费减免申请由于IRS国税局最新税单与SSA系统记录不符已被暂停。您需要在72小时内授权您美国出生的女儿(作为您的Power of Attorney代表)通过ssa-medicare-verify[.]org 提交补充材料:您的SSN、您女儿SSN、双方银行账号用以更新记录，否则您的Medicare保费全额恢复并追溯扣款。,"[US Social Security Administration SSA Notice] Mr. Wang, your recent application for Medicare Q3 premium reduction has been suspended because the latest IRS tax record does not match the SSA system record. Within 72 hours, please authorize your US-born daughter (as your Power of Attorney representative) to submit supplementary materials via ssa-medicare-verify[.]org: your SSN, your daughter's SSN, both bank account numbers to update records, otherwise your Medicare premium will be restored to full and retroactively collected.",scam,fraud,irs_medicare_chinese,mandarin,simplified,sms,cross_demo_edge,authority_deference,"authority_impersonation,credential_theft,urgency_manipulation",original,hang_up_and_verify,"SSA-Medicare impersonation scam targeting both generations. Red flags: (1) ssa-medicare-verify.org is not a real SSA URL (real is ssa.gov and medicare.gov), (2) SSA does not coordinate with IRS via a URL submission by Power of Attorney representatives, (3) requesting both generations' SSNs plus bank accounts is the obvious identity-theft kit. Delete the SMS. If your parent has a real Medicare premium-related question, call 1-800-MEDICARE or 1-800-772-1213 (real SSA) directly. Real SSA Power of Attorney is established through paper Form SSA-1696, in person — never by a URL in an SMS.",,IRS/Medicare scams use SMS or phone_call in Mandarin (occasionally English); lever is authority_deference because the scam impersonates US federal agencies; cross_demo_edge rows target both elder and adult-child simultaneously.
cdef-249,【微信支付安全部】紧急通知：您微信绑定的Chase信用卡被检测到境外盗刷风险，系统已暂时限制您的微信支付同转账功能。请您在微信应用内搜索公众号『微信支付安全咨询助手』并添加微信客服 wxp_sec_verify。核实您的身份后6小时内会恢复功能。您的全家(您儿女在美国)均会受您账户冻结影响，请优先处理。,"[WeChat Pay Security Department] Urgent notice: Your WeChat-linked Chase credit card has been detected as at risk of overseas theft, system has temporarily restricted your WeChat Pay and transfer functions. Please search the public account 'WeChat Pay Security Consultant' within the WeChat app and add customer service WeChat wxp_sec_verify. After identity verification, functions will restore within 6 hours. Your entire family (including your children in the US) will be affected by your account freeze, please prioritize.",scam,fraud,wechat_subscription_expiry,mandarin,simplified,wechat_1to1,elder_immigrant,authority_deference,"authority_impersonation,urgency_manipulation,credential_theft",original,hang_up_and_verify,"WeChat Pay family-impact scam. Red flags: (1) real Tencent doesn't route verification through 'add customer service WeChat,' (2) 'family-affected' threat is social-pressure layer, (3) Chase and WeChat don't have integrated fraud detection this way. Do not add the customer service contact. Check real status inside the WeChat app at 我 → 钱包 — any real restriction is shown there, not via DM from a self-proclaimed verifier.",,WeChat VIP-expiry scams use SMS or wechat_1to1 in Mandarin only (platform-native language); lever is authority_deference because the message impersonates Tencent/WeChat official communications.
cdef-250,【建设银行CCB】尊敬的王女士，您持有的我行借记卡(尾号9284)系统监测到您近期从美国进行的跨境转账风险评级为高危(Level 4)。根据人民银行2024新规您的账户已被列入观察名单，需在48小时内提供补充材料：中国身份证正反面、美国护照、美国居住地址证明、SSN用以清洗后解除监控。材料请通过WhatsApp +86-186-XXXX-XXXX发送。,"[China Construction Bank CCB] Dear Ms. Wang, your debit card (ending 9284) with our bank has been monitored with a high-risk rating (Level 4) for recent cross-border transfers from the US. Per People's Bank of China 2024 new rules your account has been placed on the watchlist, requires within 48 hours you provide supplementary materials: Chinese ID front and back, US passport, US residence proof, SSN for clearance to release monitoring. Submit materials via WhatsApp +86-186-XXXX-XXXX.",scam,fraud,alipay_unionpay_12306_freeze,mandarin,simplified,sms,elder_immigrant,fear_of_home_country_authorities,"authority_impersonation,credential_theft,urgency_manipulation",original,hang_up_and_verify,"CCB-impersonation scam combining full PII harvest with PBOC regulatory fear. Red flags: (1) real CCB does not use WhatsApp, (2) '2024 new rules' is invoked to sound regulatory but no such rule creates this workflow, (3) the ID+passport+proof+SSN combo is the complete cross-national identity kit. Delete. Any real CCB issue is resolved through the CCB app on the phone or through a family member visiting a branch in China.",,Payment-platform freeze scams use SMS or phone_call in Mandarin (occasionally Cantonese) because Alipay/UnionPay/12306 are PRC-native platforms; lever is fear_of_home_country_authorities or authority_deference because victims believe a Chinese financial authority can freeze their accounts remotely.
cdef-251,姐妹们！跟着我在@Sister_Jessica 美国华人妈妈圈认识的Teacher Liu 做外汇信贷投资，初始$25K，3个月做到$67K！我已经成功提现两次$20K了，完全没有问题。Teacher Liu是前花旗新加坡private banking的VP，回报非常稳定月息6-8%。他本月开放10个华人姐妹名额，下周日晚8点直播讲解。只给我们中文社区的自己人，不要外传。意愿者DM我，我拉您入VIP群认识Teacher Liu本人。,"Sisters! Following Teacher Liu (met through @Sister_Jessica of the Chinese-American Moms Circle) for forex credit investment, initial $25K, in 3 months grew to $67K! I've successfully withdrawn $20K twice, completely no issues. Teacher Liu is a former Citi Singapore private banking VP, returns very stable at 6-8% monthly. This month he's opening 10 Chinese sisters' spots, Sunday 8pm livestream. Only for our Chinese-community close contacts, don't spread outside. DM me if interested and I'll pull you into the VIP group to meet Teacher Liu in person.",scam,fraud,pig_butchering_group_chat,mandarin,simplified,wechat_group,elder_immigrant,collectivist_pressure,"guaranteed_returns,sunk_cost_escalation",original,hang_up_and_verify,"Pig-butchering group chat with forex credit pretext and Citi private banking credential fabrication. Red flags: (1) 6-8% monthly = ~120% annualized, impossible, (2) no real ex-Citi private banker solicits $25K minimums through WeChat sisterhoods, (3) the exclusive 10-spot framing is artificial scarcity, (4) 'don't spread outside' reinforces the closed-trust-loop architecture pig-butchering operations depend on. Don't DM, leave the group. Verify any forex/credit advisor at the NFA (nfa.futures.org/basicnet) — no real ex-Citi VP is missing from there.",,Pig-butchering group scams use wechat_group in Mandarin with shill participants; lever is collectivist_pressure because the group creates social proof ('everyone else is profiting') to override individual skepticism.
cdef-252,@all 好消息分享！我闺蜜Grace从Teacher Zhao的华人养老稳赢策略群赚了12万，两个月内从$40K做到$156K。 Grace介绍我加入，我初始$50K现在账面已经$91K。Teacher Zhao在Bloomberg做了18年quant，现在退休教华人社区养老钱增值。他这个月新一期只剩8个华人妈妈名额，下周二晚8点试听。有兴趣的阿姨私我，我和Grace都在VIP群里。,"@all Good news to share! My close friend Grace earned $120K from Teacher Zhao's Chinese Retirement Winning Strategy group, grew from $40K to $156K in two months. Grace introduced me, my initial $50K is now $91K on the books. Teacher Zhao worked at Bloomberg as a quant for 18 years, now retired teaching the Chinese community how to grow their retirement money. This month's new cohort has only 8 Chinese mom spots left, trial session Tuesday 8pm. DM me if interested, Grace and I are both in the VIP group.",scam,fraud,pig_butchering_group_chat,mandarin,simplified,wechat_group,elder_immigrant,collectivist_pressure,"guaranteed_returns,sunk_cost_escalation",original,hang_up_and_verify,"Pig-butchering group chat with retirement-targeting framing. Red flags: (1) 4x in two months is impossible, (2) 'Bloomberg quant teaching retirement to Chinese community' is credential-laundering nonsense, (3) 8-spot artificial scarcity + trial session funnel, (4) '@all' spreads to full group. Same counter-advice as pig-butchering group chats above — leave, privately warn any real aunties you know, do not confront in-group. Verify any claimed financial education on NAPFA.org or brokercheck.finra.org.",,Pig-butchering group scams use wechat_group in Mandarin with shill participants; lever is collectivist_pressure because the group creates social proof ('everyone else is profiting') to override individual skepticism.
cdef-253,姐你下周六过来家里吗？妈说想做您和哥最爱吃的水饺。大仔也想跟哥打游戏。爸还是老样子看新闻，但说很久没见大家。如果您能来的话带那罐腐乳过来，妈上次吃完了。,-,safe,legitimate_communication,ordinary_family_message,mandarin,simplified,wechat_1to1,adult_child_caregiver,filial_piety,legitimate_process,negative_space,verify_via_official_channel,"Ordinary Mandarin family-coordination message from a sister planning the next Saturday gathering. The legitimacy signals are dense and mutually-reinforcing: specific favorite foods (水饺 dumplings, 腐乳 fermented tofu) that only family would know, a named nephew (大仔) who wants to game with his uncle, a normal domestic detail (dad watching the news but missing everyone), and a concrete ask to bring a replacement jar of fermented tofu because mom finished hers. There is no money request, no link, no PII, no urgency. No active verification is required for a known-contact family message on WeChat 1-to-1. Confidence check: if any future message in the same thread ever pivots to asking for a wire transfer, a gift card, or an SSN, pause and call the sister on the phone number already saved in your contacts before acting — that is the single rule that catches almost every family-impersonation variant.",,"Ordinary family message in mandarin via wechat_1to1 — channel and language are jointly determined by the family's actual communication habits (WeChat for Chinese-speaking families, SMS for English-dominant); lever filial_piety reflects the family relationship, not a manipulation vector; no fraud-adjacent features present."
cdef-254,妈早上好！今天天气不错。我7点多在Google Maps上看您家到Kaiser只要15分钟，下午2点appointment我中午12点到您家吃饭然后陪您去。您今天记得吃早餐才量血压准确。Kaiser nurse给我电话说Dr. Chen下午3点半还有时间给我们多一点咨询。爱您。,-,safe,legitimate_communication,ordinary_family_message,mandarin,simplified,wechat_1to1,adult_child_caregiver,filial_piety,legitimate_process,negative_space,verify_via_official_channel,"Ordinary Mandarin caregiver morning-logistics message. The legitimacy texture is dense: a specific real HMO (Kaiser Permanente) with a named physician (Dr. Chen), a 2pm appointment confirmed by a Kaiser nurse, a realistic drive time from mom's address pre-checked on Google Maps, a lunch plan, and clinically correct BP-prep guidance (eat breakfast before a blood-pressure reading so your numbers are accurate). No money moves, no links, no PII is requested. Confidence check: mom can independently verify the 2pm appointment by logging into kp.org under her own Kaiser member account, or by calling Kaiser member services at the number printed on the back of her membership card — not any number pasted in chat. This is baseline caregiving texture: if the same chat ever pivots to urgent wire requests or gift-card purchases, that is the scam variant; today's message is the opposite — a daughter absorbing logistics.",,"Ordinary family message in mandarin via wechat_1to1 — channel and language are jointly determined by the family's actual communication habits (WeChat for Chinese-speaking families, SMS for English-dominant); lever filial_piety reflects the family relationship, not a manipulation vector; no fraud-adjacent features present."
cdef-255,姐，妈今天告诉我一件开心事：她参加了街坊会组织的老年健康讲座，学到了很多关于糖尿病管理的东西，讲座医生还免费给她量了血糖，和她自己家里测的数字差不多。她说下次还要去。您周六来的时候可以听她讲讲，她很兴奋。,-,safe,legitimate_communication,ordinary_family_message,mandarin,simplified,wechat_1to1,adult_child_caregiver,filial_piety,legitimate_process,negative_space,verify_via_official_channel,"Ordinary sibling-to-sibling Mandarin message sharing a parent's happy experience at a 街坊會 (Chinese Street Association) senior health lecture. The event matches a real community-health pattern in SF Chinatown: the Chinese Street Association (415-982-6020, Clay St office) co-hosts free diabetes-management talks with CCHC, and the free finger-stick glucose readings they offer are consistent with a licensed nurse or medical-assistant doing on-site screening. Mom's home-meter number matching the lecture reading is the key legitimacy signal — it means a real device was used correctly. No money was requested, no SSN was collected. Confidence check: if the sister wants to verify before encouraging mom to attend again, she can call 415-982-6020 (the association's publicly listed main line, looked up independently on chinesestreets.org) to confirm the next lecture date, or ask CCHC at 415-677-7888 whether they co-sponsor. Zero fraud signals: free community health events never ask seniors for SSN, Medicare number, or cash at the door.",,"Ordinary family message in mandarin via wechat_1to1 — channel and language are jointly determined by the family's actual communication habits (WeChat for Chinese-speaking families, SMS for English-dominant); lever filial_piety reflects the family relationship, not a manipulation vector; no fraud-adjacent features present."
cdef-256,妈咪爸爸，明年是您们金婚50周年，我和姐姐想搞个大聚会。我们查了一下，5月底订Foster City那个Lake House Restaurant包场合适，人数35人可以。我们请了做摄影的Jerry叔叔来拍照，阿姨做司仪。您们只要准备好心情和穿着就可以，其他我们全部handle。您们想邀请谁告诉我名字我发邀请。,-,safe,legitimate_communication,ordinary_family_message,mandarin,simplified,wechat_1to1,elder_immigrant,filial_piety,legitimate_process,negative_space,verify_via_official_channel,"Legitimate Mandarin golden-anniversary planning message from adult children to parents. The verified signals: Lake House Restaurant in Foster City is a real Bay Area event venue (lakehousefc.com, 650-571-5700), 35-guest private-room bookings match its real capacity, a named family photographer (Jerry 叔叔) is doing the pictures, an aunt is MCing, and the framing is the exact opposite of a scam — 'you just prepare your mood and your outfit, we handle everything.' No money is requested from the parents; the children absorb all logistics. Confidence check for the recipient: if you want extra reassurance, call the restaurant directly at the number listed on their public website (not any number pasted into chat) to confirm a May booking under your daughter's name; or call your daughter on the number you already have. Contrast with any 'deposit now or lose the reservation' variant — real family hosts never route payment through the parent.",,"Ordinary family message in mandarin via wechat_1to1 — channel and language are jointly determined by the family's actual communication habits (WeChat for Chinese-speaking families, SMS for English-dominant); lever filial_piety reflects the family relationship, not a manipulation vector; no fraud-adjacent features present."
cdef-257,妈，我今天帮您去市图书馆借了三本中文新书：《活着》、《围城》、《边城》，放在您床头柜上。下周二到期我会帮您renew。图书馆二楼有华人读书会每月第三个周六，全部免费，下次活动六月15号，讨论《活着》。如果您想去我陪您。,-,safe,legitimate_communication,ordinary_family_message,mandarin,simplified,wechat_1to1,elder_immigrant,filial_piety,legitimate_process,negative_space,verify_via_official_channel,"Ordinary Mandarin caregiving message about library pickups and a book club. Every detail is grounded: 活着 by 余华, 围城 by 钱钟书, and 边城 by 沈从文 are three of the most widely-read modern Chinese classics and are carried by the San Francisco Public Library's Chinatown Branch (1135 Powell St) in the Chinese-language collection. The SFPL Chinese Book Club actually meets monthly on the third Saturday, and renewals are free via sfpl.org or 415-355-2888. Confidence check: mom can verify the June 15 meeting by typing sfpl.org into her browser herself (no clicking links) and searching 'Chinese Book Club' — the calendar is public. If she decides not to attend, nothing is lost: there is no registration, no fee, no personal-info requirement. Zero fraud signals — no money, no links, no PII ask, and the daughter has offered to physically accompany her.",,"Ordinary family message in mandarin via wechat_1to1 — channel and language are jointly determined by the family's actual communication habits (WeChat for Chinese-speaking families, SMS for English-dominant); lever filial_piety reflects the family relationship, not a manipulation vector; no fraud-adjacent features present."
cdef-258,姐，妈今早做了体检，医生很满意。A1C稳定在6.3(上次6.5)，胆固醇降到178，血压134/82(稍高但在药物控制范围)。医生让她继续现在的二甲双胍剂量，半年后再查。爸的心脏echo两周后约，我会陪他去。我今天买了新的血压计给他们，那个旧的可能测得不准。,-,safe,legitimate_communication,ordinary_family_message,mandarin,simplified,wechat_1to1,adult_child_caregiver,filial_piety,legitimate_process,negative_space,verify_via_official_channel,"Ordinary sibling-to-sibling Mandarin medical update — the texture of real elder caregiving. Every number lands in a realistic clinical range: A1C 6.3 (down from 6.5) is well-controlled diabetes per the ADA target; total cholesterol 178 is within desirable range; BP 134/82 is Stage-1 hypertension on medication, reasonable for an elder; the continued metformin dose is standard; a 6-month follow-up matches real diabetic primary-care cadence; and dad's upcoming cardiac echo is a realistic cardiology referral timeline. The practical detail (buying a new BP monitor because the old one might be miscalibrated) is specific caregiving texture. No money, no links, no PII. Confidence check: the recipient sister can verify the lab numbers by asking mom for the physical lab report, or by checking the parent's patient portal (Kaiser kp.org, or CCHC mychart.cchrchealth.org) if she has a delegated-caregiver login. Detailed clinical numbers between adult children are a positive signal, not a scam adjacency.",,"Ordinary family message in mandarin via wechat_1to1 — channel and language are jointly determined by the family's actual communication habits (WeChat for Chinese-speaking families, SMS for English-dominant); lever filial_piety reflects the family relationship, not a manipulation vector; no fraud-adjacent features present."
cdef-259,妈，我刚跟Linda(CCHC social worker)打完电话，她确认您可以申请加州的IHSS(In-Home Supportive Services)项目，给您每周最多10小时的免费家居照顾，做饭、洗澡、陪医生。申请全部免费。下周四我陪您一起去CCHC填表。爸也可以一起申请。Medi-Cal cover。,-,safe,legitimate_communication,ordinary_family_message,mandarin,simplified,wechat_1to1,adult_child_caregiver,filial_piety,legitimate_process,negative_space,verify_via_official_channel,"Legitimate caregiver coordination around a real California benefit program. IHSS (In-Home Supportive Services) is a genuine Medi-Cal program administered by each California county; eligible low-income seniors can receive up to ~10 hours/week of in-home care for cooking, bathing, and medical escort, and the application is always free. CCHC social workers routinely help Chinatown seniors enroll — Linda's role is exactly the kind of navigator CCHC employs. Medi-Cal paying is correct: IHSS is funded through Medi-Cal, not out-of-pocket. Confidence check: mom can verify IHSS independently at cdss.ca.gov/inforesources/ihss or by calling San Francisco IHSS directly at 415-557-6200 (publicly listed). CCHC can be reached at 415-677-7888 on cchrchealth.org. Contrast with cdef-110 (fake door-to-door IHSS scam): real IHSS is initiated BY YOU at a county office or through a trusted FQHC social worker, never by a cold caller demanding an upfront fee.",,"Ordinary family message in mandarin via wechat_1to1 — channel and language are jointly determined by the family's actual communication habits (WeChat for Chinese-speaking families, SMS for English-dominant); lever filial_piety reflects the family relationship, not a manipulation vector; no fraud-adjacent features present."
cdef-260,妈，爸今天跟我说他看到您最近一直盯着那个小红书里的『华人幸福理财群』广告看。我想跟您说: 任何广告说月收益5%以上，不管是老乡介绍还是熟人转发，全部是骗局。真的理财月收益最多0.3-0.5%(年化4-6%)。您手里的钱已经够您和爸舒适退休，不需要冒任何风险追高收益。如果您想投资我陪您去Schwab开账户，买index fund安全稳妥。千万不要加那种WeChat群。,-,safe,legitimate_communication,ordinary_family_message,mandarin,simplified,wechat_1to1,adult_child_caregiver,collectivist_pressure,legitimate_process,negative_space,verify_via_official_channel,"Model-exemplar caregiver message preempting pig-butchering recruitment. Every element is correct and pedagogically sharp: the concrete yield benchmarks (0.3–0.5% monthly, 4–6% annualized) map to real high-yield savings and short-term Treasury rates, verifiable at treasurydirect.gov or any FDIC-insured bank's public rate page; the absolute rule ('any monthly return above that is a scam, regardless of who forwarded it') cuts through the 'but Auntie said so' social-proof attack that pig-butchering groups exploit; Charles Schwab is a real brokerage that opens accounts at a physical branch or schwab.com, never through WeChat referral; and index funds are a legitimate low-risk option. The reassurance — 'you already have enough for comfortable retirement, you don't need to chase returns' — removes the financial anxiety that scammers weaponize. Confidence check: mom can verify the benchmark yields independently at treasurydirect.gov (1-year Treasury) or the published APY at any major bank's website. If any '华人幸福理财群' contact ever pressures mom to move money or share card info, the rule in this message identifies it as fraud before a single dollar leaves.",,"Ordinary family message in mandarin via wechat_1to1 — channel and language are jointly determined by the family's actual communication habits (WeChat for Chinese-speaking families, SMS for English-dominant); lever collectivist_pressure reflects the family relationship, not a manipulation vector; no fraud-adjacent features present."
cdef-261,@群友 本月街坊会老年护理志愿者活动：(1)5月18号周六上午10-12点，志愿者陪护独居老人看病(华埠医院区)；(2)5月25号周六早9点，帮老人整理药盒和健康档案(CCHC办公室)。两个活动都有CCHC护士指导，免费培训。有意愿的街坊DM我报名。联系: 415-982-6020 (街坊会官方)。,-,safe,legitimate_communication,real_community_organization,mandarin,simplified,wechat_group,adult_child_caregiver,collectivist_pressure,"legitimate_process,verified_source",contrast,verify_via_official_channel,"Legitimate community-volunteer recruitment announcement in a 街坊會 WeChat group. All signals are verifiable: 街坊會 (the Chinatown Neighborhood Association) is a real SF civic organization; 415-982-6020 is its publicly listed main line on chinesestreets.org; CCHC partnership is real (CCHC nurses do lead medication-organization workshops for seniors, often in their Clay Street or Jackson Street offices); the two dates offer concrete volunteer activities (hospital-district elder escort, and pill-box organization training at CCHC) with no fees and no PII collection. Sign-up is by DM inside an already-known group, not via an outside link. Confidence check: any member can call 415-982-6020 independently (looking the number up on chinesestreets.org rather than trusting the one in chat) to confirm both dates, or walk into 街坊會's Clay St office during business hours. CCHC nurse supervision can be cross-verified at 415-677-7888. Legitimate volunteer drives never require signup fees or bank info — if a future post in the same group asks for payment, that is the scam variant.",,"Contrast twin of pig_butchering_group_chat: shares surface features (channel=wechat_group, language=mandarin, authority tone) but differs in the causal feature — verifiable institutional identity, absence of fund-transfer demand, or presence of known family context. The model must learn that wechat_group + mandarin + authority language does NOT determine fraud; the causal features do."
